6000
0.02000000	2.25867000e-05	1.89303000e-05	0.00000000e+00
0.04000000	2.39357000e-05	1.82136000e-05	0.00000000e+00
0.06000000	2.52762000e-05	1.74178000e-05	0.00000000e+00
0.08000000	2.66040000e-05	1.65419000e-05	0.00000000e+00
0.10000000	2.79152000e-05	1.55850000e-05	0.00000000e+00
0.12000000	2.92053000e-05	1.45462000e-05	0.00000000e+00
0.14000000	3.04700000e-05	1.34250000e-05	0.00000000e+00
0.16000000	3.17049000e-05	1.22212000e-05	0.00000000e+00
0.18000000	3.29053000e-05	1.09346000e-05	0.00000000e+00
0.20000000	3.40666000e-05	9.56531000e-06	0.00000000e+00
0.22000000	3.51839000e-05	8.11360000e-06	0.00000000e+00
0.24000000	3.62525000e-05	6.58008000e-06	0.00000000e+00
0.26000000	3.72675000e-05	4.96555000e-06	0.00000000e+00
0.28000000	3.82238000e-05	3.27109000e-06	0.00000000e+00
0.30000000	3.91166000e-05	1.49804000e-06	0.00000000e+00
0.32000000	3.99407000e-05	-3.52016000e-07	0.00000000e+00
0.34000000	4.06911000e-05	-2.27719000e-06	0.00000000e+00
0.36000000	4.13628000e-05	-4.27532000e-06	0.00000000e+00
0.38000000	4.19507000e-05	-6.34397000e-06	0.00000000e+00
0.40000000	4.24499000e-05	-8.48039000e-06	0.00000000e+00
0.42000000	4.28553000e-05	-1.06816000e-05	0.00000000e+00
0.44000000	4.31621000e-05	-1.29441000e-05	0.00000000e+00
0.46000000	4.33653000e-05	-1.52644000e-05	0.00000000e+00
0.48000000	4.34603000e-05	-1.76386000e-05	0.00000000e+00
0.50000000	4.34424000e-05	-2.00623000e-05	0.00000000e+00
0.52000000	4.33070000e-05	-2.25310000e-05	0.00000000e+00
0.54000000	4.30498000e-05	-2.50399000e-05	0.00000000e+00
0.56000000	4.26665000e-05	-2.75837000e-05	0.00000000e+00
0.58000000	4.21530000e-05	-3.01571000e-05	0.00000000e+00
0.60000000	4.15055000e-05	-3.27542000e-05	0.00000000e+00
0.62000000	4.07204000e-05	-3.53689000e-05	0.00000000e+00
0.64000000	3.97941000e-05	-3.79950000e-05	0.00000000e+00
0.66000000	3.87236000e-05	-4.06257000e-05	0.00000000e+00
0.68000000	3.75058000e-05	-4.32541000e-05	0.00000000e+00
0.70000000	3.61382000e-05	-4.58731000e-05	0.00000000e+00
0.72000000	3.46184000e-05	-4.84752000e-05	0.00000000e+00
0.74000000	3.29443000e-05	-5.10525000e-05	0.00000000e+00
0.76000000	3.11145000e-05	-5.35973000e-05	0.00000000e+00
0.78000000	2.91274000e-05	-5.61014000e-05	0.00000000e+00
0.80000000	2.69822000e-05	-5.85562000e-05	0.00000000e+00
0.82000000	2.46784000e-05	-6.09533000e-05	0.00000000e+00
0.84000000	2.22158000e-05	-6.32838000e-05	0.00000000e+00
0.86000000	1.95946000e-05	-6.55388000e-05	0.00000000e+00
0.88000000	1.68157000e-05	-6.77093000e-05	0.00000000e+00
0.90000000	1.38803000e-05	-6.97859000e-05	0.00000000e+00
0.92000000	1.07899000e-05	-7.17593000e-05	0.00000000e+00
0.94000000	7.54679000e-06	-7.36201000e-05	0.00000000e+00
0.96000000	4.15359000e-06	-7.53588000e-05	0.00000000e+00
0.98000000	6.13473000e-07	-7.69659000e-05	0.00000000e+00
1.00000000	-3.06987000e-06	-7.84317000e-05	0.00000000e+00
1.02000000	-6.89222000e-06	-7.97468000e-05	0.00000000e+00
1.04000000	-1.08488000e-05	-8.09016000e-05	0.00000000e+00
1.06000000	-1.49343000e-05	-8.18866000e-05	0.00000000e+00
1.08000000	-1.91427000e-05	-8.26925000e-05	0.00000000e+00
1.10000000	-2.34678000e-05	-8.33100000e-05	0.00000000e+00
1.12000000	-2.79024000e-05	-8.37300000e-05	0.00000000e+00
1.14000000	-3.24389000e-05	-8.39436000e-05	0.00000000e+00
1.16000000	-3.70692000e-05	-8.39420000e-05	0.00000000e+00
1.18000000	-4.17846000e-05	-8.37168000e-05	0.00000000e+00
1.20000000	-4.65757000e-05	-8.32597000e-05	0.00000000e+00
1.22000000	-5.14326000e-05	-8.25628000e-05	0.00000000e+00
1.24000000	-5.63450000e-05	-8.16186000e-05	0.00000000e+00
1.26000000	-6.13016000e-05	-8.04199000e-05	0.00000000e+00
1.28000000	-6.62912000e-05	-7.89599000e-05	0.00000000e+00
1.30000000	-7.13014000e-05	-7.72322000e-05	0.00000000e+00
1.32000000	-7.63197000e-05	-7.52311000e-05	0.00000000e+00
1.34000000	-8.13330000e-05	-7.29511000e-05	0.00000000e+00
1.36000000	-8.63276000e-05	-7.03874000e-05	0.00000000e+00
1.38000000	-9.12894000e-05	-6.75359000e-05	0.00000000e+00
1.40000000	-9.62038000e-05	-6.43929000e-05	0.00000000e+00
1.42000000	-1.01056000e-04	-6.09554000e-05	0.00000000e+00
1.44000000	-1.05830000e-04	-5.72212000e-05	0.00000000e+00
1.46000000	-1.10510000e-04	-5.31887000e-05	0.00000000e+00
1.48000000	-1.15081000e-04	-4.88571000e-05	0.00000000e+00
1.50000000	-1.19526000e-04	-4.42263000e-05	0.00000000e+00
1.52000000	-1.23827000e-04	-3.92971000e-05	0.00000000e+00
1.54000000	-1.27968000e-04	-3.40711000e-05	0.00000000e+00
1.56000000	-1.31931000e-04	-2.85507000e-05	0.00000000e+00
1.58000000	-1.35700000e-04	-2.27393000e-05	0.00000000e+00
1.60000000	-1.39256000e-04	-1.66412000e-05	0.00000000e+00
1.62000000	-1.42581000e-04	-1.02615000e-05	0.00000000e+00
1.64000000	-1.45659000e-04	-3.60642000e-06	0.00000000e+00
1.66000000	-1.48470000e-04	3.31693000e-06	0.00000000e+00
1.68000000	-1.50998000e-04	1.05004000e-05	0.00000000e+00
1.70000000	-1.53224000e-04	1.79349000e-05	0.00000000e+00
1.72000000	-1.55132000e-04	2.56102000e-05	0.00000000e+00
1.74000000	-1.56703000e-04	3.35151000e-05	0.00000000e+00
1.76000000	-1.57921000e-04	4.16374000e-05	0.00000000e+00
1.78000000	-1.58768000e-04	4.99637000e-05	0.00000000e+00
1.80000000	-1.59228000e-04	5.84797000e-05	0.00000000e+00
1.82000000	-1.59286000e-04	6.71700000e-05	0.00000000e+00
1.84000000	-1.58925000e-04	7.60180000e-05	0.00000000e+00
1.86000000	-1.58131000e-04	8.50064000e-05	0.00000000e+00
1.88000000	-1.56888000e-04	9.41163000e-05	0.00000000e+00
1.90000000	-1.55184000e-04	1.03328000e-04	0.00000000e+00
1.92000000	-1.53005000e-04	1.12622000e-04	0.00000000e+00
1.94000000	-1.50339000e-04	1.21975000e-04	0.00000000e+00
1.96000000	-1.47174000e-04	1.31366000e-04	0.00000000e+00
1.98000000	-1.43499000e-04	1.40770000e-04	0.00000000e+00
2.00000000	-1.39306000e-04	1.50163000e-04	0.00000000e+00
2.02000000	-1.34585000e-04	1.59520000e-04	0.00000000e+00
2.04000000	-1.29329000e-04	1.68815000e-04	0.00000000e+00
2.06000000	-1.23531000e-04	1.78020000e-04	0.00000000e+00
2.08000000	-1.17188000e-04	1.87107000e-04	0.00000000e+00
2.10000000	-1.10293000e-04	1.96049000e-04	0.00000000e+00
2.12000000	-1.02846000e-04	2.04815000e-04	0.00000000e+00
2.14000000	-9.48450000e-05	2.13376000e-04	0.00000000e+00
2.16000000	-8.62901000e-05	2.21701000e-04	0.00000000e+00
2.18000000	-7.71832000e-05	2.29760000e-04	0.00000000e+00
2.20000000	-6.75277000e-05	2.37520000e-04	0.00000000e+00
2.22000000	-5.73285000e-05	2.44951000e-04	0.00000000e+00
2.24000000	-4.65923000e-05	2.52019000e-04	0.00000000e+00
2.26000000	-3.53271000e-05	2.58693000e-04	0.00000000e+00
2.28000000	-2.35431000e-05	2.64940000e-04	0.00000000e+00
2.30000000	-1.12520000e-05	2.70727000e-04	0.00000000e+00
2.32000000	1.53281000e-06	2.76022000e-04	0.00000000e+00
2.34000000	1.47958000e-05	2.80792000e-04	0.00000000e+00
2.36000000	2.85199000e-05	2.85006000e-04	0.00000000e+00
2.38000000	4.26859000e-05	2.88630000e-04	0.00000000e+00
2.40000000	5.72730000e-05	2.91634000e-04	0.00000000e+00
2.42000000	7.22581000e-05	2.93987000e-04	0.00000000e+00
2.44000000	8.76166000e-05	2.95657000e-04	0.00000000e+00
2.46000000	1.03322000e-04	2.96615000e-04	0.00000000e+00
2.48000000	1.19345000e-04	2.96832000e-04	0.00000000e+00
2.50000000	1.35656000e-04	2.96279000e-04	0.00000000e+00
2.52000000	1.52221000e-04	2.94930000e-04	0.00000000e+00
2.54000000	1.69008000e-04	2.92758000e-04	0.00000000e+00
2.56000000	1.85979000e-04	2.89740000e-04	0.00000000e+00
2.58000000	2.03097000e-04	2.85850000e-04	0.00000000e+00
2.60000000	2.20322000e-04	2.81068000e-04	0.00000000e+00
2.62000000	2.37612000e-04	2.75372000e-04	0.00000000e+00
2.64000000	2.54925000e-04	2.68744000e-04	0.00000000e+00
2.66000000	2.72214000e-04	2.61168000e-04	0.00000000e+00
2.68000000	2.89435000e-04	2.52628000e-04	0.00000000e+00
2.70000000	3.06538000e-04	2.43110000e-04	0.00000000e+00
2.72000000	3.23475000e-04	2.32605000e-04	0.00000000e+00
2.74000000	3.40195000e-04	2.21103000e-04	0.00000000e+00
2.76000000	3.56646000e-04	2.08598000e-04	0.00000000e+00
2.78000000	3.72773000e-04	1.95087000e-04	0.00000000e+00
2.80000000	3.88524000e-04	1.80567000e-04	0.00000000e+00
2.82000000	4.03843000e-04	1.65040000e-04	0.00000000e+00
2.84000000	4.18674000e-04	1.48510000e-04	0.00000000e+00
2.86000000	4.32959000e-04	1.30984000e-04	0.00000000e+00
2.88000000	4.46641000e-04	1.12471000e-04	0.00000000e+00
2.90000000	4.59662000e-04	9.29847000e-05	0.00000000e+00
2.92000000	4.71964000e-04	7.25399000e-05	0.00000000e+00
2.94000000	4.83488000e-04	5.11557000e-05	0.00000000e+00
2.96000000	4.94176000e-04	2.88540000e-05	0.00000000e+00
2.98000000	5.03969000e-04	5.66011000e-06	0.00000000e+00
3.00000000	5.12808000e-04	-1.83975000e-05	0.00000000e+00
3.02000000	5.20636000e-04	-4.32871000e-05	0.00000000e+00
3.04000000	5.27396000e-04	-6.89735000e-05	0.00000000e+00
3.06000000	5.33030000e-04	-9.54181000e-05	0.00000000e+00
3.08000000	5.37484000e-04	-1.22579000e-04	0.00000000e+00
3.10000000	5.40703000e-04	-1.50411000e-04	0.00000000e+00
3.12000000	5.42633000e-04	-1.78865000e-04	0.00000000e+00
3.14000000	5.43224000e-04	-2.07889000e-04	0.00000000e+00
3.16000000	5.42425000e-04	-2.37428000e-04	0.00000000e+00
3.18000000	5.40188000e-04	-2.67422000e-04	0.00000000e+00
3.20000000	5.36467000e-04	-2.97809000e-04	0.00000000e+00
3.22000000	5.31219000e-04	-3.28525000e-04	0.00000000e+00
3.24000000	5.24402000e-04	-3.59500000e-04	0.00000000e+00
3.26000000	5.15978000e-04	-3.90662000e-04	0.00000000e+00
3.28000000	5.05912000e-04	-4.21936000e-04	0.00000000e+00
3.30000000	4.94169000e-04	-4.53246000e-04	0.00000000e+00
3.32000000	4.80722000e-04	-4.84509000e-04	0.00000000e+00
3.34000000	4.65545000e-04	-5.15643000e-04	0.00000000e+00
3.36000000	4.48614000e-04	-5.46561000e-04	0.00000000e+00
3.38000000	4.29912000e-04	-5.77175000e-04	0.00000000e+00
3.40000000	4.09425000e-04	-6.07394000e-04	0.00000000e+00
3.42000000	3.87142000e-04	-6.37124000e-04	0.00000000e+00
3.44000000	3.63058000e-04	-6.66271000e-04	0.00000000e+00
3.46000000	3.37171000e-04	-6.94738000e-04	0.00000000e+00
3.48000000	3.09485000e-04	-7.22426000e-04	0.00000000e+00
3.50000000	2.80009000e-04	-7.49235000e-04	0.00000000e+00
3.52000000	2.48755000e-04	-7.75063000e-04	0.00000000e+00
3.54000000	2.15742000e-04	-7.99810000e-04	0.00000000e+00
3.56000000	1.80994000e-04	-8.23371000e-04	0.00000000e+00
3.58000000	1.44541000e-04	-8.45643000e-04	0.00000000e+00
3.60000000	1.06417000e-04	-8.66523000e-04	0.00000000e+00
3.62000000	6.66620000e-05	-8.85906000e-04	0.00000000e+00
3.64000000	2.53230000e-05	-9.03690000e-04	0.00000000e+00
3.66000000	-1.75485000e-05	-9.19772000e-04	0.00000000e+00
3.68000000	-6.18947000e-05	-9.34049000e-04	0.00000000e+00
3.70000000	-1.07652000e-04	-9.46422000e-04	0.00000000e+00
3.72000000	-1.54751000e-04	-9.56790000e-04	0.00000000e+00
3.74000000	-2.03115000e-04	-9.65057000e-04	0.00000000e+00
3.76000000	-2.52664000e-04	-9.71126000e-04	0.00000000e+00
3.78000000	-3.03310000e-04	-9.74906000e-04	0.00000000e+00
3.80000000	-3.54959000e-04	-9.76306000e-04	0.00000000e+00
3.82000000	-4.07513000e-04	-9.75238000e-04	0.00000000e+00
3.84000000	-4.60865000e-04	-9.71621000e-04	0.00000000e+00
3.86000000	-5.14906000e-04	-9.65374000e-04	0.00000000e+00
3.88000000	-5.69519000e-04	-9.56421000e-04	0.00000000e+00
3.90000000	-6.24581000e-04	-9.44691000e-04	0.00000000e+00
3.92000000	-6.79965000e-04	-9.30118000e-04	0.00000000e+00
3.94000000	-7.35538000e-04	-9.12642000e-04	0.00000000e+00
3.96000000	-7.91164000e-04	-8.92206000e-04	0.00000000e+00
3.98000000	-8.46698000e-04	-8.68761000e-04	0.00000000e+00
4.00000000	-9.01993000e-04	-8.42263000e-04	0.00000000e+00
4.02000000	-9.56898000e-04	-8.12675000e-04	0.00000000e+00
4.04000000	-1.01125700e-03	-7.79967000e-04	0.00000000e+00
4.06000000	-1.06490900e-03	-7.44117000e-04	0.00000000e+00
4.08000000	-1.11769100e-03	-7.05107000e-04	0.00000000e+00
4.10000000	-1.16943700e-03	-6.62931000e-04	0.00000000e+00
4.12000000	-1.21997500e-03	-6.17589000e-04	0.00000000e+00
4.14000000	-1.26913400e-03	-5.69088000e-04	0.00000000e+00
4.16000000	-1.31673800e-03	-5.17447000e-04	0.00000000e+00
4.18000000	-1.36261000e-03	-4.62691000e-04	0.00000000e+00
4.20000000	-1.40657300e-03	-4.04854000e-04	0.00000000e+00
4.22000000	-1.44844600e-03	-3.43981000e-04	0.00000000e+00
4.24000000	-1.48805100e-03	-2.80125000e-04	0.00000000e+00
4.26000000	-1.52520500e-03	-2.13350000e-04	0.00000000e+00
4.28000000	-1.55973000e-03	-1.43727000e-04	0.00000000e+00
4.30000000	-1.59144500e-03	-7.13416000e-05	0.00000000e+00
4.32000000	-1.62017400e-03	3.71525000e-06	0.00000000e+00
4.34000000	-1.64574000e-03	8.13400000e-05	0.00000000e+00
4.36000000	-1.66796800e-03	1.61419000e-04	0.00000000e+00
4.38000000	-1.68668700e-03	2.43830000e-04	0.00000000e+00
4.40000000	-1.70173100e-03	3.28438000e-04	0.00000000e+00
4.42000000	-1.71293400e-03	4.15100000e-04	0.00000000e+00
4.44000000	-1.72013800e-03	5.03661000e-04	0.00000000e+00
4.46000000	-1.72318800e-03	5.93957000e-04	0.00000000e+00
4.48000000	-1.72193500e-03	6.85814000e-04	0.00000000e+00
4.50000000	-1.71623800e-03	7.79047000e-04	0.00000000e+00
4.52000000	-1.70596000e-03	8.73461000e-04	0.00000000e+00
4.54000000	-1.69097300e-03	9.68854000e-04	0.00000000e+00
4.56000000	-1.67115800e-03	1.06501300e-03	0.00000000e+00
4.58000000	-1.64640100e-03	1.16171400e-03	0.00000000e+00
4.60000000	-1.61660100e-03	1.25872700e-03	0.00000000e+00
4.62000000	-1.58166400e-03	1.35581100e-03	0.00000000e+00
4.64000000	-1.54150900e-03	1.45272000e-03	0.00000000e+00
4.66000000	-1.49606200e-03	1.54919800e-03	0.00000000e+00
4.68000000	-1.44526400e-03	1.64498000e-03	0.00000000e+00
4.70000000	-1.38906700e-03	1.73979800e-03	0.00000000e+00
4.72000000	-1.32743300e-03	1.83337500e-03	0.00000000e+00
4.74000000	-1.26034100e-03	1.92542800e-03	0.00000000e+00
4.76000000	-1.18778000e-03	2.01566900e-03	0.00000000e+00
4.78000000	-1.10975400e-03	2.10380500e-03	0.00000000e+00
4.80000000	-1.02628200e-03	2.18954000e-03	0.00000000e+00
4.82000000	-9.37397000e-04	2.27257200e-03	0.00000000e+00
4.84000000	-8.43148000e-04	2.35259900e-03	0.00000000e+00
4.86000000	-7.43599000e-04	2.42931400e-03	0.00000000e+00
4.88000000	-6.38829000e-04	2.50241000e-03	0.00000000e+00
4.90000000	-5.28935000e-04	2.57158000e-03	0.00000000e+00
4.92000000	-4.14029000e-04	2.63651400e-03	0.00000000e+00
4.94000000	-2.94241000e-04	2.69690700e-03	0.00000000e+00
4.96000000	-1.69716000e-04	2.75245200e-03	0.00000000e+00
4.98000000	-4.06180000e-05	2.80284600e-03	0.00000000e+00
5.00000000	9.28727000e-05	2.84779100e-03	0.00000000e+00
5.02000000	2.30558000e-04	2.88699100e-03	0.00000000e+00
5.04000000	3.72223000e-04	2.92015500e-03	0.00000000e+00
5.06000000	5.17635000e-04	2.94700200e-03	0.00000000e+00
5.08000000	6.66545000e-04	2.96725200e-03	0.00000000e+00
5.10000000	8.18685000e-04	2.98063900e-03	0.00000000e+00
5.12000000	9.73770000e-04	2.98690200e-03	0.00000000e+00
5.14000000	1.13150100e-03	2.98579100e-03	0.00000000e+00
5.16000000	1.29156000e-03	2.97706900e-03	0.00000000e+00
5.18000000	1.45361100e-03	2.96050800e-03	0.00000000e+00
5.20000000	1.61730600e-03	2.93589500e-03	0.00000000e+00
5.22000000	1.78227900e-03	2.90302900e-03	0.00000000e+00
5.24000000	1.94814800e-03	2.86172600e-03	0.00000000e+00
5.26000000	2.11451900e-03	2.81181700e-03	0.00000000e+00
5.28000000	2.28098200e-03	2.75314800e-03	0.00000000e+00
5.30000000	2.44711300e-03	2.68558600e-03	0.00000000e+00
5.32000000	2.61247700e-03	2.60901500e-03	0.00000000e+00
5.34000000	2.77662600e-03	2.52333700e-03	0.00000000e+00
5.36000000	2.93910100e-03	2.42847700e-03	0.00000000e+00
5.38000000	3.09943100e-03	2.32438000e-03	0.00000000e+00
5.40000000	3.25713800e-03	2.21101400e-03	0.00000000e+00
5.42000000	3.41173500e-03	2.08836700e-03	0.00000000e+00
5.44000000	3.56272400e-03	1.95645600e-03	0.00000000e+00
5.46000000	3.70960500e-03	1.81531700e-03	0.00000000e+00
5.48000000	3.85186900e-03	1.66501300e-03	0.00000000e+00
5.50000000	3.98900500e-03	1.50563500e-03	0.00000000e+00
5.52000000	4.12049900e-03	1.33729600e-03	0.00000000e+00
5.54000000	4.24583200e-03	1.16013900e-03	0.00000000e+00
5.56000000	4.36448700e-03	9.74333000e-04	0.00000000e+00
5.58000000	4.47594800e-03	7.80074000e-04	0.00000000e+00
5.60000000	4.57970000e-03	5.77589000e-04	0.00000000e+00
5.62000000	4.67523200e-03	3.67130000e-04	0.00000000e+00
5.64000000	4.76203800e-03	1.48979000e-04	0.00000000e+00
5.66000000	4.83961800e-03	-7.65538000e-05	0.00000000e+00
5.68000000	4.90747900e-03	-3.09128000e-04	0.00000000e+00
5.70000000	4.96514000e-03	-5.48376000e-04	0.00000000e+00
5.72000000	5.01212900e-03	-7.93900000e-04	0.00000000e+00
5.74000000	5.04798700e-03	-1.04527500e-03	0.00000000e+00
5.76000000	5.07227000e-03	-1.30204500e-03	0.00000000e+00
5.78000000	5.08454800e-03	-1.56372900e-03	0.00000000e+00
5.80000000	5.08441100e-03	-1.82981500e-03	0.00000000e+00
5.82000000	5.07146500e-03	-2.09976700e-03	0.00000000e+00
5.84000000	5.04533800e-03	-2.37301900e-03	0.00000000e+00
5.86000000	5.00568100e-03	-2.64898000e-03	0.00000000e+00
5.88000000	4.95216800e-03	-2.92703500e-03	0.00000000e+00
5.90000000	4.88449800e-03	-3.20654200e-03	0.00000000e+00
5.92000000	4.80239800e-03	-3.48683600e-03	0.00000000e+00
5.94000000	4.70562200e-03	-3.76723000e-03	0.00000000e+00
5.96000000	4.59395500e-03	-4.04701400e-03	0.00000000e+00
5.98000000	4.46721400e-03	-4.32545800e-03	0.00000000e+00
6.00000000	4.32524900e-03	-4.60181300e-03	0.00000000e+00
6.02000000	4.16794200e-03	-4.87531300e-03	0.00000000e+00
6.04000000	3.99521400e-03	-5.14517200e-03	0.00000000e+00
6.06000000	3.80702000e-03	-5.41059300e-03	0.00000000e+00
6.08000000	3.60335700e-03	-5.67076300e-03	0.00000000e+00
6.10000000	3.38425800e-03	-5.92485900e-03	0.00000000e+00
6.12000000	3.14979900e-03	-6.17204600e-03	0.00000000e+00
6.14000000	2.90009600e-03	-6.41148300e-03	0.00000000e+00
6.16000000	2.63530900e-03	-6.64232300e-03	0.00000000e+00
6.18000000	2.35564000e-03	-6.86371100e-03	0.00000000e+00
6.20000000	2.06133700e-03	-7.07479600e-03	0.00000000e+00
6.22000000	1.75269300e-03	-7.27472200e-03	0.00000000e+00
6.24000000	1.43004500e-03	-7.46263800e-03	0.00000000e+00
6.26000000	1.09377900e-03	-7.63769600e-03	0.00000000e+00
6.28000000	7.44324000e-04	-7.79905600e-03	0.00000000e+00
6.30000000	3.82160000e-04	-7.94588800e-03	0.00000000e+00
6.32000000	7.81039000e-06	-8.07737100e-03	0.00000000e+00
6.34000000	-3.78151000e-04	-8.19270100e-03	0.00000000e+00
6.36000000	-7.75105000e-04	-8.29108900e-03	0.00000000e+00
6.38000000	-1.18238600e-03	-8.37176600e-03	0.00000000e+00
6.40000000	-1.59927900e-03	-8.43398500e-03	0.00000000e+00
6.42000000	-2.02502500e-03	-8.47702300e-03	0.00000000e+00
6.44000000	-2.45881900e-03	-8.50018400e-03	0.00000000e+00
6.46000000	-2.89981100e-03	-8.50280100e-03	0.00000000e+00
6.48000000	-3.34710500e-03	-8.48424100e-03	0.00000000e+00
6.50000000	-3.79976400e-03	-8.44390400e-03	0.00000000e+00
6.52000000	-4.25680900e-03	-8.38122900e-03	0.00000000e+00
6.54000000	-4.71721700e-03	-8.29569400e-03	0.00000000e+00
6.56000000	-5.17993000e-03	-8.18681900e-03	0.00000000e+00
6.58000000	-5.64384800e-03	-8.05417100e-03	0.00000000e+00
6.60000000	-6.10783900e-03	-7.89736300e-03	0.00000000e+00
6.62000000	-6.57073200e-03	-7.71605900e-03	0.00000000e+00
6.64000000	-7.03132700e-03	-7.50997400e-03	0.00000000e+00
6.66000000	-7.48839300e-03	-7.27887800e-03	0.00000000e+00
6.68000000	-7.94067000e-03	-7.02260000e-03	0.00000000e+00
6.70000000	-8.38687400e-03	-6.74102500e-03	0.00000000e+00
6.72000000	-8.82569700e-03	-6.43410100e-03	0.00000000e+00
6.74000000	-9.25581100e-03	-6.10183700e-03	0.00000000e+00
6.76000000	-9.67586900e-03	-5.74431000e-03	0.00000000e+00
6.78000000	-1.00845120e-02	-5.36166100e-03	0.00000000e+00
6.80000000	-1.04803690e-02	-4.95409900e-03	0.00000000e+00
6.82000000	-1.08620580e-02	-4.52190500e-03	0.00000000e+00
6.84000000	-1.12281950e-02	-4.06542900e-03	0.00000000e+00
6.86000000	-1.15773930e-02	-3.58509400e-03	0.00000000e+00
6.88000000	-1.19082670e-02	-3.08139500e-03	0.00000000e+00
6.90000000	-1.22194380e-02	-2.55490400e-03	0.00000000e+00
6.92000000	-1.25095370e-02	-2.00626500e-03	0.00000000e+00
6.94000000	-1.27772050e-02	-1.43619800e-03	0.00000000e+00
6.96000000	-1.30211030e-02	-8.45500000e-04	0.00000000e+00
6.98000000	-1.32399120e-02	-2.35043000e-04	0.00000000e+00
7.00000000	-1.34323370e-02	3.94225000e-04	0.00000000e+00
7.02000000	-1.35971120e-02	1.04128100e-03	0.00000000e+00
7.04000000	-1.37330060e-02	1.70502500e-03	0.00000000e+00
7.06000000	-1.38388220e-02	2.38428300e-03	0.00000000e+00
7.08000000	-1.39134070e-02	3.07780800e-03	0.00000000e+00
7.10000000	-1.39556510e-02	3.78427900e-03	0.00000000e+00
7.12000000	-1.39644960e-02	4.50230500e-03	0.00000000e+00
7.14000000	-1.39389360e-02	5.23042300e-03	0.00000000e+00
7.16000000	-1.38780230e-02	5.96710300e-03	0.00000000e+00
7.18000000	-1.37808730e-02	6.71074900e-03	0.00000000e+00
7.20000000	-1.36466650e-02	7.45969900e-03	0.00000000e+00
7.22000000	-1.34746500e-02	8.21223000e-03	0.00000000e+00
7.24000000	-1.32641540e-02	8.96656200e-03	0.00000000e+00
7.26000000	-1.30145770e-02	9.72085400e-03	0.00000000e+00
7.28000000	-1.27254050e-02	1.04732170e-02	0.00000000e+00
7.30000000	-1.23962070e-02	1.12217070e-02	0.00000000e+00
7.32000000	-1.20266420e-02	1.19643380e-02	0.00000000e+00
7.34000000	-1.16164610e-02	1.26990780e-02	0.00000000e+00
7.36000000	-1.11655090e-02	1.34238590e-02	0.00000000e+00
7.38000000	-1.06737320e-02	1.41365750e-02	0.00000000e+00
7.40000000	-1.01411770e-02	1.48350940e-02	0.00000000e+00
7.42000000	-9.56799600e-03	1.55172560e-02	0.00000000e+00
7.44000000	-8.95444800e-03	1.61808800e-02	0.00000000e+00
7.46000000	-8.30089900e-03	1.68237700e-02	0.00000000e+00
7.48000000	-7.60783100e-03	1.74437210e-02	0.00000000e+00
7.50000000	-6.87583700e-03	1.80385200e-02	0.00000000e+00
7.52000000	-6.10562500e-03	1.86059550e-02	0.00000000e+00
7.54000000	-5.29802200e-03	1.91438210e-02	0.00000000e+00
7.56000000	-4.45397100e-03	1.96499230e-02	0.00000000e+00
7.58000000	-3.57453600e-03	2.01220870e-02	0.00000000e+00
7.60000000	-2.66089800e-03	2.05581580e-02	0.00000000e+00
7.62000000	-1.71436100e-03	2.09560140e-02	0.00000000e+00
7.64000000	-7.36347000e-04	2.13135700e-02	0.00000000e+00
7.66000000	2.71602000e-04	2.16287790e-02	0.00000000e+00
7.68000000	1.30782300e-03	2.18996480e-02	0.00000000e+00
7.70000000	2.37053600e-03	2.21242370e-02	0.00000000e+00
7.72000000	3.45784400e-03	2.23006670e-02	0.00000000e+00
7.74000000	4.56773400e-03	2.24271290e-02	0.00000000e+00
7.76000000	5.69807800e-03	2.25018880e-02	0.00000000e+00
7.78000000	6.84663900e-03	2.25232920e-02	0.00000000e+00
7.80000000	8.01106800e-03	2.24897740e-02	0.00000000e+00
7.82000000	9.18891200e-03	2.23998640e-02	0.00000000e+00
7.84000000	1.03776160e-02	2.22521920e-02	0.00000000e+00
7.86000000	1.15745230e-02	2.20454960e-02	0.00000000e+00
7.88000000	1.27768830e-02	2.17786240e-02	0.00000000e+00
7.90000000	1.39818550e-02	2.14505480e-02	0.00000000e+00
7.92000000	1.51865120e-02	2.10603610e-02	0.00000000e+00
7.94000000	1.63878450e-02	2.06072910e-02	0.00000000e+00
7.96000000	1.75827710e-02	2.00906990e-02	0.00000000e+00
7.98000000	1.87681360e-02	1.95100900e-02	0.00000000e+00
8.00000000	1.99407240e-02	1.88651180e-02	0.00000000e+00
8.02000000	2.10972580e-02	1.81555860e-02	0.00000000e+00
8.04000000	2.22344150e-02	1.73814550e-02	0.00000000e+00
8.06000000	2.33488260e-02	1.65428480e-02	0.00000000e+00
8.08000000	2.44370850e-02	1.56400540e-02	0.00000000e+00
8.10000000	2.54957600e-02	1.46735300e-02	0.00000000e+00
8.12000000	2.65213970e-02	1.36439070e-02	0.00000000e+00
8.14000000	2.75105300e-02	1.25519900e-02	0.00000000e+00
8.16000000	2.84596890e-02	1.13987650e-02	0.00000000e+00
8.18000000	2.93654090e-02	1.01853990e-02	0.00000000e+00
8.20000000	3.02242390e-02	8.91323900e-03	0.00000000e+00
8.22000000	3.10327500e-02	7.58382200e-03	0.00000000e+00
8.24000000	3.17875470e-02	6.19886500e-03	0.00000000e+00
8.26000000	3.24852760e-02	4.76027600e-03	0.00000000e+00
8.28000000	3.31226340e-02	3.27014800e-03	0.00000000e+00
8.30000000	3.36963780e-02	1.73076000e-03	0.00000000e+00
8.32000000	3.42033390e-02	1.44579000e-04	0.00000000e+00
8.34000000	3.46404270e-02	-1.48574700e-03	0.00000000e+00
8.36000000	3.50046440e-02	-3.15738400e-03	0.00000000e+00
8.38000000	3.52930920e-02	-4.86731800e-03	0.00000000e+00
8.40000000	3.55029860e-02	-6.61235800e-03	0.00000000e+00
8.42000000	3.56316590e-02	-8.38913800e-03	0.00000000e+00
8.44000000	3.56765800e-02	-1.01941220e-02	0.00000000e+00
8.46000000	3.56353560e-02	-1.20236050e-02	0.00000000e+00
8.48000000	3.55057460e-02	-1.38737230e-02	0.00000000e+00
8.50000000	3.52856680e-02	-1.57404560e-02	0.00000000e+00
8.52000000	3.49732140e-02	-1.76196320e-02	0.00000000e+00
8.54000000	3.45666540e-02	-1.95069380e-02	0.00000000e+00
8.56000000	3.40644450e-02	-2.13979220e-02	0.00000000e+00
8.58000000	3.34652460e-02	-2.32880060e-02	0.00000000e+00
8.60000000	3.27679190e-02	-2.51724880e-02	0.00000000e+00
8.62000000	3.19715430e-02	-2.70465570e-02	0.00000000e+00
8.64000000	3.10754200e-02	-2.89052980e-02	0.00000000e+00
8.66000000	3.00790820e-02	-3.07437030e-02	0.00000000e+00
8.68000000	2.89822990e-02	-3.25566810e-02	0.00000000e+00
8.70000000	2.77850870e-02	-3.43390680e-02	0.00000000e+00
8.72000000	2.64877120e-02	-3.60856410e-02	0.00000000e+00
8.74000000	2.50906990e-02	-3.77911260e-02	0.00000000e+00
8.76000000	2.35948340e-02	-3.94502110e-02	0.00000000e+00
8.78000000	2.20011730e-02	-4.10575610e-02	0.00000000e+00
8.80000000	2.03110420e-02	-4.26078260e-02	0.00000000e+00
8.82000000	1.85260450e-02	-4.40956590e-02	0.00000000e+00
8.84000000	1.66480640e-02	-4.55157280e-02	0.00000000e+00
8.86000000	1.46792620e-02	-4.68627270e-02	0.00000000e+00
8.88000000	1.26220880e-02	-4.81313940e-02	0.00000000e+00
8.90000000	1.04792740e-02	-4.93165230e-02	0.00000000e+00
8.92000000	8.25384000e-03	-5.04129810e-02	0.00000000e+00
8.94000000	5.94908700e-03	-5.14157190e-02	0.00000000e+00
8.96000000	3.56860500e-03	-5.23197920e-02	0.00000000e+00
8.98000000	1.11626500e-03	-5.31203690e-02	0.00000000e+00
9.00000000	-1.40378200e-03	-5.38127510e-02	0.00000000e+00
9.02000000	-3.98710600e-03	-5.43923860e-02	0.00000000e+00
9.04000000	-6.62900700e-03	-5.48548860e-02	0.00000000e+00
9.06000000	-9.32451300e-03	-5.51960380e-02	0.00000000e+00
9.08000000	-1.20683900e-02	-5.54118220e-02	0.00000000e+00
9.10000000	-1.48551490e-02	-5.54984270e-02	0.00000000e+00
9.12000000	-1.76790490e-02	-5.54522620e-02	0.00000000e+00
9.14000000	-2.05341090e-02	-5.52699770e-02	0.00000000e+00
9.16000000	-2.34141160e-02	-5.49484710e-02	0.00000000e+00
9.18000000	-2.63126340e-02	-5.44849110e-02	0.00000000e+00
9.20000000	-2.92230130e-02	-5.38767440e-02	0.00000000e+00
9.22000000	-3.21384030e-02	-5.31217090e-02	0.00000000e+00
9.24000000	-3.50517660e-02	-5.22178560e-02	0.00000000e+00
9.26000000	-3.79558860e-02	-5.11635520e-02	0.00000000e+00
9.28000000	-4.08433850e-02	-4.99574950e-02	0.00000000e+00
9.30000000	-4.37067380e-02	-4.85987300e-02	0.00000000e+00
9.32000000	-4.65382850e-02	-4.70866560e-02	0.00000000e+00
9.34000000	-4.93302500e-02	-4.54210360e-02	0.00000000e+00
9.36000000	-5.20747580e-02	-4.36020110e-02	0.00000000e+00
9.38000000	-5.47638480e-02	-4.16301050e-02	0.00000000e+00
9.40000000	-5.73894950e-02	-3.95062360e-02	0.00000000e+00
9.42000000	-5.99436260e-02	-3.72317210e-02	0.00000000e+00
9.44000000	-6.24181410e-02	-3.48082880e-02	0.00000000e+00
9.46000000	-6.48049330e-02	-3.22380750e-02	0.00000000e+00
9.48000000	-6.70959050e-02	-2.95236410e-02	0.00000000e+00
9.50000000	-6.92829940e-02	-2.66679670e-02	0.00000000e+00
9.52000000	-7.13581880e-02	-2.36744600e-02	0.00000000e+00
9.54000000	-7.33135540e-02	-2.05469550e-02	0.00000000e+00
9.56000000	-7.51412530e-02	-1.72897150e-02	0.00000000e+00
9.58000000	-7.68335660e-02	-1.39074360e-02	0.00000000e+00
9.60000000	-7.83829150e-02	-1.04052370e-02	0.00000000e+00
9.62000000	-7.97818870e-02	-6.78866800e-03	0.00000000e+00
9.64000000	-8.10232530e-02	-3.06369800e-03	0.00000000e+00
9.66000000	-8.20999960e-02	7.63282000e-04	0.00000000e+00
9.68000000	-8.30053300e-02	4.68547200e-03	0.00000000e+00
9.70000000	-8.37327240e-02	8.69566300e-03	0.00000000e+00
9.72000000	-8.42759240e-02	1.27862490e-02	0.00000000e+00
9.74000000	-8.46289760e-02	1.69492360e-02	0.00000000e+00
9.76000000	-8.47862510e-02	2.11762490e-02	0.00000000e+00
9.78000000	-8.47424600e-02	2.54585500e-02	0.00000000e+00
9.80000000	-8.44926860e-02	2.97870420e-02	0.00000000e+00
9.82000000	-8.40323940e-02	3.41522940e-02	0.00000000e+00
9.84000000	-8.33574610e-02	3.85445440e-02	0.00000000e+00
9.86000000	-8.24641930e-02	4.29537250e-02	0.00000000e+00
9.88000000	-8.13493440e-02	4.73694810e-02	0.00000000e+00
9.90000000	-8.00101340e-02	5.17811790e-02	0.00000000e+00
9.92000000	-7.84442720e-02	5.61779390e-02	0.00000000e+00
9.94000000	-7.66499710e-02	6.05486460e-02	0.00000000e+00
9.96000000	-7.46259610e-02	6.48819790e-02	0.00000000e+00
9.98000000	-7.23715140e-02	6.91664310e-02	0.00000000e+00
10.00000000	-6.98864490e-02	7.33903310e-02	0.00000000e+00
10.02000000	-6.71711520e-02	7.75418760e-02	0.00000000e+00
10.04000000	-6.42265890e-02	8.16091490e-02	0.00000000e+00
10.06000000	-6.10543110e-02	8.55801530e-02	0.00000000e+00
10.08000000	-5.76564750e-02	8.94428350e-02	0.00000000e+00
10.10000000	-5.40358430e-02	9.31851150e-02	0.00000000e+00
10.12000000	-5.01957960e-02	9.67949180e-02	0.00000000e+00
10.14000000	-4.61403380e-02	1.00260203e-01	0.00000000e+00
10.16000000	-4.18741020e-02	1.03568991e-01	0.00000000e+00
10.18000000	-3.74023530e-02	1.06709401e-01	0.00000000e+00
10.20000000	-3.27309920e-02	1.09669680e-01	0.00000000e+00
10.22000000	-2.78665520e-02	1.12438234e-01	0.00000000e+00
10.24000000	-2.28162010e-02	1.15003662e-01	0.00000000e+00
10.26000000	-1.75877390e-02	1.17354792e-01	0.00000000e+00
10.28000000	-1.21895910e-02	1.19480708e-01	0.00000000e+00
10.30000000	-6.63080400e-03	1.21370789e-01	0.00000000e+00
10.32000000	-9.21037000e-04	1.23014739e-01	0.00000000e+00
10.34000000	4.92944600e-03	1.24402623e-01	0.00000000e+00
10.36000000	1.09097920e-02	1.25524898e-01	0.00000000e+00
10.38000000	1.70085650e-02	1.26372448e-01	0.00000000e+00
10.40000000	2.32137660e-02	1.26936615e-01	0.00000000e+00
10.42000000	2.95128510e-02	1.27209233e-01	0.00000000e+00
10.44000000	3.58927410e-02	1.27182660e-01	0.00000000e+00
10.46000000	4.23398520e-02	1.26849808e-01	0.00000000e+00
10.48000000	4.88401090e-02	1.26204176e-01	0.00000000e+00
10.50000000	5.53789750e-02	1.25239876e-01	0.00000000e+00
10.52000000	6.19414730e-02	1.23951667e-01	0.00000000e+00
10.54000000	6.85122140e-02	1.22334979e-01	0.00000000e+00
10.56000000	7.50754260e-02	1.20385943e-01	0.00000000e+00
10.58000000	8.16149840e-02	1.18101417e-01	0.00000000e+00
10.60000000	8.81144400e-02	1.15479009e-01	0.00000000e+00
10.62000000	9.45570600e-02	1.12517099e-01	0.00000000e+00
10.64000000	1.00925857e-01	1.09214868e-01	0.00000000e+00
10.66000000	1.07203627e-01	1.05572310e-01	0.00000000e+00
10.68000000	1.13372987e-01	1.01590257e-01	0.00000000e+00
10.70000000	1.19416414e-01	9.72703940e-02	0.00000000e+00
10.72000000	1.25316285e-01	9.26152750e-02	0.00000000e+00
10.74000000	1.31054920e-01	8.76283360e-02	0.00000000e+00
10.76000000	1.36614623e-01	8.23139090e-02	0.00000000e+00
10.78000000	1.41977726e-01	7.66772300e-02	0.00000000e+00
10.80000000	1.47126635e-01	7.07244470e-02	0.00000000e+00
10.82000000	1.52043872e-01	6.44626260e-02	0.00000000e+00
10.84000000	1.56712123e-01	5.78997550e-02	0.00000000e+00
10.86000000	1.61114287e-01	5.10447460e-02	0.00000000e+00
10.88000000	1.65233520e-01	4.39074310e-02	0.00000000e+00
10.90000000	1.69053284e-01	3.64985640e-02	0.00000000e+00
10.92000000	1.72557394e-01	2.88298090e-02	0.00000000e+00
10.94000000	1.75730068e-01	2.09137360e-02	0.00000000e+00
10.96000000	1.78555974e-01	1.27638110e-02	0.00000000e+00
10.98000000	1.81020280e-01	4.39438000e-03	0.00000000e+00
11.00000000	1.83108700e-01	-4.17934600e-03	0.00000000e+00
11.02000000	1.84807541e-01	-1.29413050e-02	0.00000000e+00
11.04000000	1.86103754e-01	-2.18746100e-02	0.00000000e+00
11.06000000	1.86984979e-01	-3.09615700e-02	0.00000000e+00
11.08000000	1.87439591e-01	-4.01837140e-02	0.00000000e+00
11.10000000	1.87456745e-01	-4.95218210e-02	0.00000000e+00
11.12000000	1.87026420e-01	-5.89559520e-02	0.00000000e+00
11.14000000	1.86139467e-01	-6.84654790e-02	0.00000000e+00
11.16000000	1.84787644e-01	-7.80291260e-02	0.00000000e+00
11.18000000	1.82963662e-01	-8.76250010e-02	0.00000000e+00
11.20000000	1.80661223e-01	-9.72306430e-02	0.00000000e+00
11.22000000	1.77875056e-01	-1.06823059e-01	0.00000000e+00
11.24000000	1.74600957e-01	-1.16378773e-01	0.00000000e+00
11.26000000	1.70835818e-01	-1.25873873e-01	0.00000000e+00
11.28000000	1.66577664e-01	-1.35284056e-01	0.00000000e+00
11.30000000	1.61825681e-01	-1.44584687e-01	0.00000000e+00
11.32000000	1.56580242e-01	-1.53750844e-01	0.00000000e+00
11.34000000	1.50842936e-01	-1.62757381e-01	0.00000000e+00
11.36000000	1.44616588e-01	-1.71578981e-01	0.00000000e+00
11.38000000	1.37905281e-01	-1.80190214e-01	0.00000000e+00
11.40000000	1.30714372e-01	-1.88565602e-01	0.00000000e+00
11.42000000	1.23050511e-01	-1.96679675e-01	0.00000000e+00
11.44000000	1.14921647e-01	-2.04507040e-01	0.00000000e+00
11.46000000	1.06337042e-01	-2.12022439e-01	0.00000000e+00
11.48000000	9.73072730e-02	-2.19200820e-01	0.00000000e+00
11.50000000	8.78442380e-02	-2.26017402e-01	0.00000000e+00
11.52000000	7.79611550e-02	-2.32447740e-01	0.00000000e+00
11.54000000	6.76725550e-02	-2.38467794e-01	0.00000000e+00
11.56000000	5.69942790e-02	-2.44053997e-01	0.00000000e+00
11.58000000	4.59434650e-02	-2.49183326e-01	0.00000000e+00
11.60000000	3.45385350e-02	-2.53833366e-01	0.00000000e+00
11.62000000	2.27991750e-02	-2.57982382e-01	0.00000000e+00
11.64000000	1.07463170e-02	-2.61609385e-01	0.00000000e+00
11.66000000	-1.59788600e-03	-2.64694204e-01	0.00000000e+00
11.68000000	-1.42100900e-02	-2.67217548e-01	0.00000000e+00
11.70000000	-2.70657920e-02	-2.69161076e-01	0.00000000e+00
11.72000000	-4.01393620e-02	-2.70507463e-01	0.00000000e+00
11.74000000	-5.34040870e-02	-2.71240462e-01	0.00000000e+00
11.76000000	-6.68322100e-02	-2.71344969e-01	0.00000000e+00
11.78000000	-8.03949770e-02	-2.70807087e-01	0.00000000e+00
11.80000000	-9.40626860e-02	-2.69614180e-01	0.00000000e+00
11.82000000	-1.07804740e-01	-2.67754937e-01	0.00000000e+00
11.84000000	-1.21589706e-01	-2.65219425e-01	0.00000000e+00
11.86000000	-1.35385370e-01	-2.61999145e-01	0.00000000e+00
11.88000000	-1.49158802e-01	-2.58087079e-01	0.00000000e+00
11.90000000	-1.62876424e-01	-2.53477747e-01	0.00000000e+00
11.92000000	-1.76504075e-01	-2.48167244e-01	0.00000000e+00
11.94000000	-1.90007083e-01	-2.42153289e-01	0.00000000e+00
11.96000000	-2.03350345e-01	-2.35435263e-01	0.00000000e+00
11.98000000	-2.16498398e-01	-2.28014244e-01	0.00000000e+00
12.00000000	-2.29415501e-01	-2.19893046e-01	0.00000000e+00
12.02000000	-2.42065716e-01	-2.11076239e-01	0.00000000e+00
12.04000000	-2.54412996e-01	-2.01570186e-01	0.00000000e+00
12.06000000	-2.66421267e-01	-1.91383055e-01	0.00000000e+00
12.08000000	-2.78054518e-01	-1.80524842e-01	0.00000000e+00
12.10000000	-2.89276892e-01	-1.69007386e-01	0.00000000e+00
12.12000000	-3.00052774e-01	-1.56844373e-01	0.00000000e+00
12.14000000	-3.10346887e-01	-1.44051345e-01	0.00000000e+00
12.16000000	-3.20124385e-01	-1.30645701e-01	0.00000000e+00
12.18000000	-3.29350945e-01	-1.16646690e-01	0.00000000e+00
12.20000000	-3.37992867e-01	-1.02075403e-01	0.00000000e+00
12.22000000	-3.46017164e-01	-8.69547610e-02	0.00000000e+00
12.24000000	-3.53391665e-01	-7.13094950e-02	0.00000000e+00
12.26000000	-3.60085101e-01	-5.51661240e-02	0.00000000e+00
12.28000000	-3.66067212e-01	-3.85529230e-02	0.00000000e+00
12.30000000	-3.71308831e-01	-2.14998970e-02	0.00000000e+00
12.32000000	-3.75781986e-01	-4.03873400e-03	0.00000000e+00
12.34000000	-3.79459991e-01	1.37972290e-02	0.00000000e+00
12.36000000	-3.82317535e-01	3.19730620e-02	0.00000000e+00
12.38000000	-3.84330777e-01	5.04522900e-02	0.00000000e+00
12.40000000	-3.85477431e-01	6.91969530e-02	0.00000000e+00
12.42000000	-3.85736852e-01	8.81676700e-02	0.00000000e+00
12.44000000	-3.85090125e-01	1.07323703e-01	0.00000000e+00
12.46000000	-3.83520141e-01	1.26623031e-01	0.00000000e+00
12.48000000	-3.81011678e-01	1.46022430e-01	0.00000000e+00
12.50000000	-3.77551476e-01	1.65477549e-01	0.00000000e+00
12.52000000	-3.73128312e-01	1.84943001e-01	0.00000000e+00
12.54000000	-3.67733064e-01	2.04372450e-01	0.00000000e+00
12.56000000	-3.61358779e-01	2.23718706e-01	0.00000000e+00
12.58000000	-3.54000733e-01	2.42933827e-01	0.00000000e+00
12.60000000	-3.45656486e-01	2.61969214e-01	0.00000000e+00
12.62000000	-3.36325937e-01	2.80775724e-01	0.00000000e+00
12.64000000	-3.26011369e-01	2.99303777e-01	0.00000000e+00
12.66000000	-3.14717490e-01	3.17503466e-01	0.00000000e+00
12.68000000	-3.02451473e-01	3.35324676e-01	0.00000000e+00
12.70000000	-2.89222984e-01	3.52717203e-01	0.00000000e+00
12.72000000	-2.75044212e-01	3.69630873e-01	0.00000000e+00
12.74000000	-2.59929886e-01	3.86015663e-01	0.00000000e+00
12.76000000	-2.43897292e-01	4.01821834e-01	0.00000000e+00
12.78000000	-2.26966278e-01	4.17000051e-01	0.00000000e+00
12.80000000	-2.09159260e-01	4.31501516e-01	0.00000000e+00
12.82000000	-1.90501215e-01	4.45278095e-01	0.00000000e+00
12.84000000	-1.71019674e-01	4.58282451e-01	0.00000000e+00
12.86000000	-1.50744698e-01	4.70468176e-01	0.00000000e+00
12.88000000	-1.29708863e-01	4.81789920e-01	0.00000000e+00
12.90000000	-1.07947223e-01	4.92203525e-01	0.00000000e+00
12.92000000	-8.54972770e-02	5.01666154e-01	0.00000000e+00
12.94000000	-6.23989210e-02	5.10136424e-01	0.00000000e+00
12.96000000	-3.86944030e-02	5.17574537e-01	0.00000000e+00
12.98000000	-1.44282600e-02	5.23942401e-01	0.00000000e+00
13.00000000	1.03527430e-02	5.29203764e-01	0.00000000e+00
13.02000000	3.55996850e-02	5.33324335e-01	0.00000000e+00
13.04000000	6.12615670e-02	5.36271906e-01	0.00000000e+00
13.06000000	8.72853940e-02	5.38016469e-01	0.00000000e+00
13.08000000	1.13616269e-01	5.38530338e-01	0.00000000e+00
13.10000000	1.40197489e-01	5.37788253e-01	0.00000000e+00
13.12000000	1.66970649e-01	5.35767495e-01	0.00000000e+00
13.14000000	1.93875749e-01	5.32447988e-01	0.00000000e+00
13.16000000	2.20851315e-01	5.27812397e-01	0.00000000e+00
13.18000000	2.47834516e-01	5.21846228e-01	0.00000000e+00
13.20000000	2.74761294e-01	5.14537911e-01	0.00000000e+00
13.22000000	3.01566497e-01	5.05878889e-01	0.00000000e+00
13.24000000	3.28184014e-01	4.95863694e-01	0.00000000e+00
13.26000000	3.54546922e-01	4.84490020e-01	0.00000000e+00
13.28000000	3.80587632e-01	4.71758790e-01	0.00000000e+00
13.30000000	4.06238038e-01	4.57674212e-01	0.00000000e+00
13.32000000	4.31429680e-01	4.42243833e-01	0.00000000e+00
13.34000000	4.56093899e-01	4.25478583e-01	0.00000000e+00
13.36000000	4.80162002e-01	4.07392813e-01	0.00000000e+00
13.38000000	5.03565428e-01	3.88004325e-01	0.00000000e+00
13.40000000	5.26235920e-01	3.67334390e-01	0.00000000e+00
13.42000000	5.48105694e-01	3.45407767e-01	0.00000000e+00
13.44000000	5.69107615e-01	3.22252702e-01	0.00000000e+00
13.46000000	5.89175371e-01	2.97900929e-01	0.00000000e+00
13.48000000	6.08243652e-01	2.72387656e-01	0.00000000e+00
13.50000000	6.26248325e-01	2.45751545e-01	0.00000000e+00
13.52000000	6.43126616e-01	2.18034680e-01	0.00000000e+00
13.54000000	6.58817284e-01	1.89282531e-01	0.00000000e+00
13.56000000	6.73260799e-01	1.59543904e-01	0.00000000e+00
13.58000000	6.86399522e-01	1.28870885e-01	0.00000000e+00
13.60000000	6.98177876e-01	9.73187730e-02	0.00000000e+00
13.62000000	7.08542523e-01	6.49460070e-02	0.00000000e+00
13.64000000	7.17442531e-01	3.18140790e-02	0.00000000e+00
13.66000000	7.24829545e-01	-2.01255900e-03	0.00000000e+00
13.68000000	7.30657953e-01	-3.64665950e-02	0.00000000e+00
13.70000000	7.34885042e-01	-7.14779720e-02	0.00000000e+00
13.72000000	7.37471160e-01	-1.06974005e-01	0.00000000e+00
13.74000000	7.38379867e-01	-1.42879512e-01	0.00000000e+00
13.76000000	7.37578080e-01	-1.79116948e-01	0.00000000e+00
13.78000000	7.35036218e-01	-2.15606555e-01	0.00000000e+00
13.80000000	7.30728332e-01	-2.52266513e-01	0.00000000e+00
13.82000000	7.24632242e-01	-2.89013100e-01	0.00000000e+00
13.84000000	7.16729651e-01	-3.25760865e-01	0.00000000e+00
13.86000000	7.07006264e-01	-3.62422799e-01	0.00000000e+00
13.88000000	6.95451893e-01	-3.98910525e-01	0.00000000e+00
13.90000000	6.82060559e-01	-4.35134482e-01	0.00000000e+00
13.92000000	6.66830576e-01	-4.71004123e-01	0.00000000e+00
13.94000000	6.49764640e-01	-5.06428120e-01	0.00000000e+00
13.96000000	6.30869892e-01	-5.41314568e-01	0.00000000e+00
13.98000000	6.10157989e-01	-5.75571198e-01	0.00000000e+00
14.00000000	5.87645147e-01	-6.09105597e-01	0.00000000e+00
14.02000000	5.63352193e-01	-6.41825428e-01	0.00000000e+00
14.04000000	5.37304586e-01	-6.73638656e-01	0.00000000e+00
14.06000000	5.09532447e-01	-7.04453777e-01	0.00000000e+00
14.08000000	4.80070560e-01	-7.34180046e-01	0.00000000e+00
14.10000000	4.48958376e-01	-7.62727715e-01	0.00000000e+00
14.12000000	4.16239998e-01	-7.90008266e-01	0.00000000e+00
14.14000000	3.81964153e-01	-8.15934648e-01	0.00000000e+00
14.16000000	3.46184160e-01	-8.40421514e-01	0.00000000e+00
14.18000000	3.08957878e-01	-8.63385455e-01	0.00000000e+00
14.20000000	2.70347647e-01	-8.84745241e-01	0.00000000e+00
14.22000000	2.30420212e-01	-9.04422051e-01	0.00000000e+00
14.24000000	1.89246642e-01	-9.22339711e-01	0.00000000e+00
14.26000000	1.46902233e-01	-9.38424918e-01	0.00000000e+00
14.28000000	1.03466394e-01	-9.52607476e-01	0.00000000e+00
14.30000000	5.90225330e-02	-9.64820511e-01	0.00000000e+00
14.32000000	1.36579180e-02	-9.75000697e-01	0.00000000e+00
14.34000000	-3.25364640e-02	-9.83088470e-01	0.00000000e+00
14.36000000	-7.94660620e-02	-9.89028231e-01	0.00000000e+00
14.38000000	-1.27032935e-01	-9.92768558e-01	0.00000000e+00
14.40000000	-1.75135924e-01	-9.94262395e-01	0.00000000e+00
14.42000000	-2.23670842e-01	-9.93467244e-01	0.00000000e+00
14.44000000	-2.72530681e-01	-9.90345345e-01	0.00000000e+00
14.46000000	-3.21605816e-01	-9.84863850e-01	0.00000000e+00
14.48000000	-3.70784228e-01	-9.76994981e-01	0.00000000e+00
14.50000000	-4.19951733e-01	-9.66716192e-01	0.00000000e+00
14.52000000	-4.68992225e-01	-9.54010305e-01	0.00000000e+00
14.54000000	-5.17787921e-01	-9.38865644e-01	0.00000000e+00
14.56000000	-5.66219617e-01	-9.21276161e-01	0.00000000e+00
14.58000000	-6.14166956e-01	-9.01241540e-01	0.00000000e+00
14.60000000	-6.61508694e-01	-8.78767295e-01	0.00000000e+00
14.62000000	-7.08122984e-01	-8.53864860e-01	0.00000000e+00
14.64000000	-7.53887657e-01	-8.26551653e-01	0.00000000e+00
14.66000000	-7.98680512e-01	-7.96851142e-01	0.00000000e+00
14.68000000	-8.42379611e-01	-7.64792882e-01	0.00000000e+00
14.70000000	-8.84863580e-01	-7.30412552e-01	0.00000000e+00
14.72000000	-9.26011908e-01	-6.93751966e-01	0.00000000e+00
14.74000000	-9.65705256e-01	-6.54859076e-01	0.00000000e+00
14.76000000	-1.00382576e+00	-6.13787956e-01	0.00000000e+00
14.78000000	-1.04025735e+00	-5.70598778e-01	0.00000000e+00
14.80000000	-1.07488605e+00	-5.25357761e-01	0.00000000e+00
14.82000000	-1.10760029e+00	-4.78137115e-01	0.00000000e+00
14.84000000	-1.13829121e+00	-4.29014963e-01	0.00000000e+00
14.86000000	-1.16685298e+00	-3.78075251e-01	0.00000000e+00
14.88000000	-1.19318309e+00	-3.25407643e-01	0.00000000e+00
14.90000000	-1.21718269e+00	-2.71107393e-01	0.00000000e+00
14.92000000	-1.23875682e+00	-2.15275208e-01	0.00000000e+00
14.94000000	-1.25781475e+00	-1.58017100e-01	0.00000000e+00
14.96000000	-1.27427028e+00	-9.94442060e-02	0.00000000e+00
14.98000000	-1.28804198e+00	-3.96726120e-02	0.00000000e+00
15.00000000	-1.29905348e+00	2.11768510e-02	0.00000000e+00
15.02000000	-1.30723376e+00	8.29788190e-02	0.00000000e+00
15.04000000	-1.31251737e+00	1.45603629e-01	0.00000000e+00
15.06000000	-1.31484471e+00	2.08917557e-01	0.00000000e+00
15.08000000	-1.31416222e+00	2.72783078e-01	0.00000000e+00
15.10000000	-1.31042268e+00	3.37059137e-01	0.00000000e+00
15.12000000	-1.30358536e+00	4.01601428e-01	0.00000000e+00
15.14000000	-1.29361626e+00	4.66262697e-01	0.00000000e+00
15.16000000	-1.28048826e+00	5.30893045e-01	0.00000000e+00
15.18000000	-1.26418134e+00	5.95340246e-01	0.00000000e+00
15.20000000	-1.24468272e+00	6.59450081e-01	0.00000000e+00
15.22000000	-1.22198700e+00	7.23066675e-01	0.00000000e+00
15.24000000	-1.19609629e+00	7.86032847e-01	0.00000000e+00
15.26000000	-1.16702036e+00	8.48190469e-01	0.00000000e+00
15.28000000	-1.13477665e+00	9.09380829e-01	0.00000000e+00
15.30000000	-1.09939047e+00	9.69445007e-01	0.00000000e+00
15.32000000	-1.06089494e+00	1.02822425e+00	0.00000000e+00
15.34000000	-1.01933113e+00	1.08556037e+00	0.00000000e+00
15.36000000	-9.74748031e-01	1.14129610e+00	0.00000000e+00
15.38000000	-9.27202565e-01	1.19527554e+00	0.00000000e+00
15.40000000	-8.76759593e-01	1.24734451e+00	0.00000000e+00
15.42000000	-8.23491869e-01	1.29735095e+00	0.00000000e+00
15.44000000	-7.67479985e-01	1.34514535e+00	0.00000000e+00
15.46000000	-7.08812305e-01	1.39058111e+00	0.00000000e+00
15.48000000	-6.47584866e-01	1.43351497e+00	0.00000000e+00
15.50000000	-5.83901270e-01	1.47380738e+00	0.00000000e+00
15.52000000	-5.17872549e-01	1.51132293e+00	0.00000000e+00
15.54000000	-4.49617011e-01	1.54593068e+00	0.00000000e+00
15.56000000	-3.79260070e-01	1.57750460e+00	0.00000000e+00
15.58000000	-3.06934049e-01	1.60592392e+00	0.00000000e+00
15.60000000	-2.32777969e-01	1.63107349e+00	0.00000000e+00
15.62000000	-1.56937320e-01	1.65284419e+00	0.00000000e+00
15.64000000	-7.95638020e-02	1.67113321e+00	0.00000000e+00
15.66000000	-8.15061000e-04	1.68584447e+00	0.00000000e+00
15.68000000	7.91456030e-02	1.69688890e+00	0.00000000e+00
15.70000000	1.60149541e-01	1.70418476e+00	0.00000000e+00
15.72000000	2.42023082e-01	1.70765800e+00	0.00000000e+00
15.74000000	3.24587875e-01	1.70724248e+00	0.00000000e+00
15.76000000	4.07661244e-01	1.70288029e+00	0.00000000e+00
15.78000000	4.91056565e-01	1.69452202e+00	0.00000000e+00
15.80000000	5.74583654e-01	1.68212698e+00	0.00000000e+00
15.82000000	6.58049171e-01	1.66566342e+00	0.00000000e+00
15.84000000	7.41257036e-01	1.64510879e+00	0.00000000e+00
15.86000000	8.24008862e-01	1.62044987e+00	0.00000000e+00
15.88000000	9.06104395e-01	1.59168296e+00	0.00000000e+00
15.90000000	9.87341965e-01	1.55881407e+00	0.00000000e+00
15.92000000	1.06751895e+00	1.52185898e+00	0.00000000e+00
15.94000000	1.14643226e+00	1.48084340e+00	0.00000000e+00
15.96000000	1.22387879e+00	1.43580300e+00	0.00000000e+00
15.98000000	1.29965594e+00	1.38678354e+00	0.00000000e+00
16.00000000	1.37356207e+00	1.33384086e+00	0.00000000e+00
16.02000000	1.44539704e+00	1.27704088e+00	0.00000000e+00
16.04000000	1.51496269e+00	1.21645965e+00	0.00000000e+00
16.06000000	1.58206332e+00	1.15218322e+00	0.00000000e+00
16.08000000	1.64650626e+00	1.08430770e+00	0.00000000e+00
16.10000000	1.70810229e+00	1.01293905e+00	0.00000000e+00
16.12000000	1.76666622e+00	9.38193057e-01	0.00000000e+00
16.14000000	1.82201735e+00	8.60195161e-01	0.00000000e+00
16.16000000	1.87397997e+00	7.79080295e-01	0.00000000e+00
16.18000000	1.92238387e+00	6.94992703e-01	0.00000000e+00
16.20000000	1.96706480e+00	6.08085727e-01	0.00000000e+00
16.22000000	2.00786498e+00	5.18521564e-01	0.00000000e+00
16.24000000	2.04463354e+00	4.26471010e-01	0.00000000e+00
16.26000000	2.07722700e+00	3.32113166e-01	0.00000000e+00
16.28000000	2.10550971e+00	2.35635133e-01	0.00000000e+00
16.30000000	2.12935427e+00	1.37231670e-01	0.00000000e+00
16.32000000	2.14864198e+00	3.71048410e-02	0.00000000e+00
16.34000000	2.16326324e+00	-6.45363680e-02	0.00000000e+00
16.36000000	2.17311792e+00	-1.67476455e-01	0.00000000e+00
16.38000000	2.17811573e+00	-2.71493822e-01	0.00000000e+00
16.40000000	2.17817662e+00	-3.76361226e-01	0.00000000e+00
16.42000000	2.17323105e+00	-4.81846239e-01	0.00000000e+00
16.44000000	2.16322035e+00	-5.87711736e-01	0.00000000e+00
16.46000000	2.14809699e+00	-6.93716393e-01	0.00000000e+00
16.48000000	2.12782485e+00	-7.99615211e-01	0.00000000e+00
16.50000000	2.10237946e+00	-9.05160052e-01	0.00000000e+00
16.52000000	2.07174822e+00	-1.01010018e+00	0.00000000e+00
16.54000000	2.03593061e+00	-1.11418284e+00	0.00000000e+00
16.56000000	1.99493834e+00	-1.21715382e+00	0.00000000e+00
16.58000000	1.94879546e+00	-1.31875805e+00	0.00000000e+00
16.60000000	1.89753855e+00	-1.41874019e+00	0.00000000e+00
16.62000000	1.84121671e+00	-1.51684525e+00	0.00000000e+00
16.64000000	1.77989169e+00	-1.61281919e+00	0.00000000e+00
16.66000000	1.71363785e+00	-1.70640955e+00	0.00000000e+00
16.68000000	1.64254219e+00	-1.79736606e+00	0.00000000e+00
16.70000000	1.56670432e+00	-1.88544130e+00	0.00000000e+00
16.72000000	1.48623636e+00	-1.97039128e+00	0.00000000e+00
16.74000000	1.40126285e+00	-2.05197612e+00	0.00000000e+00
16.76000000	1.31192064e+00	-2.12996065e+00	0.00000000e+00
16.78000000	1.21835868e+00	-2.20411502e+00	0.00000000e+00
16.80000000	1.12073787e+00	-2.27421536e+00	0.00000000e+00
16.82000000	1.01923084e+00	-2.34004436e+00	0.00000000e+00
16.84000000	9.14021627e-01	-2.40139190e+00	0.00000000e+00
16.86000000	8.05305467e-01	-2.45805560e+00	0.00000000e+00
16.88000000	6.93288420e-01	-2.50984148e+00	0.00000000e+00
16.90000000	5.78187046e-01	-2.55656448e+00	0.00000000e+00
16.92000000	4.60228018e-01	-2.59804900e+00	0.00000000e+00
16.94000000	3.39647712e-01	-2.63412952e+00	0.00000000e+00
16.96000000	2.16691775e-01	-2.66465104e+00	0.00000000e+00
16.98000000	9.16146520e-02	-2.68946965e+00	0.00000000e+00
17.00000000	-3.53209020e-02	-2.70845299e+00	0.00000000e+00
17.02000000	-1.63844342e-01	-2.72148068e+00	0.00000000e+00
17.04000000	-2.93677880e-01	-2.72844486e+00	0.00000000e+00
17.06000000	-4.24537053e-01	-2.72925051e+00	0.00000000e+00
17.08000000	-5.56131315e-01	-2.72381587e+00	0.00000000e+00
17.10000000	-6.88164654e-01	-2.71207283e+00	0.00000000e+00
17.12000000	-8.20336225e-01	-2.69396726e+00	0.00000000e+00
17.14000000	-9.52341011e-01	-2.66945929e+00	0.00000000e+00
17.16000000	-1.08387049e+00	-2.63852359e+00	0.00000000e+00
17.18000000	-1.21461333e+00	-2.60114965e+00	0.00000000e+00
17.20000000	-1.34425610e+00	-2.55734197e+00	0.00000000e+00
17.22000000	-1.47248399e+00	-2.50712022e+00	0.00000000e+00
17.24000000	-1.59898151e+00	-2.45051941e+00	0.00000000e+00
17.26000000	-1.72343330e+00	-2.38759000e+00	0.00000000e+00
17.28000000	-1.84552484e+00	-2.31839794e+00	0.00000000e+00
17.30000000	-1.96494318e+00	-2.24302475e+00	0.00000000e+00
17.32000000	-2.08137779e+00	-2.16156749e+00	0.00000000e+00
17.34000000	-2.19452124e+00	-2.07413874e+00	0.00000000e+00
17.36000000	-2.30407004e+00	-1.98086649e+00	0.00000000e+00
17.38000000	-2.40972535e+00	-1.88189407e+00	0.00000000e+00
17.40000000	-2.51119382e+00	-1.77737998e+00	0.00000000e+00
17.42000000	-2.60818828e+00	-1.66749768e+00	0.00000000e+00
17.44000000	-2.70042855e+00	-1.55243539e+00	0.00000000e+00
17.46000000	-2.78764219e+00	-1.43239579e+00	0.00000000e+00
17.48000000	-2.86956522e+00	-1.30759576e+00	0.00000000e+00
17.50000000	-2.94594285e+00	-1.17826598e+00	0.00000000e+00
17.52000000	-3.01653022e+00	-1.04465060e+00	0.00000000e+00
17.54000000	-3.08109310e+00	-9.07006766e-01	0.00000000e+00
17.56000000	-3.13940855e+00	-7.65604235e-01	0.00000000e+00
17.58000000	-3.19126563e+00	-6.20724825e-01	0.00000000e+00
17.60000000	-3.23646597e+00	-4.72661913e-01	0.00000000e+00
17.62000000	-3.27482450e+00	-3.21719875e-01	0.00000000e+00
17.64000000	-3.30616995e+00	-1.68213493e-01	0.00000000e+00
17.66000000	-3.33034548e+00	-1.24673250e-02	0.00000000e+00
17.68000000	-3.34720918e+00	1.45184946e-01	0.00000000e+00
17.70000000	-3.35663463e+00	3.04401198e-01	0.00000000e+00
17.72000000	-3.35851137e+00	4.64831586e-01	0.00000000e+00
17.74000000	-3.35274532e+00	6.26119283e-01	0.00000000e+00
17.76000000	-3.33925923e+00	7.87901243e-01	0.00000000e+00
17.78000000	-3.31799304e+00	9.49808994e-01	0.00000000e+00
17.80000000	-3.28890424e+00	1.11146945e+00	0.00000000e+00
17.82000000	-3.25196817e+00	1.27250574e+00	0.00000000e+00
17.84000000	-3.20717826e+00	1.43253808e+00	0.00000000e+00
17.86000000	-3.15454630e+00	1.59118460e+00	0.00000000e+00
17.88000000	-3.09410259e+00	1.74806226e+00	0.00000000e+00
17.90000000	-3.02589610e+00	1.90278776e+00	0.00000000e+00
17.92000000	-2.94999454e+00	2.05497840e+00	0.00000000e+00
17.94000000	-2.86648444e+00	2.20425303e+00	0.00000000e+00
17.96000000	-2.77547118e+00	2.35023296e+00	0.00000000e+00
17.98000000	-2.67707887e+00	2.49254291e+00	0.00000000e+00
18.00000000	-2.57145038e+00	2.63081190e+00	0.00000000e+00
18.02000000	-2.45874712e+00	2.76467422e+00	0.00000000e+00
18.04000000	-2.33914890e+00	2.89377032e+00	0.00000000e+00
18.06000000	-2.21285374e+00	3.01774777e+00	0.00000000e+00
18.08000000	-2.08007755e+00	3.13626214e+00	0.00000000e+00
18.10000000	-1.94105386e+00	3.24897794e+00	0.00000000e+00
18.12000000	-1.79603343e+00	3.35556950e+00	0.00000000e+00
18.14000000	-1.64528386e+00	3.45572183e+00	0.00000000e+00
18.16000000	-1.48908916e+00	3.54913154e+00	0.00000000e+00
18.18000000	-1.32774924e+00	3.63550763e+00	0.00000000e+00
18.20000000	-1.16157936e+00	3.71457235e+00	0.00000000e+00
18.22000000	-9.90909560e-01	3.78606202e+00	0.00000000e+00
18.24000000	-8.16084069e-01	3.84972775e+00	0.00000000e+00
18.26000000	-6.37460599e-01	3.90533625e+00	0.00000000e+00
18.28000000	-4.55409667e-01	3.95267053e+00	0.00000000e+00
18.30000000	-2.70313852e-01	3.99153058e+00	0.00000000e+00
18.32000000	-8.25670160e-02	4.02173406e+00	0.00000000e+00
18.34000000	1.07426506e-01	4.04311689e+00	0.00000000e+00
18.36000000	2.99252752e-01	4.05553386e+00	0.00000000e+00
18.38000000	4.92489014e-01	4.05885914e+00	0.00000000e+00
18.40000000	6.86704743e-01	4.05298685e+00	0.00000000e+00
18.42000000	8.81462488e-01	4.03783145e+00	0.00000000e+00
18.44000000	1.07631886e+00	4.01332821e+00	0.00000000e+00
18.46000000	1.27082551e+00	3.97943357e+00	0.00000000e+00
18.48000000	1.46453016e+00	3.93612545e+00	0.00000000e+00
18.50000000	1.65697761e+00	3.88340355e+00	0.00000000e+00
18.52000000	1.84771081e+00	3.82128958e+00	0.00000000e+00
18.54000000	2.03627190e+00	3.74982741e+00	0.00000000e+00
18.56000000	2.22220329e+00	3.66908323e+00	0.00000000e+00
18.58000000	2.40504876e+00	3.57914562e+00	0.00000000e+00
18.60000000	2.58435455e+00	3.48012555e+00	0.00000000e+00
18.62000000	2.75967046e+00	3.37215638e+00	0.00000000e+00
18.64000000	2.93055094e+00	3.25539374e+00	0.00000000e+00
18.66000000	3.09655620e+00	3.13001541e+00	0.00000000e+00
18.68000000	3.25725332e+00	2.99622116e+00	0.00000000e+00
18.70000000	3.41221735e+00	2.85423241e+00	0.00000000e+00
18.72000000	3.56103236e+00	2.70429203e+00	0.00000000e+00
18.74000000	3.70329255e+00	2.54666391e+00	0.00000000e+00
18.76000000	3.83860332e+00	2.38163257e+00	0.00000000e+00
18.78000000	3.96658228e+00	2.20950272e+00	0.00000000e+00
18.80000000	4.08686030e+00	2.03059869e+00	0.00000000e+00
18.82000000	4.19908253e+00	1.84526390e+00	0.00000000e+00
18.84000000	4.30290933e+00	1.65386024e+00	0.00000000e+00
18.86000000	4.39801731e+00	1.45676736e+00	0.00000000e+00
18.88000000	4.48410017e+00	1.25438199e+00	0.00000000e+00
18.90000000	4.56086964e+00	1.04711713e+00	0.00000000e+00
18.92000000	4.62805633e+00	8.35401281e-01	0.00000000e+00
18.94000000	4.68541056e+00	6.19677537e-01	0.00000000e+00
18.96000000	4.73270313e+00	4.00402709e-01	0.00000000e+00
18.98000000	4.76972605e+00	1.78046369e-01	0.00000000e+00
19.00000000	4.79629329e+00	-4.69101370e-02	0.00000000e+00
19.02000000	4.81224137e+00	-2.73974708e-01	0.00000000e+00
19.04000000	4.81742999e+00	-5.02645553e-01	0.00000000e+00
19.06000000	4.81174261e+00	-7.32412283e-01	0.00000000e+00
19.08000000	4.79508691e+00	-9.62757030e-01	0.00000000e+00
19.10000000	4.76739527e+00	-1.19315561e+00	0.00000000e+00
19.12000000	4.72862514e+00	-1.42307868e+00	0.00000000e+00
19.14000000	4.67875942e+00	-1.65199298e+00	0.00000000e+00
19.16000000	4.61780667e+00	-1.87936250e+00	0.00000000e+00
19.18000000	4.54580143e+00	-2.10464978e+00	0.00000000e+00
19.20000000	4.46280428e+00	-2.32731713e+00	0.00000000e+00
19.22000000	4.36890202e+00	-2.54682788e+00	0.00000000e+00
19.24000000	4.26420768e+00	-2.76264773e+00	0.00000000e+00
19.26000000	4.14886046e+00	-2.97424595e+00	0.00000000e+00
19.28000000	4.02302573e+00	-3.18109671e+00	0.00000000e+00
19.30000000	3.88689479e+00	-3.38268038e+00	0.00000000e+00
19.32000000	3.74068471e+00	-3.57848477e+00	0.00000000e+00
19.34000000	3.58463806e+00	-3.76800645e+00	0.00000000e+00
19.36000000	3.41902252e+00	-3.95075200e+00	0.00000000e+00
19.38000000	3.24413052e+00	-4.12623926e+00	0.00000000e+00
19.40000000	3.06027878e+00	-4.29399858e+00	0.00000000e+00
19.42000000	2.86780774e+00	-4.45357406e+00	0.00000000e+00
19.44000000	2.66708100e+00	-4.60452469e+00	0.00000000e+00
19.46000000	2.45848468e+00	-4.74642560e+00	0.00000000e+00
19.48000000	2.24242667e+00	-4.87886916e+00	0.00000000e+00
19.50000000	2.01933590e+00	-5.00146611e+00	0.00000000e+00
19.52000000	1.78966150e+00	-5.11384662e+00	0.00000000e+00
19.54000000	1.55387191e+00	-5.21566139e+00	0.00000000e+00
19.56000000	1.31245396e+00	-5.30658259e+00	0.00000000e+00
19.58000000	1.06591188e+00	-5.38630486e+00	0.00000000e+00
19.60000000	8.14766262e-01	-5.45454621e+00	0.00000000e+00
19.62000000	5.59552957e-01	-5.51104892e+00	0.00000000e+00
19.64000000	3.00821971e-01	-5.55558031e+00	0.00000000e+00
19.66000000	3.91362770e-02	-5.58793354e+00	0.00000000e+00
19.68000000	-2.24929403e-01	-5.60792831e+00	0.00000000e+00
19.70000000	-4.90789848e-01	-5.61541153e+00	0.00000000e+00
19.72000000	-7.57850628e-01	-5.61025787e+00	0.00000000e+00
19.74000000	-1.02550943e+00	-5.59237035e+00	0.00000000e+00
19.76000000	-1.29315741e+00	-5.56168076e+00	0.00000000e+00
19.78000000	-1.56018057e+00	-5.51815010e+00	0.00000000e+00
19.80000000	-1.82596118e+00	-5.46176888e+00	0.00000000e+00
19.82000000	-2.08987916e+00	-5.39255743e+00	0.00000000e+00
19.84000000	-2.35131356e+00	-5.31056609e+00	0.00000000e+00
19.86000000	-2.60964403e+00	-5.21587532e+00	0.00000000e+00
19.88000000	-2.86425224e+00	-5.10859579e+00	0.00000000e+00
19.90000000	-3.11452336e+00	-4.98886833e+00	0.00000000e+00
19.92000000	-3.35984760e+00	-4.85686390e+00	0.00000000e+00
19.94000000	-3.59962160e+00	-4.71278339e+00	0.00000000e+00
19.96000000	-3.83324998e+00	-4.55685741e+00	0.00000000e+00
19.98000000	-4.06014674e+00	-4.38934599e+00	0.00000000e+00
20.00000000	-4.27973679e+00	-4.21053820e+00	0.00000000e+00
20.02000000	-4.49145731e+00	-4.02075169e+00	0.00000000e+00
20.04000000	-4.69475926e+00	-3.82033221e+00	0.00000000e+00
20.06000000	-4.88910871e+00	-3.60965298e+00	0.00000000e+00
20.08000000	-5.07398826e+00	-3.38911405e+00	0.00000000e+00
20.10000000	-5.24889840e+00	-3.15914158e+00	0.00000000e+00
20.12000000	-5.41335876e+00	-2.92018702e+00	0.00000000e+00
20.14000000	-5.56690949e+00	-2.67272625e+00	0.00000000e+00
20.16000000	-5.70911242e+00	-2.41725868e+00	0.00000000e+00
20.18000000	-5.83955231e+00	-2.15430622e+00	0.00000000e+00
20.20000000	-5.95783797e+00	-1.88441225e+00	0.00000000e+00
20.22000000	-6.06360341e+00	-1.60814050e+00	0.00000000e+00
20.24000000	-6.15650886e+00	-1.32607389e+00	0.00000000e+00
20.26000000	-6.23624179e+00	-1.03881327e+00	0.00000000e+00
20.28000000	-6.30251785e+00	-7.46976197e-01	0.00000000e+00
20.30000000	-6.35508174e+00	-4.51195569e-01	0.00000000e+00
20.32000000	-6.39370806e+00	-1.52118265e-01	0.00000000e+00
20.34000000	-6.41820204e+00	1.49596270e-01	0.00000000e+00
20.36000000	-6.42840023e+00	4.53277485e-01	0.00000000e+00
20.38000000	-6.42417116e+00	7.58245216e-01	0.00000000e+00
20.40000000	-6.40541582e+00	1.06381122e+00	0.00000000e+00
20.42000000	-6.37206818e+00	1.36928071e+00	0.00000000e+00
20.44000000	-6.32409561e+00	1.67395399e+00	0.00000000e+00
20.46000000	-6.26149912e+00	1.97712802e+00	0.00000000e+00
20.48000000	-6.18431369e+00	2.27809805e+00	0.00000000e+00
20.50000000	-6.09260840e+00	2.57615929e+00	0.00000000e+00
20.52000000	-5.98648651e+00	2.87060854e+00	0.00000000e+00
20.54000000	-5.86608547e+00	3.16074587e+00	0.00000000e+00
20.56000000	-5.73157685e+00	3.44587631e+00	0.00000000e+00
20.58000000	-5.58316618e+00	3.72531145e+00	0.00000000e+00
20.60000000	-5.42109270e+00	3.99837120e+00	0.00000000e+00
20.62000000	-5.24562904e+00	4.26438536e+00	0.00000000e+00
20.64000000	-5.05708082e+00	4.52269533e+00	0.00000000e+00
20.66000000	-4.85578616e+00	4.77265571e+00	0.00000000e+00
20.68000000	-4.64211513e+00	5.01363590e+00	0.00000000e+00
20.70000000	-4.41646906e+00	5.24502172e+00	0.00000000e+00
20.72000000	-4.17927986e+00	5.46621694e+00	0.00000000e+00
20.74000000	-3.93100920e+00	5.67664480e+00	0.00000000e+00
20.76000000	-3.67214762e+00	5.87574955e+00	0.00000000e+00
20.78000000	-3.40321358e+00	6.06299781e+00	0.00000000e+00
20.80000000	-3.12475246e+00	6.23788006e+00	0.00000000e+00
20.82000000	-2.83733540e+00	6.39991197e+00	0.00000000e+00
20.84000000	-2.54155819e+00	6.54863569e+00	0.00000000e+00
20.86000000	-2.23804002e+00	6.68362112e+00	0.00000000e+00
20.88000000	-1.92742216e+00	6.80446711e+00	0.00000000e+00
20.90000000	-1.61036662e+00	6.91080259e+00	0.00000000e+00
20.92000000	-1.28755473e+00	7.00228765e+00	0.00000000e+00
20.94000000	-9.59685685e-01	7.07861450e+00	0.00000000e+00
20.96000000	-6.27474977e-01	7.13950846e+00	0.00000000e+00
20.98000000	-2.91652858e-01	7.18472882e+00	0.00000000e+00
21.00000000	4.70372960e-02	7.21406956e+00	0.00000000e+00
21.02000000	3.87840638e-01	7.22736013e+00	0.00000000e+00
21.04000000	7.29992553e-01	7.22446606e+00	0.00000000e+00
21.06000000	1.07272039e+00	7.20528947e+00	0.00000000e+00
21.08000000	1.41524522e+00	7.16976957e+00	0.00000000e+00
21.10000000	1.75678364e+00	7.11788305e+00	0.00000000e+00
21.12000000	2.09654956e+00	7.04964431e+00	0.00000000e+00
21.14000000	2.43375605e+00	6.96510574e+00	0.00000000e+00
21.16000000	2.76761718e+00	6.86435777e+00	0.00000000e+00
21.18000000	3.09734986e+00	6.74752893e+00	0.00000000e+00
21.20000000	3.42217571e+00	6.61478576e+00	0.00000000e+00
21.22000000	3.74132290e+00	6.46633269e+00	0.00000000e+00
21.24000000	4.05402802e+00	6.30241175e+00	0.00000000e+00
21.26000000	4.35953789e+00	6.12330225e+00	0.00000000e+00
21.28000000	4.65711145e+00	5.92932034e+00	0.00000000e+00
21.30000000	4.94602149e+00	5.72081852e+00	0.00000000e+00
21.32000000	5.22555652e+00	5.49818499e+00	0.00000000e+00
21.34000000	5.49502246e+00	5.26184297e+00	0.00000000e+00
21.36000000	5.75374442e+00	5.01224991e+00	0.00000000e+00
21.38000000	6.00106840e+00	4.74989664e+00	0.00000000e+00
21.40000000	6.23636289e+00	4.47530638e+00	0.00000000e+00
21.42000000	6.45902056e+00	4.18903373e+00	0.00000000e+00
21.44000000	6.66845976e+00	3.89166352e+00	0.00000000e+00
21.46000000	6.86412606e+00	3.58380964e+00	0.00000000e+00
21.48000000	7.04549371e+00	3.26611377e+00	0.00000000e+00
21.50000000	7.21206702e+00	2.93924400e+00	0.00000000e+00
21.52000000	7.36338170e+00	2.60389344e+00	0.00000000e+00
21.54000000	7.49900614e+00	2.26077874e+00	0.00000000e+00
21.56000000	7.61854258e+00	1.91063851e+00	0.00000000e+00
21.58000000	7.72162824e+00	1.55423175e+00	0.00000000e+00
21.60000000	7.80793637e+00	1.19233616e+00	0.00000000e+00
21.62000000	7.87717721e+00	8.25746407e-01	0.00000000e+00
21.64000000	7.92909888e+00	4.55272391e-01	0.00000000e+00
21.66000000	7.96348816e+00	8.17374030e-02	0.00000000e+00
21.68000000	7.98017119e+00	-2.94023725e-01	0.00000000e+00
21.70000000	7.97901413e+00	-6.71166516e-01	0.00000000e+00
21.72000000	7.95992366e+00	-1.04883877e+00	0.00000000e+00
21.74000000	7.92284740e+00	-1.42618254e+00	0.00000000e+00
21.76000000	7.86777428e+00	-1.80233608e+00	0.00000000e+00
21.78000000	7.79473476e+00	-2.17643586e+00	0.00000000e+00
21.80000000	7.70380098e+00	-2.54761861e+00	0.00000000e+00
21.82000000	7.59508681e+00	-2.91502328e+00	0.00000000e+00
21.84000000	7.46874780e+00	-3.27779312e+00	0.00000000e+00
21.86000000	7.32498104e+00	-3.63507771e+00	0.00000000e+00
21.88000000	7.16402485e+00	-3.98603496e+00	0.00000000e+00
21.90000000	6.98615852e+00	-4.32983310e+00	0.00000000e+00
21.92000000	6.79170180e+00	-4.66565276e+00	0.00000000e+00
21.94000000	6.58101436e+00	-4.99268889e+00	0.00000000e+00
21.96000000	6.35449516e+00	-5.31015272e+00	0.00000000e+00
21.98000000	6.11258171e+00	-5.61727370e+00	0.00000000e+00
22.00000000	5.85574921e+00	-5.91330142e+00	0.00000000e+00
22.02000000	5.58450964e+00	-6.19750739e+00	0.00000000e+00
22.04000000	5.29941076e+00	-6.46918695e+00	0.00000000e+00
22.06000000	5.00103493e+00	-6.72766095e+00	0.00000000e+00
22.08000000	4.68999800e+00	-6.97227750e+00	0.00000000e+00
22.10000000	4.36694793e+00	-7.20241364e+00	0.00000000e+00
22.12000000	4.03256352e+00	-7.41747689e+00	0.00000000e+00
22.14000000	3.68755290e+00	-7.61690683e+00	0.00000000e+00
22.16000000	3.33265201e+00	-7.80017650e+00	0.00000000e+00
22.18000000	2.96862305e+00	-7.96679386e+00	0.00000000e+00
22.20000000	2.59625278e+00	-8.11630305e+00	0.00000000e+00
22.22000000	2.21635078e+00	-8.24828562e+00	0.00000000e+00
22.24000000	1.82974770e+00	-8.36236171e+00	0.00000000e+00
22.26000000	1.43729335e+00	-8.45819110e+00	0.00000000e+00
22.28000000	1.03985487e+00	-8.53547415e+00	0.00000000e+00
22.30000000	6.38314702e-01	-8.59395274e+00	0.00000000e+00
22.32000000	2.33568654e-01	-8.63341098e+00	0.00000000e+00
22.34000000	-1.73476180e-01	-8.65367600e+00	0.00000000e+00
22.36000000	-5.81903477e-01	-8.65461842e+00	0.00000000e+00
22.38000000	-9.90789791e-01	-8.63615295e+00	0.00000000e+00
22.40000000	-1.39920669e+00	-8.59823868e+00	0.00000000e+00
22.42000000	-1.80622289e+00	-8.54087944e+00	0.00000000e+00
22.44000000	-2.21090644e+00	-8.46412395e+00	0.00000000e+00
22.46000000	-2.61232691e+00	-8.36806588e+00	0.00000000e+00
22.48000000	-3.00955754e+00	-8.25284380e+00	0.00000000e+00
22.50000000	-3.40167743e+00	-8.11864111e+00	0.00000000e+00
22.52000000	-3.78777377e+00	-7.96568573e+00	0.00000000e+00
22.54000000	-4.16694392e+00	-7.79424973e+00	0.00000000e+00
22.56000000	-4.53829764e+00	-7.60464896e+00	0.00000000e+00
22.58000000	-4.90095917e+00	-7.39724239e+00	0.00000000e+00
22.60000000	-5.25406938e+00	-7.17243147e+00	0.00000000e+00
22.62000000	-5.59678780e+00	-6.93065940e+00	0.00000000e+00
22.64000000	-5.92829468e+00	-6.67241018e+00	0.00000000e+00
22.66000000	-6.24779298e+00	-6.39820769e+00	0.00000000e+00
22.68000000	-6.55451034e+00	-6.10861460e+00	0.00000000e+00
22.70000000	-6.84770094e+00	-5.80423119e+00	0.00000000e+00
22.72000000	-7.12664739e+00	-5.48569409e+00	0.00000000e+00
22.74000000	-7.39066247e+00	-5.15367495e+00	0.00000000e+00
22.76000000	-7.63909087e+00	-4.80887896e+00	0.00000000e+00
22.78000000	-7.87131084e+00	-4.45204335e+00	0.00000000e+00
22.80000000	-8.08673575e+00	-4.08393579e+00	0.00000000e+00
22.82000000	-8.28481559e+00	-3.70535264e+00	-1.01459729e-15
22.84000000	-8.46503842e+00	-3.31711729e+00	-1.03666822e-15
22.86000000	-8.62693163e+00	-2.92007826e+00	-1.05649442e-15
22.88000000	-8.77006325e+00	-2.51510730e+00	-1.07402299e-15
22.90000000	-8.89404307e+00	-2.10309747e+00	-1.08920614e-15
22.92000000	-8.99852369e+00	-1.68496113e+00	-1.10200132e-15
22.94000000	-9.08320148e+00	-1.26162781e+00	-1.11237136e-15
22.96000000	-9.14781745e+00	-8.34042166e-01	-1.12028454e-15
22.98000000	-9.19215798e+00	-4.03161781e-01	-1.12571469e-15
23.00000000	-9.21605550e+00	3.00450180e-02	-1.12864129e-15
23.02000000	-9.21938898e+00	4.64601386e-01	-1.12904952e-15
23.04000000	-9.20208443e+00	8.99524221e-01	-1.12693032e-15
23.06000000	-9.16411516e+00	1.33382644e+00	-1.12228043e-15
23.08000000	-9.10550204e+00	1.76651926e+00	-1.11510239e-15
23.10000000	-9.02631356e+00	2.19661454e+00	-1.10540460e-15
23.12000000	-8.92666585e+00	2.62312705e+00	-1.09320128e-15
23.14000000	-8.80672253e+00	3.04507678e+00	-1.07851246e-15
23.16000000	-8.66669448e+00	3.46149131e+00	-1.06136397e-15
23.18000000	-8.50683952e+00	3.87140802e+00	-1.04178738e-15
23.20000000	-8.32746186e+00	4.27387642e+00	-1.01981995e-15
23.22000000	-8.12891164e+00	4.66796039e+00	0.00000000e+00
23.24000000	-7.91158415e+00	5.05274042e+00	0.00000000e+00
23.26000000	-7.67591909e+00	5.42731579e+00	0.00000000e+00
23.28000000	-7.42239965e+00	5.79080673e+00	0.00000000e+00
23.30000000	-7.15155149e+00	6.14235654e+00	0.00000000e+00
23.32000000	-6.86394167e+00	6.48113367e+00	0.00000000e+00
23.34000000	-6.56017739e+00	6.80633367e+00	0.00000000e+00
23.36000000	-6.24090473e+00	7.11718124e+00	0.00000000e+00
23.38000000	-5.90680719e+00	7.41293202e+00	0.00000000e+00
23.40000000	-5.55860424e+00	7.69287448e+00	0.00000000e+00
23.42000000	-5.19704971e+00	7.95633164e+00	0.00000000e+00
23.44000000	-4.82293013e+00	8.20266272e+00	0.00000000e+00
23.46000000	-4.43706296e+00	8.43126478e+00	0.00000000e+00
23.48000000	-4.04029477e+00	8.64157418e+00	0.00000000e+00
23.50000000	-3.63349934e+00	8.83306799e+00	0.00000000e+00
23.52000000	-3.21757569e+00	9.00526536e+00	0.00000000e+00
23.54000000	-2.79344600e+00	9.15772869e+00	0.00000000e+00
23.56000000	-2.36205358e+00	9.29006479e+00	0.00000000e+00
23.58000000	-1.92436067e+00	9.40192586e+00	0.00000000e+00
23.60000000	-1.48134623e+00	9.49301048e+00	0.00000000e+00
23.62000000	-1.03400374e+00	9.56306435e+00	0.00000000e+00
23.64000000	-5.83338877e-01	9.61188101e+00	0.00000000e+00
23.66000000	-1.30367191e-01	9.63930246e+00	0.00000000e+00
23.68000000	3.23888219e-01	9.64521958e+00	0.00000000e+00
23.70000000	7.78399095e-01	9.62957256e+00	0.00000000e+00
23.72000000	1.23213440e+00	9.59235106e+00	0.00000000e+00
23.74000000	1.68406273e+00	9.53359441e+00	0.00000000e+00
23.76000000	2.13315472e+00	9.45339158e+00	0.00000000e+00
23.78000000	2.57838541e+00	9.35188110e+00	0.00000000e+00
23.80000000	3.01873673e+00	9.22925082e+00	0.00000000e+00
23.82000000	3.45319980e+00	9.08573755e+00	0.00000000e+00
23.84000000	3.88077736e+00	8.92162666e+00	0.00000000e+00
23.86000000	4.30048611e+00	8.73725143e+00	0.00000000e+00
23.88000000	4.71135900e+00	8.53299243e+00	0.00000000e+00
23.90000000	5.11244755e+00	8.30927667e+00	0.00000000e+00
23.92000000	5.50282410e+00	8.06657674e+00	0.00000000e+00
23.94000000	5.88158398e+00	7.80540970e+00	0.00000000e+00
23.96000000	6.24784769e+00	7.52633607e+00	0.00000000e+00
23.98000000	6.60076298e+00	7.22995849e+00	0.00000000e+00
24.00000000	6.93950687e+00	6.91692045e+00	0.00000000e+00
24.02000000	7.26328768e+00	6.58790481e+00	0.00000000e+00
24.04000000	7.57134686e+00	6.24363233e+00	0.00000000e+00
24.06000000	7.86296082e+00	5.88485999e+00	0.00000000e+00
24.08000000	8.13744272e+00	5.51237929e+00	0.00000000e+00
24.10000000	8.39414408e+00	5.12701449e+00	1.02798617e-15
24.12000000	8.63245638e+00	4.72962072e+00	1.05717101e-15
24.14000000	8.85181252e+00	4.32108200e+00	1.08403439e-15
24.16000000	9.05168820e+00	3.90230926e+00	1.10851210e-15
24.18000000	9.23160321e+00	3.47423824e+00	1.13054533e-15
24.20000000	9.39112263e+00	3.03782731e+00	1.15008083e-15
24.22000000	9.52985787e+00	2.59405533e+00	1.16707099e-15
24.24000000	9.64746765e+00	2.14391933e+00	1.18147404e-15
24.26000000	9.74365886e+00	1.68843222e+00	1.19325406e-15
24.28000000	9.81818730e+00	1.22862049e+00	1.20238116e-15
24.30000000	9.87085831e+00	7.65521786e-01	1.20883150e-15
24.32000000	9.90152728e+00	3.00182510e-01	1.21258737e-15
24.34000000	9.91010004e+00	-1.66344594e-01	1.21363723e-15
24.36000000	9.89653314e+00	-6.33002898e-01	1.21197576e-15
24.38000000	9.86083402e+00	-1.09873435e+00	1.20760388e-15
24.40000000	9.80306101e+00	-1.56248194e+00	1.20052873e-15
24.42000000	9.72332328e+00	-2.02319217e+00	1.19076367e-15
24.44000000	9.62178062e+00	-2.47981750e+00	1.17832828e-15
24.46000000	9.49864310e+00	-2.93131881e+00	1.16324829e-15
24.48000000	9.35417067e+00	-3.37666784e+00	1.14555552e-15
24.50000000	9.18867255e+00	-3.81484956e+00	1.12528784e-15
24.52000000	9.00250657e+00	-4.24486459e+00	1.10248909e-15
24.54000000	8.79607838e+00	-4.66573152e+00	1.07720892e-15
24.56000000	8.56984055e+00	-5.07648922e+00	1.04950278e-15
24.58000000	8.32429152e+00	-5.47619909e+00	1.01943170e-15
24.60000000	8.05997449e+00	-5.86394728e+00	0.00000000e+00
24.62000000	7.77747620e+00	-6.23884682e+00	0.00000000e+00
24.64000000	7.47742555e+00	-6.60003971e+00	0.00000000e+00
24.66000000	7.16049219e+00	-6.94669894e+00	0.00000000e+00
24.68000000	6.82738500e+00	-7.27803044e+00	0.00000000e+00
24.70000000	6.47885039e+00	-7.59327496e+00	0.00000000e+00
24.72000000	6.11567066e+00	-7.89170982e+00	0.00000000e+00
24.74000000	5.73866215e+00	-8.17265065e+00	0.00000000e+00
24.76000000	5.34867335e+00	-8.43545301e+00	0.00000000e+00
24.78000000	4.94658297e+00	-8.67951386e+00	0.00000000e+00
24.80000000	4.53329786e+00	-8.90427304e+00	0.00000000e+00
24.82000000	4.10975093e+00	-9.10921455e+00	0.00000000e+00
24.84000000	3.67689900e+00	-9.29386779e+00	0.00000000e+00
24.86000000	3.23572054e+00	-9.45780865e+00	0.00000000e+00
24.88000000	2.78721342e+00	-9.60066056e+00	0.00000000e+00
24.90000000	2.33239257e+00	-9.72209529e+00	0.00000000e+00
24.92000000	1.87228764e+00	-9.82183384e+00	0.00000000e+00
24.94000000	1.40794061e+00	-9.89964699e+00	0.00000000e+00
24.96000000	9.40403305e-01	-9.95535591e+00	0.00000000e+00
24.98000000	4.70735020e-01	-9.98883256e+00	0.00000000e+00
25.00000000	1.04564000e-11	-1.00000000e+01	0.00000000e+00
25.02000000	-4.70735020e-01	-9.98883256e+00	0.00000000e+00
25.04000000	-9.40403305e-01	-9.95535591e+00	0.00000000e+00
25.06000000	-1.40794061e+00	-9.89964699e+00	0.00000000e+00
25.08000000	-1.87228764e+00	-9.82183384e+00	0.00000000e+00
25.10000000	-2.33239257e+00	-9.72209530e+00	0.00000000e+00
25.12000000	-2.78721342e+00	-9.60066056e+00	0.00000000e+00
25.14000000	-3.23572054e+00	-9.45780866e+00	0.00000000e+00
25.16000000	-3.67689900e+00	-9.29386779e+00	0.00000000e+00
25.18000000	-4.10975093e+00	-9.10921455e+00	0.00000000e+00
25.20000000	-4.53329786e+00	-8.90427305e+00	0.00000000e+00
25.22000000	-4.94658297e+00	-8.67951387e+00	0.00000000e+00
25.24000000	-5.34867335e+00	-8.43545301e+00	0.00000000e+00
25.26000000	-5.73866214e+00	-8.17265066e+00	0.00000000e+00
25.28000000	-6.11567066e+00	-7.89170982e+00	0.00000000e+00
25.30000000	-6.47885039e+00	-7.59327496e+00	0.00000000e+00
25.32000000	-6.82738500e+00	-7.27803045e+00	0.00000000e+00
25.34000000	-7.16049219e+00	-6.94669894e+00	0.00000000e+00
25.36000000	-7.47742555e+00	-6.60003971e+00	0.00000000e+00
25.38000000	-7.77747620e+00	-6.23884683e+00	0.00000000e+00
25.40000000	-8.05997449e+00	-5.86394729e+00	0.00000000e+00
25.42000000	-8.32429152e+00	-5.47619910e+00	-1.01943170e-15
25.44000000	-8.56984055e+00	-5.07648922e+00	-1.04950278e-15
25.46000000	-8.79607838e+00	-4.66573152e+00	-1.07720892e-15
25.48000000	-9.00250657e+00	-4.24486459e+00	-1.10248909e-15
25.50000000	-9.18867255e+00	-3.81484956e+00	-1.12528784e-15
25.52000000	-9.35417067e+00	-3.37666784e+00	-1.14555552e-15
25.54000000	-9.49864310e+00	-2.93131882e+00	-1.16324829e-15
25.56000000	-9.62178062e+00	-2.47981751e+00	-1.17832828e-15
25.58000000	-9.72332328e+00	-2.02319218e+00	-1.19076367e-15
25.60000000	-9.80306101e+00	-1.56248195e+00	-1.20052873e-15
25.62000000	-9.86083402e+00	-1.09873435e+00	-1.20760388e-15
25.64000000	-9.89653314e+00	-6.33002902e-01	-1.21197576e-15
25.66000000	-9.91010004e+00	-1.66344598e-01	-1.21363723e-15
25.68000000	-9.90152728e+00	3.00182506e-01	-1.21258737e-15
25.70000000	-9.87085831e+00	7.65521782e-01	-1.20883150e-15
25.72000000	-9.81818730e+00	1.22862049e+00	-1.20238116e-15
25.74000000	-9.74365886e+00	1.68843222e+00	-1.19325406e-15
25.76000000	-9.64746765e+00	2.14391932e+00	-1.18147404e-15
25.78000000	-9.52985787e+00	2.59405533e+00	-1.16707099e-15
25.80000000	-9.39112263e+00	3.03782731e+00	-1.15008083e-15
25.82000000	-9.23160321e+00	3.47423823e+00	-1.13054533e-15
25.84000000	-9.05168820e+00	3.90230926e+00	-1.10851210e-15
25.86000000	-8.85181252e+00	4.32108199e+00	-1.08403439e-15
25.88000000	-8.63245638e+00	4.72962071e+00	-1.05717101e-15
25.90000000	-8.39414408e+00	5.12701449e+00	-1.02798617e-15
25.92000000	-8.13744272e+00	5.51237928e+00	0.00000000e+00
25.94000000	-7.86296082e+00	5.88485998e+00	0.00000000e+00
25.96000000	-7.57134686e+00	6.24363233e+00	0.00000000e+00
25.98000000	-7.26328768e+00	6.58790481e+00	0.00000000e+00
26.00000000	-6.93950687e+00	6.91692045e+00	0.00000000e+00
26.02000000	-6.60076298e+00	7.22995849e+00	0.00000000e+00
26.04000000	-6.24784769e+00	7.52633607e+00	0.00000000e+00
26.06000000	-5.88158398e+00	7.80540970e+00	0.00000000e+00
26.08000000	-5.50282410e+00	8.06657673e+00	0.00000000e+00
26.10000000	-5.11244755e+00	8.30927667e+00	0.00000000e+00
26.12000000	-4.71135900e+00	8.53299243e+00	0.00000000e+00
26.14000000	-4.30048611e+00	8.73725143e+00	0.00000000e+00
26.16000000	-3.88077736e+00	8.92162666e+00	0.00000000e+00
26.18000000	-3.45319980e+00	9.08573755e+00	0.00000000e+00
26.20000000	-3.01873673e+00	9.22925082e+00	0.00000000e+00
26.22000000	-2.57838541e+00	9.35188110e+00	0.00000000e+00
26.24000000	-2.13315472e+00	9.45339158e+00	0.00000000e+00
26.26000000	-1.68406273e+00	9.53359440e+00	0.00000000e+00
26.28000000	-1.23213440e+00	9.59235106e+00	0.00000000e+00
26.30000000	-7.78399095e-01	9.62957256e+00	0.00000000e+00
26.32000000	-3.23888219e-01	9.64521958e+00	0.00000000e+00
26.34000000	1.30367191e-01	9.63930246e+00	0.00000000e+00
26.36000000	5.83338877e-01	9.61188101e+00	0.00000000e+00
26.38000000	1.03400374e+00	9.56306435e+00	0.00000000e+00
26.40000000	1.48134623e+00	9.49301048e+00	0.00000000e+00
26.42000000	1.92436067e+00	9.40192586e+00	0.00000000e+00
26.44000000	2.36205358e+00	9.29006479e+00	0.00000000e+00
26.46000000	2.79344600e+00	9.15772869e+00	0.00000000e+00
26.48000000	3.21757569e+00	9.00526536e+00	0.00000000e+00
26.50000000	3.63349934e+00	8.83306800e+00	0.00000000e+00
26.52000000	4.04029477e+00	8.64157418e+00	0.00000000e+00
26.54000000	4.43706296e+00	8.43126479e+00	0.00000000e+00
26.56000000	4.82293013e+00	8.20266273e+00	0.00000000e+00
26.58000000	5.19704971e+00	7.95633164e+00	0.00000000e+00
26.60000000	5.55860424e+00	7.69287449e+00	0.00000000e+00
26.62000000	5.90680719e+00	7.41293202e+00	0.00000000e+00
26.64000000	6.24090473e+00	7.11718124e+00	0.00000000e+00
26.66000000	6.56017739e+00	6.80633368e+00	0.00000000e+00
26.68000000	6.86394167e+00	6.48113367e+00	0.00000000e+00
26.70000000	7.15155149e+00	6.14235655e+00	0.00000000e+00
26.72000000	7.42239965e+00	5.79080673e+00	0.00000000e+00
26.74000000	7.67591909e+00	5.42731579e+00	0.00000000e+00
26.76000000	7.91158415e+00	5.05274042e+00	0.00000000e+00
26.78000000	8.12891164e+00	4.66796039e+00	0.00000000e+00
26.80000000	8.32746186e+00	4.27387642e+00	1.01981995e-15
26.82000000	8.50683952e+00	3.87140802e+00	1.04178738e-15
26.84000000	8.66669448e+00	3.46149131e+00	1.06136397e-15
26.86000000	8.80672253e+00	3.04507679e+00	1.07851246e-15
26.88000000	8.92666585e+00	2.62312705e+00	1.09320128e-15
26.90000000	9.02631356e+00	2.19661455e+00	1.10540460e-15
26.92000000	9.10550204e+00	1.76651927e+00	1.11510239e-15
26.94000000	9.16411516e+00	1.33382644e+00	1.12228043e-15
26.96000000	9.20208443e+00	8.99524225e-01	1.12693032e-15
26.98000000	9.21938898e+00	4.64601390e-01	1.12904952e-15
27.00000000	9.21605550e+00	3.00450220e-02	1.12864129e-15
27.02000000	9.19215798e+00	-4.03161777e-01	1.12571469e-15
27.04000000	9.14781745e+00	-8.34042162e-01	1.12028454e-15
27.06000000	9.08320148e+00	-1.26162781e+00	1.11237136e-15
27.08000000	8.99852369e+00	-1.68496113e+00	1.10200132e-15
27.10000000	8.89404307e+00	-2.10309747e+00	1.08920614e-15
27.12000000	8.77006325e+00	-2.51510729e+00	1.07402299e-15
27.14000000	8.62693163e+00	-2.92007825e+00	1.05649442e-15
27.16000000	8.46503842e+00	-3.31711729e+00	1.03666822e-15
27.18000000	8.28481559e+00	-3.70535264e+00	1.01459729e-15
27.20000000	8.08673575e+00	-4.08393578e+00	0.00000000e+00
27.22000000	7.87131084e+00	-4.45204335e+00	0.00000000e+00
27.24000000	7.63909087e+00	-4.80887896e+00	0.00000000e+00
27.26000000	7.39066247e+00	-5.15367495e+00	0.00000000e+00
27.28000000	7.12664739e+00	-5.48569409e+00	0.00000000e+00
27.30000000	6.84770094e+00	-5.80423118e+00	0.00000000e+00
27.32000000	6.55451034e+00	-6.10861460e+00	0.00000000e+00
27.34000000	6.24779298e+00	-6.39820769e+00	0.00000000e+00
27.36000000	5.92829468e+00	-6.67241018e+00	0.00000000e+00
27.38000000	5.59678780e+00	-6.93065940e+00	0.00000000e+00
27.40000000	5.25406938e+00	-7.17243147e+00	0.00000000e+00
27.42000000	4.90095917e+00	-7.39724239e+00	0.00000000e+00
27.44000000	4.53829764e+00	-7.60464896e+00	0.00000000e+00
27.46000000	4.16694392e+00	-7.79424973e+00	0.00000000e+00
27.48000000	3.78777377e+00	-7.96568572e+00	0.00000000e+00
27.50000000	3.40167743e+00	-8.11864111e+00	0.00000000e+00
27.52000000	3.00955754e+00	-8.25284380e+00	0.00000000e+00
27.54000000	2.61232691e+00	-8.36806587e+00	0.00000000e+00
27.56000000	2.21090644e+00	-8.46412395e+00	0.00000000e+00
27.58000000	1.80622289e+00	-8.54087944e+00	0.00000000e+00
27.60000000	1.39920669e+00	-8.59823868e+00	0.00000000e+00
27.62000000	9.90789791e-01	-8.63615294e+00	0.00000000e+00
27.64000000	5.81903477e-01	-8.65461842e+00	0.00000000e+00
27.66000000	1.73476180e-01	-8.65367600e+00	0.00000000e+00
27.68000000	-2.33568654e-01	-8.63341099e+00	0.00000000e+00
27.70000000	-6.38314702e-01	-8.59395274e+00	0.00000000e+00
27.72000000	-1.03985487e+00	-8.53547415e+00	0.00000000e+00
27.74000000	-1.43729335e+00	-8.45819110e+00	0.00000000e+00
27.76000000	-1.82974770e+00	-8.36236172e+00	0.00000000e+00
27.78000000	-2.21635078e+00	-8.24828562e+00	0.00000000e+00
27.80000000	-2.59625278e+00	-8.11630305e+00	0.00000000e+00
27.82000000	-2.96862305e+00	-7.96679387e+00	0.00000000e+00
27.84000000	-3.33265201e+00	-7.80017650e+00	0.00000000e+00
27.86000000	-3.68755290e+00	-7.61690683e+00	0.00000000e+00
27.88000000	-4.03256352e+00	-7.41747690e+00	0.00000000e+00
27.90000000	-4.36694793e+00	-7.20241364e+00	0.00000000e+00
27.92000000	-4.68999800e+00	-6.97227751e+00	0.00000000e+00
27.94000000	-5.00103493e+00	-6.72766095e+00	0.00000000e+00
27.96000000	-5.29941076e+00	-6.46918695e+00	0.00000000e+00
27.98000000	-5.58450964e+00	-6.19750740e+00	0.00000000e+00
28.00000000	-5.85574921e+00	-5.91330142e+00	0.00000000e+00
28.02000000	-6.11258171e+00	-5.61727371e+00	0.00000000e+00
28.04000000	-6.35449516e+00	-5.31015272e+00	0.00000000e+00
28.06000000	-6.58101436e+00	-4.99268889e+00	0.00000000e+00
28.08000000	-6.79170180e+00	-4.66565277e+00	0.00000000e+00
28.10000000	-6.98615852e+00	-4.32983310e+00	0.00000000e+00
28.12000000	-7.16402485e+00	-3.98603496e+00	0.00000000e+00
28.14000000	-7.32498104e+00	-3.63507772e+00	0.00000000e+00
28.16000000	-7.46874780e+00	-3.27779313e+00	0.00000000e+00
28.18000000	-7.59508681e+00	-2.91502328e+00	0.00000000e+00
28.20000000	-7.70380098e+00	-2.54761861e+00	0.00000000e+00
28.22000000	-7.79473476e+00	-2.17643587e+00	0.00000000e+00
28.24000000	-7.86777428e+00	-1.80233608e+00	0.00000000e+00
28.26000000	-7.92284740e+00	-1.42618254e+00	0.00000000e+00
28.28000000	-7.95992366e+00	-1.04883878e+00	0.00000000e+00
28.30000000	-7.97901413e+00	-6.71166519e-01	0.00000000e+00
28.32000000	-7.98017119e+00	-2.94023728e-01	0.00000000e+00
28.34000000	-7.96348816e+00	8.17374000e-02	0.00000000e+00
28.36000000	-7.92909888e+00	4.55272388e-01	0.00000000e+00
28.38000000	-7.87717721e+00	8.25746403e-01	0.00000000e+00
28.40000000	-7.80793637e+00	1.19233616e+00	0.00000000e+00
28.42000000	-7.72162824e+00	1.55423175e+00	0.00000000e+00
28.44000000	-7.61854258e+00	1.91063851e+00	0.00000000e+00
28.46000000	-7.49900614e+00	2.26077874e+00	0.00000000e+00
28.48000000	-7.36338170e+00	2.60389344e+00	0.00000000e+00
28.50000000	-7.21206702e+00	2.93924400e+00	0.00000000e+00
28.52000000	-7.04549371e+00	3.26611377e+00	0.00000000e+00
28.54000000	-6.86412606e+00	3.58380964e+00	0.00000000e+00
28.56000000	-6.66845976e+00	3.89166351e+00	0.00000000e+00
28.58000000	-6.45902056e+00	4.18903372e+00	0.00000000e+00
28.60000000	-6.23636289e+00	4.47530638e+00	0.00000000e+00
28.62000000	-6.00106840e+00	4.74989664e+00	0.00000000e+00
28.64000000	-5.75374442e+00	5.01224991e+00	0.00000000e+00
28.66000000	-5.49502246e+00	5.26184296e+00	0.00000000e+00
28.68000000	-5.22555652e+00	5.49818499e+00	0.00000000e+00
28.70000000	-4.94602149e+00	5.72081852e+00	0.00000000e+00
28.72000000	-4.65711145e+00	5.92932034e+00	0.00000000e+00
28.74000000	-4.35953789e+00	6.12330225e+00	0.00000000e+00
28.76000000	-4.05402802e+00	6.30241175e+00	0.00000000e+00
28.78000000	-3.74132290e+00	6.46633269e+00	0.00000000e+00
28.80000000	-3.42217571e+00	6.61478576e+00	0.00000000e+00
28.82000000	-3.09734986e+00	6.74752893e+00	0.00000000e+00
28.84000000	-2.76761718e+00	6.86435777e+00	0.00000000e+00
28.86000000	-2.43375605e+00	6.96510574e+00	0.00000000e+00
28.88000000	-2.09654956e+00	7.04964431e+00	0.00000000e+00
28.90000000	-1.75678364e+00	7.11788305e+00	0.00000000e+00
28.92000000	-1.41524522e+00	7.16976957e+00	0.00000000e+00
28.94000000	-1.07272039e+00	7.20528947e+00	0.00000000e+00
28.96000000	-7.29992553e-01	7.22446606e+00	0.00000000e+00
28.98000000	-3.87840638e-01	7.22736013e+00	0.00000000e+00
29.00000000	-4.70372960e-02	7.21406956e+00	0.00000000e+00
29.02000000	2.91652858e-01	7.18472882e+00	0.00000000e+00
29.04000000	6.27474977e-01	7.13950846e+00	0.00000000e+00
29.06000000	9.59685685e-01	7.07861450e+00	0.00000000e+00
29.08000000	1.28755473e+00	7.00228765e+00	0.00000000e+00
29.10000000	1.61036662e+00	6.91080259e+00	0.00000000e+00
29.12000000	1.92742216e+00	6.80446711e+00	0.00000000e+00
29.14000000	2.23804002e+00	6.68362112e+00	0.00000000e+00
29.16000000	2.54155819e+00	6.54863569e+00	0.00000000e+00
29.18000000	2.83733540e+00	6.39991197e+00	0.00000000e+00
29.20000000	3.12475246e+00	6.23788006e+00	0.00000000e+00
29.22000000	3.40321358e+00	6.06299781e+00	0.00000000e+00
29.24000000	3.67214762e+00	5.87574955e+00	0.00000000e+00
29.26000000	3.93100920e+00	5.67664481e+00	0.00000000e+00
29.28000000	4.17927986e+00	5.46621694e+00	0.00000000e+00
29.30000000	4.41646906e+00	5.24502172e+00	0.00000000e+00
29.32000000	4.64211513e+00	5.01363590e+00	0.00000000e+00
29.34000000	4.85578616e+00	4.77265571e+00	0.00000000e+00
29.36000000	5.05708082e+00	4.52269533e+00	0.00000000e+00
29.38000000	5.24562904e+00	4.26438536e+00	0.00000000e+00
29.40000000	5.42109270e+00	3.99837120e+00	0.00000000e+00
29.42000000	5.58316618e+00	3.72531145e+00	0.00000000e+00
29.44000000	5.73157685e+00	3.44587631e+00	0.00000000e+00
29.46000000	5.86608547e+00	3.16074588e+00	0.00000000e+00
29.48000000	5.98648651e+00	2.87060854e+00	0.00000000e+00
29.50000000	6.09260840e+00	2.57615929e+00	0.00000000e+00
29.52000000	6.18431369e+00	2.27809805e+00	0.00000000e+00
29.54000000	6.26149912e+00	1.97712802e+00	0.00000000e+00
29.56000000	6.32409561e+00	1.67395400e+00	0.00000000e+00
29.58000000	6.37206818e+00	1.36928071e+00	0.00000000e+00
29.60000000	6.40541582e+00	1.06381122e+00	0.00000000e+00
29.62000000	6.42417116e+00	7.58245218e-01	0.00000000e+00
29.64000000	6.42840023e+00	4.53277487e-01	0.00000000e+00
29.66000000	6.41820204e+00	1.49596273e-01	0.00000000e+00
29.68000000	6.39370806e+00	-1.52118262e-01	0.00000000e+00
29.70000000	6.35508174e+00	-4.51195566e-01	0.00000000e+00
29.72000000	6.30251785e+00	-7.46976195e-01	0.00000000e+00
29.74000000	6.23624179e+00	-1.03881327e+00	0.00000000e+00
29.76000000	6.15650886e+00	-1.32607389e+00	0.00000000e+00
29.78000000	6.06360341e+00	-1.60814050e+00	0.00000000e+00
29.80000000	5.95783797e+00	-1.88441225e+00	0.00000000e+00
29.82000000	5.83955231e+00	-2.15430622e+00	0.00000000e+00
29.84000000	5.70911242e+00	-2.41725868e+00	0.00000000e+00
29.86000000	5.56690949e+00	-2.67272625e+00	0.00000000e+00
29.88000000	5.41335876e+00	-2.92018702e+00	0.00000000e+00
29.90000000	5.24889840e+00	-3.15914158e+00	0.00000000e+00
29.92000000	5.07398826e+00	-3.38911405e+00	0.00000000e+00
29.94000000	4.88910871e+00	-3.60965298e+00	0.00000000e+00
29.96000000	4.69475926e+00	-3.82033221e+00	0.00000000e+00
29.98000000	4.49145731e+00	-4.02075169e+00	0.00000000e+00
30.00000000	4.27973679e+00	-4.21053819e+00	0.00000000e+00
30.02000000	4.06014674e+00	-4.38934599e+00	0.00000000e+00
30.04000000	3.83324998e+00	-4.55685741e+00	0.00000000e+00
30.06000000	3.59962160e+00	-4.71278339e+00	0.00000000e+00
30.08000000	3.35984760e+00	-4.85686390e+00	0.00000000e+00
30.10000000	3.11452336e+00	-4.98886833e+00	0.00000000e+00
30.12000000	2.86425224e+00	-5.10859579e+00	0.00000000e+00
30.14000000	2.60964403e+00	-5.21587532e+00	0.00000000e+00
30.16000000	2.35131356e+00	-5.31056609e+00	0.00000000e+00
30.18000000	2.08987916e+00	-5.39255743e+00	0.00000000e+00
30.20000000	1.82596118e+00	-5.46176888e+00	0.00000000e+00
30.22000000	1.56018057e+00	-5.51815010e+00	0.00000000e+00
30.24000000	1.29315741e+00	-5.56168076e+00	0.00000000e+00
30.26000000	1.02550943e+00	-5.59237035e+00	0.00000000e+00
30.28000000	7.57850628e-01	-5.61025787e+00	0.00000000e+00
30.30000000	4.90789848e-01	-5.61541153e+00	0.00000000e+00
30.32000000	2.24929403e-01	-5.60792831e+00	0.00000000e+00
30.34000000	-3.91362770e-02	-5.58793354e+00	0.00000000e+00
30.36000000	-3.00821971e-01	-5.55558031e+00	0.00000000e+00
30.38000000	-5.59552957e-01	-5.51104892e+00	0.00000000e+00
30.40000000	-8.14766262e-01	-5.45454621e+00	0.00000000e+00
30.42000000	-1.06591188e+00	-5.38630486e+00	0.00000000e+00
30.44000000	-1.31245396e+00	-5.30658259e+00	0.00000000e+00
30.46000000	-1.55387191e+00	-5.21566139e+00	0.00000000e+00
30.48000000	-1.78966150e+00	-5.11384662e+00	0.00000000e+00
30.50000000	-2.01933590e+00	-5.00146611e+00	0.00000000e+00
30.52000000	-2.24242667e+00	-4.87886916e+00	0.00000000e+00
30.54000000	-2.45848468e+00	-4.74642560e+00	0.00000000e+00
30.56000000	-2.66708100e+00	-4.60452469e+00	0.00000000e+00
30.58000000	-2.86780774e+00	-4.45357406e+00	0.00000000e+00
30.60000000	-3.06027878e+00	-4.29399858e+00	0.00000000e+00
30.62000000	-3.24413052e+00	-4.12623926e+00	0.00000000e+00
30.64000000	-3.41902252e+00	-3.95075200e+00	0.00000000e+00
30.66000000	-3.58463806e+00	-3.76800645e+00	0.00000000e+00
30.68000000	-3.74068471e+00	-3.57848477e+00	0.00000000e+00
30.70000000	-3.88689479e+00	-3.38268038e+00	0.00000000e+00
30.72000000	-4.02302573e+00	-3.18109671e+00	0.00000000e+00
30.74000000	-4.14886046e+00	-2.97424595e+00	0.00000000e+00
30.76000000	-4.26420768e+00	-2.76264773e+00	0.00000000e+00
30.78000000	-4.36890202e+00	-2.54682789e+00	0.00000000e+00
30.80000000	-4.46280428e+00	-2.32731713e+00	0.00000000e+00
30.82000000	-4.54580143e+00	-2.10464978e+00	0.00000000e+00
30.84000000	-4.61780667e+00	-1.87936250e+00	0.00000000e+00
30.86000000	-4.67875942e+00	-1.65199298e+00	0.00000000e+00
30.88000000	-4.72862514e+00	-1.42307868e+00	0.00000000e+00
30.90000000	-4.76739527e+00	-1.19315561e+00	0.00000000e+00
30.92000000	-4.79508691e+00	-9.62757032e-01	0.00000000e+00
30.94000000	-4.81174261e+00	-7.32412285e-01	0.00000000e+00
30.96000000	-4.81742999e+00	-5.02645555e-01	0.00000000e+00
30.98000000	-4.81224137e+00	-2.73974710e-01	0.00000000e+00
31.00000000	-4.79629329e+00	-4.69101390e-02	0.00000000e+00
31.02000000	-4.76972605e+00	1.78046367e-01	0.00000000e+00
31.04000000	-4.73270313e+00	4.00402707e-01	0.00000000e+00
31.06000000	-4.68541056e+00	6.19677535e-01	0.00000000e+00
31.08000000	-4.62805633e+00	8.35401280e-01	0.00000000e+00
31.10000000	-4.56086964e+00	1.04711713e+00	0.00000000e+00
31.12000000	-4.48410017e+00	1.25438199e+00	0.00000000e+00
31.14000000	-4.39801731e+00	1.45676736e+00	0.00000000e+00
31.16000000	-4.30290933e+00	1.65386024e+00	0.00000000e+00
31.18000000	-4.19908253e+00	1.84526390e+00	0.00000000e+00
31.20000000	-4.08686030e+00	2.03059869e+00	0.00000000e+00
31.22000000	-3.96658228e+00	2.20950272e+00	0.00000000e+00
31.24000000	-3.83860332e+00	2.38163257e+00	0.00000000e+00
31.26000000	-3.70329255e+00	2.54666391e+00	0.00000000e+00
31.28000000	-3.56103236e+00	2.70429203e+00	0.00000000e+00
31.30000000	-3.41221735e+00	2.85423241e+00	0.00000000e+00
31.32000000	-3.25725332e+00	2.99622116e+00	0.00000000e+00
31.34000000	-3.09655620e+00	3.13001541e+00	0.00000000e+00
31.36000000	-2.93055094e+00	3.25539373e+00	0.00000000e+00
31.38000000	-2.75967046e+00	3.37215637e+00	0.00000000e+00
31.40000000	-2.58435455e+00	3.48012555e+00	0.00000000e+00
31.42000000	-2.40504876e+00	3.57914562e+00	0.00000000e+00
31.44000000	-2.22220329e+00	3.66908323e+00	0.00000000e+00
31.46000000	-2.03627190e+00	3.74982741e+00	0.00000000e+00
31.48000000	-1.84771081e+00	3.82128958e+00	0.00000000e+00
31.50000000	-1.65697761e+00	3.88340355e+00	0.00000000e+00
31.52000000	-1.46453016e+00	3.93612545e+00	0.00000000e+00
31.54000000	-1.27082551e+00	3.97943357e+00	0.00000000e+00
31.56000000	-1.07631886e+00	4.01332821e+00	0.00000000e+00
31.58000000	-8.81462488e-01	4.03783145e+00	0.00000000e+00
31.60000000	-6.86704743e-01	4.05298685e+00	0.00000000e+00
31.62000000	-4.92489014e-01	4.05885914e+00	0.00000000e+00
31.64000000	-2.99252752e-01	4.05553386e+00	0.00000000e+00
31.66000000	-1.07426506e-01	4.04311689e+00	0.00000000e+00
31.68000000	8.25670160e-02	4.02173406e+00	0.00000000e+00
31.70000000	2.70313852e-01	3.99153058e+00	0.00000000e+00
31.72000000	4.55409667e-01	3.95267053e+00	0.00000000e+00
31.74000000	6.37460599e-01	3.90533625e+00	0.00000000e+00
31.76000000	8.16084069e-01	3.84972775e+00	0.00000000e+00
31.78000000	9.90909560e-01	3.78606202e+00	0.00000000e+00
31.80000000	1.16157936e+00	3.71457235e+00	0.00000000e+00
31.82000000	1.32774924e+00	3.63550763e+00	0.00000000e+00
31.84000000	1.48908916e+00	3.54913154e+00	0.00000000e+00
31.86000000	1.64528386e+00	3.45572183e+00	0.00000000e+00
31.88000000	1.79603343e+00	3.35556950e+00	0.00000000e+00
31.90000000	1.94105386e+00	3.24897794e+00	0.00000000e+00
31.92000000	2.08007755e+00	3.13626214e+00	0.00000000e+00
31.94000000	2.21285374e+00	3.01774777e+00	0.00000000e+00
31.96000000	2.33914890e+00	2.89377032e+00	0.00000000e+00
31.98000000	2.45874712e+00	2.76467422e+00	0.00000000e+00
32.00000000	2.57145038e+00	2.63081190e+00	0.00000000e+00
32.02000000	2.67707887e+00	2.49254291e+00	0.00000000e+00
32.04000000	2.77547118e+00	2.35023296e+00	0.00000000e+00
32.06000000	2.86648444e+00	2.20425303e+00	0.00000000e+00
32.08000000	2.94999454e+00	2.05497840e+00	0.00000000e+00
32.10000000	3.02589610e+00	1.90278776e+00	0.00000000e+00
32.12000000	3.09410259e+00	1.74806227e+00	0.00000000e+00
32.14000000	3.15454630e+00	1.59118460e+00	0.00000000e+00
32.16000000	3.20717826e+00	1.43253808e+00	0.00000000e+00
32.18000000	3.25196817e+00	1.27250575e+00	0.00000000e+00
32.20000000	3.28890424e+00	1.11146945e+00	0.00000000e+00
32.22000000	3.31799304e+00	9.49808995e-01	0.00000000e+00
32.24000000	3.33925923e+00	7.87901244e-01	0.00000000e+00
32.26000000	3.35274532e+00	6.26119285e-01	0.00000000e+00
32.28000000	3.35851137e+00	4.64831588e-01	0.00000000e+00
32.30000000	3.35663463e+00	3.04401199e-01	0.00000000e+00
32.32000000	3.34720918e+00	1.45184947e-01	0.00000000e+00
32.34000000	3.33034548e+00	-1.24673230e-02	0.00000000e+00
32.36000000	3.30616995e+00	-1.68213492e-01	0.00000000e+00
32.38000000	3.27482450e+00	-3.21719874e-01	0.00000000e+00
32.40000000	3.23646597e+00	-4.72661911e-01	0.00000000e+00
32.42000000	3.19126563e+00	-6.20724823e-01	0.00000000e+00
32.44000000	3.13940855e+00	-7.65604234e-01	0.00000000e+00
32.46000000	3.08109310e+00	-9.07006765e-01	0.00000000e+00
32.48000000	3.01653022e+00	-1.04465059e+00	0.00000000e+00
32.50000000	2.94594285e+00	-1.17826598e+00	0.00000000e+00
32.52000000	2.86956522e+00	-1.30759576e+00	0.00000000e+00
32.54000000	2.78764219e+00	-1.43239579e+00	0.00000000e+00
32.56000000	2.70042855e+00	-1.55243539e+00	0.00000000e+00
32.58000000	2.60818828e+00	-1.66749768e+00	0.00000000e+00
32.60000000	2.51119382e+00	-1.77737998e+00	0.00000000e+00
32.62000000	2.40972535e+00	-1.88189407e+00	0.00000000e+00
32.64000000	2.30407004e+00	-1.98086649e+00	0.00000000e+00
32.66000000	2.19452124e+00	-2.07413874e+00	0.00000000e+00
32.68000000	2.08137779e+00	-2.16156749e+00	0.00000000e+00
32.70000000	1.96494318e+00	-2.24302475e+00	0.00000000e+00
32.72000000	1.84552484e+00	-2.31839794e+00	0.00000000e+00
32.74000000	1.72343330e+00	-2.38759000e+00	0.00000000e+00
32.76000000	1.59898151e+00	-2.45051941e+00	0.00000000e+00
32.78000000	1.47248399e+00	-2.50712022e+00	0.00000000e+00
32.80000000	1.34425610e+00	-2.55734197e+00	0.00000000e+00
32.82000000	1.21461333e+00	-2.60114965e+00	0.00000000e+00
32.84000000	1.08387049e+00	-2.63852359e+00	0.00000000e+00
32.86000000	9.52341011e-01	-2.66945929e+00	0.00000000e+00
32.88000000	8.20336225e-01	-2.69396726e+00	0.00000000e+00
32.90000000	6.88164654e-01	-2.71207283e+00	0.00000000e+00
32.92000000	5.56131315e-01	-2.72381587e+00	0.00000000e+00
32.94000000	4.24537053e-01	-2.72925051e+00	0.00000000e+00
32.96000000	2.93677880e-01	-2.72844486e+00	0.00000000e+00
32.98000000	1.63844342e-01	-2.72148068e+00	0.00000000e+00
33.00000000	3.53209020e-02	-2.70845299e+00	0.00000000e+00
33.02000000	-9.16146520e-02	-2.68946965e+00	0.00000000e+00
33.04000000	-2.16691775e-01	-2.66465104e+00	0.00000000e+00
33.06000000	-3.39647712e-01	-2.63412952e+00	0.00000000e+00
33.08000000	-4.60228018e-01	-2.59804900e+00	0.00000000e+00
33.10000000	-5.78187046e-01	-2.55656448e+00	0.00000000e+00
33.12000000	-6.93288420e-01	-2.50984148e+00	0.00000000e+00
33.14000000	-8.05305467e-01	-2.45805560e+00	0.00000000e+00
33.16000000	-9.14021627e-01	-2.40139190e+00	0.00000000e+00
33.18000000	-1.01923084e+00	-2.34004437e+00	0.00000000e+00
33.20000000	-1.12073787e+00	-2.27421536e+00	0.00000000e+00
33.22000000	-1.21835868e+00	-2.20411502e+00	0.00000000e+00
33.24000000	-1.31192064e+00	-2.12996065e+00	0.00000000e+00
33.26000000	-1.40126285e+00	-2.05197613e+00	0.00000000e+00
33.28000000	-1.48623636e+00	-1.97039128e+00	0.00000000e+00
33.30000000	-1.56670432e+00	-1.88544130e+00	0.00000000e+00
33.32000000	-1.64254219e+00	-1.79736606e+00	0.00000000e+00
33.34000000	-1.71363785e+00	-1.70640955e+00	0.00000000e+00
33.36000000	-1.77989169e+00	-1.61281919e+00	0.00000000e+00
33.38000000	-1.84121671e+00	-1.51684525e+00	0.00000000e+00
33.40000000	-1.89753855e+00	-1.41874020e+00	0.00000000e+00
33.42000000	-1.94879546e+00	-1.31875805e+00	0.00000000e+00
33.44000000	-1.99493834e+00	-1.21715382e+00	0.00000000e+00
33.46000000	-2.03593061e+00	-1.11418284e+00	0.00000000e+00
33.48000000	-2.07174822e+00	-1.01010018e+00	0.00000000e+00
33.50000000	-2.10237946e+00	-9.05160052e-01	0.00000000e+00
33.52000000	-2.12782485e+00	-7.99615212e-01	0.00000000e+00
33.54000000	-2.14809699e+00	-6.93716393e-01	0.00000000e+00
33.56000000	-2.16322035e+00	-5.87711736e-01	0.00000000e+00
33.58000000	-2.17323105e+00	-4.81846240e-01	0.00000000e+00
33.60000000	-2.17817662e+00	-3.76361227e-01	0.00000000e+00
33.62000000	-2.17811573e+00	-2.71493823e-01	0.00000000e+00
33.64000000	-2.17311792e+00	-1.67476455e-01	0.00000000e+00
33.66000000	-2.16326324e+00	-6.45363690e-02	0.00000000e+00
33.68000000	-2.14864198e+00	3.71048410e-02	0.00000000e+00
33.70000000	-2.12935427e+00	1.37231669e-01	0.00000000e+00
33.72000000	-2.10550971e+00	2.35635132e-01	0.00000000e+00
33.74000000	-2.07722700e+00	3.32113165e-01	0.00000000e+00
33.76000000	-2.04463354e+00	4.26471009e-01	0.00000000e+00
33.78000000	-2.00786498e+00	5.18521563e-01	0.00000000e+00
33.80000000	-1.96706480e+00	6.08085726e-01	0.00000000e+00
33.82000000	-1.92238387e+00	6.94992702e-01	0.00000000e+00
33.84000000	-1.87397997e+00	7.79080294e-01	0.00000000e+00
33.86000000	-1.82201735e+00	8.60195160e-01	0.00000000e+00
33.88000000	-1.76666622e+00	9.38193057e-01	0.00000000e+00
33.90000000	-1.70810229e+00	1.01293905e+00	0.00000000e+00
33.92000000	-1.64650626e+00	1.08430770e+00	0.00000000e+00
33.94000000	-1.58206332e+00	1.15218322e+00	0.00000000e+00
33.96000000	-1.51496269e+00	1.21645965e+00	0.00000000e+00
33.98000000	-1.44539704e+00	1.27704088e+00	0.00000000e+00
34.00000000	-1.37356207e+00	1.33384086e+00	0.00000000e+00
34.02000000	-1.29965594e+00	1.38678354e+00	0.00000000e+00
34.04000000	-1.22387879e+00	1.43580300e+00	0.00000000e+00
34.06000000	-1.14643226e+00	1.48084340e+00	0.00000000e+00
34.08000000	-1.06751895e+00	1.52185898e+00	0.00000000e+00
34.10000000	-9.87341965e-01	1.55881407e+00	0.00000000e+00
34.12000000	-9.06104395e-01	1.59168296e+00	0.00000000e+00
34.14000000	-8.24008862e-01	1.62044987e+00	0.00000000e+00
34.16000000	-7.41257036e-01	1.64510879e+00	0.00000000e+00
34.18000000	-6.58049171e-01	1.66566342e+00	0.00000000e+00
34.20000000	-5.74583654e-01	1.68212698e+00	0.00000000e+00
34.22000000	-4.91056565e-01	1.69452202e+00	0.00000000e+00
34.24000000	-4.07661244e-01	1.70288029e+00	0.00000000e+00
34.26000000	-3.24587875e-01	1.70724248e+00	0.00000000e+00
34.28000000	-2.42023082e-01	1.70765800e+00	0.00000000e+00
34.30000000	-1.60149541e-01	1.70418476e+00	0.00000000e+00
34.32000000	-7.91456030e-02	1.69688890e+00	0.00000000e+00
34.34000000	8.15061000e-04	1.68584447e+00	0.00000000e+00
34.36000000	7.95638020e-02	1.67113321e+00	0.00000000e+00
34.38000000	1.56937320e-01	1.65284419e+00	0.00000000e+00
34.40000000	2.32777969e-01	1.63107349e+00	0.00000000e+00
34.42000000	3.06934049e-01	1.60592392e+00	0.00000000e+00
34.44000000	3.79260070e-01	1.57750460e+00	0.00000000e+00
34.46000000	4.49617011e-01	1.54593068e+00	0.00000000e+00
34.48000000	5.17872549e-01	1.51132293e+00	0.00000000e+00
34.50000000	5.83901270e-01	1.47380738e+00	0.00000000e+00
34.52000000	6.47584866e-01	1.43351497e+00	0.00000000e+00
34.54000000	7.08812305e-01	1.39058111e+00	0.00000000e+00
34.56000000	7.67479985e-01	1.34514535e+00	0.00000000e+00
34.58000000	8.23491869e-01	1.29735095e+00	0.00000000e+00
34.60000000	8.76759593e-01	1.24734451e+00	0.00000000e+00
34.62000000	9.27202565e-01	1.19527555e+00	0.00000000e+00
34.64000000	9.74748031e-01	1.14129610e+00	0.00000000e+00
34.66000000	1.01933113e+00	1.08556037e+00	0.00000000e+00
34.68000000	1.06089494e+00	1.02822425e+00	0.00000000e+00
34.70000000	1.09939047e+00	9.69445007e-01	0.00000000e+00
34.72000000	1.13477665e+00	9.09380830e-01	0.00000000e+00
34.74000000	1.16702036e+00	8.48190470e-01	0.00000000e+00
34.76000000	1.19609629e+00	7.86032848e-01	0.00000000e+00
34.78000000	1.22198700e+00	7.23066675e-01	0.00000000e+00
34.80000000	1.24468272e+00	6.59450081e-01	0.00000000e+00
34.82000000	1.26418134e+00	5.95340246e-01	0.00000000e+00
34.84000000	1.28048826e+00	5.30893045e-01	0.00000000e+00
34.86000000	1.29361626e+00	4.66262698e-01	0.00000000e+00
34.88000000	1.30358536e+00	4.01601429e-01	0.00000000e+00
34.90000000	1.31042268e+00	3.37059137e-01	0.00000000e+00
34.92000000	1.31416222e+00	2.72783079e-01	0.00000000e+00
34.94000000	1.31484471e+00	2.08917558e-01	0.00000000e+00
34.96000000	1.31251737e+00	1.45603630e-01	0.00000000e+00
34.98000000	1.30723376e+00	8.29788200e-02	0.00000000e+00
35.00000000	1.29905348e+00	2.11768510e-02	0.00000000e+00
35.02000000	1.28804198e+00	-3.96726110e-02	0.00000000e+00
35.04000000	1.27427028e+00	-9.94442050e-02	0.00000000e+00
35.06000000	1.25781475e+00	-1.58017099e-01	0.00000000e+00
35.08000000	1.23875682e+00	-2.15275208e-01	0.00000000e+00
35.10000000	1.21718269e+00	-2.71107392e-01	0.00000000e+00
35.12000000	1.19318309e+00	-3.25407643e-01	0.00000000e+00
35.14000000	1.16685298e+00	-3.78075251e-01	0.00000000e+00
35.16000000	1.13829121e+00	-4.29014962e-01	0.00000000e+00
35.18000000	1.10760029e+00	-4.78137114e-01	0.00000000e+00
35.20000000	1.07488605e+00	-5.25357761e-01	0.00000000e+00
35.22000000	1.04025735e+00	-5.70598778e-01	0.00000000e+00
35.24000000	1.00382576e+00	-6.13787956e-01	0.00000000e+00
35.26000000	9.65705256e-01	-6.54859075e-01	0.00000000e+00
35.28000000	9.26011908e-01	-6.93751966e-01	0.00000000e+00
35.30000000	8.84863580e-01	-7.30412552e-01	0.00000000e+00
35.32000000	8.42379611e-01	-7.64792882e-01	0.00000000e+00
35.34000000	7.98680512e-01	-7.96851141e-01	0.00000000e+00
35.36000000	7.53887657e-01	-8.26551653e-01	0.00000000e+00
35.38000000	7.08122984e-01	-8.53864859e-01	0.00000000e+00
35.40000000	6.61508694e-01	-8.78767295e-01	0.00000000e+00
35.42000000	6.14166956e-01	-9.01241539e-01	0.00000000e+00
35.44000000	5.66219617e-01	-9.21276161e-01	0.00000000e+00
35.46000000	5.17787921e-01	-9.38865644e-01	0.00000000e+00
35.48000000	4.68992225e-01	-9.54010304e-01	0.00000000e+00
35.50000000	4.19951733e-01	-9.66716192e-01	0.00000000e+00
35.52000000	3.70784228e-01	-9.76994981e-01	0.00000000e+00
35.54000000	3.21605816e-01	-9.84863849e-01	0.00000000e+00
35.56000000	2.72530681e-01	-9.90345345e-01	0.00000000e+00
35.58000000	2.23670842e-01	-9.93467244e-01	0.00000000e+00
35.60000000	1.75135924e-01	-9.94262395e-01	0.00000000e+00
35.62000000	1.27032935e-01	-9.92768558e-01	0.00000000e+00
35.64000000	7.94660620e-02	-9.89028231e-01	0.00000000e+00
35.66000000	3.25364640e-02	-9.83088470e-01	0.00000000e+00
35.68000000	-1.36579180e-02	-9.75000698e-01	0.00000000e+00
35.70000000	-5.90225330e-02	-9.64820511e-01	0.00000000e+00
35.72000000	-1.03466394e-01	-9.52607476e-01	0.00000000e+00
35.74000000	-1.46902233e-01	-9.38424918e-01	0.00000000e+00
35.76000000	-1.89246642e-01	-9.22339711e-01	0.00000000e+00
35.78000000	-2.30420212e-01	-9.04422052e-01	0.00000000e+00
35.80000000	-2.70347647e-01	-8.84745241e-01	0.00000000e+00
35.82000000	-3.08957878e-01	-8.63385455e-01	0.00000000e+00
35.84000000	-3.46184160e-01	-8.40421514e-01	0.00000000e+00
35.86000000	-3.81964153e-01	-8.15934648e-01	0.00000000e+00
35.88000000	-4.16239998e-01	-7.90008266e-01	0.00000000e+00
35.90000000	-4.48958376e-01	-7.62727715e-01	0.00000000e+00
35.92000000	-4.80070560e-01	-7.34180046e-01	0.00000000e+00
35.94000000	-5.09532447e-01	-7.04453777e-01	0.00000000e+00
35.96000000	-5.37304586e-01	-6.73638657e-01	0.00000000e+00
35.98000000	-5.63352193e-01	-6.41825428e-01	0.00000000e+00
36.00000000	-5.87645147e-01	-6.09105597e-01	0.00000000e+00
36.02000000	-6.10157989e-01	-5.75571198e-01	0.00000000e+00
36.04000000	-6.30869892e-01	-5.41314568e-01	0.00000000e+00
36.06000000	-6.49764640e-01	-5.06428121e-01	0.00000000e+00
36.08000000	-6.66830576e-01	-4.71004124e-01	0.00000000e+00
36.10000000	-6.82060559e-01	-4.35134482e-01	0.00000000e+00
36.12000000	-6.95451893e-01	-3.98910526e-01	0.00000000e+00
36.14000000	-7.07006264e-01	-3.62422800e-01	0.00000000e+00
36.16000000	-7.16729651e-01	-3.25760865e-01	0.00000000e+00
36.18000000	-7.24632242e-01	-2.89013101e-01	0.00000000e+00
36.20000000	-7.30728332e-01	-2.52266513e-01	0.00000000e+00
36.22000000	-7.35036218e-01	-2.15606556e-01	0.00000000e+00
36.24000000	-7.37578080e-01	-1.79116948e-01	0.00000000e+00
36.26000000	-7.38379867e-01	-1.42879512e-01	0.00000000e+00
36.28000000	-7.37471160e-01	-1.06974006e-01	0.00000000e+00
36.30000000	-7.34885042e-01	-7.14779720e-02	0.00000000e+00
36.32000000	-7.30657953e-01	-3.64665950e-02	0.00000000e+00
36.34000000	-7.24829545e-01	-2.01255900e-03	0.00000000e+00
36.36000000	-7.17442531e-01	3.18140790e-02	0.00000000e+00
36.38000000	-7.08542523e-01	6.49460070e-02	0.00000000e+00
36.40000000	-6.98177876e-01	9.73187730e-02	0.00000000e+00
36.42000000	-6.86399522e-01	1.28870884e-01	0.00000000e+00
36.44000000	-6.73260799e-01	1.59543903e-01	0.00000000e+00
36.46000000	-6.58817284e-01	1.89282531e-01	0.00000000e+00
36.48000000	-6.43126616e-01	2.18034680e-01	0.00000000e+00
36.50000000	-6.26248325e-01	2.45751545e-01	0.00000000e+00
36.52000000	-6.08243652e-01	2.72387656e-01	0.00000000e+00
36.54000000	-5.89175371e-01	2.97900928e-01	0.00000000e+00
36.56000000	-5.69107615e-01	3.22252701e-01	0.00000000e+00
36.58000000	-5.48105694e-01	3.45407766e-01	0.00000000e+00
36.60000000	-5.26235920e-01	3.67334390e-01	0.00000000e+00
36.62000000	-5.03565428e-01	3.88004325e-01	0.00000000e+00
36.64000000	-4.80162002e-01	4.07392813e-01	0.00000000e+00
36.66000000	-4.56093899e-01	4.25478583e-01	0.00000000e+00
36.68000000	-4.31429680e-01	4.42243833e-01	0.00000000e+00
36.70000000	-4.06238038e-01	4.57674212e-01	0.00000000e+00
36.72000000	-3.80587632e-01	4.71758790e-01	0.00000000e+00
36.74000000	-3.54546922e-01	4.84490020e-01	0.00000000e+00
36.76000000	-3.28184014e-01	4.95863694e-01	0.00000000e+00
36.78000000	-3.01566497e-01	5.05878889e-01	0.00000000e+00
36.80000000	-2.74761294e-01	5.14537911e-01	0.00000000e+00
36.82000000	-2.47834516e-01	5.21846228e-01	0.00000000e+00
36.84000000	-2.20851315e-01	5.27812397e-01	0.00000000e+00
36.86000000	-1.93875749e-01	5.32447988e-01	0.00000000e+00
36.88000000	-1.66970649e-01	5.35767495e-01	0.00000000e+00
36.90000000	-1.40197489e-01	5.37788253e-01	0.00000000e+00
36.92000000	-1.13616269e-01	5.38530338e-01	0.00000000e+00
36.94000000	-8.72853940e-02	5.38016469e-01	0.00000000e+00
36.96000000	-6.12615670e-02	5.36271906e-01	0.00000000e+00
36.98000000	-3.55996850e-02	5.33324335e-01	0.00000000e+00
37.00000000	-1.03527430e-02	5.29203764e-01	0.00000000e+00
37.02000000	1.44282600e-02	5.23942401e-01	0.00000000e+00
37.04000000	3.86944030e-02	5.17574537e-01	0.00000000e+00
37.06000000	6.23989210e-02	5.10136425e-01	0.00000000e+00
37.08000000	8.54972770e-02	5.01666154e-01	0.00000000e+00
37.10000000	1.07947223e-01	4.92203525e-01	0.00000000e+00
37.12000000	1.29708863e-01	4.81789920e-01	0.00000000e+00
37.14000000	1.50744698e-01	4.70468176e-01	0.00000000e+00
37.16000000	1.71019674e-01	4.58282451e-01	0.00000000e+00
37.18000000	1.90501215e-01	4.45278095e-01	0.00000000e+00
37.20000000	2.09159260e-01	4.31501516e-01	0.00000000e+00
37.22000000	2.26966278e-01	4.17000051e-01	0.00000000e+00
37.24000000	2.43897292e-01	4.01821834e-01	0.00000000e+00
37.26000000	2.59929886e-01	3.86015663e-01	0.00000000e+00
37.28000000	2.75044212e-01	3.69630873e-01	0.00000000e+00
37.30000000	2.89222984e-01	3.52717204e-01	0.00000000e+00
37.32000000	3.02451473e-01	3.35324676e-01	0.00000000e+00
37.34000000	3.14717490e-01	3.17503466e-01	0.00000000e+00
37.36000000	3.26011369e-01	2.99303777e-01	0.00000000e+00
37.38000000	3.36325937e-01	2.80775724e-01	0.00000000e+00
37.40000000	3.45656486e-01	2.61969214e-01	0.00000000e+00
37.42000000	3.54000733e-01	2.42933827e-01	0.00000000e+00
37.44000000	3.61358779e-01	2.23718706e-01	0.00000000e+00
37.46000000	3.67733064e-01	2.04372450e-01	0.00000000e+00
37.48000000	3.73128312e-01	1.84943001e-01	0.00000000e+00
37.50000000	3.77551476e-01	1.65477549e-01	0.00000000e+00
37.52000000	3.81011678e-01	1.46022430e-01	0.00000000e+00
37.54000000	3.83520141e-01	1.26623031e-01	0.00000000e+00
37.56000000	3.85090125e-01	1.07323703e-01	0.00000000e+00
37.58000000	3.85736852e-01	8.81676700e-02	0.00000000e+00
37.60000000	3.85477431e-01	6.91969540e-02	0.00000000e+00
37.62000000	3.84330777e-01	5.04522900e-02	0.00000000e+00
37.64000000	3.82317535e-01	3.19730620e-02	0.00000000e+00
37.66000000	3.79459991e-01	1.37972290e-02	0.00000000e+00
37.68000000	3.75781986e-01	-4.03873400e-03	0.00000000e+00
37.70000000	3.71308831e-01	-2.14998960e-02	0.00000000e+00
37.72000000	3.66067212e-01	-3.85529230e-02	0.00000000e+00
37.74000000	3.60085101e-01	-5.51661240e-02	0.00000000e+00
37.76000000	3.53391665e-01	-7.13094950e-02	0.00000000e+00
37.78000000	3.46017164e-01	-8.69547610e-02	0.00000000e+00
37.80000000	3.37992867e-01	-1.02075403e-01	0.00000000e+00
37.82000000	3.29350945e-01	-1.16646690e-01	0.00000000e+00
37.84000000	3.20124385e-01	-1.30645701e-01	0.00000000e+00
37.86000000	3.10346887e-01	-1.44051345e-01	0.00000000e+00
37.88000000	3.00052774e-01	-1.56844373e-01	0.00000000e+00
37.90000000	2.89276892e-01	-1.69007386e-01	0.00000000e+00
37.92000000	2.78054518e-01	-1.80524842e-01	0.00000000e+00
37.94000000	2.66421267e-01	-1.91383055e-01	0.00000000e+00
37.96000000	2.54412996e-01	-2.01570186e-01	0.00000000e+00
37.98000000	2.42065716e-01	-2.11076239e-01	0.00000000e+00
38.00000000	2.29415501e-01	-2.19893046e-01	0.00000000e+00
38.02000000	2.16498398e-01	-2.28014244e-01	0.00000000e+00
38.04000000	2.03350345e-01	-2.35435263e-01	0.00000000e+00
38.06000000	1.90007083e-01	-2.42153289e-01	0.00000000e+00
38.08000000	1.76504075e-01	-2.48167244e-01	0.00000000e+00
38.10000000	1.62876424e-01	-2.53477747e-01	0.00000000e+00
38.12000000	1.49158802e-01	-2.58087079e-01	0.00000000e+00
38.14000000	1.35385370e-01	-2.61999145e-01	0.00000000e+00
38.16000000	1.21589706e-01	-2.65219425e-01	0.00000000e+00
38.18000000	1.07804740e-01	-2.67754937e-01	0.00000000e+00
38.20000000	9.40626860e-02	-2.69614180e-01	0.00000000e+00
38.22000000	8.03949770e-02	-2.70807087e-01	0.00000000e+00
38.24000000	6.68322100e-02	-2.71344969e-01	0.00000000e+00
38.26000000	5.34040870e-02	-2.71240462e-01	0.00000000e+00
38.28000000	4.01393620e-02	-2.70507463e-01	0.00000000e+00
38.30000000	2.70657920e-02	-2.69161076e-01	0.00000000e+00
38.32000000	1.42100900e-02	-2.67217548e-01	0.00000000e+00
38.34000000	1.59788600e-03	-2.64694204e-01	0.00000000e+00
38.36000000	-1.07463170e-02	-2.61609385e-01	0.00000000e+00
38.38000000	-2.27991750e-02	-2.57982382e-01	0.00000000e+00
38.40000000	-3.45385350e-02	-2.53833366e-01	0.00000000e+00
38.42000000	-4.59434650e-02	-2.49183326e-01	0.00000000e+00
38.44000000	-5.69942790e-02	-2.44053997e-01	0.00000000e+00
38.46000000	-6.76725550e-02	-2.38467794e-01	0.00000000e+00
38.48000000	-7.79611550e-02	-2.32447740e-01	0.00000000e+00
38.50000000	-8.78442380e-02	-2.26017402e-01	0.00000000e+00
38.52000000	-9.73072730e-02	-2.19200820e-01	0.00000000e+00
38.54000000	-1.06337042e-01	-2.12022439e-01	0.00000000e+00
38.56000000	-1.14921647e-01	-2.04507040e-01	0.00000000e+00
38.58000000	-1.23050511e-01	-1.96679675e-01	0.00000000e+00
38.60000000	-1.30714372e-01	-1.88565602e-01	0.00000000e+00
38.62000000	-1.37905281e-01	-1.80190214e-01	0.00000000e+00
38.64000000	-1.44616588e-01	-1.71578981e-01	0.00000000e+00
38.66000000	-1.50842936e-01	-1.62757381e-01	0.00000000e+00
38.68000000	-1.56580242e-01	-1.53750844e-01	0.00000000e+00
38.70000000	-1.61825681e-01	-1.44584687e-01	0.00000000e+00
38.72000000	-1.66577664e-01	-1.35284056e-01	0.00000000e+00
38.74000000	-1.70835818e-01	-1.25873873e-01	0.00000000e+00
38.76000000	-1.74600957e-01	-1.16378774e-01	0.00000000e+00
38.78000000	-1.77875056e-01	-1.06823059e-01	0.00000000e+00
38.80000000	-1.80661223e-01	-9.72306430e-02	0.00000000e+00
38.82000000	-1.82963662e-01	-8.76250010e-02	0.00000000e+00
38.84000000	-1.84787644e-01	-7.80291260e-02	0.00000000e+00
38.86000000	-1.86139467e-01	-6.84654790e-02	0.00000000e+00
38.88000000	-1.87026420e-01	-5.89559520e-02	0.00000000e+00
38.90000000	-1.87456745e-01	-4.95218210e-02	0.00000000e+00
38.92000000	-1.87439591e-01	-4.01837140e-02	0.00000000e+00
38.94000000	-1.86984979e-01	-3.09615700e-02	0.00000000e+00
38.96000000	-1.86103754e-01	-2.18746100e-02	0.00000000e+00
38.98000000	-1.84807541e-01	-1.29413050e-02	0.00000000e+00
39.00000000	-1.83108700e-01	-4.17934600e-03	0.00000000e+00
39.02000000	-1.81020280e-01	4.39438000e-03	0.00000000e+00
39.04000000	-1.78555974e-01	1.27638110e-02	0.00000000e+00
39.06000000	-1.75730068e-01	2.09137360e-02	0.00000000e+00
39.08000000	-1.72557394e-01	2.88298090e-02	0.00000000e+00
39.10000000	-1.69053284e-01	3.64985640e-02	0.00000000e+00
39.12000000	-1.65233520e-01	4.39074310e-02	0.00000000e+00
39.14000000	-1.61114287e-01	5.10447460e-02	0.00000000e+00
39.16000000	-1.56712123e-01	5.78997550e-02	0.00000000e+00
39.18000000	-1.52043872e-01	6.44626250e-02	0.00000000e+00
39.20000000	-1.47126635e-01	7.07244470e-02	0.00000000e+00
39.22000000	-1.41977726e-01	7.66772300e-02	0.00000000e+00
39.24000000	-1.36614623e-01	8.23139090e-02	0.00000000e+00
39.26000000	-1.31054920e-01	8.76283360e-02	0.00000000e+00
39.28000000	-1.25316285e-01	9.26152750e-02	0.00000000e+00
39.30000000	-1.19416414e-01	9.72703940e-02	0.00000000e+00
39.32000000	-1.13372987e-01	1.01590257e-01	0.00000000e+00
39.34000000	-1.07203627e-01	1.05572310e-01	0.00000000e+00
39.36000000	-1.00925857e-01	1.09214868e-01	0.00000000e+00
39.38000000	-9.45570600e-02	1.12517099e-01	0.00000000e+00
39.40000000	-8.81144400e-02	1.15479009e-01	0.00000000e+00
39.42000000	-8.16149840e-02	1.18101417e-01	0.00000000e+00
39.44000000	-7.50754260e-02	1.20385943e-01	0.00000000e+00
39.46000000	-6.85122140e-02	1.22334979e-01	0.00000000e+00
39.48000000	-6.19414730e-02	1.23951667e-01	0.00000000e+00
39.50000000	-5.53789750e-02	1.25239876e-01	0.00000000e+00
39.52000000	-4.88401090e-02	1.26204176e-01	0.00000000e+00
39.54000000	-4.23398520e-02	1.26849808e-01	0.00000000e+00
39.56000000	-3.58927410e-02	1.27182660e-01	0.00000000e+00
39.58000000	-2.95128510e-02	1.27209233e-01	0.00000000e+00
39.60000000	-2.32137660e-02	1.26936615e-01	0.00000000e+00
39.62000000	-1.70085650e-02	1.26372448e-01	0.00000000e+00
39.64000000	-1.09097920e-02	1.25524898e-01	0.00000000e+00
39.66000000	-4.92944600e-03	1.24402623e-01	0.00000000e+00
39.68000000	9.21037000e-04	1.23014739e-01	0.00000000e+00
39.70000000	6.63080400e-03	1.21370789e-01	0.00000000e+00
39.72000000	1.21895910e-02	1.19480708e-01	0.00000000e+00
39.74000000	1.75877390e-02	1.17354792e-01	0.00000000e+00
39.76000000	2.28162010e-02	1.15003662e-01	0.00000000e+00
39.78000000	2.78665520e-02	1.12438234e-01	0.00000000e+00
39.80000000	3.27309920e-02	1.09669680e-01	0.00000000e+00
39.82000000	3.74023530e-02	1.06709401e-01	0.00000000e+00
39.84000000	4.18741020e-02	1.03568991e-01	0.00000000e+00
39.86000000	4.61403380e-02	1.00260203e-01	0.00000000e+00
39.88000000	5.01957960e-02	9.67949180e-02	0.00000000e+00
39.90000000	5.40358430e-02	9.31851150e-02	0.00000000e+00
39.92000000	5.76564750e-02	8.94428350e-02	0.00000000e+00
39.94000000	6.10543110e-02	8.55801530e-02	0.00000000e+00
39.96000000	6.42265890e-02	8.16091490e-02	0.00000000e+00
39.98000000	6.71711520e-02	7.75418760e-02	0.00000000e+00
40.00000000	6.98864490e-02	7.33903310e-02	0.00000000e+00
40.02000000	7.23715140e-02	6.91664310e-02	0.00000000e+00
40.04000000	7.46259610e-02	6.48819790e-02	0.00000000e+00
40.06000000	7.66499710e-02	6.05486460e-02	0.00000000e+00
40.08000000	7.84442720e-02	5.61779390e-02	0.00000000e+00
40.10000000	8.00101340e-02	5.17811790e-02	0.00000000e+00
40.12000000	8.13493440e-02	4.73694810e-02	0.00000000e+00
40.14000000	8.24641930e-02	4.29537260e-02	0.00000000e+00
40.16000000	8.33574610e-02	3.85445440e-02	0.00000000e+00
40.18000000	8.40323940e-02	3.41522940e-02	0.00000000e+00
40.20000000	8.44926860e-02	2.97870420e-02	0.00000000e+00
40.22000000	8.47424600e-02	2.54585500e-02	0.00000000e+00
40.24000000	8.47862510e-02	2.11762490e-02	0.00000000e+00
40.26000000	8.46289760e-02	1.69492360e-02	0.00000000e+00
40.28000000	8.42759240e-02	1.27862490e-02	0.00000000e+00
40.30000000	8.37327240e-02	8.69566300e-03	0.00000000e+00
40.32000000	8.30053300e-02	4.68547200e-03	0.00000000e+00
40.34000000	8.20999960e-02	7.63282000e-04	0.00000000e+00
40.36000000	8.10232530e-02	-3.06369800e-03	0.00000000e+00
40.38000000	7.97818870e-02	-6.78866800e-03	0.00000000e+00
40.40000000	7.83829150e-02	-1.04052370e-02	0.00000000e+00
40.42000000	7.68335660e-02	-1.39074350e-02	0.00000000e+00
40.44000000	7.51412530e-02	-1.72897150e-02	0.00000000e+00
40.46000000	7.33135540e-02	-2.05469550e-02	0.00000000e+00
40.48000000	7.13581880e-02	-2.36744600e-02	0.00000000e+00
40.50000000	6.92829940e-02	-2.66679670e-02	0.00000000e+00
40.52000000	6.70959050e-02	-2.95236410e-02	0.00000000e+00
40.54000000	6.48049330e-02	-3.22380750e-02	0.00000000e+00
40.56000000	6.24181410e-02	-3.48082880e-02	0.00000000e+00
40.58000000	5.99436260e-02	-3.72317210e-02	0.00000000e+00
40.60000000	5.73894950e-02	-3.95062360e-02	0.00000000e+00
40.62000000	5.47638480e-02	-4.16301050e-02	0.00000000e+00
40.64000000	5.20747580e-02	-4.36020110e-02	0.00000000e+00
40.66000000	4.93302500e-02	-4.54210360e-02	0.00000000e+00
40.68000000	4.65382850e-02	-4.70866560e-02	0.00000000e+00
40.70000000	4.37067380e-02	-4.85987300e-02	0.00000000e+00
40.72000000	4.08433850e-02	-4.99574950e-02	0.00000000e+00
40.74000000	3.79558860e-02	-5.11635520e-02	0.00000000e+00
40.76000000	3.50517660e-02	-5.22178560e-02	0.00000000e+00
40.78000000	3.21384030e-02	-5.31217090e-02	0.00000000e+00
40.80000000	2.92230130e-02	-5.38767440e-02	0.00000000e+00
40.82000000	2.63126340e-02	-5.44849110e-02	0.00000000e+00
40.84000000	2.34141160e-02	-5.49484710e-02	0.00000000e+00
40.86000000	2.05341090e-02	-5.52699770e-02	0.00000000e+00
40.88000000	1.76790490e-02	-5.54522620e-02	0.00000000e+00
40.90000000	1.48551490e-02	-5.54984270e-02	0.00000000e+00
40.92000000	1.20683900e-02	-5.54118220e-02	0.00000000e+00
40.94000000	9.32451300e-03	-5.51960380e-02	0.00000000e+00
40.96000000	6.62900700e-03	-5.48548860e-02	0.00000000e+00
40.98000000	3.98710600e-03	-5.43923860e-02	0.00000000e+00
41.00000000	1.40378200e-03	-5.38127510e-02	0.00000000e+00
41.02000000	-1.11626500e-03	-5.31203690e-02	0.00000000e+00
41.04000000	-3.56860500e-03	-5.23197920e-02	0.00000000e+00
41.06000000	-5.94908700e-03	-5.14157190e-02	0.00000000e+00
41.08000000	-8.25384000e-03	-5.04129810e-02	0.00000000e+00
41.10000000	-1.04792740e-02	-4.93165230e-02	0.00000000e+00
41.12000000	-1.26220880e-02	-4.81313940e-02	0.00000000e+00
41.14000000	-1.46792620e-02	-4.68627270e-02	0.00000000e+00
41.16000000	-1.66480640e-02	-4.55157280e-02	0.00000000e+00
41.18000000	-1.85260450e-02	-4.40956590e-02	0.00000000e+00
41.20000000	-2.03110420e-02	-4.26078260e-02	0.00000000e+00
41.22000000	-2.20011730e-02	-4.10575610e-02	0.00000000e+00
41.24000000	-2.35948340e-02	-3.94502110e-02	0.00000000e+00
41.26000000	-2.50906990e-02	-3.77911260e-02	0.00000000e+00
41.28000000	-2.64877120e-02	-3.60856410e-02	0.00000000e+00
41.30000000	-2.77850870e-02	-3.43390680e-02	0.00000000e+00
41.32000000	-2.89822990e-02	-3.25566810e-02	0.00000000e+00
41.34000000	-3.00790820e-02	-3.07437030e-02	0.00000000e+00
41.36000000	-3.10754200e-02	-2.89052980e-02	0.00000000e+00
41.38000000	-3.19715430e-02	-2.70465570e-02	0.00000000e+00
41.40000000	-3.27679190e-02	-2.51724880e-02	0.00000000e+00
41.42000000	-3.34652460e-02	-2.32880060e-02	0.00000000e+00
41.44000000	-3.40644450e-02	-2.13979220e-02	0.00000000e+00
41.46000000	-3.45666540e-02	-1.95069380e-02	0.00000000e+00
41.48000000	-3.49732140e-02	-1.76196320e-02	0.00000000e+00
41.50000000	-3.52856680e-02	-1.57404560e-02	0.00000000e+00
41.52000000	-3.55057460e-02	-1.38737230e-02	0.00000000e+00
41.54000000	-3.56353560e-02	-1.20236050e-02	0.00000000e+00
41.56000000	-3.56765800e-02	-1.01941220e-02	0.00000000e+00
41.58000000	-3.56316590e-02	-8.38913800e-03	0.00000000e+00
41.60000000	-3.55029860e-02	-6.61235800e-03	0.00000000e+00
41.62000000	-3.52930920e-02	-4.86731800e-03	0.00000000e+00
41.64000000	-3.50046440e-02	-3.15738400e-03	0.00000000e+00
41.66000000	-3.46404270e-02	-1.48574700e-03	0.00000000e+00
41.68000000	-3.42033390e-02	1.44579000e-04	0.00000000e+00
41.70000000	-3.36963780e-02	1.73076000e-03	0.00000000e+00
41.72000000	-3.31226340e-02	3.27014800e-03	0.00000000e+00
41.74000000	-3.24852760e-02	4.76027600e-03	0.00000000e+00
41.76000000	-3.17875470e-02	6.19886500e-03	0.00000000e+00
41.78000000	-3.10327500e-02	7.58382200e-03	0.00000000e+00
41.80000000	-3.02242390e-02	8.91323900e-03	0.00000000e+00
41.82000000	-2.93654090e-02	1.01853990e-02	0.00000000e+00
41.84000000	-2.84596890e-02	1.13987650e-02	0.00000000e+00
41.86000000	-2.75105300e-02	1.25519900e-02	0.00000000e+00
41.88000000	-2.65213970e-02	1.36439070e-02	0.00000000e+00
41.90000000	-2.54957600e-02	1.46735300e-02	0.00000000e+00
41.92000000	-2.44370850e-02	1.56400540e-02	0.00000000e+00
41.94000000	-2.33488260e-02	1.65428480e-02	0.00000000e+00
41.96000000	-2.22344150e-02	1.73814550e-02	0.00000000e+00
41.98000000	-2.10972580e-02	1.81555860e-02	0.00000000e+00
42.00000000	-1.99407240e-02	1.88651180e-02	0.00000000e+00
42.02000000	-1.87681360e-02	1.95100900e-02	0.00000000e+00
42.04000000	-1.75827710e-02	2.00906990e-02	0.00000000e+00
42.06000000	-1.63878450e-02	2.06072910e-02	0.00000000e+00
42.08000000	-1.51865120e-02	2.10603610e-02	0.00000000e+00
42.10000000	-1.39818550e-02	2.14505480e-02	0.00000000e+00
42.12000000	-1.27768830e-02	2.17786240e-02	0.00000000e+00
42.14000000	-1.15745230e-02	2.20454960e-02	0.00000000e+00
42.16000000	-1.03776160e-02	2.22521920e-02	0.00000000e+00
42.18000000	-9.18891200e-03	2.23998640e-02	0.00000000e+00
42.20000000	-8.01106800e-03	2.24897740e-02	0.00000000e+00
42.22000000	-6.84663900e-03	2.25232920e-02	0.00000000e+00
42.24000000	-5.69807800e-03	2.25018880e-02	0.00000000e+00
42.26000000	-4.56773400e-03	2.24271290e-02	0.00000000e+00
42.28000000	-3.45784400e-03	2.23006670e-02	0.00000000e+00
42.30000000	-2.37053600e-03	2.21242370e-02	0.00000000e+00
42.32000000	-1.30782300e-03	2.18996480e-02	0.00000000e+00
42.34000000	-2.71602000e-04	2.16287790e-02	0.00000000e+00
42.36000000	7.36347000e-04	2.13135700e-02	0.00000000e+00
42.38000000	1.71436100e-03	2.09560140e-02	0.00000000e+00
42.40000000	2.66089800e-03	2.05581580e-02	0.00000000e+00
42.42000000	3.57453600e-03	2.01220870e-02	0.00000000e+00
42.44000000	4.45397100e-03	1.96499230e-02	0.00000000e+00
42.46000000	5.29802200e-03	1.91438210e-02	0.00000000e+00
42.48000000	6.10562500e-03	1.86059550e-02	0.00000000e+00
42.50000000	6.87583700e-03	1.80385200e-02	0.00000000e+00
42.52000000	7.60783100e-03	1.74437210e-02	0.00000000e+00
42.54000000	8.30089900e-03	1.68237700e-02	0.00000000e+00
42.56000000	8.95444800e-03	1.61808800e-02	0.00000000e+00
42.58000000	9.56799600e-03	1.55172560e-02	0.00000000e+00
42.60000000	1.01411770e-02	1.48350940e-02	0.00000000e+00
42.62000000	1.06737320e-02	1.41365750e-02	0.00000000e+00
42.64000000	1.11655090e-02	1.34238590e-02	0.00000000e+00
42.66000000	1.16164610e-02	1.26990780e-02	0.00000000e+00
42.68000000	1.20266420e-02	1.19643380e-02	0.00000000e+00
42.70000000	1.23962070e-02	1.12217070e-02	0.00000000e+00
42.72000000	1.27254050e-02	1.04732170e-02	0.00000000e+00
42.74000000	1.30145770e-02	9.72085400e-03	0.00000000e+00
42.76000000	1.32641540e-02	8.96656200e-03	0.00000000e+00
42.78000000	1.34746500e-02	8.21223000e-03	0.00000000e+00
42.80000000	1.36466650e-02	7.45969900e-03	0.00000000e+00
42.82000000	1.37808730e-02	6.71074900e-03	0.00000000e+00
42.84000000	1.38780230e-02	5.96710300e-03	0.00000000e+00
42.86000000	1.39389360e-02	5.23042300e-03	0.00000000e+00
42.88000000	1.39644960e-02	4.50230500e-03	0.00000000e+00
42.90000000	1.39556510e-02	3.78427900e-03	0.00000000e+00
42.92000000	1.39134070e-02	3.07780800e-03	0.00000000e+00
42.94000000	1.38388220e-02	2.38428300e-03	0.00000000e+00
42.96000000	1.37330060e-02	1.70502500e-03	0.00000000e+00
42.98000000	1.35971120e-02	1.04128100e-03	0.00000000e+00
43.00000000	1.34323370e-02	3.94225000e-04	0.00000000e+00
43.02000000	1.32399120e-02	-2.35043000e-04	0.00000000e+00
43.04000000	1.30211030e-02	-8.45500000e-04	0.00000000e+00
43.06000000	1.27772050e-02	-1.43619800e-03	0.00000000e+00
43.08000000	1.25095370e-02	-2.00626500e-03	0.00000000e+00
43.10000000	1.22194380e-02	-2.55490400e-03	0.00000000e+00
43.12000000	1.19082670e-02	-3.08139500e-03	0.00000000e+00
43.14000000	1.15773930e-02	-3.58509400e-03	0.00000000e+00
43.16000000	1.12281950e-02	-4.06542900e-03	0.00000000e+00
43.18000000	1.08620580e-02	-4.52190500e-03	0.00000000e+00
43.20000000	1.04803690e-02	-4.95409900e-03	0.00000000e+00
43.22000000	1.00845120e-02	-5.36166100e-03	0.00000000e+00
43.24000000	9.67586900e-03	-5.74431000e-03	0.00000000e+00
43.26000000	9.25581100e-03	-6.10183700e-03	0.00000000e+00
43.28000000	8.82569700e-03	-6.43410100e-03	0.00000000e+00
43.30000000	8.38687400e-03	-6.74102500e-03	0.00000000e+00
43.32000000	7.94067000e-03	-7.02260000e-03	0.00000000e+00
43.34000000	7.48839300e-03	-7.27887800e-03	0.00000000e+00
43.36000000	7.03132700e-03	-7.50997400e-03	0.00000000e+00
43.38000000	6.57073200e-03	-7.71605900e-03	0.00000000e+00
43.40000000	6.10783900e-03	-7.89736300e-03	0.00000000e+00
43.42000000	5.64384800e-03	-8.05417100e-03	0.00000000e+00
43.44000000	5.17993000e-03	-8.18681900e-03	0.00000000e+00
43.46000000	4.71721700e-03	-8.29569400e-03	0.00000000e+00
43.48000000	4.25680900e-03	-8.38122900e-03	0.00000000e+00
43.50000000	3.79976400e-03	-8.44390400e-03	0.00000000e+00
43.52000000	3.34710500e-03	-8.48424100e-03	0.00000000e+00
43.54000000	2.89981100e-03	-8.50280100e-03	0.00000000e+00
43.56000000	2.45881900e-03	-8.50018400e-03	0.00000000e+00
43.58000000	2.02502500e-03	-8.47702300e-03	0.00000000e+00
43.60000000	1.59927900e-03	-8.43398500e-03	0.00000000e+00
43.62000000	1.18238600e-03	-8.37176600e-03	0.00000000e+00
43.64000000	7.75105000e-04	-8.29108900e-03	0.00000000e+00
43.66000000	3.78151000e-04	-8.19270100e-03	0.00000000e+00
43.68000000	-7.81039000e-06	-8.07737100e-03	0.00000000e+00
43.70000000	-3.82160000e-04	-7.94588800e-03	0.00000000e+00
43.72000000	-7.44324000e-04	-7.79905600e-03	0.00000000e+00
43.74000000	-1.09377900e-03	-7.63769600e-03	0.00000000e+00
43.76000000	-1.43004500e-03	-7.46263800e-03	0.00000000e+00
43.78000000	-1.75269300e-03	-7.27472200e-03	0.00000000e+00
43.80000000	-2.06133700e-03	-7.07479600e-03	0.00000000e+00
43.82000000	-2.35564000e-03	-6.86371100e-03	0.00000000e+00
43.84000000	-2.63530900e-03	-6.64232300e-03	0.00000000e+00
43.86000000	-2.90009600e-03	-6.41148300e-03	0.00000000e+00
43.88000000	-3.14979900e-03	-6.17204600e-03	0.00000000e+00
43.90000000	-3.38425800e-03	-5.92485900e-03	0.00000000e+00
43.92000000	-3.60335700e-03	-5.67076300e-03	0.00000000e+00
43.94000000	-3.80702000e-03	-5.41059300e-03	0.00000000e+00
43.96000000	-3.99521400e-03	-5.14517200e-03	0.00000000e+00
43.98000000	-4.16794200e-03	-4.87531300e-03	0.00000000e+00
44.00000000	-4.32524900e-03	-4.60181400e-03	0.00000000e+00
44.02000000	-4.46721400e-03	-4.32545800e-03	0.00000000e+00
44.04000000	-4.59395500e-03	-4.04701400e-03	0.00000000e+00
44.06000000	-4.70562200e-03	-3.76723000e-03	0.00000000e+00
44.08000000	-4.80239800e-03	-3.48683600e-03	0.00000000e+00
44.10000000	-4.88449800e-03	-3.20654200e-03	0.00000000e+00
44.12000000	-4.95216800e-03	-2.92703500e-03	0.00000000e+00
44.14000000	-5.00568100e-03	-2.64898000e-03	0.00000000e+00
44.16000000	-5.04533800e-03	-2.37301900e-03	0.00000000e+00
44.18000000	-5.07146500e-03	-2.09976700e-03	0.00000000e+00
44.20000000	-5.08441100e-03	-1.82981500e-03	0.00000000e+00
44.22000000	-5.08454800e-03	-1.56372900e-03	0.00000000e+00
44.24000000	-5.07227000e-03	-1.30204500e-03	0.00000000e+00
44.26000000	-5.04798700e-03	-1.04527500e-03	0.00000000e+00
44.28000000	-5.01212900e-03	-7.93900000e-04	0.00000000e+00
44.30000000	-4.96514000e-03	-5.48376000e-04	0.00000000e+00
44.32000000	-4.90747900e-03	-3.09128000e-04	0.00000000e+00
44.34000000	-4.83961800e-03	-7.65538000e-05	0.00000000e+00
44.36000000	-4.76203800e-03	1.48979000e-04	0.00000000e+00
44.38000000	-4.67523200e-03	3.67130000e-04	0.00000000e+00
44.40000000	-4.57970000e-03	5.77589000e-04	0.00000000e+00
44.42000000	-4.47594800e-03	7.80074000e-04	0.00000000e+00
44.44000000	-4.36448700e-03	9.74333000e-04	0.00000000e+00
44.46000000	-4.24583200e-03	1.16013900e-03	0.00000000e+00
44.48000000	-4.12049900e-03	1.33729600e-03	0.00000000e+00
44.50000000	-3.98900500e-03	1.50563500e-03	0.00000000e+00
44.52000000	-3.85186900e-03	1.66501300e-03	0.00000000e+00
44.54000000	-3.70960500e-03	1.81531700e-03	0.00000000e+00
44.56000000	-3.56272400e-03	1.95645600e-03	0.00000000e+00
44.58000000	-3.41173500e-03	2.08836700e-03	0.00000000e+00
44.60000000	-3.25713800e-03	2.21101400e-03	0.00000000e+00
44.62000000	-3.09943100e-03	2.32438000e-03	0.00000000e+00
44.64000000	-2.93910100e-03	2.42847700e-03	0.00000000e+00
44.66000000	-2.77662600e-03	2.52333700e-03	0.00000000e+00
44.68000000	-2.61247700e-03	2.60901500e-03	0.00000000e+00
44.70000000	-2.44711300e-03	2.68558600e-03	0.00000000e+00
44.72000000	-2.28098200e-03	2.75314800e-03	0.00000000e+00
44.74000000	-2.11451900e-03	2.81181700e-03	0.00000000e+00
44.76000000	-1.94814800e-03	2.86172600e-03	0.00000000e+00
44.78000000	-1.78227900e-03	2.90302900e-03	0.00000000e+00
44.80000000	-1.61730600e-03	2.93589500e-03	0.00000000e+00
44.82000000	-1.45361100e-03	2.96050800e-03	0.00000000e+00
44.84000000	-1.29156000e-03	2.97706900e-03	0.00000000e+00
44.86000000	-1.13150100e-03	2.98579100e-03	0.00000000e+00
44.88000000	-9.73770000e-04	2.98690200e-03	0.00000000e+00
44.90000000	-8.18685000e-04	2.98063900e-03	0.00000000e+00
44.92000000	-6.66545000e-04	2.96725200e-03	0.00000000e+00
44.94000000	-5.17635000e-04	2.94700200e-03	0.00000000e+00
44.96000000	-3.72223000e-04	2.92015500e-03	0.00000000e+00
44.98000000	-2.30558000e-04	2.88699100e-03	0.00000000e+00
45.00000000	-9.28727000e-05	2.84779100e-03	0.00000000e+00
45.02000000	4.06180000e-05	2.80284600e-03	0.00000000e+00
45.04000000	1.69716000e-04	2.75245200e-03	0.00000000e+00
45.06000000	2.94241000e-04	2.69690700e-03	0.00000000e+00
45.08000000	4.14029000e-04	2.63651400e-03	0.00000000e+00
45.10000000	5.28935000e-04	2.57158000e-03	0.00000000e+00
45.12000000	6.38829000e-04	2.50241000e-03	0.00000000e+00
45.14000000	7.43599000e-04	2.42931400e-03	0.00000000e+00
45.16000000	8.43148000e-04	2.35259900e-03	0.00000000e+00
45.18000000	9.37397000e-04	2.27257200e-03	0.00000000e+00
45.20000000	1.02628200e-03	2.18954000e-03	0.00000000e+00
45.22000000	1.10975400e-03	2.10380500e-03	0.00000000e+00
45.24000000	1.18778000e-03	2.01566900e-03	0.00000000e+00
45.26000000	1.26034100e-03	1.92542800e-03	0.00000000e+00
45.28000000	1.32743300e-03	1.83337500e-03	0.00000000e+00
45.30000000	1.38906700e-03	1.73979800e-03	0.00000000e+00
45.32000000	1.44526400e-03	1.64498000e-03	0.00000000e+00
45.34000000	1.49606200e-03	1.54919800e-03	0.00000000e+00
45.36000000	1.54150900e-03	1.45272000e-03	0.00000000e+00
45.38000000	1.58166400e-03	1.35581100e-03	0.00000000e+00
45.40000000	1.61660100e-03	1.25872700e-03	0.00000000e+00
45.42000000	1.64640100e-03	1.16171400e-03	0.00000000e+00
45.44000000	1.67115800e-03	1.06501300e-03	0.00000000e+00
45.46000000	1.69097300e-03	9.68854000e-04	0.00000000e+00
45.48000000	1.70596000e-03	8.73461000e-04	0.00000000e+00
45.50000000	1.71623800e-03	7.79047000e-04	0.00000000e+00
45.52000000	1.72193500e-03	6.85814000e-04	0.00000000e+00
45.54000000	1.72318800e-03	5.93957000e-04	0.00000000e+00
45.56000000	1.72013800e-03	5.03661000e-04	0.00000000e+00
45.58000000	1.71293400e-03	4.15100000e-04	0.00000000e+00
45.60000000	1.70173100e-03	3.28438000e-04	0.00000000e+00
45.62000000	1.68668700e-03	2.43830000e-04	0.00000000e+00
45.64000000	1.66796800e-03	1.61419000e-04	0.00000000e+00
45.66000000	1.64574000e-03	8.13400000e-05	0.00000000e+00
45.68000000	1.62017400e-03	3.71525000e-06	0.00000000e+00
45.70000000	1.59144500e-03	-7.13416000e-05	0.00000000e+00
45.72000000	1.55973000e-03	-1.43727000e-04	0.00000000e+00
45.74000000	1.52520500e-03	-2.13350000e-04	0.00000000e+00
45.76000000	1.48805100e-03	-2.80125000e-04	0.00000000e+00
45.78000000	1.44844600e-03	-3.43981000e-04	0.00000000e+00
45.80000000	1.40657300e-03	-4.04854000e-04	0.00000000e+00
45.82000000	1.36261000e-03	-4.62691000e-04	0.00000000e+00
45.84000000	1.31673800e-03	-5.17447000e-04	0.00000000e+00
45.86000000	1.26913400e-03	-5.69088000e-04	0.00000000e+00
45.88000000	1.21997500e-03	-6.17589000e-04	0.00000000e+00
45.90000000	1.16943700e-03	-6.62931000e-04	0.00000000e+00
45.92000000	1.11769100e-03	-7.05107000e-04	0.00000000e+00
45.94000000	1.06490900e-03	-7.44117000e-04	0.00000000e+00
45.96000000	1.01125700e-03	-7.79967000e-04	0.00000000e+00
45.98000000	9.56898000e-04	-8.12675000e-04	0.00000000e+00
46.00000000	9.01993000e-04	-8.42263000e-04	0.00000000e+00
46.02000000	8.46698000e-04	-8.68761000e-04	0.00000000e+00
46.04000000	7.91164000e-04	-8.92206000e-04	0.00000000e+00
46.06000000	7.35538000e-04	-9.12642000e-04	0.00000000e+00
46.08000000	6.79965000e-04	-9.30118000e-04	0.00000000e+00
46.10000000	6.24581000e-04	-9.44691000e-04	0.00000000e+00
46.12000000	5.69519000e-04	-9.56421000e-04	0.00000000e+00
46.14000000	5.14906000e-04	-9.65374000e-04	0.00000000e+00
46.16000000	4.60865000e-04	-9.71621000e-04	0.00000000e+00
46.18000000	4.07513000e-04	-9.75238000e-04	0.00000000e+00
46.20000000	3.54959000e-04	-9.76306000e-04	0.00000000e+00
46.22000000	3.03310000e-04	-9.74906000e-04	0.00000000e+00
46.24000000	2.52664000e-04	-9.71126000e-04	0.00000000e+00
46.26000000	2.03115000e-04	-9.65057000e-04	0.00000000e+00
46.28000000	1.54751000e-04	-9.56790000e-04	0.00000000e+00
46.30000000	1.07652000e-04	-9.46422000e-04	0.00000000e+00
46.32000000	6.18947000e-05	-9.34049000e-04	0.00000000e+00
46.34000000	1.75485000e-05	-9.19772000e-04	0.00000000e+00
46.36000000	-2.53230000e-05	-9.03690000e-04	0.00000000e+00
46.38000000	-6.66620000e-05	-8.85906000e-04	0.00000000e+00
46.40000000	-1.06417000e-04	-8.66523000e-04	0.00000000e+00
46.42000000	-1.44541000e-04	-8.45643000e-04	0.00000000e+00
46.44000000	-1.80994000e-04	-8.23371000e-04	0.00000000e+00
46.46000000	-2.15742000e-04	-7.99810000e-04	0.00000000e+00
46.48000000	-2.48755000e-04	-7.75063000e-04	0.00000000e+00
46.50000000	-2.80009000e-04	-7.49235000e-04	0.00000000e+00
46.52000000	-3.09485000e-04	-7.22426000e-04	0.00000000e+00
46.54000000	-3.37171000e-04	-6.94738000e-04	0.00000000e+00
46.56000000	-3.63058000e-04	-6.66271000e-04	0.00000000e+00
46.58000000	-3.87142000e-04	-6.37124000e-04	0.00000000e+00
46.60000000	-4.09425000e-04	-6.07394000e-04	0.00000000e+00
46.62000000	-4.29912000e-04	-5.77175000e-04	0.00000000e+00
46.64000000	-4.48614000e-04	-5.46561000e-04	0.00000000e+00
46.66000000	-4.65545000e-04	-5.15643000e-04	0.00000000e+00
46.68000000	-4.80722000e-04	-4.84509000e-04	0.00000000e+00
46.70000000	-4.94169000e-04	-4.53246000e-04	0.00000000e+00
46.72000000	-5.05912000e-04	-4.21936000e-04	0.00000000e+00
46.74000000	-5.15978000e-04	-3.90662000e-04	0.00000000e+00
46.76000000	-5.24402000e-04	-3.59500000e-04	0.00000000e+00
46.78000000	-5.31219000e-04	-3.28525000e-04	0.00000000e+00
46.80000000	-5.36467000e-04	-2.97809000e-04	0.00000000e+00
46.82000000	-5.40188000e-04	-2.67422000e-04	0.00000000e+00
46.84000000	-5.42425000e-04	-2.37428000e-04	0.00000000e+00
46.86000000	-5.43224000e-04	-2.07889000e-04	0.00000000e+00
46.88000000	-5.42633000e-04	-1.78865000e-04	0.00000000e+00
46.90000000	-5.40703000e-04	-1.50411000e-04	0.00000000e+00
46.92000000	-5.37484000e-04	-1.22579000e-04	0.00000000e+00
46.94000000	-5.33030000e-04	-9.54181000e-05	0.00000000e+00
46.96000000	-5.27396000e-04	-6.89735000e-05	0.00000000e+00
46.98000000	-5.20636000e-04	-4.32871000e-05	0.00000000e+00
47.00000000	-5.12808000e-04	-1.83975000e-05	0.00000000e+00
47.02000000	-5.03969000e-04	5.66011000e-06	0.00000000e+00
47.04000000	-4.94176000e-04	2.88540000e-05	0.00000000e+00
47.06000000	-4.83488000e-04	5.11557000e-05	0.00000000e+00
47.08000000	-4.71964000e-04	7.25399000e-05	0.00000000e+00
47.10000000	-4.59662000e-04	9.29847000e-05	0.00000000e+00
47.12000000	-4.46641000e-04	1.12471000e-04	0.00000000e+00
47.14000000	-4.32959000e-04	1.30984000e-04	0.00000000e+00
47.16000000	-4.18674000e-04	1.48510000e-04	0.00000000e+00
47.18000000	-4.03843000e-04	1.65040000e-04	0.00000000e+00
47.20000000	-3.88524000e-04	1.80567000e-04	0.00000000e+00
47.22000000	-3.72773000e-04	1.95087000e-04	0.00000000e+00
47.24000000	-3.56646000e-04	2.08598000e-04	0.00000000e+00
47.26000000	-3.40195000e-04	2.21103000e-04	0.00000000e+00
47.28000000	-3.23475000e-04	2.32605000e-04	0.00000000e+00
47.30000000	-3.06538000e-04	2.43110000e-04	0.00000000e+00
47.32000000	-2.89435000e-04	2.52628000e-04	0.00000000e+00
47.34000000	-2.72214000e-04	2.61168000e-04	0.00000000e+00
47.36000000	-2.54925000e-04	2.68744000e-04	0.00000000e+00
47.38000000	-2.37612000e-04	2.75372000e-04	0.00000000e+00
47.40000000	-2.20322000e-04	2.81068000e-04	0.00000000e+00
47.42000000	-2.03097000e-04	2.85850000e-04	0.00000000e+00
47.44000000	-1.85979000e-04	2.89740000e-04	0.00000000e+00
47.46000000	-1.69008000e-04	2.92758000e-04	0.00000000e+00
47.48000000	-1.52221000e-04	2.94930000e-04	0.00000000e+00
47.50000000	-1.35656000e-04	2.96279000e-04	0.00000000e+00
47.52000000	-1.19345000e-04	2.96832000e-04	0.00000000e+00
47.54000000	-1.03322000e-04	2.96615000e-04	0.00000000e+00
47.56000000	-8.76166000e-05	2.95657000e-04	0.00000000e+00
47.58000000	-7.22581000e-05	2.93987000e-04	0.00000000e+00
47.60000000	-5.72730000e-05	2.91634000e-04	0.00000000e+00
47.62000000	-4.26859000e-05	2.88630000e-04	0.00000000e+00
47.64000000	-2.85199000e-05	2.85006000e-04	0.00000000e+00
47.66000000	-1.47958000e-05	2.80792000e-04	0.00000000e+00
47.68000000	-1.53281000e-06	2.76022000e-04	0.00000000e+00
47.70000000	1.12520000e-05	2.70727000e-04	0.00000000e+00
47.72000000	2.35431000e-05	2.64940000e-04	0.00000000e+00
47.74000000	3.53271000e-05	2.58693000e-04	0.00000000e+00
47.76000000	4.65923000e-05	2.52019000e-04	0.00000000e+00
47.78000000	5.73285000e-05	2.44951000e-04	0.00000000e+00
47.80000000	6.75277000e-05	2.37520000e-04	0.00000000e+00
47.82000000	7.71832000e-05	2.29760000e-04	0.00000000e+00
47.84000000	8.62901000e-05	2.21701000e-04	0.00000000e+00
47.86000000	9.48450000e-05	2.13376000e-04	0.00000000e+00
47.88000000	1.02846000e-04	2.04815000e-04	0.00000000e+00
47.90000000	1.10293000e-04	1.96049000e-04	0.00000000e+00
47.92000000	1.17188000e-04	1.87107000e-04	0.00000000e+00
47.94000000	1.23531000e-04	1.78020000e-04	0.00000000e+00
47.96000000	1.29329000e-04	1.68815000e-04	0.00000000e+00
47.98000000	1.34585000e-04	1.59520000e-04	0.00000000e+00
48.00000000	1.39306000e-04	1.50163000e-04	0.00000000e+00
48.02000000	1.43499000e-04	1.40770000e-04	0.00000000e+00
48.04000000	1.47174000e-04	1.31366000e-04	0.00000000e+00
48.06000000	1.50339000e-04	1.21975000e-04	0.00000000e+00
48.08000000	1.53005000e-04	1.12622000e-04	0.00000000e+00
48.10000000	1.55184000e-04	1.03328000e-04	0.00000000e+00
48.12000000	1.56888000e-04	9.41163000e-05	0.00000000e+00
48.14000000	1.58131000e-04	8.50064000e-05	0.00000000e+00
48.16000000	1.58925000e-04	7.60180000e-05	0.00000000e+00
48.18000000	1.59286000e-04	6.71700000e-05	0.00000000e+00
48.20000000	1.59228000e-04	5.84797000e-05	0.00000000e+00
48.22000000	1.58768000e-04	4.99637000e-05	0.00000000e+00
48.24000000	1.57921000e-04	4.16374000e-05	0.00000000e+00
48.26000000	1.56703000e-04	3.35151000e-05	0.00000000e+00
48.28000000	1.55132000e-04	2.56102000e-05	0.00000000e+00
48.30000000	1.53224000e-04	1.79349000e-05	0.00000000e+00
48.32000000	1.50998000e-04	1.05004000e-05	0.00000000e+00
48.34000000	1.48470000e-04	3.31693000e-06	0.00000000e+00
48.36000000	1.45659000e-04	-3.60642000e-06	0.00000000e+00
48.38000000	1.42581000e-04	-1.02615000e-05	0.00000000e+00
48.40000000	1.39256000e-04	-1.66412000e-05	0.00000000e+00
48.42000000	1.35700000e-04	-2.27393000e-05	0.00000000e+00
48.44000000	1.31931000e-04	-2.85507000e-05	0.00000000e+00
48.46000000	1.27968000e-04	-3.40711000e-05	0.00000000e+00
48.48000000	1.23827000e-04	-3.92971000e-05	0.00000000e+00
48.50000000	1.19526000e-04	-4.42263000e-05	0.00000000e+00
48.52000000	1.15081000e-04	-4.88571000e-05	0.00000000e+00
48.54000000	1.10510000e-04	-5.31887000e-05	0.00000000e+00
48.56000000	1.05830000e-04	-5.72212000e-05	0.00000000e+00
48.58000000	1.01056000e-04	-6.09554000e-05	0.00000000e+00
48.60000000	9.62038000e-05	-6.43929000e-05	0.00000000e+00
48.62000000	9.12894000e-05	-6.75359000e-05	0.00000000e+00
48.64000000	8.63276000e-05	-7.03874000e-05	0.00000000e+00
48.66000000	8.13330000e-05	-7.29511000e-05	0.00000000e+00
48.68000000	7.63197000e-05	-7.52311000e-05	0.00000000e+00
48.70000000	7.13014000e-05	-7.72322000e-05	0.00000000e+00
48.72000000	6.62912000e-05	-7.89599000e-05	0.00000000e+00
48.74000000	6.13016000e-05	-8.04199000e-05	0.00000000e+00
48.76000000	5.63450000e-05	-8.16186000e-05	0.00000000e+00
48.78000000	5.14326000e-05	-8.25628000e-05	0.00000000e+00
48.80000000	4.65757000e-05	-8.32597000e-05	0.00000000e+00
48.82000000	4.17846000e-05	-8.37168000e-05	0.00000000e+00
48.84000000	3.70692000e-05	-8.39420000e-05	0.00000000e+00
48.86000000	3.24389000e-05	-8.39436000e-05	0.00000000e+00
48.88000000	2.79024000e-05	-8.37300000e-05	0.00000000e+00
48.90000000	2.34678000e-05	-8.33100000e-05	0.00000000e+00
48.92000000	1.91427000e-05	-8.26925000e-05	0.00000000e+00
48.94000000	1.49343000e-05	-8.18866000e-05	0.00000000e+00
48.96000000	1.08488000e-05	-8.09016000e-05	0.00000000e+00
48.98000000	6.89222000e-06	-7.97468000e-05	0.00000000e+00
49.00000000	3.06987000e-06	-7.84317000e-05	0.00000000e+00
49.02000000	-6.13473000e-07	-7.69659000e-05	0.00000000e+00
49.04000000	-4.15359000e-06	-7.53588000e-05	0.00000000e+00
49.06000000	-7.54679000e-06	-7.36201000e-05	0.00000000e+00
49.08000000	-1.07899000e-05	-7.17593000e-05	0.00000000e+00
49.10000000	-1.38803000e-05	-6.97859000e-05	0.00000000e+00
49.12000000	-1.68157000e-05	-6.77093000e-05	0.00000000e+00
49.14000000	-1.95946000e-05	-6.55388000e-05	0.00000000e+00
49.16000000	-2.22158000e-05	-6.32838000e-05	0.00000000e+00
49.18000000	-2.46784000e-05	-6.09533000e-05	0.00000000e+00
49.20000000	-2.69822000e-05	-5.85562000e-05	0.00000000e+00
49.22000000	-2.91274000e-05	-5.61014000e-05	0.00000000e+00
49.24000000	-3.11145000e-05	-5.35973000e-05	0.00000000e+00
49.26000000	-3.29443000e-05	-5.10525000e-05	0.00000000e+00
49.28000000	-3.46184000e-05	-4.84752000e-05	0.00000000e+00
49.30000000	-3.61382000e-05	-4.58731000e-05	0.00000000e+00
49.32000000	-3.75058000e-05	-4.32541000e-05	0.00000000e+00
49.34000000	-3.87236000e-05	-4.06257000e-05	0.00000000e+00
49.36000000	-3.97941000e-05	-3.79950000e-05	0.00000000e+00
49.38000000	-4.07204000e-05	-3.53689000e-05	0.00000000e+00
49.40000000	-4.15055000e-05	-3.27542000e-05	0.00000000e+00
49.42000000	-4.21530000e-05	-3.01571000e-05	0.00000000e+00
49.44000000	-4.26665000e-05	-2.75837000e-05	0.00000000e+00
49.46000000	-4.30498000e-05	-2.50399000e-05	0.00000000e+00
49.48000000	-4.33070000e-05	-2.25310000e-05	0.00000000e+00
49.50000000	-4.34424000e-05	-2.00623000e-05	0.00000000e+00
49.52000000	-4.34603000e-05	-1.76386000e-05	0.00000000e+00
49.54000000	-4.33653000e-05	-1.52644000e-05	0.00000000e+00
49.56000000	-4.31621000e-05	-1.29441000e-05	0.00000000e+00
49.58000000	-4.28553000e-05	-1.06816000e-05	0.00000000e+00
49.60000000	-4.24499000e-05	-8.48039000e-06	0.00000000e+00
49.62000000	-4.19507000e-05	-6.34397000e-06	0.00000000e+00
49.64000000	-4.13628000e-05	-4.27532000e-06	0.00000000e+00
49.66000000	-4.06911000e-05	-2.27719000e-06	0.00000000e+00
49.68000000	-3.99407000e-05	-3.52016000e-07	0.00000000e+00
49.70000000	-3.91166000e-05	1.49804000e-06	0.00000000e+00
49.72000000	-3.82238000e-05	3.27109000e-06	0.00000000e+00
49.74000000	-3.72675000e-05	4.96555000e-06	0.00000000e+00
49.76000000	-3.62525000e-05	6.58008000e-06	0.00000000e+00
49.78000000	-3.51839000e-05	8.11360000e-06	0.00000000e+00
49.80000000	-3.40666000e-05	9.56531000e-06	0.00000000e+00
49.82000000	-3.29053000e-05	1.09346000e-05	0.00000000e+00
49.84000000	-3.17049000e-05	1.22212000e-05	0.00000000e+00
49.86000000	-3.04700000e-05	1.34250000e-05	0.00000000e+00
49.88000000	-2.92053000e-05	1.45462000e-05	0.00000000e+00
49.90000000	-2.79152000e-05	1.55850000e-05	0.00000000e+00
49.92000000	-2.66040000e-05	1.65419000e-05	0.00000000e+00
49.94000000	-2.52762000e-05	1.74178000e-05	0.00000000e+00
49.96000000	-2.39357000e-05	1.82136000e-05	0.00000000e+00
49.98000000	-2.25867000e-05	1.89303000e-05	0.00000000e+00
50.00000000	-2.12329000e-05	1.95693000e-05	0.00000000e+00
50.02000000	-1.98782000e-05	2.01319000e-05	0.00000000e+00
50.04000000	-1.85260000e-05	2.06196000e-05	0.00000000e+00
50.06000000	-1.71799000e-05	2.10343000e-05	0.00000000e+00
50.08000000	-1.58431000e-05	2.13777000e-05	0.00000000e+00
50.10000000	-1.45188000e-05	2.16518000e-05	0.00000000e+00
50.12000000	-1.32099000e-05	2.18586000e-05	0.00000000e+00
50.14000000	-1.19192000e-05	2.20002000e-05	0.00000000e+00
50.16000000	-1.06495000e-05	2.20789000e-05	0.00000000e+00
50.18000000	-9.40315000e-06	2.20970000e-05	0.00000000e+00
50.20000000	-8.18253000e-06	2.20569000e-05	0.00000000e+00
50.22000000	-6.98982000e-06	2.19610000e-05	0.00000000e+00
50.24000000	-5.82702000e-06	2.18118000e-05	0.00000000e+00
50.26000000	-4.69600000e-06	2.16118000e-05	0.00000000e+00
50.28000000	-3.59844000e-06	2.13637000e-05	0.00000000e+00
50.30000000	-2.53588000e-06	2.10699000e-05	0.00000000e+00
50.32000000	-1.50971000e-06	2.07331000e-05	0.00000000e+00
50.34000000	-5.21163000e-07	2.03558000e-05	0.00000000e+00
50.36000000	4.28680000e-07	1.99409000e-05	0.00000000e+00
50.38000000	1.33888000e-06	1.94907000e-05	0.00000000e+00
50.40000000	2.20864000e-06	1.90080000e-05	0.00000000e+00
50.42000000	3.03732000e-06	1.84953000e-05	0.00000000e+00
50.44000000	3.82437000e-06	1.79552000e-05	0.00000000e+00
50.46000000	4.56943000e-06	1.73902000e-05	0.00000000e+00
50.48000000	5.27222000e-06	1.68028000e-05	0.00000000e+00
50.50000000	5.93261000e-06	1.61954000e-05	0.00000000e+00
50.52000000	6.55057000e-06	1.55706000e-05	0.00000000e+00
50.54000000	7.12620000e-06	1.49305000e-05	0.00000000e+00
50.56000000	7.65970000e-06	1.42776000e-05	0.00000000e+00
50.58000000	8.15138000e-06	1.36140000e-05	0.00000000e+00
50.60000000	8.60163000e-06	1.29420000e-05	0.00000000e+00
50.62000000	9.01096000e-06	1.22637000e-05	0.00000000e+00
50.64000000	9.37995000e-06	1.15810000e-05	0.00000000e+00
50.66000000	9.70927000e-06	1.08961000e-05	0.00000000e+00
50.68000000	9.99968000e-06	1.02107000e-05	0.00000000e+00
50.70000000	1.02520000e-05	9.52680000e-06	0.00000000e+00
50.72000000	1.04671000e-05	8.84602000e-06	0.00000000e+00
50.74000000	1.06459000e-05	8.17007000e-06	0.00000000e+00
50.76000000	1.07895000e-05	7.50053000e-06	0.00000000e+00
50.78000000	1.08989000e-05	6.83892000e-06	0.00000000e+00
50.80000000	1.09753000e-05	6.18666000e-06	0.00000000e+00
50.82000000	1.10197000e-05	5.54508000e-06	0.00000000e+00
50.84000000	1.10334000e-05	4.91545000e-06	0.00000000e+00
50.86000000	1.10176000e-05	4.29893000e-06	0.00000000e+00
50.88000000	1.09735000e-05	3.69663000e-06	0.00000000e+00
50.90000000	1.09025000e-05	3.10955000e-06	0.00000000e+00
50.92000000	1.08058000e-05	2.53861000e-06	0.00000000e+00
50.94000000	1.06847000e-05	1.98467000e-06	0.00000000e+00
50.96000000	1.05407000e-05	1.44848000e-06	0.00000000e+00
50.98000000	1.03749000e-05	9.30745000e-07	0.00000000e+00
51.00000000	1.01887000e-05	4.32064000e-07	0.00000000e+00
51.02000000	9.98350000e-06	-4.70274000e-08	0.00000000e+00
51.04000000	9.76059000e-06	-5.06069000e-07	0.00000000e+00
51.06000000	9.52131000e-06	-9.44673000e-07	0.00000000e+00
51.08000000	9.26696000e-06	-1.36252000e-06	0.00000000e+00
51.10000000	8.99883000e-06	-1.75937000e-06	0.00000000e+00
51.12000000	8.71822000e-06	-2.13504000e-06	0.00000000e+00
51.14000000	8.42638000e-06	-2.48940000e-06	0.00000000e+00
51.16000000	8.12455000e-06	-2.82240000e-06	0.00000000e+00
51.18000000	7.81396000e-06	-3.13406000e-06	0.00000000e+00
51.20000000	7.49578000e-06	-3.42441000e-06	0.00000000e+00
51.22000000	7.17118000e-06	-3.69359000e-06	0.00000000e+00
51.24000000	6.84129000e-06	-3.94176000e-06	0.00000000e+00
51.26000000	6.50721000e-06	-4.16914000e-06	0.00000000e+00
51.28000000	6.16999000e-06	-4.37598000e-06	0.00000000e+00
51.30000000	5.83067000e-06	-4.56259000e-06	0.00000000e+00
51.32000000	5.49024000e-06	-4.72934000e-06	0.00000000e+00
51.34000000	5.14964000e-06	-4.87659000e-06	0.00000000e+00
51.36000000	4.80979000e-06	-5.00478000e-06	0.00000000e+00
51.38000000	4.47156000e-06	-5.11436000e-06	0.00000000e+00
51.40000000	4.13579000e-06	-5.20582000e-06	0.00000000e+00
51.42000000	3.80326000e-06	-5.27967000e-06	0.00000000e+00
51.44000000	3.47473000e-06	-5.33646000e-06	0.00000000e+00
51.46000000	3.15090000e-06	-5.37676000e-06	0.00000000e+00
51.48000000	2.83243000e-06	-5.40115000e-06	0.00000000e+00
51.50000000	2.51995000e-06	-5.41022000e-06	0.00000000e+00
51.52000000	2.21404000e-06	-5.40462000e-06	0.00000000e+00
51.54000000	1.91524000e-06	-5.38495000e-06	0.00000000e+00
51.56000000	1.62404000e-06	-5.35188000e-06	0.00000000e+00
51.58000000	1.34090000e-06	-5.30605000e-06	0.00000000e+00
51.60000000	1.06624000e-06	-5.24813000e-06	0.00000000e+00
51.62000000	8.00435000e-07	-5.17878000e-06	0.00000000e+00
51.64000000	5.43811000e-07	-5.09866000e-06	0.00000000e+00
51.66000000	2.96670000e-07	-5.00846000e-06	0.00000000e+00
51.68000000	5.92686000e-08	-4.90883000e-06	0.00000000e+00
51.70000000	-1.68170000e-07	-4.80044000e-06	0.00000000e+00
51.72000000	-3.85462000e-07	-4.68395000e-06	0.00000000e+00
51.74000000	-5.92457000e-07	-4.56002000e-06	0.00000000e+00
51.76000000	-7.89038000e-07	-4.42929000e-06	0.00000000e+00
51.78000000	-9.75123000e-07	-4.29240000e-06	0.00000000e+00
51.80000000	-1.15066000e-06	-4.14998000e-06	0.00000000e+00
51.82000000	-1.31563000e-06	-4.00265000e-06	0.00000000e+00
51.84000000	-1.47004000e-06	-3.85100000e-06	0.00000000e+00
51.86000000	-1.61393000e-06	-3.69564000e-06	0.00000000e+00
51.88000000	-1.74735000e-06	-3.53712000e-06	0.00000000e+00
51.90000000	-1.87041000e-06	-3.37602000e-06	0.00000000e+00
51.92000000	-1.98321000e-06	-3.21287000e-06	0.00000000e+00
51.94000000	-2.08589000e-06	-3.04820000e-06	0.00000000e+00
51.96000000	-2.17861000e-06	-2.88251000e-06	0.00000000e+00
51.98000000	-2.26154000e-06	-2.71629000e-06	0.00000000e+00
52.00000000	-2.33489000e-06	-2.55002000e-06	0.00000000e+00
52.02000000	-2.39886000e-06	-2.38412000e-06	0.00000000e+00
52.04000000	-2.45369000e-06	-2.21905000e-06	0.00000000e+00
52.06000000	-2.49962000e-06	-2.05520000e-06	0.00000000e+00
52.08000000	-2.53691000e-06	-1.89296000e-06	0.00000000e+00
52.10000000	-2.56583000e-06	-1.73269000e-06	0.00000000e+00
52.12000000	-2.58667000e-06	-1.57475000e-06	0.00000000e+00
52.14000000	-2.59971000e-06	-1.41945000e-06	0.00000000e+00
52.16000000	-2.60526000e-06	-1.26710000e-06	0.00000000e+00
52.18000000	-2.60363000e-06	-1.11799000e-06	0.00000000e+00
52.20000000	-2.59513000e-06	-9.72359000e-07	0.00000000e+00
52.22000000	-2.58007000e-06	-8.30466000e-07	0.00000000e+00
52.24000000	-2.55879000e-06	-6.92525000e-07	0.00000000e+00
52.26000000	-2.53161000e-06	-5.58737000e-07	0.00000000e+00
52.28000000	-2.49885000e-06	-4.29282000e-07	0.00000000e+00
52.30000000	-2.46085000e-06	-3.04319000e-07	0.00000000e+00
52.32000000	-2.41794000e-06	-1.83992000e-07	0.00000000e+00
52.34000000	-2.37044000e-06	-6.84230000e-08	0.00000000e+00
52.36000000	-2.31868000e-06	4.22840000e-08	0.00000000e+00
52.38000000	-2.26299000e-06	1.48042000e-07	0.00000000e+00
52.40000000	-2.20368000e-06	2.48780000e-07	0.00000000e+00
52.42000000	-2.14108000e-06	3.44446000e-07	0.00000000e+00
52.44000000	-2.07550000e-06	4.35003000e-07	0.00000000e+00
52.46000000	-2.00723000e-06	5.20429000e-07	0.00000000e+00
52.48000000	-1.93659000e-06	6.00717000e-07	0.00000000e+00
52.50000000	-1.86387000e-06	6.75876000e-07	0.00000000e+00
52.52000000	-1.78935000e-06	7.45925000e-07	0.00000000e+00
52.54000000	-1.71331000e-06	8.10899000e-07	0.00000000e+00
52.56000000	-1.63603000e-06	8.70846000e-07	0.00000000e+00
52.58000000	-1.55776000e-06	9.25821000e-07	0.00000000e+00
52.60000000	-1.47877000e-06	9.75896000e-07	0.00000000e+00
52.62000000	-1.39929000e-06	1.02115000e-06	0.00000000e+00
52.64000000	-1.31957000e-06	1.06167000e-06	0.00000000e+00
52.66000000	-1.23983000e-06	1.09755000e-06	0.00000000e+00
52.68000000	-1.16028000e-06	1.12891000e-06	0.00000000e+00
52.70000000	-1.08114000e-06	1.15585000e-06	0.00000000e+00
52.72000000	-1.00259000e-06	1.17850000e-06	0.00000000e+00
52.74000000	-9.24829000e-07	1.19699000e-06	0.00000000e+00
52.76000000	-8.48027000e-07	1.21144000e-06	0.00000000e+00
52.78000000	-7.72351000e-07	1.22200000e-06	0.00000000e+00
52.80000000	-6.97956000e-07	1.22881000e-06	0.00000000e+00
52.82000000	-6.24987000e-07	1.23201000e-06	0.00000000e+00
52.84000000	-5.53578000e-07	1.23176000e-06	0.00000000e+00
52.86000000	-4.83854000e-07	1.22821000e-06	0.00000000e+00
52.88000000	-4.15930000e-07	1.22152000e-06	0.00000000e+00
52.90000000	-3.49909000e-07	1.21184000e-06	0.00000000e+00
52.92000000	-2.85887000e-07	1.19933000e-06	0.00000000e+00
52.94000000	-2.23949000e-07	1.18415000e-06	0.00000000e+00
52.96000000	-1.64169000e-07	1.16646000e-06	0.00000000e+00
52.98000000	-1.06615000e-07	1.14641000e-06	0.00000000e+00
53.00000000	-5.13442000e-08	1.12418000e-06	0.00000000e+00
53.02000000	1.59533000e-09	1.09991000e-06	0.00000000e+00
53.04000000	5.21633000e-08	1.07376000e-06	0.00000000e+00
53.06000000	1.00328000e-07	1.04589000e-06	0.00000000e+00
53.08000000	1.46065000e-07	1.01645000e-06	0.00000000e+00
53.10000000	1.89359000e-07	9.85587000e-07	0.00000000e+00
53.12000000	2.30201000e-07	9.53448000e-07	0.00000000e+00
53.14000000	2.68590000e-07	9.20180000e-07	0.00000000e+00
53.16000000	3.04529000e-07	8.85923000e-07	0.00000000e+00
53.18000000	3.38032000e-07	8.50813000e-07	0.00000000e+00
53.20000000	3.69116000e-07	8.14985000e-07	0.00000000e+00
53.22000000	3.97804000e-07	7.78569000e-07	0.00000000e+00
53.24000000	4.24126000e-07	7.41689000e-07	0.00000000e+00
53.26000000	4.48116000e-07	7.04467000e-07	0.00000000e+00
53.28000000	4.69813000e-07	6.67019000e-07	0.00000000e+00
53.30000000	4.89261000e-07	6.29458000e-07	0.00000000e+00
53.32000000	5.06507000e-07	5.91891000e-07	0.00000000e+00
53.34000000	5.21605000e-07	5.54420000e-07	0.00000000e+00
53.36000000	5.34609000e-07	5.17144000e-07	0.00000000e+00
53.38000000	5.45578000e-07	4.80155000e-07	0.00000000e+00
53.40000000	5.54573000e-07	4.43541000e-07	0.00000000e+00
53.42000000	5.61659000e-07	4.07385000e-07	0.00000000e+00
53.44000000	5.66903000e-07	3.71765000e-07	0.00000000e+00
53.46000000	5.70373000e-07	3.36754000e-07	0.00000000e+00
53.48000000	5.72141000e-07	3.02420000e-07	0.00000000e+00
53.50000000	5.72277000e-07	2.68826000e-07	0.00000000e+00
53.52000000	5.70856000e-07	2.36031000e-07	0.00000000e+00
53.54000000	5.67951000e-07	2.04088000e-07	0.00000000e+00
53.56000000	5.63638000e-07	1.73046000e-07	0.00000000e+00
53.58000000	5.57992000e-07	1.42948000e-07	0.00000000e+00
53.60000000	5.51090000e-07	1.13835000e-07	0.00000000e+00
53.62000000	5.43006000e-07	8.57408000e-08	0.00000000e+00
53.64000000	5.33818000e-07	5.86964000e-08	0.00000000e+00
53.66000000	5.23599000e-07	3.27280000e-08	0.00000000e+00
53.68000000	5.12425000e-07	7.85781000e-09	0.00000000e+00
53.70000000	5.00369000e-07	-1.58960000e-08	0.00000000e+00
53.72000000	4.87506000e-07	-3.85193000e-08	0.00000000e+00
53.74000000	4.73906000e-07	-6.00016000e-08	0.00000000e+00
53.76000000	4.59641000e-07	-8.03359000e-08	0.00000000e+00
53.78000000	4.44780000e-07	-9.95190000e-08	0.00000000e+00
53.80000000	4.29391000e-07	-1.17551000e-07	0.00000000e+00
53.82000000	4.13541000e-07	-1.34434000e-07	0.00000000e+00
53.84000000	3.97293000e-07	-1.50176000e-07	0.00000000e+00
53.86000000	3.80711000e-07	-1.64785000e-07	0.00000000e+00
53.88000000	3.63855000e-07	-1.78272000e-07	0.00000000e+00
53.90000000	3.46784000e-07	-1.90653000e-07	0.00000000e+00
53.92000000	3.29554000e-07	-2.01944000e-07	0.00000000e+00
53.94000000	3.12221000e-07	-2.12163000e-07	0.00000000e+00
53.96000000	2.94837000e-07	-2.21332000e-07	0.00000000e+00
53.98000000	2.77452000e-07	-2.29475000e-07	0.00000000e+00
54.00000000	2.60113000e-07	-2.36615000e-07	0.00000000e+00
54.02000000	2.42866000e-07	-2.42779000e-07	0.00000000e+00
54.04000000	2.25754000e-07	-2.47995000e-07	0.00000000e+00
54.06000000	2.08819000e-07	-2.52293000e-07	0.00000000e+00
54.08000000	1.92098000e-07	-2.55703000e-07	0.00000000e+00
54.10000000	1.75627000e-07	-2.58256000e-07	0.00000000e+00
54.12000000	1.59441000e-07	-2.59985000e-07	0.00000000e+00
54.14000000	1.43571000e-07	-2.60923000e-07	0.00000000e+00
54.16000000	1.28046000e-07	-2.61105000e-07	0.00000000e+00
54.18000000	1.12892000e-07	-2.60564000e-07	0.00000000e+00
54.20000000	9.81348000e-08	-2.59335000e-07	0.00000000e+00
54.22000000	8.37960000e-08	-2.57455000e-07	0.00000000e+00
54.24000000	6.98959000e-08	-2.54957000e-07	0.00000000e+00
54.26000000	5.64524000e-08	-2.51878000e-07	0.00000000e+00
54.28000000	4.34815000e-08	-2.48253000e-07	0.00000000e+00
54.30000000	3.09970000e-08	-2.44118000e-07	0.00000000e+00
54.32000000	1.90107000e-08	-2.39506000e-07	0.00000000e+00
54.34000000	7.53260000e-09	-2.34455000e-07	0.00000000e+00
54.36000000	-3.42928000e-09	-2.28996000e-07	0.00000000e+00
54.38000000	-1.38687000e-08	-2.23166000e-07	0.00000000e+00
54.40000000	-2.37812000e-08	-2.16997000e-07	0.00000000e+00
54.42000000	-3.31638000e-08	-2.10521000e-07	0.00000000e+00
54.44000000	-4.20155000e-08	-2.03772000e-07	0.00000000e+00
54.46000000	-5.03364000e-08	-1.96780000e-07	0.00000000e+00
54.48000000	-5.81285000e-08	-1.89576000e-07	0.00000000e+00
54.50000000	-6.53948000e-08	-1.82191000e-07	0.00000000e+00
54.52000000	-7.21398000e-08	-1.74652000e-07	0.00000000e+00
54.54000000	-7.83692000e-08	-1.66988000e-07	0.00000000e+00
54.56000000	-8.40900000e-08	-1.59226000e-07	0.00000000e+00
54.58000000	-8.93101000e-08	-1.51392000e-07	0.00000000e+00
54.60000000	-9.40385000e-08	-1.43512000e-07	0.00000000e+00
54.62000000	-9.82853000e-08	-1.35608000e-07	0.00000000e+00
54.64000000	-1.02061000e-07	-1.27704000e-07	0.00000000e+00
54.66000000	-1.05378000e-07	-1.19823000e-07	0.00000000e+00
54.68000000	-1.08248000e-07	-1.11984000e-07	0.00000000e+00
54.70000000	-1.10684000e-07	-1.04208000e-07	0.00000000e+00
54.72000000	-1.12700000e-07	-9.65125000e-08	0.00000000e+00
54.74000000	-1.14310000e-07	-8.89160000e-08	0.00000000e+00
54.76000000	-1.15529000e-07	-8.14345000e-08	0.00000000e+00
54.78000000	-1.16372000e-07	-7.40834000e-08	0.00000000e+00
54.80000000	-1.16853000e-07	-6.68769000e-08	0.00000000e+00
54.82000000	-1.16990000e-07	-5.98283000e-08	0.00000000e+00
54.84000000	-1.16798000e-07	-5.29496000e-08	0.00000000e+00
54.86000000	-1.16292000e-07	-4.62519000e-08	0.00000000e+00
54.88000000	-1.15490000e-07	-3.97452000e-08	0.00000000e+00
54.90000000	-1.14407000e-07	-3.34386000e-08	0.00000000e+00
54.92000000	-1.13060000e-07	-2.73402000e-08	0.00000000e+00
54.94000000	-1.11465000e-07	-2.14570000e-08	0.00000000e+00
54.96000000	-1.09637000e-07	-1.57953000e-08	0.00000000e+00
54.98000000	-1.07595000e-07	-1.03601000e-08	0.00000000e+00
55.00000000	-1.05352000e-07	-5.15593000e-09	0.00000000e+00
55.02000000	-1.02925000e-07	-1.86258000e-10	0.00000000e+00
55.04000000	-1.00330000e-07	4.54622000e-09	0.00000000e+00
55.06000000	-9.75816000e-08	9.03962000e-09	0.00000000e+00
55.08000000	-9.46946000e-08	1.32928000e-08	0.00000000e+00
55.10000000	-9.16840000e-08	1.73054000e-08	0.00000000e+00
55.12000000	-8.85639000e-08	2.10776000e-08	0.00000000e+00
55.14000000	-8.53482000e-08	2.46105000e-08	0.00000000e+00
55.16000000	-8.20506000e-08	2.79055000e-08	0.00000000e+00
55.18000000	-7.86841000e-08	3.09649000e-08	0.00000000e+00
55.20000000	-7.52614000e-08	3.37914000e-08	0.00000000e+00
55.22000000	-7.17947000e-08	3.63883000e-08	0.00000000e+00
55.24000000	-6.82958000e-08	3.87592000e-08	0.00000000e+00
55.26000000	-6.47761000e-08	4.09084000e-08	0.00000000e+00
55.28000000	-6.12463000e-08	4.28406000e-08	0.00000000e+00
55.30000000	-5.77168000e-08	4.45606000e-08	0.00000000e+00
55.32000000	-5.41974000e-08	4.60739000e-08	0.00000000e+00
55.34000000	-5.06976000e-08	4.73863000e-08	0.00000000e+00
55.36000000	-4.72260000e-08	4.85035000e-08	0.00000000e+00
55.38000000	-4.37912000e-08	4.94321000e-08	0.00000000e+00
55.40000000	-4.04009000e-08	5.01783000e-08	0.00000000e+00
55.42000000	-3.70624000e-08	5.07489000e-08	0.00000000e+00
55.44000000	-3.37827000e-08	5.11508000e-08	0.00000000e+00
55.46000000	-3.05680000e-08	5.13909000e-08	0.00000000e+00
55.48000000	-2.74243000e-08	5.14764000e-08	0.00000000e+00
55.50000000	-2.43568000e-08	5.14146000e-08	0.00000000e+00
55.52000000	-2.13706000e-08	5.12126000e-08	0.00000000e+00
55.54000000	-1.84700000e-08	5.08779000e-08	0.00000000e+00
55.56000000	-1.56591000e-08	5.04178000e-08	0.00000000e+00
55.58000000	-1.29414000e-08	4.98396000e-08	0.00000000e+00
55.60000000	-1.03199000e-08	4.91508000e-08	0.00000000e+00
55.62000000	-7.79748000e-09	4.83585000e-08	0.00000000e+00
55.64000000	-5.37629000e-09	4.74700000e-08	0.00000000e+00
55.66000000	-3.05825000e-09	4.64926000e-08	0.00000000e+00
55.68000000	-8.44855000e-10	4.54331000e-08	0.00000000e+00
55.70000000	1.26276000e-09	4.42987000e-08	0.00000000e+00
55.72000000	3.26382000e-09	4.30961000e-08	0.00000000e+00
55.74000000	5.15787000e-09	4.18320000e-08	0.00000000e+00
55.76000000	6.94481000e-09	4.05130000e-08	0.00000000e+00
55.78000000	8.62483000e-09	3.91454000e-08	0.00000000e+00
55.80000000	1.01984000e-08	3.77356000e-08	0.00000000e+00
55.82000000	1.16663000e-08	3.62894000e-08	0.00000000e+00
55.84000000	1.30296000e-08	3.48127000e-08	0.00000000e+00
55.86000000	1.42895000e-08	3.33112000e-08	0.00000000e+00
55.88000000	1.54475000e-08	3.17903000e-08	0.00000000e+00
55.90000000	1.65054000e-08	3.02553000e-08	0.00000000e+00
55.92000000	1.74650000e-08	2.87111000e-08	0.00000000e+00
55.94000000	1.83285000e-08	2.71625000e-08	0.00000000e+00
55.96000000	1.90982000e-08	2.56142000e-08	0.00000000e+00
55.98000000	1.97764000e-08	2.40705000e-08	0.00000000e+00
56.00000000	2.03658000e-08	2.25355000e-08	0.00000000e+00
56.02000000	2.08690000e-08	2.10131000e-08	0.00000000e+00
56.04000000	2.12889000e-08	1.95070000e-08	0.00000000e+00
56.06000000	2.16284000e-08	1.80206000e-08	0.00000000e+00
56.08000000	2.18904000e-08	1.65572000e-08	0.00000000e+00
56.10000000	2.20780000e-08	1.51197000e-08	0.00000000e+00
56.12000000	2.21944000e-08	1.37110000e-08	0.00000000e+00
56.14000000	2.22428000e-08	1.23336000e-08	0.00000000e+00
56.16000000	2.22263000e-08	1.09898000e-08	0.00000000e+00
56.18000000	2.21482000e-08	9.68183000e-09	0.00000000e+00
56.20000000	2.20117000e-08	8.41158000e-09	0.00000000e+00
56.22000000	2.18202000e-08	7.18078000e-09	0.00000000e+00
56.24000000	2.15769000e-08	5.99096000e-09	0.00000000e+00
56.26000000	2.12850000e-08	4.84346000e-09	0.00000000e+00
56.28000000	2.09478000e-08	3.73944000e-09	0.00000000e+00
56.30000000	2.05685000e-08	2.67986000e-09	0.00000000e+00
56.32000000	2.01502000e-08	1.66553000e-09	0.00000000e+00
56.34000000	1.96960000e-08	6.97081000e-10	0.00000000e+00
56.36000000	1.92091000e-08	-2.25027000e-10	0.00000000e+00
56.38000000	1.86923000e-08	-1.10048000e-09	0.00000000e+00
56.40000000	1.81487000e-08	-1.92911000e-09	0.00000000e+00
56.42000000	1.75812000e-08	-2.71089000e-09	0.00000000e+00
56.44000000	1.69925000e-08	-3.44594000e-09	0.00000000e+00
56.46000000	1.63853000e-08	-4.13450000e-09	0.00000000e+00
56.48000000	1.57623000e-08	-4.77693000e-09	0.00000000e+00
56.50000000	1.51261000e-08	-5.37370000e-09	0.00000000e+00
56.52000000	1.44791000e-08	-5.92539000e-09	0.00000000e+00
56.54000000	1.38237000e-08	-6.43270000e-09	0.00000000e+00
56.56000000	1.31622000e-08	-6.89638000e-09	0.00000000e+00
56.58000000	1.24967000e-08	-7.31730000e-09	0.00000000e+00
56.60000000	1.18294000e-08	-7.69640000e-09	0.00000000e+00
56.62000000	1.11622000e-08	-8.03469000e-09	0.00000000e+00
56.64000000	1.04970000e-08	-8.33326000e-09	0.00000000e+00
56.66000000	9.83566000e-09	-8.59325000e-09	0.00000000e+00
56.68000000	9.17982000e-09	-8.81583000e-09	0.00000000e+00
56.70000000	8.53107000e-09	-9.00227000e-09	0.00000000e+00
56.72000000	7.89092000e-09	-9.15383000e-09	0.00000000e+00
56.74000000	7.26074000e-09	-9.27184000e-09	0.00000000e+00
56.76000000	6.64183000e-09	-9.35765000e-09	0.00000000e+00
56.78000000	6.03539000e-09	-9.41263000e-09	0.00000000e+00
56.80000000	5.44252000e-09	-9.43817000e-09	0.00000000e+00
56.82000000	4.86423000e-09	-9.43568000e-09	0.00000000e+00
56.84000000	4.30144000e-09	-9.40657000e-09	0.00000000e+00
56.86000000	3.75495000e-09	-9.35228000e-09	0.00000000e+00
56.88000000	3.22553000e-09	-9.27423000e-09	0.00000000e+00
56.90000000	2.71380000e-09	-9.17383000e-09	0.00000000e+00
56.92000000	2.22035000e-09	-9.05250000e-09	0.00000000e+00
56.94000000	1.74565000e-09	-8.91165000e-09	0.00000000e+00
56.96000000	1.29012000e-09	-8.75266000e-09	0.00000000e+00
56.98000000	8.54083000e-10	-8.57690000e-09	0.00000000e+00
57.00000000	4.37805000e-10	-8.38572000e-09	0.00000000e+00
57.02000000	4.14729000e-11	-8.18046000e-09	0.00000000e+00
57.04000000	-3.34790000e-10	-7.96240000e-09	0.00000000e+00
57.06000000	-6.90925000e-10	-7.73283000e-09	0.00000000e+00
57.08000000	-1.02693000e-09	-7.49298000e-09	0.00000000e+00
57.10000000	-1.34288000e-09	-7.24406000e-09	0.00000000e+00
57.12000000	-1.63887000e-09	-6.98724000e-09	0.00000000e+00
57.14000000	-1.91507000e-09	-6.72366000e-09	0.00000000e+00
57.16000000	-2.17171000e-09	-6.45442000e-09	0.00000000e+00
57.18000000	-2.40903000e-09	-6.18058000e-09	0.00000000e+00
57.20000000	-2.62735000e-09	-5.90315000e-09	0.00000000e+00
57.22000000	-2.82700000e-09	-5.62311000e-09	0.00000000e+00
57.24000000	-3.00837000e-09	-5.34140000e-09	0.00000000e+00
57.26000000	-3.17186000e-09	-5.05891000e-09	0.00000000e+00
57.28000000	-3.31792000e-09	-4.77649000e-09	0.00000000e+00
57.30000000	-3.44702000e-09	-4.49495000e-09	0.00000000e+00
57.32000000	-3.55966000e-09	-4.21505000e-09	0.00000000e+00
57.34000000	-3.65635000e-09	-3.93751000e-09	0.00000000e+00
57.36000000	-3.73763000e-09	-3.66300000e-09	0.00000000e+00
57.38000000	-3.80406000e-09	-3.39216000e-09	0.00000000e+00
57.40000000	-3.85620000e-09	-3.12559000e-09	0.00000000e+00
57.42000000	-3.89465000e-09	-2.86382000e-09	0.00000000e+00
57.44000000	-3.91998000e-09	-2.60736000e-09	0.00000000e+00
57.46000000	-3.93280000e-09	-2.35668000e-09	0.00000000e+00
57.48000000	-3.93372000e-09	-2.11220000e-09	0.00000000e+00
57.50000000	-3.92334000e-09	-1.87430000e-09	0.00000000e+00
57.52000000	-3.90227000e-09	-1.64334000e-09	0.00000000e+00
57.54000000	-3.87113000e-09	-1.41962000e-09	0.00000000e+00
57.56000000	-3.83052000e-09	-1.20341000e-09	0.00000000e+00
57.58000000	-3.78104000e-09	-9.94955000e-10	0.00000000e+00
57.60000000	-3.72330000e-09	-7.94445000e-10	0.00000000e+00
57.62000000	-3.65789000e-09	-6.02052000e-10	0.00000000e+00
57.64000000	-3.58539000e-09	-4.17912000e-10	0.00000000e+00
57.66000000	-3.50637000e-09	-2.42130000e-10	0.00000000e+00
57.68000000	-3.42141000e-09	-7.47817000e-11	0.00000000e+00
57.70000000	-3.33105000e-09	8.40862000e-11	0.00000000e+00
57.72000000	-3.23583000e-09	2.34454000e-10	0.00000000e+00
57.74000000	-3.13628000e-09	3.76327000e-10	0.00000000e+00
57.76000000	-3.03291000e-09	5.09735000e-10	0.00000000e+00
57.78000000	-2.92622000e-09	6.34732000e-10	0.00000000e+00
57.80000000	-2.81668000e-09	7.51392000e-10	0.00000000e+00
57.82000000	-2.70477000e-09	8.59812000e-10	0.00000000e+00
57.84000000	-2.59092000e-09	9.60104000e-10	0.00000000e+00
57.86000000	-2.47557000e-09	1.05240000e-09	0.00000000e+00
57.88000000	-2.35912000e-09	1.13685000e-09	0.00000000e+00
57.90000000	-2.24198000e-09	1.21362000e-09	0.00000000e+00
57.92000000	-2.12452000e-09	1.28288000e-09	0.00000000e+00
57.94000000	-2.00709000e-09	1.34482000e-09	0.00000000e+00
57.96000000	-1.89003000e-09	1.39966000e-09	0.00000000e+00
57.98000000	-1.77366000e-09	1.44759000e-09	0.00000000e+00
58.00000000	-1.65828000e-09	1.48883000e-09	0.00000000e+00
58.02000000	-1.54418000e-09	1.52363000e-09	0.00000000e+00
58.04000000	-1.43162000e-09	1.55221000e-09	0.00000000e+00
58.06000000	-1.32085000e-09	1.57481000e-09	0.00000000e+00
58.08000000	-1.21208000e-09	1.59169000e-09	0.00000000e+00
58.10000000	-1.10554000e-09	1.60309000e-09	0.00000000e+00
58.12000000	-1.00142000e-09	1.60927000e-09	0.00000000e+00
58.14000000	-8.99882000e-10	1.61047000e-09	0.00000000e+00
58.16000000	-8.01098000e-10	1.60697000e-09	0.00000000e+00
58.18000000	-7.05208000e-10	1.59901000e-09	0.00000000e+00
58.20000000	-6.12337000e-10	1.58685000e-09	0.00000000e+00
58.22000000	-5.22597000e-10	1.57075000e-09	0.00000000e+00
58.24000000	-4.36085000e-10	1.55096000e-09	0.00000000e+00
58.26000000	-3.52882000e-10	1.52774000e-09	0.00000000e+00
58.28000000	-2.73057000e-10	1.50132000e-09	0.00000000e+00
58.30000000	-1.96664000e-10	1.47196000e-09	0.00000000e+00
58.32000000	-1.23744000e-10	1.43990000e-09	0.00000000e+00
58.34000000	-5.43265000e-11	1.40536000e-09	0.00000000e+00
58.36000000	1.15704000e-11	1.36859000e-09	0.00000000e+00
58.38000000	7.39406000e-11	1.32981000e-09	0.00000000e+00
58.40000000	1.32789000e-10	1.28923000e-09	0.00000000e+00
58.42000000	1.88129000e-10	1.24707000e-09	0.00000000e+00
58.44000000	2.39985000e-10	1.20353000e-09	0.00000000e+00
58.46000000	2.88391000e-10	1.15882000e-09	0.00000000e+00
58.48000000	3.33387000e-10	1.11313000e-09	0.00000000e+00
58.50000000	3.75023000e-10	1.06664000e-09	0.00000000e+00
58.52000000	4.13354000e-10	1.01953000e-09	0.00000000e+00
58.54000000	4.48445000e-10	9.71969000e-10	0.00000000e+00
58.56000000	4.80365000e-10	9.24122000e-10	0.00000000e+00
58.58000000	5.09187000e-10	8.76143000e-10	0.00000000e+00
58.60000000	5.34993000e-10	8.28179000e-10	0.00000000e+00
58.62000000	5.57868000e-10	7.80369000e-10	0.00000000e+00
58.64000000	5.77900000e-10	7.32846000e-10	0.00000000e+00
58.66000000	5.95181000e-10	6.85732000e-10	0.00000000e+00
58.68000000	6.09808000e-10	6.39143000e-10	0.00000000e+00
58.70000000	6.21878000e-10	5.93188000e-10	0.00000000e+00
58.72000000	6.31494000e-10	5.47968000e-10	0.00000000e+00
58.74000000	6.38756000e-10	5.03575000e-10	0.00000000e+00
58.76000000	6.43770000e-10	4.60096000e-10	0.00000000e+00
58.78000000	6.46641000e-10	4.17608000e-10	0.00000000e+00
58.80000000	6.47474000e-10	3.76184000e-10	0.00000000e+00
58.82000000	6.46376000e-10	3.35889000e-10	0.00000000e+00
58.84000000	6.43454000e-10	2.96779000e-10	0.00000000e+00
58.86000000	6.38813000e-10	2.58906000e-10	0.00000000e+00
58.88000000	6.32559000e-10	2.22315000e-10	0.00000000e+00
58.90000000	6.24796000e-10	1.87044000e-10	0.00000000e+00
58.92000000	6.15629000e-10	1.53127000e-10	0.00000000e+00
58.94000000	6.05159000e-10	1.20591000e-10	0.00000000e+00
58.96000000	5.93486000e-10	8.94561000e-11	0.00000000e+00
58.98000000	5.80711000e-10	5.97394000e-11	0.00000000e+00
59.00000000	5.66928000e-10	3.14520000e-11	0.00000000e+00
59.02000000	5.52234000e-10	4.60009000e-12	0.00000000e+00
59.04000000	5.36719000e-10	-2.08145000e-11	0.00000000e+00
59.06000000	5.20474000e-10	-4.47943000e-11	0.00000000e+00
59.08000000	5.03586000e-10	-6.73461000e-11	0.00000000e+00
59.10000000	4.86139000e-10	-8.84803000e-11	0.00000000e+00
59.12000000	4.68215000e-10	-1.08211000e-10	0.00000000e+00
59.14000000	4.49891000e-10	-1.26556000e-10	0.00000000e+00
59.16000000	4.31244000e-10	-1.43536000e-10	0.00000000e+00
59.18000000	4.12345000e-10	-1.59175000e-10	0.00000000e+00
59.20000000	3.93264000e-10	-1.73499000e-10	0.00000000e+00
59.22000000	3.74067000e-10	-1.86536000e-10	0.00000000e+00
59.24000000	3.54817000e-10	-1.98318000e-10	0.00000000e+00
59.26000000	3.35573000e-10	-2.08879000e-10	0.00000000e+00
59.28000000	3.16392000e-10	-2.18252000e-10	0.00000000e+00
59.30000000	2.97327000e-10	-2.26475000e-10	0.00000000e+00
59.32000000	2.78428000e-10	-2.33585000e-10	0.00000000e+00
59.34000000	2.59742000e-10	-2.39623000e-10	0.00000000e+00
59.36000000	2.41311000e-10	-2.44628000e-10	0.00000000e+00
59.38000000	2.23178000e-10	-2.48641000e-10	0.00000000e+00
59.40000000	2.05379000e-10	-2.51705000e-10	0.00000000e+00
59.42000000	1.87948000e-10	-2.53862000e-10	0.00000000e+00
59.44000000	1.70917000e-10	-2.55155000e-10	0.00000000e+00
59.46000000	1.54315000e-10	-2.55627000e-10	0.00000000e+00
59.48000000	1.38168000e-10	-2.55321000e-10	0.00000000e+00
59.50000000	1.22498000e-10	-2.54281000e-10	0.00000000e+00
59.52000000	1.07326000e-10	-2.52550000e-10	0.00000000e+00
59.54000000	9.26689000e-11	-2.50170000e-10	0.00000000e+00
59.56000000	7.85429000e-11	-2.47184000e-10	0.00000000e+00
59.58000000	6.49606000e-11	-2.43634000e-10	0.00000000e+00
59.60000000	5.19325000e-11	-2.39561000e-10	0.00000000e+00
59.62000000	3.94669000e-11	-2.35006000e-10	0.00000000e+00
59.64000000	2.75700000e-11	-2.30008000e-10	0.00000000e+00
59.66000000	1.62460000e-11	-2.24607000e-10	0.00000000e+00
59.68000000	5.49702000e-12	-2.18841000e-10	0.00000000e+00
59.70000000	-4.67643000e-12	-2.12746000e-10	0.00000000e+00
59.72000000	-1.42757000e-11	-2.06359000e-10	0.00000000e+00
59.74000000	-2.33039000e-11	-1.99715000e-10	0.00000000e+00
59.76000000	-3.17655000e-11	-1.92848000e-10	0.00000000e+00
59.78000000	-3.96663000e-11	-1.85790000e-10	0.00000000e+00
59.80000000	-4.70139000e-11	-1.78573000e-10	0.00000000e+00
59.82000000	-5.38167000e-11	-1.71226000e-10	0.00000000e+00
59.84000000	-6.00844000e-11	-1.63779000e-10	0.00000000e+00
59.86000000	-6.58279000e-11	-1.56260000e-10	0.00000000e+00
59.88000000	-7.10589000e-11	-1.48695000e-10	0.00000000e+00
59.90000000	-7.57901000e-11	-1.41108000e-10	0.00000000e+00
59.92000000	-8.00350000e-11	-1.33524000e-10	0.00000000e+00
59.94000000	-8.38076000e-11	-1.25965000e-10	0.00000000e+00
59.96000000	-8.71229000e-11	-1.18452000e-10	0.00000000e+00
59.98000000	-8.99962000e-11	-1.11005000e-10	0.00000000e+00
60.00000000	-9.24433000e-11	-1.03642000e-10	0.00000000e+00
60.02000000	-9.44805000e-11	-9.63815000e-11	0.00000000e+00
60.04000000	-9.61244000e-11	-8.92384000e-11	0.00000000e+00
60.06000000	-9.73917000e-11	-8.22278000e-11	0.00000000e+00
60.08000000	-9.82997000e-11	-7.53633000e-11	0.00000000e+00
60.10000000	-9.88654000e-11	-6.86573000e-11	0.00000000e+00
60.12000000	-9.91062000e-11	-6.21210000e-11	0.00000000e+00
60.14000000	-9.90393000e-11	-5.57645000e-11	0.00000000e+00
60.16000000	-9.86820000e-11	-4.95968000e-11	0.00000000e+00
60.18000000	-9.80514000e-11	-4.36258000e-11	0.00000000e+00
60.20000000	-9.71647000e-11	-3.78584000e-11	0.00000000e+00
60.22000000	-9.60386000e-11	-3.23007000e-11	0.00000000e+00
60.24000000	-9.46899000e-11	-2.69574000e-11	0.00000000e+00
60.26000000	-9.31350000e-11	-2.18327000e-11	0.00000000e+00
60.28000000	-9.13900000e-11	-1.69298000e-11	0.00000000e+00
60.30000000	-8.94706000e-11	-1.22509000e-11	0.00000000e+00
60.32000000	-8.73924000e-11	-7.79753000e-12	0.00000000e+00
60.34000000	-8.51705000e-11	-3.57051000e-12	0.00000000e+00
60.36000000	-8.28194000e-11	4.30164000e-13	0.00000000e+00
60.38000000	-8.03534000e-11	4.20513000e-12	0.00000000e+00
60.40000000	-7.77864000e-11	7.75569000e-12	0.00000000e+00
60.42000000	-7.51316000e-11	1.10837000e-11	0.00000000e+00
60.44000000	-7.24019000e-11	1.41917000e-11	0.00000000e+00
60.46000000	-6.96098000e-11	1.70827000e-11	0.00000000e+00
60.48000000	-6.67669000e-11	1.97600000e-11	0.00000000e+00
60.50000000	-6.38848000e-11	2.22277000e-11	0.00000000e+00
60.52000000	-6.09743000e-11	2.44901000e-11	0.00000000e+00
60.54000000	-5.80456000e-11	2.65518000e-11	0.00000000e+00
60.56000000	-5.51087000e-11	2.84180000e-11	0.00000000e+00
60.58000000	-5.21727000e-11	3.00941000e-11	0.00000000e+00
60.60000000	-4.92465000e-11	3.15856000e-11	0.00000000e+00
60.62000000	-4.63382000e-11	3.28984000e-11	0.00000000e+00
60.64000000	-4.34557000e-11	3.40387000e-11	0.00000000e+00
60.66000000	-4.06061000e-11	3.50127000e-11	0.00000000e+00
60.68000000	-3.77962000e-11	3.58268000e-11	0.00000000e+00
60.70000000	-3.50321000e-11	3.64876000e-11	0.00000000e+00
60.72000000	-3.23196000e-11	3.70017000e-11	0.00000000e+00
60.74000000	-2.96640000e-11	3.73759000e-11	0.00000000e+00
60.76000000	-2.70701000e-11	3.76169000e-11	0.00000000e+00
60.78000000	-2.45421000e-11	3.77315000e-11	0.00000000e+00
60.80000000	-2.20840000e-11	3.77264000e-11	0.00000000e+00
60.82000000	-1.96992000e-11	3.76086000e-11	0.00000000e+00
60.84000000	-1.73908000e-11	3.73846000e-11	0.00000000e+00
60.86000000	-1.51615000e-11	3.70612000e-11	0.00000000e+00
60.88000000	-1.30133000e-11	3.66449000e-11	0.00000000e+00
60.90000000	-1.09484000e-11	3.61423000e-11	0.00000000e+00
60.92000000	-8.96811000e-12	3.55598000e-11	0.00000000e+00
60.94000000	-7.07368000e-12	3.49036000e-11	0.00000000e+00
60.96000000	-5.26596000e-12	3.41800000e-11	0.00000000e+00
60.98000000	-3.54549000e-12	3.33949000e-11	0.00000000e+00
61.00000000	-1.91251000e-12	3.25541000e-11	0.00000000e+00
61.02000000	-3.66991000e-13	3.16635000e-11	0.00000000e+00
61.04000000	1.09136000e-12	3.07284000e-11	0.00000000e+00
61.06000000	2.46310000e-12	2.97543000e-11	0.00000000e+00
61.08000000	3.74899000e-12	2.87464000e-11	0.00000000e+00
61.10000000	4.95003000e-12	2.77095000e-11	0.00000000e+00
61.12000000	6.06743000e-12	2.66486000e-11	0.00000000e+00
61.14000000	7.10255000e-12	2.55681000e-11	0.00000000e+00
61.16000000	8.05696000e-12	2.44725000e-11	0.00000000e+00
61.18000000	8.93237000e-12	2.33659000e-11	0.00000000e+00
61.20000000	9.73063000e-12	2.22523000e-11	0.00000000e+00
61.22000000	1.04537000e-11	2.11355000e-11	0.00000000e+00
61.24000000	1.11038000e-11	2.00190000e-11	0.00000000e+00
61.26000000	1.16829000e-11	1.89063000e-11	0.00000000e+00
61.28000000	1.21936000e-11	1.78005000e-11	0.00000000e+00
61.30000000	1.26380000e-11	1.67045000e-11	0.00000000e+00
61.32000000	1.30187000e-11	1.56211000e-11	0.00000000e+00
61.34000000	1.33381000e-11	1.45529000e-11	0.00000000e+00
61.36000000	1.35988000e-11	1.35022000e-11	0.00000000e+00
61.38000000	1.38033000e-11	1.24713000e-11	0.00000000e+00
61.40000000	1.39544000e-11	1.14621000e-11	0.00000000e+00
61.42000000	1.40544000e-11	1.04764000e-11	0.00000000e+00
61.44000000	1.41062000e-11	9.51595000e-12	0.00000000e+00
61.46000000	1.41123000e-11	8.58216000e-12	0.00000000e+00
61.48000000	1.40753000e-11	7.67635000e-12	0.00000000e+00
61.50000000	1.39978000e-11	6.79967000e-12	0.00000000e+00
61.52000000	1.38824000e-11	5.95310000e-12	0.00000000e+00
61.54000000	1.37316000e-11	5.13749000e-12	0.00000000e+00
61.56000000	1.35479000e-11	4.35354000e-12	0.00000000e+00
61.58000000	1.33338000e-11	3.60182000e-12	0.00000000e+00
61.60000000	1.30916000e-11	2.88275000e-12	0.00000000e+00
61.62000000	1.28238000e-11	2.19664000e-12	0.00000000e+00
61.64000000	1.25326000e-11	1.54368000e-12	0.00000000e+00
61.66000000	1.22202000e-11	9.23951000e-13	0.00000000e+00
61.68000000	1.18889000e-11	3.37421000e-13	0.00000000e+00
61.70000000	1.15407000e-11	-2.16040000e-13	0.00000000e+00
61.72000000	1.11777000e-11	-7.36657000e-13	0.00000000e+00
61.74000000	1.08018000e-11	-1.22474000e-12	0.00000000e+00
61.76000000	1.04150000e-11	-1.68068000e-12	0.00000000e+00
61.78000000	1.00191000e-11	-2.10495000e-12	0.00000000e+00
61.80000000	9.61572000e-12	-2.49810000e-12	0.00000000e+00
61.82000000	9.20661000e-12	-2.86071000e-12	0.00000000e+00
61.84000000	8.79335000e-12	-3.19346000e-12	0.00000000e+00
61.86000000	8.37744000e-12	-3.49706000e-12	0.00000000e+00
61.88000000	7.96030000e-12	-3.77228000e-12	0.00000000e+00
61.90000000	7.54329000e-12	-4.01992000e-12	0.00000000e+00
61.92000000	7.12766000e-12	-4.24083000e-12	0.00000000e+00
61.94000000	6.71462000e-12	-4.43589000e-12	0.00000000e+00
61.96000000	6.30528000e-12	-4.60601000e-12	0.00000000e+00
61.98000000	5.90067000e-12	-4.75212000e-12	0.00000000e+00
62.00000000	5.50176000e-12	-4.87516000e-12	0.00000000e+00
62.02000000	5.10945000e-12	-4.97611000e-12	0.00000000e+00
62.04000000	4.72454000e-12	-5.05595000e-12	0.00000000e+00
62.06000000	4.34779000e-12	-5.11566000e-12	0.00000000e+00
62.08000000	3.97988000e-12	-5.15624000e-12	0.00000000e+00
62.10000000	3.62142000e-12	-5.17867000e-12	0.00000000e+00
62.12000000	3.27296000e-12	-5.18396000e-12	0.00000000e+00
62.14000000	2.93498000e-12	-5.17309000e-12	0.00000000e+00
62.16000000	2.60791000e-12	-5.14703000e-12	0.00000000e+00
62.18000000	2.29211000e-12	-5.10676000e-12	0.00000000e+00
62.20000000	1.98790000e-12	-5.05324000e-12	0.00000000e+00
62.22000000	1.69553000e-12	-4.98739000e-12	0.00000000e+00
62.24000000	1.41520000e-12	-4.91016000e-12	0.00000000e+00
62.26000000	1.14708000e-12	-4.82244000e-12	0.00000000e+00
62.28000000	8.91260000e-13	-4.72512000e-12	0.00000000e+00
62.30000000	6.47819000e-13	-4.61907000e-12	0.00000000e+00
62.32000000	4.16774000e-13	-4.50512000e-12	0.00000000e+00
62.34000000	1.98109000e-13	-4.38409000e-12	0.00000000e+00
62.36000000	-8.23215000e-15	-4.25677000e-12	0.00000000e+00
62.38000000	-2.02338000e-13	-4.12392000e-12	0.00000000e+00
62.40000000	-3.84331000e-13	-3.98628000e-12	0.00000000e+00
62.42000000	-5.54364000e-13	-3.84455000e-12	0.00000000e+00
62.44000000	-7.12617000e-13	-3.69941000e-12	0.00000000e+00
62.46000000	-8.59297000e-13	-3.55151000e-12	0.00000000e+00
62.48000000	-9.94634000e-13	-3.40147000e-12	0.00000000e+00
62.50000000	-1.11888000e-12	-3.24988000e-12	0.00000000e+00
62.52000000	-1.23231000e-12	-3.09730000e-12	0.00000000e+00
62.54000000	-1.33520000e-12	-2.94426000e-12	0.00000000e+00
62.56000000	-1.42787000e-12	-2.79126000e-12	0.00000000e+00
62.58000000	-1.51064000e-12	-2.63876000e-12	0.00000000e+00
62.60000000	-1.58383000e-12	-2.48722000e-12	0.00000000e+00
62.62000000	-1.64778000e-12	-2.33704000e-12	0.00000000e+00
62.64000000	-1.70285000e-12	-2.18861000e-12	0.00000000e+00
62.66000000	-1.74938000e-12	-2.04228000e-12	0.00000000e+00
62.68000000	-1.78775000e-12	-1.89838000e-12	0.00000000e+00
62.70000000	-1.81832000e-12	-1.75722000e-12	0.00000000e+00
62.72000000	-1.84146000e-12	-1.61906000e-12	0.00000000e+00
62.74000000	-1.85753000e-12	-1.48416000e-12	0.00000000e+00
62.76000000	-1.86691000e-12	-1.35273000e-12	0.00000000e+00
62.78000000	-1.86996000e-12	-1.22499000e-12	0.00000000e+00
62.80000000	-1.86706000e-12	-1.10111000e-12	0.00000000e+00
62.82000000	-1.85856000e-12	-9.81243000e-13	0.00000000e+00
62.84000000	-1.84483000e-12	-8.65519000e-13	0.00000000e+00
62.86000000	-1.82622000e-12	-7.54054000e-13	0.00000000e+00
62.88000000	-1.80308000e-12	-6.46939000e-13	0.00000000e+00
62.90000000	-1.77576000e-12	-5.44246000e-13	0.00000000e+00
62.92000000	-1.74457000e-12	-4.46032000e-13	0.00000000e+00
62.94000000	-1.70986000e-12	-3.52334000e-13	0.00000000e+00
62.96000000	-1.67195000e-12	-2.63173000e-13	0.00000000e+00
62.98000000	-1.63113000e-12	-1.78555000e-13	0.00000000e+00
63.00000000	-1.58772000e-12	-9.84712000e-14	0.00000000e+00
63.02000000	-1.54200000e-12	-2.29002000e-14	0.00000000e+00
63.04000000	-1.49425000e-12	4.81934000e-14	0.00000000e+00
63.06000000	-1.44475000e-12	1.14857000e-13	0.00000000e+00
63.08000000	-1.39374000e-12	1.77147000e-13	0.00000000e+00
63.10000000	-1.34149000e-12	2.35134000e-13	0.00000000e+00
63.12000000	-1.28823000e-12	2.88894000e-13	0.00000000e+00
63.14000000	-1.23418000e-12	3.38513000e-13	0.00000000e+00
63.16000000	-1.17957000e-12	3.84086000e-13	0.00000000e+00
63.18000000	-1.12458000e-12	4.25713000e-13	0.00000000e+00
63.20000000	-1.06943000e-12	4.63502000e-13	0.00000000e+00
63.22000000	-1.01429000e-12	4.97566000e-13	0.00000000e+00
63.24000000	-9.59334000e-13	5.28023000e-13	0.00000000e+00
63.26000000	-9.04719000e-13	5.54994000e-13	0.00000000e+00
63.28000000	-8.50598000e-13	5.78606000e-13	0.00000000e+00
63.30000000	-7.97109000e-13	5.98987000e-13	0.00000000e+00
63.32000000	-7.44381000e-13	6.16269000e-13	0.00000000e+00
63.34000000	-6.92534000e-13	6.30584000e-13	0.00000000e+00
63.36000000	-6.41676000e-13	6.42066000e-13	0.00000000e+00
63.38000000	-5.91907000e-13	6.50852000e-13	0.00000000e+00
63.40000000	-5.43316000e-13	6.57076000e-13	0.00000000e+00
63.42000000	-4.95985000e-13	6.60873000e-13	0.00000000e+00
63.44000000	-4.49985000e-13	6.62379000e-13	0.00000000e+00
63.46000000	-4.05379000e-13	6.61728000e-13	0.00000000e+00
63.48000000	-3.62224000e-13	6.59052000e-13	0.00000000e+00
63.50000000	-3.20566000e-13	6.54482000e-13	0.00000000e+00
63.52000000	-2.80445000e-13	6.48147000e-13	0.00000000e+00
63.54000000	-2.41894000e-13	6.40175000e-13	0.00000000e+00
63.56000000	-2.04939000e-13	6.30689000e-13	0.00000000e+00
63.58000000	-1.69598000e-13	6.19812000e-13	0.00000000e+00
63.60000000	-1.35884000e-13	6.07661000e-13	0.00000000e+00
63.62000000	-1.03805000e-13	5.94353000e-13	0.00000000e+00
63.64000000	-7.33608000e-14	5.79999000e-13	0.00000000e+00
63.66000000	-4.45487000e-14	5.64708000e-13	0.00000000e+00
63.68000000	-1.73596000e-14	5.48585000e-13	0.00000000e+00
63.70000000	8.21997000e-15	5.31732000e-13	0.00000000e+00
63.72000000	3.22075000e-14	5.14246000e-13	0.00000000e+00
63.74000000	5.46248000e-14	4.96221000e-13	0.00000000e+00
63.76000000	7.54969000e-14	4.77745000e-13	0.00000000e+00
63.78000000	9.48525000e-14	4.58905000e-13	0.00000000e+00
63.80000000	1.12723000e-13	4.39783000e-13	0.00000000e+00
63.82000000	1.29144000e-13	4.20455000e-13	0.00000000e+00
63.84000000	1.44150000e-13	4.00995000e-13	0.00000000e+00
63.86000000	1.57783000e-13	3.81473000e-13	0.00000000e+00
63.88000000	1.70082000e-13	3.61954000e-13	0.00000000e+00
63.90000000	1.81091000e-13	3.42498000e-13	0.00000000e+00
63.92000000	1.90853000e-13	3.23164000e-13	0.00000000e+00
63.94000000	1.99415000e-13	3.04006000e-13	0.00000000e+00
63.96000000	2.06823000e-13	2.85072000e-13	0.00000000e+00
63.98000000	2.13124000e-13	2.66408000e-13	0.00000000e+00
64.00000000	2.18367000e-13	2.48058000e-13	0.00000000e+00
64.02000000	2.22599000e-13	2.30059000e-13	0.00000000e+00
64.04000000	2.25870000e-13	2.12448000e-13	0.00000000e+00
64.06000000	2.28228000e-13	1.95255000e-13	0.00000000e+00
64.08000000	2.29721000e-13	1.78510000e-13	0.00000000e+00
64.10000000	2.30399000e-13	1.62238000e-13	0.00000000e+00
64.12000000	2.30309000e-13	1.46461000e-13	0.00000000e+00
64.14000000	2.29499000e-13	1.31198000e-13	0.00000000e+00
64.16000000	2.28016000e-13	1.16467000e-13	0.00000000e+00
64.18000000	2.25905000e-13	1.02281000e-13	0.00000000e+00
64.20000000	2.23213000e-13	8.86516000e-14	0.00000000e+00
64.22000000	2.19984000e-13	7.55873000e-14	0.00000000e+00
64.24000000	2.16260000e-13	6.30947000e-14	0.00000000e+00
64.26000000	2.12085000e-13	5.11782000e-14	0.00000000e+00
64.28000000	2.07500000e-13	3.98399000e-14	0.00000000e+00
64.30000000	2.02544000e-13	2.90801000e-14	0.00000000e+00
64.32000000	1.97255000e-13	1.88971000e-14	0.00000000e+00
64.34000000	1.91673000e-13	9.28756000e-15	0.00000000e+00
64.36000000	1.85831000e-13	0.00000000e+00	0.00000000e+00
64.38000000	1.79765000e-13	-8.23273000e-15	0.00000000e+00
64.40000000	1.73509000e-13	-1.61579000e-14	0.00000000e+00
64.42000000	1.67093000e-13	-2.35381000e-14	0.00000000e+00
64.44000000	1.60548000e-13	-3.03838000e-14	0.00000000e+00
64.46000000	1.53902000e-13	-3.67064000e-14	0.00000000e+00
64.48000000	1.47184000e-13	-4.25182000e-14	0.00000000e+00
64.50000000	1.40419000e-13	-4.78326000e-14	0.00000000e+00
64.52000000	1.33632000e-13	-5.26634000e-14	0.00000000e+00
64.54000000	1.26845000e-13	-5.70254000e-14	0.00000000e+00
64.56000000	1.20079000e-13	-6.09338000e-14	0.00000000e+00
64.58000000	1.13356000e-13	-6.44045000e-14	0.00000000e+00
64.60000000	1.06695000e-13	-6.74536000e-14	0.00000000e+00
64.62000000	1.00111000e-13	-7.00978000e-14	0.00000000e+00
64.64000000	9.36219000e-14	-7.23537000e-14	0.00000000e+00
64.66000000	8.72422000e-14	-7.42384000e-14	0.00000000e+00
64.68000000	8.09852000e-14	-7.57691000e-14	0.00000000e+00
64.70000000	7.48634000e-14	-7.69629000e-14	0.00000000e+00
64.72000000	6.88878000e-14	-7.78372000e-14	0.00000000e+00
64.74000000	6.30683000e-14	-7.84090000e-14	0.00000000e+00
64.76000000	5.74138000e-14	-7.86955000e-14	0.00000000e+00
64.78000000	5.19320000e-14	-7.87136000e-14	0.00000000e+00
64.80000000	4.66296000e-14	-7.84799000e-14	0.00000000e+00
64.82000000	4.15123000e-14	-7.80111000e-14	0.00000000e+00
64.84000000	3.65849000e-14	-7.73233000e-14	0.00000000e+00
64.86000000	3.18513000e-14	-7.64325000e-14	0.00000000e+00
64.88000000	2.73144000e-14	-7.53543000e-14	0.00000000e+00
64.90000000	2.29764000e-14	-7.41038000e-14	0.00000000e+00
64.92000000	1.88387000e-14	-7.26958000e-14	0.00000000e+00
64.94000000	1.49020000e-14	-7.11448000e-14	0.00000000e+00
64.96000000	1.11663000e-14	-6.94646000e-14	0.00000000e+00
64.98000000	7.63082000e-15	-6.76689000e-14	0.00000000e+00
65.00000000	4.29441000e-15	-6.57706000e-14	0.00000000e+00
65.02000000	1.15522000e-15	-6.37823000e-14	0.00000000e+00
65.04000000	-1.78911000e-15	-6.17159000e-14	0.00000000e+00
65.06000000	-4.54140000e-15	-5.95831000e-14	0.00000000e+00
65.08000000	-7.10493000e-15	-5.73948000e-14	0.00000000e+00
65.10000000	-9.48336000e-15	-5.51616000e-14	0.00000000e+00
65.12000000	-1.16807000e-14	-5.28935000e-14	0.00000000e+00
65.14000000	-1.37014000e-14	-5.05999000e-14	0.00000000e+00
65.16000000	-1.55500000e-14	-4.82899000e-14	0.00000000e+00
65.18000000	-1.72316000e-14	-4.59719000e-14	0.00000000e+00
65.20000000	-1.87511000e-14	-4.36538000e-14	0.00000000e+00
65.22000000	-2.01141000e-14	-4.13431000e-14	0.00000000e+00
65.24000000	-2.13260000e-14	-3.90468000e-14	0.00000000e+00
65.26000000	-2.23925000e-14	-3.67714000e-14	0.00000000e+00
65.28000000	-2.33193000e-14	-3.45228000e-14	0.00000000e+00
65.30000000	-2.41123000e-14	-3.23065000e-14	0.00000000e+00
65.32000000	-2.47775000e-14	-3.01278000e-14	0.00000000e+00
65.34000000	-2.53208000e-14	-2.79911000e-14	0.00000000e+00
65.36000000	-2.57481000e-14	-2.59008000e-14	0.00000000e+00
65.38000000	-2.60655000e-14	-2.38606000e-14	0.00000000e+00
65.40000000	-2.62789000e-14	-2.18739000e-14	0.00000000e+00
65.42000000	-2.63943000e-14	-1.99437000e-14	0.00000000e+00
65.44000000	-2.64174000e-14	-1.80727000e-14	0.00000000e+00
65.46000000	-2.63541000e-14	-1.62631000e-14	0.00000000e+00
65.48000000	-2.62101000e-14	-1.45169000e-14	0.00000000e+00
65.50000000	-2.59910000e-14	-1.28357000e-14	0.00000000e+00
65.52000000	-2.57023000e-14	-1.12207000e-14	0.00000000e+00
65.54000000	-2.53492000e-14	-9.67293000e-15	0.00000000e+00
65.56000000	-2.49372000e-14	-8.19317000e-15	0.00000000e+00
65.58000000	-2.44712000e-14	-6.78183000e-15	0.00000000e+00
65.60000000	-2.39563000e-14	-5.43912000e-15	0.00000000e+00
65.62000000	-2.33971000e-14	-4.16499000e-15	0.00000000e+00
65.64000000	-2.27984000e-14	-2.95918000e-15	0.00000000e+00
65.66000000	-2.21646000e-14	-1.82124000e-15	0.00000000e+00
65.68000000	-2.14999000e-14	0.00000000e+00	0.00000000e+00
65.70000000	-2.08086000e-14	0.00000000e+00	0.00000000e+00
65.72000000	-2.00946000e-14	1.19278000e-15	0.00000000e+00
65.74000000	-1.93616000e-14	2.06750000e-15	0.00000000e+00
65.76000000	-1.86132000e-14	2.87924000e-15	0.00000000e+00
65.78000000	-1.78529000e-14	3.62942000e-15	0.00000000e+00
65.80000000	-1.70838000e-14	4.31955000e-15	0.00000000e+00
65.82000000	-1.63091000e-14	4.95124000e-15	0.00000000e+00
65.84000000	-1.55315000e-14	5.52618000e-15	0.00000000e+00
65.86000000	-1.47539000e-14	6.04617000e-15	0.00000000e+00
65.88000000	-1.39786000e-14	6.51302000e-15	0.00000000e+00
65.90000000	-1.32082000e-14	6.92865000e-15	0.00000000e+00
65.92000000	-1.24448000e-14	7.29500000e-15	0.00000000e+00
65.94000000	-1.16904000e-14	7.61404000e-15	0.00000000e+00
65.96000000	-1.09469000e-14	7.88777000e-15	0.00000000e+00
65.98000000	-1.02160000e-14	8.11824000e-15	0.00000000e+00
66.00000000	-9.49929000e-15	8.30746000e-15	0.00000000e+00
66.02000000	-8.79817000e-15	8.45749000e-15	0.00000000e+00
66.04000000	-8.11392000e-15	8.57037000e-15	0.00000000e+00
66.06000000	-7.44768000e-15	8.64811000e-15	0.00000000e+00
66.08000000	-6.80046000e-15	8.69274000e-15	0.00000000e+00
66.10000000	-6.17314000e-15	8.70624000e-15	0.00000000e+00
66.12000000	-5.56649000e-15	8.69058000e-15	0.00000000e+00
66.14000000	-4.98113000e-15	8.64770000e-15	0.00000000e+00
66.16000000	-4.41761000e-15	8.57950000e-15	0.00000000e+00
66.18000000	-3.87636000e-15	8.48784000e-15	0.00000000e+00
66.20000000	-3.35768000e-15	8.37453000e-15	0.00000000e+00
66.22000000	-2.86183000e-15	8.24134000e-15	0.00000000e+00
66.24000000	-2.38893000e-15	8.09000000e-15	0.00000000e+00
66.26000000	-1.93905000e-15	7.92218000e-15	0.00000000e+00
66.28000000	-1.51216000e-15	7.73949000e-15	0.00000000e+00
66.30000000	-1.10817000e-15	7.54350000e-15	0.00000000e+00
66.32000000	0.00000000e+00	7.33570000e-15	0.00000000e+00
66.34000000	0.00000000e+00	7.11756000e-15	0.00000000e+00
66.36000000	0.00000000e+00	6.89044000e-15	0.00000000e+00
66.38000000	0.00000000e+00	6.65568000e-15	0.00000000e+00
66.40000000	0.00000000e+00	6.41454000e-15	0.00000000e+00
66.42000000	0.00000000e+00	6.16822000e-15	0.00000000e+00
66.44000000	1.09999000e-15	5.91788000e-15	0.00000000e+00
66.46000000	1.33153000e-15	5.66459000e-15	0.00000000e+00
66.48000000	1.54356000e-15	5.40937000e-15	0.00000000e+00
66.50000000	1.73666000e-15	5.15319000e-15	0.00000000e+00
66.52000000	1.91143000e-15	4.89694000e-15	0.00000000e+00
66.54000000	2.06850000e-15	4.64148000e-15	0.00000000e+00
66.56000000	2.20851000e-15	4.38759000e-15	0.00000000e+00
66.58000000	2.33210000e-15	4.13600000e-15	0.00000000e+00
66.60000000	2.43995000e-15	3.88739000e-15	0.00000000e+00
66.62000000	2.53274000e-15	3.64237000e-15	0.00000000e+00
66.64000000	2.61113000e-15	3.40153000e-15	0.00000000e+00
66.66000000	2.67582000e-15	3.16537000e-15	0.00000000e+00
66.68000000	2.72748000e-15	2.93436000e-15	0.00000000e+00
66.70000000	2.76681000e-15	2.70894000e-15	0.00000000e+00
66.72000000	2.79447000e-15	2.48947000e-15	0.00000000e+00
66.74000000	2.81115000e-15	2.27628000e-15	0.00000000e+00
66.76000000	2.81751000e-15	2.06967000e-15	0.00000000e+00
66.78000000	2.81420000e-15	1.86989000e-15	0.00000000e+00
66.80000000	2.80187000e-15	1.67714000e-15	0.00000000e+00
66.82000000	2.78115000e-15	1.49160000e-15	0.00000000e+00
66.84000000	2.75266000e-15	1.31340000e-15	0.00000000e+00
66.86000000	2.71701000e-15	1.14266000e-15	0.00000000e+00
66.88000000	2.67479000e-15	0.00000000e+00	0.00000000e+00
66.90000000	2.62656000e-15	0.00000000e+00	0.00000000e+00
66.92000000	2.57288000e-15	0.00000000e+00	0.00000000e+00
66.94000000	2.51428000e-15	0.00000000e+00	0.00000000e+00
66.96000000	2.45129000e-15	0.00000000e+00	0.00000000e+00
66.98000000	2.38440000e-15	0.00000000e+00	0.00000000e+00
67.00000000	2.31409000e-15	0.00000000e+00	0.00000000e+00
67.02000000	2.24081000e-15	0.00000000e+00	0.00000000e+00
67.04000000	2.16501000e-15	0.00000000e+00	0.00000000e+00
67.06000000	2.08710000e-15	0.00000000e+00	0.00000000e+00
67.08000000	2.00748000e-15	0.00000000e+00	0.00000000e+00
67.10000000	1.92653000e-15	0.00000000e+00	0.00000000e+00
67.12000000	1.84459000e-15	0.00000000e+00	0.00000000e+00
67.14000000	1.76202000e-15	0.00000000e+00	0.00000000e+00
67.16000000	1.67911000e-15	0.00000000e+00	0.00000000e+00
67.18000000	1.59618000e-15	0.00000000e+00	0.00000000e+00
67.20000000	1.51349000e-15	0.00000000e+00	0.00000000e+00
67.22000000	1.43131000e-15	0.00000000e+00	0.00000000e+00
67.24000000	1.34986000e-15	0.00000000e+00	0.00000000e+00
67.26000000	1.26939000e-15	0.00000000e+00	0.00000000e+00
67.28000000	1.19008000e-15	0.00000000e+00	0.00000000e+00
67.30000000	1.11212000e-15	0.00000000e+00	0.00000000e+00
67.32000000	1.03568000e-15	0.00000000e+00	0.00000000e+00
67.34000000	0.00000000e+00	0.00000000e+00	0.00000000e+00
67.36000000	0.00000000e+00	0.00000000e+00	0.00000000e+00
67.38000000	0.00000000e+00	0.00000000e+00	0.00000000e+00
67.40000000	0.00000000e+00	0.00000000e+00	0.00000000e+00
67.42000000	0.00000000e+00	0.00000000e+00	0.00000000e+00
67.44000000	0.00000000e+00	0.00000000e+00	0.00000000e+00
67.46000000	0.00000000e+00	0.00000000e+00	0.00000000e+00
67.48000000	0.00000000e+00	0.00000000e+00	0.00000000e+00
67.50000000	0.00000000e+00	0.00000000e+00	0.00000000e+00
67.52000000	0.00000000e+00	0.00000000e+00	0.00000000e+00
67.54000000	0.00000000e+00	0.00000000e+00	0.00000000e+00
67.56000000	0.00000000e+00	0.00000000e+00	0.00000000e+00
67.58000000	0.00000000e+00	0.00000000e+00	0.00000000e+00
67.60000000	0.00000000e+00	0.00000000e+00	0.00000000e+00
67.62000000	0.00000000e+00	0.00000000e+00	0.00000000e+00
67.64000000	0.00000000e+00	0.00000000e+00	0.00000000e+00
67.66000000	0.00000000e+00	0.00000000e+00	0.00000000e+00
67.68000000	0.00000000e+00	0.00000000e+00	0.00000000e+00
67.70000000	0.00000000e+00	0.00000000e+00	0.00000000e+00
67.72000000	0.00000000e+00	0.00000000e+00	0.00000000e+00
67.74000000	0.00000000e+00	0.00000000e+00	0.00000000e+00
67.76000000	0.00000000e+00	0.00000000e+00	0.00000000e+00
67.78000000	0.00000000e+00	0.00000000e+00	0.00000000e+00
67.80000000	0.00000000e+00	0.00000000e+00	0.00000000e+00
67.82000000	0.00000000e+00	0.00000000e+00	0.00000000e+00
67.84000000	0.00000000e+00	0.00000000e+00	0.00000000e+00
67.86000000	0.00000000e+00	0.00000000e+00	0.00000000e+00
67.88000000	0.00000000e+00	0.00000000e+00	0.00000000e+00
67.90000000	0.00000000e+00	0.00000000e+00	0.00000000e+00
67.92000000	0.00000000e+00	0.00000000e+00	0.00000000e+00
67.94000000	0.00000000e+00	0.00000000e+00	0.00000000e+00
67.96000000	0.00000000e+00	0.00000000e+00	0.00000000e+00
67.98000000	0.00000000e+00	0.00000000e+00	0.00000000e+00
68.00000000	0.00000000e+00	0.00000000e+00	0.00000000e+00
68.02000000	0.00000000e+00	0.00000000e+00	0.00000000e+00
68.04000000	0.00000000e+00	0.00000000e+00	0.00000000e+00
68.06000000	0.00000000e+00	0.00000000e+00	0.00000000e+00
68.08000000	0.00000000e+00	0.00000000e+00	0.00000000e+00
68.10000000	0.00000000e+00	0.00000000e+00	0.00000000e+00
68.12000000	0.00000000e+00	0.00000000e+00	0.00000000e+00
68.14000000	0.00000000e+00	0.00000000e+00	0.00000000e+00
68.16000000	0.00000000e+00	0.00000000e+00	0.00000000e+00
68.18000000	0.00000000e+00	0.00000000e+00	0.00000000e+00
68.20000000	0.00000000e+00	0.00000000e+00	0.00000000e+00
68.22000000	0.00000000e+00	0.00000000e+00	0.00000000e+00
68.24000000	0.00000000e+00	0.00000000e+00	0.00000000e+00
68.26000000	0.00000000e+00	0.00000000e+00	0.00000000e+00
68.28000000	0.00000000e+00	0.00000000e+00	0.00000000e+00
68.30000000	0.00000000e+00	0.00000000e+00	0.00000000e+00
68.32000000	0.00000000e+00	0.00000000e+00	0.00000000e+00
68.34000000	0.00000000e+00	0.00000000e+00	0.00000000e+00
68.36000000	0.00000000e+00	0.00000000e+00	0.00000000e+00
68.38000000	0.00000000e+00	0.00000000e+00	0.00000000e+00
68.40000000	0.00000000e+00	0.00000000e+00	0.00000000e+00
68.42000000	0.00000000e+00	0.00000000e+00	0.00000000e+00
68.44000000	0.00000000e+00	0.00000000e+00	0.00000000e+00
68.46000000	0.00000000e+00	0.00000000e+00	0.00000000e+00
68.48000000	0.00000000e+00	0.00000000e+00	0.00000000e+00
68.50000000	0.00000000e+00	0.00000000e+00	0.00000000e+00
68.52000000	0.00000000e+00	0.00000000e+00	0.00000000e+00
68.54000000	0.00000000e+00	0.00000000e+00	0.00000000e+00
68.56000000	0.00000000e+00	0.00000000e+00	0.00000000e+00
68.58000000	0.00000000e+00	0.00000000e+00	0.00000000e+00
68.60000000	0.00000000e+00	0.00000000e+00	0.00000000e+00
68.62000000	0.00000000e+00	0.00000000e+00	0.00000000e+00
68.64000000	0.00000000e+00	0.00000000e+00	0.00000000e+00
68.66000000	0.00000000e+00	0.00000000e+00	0.00000000e+00
68.68000000	0.00000000e+00	0.00000000e+00	0.00000000e+00
68.70000000	0.00000000e+00	0.00000000e+00	0.00000000e+00
68.72000000	0.00000000e+00	0.00000000e+00	0.00000000e+00
68.74000000	0.00000000e+00	0.00000000e+00	0.00000000e+00
68.76000000	0.00000000e+00	0.00000000e+00	0.00000000e+00
68.78000000	0.00000000e+00	0.00000000e+00	0.00000000e+00
68.80000000	0.00000000e+00	0.00000000e+00	0.00000000e+00
68.82000000	0.00000000e+00	0.00000000e+00	0.00000000e+00
68.84000000	0.00000000e+00	0.00000000e+00	0.00000000e+00
68.86000000	0.00000000e+00	0.00000000e+00	0.00000000e+00
68.88000000	0.00000000e+00	0.00000000e+00	0.00000000e+00
68.90000000	0.00000000e+00	0.00000000e+00	0.00000000e+00
68.92000000	0.00000000e+00	0.00000000e+00	0.00000000e+00
68.94000000	0.00000000e+00	0.00000000e+00	0.00000000e+00
68.96000000	0.00000000e+00	0.00000000e+00	0.00000000e+00
68.98000000	0.00000000e+00	0.00000000e+00	0.00000000e+00
69.00000000	0.00000000e+00	0.00000000e+00	0.00000000e+00
69.02000000	0.00000000e+00	0.00000000e+00	0.00000000e+00
69.04000000	0.00000000e+00	0.00000000e+00	0.00000000e+00
69.06000000	0.00000000e+00	0.00000000e+00	0.00000000e+00
69.08000000	0.00000000e+00	0.00000000e+00	0.00000000e+00
69.10000000	0.00000000e+00	0.00000000e+00	0.00000000e+00
69.12000000	0.00000000e+00	0.00000000e+00	0.00000000e+00
69.14000000	0.00000000e+00	0.00000000e+00	0.00000000e+00
69.16000000	0.00000000e+00	0.00000000e+00	0.00000000e+00
69.18000000	0.00000000e+00	0.00000000e+00	0.00000000e+00
69.20000000	0.00000000e+00	0.00000000e+00	0.00000000e+00
69.22000000	0.00000000e+00	0.00000000e+00	0.00000000e+00
69.24000000	0.00000000e+00	0.00000000e+00	0.00000000e+00
69.26000000	0.00000000e+00	0.00000000e+00	0.00000000e+00
69.28000000	0.00000000e+00	0.00000000e+00	0.00000000e+00
69.30000000	0.00000000e+00	0.00000000e+00	0.00000000e+00
69.32000000	0.00000000e+00	0.00000000e+00	0.00000000e+00
69.34000000	0.00000000e+00	0.00000000e+00	0.00000000e+00
69.36000000	0.00000000e+00	0.00000000e+00	0.00000000e+00
69.38000000	0.00000000e+00	0.00000000e+00	0.00000000e+00
69.40000000	0.00000000e+00	0.00000000e+00	0.00000000e+00
69.42000000	0.00000000e+00	0.00000000e+00	0.00000000e+00
69.44000000	0.00000000e+00	0.00000000e+00	0.00000000e+00
69.46000000	0.00000000e+00	0.00000000e+00	0.00000000e+00
69.48000000	0.00000000e+00	0.00000000e+00	0.00000000e+00
69.50000000	0.00000000e+00	0.00000000e+00	0.00000000e+00
69.52000000	0.00000000e+00	0.00000000e+00	0.00000000e+00
69.54000000	0.00000000e+00	0.00000000e+00	0.00000000e+00
69.56000000	0.00000000e+00	0.00000000e+00	0.00000000e+00
69.58000000	0.00000000e+00	0.00000000e+00	0.00000000e+00
69.60000000	0.00000000e+00	0.00000000e+00	0.00000000e+00
69.62000000	0.00000000e+00	0.00000000e+00	0.00000000e+00
69.64000000	0.00000000e+00	0.00000000e+00	0.00000000e+00
69.66000000	0.00000000e+00	0.00000000e+00	0.00000000e+00
69.68000000	0.00000000e+00	0.00000000e+00	0.00000000e+00
69.70000000	0.00000000e+00	0.00000000e+00	0.00000000e+00
69.72000000	0.00000000e+00	0.00000000e+00	0.00000000e+00
69.74000000	0.00000000e+00	0.00000000e+00	0.00000000e+00
69.76000000	0.00000000e+00	0.00000000e+00	0.00000000e+00
69.78000000	0.00000000e+00	0.00000000e+00	0.00000000e+00
69.80000000	0.00000000e+00	0.00000000e+00	0.00000000e+00
69.82000000	0.00000000e+00	0.00000000e+00	0.00000000e+00
69.84000000	0.00000000e+00	0.00000000e+00	0.00000000e+00
69.86000000	0.00000000e+00	0.00000000e+00	0.00000000e+00
69.88000000	0.00000000e+00	0.00000000e+00	0.00000000e+00
69.90000000	0.00000000e+00	0.00000000e+00	0.00000000e+00
69.92000000	0.00000000e+00	0.00000000e+00	0.00000000e+00
69.94000000	0.00000000e+00	0.00000000e+00	0.00000000e+00
69.96000000	0.00000000e+00	0.00000000e+00	0.00000000e+00
69.98000000	0.00000000e+00	0.00000000e+00	0.00000000e+00
70.00000000	0.00000000e+00	0.00000000e+00	0.00000000e+00
70.02000000	0.00000000e+00	0.00000000e+00	0.00000000e+00
70.04000000	0.00000000e+00	0.00000000e+00	0.00000000e+00
70.06000000	0.00000000e+00	0.00000000e+00	0.00000000e+00
70.08000000	0.00000000e+00	0.00000000e+00	0.00000000e+00
70.10000000	0.00000000e+00	0.00000000e+00	0.00000000e+00
70.12000000	0.00000000e+00	0.00000000e+00	0.00000000e+00
70.14000000	0.00000000e+00	0.00000000e+00	0.00000000e+00
70.16000000	0.00000000e+00	0.00000000e+00	0.00000000e+00
70.18000000	0.00000000e+00	0.00000000e+00	0.00000000e+00
70.20000000	0.00000000e+00	0.00000000e+00	0.00000000e+00
70.22000000	0.00000000e+00	0.00000000e+00	0.00000000e+00
70.24000000	0.00000000e+00	0.00000000e+00	0.00000000e+00
70.26000000	0.00000000e+00	0.00000000e+00	0.00000000e+00
70.28000000	0.00000000e+00	0.00000000e+00	0.00000000e+00
70.30000000	0.00000000e+00	0.00000000e+00	0.00000000e+00
70.32000000	0.00000000e+00	0.00000000e+00	0.00000000e+00
70.34000000	0.00000000e+00	0.00000000e+00	0.00000000e+00
70.36000000	0.00000000e+00	0.00000000e+00	0.00000000e+00
70.38000000	0.00000000e+00	0.00000000e+00	0.00000000e+00
70.40000000	0.00000000e+00	0.00000000e+00	0.00000000e+00
70.42000000	0.00000000e+00	0.00000000e+00	0.00000000e+00
70.44000000	0.00000000e+00	0.00000000e+00	0.00000000e+00
70.46000000	0.00000000e+00	0.00000000e+00	0.00000000e+00
70.48000000	0.00000000e+00	0.00000000e+00	0.00000000e+00
70.50000000	0.00000000e+00	0.00000000e+00	0.00000000e+00
70.52000000	0.00000000e+00	0.00000000e+00	0.00000000e+00
70.54000000	0.00000000e+00	0.00000000e+00	0.00000000e+00
70.56000000	0.00000000e+00	0.00000000e+00	0.00000000e+00
70.58000000	0.00000000e+00	0.00000000e+00	0.00000000e+00
70.60000000	0.00000000e+00	0.00000000e+00	0.00000000e+00
70.62000000	0.00000000e+00	0.00000000e+00	0.00000000e+00
70.64000000	0.00000000e+00	0.00000000e+00	0.00000000e+00
70.66000000	0.00000000e+00	0.00000000e+00	0.00000000e+00
70.68000000	0.00000000e+00	0.00000000e+00	0.00000000e+00
70.70000000	0.00000000e+00	0.00000000e+00	0.00000000e+00
70.72000000	0.00000000e+00	0.00000000e+00	0.00000000e+00
70.74000000	0.00000000e+00	0.00000000e+00	0.00000000e+00
70.76000000	0.00000000e+00	0.00000000e+00	0.00000000e+00
70.78000000	0.00000000e+00	0.00000000e+00	0.00000000e+00
70.80000000	0.00000000e+00	0.00000000e+00	0.00000000e+00
70.82000000	0.00000000e+00	0.00000000e+00	0.00000000e+00
70.84000000	0.00000000e+00	0.00000000e+00	0.00000000e+00
70.86000000	0.00000000e+00	0.00000000e+00	0.00000000e+00
70.88000000	0.00000000e+00	0.00000000e+00	0.00000000e+00
70.90000000	0.00000000e+00	0.00000000e+00	0.00000000e+00
70.92000000	0.00000000e+00	0.00000000e+00	0.00000000e+00
70.94000000	0.00000000e+00	0.00000000e+00	0.00000000e+00
70.96000000	0.00000000e+00	0.00000000e+00	0.00000000e+00
70.98000000	0.00000000e+00	0.00000000e+00	0.00000000e+00
71.00000000	0.00000000e+00	0.00000000e+00	0.00000000e+00
71.02000000	0.00000000e+00	0.00000000e+00	0.00000000e+00
71.04000000	0.00000000e+00	0.00000000e+00	0.00000000e+00
71.06000000	0.00000000e+00	0.00000000e+00	0.00000000e+00
71.08000000	0.00000000e+00	0.00000000e+00	0.00000000e+00
71.10000000	0.00000000e+00	0.00000000e+00	0.00000000e+00
71.12000000	0.00000000e+00	0.00000000e+00	0.00000000e+00
71.14000000	0.00000000e+00	0.00000000e+00	0.00000000e+00
71.16000000	0.00000000e+00	0.00000000e+00	0.00000000e+00
71.18000000	0.00000000e+00	0.00000000e+00	0.00000000e+00
71.20000000	0.00000000e+00	0.00000000e+00	0.00000000e+00
71.22000000	0.00000000e+00	0.00000000e+00	0.00000000e+00
71.24000000	0.00000000e+00	0.00000000e+00	0.00000000e+00
71.26000000	0.00000000e+00	0.00000000e+00	0.00000000e+00
71.28000000	0.00000000e+00	0.00000000e+00	0.00000000e+00
71.30000000	0.00000000e+00	0.00000000e+00	0.00000000e+00
71.32000000	0.00000000e+00	0.00000000e+00	0.00000000e+00
71.34000000	0.00000000e+00	0.00000000e+00	0.00000000e+00
71.36000000	0.00000000e+00	0.00000000e+00	0.00000000e+00
71.38000000	0.00000000e+00	0.00000000e+00	0.00000000e+00
71.40000000	0.00000000e+00	0.00000000e+00	0.00000000e+00
71.42000000	0.00000000e+00	0.00000000e+00	0.00000000e+00
71.44000000	0.00000000e+00	0.00000000e+00	0.00000000e+00
71.46000000	0.00000000e+00	0.00000000e+00	0.00000000e+00
71.48000000	0.00000000e+00	0.00000000e+00	0.00000000e+00
71.50000000	0.00000000e+00	0.00000000e+00	0.00000000e+00
71.52000000	0.00000000e+00	0.00000000e+00	0.00000000e+00
71.54000000	0.00000000e+00	0.00000000e+00	0.00000000e+00
71.56000000	0.00000000e+00	0.00000000e+00	0.00000000e+00
71.58000000	0.00000000e+00	0.00000000e+00	0.00000000e+00
71.60000000	0.00000000e+00	0.00000000e+00	0.00000000e+00
71.62000000	0.00000000e+00	0.00000000e+00	0.00000000e+00
71.64000000	0.00000000e+00	0.00000000e+00	0.00000000e+00
71.66000000	0.00000000e+00	0.00000000e+00	0.00000000e+00
71.68000000	0.00000000e+00	0.00000000e+00	0.00000000e+00
71.70000000	0.00000000e+00	0.00000000e+00	0.00000000e+00
71.72000000	0.00000000e+00	0.00000000e+00	0.00000000e+00
71.74000000	0.00000000e+00	0.00000000e+00	0.00000000e+00
71.76000000	0.00000000e+00	0.00000000e+00	0.00000000e+00
71.78000000	0.00000000e+00	0.00000000e+00	0.00000000e+00
71.80000000	0.00000000e+00	0.00000000e+00	0.00000000e+00
71.82000000	0.00000000e+00	0.00000000e+00	0.00000000e+00
71.84000000	0.00000000e+00	0.00000000e+00	0.00000000e+00
71.86000000	0.00000000e+00	0.00000000e+00	0.00000000e+00
71.88000000	0.00000000e+00	0.00000000e+00	0.00000000e+00
71.90000000	0.00000000e+00	0.00000000e+00	0.00000000e+00
71.92000000	0.00000000e+00	0.00000000e+00	0.00000000e+00
71.94000000	0.00000000e+00	0.00000000e+00	0.00000000e+00
71.96000000	0.00000000e+00	0.00000000e+00	0.00000000e+00
71.98000000	0.00000000e+00	0.00000000e+00	0.00000000e+00
72.00000000	0.00000000e+00	0.00000000e+00	0.00000000e+00
72.02000000	0.00000000e+00	0.00000000e+00	0.00000000e+00
72.04000000	0.00000000e+00	0.00000000e+00	0.00000000e+00
72.06000000	0.00000000e+00	0.00000000e+00	0.00000000e+00
72.08000000	0.00000000e+00	0.00000000e+00	0.00000000e+00
72.10000000	0.00000000e+00	0.00000000e+00	0.00000000e+00
72.12000000	0.00000000e+00	0.00000000e+00	0.00000000e+00
72.14000000	0.00000000e+00	0.00000000e+00	0.00000000e+00
72.16000000	0.00000000e+00	0.00000000e+00	0.00000000e+00
72.18000000	0.00000000e+00	0.00000000e+00	0.00000000e+00
72.20000000	0.00000000e+00	0.00000000e+00	0.00000000e+00
72.22000000	0.00000000e+00	0.00000000e+00	0.00000000e+00
72.24000000	0.00000000e+00	0.00000000e+00	0.00000000e+00
72.26000000	0.00000000e+00	0.00000000e+00	0.00000000e+00
72.28000000	0.00000000e+00	0.00000000e+00	0.00000000e+00
72.30000000	0.00000000e+00	0.00000000e+00	0.00000000e+00
72.32000000	0.00000000e+00	0.00000000e+00	0.00000000e+00
72.34000000	0.00000000e+00	0.00000000e+00	0.00000000e+00
72.36000000	0.00000000e+00	0.00000000e+00	0.00000000e+00
72.38000000	0.00000000e+00	0.00000000e+00	0.00000000e+00
72.40000000	0.00000000e+00	0.00000000e+00	0.00000000e+00
72.42000000	0.00000000e+00	0.00000000e+00	0.00000000e+00
72.44000000	0.00000000e+00	0.00000000e+00	0.00000000e+00
72.46000000	0.00000000e+00	0.00000000e+00	0.00000000e+00
72.48000000	0.00000000e+00	0.00000000e+00	0.00000000e+00
72.50000000	0.00000000e+00	0.00000000e+00	0.00000000e+00
72.52000000	0.00000000e+00	0.00000000e+00	0.00000000e+00
72.54000000	0.00000000e+00	0.00000000e+00	0.00000000e+00
72.56000000	0.00000000e+00	0.00000000e+00	0.00000000e+00
72.58000000	0.00000000e+00	0.00000000e+00	0.00000000e+00
72.60000000	0.00000000e+00	0.00000000e+00	0.00000000e+00
72.62000000	0.00000000e+00	0.00000000e+00	0.00000000e+00
72.64000000	0.00000000e+00	0.00000000e+00	0.00000000e+00
72.66000000	0.00000000e+00	0.00000000e+00	0.00000000e+00
72.68000000	0.00000000e+00	0.00000000e+00	0.00000000e+00
72.70000000	0.00000000e+00	0.00000000e+00	0.00000000e+00
72.72000000	0.00000000e+00	0.00000000e+00	0.00000000e+00
72.74000000	0.00000000e+00	0.00000000e+00	0.00000000e+00
72.76000000	0.00000000e+00	0.00000000e+00	0.00000000e+00
72.78000000	0.00000000e+00	0.00000000e+00	0.00000000e+00
72.80000000	0.00000000e+00	0.00000000e+00	0.00000000e+00
72.82000000	0.00000000e+00	0.00000000e+00	0.00000000e+00
72.84000000	0.00000000e+00	0.00000000e+00	0.00000000e+00
72.86000000	0.00000000e+00	0.00000000e+00	0.00000000e+00
72.88000000	0.00000000e+00	0.00000000e+00	0.00000000e+00
72.90000000	0.00000000e+00	0.00000000e+00	0.00000000e+00
72.92000000	0.00000000e+00	0.00000000e+00	0.00000000e+00
72.94000000	0.00000000e+00	0.00000000e+00	0.00000000e+00
72.96000000	0.00000000e+00	0.00000000e+00	0.00000000e+00
72.98000000	0.00000000e+00	0.00000000e+00	0.00000000e+00
73.00000000	0.00000000e+00	0.00000000e+00	0.00000000e+00
73.02000000	0.00000000e+00	0.00000000e+00	0.00000000e+00
73.04000000	0.00000000e+00	0.00000000e+00	0.00000000e+00
73.06000000	0.00000000e+00	0.00000000e+00	0.00000000e+00
73.08000000	0.00000000e+00	0.00000000e+00	0.00000000e+00
73.10000000	0.00000000e+00	0.00000000e+00	0.00000000e+00
73.12000000	0.00000000e+00	0.00000000e+00	0.00000000e+00
73.14000000	0.00000000e+00	0.00000000e+00	0.00000000e+00
73.16000000	0.00000000e+00	0.00000000e+00	0.00000000e+00
73.18000000	0.00000000e+00	0.00000000e+00	0.00000000e+00
73.20000000	0.00000000e+00	0.00000000e+00	0.00000000e+00
73.22000000	0.00000000e+00	0.00000000e+00	0.00000000e+00
73.24000000	0.00000000e+00	0.00000000e+00	0.00000000e+00
73.26000000	0.00000000e+00	0.00000000e+00	0.00000000e+00
73.28000000	0.00000000e+00	0.00000000e+00	0.00000000e+00
73.30000000	0.00000000e+00	0.00000000e+00	0.00000000e+00
73.32000000	0.00000000e+00	0.00000000e+00	0.00000000e+00
73.34000000	0.00000000e+00	0.00000000e+00	0.00000000e+00
73.36000000	0.00000000e+00	0.00000000e+00	0.00000000e+00
73.38000000	0.00000000e+00	0.00000000e+00	0.00000000e+00
73.40000000	0.00000000e+00	0.00000000e+00	0.00000000e+00
73.42000000	0.00000000e+00	0.00000000e+00	0.00000000e+00
73.44000000	0.00000000e+00	0.00000000e+00	0.00000000e+00
73.46000000	0.00000000e+00	0.00000000e+00	0.00000000e+00
73.48000000	0.00000000e+00	0.00000000e+00	0.00000000e+00
73.50000000	0.00000000e+00	0.00000000e+00	0.00000000e+00
73.52000000	0.00000000e+00	0.00000000e+00	0.00000000e+00
73.54000000	0.00000000e+00	0.00000000e+00	0.00000000e+00
73.56000000	0.00000000e+00	0.00000000e+00	0.00000000e+00
73.58000000	0.00000000e+00	0.00000000e+00	0.00000000e+00
73.60000000	0.00000000e+00	0.00000000e+00	0.00000000e+00
73.62000000	0.00000000e+00	0.00000000e+00	0.00000000e+00
73.64000000	0.00000000e+00	0.00000000e+00	0.00000000e+00
73.66000000	0.00000000e+00	0.00000000e+00	0.00000000e+00
73.68000000	0.00000000e+00	0.00000000e+00	0.00000000e+00
73.70000000	0.00000000e+00	0.00000000e+00	0.00000000e+00
73.72000000	0.00000000e+00	0.00000000e+00	0.00000000e+00
73.74000000	0.00000000e+00	0.00000000e+00	0.00000000e+00
73.76000000	0.00000000e+00	0.00000000e+00	0.00000000e+00
73.78000000	0.00000000e+00	0.00000000e+00	0.00000000e+00
73.80000000	0.00000000e+00	0.00000000e+00	0.00000000e+00
73.82000000	0.00000000e+00	0.00000000e+00	0.00000000e+00
73.84000000	0.00000000e+00	0.00000000e+00	0.00000000e+00
73.86000000	0.00000000e+00	0.00000000e+00	0.00000000e+00
73.88000000	0.00000000e+00	0.00000000e+00	0.00000000e+00
73.90000000	0.00000000e+00	0.00000000e+00	0.00000000e+00
73.92000000	0.00000000e+00	0.00000000e+00	0.00000000e+00
73.94000000	0.00000000e+00	0.00000000e+00	0.00000000e+00
73.96000000	0.00000000e+00	0.00000000e+00	0.00000000e+00
73.98000000	0.00000000e+00	0.00000000e+00	0.00000000e+00
74.00000000	0.00000000e+00	0.00000000e+00	0.00000000e+00
74.02000000	0.00000000e+00	0.00000000e+00	0.00000000e+00
74.04000000	0.00000000e+00	0.00000000e+00	0.00000000e+00
74.06000000	0.00000000e+00	0.00000000e+00	0.00000000e+00
74.08000000	0.00000000e+00	0.00000000e+00	0.00000000e+00
74.10000000	0.00000000e+00	0.00000000e+00	0.00000000e+00
74.12000000	0.00000000e+00	0.00000000e+00	0.00000000e+00
74.14000000	0.00000000e+00	0.00000000e+00	0.00000000e+00
74.16000000	0.00000000e+00	0.00000000e+00	0.00000000e+00
74.18000000	0.00000000e+00	0.00000000e+00	0.00000000e+00
74.20000000	0.00000000e+00	0.00000000e+00	0.00000000e+00
74.22000000	0.00000000e+00	0.00000000e+00	0.00000000e+00
74.24000000	0.00000000e+00	0.00000000e+00	0.00000000e+00
74.26000000	0.00000000e+00	0.00000000e+00	0.00000000e+00
74.28000000	0.00000000e+00	0.00000000e+00	0.00000000e+00
74.30000000	0.00000000e+00	0.00000000e+00	0.00000000e+00
74.32000000	0.00000000e+00	0.00000000e+00	0.00000000e+00
74.34000000	0.00000000e+00	0.00000000e+00	0.00000000e+00
74.36000000	0.00000000e+00	0.00000000e+00	0.00000000e+00
74.38000000	0.00000000e+00	0.00000000e+00	0.00000000e+00
74.40000000	0.00000000e+00	0.00000000e+00	0.00000000e+00
74.42000000	0.00000000e+00	0.00000000e+00	0.00000000e+00
74.44000000	0.00000000e+00	0.00000000e+00	0.00000000e+00
74.46000000	0.00000000e+00	0.00000000e+00	0.00000000e+00
74.48000000	0.00000000e+00	0.00000000e+00	0.00000000e+00
74.50000000	0.00000000e+00	0.00000000e+00	0.00000000e+00
74.52000000	0.00000000e+00	0.00000000e+00	0.00000000e+00
74.54000000	0.00000000e+00	0.00000000e+00	0.00000000e+00
74.56000000	0.00000000e+00	0.00000000e+00	0.00000000e+00
74.58000000	0.00000000e+00	0.00000000e+00	0.00000000e+00
74.60000000	0.00000000e+00	0.00000000e+00	0.00000000e+00
74.62000000	0.00000000e+00	0.00000000e+00	0.00000000e+00
74.64000000	0.00000000e+00	0.00000000e+00	0.00000000e+00
74.66000000	0.00000000e+00	0.00000000e+00	0.00000000e+00
74.68000000	0.00000000e+00	0.00000000e+00	0.00000000e+00
74.70000000	0.00000000e+00	0.00000000e+00	0.00000000e+00
74.72000000	0.00000000e+00	0.00000000e+00	0.00000000e+00
74.74000000	0.00000000e+00	0.00000000e+00	0.00000000e+00
74.76000000	0.00000000e+00	0.00000000e+00	0.00000000e+00
74.78000000	0.00000000e+00	0.00000000e+00	0.00000000e+00
74.80000000	0.00000000e+00	0.00000000e+00	0.00000000e+00
74.82000000	0.00000000e+00	0.00000000e+00	0.00000000e+00
74.84000000	0.00000000e+00	0.00000000e+00	0.00000000e+00
74.86000000	0.00000000e+00	0.00000000e+00	0.00000000e+00
74.88000000	0.00000000e+00	0.00000000e+00	0.00000000e+00
74.90000000	0.00000000e+00	0.00000000e+00	0.00000000e+00
74.92000000	0.00000000e+00	0.00000000e+00	0.00000000e+00
74.94000000	0.00000000e+00	0.00000000e+00	0.00000000e+00
74.96000000	0.00000000e+00	0.00000000e+00	0.00000000e+00
74.98000000	0.00000000e+00	0.00000000e+00	0.00000000e+00
75.00000000	0.00000000e+00	0.00000000e+00	0.00000000e+00
75.02000000	0.00000000e+00	0.00000000e+00	0.00000000e+00
75.04000000	0.00000000e+00	0.00000000e+00	0.00000000e+00
75.06000000	0.00000000e+00	0.00000000e+00	0.00000000e+00
75.08000000	0.00000000e+00	0.00000000e+00	0.00000000e+00
75.10000000	0.00000000e+00	0.00000000e+00	0.00000000e+00
75.12000000	0.00000000e+00	0.00000000e+00	0.00000000e+00
75.14000000	0.00000000e+00	0.00000000e+00	0.00000000e+00
75.16000000	0.00000000e+00	0.00000000e+00	0.00000000e+00
75.18000000	0.00000000e+00	0.00000000e+00	0.00000000e+00
75.20000000	0.00000000e+00	0.00000000e+00	0.00000000e+00
75.22000000	0.00000000e+00	0.00000000e+00	0.00000000e+00
75.24000000	0.00000000e+00	0.00000000e+00	0.00000000e+00
75.26000000	0.00000000e+00	0.00000000e+00	0.00000000e+00
75.28000000	0.00000000e+00	0.00000000e+00	0.00000000e+00
75.30000000	0.00000000e+00	0.00000000e+00	0.00000000e+00
75.32000000	0.00000000e+00	0.00000000e+00	0.00000000e+00
75.34000000	0.00000000e+00	0.00000000e+00	0.00000000e+00
75.36000000	0.00000000e+00	0.00000000e+00	0.00000000e+00
75.38000000	0.00000000e+00	0.00000000e+00	0.00000000e+00
75.40000000	0.00000000e+00	0.00000000e+00	0.00000000e+00
75.42000000	0.00000000e+00	0.00000000e+00	0.00000000e+00
75.44000000	0.00000000e+00	0.00000000e+00	0.00000000e+00
75.46000000	0.00000000e+00	0.00000000e+00	0.00000000e+00
75.48000000	0.00000000e+00	0.00000000e+00	0.00000000e+00
75.50000000	0.00000000e+00	0.00000000e+00	0.00000000e+00
75.52000000	0.00000000e+00	0.00000000e+00	0.00000000e+00
75.54000000	0.00000000e+00	0.00000000e+00	0.00000000e+00
75.56000000	0.00000000e+00	0.00000000e+00	0.00000000e+00
75.58000000	0.00000000e+00	0.00000000e+00	0.00000000e+00
75.60000000	0.00000000e+00	0.00000000e+00	0.00000000e+00
75.62000000	0.00000000e+00	0.00000000e+00	0.00000000e+00
75.64000000	0.00000000e+00	0.00000000e+00	0.00000000e+00
75.66000000	0.00000000e+00	0.00000000e+00	0.00000000e+00
75.68000000	0.00000000e+00	0.00000000e+00	0.00000000e+00
75.70000000	0.00000000e+00	0.00000000e+00	0.00000000e+00
75.72000000	0.00000000e+00	0.00000000e+00	0.00000000e+00
75.74000000	0.00000000e+00	0.00000000e+00	0.00000000e+00
75.76000000	0.00000000e+00	0.00000000e+00	0.00000000e+00
75.78000000	0.00000000e+00	0.00000000e+00	0.00000000e+00
75.80000000	0.00000000e+00	0.00000000e+00	0.00000000e+00
75.82000000	0.00000000e+00	0.00000000e+00	0.00000000e+00
75.84000000	0.00000000e+00	0.00000000e+00	0.00000000e+00
75.86000000	0.00000000e+00	0.00000000e+00	0.00000000e+00
75.88000000	0.00000000e+00	0.00000000e+00	0.00000000e+00
75.90000000	0.00000000e+00	0.00000000e+00	0.00000000e+00
75.92000000	0.00000000e+00	0.00000000e+00	0.00000000e+00
75.94000000	0.00000000e+00	0.00000000e+00	0.00000000e+00
75.96000000	0.00000000e+00	0.00000000e+00	0.00000000e+00
75.98000000	0.00000000e+00	0.00000000e+00	0.00000000e+00
76.00000000	0.00000000e+00	0.00000000e+00	0.00000000e+00
76.02000000	0.00000000e+00	0.00000000e+00	0.00000000e+00
76.04000000	0.00000000e+00	0.00000000e+00	0.00000000e+00
76.06000000	0.00000000e+00	0.00000000e+00	0.00000000e+00
76.08000000	0.00000000e+00	0.00000000e+00	0.00000000e+00
76.10000000	0.00000000e+00	0.00000000e+00	0.00000000e+00
76.12000000	0.00000000e+00	0.00000000e+00	0.00000000e+00
76.14000000	0.00000000e+00	0.00000000e+00	0.00000000e+00
76.16000000	0.00000000e+00	0.00000000e+00	0.00000000e+00
76.18000000	0.00000000e+00	0.00000000e+00	0.00000000e+00
76.20000000	0.00000000e+00	0.00000000e+00	0.00000000e+00
76.22000000	0.00000000e+00	0.00000000e+00	0.00000000e+00
76.24000000	0.00000000e+00	0.00000000e+00	0.00000000e+00
76.26000000	0.00000000e+00	0.00000000e+00	0.00000000e+00
76.28000000	0.00000000e+00	0.00000000e+00	0.00000000e+00
76.30000000	0.00000000e+00	0.00000000e+00	0.00000000e+00
76.32000000	0.00000000e+00	0.00000000e+00	0.00000000e+00
76.34000000	0.00000000e+00	0.00000000e+00	0.00000000e+00
76.36000000	0.00000000e+00	0.00000000e+00	0.00000000e+00
76.38000000	0.00000000e+00	0.00000000e+00	0.00000000e+00
76.40000000	0.00000000e+00	0.00000000e+00	0.00000000e+00
76.42000000	0.00000000e+00	0.00000000e+00	0.00000000e+00
76.44000000	0.00000000e+00	0.00000000e+00	0.00000000e+00
76.46000000	0.00000000e+00	0.00000000e+00	0.00000000e+00
76.48000000	0.00000000e+00	0.00000000e+00	0.00000000e+00
76.50000000	0.00000000e+00	0.00000000e+00	0.00000000e+00
76.52000000	0.00000000e+00	0.00000000e+00	0.00000000e+00
76.54000000	0.00000000e+00	0.00000000e+00	0.00000000e+00
76.56000000	0.00000000e+00	0.00000000e+00	0.00000000e+00
76.58000000	0.00000000e+00	0.00000000e+00	0.00000000e+00
76.60000000	0.00000000e+00	0.00000000e+00	0.00000000e+00
76.62000000	0.00000000e+00	0.00000000e+00	0.00000000e+00
76.64000000	0.00000000e+00	0.00000000e+00	0.00000000e+00
76.66000000	0.00000000e+00	0.00000000e+00	0.00000000e+00
76.68000000	0.00000000e+00	0.00000000e+00	0.00000000e+00
76.70000000	0.00000000e+00	0.00000000e+00	0.00000000e+00
76.72000000	0.00000000e+00	0.00000000e+00	0.00000000e+00
76.74000000	0.00000000e+00	0.00000000e+00	0.00000000e+00
76.76000000	0.00000000e+00	0.00000000e+00	0.00000000e+00
76.78000000	0.00000000e+00	0.00000000e+00	0.00000000e+00
76.80000000	0.00000000e+00	0.00000000e+00	0.00000000e+00
76.82000000	0.00000000e+00	0.00000000e+00	0.00000000e+00
76.84000000	0.00000000e+00	0.00000000e+00	0.00000000e+00
76.86000000	0.00000000e+00	0.00000000e+00	0.00000000e+00
76.88000000	0.00000000e+00	0.00000000e+00	0.00000000e+00
76.90000000	0.00000000e+00	0.00000000e+00	0.00000000e+00
76.92000000	0.00000000e+00	0.00000000e+00	0.00000000e+00
76.94000000	0.00000000e+00	0.00000000e+00	0.00000000e+00
76.96000000	0.00000000e+00	0.00000000e+00	0.00000000e+00
76.98000000	0.00000000e+00	0.00000000e+00	0.00000000e+00
77.00000000	0.00000000e+00	0.00000000e+00	0.00000000e+00
77.02000000	0.00000000e+00	0.00000000e+00	0.00000000e+00
77.04000000	0.00000000e+00	0.00000000e+00	0.00000000e+00
77.06000000	0.00000000e+00	0.00000000e+00	0.00000000e+00
77.08000000	0.00000000e+00	0.00000000e+00	0.00000000e+00
77.10000000	0.00000000e+00	0.00000000e+00	0.00000000e+00
77.12000000	0.00000000e+00	0.00000000e+00	0.00000000e+00
77.14000000	0.00000000e+00	0.00000000e+00	0.00000000e+00
77.16000000	0.00000000e+00	0.00000000e+00	0.00000000e+00
77.18000000	0.00000000e+00	0.00000000e+00	0.00000000e+00
77.20000000	0.00000000e+00	0.00000000e+00	0.00000000e+00
77.22000000	0.00000000e+00	0.00000000e+00	0.00000000e+00
77.24000000	0.00000000e+00	0.00000000e+00	0.00000000e+00
77.26000000	0.00000000e+00	0.00000000e+00	0.00000000e+00
77.28000000	0.00000000e+00	0.00000000e+00	0.00000000e+00
77.30000000	0.00000000e+00	0.00000000e+00	0.00000000e+00
77.32000000	0.00000000e+00	0.00000000e+00	0.00000000e+00
77.34000000	0.00000000e+00	0.00000000e+00	0.00000000e+00
77.36000000	0.00000000e+00	0.00000000e+00	0.00000000e+00
77.38000000	0.00000000e+00	0.00000000e+00	0.00000000e+00
77.40000000	0.00000000e+00	0.00000000e+00	0.00000000e+00
77.42000000	0.00000000e+00	0.00000000e+00	0.00000000e+00
77.44000000	0.00000000e+00	0.00000000e+00	0.00000000e+00
77.46000000	0.00000000e+00	0.00000000e+00	0.00000000e+00
77.48000000	0.00000000e+00	0.00000000e+00	0.00000000e+00
77.50000000	0.00000000e+00	0.00000000e+00	0.00000000e+00
77.52000000	0.00000000e+00	0.00000000e+00	0.00000000e+00
77.54000000	0.00000000e+00	0.00000000e+00	0.00000000e+00
77.56000000	0.00000000e+00	0.00000000e+00	0.00000000e+00
77.58000000	0.00000000e+00	0.00000000e+00	0.00000000e+00
77.60000000	0.00000000e+00	0.00000000e+00	0.00000000e+00
77.62000000	0.00000000e+00	0.00000000e+00	0.00000000e+00
77.64000000	0.00000000e+00	0.00000000e+00	0.00000000e+00
77.66000000	0.00000000e+00	0.00000000e+00	0.00000000e+00
77.68000000	0.00000000e+00	0.00000000e+00	0.00000000e+00
77.70000000	0.00000000e+00	0.00000000e+00	0.00000000e+00
77.72000000	0.00000000e+00	0.00000000e+00	0.00000000e+00
77.74000000	0.00000000e+00	0.00000000e+00	0.00000000e+00
77.76000000	0.00000000e+00	0.00000000e+00	0.00000000e+00
77.78000000	0.00000000e+00	0.00000000e+00	0.00000000e+00
77.80000000	0.00000000e+00	0.00000000e+00	0.00000000e+00
77.82000000	0.00000000e+00	0.00000000e+00	0.00000000e+00
77.84000000	0.00000000e+00	0.00000000e+00	0.00000000e+00
77.86000000	0.00000000e+00	0.00000000e+00	0.00000000e+00
77.88000000	0.00000000e+00	0.00000000e+00	0.00000000e+00
77.90000000	0.00000000e+00	0.00000000e+00	0.00000000e+00
77.92000000	0.00000000e+00	0.00000000e+00	0.00000000e+00
77.94000000	0.00000000e+00	0.00000000e+00	0.00000000e+00
77.96000000	0.00000000e+00	0.00000000e+00	0.00000000e+00
77.98000000	0.00000000e+00	0.00000000e+00	0.00000000e+00
78.00000000	0.00000000e+00	0.00000000e+00	0.00000000e+00
78.02000000	0.00000000e+00	0.00000000e+00	0.00000000e+00
78.04000000	0.00000000e+00	0.00000000e+00	0.00000000e+00
78.06000000	0.00000000e+00	0.00000000e+00	0.00000000e+00
78.08000000	0.00000000e+00	0.00000000e+00	0.00000000e+00
78.10000000	0.00000000e+00	0.00000000e+00	0.00000000e+00
78.12000000	0.00000000e+00	0.00000000e+00	0.00000000e+00
78.14000000	0.00000000e+00	0.00000000e+00	0.00000000e+00
78.16000000	0.00000000e+00	0.00000000e+00	0.00000000e+00
78.18000000	0.00000000e+00	0.00000000e+00	0.00000000e+00
78.20000000	0.00000000e+00	0.00000000e+00	0.00000000e+00
78.22000000	0.00000000e+00	0.00000000e+00	0.00000000e+00
78.24000000	0.00000000e+00	0.00000000e+00	0.00000000e+00
78.26000000	0.00000000e+00	0.00000000e+00	0.00000000e+00
78.28000000	0.00000000e+00	0.00000000e+00	0.00000000e+00
78.30000000	0.00000000e+00	0.00000000e+00	0.00000000e+00
78.32000000	0.00000000e+00	0.00000000e+00	0.00000000e+00
78.34000000	0.00000000e+00	0.00000000e+00	0.00000000e+00
78.36000000	0.00000000e+00	0.00000000e+00	0.00000000e+00
78.38000000	0.00000000e+00	0.00000000e+00	0.00000000e+00
78.40000000	0.00000000e+00	0.00000000e+00	0.00000000e+00
78.42000000	0.00000000e+00	0.00000000e+00	0.00000000e+00
78.44000000	0.00000000e+00	0.00000000e+00	0.00000000e+00
78.46000000	0.00000000e+00	0.00000000e+00	0.00000000e+00
78.48000000	0.00000000e+00	0.00000000e+00	0.00000000e+00
78.50000000	0.00000000e+00	0.00000000e+00	0.00000000e+00
78.52000000	0.00000000e+00	0.00000000e+00	0.00000000e+00
78.54000000	0.00000000e+00	0.00000000e+00	0.00000000e+00
78.56000000	0.00000000e+00	0.00000000e+00	0.00000000e+00
78.58000000	0.00000000e+00	0.00000000e+00	0.00000000e+00
78.60000000	0.00000000e+00	0.00000000e+00	0.00000000e+00
78.62000000	0.00000000e+00	0.00000000e+00	0.00000000e+00
78.64000000	0.00000000e+00	0.00000000e+00	0.00000000e+00
78.66000000	0.00000000e+00	0.00000000e+00	0.00000000e+00
78.68000000	0.00000000e+00	0.00000000e+00	0.00000000e+00
78.70000000	0.00000000e+00	0.00000000e+00	0.00000000e+00
78.72000000	0.00000000e+00	0.00000000e+00	0.00000000e+00
78.74000000	0.00000000e+00	0.00000000e+00	0.00000000e+00
78.76000000	0.00000000e+00	0.00000000e+00	0.00000000e+00
78.78000000	0.00000000e+00	0.00000000e+00	0.00000000e+00
78.80000000	0.00000000e+00	0.00000000e+00	0.00000000e+00
78.82000000	0.00000000e+00	0.00000000e+00	0.00000000e+00
78.84000000	0.00000000e+00	0.00000000e+00	0.00000000e+00
78.86000000	0.00000000e+00	0.00000000e+00	0.00000000e+00
78.88000000	0.00000000e+00	0.00000000e+00	0.00000000e+00
78.90000000	0.00000000e+00	0.00000000e+00	0.00000000e+00
78.92000000	0.00000000e+00	0.00000000e+00	0.00000000e+00
78.94000000	0.00000000e+00	0.00000000e+00	0.00000000e+00
78.96000000	0.00000000e+00	0.00000000e+00	0.00000000e+00
78.98000000	0.00000000e+00	0.00000000e+00	0.00000000e+00
79.00000000	0.00000000e+00	0.00000000e+00	0.00000000e+00
79.02000000	0.00000000e+00	0.00000000e+00	0.00000000e+00
79.04000000	0.00000000e+00	0.00000000e+00	0.00000000e+00
79.06000000	0.00000000e+00	0.00000000e+00	0.00000000e+00
79.08000000	0.00000000e+00	0.00000000e+00	0.00000000e+00
79.10000000	0.00000000e+00	0.00000000e+00	0.00000000e+00
79.12000000	0.00000000e+00	0.00000000e+00	0.00000000e+00
79.14000000	0.00000000e+00	0.00000000e+00	0.00000000e+00
79.16000000	0.00000000e+00	0.00000000e+00	0.00000000e+00
79.18000000	0.00000000e+00	0.00000000e+00	0.00000000e+00
79.20000000	0.00000000e+00	0.00000000e+00	0.00000000e+00
79.22000000	0.00000000e+00	0.00000000e+00	0.00000000e+00
79.24000000	0.00000000e+00	0.00000000e+00	0.00000000e+00
79.26000000	0.00000000e+00	0.00000000e+00	0.00000000e+00
79.28000000	0.00000000e+00	0.00000000e+00	0.00000000e+00
79.30000000	0.00000000e+00	0.00000000e+00	0.00000000e+00
79.32000000	0.00000000e+00	0.00000000e+00	0.00000000e+00
79.34000000	0.00000000e+00	0.00000000e+00	0.00000000e+00
79.36000000	0.00000000e+00	0.00000000e+00	0.00000000e+00
79.38000000	0.00000000e+00	0.00000000e+00	0.00000000e+00
79.40000000	0.00000000e+00	0.00000000e+00	0.00000000e+00
79.42000000	0.00000000e+00	0.00000000e+00	0.00000000e+00
79.44000000	0.00000000e+00	0.00000000e+00	0.00000000e+00
79.46000000	0.00000000e+00	0.00000000e+00	0.00000000e+00
79.48000000	0.00000000e+00	0.00000000e+00	0.00000000e+00
79.50000000	0.00000000e+00	0.00000000e+00	0.00000000e+00
79.52000000	0.00000000e+00	0.00000000e+00	0.00000000e+00
79.54000000	0.00000000e+00	0.00000000e+00	0.00000000e+00
79.56000000	0.00000000e+00	0.00000000e+00	0.00000000e+00
79.58000000	0.00000000e+00	0.00000000e+00	0.00000000e+00
79.60000000	0.00000000e+00	0.00000000e+00	0.00000000e+00
79.62000000	0.00000000e+00	0.00000000e+00	0.00000000e+00
79.64000000	0.00000000e+00	0.00000000e+00	0.00000000e+00
79.66000000	0.00000000e+00	0.00000000e+00	0.00000000e+00
79.68000000	0.00000000e+00	0.00000000e+00	0.00000000e+00
79.70000000	0.00000000e+00	0.00000000e+00	0.00000000e+00
79.72000000	0.00000000e+00	0.00000000e+00	0.00000000e+00
79.74000000	0.00000000e+00	0.00000000e+00	0.00000000e+00
79.76000000	0.00000000e+00	0.00000000e+00	0.00000000e+00
79.78000000	0.00000000e+00	0.00000000e+00	0.00000000e+00
79.80000000	0.00000000e+00	0.00000000e+00	0.00000000e+00
79.82000000	0.00000000e+00	0.00000000e+00	0.00000000e+00
79.84000000	0.00000000e+00	0.00000000e+00	0.00000000e+00
79.86000000	0.00000000e+00	0.00000000e+00	0.00000000e+00
79.88000000	0.00000000e+00	0.00000000e+00	0.00000000e+00
79.90000000	0.00000000e+00	0.00000000e+00	0.00000000e+00
79.92000000	0.00000000e+00	0.00000000e+00	0.00000000e+00
79.94000000	0.00000000e+00	0.00000000e+00	0.00000000e+00
79.96000000	0.00000000e+00	0.00000000e+00	0.00000000e+00
79.98000000	0.00000000e+00	0.00000000e+00	0.00000000e+00
80.00000000	0.00000000e+00	0.00000000e+00	0.00000000e+00
80.02000000	0.00000000e+00	0.00000000e+00	0.00000000e+00
80.04000000	0.00000000e+00	0.00000000e+00	0.00000000e+00
80.06000000	0.00000000e+00	0.00000000e+00	0.00000000e+00
80.08000000	0.00000000e+00	0.00000000e+00	0.00000000e+00
80.10000000	0.00000000e+00	0.00000000e+00	0.00000000e+00
80.12000000	0.00000000e+00	0.00000000e+00	0.00000000e+00
80.14000000	0.00000000e+00	0.00000000e+00	0.00000000e+00
80.16000000	0.00000000e+00	0.00000000e+00	0.00000000e+00
80.18000000	0.00000000e+00	0.00000000e+00	0.00000000e+00
80.20000000	0.00000000e+00	0.00000000e+00	0.00000000e+00
80.22000000	0.00000000e+00	0.00000000e+00	0.00000000e+00
80.24000000	0.00000000e+00	0.00000000e+00	0.00000000e+00
80.26000000	0.00000000e+00	0.00000000e+00	0.00000000e+00
80.28000000	0.00000000e+00	0.00000000e+00	0.00000000e+00
80.30000000	0.00000000e+00	0.00000000e+00	0.00000000e+00
80.32000000	0.00000000e+00	0.00000000e+00	0.00000000e+00
80.34000000	0.00000000e+00	0.00000000e+00	0.00000000e+00
80.36000000	0.00000000e+00	0.00000000e+00	0.00000000e+00
80.38000000	0.00000000e+00	0.00000000e+00	0.00000000e+00
80.40000000	0.00000000e+00	0.00000000e+00	0.00000000e+00
80.42000000	0.00000000e+00	0.00000000e+00	0.00000000e+00
80.44000000	0.00000000e+00	0.00000000e+00	0.00000000e+00
80.46000000	0.00000000e+00	0.00000000e+00	0.00000000e+00
80.48000000	0.00000000e+00	0.00000000e+00	0.00000000e+00
80.50000000	0.00000000e+00	0.00000000e+00	0.00000000e+00
80.52000000	0.00000000e+00	0.00000000e+00	0.00000000e+00
80.54000000	0.00000000e+00	0.00000000e+00	0.00000000e+00
80.56000000	0.00000000e+00	0.00000000e+00	0.00000000e+00
80.58000000	0.00000000e+00	0.00000000e+00	0.00000000e+00
80.60000000	0.00000000e+00	0.00000000e+00	0.00000000e+00
80.62000000	0.00000000e+00	0.00000000e+00	0.00000000e+00
80.64000000	0.00000000e+00	0.00000000e+00	0.00000000e+00
80.66000000	0.00000000e+00	0.00000000e+00	0.00000000e+00
80.68000000	0.00000000e+00	0.00000000e+00	0.00000000e+00
80.70000000	0.00000000e+00	0.00000000e+00	0.00000000e+00
80.72000000	0.00000000e+00	0.00000000e+00	0.00000000e+00
80.74000000	0.00000000e+00	0.00000000e+00	0.00000000e+00
80.76000000	0.00000000e+00	0.00000000e+00	0.00000000e+00
80.78000000	0.00000000e+00	0.00000000e+00	0.00000000e+00
80.80000000	0.00000000e+00	0.00000000e+00	0.00000000e+00
80.82000000	0.00000000e+00	0.00000000e+00	0.00000000e+00
80.84000000	0.00000000e+00	0.00000000e+00	0.00000000e+00
80.86000000	0.00000000e+00	0.00000000e+00	0.00000000e+00
80.88000000	0.00000000e+00	0.00000000e+00	0.00000000e+00
80.90000000	0.00000000e+00	0.00000000e+00	0.00000000e+00
80.92000000	0.00000000e+00	0.00000000e+00	0.00000000e+00
80.94000000	0.00000000e+00	0.00000000e+00	0.00000000e+00
80.96000000	0.00000000e+00	0.00000000e+00	0.00000000e+00
80.98000000	0.00000000e+00	0.00000000e+00	0.00000000e+00
81.00000000	0.00000000e+00	0.00000000e+00	0.00000000e+00
81.02000000	0.00000000e+00	0.00000000e+00	0.00000000e+00
81.04000000	0.00000000e+00	0.00000000e+00	0.00000000e+00
81.06000000	0.00000000e+00	0.00000000e+00	0.00000000e+00
81.08000000	0.00000000e+00	0.00000000e+00	0.00000000e+00
81.10000000	0.00000000e+00	0.00000000e+00	0.00000000e+00
81.12000000	0.00000000e+00	0.00000000e+00	0.00000000e+00
81.14000000	0.00000000e+00	0.00000000e+00	0.00000000e+00
81.16000000	0.00000000e+00	0.00000000e+00	0.00000000e+00
81.18000000	0.00000000e+00	0.00000000e+00	0.00000000e+00
81.20000000	0.00000000e+00	0.00000000e+00	0.00000000e+00
81.22000000	0.00000000e+00	0.00000000e+00	0.00000000e+00
81.24000000	0.00000000e+00	0.00000000e+00	0.00000000e+00
81.26000000	0.00000000e+00	0.00000000e+00	0.00000000e+00
81.28000000	0.00000000e+00	0.00000000e+00	0.00000000e+00
81.30000000	0.00000000e+00	0.00000000e+00	0.00000000e+00
81.32000000	0.00000000e+00	0.00000000e+00	0.00000000e+00
81.34000000	0.00000000e+00	0.00000000e+00	0.00000000e+00
81.36000000	0.00000000e+00	0.00000000e+00	0.00000000e+00
81.38000000	0.00000000e+00	0.00000000e+00	0.00000000e+00
81.40000000	0.00000000e+00	0.00000000e+00	0.00000000e+00
81.42000000	0.00000000e+00	0.00000000e+00	0.00000000e+00
81.44000000	0.00000000e+00	0.00000000e+00	0.00000000e+00
81.46000000	0.00000000e+00	0.00000000e+00	0.00000000e+00
81.48000000	0.00000000e+00	0.00000000e+00	0.00000000e+00
81.50000000	0.00000000e+00	0.00000000e+00	0.00000000e+00
81.52000000	0.00000000e+00	0.00000000e+00	0.00000000e+00
81.54000000	0.00000000e+00	0.00000000e+00	0.00000000e+00
81.56000000	0.00000000e+00	0.00000000e+00	0.00000000e+00
81.58000000	0.00000000e+00	0.00000000e+00	0.00000000e+00
81.60000000	0.00000000e+00	0.00000000e+00	0.00000000e+00
81.62000000	0.00000000e+00	0.00000000e+00	0.00000000e+00
81.64000000	0.00000000e+00	0.00000000e+00	0.00000000e+00
81.66000000	0.00000000e+00	0.00000000e+00	0.00000000e+00
81.68000000	0.00000000e+00	0.00000000e+00	0.00000000e+00
81.70000000	0.00000000e+00	0.00000000e+00	0.00000000e+00
81.72000000	0.00000000e+00	0.00000000e+00	0.00000000e+00
81.74000000	0.00000000e+00	0.00000000e+00	0.00000000e+00
81.76000000	0.00000000e+00	0.00000000e+00	0.00000000e+00
81.78000000	0.00000000e+00	0.00000000e+00	0.00000000e+00
81.80000000	0.00000000e+00	0.00000000e+00	0.00000000e+00
81.82000000	0.00000000e+00	0.00000000e+00	0.00000000e+00
81.84000000	0.00000000e+00	0.00000000e+00	0.00000000e+00
81.86000000	0.00000000e+00	0.00000000e+00	0.00000000e+00
81.88000000	0.00000000e+00	0.00000000e+00	0.00000000e+00
81.90000000	0.00000000e+00	0.00000000e+00	0.00000000e+00
81.92000000	0.00000000e+00	0.00000000e+00	0.00000000e+00
81.94000000	0.00000000e+00	0.00000000e+00	0.00000000e+00
81.96000000	0.00000000e+00	0.00000000e+00	0.00000000e+00
81.98000000	0.00000000e+00	0.00000000e+00	0.00000000e+00
82.00000000	0.00000000e+00	0.00000000e+00	0.00000000e+00
82.02000000	0.00000000e+00	0.00000000e+00	0.00000000e+00
82.04000000	0.00000000e+00	0.00000000e+00	0.00000000e+00
82.06000000	0.00000000e+00	0.00000000e+00	0.00000000e+00
82.08000000	0.00000000e+00	0.00000000e+00	0.00000000e+00
82.10000000	0.00000000e+00	0.00000000e+00	0.00000000e+00
82.12000000	0.00000000e+00	0.00000000e+00	0.00000000e+00
82.14000000	0.00000000e+00	0.00000000e+00	0.00000000e+00
82.16000000	0.00000000e+00	0.00000000e+00	0.00000000e+00
82.18000000	0.00000000e+00	0.00000000e+00	0.00000000e+00
82.20000000	0.00000000e+00	0.00000000e+00	0.00000000e+00
82.22000000	0.00000000e+00	0.00000000e+00	0.00000000e+00
82.24000000	0.00000000e+00	0.00000000e+00	0.00000000e+00
82.26000000	0.00000000e+00	0.00000000e+00	0.00000000e+00
82.28000000	0.00000000e+00	0.00000000e+00	0.00000000e+00
82.30000000	0.00000000e+00	0.00000000e+00	0.00000000e+00
82.32000000	0.00000000e+00	0.00000000e+00	0.00000000e+00
82.34000000	0.00000000e+00	0.00000000e+00	0.00000000e+00
82.36000000	0.00000000e+00	0.00000000e+00	0.00000000e+00
82.38000000	0.00000000e+00	0.00000000e+00	0.00000000e+00
82.40000000	0.00000000e+00	0.00000000e+00	0.00000000e+00
82.42000000	0.00000000e+00	0.00000000e+00	0.00000000e+00
82.44000000	0.00000000e+00	0.00000000e+00	0.00000000e+00
82.46000000	0.00000000e+00	0.00000000e+00	0.00000000e+00
82.48000000	0.00000000e+00	0.00000000e+00	0.00000000e+00
82.50000000	0.00000000e+00	0.00000000e+00	0.00000000e+00
82.52000000	0.00000000e+00	0.00000000e+00	0.00000000e+00
82.54000000	0.00000000e+00	0.00000000e+00	0.00000000e+00
82.56000000	0.00000000e+00	0.00000000e+00	0.00000000e+00
82.58000000	0.00000000e+00	0.00000000e+00	0.00000000e+00
82.60000000	0.00000000e+00	0.00000000e+00	0.00000000e+00
82.62000000	0.00000000e+00	0.00000000e+00	0.00000000e+00
82.64000000	0.00000000e+00	0.00000000e+00	0.00000000e+00
82.66000000	0.00000000e+00	0.00000000e+00	0.00000000e+00
82.68000000	0.00000000e+00	0.00000000e+00	0.00000000e+00
82.70000000	0.00000000e+00	0.00000000e+00	0.00000000e+00
82.72000000	0.00000000e+00	0.00000000e+00	0.00000000e+00
82.74000000	0.00000000e+00	0.00000000e+00	0.00000000e+00
82.76000000	0.00000000e+00	0.00000000e+00	0.00000000e+00
82.78000000	0.00000000e+00	0.00000000e+00	0.00000000e+00
82.80000000	0.00000000e+00	0.00000000e+00	0.00000000e+00
82.82000000	0.00000000e+00	0.00000000e+00	0.00000000e+00
82.84000000	0.00000000e+00	0.00000000e+00	0.00000000e+00
82.86000000	0.00000000e+00	0.00000000e+00	0.00000000e+00
82.88000000	0.00000000e+00	0.00000000e+00	0.00000000e+00
82.90000000	0.00000000e+00	0.00000000e+00	0.00000000e+00
82.92000000	0.00000000e+00	0.00000000e+00	0.00000000e+00
82.94000000	0.00000000e+00	0.00000000e+00	0.00000000e+00
82.96000000	0.00000000e+00	0.00000000e+00	0.00000000e+00
82.98000000	0.00000000e+00	0.00000000e+00	0.00000000e+00
83.00000000	0.00000000e+00	0.00000000e+00	0.00000000e+00
83.02000000	0.00000000e+00	0.00000000e+00	0.00000000e+00
83.04000000	0.00000000e+00	0.00000000e+00	0.00000000e+00
83.06000000	0.00000000e+00	0.00000000e+00	0.00000000e+00
83.08000000	0.00000000e+00	0.00000000e+00	0.00000000e+00
83.10000000	0.00000000e+00	0.00000000e+00	0.00000000e+00
83.12000000	0.00000000e+00	0.00000000e+00	0.00000000e+00
83.14000000	0.00000000e+00	0.00000000e+00	0.00000000e+00
83.16000000	0.00000000e+00	0.00000000e+00	0.00000000e+00
83.18000000	0.00000000e+00	0.00000000e+00	0.00000000e+00
83.20000000	0.00000000e+00	0.00000000e+00	0.00000000e+00
83.22000000	0.00000000e+00	0.00000000e+00	0.00000000e+00
83.24000000	0.00000000e+00	0.00000000e+00	0.00000000e+00
83.26000000	0.00000000e+00	0.00000000e+00	0.00000000e+00
83.28000000	0.00000000e+00	0.00000000e+00	0.00000000e+00
83.30000000	0.00000000e+00	0.00000000e+00	0.00000000e+00
83.32000000	0.00000000e+00	0.00000000e+00	0.00000000e+00
83.34000000	0.00000000e+00	0.00000000e+00	0.00000000e+00
83.36000000	0.00000000e+00	0.00000000e+00	0.00000000e+00
83.38000000	0.00000000e+00	0.00000000e+00	0.00000000e+00
83.40000000	0.00000000e+00	0.00000000e+00	0.00000000e+00
83.42000000	0.00000000e+00	0.00000000e+00	0.00000000e+00
83.44000000	0.00000000e+00	0.00000000e+00	0.00000000e+00
83.46000000	0.00000000e+00	0.00000000e+00	0.00000000e+00
83.48000000	0.00000000e+00	0.00000000e+00	0.00000000e+00
83.50000000	0.00000000e+00	0.00000000e+00	0.00000000e+00
83.52000000	0.00000000e+00	0.00000000e+00	0.00000000e+00
83.54000000	0.00000000e+00	0.00000000e+00	0.00000000e+00
83.56000000	0.00000000e+00	0.00000000e+00	0.00000000e+00
83.58000000	0.00000000e+00	0.00000000e+00	0.00000000e+00
83.60000000	0.00000000e+00	0.00000000e+00	0.00000000e+00
83.62000000	0.00000000e+00	0.00000000e+00	0.00000000e+00
83.64000000	0.00000000e+00	0.00000000e+00	0.00000000e+00
83.66000000	0.00000000e+00	0.00000000e+00	0.00000000e+00
83.68000000	0.00000000e+00	0.00000000e+00	0.00000000e+00
83.70000000	0.00000000e+00	0.00000000e+00	0.00000000e+00
83.72000000	0.00000000e+00	0.00000000e+00	0.00000000e+00
83.74000000	0.00000000e+00	0.00000000e+00	0.00000000e+00
83.76000000	0.00000000e+00	0.00000000e+00	0.00000000e+00
83.78000000	0.00000000e+00	0.00000000e+00	0.00000000e+00
83.80000000	0.00000000e+00	0.00000000e+00	0.00000000e+00
83.82000000	0.00000000e+00	0.00000000e+00	0.00000000e+00
83.84000000	0.00000000e+00	0.00000000e+00	0.00000000e+00
83.86000000	0.00000000e+00	0.00000000e+00	0.00000000e+00
83.88000000	0.00000000e+00	0.00000000e+00	0.00000000e+00
83.90000000	0.00000000e+00	0.00000000e+00	0.00000000e+00
83.92000000	0.00000000e+00	0.00000000e+00	0.00000000e+00
83.94000000	0.00000000e+00	0.00000000e+00	0.00000000e+00
83.96000000	0.00000000e+00	0.00000000e+00	0.00000000e+00
83.98000000	0.00000000e+00	0.00000000e+00	0.00000000e+00
84.00000000	0.00000000e+00	0.00000000e+00	0.00000000e+00
84.02000000	0.00000000e+00	0.00000000e+00	0.00000000e+00
84.04000000	0.00000000e+00	0.00000000e+00	0.00000000e+00
84.06000000	0.00000000e+00	0.00000000e+00	0.00000000e+00
84.08000000	0.00000000e+00	0.00000000e+00	0.00000000e+00
84.10000000	0.00000000e+00	0.00000000e+00	0.00000000e+00
84.12000000	0.00000000e+00	0.00000000e+00	0.00000000e+00
84.14000000	0.00000000e+00	0.00000000e+00	0.00000000e+00
84.16000000	0.00000000e+00	0.00000000e+00	0.00000000e+00
84.18000000	0.00000000e+00	0.00000000e+00	0.00000000e+00
84.20000000	0.00000000e+00	0.00000000e+00	0.00000000e+00
84.22000000	0.00000000e+00	0.00000000e+00	0.00000000e+00
84.24000000	0.00000000e+00	0.00000000e+00	0.00000000e+00
84.26000000	0.00000000e+00	0.00000000e+00	0.00000000e+00
84.28000000	0.00000000e+00	0.00000000e+00	0.00000000e+00
84.30000000	0.00000000e+00	0.00000000e+00	0.00000000e+00
84.32000000	0.00000000e+00	0.00000000e+00	0.00000000e+00
84.34000000	0.00000000e+00	0.00000000e+00	0.00000000e+00
84.36000000	0.00000000e+00	0.00000000e+00	0.00000000e+00
84.38000000	0.00000000e+00	0.00000000e+00	0.00000000e+00
84.40000000	0.00000000e+00	0.00000000e+00	0.00000000e+00
84.42000000	0.00000000e+00	0.00000000e+00	0.00000000e+00
84.44000000	0.00000000e+00	0.00000000e+00	0.00000000e+00
84.46000000	0.00000000e+00	0.00000000e+00	0.00000000e+00
84.48000000	0.00000000e+00	0.00000000e+00	0.00000000e+00
84.50000000	0.00000000e+00	0.00000000e+00	0.00000000e+00
84.52000000	0.00000000e+00	0.00000000e+00	0.00000000e+00
84.54000000	0.00000000e+00	0.00000000e+00	0.00000000e+00
84.56000000	0.00000000e+00	0.00000000e+00	0.00000000e+00
84.58000000	0.00000000e+00	0.00000000e+00	0.00000000e+00
84.60000000	0.00000000e+00	0.00000000e+00	0.00000000e+00
84.62000000	0.00000000e+00	0.00000000e+00	0.00000000e+00
84.64000000	0.00000000e+00	0.00000000e+00	0.00000000e+00
84.66000000	0.00000000e+00	0.00000000e+00	0.00000000e+00
84.68000000	0.00000000e+00	0.00000000e+00	0.00000000e+00
84.70000000	0.00000000e+00	0.00000000e+00	0.00000000e+00
84.72000000	0.00000000e+00	0.00000000e+00	0.00000000e+00
84.74000000	0.00000000e+00	0.00000000e+00	0.00000000e+00
84.76000000	0.00000000e+00	0.00000000e+00	0.00000000e+00
84.78000000	0.00000000e+00	0.00000000e+00	0.00000000e+00
84.80000000	0.00000000e+00	0.00000000e+00	0.00000000e+00
84.82000000	0.00000000e+00	0.00000000e+00	0.00000000e+00
84.84000000	0.00000000e+00	0.00000000e+00	0.00000000e+00
84.86000000	0.00000000e+00	0.00000000e+00	0.00000000e+00
84.88000000	0.00000000e+00	0.00000000e+00	0.00000000e+00
84.90000000	0.00000000e+00	0.00000000e+00	0.00000000e+00
84.92000000	0.00000000e+00	0.00000000e+00	0.00000000e+00
84.94000000	0.00000000e+00	0.00000000e+00	0.00000000e+00
84.96000000	0.00000000e+00	0.00000000e+00	0.00000000e+00
84.98000000	0.00000000e+00	0.00000000e+00	0.00000000e+00
85.00000000	0.00000000e+00	0.00000000e+00	0.00000000e+00
85.02000000	0.00000000e+00	0.00000000e+00	0.00000000e+00
85.04000000	0.00000000e+00	0.00000000e+00	0.00000000e+00
85.06000000	0.00000000e+00	0.00000000e+00	0.00000000e+00
85.08000000	0.00000000e+00	0.00000000e+00	0.00000000e+00
85.10000000	0.00000000e+00	0.00000000e+00	0.00000000e+00
85.12000000	0.00000000e+00	0.00000000e+00	0.00000000e+00
85.14000000	0.00000000e+00	0.00000000e+00	0.00000000e+00
85.16000000	0.00000000e+00	0.00000000e+00	0.00000000e+00
85.18000000	0.00000000e+00	0.00000000e+00	0.00000000e+00
85.20000000	0.00000000e+00	0.00000000e+00	0.00000000e+00
85.22000000	0.00000000e+00	0.00000000e+00	0.00000000e+00
85.24000000	0.00000000e+00	0.00000000e+00	0.00000000e+00
85.26000000	0.00000000e+00	0.00000000e+00	0.00000000e+00
85.28000000	0.00000000e+00	0.00000000e+00	0.00000000e+00
85.30000000	0.00000000e+00	0.00000000e+00	0.00000000e+00
85.32000000	0.00000000e+00	0.00000000e+00	0.00000000e+00
85.34000000	0.00000000e+00	0.00000000e+00	0.00000000e+00
85.36000000	0.00000000e+00	0.00000000e+00	0.00000000e+00
85.38000000	0.00000000e+00	0.00000000e+00	0.00000000e+00
85.40000000	0.00000000e+00	0.00000000e+00	0.00000000e+00
85.42000000	0.00000000e+00	0.00000000e+00	0.00000000e+00
85.44000000	0.00000000e+00	0.00000000e+00	0.00000000e+00
85.46000000	0.00000000e+00	0.00000000e+00	0.00000000e+00
85.48000000	0.00000000e+00	0.00000000e+00	0.00000000e+00
85.50000000	0.00000000e+00	0.00000000e+00	0.00000000e+00
85.52000000	0.00000000e+00	0.00000000e+00	0.00000000e+00
85.54000000	0.00000000e+00	0.00000000e+00	0.00000000e+00
85.56000000	0.00000000e+00	0.00000000e+00	0.00000000e+00
85.58000000	0.00000000e+00	0.00000000e+00	0.00000000e+00
85.60000000	0.00000000e+00	0.00000000e+00	0.00000000e+00
85.62000000	0.00000000e+00	0.00000000e+00	0.00000000e+00
85.64000000	0.00000000e+00	0.00000000e+00	0.00000000e+00
85.66000000	0.00000000e+00	0.00000000e+00	0.00000000e+00
85.68000000	0.00000000e+00	0.00000000e+00	0.00000000e+00
85.70000000	0.00000000e+00	0.00000000e+00	0.00000000e+00
85.72000000	0.00000000e+00	0.00000000e+00	0.00000000e+00
85.74000000	0.00000000e+00	0.00000000e+00	0.00000000e+00
85.76000000	0.00000000e+00	0.00000000e+00	0.00000000e+00
85.78000000	0.00000000e+00	0.00000000e+00	0.00000000e+00
85.80000000	0.00000000e+00	0.00000000e+00	0.00000000e+00
85.82000000	0.00000000e+00	0.00000000e+00	0.00000000e+00
85.84000000	0.00000000e+00	0.00000000e+00	0.00000000e+00
85.86000000	0.00000000e+00	0.00000000e+00	0.00000000e+00
85.88000000	0.00000000e+00	0.00000000e+00	0.00000000e+00
85.90000000	0.00000000e+00	0.00000000e+00	0.00000000e+00
85.92000000	0.00000000e+00	0.00000000e+00	0.00000000e+00
85.94000000	0.00000000e+00	0.00000000e+00	0.00000000e+00
85.96000000	0.00000000e+00	0.00000000e+00	0.00000000e+00
85.98000000	0.00000000e+00	0.00000000e+00	0.00000000e+00
86.00000000	0.00000000e+00	0.00000000e+00	0.00000000e+00
86.02000000	0.00000000e+00	0.00000000e+00	0.00000000e+00
86.04000000	0.00000000e+00	0.00000000e+00	0.00000000e+00
86.06000000	0.00000000e+00	0.00000000e+00	0.00000000e+00
86.08000000	0.00000000e+00	0.00000000e+00	0.00000000e+00
86.10000000	0.00000000e+00	0.00000000e+00	0.00000000e+00
86.12000000	0.00000000e+00	0.00000000e+00	0.00000000e+00
86.14000000	0.00000000e+00	0.00000000e+00	0.00000000e+00
86.16000000	0.00000000e+00	0.00000000e+00	0.00000000e+00
86.18000000	0.00000000e+00	0.00000000e+00	0.00000000e+00
86.20000000	0.00000000e+00	0.00000000e+00	0.00000000e+00
86.22000000	0.00000000e+00	0.00000000e+00	0.00000000e+00
86.24000000	0.00000000e+00	0.00000000e+00	0.00000000e+00
86.26000000	0.00000000e+00	0.00000000e+00	0.00000000e+00
86.28000000	0.00000000e+00	0.00000000e+00	0.00000000e+00
86.30000000	0.00000000e+00	0.00000000e+00	0.00000000e+00
86.32000000	0.00000000e+00	0.00000000e+00	0.00000000e+00
86.34000000	0.00000000e+00	0.00000000e+00	0.00000000e+00
86.36000000	0.00000000e+00	0.00000000e+00	0.00000000e+00
86.38000000	0.00000000e+00	0.00000000e+00	0.00000000e+00
86.40000000	0.00000000e+00	0.00000000e+00	0.00000000e+00
86.42000000	0.00000000e+00	0.00000000e+00	0.00000000e+00
86.44000000	0.00000000e+00	0.00000000e+00	0.00000000e+00
86.46000000	0.00000000e+00	0.00000000e+00	0.00000000e+00
86.48000000	0.00000000e+00	0.00000000e+00	0.00000000e+00
86.50000000	0.00000000e+00	0.00000000e+00	0.00000000e+00
86.52000000	0.00000000e+00	0.00000000e+00	0.00000000e+00
86.54000000	0.00000000e+00	0.00000000e+00	0.00000000e+00
86.56000000	0.00000000e+00	0.00000000e+00	0.00000000e+00
86.58000000	0.00000000e+00	0.00000000e+00	0.00000000e+00
86.60000000	0.00000000e+00	0.00000000e+00	0.00000000e+00
86.62000000	0.00000000e+00	0.00000000e+00	0.00000000e+00
86.64000000	0.00000000e+00	0.00000000e+00	0.00000000e+00
86.66000000	0.00000000e+00	0.00000000e+00	0.00000000e+00
86.68000000	0.00000000e+00	0.00000000e+00	0.00000000e+00
86.70000000	0.00000000e+00	0.00000000e+00	0.00000000e+00
86.72000000	0.00000000e+00	0.00000000e+00	0.00000000e+00
86.74000000	0.00000000e+00	0.00000000e+00	0.00000000e+00
86.76000000	0.00000000e+00	0.00000000e+00	0.00000000e+00
86.78000000	0.00000000e+00	0.00000000e+00	0.00000000e+00
86.80000000	0.00000000e+00	0.00000000e+00	0.00000000e+00
86.82000000	0.00000000e+00	0.00000000e+00	0.00000000e+00
86.84000000	0.00000000e+00	0.00000000e+00	0.00000000e+00
86.86000000	0.00000000e+00	0.00000000e+00	0.00000000e+00
86.88000000	0.00000000e+00	0.00000000e+00	0.00000000e+00
86.90000000	0.00000000e+00	0.00000000e+00	0.00000000e+00
86.92000000	0.00000000e+00	0.00000000e+00	0.00000000e+00
86.94000000	0.00000000e+00	0.00000000e+00	0.00000000e+00
86.96000000	0.00000000e+00	0.00000000e+00	0.00000000e+00
86.98000000	0.00000000e+00	0.00000000e+00	0.00000000e+00
87.00000000	0.00000000e+00	0.00000000e+00	0.00000000e+00
87.02000000	0.00000000e+00	0.00000000e+00	0.00000000e+00
87.04000000	0.00000000e+00	0.00000000e+00	0.00000000e+00
87.06000000	0.00000000e+00	0.00000000e+00	0.00000000e+00
87.08000000	0.00000000e+00	0.00000000e+00	0.00000000e+00
87.10000000	0.00000000e+00	0.00000000e+00	0.00000000e+00
87.12000000	0.00000000e+00	0.00000000e+00	0.00000000e+00
87.14000000	0.00000000e+00	0.00000000e+00	0.00000000e+00
87.16000000	0.00000000e+00	0.00000000e+00	0.00000000e+00
87.18000000	0.00000000e+00	0.00000000e+00	0.00000000e+00
87.20000000	0.00000000e+00	0.00000000e+00	0.00000000e+00
87.22000000	0.00000000e+00	0.00000000e+00	0.00000000e+00
87.24000000	0.00000000e+00	0.00000000e+00	0.00000000e+00
87.26000000	0.00000000e+00	0.00000000e+00	0.00000000e+00
87.28000000	0.00000000e+00	0.00000000e+00	0.00000000e+00
87.30000000	0.00000000e+00	0.00000000e+00	0.00000000e+00
87.32000000	0.00000000e+00	0.00000000e+00	0.00000000e+00
87.34000000	0.00000000e+00	0.00000000e+00	0.00000000e+00
87.36000000	0.00000000e+00	0.00000000e+00	0.00000000e+00
87.38000000	0.00000000e+00	0.00000000e+00	0.00000000e+00
87.40000000	0.00000000e+00	0.00000000e+00	0.00000000e+00
87.42000000	0.00000000e+00	0.00000000e+00	0.00000000e+00
87.44000000	0.00000000e+00	0.00000000e+00	0.00000000e+00
87.46000000	0.00000000e+00	0.00000000e+00	0.00000000e+00
87.48000000	0.00000000e+00	0.00000000e+00	0.00000000e+00
87.50000000	0.00000000e+00	0.00000000e+00	0.00000000e+00
87.52000000	0.00000000e+00	0.00000000e+00	0.00000000e+00
87.54000000	0.00000000e+00	0.00000000e+00	0.00000000e+00
87.56000000	0.00000000e+00	0.00000000e+00	0.00000000e+00
87.58000000	0.00000000e+00	0.00000000e+00	0.00000000e+00
87.60000000	0.00000000e+00	0.00000000e+00	0.00000000e+00
87.62000000	0.00000000e+00	0.00000000e+00	0.00000000e+00
87.64000000	0.00000000e+00	0.00000000e+00	0.00000000e+00
87.66000000	0.00000000e+00	0.00000000e+00	0.00000000e+00
87.68000000	0.00000000e+00	0.00000000e+00	0.00000000e+00
87.70000000	0.00000000e+00	0.00000000e+00	0.00000000e+00
87.72000000	0.00000000e+00	0.00000000e+00	0.00000000e+00
87.74000000	0.00000000e+00	0.00000000e+00	0.00000000e+00
87.76000000	0.00000000e+00	0.00000000e+00	0.00000000e+00
87.78000000	0.00000000e+00	0.00000000e+00	0.00000000e+00
87.80000000	0.00000000e+00	0.00000000e+00	0.00000000e+00
87.82000000	0.00000000e+00	0.00000000e+00	0.00000000e+00
87.84000000	0.00000000e+00	0.00000000e+00	0.00000000e+00
87.86000000	0.00000000e+00	0.00000000e+00	0.00000000e+00
87.88000000	0.00000000e+00	0.00000000e+00	0.00000000e+00
87.90000000	0.00000000e+00	0.00000000e+00	0.00000000e+00
87.92000000	0.00000000e+00	0.00000000e+00	0.00000000e+00
87.94000000	0.00000000e+00	0.00000000e+00	0.00000000e+00
87.96000000	0.00000000e+00	0.00000000e+00	0.00000000e+00
87.98000000	0.00000000e+00	0.00000000e+00	0.00000000e+00
88.00000000	0.00000000e+00	0.00000000e+00	0.00000000e+00
88.02000000	0.00000000e+00	0.00000000e+00	0.00000000e+00
88.04000000	0.00000000e+00	0.00000000e+00	0.00000000e+00
88.06000000	0.00000000e+00	0.00000000e+00	0.00000000e+00
88.08000000	0.00000000e+00	0.00000000e+00	0.00000000e+00
88.10000000	0.00000000e+00	0.00000000e+00	0.00000000e+00
88.12000000	0.00000000e+00	0.00000000e+00	0.00000000e+00
88.14000000	0.00000000e+00	0.00000000e+00	0.00000000e+00
88.16000000	0.00000000e+00	0.00000000e+00	0.00000000e+00
88.18000000	0.00000000e+00	0.00000000e+00	0.00000000e+00
88.20000000	0.00000000e+00	0.00000000e+00	0.00000000e+00
88.22000000	0.00000000e+00	0.00000000e+00	0.00000000e+00
88.24000000	0.00000000e+00	0.00000000e+00	0.00000000e+00
88.26000000	0.00000000e+00	0.00000000e+00	0.00000000e+00
88.28000000	0.00000000e+00	0.00000000e+00	0.00000000e+00
88.30000000	0.00000000e+00	0.00000000e+00	0.00000000e+00
88.32000000	0.00000000e+00	0.00000000e+00	0.00000000e+00
88.34000000	0.00000000e+00	0.00000000e+00	0.00000000e+00
88.36000000	0.00000000e+00	0.00000000e+00	0.00000000e+00
88.38000000	0.00000000e+00	0.00000000e+00	0.00000000e+00
88.40000000	0.00000000e+00	0.00000000e+00	0.00000000e+00
88.42000000	0.00000000e+00	0.00000000e+00	0.00000000e+00
88.44000000	0.00000000e+00	0.00000000e+00	0.00000000e+00
88.46000000	0.00000000e+00	0.00000000e+00	0.00000000e+00
88.48000000	0.00000000e+00	0.00000000e+00	0.00000000e+00
88.50000000	0.00000000e+00	0.00000000e+00	0.00000000e+00
88.52000000	0.00000000e+00	0.00000000e+00	0.00000000e+00
88.54000000	0.00000000e+00	0.00000000e+00	0.00000000e+00
88.56000000	0.00000000e+00	0.00000000e+00	0.00000000e+00
88.58000000	0.00000000e+00	0.00000000e+00	0.00000000e+00
88.60000000	0.00000000e+00	0.00000000e+00	0.00000000e+00
88.62000000	0.00000000e+00	0.00000000e+00	0.00000000e+00
88.64000000	0.00000000e+00	0.00000000e+00	0.00000000e+00
88.66000000	0.00000000e+00	0.00000000e+00	0.00000000e+00
88.68000000	0.00000000e+00	0.00000000e+00	0.00000000e+00
88.70000000	0.00000000e+00	0.00000000e+00	0.00000000e+00
88.72000000	0.00000000e+00	0.00000000e+00	0.00000000e+00
88.74000000	0.00000000e+00	0.00000000e+00	0.00000000e+00
88.76000000	0.00000000e+00	0.00000000e+00	0.00000000e+00
88.78000000	0.00000000e+00	0.00000000e+00	0.00000000e+00
88.80000000	0.00000000e+00	0.00000000e+00	0.00000000e+00
88.82000000	0.00000000e+00	0.00000000e+00	0.00000000e+00
88.84000000	0.00000000e+00	0.00000000e+00	0.00000000e+00
88.86000000	0.00000000e+00	0.00000000e+00	0.00000000e+00
88.88000000	0.00000000e+00	0.00000000e+00	0.00000000e+00
88.90000000	0.00000000e+00	0.00000000e+00	0.00000000e+00
88.92000000	0.00000000e+00	0.00000000e+00	0.00000000e+00
88.94000000	0.00000000e+00	0.00000000e+00	0.00000000e+00
88.96000000	0.00000000e+00	0.00000000e+00	0.00000000e+00
88.98000000	0.00000000e+00	0.00000000e+00	0.00000000e+00
89.00000000	0.00000000e+00	0.00000000e+00	0.00000000e+00
89.02000000	0.00000000e+00	0.00000000e+00	0.00000000e+00
89.04000000	0.00000000e+00	0.00000000e+00	0.00000000e+00
89.06000000	0.00000000e+00	0.00000000e+00	0.00000000e+00
89.08000000	0.00000000e+00	0.00000000e+00	0.00000000e+00
89.10000000	0.00000000e+00	0.00000000e+00	0.00000000e+00
89.12000000	0.00000000e+00	0.00000000e+00	0.00000000e+00
89.14000000	0.00000000e+00	0.00000000e+00	0.00000000e+00
89.16000000	0.00000000e+00	0.00000000e+00	0.00000000e+00
89.18000000	0.00000000e+00	0.00000000e+00	0.00000000e+00
89.20000000	0.00000000e+00	0.00000000e+00	0.00000000e+00
89.22000000	0.00000000e+00	0.00000000e+00	0.00000000e+00
89.24000000	0.00000000e+00	0.00000000e+00	0.00000000e+00
89.26000000	0.00000000e+00	0.00000000e+00	0.00000000e+00
89.28000000	0.00000000e+00	0.00000000e+00	0.00000000e+00
89.30000000	0.00000000e+00	0.00000000e+00	0.00000000e+00
89.32000000	0.00000000e+00	0.00000000e+00	0.00000000e+00
89.34000000	0.00000000e+00	0.00000000e+00	0.00000000e+00
89.36000000	0.00000000e+00	0.00000000e+00	0.00000000e+00
89.38000000	0.00000000e+00	0.00000000e+00	0.00000000e+00
89.40000000	0.00000000e+00	0.00000000e+00	0.00000000e+00
89.42000000	0.00000000e+00	0.00000000e+00	0.00000000e+00
89.44000000	0.00000000e+00	0.00000000e+00	0.00000000e+00
89.46000000	0.00000000e+00	0.00000000e+00	0.00000000e+00
89.48000000	0.00000000e+00	0.00000000e+00	0.00000000e+00
89.50000000	0.00000000e+00	0.00000000e+00	0.00000000e+00
89.52000000	0.00000000e+00	0.00000000e+00	0.00000000e+00
89.54000000	0.00000000e+00	0.00000000e+00	0.00000000e+00
89.56000000	0.00000000e+00	0.00000000e+00	0.00000000e+00
89.58000000	0.00000000e+00	0.00000000e+00	0.00000000e+00
89.60000000	0.00000000e+00	0.00000000e+00	0.00000000e+00
89.62000000	0.00000000e+00	0.00000000e+00	0.00000000e+00
89.64000000	0.00000000e+00	0.00000000e+00	0.00000000e+00
89.66000000	0.00000000e+00	0.00000000e+00	0.00000000e+00
89.68000000	0.00000000e+00	0.00000000e+00	0.00000000e+00
89.70000000	0.00000000e+00	0.00000000e+00	0.00000000e+00
89.72000000	0.00000000e+00	0.00000000e+00	0.00000000e+00
89.74000000	0.00000000e+00	0.00000000e+00	0.00000000e+00
89.76000000	0.00000000e+00	0.00000000e+00	0.00000000e+00
89.78000000	0.00000000e+00	0.00000000e+00	0.00000000e+00
89.80000000	0.00000000e+00	0.00000000e+00	0.00000000e+00
89.82000000	0.00000000e+00	0.00000000e+00	0.00000000e+00
89.84000000	0.00000000e+00	0.00000000e+00	0.00000000e+00
89.86000000	0.00000000e+00	0.00000000e+00	0.00000000e+00
89.88000000	0.00000000e+00	0.00000000e+00	0.00000000e+00
89.90000000	0.00000000e+00	0.00000000e+00	0.00000000e+00
89.92000000	0.00000000e+00	0.00000000e+00	0.00000000e+00
89.94000000	0.00000000e+00	0.00000000e+00	0.00000000e+00
89.96000000	0.00000000e+00	0.00000000e+00	0.00000000e+00
89.98000000	0.00000000e+00	0.00000000e+00	0.00000000e+00
90.00000000	0.00000000e+00	0.00000000e+00	0.00000000e+00
90.02000000	0.00000000e+00	0.00000000e+00	0.00000000e+00
90.04000000	0.00000000e+00	0.00000000e+00	0.00000000e+00
90.06000000	0.00000000e+00	0.00000000e+00	0.00000000e+00
90.08000000	0.00000000e+00	0.00000000e+00	0.00000000e+00
90.10000000	0.00000000e+00	0.00000000e+00	0.00000000e+00
90.12000000	0.00000000e+00	0.00000000e+00	0.00000000e+00
90.14000000	0.00000000e+00	0.00000000e+00	0.00000000e+00
90.16000000	0.00000000e+00	0.00000000e+00	0.00000000e+00
90.18000000	0.00000000e+00	0.00000000e+00	0.00000000e+00
90.20000000	0.00000000e+00	0.00000000e+00	0.00000000e+00
90.22000000	0.00000000e+00	0.00000000e+00	0.00000000e+00
90.24000000	0.00000000e+00	0.00000000e+00	0.00000000e+00
90.26000000	0.00000000e+00	0.00000000e+00	0.00000000e+00
90.28000000	0.00000000e+00	0.00000000e+00	0.00000000e+00
90.30000000	0.00000000e+00	0.00000000e+00	0.00000000e+00
90.32000000	0.00000000e+00	0.00000000e+00	0.00000000e+00
90.34000000	0.00000000e+00	0.00000000e+00	0.00000000e+00
90.36000000	0.00000000e+00	0.00000000e+00	0.00000000e+00
90.38000000	0.00000000e+00	0.00000000e+00	0.00000000e+00
90.40000000	0.00000000e+00	0.00000000e+00	0.00000000e+00
90.42000000	0.00000000e+00	0.00000000e+00	0.00000000e+00
90.44000000	0.00000000e+00	0.00000000e+00	0.00000000e+00
90.46000000	0.00000000e+00	0.00000000e+00	0.00000000e+00
90.48000000	0.00000000e+00	0.00000000e+00	0.00000000e+00
90.50000000	0.00000000e+00	0.00000000e+00	0.00000000e+00
90.52000000	0.00000000e+00	0.00000000e+00	0.00000000e+00
90.54000000	0.00000000e+00	0.00000000e+00	0.00000000e+00
90.56000000	0.00000000e+00	0.00000000e+00	0.00000000e+00
90.58000000	0.00000000e+00	0.00000000e+00	0.00000000e+00
90.60000000	0.00000000e+00	0.00000000e+00	0.00000000e+00
90.62000000	0.00000000e+00	0.00000000e+00	0.00000000e+00
90.64000000	0.00000000e+00	0.00000000e+00	0.00000000e+00
90.66000000	0.00000000e+00	0.00000000e+00	0.00000000e+00
90.68000000	0.00000000e+00	0.00000000e+00	0.00000000e+00
90.70000000	0.00000000e+00	0.00000000e+00	0.00000000e+00
90.72000000	0.00000000e+00	0.00000000e+00	0.00000000e+00
90.74000000	0.00000000e+00	0.00000000e+00	0.00000000e+00
90.76000000	0.00000000e+00	0.00000000e+00	0.00000000e+00
90.78000000	0.00000000e+00	0.00000000e+00	0.00000000e+00
90.80000000	0.00000000e+00	0.00000000e+00	0.00000000e+00
90.82000000	0.00000000e+00	0.00000000e+00	0.00000000e+00
90.84000000	0.00000000e+00	0.00000000e+00	0.00000000e+00
90.86000000	0.00000000e+00	0.00000000e+00	0.00000000e+00
90.88000000	0.00000000e+00	0.00000000e+00	0.00000000e+00
90.90000000	0.00000000e+00	0.00000000e+00	0.00000000e+00
90.92000000	0.00000000e+00	0.00000000e+00	0.00000000e+00
90.94000000	0.00000000e+00	0.00000000e+00	0.00000000e+00
90.96000000	0.00000000e+00	0.00000000e+00	0.00000000e+00
90.98000000	0.00000000e+00	0.00000000e+00	0.00000000e+00
91.00000000	0.00000000e+00	0.00000000e+00	0.00000000e+00
91.02000000	0.00000000e+00	0.00000000e+00	0.00000000e+00
91.04000000	0.00000000e+00	0.00000000e+00	0.00000000e+00
91.06000000	0.00000000e+00	0.00000000e+00	0.00000000e+00
91.08000000	0.00000000e+00	0.00000000e+00	0.00000000e+00
91.10000000	0.00000000e+00	0.00000000e+00	0.00000000e+00
91.12000000	0.00000000e+00	0.00000000e+00	0.00000000e+00
91.14000000	0.00000000e+00	0.00000000e+00	0.00000000e+00
91.16000000	0.00000000e+00	0.00000000e+00	0.00000000e+00
91.18000000	0.00000000e+00	0.00000000e+00	0.00000000e+00
91.20000000	0.00000000e+00	0.00000000e+00	0.00000000e+00
91.22000000	0.00000000e+00	0.00000000e+00	0.00000000e+00
91.24000000	0.00000000e+00	0.00000000e+00	0.00000000e+00
91.26000000	0.00000000e+00	0.00000000e+00	0.00000000e+00
91.28000000	0.00000000e+00	0.00000000e+00	0.00000000e+00
91.30000000	0.00000000e+00	0.00000000e+00	0.00000000e+00
91.32000000	0.00000000e+00	0.00000000e+00	0.00000000e+00
91.34000000	0.00000000e+00	0.00000000e+00	0.00000000e+00
91.36000000	0.00000000e+00	0.00000000e+00	0.00000000e+00
91.38000000	0.00000000e+00	0.00000000e+00	0.00000000e+00
91.40000000	0.00000000e+00	0.00000000e+00	0.00000000e+00
91.42000000	0.00000000e+00	0.00000000e+00	0.00000000e+00
91.44000000	0.00000000e+00	0.00000000e+00	0.00000000e+00
91.46000000	0.00000000e+00	0.00000000e+00	0.00000000e+00
91.48000000	0.00000000e+00	0.00000000e+00	0.00000000e+00
91.50000000	0.00000000e+00	0.00000000e+00	0.00000000e+00
91.52000000	0.00000000e+00	0.00000000e+00	0.00000000e+00
91.54000000	0.00000000e+00	0.00000000e+00	0.00000000e+00
91.56000000	0.00000000e+00	0.00000000e+00	0.00000000e+00
91.58000000	0.00000000e+00	0.00000000e+00	0.00000000e+00
91.60000000	0.00000000e+00	0.00000000e+00	0.00000000e+00
91.62000000	0.00000000e+00	0.00000000e+00	0.00000000e+00
91.64000000	0.00000000e+00	0.00000000e+00	0.00000000e+00
91.66000000	0.00000000e+00	0.00000000e+00	0.00000000e+00
91.68000000	0.00000000e+00	0.00000000e+00	0.00000000e+00
91.70000000	0.00000000e+00	0.00000000e+00	0.00000000e+00
91.72000000	0.00000000e+00	0.00000000e+00	0.00000000e+00
91.74000000	0.00000000e+00	0.00000000e+00	0.00000000e+00
91.76000000	0.00000000e+00	0.00000000e+00	0.00000000e+00
91.78000000	0.00000000e+00	0.00000000e+00	0.00000000e+00
91.80000000	0.00000000e+00	0.00000000e+00	0.00000000e+00
91.82000000	0.00000000e+00	0.00000000e+00	0.00000000e+00
91.84000000	0.00000000e+00	0.00000000e+00	0.00000000e+00
91.86000000	0.00000000e+00	0.00000000e+00	0.00000000e+00
91.88000000	0.00000000e+00	0.00000000e+00	0.00000000e+00
91.90000000	0.00000000e+00	0.00000000e+00	0.00000000e+00
91.92000000	0.00000000e+00	0.00000000e+00	0.00000000e+00
91.94000000	0.00000000e+00	0.00000000e+00	0.00000000e+00
91.96000000	0.00000000e+00	0.00000000e+00	0.00000000e+00
91.98000000	0.00000000e+00	0.00000000e+00	0.00000000e+00
92.00000000	0.00000000e+00	0.00000000e+00	0.00000000e+00
92.02000000	0.00000000e+00	0.00000000e+00	0.00000000e+00
92.04000000	0.00000000e+00	0.00000000e+00	0.00000000e+00
92.06000000	0.00000000e+00	0.00000000e+00	0.00000000e+00
92.08000000	0.00000000e+00	0.00000000e+00	0.00000000e+00
92.10000000	0.00000000e+00	0.00000000e+00	0.00000000e+00
92.12000000	0.00000000e+00	0.00000000e+00	0.00000000e+00
92.14000000	0.00000000e+00	0.00000000e+00	0.00000000e+00
92.16000000	0.00000000e+00	0.00000000e+00	0.00000000e+00
92.18000000	0.00000000e+00	0.00000000e+00	0.00000000e+00
92.20000000	0.00000000e+00	0.00000000e+00	0.00000000e+00
92.22000000	0.00000000e+00	0.00000000e+00	0.00000000e+00
92.24000000	0.00000000e+00	0.00000000e+00	0.00000000e+00
92.26000000	0.00000000e+00	0.00000000e+00	0.00000000e+00
92.28000000	0.00000000e+00	0.00000000e+00	0.00000000e+00
92.30000000	0.00000000e+00	0.00000000e+00	0.00000000e+00
92.32000000	0.00000000e+00	0.00000000e+00	0.00000000e+00
92.34000000	0.00000000e+00	0.00000000e+00	0.00000000e+00
92.36000000	0.00000000e+00	0.00000000e+00	0.00000000e+00
92.38000000	0.00000000e+00	0.00000000e+00	0.00000000e+00
92.40000000	0.00000000e+00	0.00000000e+00	0.00000000e+00
92.42000000	0.00000000e+00	0.00000000e+00	0.00000000e+00
92.44000000	0.00000000e+00	0.00000000e+00	0.00000000e+00
92.46000000	0.00000000e+00	0.00000000e+00	0.00000000e+00
92.48000000	0.00000000e+00	0.00000000e+00	0.00000000e+00
92.50000000	0.00000000e+00	0.00000000e+00	0.00000000e+00
92.52000000	0.00000000e+00	0.00000000e+00	0.00000000e+00
92.54000000	0.00000000e+00	0.00000000e+00	0.00000000e+00
92.56000000	0.00000000e+00	0.00000000e+00	0.00000000e+00
92.58000000	0.00000000e+00	0.00000000e+00	0.00000000e+00
92.60000000	0.00000000e+00	0.00000000e+00	0.00000000e+00
92.62000000	0.00000000e+00	0.00000000e+00	0.00000000e+00
92.64000000	0.00000000e+00	0.00000000e+00	0.00000000e+00
92.66000000	0.00000000e+00	0.00000000e+00	0.00000000e+00
92.68000000	0.00000000e+00	0.00000000e+00	0.00000000e+00
92.70000000	0.00000000e+00	0.00000000e+00	0.00000000e+00
92.72000000	0.00000000e+00	0.00000000e+00	0.00000000e+00
92.74000000	0.00000000e+00	0.00000000e+00	0.00000000e+00
92.76000000	0.00000000e+00	0.00000000e+00	0.00000000e+00
92.78000000	0.00000000e+00	0.00000000e+00	0.00000000e+00
92.80000000	0.00000000e+00	0.00000000e+00	0.00000000e+00
92.82000000	0.00000000e+00	0.00000000e+00	0.00000000e+00
92.84000000	0.00000000e+00	0.00000000e+00	0.00000000e+00
92.86000000	0.00000000e+00	0.00000000e+00	0.00000000e+00
92.88000000	0.00000000e+00	0.00000000e+00	0.00000000e+00
92.90000000	0.00000000e+00	0.00000000e+00	0.00000000e+00
92.92000000	0.00000000e+00	0.00000000e+00	0.00000000e+00
92.94000000	0.00000000e+00	0.00000000e+00	0.00000000e+00
92.96000000	0.00000000e+00	0.00000000e+00	0.00000000e+00
92.98000000	0.00000000e+00	0.00000000e+00	0.00000000e+00
93.00000000	0.00000000e+00	0.00000000e+00	0.00000000e+00
93.02000000	0.00000000e+00	0.00000000e+00	0.00000000e+00
93.04000000	0.00000000e+00	0.00000000e+00	0.00000000e+00
93.06000000	0.00000000e+00	0.00000000e+00	0.00000000e+00
93.08000000	0.00000000e+00	0.00000000e+00	0.00000000e+00
93.10000000	0.00000000e+00	0.00000000e+00	0.00000000e+00
93.12000000	0.00000000e+00	0.00000000e+00	0.00000000e+00
93.14000000	0.00000000e+00	0.00000000e+00	0.00000000e+00
93.16000000	0.00000000e+00	0.00000000e+00	0.00000000e+00
93.18000000	0.00000000e+00	0.00000000e+00	0.00000000e+00
93.20000000	0.00000000e+00	0.00000000e+00	0.00000000e+00
93.22000000	0.00000000e+00	0.00000000e+00	0.00000000e+00
93.24000000	0.00000000e+00	0.00000000e+00	0.00000000e+00
93.26000000	0.00000000e+00	0.00000000e+00	0.00000000e+00
93.28000000	0.00000000e+00	0.00000000e+00	0.00000000e+00
93.30000000	0.00000000e+00	0.00000000e+00	0.00000000e+00
93.32000000	0.00000000e+00	0.00000000e+00	0.00000000e+00
93.34000000	0.00000000e+00	0.00000000e+00	0.00000000e+00
93.36000000	0.00000000e+00	0.00000000e+00	0.00000000e+00
93.38000000	0.00000000e+00	0.00000000e+00	0.00000000e+00
93.40000000	0.00000000e+00	0.00000000e+00	0.00000000e+00
93.42000000	0.00000000e+00	0.00000000e+00	0.00000000e+00
93.44000000	0.00000000e+00	0.00000000e+00	0.00000000e+00
93.46000000	0.00000000e+00	0.00000000e+00	0.00000000e+00
93.48000000	0.00000000e+00	0.00000000e+00	0.00000000e+00
93.50000000	0.00000000e+00	0.00000000e+00	0.00000000e+00
93.52000000	0.00000000e+00	0.00000000e+00	0.00000000e+00
93.54000000	0.00000000e+00	0.00000000e+00	0.00000000e+00
93.56000000	0.00000000e+00	0.00000000e+00	0.00000000e+00
93.58000000	0.00000000e+00	0.00000000e+00	0.00000000e+00
93.60000000	0.00000000e+00	0.00000000e+00	0.00000000e+00
93.62000000	0.00000000e+00	0.00000000e+00	0.00000000e+00
93.64000000	0.00000000e+00	0.00000000e+00	0.00000000e+00
93.66000000	0.00000000e+00	0.00000000e+00	0.00000000e+00
93.68000000	0.00000000e+00	0.00000000e+00	0.00000000e+00
93.70000000	0.00000000e+00	0.00000000e+00	0.00000000e+00
93.72000000	0.00000000e+00	0.00000000e+00	0.00000000e+00
93.74000000	0.00000000e+00	0.00000000e+00	0.00000000e+00
93.76000000	0.00000000e+00	0.00000000e+00	0.00000000e+00
93.78000000	0.00000000e+00	0.00000000e+00	0.00000000e+00
93.80000000	0.00000000e+00	0.00000000e+00	0.00000000e+00
93.82000000	0.00000000e+00	0.00000000e+00	0.00000000e+00
93.84000000	0.00000000e+00	0.00000000e+00	0.00000000e+00
93.86000000	0.00000000e+00	0.00000000e+00	0.00000000e+00
93.88000000	0.00000000e+00	0.00000000e+00	0.00000000e+00
93.90000000	0.00000000e+00	0.00000000e+00	0.00000000e+00
93.92000000	0.00000000e+00	0.00000000e+00	0.00000000e+00
93.94000000	0.00000000e+00	0.00000000e+00	0.00000000e+00
93.96000000	0.00000000e+00	0.00000000e+00	0.00000000e+00
93.98000000	0.00000000e+00	0.00000000e+00	0.00000000e+00
94.00000000	0.00000000e+00	0.00000000e+00	0.00000000e+00
94.02000000	0.00000000e+00	0.00000000e+00	0.00000000e+00
94.04000000	0.00000000e+00	0.00000000e+00	0.00000000e+00
94.06000000	0.00000000e+00	0.00000000e+00	0.00000000e+00
94.08000000	0.00000000e+00	0.00000000e+00	0.00000000e+00
94.10000000	0.00000000e+00	0.00000000e+00	0.00000000e+00
94.12000000	0.00000000e+00	0.00000000e+00	0.00000000e+00
94.14000000	0.00000000e+00	0.00000000e+00	0.00000000e+00
94.16000000	0.00000000e+00	0.00000000e+00	0.00000000e+00
94.18000000	0.00000000e+00	0.00000000e+00	0.00000000e+00
94.20000000	0.00000000e+00	0.00000000e+00	0.00000000e+00
94.22000000	0.00000000e+00	0.00000000e+00	0.00000000e+00
94.24000000	0.00000000e+00	0.00000000e+00	0.00000000e+00
94.26000000	0.00000000e+00	0.00000000e+00	0.00000000e+00
94.28000000	0.00000000e+00	0.00000000e+00	0.00000000e+00
94.30000000	0.00000000e+00	0.00000000e+00	0.00000000e+00
94.32000000	0.00000000e+00	0.00000000e+00	0.00000000e+00
94.34000000	0.00000000e+00	0.00000000e+00	0.00000000e+00
94.36000000	0.00000000e+00	0.00000000e+00	0.00000000e+00
94.38000000	0.00000000e+00	0.00000000e+00	0.00000000e+00
94.40000000	0.00000000e+00	0.00000000e+00	0.00000000e+00
94.42000000	0.00000000e+00	0.00000000e+00	0.00000000e+00
94.44000000	0.00000000e+00	0.00000000e+00	0.00000000e+00
94.46000000	0.00000000e+00	0.00000000e+00	0.00000000e+00
94.48000000	0.00000000e+00	0.00000000e+00	0.00000000e+00
94.50000000	0.00000000e+00	0.00000000e+00	0.00000000e+00
94.52000000	0.00000000e+00	0.00000000e+00	0.00000000e+00
94.54000000	0.00000000e+00	0.00000000e+00	0.00000000e+00
94.56000000	0.00000000e+00	0.00000000e+00	0.00000000e+00
94.58000000	0.00000000e+00	0.00000000e+00	0.00000000e+00
94.60000000	0.00000000e+00	0.00000000e+00	0.00000000e+00
94.62000000	0.00000000e+00	0.00000000e+00	0.00000000e+00
94.64000000	0.00000000e+00	0.00000000e+00	0.00000000e+00
94.66000000	0.00000000e+00	0.00000000e+00	0.00000000e+00
94.68000000	0.00000000e+00	0.00000000e+00	0.00000000e+00
94.70000000	0.00000000e+00	0.00000000e+00	0.00000000e+00
94.72000000	0.00000000e+00	0.00000000e+00	0.00000000e+00
94.74000000	0.00000000e+00	0.00000000e+00	0.00000000e+00
94.76000000	0.00000000e+00	0.00000000e+00	0.00000000e+00
94.78000000	0.00000000e+00	0.00000000e+00	0.00000000e+00
94.80000000	0.00000000e+00	0.00000000e+00	0.00000000e+00
94.82000000	0.00000000e+00	0.00000000e+00	0.00000000e+00
94.84000000	0.00000000e+00	0.00000000e+00	0.00000000e+00
94.86000000	0.00000000e+00	0.00000000e+00	0.00000000e+00
94.88000000	0.00000000e+00	0.00000000e+00	0.00000000e+00
94.90000000	0.00000000e+00	0.00000000e+00	0.00000000e+00
94.92000000	0.00000000e+00	0.00000000e+00	0.00000000e+00
94.94000000	0.00000000e+00	0.00000000e+00	0.00000000e+00
94.96000000	0.00000000e+00	0.00000000e+00	0.00000000e+00
94.98000000	0.00000000e+00	0.00000000e+00	0.00000000e+00
95.00000000	0.00000000e+00	0.00000000e+00	0.00000000e+00
95.02000000	0.00000000e+00	0.00000000e+00	0.00000000e+00
95.04000000	0.00000000e+00	0.00000000e+00	0.00000000e+00
95.06000000	0.00000000e+00	0.00000000e+00	0.00000000e+00
95.08000000	0.00000000e+00	0.00000000e+00	0.00000000e+00
95.10000000	0.00000000e+00	0.00000000e+00	0.00000000e+00
95.12000000	0.00000000e+00	0.00000000e+00	0.00000000e+00
95.14000000	0.00000000e+00	0.00000000e+00	0.00000000e+00
95.16000000	0.00000000e+00	0.00000000e+00	0.00000000e+00
95.18000000	0.00000000e+00	0.00000000e+00	0.00000000e+00
95.20000000	0.00000000e+00	0.00000000e+00	0.00000000e+00
95.22000000	0.00000000e+00	0.00000000e+00	0.00000000e+00
95.24000000	0.00000000e+00	0.00000000e+00	0.00000000e+00
95.26000000	0.00000000e+00	0.00000000e+00	0.00000000e+00
95.28000000	0.00000000e+00	0.00000000e+00	0.00000000e+00
95.30000000	0.00000000e+00	0.00000000e+00	0.00000000e+00
95.32000000	0.00000000e+00	0.00000000e+00	0.00000000e+00
95.34000000	0.00000000e+00	0.00000000e+00	0.00000000e+00
95.36000000	0.00000000e+00	0.00000000e+00	0.00000000e+00
95.38000000	0.00000000e+00	0.00000000e+00	0.00000000e+00
95.40000000	0.00000000e+00	0.00000000e+00	0.00000000e+00
95.42000000	0.00000000e+00	0.00000000e+00	0.00000000e+00
95.44000000	0.00000000e+00	0.00000000e+00	0.00000000e+00
95.46000000	0.00000000e+00	0.00000000e+00	0.00000000e+00
95.48000000	0.00000000e+00	0.00000000e+00	0.00000000e+00
95.50000000	0.00000000e+00	0.00000000e+00	0.00000000e+00
95.52000000	0.00000000e+00	0.00000000e+00	0.00000000e+00
95.54000000	0.00000000e+00	0.00000000e+00	0.00000000e+00
95.56000000	0.00000000e+00	0.00000000e+00	0.00000000e+00
95.58000000	0.00000000e+00	0.00000000e+00	0.00000000e+00
95.60000000	0.00000000e+00	0.00000000e+00	0.00000000e+00
95.62000000	0.00000000e+00	0.00000000e+00	0.00000000e+00
95.64000000	0.00000000e+00	0.00000000e+00	0.00000000e+00
95.66000000	0.00000000e+00	0.00000000e+00	0.00000000e+00
95.68000000	0.00000000e+00	0.00000000e+00	0.00000000e+00
95.70000000	0.00000000e+00	0.00000000e+00	0.00000000e+00
95.72000000	0.00000000e+00	0.00000000e+00	0.00000000e+00
95.74000000	0.00000000e+00	0.00000000e+00	0.00000000e+00
95.76000000	0.00000000e+00	0.00000000e+00	0.00000000e+00
95.78000000	0.00000000e+00	0.00000000e+00	0.00000000e+00
95.80000000	0.00000000e+00	0.00000000e+00	0.00000000e+00
95.82000000	0.00000000e+00	0.00000000e+00	0.00000000e+00
95.84000000	0.00000000e+00	0.00000000e+00	0.00000000e+00
95.86000000	0.00000000e+00	0.00000000e+00	0.00000000e+00
95.88000000	0.00000000e+00	0.00000000e+00	0.00000000e+00
95.90000000	0.00000000e+00	0.00000000e+00	0.00000000e+00
95.92000000	0.00000000e+00	0.00000000e+00	0.00000000e+00
95.94000000	0.00000000e+00	0.00000000e+00	0.00000000e+00
95.96000000	0.00000000e+00	0.00000000e+00	0.00000000e+00
95.98000000	0.00000000e+00	0.00000000e+00	0.00000000e+00
96.00000000	0.00000000e+00	0.00000000e+00	0.00000000e+00
96.02000000	0.00000000e+00	0.00000000e+00	0.00000000e+00
96.04000000	0.00000000e+00	0.00000000e+00	0.00000000e+00
96.06000000	0.00000000e+00	0.00000000e+00	0.00000000e+00
96.08000000	0.00000000e+00	0.00000000e+00	0.00000000e+00
96.10000000	0.00000000e+00	0.00000000e+00	0.00000000e+00
96.12000000	0.00000000e+00	0.00000000e+00	0.00000000e+00
96.14000000	0.00000000e+00	0.00000000e+00	0.00000000e+00
96.16000000	0.00000000e+00	0.00000000e+00	0.00000000e+00
96.18000000	0.00000000e+00	0.00000000e+00	0.00000000e+00
96.20000000	0.00000000e+00	0.00000000e+00	0.00000000e+00
96.22000000	0.00000000e+00	0.00000000e+00	0.00000000e+00
96.24000000	0.00000000e+00	0.00000000e+00	0.00000000e+00
96.26000000	0.00000000e+00	0.00000000e+00	0.00000000e+00
96.28000000	0.00000000e+00	0.00000000e+00	0.00000000e+00
96.30000000	0.00000000e+00	0.00000000e+00	0.00000000e+00
96.32000000	0.00000000e+00	0.00000000e+00	0.00000000e+00
96.34000000	0.00000000e+00	0.00000000e+00	0.00000000e+00
96.36000000	0.00000000e+00	0.00000000e+00	0.00000000e+00
96.38000000	0.00000000e+00	0.00000000e+00	0.00000000e+00
96.40000000	0.00000000e+00	0.00000000e+00	0.00000000e+00
96.42000000	0.00000000e+00	0.00000000e+00	0.00000000e+00
96.44000000	0.00000000e+00	0.00000000e+00	0.00000000e+00
96.46000000	0.00000000e+00	0.00000000e+00	0.00000000e+00
96.48000000	0.00000000e+00	0.00000000e+00	0.00000000e+00
96.50000000	0.00000000e+00	0.00000000e+00	0.00000000e+00
96.52000000	0.00000000e+00	0.00000000e+00	0.00000000e+00
96.54000000	0.00000000e+00	0.00000000e+00	0.00000000e+00
96.56000000	0.00000000e+00	0.00000000e+00	0.00000000e+00
96.58000000	0.00000000e+00	0.00000000e+00	0.00000000e+00
96.60000000	0.00000000e+00	0.00000000e+00	0.00000000e+00
96.62000000	0.00000000e+00	0.00000000e+00	0.00000000e+00
96.64000000	0.00000000e+00	0.00000000e+00	0.00000000e+00
96.66000000	0.00000000e+00	0.00000000e+00	0.00000000e+00
96.68000000	0.00000000e+00	0.00000000e+00	0.00000000e+00
96.70000000	0.00000000e+00	0.00000000e+00	0.00000000e+00
96.72000000	0.00000000e+00	0.00000000e+00	0.00000000e+00
96.74000000	0.00000000e+00	0.00000000e+00	0.00000000e+00
96.76000000	0.00000000e+00	0.00000000e+00	0.00000000e+00
96.78000000	0.00000000e+00	0.00000000e+00	0.00000000e+00
96.80000000	0.00000000e+00	0.00000000e+00	0.00000000e+00
96.82000000	0.00000000e+00	0.00000000e+00	0.00000000e+00
96.84000000	0.00000000e+00	0.00000000e+00	0.00000000e+00
96.86000000	0.00000000e+00	0.00000000e+00	0.00000000e+00
96.88000000	0.00000000e+00	0.00000000e+00	0.00000000e+00
96.90000000	0.00000000e+00	0.00000000e+00	0.00000000e+00
96.92000000	0.00000000e+00	0.00000000e+00	0.00000000e+00
96.94000000	0.00000000e+00	0.00000000e+00	0.00000000e+00
96.96000000	0.00000000e+00	0.00000000e+00	0.00000000e+00
96.98000000	0.00000000e+00	0.00000000e+00	0.00000000e+00
97.00000000	0.00000000e+00	0.00000000e+00	0.00000000e+00
97.02000000	0.00000000e+00	0.00000000e+00	0.00000000e+00
97.04000000	0.00000000e+00	0.00000000e+00	0.00000000e+00
97.06000000	0.00000000e+00	0.00000000e+00	0.00000000e+00
97.08000000	0.00000000e+00	0.00000000e+00	0.00000000e+00
97.10000000	0.00000000e+00	0.00000000e+00	0.00000000e+00
97.12000000	0.00000000e+00	0.00000000e+00	0.00000000e+00
97.14000000	0.00000000e+00	0.00000000e+00	0.00000000e+00
97.16000000	0.00000000e+00	0.00000000e+00	0.00000000e+00
97.18000000	0.00000000e+00	0.00000000e+00	0.00000000e+00
97.20000000	0.00000000e+00	0.00000000e+00	0.00000000e+00
97.22000000	0.00000000e+00	0.00000000e+00	0.00000000e+00
97.24000000	0.00000000e+00	0.00000000e+00	0.00000000e+00
97.26000000	0.00000000e+00	0.00000000e+00	0.00000000e+00
97.28000000	0.00000000e+00	0.00000000e+00	0.00000000e+00
97.30000000	0.00000000e+00	0.00000000e+00	0.00000000e+00
97.32000000	0.00000000e+00	0.00000000e+00	0.00000000e+00
97.34000000	0.00000000e+00	0.00000000e+00	0.00000000e+00
97.36000000	0.00000000e+00	0.00000000e+00	0.00000000e+00
97.38000000	0.00000000e+00	0.00000000e+00	0.00000000e+00
97.40000000	0.00000000e+00	0.00000000e+00	0.00000000e+00
97.42000000	0.00000000e+00	0.00000000e+00	0.00000000e+00
97.44000000	0.00000000e+00	0.00000000e+00	0.00000000e+00
97.46000000	0.00000000e+00	0.00000000e+00	0.00000000e+00
97.48000000	0.00000000e+00	0.00000000e+00	0.00000000e+00
97.50000000	0.00000000e+00	0.00000000e+00	0.00000000e+00
97.52000000	0.00000000e+00	0.00000000e+00	0.00000000e+00
97.54000000	0.00000000e+00	0.00000000e+00	0.00000000e+00
97.56000000	0.00000000e+00	0.00000000e+00	0.00000000e+00
97.58000000	0.00000000e+00	0.00000000e+00	0.00000000e+00
97.60000000	0.00000000e+00	0.00000000e+00	0.00000000e+00
97.62000000	0.00000000e+00	0.00000000e+00	0.00000000e+00
97.64000000	0.00000000e+00	0.00000000e+00	0.00000000e+00
97.66000000	0.00000000e+00	0.00000000e+00	0.00000000e+00
97.68000000	0.00000000e+00	0.00000000e+00	0.00000000e+00
97.70000000	0.00000000e+00	0.00000000e+00	0.00000000e+00
97.72000000	0.00000000e+00	0.00000000e+00	0.00000000e+00
97.74000000	0.00000000e+00	0.00000000e+00	0.00000000e+00
97.76000000	0.00000000e+00	0.00000000e+00	0.00000000e+00
97.78000000	0.00000000e+00	0.00000000e+00	0.00000000e+00
97.80000000	0.00000000e+00	0.00000000e+00	0.00000000e+00
97.82000000	0.00000000e+00	0.00000000e+00	0.00000000e+00
97.84000000	0.00000000e+00	0.00000000e+00	0.00000000e+00
97.86000000	0.00000000e+00	0.00000000e+00	0.00000000e+00
97.88000000	0.00000000e+00	0.00000000e+00	0.00000000e+00
97.90000000	0.00000000e+00	0.00000000e+00	0.00000000e+00
97.92000000	0.00000000e+00	0.00000000e+00	0.00000000e+00
97.94000000	0.00000000e+00	0.00000000e+00	0.00000000e+00
97.96000000	0.00000000e+00	0.00000000e+00	0.00000000e+00
97.98000000	0.00000000e+00	0.00000000e+00	0.00000000e+00
98.00000000	0.00000000e+00	0.00000000e+00	0.00000000e+00
98.02000000	0.00000000e+00	0.00000000e+00	0.00000000e+00
98.04000000	0.00000000e+00	0.00000000e+00	0.00000000e+00
98.06000000	0.00000000e+00	0.00000000e+00	0.00000000e+00
98.08000000	0.00000000e+00	0.00000000e+00	0.00000000e+00
98.10000000	0.00000000e+00	0.00000000e+00	0.00000000e+00
98.12000000	0.00000000e+00	0.00000000e+00	0.00000000e+00
98.14000000	0.00000000e+00	0.00000000e+00	0.00000000e+00
98.16000000	0.00000000e+00	0.00000000e+00	0.00000000e+00
98.18000000	0.00000000e+00	0.00000000e+00	0.00000000e+00
98.20000000	0.00000000e+00	0.00000000e+00	0.00000000e+00
98.22000000	0.00000000e+00	0.00000000e+00	0.00000000e+00
98.24000000	0.00000000e+00	0.00000000e+00	0.00000000e+00
98.26000000	0.00000000e+00	0.00000000e+00	0.00000000e+00
98.28000000	0.00000000e+00	0.00000000e+00	0.00000000e+00
98.30000000	0.00000000e+00	0.00000000e+00	0.00000000e+00
98.32000000	0.00000000e+00	0.00000000e+00	0.00000000e+00
98.34000000	0.00000000e+00	0.00000000e+00	0.00000000e+00
98.36000000	0.00000000e+00	0.00000000e+00	0.00000000e+00
98.38000000	0.00000000e+00	0.00000000e+00	0.00000000e+00
98.40000000	0.00000000e+00	0.00000000e+00	0.00000000e+00
98.42000000	0.00000000e+00	0.00000000e+00	0.00000000e+00
98.44000000	0.00000000e+00	0.00000000e+00	0.00000000e+00
98.46000000	0.00000000e+00	0.00000000e+00	0.00000000e+00
98.48000000	0.00000000e+00	0.00000000e+00	0.00000000e+00
98.50000000	0.00000000e+00	0.00000000e+00	0.00000000e+00
98.52000000	0.00000000e+00	0.00000000e+00	0.00000000e+00
98.54000000	0.00000000e+00	0.00000000e+00	0.00000000e+00
98.56000000	0.00000000e+00	0.00000000e+00	0.00000000e+00
98.58000000	0.00000000e+00	0.00000000e+00	0.00000000e+00
98.60000000	0.00000000e+00	0.00000000e+00	0.00000000e+00
98.62000000	0.00000000e+00	0.00000000e+00	0.00000000e+00
98.64000000	0.00000000e+00	0.00000000e+00	0.00000000e+00
98.66000000	0.00000000e+00	0.00000000e+00	0.00000000e+00
98.68000000	0.00000000e+00	0.00000000e+00	0.00000000e+00
98.70000000	0.00000000e+00	0.00000000e+00	0.00000000e+00
98.72000000	0.00000000e+00	0.00000000e+00	0.00000000e+00
98.74000000	0.00000000e+00	0.00000000e+00	0.00000000e+00
98.76000000	0.00000000e+00	0.00000000e+00	0.00000000e+00
98.78000000	0.00000000e+00	0.00000000e+00	0.00000000e+00
98.80000000	0.00000000e+00	0.00000000e+00	0.00000000e+00
98.82000000	0.00000000e+00	0.00000000e+00	0.00000000e+00
98.84000000	0.00000000e+00	0.00000000e+00	0.00000000e+00
98.86000000	0.00000000e+00	0.00000000e+00	0.00000000e+00
98.88000000	0.00000000e+00	0.00000000e+00	0.00000000e+00
98.90000000	0.00000000e+00	0.00000000e+00	0.00000000e+00
98.92000000	0.00000000e+00	0.00000000e+00	0.00000000e+00
98.94000000	0.00000000e+00	0.00000000e+00	0.00000000e+00
98.96000000	0.00000000e+00	0.00000000e+00	0.00000000e+00
98.98000000	0.00000000e+00	0.00000000e+00	0.00000000e+00
99.00000000	0.00000000e+00	0.00000000e+00	0.00000000e+00
99.02000000	0.00000000e+00	0.00000000e+00	0.00000000e+00
99.04000000	0.00000000e+00	0.00000000e+00	0.00000000e+00
99.06000000	0.00000000e+00	0.00000000e+00	0.00000000e+00
99.08000000	0.00000000e+00	0.00000000e+00	0.00000000e+00
99.10000000	0.00000000e+00	0.00000000e+00	0.00000000e+00
99.12000000	0.00000000e+00	0.00000000e+00	0.00000000e+00
99.14000000	0.00000000e+00	0.00000000e+00	0.00000000e+00
99.16000000	0.00000000e+00	0.00000000e+00	0.00000000e+00
99.18000000	0.00000000e+00	0.00000000e+00	0.00000000e+00
99.20000000	0.00000000e+00	0.00000000e+00	0.00000000e+00
99.22000000	0.00000000e+00	0.00000000e+00	0.00000000e+00
99.24000000	0.00000000e+00	0.00000000e+00	0.00000000e+00
99.26000000	0.00000000e+00	0.00000000e+00	0.00000000e+00
99.28000000	0.00000000e+00	0.00000000e+00	0.00000000e+00
99.30000000	0.00000000e+00	0.00000000e+00	0.00000000e+00
99.32000000	0.00000000e+00	0.00000000e+00	0.00000000e+00
99.34000000	0.00000000e+00	0.00000000e+00	0.00000000e+00
99.36000000	0.00000000e+00	0.00000000e+00	0.00000000e+00
99.38000000	0.00000000e+00	0.00000000e+00	0.00000000e+00
99.40000000	0.00000000e+00	0.00000000e+00	0.00000000e+00
99.42000000	0.00000000e+00	0.00000000e+00	0.00000000e+00
99.44000000	0.00000000e+00	0.00000000e+00	0.00000000e+00
99.46000000	0.00000000e+00	0.00000000e+00	0.00000000e+00
99.48000000	0.00000000e+00	0.00000000e+00	0.00000000e+00
99.50000000	0.00000000e+00	0.00000000e+00	0.00000000e+00
99.52000000	0.00000000e+00	0.00000000e+00	0.00000000e+00
99.54000000	0.00000000e+00	0.00000000e+00	0.00000000e+00
99.56000000	0.00000000e+00	0.00000000e+00	0.00000000e+00
99.58000000	0.00000000e+00	0.00000000e+00	0.00000000e+00
99.60000000	0.00000000e+00	0.00000000e+00	0.00000000e+00
99.62000000	0.00000000e+00	0.00000000e+00	0.00000000e+00
99.64000000	0.00000000e+00	0.00000000e+00	0.00000000e+00
99.66000000	0.00000000e+00	0.00000000e+00	0.00000000e+00
99.68000000	0.00000000e+00	0.00000000e+00	0.00000000e+00
99.70000000	0.00000000e+00	0.00000000e+00	0.00000000e+00
99.72000000	0.00000000e+00	0.00000000e+00	0.00000000e+00
99.74000000	0.00000000e+00	0.00000000e+00	0.00000000e+00
99.76000000	0.00000000e+00	0.00000000e+00	0.00000000e+00
99.78000000	0.00000000e+00	0.00000000e+00	0.00000000e+00
99.80000000	0.00000000e+00	0.00000000e+00	0.00000000e+00
99.82000000	0.00000000e+00	0.00000000e+00	0.00000000e+00
99.84000000	0.00000000e+00	0.00000000e+00	0.00000000e+00
99.86000000	0.00000000e+00	0.00000000e+00	0.00000000e+00
99.88000000	0.00000000e+00	0.00000000e+00	0.00000000e+00
99.90000000	0.00000000e+00	0.00000000e+00	0.00000000e+00
99.92000000	0.00000000e+00	0.00000000e+00	0.00000000e+00
99.94000000	0.00000000e+00	0.00000000e+00	0.00000000e+00
99.96000000	0.00000000e+00	0.00000000e+00	0.00000000e+00
99.98000000	0.00000000e+00	0.00000000e+00	0.00000000e+00
100.00000000	0.00000000e+00	0.00000000e+00	0.00000000e+00
100.02000000	0.00000000e+00	0.00000000e+00	0.00000000e+00
100.04000000	0.00000000e+00	0.00000000e+00	0.00000000e+00
100.06000000	0.00000000e+00	0.00000000e+00	0.00000000e+00
100.08000000	0.00000000e+00	0.00000000e+00	0.00000000e+00
100.10000000	0.00000000e+00	0.00000000e+00	0.00000000e+00
100.12000000	0.00000000e+00	0.00000000e+00	0.00000000e+00
100.14000000	0.00000000e+00	0.00000000e+00	0.00000000e+00
100.16000000	0.00000000e+00	0.00000000e+00	0.00000000e+00
100.18000000	0.00000000e+00	0.00000000e+00	0.00000000e+00
100.20000000	0.00000000e+00	0.00000000e+00	0.00000000e+00
100.22000000	0.00000000e+00	0.00000000e+00	0.00000000e+00
100.24000000	0.00000000e+00	0.00000000e+00	0.00000000e+00
100.26000000	0.00000000e+00	0.00000000e+00	0.00000000e+00
100.28000000	0.00000000e+00	0.00000000e+00	0.00000000e+00
100.30000000	0.00000000e+00	0.00000000e+00	0.00000000e+00
100.32000000	0.00000000e+00	0.00000000e+00	0.00000000e+00
100.34000000	0.00000000e+00	0.00000000e+00	0.00000000e+00
100.36000000	0.00000000e+00	0.00000000e+00	0.00000000e+00
100.38000000	0.00000000e+00	0.00000000e+00	0.00000000e+00
100.40000000	0.00000000e+00	0.00000000e+00	0.00000000e+00
100.42000000	0.00000000e+00	0.00000000e+00	0.00000000e+00
100.44000000	0.00000000e+00	0.00000000e+00	0.00000000e+00
100.46000000	0.00000000e+00	0.00000000e+00	0.00000000e+00
100.48000000	0.00000000e+00	0.00000000e+00	0.00000000e+00
100.50000000	0.00000000e+00	0.00000000e+00	0.00000000e+00
100.52000000	0.00000000e+00	0.00000000e+00	0.00000000e+00
100.54000000	0.00000000e+00	0.00000000e+00	0.00000000e+00
100.56000000	0.00000000e+00	0.00000000e+00	0.00000000e+00
100.58000000	0.00000000e+00	0.00000000e+00	0.00000000e+00
100.60000000	0.00000000e+00	0.00000000e+00	0.00000000e+00
100.62000000	0.00000000e+00	0.00000000e+00	0.00000000e+00
100.64000000	0.00000000e+00	0.00000000e+00	0.00000000e+00
100.66000000	0.00000000e+00	0.00000000e+00	0.00000000e+00
100.68000000	0.00000000e+00	0.00000000e+00	0.00000000e+00
100.70000000	0.00000000e+00	0.00000000e+00	0.00000000e+00
100.72000000	0.00000000e+00	0.00000000e+00	0.00000000e+00
100.74000000	0.00000000e+00	0.00000000e+00	0.00000000e+00
100.76000000	0.00000000e+00	0.00000000e+00	0.00000000e+00
100.78000000	0.00000000e+00	0.00000000e+00	0.00000000e+00
100.80000000	0.00000000e+00	0.00000000e+00	0.00000000e+00
100.82000000	0.00000000e+00	0.00000000e+00	0.00000000e+00
100.84000000	0.00000000e+00	0.00000000e+00	0.00000000e+00
100.86000000	0.00000000e+00	0.00000000e+00	0.00000000e+00
100.88000000	0.00000000e+00	0.00000000e+00	0.00000000e+00
100.90000000	0.00000000e+00	0.00000000e+00	0.00000000e+00
100.92000000	0.00000000e+00	0.00000000e+00	0.00000000e+00
100.94000000	0.00000000e+00	0.00000000e+00	0.00000000e+00
100.96000000	0.00000000e+00	0.00000000e+00	0.00000000e+00
100.98000000	0.00000000e+00	0.00000000e+00	0.00000000e+00
101.00000000	0.00000000e+00	0.00000000e+00	0.00000000e+00
101.02000000	0.00000000e+00	0.00000000e+00	0.00000000e+00
101.04000000	0.00000000e+00	0.00000000e+00	0.00000000e+00
101.06000000	0.00000000e+00	0.00000000e+00	0.00000000e+00
101.08000000	0.00000000e+00	0.00000000e+00	0.00000000e+00
101.10000000	0.00000000e+00	0.00000000e+00	0.00000000e+00
101.12000000	0.00000000e+00	0.00000000e+00	0.00000000e+00
101.14000000	0.00000000e+00	0.00000000e+00	0.00000000e+00
101.16000000	0.00000000e+00	0.00000000e+00	0.00000000e+00
101.18000000	0.00000000e+00	0.00000000e+00	0.00000000e+00
101.20000000	0.00000000e+00	0.00000000e+00	0.00000000e+00
101.22000000	0.00000000e+00	0.00000000e+00	0.00000000e+00
101.24000000	0.00000000e+00	0.00000000e+00	0.00000000e+00
101.26000000	0.00000000e+00	0.00000000e+00	0.00000000e+00
101.28000000	0.00000000e+00	0.00000000e+00	0.00000000e+00
101.30000000	0.00000000e+00	0.00000000e+00	0.00000000e+00
101.32000000	0.00000000e+00	0.00000000e+00	0.00000000e+00
101.34000000	0.00000000e+00	0.00000000e+00	0.00000000e+00
101.36000000	0.00000000e+00	0.00000000e+00	0.00000000e+00
101.38000000	0.00000000e+00	0.00000000e+00	0.00000000e+00
101.40000000	0.00000000e+00	0.00000000e+00	0.00000000e+00
101.42000000	0.00000000e+00	0.00000000e+00	0.00000000e+00
101.44000000	0.00000000e+00	0.00000000e+00	0.00000000e+00
101.46000000	0.00000000e+00	0.00000000e+00	0.00000000e+00
101.48000000	0.00000000e+00	0.00000000e+00	0.00000000e+00
101.50000000	0.00000000e+00	0.00000000e+00	0.00000000e+00
101.52000000	0.00000000e+00	0.00000000e+00	0.00000000e+00
101.54000000	0.00000000e+00	0.00000000e+00	0.00000000e+00
101.56000000	0.00000000e+00	0.00000000e+00	0.00000000e+00
101.58000000	0.00000000e+00	0.00000000e+00	0.00000000e+00
101.60000000	0.00000000e+00	0.00000000e+00	0.00000000e+00
101.62000000	0.00000000e+00	0.00000000e+00	0.00000000e+00
101.64000000	0.00000000e+00	0.00000000e+00	0.00000000e+00
101.66000000	0.00000000e+00	0.00000000e+00	0.00000000e+00
101.68000000	0.00000000e+00	0.00000000e+00	0.00000000e+00
101.70000000	0.00000000e+00	0.00000000e+00	0.00000000e+00
101.72000000	0.00000000e+00	0.00000000e+00	0.00000000e+00
101.74000000	0.00000000e+00	0.00000000e+00	0.00000000e+00
101.76000000	0.00000000e+00	0.00000000e+00	0.00000000e+00
101.78000000	0.00000000e+00	0.00000000e+00	0.00000000e+00
101.80000000	0.00000000e+00	0.00000000e+00	0.00000000e+00
101.82000000	0.00000000e+00	0.00000000e+00	0.00000000e+00
101.84000000	0.00000000e+00	0.00000000e+00	0.00000000e+00
101.86000000	0.00000000e+00	0.00000000e+00	0.00000000e+00
101.88000000	0.00000000e+00	0.00000000e+00	0.00000000e+00
101.90000000	0.00000000e+00	0.00000000e+00	0.00000000e+00
101.92000000	0.00000000e+00	0.00000000e+00	0.00000000e+00
101.94000000	0.00000000e+00	0.00000000e+00	0.00000000e+00
101.96000000	0.00000000e+00	0.00000000e+00	0.00000000e+00
101.98000000	0.00000000e+00	0.00000000e+00	0.00000000e+00
102.00000000	0.00000000e+00	0.00000000e+00	0.00000000e+00
102.02000000	0.00000000e+00	0.00000000e+00	0.00000000e+00
102.04000000	0.00000000e+00	0.00000000e+00	0.00000000e+00
102.06000000	0.00000000e+00	0.00000000e+00	0.00000000e+00
102.08000000	0.00000000e+00	0.00000000e+00	0.00000000e+00
102.10000000	0.00000000e+00	0.00000000e+00	0.00000000e+00
102.12000000	0.00000000e+00	0.00000000e+00	0.00000000e+00
102.14000000	0.00000000e+00	0.00000000e+00	0.00000000e+00
102.16000000	0.00000000e+00	0.00000000e+00	0.00000000e+00
102.18000000	0.00000000e+00	0.00000000e+00	0.00000000e+00
102.20000000	0.00000000e+00	0.00000000e+00	0.00000000e+00
102.22000000	0.00000000e+00	0.00000000e+00	0.00000000e+00
102.24000000	0.00000000e+00	0.00000000e+00	0.00000000e+00
102.26000000	0.00000000e+00	0.00000000e+00	0.00000000e+00
102.28000000	0.00000000e+00	0.00000000e+00	0.00000000e+00
102.30000000	0.00000000e+00	0.00000000e+00	0.00000000e+00
102.32000000	0.00000000e+00	0.00000000e+00	0.00000000e+00
102.34000000	0.00000000e+00	0.00000000e+00	0.00000000e+00
102.36000000	0.00000000e+00	0.00000000e+00	0.00000000e+00
102.38000000	0.00000000e+00	0.00000000e+00	0.00000000e+00
102.40000000	0.00000000e+00	0.00000000e+00	0.00000000e+00
102.42000000	0.00000000e+00	0.00000000e+00	0.00000000e+00
102.44000000	0.00000000e+00	0.00000000e+00	0.00000000e+00
102.46000000	0.00000000e+00	0.00000000e+00	0.00000000e+00
102.48000000	0.00000000e+00	0.00000000e+00	0.00000000e+00
102.50000000	0.00000000e+00	0.00000000e+00	0.00000000e+00
102.52000000	0.00000000e+00	0.00000000e+00	0.00000000e+00
102.54000000	0.00000000e+00	0.00000000e+00	0.00000000e+00
102.56000000	0.00000000e+00	0.00000000e+00	0.00000000e+00
102.58000000	0.00000000e+00	0.00000000e+00	0.00000000e+00
102.60000000	0.00000000e+00	0.00000000e+00	0.00000000e+00
102.62000000	0.00000000e+00	0.00000000e+00	0.00000000e+00
102.64000000	0.00000000e+00	0.00000000e+00	0.00000000e+00
102.66000000	0.00000000e+00	0.00000000e+00	0.00000000e+00
102.68000000	0.00000000e+00	0.00000000e+00	0.00000000e+00
102.70000000	0.00000000e+00	0.00000000e+00	0.00000000e+00
102.72000000	0.00000000e+00	0.00000000e+00	0.00000000e+00
102.74000000	0.00000000e+00	0.00000000e+00	0.00000000e+00
102.76000000	0.00000000e+00	0.00000000e+00	0.00000000e+00
102.78000000	0.00000000e+00	0.00000000e+00	0.00000000e+00
102.80000000	0.00000000e+00	0.00000000e+00	0.00000000e+00
102.82000000	0.00000000e+00	0.00000000e+00	0.00000000e+00
102.84000000	0.00000000e+00	0.00000000e+00	0.00000000e+00
102.86000000	0.00000000e+00	0.00000000e+00	0.00000000e+00
102.88000000	0.00000000e+00	0.00000000e+00	0.00000000e+00
102.90000000	0.00000000e+00	0.00000000e+00	0.00000000e+00
102.92000000	0.00000000e+00	0.00000000e+00	0.00000000e+00
102.94000000	0.00000000e+00	0.00000000e+00	0.00000000e+00
102.96000000	0.00000000e+00	0.00000000e+00	0.00000000e+00
102.98000000	0.00000000e+00	0.00000000e+00	0.00000000e+00
103.00000000	0.00000000e+00	0.00000000e+00	0.00000000e+00
103.02000000	0.00000000e+00	0.00000000e+00	0.00000000e+00
103.04000000	0.00000000e+00	0.00000000e+00	0.00000000e+00
103.06000000	0.00000000e+00	0.00000000e+00	0.00000000e+00
103.08000000	0.00000000e+00	0.00000000e+00	0.00000000e+00
103.10000000	0.00000000e+00	0.00000000e+00	0.00000000e+00
103.12000000	0.00000000e+00	0.00000000e+00	0.00000000e+00
103.14000000	0.00000000e+00	0.00000000e+00	0.00000000e+00
103.16000000	0.00000000e+00	0.00000000e+00	0.00000000e+00
103.18000000	0.00000000e+00	0.00000000e+00	0.00000000e+00
103.20000000	0.00000000e+00	0.00000000e+00	0.00000000e+00
103.22000000	0.00000000e+00	0.00000000e+00	0.00000000e+00
103.24000000	0.00000000e+00	0.00000000e+00	0.00000000e+00
103.26000000	0.00000000e+00	0.00000000e+00	0.00000000e+00
103.28000000	0.00000000e+00	0.00000000e+00	0.00000000e+00
103.30000000	0.00000000e+00	0.00000000e+00	0.00000000e+00
103.32000000	0.00000000e+00	0.00000000e+00	0.00000000e+00
103.34000000	0.00000000e+00	0.00000000e+00	0.00000000e+00
103.36000000	0.00000000e+00	0.00000000e+00	0.00000000e+00
103.38000000	0.00000000e+00	0.00000000e+00	0.00000000e+00
103.40000000	0.00000000e+00	0.00000000e+00	0.00000000e+00
103.42000000	0.00000000e+00	0.00000000e+00	0.00000000e+00
103.44000000	0.00000000e+00	0.00000000e+00	0.00000000e+00
103.46000000	0.00000000e+00	0.00000000e+00	0.00000000e+00
103.48000000	0.00000000e+00	0.00000000e+00	0.00000000e+00
103.50000000	0.00000000e+00	0.00000000e+00	0.00000000e+00
103.52000000	0.00000000e+00	0.00000000e+00	0.00000000e+00
103.54000000	0.00000000e+00	0.00000000e+00	0.00000000e+00
103.56000000	0.00000000e+00	0.00000000e+00	0.00000000e+00
103.58000000	0.00000000e+00	0.00000000e+00	0.00000000e+00
103.60000000	0.00000000e+00	0.00000000e+00	0.00000000e+00
103.62000000	0.00000000e+00	0.00000000e+00	0.00000000e+00
103.64000000	0.00000000e+00	0.00000000e+00	0.00000000e+00
103.66000000	0.00000000e+00	0.00000000e+00	0.00000000e+00
103.68000000	0.00000000e+00	0.00000000e+00	0.00000000e+00
103.70000000	0.00000000e+00	0.00000000e+00	0.00000000e+00
103.72000000	0.00000000e+00	0.00000000e+00	0.00000000e+00
103.74000000	0.00000000e+00	0.00000000e+00	0.00000000e+00
103.76000000	0.00000000e+00	0.00000000e+00	0.00000000e+00
103.78000000	0.00000000e+00	0.00000000e+00	0.00000000e+00
103.80000000	0.00000000e+00	0.00000000e+00	0.00000000e+00
103.82000000	0.00000000e+00	0.00000000e+00	0.00000000e+00
103.84000000	0.00000000e+00	0.00000000e+00	0.00000000e+00
103.86000000	0.00000000e+00	0.00000000e+00	0.00000000e+00
103.88000000	0.00000000e+00	0.00000000e+00	0.00000000e+00
103.90000000	0.00000000e+00	0.00000000e+00	0.00000000e+00
103.92000000	0.00000000e+00	0.00000000e+00	0.00000000e+00
103.94000000	0.00000000e+00	0.00000000e+00	0.00000000e+00
103.96000000	0.00000000e+00	0.00000000e+00	0.00000000e+00
103.98000000	0.00000000e+00	0.00000000e+00	0.00000000e+00
104.00000000	0.00000000e+00	0.00000000e+00	0.00000000e+00
104.02000000	0.00000000e+00	0.00000000e+00	0.00000000e+00
104.04000000	0.00000000e+00	0.00000000e+00	0.00000000e+00
104.06000000	0.00000000e+00	0.00000000e+00	0.00000000e+00
104.08000000	0.00000000e+00	0.00000000e+00	0.00000000e+00
104.10000000	0.00000000e+00	0.00000000e+00	0.00000000e+00
104.12000000	0.00000000e+00	0.00000000e+00	0.00000000e+00
104.14000000	0.00000000e+00	0.00000000e+00	0.00000000e+00
104.16000000	0.00000000e+00	0.00000000e+00	0.00000000e+00
104.18000000	0.00000000e+00	0.00000000e+00	0.00000000e+00
104.20000000	0.00000000e+00	0.00000000e+00	0.00000000e+00
104.22000000	0.00000000e+00	0.00000000e+00	0.00000000e+00
104.24000000	0.00000000e+00	0.00000000e+00	0.00000000e+00
104.26000000	0.00000000e+00	0.00000000e+00	0.00000000e+00
104.28000000	0.00000000e+00	0.00000000e+00	0.00000000e+00
104.30000000	0.00000000e+00	0.00000000e+00	0.00000000e+00
104.32000000	0.00000000e+00	0.00000000e+00	0.00000000e+00
104.34000000	0.00000000e+00	0.00000000e+00	0.00000000e+00
104.36000000	0.00000000e+00	0.00000000e+00	0.00000000e+00
104.38000000	0.00000000e+00	0.00000000e+00	0.00000000e+00
104.40000000	0.00000000e+00	0.00000000e+00	0.00000000e+00
104.42000000	0.00000000e+00	0.00000000e+00	0.00000000e+00
104.44000000	0.00000000e+00	0.00000000e+00	0.00000000e+00
104.46000000	0.00000000e+00	0.00000000e+00	0.00000000e+00
104.48000000	0.00000000e+00	0.00000000e+00	0.00000000e+00
104.50000000	0.00000000e+00	0.00000000e+00	0.00000000e+00
104.52000000	0.00000000e+00	0.00000000e+00	0.00000000e+00
104.54000000	0.00000000e+00	0.00000000e+00	0.00000000e+00
104.56000000	0.00000000e+00	0.00000000e+00	0.00000000e+00
104.58000000	0.00000000e+00	0.00000000e+00	0.00000000e+00
104.60000000	0.00000000e+00	0.00000000e+00	0.00000000e+00
104.62000000	0.00000000e+00	0.00000000e+00	0.00000000e+00
104.64000000	0.00000000e+00	0.00000000e+00	0.00000000e+00
104.66000000	0.00000000e+00	0.00000000e+00	0.00000000e+00
104.68000000	0.00000000e+00	0.00000000e+00	0.00000000e+00
104.70000000	0.00000000e+00	0.00000000e+00	0.00000000e+00
104.72000000	0.00000000e+00	0.00000000e+00	0.00000000e+00
104.74000000	0.00000000e+00	0.00000000e+00	0.00000000e+00
104.76000000	0.00000000e+00	0.00000000e+00	0.00000000e+00
104.78000000	0.00000000e+00	0.00000000e+00	0.00000000e+00
104.80000000	0.00000000e+00	0.00000000e+00	0.00000000e+00
104.82000000	0.00000000e+00	0.00000000e+00	0.00000000e+00
104.84000000	0.00000000e+00	0.00000000e+00	0.00000000e+00
104.86000000	0.00000000e+00	0.00000000e+00	0.00000000e+00
104.88000000	0.00000000e+00	0.00000000e+00	0.00000000e+00
104.90000000	0.00000000e+00	0.00000000e+00	0.00000000e+00
104.92000000	0.00000000e+00	0.00000000e+00	0.00000000e+00
104.94000000	0.00000000e+00	0.00000000e+00	0.00000000e+00
104.96000000	0.00000000e+00	0.00000000e+00	0.00000000e+00
104.98000000	0.00000000e+00	0.00000000e+00	0.00000000e+00
105.00000000	0.00000000e+00	0.00000000e+00	0.00000000e+00
105.02000000	0.00000000e+00	0.00000000e+00	0.00000000e+00
105.04000000	0.00000000e+00	0.00000000e+00	0.00000000e+00
105.06000000	0.00000000e+00	0.00000000e+00	0.00000000e+00
105.08000000	0.00000000e+00	0.00000000e+00	0.00000000e+00
105.10000000	0.00000000e+00	0.00000000e+00	0.00000000e+00
105.12000000	0.00000000e+00	0.00000000e+00	0.00000000e+00
105.14000000	0.00000000e+00	0.00000000e+00	0.00000000e+00
105.16000000	0.00000000e+00	0.00000000e+00	0.00000000e+00
105.18000000	0.00000000e+00	0.00000000e+00	0.00000000e+00
105.20000000	0.00000000e+00	0.00000000e+00	0.00000000e+00
105.22000000	0.00000000e+00	0.00000000e+00	0.00000000e+00
105.24000000	0.00000000e+00	0.00000000e+00	0.00000000e+00
105.26000000	0.00000000e+00	0.00000000e+00	0.00000000e+00
105.28000000	0.00000000e+00	0.00000000e+00	0.00000000e+00
105.30000000	0.00000000e+00	0.00000000e+00	0.00000000e+00
105.32000000	0.00000000e+00	0.00000000e+00	0.00000000e+00
105.34000000	0.00000000e+00	0.00000000e+00	0.00000000e+00
105.36000000	0.00000000e+00	0.00000000e+00	0.00000000e+00
105.38000000	0.00000000e+00	0.00000000e+00	0.00000000e+00
105.40000000	0.00000000e+00	0.00000000e+00	0.00000000e+00
105.42000000	0.00000000e+00	0.00000000e+00	0.00000000e+00
105.44000000	0.00000000e+00	0.00000000e+00	0.00000000e+00
105.46000000	0.00000000e+00	0.00000000e+00	0.00000000e+00
105.48000000	0.00000000e+00	0.00000000e+00	0.00000000e+00
105.50000000	0.00000000e+00	0.00000000e+00	0.00000000e+00
105.52000000	0.00000000e+00	0.00000000e+00	0.00000000e+00
105.54000000	0.00000000e+00	0.00000000e+00	0.00000000e+00
105.56000000	0.00000000e+00	0.00000000e+00	0.00000000e+00
105.58000000	0.00000000e+00	0.00000000e+00	0.00000000e+00
105.60000000	0.00000000e+00	0.00000000e+00	0.00000000e+00
105.62000000	0.00000000e+00	0.00000000e+00	0.00000000e+00
105.64000000	0.00000000e+00	0.00000000e+00	0.00000000e+00
105.66000000	0.00000000e+00	0.00000000e+00	0.00000000e+00
105.68000000	0.00000000e+00	0.00000000e+00	0.00000000e+00
105.70000000	0.00000000e+00	0.00000000e+00	0.00000000e+00
105.72000000	0.00000000e+00	0.00000000e+00	0.00000000e+00
105.74000000	0.00000000e+00	0.00000000e+00	0.00000000e+00
105.76000000	0.00000000e+00	0.00000000e+00	0.00000000e+00
105.78000000	0.00000000e+00	0.00000000e+00	0.00000000e+00
105.80000000	0.00000000e+00	0.00000000e+00	0.00000000e+00
105.82000000	0.00000000e+00	0.00000000e+00	0.00000000e+00
105.84000000	0.00000000e+00	0.00000000e+00	0.00000000e+00
105.86000000	0.00000000e+00	0.00000000e+00	0.00000000e+00
105.88000000	0.00000000e+00	0.00000000e+00	0.00000000e+00
105.90000000	0.00000000e+00	0.00000000e+00	0.00000000e+00
105.92000000	0.00000000e+00	0.00000000e+00	0.00000000e+00
105.94000000	0.00000000e+00	0.00000000e+00	0.00000000e+00
105.96000000	0.00000000e+00	0.00000000e+00	0.00000000e+00
105.98000000	0.00000000e+00	0.00000000e+00	0.00000000e+00
106.00000000	0.00000000e+00	0.00000000e+00	0.00000000e+00
106.02000000	0.00000000e+00	0.00000000e+00	0.00000000e+00
106.04000000	0.00000000e+00	0.00000000e+00	0.00000000e+00
106.06000000	0.00000000e+00	0.00000000e+00	0.00000000e+00
106.08000000	0.00000000e+00	0.00000000e+00	0.00000000e+00
106.10000000	0.00000000e+00	0.00000000e+00	0.00000000e+00
106.12000000	0.00000000e+00	0.00000000e+00	0.00000000e+00
106.14000000	0.00000000e+00	0.00000000e+00	0.00000000e+00
106.16000000	0.00000000e+00	0.00000000e+00	0.00000000e+00
106.18000000	0.00000000e+00	0.00000000e+00	0.00000000e+00
106.20000000	0.00000000e+00	0.00000000e+00	0.00000000e+00
106.22000000	0.00000000e+00	0.00000000e+00	0.00000000e+00
106.24000000	0.00000000e+00	0.00000000e+00	0.00000000e+00
106.26000000	0.00000000e+00	0.00000000e+00	0.00000000e+00
106.28000000	0.00000000e+00	0.00000000e+00	0.00000000e+00
106.30000000	0.00000000e+00	0.00000000e+00	0.00000000e+00
106.32000000	0.00000000e+00	0.00000000e+00	0.00000000e+00
106.34000000	0.00000000e+00	0.00000000e+00	0.00000000e+00
106.36000000	0.00000000e+00	0.00000000e+00	0.00000000e+00
106.38000000	0.00000000e+00	0.00000000e+00	0.00000000e+00
106.40000000	0.00000000e+00	0.00000000e+00	0.00000000e+00
106.42000000	0.00000000e+00	0.00000000e+00	0.00000000e+00
106.44000000	0.00000000e+00	0.00000000e+00	0.00000000e+00
106.46000000	0.00000000e+00	0.00000000e+00	0.00000000e+00
106.48000000	0.00000000e+00	0.00000000e+00	0.00000000e+00
106.50000000	0.00000000e+00	0.00000000e+00	0.00000000e+00
106.52000000	0.00000000e+00	0.00000000e+00	0.00000000e+00
106.54000000	0.00000000e+00	0.00000000e+00	0.00000000e+00
106.56000000	0.00000000e+00	0.00000000e+00	0.00000000e+00
106.58000000	0.00000000e+00	0.00000000e+00	0.00000000e+00
106.60000000	0.00000000e+00	0.00000000e+00	0.00000000e+00
106.62000000	0.00000000e+00	0.00000000e+00	0.00000000e+00
106.64000000	0.00000000e+00	0.00000000e+00	0.00000000e+00
106.66000000	0.00000000e+00	0.00000000e+00	0.00000000e+00
106.68000000	0.00000000e+00	0.00000000e+00	0.00000000e+00
106.70000000	0.00000000e+00	0.00000000e+00	0.00000000e+00
106.72000000	0.00000000e+00	0.00000000e+00	0.00000000e+00
106.74000000	0.00000000e+00	0.00000000e+00	0.00000000e+00
106.76000000	0.00000000e+00	0.00000000e+00	0.00000000e+00
106.78000000	0.00000000e+00	0.00000000e+00	0.00000000e+00
106.80000000	0.00000000e+00	0.00000000e+00	0.00000000e+00
106.82000000	0.00000000e+00	0.00000000e+00	0.00000000e+00
106.84000000	0.00000000e+00	0.00000000e+00	0.00000000e+00
106.86000000	0.00000000e+00	0.00000000e+00	0.00000000e+00
106.88000000	0.00000000e+00	0.00000000e+00	0.00000000e+00
106.90000000	0.00000000e+00	0.00000000e+00	0.00000000e+00
106.92000000	0.00000000e+00	0.00000000e+00	0.00000000e+00
106.94000000	0.00000000e+00	0.00000000e+00	0.00000000e+00
106.96000000	0.00000000e+00	0.00000000e+00	0.00000000e+00
106.98000000	0.00000000e+00	0.00000000e+00	0.00000000e+00
107.00000000	0.00000000e+00	0.00000000e+00	0.00000000e+00
107.02000000	0.00000000e+00	0.00000000e+00	0.00000000e+00
107.04000000	0.00000000e+00	0.00000000e+00	0.00000000e+00
107.06000000	0.00000000e+00	0.00000000e+00	0.00000000e+00
107.08000000	0.00000000e+00	0.00000000e+00	0.00000000e+00
107.10000000	0.00000000e+00	0.00000000e+00	0.00000000e+00
107.12000000	0.00000000e+00	0.00000000e+00	0.00000000e+00
107.14000000	0.00000000e+00	0.00000000e+00	0.00000000e+00
107.16000000	0.00000000e+00	0.00000000e+00	0.00000000e+00
107.18000000	0.00000000e+00	0.00000000e+00	0.00000000e+00
107.20000000	0.00000000e+00	0.00000000e+00	0.00000000e+00
107.22000000	0.00000000e+00	0.00000000e+00	0.00000000e+00
107.24000000	0.00000000e+00	0.00000000e+00	0.00000000e+00
107.26000000	0.00000000e+00	0.00000000e+00	0.00000000e+00
107.28000000	0.00000000e+00	0.00000000e+00	0.00000000e+00
107.30000000	0.00000000e+00	0.00000000e+00	0.00000000e+00
107.32000000	0.00000000e+00	0.00000000e+00	0.00000000e+00
107.34000000	0.00000000e+00	0.00000000e+00	0.00000000e+00
107.36000000	0.00000000e+00	0.00000000e+00	0.00000000e+00
107.38000000	0.00000000e+00	0.00000000e+00	0.00000000e+00
107.40000000	0.00000000e+00	0.00000000e+00	0.00000000e+00
107.42000000	0.00000000e+00	0.00000000e+00	0.00000000e+00
107.44000000	0.00000000e+00	0.00000000e+00	0.00000000e+00
107.46000000	0.00000000e+00	0.00000000e+00	0.00000000e+00
107.48000000	0.00000000e+00	0.00000000e+00	0.00000000e+00
107.50000000	0.00000000e+00	0.00000000e+00	0.00000000e+00
107.52000000	0.00000000e+00	0.00000000e+00	0.00000000e+00
107.54000000	0.00000000e+00	0.00000000e+00	0.00000000e+00
107.56000000	0.00000000e+00	0.00000000e+00	0.00000000e+00
107.58000000	0.00000000e+00	0.00000000e+00	0.00000000e+00
107.60000000	0.00000000e+00	0.00000000e+00	0.00000000e+00
107.62000000	0.00000000e+00	0.00000000e+00	0.00000000e+00
107.64000000	0.00000000e+00	0.00000000e+00	0.00000000e+00
107.66000000	0.00000000e+00	0.00000000e+00	0.00000000e+00
107.68000000	0.00000000e+00	0.00000000e+00	0.00000000e+00
107.70000000	0.00000000e+00	0.00000000e+00	0.00000000e+00
107.72000000	0.00000000e+00	0.00000000e+00	0.00000000e+00
107.74000000	0.00000000e+00	0.00000000e+00	0.00000000e+00
107.76000000	0.00000000e+00	0.00000000e+00	0.00000000e+00
107.78000000	0.00000000e+00	0.00000000e+00	0.00000000e+00
107.80000000	0.00000000e+00	0.00000000e+00	0.00000000e+00
107.82000000	0.00000000e+00	0.00000000e+00	0.00000000e+00
107.84000000	0.00000000e+00	0.00000000e+00	0.00000000e+00
107.86000000	0.00000000e+00	0.00000000e+00	0.00000000e+00
107.88000000	0.00000000e+00	0.00000000e+00	0.00000000e+00
107.90000000	0.00000000e+00	0.00000000e+00	0.00000000e+00
107.92000000	0.00000000e+00	0.00000000e+00	0.00000000e+00
107.94000000	0.00000000e+00	0.00000000e+00	0.00000000e+00
107.96000000	0.00000000e+00	0.00000000e+00	0.00000000e+00
107.98000000	0.00000000e+00	0.00000000e+00	0.00000000e+00
108.00000000	0.00000000e+00	0.00000000e+00	0.00000000e+00
108.02000000	0.00000000e+00	0.00000000e+00	0.00000000e+00
108.04000000	0.00000000e+00	0.00000000e+00	0.00000000e+00
108.06000000	0.00000000e+00	0.00000000e+00	0.00000000e+00
108.08000000	0.00000000e+00	0.00000000e+00	0.00000000e+00
108.10000000	0.00000000e+00	0.00000000e+00	0.00000000e+00
108.12000000	0.00000000e+00	0.00000000e+00	0.00000000e+00
108.14000000	0.00000000e+00	0.00000000e+00	0.00000000e+00
108.16000000	0.00000000e+00	0.00000000e+00	0.00000000e+00
108.18000000	0.00000000e+00	0.00000000e+00	0.00000000e+00
108.20000000	0.00000000e+00	0.00000000e+00	0.00000000e+00
108.22000000	0.00000000e+00	0.00000000e+00	0.00000000e+00
108.24000000	0.00000000e+00	0.00000000e+00	0.00000000e+00
108.26000000	0.00000000e+00	0.00000000e+00	0.00000000e+00
108.28000000	0.00000000e+00	0.00000000e+00	0.00000000e+00
108.30000000	0.00000000e+00	0.00000000e+00	0.00000000e+00
108.32000000	0.00000000e+00	0.00000000e+00	0.00000000e+00
108.34000000	0.00000000e+00	0.00000000e+00	0.00000000e+00
108.36000000	0.00000000e+00	0.00000000e+00	0.00000000e+00
108.38000000	0.00000000e+00	0.00000000e+00	0.00000000e+00
108.40000000	0.00000000e+00	0.00000000e+00	0.00000000e+00
108.42000000	0.00000000e+00	0.00000000e+00	0.00000000e+00
108.44000000	0.00000000e+00	0.00000000e+00	0.00000000e+00
108.46000000	0.00000000e+00	0.00000000e+00	0.00000000e+00
108.48000000	0.00000000e+00	0.00000000e+00	0.00000000e+00
108.50000000	0.00000000e+00	0.00000000e+00	0.00000000e+00
108.52000000	0.00000000e+00	0.00000000e+00	0.00000000e+00
108.54000000	0.00000000e+00	0.00000000e+00	0.00000000e+00
108.56000000	0.00000000e+00	0.00000000e+00	0.00000000e+00
108.58000000	0.00000000e+00	0.00000000e+00	0.00000000e+00
108.60000000	0.00000000e+00	0.00000000e+00	0.00000000e+00
108.62000000	0.00000000e+00	0.00000000e+00	0.00000000e+00
108.64000000	0.00000000e+00	0.00000000e+00	0.00000000e+00
108.66000000	0.00000000e+00	0.00000000e+00	0.00000000e+00
108.68000000	0.00000000e+00	0.00000000e+00	0.00000000e+00
108.70000000	0.00000000e+00	0.00000000e+00	0.00000000e+00
108.72000000	0.00000000e+00	0.00000000e+00	0.00000000e+00
108.74000000	0.00000000e+00	0.00000000e+00	0.00000000e+00
108.76000000	0.00000000e+00	0.00000000e+00	0.00000000e+00
108.78000000	0.00000000e+00	0.00000000e+00	0.00000000e+00
108.80000000	0.00000000e+00	0.00000000e+00	0.00000000e+00
108.82000000	0.00000000e+00	0.00000000e+00	0.00000000e+00
108.84000000	0.00000000e+00	0.00000000e+00	0.00000000e+00
108.86000000	0.00000000e+00	0.00000000e+00	0.00000000e+00
108.88000000	0.00000000e+00	0.00000000e+00	0.00000000e+00
108.90000000	0.00000000e+00	0.00000000e+00	0.00000000e+00
108.92000000	0.00000000e+00	0.00000000e+00	0.00000000e+00
108.94000000	0.00000000e+00	0.00000000e+00	0.00000000e+00
108.96000000	0.00000000e+00	0.00000000e+00	0.00000000e+00
108.98000000	0.00000000e+00	0.00000000e+00	0.00000000e+00
109.00000000	0.00000000e+00	0.00000000e+00	0.00000000e+00
109.02000000	0.00000000e+00	0.00000000e+00	0.00000000e+00
109.04000000	0.00000000e+00	0.00000000e+00	0.00000000e+00
109.06000000	0.00000000e+00	0.00000000e+00	0.00000000e+00
109.08000000	0.00000000e+00	0.00000000e+00	0.00000000e+00
109.10000000	0.00000000e+00	0.00000000e+00	0.00000000e+00
109.12000000	0.00000000e+00	0.00000000e+00	0.00000000e+00
109.14000000	0.00000000e+00	0.00000000e+00	0.00000000e+00
109.16000000	0.00000000e+00	0.00000000e+00	0.00000000e+00
109.18000000	0.00000000e+00	0.00000000e+00	0.00000000e+00
109.20000000	0.00000000e+00	0.00000000e+00	0.00000000e+00
109.22000000	0.00000000e+00	0.00000000e+00	0.00000000e+00
109.24000000	0.00000000e+00	0.00000000e+00	0.00000000e+00
109.26000000	0.00000000e+00	0.00000000e+00	0.00000000e+00
109.28000000	0.00000000e+00	0.00000000e+00	0.00000000e+00
109.30000000	0.00000000e+00	0.00000000e+00	0.00000000e+00
109.32000000	0.00000000e+00	0.00000000e+00	0.00000000e+00
109.34000000	0.00000000e+00	0.00000000e+00	0.00000000e+00
109.36000000	0.00000000e+00	0.00000000e+00	0.00000000e+00
109.38000000	0.00000000e+00	0.00000000e+00	0.00000000e+00
109.40000000	0.00000000e+00	0.00000000e+00	0.00000000e+00
109.42000000	0.00000000e+00	0.00000000e+00	0.00000000e+00
109.44000000	0.00000000e+00	0.00000000e+00	0.00000000e+00
109.46000000	0.00000000e+00	0.00000000e+00	0.00000000e+00
109.48000000	0.00000000e+00	0.00000000e+00	0.00000000e+00
109.50000000	0.00000000e+00	0.00000000e+00	0.00000000e+00
109.52000000	0.00000000e+00	0.00000000e+00	0.00000000e+00
109.54000000	0.00000000e+00	0.00000000e+00	0.00000000e+00
109.56000000	0.00000000e+00	0.00000000e+00	0.00000000e+00
109.58000000	0.00000000e+00	0.00000000e+00	0.00000000e+00
109.60000000	0.00000000e+00	0.00000000e+00	0.00000000e+00
109.62000000	0.00000000e+00	0.00000000e+00	0.00000000e+00
109.64000000	0.00000000e+00	0.00000000e+00	0.00000000e+00
109.66000000	0.00000000e+00	0.00000000e+00	0.00000000e+00
109.68000000	0.00000000e+00	0.00000000e+00	0.00000000e+00
109.70000000	0.00000000e+00	0.00000000e+00	0.00000000e+00
109.72000000	0.00000000e+00	0.00000000e+00	0.00000000e+00
109.74000000	0.00000000e+00	0.00000000e+00	0.00000000e+00
109.76000000	0.00000000e+00	0.00000000e+00	0.00000000e+00
109.78000000	0.00000000e+00	0.00000000e+00	0.00000000e+00
109.80000000	0.00000000e+00	0.00000000e+00	0.00000000e+00
109.82000000	0.00000000e+00	0.00000000e+00	0.00000000e+00
109.84000000	0.00000000e+00	0.00000000e+00	0.00000000e+00
109.86000000	0.00000000e+00	0.00000000e+00	0.00000000e+00
109.88000000	0.00000000e+00	0.00000000e+00	0.00000000e+00
109.90000000	0.00000000e+00	0.00000000e+00	0.00000000e+00
109.92000000	0.00000000e+00	0.00000000e+00	0.00000000e+00
109.94000000	0.00000000e+00	0.00000000e+00	0.00000000e+00
109.96000000	0.00000000e+00	0.00000000e+00	0.00000000e+00
109.98000000	0.00000000e+00	0.00000000e+00	0.00000000e+00
110.00000000	0.00000000e+00	0.00000000e+00	0.00000000e+00
110.02000000	0.00000000e+00	0.00000000e+00	0.00000000e+00
110.04000000	0.00000000e+00	0.00000000e+00	0.00000000e+00
110.06000000	0.00000000e+00	0.00000000e+00	0.00000000e+00
110.08000000	0.00000000e+00	0.00000000e+00	0.00000000e+00
110.10000000	0.00000000e+00	0.00000000e+00	0.00000000e+00
110.12000000	0.00000000e+00	0.00000000e+00	0.00000000e+00
110.14000000	0.00000000e+00	0.00000000e+00	0.00000000e+00
110.16000000	0.00000000e+00	0.00000000e+00	0.00000000e+00
110.18000000	0.00000000e+00	0.00000000e+00	0.00000000e+00
110.20000000	0.00000000e+00	0.00000000e+00	0.00000000e+00
110.22000000	0.00000000e+00	0.00000000e+00	0.00000000e+00
110.24000000	0.00000000e+00	0.00000000e+00	0.00000000e+00
110.26000000	0.00000000e+00	0.00000000e+00	0.00000000e+00
110.28000000	0.00000000e+00	0.00000000e+00	0.00000000e+00
110.30000000	0.00000000e+00	0.00000000e+00	0.00000000e+00
110.32000000	0.00000000e+00	0.00000000e+00	0.00000000e+00
110.34000000	0.00000000e+00	0.00000000e+00	0.00000000e+00
110.36000000	0.00000000e+00	0.00000000e+00	0.00000000e+00
110.38000000	0.00000000e+00	0.00000000e+00	0.00000000e+00
110.40000000	0.00000000e+00	0.00000000e+00	0.00000000e+00
110.42000000	0.00000000e+00	0.00000000e+00	0.00000000e+00
110.44000000	0.00000000e+00	0.00000000e+00	0.00000000e+00
110.46000000	0.00000000e+00	0.00000000e+00	0.00000000e+00
110.48000000	0.00000000e+00	0.00000000e+00	0.00000000e+00
110.50000000	0.00000000e+00	0.00000000e+00	0.00000000e+00
110.52000000	0.00000000e+00	0.00000000e+00	0.00000000e+00
110.54000000	0.00000000e+00	0.00000000e+00	0.00000000e+00
110.56000000	0.00000000e+00	0.00000000e+00	0.00000000e+00
110.58000000	0.00000000e+00	0.00000000e+00	0.00000000e+00
110.60000000	0.00000000e+00	0.00000000e+00	0.00000000e+00
110.62000000	0.00000000e+00	0.00000000e+00	0.00000000e+00
110.64000000	0.00000000e+00	0.00000000e+00	0.00000000e+00
110.66000000	0.00000000e+00	0.00000000e+00	0.00000000e+00
110.68000000	0.00000000e+00	0.00000000e+00	0.00000000e+00
110.70000000	0.00000000e+00	0.00000000e+00	0.00000000e+00
110.72000000	0.00000000e+00	0.00000000e+00	0.00000000e+00
110.74000000	0.00000000e+00	0.00000000e+00	0.00000000e+00
110.76000000	0.00000000e+00	0.00000000e+00	0.00000000e+00
110.78000000	0.00000000e+00	0.00000000e+00	0.00000000e+00
110.80000000	0.00000000e+00	0.00000000e+00	0.00000000e+00
110.82000000	0.00000000e+00	0.00000000e+00	0.00000000e+00
110.84000000	0.00000000e+00	0.00000000e+00	0.00000000e+00
110.86000000	0.00000000e+00	0.00000000e+00	0.00000000e+00
110.88000000	0.00000000e+00	0.00000000e+00	0.00000000e+00
110.90000000	0.00000000e+00	0.00000000e+00	0.00000000e+00
110.92000000	0.00000000e+00	0.00000000e+00	0.00000000e+00
110.94000000	0.00000000e+00	0.00000000e+00	0.00000000e+00
110.96000000	0.00000000e+00	0.00000000e+00	0.00000000e+00
110.98000000	0.00000000e+00	0.00000000e+00	0.00000000e+00
111.00000000	0.00000000e+00	0.00000000e+00	0.00000000e+00
111.02000000	0.00000000e+00	0.00000000e+00	0.00000000e+00
111.04000000	0.00000000e+00	0.00000000e+00	0.00000000e+00
111.06000000	0.00000000e+00	0.00000000e+00	0.00000000e+00
111.08000000	0.00000000e+00	0.00000000e+00	0.00000000e+00
111.10000000	0.00000000e+00	0.00000000e+00	0.00000000e+00
111.12000000	0.00000000e+00	0.00000000e+00	0.00000000e+00
111.14000000	0.00000000e+00	0.00000000e+00	0.00000000e+00
111.16000000	0.00000000e+00	0.00000000e+00	0.00000000e+00
111.18000000	0.00000000e+00	0.00000000e+00	0.00000000e+00
111.20000000	0.00000000e+00	0.00000000e+00	0.00000000e+00
111.22000000	0.00000000e+00	0.00000000e+00	0.00000000e+00
111.24000000	0.00000000e+00	0.00000000e+00	0.00000000e+00
111.26000000	0.00000000e+00	0.00000000e+00	0.00000000e+00
111.28000000	0.00000000e+00	0.00000000e+00	0.00000000e+00
111.30000000	0.00000000e+00	0.00000000e+00	0.00000000e+00
111.32000000	0.00000000e+00	0.00000000e+00	0.00000000e+00
111.34000000	0.00000000e+00	0.00000000e+00	0.00000000e+00
111.36000000	0.00000000e+00	0.00000000e+00	0.00000000e+00
111.38000000	0.00000000e+00	0.00000000e+00	0.00000000e+00
111.40000000	0.00000000e+00	0.00000000e+00	0.00000000e+00
111.42000000	0.00000000e+00	0.00000000e+00	0.00000000e+00
111.44000000	0.00000000e+00	0.00000000e+00	0.00000000e+00
111.46000000	0.00000000e+00	0.00000000e+00	0.00000000e+00
111.48000000	0.00000000e+00	0.00000000e+00	0.00000000e+00
111.50000000	0.00000000e+00	0.00000000e+00	0.00000000e+00
111.52000000	0.00000000e+00	0.00000000e+00	0.00000000e+00
111.54000000	0.00000000e+00	0.00000000e+00	0.00000000e+00
111.56000000	0.00000000e+00	0.00000000e+00	0.00000000e+00
111.58000000	0.00000000e+00	0.00000000e+00	0.00000000e+00
111.60000000	0.00000000e+00	0.00000000e+00	0.00000000e+00
111.62000000	0.00000000e+00	0.00000000e+00	0.00000000e+00
111.64000000	0.00000000e+00	0.00000000e+00	0.00000000e+00
111.66000000	0.00000000e+00	0.00000000e+00	0.00000000e+00
111.68000000	0.00000000e+00	0.00000000e+00	0.00000000e+00
111.70000000	0.00000000e+00	0.00000000e+00	0.00000000e+00
111.72000000	0.00000000e+00	0.00000000e+00	0.00000000e+00
111.74000000	0.00000000e+00	0.00000000e+00	0.00000000e+00
111.76000000	0.00000000e+00	0.00000000e+00	0.00000000e+00
111.78000000	0.00000000e+00	0.00000000e+00	0.00000000e+00
111.80000000	0.00000000e+00	0.00000000e+00	0.00000000e+00
111.82000000	0.00000000e+00	0.00000000e+00	0.00000000e+00
111.84000000	0.00000000e+00	0.00000000e+00	0.00000000e+00
111.86000000	0.00000000e+00	0.00000000e+00	0.00000000e+00
111.88000000	0.00000000e+00	0.00000000e+00	0.00000000e+00
111.90000000	0.00000000e+00	0.00000000e+00	0.00000000e+00
111.92000000	0.00000000e+00	0.00000000e+00	0.00000000e+00
111.94000000	0.00000000e+00	0.00000000e+00	0.00000000e+00
111.96000000	0.00000000e+00	0.00000000e+00	0.00000000e+00
111.98000000	0.00000000e+00	0.00000000e+00	0.00000000e+00
112.00000000	0.00000000e+00	0.00000000e+00	0.00000000e+00
112.02000000	0.00000000e+00	0.00000000e+00	0.00000000e+00
112.04000000	0.00000000e+00	0.00000000e+00	0.00000000e+00
112.06000000	0.00000000e+00	0.00000000e+00	0.00000000e+00
112.08000000	0.00000000e+00	0.00000000e+00	0.00000000e+00
112.10000000	0.00000000e+00	0.00000000e+00	0.00000000e+00
112.12000000	0.00000000e+00	0.00000000e+00	0.00000000e+00
112.14000000	0.00000000e+00	0.00000000e+00	0.00000000e+00
112.16000000	0.00000000e+00	0.00000000e+00	0.00000000e+00
112.18000000	0.00000000e+00	0.00000000e+00	0.00000000e+00
112.20000000	0.00000000e+00	0.00000000e+00	0.00000000e+00
112.22000000	0.00000000e+00	0.00000000e+00	0.00000000e+00
112.24000000	0.00000000e+00	0.00000000e+00	0.00000000e+00
112.26000000	0.00000000e+00	0.00000000e+00	0.00000000e+00
112.28000000	0.00000000e+00	0.00000000e+00	0.00000000e+00
112.30000000	0.00000000e+00	0.00000000e+00	0.00000000e+00
112.32000000	0.00000000e+00	0.00000000e+00	0.00000000e+00
112.34000000	0.00000000e+00	0.00000000e+00	0.00000000e+00
112.36000000	0.00000000e+00	0.00000000e+00	0.00000000e+00
112.38000000	0.00000000e+00	0.00000000e+00	0.00000000e+00
112.40000000	0.00000000e+00	0.00000000e+00	0.00000000e+00
112.42000000	0.00000000e+00	0.00000000e+00	0.00000000e+00
112.44000000	0.00000000e+00	0.00000000e+00	0.00000000e+00
112.46000000	0.00000000e+00	0.00000000e+00	0.00000000e+00
112.48000000	0.00000000e+00	0.00000000e+00	0.00000000e+00
112.50000000	0.00000000e+00	0.00000000e+00	0.00000000e+00
112.52000000	0.00000000e+00	0.00000000e+00	0.00000000e+00
112.54000000	0.00000000e+00	0.00000000e+00	0.00000000e+00
112.56000000	0.00000000e+00	0.00000000e+00	0.00000000e+00
112.58000000	0.00000000e+00	0.00000000e+00	0.00000000e+00
112.60000000	0.00000000e+00	0.00000000e+00	0.00000000e+00
112.62000000	0.00000000e+00	0.00000000e+00	0.00000000e+00
112.64000000	0.00000000e+00	0.00000000e+00	0.00000000e+00
112.66000000	0.00000000e+00	0.00000000e+00	0.00000000e+00
112.68000000	0.00000000e+00	0.00000000e+00	0.00000000e+00
112.70000000	0.00000000e+00	0.00000000e+00	0.00000000e+00
112.72000000	0.00000000e+00	0.00000000e+00	0.00000000e+00
112.74000000	0.00000000e+00	0.00000000e+00	0.00000000e+00
112.76000000	0.00000000e+00	0.00000000e+00	0.00000000e+00
112.78000000	0.00000000e+00	0.00000000e+00	0.00000000e+00
112.80000000	0.00000000e+00	0.00000000e+00	0.00000000e+00
112.82000000	0.00000000e+00	0.00000000e+00	0.00000000e+00
112.84000000	0.00000000e+00	0.00000000e+00	0.00000000e+00
112.86000000	0.00000000e+00	0.00000000e+00	0.00000000e+00
112.88000000	0.00000000e+00	0.00000000e+00	0.00000000e+00
112.90000000	0.00000000e+00	0.00000000e+00	0.00000000e+00
112.92000000	0.00000000e+00	0.00000000e+00	0.00000000e+00
112.94000000	0.00000000e+00	0.00000000e+00	0.00000000e+00
112.96000000	0.00000000e+00	0.00000000e+00	0.00000000e+00
112.98000000	0.00000000e+00	0.00000000e+00	0.00000000e+00
113.00000000	0.00000000e+00	0.00000000e+00	0.00000000e+00
113.02000000	0.00000000e+00	0.00000000e+00	0.00000000e+00
113.04000000	0.00000000e+00	0.00000000e+00	0.00000000e+00
113.06000000	0.00000000e+00	0.00000000e+00	0.00000000e+00
113.08000000	0.00000000e+00	0.00000000e+00	0.00000000e+00
113.10000000	0.00000000e+00	0.00000000e+00	0.00000000e+00
113.12000000	0.00000000e+00	0.00000000e+00	0.00000000e+00
113.14000000	0.00000000e+00	0.00000000e+00	0.00000000e+00
113.16000000	0.00000000e+00	0.00000000e+00	0.00000000e+00
113.18000000	0.00000000e+00	0.00000000e+00	0.00000000e+00
113.20000000	0.00000000e+00	0.00000000e+00	0.00000000e+00
113.22000000	0.00000000e+00	0.00000000e+00	0.00000000e+00
113.24000000	0.00000000e+00	0.00000000e+00	0.00000000e+00
113.26000000	0.00000000e+00	0.00000000e+00	0.00000000e+00
113.28000000	0.00000000e+00	0.00000000e+00	0.00000000e+00
113.30000000	0.00000000e+00	0.00000000e+00	0.00000000e+00
113.32000000	0.00000000e+00	0.00000000e+00	0.00000000e+00
113.34000000	0.00000000e+00	0.00000000e+00	0.00000000e+00
113.36000000	0.00000000e+00	0.00000000e+00	0.00000000e+00
113.38000000	0.00000000e+00	0.00000000e+00	0.00000000e+00
113.40000000	0.00000000e+00	0.00000000e+00	0.00000000e+00
113.42000000	0.00000000e+00	0.00000000e+00	0.00000000e+00
113.44000000	0.00000000e+00	0.00000000e+00	0.00000000e+00
113.46000000	0.00000000e+00	0.00000000e+00	0.00000000e+00
113.48000000	0.00000000e+00	0.00000000e+00	0.00000000e+00
113.50000000	0.00000000e+00	0.00000000e+00	0.00000000e+00
113.52000000	0.00000000e+00	0.00000000e+00	0.00000000e+00
113.54000000	0.00000000e+00	0.00000000e+00	0.00000000e+00
113.56000000	0.00000000e+00	0.00000000e+00	0.00000000e+00
113.58000000	0.00000000e+00	0.00000000e+00	0.00000000e+00
113.60000000	0.00000000e+00	0.00000000e+00	0.00000000e+00
113.62000000	0.00000000e+00	0.00000000e+00	0.00000000e+00
113.64000000	0.00000000e+00	0.00000000e+00	0.00000000e+00
113.66000000	0.00000000e+00	0.00000000e+00	0.00000000e+00
113.68000000	0.00000000e+00	0.00000000e+00	0.00000000e+00
113.70000000	0.00000000e+00	0.00000000e+00	0.00000000e+00
113.72000000	0.00000000e+00	0.00000000e+00	0.00000000e+00
113.74000000	0.00000000e+00	0.00000000e+00	0.00000000e+00
113.76000000	0.00000000e+00	0.00000000e+00	0.00000000e+00
113.78000000	0.00000000e+00	0.00000000e+00	0.00000000e+00
113.80000000	0.00000000e+00	0.00000000e+00	0.00000000e+00
113.82000000	0.00000000e+00	0.00000000e+00	0.00000000e+00
113.84000000	0.00000000e+00	0.00000000e+00	0.00000000e+00
113.86000000	0.00000000e+00	0.00000000e+00	0.00000000e+00
113.88000000	0.00000000e+00	0.00000000e+00	0.00000000e+00
113.90000000	0.00000000e+00	0.00000000e+00	0.00000000e+00
113.92000000	0.00000000e+00	0.00000000e+00	0.00000000e+00
113.94000000	0.00000000e+00	0.00000000e+00	0.00000000e+00
113.96000000	0.00000000e+00	0.00000000e+00	0.00000000e+00
113.98000000	0.00000000e+00	0.00000000e+00	0.00000000e+00
114.00000000	0.00000000e+00	0.00000000e+00	0.00000000e+00
114.02000000	0.00000000e+00	0.00000000e+00	0.00000000e+00
114.04000000	0.00000000e+00	0.00000000e+00	0.00000000e+00
114.06000000	0.00000000e+00	0.00000000e+00	0.00000000e+00
114.08000000	0.00000000e+00	0.00000000e+00	0.00000000e+00
114.10000000	0.00000000e+00	0.00000000e+00	0.00000000e+00
114.12000000	0.00000000e+00	0.00000000e+00	0.00000000e+00
114.14000000	0.00000000e+00	0.00000000e+00	0.00000000e+00
114.16000000	0.00000000e+00	0.00000000e+00	0.00000000e+00
114.18000000	0.00000000e+00	0.00000000e+00	0.00000000e+00
114.20000000	0.00000000e+00	0.00000000e+00	0.00000000e+00
114.22000000	0.00000000e+00	0.00000000e+00	0.00000000e+00
114.24000000	0.00000000e+00	0.00000000e+00	0.00000000e+00
114.26000000	0.00000000e+00	0.00000000e+00	0.00000000e+00
114.28000000	0.00000000e+00	0.00000000e+00	0.00000000e+00
114.30000000	0.00000000e+00	0.00000000e+00	0.00000000e+00
114.32000000	0.00000000e+00	0.00000000e+00	0.00000000e+00
114.34000000	0.00000000e+00	0.00000000e+00	0.00000000e+00
114.36000000	0.00000000e+00	0.00000000e+00	0.00000000e+00
114.38000000	0.00000000e+00	0.00000000e+00	0.00000000e+00
114.40000000	0.00000000e+00	0.00000000e+00	0.00000000e+00
114.42000000	0.00000000e+00	0.00000000e+00	0.00000000e+00
114.44000000	0.00000000e+00	0.00000000e+00	0.00000000e+00
114.46000000	0.00000000e+00	0.00000000e+00	0.00000000e+00
114.48000000	0.00000000e+00	0.00000000e+00	0.00000000e+00
114.50000000	0.00000000e+00	0.00000000e+00	0.00000000e+00
114.52000000	0.00000000e+00	0.00000000e+00	0.00000000e+00
114.54000000	0.00000000e+00	0.00000000e+00	0.00000000e+00
114.56000000	0.00000000e+00	0.00000000e+00	0.00000000e+00
114.58000000	0.00000000e+00	0.00000000e+00	0.00000000e+00
114.60000000	0.00000000e+00	0.00000000e+00	0.00000000e+00
114.62000000	0.00000000e+00	0.00000000e+00	0.00000000e+00
114.64000000	0.00000000e+00	0.00000000e+00	0.00000000e+00
114.66000000	0.00000000e+00	0.00000000e+00	0.00000000e+00
114.68000000	0.00000000e+00	0.00000000e+00	0.00000000e+00
114.70000000	0.00000000e+00	0.00000000e+00	0.00000000e+00
114.72000000	0.00000000e+00	0.00000000e+00	0.00000000e+00
114.74000000	0.00000000e+00	0.00000000e+00	0.00000000e+00
114.76000000	0.00000000e+00	0.00000000e+00	0.00000000e+00
114.78000000	0.00000000e+00	0.00000000e+00	0.00000000e+00
114.80000000	0.00000000e+00	0.00000000e+00	0.00000000e+00
114.82000000	0.00000000e+00	0.00000000e+00	0.00000000e+00
114.84000000	0.00000000e+00	0.00000000e+00	0.00000000e+00
114.86000000	0.00000000e+00	0.00000000e+00	0.00000000e+00
114.88000000	0.00000000e+00	0.00000000e+00	0.00000000e+00
114.90000000	0.00000000e+00	0.00000000e+00	0.00000000e+00
114.92000000	0.00000000e+00	0.00000000e+00	0.00000000e+00
114.94000000	0.00000000e+00	0.00000000e+00	0.00000000e+00
114.96000000	0.00000000e+00	0.00000000e+00	0.00000000e+00
114.98000000	0.00000000e+00	0.00000000e+00	0.00000000e+00
115.00000000	0.00000000e+00	0.00000000e+00	0.00000000e+00
115.02000000	0.00000000e+00	0.00000000e+00	0.00000000e+00
115.04000000	0.00000000e+00	0.00000000e+00	0.00000000e+00
115.06000000	0.00000000e+00	0.00000000e+00	0.00000000e+00
115.08000000	0.00000000e+00	0.00000000e+00	0.00000000e+00
115.10000000	0.00000000e+00	0.00000000e+00	0.00000000e+00
115.12000000	0.00000000e+00	0.00000000e+00	0.00000000e+00
115.14000000	0.00000000e+00	0.00000000e+00	0.00000000e+00
115.16000000	0.00000000e+00	0.00000000e+00	0.00000000e+00
115.18000000	0.00000000e+00	0.00000000e+00	0.00000000e+00
115.20000000	0.00000000e+00	0.00000000e+00	0.00000000e+00
115.22000000	0.00000000e+00	0.00000000e+00	0.00000000e+00
115.24000000	0.00000000e+00	0.00000000e+00	0.00000000e+00
115.26000000	0.00000000e+00	0.00000000e+00	0.00000000e+00
115.28000000	0.00000000e+00	0.00000000e+00	0.00000000e+00
115.30000000	0.00000000e+00	0.00000000e+00	0.00000000e+00
115.32000000	0.00000000e+00	0.00000000e+00	0.00000000e+00
115.34000000	0.00000000e+00	0.00000000e+00	0.00000000e+00
115.36000000	0.00000000e+00	0.00000000e+00	0.00000000e+00
115.38000000	0.00000000e+00	0.00000000e+00	0.00000000e+00
115.40000000	0.00000000e+00	0.00000000e+00	0.00000000e+00
115.42000000	0.00000000e+00	0.00000000e+00	0.00000000e+00
115.44000000	0.00000000e+00	0.00000000e+00	0.00000000e+00
115.46000000	0.00000000e+00	0.00000000e+00	0.00000000e+00
115.48000000	0.00000000e+00	0.00000000e+00	0.00000000e+00
115.50000000	0.00000000e+00	0.00000000e+00	0.00000000e+00
115.52000000	0.00000000e+00	0.00000000e+00	0.00000000e+00
115.54000000	0.00000000e+00	0.00000000e+00	0.00000000e+00
115.56000000	0.00000000e+00	0.00000000e+00	0.00000000e+00
115.58000000	0.00000000e+00	0.00000000e+00	0.00000000e+00
115.60000000	0.00000000e+00	0.00000000e+00	0.00000000e+00
115.62000000	0.00000000e+00	0.00000000e+00	0.00000000e+00
115.64000000	0.00000000e+00	0.00000000e+00	0.00000000e+00
115.66000000	0.00000000e+00	0.00000000e+00	0.00000000e+00
115.68000000	0.00000000e+00	0.00000000e+00	0.00000000e+00
115.70000000	0.00000000e+00	0.00000000e+00	0.00000000e+00
115.72000000	0.00000000e+00	0.00000000e+00	0.00000000e+00
115.74000000	0.00000000e+00	0.00000000e+00	0.00000000e+00
115.76000000	0.00000000e+00	0.00000000e+00	0.00000000e+00
115.78000000	0.00000000e+00	0.00000000e+00	0.00000000e+00
115.80000000	0.00000000e+00	0.00000000e+00	0.00000000e+00
115.82000000	0.00000000e+00	0.00000000e+00	0.00000000e+00
115.84000000	0.00000000e+00	0.00000000e+00	0.00000000e+00
115.86000000	0.00000000e+00	0.00000000e+00	0.00000000e+00
115.88000000	0.00000000e+00	0.00000000e+00	0.00000000e+00
115.90000000	0.00000000e+00	0.00000000e+00	0.00000000e+00
115.92000000	0.00000000e+00	0.00000000e+00	0.00000000e+00
115.94000000	0.00000000e+00	0.00000000e+00	0.00000000e+00
115.96000000	0.00000000e+00	0.00000000e+00	0.00000000e+00
115.98000000	0.00000000e+00	0.00000000e+00	0.00000000e+00
116.00000000	0.00000000e+00	0.00000000e+00	0.00000000e+00
116.02000000	0.00000000e+00	0.00000000e+00	0.00000000e+00
116.04000000	0.00000000e+00	0.00000000e+00	0.00000000e+00
116.06000000	0.00000000e+00	0.00000000e+00	0.00000000e+00
116.08000000	0.00000000e+00	0.00000000e+00	0.00000000e+00
116.10000000	0.00000000e+00	0.00000000e+00	0.00000000e+00
116.12000000	0.00000000e+00	0.00000000e+00	0.00000000e+00
116.14000000	0.00000000e+00	0.00000000e+00	0.00000000e+00
116.16000000	0.00000000e+00	0.00000000e+00	0.00000000e+00
116.18000000	0.00000000e+00	0.00000000e+00	0.00000000e+00
116.20000000	0.00000000e+00	0.00000000e+00	0.00000000e+00
116.22000000	0.00000000e+00	0.00000000e+00	0.00000000e+00
116.24000000	0.00000000e+00	0.00000000e+00	0.00000000e+00
116.26000000	0.00000000e+00	0.00000000e+00	0.00000000e+00
116.28000000	0.00000000e+00	0.00000000e+00	0.00000000e+00
116.30000000	0.00000000e+00	0.00000000e+00	0.00000000e+00
116.32000000	0.00000000e+00	0.00000000e+00	0.00000000e+00
116.34000000	0.00000000e+00	0.00000000e+00	0.00000000e+00
116.36000000	0.00000000e+00	0.00000000e+00	0.00000000e+00
116.38000000	0.00000000e+00	0.00000000e+00	0.00000000e+00
116.40000000	0.00000000e+00	0.00000000e+00	0.00000000e+00
116.42000000	0.00000000e+00	0.00000000e+00	0.00000000e+00
116.44000000	0.00000000e+00	0.00000000e+00	0.00000000e+00
116.46000000	0.00000000e+00	0.00000000e+00	0.00000000e+00
116.48000000	0.00000000e+00	0.00000000e+00	0.00000000e+00
116.50000000	0.00000000e+00	0.00000000e+00	0.00000000e+00
116.52000000	0.00000000e+00	0.00000000e+00	0.00000000e+00
116.54000000	0.00000000e+00	0.00000000e+00	0.00000000e+00
116.56000000	0.00000000e+00	0.00000000e+00	0.00000000e+00
116.58000000	0.00000000e+00	0.00000000e+00	0.00000000e+00
116.60000000	0.00000000e+00	0.00000000e+00	0.00000000e+00
116.62000000	0.00000000e+00	0.00000000e+00	0.00000000e+00
116.64000000	0.00000000e+00	0.00000000e+00	0.00000000e+00
116.66000000	0.00000000e+00	0.00000000e+00	0.00000000e+00
116.68000000	0.00000000e+00	0.00000000e+00	0.00000000e+00
116.70000000	0.00000000e+00	0.00000000e+00	0.00000000e+00
116.72000000	0.00000000e+00	0.00000000e+00	0.00000000e+00
116.74000000	0.00000000e+00	0.00000000e+00	0.00000000e+00
116.76000000	0.00000000e+00	0.00000000e+00	0.00000000e+00
116.78000000	0.00000000e+00	0.00000000e+00	0.00000000e+00
116.80000000	0.00000000e+00	0.00000000e+00	0.00000000e+00
116.82000000	0.00000000e+00	0.00000000e+00	0.00000000e+00
116.84000000	0.00000000e+00	0.00000000e+00	0.00000000e+00
116.86000000	0.00000000e+00	0.00000000e+00	0.00000000e+00
116.88000000	0.00000000e+00	0.00000000e+00	0.00000000e+00
116.90000000	0.00000000e+00	0.00000000e+00	0.00000000e+00
116.92000000	0.00000000e+00	0.00000000e+00	0.00000000e+00
116.94000000	0.00000000e+00	0.00000000e+00	0.00000000e+00
116.96000000	0.00000000e+00	0.00000000e+00	0.00000000e+00
116.98000000	0.00000000e+00	0.00000000e+00	0.00000000e+00
117.00000000	0.00000000e+00	0.00000000e+00	0.00000000e+00
117.02000000	0.00000000e+00	0.00000000e+00	0.00000000e+00
117.04000000	0.00000000e+00	0.00000000e+00	0.00000000e+00
117.06000000	0.00000000e+00	0.00000000e+00	0.00000000e+00
117.08000000	0.00000000e+00	0.00000000e+00	0.00000000e+00
117.10000000	0.00000000e+00	0.00000000e+00	0.00000000e+00
117.12000000	0.00000000e+00	0.00000000e+00	0.00000000e+00
117.14000000	0.00000000e+00	0.00000000e+00	0.00000000e+00
117.16000000	0.00000000e+00	0.00000000e+00	0.00000000e+00
117.18000000	0.00000000e+00	0.00000000e+00	0.00000000e+00
117.20000000	0.00000000e+00	0.00000000e+00	0.00000000e+00
117.22000000	0.00000000e+00	0.00000000e+00	0.00000000e+00
117.24000000	0.00000000e+00	0.00000000e+00	0.00000000e+00
117.26000000	0.00000000e+00	0.00000000e+00	0.00000000e+00
117.28000000	0.00000000e+00	0.00000000e+00	0.00000000e+00
117.30000000	0.00000000e+00	0.00000000e+00	0.00000000e+00
117.32000000	0.00000000e+00	0.00000000e+00	0.00000000e+00
117.34000000	0.00000000e+00	0.00000000e+00	0.00000000e+00
117.36000000	0.00000000e+00	0.00000000e+00	0.00000000e+00
117.38000000	0.00000000e+00	0.00000000e+00	0.00000000e+00
117.40000000	0.00000000e+00	0.00000000e+00	0.00000000e+00
117.42000000	0.00000000e+00	0.00000000e+00	0.00000000e+00
117.44000000	0.00000000e+00	0.00000000e+00	0.00000000e+00
117.46000000	0.00000000e+00	0.00000000e+00	0.00000000e+00
117.48000000	0.00000000e+00	0.00000000e+00	0.00000000e+00
117.50000000	0.00000000e+00	0.00000000e+00	0.00000000e+00
117.52000000	0.00000000e+00	0.00000000e+00	0.00000000e+00
117.54000000	0.00000000e+00	0.00000000e+00	0.00000000e+00
117.56000000	0.00000000e+00	0.00000000e+00	0.00000000e+00
117.58000000	0.00000000e+00	0.00000000e+00	0.00000000e+00
117.60000000	0.00000000e+00	0.00000000e+00	0.00000000e+00
117.62000000	0.00000000e+00	0.00000000e+00	0.00000000e+00
117.64000000	0.00000000e+00	0.00000000e+00	0.00000000e+00
117.66000000	0.00000000e+00	0.00000000e+00	0.00000000e+00
117.68000000	0.00000000e+00	0.00000000e+00	0.00000000e+00
117.70000000	0.00000000e+00	0.00000000e+00	0.00000000e+00
117.72000000	0.00000000e+00	0.00000000e+00	0.00000000e+00
117.74000000	0.00000000e+00	0.00000000e+00	0.00000000e+00
117.76000000	0.00000000e+00	0.00000000e+00	0.00000000e+00
117.78000000	0.00000000e+00	0.00000000e+00	0.00000000e+00
117.80000000	0.00000000e+00	0.00000000e+00	0.00000000e+00
117.82000000	0.00000000e+00	0.00000000e+00	0.00000000e+00
117.84000000	0.00000000e+00	0.00000000e+00	0.00000000e+00
117.86000000	0.00000000e+00	0.00000000e+00	0.00000000e+00
117.88000000	0.00000000e+00	0.00000000e+00	0.00000000e+00
117.90000000	0.00000000e+00	0.00000000e+00	0.00000000e+00
117.92000000	0.00000000e+00	0.00000000e+00	0.00000000e+00
117.94000000	0.00000000e+00	0.00000000e+00	0.00000000e+00
117.96000000	0.00000000e+00	0.00000000e+00	0.00000000e+00
117.98000000	0.00000000e+00	0.00000000e+00	0.00000000e+00
118.00000000	0.00000000e+00	0.00000000e+00	0.00000000e+00
118.02000000	0.00000000e+00	0.00000000e+00	0.00000000e+00
118.04000000	0.00000000e+00	0.00000000e+00	0.00000000e+00
118.06000000	0.00000000e+00	0.00000000e+00	0.00000000e+00
118.08000000	0.00000000e+00	0.00000000e+00	0.00000000e+00
118.10000000	0.00000000e+00	0.00000000e+00	0.00000000e+00
118.12000000	0.00000000e+00	0.00000000e+00	0.00000000e+00
118.14000000	0.00000000e+00	0.00000000e+00	0.00000000e+00
118.16000000	0.00000000e+00	0.00000000e+00	0.00000000e+00
118.18000000	0.00000000e+00	0.00000000e+00	0.00000000e+00
118.20000000	0.00000000e+00	0.00000000e+00	0.00000000e+00
118.22000000	0.00000000e+00	0.00000000e+00	0.00000000e+00
118.24000000	0.00000000e+00	0.00000000e+00	0.00000000e+00
118.26000000	0.00000000e+00	0.00000000e+00	0.00000000e+00
118.28000000	0.00000000e+00	0.00000000e+00	0.00000000e+00
118.30000000	0.00000000e+00	0.00000000e+00	0.00000000e+00
118.32000000	0.00000000e+00	0.00000000e+00	0.00000000e+00
118.34000000	0.00000000e+00	0.00000000e+00	0.00000000e+00
118.36000000	0.00000000e+00	0.00000000e+00	0.00000000e+00
118.38000000	0.00000000e+00	0.00000000e+00	0.00000000e+00
118.40000000	0.00000000e+00	0.00000000e+00	0.00000000e+00
118.42000000	0.00000000e+00	0.00000000e+00	0.00000000e+00
118.44000000	0.00000000e+00	0.00000000e+00	0.00000000e+00
118.46000000	0.00000000e+00	0.00000000e+00	0.00000000e+00
118.48000000	0.00000000e+00	0.00000000e+00	0.00000000e+00
118.50000000	0.00000000e+00	0.00000000e+00	0.00000000e+00
118.52000000	0.00000000e+00	0.00000000e+00	0.00000000e+00
118.54000000	0.00000000e+00	0.00000000e+00	0.00000000e+00
118.56000000	0.00000000e+00	0.00000000e+00	0.00000000e+00
118.58000000	0.00000000e+00	0.00000000e+00	0.00000000e+00
118.60000000	0.00000000e+00	0.00000000e+00	0.00000000e+00
118.62000000	0.00000000e+00	0.00000000e+00	0.00000000e+00
118.64000000	0.00000000e+00	0.00000000e+00	0.00000000e+00
118.66000000	0.00000000e+00	0.00000000e+00	0.00000000e+00
118.68000000	0.00000000e+00	0.00000000e+00	0.00000000e+00
118.70000000	0.00000000e+00	0.00000000e+00	0.00000000e+00
118.72000000	0.00000000e+00	0.00000000e+00	0.00000000e+00
118.74000000	0.00000000e+00	0.00000000e+00	0.00000000e+00
118.76000000	0.00000000e+00	0.00000000e+00	0.00000000e+00
118.78000000	0.00000000e+00	0.00000000e+00	0.00000000e+00
118.80000000	0.00000000e+00	0.00000000e+00	0.00000000e+00
118.82000000	0.00000000e+00	0.00000000e+00	0.00000000e+00
118.84000000	0.00000000e+00	0.00000000e+00	0.00000000e+00
118.86000000	0.00000000e+00	0.00000000e+00	0.00000000e+00
118.88000000	0.00000000e+00	0.00000000e+00	0.00000000e+00
118.90000000	0.00000000e+00	0.00000000e+00	0.00000000e+00
118.92000000	0.00000000e+00	0.00000000e+00	0.00000000e+00
118.94000000	0.00000000e+00	0.00000000e+00	0.00000000e+00
118.96000000	0.00000000e+00	0.00000000e+00	0.00000000e+00
118.98000000	0.00000000e+00	0.00000000e+00	0.00000000e+00
119.00000000	0.00000000e+00	0.00000000e+00	0.00000000e+00
119.02000000	0.00000000e+00	0.00000000e+00	0.00000000e+00
119.04000000	0.00000000e+00	0.00000000e+00	0.00000000e+00
119.06000000	0.00000000e+00	0.00000000e+00	0.00000000e+00
119.08000000	0.00000000e+00	0.00000000e+00	0.00000000e+00
119.10000000	0.00000000e+00	0.00000000e+00	0.00000000e+00
119.12000000	0.00000000e+00	0.00000000e+00	0.00000000e+00
119.14000000	0.00000000e+00	0.00000000e+00	0.00000000e+00
119.16000000	0.00000000e+00	0.00000000e+00	0.00000000e+00
119.18000000	0.00000000e+00	0.00000000e+00	0.00000000e+00
119.20000000	0.00000000e+00	0.00000000e+00	0.00000000e+00
119.22000000	0.00000000e+00	0.00000000e+00	0.00000000e+00
119.24000000	0.00000000e+00	0.00000000e+00	0.00000000e+00
119.26000000	0.00000000e+00	0.00000000e+00	0.00000000e+00
119.28000000	0.00000000e+00	0.00000000e+00	0.00000000e+00
119.30000000	0.00000000e+00	0.00000000e+00	0.00000000e+00
119.32000000	0.00000000e+00	0.00000000e+00	0.00000000e+00
119.34000000	0.00000000e+00	0.00000000e+00	0.00000000e+00
119.36000000	0.00000000e+00	0.00000000e+00	0.00000000e+00
119.38000000	0.00000000e+00	0.00000000e+00	0.00000000e+00
119.40000000	0.00000000e+00	0.00000000e+00	0.00000000e+00
119.42000000	0.00000000e+00	0.00000000e+00	0.00000000e+00
119.44000000	0.00000000e+00	0.00000000e+00	0.00000000e+00
119.46000000	0.00000000e+00	0.00000000e+00	0.00000000e+00
119.48000000	0.00000000e+00	0.00000000e+00	0.00000000e+00
119.50000000	0.00000000e+00	0.00000000e+00	0.00000000e+00
119.52000000	0.00000000e+00	0.00000000e+00	0.00000000e+00
119.54000000	0.00000000e+00	0.00000000e+00	0.00000000e+00
119.56000000	0.00000000e+00	0.00000000e+00	0.00000000e+00
119.58000000	0.00000000e+00	0.00000000e+00	0.00000000e+00
119.60000000	0.00000000e+00	0.00000000e+00	0.00000000e+00
119.62000000	0.00000000e+00	0.00000000e+00	0.00000000e+00
119.64000000	0.00000000e+00	0.00000000e+00	0.00000000e+00
119.66000000	0.00000000e+00	0.00000000e+00	0.00000000e+00
119.68000000	0.00000000e+00	0.00000000e+00	0.00000000e+00
119.70000000	0.00000000e+00	0.00000000e+00	0.00000000e+00
119.72000000	0.00000000e+00	0.00000000e+00	0.00000000e+00
119.74000000	0.00000000e+00	0.00000000e+00	0.00000000e+00
119.76000000	0.00000000e+00	0.00000000e+00	0.00000000e+00
119.78000000	0.00000000e+00	0.00000000e+00	0.00000000e+00
119.80000000	0.00000000e+00	0.00000000e+00	0.00000000e+00
119.82000000	0.00000000e+00	0.00000000e+00	0.00000000e+00
119.84000000	0.00000000e+00	0.00000000e+00	0.00000000e+00
119.86000000	0.00000000e+00	0.00000000e+00	0.00000000e+00
119.88000000	0.00000000e+00	0.00000000e+00	0.00000000e+00
119.90000000	0.00000000e+00	0.00000000e+00	0.00000000e+00
119.92000000	0.00000000e+00	0.00000000e+00	0.00000000e+00
119.94000000	0.00000000e+00	0.00000000e+00	0.00000000e+00
119.96000000	0.00000000e+00	0.00000000e+00	0.00000000e+00
119.98000000	0.00000000e+00	0.00000000e+00	0.00000000e+00
120.00000000	0.00000000e+00	0.00000000e+00	0.00000000e+00
