8732
0.0	0.0075413812500000005	0.0	0.0
0.088	0.021029775	0.0	0.0
0.173	0.03416643750000001	0.0	0.0
0.256	0.0468511875	0.0	0.0
0.336	0.059206875000000006	0.0	0.0
0.424	0.06554437500000002	0.0	0.0
0.51	0.07172831250000002	0.0	0.0
0.592	0.0777001875	0.0	0.0
0.673	0.08351362500000002	0.0	0.0
0.761	0.08000606250000002	0.0	0.0
0.846	0.07658868749999999	0.0	0.0
0.929	0.07328587500000001	0.0	0.0
1.009	0.070068375	0.0	0.0
1.097	0.056922937500000007	0.0	0.0
1.182	0.044084625	0.0	0.0
1.265	0.031653375000000004	0.0	0.0
1.346	0.0195297375	0.0	0.0
1.434	0.0005104368750000002	0.0	0.0
1.519	-0.01804603125	0.0	0.0
1.602	-0.035992125	0.0	0.0
1.683	-0.053473875000000004	0.0	0.0
1.77	-0.0702219375	0.0	0.0
1.856	-0.08657025000000002	0.0	0.0
1.938	-0.102409125	0.0	0.0
2.019	-0.11787750000000002	0.0	0.0
2.107	-0.12231862500000001	0.0	0.0
2.192	-0.12665981250000002	0.0	0.0
2.275	-0.130869375	0.0	0.0
2.356	-0.13497412500000003	0.0	0.0
2.443	-0.12040518750000001	0.0	0.0
2.529	-0.10617506250000001	0.0	0.0
2.611	-0.09237393750000002	0.0	0.0
2.692	-0.07888725	0.0	0.0
2.779	-0.04783593750000001	0.0	0.0
2.865	-0.0174461625	0.0	0.0
2.948	0.012049293750000002	0.0	0.0
3.029	0.0408525	0.0	0.0
3.116	0.16497487500000002	0.0	0.0
3.201	0.28630875	0.0	0.0
3.284	0.4040887500000001	0.0	0.0
3.365	0.5193093750000001	0.0	0.0
3.452	0.5682543750000001	0.0	0.0
3.538	0.616224375	0.0	0.0
3.621	0.6628781250000001	0.0	0.0
3.702	0.7085568750000002	0.0	0.0
3.789	0.6661931250000002	0.0	0.0
3.875	0.624706875	0.0	0.0
3.958	0.584415	0.0	0.0
4.039	0.5450250000000001	0.0	0.0
4.126	0.420103125	0.0	0.0
4.211	0.297789375	0.0	0.0
4.294	0.178751625	0.0	0.0
4.375	0.062085562500000004	0.0	0.0
4.462	-0.08873231250000001	0.0	0.0
4.547	-0.23666662500000002	0.0	0.0
4.631	-0.38071312500000004	0.0	0.0
4.712	-0.5217225	0.0	0.0
4.799	-0.6185643749999999	0.0	0.0
4.884	-0.7134318750000002	0.0	0.0
4.967	-0.8058375	0.0	0.0
5.048	-0.89646375	0.0	0.0
5.135	-0.881960625	0.0	0.0
5.22	-0.8677256250000001	0.0	0.0
5.303	-0.8538318750000001	0.0	0.0
5.385	-0.8401818750000001	0.0	0.0
5.472	-0.7135293750000001	0.0	0.0
5.557	-0.5892900000000001	0.0	0.0
5.64	-0.46817062500000006	0.0	0.0
5.722	-0.34948875	0.0	0.0
5.809	-0.17331356250000005	0.0	0.0
5.894	-0.0003794700000000001	0.0	0.0
5.976	0.168465375	0.0	0.0
6.058	0.334351875	0.0	0.0
6.145	0.4695600000000001	0.0	0.0
6.23	0.602476875	0.0	0.0
6.313	0.732298125	0.0	0.0
6.395	0.8597306250000002	0.0	0.0
6.481	0.8832525	0.0	0.0
6.566	0.9063112500000001	0.0	0.0
6.649	0.9288825	0.0	0.0
6.731	0.951039375	0.0	0.0
6.817	0.8544412500000002	0.0	0.0
6.903	0.7593300000000001	0.0	0.0
6.986	0.6662418750000001	0.0	0.0
7.068	0.574640625	0.0	0.0
7.155	0.4144237500000001	0.0	0.0
7.24	0.25686375000000006	0.0	0.0
7.323	0.1028235	0.0	0.0
7.405	-0.0485379375	0.0	0.0
7.491	-0.18402637500000002	0.0	0.0
7.576	-0.317338125	0.0	0.0
7.659	-0.44789062500000004	0.0	0.0
7.741	-0.5765175000000001	0.0	0.0
7.827	-0.623195625	0.0	0.0
7.912	-0.66919125	0.0	0.0
7.996	-0.7142850000000001	0.0	0.0
8.078	-0.7586475	0.0	0.0
8.164	-0.70819125	0.0	0.0
8.249	-0.658539375	0.0	0.0
8.332	-0.609838125	0.0	0.0
8.414	-0.5618681249999999	0.0	0.0
8.5	-0.4563487500000001	0.0	0.0
8.585	-0.3522675	0.0	0.0
8.669	-0.2500875	0.0	0.0
8.751	-0.149355375	0.0	0.0
8.837	-0.039526500000000006	0.0	0.0
8.922	0.0687350625	0.0	0.0
9.005	0.174993	0.0	0.0
9.088	0.279751875	0.0	0.0
9.174	0.36486937500000005	0.0	0.0
9.258	0.4488656250000001	0.0	0.0
9.342	0.531375	0.0	0.0
9.424	0.6127875	0.0	0.0
9.51	0.6464250000000001	0.0	0.0
9.595	0.679648125	0.0	0.0
9.678	0.7122862500000001	0.0	0.0
9.761	0.7445100000000001	0.0	0.0
9.847	0.6810618750000001	0.0	0.0
9.931	0.6184181250000002	0.0	0.0
10.015	0.556798125	0.0	0.0
10.097	0.49593375000000006	0.0	0.0
10.183	0.31295062500000004	0.0	0.0
10.268	0.13215881250000003	0.0	0.0
10.351	-0.04579575	0.0	0.0
10.434	-0.22165650000000003	0.0	0.0
10.52	-0.46656187500000007	0.0	0.0
10.604	-0.708703125	0.0	0.0
10.688	-0.9472125000000001	0.0	0.0
10.77	-1.1830162500000003	0.0	0.0
10.856	-1.3506675000000001	0.0	0.0
10.941	-1.5164906249999999	0.0	0.0
11.024	-1.6799250000000001	0.0	0.0
11.107	-1.8415556250000003	0.0	0.0
11.193	-1.7829093750000005	0.0	0.0
11.277	-1.7248968750000002	0.0	0.0
11.361	-1.6676643750000002	0.0	0.0
11.444	-1.611016875	0.0	0.0
11.529	-1.27374	0.0	0.0
11.614	-0.93985125	0.0	0.0
11.697	-0.6103500000000001	0.0	0.0
11.78	-0.28406625	0.0	0.0
11.866	0.21667912500000003	0.0	0.0
11.95	0.7126275	0.0	0.0
12.034	1.202394375	0.0	0.0
12.117	1.6875787500000001	0.0	0.0
12.202	2.0940075	0.0	0.0
12.287	2.49673125	0.0	0.0
12.371	2.8947750000000005	0.0	0.0
12.453	3.2891625	0.0	0.0
12.539	3.3281625000000004	0.0	0.0
12.623	3.3666750000000003	0.0	0.0
12.707	3.4049437500000006	0.0	0.0
12.79	3.4427250000000003	0.0	0.0
12.875	2.9952	0.0	0.0
12.96	2.5510875000000004	0.0	0.0
13.044	2.111874375	0.0	0.0
13.127	1.6760006250000004	0.0	0.0
13.212	0.886275	0.0	0.0
13.296	0.10263825000000001	0.0	0.0
13.38	-0.673164375	0.0	0.0
13.463	-1.443170625	0.0	0.0
13.548	-2.1971625000000006	0.0	0.0
13.633	-2.94571875	0.0	0.0
13.717	-3.6872062500000005	0.0	0.0
13.8	-4.423818750000001	0.0	0.0
13.885	-4.7112	0.0	0.0
13.969	-4.996631250000001	0.0	0.0
14.053	-5.279625	0.0	0.0
14.136	-5.560912500000001	0.0	0.0
14.221	-5.139712500000001	0.0	0.0
14.306	-4.720950000000001	0.0	0.0
14.39	-4.3056	0.0	0.0
14.473	-3.8929312500000006	0.0	0.0
14.558	-2.8811250000000004	0.0	0.0
14.642	-1.8754125000000001	0.0	0.0
14.726	-0.877036875	0.0	0.0
14.81	0.11592993750000001	0.0	0.0
14.894	1.253265	0.0	0.0
14.979	2.3845575	0.0	0.0
15.063	3.5082937500000004	0.0	0.0
15.146	4.626375	0.0	0.0
15.231	5.294006250000001	0.0	0.0
15.315	5.9582250000000005	0.0	0.0
15.399	6.6185437500000015	0.0	0.0
15.483	7.2759375	0.0	0.0
15.567	7.063875	0.0	0.0
15.652	6.852543750000001	0.0	0.0
15.736	6.6424312500000005	0.0	0.0
15.819	6.433293750000001	0.0	0.0
15.904	5.3639625	0.0	0.0
15.988	4.29901875	0.0	0.0
16.072	3.2389500000000004	0.0	0.0
16.156	2.1827081250000004	0.0	0.0
16.241	0.74065875	0.0	0.0
16.325	-0.696515625	0.0	0.0
16.409	-2.1277425000000005	0.0	0.0
16.493	-3.5548500000000005	0.0	0.0
16.577	-4.64758125	0.0	0.0
16.661	-5.7373875000000005	0.0	0.0
16.745	-6.823050000000001	0.0	0.0
16.829	-7.906275000000001	0.0	0.0
16.914	-8.0617875	0.0	0.0
16.998	-8.216812500000001	0.0	0.0
17.082	-8.371593749999999	0.0	0.0
17.166	-8.52613125	0.0	0.0
17.25	-7.6132875	0.0	0.0
17.334	-6.702393750000001	0.0	0.0
17.418	-5.793450000000001	0.0	0.0
17.502	-4.885725	0.0	0.0
17.587	-3.3240187500000005	0.0	0.0
17.671	-1.7643843750000003	0.0	0.0
17.755	-0.2073361875	0.0	0.0
17.839	1.3480837500000002	0.0	0.0
17.923	2.7872812500000004	0.0	0.0
18.007	4.2249187500000005	0.0	0.0
18.091	5.6613375	0.0	0.0
18.175	7.097025	0.0	0.0
18.26	7.68421875	0.0	0.0
18.344	8.270925	0.0	0.0
18.428	8.85763125	0.0	0.0
18.512	9.444337500000001	0.0	0.0
18.596	8.8739625	0.0	0.0
18.68	8.3035875	0.0	0.0
18.764	7.73296875	0.0	0.0
18.849	7.16235	0.0	0.0
18.933	5.71666875	0.0	0.0
19.017	4.270012500000001	0.0	0.0
19.101	2.8223812500000003	0.0	0.0
19.185	1.3730193750000002	0.0	0.0
19.269	-0.22265343750000002	0.0	0.0
19.353	-1.8199837500000002	0.0	0.0
19.437	-3.419812500000001	0.0	0.0
19.522	-5.022225	0.0	0.0
19.606	-5.97553125	0.0	0.0
19.69	-6.930300000000001	0.0	0.0
19.774	-7.88701875	0.0	0.0
19.858	-8.845443750000001	0.0	0.0
19.942	-8.70455625	0.0	0.0
20.026	-8.56318125	0.0	0.0
20.111	-8.421318750000001	0.0	0.0
20.195	-8.2792125	0.0	0.0
20.279	-7.154062500000001	0.0	0.0
20.363	-6.02574375	0.0	0.0
20.447	-4.893525	0.0	0.0
20.532	-3.75789375	0.0	0.0
20.615	-2.2437918750000003	0.0	0.0
20.699	-0.7252781250000001	0.0	0.0
20.784	0.7995731250000001	0.0	0.0
20.868	2.3295675	0.0	0.0
20.952	3.4736812500000007	0.0	0.0
21.036	4.6215	0.0	0.0
21.12	5.775168750000001	0.0	0.0
21.205	6.933225	0.0	0.0
21.288	7.177950000000001	0.0	0.0
21.372	7.42365	0.0	0.0
21.457	7.6708125	0.0	0.0
21.541	7.918950000000001	0.0	0.0
21.625	7.21621875	0.0	0.0
21.709	6.51031875	0.0	0.0
21.793	5.80003125	0.0	0.0
21.878	5.08633125	0.0	0.0
21.961	3.8573437500000005	0.0	0.0
22.045	2.6222625	0.0	0.0
22.13	1.378820625	0.0	0.0
22.215	0.12877312500000002	0.0	0.0
22.298	-0.9855543750000002	0.0	0.0
22.382	-2.1059512500000004	0.0	0.0
22.466	-3.2345625000000005	0.0	0.0
22.551	-4.36995	0.0	0.0
22.634	-4.8501375	0.0	0.0
22.718	-5.3332500000000005	0.0	0.0
22.803	-5.82050625	0.0	0.0
22.888	-6.31044375	0.0	0.0
22.971	-6.005268750000001	0.0	0.0
23.055	-5.698143750000001	0.0	0.0
23.139	-5.3883375000000004	0.0	0.0
23.224	-5.0763375	0.0	0.0
23.307	-4.236131250000001	0.0	0.0
23.391	-3.3898312500000003	0.0	0.0
23.476	-2.53573125	0.0	0.0
23.561	-1.6753181250000002	0.0	0.0
23.644	-0.77571	0.0	0.0
23.728	0.130693875	0.0	0.0
23.812	1.046248125	0.0	0.0
23.897	1.968915	0.0	0.0
23.98	2.4933187500000003	0.0	0.0
24.064	3.0220125	0.0	0.0
24.149	3.55606875	0.0	0.0
24.234	4.09475625	0.0	0.0
24.317	4.061850000000001	0.0	0.0
24.401	4.02894375	0.0	0.0
24.485	3.99555	0.0	0.0
24.571	3.9619125000000004	0.0	0.0
24.654	3.4934250000000007	0.0	0.0
24.737	3.020550000000001	0.0	0.0
24.822	2.5423125	0.0	0.0
24.907	2.0595168750000004	0.0	0.0
24.99	1.466278125	0.0	0.0
25.074	0.867433125	0.0	0.0
25.158	0.2610075	0.0	0.0
25.244	-0.35126812500000004	0.0	0.0
25.327	-0.7610362500000001	0.0	0.0
25.41	-1.1748750000000001	0.0	0.0
25.495	-1.5942225	0.0	0.0
25.58	-2.01781125	0.0	0.0
25.663	-2.095275	0.0	0.0
25.747	-2.1735675000000003	0.0	0.0
25.831	-2.2529325000000004	0.0	0.0
25.917	-2.3331262500000003	0.0	0.0
26.0	-2.131155	0.0	0.0
26.083	-1.9269656250000002	0.0	0.0
26.168	-1.7198025000000001	0.0	0.0
26.254	-1.5103237500000002	0.0	0.0
26.336	-1.209170625	0.0	0.0
26.42	-0.9045562500000001	0.0	0.0
26.504	-0.5953350000000001	0.0	0.0
26.59	-0.282555	0.0	0.0
26.673	-0.06189056250000001	0.0	0.0
26.756	0.1614015	0.0	0.0
26.841	0.388245	0.0	0.0
26.927	0.6178331250000001	0.0	0.0
27.009	0.6781125	0.0	0.0
27.093	0.7391475000000001	0.0	0.0
27.177	0.80120625	0.0	0.0
27.263	0.8640206250000002	0.0	0.0
27.346	0.8006700000000001	0.0	0.0
27.429	0.7364662500000002	0.0	0.0
27.514	0.6711656250000001	0.0	0.0
27.6	0.6050118750000001	0.0	0.0
27.682	0.50958375	0.0	0.0
27.766	0.41288812500000005	0.0	0.0
27.851	0.31446187500000006	0.0	0.0
27.937	0.21470231250000002	0.0	0.0
28.019	0.1382866875	0.0	0.0
28.102	0.060788812500000004	0.0	0.0
28.187	-0.018172537500000002	0.0	0.0
28.273	-0.09827512500000002	0.0	0.0
28.355	-0.1712221875	0.0	0.0
28.439	-0.24521250000000003	0.0	0.0
28.524	-0.320604375	0.0	0.0
28.61	-0.39702000000000004	0.0	0.0
28.692	-0.44945062500000005	0.0	0.0
28.775	-0.5026612500000001	0.0	0.0
28.86	-0.5569200000000001	0.0	0.0
28.946	-0.6120562500000001	0.0	0.0
29.028	-0.58933875	0.0	0.0
29.112	-0.566255625	0.0	0.0
29.197	-0.542709375	0.0	0.0
29.283	-0.5188218750000001	0.0	0.0
29.365	-0.40396687500000006	0.0	0.0
29.448	-0.28738125000000003	0.0	0.0
29.533	-0.1683703125	0.0	0.0
29.619	-0.047394750000000006	0.0	0.0
29.701	0.109156125	0.0	0.0
29.784	0.26849062500000004	0.0	0.0
29.869	0.43143750000000003	0.0	0.0
29.956	0.59713875	0.0	0.0
30.038	0.7045593750000001	0.0	0.0
30.121	0.8137593750000001	0.0	0.0
30.207	0.925299375	0.0	0.0
30.293	1.0385943750000002	0.0	0.0
30.375	1.0240425000000002	0.0	0.0
30.458	1.009246875	0.0	0.0
30.543	0.99411	0.0	0.0
30.629	0.9786806250000001	0.0	0.0
30.711	0.837013125	0.0	0.0
30.794	0.6926887500000001	0.0	0.0
30.879	0.5449275000000001	0.0	0.0
30.966	0.39463125000000004	0.0	0.0
31.048	0.19548993750000002	0.0	0.0
31.13	-0.007194525000000001	0.0	0.0
31.215	-0.21478762500000004	0.0	0.0
31.302	-0.4262700000000001	0.0	0.0
31.384	-0.57876	0.0	0.0
31.467	-0.7343456250000001	0.0	0.0
31.552	-0.8939775000000001	0.0	0.0
31.639	-1.056680625	0.0	0.0
31.721	-1.08200625	0.0	0.0
31.804	-1.107795	0.0	0.0
31.889	-1.134241875	0.0	0.0
31.976	-1.16117625	0.0	0.0
32.057	-1.048588125	0.0	0.0
32.14	-0.93380625	0.0	0.0
32.225	-0.8159287500000001	0.0	0.0
32.312	-0.6956381250000001	0.0	0.0
32.393	-0.5070243750000001	0.0	0.0
32.477	-0.31436437500000003	0.0	0.0
32.562	-0.11650518750000001	0.0	0.0
32.649	0.0852125625	0.0	0.0
32.73	0.25072125	0.0	0.0
32.813	0.41959125	0.0	0.0
32.898	0.5930925000000001	0.0	0.0
32.985	0.77029875	0.0	0.0
33.066	0.8332837500000001	0.0	0.0
33.149	0.897706875	0.0	0.0
33.235	0.96403125	0.0	0.0
33.322	1.031769375	0.0	0.0
33.403	0.970905	0.0	0.0
33.486	0.9087000000000001	0.0	0.0
33.572	0.8447887500000001	0.0	0.0
33.659	0.7795368750000001	0.0	0.0
33.74	0.607059375	0.0	0.0
33.823	0.43070625000000007	0.0	0.0
33.908	0.24903937500000004	0.0	0.0
33.995	0.06321900000000001	0.0	0.0
34.076	0.01777059375	0.0	0.0
34.159	-0.028769812500000002	0.0	0.0
34.245	-0.07672031250000001	0.0	0.0
34.332	-0.1257165	0.0	0.0
34.413	-0.148565625	0.0	0.0
34.495	-0.171946125	0.0	0.0
34.581	-0.19605056250000005	0.0	0.0
34.668	-0.2207326875	0.0	0.0
34.749	-0.21484856250000003	0.0	0.0
34.832	-0.20882062500000004	0.0	0.0
34.917	-0.2025976875	0.0	0.0
35.005	-0.19623581250000002	0.0	0.0
35.086	-0.17052993750000003	0.0	0.0
35.168	-0.14420737500000003	0.0	0.0
35.254	-0.11703656250000001	0.0	0.0
35.341	-0.0892003125	0.0	0.0
35.422	-0.060235500000000004	0.0	0.0
35.505	-0.030500437499999998	0.0	0.0
35.59	0.00024652875	0.0	0.0
35.678	0.031760625	0.0	0.0
35.759	0.0497079375	0.0	0.0
35.842	0.0681110625	0.0	0.0
35.927	0.0871138125	0.0	0.0
36.015	0.10656993750000002	0.0	0.0
36.095	0.1080324375	0.0	0.0
36.178	0.1095315	0.0	0.0
36.263	0.11108175	0.0	0.0
36.351	0.11267587500000001	0.0	0.0
36.432	0.1017680625	0.0	0.0
36.514	0.09055800000000001	0.0	0.0
36.6	0.0789555	0.0	0.0
36.688	0.0670629375	0.0	0.0
36.768	0.052664625	0.0	0.0
36.851	0.037881187499999996	0.0	0.0
36.936	0.022572225	0.0	0.0
37.024	0.006852543750000001	0.0	0.0
37.104	-0.0033786187500000004	0.0	0.0
37.187	-0.0139098375	0.0	0.0
37.273	-0.02483325	0.0	0.0
37.361	-0.0360555	0.0	0.0
37.442	-0.0392023125	0.0	0.0
37.524	-0.042436875000000006	0.0	0.0
37.61	-0.04578843750000001	0.0	0.0
37.698	-0.04922775000000001	0.0	0.0
37.778	-0.046697625000000006	0.0	0.0
37.86	-0.044094375000000005	0.0	0.0
37.946	-0.04139118750000001	0.0	0.0
38.034	-0.0386124375	0.0	0.0
38.114	-0.033023250000000004	0.0	0.0
38.197	-0.0272634375	0.0	0.0
38.283	-0.02128205625	0.0	0.0
38.371	-0.015136875000000001	0.0	0.0
38.451	-0.00829505625	0.0	0.0
38.533	-0.001251826875	0.0	0.0
38.619	0.006064987500000001	0.0	0.0
38.707	0.01359564375	0.0	0.0
38.787	0.01973180625	0.0	0.0
38.87	0.026064187500000002	0.0	0.0
38.956	0.0326551875	0.0	0.0
39.044	0.03943875	0.0	0.0
39.124	0.0418835625	0.0	0.0
39.207	0.044403937500000004	0.0	0.0
39.293	0.04702181250000001	0.0	0.0
39.381	0.04971525	0.0	0.0
39.461	0.04618818750000001	0.0	0.0
39.543	0.0425514375	0.0	0.0
39.629	0.0387635625	0.0	0.0
39.717	0.034858687500000006	0.0	0.0
39.797	0.0260203125	0.0	0.0
39.879	0.0168884625	0.0	0.0
39.965	0.007375875000000001	0.0	0.0
40.054	-0.0024205593750000003	0.0	0.0
40.134	-0.012487312500000002	0.0	0.0
40.216	-0.022877156250000003	0.0	0.0
40.302	-0.03370575000000001	0.0	0.0
40.39	-0.0448768125	0.0	0.0
40.47	-0.05071950000000001	0.0	0.0
40.552	-0.05676450000000001	0.0	0.0
40.638	-0.063077625	0.0	0.0
40.727	-0.06959062500000002	0.0	0.0
40.807	-0.0674334375	0.0	0.0
40.889	-0.0652006875	0.0	0.0
40.975	-0.0628753125	0.0	0.0
41.064	-0.0604768125	0.0	0.0
41.143	-0.05071706250000001	0.0	0.0
41.226	-0.040625812500000004	0.0	0.0
41.311	-0.030081187500000002	0.0	0.0
41.4	-0.01918531875	0.0	0.0
41.48	-0.006379181250000001	0.0	0.0
41.562	0.00688569375	0.0	0.0
41.648	0.020747268750000002	0.0	0.0
41.737	0.0350536875	0.0	0.0
41.816	0.044318625	0.0	0.0
41.898	0.05390775	0.0	0.0
41.984	0.06393562500000001	0.0	0.0
42.073	0.07430475	0.0	0.0
42.152	0.075114	0.0	0.0
42.235	0.0759525	0.0	0.0
42.321	0.07682756250000002	0.0	0.0
42.41	0.07773431250000001	0.0	0.0
42.489	0.0694663125	0.0	0.0
42.571	0.06090093750000001	0.0	0.0
42.657	0.051935812500000005	0.0	0.0
42.746	0.04265625000000001	0.0	0.0
42.825	0.0294279375	0.0	0.0
42.907	0.01568775	0.0	0.0
42.994	0.001279224375	0.0	0.0
43.083	-0.013637325	0.0	0.0
43.162	-0.02514525	0.0	0.0
43.245	-0.03708168750000001	0.0	0.0
43.331	-0.049583625000000006	0.0	0.0
43.42	-0.062512125	0.0	0.0
43.499	-0.06652425000000001	0.0	0.0
43.581	-0.0706899375	0.0	0.0
43.667	-0.075060375	0.0	0.0
43.756	-0.07959168750000001	0.0	0.0
43.835	-0.0744241875	0.0	0.0
43.917	-0.06904950000000001	0.0	0.0
44.004	-0.063409125	0.0	0.0
44.093	-0.057568875	0.0	0.0
44.172	-0.046261312500000006	0.0	0.0
44.254	-0.034515000000000004	0.0	0.0
44.34	-0.022177593750000002	0.0	0.0
44.429	-0.009382181250000001	0.0	0.0
44.508	0.00211536	0.0	0.0
44.59	0.014088262500000002	0.0	0.0
44.676	0.02668575	0.0	0.0
44.766	0.039755625	0.0	0.0
44.845	0.045803062500000005	0.0	0.0
44.927	0.0520918125	0.0	0.0
45.014	0.058699875000000006	0.0	0.0
45.103	0.06554925	0.0	0.0
45.182	0.0637235625	0.0	0.0
45.263	0.06182475000000001	0.0	0.0
45.35	0.059823562500000003	0.0	0.0
45.439	0.05774681250000001	0.0	0.0
45.518	0.049856625	0.0	0.0
45.6	0.0416325	0.0	0.0
45.686	0.0329720625	0.0	0.0
45.776	0.023983293750000006	0.0	0.0
45.855	0.014685206250000003	0.0	0.0
45.936	0.00500150625	0.0	0.0
46.022	-0.00520235625	0.0	0.0
46.112	-0.01580938125	0.0	0.0
46.191	-0.021827325	0.0	0.0
46.272	-0.028111687500000003	0.0	0.0
46.359	-0.034744125	0.0	0.0
46.449	-0.041639812500000005	0.0	0.0
46.528	-0.0420395625	0.0	0.0
46.61	-0.042456375	0.0	0.0
46.696	-0.042895125	0.0	0.0
46.786	-0.043350937500000006	0.0	0.0
46.864	-0.0390658125	0.0	0.0
46.946	-0.0345954375	0.0	0.0
47.032	-0.029874000000000005	0.0	0.0
47.122	-0.024957562500000002	0.0	0.0
47.2	-0.01911901875	0.0	0.0
47.282	-0.01301698125	0.0	0.0
47.369	-0.006570768750000002	0.0	0.0
47.459	0.00013382606250000002	0.0	0.0
47.537	0.004245881250000001	0.0	0.0
47.619	0.008541	0.0	0.0
47.705	0.013082550000000002	0.0	0.0
47.795	0.017815200000000003	0.0	0.0
47.873	0.0186615	0.0	0.0
47.955	0.019547287500000003	0.0	0.0
48.042	0.020484506250000003	0.0	0.0
48.132	0.02145999375	0.0	0.0
48.21	0.019677450000000003	0.0	0.0
48.292	0.017813981250000003	0.0	0.0
48.378	0.015841312500000003	0.0	0.0
48.468	0.013784550000000001	0.0	0.0
48.546	0.0113377875	0.0	0.0
48.628	0.008773050000000001	0.0	0.0
48.715	0.00605401875	0.0	0.0
48.805	0.003217743750000001	0.0	0.0
48.883	0.0018336825000000003	0.0	0.0
48.965	0.0003849056250000001	0.0	0.0
49.052	-0.0011492568750000002	0.0	0.0
49.142	-0.00274779375	0.0	0.0
49.22	-0.00279435	0.0	0.0
49.301	-0.0028428562500000002	0.0	0.0
49.388	-0.0028945312500000004	0.0	0.0
49.478	-0.0029484000000000003	0.0	0.0
49.556	-0.0031848375000000004	0.0	0.0
49.638	-0.00343321875	0.0	0.0
49.724	-0.0036964687500000005	0.0	0.0
49.815	-0.0039714187500000005	0.0	0.0
49.893	-0.0039911625	0.0	0.0
49.974	-0.004011637500000001	0.0	0.0
50.061	-0.004033575	0.0	0.0
50.151	-0.00405624375	0.0	0.0
50.229	-0.0027987375	0.0	0.0
50.31	-0.0014771250000000001	0.0	0.0
50.397	-7.137000000000002e-05	0.0	0.0
50.488	0.0013982231250000002	0.0	0.0
50.566	0.0034237125000000004	0.0	0.0
50.648	0.00554994375	0.0	0.0
50.734	0.007808287500000001	0.0	0.0
50.825	0.010167056249999999	0.0	0.0
50.902	0.011543268750000002	0.0	0.0
50.984	0.01298870625	0.0	0.0
51.07	0.0145275	0.0	0.0
51.161	0.016138443750000002	0.0	0.0
51.239	0.0156433875	0.0	0.0
51.32	0.015122493750000002	0.0	0.0
51.407	0.014567718750000002	0.0	0.0
51.498	0.0139878375	0.0	0.0
51.575	0.011505487500000001	0.0	0.0
51.657	0.008896143750000002	0.0	0.0
51.743	0.006116418750000001	0.0	0.0
51.834	0.003204825	0.0	0.0
51.911	-9.0572625e-05	0.0	0.0
51.993	-0.0035633812500000003	0.0	0.0
52.08	-0.007269112500000001	0.0	0.0
52.171	-0.01115180625	0.0	0.0
52.249	-0.01344841875	0.0	0.0
52.33	-0.015865687500000003	0.0	0.0
52.417	-0.018441637500000004	0.0	0.0
52.508	-0.021138	0.0	0.0
52.585	-0.021073162500000003	0.0	0.0
52.666	-0.02100515625	0.0	0.0
52.753	-0.020932518750000004	0.0	0.0
52.844	-0.020855981250000002	0.0	0.0
52.921	-0.018367293750000003	0.0	0.0
53.003	-0.015741375000000002	0.0	0.0
53.09	-0.012936787500000001	0.0	0.0
53.181	-0.00999765	0.0	0.0
53.258	-0.006366993750000001	0.0	0.0
53.339	-0.00254011875	0.0	0.0
53.426	0.0015497868750000002	0.0	0.0
53.517	0.00584293125	0.0	0.0
53.594	0.0087433125	0.0	0.0
53.675	0.011808225	0.0	0.0
53.763	0.015089100000000001	0.0	0.0
53.854	0.018534262500000002	0.0	0.0
53.931	0.01926136875	0.0	0.0
54.013	0.020028693750000003	0.0	0.0
54.1	0.020848912500000004	0.0	0.0
54.191	0.021709593750000002	0.0	0.0
54.268	0.020018456250000004	0.0	0.0
54.349	0.018232012500000002	0.0	0.0
54.436	0.0163180875	0.0	0.0
54.527	0.01430593125	0.0	0.0
54.604	0.011186662500000001	0.0	0.0
54.685	0.007886531250000002	0.0	0.0
54.772	0.004350693750000001	0.0	0.0
54.864	0.0006372843750000001	0.0	0.0
54.941	-0.0022747237500000002	0.0	0.0
55.022	-0.005352993750000001	0.0	0.0
55.109	-0.008654587500000002	0.0	0.0
55.2	-0.012128512500000002	0.0	0.0
55.277	-0.013476206250000003	0.0	0.0
55.358	-0.014903606250000001	0.0	0.0
55.445	-0.0164350875	0.0	0.0
55.537	-0.0180448125	0.0	0.0
55.614	-0.017347200000000004	0.0	0.0
55.695	-0.016608881250000002	0.0	0.0
55.781	-0.01581620625	0.0	0.0
55.873	-0.014981606250000001	0.0	0.0
55.95	-0.012775425000000002	0.0	0.0
56.031	-0.0104349375	0.0	0.0
56.118	-0.007917975	0.0	0.0
56.21	-0.0052674375	0.0	0.0
56.287	-0.00270830625	0.0	0.0
56.368	2.939625e-06	0.0	0.0
56.455	0.0029147625	0.0	0.0
56.547	0.005978456250000001	0.0	0.0
56.623	0.007683487500000001	0.0	0.0
56.704	0.009491625	0.0	0.0
56.791	0.011437725000000001	0.0	0.0
56.883	0.013489856250000001	0.0	0.0
56.959	0.013655362500000002	0.0	0.0
57.041	0.01383110625	0.0	0.0
57.128	0.0140205	0.0	0.0
57.22	0.014219643750000002	0.0	0.0
57.296	0.0128714625	0.0	0.0
57.377	0.01144065	0.0	0.0
57.464	0.00989990625	0.0	0.0
57.556	0.008273850000000001	0.0	0.0
57.632	0.00609838125	0.0	0.0
57.713	0.0037837312500000005	0.0	0.0
57.801	0.001286780625	0.0	0.0
57.893	-0.0013486200000000002	0.0	0.0
57.969	-0.0033223125	0.0	0.0
58.05	-0.00541929375	0.0	0.0
58.138	-0.007678612500000001	0.0	0.0
58.23	-0.01006078125	0.0	0.0
58.306	-0.01089635625	0.0	0.0
58.387	-0.011784825	0.0	0.0
58.474	-0.012744225000000003	0.0	0.0
58.566	-0.013758225000000002	0.0	0.0
58.642	-0.013079381250000001	0.0	0.0
58.723	-0.012356662500000002	0.0	0.0
58.811	-0.011576175000000001	0.0	0.0
58.903	-0.010752056250000001	0.0	0.0
58.979	-0.008918568750000001	0.0	0.0
59.06	-0.0069673500000000015	0.0	0.0
59.147	-0.00485915625	0.0	0.0
59.239	-0.0026300625000000005	0.0	0.0
59.315	-0.0005739093750000001	0.0	0.0
59.396	0.0016194993750000002	0.0	0.0
59.483	0.003993356250000001	0.0	0.0
59.576	0.006504225	0.0	0.0
59.652	0.007750275	0.0	0.0
59.733	0.0090777375	0.0	0.0
59.821	0.010512693750000001	0.0	0.0
59.913	0.012028818750000001	0.0	0.0
59.989	0.011883056250000001	0.0	0.0
60.069	0.011727787500000001	0.0	0.0
60.157	0.011559356250000001	0.0	0.0
60.249	0.011380931250000002	0.0	0.0
60.325	0.01003201875	0.0	0.0
60.406	0.00859145625	0.0	0.0
60.493	0.0070307250000000016	0.0	0.0
60.586	0.00537980625	0.0	0.0
60.661	0.00364333125	0.0	0.0
60.742	0.0017902462500000004	0.0	0.0
60.829	-0.00021923850000000003	0.0	0.0
60.922	-0.002349091875	0.0	0.0
60.998	-0.0035453437500000003	0.0	0.0
61.078	-0.0048243	0.0	0.0
61.166	-0.006211725	0.0	0.0
61.259	-0.007680806250000001	0.0	0.0
61.334	-0.00782120625	0.0	0.0
61.415	-0.00797135625	0.0	0.0
61.502	-0.0081339375	0.0	0.0
61.595	-0.00830675625	0.0	0.0
61.67	-0.0075562500000000005	0.0	0.0
61.751	-0.00675260625	0.0	0.0
61.839	-0.005878762500000001	0.0	0.0
61.932	-0.00495178125	0.0	0.0
62.008	-0.00392851875	0.0	0.0
62.088	-0.00283408125	0.0	0.0
62.176	-0.001645775625	0.0	0.0
62.269	-0.00038639250000000006	0.0	0.0
62.344	0.00033705750000000004	0.0	0.0
62.425	0.001111573125	0.0	0.0
62.512	0.0019543875000000003	0.0	0.0
62.605	0.00284968125	0.0	0.0
62.68	0.00317484375	0.0	0.0
62.761	0.00352365	0.0	0.0
62.849	0.00390316875	0.0	0.0
62.942	0.0043056	0.0	0.0
63.017	0.0043382625000000005	0.0	0.0
63.097	0.004373118750000001	0.0	0.0
63.185	0.004410900000000001	0.0	0.0
63.278	0.0044513625	0.0	0.0
63.353	0.00397239375	0.0	0.0
63.434	0.0034583250000000004	0.0	0.0
63.522	0.0028972125000000003	0.0	0.0
63.615	0.002301024375	0.0	0.0
63.69	0.0011352900000000002	0.0	0.0
63.771	-0.00011512800000000001	0.0	0.0
63.859	-0.001477246875	0.0	0.0
63.952	-0.00292378125	0.0	0.0
64.027	-0.004333875	0.0	0.0
64.107	-0.0058480500000000005	0.0	0.0
64.195	-0.007500918750000001	0.0	0.0
64.288	-0.00926055	0.0	0.0
64.363	-0.009992531250000002	0.0	0.0
64.444	-0.0107796	0.0	0.0
64.531	-0.011639062500000002	0.0	0.0
64.625	-0.012552637500000002	0.0	0.0
64.7	-0.011798718750000003	0.0	0.0
64.78	-0.010988737500000002	0.0	0.0
64.868	-0.010103681250000001	0.0	0.0
64.961	-0.0091611	0.0	0.0
65.036	-0.006898612500000001	0.0	0.0
65.116	-0.0044616000000000005	0.0	0.0
65.204	-0.0017948531250000003	0.0	0.0
65.298	0.0010460775	0.0	0.0
65.373	0.0038305312499999997	0.0	0.0
65.453	0.006825975000000001	0.0	0.0
65.541	0.0100995375	0.0	0.0
65.635	0.0135832125	0.0	0.0
65.709	0.015307987499999998	0.0	0.0
65.79	0.017164875	0.0	0.0
65.877	0.019198725	0.0	0.0
65.971	0.0213685875	0.0	0.0
66.046	0.020813325	0.0	0.0
66.126	0.02021443125	0.0	0.0
66.214	0.019558500000000003	0.0	0.0
66.308	0.01885966875	0.0	0.0
66.382	0.01595758125	0.0	0.0
66.462	0.012830268750000002	0.0	0.0
66.55	0.0094029	0.0	0.0
66.644	0.005744700000000001	0.0	0.0
66.718	0.00178464	0.0	0.0
66.799	-0.00249331875	0.0	0.0
66.887	-0.0071894062500000005	0.0	0.0
66.981	-0.012202856250000001	0.0	0.0
67.056	-0.015172218750000003	0.0	0.0
67.136	-0.018375825	0.0	0.0
67.224	-0.021888018750000002	0.0	0.0
67.318	-0.025632750000000003	0.0	0.0
67.392	-0.0259155	0.0	0.0
67.472	-0.026217750000000005	0.0	0.0
67.56	-0.0265516875	0.0	0.0
67.654	-0.026910000000000003	0.0	0.0
67.728	-0.024186337500000005	0.0	0.0
67.809	-0.021241837500000003	0.0	0.0
67.897	-0.018006300000000003	0.0	0.0
67.991	-0.014551875	0.0	0.0
68.065	-0.010133906250000001	0.0	0.0
68.145	-0.0053586	0.0	0.0
68.233	-0.00010629450000000002	0.0	0.0
68.327	0.00551240625	0.0	0.0
68.401	0.00939485625	0.0	0.0
68.481	0.0135993	0.0	0.0
68.57	0.01822543125	0.0	0.0
68.664	0.023168925	0.0	0.0
68.738	0.024513937500000003	0.0	0.0
68.818	0.025971562500000003	0.0	0.0
68.906	0.027573000000000004	0.0	0.0
69.0	0.029289000000000003	0.0	0.0
69.074	0.02746575	0.0	0.0
69.154	0.025488937500000003	0.0	0.0
69.242	0.0233078625	0.0	0.0
69.337	0.02097298125	0.0	0.0
69.411	0.01699595625	0.0	0.0
69.491	0.0126881625	0.0	0.0
69.58	0.007943812500000001	0.0	0.0
69.674	0.0028691812500000005	0.0	0.0
69.748	-0.001132876875	0.0	0.0
69.827	-0.0054724312500000006	0.0	0.0
69.916	-0.010262118750000002	0.0	0.0
70.01	-0.01539744375	0.0	0.0
70.084	-0.017464443750000003	0.0	0.0
70.164	-0.0197091375	0.0	0.0
70.252	-0.022187100000000005	0.0	0.0
70.347	-0.0248405625	0.0	0.0
70.421	-0.024125643750000005	0.0	0.0
70.5	-0.023350031250000004	0.0	0.0
70.588	-0.022493493750000003	0.0	0.0
70.683	-0.02157455625	0.0	0.0
70.757	-0.01874803125	0.0	0.0
70.837	-0.015672881250000003	0.0	0.0
70.925	-0.012270862500000002	0.0	0.0
71.02	-0.008621193750000002	0.0	0.0
71.094	-0.0053364187499999995	0.0	0.0
71.174	-0.0017681381250000004	0.0	0.0
71.262	0.00217449375	0.0	0.0
71.357	0.006400143750000001	0.0	0.0
71.43	0.008453737500000003	0.0	0.0
71.51	0.010686975	0.0	0.0
71.598	0.013159818750000002	0.0	0.0
71.693	0.01581645	0.0	0.0
71.766	0.01587958125	0.0	0.0
71.846	0.015948075000000003	0.0	0.0
71.935	0.01602388125	0.0	0.0
72.03	0.016105293750000003	0.0	0.0
72.103	0.014559187500000003	0.0	0.0
72.183	0.012876337500000003	0.0	0.0
72.271	0.01101165	0.0	0.0
72.366	0.009007293750000001	0.0	0.0
72.439	0.006985875000000001	0.0	0.0
72.519	0.0047801812499999995	0.0	0.0
72.608	0.002332321875	0.0	0.0
72.703	-0.000299349375	0.0	0.0
72.776	-0.001690089375	0.0	0.0
72.856	-0.0032053125000000007	0.0	0.0
72.945	-0.00488499375	0.0	0.0
73.04	-0.006688987500000001	0.0	0.0
73.113	-0.0069729562500000005	0.0	0.0
73.192	-0.007282762500000001	0.0	0.0
73.281	-0.0076269375	0.0	0.0
73.376	-0.0079974375	0.0	0.0
73.449	-0.007442906250000001	0.0	0.0
73.529	-0.006836943750000001	0.0	0.0
73.618	-0.0061639500000000005	0.0	0.0
73.713	-0.0054405	0.0	0.0
73.786	-0.004589081250000001	0.0	0.0
73.865	-0.0036596625000000003	0.0	0.0
73.954	-0.00262591875	0.0	0.0
74.049	-0.0015124687500000001	0.0	0.0
74.122	-0.0006487406250000001	0.0	0.0
74.202	0.000295985625	0.0	0.0
74.29	0.00134691375	0.0	0.0
74.386	0.0024779625000000004	0.0	0.0
74.459	0.0032418750000000004	0.0	0.0
74.538	0.0040767187500000005	0.0	0.0
74.627	0.0050061375000000005	0.0	0.0
74.722	0.00600795	0.0	0.0
74.795	0.00632263125	0.0	0.0
74.874	0.006667537500000001	0.0	0.0
74.963	0.007051931250000001	0.0	0.0
75.059	0.007466306250000001	0.0	0.0
75.132	0.0069098250000000005	0.0	0.0
75.212	0.006300937500000001	0.0	0.0
75.3	0.0056228250000000006	0.0	0.0
75.396	0.004892550000000001	0.0	0.0
75.468	0.0034883062500000008	0.0	0.0
75.548	0.0019501706249999999	0.0	0.0
75.636	0.00023365143750000004	0.0	0.0
75.732	-0.0016195725000000003	0.0	0.0
75.805	-0.00324406875	0.0	0.0
75.884	-0.005026125	0.0	0.0
75.973	-0.007014881250000001	0.0	0.0
76.069	-0.00915939375	0.0	0.0
76.141	-0.01004615625	0.0	0.0
76.221	-0.011018231250000001	0.0	0.0
76.309	-0.01210389375	0.0	0.0
76.405	-0.01327633125	0.0	0.0
76.477	-0.012749343750000001	0.0	0.0
76.557	-0.012170193750000002	0.0	0.0
76.646	-0.011522306250000001	0.0	0.0
76.742	-0.0108225	0.0	0.0
76.815	-0.008948062500000001	0.0	0.0
76.894	-0.0068913	0.0	0.0
76.983	-0.0045937125	0.0	0.0
77.079	-0.002113995	0.0	0.0
77.151	0.00021674250000000003	0.0	0.0
77.23	0.0027772875	0.0	0.0
77.319	0.005644031250000001	0.0	0.0
77.415	0.00874550625	0.0	0.0
77.487	0.010319887500000001	0.0	0.0
77.567	0.012052462500000001	0.0	0.0
77.656	0.01399198125	0.0	0.0
77.752	0.0160875	0.0	0.0
77.824	0.0160017	0.0	0.0
77.903	0.01590736875	0.0	0.0
77.992	0.015801825000000002	0.0	0.0
78.088	0.01568750625	0.0	0.0
78.16	0.013901062500000002	0.0	0.0
78.239	0.011932293750000001	0.0	0.0
78.329	0.00972294375	0.0	0.0
78.425	0.007331268750000001	0.0	0.0
78.497	0.004704375000000001	0.0	0.0
78.577	0.0018128418750000001	0.0	0.0
78.666	-0.0014275218750000001	0.0	0.0
78.762	-0.004932037500000001	0.0	0.0
78.834	-0.007054612500000001	0.0	0.0
78.913	-0.009393637500000001	0.0	0.0
79.002	-0.012021018750000001	0.0	0.0
79.098	-0.014868993750000002	0.0	0.0
79.17	-0.01542961875	0.0	0.0
79.249	-0.0160485	0.0	0.0
79.338	-0.016743675000000003	0.0	0.0
79.435	-0.017496375	0.0	0.0
79.507	-0.016230825000000004	0.0	0.0
79.586	-0.01483535625	0.0	0.0
79.675	-0.013266825000000003	0.0	0.0
79.771	-0.011565450000000001	0.0	0.0
79.843	-0.009143793750000002	0.0	0.0
79.922	-0.00646644375	0.0	0.0
80.011	-0.0034524750000000004	0.0	0.0
80.108	-0.00018328293750000002	0.0	0.0
80.18	0.0021703987500000005	0.0	0.0
80.259	0.00476896875	0.0	0.0
80.348	0.007690312500000001	0.0	0.0
80.445	0.01085638125	0.0	0.0
80.516	0.011984700000000001	0.0	0.0
80.595	0.013231725	0.0	0.0
80.684	0.01463694375	0.0	0.0
80.781	0.016163306250000002	0.0	0.0
80.853	0.015594150000000001	0.0	0.0
80.932	0.014964056250000001	0.0	0.0
81.021	0.014254256250000001	0.0	0.0
81.118	0.01348400625	0.0	0.0
81.189	0.01159543125	0.0	0.0
81.268	0.00950600625	0.0	0.0
81.357	0.007149187500000001	0.0	0.0
81.454	0.004587375	0.0	0.0
81.525	0.0023657156250000005	0.0	0.0
81.605	-9.693693750000002e-05	0.0	0.0
81.694	-0.00287551875	0.0	0.0
81.791	-0.0058924125	0.0	0.0
81.862	-0.007356375000000001	0.0	0.0
81.941	-0.008977312500000001	0.0	0.0
82.03	-0.010807875000000002	0.0	0.0
82.127	-0.012798825	0.0	0.0
82.198	-0.012873656250000002	0.0	0.0
82.277	-0.012956531250000002	0.0	0.0
82.367	-0.013050375000000003	0.0	0.0
82.464	-0.013152506250000001	0.0	0.0
82.535	-0.01191084375	0.0	0.0
82.615	-0.010534387499999999	0.0	0.0
82.704	-0.008979750000000002	0.0	0.0
82.801	-0.007290318750000001	0.0	0.0
82.872	-0.0054448875	0.0	0.0
82.951	-0.0033964125000000003	0.0	0.0
83.04	-0.001077740625	0.0	0.0
83.137	0.0014479725000000002	0.0	0.0
83.208	0.0029805750000000005	0.0	0.0
83.287	0.00468463125	0.0	0.0
83.377	0.006613425000000001	0.0	0.0
83.474	0.008711625	0.0	0.0
83.545	0.00923300625	0.0	0.0
83.624	0.009812399999999999	0.0	0.0
83.713	0.010468575	0.0	0.0
83.81	0.011183737499999999	0.0	0.0
83.881	0.010554375	0.0	0.0
83.96	0.009853350000000002	0.0	0.0
84.049	0.0090582375	0.0	0.0
84.147	0.00819170625	0.0	0.0
84.218	0.006827193750000001	0.0	0.0
84.297	0.0053098500000000005	0.0	0.0
84.387	0.0035906812500000004	0.0	0.0
84.484	0.0017188031250000002	0.0	0.0
84.555	0.00035716687500000004	0.0	0.0
84.633	-0.0011590312500000001	0.0	0.0
84.723	-0.00288088125	0.0	0.0
84.82	-0.004760193750000001	0.0	0.0
84.891	-0.005485106250000001	0.0	0.0
84.97	-0.0062936250000000015	0.0	0.0
85.059	-0.007211831250000001	0.0	0.0
85.157	-0.008212425	0.0	0.0
85.228	-0.008040093750000001	0.0	0.0
85.306	-0.007847775000000001	0.0	0.0
85.395	-0.007629375000000001	0.0	0.0
85.493	-0.007390987500000001	0.0	0.0
85.564	-0.006533718750000001	0.0	0.0
85.642	-0.005576025000000001	0.0	0.0
85.732	-0.0044859750000000006	0.0	0.0
85.83	-0.0032955000000000003	0.0	0.0
85.901	-0.0022639500000000003	0.0	0.0
85.98	-0.0011130356250000002	0.0	0.0
86.069	0.00019519743750000002	0.0	0.0
86.167	0.0016224975	0.0	0.0
86.237	0.002303169375	0.0	0.0
86.316	0.0030634500000000005	0.0	0.0
86.405	0.003929737500000001	0.0	0.0
86.503	0.0048769500000000006	0.0	0.0
86.573	0.00495470625	0.0	0.0
86.652	0.005041725	0.0	0.0
86.742	0.005140931250000001	0.0	0.0
86.84	0.005249156250000001	0.0	0.0
86.91	0.0048130875	0.0	0.0
86.989	0.00432534375	0.0	0.0
87.078	0.0037691062500000007	0.0	0.0
87.176	0.0031607062500000004	0.0	0.0
87.246	0.0025391437500000007	0.0	0.0
87.325	0.00184299375	0.0	0.0
87.415	0.0010489050000000001	0.0	0.0
87.513	0.0001808649375	0.0	0.0
87.583	-0.000274365	0.0	0.0
87.661	-0.0007838512500000001	0.0	0.0
87.751	-0.0013654875000000003	0.0	0.0
87.849	-0.0020023575	0.0	0.0
87.919	-0.0021164325000000003	0.0	0.0
87.998	-0.0022444012500000003	0.0	0.0
88.088	-0.0023907243750000006	0.0	0.0
88.186	-0.0025510875	0.0	0.0
88.256	-0.002377318125	0.0	0.0
88.335	-0.0021827325000000003	0.0	0.0
88.425	-0.0019605787500000006	0.0	0.0
88.523	-0.00171751125	0.0	0.0
88.593	-0.0014573568750000003	0.0	0.0
88.671	-0.00116546625	0.0	0.0
88.761	-0.00083143125	0.0	0.0
88.859	-0.00046512375000000005	0.0	0.0
88.929	-0.00030200625	0.0	0.0
89.008	-0.00011871599999999999	0.0	0.0
89.097	9.102356250000001e-05	0.0	0.0
89.196	0.00032072625000000005	0.0	0.0
89.266	0.00034744125	0.0	0.0
89.344	0.000377398125	0.0	0.0
89.434	0.00041174250000000005	0.0	0.0
89.532	0.000449401875	0.0	0.0
89.602	0.00046807312500000005	0.0	0.0
89.68	0.0004890843750000001	0.0	0.0
89.77	0.00051319125	0.0	0.0
89.869	0.0005396381250000001	0.0	0.0
89.939	0.00053737125	0.0	0.0
90.017	0.0005348606250000001	0.0	0.0
90.107	0.00053196	0.0	0.0
90.206	0.000528766875	0.0	0.0
90.275	0.0003978731250000001	0.0	0.0
90.354	0.00025052625	0.0	0.0
90.443	8.136375000000001e-05	0.0	0.0
90.542	-0.00010450781250000001	0.0	0.0
90.612	-0.00032833125000000004	0.0	0.0
90.69	-0.0005806125	0.0	0.0
90.78	-0.00087023625	0.0	0.0
90.879	-0.0011880862500000002	0.0	0.0
90.948	-0.001359661875	0.0	0.0
91.027	-0.00155293125	0.0	0.0
91.116	-0.0017749875000000002	0.0	0.0
91.215	-0.0020191031250000003	0.0	0.0
91.284	-0.001991169375	0.0	0.0
91.363	-0.001959628125	0.0	0.0
91.453	-0.0019233581250000004	0.0	0.0
91.552	-0.0018834562500000002	0.0	0.0
91.622	-0.0016100906250000003	0.0	0.0
91.7	-0.001301844375	0.0	0.0
91.79	-0.0009476025000000001	0.0	0.0
91.889	-0.0005585287500000001	0.0	0.0
91.958	-0.00014670581250000002	0.0	0.0
92.036	0.00031826437500000003	0.0	0.0
92.126	0.0008539050000000001	0.0	0.0
92.225	0.0014435362500000001	0.0	0.0
92.294	0.001784956875	0.0	0.0
92.373	0.0021710081250000002	0.0	0.0
92.463	0.0026156812500000006	0.0	0.0
92.562	0.00310464375	0.0	0.0
92.631	0.0031646062500000002	0.0	0.0
92.709	0.0032323687500000007	0.0	0.0
92.799	0.00331036875	0.0	0.0
92.898	0.0033964125000000003	0.0	0.0
92.967	0.0030888000000000005	0.0	0.0
93.045	0.00274048125	0.0	0.0
93.136	0.0023381475000000002	0.0	0.0
93.235	0.0018950831250000005	0.0	0.0
93.304	0.00132302625	0.0	0.0
93.382	0.00067591875	0.0	0.0
93.473	-7.014150000000001e-05	0.0	0.0
93.572	-0.00089115	0.0	0.0
93.641	-0.0014552606250000004	0.0	0.0
93.719	-0.0020942268750000002	0.0	0.0
93.809	-0.0028326187500000003	0.0	0.0
93.908	-0.00364723125	0.0	0.0
93.977	-0.003901218750000001	0.0	0.0
94.055	-0.00418933125	0.0	0.0
94.145	-0.00452205	0.0	0.0
94.245	-0.004888893750000001	0.0	0.0
94.314	-0.0046509937500000004	0.0	0.0
94.392	-0.004381406250000001	0.0	0.0
94.482	-0.00406940625	0.0	0.0
94.581	-0.0037249875000000005	0.0	0.0
94.65	-0.0030568687500000004	0.0	0.0
94.728	-0.00229802625	0.0	0.0
94.818	-0.0014199168750000002	0.0	0.0
94.918	-0.0004517906250000001	0.0	0.0
94.987	0.000339275625	0.0	0.0
95.064	0.0012371043750000002	0.0	0.0
95.154	0.00227686875	0.0	0.0
95.254	0.0034251750000000004	0.0	0.0
95.323	0.00393485625	0.0	0.0
95.401	0.0045147375	0.0	0.0
95.491	0.005187487500000001	0.0	0.0
95.591	0.005930437500000001	0.0	0.0
95.66	0.005862431250000001	0.0	0.0
95.738	0.0057851625000000005	0.0	0.0
95.828	0.005695462500000001	0.0	0.0
95.928	0.00559674375	0.0	0.0
95.996	0.0049447125	0.0	0.0
96.074	0.0042027375	0.0	0.0
96.164	0.0033413250000000005	0.0	0.0
96.264	0.0023886037500000005	0.0	0.0
96.332	0.0014526525	0.0	0.0
96.41	0.00038612437499999997	0.0	0.0
96.501	-0.0008518575000000001	0.0	0.0
96.601	-0.002219295	0.0	0.0
96.669	-0.00296375625	0.0	0.0
96.747	-0.0038115187500000008	0.0	0.0
96.837	-0.004796268750000001	0.0	0.0
96.937	-0.005885831250000001	0.0	0.0
97.005	-0.0060528000000000005	0.0	0.0
97.083	-0.0062434125	0.0	0.0
97.174	-0.0064652250000000015	0.0	0.0
97.274	-0.00671068125	0.0	0.0
97.342	-0.006204168750000001	0.0	0.0
97.42	-0.005626968750000001	0.0	0.0
97.511	-0.00495616875	0.0	0.0
97.611	-0.00421468125	0.0	0.0
97.679	-0.0032998875	0.0	0.0
97.757	-0.0022554187500000004	0.0	0.0
97.847	-0.0010390331250000001	0.0	0.0
97.947	0.00030880687500000004	0.0	0.0
98.015	0.0011673675000000003	0.0	0.0
98.093	0.0021489000000000005	0.0	0.0
98.184	0.0032918437500000005	0.0	0.0
98.284	0.00455690625	0.0	0.0
98.352	0.00492765	0.0	0.0
98.429	0.005351043750000001	0.0	0.0
98.52	0.0058446375	0.0	0.0
98.62	0.006392100000000001	0.0	0.0
98.688	0.006121050000000001	0.0	0.0
98.766	0.0058105125	0.0	0.0
98.856	0.00544805625	0.0	0.0
98.957	0.005046356250000001	0.0	0.0
99.025	0.0043143750000000005	0.0	0.0
99.103	0.00347709375	0.0	0.0
99.194	0.002500875	0.0	0.0
99.294	0.0014199412500000002	0.0	0.0
99.362	0.0006375768749999999	0.0	0.0
99.439	-0.00025842375000000007	0.0	0.0
99.53	-0.00130537875	0.0	0.0
99.63	-0.0024677250000000005	0.0	0.0
99.698	-0.0029169562500000004	0.0	0.0
99.776	-0.0034320000000000006	0.0	0.0
99.866	-0.00403381875	0.0	0.0
99.967	-0.0047009625	0.0	0.0
100.035	-0.004643681250000001	0.0	0.0
100.112	-0.00457786875	0.0	0.0
100.202	-0.004501087500000001	0.0	0.0
100.303	-0.00441553125	0.0	0.0
100.371	-0.00396166875	0.0	0.0
100.448	-0.0034405312500000004	0.0	0.0
100.539	-0.00283066875	0.0	0.0
100.64	-0.002153896875	0.0	0.0
100.707	-0.0015914681250000001	0.0	0.0
100.785	-0.0009460181250000001	0.0	0.0
100.875	-0.00019022250000000002	0.0	0.0
100.976	0.0006498375000000001	0.0	0.0
101.043	0.001042981875	0.0	0.0
101.121	0.00149540625	0.0	0.0
101.212	0.0020258306250000003	0.0	0.0
101.313	0.0026154374999999997	0.0	0.0
101.381	0.002705625	0.0	0.0
101.458	0.00280921875	0.0	0.0
101.549	0.0029303625000000003	0.0	0.0
101.65	0.0030649125	0.0	0.0
101.717	0.0028786875000000006	0.0	0.0
101.794	0.00266443125	0.0	0.0
101.885	0.0024128325000000003	0.0	0.0
101.986	0.0021328125	0.0	0.0
102.053	0.0017742318750000002	0.0	0.0
102.131	0.0013610268750000002	0.0	0.0
102.222	0.0008761350000000001	0.0	0.0
102.323	0.00033705750000000004	0.0	0.0
102.39	-6.907387500000001e-05	0.0	0.0
102.467	-0.000536713125	0.0	0.0
102.558	-0.0010860525	0.0	0.0
102.659	-0.0016977918750000003	0.0	0.0
102.726	-0.001999798125	0.0	0.0
102.803	-0.0023484825	0.0	0.0
102.895	-0.00275851875	0.0	0.0
102.996	-0.00321530625	0.0	0.0
103.063	-0.0032418750000000004	0.0	0.0
103.141	-0.0032725875000000006	0.0	0.0
103.232	-0.0033086625	0.0	0.0
103.333	-0.0033486375000000004	0.0	0.0
103.4	-0.0030122625000000005	0.0	0.0
103.477	-0.0026237250000000004	0.0	0.0
103.568	-0.00216640125	0.0	0.0
103.669	-0.00165628125	0.0	0.0
103.736	-0.0010545112500000002	0.0	0.0
103.813	-0.0003588	0.0	0.0
103.904	0.000460321875	0.0	0.0
104.006	0.001372678125	0.0	0.0
104.073	0.0019491225000000004	0.0	0.0
104.15	0.00261519375	0.0	0.0
104.241	0.0034000687500000005	0.0	0.0
104.342	0.004275618750000001	0.0	0.0
104.409	0.004493043750000001	0.0	0.0
104.486	0.0047445937500000005	0.0	0.0
104.577	0.005041725	0.0	0.0
104.679	0.0053729812500000005	0.0	0.0
104.746	0.005048793750000001	0.0	0.0
104.823	0.0046736625	0.0	0.0
104.914	0.00423174375	0.0	0.0
105.016	0.0037391250000000007	0.0	0.0
105.082	0.0029871562500000002	0.0	0.0
105.159	0.0021164325000000003	0.0	0.0
105.25	0.001087636875	0.0	0.0
105.352	-6.18661875e-05	0.0	0.0
105.419	-0.0008781093750000001	0.0	0.0
105.496	-0.0018249562500000003	0.0	0.0
105.587	-0.0029432812500000006	0.0	0.0
105.689	-0.004191525	0.0	0.0
105.755	-0.0046346625	0.0	0.0
105.832	-0.00514873125	0.0	0.0
105.923	-0.005756156250000001	0.0	0.0
106.025	-0.006435487500000002	0.0	0.0
106.091	-0.0062546250000000015	0.0	0.0
106.169	-0.00604475625	0.0	0.0
106.26	-0.0057958875	0.0	0.0
106.362	-0.005518012500000001	0.0	0.0
106.429	-0.004789200000000001	0.0	0.0
106.506	-0.0039433875	0.0	0.0
106.597	-0.0029432812500000006	0.0	0.0
106.699	-0.001826296875	0.0	0.0
106.765	-0.000930661875	0.0	0.0
106.842	0.0001102603125	0.0	0.0
106.933	0.001344061875	0.0	0.0
107.035	0.002725125	0.0	0.0
107.101	0.00333279375	0.0	0.0
107.178	0.00404015625	0.0	0.0
107.27	0.00487816875	0.0	0.0
107.372	0.0058151437500000005	0.0	0.0
107.438	0.005837325000000001	0.0	0.0
107.515	0.0058634062500000006	0.0	0.0
107.606	0.005894118750000001	0.0	0.0
107.708	0.0059284875	0.0	0.0
107.774	0.005392968750000001	0.0	0.0
107.851	0.00476896875	0.0	0.0
107.943	0.0040282124999999995	0.0	0.0
108.045	0.00319970625	0.0	0.0
108.111	0.0024223143750000003	0.0	0.0
108.188	0.0015170025	0.0	0.0
108.279	0.00044167500000000004	0.0	0.0
108.381	-0.0007634006250000001	0.0	0.0
108.447	-0.0013749693750000002	0.0	0.0
108.524	-0.002089205625	0.0	0.0
108.615	-0.0029386500000000005	0.0	0.0
108.718	-0.00389049375	0.0	0.0
108.784	-0.0040589250000000006	0.0	0.0
108.861	-0.004255143750000001	0.0	0.0
108.953	-0.004488168750000001	0.0	0.0
109.055	-0.004749225000000001	0.0	0.0
109.121	-0.0044616000000000005	0.0	0.0
109.197	-0.00412546875	0.0	0.0
109.289	-0.00372523125	0.0	0.0
109.391	-0.00327624375	0.0	0.0
109.457	-0.0027509625000000006	0.0	0.0
109.534	-0.002136615	0.0	0.0
109.625	-0.00140531625	0.0	0.0
109.728	-0.0005856581250000001	0.0	0.0
109.794	-0.00012027356250000001	0.0	0.0
109.87	0.0004236131250000001	0.0	0.0
109.961	0.0010717443750000001	0.0	0.0
110.064	0.0017994112500000002	0.0	0.0
110.13	0.002005258125	0.0	0.0
110.206	0.002246473125	0.0	0.0
110.298	0.0025342687499999997	0.0	0.0
110.401	0.0028574812500000006	0.0	0.0
110.467	0.0027736312500000002	0.0	0.0
110.544	0.00267564375	0.0	0.0
110.635	0.0025586437500000007	0.0	0.0
110.738	0.0024277012500000003	0.0	0.0
110.803	0.002158138125	0.0	0.0
110.88	0.0018422625	0.0	0.0
110.971	0.0014649375	0.0	0.0
111.074	0.00104066625	0.0	0.0
111.139	0.0007205006250000001	0.0	0.0
111.216	0.00034476000000000005	0.0	0.0
111.308	-0.00010397156250000001	0.0	0.0
111.411	-0.00060786375	0.0	0.0
111.476	-0.0008627043750000001	0.0	0.0
111.553	-0.001161541875	0.0	0.0
111.644	-0.0015188306250000002	0.0	0.0
111.747	-0.0019207256250000004	0.0	0.0
111.812	-0.0020162025	0.0	0.0
111.889	-0.002128498125	0.0	0.0
111.981	-0.00226292625	0.0	0.0
112.084	-0.0024141243750000004	0.0	0.0
112.149	-0.002286155625	0.0	0.0
112.226	-0.002135908125	0.0	0.0
112.318	-0.00195628875	0.0	0.0
112.421	-0.001754415	0.0	0.0
112.486	-0.0014290818750000002	0.0	0.0
112.562	-0.0010465406250000002	0.0	0.0
112.654	-0.00058807125	0.0	0.0
112.757	-7.163325e-05	0.0	0.0
112.822	0.00031226812500000003	0.0	0.0
112.899	0.0007643512500000001	0.0	0.0
112.991	0.00130596375	0.0	0.0
113.094	0.0019152412500000001	0.0	0.0
113.159	0.0021527025	0.0	0.0
113.235	0.0024322106250000003	0.0	0.0
113.327	0.0027675375	0.0	0.0
113.43	0.00314559375	0.0	0.0
113.495	0.0030892875	0.0	0.0
113.572	0.0030232312500000002	0.0	0.0
113.664	0.0029437687500000003	0.0	0.0
113.767	0.0028543125	0.0	0.0
113.832	0.0025108687500000003	0.0	0.0
113.908	0.0021059756250000005	0.0	0.0
114.0	0.0016197431250000002	0.0	0.0
114.103	0.0010714275000000002	0.0	0.0
114.168	0.00060913125	0.0	0.0
114.244	6.28485e-05	0.0	0.0
114.336	-0.00059401875	0.0	0.0
114.44	-0.0013347749999999999	0.0	0.0
114.505	-0.0016750987500000003	0.0	0.0
114.581	-0.002076579375	0.0	0.0
114.673	-0.0025586437500000007	0.0	0.0
114.777	-0.003101962500000001	0.0	0.0
114.841	-0.0031426687500000004	0.0	0.0
114.918	-0.0031909312500000005	0.0	0.0
115.009	-0.0032489437500000003	0.0	0.0
115.113	-0.0033145125000000005	0.0	0.0
115.178	-0.0030446812500000003	0.0	0.0
115.254	-0.00272536875	0.0	0.0
115.346	-0.0023412187500000004	0.0	0.0
115.45	-0.001907855625	0.0	0.0
115.514	-0.001479196875	0.0	0.0
115.591	-0.0009722943750000001	0.0	0.0
115.682	-0.000361505625	0.0	0.0
115.786	0.000328501875	0.0	0.0
115.85	0.00069590625	0.0	0.0
115.927	0.0011315850000000003	0.0	0.0
116.019	0.0016571831250000002	0.0	0.0
116.123	0.002250958125	0.0	0.0
116.188	0.0023861175000000003	0.0	0.0
116.264	0.0025462125	0.0	0.0
116.356	0.0027387750000000006	0.0	0.0
116.46	0.0029564437500000005	0.0	0.0
116.524	0.0028172625000000002	0.0	0.0
116.6	0.00265224375	0.0	0.0
116.692	0.0024526125	0.0	0.0
116.796	0.002227119375	0.0	0.0
116.86	0.0019004943750000002	0.0	0.0
116.937	0.0015126150000000001	0.0	0.0
117.029	0.0010442737500000001	0.0	0.0
117.133	0.0005150925	0.0	0.0
117.197	0.00016014131249999998	0.0	0.0
117.273	-0.00026110500000000003	0.0	0.0
117.365	-0.00077029875	0.0	0.0
117.469	-0.0013466212500000002	0.0	0.0
117.533	-0.001575283125	0.0	0.0
117.609	-0.0018473325	0.0	0.0
117.702	-0.00217654125	0.0	0.0
117.806	-0.0025491375000000005	0.0	0.0
117.87	-0.0025506	0.0	0.0
117.946	-0.0025523062500000006	0.0	0.0
118.039	-0.0025545000000000003	0.0	0.0
118.143	-0.0025569375000000006	0.0	0.0
118.207	-0.0023205243750000003	0.0	0.0
118.283	-0.0020399681250000004	0.0	0.0
118.375	-0.0017012775000000001	0.0	0.0
118.479	-0.0013188093750000002	0.0	0.0
118.542	-0.000945189375	0.0	0.0
118.612	-0.0004996875	0.0	0.0
118.712	4.2444187500000005e-05	0.0	0.0
118.812	0.0006595875000000001	0.0	0.0
118.872	0.0010109043750000002	0.0	0.0
118.952	0.001432884375	0.0	0.0
119.042	0.0019466606250000001	0.0	0.0
119.152	0.0025298812500000006	0.0	0.0
119.222	0.00267125625	0.0	0.0
119.292	0.0028384687500000003	0.0	0.0
119.392	0.0030393187500000005	0.0	0.0
119.492	0.0032647875000000005	0.0	0.0
119.552	0.0031034250000000004	0.0	0.0
119.632	0.0029111062500000004	0.0	0.0
119.722	0.0026768625000000005	0.0	0.0
119.822	0.0024093712500000003	0.0	0.0
119.882	0.0020011875000000004	0.0	0.0
119.962	0.0015073500000000002	0.0	0.0
120.052	0.0009032887500000001	0.0	0.0
120.162	0.00021653287500000002	0.0	0.0
120.232	-0.000254450625	0.0	0.0
120.302	-0.0008118825	0.0	0.0
120.402	-0.0014819756250000003	0.0	0.0
120.502	-0.0022351875000000006	0.0	0.0
120.562	-0.00249916875	0.0	0.0
120.642	-0.00281385	0.0	0.0
120.732	-0.0031984875000000005	0.0	0.0
120.832	-0.0036384562500000007	0.0	0.0
120.892	-0.0035736187500000002	0.0	0.0
120.972	-0.0034948875	0.0	0.0
121.062	-0.0033983625000000004	0.0	0.0
121.172	-0.0032884312500000004	0.0	0.0
121.242	-0.002902575	0.0	0.0
121.312	-0.00244456875	0.0	0.0
121.412	-0.0018932550000000002	0.0	0.0
121.512	-0.0012727650000000001	0.0	0.0
121.572	-0.0007927968750000001	0.0	0.0
121.652	-0.00021912150000000003	0.0	0.0
121.742	0.00048333187500000007	0.0	0.0
121.842	0.001287463125	0.0	0.0
121.902	0.0016428018750000001	0.0	0.0
121.982	0.0020746293750000004	0.0	0.0
122.072	0.00260495625	0.0	0.0
122.182	0.00320896875	0.0	0.0
122.242	0.0032574750000000006	0.0	0.0
122.322	0.0033150000000000002	0.0	0.0
122.422	0.0033847125000000004	0.0	0.0
122.522	0.0034629562500000004	0.0	0.0
122.582	0.003202875	0.0	0.0
122.662	0.0028913625000000004	0.0	0.0
122.752	0.0025091625000000003	0.0	0.0
122.852	0.0020709975000000004	0.0	0.0
122.912	0.0016479937500000002	0.0	0.0
122.992	0.0011328281250000002	0.0	0.0
123.082	0.0004990781250000001	0.0	0.0
123.192	-0.00022372837500000002	0.0	0.0
123.252	-0.0005972362500000001	0.0	0.0
123.332	-0.00104203125	0.0	0.0
123.422	-0.0015798656250000003	0.0	0.0
123.532	-0.00218638875	0.0	0.0
123.592	-0.002315625	0.0	0.0
123.672	-0.00247089375	0.0	0.0
123.762	-0.00266150625	0.0	0.0
123.862	-0.0028803937500000002	0.0	0.0
123.922	-0.0027485250000000004	0.0	0.0
124.002	-0.00258789375	0.0	0.0
124.092	-0.002389603125	0.0	0.0
124.202	-0.0021633056250000005	0.0	0.0
124.262	-0.0018536943750000002	0.0	0.0
124.342	-0.0014842181250000002	0.0	0.0
124.432	-0.001036595625	0.0	0.0
124.542	-0.0005312775000000001	0.0	0.0
124.602	-0.00023615962500000002	0.0	0.0
124.672	0.00011893781250000001	0.0	0.0
124.772	0.0005563593750000001	0.0	0.0
124.872	0.00105870375	0.0	0.0
124.932	0.0012223087500000001	0.0	0.0
125.012	0.0014224275	0.0	0.0
125.102	0.0016695656250000003	0.0	0.0
125.212	0.0019520475000000003	0.0	0.0
125.272	0.0019255762500000001	0.0	0.0
125.352	0.0018939131250000003	0.0	0.0
125.442	0.00185547375	0.0	0.0
125.552	0.001812061875	0.0	0.0
125.612	0.0016433868750000001	0.0	0.0
125.682	0.001440001875	0.0	0.0
125.782	0.00118896375	0.0	0.0
125.882	0.0009003393750000001	0.0	0.0
125.942	0.000673261875	0.0	0.0
126.022	0.000394850625	0.0	0.0
126.112	5.0358750000000006e-05	0.0	0.0
126.222	-0.00034376062499999997	0.0	0.0
126.282	-0.00054175875	0.0	0.0
126.362	-0.0007790493750000002	0.0	0.0
126.452	-0.001067625	0.0	0.0
126.562	-0.00139410375	0.0	0.0
126.622	-0.001477441875	0.0	0.0
126.692	-0.0015781837500000002	0.0	0.0
126.792	-0.0017027400000000001	0.0	0.0
126.892	-0.0018461137500000002	0.0	0.0
126.952	-0.0017754506250000001	0.0	0.0
127.032	-0.0016886025000000002	0.0	0.0
127.122	-0.0015809381250000002	0.0	0.0
127.232	-0.0014576493750000001	0.0	0.0
127.292	-0.0012201393749999999	0.0	0.0
127.372	-0.0009349762500000002	0.0	0.0
127.462	-0.00058768125	0.0	0.0
127.572	-0.00019449056250000002	0.0	0.0
127.632	0.00011072343750000002	0.0	0.0
127.702	0.0004813331250000001	0.0	0.0
127.792	0.000941874375	0.0	0.0
127.902	0.0014735662500000002	0.0	0.0
127.962	0.0017219231250000001	0.0	0.0
128.042	0.0020256600000000003	0.0	0.0
128.132	0.00239942625	0.0	0.0
128.242	0.0028240875	0.0	0.0
128.302	0.0028455375	0.0	0.0
128.372	0.0028718625000000004	0.0	0.0
128.472	0.0029040375000000005	0.0	0.0
128.572	0.00294133125	0.0	0.0
128.632	0.00266345625	0.0	0.0
128.712	0.002320573125	0.0	0.0
128.802	0.0018938643750000001	0.0	0.0
128.912	0.001404219375	0.0	0.0
128.972	0.0008954887500000001	0.0	0.0
129.052	0.0002822625	0.0	0.0
129.142	-0.000467341875	0.0	0.0
129.252	-0.0013177856250000002	0.0	0.0
129.312	-0.0017812762500000003	0.0	0.0
129.382	-0.002344875	0.0	0.0
129.472	-0.0030456562500000006	0.0	0.0
129.582	-0.00385441875	0.0	0.0
129.642	-0.004032356250000001	0.0	0.0
129.722	-0.0042524625	0.0	0.0
129.812	-0.00452668125	0.0	0.0
129.922	-0.0048413625	0.0	0.0
129.982	-0.004559100000000001	0.0	0.0
130.062	-0.0042180937500000005	0.0	0.0
130.152	-0.00380030625	0.0	0.0
130.262	-0.003325968750000001	0.0	0.0
130.322	-0.0026968500000000006	0.0	0.0
130.392	-0.001930305	0.0	0.0
130.482	-0.0009752193750000001	0.0	0.0
130.592	0.0001281759375	0.0	0.0
130.652	0.0008399137500000001	0.0	0.0
130.732	0.0017216793750000003	0.0	0.0
130.822	0.002822625	0.0	0.0
130.932	0.004088175	0.0	0.0
130.992	0.0045045	0.0	0.0
131.072	0.00500833125	0.0	0.0
131.162	0.005626725	0.0	0.0
131.272	0.006329700000000001	0.0	0.0
131.332	0.006183450000000001	0.0	0.0
131.402	0.006004781250000001	0.0	0.0
131.492	0.0057819937500000005	0.0	0.0
131.602	0.005524106250000001	0.0	0.0
131.662	0.00485355	0.0	0.0
131.742	0.00402065625	0.0	0.0
131.832	0.0029788687500000004	0.0	0.0
131.942	0.0017800575	0.0	0.0
132.002	0.000873526875	0.0	0.0
132.082	-0.00022635356250000002	0.0	0.0
132.172	-0.0015786468750000001	0.0	0.0
132.282	-0.00311780625	0.0	0.0
132.342	-0.0037422937500000003	0.0	0.0
132.412	-0.0045069375	0.0	0.0
132.502	-0.0054634125000000006	0.0	0.0
132.612	-0.006570768750000002	0.0	0.0
132.672	-0.006631218750000001	0.0	0.0
132.752	-0.006706781250000001	0.0	0.0
132.842	-0.0068011125	0.0	0.0
132.952	-0.0069100687500000015	0.0	0.0
133.012	-0.0063299437500000015	0.0	0.0
133.092	-0.00562453125	0.0	0.0
133.182	-0.0047555625	0.0	0.0
133.292	-0.00376569375	0.0	0.0
133.352	-0.0028903875	0.0	0.0
133.422	-0.001816156875	0.0	0.0
133.512	-0.00046975500000000003	0.0	0.0
133.622	0.0010906106250000002	0.0	0.0
133.682	0.0018606412500000002	0.0	0.0
133.762	0.0028211625	0.0	0.0
133.852	0.00402748125	0.0	0.0
133.962	0.005418562500000001	0.0	0.0
134.022	0.0056918062500000005	0.0	0.0
134.102	0.006024768750000001	0.0	0.0
134.192	0.00643573125	0.0	0.0
134.302	0.00690421875	0.0	0.0
134.362	0.0065668687500000005	0.0	0.0
134.432	0.0061517625000000005	0.0	0.0
134.522	0.00563038125	0.0	0.0
134.632	0.005025637500000001	0.0	0.0
134.692	0.0042841500000000005	0.0	0.0
134.772	0.0033571687500000003	0.0	0.0
134.862	0.002190435	0.0	0.0
134.972	0.000843838125	0.0	0.0
135.032	7.137000000000002e-05	0.0	0.0
135.112	-0.0008720643750000001	0.0	0.0
135.202	-0.002038749375	0.0	0.0
135.312	-0.0033708187500000007	0.0	0.0
135.372	-0.003750825	0.0	0.0
135.442	-0.00421955625	0.0	0.0
135.532	-0.004809187500000001	0.0	0.0
135.642	-0.005494125000000001	0.0	0.0
135.702	-0.0053788312500000005	0.0	0.0
135.782	-0.0052342875	0.0	0.0
135.872	-0.005052206250000001	0.0	0.0
135.982	-0.00484185	0.0	0.0
136.042	-0.0043216875	0.0	0.0
136.122	-0.0036850125000000007	0.0	0.0
136.212	-0.0028962375000000005	0.0	0.0
136.322	-0.0019949475	0.0	0.0
136.382	-0.001415188125	0.0	0.0
136.452	-0.00069873375	0.0	0.0
136.542	0.00020469881250000002	0.0	0.0
136.652	0.0012549712500000002	0.0	0.0
136.712	0.0016407056250000002	0.0	0.0
136.792	0.00212525625	0.0	0.0
136.882	0.0027373125	0.0	0.0
136.992	0.0034451625000000005	0.0	0.0
137.052	0.0034797750000000005	0.0	0.0
137.132	0.00352243125	0.0	0.0
137.222	0.0035753250000000003	0.0	0.0
137.332	0.003635775	0.0	0.0
137.392	0.00337520625	0.0	0.0
137.462	0.0030522375000000003	0.0	0.0
137.552	0.0026444437500000003	0.0	0.0
137.662	0.0021696675	0.0	0.0
137.722	0.0017901487500000001	0.0	0.0
137.792	0.001312276875	0.0	0.0
137.892	0.0007074843750000001	0.0	0.0
138.002	7.286662500000002e-06	0.0	0.0
138.062	-0.00030273750000000003	0.0	0.0
138.142	-0.0006839137500000001	0.0	0.0
138.232	-0.00115805625	0.0	0.0
138.342	-0.0017010337500000003	0.0	0.0
138.402	-0.0018034575000000002	0.0	0.0
138.472	-0.0019306706250000005	0.0	0.0
138.562	-0.002091691875	0.0	0.0
138.672	-0.002279281875	0.0	0.0
138.732	-0.0021877050000000003	0.0	0.0
138.802	-0.00207211875	0.0	0.0
138.902	-0.0019255518750000001	0.0	0.0
139.012	-0.0017556825000000003	0.0	0.0
139.072	-0.00153547875	0.0	0.0
139.152	-0.00126413625	0.0	0.0
139.242	-0.0009259575000000001	0.0	0.0
139.352	-0.0005382975	0.0	0.0
139.412	-0.00031777687500000006	0.0	0.0
139.482	-4.33168125e-05	0.0	0.0
139.572	0.00030485812499999996	0.0	0.0
139.682	0.0007108481250000001	0.0	0.0
139.742	0.0008538806250000001	0.0	0.0
139.812	0.0010347918750000002	0.0	0.0
139.912	0.0012646481249999999	0.0	0.0
140.022	0.0015312862500000003	0.0	0.0
140.082	0.00153879375	0.0	0.0
140.162	0.001548031875	0.0	0.0
140.252	0.0015595612500000004	0.0	0.0
140.362	0.0015728212500000002	0.0	0.0
140.422	0.0014531400000000003	0.0	0.0
140.492	0.00130381875	0.0	0.0
140.582	0.0011140350000000002	0.0	0.0
140.692	0.0008924906250000001	0.0	0.0
140.752	0.0007028775000000001	0.0	0.0
140.822	0.00046246687500000005	0.0	0.0
140.922	0.00015640218750000002	0.0	0.0
141.032	-0.00019899993750000005	0.0	0.0
141.092	-0.000371011875	0.0	0.0
141.172	-0.0005839275	0.0	0.0
141.262	-0.0008502975	0.0	0.0
141.372	-0.00115630125	0.0	0.0
141.432	-0.0012204562500000003	0.0	0.0
141.502	-0.0013006987500000001	0.0	0.0
141.592	-0.00140287875	0.0	0.0
141.702	-0.0015222918750000002	0.0	0.0
141.762	-0.001459843125	0.0	0.0
141.832	-0.0013804781250000002	0.0	0.0
141.932	-0.001279224375	0.0	0.0
142.042	-0.001161541875	0.0	0.0
142.102	-0.000995938125	0.0	0.0
142.182	-0.00079053	0.0	0.0
142.272	-0.000533203125	0.0	0.0
142.382	-0.00023737837500000002	0.0	0.0
142.442	-5.7420187500000005e-05	0.0	0.0
142.512	0.000168777375	0.0	0.0
142.602	0.00045825000000000005	0.0	0.0
142.712	0.0007975256250000001	0.0	0.0
142.772	0.0009269081250000001	0.0	0.0
142.842	0.0010905131250000001	0.0	0.0
142.942	0.001297603125	0.0	0.0
143.052	0.0015364537500000002	0.0	0.0
143.112	0.001545594375	0.0	0.0
143.182	0.00155702625	0.0	0.0
143.272	0.0015716025000000002	0.0	0.0
143.382	0.001588640625	0.0	0.0
143.442	0.00145796625	0.0	0.0
143.512	0.0012910950000000001	0.0	0.0
143.612	0.0010774725000000003	0.0	0.0
143.722	0.0008287012500000001	0.0	0.0
143.782	0.0005893875000000001	0.0	0.0
143.862	0.000291305625	0.0	0.0
143.952	-8.350631250000001e-05	0.0	0.0
144.062	-0.000515263125	0.0	0.0
144.122	-0.0007410731250000001	0.0	0.0
144.192	-0.0010253587500000001	0.0	0.0
144.282	-0.001389350625	0.0	0.0
144.392	-0.0018158400000000004	0.0	0.0
144.452	-0.0019198237500000002	0.0	0.0
144.522	-0.002052838125	0.0	0.0
144.622	-0.0022233656250000003	0.0	0.0
144.732	-0.00242214375	0.0	0.0
144.792	-0.0023123343750000003	0.0	0.0
144.872	-0.00217527375	0.0	0.0
144.962	-0.0020026012500000004	0.0	0.0
145.072	-0.001803481875	0.0	0.0
145.132	-0.0015156131250000002	0.0	0.0
145.202	-0.00115240125	0.0	0.0
145.292	-0.0006863512500000001	0.0	0.0
145.402	-0.0001397565	0.0	0.0
145.462	0.00021196500000000002	0.0	0.0
145.532	0.0006630000000000002	0.0	0.0
145.632	0.0012423450000000002	0.0	0.0
145.742	0.0019182150000000005	0.0	0.0
145.802	0.0021507037500000004	0.0	0.0
145.882	0.0024416437500000003	0.0	0.0
145.972	0.00280873125	0.0	0.0
146.082	0.0032326125000000008	0.0	0.0
146.142	0.003195075	0.0	0.0
146.212	0.0031477875	0.0	0.0
146.302	0.00308685	0.0	0.0
146.412	0.0030151875000000005	0.0	0.0
146.472	0.0027041625	0.0	0.0
146.542	0.0023042662500000004	0.0	0.0
146.642	0.0017896612500000002	0.0	0.0
146.752	0.0011887200000000003	0.0	0.0
146.812	0.000727959375	0.0	0.0
146.892	0.0001501280625	0.0	0.0
146.982	-0.0005807343750000001	0.0	0.0
147.092	-0.001425181875	0.0	0.0
147.152	-0.0017731106250000002	0.0	0.0
147.222	-0.0022143468750000003	0.0	0.0
147.312	-0.0027826500000000007	0.0	0.0
147.422	-0.0034507687500000004	0.0	0.0
147.482	-0.0035256000000000007	0.0	0.0
147.552	-0.0036221250000000003	0.0	0.0
147.652	-0.0037466812500000007	0.0	0.0
147.762	-0.003891956250000001	0.0	0.0
147.822	-0.0036228562500000006	0.0	0.0
147.892	-0.003284775	0.0	0.0
147.992	-0.00285601875	0.0	0.0
148.102	-0.00236032875	0.0	0.0
148.162	-0.0018990806250000001	0.0	0.0
148.232	-0.00131274	0.0	0.0
148.322	-0.00055589625	0.0	0.0
148.432	0.00033447375000000005	0.0	0.0
148.492	0.0007837781250000001	0.0	0.0
148.562	0.00136422	0.0	0.0
148.662	0.00211414125	0.0	0.0
148.772	0.0029915437500000006	0.0	0.0
148.832	0.00319970625	0.0	0.0
148.902	0.0034617375000000005	0.0	0.0
149.002	0.0037947000000000002	0.0	0.0
149.112	0.004179825	0.0	0.0
149.172	0.004036500000000001	0.0	0.0
149.242	0.0038536875000000003	0.0	0.0
149.332	0.0036174937500000003	0.0	0.0
149.442	0.0033391312500000007	0.0	0.0
149.502	0.0029184187500000004	0.0	0.0
149.572	0.0023739300000000002	0.0	0.0
149.672	0.0016689806250000001	0.0	0.0
149.782	0.0008433262500000002	0.0	0.0
149.842	0.0003385200000000001	0.0	0.0
149.912	-0.00029903250000000003	0.0	0.0
150.012	-0.0011101350000000002	0.0	0.0
150.122	-0.002050108125	0.0	0.0
150.182	-0.002358110625	0.0	0.0
150.252	-0.0027516937500000004	0.0	0.0
150.342	-0.00326161875	0.0	0.0
150.452	-0.0038627062500000003	0.0	0.0
150.512	-0.0038546625000000006	0.0	0.0
150.582	-0.00384418125	0.0	0.0
150.682	-0.0038307750000000007	0.0	0.0
150.792	-0.0038146875000000004	0.0	0.0
150.852	-0.0034802625	0.0	0.0
150.922	-0.0030568687500000004	0.0	0.0
151.022	-0.0025169625	0.0	0.0
151.132	-0.0018908175000000003	0.0	0.0
151.192	-0.00142969125	0.0	0.0
151.262	-0.000839011875	0.0	0.0
151.352	-7.200618750000001e-05	0.0	0.0
151.462	0.0008330156250000001	0.0	0.0
151.522	0.0012200662500000002	0.0	0.0
151.592	0.0017238243750000003	0.0	0.0
151.692	0.0023784637500000004	0.0	0.0
151.802	0.0031465687500000007	0.0	0.0
151.862	0.0032682	0.0	0.0
151.932	0.0034224937500000004	0.0	0.0
152.032	0.0036194437500000004	0.0	0.0
152.142	0.003848325	0.0	0.0
152.202	0.0036547875000000002	0.0	0.0
152.272	0.0034064062500000006	0.0	0.0
152.362	0.0030834375000000002	0.0	0.0
152.472	0.0027017250000000003	0.0	0.0
152.532	0.00229685625	0.0	0.0
152.602	0.0017687475000000002	0.0	0.0
152.702	0.00108108	0.0	0.0
152.812	0.000273365625	0.0	0.0
152.872	-0.00015120543750000003	0.0	0.0
152.942	-0.000691275	0.0	0.0
153.042	-0.001382355	0.0	0.0
153.152	-0.0021856087500000004	0.0	0.0
153.212	-0.002398036875	0.0	0.0
153.282	-0.0026715000000000003	0.0	0.0
153.372	-0.00302810625	0.0	0.0
153.482	-0.0034495500000000004	0.0	0.0
153.542	-0.003380081250000001	0.0	0.0
153.612	-0.0032891625000000006	0.0	0.0
153.712	-0.00317045625	0.0	0.0
153.822	-0.00303103125	0.0	0.0
153.882	-0.0027107437500000003	0.0	0.0
153.952	-0.0023020237500000003	0.0	0.0
154.052	-0.0017781075000000003	0.0	0.0
154.162	-0.0011685375	0.0	0.0
154.222	-0.0007928456250000001	0.0	0.0
154.292	-0.000307929375	0.0	0.0
154.382	0.00032555250000000006	0.0	0.0
154.492	0.0010752300000000002	0.0	0.0
154.552	0.001344793125	0.0	0.0
154.622	0.0016982306250000003	0.0	0.0
154.722	0.00216025875	0.0	0.0
154.832	0.0027039187500000005	0.0	0.0
154.892	0.0027390187500000002	0.0	0.0
154.962	0.00278386875	0.0	0.0
155.062	0.0028413937500000007	0.0	0.0
155.172	0.0029084250000000005	0.0	0.0
155.232	0.00271513125	0.0	0.0
155.302	0.0024652874999999998	0.0	0.0
155.392	0.002138053125	0.0	0.0
155.502	0.00175046625	0.0	0.0
155.562	0.00143680875	0.0	0.0
155.632	0.001024505625	0.0	0.0
155.732	0.00048450187500000006	0.0	0.0
155.842	-0.00015162956250000002	0.0	0.0
155.902	-0.00043377750000000005	0.0	0.0
155.972	-0.0007951125	0.0	0.0
156.072	-0.0012599437500000002	0.0	0.0
156.182	-0.0018017025	0.0	0.0
156.232	-0.0019053937500000005	0.0	0.0
156.312	-0.002040309375	0.0	0.0
156.402	-0.0022177593750000004	0.0	0.0
156.512	-0.002428603125	0.0	0.0
156.572	-0.002336416875	0.0	0.0
156.642	-0.002215906875	0.0	0.0
156.742	-0.0020592731250000003	0.0	0.0
156.852	-0.001876168125	0.0	0.0
156.912	-0.0016533318750000003	0.0	0.0
156.982	-0.00136504875	0.0	0.0
157.072	-0.0009874068750000003	0.0	0.0
157.182	-0.000539686875	0.0	0.0
157.242	-0.00029791125	0.0	0.0
157.312	2.1521175e-05	0.0	0.0
157.412	0.00044143125	0.0	0.0
157.522	0.0009369506250000002	0.0	0.0
157.582	0.0010868812500000001	0.0	0.0
157.652	0.001279785	0.0	0.0
157.752	0.0015288487500000002	0.0	0.0
157.862	0.00181969125	0.0	0.0
157.912	0.0018113793750000001	0.0	0.0
157.992	0.0018005568750000002	0.0	0.0
158.082	0.0017863218750000002	0.0	0.0
158.192	0.0017694056250000003	0.0	0.0
158.252	0.0016279575000000001	0.0	0.0
158.322	0.00144070875	0.0	0.0
158.422	0.0011942287500000001	0.0	0.0
158.532	0.0009031181250000001	0.0	0.0
158.592	0.0006972225	0.0	0.0
158.662	0.00043168125000000003	0.0	0.0
158.762	8.815462500000002e-05	0.0	0.0
158.872	-0.000313365	0.0	0.0
158.922	-0.00046909687500000004	0.0	0.0
159.002	-0.0006725062500000001	0.0	0.0
159.092	-0.0009407775000000002	0.0	0.0
159.202	-0.0012596999999999999	0.0	0.0
159.262	-0.0013097175	0.0	0.0
159.332	-0.0013760662499999999	0.0	0.0
159.432	-0.0014636212500000003	0.0	0.0
159.542	-0.001567093125	0.0	0.0
159.602	-0.001488995625	0.0	0.0
159.672	-0.001388034375	0.0	0.0
159.772	-0.001257140625	0.0	0.0
159.882	-0.0011040412500000001	0.0	0.0
159.932	-0.0009516731250000001	0.0	0.0
160.002	-0.0007520906250000001	0.0	0.0
160.102	-0.0004883775000000001	0.0	0.0
160.212	-0.0001745518125	0.0	0.0
160.272	-1.7392537500000003e-05	0.0	0.0
160.342	0.00019170693750000003	0.0	0.0
160.442	0.00046807312500000005	0.0	0.0
160.552	0.0007950637500000001	0.0	0.0
160.612	0.0008821068750000001	0.0	0.0
160.682	0.000994914375	0.0	0.0
160.782	0.0011414325000000001	0.0	0.0
160.892	0.0013130081250000002	0.0	0.0
160.942	0.001289998125	0.0	0.0
161.012	0.0012597975000000002	0.0	0.0
161.112	0.00121977375	0.0	0.0
161.222	0.001172120625	0.0	0.0
161.272	0.001061604375	0.0	0.0
161.352	0.0009141356250000002	0.0	0.0
161.452	0.0007188918750000001	0.0	0.0
161.562	0.00048764625000000003	0.0	0.0
161.622	0.00034493062500000007	0.0	0.0
161.692	0.00015947831249999998	0.0	0.0
161.792	-8.18439375e-05	0.0	0.0
161.902	-0.00036472312500000005	0.0	0.0
161.952	-0.000458445	0.0	0.0
162.022	-0.0005818312500000001	0.0	0.0
162.122	-0.000745558125	0.0	0.0
162.232	-0.0009407287500000001	0.0	0.0
162.282	-0.000954354375	0.0	0.0
162.362	-0.000972586875	0.0	0.0
162.452	-0.0009967425	0.0	0.0
162.572	-0.0010254075	0.0	0.0
162.632	-0.0009573768750000001	0.0	0.0
162.702	-0.0008687737500000001	0.0	0.0
162.802	-0.0007532362500000001	0.0	0.0
162.912	-0.0006176868750000001	0.0	0.0
162.962	-0.00051611625	0.0	0.0
163.032	-0.000382029375	0.0	0.0
163.132	-0.00020375550000000002	0.0	0.0
163.242	8.995350000000002e-06	0.0	0.0
163.292	0.0001002616875	0.0	0.0
163.372	0.0002226534375	0.0	0.0
163.462	0.00038534437500000005	0.0	0.0
163.582	0.0005784187500000001	0.0	0.0
163.642	0.00062190375	0.0	0.0
163.712	0.0006786731250000001	0.0	0.0
163.812	0.00075284625	0.0	0.0
163.922	0.0008399381250000001	0.0	0.0
163.972	0.000820048125	0.0	0.0
164.042	0.0007936987500000001	0.0	0.0
164.142	0.000758574375	0.0	0.0
164.252	0.0007166493750000001	0.0	0.0
164.302	0.0006410625	0.0	0.0
164.382	0.00053941875	0.0	0.0
164.472	0.00040404000000000004	0.0	0.0
164.592	0.00024326006250000002	0.0	0.0
164.652	0.00013364325000000003	0.0	0.0
164.722	-9.85261875e-06	0.0	0.0
164.822	-0.00019768125	0.0	0.0
164.932	-0.00041849437500000007	0.0	0.0
164.982	-0.0005083162500000001	0.0	0.0
165.052	-0.0006275587500000001	0.0	0.0
165.152	-0.0007867031250000002	0.0	0.0
165.262	-0.00097699875	0.0	0.0
165.312	-0.0010035431250000001	0.0	0.0
165.392	-0.0010393256250000001	0.0	0.0
165.482	-0.001087051875	0.0	0.0
165.602	-0.00114382125	0.0	0.0
165.662	-0.0010712325	0.0	0.0
165.732	-0.0009759993750000001	0.0	0.0
165.832	-0.0008510775000000002	0.0	0.0
165.942	-0.000704071875	0.0	0.0
165.992	-0.0005585775	0.0	0.0
166.062	-0.0003649181250000001	0.0	0.0
166.162	-0.00010591181250000002	0.0	0.0
166.272	0.000204082125	0.0	0.0
166.322	0.00036460125	0.0	0.0
166.402	0.000581611875	0.0	0.0
166.492	0.0008717718750000001	0.0	0.0
166.612	0.0012170437500000002	0.0	0.0
166.672	0.001303453125	0.0	0.0
166.742	0.0014171625000000002	0.0	0.0
166.842	0.0015665812500000001	0.0	0.0
166.952	0.0017425687500000002	0.0	0.0
167.002	0.0016915031250000002	0.0	0.0
167.072	0.0016233018750000001	0.0	0.0
167.172	0.0015319443750000002	0.0	0.0
167.282	0.0014224762500000003	0.0	0.0
167.332	0.001243125	0.0	0.0
167.412	0.0010000575000000001	0.0	0.0
167.502	0.000674383125	0.0	0.0
167.622	0.00028650375000000006	0.0	0.0
167.682	5.3832187500000005e-05	0.0	0.0
167.752	-0.00025306125000000004	0.0	0.0
167.852	-0.00065715	0.0	0.0
167.962	-0.001133535	0.0	0.0
168.012	-0.0012827587500000002	0.0	0.0
168.082	-0.00148243875	0.0	0.0
168.182	-0.0017506125	0.0	0.0
168.292	-0.002072191875	0.0	0.0
168.342	-0.002066195625	0.0	0.0
168.422	-0.0020580543750000004	0.0	0.0
168.512	-0.0020471100000000004	0.0	0.0
168.632	-0.002034069375	0.0	0.0
168.692	-0.0018562537500000002	0.0	0.0
168.762	-0.001621059375	0.0	0.0
168.862	-0.001310814375	0.0	0.0
168.972	-0.0009447018750000001	0.0	0.0
169.022	-0.0006987581250000001	0.0	0.0
169.092	-0.00036869625000000004	0.0	0.0
169.192	7.54040625e-05	0.0	0.0
169.302	0.0006084487500000001	0.0	0.0
169.352	0.0008116143750000001	0.0	0.0
169.432	0.0010885143750000003	0.0	0.0
169.522	0.0014609156250000002	0.0	0.0
169.642	0.001905271875	0.0	0.0
169.702	0.001957824375	0.0	0.0
169.772	0.002027488125	0.0	0.0
169.872	0.0021195525	0.0	0.0
169.982	0.0022283137500000005	0.0	0.0
170.032	0.002108851875	0.0	0.0
170.102	0.00194809875	0.0	0.0
170.202	0.0017313806250000001	0.0	0.0
170.312	0.0014710068750000002	0.0	0.0
170.362	0.0012464156250000002	0.0	0.0
170.442	0.0009395343750000001	0.0	0.0
170.532	0.0005259637500000001	0.0	0.0
170.652	3.20263125e-05	0.0	0.0
170.712	-0.00018456506250000003	0.0	0.0
170.782	-0.0004723387500000001	0.0	0.0
170.882	-0.00085327125	0.0	0.0
170.992	-0.0013035506250000002	0.0	0.0
171.042	-0.001391008125	0.0	0.0
171.112	-0.0015093731250000004	0.0	0.0
171.212	-0.0016697606250000003	0.0	0.0
171.322	-0.0018629812500000002	0.0	0.0
171.372	-0.0018036525	0.0	0.0
171.452	-0.0017230443750000002	0.0	0.0
171.542	-0.0016152825000000004	0.0	0.0
171.662	-0.00148750875	0.0	0.0
171.712	-0.00133185	0.0	0.0
171.782	-0.00112242	0.0	0.0
171.882	-0.00083981625	0.0	0.0
171.992	-0.0005000775000000001	0.0	0.0
172.042	-0.00033769125	0.0	0.0
172.122	-0.00011458443750000001	0.0	0.0
172.212	0.0001871878125	0.0	0.0
172.332	0.00054819375	0.0	0.0
172.382	0.0006372600000000001	0.0	0.0
172.462	0.000756136875	0.0	0.0
172.552	0.00091411125	0.0	0.0
172.672	0.001101165	0.0	0.0
172.722	0.00108493125	0.0	0.0
172.792	0.001062920625	0.0	0.0
172.892	0.001033085625	0.0	0.0
173.002	0.0009971568749999999	0.0	0.0
173.052	0.0009156956250000001	0.0	0.0
173.122	0.000803595	0.0	0.0
173.222	0.000651714375	0.0	0.0
173.342	0.000469876875	0.0	0.0
173.392	0.00038310187500000003	0.0	0.0
173.472	0.000266930625	0.0	0.0
173.562	0.00011227612500000002	0.0	0.0
173.682	-7.102875000000001e-05	0.0	0.0
173.732	-0.00010719150000000002	0.0	0.0
173.802	-0.0001563534375	0.0	0.0
173.902	-0.00022313606250000005	0.0	0.0
174.012	-0.00030363937500000004	0.0	0.0
174.062	-0.000290964375	0.0	0.0
174.132	-0.00027346312500000004	0.0	0.0
174.232	-0.0002496975	0.0	0.0
174.352	-0.00022122506250000002	0.0	0.0
174.402	-0.000194653875	0.0	0.0
174.482	-0.00015898593750000005	0.0	0.0
174.572	-0.00011141325	0.0	0.0
174.692	-5.49729375e-05	0.0	0.0
174.742	-5.19065625e-05	0.0	0.0
174.812	-4.772625000000001e-05	0.0	0.0
174.912	-4.2037125e-05	0.0	0.0
175.022	-3.5173125000000006e-05	0.0	0.0
175.072	-2.4672375e-06	0.0	0.0
175.142	4.28025e-05	0.0	0.0
175.242	0.0001043713125	0.0	0.0
175.362	0.000178215375	0.0	0.0
175.412	0.00022711893750000002	0.0	0.0
175.492	0.00029293875	0.0	0.0
175.582	0.0003808837500000001	0.0	0.0
175.702	0.000485330625	0.0	0.0
175.752	0.0005044650000000001	0.0	0.0
175.822	0.000530595	0.0	0.0
175.922	0.0005662556250000001	0.0	0.0
176.032	0.000609301875	0.0	0.0
176.082	0.000570838125	0.0	0.0
176.152	0.0005174325	0.0	0.0
176.252	0.00044467312500000007	0.0	0.0
176.372	0.00035731312500000004	0.0	0.0
176.422	0.00026658937500000004	0.0	0.0
176.502	0.000144183	0.0	0.0
176.592	-1.973083125e-05	0.0	0.0
176.712	-0.00021457068750000002	0.0	0.0
176.762	-0.00030264	0.0	0.0
176.832	-0.000423369375	0.0	0.0
176.932	-0.0005883881250000001	0.0	0.0
177.042	-0.0007878731250000001	0.0	0.0
177.092	-0.000825410625	0.0	0.0
177.162	-0.0008776706250000001	0.0	0.0
177.262	-0.00094901625	0.0	0.0
177.382	-0.001034743125	0.0	0.0
177.432	-0.0009891131250000002	0.0	0.0
177.512	-0.00092737125	0.0	0.0
177.602	-0.0008445206250000001	0.0	0.0
177.722	-0.0007459725000000001	0.0	0.0
177.772	-0.0006422081250000001	0.0	0.0
177.842	-0.00049954125	0.0	0.0
177.932	-0.00030415125000000004	0.0	0.0
178.052	-6.7757625e-05	0.0	0.0
178.102	4.5137625e-05	0.0	0.0
178.172	0.00020273662500000004	0.0	0.0
178.272	0.00041832375000000005	0.0	0.0
178.392	0.000677625	0.0	0.0
178.442	0.0007392206250000001	0.0	0.0
178.522	0.0008228025000000001	0.0	0.0
178.612	0.0009351712500000001	0.0	0.0
178.732	0.0010689656250000002	0.0	0.0
178.782	0.0010462725	0.0	0.0
178.852	0.0010149993750000002	0.0	0.0
178.942	0.000972050625	0.0	0.0
179.062	0.0009200587500000001	0.0	0.0
179.112	0.0008321868750000001	0.0	0.0
179.182	0.000709141875	0.0	0.0
179.282	0.00054049125	0.0	0.0
179.402	0.00033749625000000004	0.0	0.0
179.452	0.000231621	0.0	0.0
179.532	8.76013125e-05	0.0	0.0
179.622	-0.00010637250000000003	0.0	0.0
179.742	-0.00033759375	0.0	0.0
179.792	-0.000398068125	0.0	0.0
179.862	-0.00048174750000000004	0.0	0.0
179.952	-0.000596773125	0.0	0.0
180.072	-0.0007362225	0.0	0.0
180.122	-0.0007341262500000002	0.0	0.0
180.192	-0.0007312012500000001	0.0	0.0
180.292	-0.000727179375	0.0	0.0
180.412	-0.0007223531250000001	0.0	0.0
180.462	-0.000667850625	0.0	0.0
180.542	-0.0005935068750000001	0.0	0.0
180.632	-0.0004932037500000001	0.0	0.0
180.752	-0.00037352250000000005	0.0	0.0
180.802	-0.00031165875	0.0	0.0
180.872	-0.00022586118750000003	0.0	0.0
180.962	-0.00010764975000000001	0.0	0.0
181.082	3.57800625e-05	0.0	0.0
181.132	7.473131250000001e-05	0.0	0.0
181.202	0.0001295701875	0.0	0.0
181.302	0.00020503518750000001	0.0	0.0
181.422	0.00029603437500000005	0.0	0.0
181.472	0.000301445625	0.0	0.0
181.552	0.00030888000000000004	0.0	0.0
181.642	0.00031889812500000006	0.0	0.0
181.762	0.00033086625000000006	0.0	0.0
181.812	0.000316704375	0.0	0.0
181.882	0.00029698500000000004	0.0	0.0
181.972	0.0002697825	0.0	0.0
182.092	0.00023675193750000002	0.0	0.0
182.142	0.00021195037500000002	0.0	0.0
182.212	0.00017692837500000004	0.0	0.0
182.312	0.00012864150000000004	0.0	0.0
182.432	7.03584375e-05	0.0	0.0
182.482	2.8143375000000004e-05	0.0	0.0
182.552	-2.9754562500000002e-05	0.0	0.0
182.652	-0.00010819331250000002	0.0	0.0
182.772	-0.0002019493125	0.0	0.0
182.822	-0.000246699375	0.0	0.0
182.892	-0.00030912375	0.0	0.0
182.982	-0.00039548437500000006	0.0	0.0
183.102	-0.000500443125	0.0	0.0
183.152	-0.000518968125	0.0	0.0
183.222	-0.00054517125	0.0	0.0
183.322	-0.0005813925000000001	0.0	0.0
183.442	-0.00062512125	0.0	0.0
183.492	-0.0005877056250000001	0.0	0.0
183.562	-0.0005362256250000001	0.0	0.0
183.662	-0.0004663425000000001	0.0	0.0
183.782	-0.00038273625000000003	0.0	0.0
183.832	-0.00029835000000000007	0.0	0.0
183.902	-0.0001802311875	0.0	0.0
183.992	-1.65033375e-05	0.0	0.0
184.112	0.0001826979375	0.0	0.0
184.162	0.00027953250000000004	0.0	0.0
184.232	0.00041708062500000006	0.0	0.0
184.332	0.0006074981250000001	0.0	0.0
184.452	0.0008376956250000001	0.0	0.0
184.502	0.0008891756250000001	0.0	0.0
184.572	0.0009601556250000001	0.0	0.0
184.672	0.0010566806250000003	0.0	0.0
184.792	0.00117229125	0.0	0.0
184.842	0.001136094375	0.0	0.0
184.912	0.001085296875	0.0	0.0
185.002	0.0010147312500000001	0.0	0.0
185.122	0.0009288093750000001	0.0	0.0
185.172	0.0008096887500000002	0.0	0.0
185.242	0.000640014375	0.0	0.0
185.342	0.00040469812500000004	0.0	0.0
185.462	0.00011992012500000002	0.0	0.0
185.512	-3.3281625000000005e-05	0.0	0.0
185.582	-0.000245041875	0.0	0.0
185.682	-0.000533495625	0.0	0.0
185.802	-0.0008791087500000001	0.0	0.0
185.852	-0.0009742687500000002	0.0	0.0
185.922	-0.0011086725000000002	0.0	0.0
186.012	-0.0012962625	0.0	0.0
186.132	-0.00152533875	0.0	0.0
186.182	-0.00151529625	0.0	0.0
186.252	-0.0015011100000000002	0.0	0.0
186.352	-0.0014815612500000002	0.0	0.0
186.472	-0.0014580881250000001	0.0	0.0
186.522	-0.001338406875	0.0	0.0
186.592	-0.00117043875	0.0	0.0
186.682	-0.000936975	0.0	0.0
186.802	-0.00065247	0.0	0.0
186.852	-0.00047424	0.0	0.0
186.922	-0.00021890456250000005	0.0	0.0
187.022	0.00013654631250000003	0.0	0.0
187.142	0.000567425625	0.0	0.0
187.192	0.00071930625	0.0	0.0
187.262	0.0009303693750000001	0.0	0.0
187.362	0.00121889625	0.0	0.0
187.482	0.0015652406250000002	0.0	0.0
187.532	0.0016019250000000004	0.0	0.0
187.602	0.001653819375	0.0	0.0
187.692	0.0017262862500000001	0.0	0.0
187.812	0.0018147431250000003	0.0	0.0
187.862	0.0017208993750000001	0.0	0.0
187.932	0.0015861543750000002	0.0	0.0
188.032	0.0013982718750000002	0.0	0.0
188.152	0.0011703900000000003	0.0	0.0
188.202	0.0009805087500000002	0.0	0.0
188.272	0.0007159425000000001	0.0	0.0
188.372	0.000353510625	0.0	0.0
188.492	-8.194387500000001e-05	0.0	0.0
188.542	-0.00025813125	0.0	0.0
188.612	-0.0005081700000000001	0.0	0.0
188.702	-0.0008580975000000001	0.0	0.0
188.822	-0.001285610625	0.0	0.0
188.872	-0.0013745550000000002	0.0	0.0
188.942	-0.0015026212500000003	0.0	0.0
189.042	-0.0016815581250000002	0.0	0.0
189.162	-0.0018987881250000004	0.0	0.0
189.212	-0.001848795	0.0	0.0
189.282	-0.001778911875	0.0	0.0
189.382	-0.0016830206250000002	0.0	0.0
189.502	-0.0015676781250000002	0.0	0.0
189.552	-0.00141141	0.0	0.0
189.622	-0.0011889393750000002	0.0	0.0
189.712	-0.000876988125	0.0	0.0
189.832	-0.0004954950000000001	0.0	0.0
189.882	-0.00030222562500000004	0.0	0.0
189.952	-2.301999375e-05	0.0	0.0
190.052	0.000367745625	0.0	0.0
190.172	0.00084264375	0.0	0.0
190.222	0.00098007	0.0	0.0
190.292	0.001172656875	0.0	0.0
190.392	0.001437515625	0.0	0.0
190.512	0.001756291875	0.0	0.0
190.562	0.0017637018750000003	0.0	0.0
190.632	0.0017742318750000002	0.0	0.0
190.722	0.001789051875	0.0	0.0
190.842	0.001807186875	0.0	0.0
190.892	0.0016882368750000003	0.0	0.0
190.962	0.0015158812500000003	0.0	0.0
191.062	0.0012741787500000002	0.0	0.0
191.182	0.0009801675	0.0	0.0
191.232	0.0007849237500000001	0.0	0.0
191.302	0.000510485625	0.0	0.0
191.402	0.00013235625	0.0	0.0
191.522	-0.000323188125	0.0	0.0
191.572	-0.00048301500000000005	0.0	0.0
191.642	-0.000711920625	0.0	0.0
191.732	-0.0010342312500000001	0.0	0.0
191.852	-0.0014290818750000002	0.0	0.0
191.902	-0.0014903606250000001	0.0	0.0
191.972	-0.00157945125	0.0	0.0
192.072	-0.0017046168750000001	0.0	0.0
192.192	-0.0018570093750000002	0.0	0.0
192.242	-0.0017834456250000004	0.0	0.0
192.312	-0.0016797543750000001	0.0	0.0
192.412	-0.0015366000000000004	0.0	0.0
192.532	-0.001364000625	0.0	0.0
192.582	-0.0012026137500000002	0.0	0.0
192.652	-0.000970734375	0.0	0.0
192.742	-0.0006435975000000002	0.0	0.0
192.862	-0.00024247518750000004	0.0	0.0
192.912	-6.38015625e-05	0.0	0.0
192.982	0.00019665018750000005	0.0	0.0
193.082	0.0005633550000000001	0.0	0.0
193.202	0.001010124375	0.0	0.0
193.252	0.00111964125	0.0	0.0
193.322	0.0012744468750000002	0.0	0.0
193.422	0.001488605625	0.0	0.0
193.542	0.0017470781250000002	0.0	0.0
193.592	0.0017300156250000002	0.0	0.0
193.662	0.001705396875	0.0	0.0
193.752	0.0016706381250000003	0.0	0.0
193.872	0.0016279331250000002	0.0	0.0
193.922	0.00149891625	0.0	0.0
193.992	0.00131025375	0.0	0.0
194.092	0.0010441031250000002	0.0	0.0
194.212	0.00071955	0.0	0.0
194.262	0.000535494375	0.0	0.0
194.332	0.00027456000000000003	0.0	0.0
194.432	-8.70894375e-05	0.0	0.0
194.552	-0.000523940625	0.0	0.0
194.602	-0.0006576375000000001	0.0	0.0
194.672	-0.0008509312500000001	0.0	0.0
194.762	-0.0011247112500000003	0.0	0.0
194.882	-0.0014610375	0.0	0.0
194.932	-0.001493480625	0.0	0.0
195.002	-0.0015410606250000002	0.0	0.0
195.102	-0.0016083112500000002	0.0	0.0
195.222	-0.001690381875	0.0	0.0
195.272	-0.00160109625	0.0	0.0
195.342	-0.0014741025000000003	0.0	0.0
195.442	-0.001297749375	0.0	0.0
195.562	-0.00108454125	0.0	0.0
195.612	-0.0009311493750000002	0.0	0.0
195.672	-0.0007086543750000001	0.0	0.0
195.772	-0.000392851875	0.0	0.0
195.892	-4.600050000000001e-06	0.0	0.0
195.942	0.00014541393750000002	0.0	0.0
196.012	0.00036613687500000006	0.0	0.0
196.112	0.000678721875	0.0	0.0
196.232	0.00106055625	0.0	0.0
196.282	0.0011341200000000002	0.0	0.0
196.352	0.0012390300000000001	0.0	0.0
196.452	0.0013849875	0.0	0.0
196.572	0.0015616331250000001	0.0	0.0
196.622	0.0015241200000000001	0.0	0.0
196.682	0.0014695687500000001	0.0	0.0
196.782	0.001391983125	0.0	0.0
196.902	0.0012964818750000001	0.0	0.0
196.952	0.001173826875	0.0	0.0
197.022	0.0009927693750000001	0.0	0.0
197.122	0.0007358568750000001	0.0	0.0
197.242	0.000421760625	0.0	0.0
197.292	0.00027180562499999996	0.0	0.0
197.362	5.7347062500000006e-05	0.0	0.0
197.462	-0.00024166593750000003	0.0	0.0
197.582	-0.0006038175000000002	0.0	0.0
197.632	-0.000695833125	0.0	0.0
197.692	-0.0008301393750000002	0.0	0.0
197.792	-0.0010215806250000003	0.0	0.0
197.912	-0.001257335625	0.0	0.0
197.962	-0.00126101625	0.0	0.0
198.032	-0.0012664762500000002	0.0	0.0
198.132	-0.0012742275000000001	0.0	0.0
198.252	-0.0012837337500000003	0.0	0.0
198.302	-0.00119754375	0.0	0.0
198.372	-0.0010739137500000002	0.0	0.0
198.472	-0.000901216875	0.0	0.0
198.592	-0.0006918356250000001	0.0	0.0
198.642	-0.0005732025	0.0	0.0
198.702	-0.0003995062500000001	0.0	0.0
198.802	-0.0001514004375	0.0	0.0
198.922	0.00015442050000000004	0.0	0.0
198.972	0.00025367062500000005	0.0	0.0
199.042	0.00040106625000000003	0.0	0.0
199.142	0.0006110325000000001	0.0	0.0
199.262	0.0008682131250000001	0.0	0.0
199.312	0.0009013387500000002	0.0	0.0
199.382	0.000948991875	0.0	0.0
199.482	0.0010157062500000002	0.0	0.0
199.602	0.0010966556249999999	0.0	0.0
199.652	0.0010544381250000001	0.0	0.0
199.712	0.0009924037500000002	0.0	0.0
199.812	0.0009036543750000002	0.0	0.0
199.932	0.0007941375	0.0	0.0
199.982	0.0007052175000000001	0.0	0.0
200.052	0.0005727393750000001	0.0	0.0
200.152	0.00038363812500000004	0.0	0.0
200.272	0.000151831875	0.0	0.0
200.322	6.032325e-05	0.0	0.0
200.392	-7.16625e-05	0.0	0.0
200.492	-0.000256693125	0.0	0.0
200.612	-0.00048130875	0.0	0.0
200.662	-0.000525061875	0.0	0.0
200.722	-0.000589801875	0.0	0.0
200.822	-0.00068289	0.0	0.0
200.942	-0.0007980375000000001	0.0	0.0
200.992	-0.000785630625	0.0	0.0
201.062	-0.000767300625	0.0	0.0
201.162	-0.0007413412500000002	0.0	0.0
201.282	-0.00070975125	0.0	0.0
201.332	-0.000655029375	0.0	0.0
201.392	-0.000574665	0.0	0.0
201.492	-0.000459541875	0.0	0.0
201.612	-0.000317435625	0.0	0.0
201.662	-0.00025120875000000004	0.0	0.0
201.732	-0.0001519415625	0.0	0.0
201.832	-9.697837500000001e-06	0.0	0.0
201.952	0.00016493587500000003	0.0	0.0
202.002	0.00021166762500000001	0.0	0.0
202.072	0.000279459375	0.0	0.0
202.172	0.00037483875000000004	0.0	0.0
202.292	0.000490815	0.0	0.0
202.342	0.00049720125	0.0	0.0
202.402	0.00050665875	0.0	0.0
202.502	0.000520284375	0.0	0.0
202.622	0.0005371031250000001	0.0	0.0
202.672	0.0005095837500000001	0.0	0.0
202.742	0.00046821937500000004	0.0	0.0
202.842	0.00040886625000000006	0.0	0.0
202.962	0.000335960625	0.0	0.0
203.012	0.00028979437500000003	0.0	0.0
203.082	0.00022264612500000002	0.0	0.0
203.182	0.000127963875	0.0	0.0
203.302	1.2719362500000001e-05	0.0	0.0
203.352	-2.5995937500000002e-05	0.0	0.0
203.412	-8.355993750000001e-05	0.0	0.0
203.512	-0.00016655681250000003	0.0	0.0
203.632	-0.00026927062500000005	0.0	0.0
203.682	-0.00028930687500000005	0.0	0.0
203.752	-0.00031950749999999997	0.0	0.0
203.852	-0.00036291937500000003	0.0	0.0
203.972	-0.00041630062500000003	0.0	0.0
204.022	-0.0004094268750000001	0.0	0.0
204.092	-0.000399384375	0.0	0.0
204.192	-0.00038522250000000007	0.0	0.0
204.312	-0.000367965	0.0	0.0
204.362	-0.0003377643750000001	0.0	0.0
204.422	-0.00029274375	0.0	0.0
204.522	-0.00022768443750000004	0.0	0.0
204.642	-0.00014709337500000002	0.0	0.0
204.692	-0.000102438375	0.0	0.0
204.762	-3.489525e-05	0.0	0.0
204.862	6.240975000000002e-05	0.0	0.0
204.982	0.00018215925	0.0	0.0
205.032	0.00022316287500000003	0.0	0.0
205.102	0.00028318875	0.0	0.0
205.202	0.00036816	0.0	0.0
205.322	0.00047175375000000003	0.0	0.0
205.362	0.00048425812500000004	0.0	0.0
205.432	0.0005030025000000001	0.0	0.0
205.532	0.0005301075000000001	0.0	0.0
205.652	0.000563720625	0.0	0.0
205.702	0.0005373468750000002	0.0	0.0
205.772	0.0004972987500000001	0.0	0.0
205.872	0.00043948125000000006	0.0	0.0
205.992	0.00036828187500000006	0.0	0.0
206.042	0.00030639375000000006	0.0	0.0
206.112	0.00021550425000000002	0.0	0.0
206.212	8.660925000000001e-05	0.0	0.0
206.332	-7.068993750000001e-05	0.0	0.0
206.372	-0.0001344646875	0.0	0.0
206.442	-0.00023024381250000002	0.0	0.0
206.542	-0.00036918375	0.0	0.0
206.662	-0.0005415881250000001	0.0	0.0
206.712	-0.0005780287500000001	0.0	0.0
206.782	-0.00063350625	0.0	0.0
206.882	-0.0007137243750000001	0.0	0.0
207.002	-0.00081261375	0.0	0.0
207.052	-0.000794405625	0.0	0.0
207.122	-0.0007675931250000002	0.0	0.0
207.222	-0.0007294706250000001	0.0	0.0
207.342	-0.0006829143750000001	0.0	0.0
207.382	-0.000616029375	0.0	0.0
207.452	-0.00051523875	0.0	0.0
207.552	-0.0003687450000000001	0.0	0.0
207.672	-0.00018680025000000002	0.0	0.0
207.722	-9.760237500000001e-05	0.0	0.0
207.792	3.865875e-05	0.0	0.0
207.892	0.00023612550000000004	0.0	0.0
208.012	0.0004797487500000001	0.0	0.0
208.062	0.0005467556250000001	0.0	0.0
208.132	0.00064579125	0.0	0.0
208.232	0.000786751875	0.0	0.0
208.352	0.0009591075000000002	0.0	0.0
208.392	0.0009624468749999999	0.0	0.0
208.462	0.0009674925000000001	0.0	0.0
208.562	0.0009748537500000002	0.0	0.0
208.682	0.0009839943750000002	0.0	0.0
208.732	0.0009205462500000001	0.0	0.0
208.792	0.0008232656250000001	0.0	0.0
208.902	0.0006820125	0.0	0.0
209.022	0.000507609375	0.0	0.0
209.072	0.00040165125	0.0	0.0
209.142	0.000244603125	0.0	0.0
209.242	2.052691875e-05	0.0	0.0
209.362	-0.000253621875	0.0	0.0
209.402	-0.0003396412500000001	0.0	0.0
209.472	-0.00047012062500000003	0.0	0.0
209.572	-0.0006605625	0.0	0.0
209.692	-0.0008975118750000001	0.0	0.0
209.742	-0.0009273468750000001	0.0	0.0
209.802	-0.0009732450000000002	0.0	0.0
209.912	-0.0010400081250000002	0.0	0.0
210.032	-0.0011225175000000001	0.0	0.0
210.082	-0.0010756687500000001	0.0	0.0
210.152	-0.0010060050000000001	0.0	0.0
210.252	-0.0009064575	0.0	0.0
210.372	-0.0007845337500000001	0.0	0.0
210.412	-0.0006911775	0.0	0.0
210.482	-0.0005490468750000001	0.0	0.0
210.582	-0.00034117687500000003	0.0	0.0
210.702	-8.23411875e-05	0.0	0.0
210.742	1.566313125e-05	0.0	0.0
210.812	0.00016689075000000004	0.0	0.0
210.922	0.000387343125	0.0	0.0
211.042	0.0006600262500000001	0.0	0.0
211.092	0.0007137975000000001	0.0	0.0
211.162	0.0007940156250000001	0.0	0.0
211.262	0.0009088950000000001	0.0	0.0
211.382	0.001049685	0.0	0.0
211.422	0.0010321593750000002	0.0	0.0
211.492	0.0010053956250000002	0.0	0.0
211.592	0.00096617625	0.0	0.0
211.712	0.0009173043750000001	0.0	0.0
211.752	0.0008430581250000002	0.0	0.0
211.822	0.0007281056249999999	0.0	0.0
211.922	0.000560210625	0.0	0.0
212.052	0.000352340625	0.0	0.0
212.102	0.00025713187500000004	0.0	0.0
212.172	0.0001146575625	0.0	0.0
212.272	-8.981700000000001e-05	0.0	0.0
212.392	-0.000340640625	0.0	0.0
212.432	-0.00040143187499999997	0.0	0.0
212.502	-0.0004946418750000001	0.0	0.0
212.602	-0.0006315075000000001	0.0	0.0
212.722	-0.00080223	0.0	0.0
212.762	-0.000809176875	0.0	0.0
212.832	-0.000819950625	0.0	0.0
212.932	-0.00083572125	0.0	0.0
213.062	-0.0008552700000000001	0.0	0.0
213.112	-0.0008062275000000001	0.0	0.0
213.182	-0.0007325906250000001	0.0	0.0
213.282	-0.00062668125	0.0	0.0
213.402	-0.0004966650000000001	0.0	0.0
213.442	-0.00042583125	0.0	0.0
213.512	-0.00031685062500000003	0.0	0.0
213.612	-0.00015647531250000002	0.0	0.0
213.732	4.3721437500000004e-05	0.0	0.0
213.772	0.00010588987500000002	0.0	0.0
213.842	0.000202804875	0.0	0.0
213.942	0.00034493062500000007	0.0	0.0
214.072	0.000521161875	0.0	0.0
214.122	0.0005464875000000001	0.0	0.0
214.192	0.000584634375	0.0	0.0
214.292	0.0006396	0.0	0.0
214.412	0.0007071431250000002	0.0	0.0
214.452	0.000686960625	0.0	0.0
214.522	0.0006558093750000001	0.0	0.0
214.622	0.000609886875	0.0	0.0
214.742	0.00055248375	0.0	0.0
214.782	0.0005001993750000001	0.0	0.0
214.852	0.00041842125000000007	0.0	0.0
214.952	0.00029825250000000005	0.0	0.0
215.082	0.0001491140625	0.0	0.0
215.132	8.775243750000001e-05	0.0	0.0
215.202	-4.919606250000001e-06	0.0	0.0
215.302	-0.00013863525	0.0	0.0
215.422	-0.00030303000000000003	0.0	0.0
215.462	-0.000339885	0.0	0.0
215.532	-0.00039716625000000004	0.0	0.0
215.632	-0.0004820887500000001	0.0	0.0
215.752	-0.0005884612500000001	0.0	0.0
215.792	-0.0005892656249999999	0.0	0.0
215.862	-0.00059050875	0.0	0.0
215.972	-0.000592336875	0.0	0.0
216.092	-0.00059460375	0.0	0.0
216.132	-0.000558894375	0.0	0.0
216.202	-0.0005037825000000001	0.0	0.0
216.302	-0.00042241875000000007	0.0	0.0
216.422	-0.00032072625000000005	0.0	0.0
216.462	-0.00026459062500000004	0.0	0.0
216.532	-0.00017616787500000002	0.0	0.0
216.632	-4.576162500000001e-05	0.0	0.0
216.762	0.00011631262500000002	0.0	0.0
216.812	0.000167470875	0.0	0.0
216.882	0.00024521250000000003	0.0	0.0
216.982	0.0003578006250000001	0.0	0.0
217.102	0.0004964456250000001	0.0	0.0
217.142	0.000513508125	0.0	0.0
217.212	0.000540125625	0.0	0.0
217.312	0.000579564375	0.0	0.0
217.432	0.0006289481250000001	0.0	0.0
217.472	0.00060669375	0.0	0.0
217.542	0.000571569375	0.0	0.0
217.642	0.000519675	0.0	0.0
217.772	0.00045515437500000006	0.0	0.0
217.822	0.000402285	0.0	0.0
217.882	0.000321676875	0.0	0.0
217.992	0.00020469637500000003	0.0	0.0
218.112	6.05109375e-05	0.0	0.0
218.152	9.644943750000001e-06	0.0	0.0
218.222	-6.99148125e-05	0.0	0.0
218.322	-0.00018812381250000003	0.0	0.0
218.442	-0.00033625312500000005	0.0	0.0
218.482	-0.00036418687500000004	0.0	0.0
218.552	-0.0004084518750000001	0.0	0.0
218.652	-0.0004739475	0.0	0.0
218.782	-0.000555481875	0.0	0.0
218.832	-0.0005463412500000001	0.0	0.0
218.892	-0.0005323743750000001	0.0	0.0
219.002	-0.00051207	0.0	0.0
219.122	-0.00048703687500000007	0.0	0.0
219.162	-0.00045069375000000004	0.0	0.0
219.232	-0.00039363187500000005	0.0	0.0
219.332	-0.00030866062500000004	0.0	0.0
219.452	-0.00020211993750000003	0.0	0.0
219.492	-0.0001576453125	0.0	0.0
219.562	-8.692612500000002e-05	0.0	0.0
219.662	1.79531625e-05	0.0	0.0
219.792	0.0001486070625	0.0	0.0
219.842	0.0001799289375	0.0	0.0
219.902	0.0002280061875	0.0	0.0
220.012	0.0002980575	0.0	0.0
220.132	0.00038451562500000004	0.0	0.0
220.172	0.0003886350000000001	0.0	0.0
220.242	0.00039511875	0.0	0.0
220.342	0.00040479562500000005	0.0	0.0
220.462	0.000416934375	0.0	0.0
220.502	0.0003974100000000001	0.0	0.0
220.572	0.000366234375	0.0	0.0
220.672	0.0003198975	0.0	0.0
220.802	0.00026212875	0.0	0.0
220.842	0.000225766125	0.0	0.0
220.912	0.0001697596875	0.0	0.0
221.022	8.800106250000001e-05	0.0	0.0
221.142	-1.3023806250000001e-05	0.0	0.0
221.182	-5.0151562500000004e-05	0.0	0.0
221.252	-0.000108863625	0.0	0.0
221.352	-0.00019663312500000003	0.0	0.0
221.472	-0.000306905625	0.0	0.0
221.512	-0.000333376875	0.0	0.0
221.582	-0.000375765	0.0	0.0
221.682	-0.0004389206250000001	0.0	0.0
221.812	-0.00051767625	0.0	0.0
221.852	-0.0005151168750000001	0.0	0.0
221.922	-0.000511119375	0.0	0.0
222.022	-0.00050529375	0.0	0.0
222.152	-0.00049807875	0.0	0.0
222.192	-0.000459298125	0.0	0.0
222.262	-0.0003977268750000001	0.0	0.0
222.362	-0.00030551625000000007	0.0	0.0
222.482	-0.00018956925000000003	0.0	0.0
222.522	-0.000122552625	0.0	0.0
222.592	-1.483486875e-05	0.0	0.0
222.692	0.00014586975	0.0	0.0
222.822	0.00034656374999999997	0.0	0.0
222.862	0.00041179125000000003	0.0	0.0
222.932	0.0005129475000000001	0.0	0.0
223.032	0.00066119625	0.0	0.0
223.162	0.00084469125	0.0	0.0
223.202	0.0008634112500000001	0.0	0.0
223.272	0.0008932218750000001	0.0	0.0
223.372	0.0009379500000000001	0.0	0.0
223.492	0.00099425625	0.0	0.0
223.532	0.000947041875	0.0	0.0
223.602	0.000870894375	0.0	0.0
223.702	0.0007570387500000001	0.0	0.0
223.832	0.0006147375	0.0	0.0
223.872	0.0005079506250000001	0.0	0.0
223.942	0.000341835	0.0	0.0
224.042	9.785831250000002e-05	0.0	0.0
224.172	-0.00020435268750000006	0.0	0.0
224.212	-0.00031068375	0.0	0.0
224.282	-0.00048069937500000003	0.0	0.0
224.382	-0.0007364418750000002	0.0	0.0
224.502	-0.0010585087500000001	0.0	0.0
224.542	-0.0011148150000000001	0.0	0.0
224.612	-0.0012060018750000001	0.0	0.0
224.712	-0.0013425750000000001	0.0	0.0
224.842	-0.001513370625	0.0	0.0
224.882	-0.001474395	0.0	0.0
224.952	-0.0014135550000000001	0.0	0.0
225.052	-0.001324025625	0.0	0.0
225.182	-0.0012130218749999999	0.0	0.0
225.222	-0.0010937306250000001	0.0	0.0
225.292	-0.0009022650000000001	0.0	0.0
225.392	-0.0006136893750000001	0.0	0.0
225.512	-0.000249916875	0.0	0.0
225.552	-9.693450000000001e-05	0.0	0.0
225.622	0.0001516905	0.0	0.0
225.722	0.0005248425	0.0	0.0
225.852	0.000991940625	0.0	0.0
225.892	0.0011017012500000002	0.0	0.0
225.962	0.0012736425000000001	0.0	0.0
226.062	0.0015271668750000003	0.0	0.0
226.192	0.0018417262500000002	0.0	0.0
226.232	0.001839069375	0.0	0.0
226.302	0.00183480375	0.0	0.0
226.402	0.0018283687500000002	0.0	0.0
226.522	0.0018202275000000002	0.0	0.0
226.562	0.001702545	0.0	0.0
226.632	0.0015106162500000003	0.0	0.0
226.732	0.0012219675	0.0	0.0
226.862	0.0008603400000000001	0.0	0.0
226.902	0.0006714825	0.0	0.0
226.972	0.00037461937500000005	0.0	0.0
227.072	-6.396000000000002e-05	0.0	0.0
227.202	-0.000608595	0.0	0.0
227.242	-0.0007571606250000001	0.0	0.0
227.312	-0.000997449375	0.0	0.0
227.402	-0.0013611	0.0	0.0
227.532	-0.001820251875	0.0	0.0
227.572	-0.0018666131250000004	0.0	0.0
227.642	-0.00194254125	0.0	0.0
227.742	-0.0020569575	0.0	0.0
227.872	-0.0022004043750000002	0.0	0.0
227.912	-0.0021076575	0.0	0.0
227.982	-0.0019613587500000003	0.0	0.0
228.082	-0.0017447868750000003	0.0	0.0
228.212	-0.0014756625000000002	0.0	0.0
228.252	-0.00129991875	0.0	0.0
228.322	-0.001014609375	0.0	0.0
228.412	-0.0005819043750000001	0.0	0.0
228.542	-3.5143875e-05	0.0	0.0
228.582	0.0001492213125	0.0	0.0
228.652	0.000452205	0.0	0.0
228.752	0.00090962625	0.0	0.0
228.882	0.00148360875	0.0	0.0
228.922	0.0015843262500000001	0.0	0.0
228.992	0.0017436168750000003	0.0	0.0
229.092	0.00197978625	0.0	0.0
229.222	0.00227345625	0.0	0.0
229.262	0.002235309375	0.0	0.0
229.322	0.0021728850000000003	0.0	0.0
229.422	0.0020777006250000006	0.0	0.0
229.552	0.0019571662500000005	0.0	0.0
229.592	0.0017991675000000001	0.0	0.0
229.662	0.0015419137500000003	0.0	0.0
229.762	0.001156666875	0.0	0.0
229.892	0.000676479375	0.0	0.0
229.932	0.00048620812499999995	0.0	0.0
230.002	0.00017734518749999999	0.0	0.0
230.092	-0.00029147625	0.0	0.0
230.222	-0.0008842275	0.0	0.0
230.262	-0.001022385	0.0	0.0
230.332	-0.0012510956250000001	0.0	0.0
230.432	-0.0015977081250000001	0.0	0.0
230.562	-0.0020332650000000002	0.0	0.0
230.602	-0.0020493768750000003	0.0	0.0
230.672	-0.0020750193750000002	0.0	0.0
230.772	-0.002113190625	0.0	0.0
230.902	-0.0021607218750000004	0.0	0.0
230.942	-0.0020524968750000004	0.0	0.0
231.002	-0.0018749981250000003	0.0	0.0
231.102	-0.0016042650000000001	0.0	0.0
231.232	-0.001261479375	0.0	0.0
231.272	-0.001080421875	0.0	0.0
231.342	-0.0007799025	0.0	0.0
231.442	-0.00032374875000000004	0.0	0.0
231.572	0.00024986812500000003	0.0	0.0
231.612	0.0004201518750000001	0.0	0.0
231.682	0.000692274375	0.0	0.0
231.782	0.001098069375	0.0	0.0
231.912	0.001603875	0.0	0.0
231.952	0.00166788375	0.0	0.0
232.012	0.0017733056250000003	0.0	0.0
232.112	0.0019344000000000002	0.0	0.0
232.242	0.002138540625	0.0	0.0
232.282	0.0020795043750000005	0.0	0.0
232.352	0.001981126875	0.0	0.0
232.452	0.00183148875	0.0	0.0
232.582	0.0016431918750000002	0.0	0.0
232.622	0.0014818537500000002	0.0	0.0
232.692	0.001223064375	0.0	0.0
232.792	0.000836428125	0.0	0.0
232.922	0.00035409562500000007	0.0	0.0
232.962	0.000187629	0.0	0.0
233.022	-8.75623125e-05	0.0	0.0
233.122	-0.0005089743750000001	0.0	0.0
233.252	-0.001043469375	0.0	0.0
233.292	-0.0011503781250000002	0.0	0.0
233.362	-0.0013292175000000001	0.0	0.0
233.462	-0.0016017543750000004	0.0	0.0
233.592	-0.0019450031250000002	0.0	0.0
233.632	-0.0019364962499999999	0.0	0.0
233.702	-0.0019227975000000001	0.0	0.0
233.802	-0.0019023225000000003	0.0	0.0
233.932	-0.0018767531250000005	0.0	0.0
233.972	-0.0017640675000000002	0.0	0.0
234.032	-0.0015770381250000002	0.0	0.0
234.132	-0.0012900712500000001	0.0	0.0
234.262	-0.0009258112500000001	0.0	0.0
234.302	-0.0007592325000000002	0.0	0.0
234.372	-0.000479529375	0.0	0.0
234.472	-5.243062500000001e-05	0.0	0.0
234.602	0.00048591562500000006	0.0	0.0
234.642	0.0006298012500000001	0.0	0.0
234.712	0.0008622900000000001	0.0	0.0
234.812	0.00121099875	0.0	0.0
234.942	0.0016467506250000003	0.0	0.0
234.982	0.0016876275	0.0	0.0
235.042	0.00175578	0.0	0.0
235.142	0.0018605681250000003	0.0	0.0
235.272	0.0019937043750000005	0.0	0.0
235.312	0.0019215543750000005	0.0	0.0
235.382	0.0017999475	0.0	0.0
235.482	0.0016138687500000003	0.0	0.0
235.612	0.0013791375	0.0	0.0
235.652	0.0012190181250000002	0.0	0.0
235.722	0.00095935125	0.0	0.0
235.822	0.000569083125	0.0	0.0
235.952	8.103225000000001e-05	0.0	0.0
235.992	-7.25960625e-05	0.0	0.0
236.052	-0.00032962312500000007	0.0	0.0
236.152	-0.0007256681250000002	0.0	0.0
236.282	-0.0012291825000000003	0.0	0.0
236.322	-0.0013168837500000003	0.0	0.0
236.392	-0.0014653031250000002	0.0	0.0
236.492	-0.0016928437500000003	0.0	0.0
236.622	-0.0019801275	0.0	0.0
236.662	-0.001952218125	0.0	0.0
236.732	-0.0019068075	0.0	0.0
236.832	-0.0018384112500000002	0.0	0.0
236.962	-0.0017528062500000003	0.0	0.0
237.002	-0.0016289812500000004	0.0	0.0
237.062	-0.0014209893750000001	0.0	0.0
237.162	-0.00109984875	0.0	0.0
237.292	-0.0006912262500000001	0.0	0.0
237.332	-0.0005239650000000002	0.0	0.0
237.402	-0.00023977931250000002	0.0	0.0
237.502	0.00019677937500000003	0.0	0.0
237.632	0.000748336875	0.0	0.0
237.672	0.0008806931250000001	0.0	0.0
237.742	0.0010969481250000003	0.0	0.0
237.842	0.001423231875	0.0	0.0
237.972	0.0018319275000000003	0.0	0.0
238.012	0.0018542793750000001	0.0	0.0
238.072	0.001892011875	0.0	0.0
238.172	0.001950365625	0.0	0.0
238.302	0.0020246850000000005	0.0	0.0
238.342	0.0019328400000000003	0.0	0.0
238.412	0.00177610875	0.0	0.0
238.512	0.001534918125	0.0	0.0
238.642	0.00122991375	0.0	0.0
238.682	0.001057704375	0.0	0.0
238.752	0.0007752956250000002	0.0	0.0
238.852	0.000348343125	0.0	0.0
238.982	-0.000186902625	0.0	0.0
239.022	-0.000337520625	0.0	0.0
239.082	-0.0005925806250000001	0.0	0.0
239.182	-0.0009880893750000002	0.0	0.0
239.312	-0.0014920912500000002	0.0	0.0
239.352	-0.0015628031250000001	0.0	0.0
239.422	-0.001683898125	0.0	0.0
239.522	-0.0018706350000000003	0.0	0.0
239.652	-0.002106975	0.0	0.0
239.692	-0.002054739375	0.0	0.0
239.762	-0.0019687931250000003	0.0	0.0
239.862	-0.0018385575000000002	0.0	0.0
239.992	-0.001675171875	0.0	0.0
240.032	-0.0015349668750000002	0.0	0.0
240.092	-0.001296530625	0.0	0.0
240.192	-0.0009260550000000001	0.0	0.0
240.322	-0.000453545625	0.0	0.0
240.362	-0.00028535812500000003	0.0	0.0
240.432	3.9229125e-06	0.0	0.0
240.532	0.000450961875	0.0	0.0
240.662	0.0010170712500000001	0.0	0.0
240.702	0.0011321943750000002	0.0	0.0
240.772	0.001322416875	0.0	0.0
240.872	0.0016111875000000002	0.0	0.0
241.002	0.0019737412500000005	0.0	0.0
241.042	0.0019720350000000005	0.0	0.0
241.102	0.0019691343750000002	0.0	0.0
241.202	0.001964600625	0.0	0.0
241.332	0.00195882375	0.0	0.0
241.372	0.0018488437500000002	0.0	0.0
241.442	0.0016589137500000002	0.0	0.0
241.542	0.0013648050000000002	0.0	0.0
241.672	0.0009920625	0.0	0.0
241.712	0.000820145625	0.0	0.0
241.782	0.0005350068750000001	0.0	0.0
241.882	0.00010129762500000001	0.0	0.0
242.012	-0.00044369812500000006	0.0	0.0
242.052	-0.000574884375	0.0	0.0
242.112	-0.0007998412500000001	0.0	0.0
242.212	-0.0011508168750000002	0.0	0.0
242.342	-0.0015991462500000002	0.0	0.0
242.382	-0.0016418025000000003	0.0	0.0
242.452	-0.00171575625	0.0	0.0
242.552	-0.0018305137500000002	0.0	0.0
242.682	-0.0019760325000000006	0.0	0.0
242.722	-0.001904199375	0.0	0.0
242.792	-0.0017845668750000002	0.0	0.0
242.892	-0.0016022418750000003	0.0	0.0
243.022	-0.0013729706250000002	0.0	0.0
243.062	-0.001236495	0.0	0.0
243.122	-0.0010014956250000001	0.0	0.0
243.222	-0.00063409125	0.0	0.0
243.352	-0.00016439962500000002	0.0	0.0
243.392	-2.228923125e-05	0.0	0.0
243.452	0.00022511775000000003	0.0	0.0
243.562	0.0006097650000000001	0.0	0.0
243.692	0.00109799625	0.0	0.0
243.732	0.0011773612500000001	0.0	0.0
243.802	0.001309888125	0.0	0.0
243.902	0.0015121518750000002	0.0	0.0
244.032	0.0017666756250000002	0.0	0.0
244.072	0.0017440068750000002	0.0	0.0
244.132	0.0017045681250000002	0.0	0.0
244.232	0.0016426312500000002	0.0	0.0
244.362	0.0015632418750000001	0.0	0.0
244.402	0.0014554556250000001	0.0	0.0
244.472	0.0012697425	0.0	0.0
244.572	0.0009833850000000002	0.0	0.0
244.702	0.0006222450000000001	0.0	0.0
244.742	0.000491326875	0.0	0.0
244.802	0.0002658825	0.0	0.0
244.902	-8.685056250000001e-05	0.0	0.0
245.032	-0.0005381025	0.0	0.0
245.072	-0.0006357975000000001	0.0	0.0
245.132	-0.0008072512500000001	0.0	0.0
245.242	-0.0010748156250000001	0.0	0.0
245.372	-0.0014149200000000003	0.0	0.0
245.412	-0.0014332012500000001	0.0	0.0
245.482	-0.0014639868750000002	0.0	0.0
245.582	-0.0015111525000000004	0.0	0.0
245.712	-0.0015705787500000002	0.0	0.0
245.752	-0.001505668125	0.0	0.0
245.812	-0.0013925925000000002	0.0	0.0
245.912	-0.0012148500000000002	0.0	0.0
246.042	-0.00098713875	0.0	0.0
246.082	-0.00087013875	0.0	0.0
246.142	-0.0006641456250000001	0.0	0.0
246.252	-0.000342200625	0.0	0.0
246.382	6.727743750000001e-05	0.0	0.0
246.422	0.00018530362500000002	0.0	0.0
246.492	0.0003846375	0.0	0.0
246.592	0.0006906412500000001	0.0	0.0
246.722	0.001076595	0.0	0.0
246.762	0.0011297812500000001	0.0	0.0
246.822	0.001222820625	0.0	0.0
246.922	0.0013693875000000003	0.0	0.0
247.052	0.001557294375	0.0	0.0
247.092	0.0015290193750000002	0.0	0.0
247.152	0.0014790262500000001	0.0	0.0
247.262	0.001400709375	0.0	0.0
247.392	0.001301015625	0.0	0.0
247.432	0.0011946918749999999	0.0	0.0
247.502	0.0010143900000000002	0.0	0.0
247.602	0.0007370512500000002	0.0	0.0
247.732	0.00038700187500000007	0.0	0.0
247.772	0.00026364000000000004	0.0	0.0
247.832	4.6956e-05	0.0	0.0
247.932	-0.0002951325	0.0	0.0
248.062	-0.0007340531250000001	0.0	0.0
248.102	-0.0008274337500000001	0.0	0.0
248.162	-0.0009932081250000001	0.0	0.0
248.272	-0.0012533868750000002	0.0	0.0
248.402	-0.0015848137500000003	0.0	0.0
248.442	-0.0015963675	0.0	0.0
248.512	-0.0016160625	0.0	0.0
248.612	-0.0016464093750000002	0.0	0.0
248.742	-0.00168475125	0.0	0.0
248.782	-0.0016055081250000002	0.0	0.0
248.842	-0.001465644375	0.0	0.0
248.942	-0.0012444412500000003	0.0	0.0
249.072	-0.0009603750000000001	0.0	0.0
249.112	-0.0008194875000000001	0.0	0.0
249.172	-0.00056827875	0.0	0.0
249.282	-0.00017329406250000002	0.0	0.0
249.412	0.00033025687500000004	0.0	0.0
249.452	0.000471436875	0.0	0.0
249.522	0.000712700625	0.0	0.0
249.622	0.001085345625	0.0	0.0
249.752	0.00155644125	0.0	0.0
249.792	0.0016133325000000003	0.0	0.0
249.852	0.0017141718750000002	0.0	0.0
249.952	0.0018740231250000002	0.0	0.0
250.082	0.0020794312500000004	0.0	0.0
250.122	0.002027049375	0.0	0.0
250.182	0.0019332787500000001	0.0	0.0
250.292	0.0017854931250000001	0.0	0.0
250.422	0.0015969768750000001	0.0	0.0
250.462	0.0014427075	0.0	0.0
250.532	0.001177970625	0.0	0.0
250.632	0.00076825125	0.0	0.0
250.762	0.000249916875	0.0	0.0
250.802	8.359406250000001e-05	0.0	0.0
250.862	-0.00021247443750000003	0.0	0.0
250.962	-0.0006827925	0.0	0.0
251.092	-0.00128763375	0.0	0.0
251.132	-0.0013992712500000002	0.0	0.0
251.192	-0.0015999993750000002	0.0	0.0
251.302	-0.0019169231250000004	0.0	0.0
251.432	-0.0023215725	0.0	0.0
251.472	-0.0023110912500000002	0.0	0.0
251.542	-0.002293029375	0.0	0.0
251.642	-0.0022650225000000004	0.0	0.0
251.772	-0.002229556875	0.0	0.0
251.812	-0.00210117375	0.0	0.0
251.872	-0.0018715856250000002	0.0	0.0
251.972	-0.001506106875	0.0	0.0
252.102	-0.0010357425	0.0	0.0
252.142	-0.0008405475000000001	0.0	0.0
252.202	-0.00048798749999999996	0.0	0.0
252.312	6.973443750000001e-05	0.0	0.0
252.442	0.0007823643750000001	0.0	0.0
252.482	0.00095398875	0.0	0.0
252.552	0.0012509006250000002	0.0	0.0
252.652	0.0017122218750000003	0.0	0.0
252.782	0.0022967831250000005	0.0	0.0
252.822	0.00234219375	0.0	0.0
252.882	0.0024237768750000003	0.0	0.0
252.982	0.0025540125000000006	0.0	0.0
253.112	0.0027214687500000004	0.0	0.0
253.152	0.00262445625	0.0	0.0
253.212	0.0024482250000000005	0.0	0.0
253.322	0.002168716875	0.0	0.0
253.452	0.0018114281250000003	0.0	0.0
253.492	0.0016014131250000002	0.0	0.0
253.552	0.0012365925	0.0	0.0
253.662	0.000668630625	0.0	0.0
253.792	-5.1628687500000005e-05	0.0	0.0
253.832	-0.00024835687500000006	0.0	0.0
253.892	-0.00060333	0.0	0.0
253.992	-0.0011707556250000002	0.0	0.0
254.122	-0.0019021762500000003	0.0	0.0
254.162	-0.0020085000000000003	0.0	0.0
254.222	-0.0022022081249999997	0.0	0.0
254.332	-0.0025098937500000005	0.0	0.0
254.462	-0.0029035500000000004	0.0	0.0
254.502	-0.0028545562500000006	0.0	0.0
254.562	-0.0027687562500000006	0.0	0.0
254.672	-0.00263469375	0.0	0.0
254.802	-0.00246504375	0.0	0.0
254.832	-0.0022935656250000006	0.0	0.0
254.902	-0.00198290625	0.0	0.0
255.002	-0.0014853150000000003	0.0	0.0
255.132	-0.000843375	0.0	0.0
255.172	-0.0006224156250000002	0.0	0.0
255.232	-0.00021797100000000002	0.0	0.0
255.342	0.00042570937500000005	0.0	0.0
255.472	0.0012500475	0.0	0.0
255.512	0.0014148225000000002	0.0	0.0
255.572	0.00170347125	0.0	0.0
255.682	0.0021546768750000003	0.0	0.0
255.812	0.00272780625	0.0	0.0
255.842	0.00274194375	0.0	0.0
255.912	0.0027680250000000003	0.0	0.0
256.012	0.0028097062500000007	0.0	0.0
256.142	0.0028638187500000007	0.0	0.0
256.182	0.0027314625	0.0	0.0
256.242	0.0024884437500000004	0.0	0.0
256.352	0.00210078375	0.0	0.0
256.482	0.001603948125	0.0	0.0
256.522	0.00137801625	0.0	0.0
256.582	0.000980630625	0.0	0.0
256.692	0.00035821500000000005	0.0	0.0
256.822	-0.0004329243750000001	0.0	0.0
256.852	-0.000615200625	0.0	0.0
256.922	-0.0009486993750000001	0.0	0.0
257.022	-0.0014851200000000004	0.0	0.0
257.152	-0.0021781500000000002	0.0	0.0
257.192	-0.0022503487500000006	0.0	0.0
257.252	-0.0023836556250000003	0.0	0.0
257.362	-0.0025966687500000004	0.0	0.0
257.492	-0.0028699125000000002	0.0	0.0
257.532	-0.0027885	0.0	0.0
257.592	-0.0026449312500000004	0.0	0.0
257.702	-0.0024196574999999997	0.0	0.0
257.832	-0.002132983125	0.0	0.0
257.862	-0.0019567275000000003	0.0	0.0
257.932	-0.0016327837499999999	0.0	0.0
258.032	-0.0011105981250000001	0.0	0.0
258.162	-0.000435435	0.0	0.0
258.202	-0.00024028387500000004	0.0	0.0
258.262	0.00012174825000000003	0.0	0.0
258.372	0.000701439375	0.0	0.0
258.502	0.0014454862500000003	0.0	0.0
258.542	0.0015657037500000001	0.0	0.0
258.602	0.0017787656250000002	0.0	0.0
258.712	0.0021136781250000003	0.0	0.0
258.842	0.0025398750000000005	0.0	0.0
258.872	0.0025225687500000002	0.0	0.0
258.942	0.0024901500000000004	0.0	0.0
259.042	0.00243774375	0.0	0.0
259.172	0.002369859375	0.0	0.0
259.212	0.002232945	0.0	0.0
259.272	0.0019819068750000003	0.0	0.0
259.382	0.0015833025	0.0	0.0
259.512	0.0010749375	0.0	0.0
259.542	0.000899266875	0.0	0.0
259.612	0.000576395625	0.0	0.0
259.712	5.55433125e-05	0.0	0.0
259.842	-0.000618345	0.0	0.0
259.872	-0.00075582	0.0	0.0
259.942	-0.0010131225000000002	0.0	0.0
260.052	-0.001426693125	0.0	0.0
260.182	-0.00195823875	0.0	0.0
260.222	-0.0019922662500000002	0.0	0.0
260.282	-0.0020530575000000002	0.0	0.0
260.392	-0.002148973125	0.0	0.0
260.522	-0.002271238125	0.0	0.0
260.552	-0.002192945625	0.0	0.0
260.622	-0.0020472318750000005	0.0	0.0
260.722	-0.0018110381250000002	0.0	0.0
260.852	-0.00150501	0.0	0.0
260.882	-0.001357419375	0.0	0.0
260.952	-0.0010802025000000001	0.0	0.0
261.052	-0.000633945	0.0	0.0
261.192	-6.0045375000000004e-05	0.0	0.0
261.232	8.88346875e-05	0.0	0.0
261.292	0.0003559725000000001	0.0	0.0
261.402	0.00077829375	0.0	0.0
261.532	0.001317005625	0.0	0.0
261.562	0.0013824525000000001	0.0	0.0
261.632	0.001504839375	0.0	0.0
261.732	0.0017036175	0.0	0.0
261.862	0.001961383125	0.0	0.0
261.892	0.0019299881250000003	0.0	0.0
261.962	0.00187078125	0.0	0.0
262.062	0.0017752556250000004	0.0	0.0
262.202	0.0016523325000000002	0.0	0.0
262.242	0.0015361368750000002	0.0	0.0
262.302	0.0013267068750000004	0.0	0.0
262.412	0.0009949631250000001	0.0	0.0
262.542	0.0005714718750000001	0.0	0.0
262.572	0.00044552625	0.0	0.0
262.642	0.00020883281250000003	0.0	0.0
262.742	-0.00017642625	0.0	0.0
262.872	-0.00067630875	0.0	0.0
262.902	-0.000764765625	0.0	0.0
262.972	-0.0009324900000000001	0.0	0.0
263.072	-0.001203564375	0.0	0.0
263.212	-0.0015526875000000002	0.0	0.0
263.252	-0.0015607068750000002	0.0	0.0
263.312	-0.0015752343750000002	0.0	0.0
263.422	-0.0015982687500000002	0.0	0.0
263.552	-0.001627689375	0.0	0.0
263.582	-0.0015591712500000003	0.0	0.0
263.652	-0.00142974	0.0	0.0
263.752	-0.00121860375	0.0	0.0
263.882	-0.0009444825000000001	0.0	0.0
263.912	-0.0008336006250000001	0.0	0.0
263.982	-0.0006224156250000002	0.0	0.0
264.082	-0.000280385625	0.0	0.0
264.222	0.0001604655	0.0	0.0
264.262	0.00026305500000000005	0.0	0.0
264.322	0.00044954812500000007	0.0	0.0
264.432	0.0007461675	0.0	0.0
264.562	0.001125418125	0.0	0.0
264.592	0.0011622243750000001	0.0	0.0
264.662	0.00123205875	0.0	0.0
264.762	0.0013462312500000001	0.0	0.0
264.892	0.0014945775000000001	0.0	0.0
264.922	0.001459696875	0.0	0.0
264.992	0.0013929093750000001	0.0	0.0
265.092	0.0012845381250000002	0.0	0.0
265.232	0.0011447718750000001	0.0	0.0
265.272	0.001051123125	0.0	0.0
265.332	0.0008800837500000002	0.0	0.0
265.442	0.0006075225	0.0	0.0
265.572	0.000258765	0.0	0.0
265.602	0.0001651479375	0.0	0.0
265.672	-1.3409175000000002e-05	0.0	0.0
265.772	-0.000305881875	0.0	0.0
265.902	-0.0006862293750000001	0.0	0.0
265.932	-0.000745655625	0.0	0.0
266.002	-0.0008599743750000001	0.0	0.0
266.102	-0.0010458337500000002	0.0	0.0
266.242	-0.0012857812500000002	0.0	0.0
266.282	-0.0012806137500000001	0.0	0.0
266.342	-0.0012711318750000002	0.0	0.0
266.452	-0.001255995	0.0	0.0
266.582	-0.0012366412500000002	0.0	0.0
266.612	-0.0011752650000000002	0.0	0.0
266.672	-0.00105768	0.0	0.0
266.782	-0.00086463	0.0	0.0
266.912	-0.00061342125	0.0	0.0
266.942	-0.00052401375	0.0	0.0
267.012	-0.000351219375	0.0	0.0
267.112	-6.967593750000001e-05	0.0	0.0
267.252	0.00029401125	0.0	0.0
267.292	0.00037032937500000004	0.0	0.0
267.352	0.0005109487499999999	0.0	0.0
267.462	0.0007359787500000001	0.0	0.0
267.592	0.0010243350000000001	0.0	0.0
267.622	0.001044590625	0.0	0.0
267.682	0.001083590625	0.0	0.0
267.792	0.0011477456250000003	0.0	0.0
267.922	0.0012312787500000002	0.0	0.0
267.952	0.00119354625	0.0	0.0
268.022	0.0011202750000000002	0.0	0.0
268.122	0.0010006181250000001	0.0	0.0
268.262	0.0008459587500000001	0.0	0.0
268.302	0.0007646193750000001	0.0	0.0
268.362	0.0006140550000000001	0.0	0.0
268.472	0.000372645	0.0	0.0
268.602	6.306543750000001e-05	0.0	0.0
268.632	-1.1201775000000002e-05	0.0	0.0
268.692	-0.00015497625000000003	0.0	0.0
268.802	-0.0003919743750000001	0.0	0.0
268.932	-0.0007008543749999999	0.0	0.0
268.962	-0.000741365625	0.0	0.0
269.032	-0.00082041375	0.0	0.0
269.132	-0.0009497475000000001	0.0	0.0
269.272	-0.001117081875	0.0	0.0
269.312	-0.0011021156250000002	0.0	0.0
269.372	-0.0010743037500000002	0.0	0.0
269.482	-0.001029624375	0.0	0.0
269.612	-0.00097227	0.0	0.0
269.642	-0.0009153300000000001	0.0	0.0
269.702	-0.000804545625	0.0	0.0
269.812	-0.0006215381250000001	0.0	0.0
269.942	-0.00038283375000000005	0.0	0.0
269.972	-0.000309440625	0.0	0.0
270.042	-0.0001655428125	0.0	0.0
270.142	7.03876875e-05	0.0	0.0
270.282	0.00037581375000000005	0.0	0.0
270.312	0.0004310962500000001	0.0	0.0
270.382	0.000534373125	0.0	0.0
270.492	0.0007006593750000001	0.0	0.0
270.622	0.0009141843750000001	0.0	0.0
270.652	0.0009210337500000001	0.0	0.0
270.712	0.0009344156250000001	0.0	0.0
270.822	0.0009565724999999999	0.0	0.0
270.952	0.00098548125	0.0	0.0
270.982	0.0009470662500000001	0.0	0.0
271.052	0.0008713331250000001	0.0	0.0
271.152	0.0007469475000000001	0.0	0.0
271.292	0.00058578	0.0	0.0
271.322	0.000518578125	0.0	0.0
271.392	0.00039248625	0.0	0.0
271.492	0.00018907200000000004	0.0	0.0
271.632	-7.23620625e-05	0.0	0.0
271.662	-0.0001263795	0.0	0.0
271.722	-0.0002325740625	0.0	0.0
271.832	-0.00040872000000000006	0.0	0.0
271.962	-0.00063882	0.0	0.0
271.992	-0.0006615375000000001	0.0	0.0
272.062	-0.0007065581250000001	0.0	0.0
272.162	-0.0007806581250000001	0.0	0.0
272.302	-0.0008767200000000001	0.0	0.0
272.332	-0.0008563181250000002	0.0	0.0
272.402	-0.0008178787500000001	0.0	0.0
272.502	-0.0007556981250000001	0.0	0.0
272.642	-0.0006757725	0.0	0.0
272.672	-0.0006291431250000001	0.0	0.0
272.732	-0.000537005625	0.0	0.0
272.842	-0.00038385750000000004	0.0	0.0
272.972	-0.00018365831250000003	0.0	0.0
273.002	-0.000131629875	0.0	0.0
273.072	-2.8060500000000003e-05	0.0	0.0
273.172	0.00014276925	0.0	0.0
273.312	0.00036440625	0.0	0.0
273.342	0.00039726375000000006	0.0	0.0
273.412	0.00045944437500000006	0.0	0.0
273.512	0.000560113125	0.0	0.0
273.652	0.000689641875	0.0	0.0
273.682	0.000686960625	0.0	0.0
273.742	0.0006816225	0.0	0.0
273.852	0.0006727012500000001	0.0	0.0
273.982	0.0006610256250000001	0.0	0.0
274.012	0.0006285825	0.0	0.0
274.082	0.0005648662500000001	0.0	0.0
274.182	0.00046063875000000007	0.0	0.0
274.322	0.000326259375	0.0	0.0
274.352	0.000284431875	0.0	0.0
274.412	0.000201747	0.0	0.0
274.522	6.419156250000001e-05	0.0	0.0
274.652	-0.00011573006250000001	0.0	0.0
274.682	-0.0001486606875	0.0	0.0
274.752	-0.000214865625	0.0	0.0
274.852	-0.00032448	0.0	0.0
274.992	-0.00046690312500000005	0.0	0.0
275.022	-0.0004761168750000001	0.0	0.0
275.092	-0.0004937400000000001	0.0	0.0
275.192	-0.000522380625	0.0	0.0
275.332	-0.0005592843750000001	0.0	0.0
275.362	-0.00054312375	0.0	0.0
275.422	-0.0005107050000000001	0.0	0.0
275.532	-0.00045654375000000005	0.0	0.0
275.662	-0.000385588125	0.0	0.0
275.692	-0.0003541931250000001	0.0	0.0
275.762	-0.000290866875	0.0	0.0
275.862	-0.000185835	0.0	0.0
276.002	-4.9308187500000006e-05	0.0	0.0
276.032	-1.7304787500000003e-05	0.0	0.0
276.102	4.408950000000001e-05	0.0	0.0
276.202	0.0001440684375	0.0	0.0
276.342	0.000273	0.0	0.0
276.372	0.000287551875	0.0	0.0
276.432	0.00031682625	0.0	0.0
276.542	0.00036589312500000004	0.0	0.0
276.672	0.00043019437500000003	0.0	0.0
276.702	0.000425221875	0.0	0.0
276.772	0.00041510625	0.0	0.0
276.872	0.000398311875	0.0	0.0
277.012	0.00037647187500000005	0.0	0.0
277.042	0.0003541931250000001	0.0	0.0
277.112	0.00031122	0.0	0.0
277.212	0.00024111262500000006	0.0	0.0
277.352	0.00015063262500000001	0.0	0.0
277.382	0.00012580181250000002	0.0	0.0
277.442	7.549912500000002e-05	0.0	0.0
277.542	-8.94465e-06	0.0	0.0
277.682	-0.00011970075	0.0	0.0
277.712	-0.00013830618750000002	0.0	0.0
277.782	-0.00017624100000000002	0.0	0.0
277.882	-0.00023940881250000002	0.0	0.0
278.022	-0.000321628125	0.0	0.0
278.052	-0.00032530875000000005	0.0	0.0
278.122	-0.000332450625	0.0	0.0
278.222	-0.000344101875	0.0	0.0
278.362	-0.0003591412500000001	0.0	0.0
278.392	-0.00034724625000000003	0.0	0.0
278.452	-0.00032301750000000005	0.0	0.0
278.552	-0.000282238125	0.0	0.0
278.692	-0.000228710625	0.0	0.0
278.722	-0.00020678531250000002	0.0	0.0
278.782	-0.00016183293750000004	0.0	0.0
278.892	-8.68310625e-05	0.0	0.0
279.032	1.087003125e-05	0.0	0.0
279.062	3.355462500000001e-05	0.0	0.0
279.132	7.77075e-05	0.0	0.0
279.232	0.0001500525	0.0	0.0
279.372	0.00024355256250000004	0.0	0.0
279.402	0.00025384125	0.0	0.0
279.462	0.00027490125	0.0	0.0
279.562	0.00031039125	0.0	0.0
279.702	0.000357020625	0.0	0.0
279.732	0.00035190187500000003	0.0	0.0
279.792	0.00034137187500000006	0.0	0.0
279.902	0.000323773125	0.0	0.0
280.042	0.00030083625	0.0	0.0
280.072	0.000280678125	0.0	0.0
280.142	0.00024124425000000003	0.0	0.0
280.242	0.00017649206250000004	0.0	0.0
280.382	9.274687500000001e-05	0.0	0.0
280.412	6.987825e-05	0.0	0.0
280.472	2.27784375e-05	0.0	0.0
280.572	-5.6791312500000004e-05	0.0	0.0
280.712	-0.00016137956250000002	0.0	0.0
280.742	-0.00017846156249999999	0.0	0.0
280.802	-0.00021385162500000003	0.0	0.0
280.912	-0.00027314625	0.0	0.0
281.052	-0.000350488125	0.0	0.0
281.082	-0.00035226750000000003	0.0	0.0
281.152	-0.00035575312500000004	0.0	0.0
281.252	-0.00036148125000000006	0.0	0.0
281.392	-0.0003688912500000001	0.0	0.0
281.422	-0.000354583125	0.0	0.0
281.482	-0.000324943125	0.0	0.0
281.582	-0.00027473062500000004	0.0	0.0
281.722	-0.00020871825000000005	0.0	0.0
281.752	-0.000184299375	0.0	0.0
281.812	-0.0001334360625	0.0	0.0
281.922	-4.804312500000001e-05	0.0	0.0
282.062	6.343106250000002e-05	0.0	0.0
282.092	8.694318750000001e-05	0.0	0.0
282.162	0.000133394625	0.0	0.0
282.262	0.00020996625000000002	0.0	0.0
282.402	0.000309148125	0.0	0.0
282.432	0.00031748437500000006	0.0	0.0
282.492	0.00033486375000000006	0.0	0.0
282.592	0.00036433312500000004	0.0	0.0
282.732	0.00040313812500000003	0.0	0.0
282.762	0.00039407062500000005	0.0	0.0
282.822	0.0003751068750000001	0.0	0.0
282.932	0.0003432	0.0	0.0
283.072	0.00030151875	0.0	0.0
283.102	0.00027760687500000004	0.0	0.0
283.172	0.00023008293750000005	0.0	0.0
283.272	0.00015159543750000001	0.0	0.0
283.412	4.98639375e-05	0.0	0.0
283.442	2.63371875e-05	0.0	0.0
283.502	-2.2942725000000005e-05	0.0	0.0
283.602	-0.0001067235	0.0	0.0
283.742	-0.00021708862500000002	0.0	0.0
283.772	-0.00023155762500000002	0.0	0.0
283.832	-0.00026203125	0.0	0.0
283.942	-0.00031338937500000004	0.0	0.0
284.082	-0.00038054250000000005	0.0	0.0
284.112	-0.000377934375	0.0	0.0
284.182	-0.00037271812500000006	0.0	0.0
284.282	-0.00036411375000000004	0.0	0.0
284.422	-0.000352925625	0.0	0.0
284.452	-0.000336058125	0.0	0.0
284.512	-0.000300568125	0.0	0.0
284.612	-0.000240084	0.0	0.0
284.752	-0.00016035825000000002	0.0	0.0
284.782	-0.00013673643750000003	0.0	0.0
284.842	-8.67140625e-05	0.0	0.0
284.952	-2.2204893750000003e-06	0.0	0.0
285.092	0.00010831275000000001	0.0	0.0
285.122	0.000127846875	0.0	0.0
285.192	0.000167032125	0.0	0.0
285.292	0.00023202318750000002	0.0	0.0
285.432	0.0003163875	0.0	0.0
285.462	0.00032072625000000005	0.0	0.0
285.522	0.000329915625	0.0	0.0
285.622	0.00034558875	0.0	0.0
285.762	0.000366283125	0.0	0.0
285.792	0.00035533875	0.0	0.0
285.852	0.00033203625000000005	0.0	0.0
285.962	0.00029254875	0.0	0.0
286.102	0.00024089325000000003	0.0	0.0
286.132	0.00021823668750000003	0.0	0.0
286.202	0.0001725481875	0.0	0.0
286.302	9.662250000000002e-05	0.0	0.0
286.442	-2.00499e-06	0.0	0.0
286.472	-2.26434e-05	0.0	0.0
286.532	-6.6626625e-05	0.0	0.0
286.632	-0.000141882	0.0	0.0
286.772	-0.00024122962500000003	0.0	0.0
286.802	-0.00025296375	0.0	0.0
286.862	-0.000278094375	0.0	0.0
286.972	-0.000320701875	0.0	0.0
287.112	-0.00037654500000000005	0.0	0.0
287.142	-0.00037220625000000007	0.0	0.0
287.212	-0.00036345562500000005	0.0	0.0
287.312	-0.00034890375000000006	0.0	0.0
287.452	-0.000329964375	0.0	0.0
287.482	-0.000312219375	0.0	0.0
287.542	-0.000273853125	0.0	0.0
287.642	-0.00020791875000000004	0.0	0.0
287.782	-0.000120670875	0.0	0.0
287.812	-9.45286875e-05	0.0	0.0
287.872	-3.93826875e-05	0.0	0.0
287.982	5.334956250000001e-05	0.0	0.0
288.122	0.000174091125	0.0	0.0
288.152	0.00019393725000000004	0.0	0.0
288.212	0.00023623762500000003	0.0	0.0
288.312	0.000308685	0.0	0.0
288.452	0.00040435687500000006	0.0	0.0
288.482	0.00040891500000000004	0.0	0.0
288.542	0.000418786875	0.0	0.0
288.652	0.00043558125	0.0	0.0
288.792	0.00045764062500000004	0.0	0.0
288.822	0.00044101687500000005	0.0	0.0
288.882	0.00040706250000000003	0.0	0.0
288.992	0.0003503175	0.0	0.0
289.132	0.00027643687500000005	0.0	0.0
289.162	0.00024796687500000004	0.0	0.0
289.222	0.00018629812499999999	0.0	0.0
289.322	8.018887500000001e-05	0.0	0.0
289.462	-6.0152625e-05	0.0	0.0
289.492	-9.017043750000001e-05	0.0	0.0
289.552	-0.00015544425000000003	0.0	0.0
289.662	-0.00026676000000000005	0.0	0.0
289.802	-0.00041286375	0.0	0.0
289.832	-0.000428683125	0.0	0.0
289.892	-0.00046119937500000005	0.0	0.0
290.002	-0.00051562875	0.0	0.0
290.142	-0.0005865356250000001	0.0	0.0
290.172	-0.00057744375	0.0	0.0
290.232	-0.00055765125	0.0	0.0
290.332	-0.0005235018750000001	0.0	0.0
290.472	-0.00047828624999999994	0.0	0.0
290.502	-0.00044711062500000007	0.0	0.0
290.562	-0.00037888500000000003	0.0	0.0
290.672	-0.00026229937500000004	0.0	0.0
290.812	-0.00010919268750000001	0.0	0.0
290.842	-6.7601625e-05	0.0	0.0
290.902	1.8348525e-05	0.0	0.0
291.012	0.00016255443750000002	0.0	0.0
291.152	0.000350488125	0.0	0.0
291.182	0.00037647187500000005	0.0	0.0
291.242	0.000433363125	0.0	0.0
291.342	0.0005316675	0.0	0.0
291.482	0.0006619031250000001	0.0	0.0
291.512	0.0006623418750000001	0.0	0.0
291.572	0.0006633412500000001	0.0	0.0
291.682	0.000665023125	0.0	0.0
291.822	0.000667265625	0.0	0.0
291.852	0.0006367968750000001	0.0	0.0
291.912	0.000573495	0.0	0.0
292.022	0.00046704937500000005	0.0	0.0
292.162	0.00032825812500000004	0.0	0.0
292.192	0.00028572375000000003	0.0	0.0
292.252	0.0001919409375	0.0	0.0
292.352	2.955225e-05	0.0	0.0
292.492	-0.00018567412500000003	0.0	0.0
292.522	-0.000224264625	0.0	0.0
292.582	-0.00030966	0.0	0.0
292.692	-0.0004562025	0.0	0.0
292.832	-0.00064891125	0.0	0.0
292.862	-0.000662780625	0.0	0.0
292.922	-0.000691738125	0.0	0.0
293.032	-0.0007405125	0.0	0.0
293.172	-0.00080418	0.0	0.0
293.202	-0.0007848993750000001	0.0	0.0
293.262	-0.0007421456250000001	0.0	0.0
293.362	-0.00066792375	0.0	0.0
293.502	-0.0005694975	0.0	0.0
293.532	-0.0005252325	0.0	0.0
293.592	-0.00042668437500000006	0.0	0.0
293.702	-0.00025725374999999997	0.0	0.0
293.842	-3.4261500000000004e-05	0.0	0.0
293.872	1.636415625e-05	0.0	0.0
293.932	0.00012270618750000002	0.0	0.0
294.042	0.00030222562500000004	0.0	0.0
294.182	0.0005366887500000002	0.0	0.0
294.212	0.000562209375	0.0	0.0
294.272	0.0006191737500000001	0.0	0.0
294.372	0.00071823375	0.0	0.0
294.512	0.0008497125	0.0	0.0
294.542	0.0008420831250000001	0.0	0.0
294.602	0.000824971875	0.0	0.0
294.712	0.000795478125	0.0	0.0
294.852	0.0007566487500000001	0.0	0.0
294.882	0.0007148212500000001	0.0	0.0
294.942	0.000626461875	0.0	0.0
295.052	0.00047701875000000004	0.0	0.0
295.192	0.000281701875	0.0	0.0
295.222	0.00023273737500000002	0.0	0.0
295.282	0.0001227646875	0.0	0.0
295.382	-6.890325e-05	0.0	0.0
295.522	-0.00032345625	0.0	0.0
295.552	-0.00036148125000000006	0.0	0.0
295.612	-0.00044715937500000005	0.0	0.0
295.722	-0.00059509125	0.0	0.0
295.862	-0.0007900181250000001	0.0	0.0
295.892	-0.0007965262500000001	0.0	0.0
295.952	-0.00081037125	0.0	0.0
296.062	-0.0008338200000000001	0.0	0.0
296.202	-0.0008645081250000002	0.0	0.0
296.232	-0.0008371837500000002	0.0	0.0
296.292	-0.0007754418750000001	0.0	0.0
296.392	-0.0006676068750000001	0.0	0.0
296.532	-0.0005242575	0.0	0.0
296.562	-0.00047548312500000006	0.0	0.0
296.622	-0.00036489375	0.0	0.0
296.732	-0.00017359875000000003	0.0	0.0
296.872	7.86946875e-05	0.0	0.0
296.902	0.000127179	0.0	0.0
296.962	0.00023074106250000004	0.0	0.0
297.072	0.0004066237500000001	0.0	0.0
297.212	0.000636845625	0.0	0.0
297.242	0.00065554125	0.0	0.0
297.302	0.0006981000000000001	0.0	0.0
297.402	0.0007725656250000001	0.0	0.0
297.542	0.00087160125	0.0	0.0
297.572	0.000856610625	0.0	0.0
297.632	0.00082246125	0.0	0.0
297.742	0.0007632300000000002	0.0	0.0
297.882	0.0006850837500000001	0.0	0.0
297.912	0.0006402825	0.0	0.0
297.972	0.00054405	0.0	0.0
298.082	0.00038027437500000007	0.0	0.0
298.222	0.00016575731250000002	0.0	0.0
298.252	0.00012059531249999999	0.0	0.0
298.312	1.719144375e-05	0.0	0.0
298.412	-0.00016418025000000002	0.0	0.0
298.552	-0.00040557562500000003	0.0	0.0
298.582	-0.00043524000000000004	0.0	0.0
298.642	-0.000503295	0.0	0.0
298.752	-0.0006215381250000001	0.0	0.0
298.892	-0.0007776843750000001	0.0	0.0
298.922	-0.0007758562500000001	0.0	0.0
298.982	-0.0007719318750000002	0.0	0.0
299.092	-0.00076522875	0.0	0.0
299.232	-0.0007564293750000001	0.0	0.0
299.262	-0.0007270575000000001	0.0	0.0
299.322	-0.000659319375	0.0	0.0
299.422	-0.000540271875	0.0	0.0
299.562	-0.00038171250000000004	0.0	0.0
299.592	-0.000338203125	0.0	0.0
299.652	-0.00023770500000000003	0.0	0.0
299.762	-6.278025000000001e-05	0.0	0.0
299.902	0.00016838493750000004	0.0	0.0
299.932	0.00020595168750000002	0.0	0.0
299.992	0.00028757625000000003	0.0	0.0
300.102	0.00042707437500000007	0.0	0.0
300.242	0.0006100331250000001	0.0	0.0
300.272	0.0006196368750000001	0.0	0.0
300.332	0.0006419156250000001	0.0	0.0
300.432	0.0006811593750000001	0.0	0.0
300.572	0.0007334681250000001	0.0	0.0
300.602	0.0007154306250000001	0.0	0.0
300.662	0.0006735056250000001	0.0	0.0
300.772	0.0006003562500000001	0.0	0.0
300.912	0.0005036606250000001	0.0	0.0
300.942	0.00046492875	0.0	0.0
301.002	0.00038029875000000004	0.0	0.0
301.112	0.00023539668750000004	0.0	0.0
301.252	4.5198562500000005e-05	0.0	0.0
301.282	1.14635625e-05	0.0	0.0
301.332	-6.731887500000001e-05	0.0	0.0
301.442	-0.00020639531250000003	0.0	0.0
301.582	-0.00039187687500000007	0.0	0.0
301.612	-0.00040969500000000007	0.0	0.0
301.672	-0.000451400625	0.0	0.0
301.782	-0.0005242575	0.0	0.0
301.922	-0.0006206849999999999	0.0	0.0
301.952	-0.0006133237500000001	0.0	0.0
302.012	-0.0005971143750000001	0.0	0.0
302.122	-0.0005693512500000001	0.0	0.0
302.262	-0.0005328862500000001	0.0	0.0
302.292	-0.0005083893750000001	0.0	0.0
302.342	-0.0004503525	0.0	0.0
302.452	-0.000347368125	0.0	0.0
302.592	-0.0002097200625	0.0	0.0
302.622	-0.0001780471875	0.0	0.0
302.682	-0.00010524881250000003	0.0	0.0
302.792	2.089595625e-05	0.0	0.0
302.932	0.0001868319375	0.0	0.0
302.962	0.00020684625000000004	0.0	0.0
303.012	0.00025359750000000005	0.0	0.0
303.122	0.000336204375	0.0	0.0
303.262	0.000446428125	0.0	0.0
303.292	0.0004485243750000001	0.0	0.0
303.352	0.00045349687500000004	0.0	0.0
303.462	0.00046222312500000004	0.0	0.0
303.602	0.00047377687500000005	0.0	0.0
303.632	0.000457250625	0.0	0.0
303.692	0.00042054187500000005	0.0	0.0
303.802	0.0003573618750000001	0.0	0.0
303.942	0.00027426750000000003	0.0	0.0
303.962	0.000252208125	0.0	0.0
304.022	0.00019974337500000002	0.0	0.0
304.132	0.00010661137500000002	0.0	0.0
304.272	-1.7826412500000004e-05	0.0	0.0
304.302	-3.670143750000001e-05	0.0	0.0
304.362	-8.162700000000001e-05	0.0	0.0
304.472	-0.00016058250000000002	0.0	0.0
304.612	-0.00026524875000000003	0.0	0.0
304.642	-0.00027234187500000003	0.0	0.0
304.702	-0.00028821000000000006	0.0	0.0
304.812	-0.00031555875000000006	0.0	0.0
304.952	-0.00035156062500000005	0.0	0.0
304.972	-0.000345174375	0.0	0.0
305.032	-0.000329866875	0.0	0.0
305.142	-0.000302615625	0.0	0.0
305.282	-0.000266175	0.0	0.0
305.312	-0.000251476875	0.0	0.0
305.372	-0.00021627450000000003	0.0	0.0
305.482	-0.0001542571875	0.0	0.0
305.622	-7.19866875e-05	0.0	0.0
305.652	-5.5448250000000006e-05	0.0	0.0
305.712	-1.8292950000000002e-05	0.0	0.0
305.822	4.5946875000000004e-05	0.0	0.0
305.962	0.000130533	0.0	0.0
305.982	0.00013972725000000003	0.0	0.0
306.042	0.000161893875	0.0	0.0
306.152	0.00020141550000000004	0.0	0.0
306.292	0.00025430437500000003	0.0	0.0
306.322	0.000254938125	0.0	0.0
306.382	0.00025652250000000003	0.0	0.0
306.492	0.000259325625	0.0	0.0
306.632	0.00026303062500000003	0.0	0.0
306.662	0.000253524375	0.0	0.0
306.722	0.00023207437500000002	0.0	0.0
306.832	0.00019489762500000002	0.0	0.0
306.972	0.000145913625	0.0	0.0
306.992	0.000131196	0.0	0.0
307.052	9.546225000000002e-05	0.0	0.0
307.162	3.1614375000000005e-05	0.0	0.0
307.302	-5.3868750000000005e-05	0.0	0.0
307.332	-6.9888e-05	0.0	0.0
307.392	-0.0001087831875	0.0	0.0
307.502	-0.000177567	0.0	0.0
307.642	-0.000268929375	0.0	0.0
307.672	-0.00027814312500000005	0.0	0.0
307.732	-0.00029908125	0.0	0.0
307.842	-0.00033544875	0.0	0.0
307.982	-0.00038337	0.0	0.0
308.002	-0.00037839750000000005	0.0	0.0
308.062	-0.000366234375	0.0	0.0
308.172	-0.0003444675	0.0	0.0
308.312	-0.000315315	0.0	0.0
308.342	-0.0002959125	0.0	0.0
308.402	-0.000248503125	0.0	0.0
308.512	-0.00016449712499999998	0.0	0.0
308.652	-5.282306250000001e-05	0.0	0.0
308.682	-2.4818625e-05	0.0	0.0
308.742	3.9273e-05	0.0	0.0
308.852	0.0001507715625	0.0	0.0
308.992	0.000297886875	0.0	0.0
309.012	0.00031626562500000003	0.0	0.0
309.072	0.000361554375	0.0	0.0
309.182	0.000442820625	0.0	0.0
309.322	0.0005517525	0.0	0.0
309.342	0.00055228875	0.0	0.0
309.412	0.0005535806250000001	0.0	0.0
309.522	0.0005558718750000001	0.0	0.0
309.662	0.00055891875	0.0	0.0
309.692	0.000535201875	0.0	0.0
309.752	0.00048057750000000005	0.0	0.0
309.862	0.00038536875000000007	0.0	0.0
310.002	0.00025964250000000004	0.0	0.0
310.022	0.0002255540625	0.0	0.0
310.082	0.0001410020625	0.0	0.0
310.192	-1.1059181250000001e-05	0.0	0.0
310.332	-0.00021506062500000004	0.0	0.0
310.352	-0.00024726	0.0	0.0
310.422	-0.00032708812500000005	0.0	0.0
310.522	-0.00046912125	0.0	0.0
310.672	-0.0006581981250000001	0.0	0.0
310.702	-0.0006699225000000002	0.0	0.0
310.762	-0.00069707625	0.0	0.0
310.872	-0.0007445343750000001	0.0	0.0
311.012	-0.000807226875	0.0	0.0
311.032	-0.00078950625	0.0	0.0
311.092	-0.0007452412500000001	0.0	0.0
311.202	-0.0006654618750000001	0.0	0.0
311.342	-0.0005583825	0.0	0.0
311.362	-0.0005169693750000001	0.0	0.0
311.432	-0.00041359500000000005	0.0	0.0
311.532	-0.00022930293750000004	0.0	0.0
311.682	1.6167693750000002e-05	0.0	0.0
311.712	6.475706250000001e-05	0.0	0.0
311.772	0.00017808618750000003	0.0	0.0
311.882	0.00037644750000000003	0.0	0.0
312.022	0.000638746875	0.0	0.0
312.042	0.0006628050000000001	0.0	0.0
312.102	0.00072340125	0.0	0.0
312.212	0.000832869375	0.0	0.0
312.352	0.0009798993750000002	0.0	0.0
312.372	0.00097095375	0.0	0.0
312.442	0.00094848	0.0	0.0
312.542	0.000908334375	0.0	0.0
312.692	0.00085483125	0.0	0.0
312.722	0.0008102250000000001	0.0	0.0
312.782	0.00070551	0.0	0.0
312.892	0.00052182	0.0	0.0
313.032	0.000278825625	0.0	0.0
313.052	0.00022743337500000002	0.0	0.0
313.112	9.713437500000001e-05	0.0	0.0
313.222	-0.00013872056250000003	0.0	0.0
313.362	-0.00045576375	0.0	0.0
313.382	-0.0004957387500000001	0.0	0.0
313.452	-0.000596919375	0.0	0.0
313.552	-0.0007780743750000001	0.0	0.0
313.702	-0.001019655	0.0	0.0
313.732	-0.0010250662500000001	0.0	0.0
313.792	-0.0010377900000000002	0.0	0.0
313.902	-0.001060190625	0.0	0.0
314.042	-0.001089855	0.0	0.0
314.062	-0.0010579237500000001	0.0	0.0
314.122	-0.000976365	0.0	0.0
314.232	-0.0008283843750000002	0.0	0.0
314.372	-0.0006293625000000001	0.0	0.0
314.392	-0.000572934375	0.0	0.0
314.452	-0.000429073125	0.0	0.0
314.562	-0.00017094187500000003	0.0	0.0
314.712	0.00017354756250000003	0.0	0.0
314.742	0.000229880625	0.0	0.0
314.802	0.000363845625	0.0	0.0
314.912	0.00059982	0.0	0.0
315.052	0.0009124293750000001	0.0	0.0
315.072	0.0009328556250000001	0.0	0.0
315.132	0.0009854325	0.0	0.0
315.242	0.0010810068750000002	0.0	0.0
315.382	0.001209658125	0.0	0.0
315.402	0.0011895975	0.0	0.0
315.462	0.0011380687500000001	0.0	0.0
315.572	0.0010454193750000001	0.0	0.0
315.722	0.0009217162500000001	0.0	0.0
315.752	0.0008646543750000001	0.0	0.0
315.812	0.0007280812500000001	0.0	0.0
315.922	0.00048706125	0.0	0.0
316.062	0.000167519625	0.0	0.0
316.082	0.00011140837500000002	0.0	0.0
316.142	-3.4137187500000005e-05	0.0	0.0
316.252	-0.000299300625	0.0	0.0
316.392	-0.000656443125	0.0	0.0
316.412	-0.0006929081250000002	0.0	0.0
316.472	-0.000787190625	0.0	0.0
316.582	-0.0009571087500000002	0.0	0.0
316.732	-0.001184161875	0.0	0.0
316.762	-0.00117960375	0.0	0.0
316.822	-0.0011686837500000003	0.0	0.0
316.932	-0.0011493543750000002	0.0	0.0
317.072	-0.0011237118749999999	0.0	0.0
317.092	-0.001084029375	0.0	0.0
317.152	-0.000979314375	0.0	0.0
317.262	-0.0007875075000000002	0.0	0.0
317.402	-0.0005286450000000001	0.0	0.0
317.422	-0.00046714687500000007	0.0	0.0
317.492	-0.000311293125	0.0	0.0
317.592	-3.2916e-05	0.0	0.0
317.742	0.00033691125000000004	0.0	0.0
317.762	0.0003830287500000001	0.0	0.0
317.822	0.000502685625	0.0	0.0
317.932	0.000720915	0.0	0.0
318.072	0.0010149993750000002	0.0	0.0
318.092	0.00102818625	0.0	0.0
318.152	0.0010627743750000003	0.0	0.0
318.262	0.001125345	0.0	0.0
318.412	0.0012090731250000001	0.0	0.0
318.442	0.0011790675	0.0	0.0
318.502	0.00110589375	0.0	0.0
318.612	0.0009760481250000001	0.0	0.0
318.752	0.0008036193750000001	0.0	0.0
318.772	0.000752480625	0.0	0.0
318.832	0.000617053125	0.0	0.0
318.942	0.000368866875	0.0	0.0
319.082	3.4000687500000004e-05	0.0	0.0
319.102	-1.9311825000000002e-05	0.0	0.0
319.162	-0.00016001456250000002	0.0	0.0
319.272	-0.00041493562500000006	0.0	0.0
319.422	-0.0007561856250000001	0.0	0.0
319.442	-0.000785630625	0.0	0.0
319.512	-0.000857878125	0.0	0.0
319.622	-0.0009863831250000001	0.0	0.0
319.762	-0.001157154375	0.0	0.0
319.782	-0.0011463562500000002	0.0	0.0
319.842	-0.001117471875	0.0	0.0
319.952	-0.0010644562500000002	0.0	0.0
320.092	-0.000992866875	0.0	0.0
320.112	-0.000949918125	0.0	0.0
320.172	-0.000835696875	0.0	0.0
320.282	-0.000628314375	0.0	0.0
320.432	-0.00035053687500000006	0.0	0.0
320.452	-0.000292719375	0.0	0.0
320.522	-0.00014981362500000005	0.0	0.0
320.622	0.00010482956250000001	0.0	0.0
320.772	0.00044347875	0.0	0.0
320.792	0.00047867625	0.0	0.0
320.852	0.0005734462500000001	0.0	0.0
320.962	0.000747825	0.0	0.0
321.102	0.0009834581250000001	0.0	0.0
321.122	0.0009874800000000002	0.0	0.0
321.182	0.0009983025000000001	0.0	0.0
321.292	0.0010179975	0.0	0.0
321.442	0.0010443956250000002	0.0	0.0
321.462	0.001011855	0.0	0.0
321.532	0.0009308812500000001	0.0	0.0
321.632	0.0007862887500000002	0.0	0.0
321.782	0.0005938725	0.0	0.0
321.802	0.0005487543750000001	0.0	0.0
321.862	0.000426391875	0.0	0.0
321.972	0.00020072081250000005	0.0	0.0
322.112	-0.000104398125	0.0	0.0
322.132	-0.00014593068750000002	0.0	0.0
322.192	-0.000258106875	0.0	0.0
322.302	-0.000462613125	0.0	0.0
322.452	-0.000736905	0.0	0.0
322.472	-0.0007543574999999999	0.0	0.0
322.542	-0.0007980618750000001	0.0	0.0
322.642	-0.00087628125	0.0	0.0
322.792	-0.00098041125	0.0	0.0
322.812	-0.0009655912500000002	0.0	0.0
322.872	-0.000925055625	0.0	0.0
322.982	-0.00085015125	0.0	0.0
323.122	-0.0007487756250000001	0.0	0.0
323.142	-0.0007110431250000001	0.0	0.0
323.202	-0.000608278125	0.0	0.0
323.312	-0.00042056625	0.0	0.0
323.462	-0.00016861162500000004	0.0	0.0
323.482	-0.000124024875	0.0	0.0
323.552	-1.1510850000000002e-05	0.0	0.0
323.652	0.0001902493125	0.0	0.0
323.802	0.000459103125	0.0	0.0
323.822	0.00048204	0.0	0.0
323.882	0.000545293125	0.0	0.0
323.992	0.0006625125	0.0	0.0
324.132	0.0008211693750000002	0.0	0.0
324.152	0.0008185368750000001	0.0	0.0
324.212	0.0008112731250000001	0.0	0.0
324.322	0.000797964375	0.0	0.0
324.472	0.0007801218750000001	0.0	0.0
324.492	0.000750969375	0.0	0.0
324.552	0.0006768937500000001	0.0	0.0
324.662	0.00054380625	0.0	0.0
324.812	0.00036633187500000004	0.0	0.0
324.832	0.00033208500000000003	0.0	0.0
324.892	0.0002367860625	0.0	0.0
325.002	5.987962500000001e-05	0.0	0.0
325.142	-0.0001797680625	0.0	0.0
325.162	-0.00020767500000000002	0.0	0.0
325.222	-0.000284870625	0.0	0.0
325.332	-0.00042646500000000006	0.0	0.0
325.482	-0.000616760625	0.0	0.0
325.502	-0.000624511875	0.0	0.0
325.562	-0.0006443775000000001	0.0	0.0
325.672	-0.0006801600000000001	0.0	0.0
325.822	-0.00072788625	0.0	0.0
325.842	-0.00071331	0.0	0.0
325.902	-0.0006723843750000001	0.0	0.0
326.002	-0.00059626125	0.0	0.0
326.152	-0.0004930818750000001	0.0	0.0
326.172	-0.0004641975000000001	0.0	0.0
326.232	-0.00038363812500000004	0.0	0.0
326.342	-0.000235535625	0.0	0.0
326.492	-3.6384562500000005e-05	0.0	0.0
326.512	-5.65475625e-06	0.0	0.0
326.572	7.35954375e-05	0.0	0.0
326.682	0.00021659868750000005	0.0	0.0
326.832	0.000407525625	0.0	0.0
326.852	0.00042088312500000003	0.0	0.0
326.912	0.00045871312500000007	0.0	0.0
327.012	0.00052923	0.0	0.0
327.162	0.0006248775000000001	0.0	0.0
327.182	0.0006195150000000001	0.0	0.0
327.242	0.0006044512500000001	0.0	0.0
327.352	0.000576688125	0.0	0.0
327.502	0.00053932125	0.0	0.0
327.522	0.0005159943750000001	0.0	0.0
327.582	0.0004553981250000001	0.0	0.0
327.692	0.0003458325	0.0	0.0
327.842	0.00019946793750000004	0.0	0.0
327.862	0.000174715125	0.0	0.0
327.922	0.00010405687500000002	0.0	0.0
328.022	-2.7965437500000004e-05	0.0	0.0
328.172	-0.00020716068750000003	0.0	0.0
328.192	-0.00022574906250000002	0.0	0.0
328.252	-0.000278435625	0.0	0.0
328.362	-0.00037571625000000004	0.0	0.0
328.512	-0.0005067075000000001	0.0	0.0
328.532	-0.0005096324999999999	0.0	0.0
328.592	-0.0005173106250000001	0.0	0.0
328.702	-0.000531204375	0.0	0.0
328.852	-0.000549778125	0.0	0.0
328.872	-0.000536810625	0.0	0.0
328.932	-0.0004994437500000001	0.0	0.0
329.032	-0.00042948750000000005	0.0	0.0
329.182	-0.000334449375	0.0	0.0
329.202	-0.000311293125	0.0	0.0
329.262	-0.00024513937500000003	0.0	0.0
329.372	-0.00012271350000000002	0.0	0.0
329.522	4.2222375e-05	0.0	0.0
329.542	6.6031875e-05	0.0	0.0
329.602	0.00012883406250000003	0.0	0.0
329.712	0.00024286031250000001	0.0	0.0
329.862	0.00039541125000000006	0.0	0.0
329.882	0.00040491750000000003	0.0	0.0
329.942	0.0004325587500000001	0.0	0.0
330.042	0.0004844531250000001	0.0	0.0
330.192	0.0005549700000000001	0.0	0.0
330.212	0.0005486568750000001	0.0	0.0
330.272	0.0005304	0.0	0.0
330.382	0.0004965675	0.0	0.0
330.532	0.000450961875	0.0	0.0
330.552	0.00042875625000000006	0.0	0.0
330.612	0.000369744375	0.0	0.0
330.722	0.000262348125	0.0	0.0
330.872	0.00011861362500000001	0.0	0.0
330.892	9.52550625e-05	0.0	0.0
330.952	2.676375e-05	0.0	0.0
331.052	-0.0001020508125	0.0	0.0
331.202	-0.00027721687499999997	0.0	0.0
331.222	-0.000294718125	0.0	0.0
331.282	-0.00034556437500000005	0.0	0.0
331.392	-0.0004400418750000001	0.0	0.0
331.542	-0.00056749875	0.0	0.0
331.562	-0.000568839375	0.0	0.0
331.622	-0.000572446875	0.0	0.0
331.732	-0.0005790037500000001	0.0	0.0
331.882	-0.0005877787500000001	0.0	0.0
331.902	-0.00057237375	0.0	0.0
331.962	-0.00052625625	0.0	0.0
332.062	-0.0004390668750000001	0.0	0.0
332.212	-0.000320263125	0.0	0.0
332.232	-0.000291695625	0.0	0.0
332.292	-0.000210643875	0.0	0.0
332.402	-6.140793750000001e-05	0.0	0.0
332.552	0.00013876687500000002	0.0	0.0
332.572	0.00016333687499999998	0.0	0.0
332.632	0.00023542106250000003	0.0	0.0
332.732	0.000371109375	0.0	0.0
332.882	0.00055575	0.0	0.0
332.902	0.0005664018750000001	0.0	0.0
332.962	0.000597894375	0.0	0.0
333.072	0.0006566625000000001	0.0	0.0
333.222	0.0007360275	0.0	0.0
333.242	0.0007238887500000002	0.0	0.0
333.302	0.000690958125	0.0	0.0
333.412	0.0006307275	0.0	0.0
333.562	0.00054994875	0.0	0.0
333.582	0.0005229656250000001	0.0	0.0
333.642	0.0004418700000000001	0.0	0.0
333.742	0.00028845375	0.0	0.0
333.892	7.947225e-05	0.0	0.0
333.912	4.6480687500000006e-05	0.0	0.0
333.972	-5.171887500000001e-05	0.0	0.0
334.082	-0.00023517731250000004	0.0	0.0
334.232	-0.000483088125	0.0	0.0
334.252	-0.0005061225000000001	0.0	0.0
334.312	-0.0005691075000000001	0.0	0.0
334.422	-0.0006845962500000001	0.0	0.0
334.572	-0.0008395725000000002	0.0	0.0
334.592	-0.0008371593750000001	0.0	0.0
334.652	-0.000829846875	0.0	0.0
334.752	-0.0008159775	0.0	0.0
334.902	-0.0007970625	0.0	0.0
334.922	-0.0007708350000000001	0.0	0.0
334.982	-0.000692079375	0.0	0.0
335.092	-0.000544635	0.0	0.0
335.242	-0.00034524750000000003	0.0	0.0
335.262	-0.0003031275	0.0	0.0
335.322	-0.0001870366875	0.0	0.0
335.432	2.6254312500000005e-05	0.0	0.0
335.582	0.0003126337500000001	0.0	0.0
335.602	0.00034207875	0.0	0.0
335.662	0.00043229062500000005	0.0	0.0
335.762	0.00060367125	0.0	0.0
335.912	0.0008374275	0.0	0.0
335.932	0.00084566625	0.0	0.0
335.992	0.0008706262500000001	0.0	0.0
336.102	0.0009174506250000001	0.0	0.0
336.252	0.0009808256250000002	0.0	0.0
336.272	0.0009586200000000001	0.0	0.0
336.332	0.000896926875	0.0	0.0
336.442	0.0007833637500000001	0.0	0.0
336.592	0.0006307762500000001	0.0	0.0
336.612	0.00059401875	0.0	0.0
336.662	0.00048040687500000004	0.0	0.0
336.772	0.000264054375	0.0	0.0
336.922	-3.1224375000000004e-05	0.0	0.0
336.942	-7.014637500000001e-05	0.0	0.0
337.002	-0.0001891768125	0.0	0.0
337.112	-0.00041296125	0.0	0.0
337.262	-0.0007159425000000001	0.0	0.0
337.282	-0.0007373681250000001	0.0	0.0
337.342	-0.000797355	0.0	0.0
337.452	-0.0009080906250000001	0.0	0.0
337.602	-0.0010569243750000001	0.0	0.0
337.622	-0.0010475400000000002	0.0	0.0
337.672	-0.0010182168750000001	0.0	0.0
337.782	-0.0009622518750000001	0.0	0.0
337.932	-0.000885811875	0.0	0.0
337.952	-0.0008512237500000001	0.0	0.0
338.012	-0.0007444368750000001	0.0	0.0
338.122	-0.00054327	0.0	0.0
338.272	-0.00027073312500000004	0.0	0.0
338.292	-0.00022377225000000004	0.0	0.0
338.352	-9.112350000000001e-05	0.0	0.0
338.462	0.00015413043750000003	0.0	0.0
338.612	0.000484063125	0.0	0.0
338.632	0.0005114850000000001	0.0	0.0
338.682	0.0005980162500000001	0.0	0.0
338.792	0.0007634981250000002	0.0	0.0
338.942	0.0009896493750000002	0.0	0.0
338.962	0.0009914287500000002	0.0	0.0
339.022	0.0009969375	0.0	0.0
339.132	0.0010073456250000003	0.0	0.0
339.282	0.00102145875	0.0	0.0
339.302	0.000992233125	0.0	0.0
339.362	0.00090894375	0.0	0.0
339.472	0.000754625625	0.0	0.0
339.622	0.000546901875	0.0	0.0
339.642	0.00050856	0.0	0.0
339.692	0.00038636812500000004	0.0	0.0
339.802	0.00015217312500000004	0.0	0.0
339.952	-0.00016808268750000003	0.0	0.0
339.972	-0.000203058375	0.0	0.0
340.032	-0.0003130725	0.0	0.0
340.142	-0.000521235	0.0	0.0
340.292	-0.000803570625	0.0	0.0
340.312	-0.00081719625	0.0	0.0
340.372	-0.000856366875	0.0	0.0
340.482	-0.0009291018750000002	0.0	0.0
340.632	-0.0010270650000000002	0.0	0.0
340.652	-0.001012610625	0.0	0.0
340.702	-0.00096607875	0.0	0.0
340.812	-0.0008767443750000001	0.0	0.0
340.962	-0.0007544793750000001	0.0	0.0
340.982	-0.0007200862500000001	0.0	0.0
341.042	-0.00061088625	0.0	0.0
341.152	-0.0004038693750000001	0.0	0.0
341.302	-0.0001228816875	0.0	0.0
341.322	-8.27116875e-05	0.0	0.0
341.382	3.3681375000000004e-05	0.0	0.0
341.492	0.0002502337500000001	0.0	0.0
341.642	0.0005421243750000001	0.0	0.0
341.662	0.0005612587500000001	0.0	0.0
341.712	0.0006234881250000001	0.0	0.0
341.822	0.0007432668750000001	0.0	0.0
341.972	0.0009072618750000001	0.0	0.0
341.992	0.00090309375	0.0	0.0
342.052	0.0008896875000000001	0.0	0.0
342.162	0.0008642400000000002	0.0	0.0
342.312	0.0008296762500000001	0.0	0.0
342.332	0.0008012550000000001	0.0	0.0
342.392	0.0007182093750000001	0.0	0.0
342.502	0.000563330625	0.0	0.0
342.652	0.000354485625	0.0	0.0
342.672	0.00032335875000000003	0.0	0.0
342.722	0.0002210593125	0.0	0.0
342.832	2.3694937500000002e-05	0.0	0.0
342.982	-0.000246699375	0.0	0.0
343.002	-0.00027124500000000004	0.0	0.0
343.062	-0.00035068312500000006	0.0	0.0
343.172	-0.000501954375	0.0	0.0
343.322	-0.000707533125	0.0	0.0
343.342	-0.0007128468750000001	0.0	0.0
343.402	-0.000728495625	0.0	0.0
343.512	-0.0007577456250000001	0.0	0.0
343.662	-0.0007972331250000001	0.0	0.0
343.682	-0.0007825350000000001	0.0	0.0
343.732	-0.0007337118749999999	0.0	0.0
343.842	-0.0006393318750000001	0.0	0.0
343.992	-0.000509925	0.0	0.0
344.012	-0.000482893125	0.0	0.0
344.072	-0.00039443625000000005	0.0	0.0
344.182	-0.000225649125	0.0	0.0
344.332	3.8575875e-06	0.0	0.0
344.352	3.159731250000001e-05	0.0	0.0
344.412	0.00011411156250000001	0.0	0.0
344.522	0.00026861250000000006	0.0	0.0
344.672	0.0004772381250000001	0.0	0.0
344.692	0.00048764625000000003	0.0	0.0
344.742	0.0005226	0.0	0.0
344.852	0.00059031375	0.0	0.0
345.002	0.0006832312499999999	0.0	0.0
345.022	0.000676625625	0.0	0.0
345.082	0.000654834375	0.0	0.0
345.192	0.0006131775000000001	0.0	0.0
345.342	0.00055648125	0.0	0.0
345.362	0.0005343243750000001	0.0	0.0
345.422	0.00046782937500000003	0.0	0.0
345.532	0.000343078125	0.0	0.0
345.682	0.00017451281250000002	0.0	0.0
345.702	0.00015350643750000002	0.0	0.0
345.752	8.222418750000001e-05	0.0	0.0
345.862	-5.6218500000000004e-05	0.0	0.0
346.012	-0.00024623625	0.0	0.0
346.032	-0.000260544375	0.0	0.0
346.092	-0.0003082706250000001	0.0	0.0
346.202	-0.0003997256250000001	0.0	0.0
346.352	-0.0005242331250000001	0.0	0.0
346.372	-0.00052440375	0.0	0.0
346.432	-0.00052498875	0.0	0.0
346.542	-0.000526085625	0.0	0.0
346.692	-0.0005275725	0.0	0.0
346.712	-0.0005159943750000001	0.0	0.0
346.762	-0.00047575125000000004	0.0	0.0
346.872	-0.00039719062500000006	0.0	0.0
347.022	-0.000289160625	0.0	0.0
347.042	-0.00027012375	0.0	0.0
347.102	-0.00020849156250000002	0.0	0.0
347.212	-9.14574375e-05	0.0	0.0
347.362	6.699712500000001e-05	0.0	0.0
347.382	8.114193750000001e-05	0.0	0.0
347.432	0.0001291899375	0.0	0.0
347.542	0.0002225851875	0.0	0.0
347.692	0.00035085375	0.0	0.0
347.712	0.00035587500000000007	0.0	0.0
347.772	0.00037301062500000006	0.0	0.0
347.882	0.00040596562500000004	0.0	0.0
348.032	0.00045088875	0.0	0.0
348.052	0.000443941875	0.0	0.0
348.112	0.00042261375	0.0	0.0
348.222	0.000382395	0.0	0.0
348.372	0.000327916875	0.0	0.0
348.392	0.00031546125000000004	0.0	0.0
348.442	0.00027185437500000005	0.0	0.0
348.552	0.0001866661875	0.0	0.0
348.702	6.955162500000001e-05	0.0	0.0
348.722	5.5911375000000006e-05	0.0	0.0
348.782	9.089437500000002e-06	0.0	0.0
348.892	-8.11370625e-05	0.0	0.0
349.042	-0.00020417718750000003	0.0	0.0
349.062	-0.00021277181250000003	0.0	0.0
349.122	-0.00023945268750000001	0.0	0.0
349.232	-0.00028989187500000005	0.0	0.0
349.382	-0.00035821500000000005	0.0	0.0
349.402	-0.00035704500000000006	0.0	0.0
349.452	-0.000352828125	0.0	0.0
349.562	-0.00034458937500000004	0.0	0.0
349.712	-0.000333255	0.0	0.0
349.732	-0.00032440687500000004	0.0	0.0
349.782	-0.000293694375	0.0	0.0
349.902	-0.00023440950000000002	0.0	0.0
350.052	-0.0001535113125	0.0	0.0
350.072	-0.00014014406250000003	0.0	0.0
350.132	-9.824831250000001e-05	0.0	0.0
350.242	-1.886795625e-05	0.0	0.0
350.392	8.871037499999999e-05	0.0	0.0
350.412	9.73269375e-05	0.0	0.0
350.462	0.000128149125	0.0	0.0
350.572	0.00018863081250000002	0.0	0.0
350.722	0.00027187875000000007	0.0	0.0
350.742	0.000274365	0.0	0.0
350.792	0.000283018125	0.0	0.0
350.912	0.00029978812500000004	0.0	0.0
351.062	0.00032267625	0.0	0.0
351.082	0.00031682625	0.0	0.0
351.142	0.000298276875	0.0	0.0
351.252	0.000263079375	0.0	0.0
351.402	0.00021532875000000002	0.0	0.0
351.422	0.000205934625	0.0	0.0
351.472	0.0001719290625	0.0	0.0
351.582	0.00010505137500000001	0.0	0.0
351.732	1.293215625e-05	0.0	0.0
351.752	2.90769375e-06	0.0	0.0
351.802	-3.2647875e-05	0.0	0.0
351.922	-0.00010160475000000001	0.0	0.0
352.072	-0.00019580925000000005	0.0	0.0
352.092	-0.00020166900000000005	0.0	0.0
352.152	-0.000220393875	0.0	0.0
352.262	-0.00025601062500000003	0.0	0.0
352.412	-0.000304370625	0.0	0.0
352.432	-0.0003025425	0.0	0.0
352.482	-0.0002959125	0.0	0.0
352.592	-0.000282823125	0.0	0.0
352.742	-0.00026478562500000007	0.0	0.0
352.762	-0.00025683937500000005	0.0	0.0
352.812	-0.000228291375	0.0	0.0
352.932	-0.000172813875	0.0	0.0
353.082	-9.6978375e-05	0.0	0.0
353.102	-8.5639125e-05	0.0	0.0
353.162	-4.905956250000001e-05	0.0	0.0
353.272	2.0689500000000002e-05	0.0	0.0
353.422	0.00011539368750000002	0.0	0.0
353.432	0.0001221065625	0.0	0.0
353.492	0.00014700318750000003	0.0	0.0
353.602	0.00019617975000000003	0.0	0.0
353.752	0.00026400562500000004	0.0	0.0
353.772	0.000265005	0.0	0.0
353.822	0.00026866125000000004	0.0	0.0
353.942	0.00027577875000000005	0.0	0.0
354.092	0.00028552875	0.0	0.0
354.112	0.00027924000000000004	0.0	0.0
354.172	0.00025874062500000003	0.0	0.0
354.282	0.0002195870625	0.0	0.0
354.432	0.00016639106250000002	0.0	0.0
354.442	0.00015784762500000002	0.0	0.0
354.502	0.000125760375	0.0	0.0
354.612	6.2244e-05	0.0	0.0
354.762	-2.5410937500000004e-05	0.0	0.0
354.782	-3.3703312500000004e-05	0.0	0.0
354.832	-6.413793750000001e-05	0.0	0.0
354.952	-0.00012353737500000003	0.0	0.0
355.102	-0.00020483775000000002	0.0	0.0
355.122	-0.00020872556250000002	0.0	0.0
355.182	-0.0002215273125	0.0	0.0
355.292	-0.00024604125000000004	0.0	0.0
355.442	-0.000279361875	0.0	0.0
355.452	-0.00027670500000000003	0.0	0.0
355.512	-0.00026658937500000004	0.0	0.0
355.622	-0.00024652875	0.0	0.0
355.772	-0.000218843625	0.0	0.0
355.792	-0.0002112800625	0.0	0.0
355.842	-0.00018319275000000003	0.0	0.0
355.962	-0.00012825393750000001	0.0	0.0
356.112	-5.301806250000001e-05	0.0	0.0
356.132	-4.3329000000000005e-05	0.0	0.0
356.192	-1.11184125e-05	0.0	0.0
356.302	5.069756250000001e-05	0.0	0.0
356.452	0.0001347815625	0.0	0.0
356.462	0.000139790625	0.0	0.0
356.522	0.000159076125	0.0	0.0
356.632	0.00019742043750000003	0.0	0.0
356.782	0.00025040437500000004	0.0	0.0
356.802	0.000250185	0.0	0.0
356.852	0.00024938062500000005	0.0	0.0
356.972	0.000247820625	0.0	0.0
357.122	0.000245675625	0.0	0.0
357.142	0.0002393015625	0.0	0.0
357.202	0.0002178710625	0.0	0.0
357.312	0.00017666025000000004	0.0	0.0
357.462	0.0001205660625	0.0	0.0
357.472	0.00011302687500000001	0.0	0.0
357.532	8.361356250000002e-05	0.0	0.0
357.642	2.4999000000000002e-05	0.0	0.0
357.792	-5.6035687500000005e-05	0.0	0.0
357.812	-6.27339375e-05	0.0	0.0
357.862	-8.82009375e-05	0.0	0.0
357.982	-0.00013822575	0.0	0.0
358.132	-0.00020681943750000003	0.0	0.0
358.152	-0.0002091740625	0.0	0.0
358.212	-0.00021716175000000002	0.0	0.0
358.322	-0.00023255700000000002	0.0	0.0
358.472	-0.000253524375	0.0	0.0
358.482	-0.00025038	0.0	0.0
358.542	-0.0002379365625	0.0	0.0
358.652	-0.00021308868750000005	0.0	0.0
358.802	-0.00017871506250000002	0.0	0.0
358.812	-0.00017160975000000004	0.0	0.0
358.872	-0.00014426100000000002	0.0	0.0
358.992	-9.042637500000001e-05	0.0	0.0
359.142	-1.6564274999999998e-05	0.0	0.0
359.162	-8.179518750000002e-06	0.0	0.0
359.212	2.0589806250000003e-05	0.0	0.0
359.332	7.61499375e-05	0.0	0.0
359.482	0.00015186843750000003	0.0	0.0
359.492	0.00015563925000000004	0.0	0.0
359.552	0.000170742	0.0	0.0
359.662	0.00020097187500000004	0.0	0.0
359.812	0.00024281887499999998	0.0	0.0
359.822	0.00024172931250000001	0.0	0.0
359.882	0.00023748562500000003	0.0	0.0
359.992	0.00022911281250000002	0.0	0.0
360.152	0.00021761756250000003	0.0	0.0
360.172	0.0002110801875	0.0	0.0
360.222	0.00018846262500000002	0.0	0.0
360.342	0.00014470950000000003	0.0	0.0
360.492	8.5059e-05	0.0	0.0
360.502	7.82656875e-05	0.0	0.0
360.562	5.021250000000001e-05	0.0	0.0
360.672	-6.25291875e-06	0.0	0.0
360.822	-8.456175000000002e-05	0.0	0.0
360.842	-9.057506250000001e-05	0.0	0.0
360.892	-0.00011317800000000002	0.0	0.0
361.012	-0.00015735037500000002	0.0	0.0
361.162	-0.00021766387500000002	0.0	0.0
361.172	-0.00021877781250000003	0.0	0.0
361.232	-0.0002232481875	0.0	0.0
361.342	-0.00023220112500000004	0.0	0.0
361.492	-0.000244603125	0.0	0.0
361.502	-0.00024073968750000003	0.0	0.0
361.562	-0.00022531762500000002	0.0	0.0
361.672	-0.00019476843750000004	0.0	0.0
361.832	-0.0001527825	0.0	0.0
361.852	-0.000144651	0.0	0.0
361.902	-0.0001159250625	0.0	0.0
362.022	-6.013312500000002e-05	0.0	0.0
362.172	1.6025343750000002e-05	0.0	0.0
362.182	2.234821875e-05	0.0	0.0
362.242	4.862081250000001e-05	0.0	0.0
362.352	0.00010152675000000002	0.0	0.0
362.502	0.00017487600000000002	0.0	0.0
362.512	0.000178152	0.0	0.0
362.572	0.00019136081250000002	0.0	0.0
362.682	0.00021756881250000002	0.0	0.0
362.842	0.00025359750000000005	0.0	0.0
362.862	0.00025135500000000004	0.0	0.0
362.912	0.00024336487500000004	0.0	0.0
363.032	0.00022780143750000004	0.0	0.0
363.182	0.00020654156250000003	0.0	0.0
363.192	0.00020085487500000004	0.0	0.0
363.252	0.000176889375	0.0	0.0
363.362	0.00012852206250000002	0.0	0.0
363.512	6.14225625e-05	0.0	0.0
363.522	5.406618750000001e-05	0.0	0.0
363.582	2.3999625e-05	0.0	0.0
363.692	-3.5777625e-05	0.0	0.0
363.852	-0.00011801887500000001	0.0	0.0
363.872	-0.0001236885	0.0	0.0
363.922	-0.00014416106249999998	0.0	0.0
364.042	-0.00018409706250000003	0.0	0.0
364.192	-0.00023867756250000002	0.0	0.0
364.202	-0.0002388043125	0.0	0.0
364.262	-0.000239347875	0.0	0.0
364.372	-0.00024045206250000004	0.0	0.0
364.522	-0.000241980375	0.0	0.0
364.532	-0.00023734912500000002	0.0	0.0
364.592	-0.00021817818750000003	0.0	0.0
364.702	-0.00017997768750000002	0.0	0.0
364.862	-0.000127388625	0.0	0.0
364.882	-0.0001192425	0.0	0.0
364.932	-8.947818750000001e-05	0.0	0.0
365.052	-3.1295062500000005e-05	0.0	0.0
365.202	4.8272250000000005e-05	0.0	0.0
365.212	5.3766375000000006e-05	0.0	0.0
365.272	7.761731250000001e-05	0.0	0.0
365.382	0.00012596268750000002	0.0	0.0
365.532	0.000193113375	0.0	0.0
365.542	0.00019515356250000002	0.0	0.0
365.602	0.0002037091875	0.0	0.0
365.712	0.0002207960625	0.0	0.0
365.872	0.00024433500000000004	0.0	0.0
365.892	0.00024112725	0.0	0.0
365.942	0.00022927125	0.0	0.0
366.062	0.00020604675000000002	0.0	0.0
366.212	0.000174266625	0.0	0.0
366.222	0.00016874812500000002	0.0	0.0
366.282	0.00014444381250000002	0.0	0.0
366.392	9.50625e-05	0.0	0.0
366.542	2.643225e-05	0.0	0.0
366.552	2.021248125e-05	0.0	0.0
366.612	-6.2580375e-06	0.0	0.0
366.722	-5.922637500000001e-05	0.0	0.0
366.882	-0.000132234375	0.0	0.0
366.902	-0.00013622700000000002	0.0	0.0
366.952	-0.000151168875	0.0	0.0
367.072	-0.0001804993125	0.0	0.0
367.222	-0.00022065712500000001	0.0	0.0
367.232	-0.000219925875	0.0	0.0
367.292	-0.00021665718750000005	0.0	0.0
367.402	-0.00021000037500000003	0.0	0.0
367.552	-0.00020074275000000002	0.0	0.0
367.562	-0.0001962748125	0.0	0.0
367.622	-0.000176996625	0.0	0.0
367.732	-0.0001383354375	0.0	0.0
367.892	-8.50175625e-05	0.0	0.0
367.912	-7.814868750000002e-05	0.0	0.0
367.962	-5.214543750000001e-05	0.0	0.0
368.082	-9.895762500000003e-07	0.0	0.0
368.232	6.9093375e-05	0.0	0.0
368.242	7.325418750000001e-05	0.0	0.0
368.302	9.215943750000001e-05	0.0	0.0
368.412	0.0001307401875	0.0	0.0
368.562	0.00018442125000000005	0.0	0.0
368.572	0.00018550350000000004	0.0	0.0
368.632	0.00019024200000000003	0.0	0.0
368.742	0.00019976774999999998	0.0	0.0
368.902	0.00021291075	0.0	0.0
368.912	0.000209561625	0.0	0.0
368.972	0.00019672331250000002	0.0	0.0
369.092	0.0001714123125	0.0	0.0
369.242	0.0001367169375	0.0	0.0
369.252	0.00013173225	0.0	0.0
369.312	0.00010872468750000002	0.0	0.0
369.422	6.166875000000002e-05	0.0	0.0
369.572	-3.845887500000001e-06	0.0	0.0
369.582	-9.32295e-06	0.0	0.0
369.642	-3.36496875e-05	0.0	0.0
369.752	-8.2645875e-05	0.0	0.0
369.912	-0.00015029625000000002	0.0	0.0
369.922	-0.000153635625	0.0	0.0
369.982	-0.00016658850000000002	0.0	0.0
370.092	-0.00019218225000000003	0.0	0.0
370.252	-0.00022728956250000001	0.0	0.0
370.262	-0.00022620243750000001	0.0	0.0
370.322	-0.00022110318750000004	0.0	0.0
370.432	-0.00021065362500000001	0.0	0.0
370.582	-0.00019609443750000005	0.0	0.0
370.592	-0.000191231625	0.0	0.0
370.652	-0.0001693063125	0.0	0.0
370.762	-0.00012505106250000001	0.0	0.0
370.922	-6.391368750000001e-05	0.0	0.0
370.932	-5.6498812500000006e-05	0.0	0.0
370.992	-2.7358500000000002e-05	0.0	0.0
371.102	3.0334687500000005e-05	0.0	0.0
371.262	0.00010951931250000002	0.0	0.0
371.272	0.00011386293750000001	0.0	0.0
371.332	0.0001345719375	0.0	0.0
371.442	0.00017712337500000002	0.0	0.0
371.592	0.00023643750000000002	0.0	0.0
371.602	0.00023713706250000002	0.0	0.0
371.662	0.00024033750000000003	0.0	0.0
371.772	0.00024682125	0.0	0.0
371.932	0.000255766875	0.0	0.0
371.942	0.000251086875	0.0	0.0
372.002	0.000232479	0.0	0.0
372.112	0.0001955630625	0.0	0.0
372.272	0.00014486550000000002	0.0	0.0
372.282	0.00013859137500000002	0.0	0.0
372.332	0.00010816893750000002	0.0	0.0
372.452	4.5525187500000005e-05	0.0	0.0
372.602	-4.184700000000001e-05	0.0	0.0
372.612	-4.832587500000001e-05	0.0	0.0
372.672	-7.843387500000001e-05	0.0	0.0
372.782	-0.00013946643750000002	0.0	0.0
372.942	-0.00022388437500000003	0.0	0.0
372.952	-0.00022711162500000002	0.0	0.0
373.012	-0.00024012056250000003	0.0	0.0
373.122	-0.00026598	0.0	0.0
373.282	-0.000301543125	0.0	0.0
373.292	-0.00029927625000000004	0.0	0.0
373.342	-0.00028818562500000004	0.0	0.0
373.462	-0.0002652975	0.0	0.0
373.612	-0.00023334918750000003	0.0	0.0
373.622	-0.0002266899375	0.0	0.0
373.682	-0.000195268125	0.0	0.0
373.792	-0.0001314373125	0.0	0.0
373.952	-4.309500000000001e-05	0.0	0.0
373.962	-3.41079375e-05	0.0	0.0
374.022	2.60446875e-06	0.0	0.0
374.132	7.575750000000001e-05	0.0	0.0
374.292	0.00017634093750000003	0.0	0.0
374.302	0.00018071625	0.0	0.0
374.352	0.00020266837500000002	0.0	0.0
374.472	0.00024808875	0.0	0.0
374.622	0.000311488125	0.0	0.0
374.632	0.000311049375	0.0	0.0
374.692	0.0003089287500000001	0.0	0.0
374.802	0.00030461437500000005	0.0	0.0
374.962	0.00029861812500000005	0.0	0.0
374.972	0.00029201250000000003	0.0	0.0
375.032	0.00026473687500000004	0.0	0.0
375.142	0.00021027093750000003	0.0	0.0
375.302	0.000135364125	0.0	0.0
375.312	0.00012836118750000002	0.0	0.0
375.362	9.177431250000002e-05	0.0	0.0
375.472	1.567824375e-05	0.0	0.0
375.632	-9.077981250000003e-05	0.0	0.0
375.642	-9.762431250000001e-05	0.0	0.0
375.702	-0.00012892425	0.0	0.0
375.812	-0.00019205062500000003	0.0	0.0
375.972	-0.00027899625	0.0	0.0
375.982	-0.000280605	0.0	0.0
376.032	-0.000288721875	0.0	0.0
376.152	-0.00030554062500000003	0.0	0.0
376.302	-0.00032901375000000005	0.0	0.0
376.312	-0.0003253575000000001	0.0	0.0
376.372	-0.00030729562500000007	0.0	0.0
376.482	-0.00027039187500000006	0.0	0.0
376.642	-0.00021924825000000004	0.0	0.0
376.652	-0.00021071700000000002	0.0	0.0
376.712	-0.0001745835	0.0	0.0
376.822	-0.00010217268750000001	0.0	0.0
376.982	-2.4531e-06	0.0	0.0
376.992	3.9638625e-06	0.0	0.0
377.042	3.776175000000001e-05	0.0	0.0
377.152	0.00010809337500000002	0.0	0.0
377.312	0.00020645625	0.0	0.0
377.322	0.00021004668750000002	0.0	0.0
377.382	0.00022802568750000002	0.0	0.0
377.492	0.00026483437500000005	0.0	0.0
377.652	0.00031590000000000003	0.0	0.0
377.662	0.000314023125	0.0	0.0
377.722	0.00030595500000000006	0.0	0.0
377.832	0.000289745625	0.0	0.0
377.992	0.000267418125	0.0	0.0
378.002	0.00026225062500000006	0.0	0.0
378.052	0.0002344948125	0.0	0.0
378.162	0.00017662125000000002	0.0	0.0
378.322	9.563043750000002e-05	0.0	0.0
378.332	8.866650000000002e-05	0.0	0.0
378.392	5.317650000000001e-05	0.0	0.0
378.502	-1.965136875e-05	0.0	0.0
378.662	-0.00012071231250000002	0.0	0.0
378.672	-0.000126433125	0.0	0.0
378.732	-0.0001513419375	0.0	0.0
378.842	-0.00020147887500000003	0.0	0.0
379.002	-0.00027061125	0.0	0.0
379.012	-0.00027102562500000004	0.0	0.0
379.062	-0.0002732925	0.0	0.0
379.172	-0.00027804562500000004	0.0	0.0
379.332	-0.00028472437500000005	0.0	0.0
379.342	-0.0002808487500000001	0.0	0.0
379.402	-0.000260788125	0.0	0.0
379.512	-0.00021955537500000001	0.0	0.0
379.672	-0.00016229118750000002	0.0	0.0
379.682	-0.00015490068750000002	0.0	0.0
379.742	-0.0001222455	0.0	0.0
379.852	-5.6376937500000005e-05	0.0	0.0
380.012	3.4493062500000004e-05	0.0	0.0
380.022	3.936075000000001e-05	0.0	0.0
380.072	6.651937500000001e-05	0.0	0.0
380.182	0.000123420375	0.0	0.0
380.342	0.00020314125	0.0	0.0
380.352	0.000205291125	0.0	0.0
380.412	0.000216645	0.0	0.0
380.522	0.00024004256250000002	0.0	0.0
380.682	0.00027256124999999997	0.0	0.0
380.692	0.00027012375	0.0	0.0
380.752	0.0002592525	0.0	0.0
380.862	0.00023727112500000001	0.0	0.0
381.022	0.00020692912500000005	0.0	0.0
381.032	0.00020244412500000002	0.0	0.0
381.082	0.00017691131250000003	0.0	0.0
381.192	0.0001232960625	0.0	0.0
381.352	4.813818750000001e-05	0.0	0.0
381.362	4.2631875e-05	0.0	0.0
381.422	1.3024293750000001e-05	0.0	0.0
381.532	-4.8126000000000006e-05	0.0	0.0
381.692	-0.00013313137500000003	0.0	0.0
381.702	-0.0001372044375	0.0	0.0
381.762	-0.00015573918750000002	0.0	0.0
381.872	-0.00019328887499999998	0.0	0.0
382.032	-0.00024513937500000003	0.0	0.0
382.042	-0.00024492000000000003	0.0	0.0
382.092	-0.00024366712500000003	0.0	0.0
382.202	-0.0002410078125	0.0	0.0
382.362	-0.00023727843750000001	0.0	0.0
382.372	-0.00023363193750000003	0.0	0.0
382.432	-0.00021366150000000003	0.0	0.0
382.542	-0.00017232393750000002	0.0	0.0
382.702	-0.00011482575000000001	0.0	0.0
382.712	-0.0001084565625	0.0	0.0
382.772	-7.90115625e-05	0.0	0.0
382.882	-1.923114375e-05	0.0	0.0
383.042	6.338231250000001e-05	0.0	0.0
383.052	6.726525e-05	0.0	0.0
383.102	9.032643750000002e-05	0.0	0.0
383.212	0.00013896918750000003	0.0	0.0
383.372	0.00020723625000000002	0.0	0.0
383.382	0.0002086183125	0.0	0.0
383.442	0.0002163256875	0.0	0.0
383.552	0.0002323108125	0.0	0.0
383.712	0.0002545725	0.0	0.0
383.722	0.00025179375000000003	0.0	0.0
383.782	0.00023881893750000004	0.0	0.0
383.892	0.0002124135	0.0	0.0
384.052	0.00017589975000000002	0.0	0.0
384.062	0.0001716268125	0.0	0.0
384.112	0.00014569912500000002	0.0	0.0
384.222	9.088950000000001e-05	0.0	0.0
384.382	1.3923000000000002e-05	0.0	0.0
384.392	8.900287500000001e-06	0.0	0.0
384.452	-1.9677937500000003e-05	0.0	0.0
384.562	-7.909200000000001e-05	0.0	0.0
384.722	-0.00016182318750000002	0.0	0.0
384.732	-0.0001652113125	0.0	0.0
384.792	-0.0001813621875	0.0	0.0
384.902	-0.00021429525	0.0	0.0
385.062	-0.000259861875	0.0	0.0
385.072	-0.000259155	0.0	0.0
385.122	-0.00025476750000000004	0.0	0.0
385.232	-0.00024545625	0.0	0.0
385.392	-0.000232376625	0.0	0.0
385.402	-0.00022836937500000001	0.0	0.0
385.452	-0.00020511318750000002	0.0	0.0
385.572	-0.00015665812500000002	0.0	0.0
385.732	-8.914425e-05	0.0	0.0
385.742	-8.27019375e-05	0.0	0.0
385.802	-5.1467812500000006e-05	0.0	0.0
385.912	1.2351300000000001e-05	0.0	0.0
386.072	0.00010070287500000001	0.0	0.0
386.082	0.00010419093750000001	0.0	0.0
386.132	0.00012633562499999999	0.0	0.0
386.242	0.0001733623125	0.0	0.0
386.402	0.00023947462500000004	0.0	0.0
386.412	0.00024016931250000004	0.0	0.0
386.462	0.00024428625	0.0	0.0
386.582	0.00025286625	0.0	0.0
386.742	0.00026483437500000005	0.0	0.0
386.752	0.0002613	0.0	0.0
386.812	0.00024379875000000005	0.0	0.0
386.922	0.00020796750000000002	0.0	0.0
387.082	0.00015834000000000003	0.0	0.0
387.092	0.0001539549375	0.0	0.0
387.142	0.00012545325	0.0	0.0
387.252	6.478875e-05	0.0	0.0
387.412	-2.0545687500000005e-05	0.0	0.0
387.422	-2.5133062500000006e-05	0.0	0.0
387.472	-5.287181250000001e-05	0.0	0.0
387.592	-0.00011092087500000002	0.0	0.0
387.752	-0.00019188975000000003	0.0	0.0
387.762	-0.000194302875	0.0	0.0
387.822	-0.00020640018750000004	0.0	0.0
387.932	-0.00023122368750000004	0.0	0.0
388.092	-0.00026563875000000005	0.0	0.0
388.102	-0.00026429812500000004	0.0	0.0
388.152	-0.000255523125	0.0	0.0
388.262	-0.00023674462500000002	0.0	0.0
388.422	-0.00021033187500000002	0.0	0.0
388.432	-0.0002062295625	0.0	0.0
388.482	-0.00018088687500000003	0.0	0.0
388.602	-0.00012774206250000002	0.0	0.0
388.762	-5.356893750000001e-05	0.0	0.0
388.772	-4.784081250000001e-05	0.0	0.0
388.832	-1.86537e-05	0.0	0.0
388.942	4.1374125e-05	0.0	0.0
389.102	0.0001246245	0.0	0.0
389.112	0.0001271716875	0.0	0.0
389.162	0.0001445510625	0.0	0.0
389.272	0.00018171318750000002	0.0	0.0
389.432	0.00023404875	0.0	0.0
389.442	0.00023394393750000001	0.0	0.0
389.492	0.00023327362500000004	0.0	0.0
389.612	0.00023186718750000003	0.0	0.0
389.772	0.0002299025625	0.0	0.0
389.782	0.00022622925000000002	0.0	0.0
389.842	0.00020725331250000001	0.0	0.0
389.952	0.00016816556250000002	0.0	0.0
390.112	0.00011393362500000002	0.0	0.0
390.122	0.00011038462500000002	0.0	0.0
390.172	8.472506250000001e-05	0.0	0.0
390.282	2.955225e-05	0.0	0.0
390.442	-4.829175000000001e-05	0.0	0.0
390.452	-5.2072312500000004e-05	0.0	0.0
390.502	-7.442175000000001e-05	0.0	0.0
390.622	-0.00012094875	0.0	0.0
390.782	-0.00018557906250000003	0.0	0.0
390.792	-0.00018657112500000003	0.0	0.0
390.842	-0.0001933644375	0.0	0.0
390.952	-0.00020790412500000004	0.0	0.0
391.112	-0.00022838887500000002	0.0	0.0
391.122	-0.0002267581875	0.0	0.0
391.172	-0.00021601125000000003	0.0	0.0
391.292	-0.00019332543750000004	0.0	0.0
391.452	-0.000161616	0.0	0.0
391.462	-0.00015721875000000002	0.0	0.0
391.522	-0.00013371150000000002	0.0	0.0
391.632	-8.508581250000001e-05	0.0	0.0
391.792	-1.7547075000000002e-05	0.0	0.0
391.802	-1.438295625e-05	0.0	0.0
391.852	8.756231250000001e-06	0.0	0.0
391.962	5.853412500000001e-05	0.0	0.0
392.122	0.00012874143750000002	0.0	0.0
392.132	0.00013080356250000003	0.0	0.0
392.182	0.00014463881250000003	0.0	0.0
392.302	0.00017388637500000001	0.0	0.0
392.462	0.0002147900625	0.0	0.0
392.472	0.0002141855625	0.0	0.0
392.532	0.00021090225000000004	0.0	0.0
392.642	0.00020409675	0.0	0.0
392.802	0.00019463681250000002	0.0	0.0
392.812	0.00019228462500000003	0.0	0.0
392.862	0.0001746103125	0.0	0.0
392.972	0.0001365	0.0	0.0
393.132	8.2719e-05	0.0	0.0
393.142	7.908225e-05	0.0	0.0
393.192	5.4097875e-05	0.0	0.0
393.312	1.1657100000000002e-06	0.0	0.0
393.472	-7.2905625e-05	0.0	0.0
393.482	-7.644975e-05	0.0	0.0
393.542	-9.61033125e-05	0.0	0.0
393.652	-0.00013693875	0.0	0.0
393.812	-0.0001937203125	0.0	0.0
393.822	-0.00019426631250000004	0.0	0.0
393.872	-0.000198475875	0.0	0.0
393.982	-0.00020757506250000004	0.0	0.0
394.142	-0.00022042312500000004	0.0	0.0
394.152	-0.00021859012500000002	0.0	0.0
394.202	-0.00020568356250000002	0.0	0.0
394.322	-0.000178283625	0.0	0.0
394.482	-0.00013991737500000003	0.0	0.0
394.492	-0.00013556400000000002	0.0	0.0
394.542	-0.0001109525625	0.0	0.0
394.662	-5.970900000000001e-05	0.0	0.0
394.822	1.1591043750000003e-05	0.0	0.0
394.832	1.4441212500000002e-05	0.0	0.0
394.882	3.71401875e-05	0.0	0.0
394.992	8.630700000000001e-05	0.0	0.0
395.152	0.00015576843750000002	0.0	0.0
395.162	0.0001573820625	0.0	0.0
395.212	0.00016903331250000002	0.0	0.0
395.332	0.00019382756250000002	0.0	0.0
395.492	0.0002285619375	0.0	0.0
395.502	0.00022741631250000003	0.0	0.0
395.552	0.0002208106875	0.0	0.0
395.672	0.00020702175	0.0	0.0
395.832	0.00018782887500000002	0.0	0.0
395.842	0.00018534506250000003	0.0	0.0
395.892	0.00016494562500000002	0.0	0.0
396.002	0.000120661125	0.0	0.0
396.162	5.805881250000001e-05	0.0	0.0
396.172	5.4580500000000004e-05	0.0	0.0
396.222	2.88039375e-05	0.0	0.0
396.342	-2.6171437500000004e-05	0.0	0.0
396.502	-0.000103228125	0.0	0.0
396.512	-0.0001062286875	0.0	0.0
396.562	-0.0001238835	0.0	0.0
396.682	-0.00016080187500000002	0.0	0.0
396.842	-0.00021222581250000003	0.0	0.0
396.852	-0.00021230137500000002	0.0	0.0
396.902	-0.00021294731250000003	0.0	0.0
397.012	-0.00021435131250000002	0.0	0.0
397.172	-0.00021633787500000004	0.0	0.0
397.182	-0.00021422212500000004	0.0	0.0
397.232	-0.000198115125	0.0	0.0
397.352	-0.00016369275000000002	0.0	0.0
397.512	-0.00011541318750000001	0.0	0.0
397.522	-0.0001112304375	0.0	0.0
397.572	-8.61193125e-05	0.0	0.0
397.692	-3.348637500000001e-05	0.0	0.0
397.852	3.986775e-05	0.0	0.0
397.862	4.216387500000001e-05	0.0	0.0
397.912	6.224887499999999e-05	0.0	0.0
398.022	0.00010605075000000001	0.0	0.0
398.182	0.0001680436875	0.0	0.0
398.192	0.0001689796875	0.0	0.0
398.242	0.0001763019375	0.0	0.0
398.362	0.00019199212500000003	0.0	0.0
398.522	0.000214007625	0.0	0.0
398.532	0.00021242081250000004	0.0	0.0
398.582	0.00020269762500000002	0.0	0.0
398.702	0.00018227625000000002	0.0	0.0
398.862	0.00015379650000000002	0.0	0.0
398.872	0.000151578375	0.0	0.0
398.922	0.00013151531250000002	0.0	0.0
399.032	8.76598125e-05	0.0	0.0
399.192	2.5557187500000002e-05	0.0	0.0
399.202	2.2826700000000006e-05	0.0	0.0
399.252	8.431312500000001e-07	0.0	0.0
399.372	-4.6351500000000005e-05	0.0	0.0
399.532	-0.0001126125	0.0	0.0
399.542	-0.000114621	0.0	0.0
399.592	-0.000127213125	0.0	0.0
399.712	-0.00015371850000000002	0.0	0.0
399.872	-0.00019070025000000003	0.0	0.0
399.882	-0.0001904443125	0.0	0.0
399.932	-0.00018805800000000003	0.0	0.0
400.042	-0.00018282468750000001	0.0	0.0
400.202	-0.00017540981250000005	0.0	0.0
400.212	-0.00017351343750000002	0.0	0.0
400.262	-0.00015778425	0.0	0.0
400.382	-0.0001239395625	0.0	0.0
400.542	-7.639612500000002e-05	0.0	0.0
400.552	-7.301043750000001e-05	0.0	0.0
400.602	-5.130206250000001e-05	0.0	0.0
400.722	-5.5109437500000006e-06	0.0	0.0
400.882	5.8419562500000006e-05	0.0	0.0
400.892	6.008925000000001e-05	0.0	0.0
400.942	7.632543750000001e-05	0.0	0.0
401.052	0.0001119811875	0.0	0.0
401.212	0.0001625251875	0.0	0.0
401.222	0.000163073625	0.0	0.0
401.272	0.00016776581250000004	0.0	0.0
401.392	0.000177879	0.0	0.0
401.552	0.00019209693750000002	0.0	0.0
401.562	0.0001905028125	0.0	0.0
401.612	0.00018003618750000002	0.0	0.0
401.732	0.00015791343750000002	0.0	0.0
401.892	0.00012700593750000002	0.0	0.0
401.902	0.0001250315625	0.0	0.0
401.952	0.00010510012500000001	0.0	0.0
402.062	6.123000000000001e-05	0.0	0.0
402.222	-9.93744375e-07	0.0	0.0
402.232	-3.4968375000000006e-06	0.0	0.0
402.282	-2.5579125000000002e-05	0.0	0.0
402.402	-7.330050000000001e-05	0.0	0.0
402.562	-0.00014041218750000003	0.0	0.0
402.572	-0.00014228906250000003	0.0	0.0
402.622	-0.0001548811875	0.0	0.0
402.742	-0.00018155962500000005	0.0	0.0
402.902	-0.0002188485	0.0	0.0
402.902	-0.00021847800000000003	0.0	0.0
402.962	-0.0002145975	0.0	0.0
403.072	-0.00020603456250000004	0.0	0.0
403.232	-0.00019388362500000002	0.0	0.0
403.242	-0.00019167525000000001	0.0	0.0
403.292	-0.00017154637499999998	0.0	0.0
403.412	-0.00012795168750000003	0.0	0.0
403.572	-6.66095625e-05	0.0	0.0
403.582	-6.254137500000002e-05	0.0	0.0
403.632	-3.45808125e-05	0.0	0.0
403.752	2.4791812500000003e-05	0.0	0.0
403.912	0.00010782281249999999	0.0	0.0
403.912	0.00010971187500000001	0.0	0.0
403.972	0.0001303794375	0.0	0.0
404.082	0.00017608012500000002	0.0	0.0
404.242	0.0002409736875	0.0	0.0
404.252	0.00024140512500000005	0.0	0.0
404.302	0.00024548062500000007	0.0	0.0
404.422	0.00025430437500000003	0.0	0.0
404.582	0.00026673562500000004	0.0	0.0
404.592	0.000264200625	0.0	0.0
404.642	0.00024640687500000004	0.0	0.0
404.762	0.00020858662500000002	0.0	0.0
404.922	0.00015566849999999998	0.0	0.0
404.922	0.00015315300000000003	0.0	0.0
404.982	0.000122776875	0.0	0.0
405.092	5.5224000000000005e-05	0.0	0.0
405.252	-4.08695625e-05	0.0	0.0
405.262	-4.4598937500000003e-05	0.0	0.0
405.312	-7.632056250000002e-05	0.0	0.0
405.432	-0.00014450962500000002	0.0	0.0
405.592	-0.0002400230625	0.0	0.0
405.592	-0.00024132225	0.0	0.0
405.652	-0.000255620625	0.0	0.0
405.762	-0.00028723500000000005	0.0	0.0
405.922	-0.0003321825	0.0	0.0
405.932	-0.00033113437500000004	0.0	0.0
405.982	-0.00032048250000000003	0.0	0.0
406.102	-0.0002972775	0.0	0.0
406.262	-0.00026459062500000004	0.0	0.0
406.272	-0.00026003250000000006	0.0	0.0
406.322	-0.00022637550000000005	0.0	0.0
406.442	-0.0001545009375	0.0	0.0
406.602	-5.3839500000000005e-05	0.0	0.0
406.602	-5.0709750000000004e-05	0.0	0.0
406.662	-1.2137775000000001e-05	0.0	0.0
406.772	7.36783125e-05	0.0	0.0
406.932	0.00019571662500000004	0.0	0.0
406.942	0.00019839300000000002	0.0	0.0
406.992	0.00022618537500000002	0.0	0.0
407.112	0.000286869375	0.0	0.0
407.272	0.000372425625	0.0	0.0
407.282	0.00037237687500000003	0.0	0.0
407.332	0.0003720843750000001	0.0	0.0
407.452	0.0003714262500000001	0.0	0.0
407.612	0.0003705243750000001	0.0	0.0
407.612	0.00036830625	0.0	0.0
407.662	0.0003396900000000001	0.0	0.0
407.782	0.00027582750000000004	0.0	0.0
407.942	0.0001849891875	0.0	0.0
407.942	0.00018064068750000002	0.0	0.0
408.002	0.0001336993125	0.0	0.0
408.122	3.0980625e-05	0.0	0.0
408.282	-0.00011392875000000001	0.0	0.0
408.292	-0.00011931318750000001	0.0	0.0
408.342	-0.00016108706250000002	0.0	0.0
408.462	-0.00025072125	0.0	0.0
408.622	-0.00037637437500000003	0.0	0.0
408.622	-0.00037737375	0.0	0.0
408.672	-0.0003910481250000001	0.0	0.0
408.792	-0.00042159	0.0	0.0
408.952	-0.000465075	0.0	0.0
408.952	-0.000463149375	0.0	0.0
409.012	-0.0004413581250000001	0.0	0.0
409.122	-0.00039363187500000005	0.0	0.0
409.292	-0.000326235	0.0	0.0
409.302	-0.00031994625	0.0	0.0
409.352	-0.00026968500000000003	0.0	0.0
409.472	-0.00016164768750000002	0.0	0.0
409.632	-1.0068337499999999e-05	0.0	0.0
409.632	-6.504225e-06	0.0	0.0
409.682	4.482075e-05	0.0	0.0
409.802	0.0001598025	0.0	0.0
409.962	0.0003235781250000001	0.0	0.0
409.962	0.000326259375	0.0	0.0
410.022	0.000357508125	0.0	0.0
410.132	0.00042622125000000004	0.0	0.0
410.302	0.0005232581250000001	0.0	0.0
410.312	0.00052216125	0.0	0.0
410.362	0.000513166875	0.0	0.0
410.482	0.0004937643750000001	0.0	0.0
410.642	0.0004665618750000001	0.0	0.0
410.642	0.00046366125000000006	0.0	0.0
410.692	0.0004195425	0.0	0.0
410.812	0.00032050687500000005	0.0	0.0
410.972	0.00017933662500000002	0.0	0.0
410.972	0.00017424468750000004	0.0	0.0
411.032	0.0001117715625	0.0	0.0
411.142	-2.5852124999999998e-05	0.0	0.0
411.312	-0.00022031587500000003	0.0	0.0
411.322	-0.00022603912500000002	0.0	0.0
411.372	-0.00027451125	0.0	0.0
411.492	-0.00037922625	0.0	0.0
411.652	-0.00052625625	0.0	0.0
411.652	-0.0005267681250000001	0.0	0.0
411.702	-0.0005350800000000001	0.0	0.0
411.822	-0.0005538243750000001	0.0	0.0
411.982	-0.000580539375	0.0	0.0
411.982	-0.000577711875	0.0	0.0
412.042	-0.0005414418750000001	0.0	0.0
412.152	-0.00046137	0.0	0.0
412.322	-0.0003481725	0.0	0.0
412.332	-0.0003406650000000001	0.0	0.0
412.382	-0.00027490125	0.0	0.0
412.502	-0.00013260731250000002	0.0	0.0
412.662	6.735543750000001e-05	0.0	0.0
412.662	7.0731375e-05	0.0	0.0
412.712	0.000129338625	0.0	0.0
412.832	0.00026154375	0.0	0.0
412.992	0.00045018187500000005	0.0	0.0
412.992	0.000452205	0.0	0.0
413.052	0.00047977312500000006	0.0	0.0
413.162	0.000540710625	0.0	0.0
413.332	0.000626949375	0.0	0.0
413.342	0.0006245606250000001	0.0	0.0
413.392	0.00060318375	0.0	0.0
413.512	0.000556798125	0.0	0.0
413.672	0.0004915706250000001	0.0	0.0
413.672	0.000488548125	0.0	0.0
413.722	0.00043219312500000003	0.0	0.0
413.842	0.000304785	0.0	0.0
414.002	0.00012289875	0.0	0.0
414.002	0.00011810906250000003	0.0	0.0
414.062	4.999556250000001e-05	0.0	0.0
414.172	-0.00010105874999999999	0.0	0.0
414.342	-0.000314851875	0.0	0.0
414.352	-0.00031955625000000006	0.0	0.0
414.402	-0.00036340687500000006	0.0	0.0
414.522	-0.00045873750000000003	0.0	0.0
414.682	-0.000592824375	0.0	0.0
414.682	-0.000592726875	0.0	0.0
414.732	-0.00059050875	0.0	0.0
414.852	-0.0005854631250000001	0.0	0.0
415.012	-0.000578248125	0.0	0.0
415.012	-0.00057520125	0.0	0.0
415.072	-0.000529351875	0.0	0.0
415.182	-0.000427415625	0.0	0.0
415.352	-0.00028306687500000003	0.0	0.0
415.362	-0.000276144375	0.0	0.0
415.412	-0.00020905462500000002	0.0	0.0
415.532	-6.290456250000001e-05	0.0	0.0
415.692	0.0001428058125	0.0	0.0
415.692	0.0001451263125	0.0	0.0
415.742	0.00019593600000000002	0.0	0.0
415.862	0.00031136625000000007	0.0	0.0
416.022	0.00047631187500000007	0.0	0.0
416.022	0.00047726250000000006	0.0	0.0
416.082	0.00049257	0.0	0.0
416.192	0.0005266462500000001	0.0	0.0
416.362	0.0005749575	0.0	0.0
416.372	0.0005720325	0.0	0.0
416.422	0.0005427825000000001	0.0	0.0
416.542	0.00047889562500000007	0.0	0.0
416.702	0.0003889275	0.0	0.0
416.702	0.00038668500000000006	0.0	0.0
416.752	0.00033301125000000006	0.0	0.0
416.872	0.00021082668750000002	0.0	0.0
417.032	3.610668750000001e-05	0.0	0.0
417.032	3.28501875e-05	0.0	0.0
417.092	-2.2336275000000003e-05	0.0	0.0
417.202	-0.0001455455625	0.0	0.0
417.372	-0.000320214375	0.0	0.0
417.382	-0.000322895625	0.0	0.0
417.432	-0.00035078062499999997	0.0	0.0
417.552	-0.00041181562500000005	0.0	0.0
417.712	-0.000497810625	0.0	0.0
417.712	-0.0004974206249999999	0.0	0.0
417.762	-0.0004868175	0.0	0.0
417.882	-0.00046263750000000007	0.0	0.0
418.042	-0.000428025	0.0	0.0
418.042	-0.00042573375	0.0	0.0
418.102	-0.00038439375	0.0	0.0
418.212	-0.00029186625000000003	0.0	0.0
418.382	-0.00016061175	0.0	0.0
418.382	-0.0001559025	0.0	0.0
418.442	-0.00010542918750000002	0.0	0.0
418.562	5.2143e-06	0.0	0.0
418.722	0.00016117725	0.0	0.0
418.722	0.0001620961875	0.0	0.0
418.772	0.00019421025	0.0	0.0
418.892	0.00026793	0.0	0.0
419.052	0.00037357125000000004	0.0	0.0
419.052	0.000373815	0.0	0.0
419.112	0.00037747125	0.0	0.0
419.222	0.00038553937500000003	0.0	0.0
419.392	0.0003969225000000001	0.0	0.0
419.392	0.000396020625	0.0	0.0
419.442	0.00037162125	0.0	0.0
419.562	0.00031585125	0.0	0.0
419.722	0.0002360645625	0.0	0.0
419.722	0.000234151125	0.0	0.0
419.772	0.00019415175	0.0	0.0
419.892	0.00010427381250000002	0.0	0.0
420.062	-2.3331018750000004e-05	0.0	0.0
420.062	-2.6359125000000005e-05	0.0	0.0
420.122	-6.1429875e-05	0.0	0.0
420.232	-0.00013863525	0.0	0.0
420.402	-0.00024757687500000003	0.0	0.0
420.402	-0.0002479425	0.0	0.0
420.452	-0.00026095875000000003	0.0	0.0
420.572	-0.000290866875	0.0	0.0
420.732	-0.00033369374999999996	0.0	0.0
420.732	-0.0003331818750000001	0.0	0.0
420.782	-0.00032170125000000006	0.0	0.0
420.902	-0.000295815	0.0	0.0
421.072	-0.000259081875	0.0	0.0
421.072	-0.00025662000000000005	0.0	0.0
421.132	-0.000226707	0.0	0.0
421.242	-0.00016071656250000004	0.0	0.0
421.412	-6.754312500000002e-05	0.0	0.0
421.412	-6.68386875e-05	0.0	0.0
421.462	-3.600675e-05	0.0	0.0
421.582	3.4968375e-05	0.0	0.0
421.742	0.0001367071875	0.0	0.0
421.742	0.00013754325	0.0	0.0
421.792	0.0001578744375	0.0	0.0
421.912	0.0002037384375	0.0	0.0
422.082	0.000268929375	0.0	0.0
422.082	0.00026888062500000004	0.0	0.0
422.142	0.0002683443750000001	0.0	0.0
422.252	0.00026717437500000003	0.0	0.0
422.422	0.00026551687500000006	0.0	0.0
422.422	0.00026515125	0.0	0.0
422.472	0.000246163125	0.0	0.0
422.592	0.0002023441875	0.0	0.0
422.752	0.00013949325	0.0	0.0
422.752	0.0001383915	0.0	0.0
422.802	0.00010887825000000001	0.0	0.0
422.922	4.215168750000001e-05	0.0	0.0
423.092	-5.2730437500000005e-05	0.0	0.0
423.092	-5.464631250000001e-05	0.0	0.0
423.152	-8.016206249999999e-05	0.0	0.0
423.262	-0.00013671450000000003	0.0	0.0
423.432	-0.0002166425625	0.0	0.0
423.432	-0.0002167693125	0.0	0.0
423.482	-0.0002254395	0.0	0.0
423.602	-0.00024548062500000007	0.0	0.0
423.762	-0.00027426750000000003	0.0	0.0
423.762	-0.0002738775	0.0	0.0
423.812	-0.0002625675	0.0	0.0
423.932	-0.0002369518125	0.0	0.0
424.102	-0.000200499	0.0	0.0
424.102	-0.00019855875000000003	0.0	0.0
424.162	-0.00017136112500000002	0.0	0.0
424.272	-0.00011095500000000001	0.0	0.0
424.442	-2.5527937500000003e-05	0.0	0.0
424.442	-2.5230562500000003e-05	0.0	0.0
424.492	2.98935e-06	0.0	0.0
424.612	6.840600000000001e-05	0.0	0.0
424.772	0.00016232531250000003	0.0	0.0
424.772	0.000162864	0.0	0.0
424.822	0.00018109406250000002	0.0	0.0
424.942	0.0002225023125	0.0	0.0
425.112	0.00028143375	0.0	0.0
425.112	0.000281263125	0.0	0.0
425.172	0.00027846	0.0	0.0
425.282	0.00027226875000000003	0.0	0.0
425.452	0.00026349375000000005	0.0	0.0
425.452	0.0002633475	0.0	0.0
425.502	0.00024143193750000006	0.0	0.0
425.612	0.000190480875	0.0	0.0
425.782	0.00011729250000000002	0.0	0.0
425.782	0.00011644668750000001	0.0	0.0
425.832	8.34405e-05	0.0	0.0
425.952	8.307487500000002e-06	0.0	0.0
426.122	-9.869193750000002e-05	0.0	0.0
426.122	-0.00010044450000000001	0.0	0.0
426.182	-0.0001278931875	0.0	0.0
426.292	-0.00018913537500000002	0.0	0.0
426.462	-0.00027582750000000004	0.0	0.0
426.462	-0.000275851875	0.0	0.0
426.512	-0.000282969375	0.0	0.0
426.622	-0.000299544375	0.0	0.0
426.792	-0.00032338312500000005	0.0	0.0
426.792	-0.00032301750000000005	0.0	0.0
426.842	-0.000306076875	0.0	0.0
426.962	-0.000267418125	0.0	0.0
427.132	-0.00021235987500000002	0.0	0.0
427.132	-0.00021026606250000002	0.0	0.0
427.192	-0.00017535131250000002	0.0	0.0
427.302	-9.7280625e-05	0.0	0.0
427.472	1.33014375e-05	0.0	0.0
427.472	1.3243425000000001e-05	0.0	0.0
427.522	4.70510625e-05	0.0	0.0
427.632	0.00012598462500000002	0.0	0.0
427.802	0.00023949412500000002	0.0	0.0
427.802	0.0002398329375	0.0	0.0
427.852	0.00025881375000000003	0.0	0.0
427.972	0.00030220125	0.0	0.0
428.142	0.00036404062500000004	0.0	0.0
428.142	0.0003635775	0.0	0.0
428.202	0.0003551925	0.0	0.0
428.312	0.00033639937500000005	0.0	0.0
428.482	0.00030975750000000003	0.0	0.0
428.482	0.00030980625	0.0	0.0
428.532	0.00027894750000000005	0.0	0.0
428.642	0.00020647087500000002	0.0	0.0
428.812	0.000102175125	0.0	0.0
428.812	0.00010159012500000001	0.0	0.0
428.862	5.9618812500000003e-05	0.0	0.0
428.982	-3.6577125e-05	0.0	0.0
429.152	-0.00017378887500000002	0.0	0.0
429.152	-0.0001754244375	0.0	0.0
429.212	-0.00020662687500000004	0.0	0.0
429.322	-0.00027670500000000003	0.0	0.0
429.492	-0.00037608187500000003	0.0	0.0
429.492	-0.00037578937500000004	0.0	0.0
429.542	-0.0003796162500000001	0.0	0.0
429.652	-0.00038800125	0.0	0.0
429.822	-0.00040004250000000004	0.0	0.0
429.822	-0.00039977437500000006	0.0	0.0
429.872	-0.00037318125	0.0	0.0
429.992	-0.00031209750000000007	0.0	0.0
430.162	-0.00022492518750000002	0.0	0.0
430.162	-0.00022269243750000002	0.0	0.0
430.212	-0.0001767260625	0.0	0.0
430.332	-7.325175e-05	0.0	0.0
430.502	7.35515625e-05	0.0	0.0
430.502	7.293731250000001e-05	0.0	0.0
430.552	0.00011304881250000001	0.0	0.0
430.662	0.00020725331250000001	0.0	0.0
430.832	0.000342931875	0.0	0.0
430.832	0.00034305375000000005	0.0	0.0
430.882	0.00036079875	0.0	0.0
431.002	0.00040167562500000004	0.0	0.0
431.172	0.00046002937500000006	0.0	0.0
431.172	0.000459249375	0.0	0.0
431.222	0.00044211375	0.0	0.0
431.342	0.00040345500000000005	0.0	0.0
431.512	0.0003485868750000001	0.0	0.0
431.512	0.00034887937500000004	0.0	0.0
431.562	0.00030736875	0.0	0.0
431.672	0.00020835262500000002	0.0	0.0
431.842	6.56784375e-05	0.0	0.0
431.842	6.557362500000001e-05	0.0	0.0
431.892	1.4996231250000001e-05	0.0	0.0
432.012	-0.0001017095625	0.0	0.0
432.182	-0.000268441875	0.0	0.0
432.182	-0.000269758125	0.0	0.0
432.232	-0.00030205499999999997	0.0	0.0
432.352	-0.0003750825	0.0	0.0
432.522	-0.00047882250000000007	0.0	0.0
432.522	-0.00047814000000000005	0.0	0.0
432.572	-0.000475921875	0.0	0.0
432.682	-0.0004688775000000001	0.0	0.0
432.852	-0.00045876187500000005	0.0	0.0
432.852	-0.00045876187500000005	0.0	0.0
432.902	-0.00042115125	0.0	0.0
433.022	-0.00033403500000000005	0.0	0.0
433.192	-0.0002095201875	0.0	0.0
433.192	-0.00020741906250000002	0.0	0.0
433.242	-0.0001519805625	0.0	0.0
433.362	-2.6405437500000002e-05	0.0	0.0
433.532	0.00015200250000000002	0.0	0.0
433.532	0.00015033037500000003	0.0	0.0
433.582	0.00019307925	0.0	0.0
433.692	0.00029393812500000003	0.0	0.0
433.862	0.00043960312500000004	0.0	0.0
433.862	0.00043974937500000004	0.0	0.0
433.912	0.000452424375	0.0	0.0
434.032	0.00048150375	0.0	0.0
434.202	0.000522819375	0.0	0.0
434.202	0.0005225512500000001	0.0	0.0
434.252	0.00049837125	0.0	0.0
434.362	0.000439164375	0.0	0.0
434.532	0.00035377875	0.0	0.0
434.532	0.0003540225	0.0	0.0
434.582	0.000301591875	0.0	0.0
434.702	0.00017922937500000003	0.0	0.0
434.872	4.16300625e-06	0.0	0.0
434.872	2.50501875e-06	0.0	0.0
434.922	-5.167987500000001e-05	0.0	0.0
435.042	-0.00017493937500000003	0.0	0.0
435.212	-0.000350244375	0.0	0.0
435.212	-0.00034851375	0.0	0.0
435.262	-0.000375838125	0.0	0.0
435.372	-0.00043877437500000003	0.0	0.0
435.542	-0.0005296687500000001	0.0	0.0
435.542	-0.0005293275000000001	0.0	0.0
435.592	-0.00051845625	0.0	0.0
435.712	-0.000492009375	0.0	0.0
435.882	-0.00045415500000000003	0.0	0.0
435.882	-0.00045293625000000006	0.0	0.0
435.932	-0.00040706250000000003	0.0	0.0
436.052	-0.00030249375	0.0	0.0
436.222	-0.0001536965625	0.0	0.0
436.222	-0.00015533943749999998	0.0	0.0
436.272	-0.00010221900000000002	0.0	0.0
436.382	2.5325625000000002e-05	0.0	0.0
436.552	0.00020957137500000002	0.0	0.0
436.552	0.00020863781250000002	0.0	0.0
436.602	0.00024872250000000006	0.0	0.0
436.722	0.000341566875	0.0	0.0
436.892	0.000474508125	0.0	0.0
436.892	0.000474605625	0.0	0.0
436.942	0.0004785543750000001	0.0	0.0
437.062	0.000487524375	0.0	0.0
437.232	0.000500345625	0.0	0.0
437.232	0.0005001750000000001	0.0	0.0
437.282	0.00047051062500000004	0.0	0.0
437.392	0.00039609375000000007	0.0	0.0
437.562	0.000288526875	0.0	0.0
437.562	0.00028920937500000003	0.0	0.0
437.612	0.00023712	0.0	0.0
437.732	0.00011444550000000001	0.0	0.0
437.902	-6.132993749999999e-05	0.0	0.0
437.902	-6.221475000000001e-05	0.0	0.0
437.952	-0.00010902693750000002	0.0	0.0
438.072	-0.00021624281250000001	0.0	0.0
438.242	-0.000368964375	0.0	0.0
438.242	-0.00036691687500000004	0.0	0.0
438.292	-0.00038507625000000007	0.0	0.0
438.402	-0.0004254900000000001	0.0	0.0
438.572	-0.00048394125	0.0	0.0
438.572	-0.0004835025	0.0	0.0
438.622	-0.00046653750000000006	0.0	0.0
438.742	-0.00042471	0.0	0.0
438.912	-0.00036474750000000007	0.0	0.0
438.912	-0.000364089375	0.0	0.0
438.962	-0.00031997062500000004	0.0	0.0
439.082	-0.00021869493750000004	0.0	0.0
439.252	-7.43535e-05	0.0	0.0
439.252	-7.64668125e-05	0.0	0.0
439.302	-3.2331e-05	0.0	0.0
439.412	7.395375e-05	0.0	0.0
439.582	0.00022773075	0.0	0.0
439.582	0.00022639256250000004	0.0	0.0
439.632	0.00025423125000000003	0.0	0.0
439.752	0.00031826437500000003	0.0	0.0
439.922	0.000410109375	0.0	0.0
439.922	0.000410060625	0.0	0.0
439.972	0.0004058681250000001	0.0	0.0
440.092	0.0003961912500000001	0.0	0.0
440.262	0.00038241937500000007	0.0	0.0
440.262	0.00038263875000000007	0.0	0.0
440.312	0.000354485625	0.0	0.0
440.422	0.00028335937500000003	0.0	0.0
440.592	0.0001803823125	0.0	0.0
440.592	0.00018140118750000002	0.0	0.0
440.642	0.000140560875	0.0	0.0
440.762	4.3667812500000007e-05	0.0	0.0
440.932	-9.537450000000002e-05	0.0	0.0
440.932	-9.559631250000001e-05	0.0	0.0
440.982	-0.0001268938125	0.0	0.0
441.102	-0.00019905843750000002	0.0	0.0
441.272	-0.00030203062500000006	0.0	0.0
441.272	-0.00030027562499999996	0.0	0.0
441.322	-0.000308124375	0.0	0.0
441.432	-0.000323773125	0.0	0.0
441.602	-0.0003464175	0.0	0.0
441.602	-0.00034617375000000006	0.0	0.0
441.652	-0.0003290625	0.0	0.0
441.772	-0.00028655250000000004	0.0	0.0
441.942	-0.0002255248125	0.0	0.0
441.942	-0.00022542487500000003	0.0	0.0
441.992	-0.00019286718750000003	0.0	0.0
442.112	-0.00011762400000000001	0.0	0.0
442.282	-1.0216050000000002e-05	0.0	0.0
442.282	-1.2170437500000002e-05	0.0	0.0
442.332	1.5891525000000004e-05	0.0	0.0
442.442	8.33210625e-05	0.0	0.0
442.612	0.00018102825	0.0	0.0
442.612	0.0001798265625	0.0	0.0
442.662	0.0001937056875	0.0	0.0
442.782	0.0002249593125	0.0	0.0
442.952	0.000269855625	0.0	0.0
442.952	0.00026983125000000003	0.0	0.0
443.002	0.000262396875	0.0	0.0
443.122	0.000245115	0.0	0.0
443.292	0.00022042556250000003	0.0	0.0
443.292	0.00022090331250000002	0.0	0.0
443.332	0.00020123268750000005	0.0	0.0
443.452	0.00015131512500000003	0.0	0.0
443.622	7.894087500000001e-05	0.0	0.0
443.622	7.99183125e-05	0.0	0.0
443.672	5.612587500000001e-05	0.0	0.0
443.792	-4.8774375e-07	0.0	0.0
443.962	-8.185612500000001e-05	0.0	0.0
443.962	-8.17366875e-05	0.0	0.0
444.012	-9.668831250000002e-05	0.0	0.0
444.132	-0.0001312910625	0.0	0.0
444.302	-0.00018074062500000003	0.0	0.0
444.302	-0.0001797241875	0.0	0.0
444.342	-0.00018083325	0.0	0.0
444.462	-0.000181077	0.0	0.0
444.632	-0.00018143043750000002	0.0	0.0
444.632	-0.0001814255625	0.0	0.0
444.682	-0.000169898625	0.0	0.0
444.802	-0.000141097125	0.0	0.0
444.972	-9.96766875e-05	0.0	0.0
444.972	-9.978637500000002e-05	0.0	0.0
445.022	-8.25459375e-05	0.0	0.0
445.142	-4.232475e-05	0.0	0.0
445.312	1.5181968750000001e-05	0.0	0.0
445.312	1.3932018750000001e-05	0.0	0.0
445.352	2.6983125e-05	0.0	0.0
445.472	5.811975e-05	0.0	0.0
445.642	0.000103306125	0.0	0.0
445.642	0.0001025870625	0.0	0.0
445.692	0.00010764975000000001	0.0	0.0
445.812	0.00011856975000000001	0.0	0.0
445.982	0.000134281875	0.0	0.0
445.982	0.000134223375	0.0	0.0
446.032	0.00012917287500000002	0.0	0.0
446.152	0.0001170999375	0.0	0.0
446.322	9.982781250000001e-05	0.0	0.0
446.322	0.00010022268750000002	0.0	0.0
446.362	8.989743750000001e-05	0.0	0.0
446.482	6.350906250000001e-05	0.0	0.0
446.652	2.5194000000000003e-05	0.0	0.0
446.652	2.5847250000000006e-05	0.0	0.0
446.702	1.355445e-05	0.0	0.0
446.822	-1.59085875e-05	0.0	0.0
446.992	-5.8319625000000005e-05	0.0	0.0
446.992	-5.81075625e-05	0.0	0.0
447.042	-6.632925e-05	0.0	0.0
447.162	-8.537587500000002e-05	0.0	0.0
447.332	-0.00011263687500000001	0.0	0.0
447.332	-0.00011197875000000002	0.0	0.0
447.372	-0.0001128489375	0.0	0.0
447.492	-0.00011342418750000001	0.0	0.0
447.662	-0.00011425537500000002	0.0	0.0
447.662	-0.00011424075000000002	0.0	0.0
447.712	-0.00010671375	0.0	0.0
447.832	-8.749162500000002e-05	0.0	0.0
448.002	-5.980893750000001e-05	0.0	0.0
448.002	-5.997225e-05	0.0	0.0
448.052	-4.666837500000001e-05	0.0	0.0
448.172	-1.527069375e-05	0.0	0.0
448.342	2.9681437500000006e-05	0.0	0.0
448.342	2.847975e-05	0.0	0.0
448.382	4.025043750000001e-05	0.0	0.0
448.502	6.902268750000001e-05	0.0	0.0
448.672	0.00011089162500000002	0.0	0.0
448.672	0.0001102944375	0.0	0.0
448.722	0.0001158421875	0.0	0.0
448.842	0.00012815156250000002	0.0	0.0
449.012	0.0001457893125	0.0	0.0
449.012	0.0001453651875	0.0	0.0
449.052	0.000141097125	0.0	0.0
449.172	0.000128509875	0.0	0.0
449.342	0.000110214	0.0	0.0
449.342	0.00011058937500000001	0.0	0.0
449.392	9.686868750000001e-05	0.0	0.0
449.512	6.2414625e-05	0.0	0.0
449.682	1.2750318750000002e-05	0.0	0.0
449.682	1.3153968750000003e-05	0.0	0.0
449.732	-3.81225e-06	0.0	0.0
449.852	-4.3872562500000005e-05	0.0	0.0
450.022	-0.0001012854375	0.0	0.0
450.022	-9.972543750000001e-05	0.0	0.0
450.062	-0.0001105235625	0.0	0.0
450.182	-0.0001357370625	0.0	0.0
450.352	-0.000172414125	0.0	0.0
450.352	-0.00017162925	0.0	0.0
450.402	-0.00017114906250000002	0.0	0.0
450.522	-0.00016786575000000002	0.0	0.0
450.692	-0.000163132125	0.0	0.0
450.692	-0.000163176	0.0	0.0
450.742	-0.00014942850000000001	0.0	0.0
450.862	-0.00011607131250000002	0.0	0.0
451.032	-6.823781250000001e-05	0.0	0.0
451.032	-6.95930625e-05	0.0	0.0
451.072	-5.098518750000001e-05	0.0	0.0
451.192	-3.5504625000000005e-06	0.0	0.0
451.362	6.549075000000001e-05	0.0	0.0
451.362	6.39331875e-05	0.0	0.0
451.412	8.08933125e-05	0.0	0.0
451.532	0.00012113400000000001	0.0	0.0
451.702	0.00017919768750000002	0.0	0.0
451.702	0.00017858831250000003	0.0	0.0
451.752	0.00018337556250000003	0.0	0.0
451.872	0.00019361793750000003	0.0	0.0
452.042	0.0002083111875	0.0	0.0
452.032	0.00020787731250000003	0.0	0.0
452.082	0.00019903162500000004	0.0	0.0
452.202	0.00017332574999999998	0.0	0.0
452.372	0.00013589306250000002	0.0	0.0
452.372	0.00013678275000000002	0.0	0.0
452.422	0.00011606156250000001	0.0	0.0
452.542	6.388931250000001e-05	0.0	0.0
452.712	-1.1428706250000002e-05	0.0	0.0
452.712	-1.0552668750000001e-05	0.0	0.0
452.762	-3.2789250000000005e-05	0.0	0.0
452.882	-8.547337500000002e-05	0.0	0.0
453.052	-0.00016109925	0.0	0.0
453.042	-0.00015878118750000002	0.0	0.0
453.092	-0.00017061281250000003	0.0	0.0
453.212	-0.0001971645	0.0	0.0
453.382	-0.00023585006250000003	0.0	0.0
453.382	-0.00023488481250000004	0.0	0.0
453.432	-0.00023075325000000002	0.0	0.0
453.552	-0.0002172519375	0.0	0.0
453.722	-0.000197754375	0.0	0.0
453.722	-0.00019800300000000004	0.0	0.0
453.772	-0.00017783512500000004	0.0	0.0
453.892	-0.0001283806875	0.0	0.0
454.062	-5.7356812500000004e-05	0.0	0.0
454.052	-5.9616375000000006e-05	0.0	0.0
454.102	-3.579225e-05	0.0	0.0
454.222	2.4845437500000004e-05	0.0	0.0
454.392	0.0001132365	0.0	0.0
454.392	0.000110930625	0.0	0.0
454.442	0.0001298480625	0.0	0.0
454.562	0.00017416912500000002	0.0	0.0
454.732	0.00023820956250000005	0.0	0.0
454.732	0.00023731743750000006	0.0	0.0
454.782	0.000239445375	0.0	0.0
454.902	0.00024252881250000005	0.0	0.0
455.072	0.0002469675	0.0	0.0
455.062	0.00024682125	0.0	0.0
455.112	0.00023304450000000002	0.0	0.0
455.232	0.00019361062500000003	0.0	0.0
455.402	0.00013610025	0.0	0.0
455.402	0.0001376675625	0.0	0.0
455.442	0.00011176181250000001	0.0	0.0
455.572	4.637587500000001e-05	0.0	0.0
455.742	-4.8157687500000004e-05	0.0	0.0
455.742	-4.672931250000001e-05	0.0	0.0
455.792	-7.1179875e-05	0.0	0.0
455.912	-0.00012910462500000003	0.0	0.0
456.082	-0.000212379375	0.0	0.0
456.072	-0.00020953968750000003	0.0	0.0
456.122	-0.00021996	0.0	0.0
456.242	-0.0002416074375	0.0	0.0
456.412	-0.00027319500000000006	0.0	0.0
456.412	-0.000272293125	0.0	0.0
456.452	-0.00026378625	0.0	0.0
456.582	-0.00023838018750000004	0.0	0.0
456.752	-0.00020161781250000002	0.0	0.0
456.752	-0.000202215	0.0	0.0
456.802	-0.0001775060625	0.0	0.0
456.922	-0.00011643937500000001	0.0	0.0
457.092	-2.86065e-05	0.0	0.0
457.082	-3.1702125000000004e-05	0.0	0.0
457.132	-5.940431250000001e-06	0.0	0.0
457.252	5.9262937500000004e-05	0.0	0.0
457.422	0.0001544521875	0.0	0.0
457.412	0.00015163931250000001	0.0	0.0
457.462	0.000169001625	0.0	0.0
457.592	0.0002086475625	0.0	0.0
457.762	0.00026602875	0.0	0.0
457.762	0.00026502937500000003	0.0	0.0
457.812	0.00026305500000000005	0.0	0.0
457.932	0.000255523125	0.0	0.0
458.102	0.000244651875	0.0	0.0
458.092	0.000245041875	0.0	0.0
458.142	0.000227838	0.0	0.0
458.262	0.0001790806875	0.0	0.0
458.432	0.00010786425	0.0	0.0
458.422	0.00011005312500000001	0.0	0.0
458.472	8.331375e-05	0.0	0.0
458.592	1.593954375e-05	0.0	0.0
458.772	-8.161237500000001e-05	0.0	0.0
458.772	-7.98013125e-05	0.0	0.0
458.822	-0.00010140975	0.0	0.0
458.942	-0.0001522340625	0.0	0.0
459.112	-0.00022540781250000004	0.0	0.0
459.102	-0.00022266075000000002	0.0	0.0
459.152	-0.00022893975	0.0	0.0
459.272	-0.00023926012500000005	0.0	0.0
459.442	-0.00025432875000000005	0.0	0.0
459.432	-0.00025386562500000003	0.0	0.0
459.482	-0.00024226800000000002	0.0	0.0
459.602	-0.00020890106250000005	0.0	0.0
459.782	-0.000160567875	0.0	0.0
459.782	-0.0001615209375	0.0	0.0
459.832	-0.00013773825000000002	0.0	0.0
459.952	-7.873124999999999e-05	0.0	0.0
460.122	6.269737500000001e-06	0.0	0.0
460.112	2.98276875e-06	0.0	0.0
460.162	2.4409125e-05	0.0	0.0
460.282	7.781962500000002e-05	0.0	0.0
460.452	0.00015590737500000002	0.0	0.0
460.442	0.00015332850000000003	0.0	0.0
460.492	0.000164653125	0.0	0.0
460.612	0.0001890061875	0.0	0.0
460.792	0.00022429875	0.0	0.0
460.792	0.00022356262500000004	0.0	0.0
460.842	0.00021817575000000002	0.0	0.0
460.962	0.0002022418125	0.0	0.0
461.132	0.00017927812500000004	0.0	0.0
461.122	0.0001801921875	0.0	0.0
461.172	0.0001645288125	0.0	0.0
461.292	0.0001207635	0.0	0.0
461.462	5.6740125000000004e-05	0.0	0.0
461.452	5.8926562500000014e-05	0.0	0.0
461.502	3.902681250000001e-05	0.0	0.0
461.622	-1.064870625e-05	0.0	0.0
461.802	-8.268e-05	0.0	0.0
461.802	-8.10980625e-05	0.0	0.0
461.852	-9.411675e-05	0.0	0.0
461.972	-0.00012408581250000002	0.0	0.0
462.142	-0.00016729781250000001	0.0	0.0
462.132	-0.00016553062500000002	0.0	0.0
462.182	-0.00016685662500000003	0.0	0.0
462.302	-0.00016553550000000003	0.0	0.0
462.472	-0.000163600125	0.0	0.0
462.462	-0.00016366837500000003	0.0	0.0
462.512	-0.00015365025000000003	0.0	0.0
462.632	-0.0001255434375	0.0	0.0
462.812	-8.476893750000001e-05	0.0	0.0
462.812	-8.570250000000001e-05	0.0	0.0
462.862	-7.031456250000001e-05	0.0	0.0
462.982	-3.223593750000001e-05	0.0	0.0
463.152	2.268849375e-05	0.0	0.0
463.142	2.029584375e-05	0.0	0.0
463.192	3.1965375e-05	0.0	0.0
463.312	6.024281250000001e-05	0.0	0.0
463.482	0.0001016925	0.0	0.0
463.472	0.00010039575	0.0	0.0
463.522	0.00010455168750000001	0.0	0.0
463.652	0.000112412625	0.0	0.0
463.822	0.000123761625	0.0	0.0
463.812	0.0001232985	0.0	0.0
463.862	0.000119335125	0.0	0.0
463.982	0.00010606293750000001	0.0	0.0
464.152	8.662875000000001e-05	0.0	0.0
464.142	8.73575625e-05	0.0	0.0
464.192	7.777087500000001e-05	0.0	0.0
464.312	5.2396500000000006e-05	0.0	0.0
464.492	1.555051875e-05	0.0	0.0
464.492	1.6471650000000003e-05	0.0	0.0
464.542	6.615375e-06	0.0	0.0
464.662	-1.723531875e-05	0.0	0.0
464.832	-5.1672562500000005e-05	0.0	0.0
464.822	-5.016131250000001e-05	0.0	0.0
464.872	-5.5589625e-05	0.0	0.0
464.992	-6.756018750000002e-05	0.0	0.0
465.162	-8.510287500000001e-05	0.0	0.0
465.152	-8.4430125e-05	0.0	0.0
465.202	-8.4088875e-05	0.0	0.0
465.322	-8.116387500000001e-05	0.0	0.0
465.502	-7.691775000000001e-05	0.0	0.0
465.502	-7.702987500000001e-05	0.0	0.0
465.542	-7.124812500000001e-05	0.0	0.0
465.672	-5.60113125e-05	0.0	0.0
465.842	-3.3998250000000006e-05	0.0	0.0
465.832	-3.49903125e-05	0.0	0.0
465.882	-2.76436875e-05	0.0	0.0
466.002	-8.07324375e-06	0.0	0.0
466.172	2.0621981250000004e-05	0.0	0.0
466.162	1.948903125e-05	0.0	0.0
466.212	2.6156812500000004e-05	0.0	0.0
466.332	4.2219937500000005e-05	0.0	0.0
466.512	6.55663125e-05	0.0	0.0
466.512	6.4930125e-05	0.0	0.0
466.552	6.731887500000001e-05	0.0	0.0
466.682	7.2067125e-05	0.0	0.0
466.852	7.893112500000001e-05	0.0	0.0
466.842	7.861425000000001e-05	0.0	0.0
466.892	7.61499375e-05	0.0	0.0
467.012	6.750900000000001e-05	0.0	0.0
467.182	5.4834000000000004e-05	0.0	0.0
467.172	5.5348312500000004e-05	0.0	0.0
467.222	4.833806250000001e-05	0.0	0.0
467.342	2.93353125e-05	0.0	0.0
467.522	1.7061281250000001e-06	0.0	0.0
467.512	2.4906375000000004e-06	0.0	0.0
467.562	-5.727150000000001e-06	0.0	0.0
467.692	-2.5993500000000004e-05	0.0	0.0
467.862	-5.52995625e-05	0.0	0.0
467.852	-5.391506250000001e-05	0.0	0.0
467.902	-5.8933875e-05	0.0	0.0
468.022	-7.0312125e-05	0.0	0.0
468.192	-8.7013875e-05	0.0	0.0
468.182	-8.631675000000002e-05	0.0	0.0
468.232	-8.584143750000001e-05	0.0	0.0
468.352	-8.238993750000001e-05	0.0	0.0
468.532	-7.73686875e-05	0.0	0.0
468.522	-7.751737500000002e-05	0.0	0.0
468.572	-7.09385625e-05	0.0	0.0
468.702	-5.32861875e-05	0.0	0.0
468.872	-2.7743625e-05	0.0	0.0
468.862	-2.89794375e-05	0.0	0.0
468.912	-2.0492550000000004e-05	0.0	0.0
469.032	2.4041793750000005e-06	0.0	0.0
469.202	3.60238125e-05	0.0	0.0
469.192	3.458325000000001e-05	0.0	0.0
469.242	4.194937500000001e-05	0.0	0.0
469.362	5.954568750000002e-05	0.0	0.0
469.542	8.51565e-05	0.0	0.0
469.532	8.437162499999999e-05	0.0	0.0
469.582	8.605593750000001e-05	0.0	0.0
469.702	8.85421875e-05	0.0	0.0
469.882	9.2142375e-05	0.0	0.0
469.872	9.196443750000002e-05	0.0	0.0
469.922	8.79133125e-05	0.0	0.0
470.042	7.444125e-05	0.0	0.0
470.212	5.465362500000001e-05	0.0	0.0
470.202	5.552381250000001e-05	0.0	0.0
470.252	4.687068750000001e-05	0.0	0.0
470.372	2.3579156250000005e-05	0.0	0.0
470.552	-1.0336706250000003e-05	0.0	0.0
470.542	-9.25981875e-06	0.0	0.0
470.592	-1.785444375e-05	0.0	0.0
470.712	-3.87976875e-05	0.0	0.0
470.892	-6.912750000000001e-05	0.0	0.0
470.882	-6.759187500000001e-05	0.0	0.0
470.932	-7.171856250000001e-05	0.0	0.0
471.052	-8.003775e-05	0.0	0.0
471.222	-9.226425e-05	0.0	0.0
471.212	-9.171093750000002e-05	0.0	0.0
471.262	-8.9695125e-05	0.0	0.0
471.382	-8.195362500000002e-05	0.0	0.0
471.562	-7.067531250000001e-05	0.0	0.0
471.552	-7.10458125e-05	0.0	0.0
471.602	-6.365775000000002e-05	0.0	0.0
471.722	-4.39725e-05	0.0	0.0
471.902	-1.5445706250000002e-05	0.0	0.0
471.892	-1.692136875e-05	0.0	0.0
471.942	-8.918325e-06	0.0	0.0
472.062	1.2216993750000001e-05	0.0	0.0
472.232	4.329731250000001e-05	0.0	0.0
472.222	4.185918750000001e-05	0.0	0.0
472.272	4.7653125e-05	0.0	0.0
472.392	6.08911875e-05	0.0	0.0
472.572	8.018887500000001e-05	0.0	0.0
472.562	7.953318750000001e-05	0.0	0.0
472.612	7.9750125e-05	0.0	0.0
472.732	7.851675e-05	0.0	0.0
472.912	7.672762500000001e-05	0.0	0.0
472.902	7.682025e-05	0.0	0.0
472.952	7.24351875e-05	0.0	0.0
473.072	5.841712500000001e-05	0.0	0.0
473.242	3.7795875e-05	0.0	0.0
473.232	3.877087500000001e-05	0.0	0.0
473.282	3.1114687500000005e-05	0.0	0.0
473.402	1.06562625e-05	0.0	0.0
473.582	-1.9179956249999998e-05	0.0	0.0
473.572	-1.8132806250000002e-05	0.0	0.0
473.622	-2.508675e-05	0.0	0.0
473.742	-4.1907937500000005e-05	0.0	0.0
473.922	-6.630487500000001e-05	0.0	0.0
473.912	-6.4988625e-05	0.0	0.0
473.962	-6.796481250000001e-05	0.0	0.0
474.072	-7.342725000000002e-05	0.0	0.0
474.252	-8.14685625e-05	0.0	0.0
474.242	-8.107856250000001e-05	0.0	0.0
474.292	-7.870199999999999e-05	0.0	0.0
474.412	-7.015856249999999e-05	0.0	0.0
474.592	-5.769318750000001e-05	0.0	0.0
474.582	-5.8144125000000006e-05	0.0	0.0
474.632	-5.09949375e-05	0.0	0.0
474.752	-3.1775250000000004e-05	0.0	0.0
474.932	-3.88756875e-06	0.0	0.0
474.922	-5.42221875e-06	0.0	0.0
474.972	2.37485625e-06	0.0	0.0
475.082	2.3180625000000005e-05	0.0	0.0
475.262	5.382e-05	0.0	0.0
475.252	5.2301437500000006e-05	0.0	0.0
475.302	5.804175000000001e-05	0.0	0.0
475.422	7.11774375e-05	0.0	0.0
475.602	9.035325000000001e-05	0.0	0.0
475.592	8.9636625e-05	0.0	0.0
475.642	8.94976875e-05	0.0	0.0
475.762	8.702362499999999e-05	0.0	0.0
475.942	8.3435625e-05	0.0	0.0
475.932	8.363550000000002e-05	0.0	0.0
475.982	7.81779375e-05	0.0	0.0
476.092	6.05645625e-05	0.0	0.0
476.272	3.46125e-05	0.0	0.0
476.262	3.5926312500000006e-05	0.0	0.0
476.312	2.6283562500000004e-05	0.0	0.0
476.432	1.621449375e-07	0.0	0.0
476.612	-3.7986000000000005e-05	0.0	0.0
476.602	-3.65210625e-05	0.0	0.0
476.652	-4.5330187500000004e-05	0.0	0.0
476.772	-6.671925000000001e-05	0.0	0.0
476.952	-9.778518750000001e-05	0.0	0.0
476.942	-9.60058125e-05	0.0	0.0
476.992	-9.939393750000001e-05	0.0	0.0
477.102	-0.00010483200000000002	0.0	0.0
477.282	-0.00011285137500000003	0.0	0.0
477.272	-0.00011243700000000001	0.0	0.0
477.322	-0.00010816406250000002	0.0	0.0
477.442	-9.33465e-05	0.0	0.0
477.622	-7.169662500000001e-05	0.0	0.0
477.612	-7.25473125e-05	0.0	0.0
477.662	-6.163950000000002e-05	0.0	0.0
477.782	-3.21823125e-05	0.0	0.0
477.962	1.0620187500000001e-05	0.0	0.0
477.952	8.061300000000002e-06	0.0	0.0
477.992	1.9231875000000003e-05	0.0	0.0
478.112	4.8959625e-05	0.0	0.0
478.292	9.284925000000002e-05	0.0	0.0
478.282	9.075056250000001e-05	0.0	0.0
478.332	9.801187500000001e-05	0.0	0.0
478.452	0.00011385075000000001	0.0	0.0
478.632	0.000136885125	0.0	0.0
478.622	0.00013557131250000002	0.0	0.0
478.672	0.000134593875	0.0	0.0
478.782	0.00012683531250000003	0.0	0.0
478.962	0.0001153888125	0.0	0.0
478.952	0.00011600793750000001	0.0	0.0
479.002	0.00010609218750000002	0.0	0.0
479.122	7.623525000000001e-05	0.0	0.0
479.302	3.2572312500000004e-05	0.0	0.0
479.292	3.43760625e-05	0.0	0.0
479.342	1.976788125e-05	0.0	0.0
479.462	-1.8278812500000003e-05	0.0	0.0
479.642	-7.361250000000001e-05	0.0	0.0
479.632	-7.028775e-05	0.0	0.0
479.672	-8.144418750000001e-05	0.0	0.0
479.792	-0.00010855406250000001	0.0	0.0
479.972	-0.00014856562500000002	0.0	0.0
479.962	-0.00014637431250000003	0.0	0.0
480.012	-0.00014931881250000002	0.0	0.0
480.132	-0.00015175875	0.0	0.0
480.312	-0.00015532968750000002	0.0	0.0
480.302	-0.00015517612500000005	0.0	0.0
480.352	-0.000146615625	0.0	0.0
480.472	-0.0001205270625	0.0	0.0
480.652	-8.256300000000002e-05	0.0	0.0
480.642	-8.488593750000002e-05	0.0	0.0
480.682	-7.052175000000001e-05	0.0	0.0
480.802	-2.8462687500000004e-05	0.0	0.0
480.982	3.364725e-05	0.0	0.0
480.972	3.0181125000000007e-05	0.0	0.0
481.022	4.57445625e-05	0.0	0.0
481.142	8.514675000000001e-05	0.0	0.0
481.322	0.0001428204375	0.0	0.0
481.312	0.00014031225	0.0	0.0
481.362	0.00014782218750000002	0.0	0.0
481.482	0.00016291518750000003	0.0	0.0
481.662	0.00018488925000000002	0.0	0.0
481.652	0.000183519375	0.0	0.0
481.692	0.00018001668750000004	0.0	0.0
481.812	0.0001628445	0.0	0.0
481.992	0.0001374725625	0.0	0.0
481.982	0.00013891556249999998	0.0	0.0
482.032	0.00012430275000000003	0.0	0.0
482.152	8.104931250000001e-05	0.0	0.0
482.332	1.7707462500000004e-05	0.0	0.0
482.322	2.0532525e-05	0.0	0.0
482.372	1.9346925e-06	0.0	0.0
482.492	-4.60273125e-05	0.0	0.0
482.672	-0.000115883625	0.0	0.0
482.662	-0.000111457125	0.0	0.0
482.702	-0.0001239005625	0.0	0.0
482.822	-0.00015242175	0.0	0.0
483.002	-0.00019457587500000005	0.0	0.0
482.992	-0.0001921310625	0.0	0.0
483.042	-0.00019308900000000002	0.0	0.0
483.162	-0.00018816281250000002	0.0	0.0
483.342	-0.0001809429375	0.0	0.0
483.332	-0.000181272	0.0	0.0
483.382	-0.0001686043125	0.0	0.0
483.502	-0.0001307938125	0.0	0.0
483.682	-7.5694125e-05	0.0	0.0
483.672	-7.924556250000002e-05	0.0	0.0
483.712	-6.1371375e-05	0.0	0.0
483.832	-9.948656250000002e-06	0.0	0.0
484.012	6.609525e-05	0.0	0.0
484.002	6.16029375e-05	0.0	0.0
484.052	7.864593750000001e-05	0.0	0.0
484.172	0.0001205660625	0.0	0.0
484.352	0.000182008125	0.0	0.0
484.342	0.00017913431250000004	0.0	0.0
484.392	0.000185157375	0.0	0.0
484.512	0.00019487812500000004	0.0	0.0
484.692	0.00020905218750000005	0.0	0.0
484.682	0.0002081235	0.0	0.0
484.722	0.00020168362500000002	0.0	0.0
484.842	0.00017498325000000003	0.0	0.0
485.022	0.00013547625000000002	0.0	0.0
485.012	0.00013785281250000003	0.0	0.0
485.062	0.00012003225000000001	0.0	0.0
485.182	6.80135625e-05	0.0	0.0
485.362	-8.273606250000002e-06	0.0	0.0
485.352	-4.623450000000001e-06	0.0	0.0
485.402	-2.4762562500000007e-05	0.0	0.0
485.522	-7.609875e-05	0.0	0.0
485.702	-0.0001509763125	0.0	0.0
485.692	-0.00014599162500000002	0.0	0.0
485.732	-0.000157925625	0.0	0.0
485.852	-0.00018334387500000004	0.0	0.0
486.032	-0.0002209666875	0.0	0.0
486.022	-0.00021866081250000003	0.0	0.0
486.072	-0.00021719100000000001	0.0	0.0
486.192	-0.00020436243750000002	0.0	0.0
486.372	-0.00018554493750000002	0.0	0.0
486.362	-0.0001864663125	0.0	0.0
486.412	-0.00017067131250000003	0.0	0.0
486.532	-0.0001239980625	0.0	0.0
486.712	-5.5884562500000004e-05	0.0	0.0
486.702	-6.049387500000001e-05	0.0	0.0
486.742	-4.03455e-05	0.0	0.0
486.862	1.7038368750000002e-05	0.0	0.0
487.042	0.00010201668750000001	0.0	0.0
487.032	9.672e-05	0.0	0.0
487.082	0.00011446500000000001	0.0	0.0
487.202	0.00015711393750000003	0.0	0.0
487.382	0.00021971625	0.0	0.0
487.372	0.0002165865	0.0	0.0
487.422	0.00022108125	0.0	0.0
487.542	0.00022540537500000002	0.0	0.0
487.722	0.000231713625	0.0	0.0
487.712	0.00023127975000000002	0.0	0.0
487.752	0.00022192706250000004	0.0	0.0
487.872	0.0001854474375	0.0	0.0
488.052	0.00013139831250000002	0.0	0.0
488.042	0.0001348254375	0.0	0.0
488.092	0.00011309268750000001	0.0	0.0
488.212	4.982981250000001e-05	0.0	0.0
488.392	-4.30730625e-05	0.0	0.0
488.382	-3.8329687499999996e-05	0.0	0.0
488.432	-6.15225e-05	0.0	0.0
488.552	-0.0001203613125	0.0	0.0
488.732	-0.00020630756250000003	0.0	0.0
488.722	-0.00020030887500000003	0.0	0.0
488.762	-0.00021294243750000002	0.0	0.0
488.882	-0.00023791462500000004	0.0	0.0
489.062	-0.000274925625	0.0	0.0
489.052	-0.00027253687500000006	0.0	0.0
489.102	-0.00026829562500000004	0.0	0.0
489.222	-0.00024516375000000005	0.0	0.0
489.402	-0.0002112045	0.0	0.0
489.392	-0.000212974125	0.0	0.0
489.442	-0.00019135837500000003	0.0	0.0
489.562	-0.000127554375	0.0	0.0
489.742	-3.43078125e-05	0.0	0.0
489.732	-4.0913437500000006e-05	0.0	0.0
489.772	-1.4916525000000002e-05	0.0	0.0
489.892	5.877787500000001e-05	0.0	0.0
490.072	0.00016806318750000002	0.0	0.0
490.062	0.00016089937500000004	0.0	0.0
490.112	0.0001822786875	0.0	0.0
490.232	0.00023227425	0.0	0.0
490.412	0.00030576	0.0	0.0
490.402	0.00030186000000000004	0.0	0.0
490.452	0.0003046875	0.0	0.0
490.572	0.00030122625	0.0	0.0
490.752	0.000296180625	0.0	0.0
490.742	0.00029654625	0.0	0.0
490.782	0.00028131187500000004	0.0	0.0
490.902	0.00022429143750000004	0.0	0.0
491.082	0.000139683375	0.0	0.0
491.072	0.0001453213125	0.0	0.0
491.112	0.00011478675000000001	0.0	0.0
491.242	2.6449312500000005e-05	0.0	0.0
491.422	-0.00010346212500000002	0.0	0.0
491.412	-9.6442125e-05	0.0	0.0
491.462	-0.00012637706250000002	0.0	0.0
491.582	-0.00020113275	0.0	0.0
491.762	-0.000310464375	0.0	0.0
491.752	-0.000302323125	0.0	0.0
491.792	-0.00031626562500000003	0.0	0.0
491.912	-0.00033905625000000005	0.0	0.0
492.092	-0.00037291312500000004	0.0	0.0
492.082	-0.00037079250000000006	0.0	0.0
492.132	-0.00036014062500000005	0.0	0.0
492.252	-0.00031629	0.0	0.0
492.432	-0.00025208625000000003	0.0	0.0
492.422	-0.000256693125	0.0	0.0
492.462	-0.0002285278125	0.0	0.0
492.582	-0.00013784062500000002	0.0	0.0
492.762	-3.2253000000000003e-06	0.0	0.0
492.752	-1.248706875e-05	0.0	0.0
492.792	2.4072018750000002e-05	0.0	0.0
492.922	0.00012258918750000002	0.0	0.0
493.102	0.00026758875000000007	0.0	0.0
493.092	0.000259471875	0.0	0.0
493.142	0.000283725	0.0	0.0
493.262	0.000337179375	0.0	0.0
493.442	0.0004154475	0.0	0.0
493.432	0.00040959750000000005	0.0	0.0
493.472	0.000410596875	0.0	0.0
493.592	0.00039156	0.0	0.0
493.772	0.0003632850000000001	0.0	0.0
493.762	0.000365259375	0.0	0.0
493.802	0.000339519375	0.0	0.0
493.932	0.00025308562500000006	0.0	0.0
494.112	0.00012583837500000002	0.0	0.0
494.102	0.00013310456250000002	0.0	0.0
494.152	9.232031250000001e-05	0.0	0.0
494.272	-1.96964625e-05	0.0	0.0
494.452	-0.00018376312500000002	0.0	0.0
494.442	-0.0001713343125	0.0	0.0
494.482	-0.0002041455	0.0	0.0
494.602	-0.000285260625	0.0	0.0
494.782	-0.00040581937500000005	0.0	0.0
494.772	-0.0003973125000000001	0.0	0.0
494.812	-0.00040898812500000004	0.0	0.0
494.942	-0.00042059062500000003	0.0	0.0
495.122	-0.00043767750000000004	0.0	0.0
495.112	-0.00043667812500000007	0.0	0.0
495.162	-0.00041751937500000006	0.0	0.0
495.282	-0.000349635	0.0	0.0
495.462	-0.00025013625000000006	0.0	0.0
495.452	-0.000257765625	0.0	0.0
495.492	-0.00022229512500000005	0.0	0.0
495.612	-0.00011039925	0.0	0.0
495.792	5.5984500000000006e-05	0.0	0.0
495.782	4.407243750000001e-05	0.0	0.0
495.822	8.447643750000001e-05	0.0	0.0
495.952	0.00018992025	0.0	0.0
496.132	0.00034532062500000003	0.0	0.0
496.122	0.00033613125000000007	0.0	0.0
496.172	0.000357946875	0.0	0.0
496.292	0.000400895625	0.0	0.0
496.472	0.00046385625000000004	0.0	0.0
496.462	0.0004589568750000001	0.0	0.0
496.502	0.0004543256250000001	0.0	0.0
496.622	0.000415545	0.0	0.0
496.802	0.00035787375	0.0	0.0
496.792	0.00036206625	0.0	0.0
496.832	0.00033023249999999997	0.0	0.0
496.962	0.00022702875000000003	0.0	0.0
497.142	7.484100000000001e-05	0.0	0.0
497.132	8.40133125e-05	0.0	0.0
497.182	4.1264437500000003e-05	0.0	0.0
497.302	-7.384406250000001e-05	0.0	0.0
497.482	-0.00024268237500000002	0.0	0.0
497.472	-0.00022936143750000004	0.0	0.0
497.512	-0.00025964250000000004	0.0	0.0
497.632	-0.00032930625	0.0	0.0
497.812	-0.00043297312500000006	0.0	0.0
497.802	-0.00042531937500000003	0.0	0.0
497.842	-0.00043116937500000004	0.0	0.0
497.972	-0.0004243687500000001	0.0	0.0
498.152	-0.00041432625000000005	0.0	0.0
498.142	-0.00041493562500000006	0.0	0.0
498.192	-0.0003910481250000001	0.0	0.0
498.312	-0.00031048875	0.0	0.0
498.492	-0.0001922895	0.0	0.0
498.482	-0.0002017396875	0.0	0.0
498.522	-0.00016569150000000004	0.0	0.0
498.642	-5.538731250000001e-05	0.0	0.0
498.822	0.00010885875	0.0	0.0
498.812	9.658106250000001e-05	0.0	0.0
498.852	0.00013245375	0.0	0.0
498.982	0.0002222415	0.0	0.0
499.162	0.00035475375000000006	0.0	0.0
499.152	0.000346490625	0.0	0.0
499.202	0.00036131062500000005	0.0	0.0
499.322	0.0003841987500000001	0.0	0.0
499.502	0.00041781187500000006	0.0	0.0
499.492	0.00041508187500000006	0.0	0.0
499.532	0.00040581937500000005	0.0	0.0
499.652	0.00035563125	0.0	0.0
499.832	0.000280873125	0.0	0.0
499.822	0.000286528125	0.0	0.0
499.862	0.00025540125	0.0	0.0
499.992	0.0001576185	0.0	0.0
500.172	1.322758125e-05	0.0	0.0
500.162	2.238405e-05	0.0	0.0
500.212	-1.3538850000000002e-05	0.0	0.0
500.332	-0.00010773018750000001	0.0	0.0
500.512	-0.00024609	0.0	0.0
500.502	-0.00023473612500000003	0.0	0.0
500.542	-0.00025674187500000003	0.0	0.0
500.662	-0.00030193312500000004	0.0	0.0
500.842	-0.000369256875	0.0	0.0
500.832	-0.000364089375	0.0	0.0
500.872	-0.00036387	0.0	0.0
501.002	-0.00034295625000000003	0.0	0.0
501.182	-0.00031209750000000007	0.0	0.0
501.172	-0.00031409625	0.0	0.0
501.212	-0.00029128125000000004	0.0	0.0
501.342	-0.00021741525000000002	0.0	0.0
501.522	-0.00010885631250000001	0.0	0.0
501.502	-0.00011787018750000002	0.0	0.0
501.552	-8.88615e-05	0.0	0.0
501.672	-3.25845e-06	0.0	0.0
501.852	0.00012438318750000003	0.0	0.0
501.842	0.000114440625	0.0	0.0
501.882	0.00013941768750000001	0.0	0.0
502.012	0.00019828575000000001	0.0	0.0
502.192	0.00028528500000000003	0.0	0.0
502.182	0.00027958125	0.0	0.0
502.222	0.000286381875	0.0	0.0
502.352	0.00029025750000000004	0.0	0.0
502.532	0.00029596125000000005	0.0	0.0
502.512	0.00029547375	0.0	0.0
502.562	0.00028523625000000005	0.0	0.0
502.682	0.00023887012500000004	0.0	0.0
502.862	0.00016969875	0.0	0.0
502.852	0.00017516118750000002	0.0	0.0
502.892	0.0001515174375	0.0	0.0
503.022	7.9623375e-05	0.0	0.0
503.202	-2.66784375e-05	0.0	0.0
503.192	-1.9605056250000002e-05	0.0	0.0
503.232	-4.32705e-05	0.0	0.0
503.362	-0.00010324275000000001	0.0	0.0
503.542	-0.00019145587500000002	0.0	0.0
503.522	-0.000183948375	0.0	0.0
503.572	-0.00019631625000000004	0.0	0.0
503.692	-0.000217585875	0.0	0.0
503.872	-0.000249331875	0.0	0.0
503.862	-0.000246796875	0.0	0.0
503.902	-0.000243628125	0.0	0.0
504.032	-0.00022086675000000002	0.0	0.0
504.212	-0.00018719756250000003	0.0	0.0
504.202	-0.00018947175000000001	0.0	0.0
504.242	-0.0001727285625	0.0	0.0
504.372	-0.0001199566875	0.0	0.0
504.552	-4.2300375e-05	0.0	0.0
504.532	-4.8988875000000006e-05	0.0	0.0
504.582	-2.9969062500000005e-05	0.0	0.0
504.702	2.4591937500000003e-05	0.0	0.0
504.882	0.0001060605	0.0	0.0
504.872	9.945975000000001e-05	0.0	0.0
504.912	0.00011431875000000001	0.0	0.0
505.042	0.0001476223125	0.0	0.0
505.222	0.000196906125	0.0	0.0
505.212	0.00019352531250000003	0.0	0.0
505.252	0.0001960335	0.0	0.0
505.382	0.000192816	0.0	0.0
505.562	0.00018807993750000003	0.0	0.0
505.542	0.00018849187500000002	0.0	0.0
505.592	0.00018030918750000003	0.0	0.0
505.712	0.000145548	0.0	0.0
505.892	9.362193750000001e-05	0.0	0.0
505.882	9.78826875e-05	0.0	0.0
505.922	8.12565e-05	0.0	0.0
506.052	3.0892875e-05	0.0	0.0
506.232	-4.3675125e-05	0.0	0.0
506.222	-3.850031250000001e-05	0.0	0.0
506.262	-5.4795000000000006e-05	0.0	0.0
506.392	-9.601556250000001e-05	0.0	0.0
506.572	-0.00015672150000000003	0.0	0.0
506.552	-0.00015128100000000002	0.0	0.0
506.602	-0.00015961237500000002	0.0	0.0
506.722	-0.00017289918750000002	0.0	0.0
506.902	-0.00019277943750000003	0.0	0.0
506.892	-0.00019122431249999998	0.0	0.0
506.932	-0.00018752906250000002	0.0	0.0
507.062	-0.000166934625	0.0	0.0
507.242	-0.000136582875	0.0	0.0
507.222	-0.00013921537500000003	0.0	0.0
507.272	-0.00012666225000000002	0.0	0.0
507.392	-8.214131250000001e-05	0.0	0.0
507.572	-1.5604387500000002e-05	0.0	0.0
507.552	-2.1205762500000004e-05	0.0	0.0
507.602	-3.6284625000000004e-06	0.0	0.0
507.722	4.608825000000001e-05	0.0	0.0
507.912	0.00011975925000000002	0.0	0.0
507.902	0.00011450400000000001	0.0	0.0
507.942	0.00012751049999999998	0.0	0.0
508.072	0.00015675075	0.0	0.0
508.252	0.00019985550000000004	0.0	0.0
508.232	0.00019598231250000003	0.0	0.0
508.282	0.00019862212500000004	0.0	0.0
508.402	0.000192933	0.0	0.0
508.582	0.0001844236875	0.0	0.0
508.562	0.0001851451875	0.0	0.0
508.612	0.0001748881875	0.0	0.0
508.732	0.00013500093750000002	0.0	0.0
508.922	7.58720625e-05	0.0	0.0
508.912	8.014987500000001e-05	0.0	0.0
508.952	6.13055625e-05	0.0	0.0
509.082	5.8397625e-06	0.0	0.0
509.262	-7.595737500000001e-05	0.0	0.0
509.242	-6.852300000000001e-05	0.0	0.0
509.292	-8.52515625e-05	0.0	0.0
509.412	-0.000128597625	0.0	0.0
509.592	-0.00019346193750000002	0.0	0.0
509.572	-0.00018789468750000002	0.0	0.0
509.622	-0.00019595062500000002	0.0	0.0
509.742	-0.00020646843750000003	0.0	0.0
509.932	-0.00022207087500000002	0.0	0.0
509.922	-0.00022092525000000002	0.0	0.0
509.962	-0.00021419043750000002	0.0	0.0
510.092	-0.00018390206250000002	0.0	0.0
510.272	-0.0001392129375	0.0	0.0
510.252	-0.000143320125	0.0	0.0
510.302	-0.0001274008125	0.0	0.0
510.422	-7.165275e-05	0.0	0.0
510.602	1.1804325000000002e-05	0.0	0.0
510.582	4.554712500000001e-06	0.0	0.0
510.632	2.5003875e-05	0.0	0.0
510.752	8.138081250000002e-05	0.0	0.0
510.942	0.00016502850000000004	0.0	0.0
510.932	0.00015880312500000002	0.0	0.0
510.972	0.00017196562500000002	0.0	0.0
511.102	0.00019888781250000003	0.0	0.0
511.282	0.00023862881250000004	0.0	0.0
511.262	0.00023493600000000002	0.0	0.0
511.312	0.00023538206250000004	0.0	0.0
511.432	0.000219882	0.0	0.0
511.612	0.00019666481250000005	0.0	0.0
511.592	0.00019870500000000006	0.0	0.0
511.642	0.000184679625	0.0	0.0
511.762	0.00013295100000000002	0.0	0.0
511.952	5.61624375e-05	0.0	0.0
511.942	6.195393750000002e-05	0.0	0.0
511.982	4.0328437500000004e-05	0.0	0.0
512.112	-2.1710568749999998e-05	0.0	0.0
512.292	-0.0001133315625	0.0	0.0
512.272	-0.00010472475000000001	0.0	0.0
512.322	-0.00012185306250000001	0.0	0.0
512.442	-0.00016303950000000003	0.0	0.0
512.622	-0.000224752125	0.0	0.0
512.602	-0.00021926531250000003	0.0	0.0
512.652	-0.00022508606250000001	0.0	0.0
512.772	-0.00022653637500000002	0.0	0.0
512.962	-0.00022869356250000003	0.0	0.0
512.952	-0.0002285278125	0.0	0.0
512.992	-0.00021856087500000005	0.0	0.0
513.122	-0.00017848106250000002	0.0	0.0
513.302	-0.00011926200000000001	0.0	0.0
513.282	-0.0001248853125	0.0	0.0
513.322	-0.00010700625	0.0	0.0
513.452	-4.70510625e-05	0.0	0.0
513.632	4.2822000000000004e-05	0.0	0.0
513.612	3.47416875e-05	0.0	0.0
513.662	5.475843750000001e-05	0.0	0.0
513.782	0.00010737187500000001	0.0	0.0
513.972	0.0001855400625	0.0	0.0
513.962	0.00017948531250000003	0.0	0.0
514.002	0.00019000556250000004	0.0	0.0
514.132	0.00020784318750000005	0.0	0.0
514.312	0.00023421206250000005	0.0	0.0
514.292	0.00023168193750000001	0.0	0.0
514.332	0.00022941993750000004	0.0	0.0
514.462	0.000205690875	0.0	0.0
514.642	0.00017010581250000005	0.0	0.0
514.622	0.0001733428125	0.0	0.0
514.672	0.0001579963125	0.0	0.0
514.792	0.000104037375	0.0	0.0
514.982	2.3831437500000003e-05	0.0	0.0
514.972	3.0125062500000005e-05	0.0	0.0
515.012	9.79704375e-06	0.0	0.0
515.142	-4.6829250000000006e-05	0.0	0.0
515.322	-0.0001305695625	0.0	0.0
515.302	-0.00012245268750000002	0.0	0.0
515.342	-0.00013689	0.0	0.0
515.472	-0.00016857018750000003	0.0	0.0
515.652	-0.0002161063125	0.0	0.0
515.632	-0.000211735875	0.0	0.0
515.682	-0.0002145950625	0.0	0.0
515.802	-0.00020778225	0.0	0.0
515.992	-0.000197652	0.0	0.0
515.982	-0.0001984588125	0.0	0.0
516.022	-0.00018730968750000002	0.0	0.0
516.152	-0.00014516774999999999	0.0	0.0
516.332	-8.28140625e-05	0.0	0.0
516.312	-8.892243750000001e-05	0.0	0.0
516.352	-7.194525e-05	0.0	0.0
516.482	-1.677195e-05	0.0	0.0
516.662	6.60465e-05	0.0	0.0
516.642	5.83464375e-05	0.0	0.0
516.692	7.5645375e-05	0.0	0.0
516.812	0.0001193570625	0.0	0.0
517.002	0.00018438712500000004	0.0	0.0
516.982	0.00017915381250000002	0.0	0.0
517.032	0.00018674662500000003	0.0	0.0
517.162	0.00019645275	0.0	0.0
517.342	0.0002108218125	0.0	0.0
517.322	0.00020940075	0.0	0.0
517.362	0.00020548125	0.0	0.0
517.492	0.00017803500000000003	0.0	0.0
517.672	0.00013681687500000003	0.0	0.0
517.652	0.0001406900625	0.0	0.0
517.702	0.000125399625	0.0	0.0
517.822	7.281787500000002e-05	0.0	0.0
518.012	-5.447325e-06	0.0	0.0
517.992	9.312712500000002e-07	0.0	0.0
518.042	-1.7850056250000002e-05	0.0	0.0
518.162	-6.942e-05	0.0	0.0
518.352	-0.00014578687500000002	0.0	0.0
518.332	-0.00013815506250000002	0.0	0.0
518.372	-0.00015070575	0.0	0.0
518.502	-0.000176314125	0.0	0.0
518.682	-0.00021478762500000003	0.0	0.0
518.662	-0.00021113381250000005	0.0	0.0
518.712	-0.00021213562500000004	0.0	0.0
518.832	-0.00019978237500000004	0.0	0.0
519.022	-0.00018138412500000003	0.0	0.0
519.002	-0.00018290268750000002	0.0	0.0
519.052	-0.000170464125	0.0	0.0
519.172	-0.00012459525	0.0	0.0
519.362	-5.6637750000000005e-05	0.0	0.0
519.342	-6.3496875e-05	0.0	0.0
519.382	-4.5932250000000004e-05	0.0	0.0
519.512	1.053073125e-05	0.0	0.0
519.692	9.539887500000001e-05	0.0	0.0
519.672	8.725275e-05	0.0	0.0
519.722	0.00010428600000000001	0.0	0.0
519.842	0.0001461403125	0.0	0.0
520.032	0.00020849156250000002	0.0	0.0
520.012	0.00020328262500000002	0.0	0.0
520.062	0.00020949581250000003	0.0	0.0
520.182	0.00021376875000000004	0.0	0.0
520.372	0.00022010137500000002	0.0	0.0
520.352	0.00021945543750000003	0.0	0.0
520.392	0.00021351525	0.0	0.0
520.522	0.000178332375	0.0	0.0
520.702	0.0001254264375	0.0	0.0
520.682	0.00013055981250000001	0.0	0.0
520.732	0.00011281968750000001	0.0	0.0
520.852	5.276212500000001e-05	0.0	0.0
521.042	-3.6747750000000004e-05	0.0	0.0
521.022	-2.9206125000000003e-05	0.0	0.0
521.072	-4.9495875000000007e-05	0.0	0.0
521.192	-0.00010403493750000002	0.0	0.0
521.382	-0.0001848965625	0.0	0.0
521.362	-0.00017646037500000002	0.0	0.0
521.402	-0.00018886481250000002	0.0	0.0
521.532	-0.00021073893750000005	0.0	0.0
521.712	-0.00024368175	0.0	0.0
521.692	-0.00024061537500000003	0.0	0.0
521.742	-0.00023888475	0.0	0.0
521.862	-0.00021700087500000002	0.0	0.0
522.052	-0.00018453093750000002	0.0	0.0
522.032	-0.000187824	0.0	0.0
522.072	-0.00017431050000000004	0.0	0.0
522.202	-0.0001195130625	0.0	0.0
522.382	-3.7074375000000004e-05	0.0	0.0
522.362	-4.52424375e-05	0.0	0.0
522.412	-2.4065193750000003e-05	0.0	0.0
522.532	3.9285187500000004e-05	0.0	0.0
522.722	0.00013378218750000002	0.0	0.0
522.702	0.000125643375	0.0	0.0
522.752	0.00014261812500000002	0.0	0.0
522.872	0.00018117693750000004	0.0	0.0
523.062	0.00023839968750000005	0.0	0.0
523.042	0.00023241562500000003	0.0	0.0
523.082	0.00023757581250000002	0.0	0.0
523.212	0.00023301525000000002	0.0	0.0
523.392	0.00022615125000000001	0.0	0.0
523.372	0.00022683618750000002	0.0	0.0
523.422	0.00021688143750000003	0.0	0.0
523.542	0.0001713343125	0.0	0.0
523.732	0.00010337193750000002	0.0	0.0
523.712	0.00010929506250000001	0.0	0.0
523.762	8.90296875e-05	0.0	0.0
523.882	2.5766812500000003e-05	0.0	0.0
524.072	-6.81549375e-05	0.0	0.0
524.052	-5.82440625e-05	0.0	0.0
524.092	-7.682268750000001e-05	0.0	0.0
524.212	-0.000125458125	0.0	0.0
524.402	-0.00019871231250000003	0.0	0.0
524.382	-0.00019133887500000002	0.0	0.0
524.432	-0.00020119125	0.0	0.0
524.552	-0.00021351525	0.0	0.0
524.742	-0.00023191350000000002	0.0	0.0
524.722	-0.00023029256250000003	0.0	0.0
524.772	-0.0002251591875	0.0	0.0
524.892	-0.00019504875000000003	0.0	0.0
525.082	-0.00015032550000000004	0.0	0.0
525.062	-0.00015508837500000002	0.0	0.0
525.102	-0.000140775375	0.0	0.0
525.222	-8.64508125e-05	0.0	0.0
525.412	-4.5907875e-06	0.0	0.0
525.392	-1.2910950000000002e-05	0.0	0.0
525.442	5.914837500000001e-06	0.0	0.0
525.562	5.87705625e-05	0.0	0.0
525.752	0.0001377114375	0.0	0.0
525.732	0.000130674375	0.0	0.0
525.782	0.0001430934375	0.0	0.0
525.902	0.00016734412500000003	0.0	0.0
526.092	0.00020338256250000003	0.0	0.0
526.072	0.00019950937500000002	0.0	0.0
526.112	0.00020110593750000003	0.0	0.0
526.232	0.00018796781250000002	0.0	0.0
526.422	0.00016815825000000002	0.0	0.0
526.402	0.00017019112500000003	0.0	0.0
526.442	0.0001599901875	0.0	0.0
526.572	0.00011838693750000001	0.0	0.0
526.762	5.6223375000000006e-05	0.0	0.0
526.742	6.18271875e-05	0.0	0.0
526.792	4.58835e-05	0.0	0.0
526.912	-1.24288125e-06	0.0	0.0
527.102	-7.130175e-05	0.0	0.0
527.082	-6.370406249999999e-05	0.0	0.0
527.122	-7.62815625e-05	0.0	0.0
527.242	-0.00010540968750000001	0.0	0.0
527.432	-0.00014934075	0.0	0.0
527.412	-0.00014478750000000002	0.0	0.0
527.452	-0.00014941143750000002	0.0	0.0
527.582	-0.0001497770625	0.0	0.0
527.772	-0.000150320625	0.0	0.0
527.752	-0.000150271875	0.0	0.0
527.802	-0.00014470706250000002	0.0	0.0
527.922	-0.000118833	0.0	0.0
528.112	-8.034975000000001e-05	0.0	0.0
528.092	-8.456175000000002e-05	0.0	0.0
528.132	-7.438275e-05	0.0	0.0
528.252	-3.89536875e-05	0.0	0.0
528.442	1.4504100000000002e-05	0.0	0.0
528.422	8.912231250000001e-06	0.0	0.0
528.462	1.989268125e-05	0.0	0.0
528.592	4.801631250000001e-05	0.0	0.0
528.782	9.007537500000001e-05	0.0	0.0
528.762	8.620218750000001e-05	0.0	0.0
528.812	9.175481250000001e-05	0.0	0.0
528.932	9.957918750000001e-05	0.0	0.0
529.122	0.00011122068750000001	0.0	0.0
529.102	0.0001099336875	0.0	0.0
529.142	0.00010918781250000002	0.0	0.0
529.262	9.694912500000001e-05	0.0	0.0
529.452	7.84753125e-05	0.0	0.0
529.432	8.042531250000002e-05	0.0	0.0
529.472	7.4056125e-05	0.0	0.0
529.602	5.0704875e-05	0.0	0.0
529.792	1.576989375e-05	0.0	0.0
529.772	1.9021275e-05	0.0	0.0
529.822	1.1244675000000003e-05	0.0	0.0
529.942	-1.0078575000000002e-05	0.0	0.0
530.132	-4.1822625000000003e-05	0.0	0.0
530.112	-3.82858125e-05	0.0	0.0
530.152	-4.34338125e-05	0.0	0.0
530.272	-5.3288625000000005e-05	0.0	0.0
530.462	-6.816956249999999e-05	0.0	0.0
530.442	-6.658275e-05	0.0	0.0
530.482	-6.755775e-05	0.0	0.0
530.612	-6.42890625e-05	0.0	0.0
530.802	-5.9397e-05	0.0	0.0
530.782	-5.9857687500000004e-05	0.0	0.0
530.832	-5.677181250000001e-05	0.0	0.0
530.952	-4.4255250000000006e-05	0.0	0.0
531.142	-2.5613250000000004e-05	0.0	0.0
531.122	-2.7707062500000005e-05	0.0	0.0
531.162	-2.3318587500000003e-05	0.0	0.0
531.282	-9.081881250000002e-06	0.0	0.0
531.472	1.2428081250000003e-05	0.0	0.0
531.452	1.0114650000000001e-05	0.0	0.0
531.492	1.4325431250000002e-05	0.0	0.0
531.622	2.4611437500000006e-05	0.0	0.0
531.812	4.00115625e-05	0.0	0.0
531.792	3.85490625e-05	0.0	0.0
531.842	4.050393750000001e-05	0.0	0.0
531.962	4.2873187500000004e-05	0.0	0.0
532.152	4.640025000000001e-05	0.0	0.0
532.132	4.60005e-05	0.0	0.0
532.172	4.552275000000001e-05	0.0	0.0
532.292	3.9994500000000005e-05	0.0	0.0
532.482	3.1636312500000005e-05	0.0	0.0
532.462	3.2543062500000004e-05	0.0	0.0
532.502	2.9627812500000002e-05	0.0	0.0
532.632	1.8602268750000006e-05	0.0	0.0
532.822	2.083209375e-06	0.0	0.0
532.802	3.6689250000000006e-06	0.0	0.0
532.852	-2.60203125e-07	0.0	0.0
532.972	-1.1691225000000001e-05	0.0	0.0
533.162	-2.8730812500000004e-05	0.0	0.0
533.142	-2.678325e-05	0.0	0.0
533.182	-2.9732625000000002e-05	0.0	0.0
533.302	-3.61335e-05	0.0	0.0
533.492	-4.581281250000001e-05	0.0	0.0
533.472	-4.475250000000001e-05	0.0	0.0
533.512	-4.5495937500000005e-05	0.0	0.0
533.642	-4.3733625000000006e-05	0.0	0.0
533.832	-4.109137500000001e-05	0.0	0.0
533.812	-4.134731250000001e-05	0.0	0.0
533.862	-3.916575000000001e-05	0.0	0.0
533.982	-2.9666812500000003e-05	0.0	0.0
534.172	-1.550055e-05	0.0	0.0
534.152	-1.713343125e-05	0.0	0.0
534.192	-1.3608806250000001e-05	0.0	0.0
534.312	-1.32097875e-06	0.0	0.0
534.502	1.7268956250000002e-05	0.0	0.0
534.482	1.5215362500000003e-05	0.0	0.0
534.522	1.8928406250000002e-05	0.0	0.0
534.652	2.8284750000000004e-05	0.0	0.0
534.842	4.231500000000001e-05	0.0	0.0
534.822	4.094025000000001e-05	0.0	0.0
534.872	4.2588000000000006e-05	0.0	0.0
534.992	4.39554375e-05	0.0	0.0
535.182	4.5995625e-05	0.0	0.0
535.162	4.575918750000001e-05	0.0	0.0
535.202	4.495725e-05	0.0	0.0
535.322	3.8095687500000004e-05	0.0	0.0
535.512	2.77119375e-05	0.0	0.0
535.492	2.8869750000000003e-05	0.0	0.0
535.532	2.5647375e-05	0.0	0.0
535.662	1.3845000000000002e-05	0.0	0.0
535.852	-3.858806250000001e-06	0.0	0.0
535.832	-2.1121181250000005e-06	0.0	0.0
535.882	-5.989425000000001e-06	0.0	0.0
536.002	-1.6728562500000002e-05	0.0	0.0
536.192	-3.2755125e-05	0.0	0.0
536.172	-3.08563125e-05	0.0	0.0
536.212	-3.3440062500000006e-05	0.0	0.0
536.332	-3.8132250000000004e-05	0.0	0.0
536.522	-4.52424375e-05	0.0	0.0
536.502	-4.44770625e-05	0.0	0.0
536.542	-4.463062500000001e-05	0.0	0.0
536.672	-4.1320500000000005e-05	0.0	0.0
536.862	-3.63748125e-05	0.0	0.0
536.842	-3.694518750000001e-05	0.0	0.0
536.882	-3.489525e-05	0.0	0.0
537.002	-2.5101375000000005e-05	0.0	0.0
537.192	-1.0271381250000002e-05	0.0	0.0
537.172	-1.1954475e-05	0.0	0.0
537.212	-8.13905625e-06	0.0	0.0
537.342	4.367025e-06	0.0	0.0
537.532	2.3141381250000002e-05	0.0	0.0
537.512	2.1254756250000004e-05	0.0	0.0
537.552	2.4908812500000005e-05	0.0	0.0
537.682	3.4032375e-05	0.0	0.0
537.872	4.7655562500000006e-05	0.0	0.0
537.852	4.60395e-05	0.0	0.0
537.892	4.78115625e-05	0.0	0.0
538.012	4.887675000000001e-05	0.0	0.0
538.202	5.049281250000001e-05	0.0	0.0
538.182	5.0310000000000005e-05	0.0	0.0
538.222	4.904493750000001e-05	0.0	0.0
538.352	4.04600625e-05	0.0	0.0
538.542	2.7568125e-05	0.0	0.0
538.522	2.8877062500000006e-05	0.0	0.0
538.562	2.4691875e-05	0.0	0.0
538.692	9.6681e-06	0.0	0.0
538.882	-1.2783225e-05	0.0	0.0
538.862	-1.0095393750000001e-05	0.0	0.0
538.902	-1.4801475e-05	0.0	0.0
539.022	-2.8940437500000004e-05	0.0	0.0
539.212	-5.0373375000000006e-05	0.0	0.0
539.192	-4.79090625e-05	0.0	0.0
539.232	-5.139956250000001e-05	0.0	0.0
539.362	-5.7564000000000007e-05	0.0	0.0
539.552	-6.68289375e-05	0.0	0.0
539.532	-6.58783125e-05	0.0	0.0
539.572	-6.561993750000002e-05	0.0	0.0
539.702	-5.923125e-05	0.0	0.0
539.892	-4.967868750000001e-05	0.0	0.0
539.872	-5.0831625e-05	0.0	0.0
539.912	-4.74045e-05	0.0	0.0
540.032	-3.1209750000000004e-05	0.0	0.0
540.222	-6.6497437500000006e-06	0.0	0.0
540.202	-9.497475000000002e-06	0.0	0.0
540.242	-3.5485125000000004e-06	0.0	0.0
540.372	1.53577125e-05	0.0	0.0
540.562	4.377506250000001e-05	0.0	0.0
540.542	4.083787500000001e-05	0.0	0.0
540.582	4.58908125e-05	0.0	0.0
540.712	5.7217875000000005e-05	0.0	0.0
540.902	7.41609375e-05	0.0	0.0
540.882	7.210125000000001e-05	0.0	0.0
540.922	7.386600000000001e-05	0.0	0.0
541.042	7.171856250000001e-05	0.0	0.0
541.232	6.84620625e-05	0.0	0.0
541.212	6.884231250000001e-05	0.0	0.0
541.252	6.6031875e-05	0.0	0.0
541.382	5.100468750000001e-05	0.0	0.0
541.572	2.8406625000000002e-05	0.0	0.0
541.552	3.07636875e-05	0.0	0.0
541.592	2.46699375e-05	0.0	0.0
541.722	4.39944375e-06	0.0	0.0
541.912	-2.5932562500000004e-05	0.0	0.0
541.892	-2.22139125e-05	0.0	0.0
541.932	-2.7967875000000002e-05	0.0	0.0
542.052	-4.2980437500000005e-05	0.0	0.0
542.242	-6.5768625e-05	0.0	0.0
542.222	-6.308250000000001e-05	0.0	0.0
542.262	-6.6226875e-05	0.0	0.0
542.392	-6.91055625e-05	0.0	0.0
542.582	-7.343456250000002e-05	0.0	0.0
542.562	-7.297875e-05	0.0	0.0
542.602	-7.1487e-05	0.0	0.0
542.732	-6.077418750000001e-05	0.0	0.0
542.922	-4.4737875e-05	0.0	0.0
542.902	-4.671712500000001e-05	0.0	0.0
542.942	-4.2356437500000006e-05	0.0	0.0
543.062	-2.44798125e-05	0.0	0.0
543.252	2.66784375e-06	0.0	0.0
543.232	-5.57626875e-07	0.0	0.0
543.272	5.262318750000001e-06	0.0	0.0
543.402	2.1788568750000003e-05	0.0	0.0
543.592	4.666106250000001e-05	0.0	0.0
543.572	4.4018812500000004e-05	0.0	0.0
543.612	4.786762500000001e-05	0.0	0.0
543.742	5.459025000000001e-05	0.0	0.0
543.932	6.465956250000001e-05	0.0	0.0
543.912	6.340668750000001e-05	0.0	0.0
543.952	6.3974625e-05	0.0	0.0
544.072	5.874862500000001e-05	0.0	0.0
544.262	5.080725000000001e-05	0.0	0.0
544.242	5.1757875000000006e-05	0.0	0.0
544.282	4.868175000000001e-05	0.0	0.0
544.412	3.4944e-05	0.0	0.0
544.602	1.42579125e-05	0.0	0.0
544.582	1.6475550000000002e-05	0.0	0.0
544.622	1.16536875e-05	0.0	0.0
544.752	-3.0395625000000004e-06	0.0	0.0
544.942	-2.5055062500000004e-05	0.0	0.0
544.922	-2.22938625e-05	0.0	0.0
544.962	-2.6142187500000004e-05	0.0	0.0
545.082	-3.46198125e-05	0.0	0.0
545.272	-4.7502e-05	0.0	0.0
545.252	-4.5946875000000004e-05	0.0	0.0
545.292	-4.739962500000001e-05	0.0	0.0
545.422	-4.672931250000001e-05	0.0	0.0
545.612	-4.571775e-05	0.0	0.0
545.592	-4.582743750000001e-05	0.0	0.0
545.632	-4.42138125e-05	0.0	0.0
545.762	-3.5611875e-05	0.0	0.0
545.952	-2.27189625e-05	0.0	0.0
545.932	-2.4347700000000004e-05	0.0	0.0
545.972	-2.13057e-05	0.0	0.0
546.092	-1.0094175e-05	0.0	0.0
546.282	6.9529687500000005e-06	0.0	0.0
546.262	4.8789e-06	0.0	0.0
546.302	8.25508125e-06	0.0	0.0
546.432	1.693648125e-05	0.0	0.0
546.622	3.0017812500000003e-05	0.0	0.0
546.602	2.8591875e-05	0.0	0.0
546.642	3.0400500000000005e-05	0.0	0.0
546.772	3.2608875000000004e-05	0.0	0.0
546.962	3.59214375e-05	0.0	0.0
546.942	3.549975e-05	0.0	0.0
546.982	3.539981250000001e-05	0.0	0.0
547.102	3.1192687500000006e-05	0.0	0.0
547.292	2.4791812500000003e-05	0.0	0.0
547.272	2.55766875e-05	0.0	0.0
547.312	2.361425625e-05	0.0	0.0
547.442	1.5643875e-05	0.0	0.0
547.632	3.627975e-06	0.0	0.0
547.612	4.950318750000001e-06	0.0	0.0
547.652	2.34560625e-06	0.0	0.0
547.782	-5.19016875e-06	0.0	0.0
547.972	-1.6495781250000003e-05	0.0	0.0
547.952	-1.5046443750000002e-05	0.0	0.0
547.992	-1.69508625e-05	0.0	0.0
548.112	-2.070144375e-05	0.0	0.0
548.302	-2.64103125e-05	0.0	0.0
548.282	-2.5703437500000005e-05	0.0	0.0
548.322	-2.6247e-05	0.0	0.0
548.452	-2.5130625e-05	0.0	0.0
548.642	-2.3445825000000003e-05	0.0	0.0
548.622	-2.3632781250000006e-05	0.0	0.0
548.662	-2.2586606250000004e-05	0.0	0.0
548.792	-1.746785625e-05	0.0	0.0
548.982	-9.7851e-06	0.0	0.0
548.962	-1.0777162500000002e-05	0.0	0.0
548.992	-9.021675000000002e-06	0.0	0.0
549.122	-2.6017874999999998e-06	0.0	0.0
549.312	7.171856250000002e-06	0.0	0.0
549.292	5.955056250000001e-06	0.0	0.0
549.332	7.904325000000002e-06	0.0	0.0
549.462	1.3025268750000002e-05	0.0	0.0
549.652	2.0751900000000004e-05	0.0	0.0
549.632	1.9889025e-05	0.0	0.0
549.672	2.09844375e-05	0.0	0.0
549.802	2.23845375e-05	0.0	0.0
549.992	2.4487125e-05	0.0	0.0
549.962	2.4210225e-05	0.0	0.0
550.002	2.41541625e-05	0.0	0.0
550.132	2.122111875e-05	0.0	0.0
550.322	1.6749768750000003e-05	0.0	0.0
550.302	1.7289187500000003e-05	0.0	0.0
550.342	1.57701375e-05	0.0	0.0
550.472	9.328556250000001e-06	0.0	0.0
550.662	-3.495375e-07	0.0	0.0
550.642	8.93709375e-07	0.0	0.0
550.672	-1.1925712500000001e-06	0.0	0.0
550.802	-8.3191875e-06	0.0	0.0
550.992	-1.9174106250000002e-05	0.0	0.0
550.972	-1.7801062500000002e-05	0.0	0.0
551.012	-1.98261375e-05	0.0	0.0
551.142	-2.4531000000000003e-05	0.0	0.0
551.332	-3.1633875e-05	0.0	0.0
551.312	-3.08270625e-05	0.0	0.0
551.352	-3.1490062500000006e-05	0.0	0.0
551.482	-3.060281250000001e-05	0.0	0.0
551.672	-2.9271937500000003e-05	0.0	0.0
551.642	-2.9447437500000005e-05	0.0	0.0
551.682	-2.8494375000000004e-05	0.0	0.0
551.812	-2.16006375e-05	0.0	0.0
552.002	-1.109281875e-05	0.0	0.0
551.982	-1.2427106250000002e-05	0.0	0.0
552.022	-9.614962500000001e-06	0.0	0.0
552.152	1.1813831250000003e-06	0.0	0.0
552.342	1.748979375e-05	0.0	0.0
552.322	1.56238875e-05	0.0	0.0
552.362	1.896935625e-05	0.0	0.0
552.492	2.8260375000000003e-05	0.0	0.0
552.682	4.2227250000000005e-05	0.0	0.0
552.652	4.037475e-05	0.0	0.0
552.692	4.250025e-05	0.0	0.0
552.822	4.4974312500000005e-05	0.0	0.0
553.012	4.8750000000000006e-05	0.0	0.0
552.992	4.8267375e-05	0.0	0.0
553.032	4.7799375e-05	0.0	0.0
553.162	4.0733062500000006e-05	0.0	0.0
553.352	3.0054375000000006e-05	0.0	0.0
553.332	3.128775e-05	0.0	0.0
553.372	2.77850625e-05	0.0	0.0
553.502	1.3308018750000002e-05	0.0	0.0
553.692	-8.46226875e-06	0.0	0.0
553.662	-5.5570125e-06	0.0	0.0
553.702	-1.0073212500000003e-05	0.0	0.0
553.832	-2.49965625e-05	0.0	0.0
554.022	-4.77579375e-05	0.0	0.0
554.002	-4.4825625e-05	0.0	0.0
554.042	-4.8793875e-05	0.0	0.0
554.172	-5.6630437500000005e-05	0.0	0.0
554.362	-6.847425e-05	0.0	0.0
554.342	-6.709706249999999e-05	0.0	0.0
554.382	-6.77015625e-05	0.0	0.0
554.512	-6.2697375e-05	0.0	0.0
554.702	-5.5165500000000006e-05	0.0	0.0
554.672	-5.61795e-05	0.0	0.0
554.712	-5.34519375e-05	0.0	0.0
554.842	-3.7220625e-05	0.0	0.0
555.032	-1.2447337500000001e-05	0.0	0.0
555.012	-1.5662643750000003e-05	0.0	0.0
555.052	-9.748049999999999e-06	0.0	0.0
555.182	1.1023837500000002e-05	0.0	0.0
555.372	4.24393125e-05	0.0	0.0
555.352	3.875868750000001e-05	0.0	0.0
555.392	4.45940625e-05	0.0	0.0
555.522	5.873643750000001e-05	0.0	0.0
555.712	8.002556250000001e-05	0.0	0.0
555.682	7.71444375e-05	0.0	0.0
555.722	8.00060625e-05	0.0	0.0
555.852	7.982081250000001e-05	0.0	0.0
556.042	7.95380625e-05	0.0	0.0
556.012	7.9574625e-05	0.0	0.0
556.062	7.75515e-05	0.0	0.0
556.192	6.199537500000001e-05	0.0	0.0
556.382	3.8458875000000004e-05	0.0	0.0
556.362	4.1240062500000006e-05	0.0	0.0
556.402	3.4909875e-05	0.0	0.0
556.532	1.1238337500000001e-05	0.0	0.0
556.722	-2.44066875e-05	0.0	0.0
556.692	-1.955240625e-05	0.0	0.0
556.732	-2.6390812500000002e-05	0.0	0.0
556.862	-4.60516875e-05	0.0	0.0
557.052	-7.607924999999999e-05	0.0	0.0
557.022	-7.212562500000001e-05	0.0	0.0
557.072	-7.68568125e-05	0.0	0.0
557.192	-8.304806250000002e-05	0.0	0.0
557.392	-9.241781250000001e-05	0.0	0.0
557.372	-9.130143750000001e-05	0.0	0.0
557.412	-9.075300000000002e-05	0.0	0.0
557.542	-7.94649375e-05	0.0	0.0
557.732	-6.24609375e-05	0.0	0.0
557.702	-6.47911875e-05	0.0	0.0
557.742	-6.0233062500000005e-05	0.0	0.0
557.872	-3.7639875000000004e-05	0.0	0.0
558.062	-3.1161e-06	0.0	0.0
558.032	-7.69299375e-06	0.0	0.0
558.082	-2.2414518750000002e-07	0.0	0.0
558.202	2.3278368750000004e-05	0.0	0.0
558.402	5.8870500000000005e-05	0.0	0.0
558.382	5.4600000000000006e-05	0.0	0.0
558.422	6.061818750000001e-05	0.0	0.0
558.552	7.26545625e-05	0.0	0.0
558.742	9.079687500000002e-05	0.0	0.0
558.712	8.82935625e-05	0.0	0.0
558.752	9.033862500000001e-05	0.0	0.0
558.882	8.55635625e-05	0.0	0.0
559.072	7.82608125e-05	0.0	0.0
559.042	7.92358125e-05	0.0	0.0
559.092	7.595737500000001e-05	0.0	0.0
559.212	5.687418750000001e-05	0.0	0.0
559.412	2.7965437500000004e-05	0.0	0.0
559.392	3.1460812500000006e-05	0.0	0.0
559.432	2.46016875e-05	0.0	0.0
559.562	1.0659675e-06	0.0	0.0
559.752	-3.4419937500000005e-05	0.0	0.0
559.722	-2.9488875000000003e-05	0.0	0.0
559.762	-3.59458125e-05	0.0	0.0
559.892	-5.22015e-05	0.0	0.0
560.082	-7.70615625e-05	0.0	0.0
560.052	-7.371975000000002e-05	0.0	0.0
560.102	-7.7298e-05	0.0	0.0
560.222	-7.929918750000001e-05	0.0	0.0
560.422	-8.23363125e-05	0.0	0.0
560.402	-8.19658125e-05	0.0	0.0
560.442	-8.047893750000002e-05	0.0	0.0
560.572	-6.7270125e-05	0.0	0.0
560.762	-4.73484375e-05	0.0	0.0
560.732	-5.01345e-05	0.0	0.0
560.772	-4.5417937500000004e-05	0.0	0.0
560.902	-2.4331125e-05	0.0	0.0
561.092	7.930162500000002e-06	0.0	0.0
561.062	3.5638687500000002e-06	0.0	0.0
561.112	1.0202887500000001e-05	0.0	0.0
561.232	2.976675e-05	0.0	0.0
561.432	5.9431125e-05	0.0	0.0
561.412	5.579193750000001e-05	0.0	0.0
561.452	6.05596875e-05	0.0	0.0
561.582	6.870825000000001e-05	0.0	0.0
561.772	8.100543750000001e-05	0.0	0.0
561.742	7.927481250000002e-05	0.0	0.0
561.782	8.0418e-05	0.0	0.0
561.912	7.381725e-05	0.0	0.0
562.102	6.371625000000002e-05	0.0	0.0
562.072	6.509343750000001e-05	0.0	0.0
562.112	6.161268750000001e-05	0.0	0.0
562.242	4.3148625000000004e-05	0.0	0.0
562.442	1.5137118750000002e-05	0.0	0.0
562.422	1.86005625e-05	0.0	0.0
562.462	1.2238931250000003e-05	0.0	0.0
562.592	-9.071643750000001e-06	0.0	0.0
562.782	-4.124493750000001e-05	0.0	0.0
562.752	-3.66868125e-05	0.0	0.0
562.792	-4.24393125e-05	0.0	0.0
562.922	-5.6203875000000004e-05	0.0	0.0
563.112	-7.72785e-05	0.0	0.0
563.082	-7.4387625e-05	0.0	0.0
563.122	-7.726143750000002e-05	0.0	0.0
563.252	-7.711275e-05	0.0	0.0
563.452	-7.688850000000001e-05	0.0	0.0
563.432	-7.69153125e-05	0.0	0.0
563.472	-7.4923875e-05	0.0	0.0
563.602	-6.022331250000001e-05	0.0	0.0
563.792	-3.802012500000001e-05	0.0	0.0
563.762	-4.11864375e-05	0.0	0.0
563.802	-3.6179812500000006e-05	0.0	0.0
563.932	-1.4430243750000003e-05	0.0	0.0
564.122	1.8887943750000004e-05	0.0	0.0
564.092	1.4287162500000003e-05	0.0	0.0
564.132	2.09649375e-05	0.0	0.0
564.262	3.996037500000001e-05	0.0	0.0
564.462	6.87984375e-05	0.0	0.0
564.442	6.518850000000001e-05	0.0	0.0
564.482	6.95955e-05	0.0	0.0
564.612	7.563075e-05	0.0	0.0
564.802	8.474700000000001e-05	0.0	0.0
564.772	8.3425875e-05	0.0	0.0
564.812	8.39889375e-05	0.0	0.0
564.942	7.43900625e-05	0.0	0.0
565.132	5.9669999999999996e-05	0.0	0.0
565.102	6.16468125e-05	0.0	0.0
565.152	5.720812500000001e-05	0.0	0.0
565.272	3.6391875000000005e-05	0.0	0.0
565.472	4.925456250000001e-06	0.0	0.0
565.442	9.388518750000001e-06	0.0	0.0
565.482	3.1714312500000003e-06	0.0	0.0
565.612	-1.7722575000000004e-05	0.0	0.0
565.802	-4.974206250000001e-05	0.0	0.0
565.772	-4.52570625e-05	0.0	0.0
565.812	-5.094131250000001e-05	0.0	0.0
565.942	-6.235368750000001e-05	0.0	0.0
566.142	-7.9691625e-05	0.0	0.0
566.122	-7.749056250000001e-05	0.0	0.0
566.162	-7.917487500000001e-05	0.0	0.0
566.292	-7.51359375e-05	0.0	0.0
566.482	-6.90275625e-05	0.0	0.0
566.452	-6.991237500000001e-05	0.0	0.0
566.492	-6.77649375e-05	0.0	0.0
566.622	-5.166768750000001e-05	0.0	0.0
566.812	-2.6985562500000002e-05	0.0	0.0
566.782	-3.0454125000000002e-05	0.0	0.0
566.822	-2.4938062500000002e-05	0.0	0.0
566.952	-5.1107062500000005e-06	0.0	0.0
567.152	2.5020937500000002e-05	0.0	0.0
567.122	2.116749375e-05	0.0	0.0
567.172	2.6637000000000003e-05	0.0	0.0
567.302	3.9538687500000004e-05	0.0	0.0
567.492	5.905575000000001e-05	0.0	0.0
567.462	5.6208750000000006e-05	0.0	0.0
567.502	5.909475000000001e-05	0.0	0.0
567.632	5.9611500000000003e-05	0.0	0.0
567.822	6.0406125e-05	0.0	0.0
567.792	6.0294e-05	0.0	0.0
567.832	5.93701875e-05	0.0	0.0
567.962	4.91131875e-05	0.0	0.0
568.162	3.35180625e-05	0.0	0.0
568.132	3.55265625e-05	0.0	0.0
568.182	3.179231250000001e-05	0.0	0.0
568.302	1.776181875e-05	0.0	0.0
568.502	-3.47124375e-06	0.0	0.0
568.472	-3.550218750000001e-07	0.0	0.0
568.512	-4.1878687500000005e-06	0.0	0.0
568.642	-1.3896187500000002e-05	0.0	0.0
568.832	-2.8796625000000003e-05	0.0	0.0
568.802	-2.6676000000000007e-05	0.0	0.0
568.842	-2.8974562500000003e-05	0.0	0.0
568.972	-3.0773437500000005e-05	0.0	0.0
569.172	-3.351075e-05	0.0	0.0
569.142	-3.315487500000001e-05	0.0	0.0
569.192	-3.2920875000000004e-05	0.0	0.0
569.312	-2.8021500000000003e-05	0.0	0.0
569.512	-2.0605893750000003e-05	0.0	0.0
569.482	-2.1701062500000002e-05	0.0	0.0
569.522	-2.015446875e-05	0.0	0.0
569.652	-1.384085625e-05	0.0	0.0
569.842	-4.1469187500000005e-06	0.0	0.0
569.812	-5.535318750000001e-06	0.0	0.0
569.852	-3.797868750000001e-06	0.0	0.0
569.982	-1.797388125e-07	0.0	0.0
570.182	5.325937499999999e-06	0.0	0.0
570.152	4.606875000000001e-06	0.0	0.0
570.202	5.50411875e-06	0.0	0.0
570.322	7.009762500000001e-06	0.0	0.0
570.522	9.2902875e-06	0.0	0.0
570.492	8.951475000000002e-06	0.0	0.0
570.532	9.418500000000001e-06	0.0	0.0
570.662	1.12705125e-05	0.0	0.0
570.852	1.4115075000000001e-05	0.0	0.0
570.822	1.3705087500000001e-05	0.0	0.0
570.862	1.4001975e-05	0.0	0.0
570.992	1.280101875e-05	0.0	0.0
571.192	1.097289375e-05	0.0	0.0
571.162	1.1213231250000002e-05	0.0	0.0
571.212	1.0227506250000002e-05	0.0	0.0
571.332	3.8085937500000002e-06	0.0	0.0
571.532	-5.917518750000001e-06	0.0	0.0
571.502	-4.4640375e-06	0.0	0.0
571.542	-6.506906250000001e-06	0.0	0.0
571.672	-1.5317737500000003e-05	0.0	0.0
571.862	-2.8857562500000004e-05	0.0	0.0
571.832	-2.68929375e-05	0.0	0.0
571.872	-2.9371875000000004e-05	0.0	0.0
572.002	-3.4958625e-05	0.0	0.0
572.202	-4.3465500000000006e-05	0.0	0.0
572.172	-4.2339375e-05	0.0	0.0
572.212	-4.3124250000000006e-05	0.0	0.0
572.342	-4.01236875e-05	0.0	0.0
572.542	-3.55753125e-05	0.0	0.0
572.512	-3.625781250000001e-05	0.0	0.0
572.552	-3.4831875e-05	0.0	0.0
572.682	-2.3346618750000004e-05	0.0	0.0
572.872	-5.689125e-06	0.0	0.0
572.842	-8.265806250000002e-06	0.0	0.0
572.882	-4.33216875e-06	0.0	0.0
573.012	1.079300625e-05	0.0	0.0
573.212	3.3837375e-05	0.0	0.0
573.182	3.0766125e-05	0.0	0.0
573.222	3.494643750000001e-05	0.0	0.0
573.352	4.4908500000000005e-05	0.0	0.0
573.552	6.001368750000001e-05	0.0	0.0
573.522	5.772975000000001e-05	0.0	0.0
573.562	5.9943000000000005e-05	0.0	0.0
573.682	5.87998125e-05	0.0	0.0
573.882	5.7042375000000006e-05	0.0	0.0
573.852	5.730075000000001e-05	0.0	0.0
573.892	5.59528125e-05	0.0	0.0
574.022	4.34923125e-05	0.0	0.0
574.222	2.45041875e-05	0.0	0.0
574.192	2.7053812500000003e-05	0.0	0.0
574.232	2.2615612500000005e-05	0.0	0.0
574.362	5.32155e-06	0.0	0.0
574.562	-2.0914237500000003e-05	0.0	0.0
574.532	-1.6923806250000004e-05	0.0	0.0
574.572	-2.1680100000000003e-05	0.0	0.0
574.692	-3.44394375e-05	0.0	0.0
574.892	-5.40710625e-05	0.0	0.0
574.862	-5.1170437500000007e-05	0.0	0.0
574.902	-5.4258750000000006e-05	0.0	0.0
575.032	-5.6447625e-05	0.0	0.0
575.232	-5.978700000000001e-05	0.0	0.0
575.202	-5.933606250000001e-05	0.0	0.0
575.242	-5.88095625e-05	0.0	0.0
575.372	-4.966650000000001e-05	0.0	0.0
575.572	-3.5789812500000005e-05	0.0	0.0
575.542	-3.791287500000001e-05	0.0	0.0
575.582	-3.49635e-05	0.0	0.0
575.702	-2.0667806250000004e-05	0.0	0.0
575.902	1.336310625e-06	0.0	0.0
575.872	-1.933449375e-06	0.0	0.0
575.912	2.3297625e-06	0.0	0.0
576.042	1.4303737500000003e-05	0.0	0.0
576.242	3.2569875000000006e-05	0.0	0.0
576.212	3.00860625e-05	0.0	0.0
576.252	3.294525e-05	0.0	0.0
576.382	3.6550312500000006e-05	0.0	0.0
576.582	4.20225e-05	0.0	0.0
576.552	4.1181562500000006e-05	0.0	0.0
576.592	4.17616875e-05	0.0	0.0
576.712	3.7045125000000004e-05	0.0	0.0
576.912	2.9781375e-05	0.0	0.0
576.882	3.08660625e-05	0.0	0.0
576.922	2.9089125000000004e-05	0.0	0.0
577.052	2.052375e-05	0.0	0.0
577.252	7.4514375000000004e-06	0.0	0.0
577.222	9.2405625e-06	0.0	0.0
577.262	6.778443750000001e-06	0.0	0.0
577.392	2.0865487500000003e-07	0.0	0.0
577.592	-9.770475e-06	0.0	0.0
577.562	-8.22631875e-06	0.0	0.0
577.602	-9.85115625e-06	0.0	0.0
577.722	-1.1367525000000001e-05	0.0	0.0
577.922	-1.3703381250000002e-05	0.0	0.0
577.892	-1.3352137500000001e-05	0.0	0.0
577.932	-1.3544943750000003e-05	0.0	0.0
578.062	-1.1528156250000001e-05	0.0	0.0
578.262	-8.44935e-06	0.0	0.0
578.232	-8.873475e-06	0.0	0.0
578.272	-8.27311875e-06	0.0	0.0
578.402	-6.5137312500000005e-06	0.0	0.0
578.602	-3.840037500000001e-06	0.0	0.0
578.572	-4.25611875e-06	0.0	0.0
578.612	-3.7271812500000005e-06	0.0	0.0
578.732	-1.5089831250000002e-06	0.0	0.0
578.932	1.9092206250000005e-06	0.0	0.0
578.902	1.3921781250000001e-06	0.0	0.0
578.942	2.2837912500000003e-06	0.0	0.0
579.072	7.196231250000001e-06	0.0	0.0
579.272	1.4698856250000001e-05	0.0	0.0
579.242	1.3660725e-05	0.0	0.0
579.282	1.5130537500000003e-05	0.0	0.0
579.412	1.951486875e-05	0.0	0.0
579.612	2.6178750000000004e-05	0.0	0.0
579.582	2.5125750000000006e-05	0.0	0.0
579.622	2.6154375e-05	0.0	0.0
579.742	2.5635187500000004e-05	0.0	0.0
579.942	2.4830812500000004e-05	0.0	0.0
579.912	2.4950250000000004e-05	0.0	0.0
579.952	2.418853125e-05	0.0	0.0
580.082	1.662643125e-05	0.0	0.0
580.282	5.12533125e-06	0.0	0.0
580.252	6.905925e-06	0.0	0.0
580.292	4.5466687499999995e-06	0.0	0.0
580.412	-6.970275000000002e-06	0.0	0.0
580.612	-2.4726000000000003e-05	0.0	0.0
580.582	-2.2006237500000002e-05	0.0	0.0
580.622	-2.54158125e-05	0.0	0.0
580.752	-3.49903125e-05	0.0	0.0
580.952	-4.9627500000000006e-05	0.0	0.0
580.922	-4.7577562500000004e-05	0.0	0.0
580.962	-4.96981875e-05	0.0	0.0
581.092	-5.0446500000000006e-05	0.0	0.0
581.292	-5.15848125e-05	0.0	0.0
581.262	-5.1404437500000005e-05	0.0	0.0
581.302	-5.11411875e-05	0.0	0.0
581.422	-4.125225e-05	0.0	0.0
581.622	-2.5993500000000004e-05	0.0	0.0
581.592	-2.8338375e-05	0.0	0.0
581.632	-2.4791812500000003e-05	0.0	0.0
581.762	-7.682025e-06	0.0	0.0
581.962	1.8475031250000002e-05	0.0	0.0
581.932	1.4787581250000001e-05	0.0	0.0
581.972	1.9882200000000004e-05	0.0	0.0
582.102	3.51975e-05	0.0	0.0
582.302	5.8502437500000003e-05	0.0	0.0
582.272	5.4802312500000006e-05	0.0	0.0
582.312	5.8719375000000004e-05	0.0	0.0
582.432	6.3779625e-05	0.0	0.0
582.632	7.158937500000001e-05	0.0	0.0
582.602	7.03828125e-05	0.0	0.0
582.642	7.09995e-05	0.0	0.0
582.772	6.23146875e-05	0.0	0.0
582.972	4.903031250000001e-05	0.0	0.0
582.942	5.091450000000001e-05	0.0	0.0
582.982	4.73484375e-05	0.0	0.0
583.112	2.8572375000000003e-05	0.0	0.0
583.312	-1.1572518750000002e-08	0.0	0.0
583.282	4.552762500000001e-06	0.0	0.0
583.322	-7.800731250000001e-07	0.0	0.0
583.442	-1.9850025e-05	0.0	0.0
583.642	-4.9293562500000006e-05	0.0	0.0
583.612	-4.471837500000001e-05	0.0	0.0
583.652	-4.996387500000001e-05	0.0	0.0
583.782	-6.016237500000001e-05	0.0	0.0
583.982	-7.576725000000001e-05	0.0	0.0
583.952	-7.353937500000001e-05	0.0	0.0
583.992	-7.53748125e-05	0.0	0.0
584.122	-7.08849375e-05	0.0	0.0
584.322	-6.40453125e-05	0.0	0.0
584.292	-6.51421875e-05	0.0	0.0
584.322	-6.343106250000002e-05	0.0	0.0
584.452	-4.7302125e-05	0.0	0.0
584.652	-2.2386975e-05	0.0	0.0
584.622	-2.6278687500000002e-05	0.0	0.0
584.662	-2.112435e-05	0.0	0.0
584.792	-1.2824175000000002e-06	0.0	0.0
584.992	2.9089125000000004e-05	0.0	0.0
584.962	2.47284375e-05	0.0	0.0
585.002	3.0193312500000002e-05	0.0	0.0
585.132	4.3155937500000004e-05	0.0	0.0
585.332	6.290456250000001e-05	0.0	0.0
585.302	5.97163125e-05	0.0	0.0
585.332	6.291675e-05	0.0	0.0
585.462	6.323606250000001e-05	0.0	0.0
585.662	6.373331250000002e-05	0.0	0.0
585.632	6.365531250000001e-05	0.0	0.0
585.672	6.3038625e-05	0.0	0.0
585.802	5.1757875000000006e-05	0.0	0.0
586.002	3.448331250000001e-05	0.0	0.0
585.972	3.6979312500000004e-05	0.0	0.0
586.012	3.315e-05	0.0	0.0
586.142	1.706128125e-05	0.0	0.0
586.342	-7.461431250000001e-06	0.0	0.0
586.312	-3.4822125000000003e-06	0.0	0.0
586.342	-7.87215e-06	0.0	0.0
586.472	-2.012205e-05	0.0	0.0
586.672	-3.9058500000000006e-05	0.0	0.0
586.642	-3.60676875e-05	0.0	0.0
586.682	-3.9270562500000004e-05	0.0	0.0
586.812	-4.28488125e-05	0.0	0.0
587.012	-4.8330750000000005e-05	0.0	0.0
586.982	-4.7533687500000004e-05	0.0	0.0
587.022	-4.787737500000001e-05	0.0	0.0
587.152	-4.223943750000001e-05	0.0	0.0
587.352	-3.3644812500000004e-05	0.0	0.0
587.322	-3.5046375e-05	0.0	0.0
587.352	-3.332062500000001e-05	0.0	0.0
587.482	-2.2972218750000003e-05	0.0	0.0
587.682	-6.9693e-06	0.0	0.0
587.652	-9.511612500000001e-06	0.0	0.0
587.692	-6.3984375000000005e-06	0.0	0.0
587.822	3.62334375e-06	0.0	0.0
588.022	1.8982031250000003e-05	0.0	0.0
587.992	1.6736362500000002e-05	0.0	0.0
588.032	1.940371875e-05	0.0	0.0
588.162	2.4779625e-05	0.0	0.0
588.362	3.29818125e-05	0.0	0.0
588.332	3.1636312500000005e-05	0.0	0.0
588.362	3.2962312500000005e-05	0.0	0.0
588.492	3.2292e-05	0.0	0.0
588.692	3.1258500000000006e-05	0.0	0.0
588.662	3.142425e-05	0.0	0.0
588.702	3.091725e-05	0.0	0.0
588.832	2.4721125e-05	0.0	0.0
589.032	1.521901875e-05	0.0	0.0
589.002	1.66164375e-05	0.0	0.0
589.042	1.4504831250000001e-05	0.0	0.0
589.172	5.1309375e-06	0.0	0.0
589.372	-9.1752375e-06	0.0	0.0
589.342	-6.8169562500000005e-06	0.0	0.0
589.372	-9.40216875e-06	0.0	0.0
589.502	-1.78780875e-05	0.0	0.0
589.702	-3.099525e-05	0.0	0.0
589.672	-2.888925e-05	0.0	0.0
589.712	-3.1180500000000004e-05	0.0	0.0
589.842	-3.4702687500000005e-05	0.0	0.0
590.042	-4.01041875e-05	0.0	0.0
590.012	-3.9304687500000006e-05	0.0	0.0
590.052	-3.97873125e-05	0.0	0.0
590.182	-3.55168125e-05	0.0	0.0
590.382	-2.89940625e-05	0.0	0.0
590.352	-3.0073875000000002e-05	0.0	0.0
590.382	-2.8738125e-05	0.0	0.0
590.512	-1.8273693750000002e-05	0.0	0.0
590.712	-2.072776875e-06	0.0	0.0
590.682	-4.688531250000001e-06	0.0	0.0
590.722	-1.4609400000000003e-06	0.0	0.0
590.852	1.06884375e-05	0.0	0.0
591.052	2.9330437500000002e-05	0.0	0.0
591.022	2.6556562500000003e-05	0.0	0.0
591.062	2.9839875000000007e-05	0.0	0.0
591.192	3.696225e-05	0.0	0.0
591.392	4.7838375000000004e-05	0.0	0.0
591.362	4.60273125e-05	0.0	0.0
591.392	4.77969375e-05	0.0	0.0
591.522	4.599806250000001e-05	0.0	0.0
591.722	4.32095625e-05	0.0	0.0
591.692	4.36629375e-05	0.0	0.0
591.732	4.270987500000001e-05	0.0	0.0
591.862	3.235050000000001e-05	0.0	0.0
592.062	1.644825e-05	0.0	0.0
592.032	1.882846875e-05	0.0	0.0
592.072	1.54869e-05	0.0	0.0
592.202	1.6517475000000001e-06	0.0	0.0
592.402	-1.948854375e-05	0.0	0.0
592.372	-1.59495375e-05	0.0	0.0
592.402	-1.9695243750000002e-05	0.0	0.0
592.532	-2.99983125e-05	0.0	0.0
592.732	-4.596393750000001e-05	0.0	0.0
592.702	-4.335825e-05	0.0	0.0
592.742	-4.6054125000000005e-05	0.0	0.0
592.872	-4.800900000000001e-05	0.0	0.0
593.072	-5.1012e-05	0.0	0.0
593.042	-5.05610625e-05	0.0	0.0
593.082	-5.04855e-05	0.0	0.0
593.212	-4.26538125e-05	0.0	0.0
593.412	-3.0680812500000004e-05	0.0	0.0
593.382	-3.26941875e-05	0.0	0.0
593.412	-3.0437062500000008e-05	0.0	0.0
593.542	-1.672539375e-05	0.0	0.0
593.742	4.5279e-06	0.0	0.0
593.712	1.0416412500000002e-06	0.0	0.0
593.752	5.1285e-06	0.0	0.0
593.882	1.8850650000000006e-05	0.0	0.0
594.082	3.993112500000001e-05	0.0	0.0
594.052	3.6742875e-05	0.0	0.0
594.092	4.0362562500000006e-05	0.0	0.0
594.222	4.6968187500000005e-05	0.0	0.0
594.422	5.70691875e-05	0.0	0.0
594.392	5.5348312500000004e-05	0.0	0.0
594.422	5.70204375e-05	0.0	0.0
594.552	5.309850000000001e-05	0.0	0.0
594.752	4.701450000000001e-05	0.0	0.0
594.722	4.7989500000000005e-05	0.0	0.0
594.762	4.63051875e-05	0.0	0.0
594.892	3.282825e-05	0.0	0.0
595.092	1.220675625e-05	0.0	0.0
595.062	1.5658256250000004e-05	0.0	0.0
595.092	1.1922300000000001e-05	0.0	0.0
595.222	-4.63344375e-06	0.0	0.0
595.422	-3.0307875e-05	0.0	0.0
595.392	-2.6047125000000002e-05	0.0	0.0
595.432	-3.0788062500000005e-05	0.0	0.0
595.562	-4.29463125e-05	0.0	0.0
595.762	-6.163462500000001e-05	0.0	0.0
595.732	-5.878031250000001e-05	0.0	0.0
595.772	-6.1673625e-05	0.0	0.0
595.902	-6.230493750000001e-05	0.0	0.0
596.102	-6.327018749999999e-05	0.0	0.0
596.072	-6.3106875e-05	0.0	0.0
596.102	-6.31336875e-05	0.0	0.0
596.232	-5.16140625e-05	0.0	0.0
596.432	-3.37374375e-05	0.0	0.0
596.402	-3.67111875e-05	0.0	0.0
596.442	-3.301837500000001e-05	0.0	0.0
596.572	-1.4078512500000002e-05	0.0	0.0
596.772	1.5047175e-05	0.0	0.0
596.742	1.0571681250000001e-05	0.0	0.0
596.782	1.602778125e-05	0.0	0.0
596.912	3.2608875000000004e-05	0.0	0.0
597.112	5.7993000000000005e-05	0.0	0.0
597.082	5.36420625e-05	0.0	0.0
597.112	5.804662500000001e-05	0.0	0.0
597.242	6.383325000000001e-05	0.0	0.0
597.442	7.281300000000001e-05	0.0	0.0
597.412	7.131150000000002e-05	0.0	0.0
597.442	7.252537500000001e-05	0.0	0.0
597.582	6.45035625e-05	0.0	0.0
597.782	5.216250000000001e-05	0.0	0.0
597.752	5.406862500000001e-05	0.0	0.0
597.792	5.113143750000001e-05	0.0	0.0
597.922	3.29964375e-05	0.0	0.0
598.122	5.22185625e-06	0.0	0.0
598.092	1.000471875e-05	0.0	0.0
598.122	5.081456250000001e-06	0.0	0.0
598.252	-1.3855481250000002e-05	0.0	0.0
598.452	-4.3263187500000005e-05	0.0	0.0
598.422	-3.832237500000001e-05	0.0	0.0
598.452	-4.36385625e-05	0.0	0.0
598.592	-5.480475e-05	0.0	0.0
598.792	-7.19915625e-05	0.0	0.0
598.762	-6.932250000000002e-05	0.0	0.0
598.802	-7.185018750000001e-05	0.0	0.0
598.932	-6.9239625e-05	0.0	0.0
599.132	-6.52445625e-05	0.0	0.0
599.102	-6.593437500000002e-05	0.0	0.0
599.132	-6.516656250000001e-05	0.0	0.0
599.262	-5.0429437500000015e-05	0.0	0.0
599.462	-2.7534000000000004e-05	0.0	0.0
599.432	-3.1399875e-05	0.0	0.0
599.462	-2.6885625000000004e-05	0.0	0.0
599.602	-6.22513125e-06	0.0	0.0
599.802	2.5584e-05	0.0	0.0
599.772	2.0613937500000002e-05	0.0	0.0
599.812	2.6444437500000003e-05	0.0	0.0
599.942	4.2836625000000004e-05	0.0	0.0
600.142	6.796481250000001e-05	0.0	0.0
600.102	6.359437500000001e-05	0.0	0.0
600.142	6.7977e-05	0.0	0.0
600.272	7.215e-05	0.0	0.0
600.472	7.864106250000002e-05	0.0	0.0
600.442	7.753931250000002e-05	0.0	0.0
600.472	7.83241875e-05	0.0	0.0
600.612	6.751631250000001e-05	0.0	0.0
600.812	5.0868187500000004e-05	0.0	0.0
600.782	5.3483625e-05	0.0	0.0
600.822	4.9778625000000007e-05	0.0	0.0
600.952	2.8138500000000005e-05	0.0	0.0
601.152	-5.0439187500000006e-06	0.0	0.0
601.112	7.537481250000001e-07	0.0	0.0
601.152	-5.060737500000001e-06	0.0	0.0
601.282	-2.7105000000000006e-05	0.0	0.0
601.482	-6.13786875e-05	0.0	0.0
601.452	-5.553356250000001e-05	0.0	0.0
601.482	-6.17053125e-05	0.0	0.0
601.622	-7.37514375e-05	0.0	0.0
601.822	-9.231300000000001e-05	0.0	0.0
601.792	-8.938312500000001e-05	0.0	0.0
601.832	-9.204243750000001e-05	0.0	0.0
601.962	-8.639962500000002e-05	0.0	0.0
602.162	-7.774406250000001e-05	0.0	0.0
602.122	-7.926262500000001e-05	0.0	0.0
602.162	-7.775137500000001e-05	0.0	0.0
602.292	-5.6776687500000004e-05	0.0	0.0
602.492	-2.412028125e-05	0.0	0.0
602.462	-2.9718000000000002e-05	0.0	0.0
602.492	-2.344168125e-05	0.0	0.0
602.632	3.8722125e-06	0.0	0.0
602.832	4.5973687500000006e-05	0.0	0.0
602.802	3.92900625e-05	0.0	0.0
602.842	4.6851187500000006e-05	0.0	0.0
602.972	6.5963625e-05	0.0	0.0
603.172	9.529406250000001e-05	0.0	0.0
603.132	9.011925000000001e-05	0.0	0.0
603.172	9.522337500000003e-05	0.0	0.0
603.302	9.6383625e-05	0.0	0.0
603.502	9.808500000000002e-05	0.0	0.0
603.472	9.779250000000001e-05	0.0	0.0
603.502	9.7680375e-05	0.0	0.0
603.642	7.982325e-05	0.0	0.0
603.842	5.2286812500000007e-05	0.0	0.0
603.812	5.668162500000001e-05	0.0	0.0
603.852	5.1077812500000005e-05	0.0	0.0
603.982	2.3384400000000003e-05	0.0	0.0
604.182	-1.91280375e-05	0.0	0.0
604.142	-1.1593725000000002e-05	0.0	0.0
604.182	-1.8968625e-05	0.0	0.0
604.312	-4.191525e-05	0.0	0.0
604.512	-7.7595375e-05	0.0	0.0
604.482	-7.14211875e-05	0.0	0.0
604.512	-7.775137500000001e-05	0.0	0.0
604.652	-8.53393125e-05	0.0	0.0
604.852	-9.7046625e-05	0.0	0.0
604.822	-9.51673125e-05	0.0	0.0
604.862	-9.657618750000001e-05	0.0	0.0
604.992	-8.524181250000003e-05	0.0	0.0
605.192	-6.7835625e-05	0.0	0.0
605.152	-7.093368750000001e-05	0.0	0.0
605.192	-6.79258125e-05	0.0	0.0
605.322	-4.545693750000001e-05	0.0	0.0
605.522	-1.0325981250000001e-05	0.0	0.0
605.482	-1.643630625e-05	0.0	0.0
605.522	-9.916725e-06	0.0	0.0
605.662	1.24063875e-05	0.0	0.0
605.862	4.685606250000001e-05	0.0	0.0
605.832	4.12985625e-05	0.0	0.0
605.872	4.727043750000001e-05	0.0	0.0
606.002	5.781018750000001e-05	0.0	0.0
606.202	7.40025e-05	0.0	0.0
606.162	7.110675e-05	0.0	0.0
606.202	7.389525e-05	0.0	0.0
606.332	6.954675e-05	0.0	0.0
606.532	6.253650000000001e-05	0.0	0.0
606.492	6.3760125e-05	0.0	0.0
606.532	6.229275e-05	0.0	0.0
606.662	4.7343562500000006e-05	0.0	0.0
606.872	2.4262387500000003e-05	0.0	0.0
606.842	2.80044375e-05	0.0	0.0
606.872	2.366690625e-05	0.0	0.0
607.012	7.63010625e-06	0.0	0.0
607.212	-1.701765e-05	0.0	0.0
607.172	-1.2588225000000003e-05	0.0	0.0
607.212	-1.6821431250000002e-05	0.0	0.0
607.342	-2.5796062500000006e-05	0.0	0.0
607.542	-3.9645937500000005e-05	0.0	0.0
607.502	-3.72133125e-05	0.0	0.0
607.542	-3.9638625000000005e-05	0.0	0.0
607.672	-3.91291875e-05	0.0	0.0
607.882	-3.8341875e-05	0.0	0.0
607.852	-3.8471062500000006e-05	0.0	0.0
607.882	-3.80908125e-05	0.0	0.0
608.022	-3.0902625000000006e-05	0.0	0.0
608.222	-1.984929375e-05	0.0	0.0
608.182	-2.1844631249999998e-05	0.0	0.0
608.222	-1.995264375e-05	0.0	0.0
608.352	-1.204490625e-05	0.0	0.0
608.552	3.03298125e-07	0.0	0.0
608.512	-1.8753637500000003e-06	0.0	0.0
608.552	3.5738625000000005e-07	0.0	0.0
608.682	4.9203375e-06	0.0	0.0
608.892	1.196983125e-05	0.0	0.0
608.862	1.081689375e-05	0.0	0.0
608.892	1.1979581250000002e-05	0.0	0.0
609.032	1.22767125e-05	0.0	0.0
609.232	1.2733500000000001e-05	0.0	0.0
609.192	1.2649893750000002e-05	0.0	0.0
609.232	1.2727650000000002e-05	0.0	0.0
609.362	1.1026031250000001e-05	0.0	0.0
609.562	8.306756250000002e-06	0.0	0.0
609.522	8.77621875e-06	0.0	0.0
609.562	8.261662500000002e-06	0.0	0.0
609.702	6.058650000000001e-06	0.0	0.0
609.902	2.6690625000000003e-06	0.0	0.0
609.862	3.2779500000000005e-06	0.0	0.0
609.902	2.70196875e-06	0.0	0.0
610.032	-2.60983125e-07	0.0	0.0
610.232	-4.901812500000001e-06	0.0	0.0
610.192	-4.0742812500000005e-06	0.0	0.0
610.232	-4.92594375e-06	0.0	0.0
610.362	-8.04935625e-06	0.0	0.0
610.572	-1.2878043750000002e-05	0.0	0.0
610.542	-1.2080737500000002e-05	0.0	0.0
610.572	-1.2906075000000002e-05	0.0	0.0
610.712	-1.3865231250000003e-05	0.0	0.0
610.912	-1.5341625000000004e-05	0.0	0.0
610.872	-1.5071793750000002e-05	0.0	0.0
610.912	-1.532236875e-05	0.0	0.0
611.042	-1.3056956250000003e-05	0.0	0.0
611.242	-9.41679375e-06	0.0	0.0
611.202	-1.0067118750000002e-05	0.0	0.0
611.242	-9.388275000000001e-06	0.0	0.0
611.372	-4.71729375e-06	0.0	0.0
611.582	2.506725e-06	0.0	0.0
611.552	1.3077187500000002e-06	0.0	0.0
611.582	2.61885e-06	0.0	0.0
611.722	6.777468750000001e-06	0.0	0.0
611.922	1.3180293750000001e-05	0.0	0.0
611.882	1.2005175000000001e-05	0.0	0.0
611.922	1.3087668750000001e-05	0.0	0.0
612.052	1.44207375e-05	0.0	0.0
612.252	1.6401937500000002e-05	0.0	0.0
612.212	1.6046550000000003e-05	0.0	0.0
612.252	1.639438125e-05	0.0	0.0
612.382	1.4450231250000001e-05	0.0	0.0
612.592	1.1442600000000001e-05	0.0	0.0
612.562	1.1944237500000003e-05	0.0	0.0
612.592	1.135095e-05	0.0	0.0
612.732	7.65838125e-06	0.0	0.0
612.932	1.9702556250000003e-06	0.0	0.0
612.892	3.0188437500000003e-06	0.0	0.0
612.932	2.0603700000000002e-06	0.0	0.0
613.062	-1.57009125e-06	0.0	0.0
613.262	-7.240350000000001e-06	0.0	0.0
613.222	-6.217818750000001e-06	0.0	0.0
613.262	-7.245468750000001e-06	0.0	0.0
613.392	-1.014511875e-05	0.0	0.0
613.602	-1.4633043750000002e-05	0.0	0.0
613.572	-1.3880587500000001e-05	0.0	0.0
613.602	-1.465498125e-05	0.0	0.0
613.742	-1.562559375e-05	0.0	0.0
613.942	-1.7121243750000003e-05	0.0	0.0
613.902	-1.6844100000000004e-05	0.0	0.0
613.942	-1.709540625e-05	0.0	0.0
614.072	-1.45006875e-05	0.0	0.0
614.272	-1.02925875e-05	0.0	0.0
614.232	-1.1054793750000001e-05	0.0	0.0
614.272	-1.02935625e-05	0.0	0.0
614.402	-3.1190250000000006e-06	0.0	0.0
614.612	7.9915875e-06	0.0	0.0
614.582	6.119831250000001e-06	0.0	0.0
614.612	8.170743750000001e-06	0.0	0.0
614.752	1.6930875000000002e-05	0.0	0.0
614.952	3.0434625e-05	0.0	0.0
614.912	2.7924e-05	0.0	0.0
614.952	3.0183562500000004e-05	0.0	0.0
615.082	3.52584375e-05	0.0	0.0
615.282	4.302675e-05	0.0	0.0
615.242	4.1613e-05	0.0	0.0
615.282	4.30145625e-05	0.0	0.0
615.412	3.9375375e-05	0.0	0.0
615.622	3.37081875e-05	0.0	0.0
615.582	3.46685625e-05	0.0	0.0
615.622	3.347175e-05	0.0	0.0
615.762	2.0587856250000002e-05	0.0	0.0
615.962	7.179168750000001e-07	0.0	0.0
615.922	4.4299125e-06	0.0	0.0
615.962	1.1149856250000002e-06	0.0	0.0
616.092	-1.5130050000000001e-05	0.0	0.0
616.292	-4.0713562500000003e-05	0.0	0.0
616.252	-3.6036e-05	0.0	0.0
616.292	-4.06355625e-05	0.0	0.0
616.422	-5.2062562500000006e-05	0.0	0.0
616.632	-6.973200000000002e-05	0.0	0.0
616.592	-6.67265625e-05	0.0	0.0
616.632	-6.970275000000002e-05	0.0	0.0
616.772	-6.78965625e-05	0.0	0.0
616.972	-6.511050000000001e-05	0.0	0.0
616.932	-6.563212500000001e-05	0.0	0.0
616.972	-6.516900000000001e-05	0.0	0.0
617.102	-5.0012625000000005e-05	0.0	0.0
617.302	-2.55766875e-05	0.0	0.0
617.262	-3.0064125e-05	0.0	0.0
617.302	-2.5683937500000002e-05	0.0	0.0
617.432	-2.426263125e-06	0.0	0.0
617.642	3.3703312500000004e-05	0.0	0.0
617.602	2.7526687500000004e-05	0.0	0.0
617.642	3.3961687500000006e-05	0.0	0.0
617.772	5.23989375e-05	0.0	0.0
617.982	8.0851875e-05	0.0	0.0
617.942	7.548937500000001e-05	0.0	0.0
617.982	8.020593750000002e-05	0.0	0.0
618.112	8.415225000000001e-05	0.0	0.0
618.312	8.950987500000001e-05	0.0	0.0
618.272	8.852268750000001e-05	0.0	0.0
618.312	8.947818750000001e-05	0.0	0.0
618.442	7.535531250000001e-05	0.0	0.0
618.652	5.3210625000000004e-05	0.0	0.0
618.612	5.701556250000001e-05	0.0	0.0
618.652	5.2913250000000004e-05	0.0	0.0
618.782	2.7775312500000006e-05	0.0	0.0
618.992	-1.1036512500000001e-05	0.0	0.0
618.952	-3.6918375e-06	0.0	0.0
618.992	-1.01014875e-05	0.0	0.0
619.122	-3.2833125e-05	0.0	0.0
619.322	-6.8293875e-05	0.0	0.0
619.282	-6.17248125e-05	0.0	0.0
619.322	-6.803793750000001e-05	0.0	0.0
619.452	-7.754418750000001e-05	0.0	0.0
619.662	-9.2054625e-05	0.0	0.0
619.622	-8.9548875e-05	0.0	0.0
619.662	-9.196687500000002e-05	0.0	0.0
619.792	-8.305050000000001e-05	0.0	0.0
620.002	-6.928106250000001e-05	0.0	0.0
619.962	-7.189650000000001e-05	0.0	0.0
619.992	-6.9629625e-05	0.0	0.0
620.132	-4.9047375000000006e-05	0.0	0.0
620.332	-1.60431375e-05	0.0	0.0
620.292	-2.21832e-05	0.0	0.0
620.332	-1.6326375000000002e-05	0.0	0.0
620.462	6.1585875000000015e-06	0.0	0.0
620.672	4.10694375e-05	0.0	0.0
620.632	3.501712500000001e-05	0.0	0.0
620.672	4.11620625e-05	0.0	0.0
620.802	5.320575e-05	0.0	0.0
621.012	7.1813625e-05	0.0	0.0
620.972	6.82621875e-05	0.0	0.0
621.002	7.131393750000001e-05	0.0	0.0
621.142	6.908850000000001e-05	0.0	0.0
621.342	6.4627875e-05	0.0	0.0
621.302	6.546150000000001e-05	0.0	0.0
621.342	6.467175e-05	0.0	0.0
621.472	5.065856250000001e-05	0.0	0.0
621.682	2.8640625000000003e-05	0.0	0.0
621.642	3.24748125e-05	0.0	0.0
621.682	2.8550437500000003e-05	0.0	0.0
621.812	1.1973000000000002e-05	0.0	0.0
622.022	-1.3650975000000002e-05	0.0	0.0
621.982	-8.740143750000001e-06	0.0	0.0
622.012	-1.2928743750000002e-05	0.0	0.0
622.152	-2.3400975e-05	0.0	0.0
622.352	-3.939e-05	0.0	0.0
622.312	-3.63894375e-05	0.0	0.0
622.352	-3.920962500000001e-05	0.0	0.0
622.482	-4.004325e-05	0.0	0.0
622.692	-4.107675000000001e-05	0.0	0.0
622.652	-4.0896375e-05	0.0	0.0
622.692	-4.10499375e-05	0.0	0.0
622.822	-3.4110375e-05	0.0	0.0
623.032	-2.338171875e-05	0.0	0.0
622.992	-2.5459687500000002e-05	0.0	0.0
623.022	-2.3719312500000003e-05	0.0	0.0
623.152	-1.5161006250000003e-05	0.0	0.0
623.362	-1.5896643750000003e-06	0.0	0.0
623.322	-4.085737500000001e-06	0.0	0.0
623.362	-1.6680787500000002e-06	0.0	0.0
623.492	3.97995e-06	0.0	0.0
623.702	1.2672562500000002e-05	0.0	0.0
623.662	1.1015306250000002e-05	0.0	0.0
623.692	1.2425643750000001e-05	0.0	0.0
623.822	1.33501875e-05	0.0	0.0
624.032	1.446241875e-05	0.0	0.0
623.992	1.4251818750000001e-05	0.0	0.0
624.032	1.4446818750000002e-05	0.0	0.0
624.162	1.2155325000000002e-05	0.0	0.0
624.372	8.491275000000001e-06	0.0	0.0
624.332	9.1372125e-06	0.0	0.0
624.372	8.49225e-06	0.0	0.0
624.502	5.8997250000000005e-06	0.0	0.0
624.712	1.8881118750000002e-06	0.0	0.0
624.672	2.6654062500000004e-06	0.0	0.0
624.702	2.01566625e-06	0.0	0.0
624.832	8.038143750000001e-07	0.0	0.0
625.042	-9.86821875e-07	0.0	0.0
625.002	-6.469368750000001e-07	0.0	0.0
625.042	-9.59911875e-07	0.0	0.0
625.172	-1.344525e-06	0.0	0.0
625.382	-1.913656875e-06	0.0	0.0
625.342	-1.8128418750000002e-06	0.0	0.0
625.382	-1.912755e-06	0.0	0.0
625.512	-2.186559375e-06	0.0	0.0
625.722	-2.6100749999999997e-06	0.0	0.0
625.682	-2.5276875000000004e-06	0.0	0.0
625.712	-2.5959375e-06	0.0	0.0
625.842	-2.25083625e-06	0.0	0.0
626.052	-1.656135e-06	0.0	0.0
626.012	-1.7695031250000004e-06	0.0	0.0
626.052	-1.665885e-06	0.0	0.0
626.182	-9.542812499999999e-07	0.0	0.0
626.392	1.653234375e-07	0.0	0.0
626.352	-3.39129375e-08	0.0	0.0
626.392	1.6201331249999998e-07	0.0	0.0
626.522	8.827650000000001e-07	0.0	0.0
626.732	1.998823125e-06	0.0	0.0
626.692	1.7807887500000002e-06	0.0	0.0
626.722	1.9603350000000004e-06	0.0	0.0
626.852	3.2421187500000003e-06	0.0	0.0
627.062	5.3064375e-06	0.0	0.0
627.022	4.9113187499999995e-06	0.0	0.0
627.062	5.269875000000001e-06	0.0	0.0
627.192	6.108862500000001e-06	0.0	0.0
627.402	7.3922062500000006e-06	0.0	0.0
627.362	7.1628375e-06	0.0	0.0
627.402	7.3866000000000006e-06	0.0	0.0
627.532	5.66475e-06	0.0	0.0
627.742	2.970825e-06	0.0	0.0
627.702	3.4992750000000005e-06	0.0	0.0
627.732	3.0673500000000004e-06	0.0	0.0
627.862	-1.5741618750000002e-06	0.0	0.0
628.072	-9.139650000000002e-06	0.0	0.0
628.032	-7.6854375e-06	0.0	0.0
628.072	-8.9948625e-06	0.0	0.0
628.202	-1.4858756250000001e-05	0.0	0.0
628.412	-2.4028631250000003e-05	0.0	0.0
628.372	-2.2382100000000004e-05	0.0	0.0
628.412	-2.39767125e-05	0.0	0.0
628.542	-2.6459062500000006e-05	0.0	0.0
628.752	-3.0261562500000006e-05	0.0	0.0
628.712	-2.951325e-05	0.0	0.0
628.742	-3.0120187500000006e-05	0.0	0.0
628.872	-2.6166562500000002e-05	0.0	0.0
629.082	-1.9332543750000003e-05	0.0	0.0
629.042	-2.065171875e-05	0.0	0.0
629.082	-1.94727e-05	0.0	0.0
629.212	-8.421318750000001e-06	0.0	0.0
629.422	9.1182e-06	0.0	0.0
629.382	5.9548125e-06	0.0	0.0
629.422	8.994618750000002e-06	0.0	0.0
629.552	2.1784425e-05	0.0	0.0
629.762	4.1639812500000005e-05	0.0	0.0
629.722	3.7713e-05	0.0	0.0
629.752	4.08744375e-05	0.0	0.0
629.882	4.79480625e-05	0.0	0.0
630.092	5.8504875e-05	0.0	0.0
630.052	5.6457375000000004e-05	0.0	0.0
630.092	5.82733125e-05	0.0	0.0
630.222	5.382e-05	0.0	0.0
630.432	4.627350000000001e-05	0.0	0.0
630.392	4.7640937500000006e-05	0.0	0.0
630.432	4.6336875000000005e-05	0.0	0.0
630.562	3.053212500000001e-05	0.0	0.0
630.772	5.795887500000001e-06	0.0	0.0
630.732	1.070720625e-05	0.0	0.0
630.762	6.781856250000001e-06	0.0	0.0
630.892	-1.2221625000000002e-05	0.0	0.0
631.102	-4.24515e-05	0.0	0.0
631.062	-3.65698125e-05	0.0	0.0
631.102	-4.17495e-05	0.0	0.0
631.232	-5.480475e-05	0.0	0.0
631.442	-7.476056250000001e-05	0.0	0.0
631.402	-7.113112500000001e-05	0.0	0.0
631.442	-7.456800000000001e-05	0.0	0.0
631.572	-7.29495e-05	0.0	0.0
631.782	-7.009518750000001e-05	0.0	0.0
631.742	-7.06655625e-05	0.0	0.0
631.772	-7.021218750000002e-05	0.0	0.0
631.902	-5.53215e-05	0.0	0.0
632.112	-3.0466312500000004e-05	0.0	0.0
632.072	-3.5324250000000007e-05	0.0	0.0
632.102	-3.1078125000000005e-05	0.0	0.0
632.242	-8.8983375e-06	0.0	0.0
632.452	2.6037375000000004e-05	0.0	0.0
632.412	1.965331875e-05	0.0	0.0
632.452	2.56498125e-05	0.0	0.0
632.582	4.252218750000001e-05	0.0	0.0
632.792	6.855712500000002e-05	0.0	0.0
632.752	6.334575e-05	0.0	0.0
632.782	6.74480625e-05	0.0	0.0
632.912	7.110918750000001e-05	0.0	0.0
633.122	7.541868750000002e-05	0.0	0.0
633.082	7.457287499999999e-05	0.0	0.0
633.112	7.53065625e-05	0.0	0.0
633.252	6.404287500000001e-05	0.0	0.0
633.462	4.55715e-05	0.0	0.0
633.422	4.8962062500000004e-05	0.0	0.0
633.462	4.5800625000000005e-05	0.0	0.0
633.592	2.6715000000000004e-05	0.0	0.0
633.802	-3.1470562500000007e-06	0.0	0.0
633.762	2.8521187500000002e-06	0.0	0.0
633.792	-1.8373387500000001e-06	0.0	0.0
633.922	-1.7769131250000003e-05	0.0	0.0
634.132	-4.24978125e-05	0.0	0.0
634.092	-3.76276875e-05	0.0	0.0
634.122	-4.18250625e-05	0.0	0.0
634.262	-4.7567812500000006e-05	0.0	0.0
634.472	-5.582118750000001e-05	0.0	0.0
634.432	-5.430018750000001e-05	0.0	0.0
634.472	-5.5706625e-05	0.0	0.0
634.602	-4.966650000000001e-05	0.0	0.0
634.812	-3.9897e-05	0.0	0.0
634.772	-4.1866499999999996e-05	0.0	0.0
634.802	-4.033818750000001e-05	0.0	0.0
634.932	-2.8977e-05	0.0	0.0
635.142	-1.0459556250000001e-05	0.0	0.0
635.102	-1.4122387500000001e-05	0.0	0.0
635.132	-1.09902e-05	0.0	0.0
635.272	-1.044688125e-06	0.0	0.0
635.482	1.4322506250000003e-05	0.0	0.0
635.442	1.1477456250000004e-05	0.0	0.0
635.482	1.408996875e-05	0.0	0.0
635.612	1.7150006250000002e-05	0.0	0.0
635.822	2.1649875000000003e-05	0.0	0.0
635.782	2.07387375e-05	0.0	0.0
635.812	2.1440737500000002e-05	0.0	0.0
635.942	1.8722681250000003e-05	0.0	0.0
636.152	1.3745306250000002e-05	0.0	0.0
636.112	1.4733712500000002e-05	0.0	0.0
636.142	1.3894481250000001e-05	0.0	0.0
636.282	9.609600000000002e-06	0.0	0.0
636.492	2.8418812500000002e-06	0.0	0.0
636.452	4.10011875e-06	0.0	0.0
636.492	2.9532750000000005e-06	0.0	0.0
636.622	1.4897756250000001e-06	0.0	0.0
636.832	-6.674850000000001e-07	0.0	0.0
636.792	-2.2902506250000002e-07	0.0	0.0
636.822	-5.64305625e-07	0.0	0.0
636.952	-3.890493750000001e-06	0.0	0.0
637.162	-9.38510625e-06	0.0	0.0
637.122	-8.28969375e-06	0.0	0.0
637.152	-9.213018750000001e-06	0.0	0.0
637.292	-1.354006875e-05	0.0	0.0
637.502	-2.035629375e-05	0.0	0.0
637.462	-1.90851375e-05	0.0	0.0
637.502	-2.02371e-05	0.0	0.0
637.632	-2.0445018749999998e-05	0.0	0.0
637.842	-2.05866375e-05	0.0	0.0
637.802	-2.055763125e-05	0.0	0.0
637.832	-2.057956875e-05	0.0	0.0
637.962	-1.4669118750000003e-05	0.0	0.0
638.172	-4.5127875e-06	0.0	0.0
638.132	-6.499837500000001e-06	0.0	0.0
638.162	-4.774818750000001e-06	0.0	0.0
638.302	5.916787500000001e-06	0.0	0.0
638.512	2.2811587500000006e-05	0.0	0.0
638.472	1.939543125e-05	0.0	0.0
638.502	2.200160625e-05	0.0	0.0
638.632	3.08270625e-05	0.0	0.0
638.842	4.4503875000000004e-05	0.0	0.0
638.802	4.17519375e-05	0.0	0.0
638.832	4.4040750000000004e-05	0.0	0.0
638.972	4.5076687500000004e-05	0.0	0.0
639.182	4.6017562500000006e-05	0.0	0.0
639.142	4.583962500000001e-05	0.0	0.0
639.182	4.599806250000001e-05	0.0	0.0
639.312	3.6752625000000006e-05	0.0	0.0
639.522	2.1866325000000003e-05	0.0	0.0
639.482	2.4923437500000002e-05	0.0	0.0
639.512	2.2630481250000003e-05	0.0	0.0
639.642	7.93869375e-06	0.0	0.0
639.852	-1.5974156250000002e-05	0.0	0.0
639.812	-1.115668125e-05	0.0	0.0
639.842	-1.5139556250000002e-05	0.0	0.0
639.982	-2.8623562500000002e-05	0.0	0.0
640.192	-4.95178125e-05	0.0	0.0
640.152	-4.55715e-05	0.0	0.0
640.192	-4.907175000000001e-05	0.0	0.0
640.322	-5.3108250000000004e-05	0.0	0.0
640.532	-5.8892437500000005e-05	0.0	0.0
640.492	-5.77005e-05	0.0	0.0
640.522	-5.8587750000000005e-05	0.0	0.0
640.652	-5.1704249999999995e-05	0.0	0.0
640.862	-3.933150000000001e-05	0.0	0.0
640.822	-4.1834812500000006e-05	0.0	0.0
640.852	-3.978000000000001e-05	0.0	0.0
640.992	-2.4526125000000004e-05	0.0	0.0
641.202	-8.134668750000001e-09	0.0	0.0
641.162	-4.65635625e-06	0.0	0.0
641.202	-5.642812500000001e-07	0.0	0.0
641.332	1.455260625e-05	0.0	0.0
641.542	3.80615625e-05	0.0	0.0
641.502	3.319875e-05	0.0	0.0
641.532	3.679406250000001e-05	0.0	0.0
641.662	4.43893125e-05	0.0	0.0
641.872	5.53141875e-05	0.0	0.0
641.832	5.309606250000001e-05	0.0	0.0
641.862	5.490225000000001e-05	0.0	0.0
642.002	5.157262500000001e-05	0.0	0.0
642.212	4.5361875e-05	0.0	0.0
642.172	4.654406250000001e-05	0.0	0.0
642.202	4.5510562500000005e-05	0.0	0.0
642.342	3.35375625e-05	0.0	0.0
642.552	1.4395875000000002e-05	0.0	0.0
642.512	1.83704625e-05	0.0	0.0
642.542	1.545375e-05	0.0	0.0
642.672	1.95624e-06	0.0	0.0
642.882	-1.9573368750000004e-05	0.0	0.0
642.842	-1.5185624999999999e-05	0.0	0.0
642.872	-1.873584375e-05	0.0	0.0
643.012	-2.78776875e-05	0.0	0.0
643.222	-4.1698312500000004e-05	0.0	0.0
643.182	-3.905606250000001e-05	0.0	0.0
643.212	-4.134731250000001e-05	0.0	0.0
643.352	-4.173e-05	0.0	0.0
643.562	-4.1783625000000006e-05	0.0	0.0
643.522	-4.1773875e-05	0.0	0.0
643.552	-4.17811875e-05	0.0	0.0
643.682	-3.4890375000000006e-05	0.0	0.0
643.892	-2.2927612500000005e-05	0.0	0.0
643.852	-2.5374375000000004e-05	0.0	0.0
643.882	-2.3409018750000002e-05	0.0	0.0
644.022	-1.2438562500000002e-05	0.0	0.0
644.232	5.06536875e-06	0.0	0.0
644.192	1.70600625e-06	0.0	0.0
644.222	4.59883125e-06	0.0	0.0
644.362	1.38708375e-05	0.0	0.0
644.572	2.8197000000000005e-05	0.0	0.0
644.532	2.52013125e-05	0.0	0.0
644.562	2.7368250000000003e-05	0.0	0.0
644.692	3.11341875e-05	0.0	0.0
644.902	3.6245625000000006e-05	0.0	0.0
644.862	3.5195062500000005e-05	0.0	0.0
644.892	3.60335625e-05	0.0	0.0
645.032	3.280143750000001e-05	0.0	0.0
645.242	2.7039187500000006e-05	0.0	0.0
645.202	2.81506875e-05	0.0	0.0
645.232	2.72000625e-05	0.0	0.0
645.372	1.8781425e-05	0.0	0.0
645.582	5.31204375e-06	0.0	0.0
645.542	8.1397875e-06	0.0	0.0
645.572	6.10910625e-06	0.0	0.0
645.702	-2.9844750000000003e-06	0.0	0.0
645.912	-1.7458593750000004e-05	0.0	0.0
645.872	-1.447485e-05	0.0	0.0
645.902	-1.6838006250000003e-05	0.0	0.0
646.042	-2.27043375e-05	0.0	0.0
646.252	-3.150225e-05	0.0	0.0
646.212	-2.9800875000000003e-05	0.0	0.0
646.242	-3.1246312500000004e-05	0.0	0.0
646.382	-3.076125e-05	0.0	0.0
646.592	-2.9547375000000006e-05	0.0	0.0
646.552	-2.9803312500000004e-05	0.0	0.0
646.582	-2.9620500000000005e-05	0.0	0.0
646.712	-2.3849962500000005e-05	0.0	0.0
646.922	-1.3883025e-05	0.0	0.0
646.882	-1.594539375e-05	0.0	0.0
646.912	-1.432348125e-05	0.0	0.0
647.052	-5.837325000000001e-06	0.0	0.0
647.262	7.6932375e-06	0.0	0.0
647.222	5.064881250000001e-06	0.0	0.0
647.252	7.279350000000001e-06	0.0	0.0
647.392	1.37450625e-05	0.0	0.0
647.602	2.3667393750000004e-05	0.0	0.0
647.562	2.1568950000000003e-05	0.0	0.0
647.592	2.30543625e-05	0.0	0.0
647.722	2.4752812500000002e-05	0.0	0.0
647.932	2.6656500000000005e-05	0.0	0.0
647.892	2.62591875e-05	0.0	0.0
647.922	2.6568750000000002e-05	0.0	0.0
648.062	2.3030475e-05	0.0	0.0
648.272	1.691844375e-05	0.0	0.0
648.232	1.8110381250000002e-05	0.0	0.0
648.262	1.7113443750000003e-05	0.0	0.0
648.402	1.073889375e-05	0.0	0.0
648.612	5.8183125e-07	0.0	0.0
648.572	2.73755625e-06	0.0	0.0
648.602	1.2223331250000003e-06	0.0	0.0
648.732	-4.5162e-06	0.0	0.0
648.942	-1.3482543750000001e-05	0.0	0.0
648.902	-1.1613468750000001e-05	0.0	0.0
648.932	-1.3062562500000002e-05	0.0	0.0
649.072	-1.6052887500000003e-05	0.0	0.0
649.282	-2.0397731250000003e-05	0.0	0.0
649.242	-1.9547043750000002e-05	0.0	0.0
649.272	-2.0253431250000002e-05	0.0	0.0
649.412	-1.942858125e-05	0.0	0.0
649.622	-1.7831287500000002e-05	0.0	0.0
649.572	-1.8171318750000003e-05	0.0	0.0
649.612	-1.793390625e-05	0.0	0.0
649.742	-1.3974187500000002e-05	0.0	0.0
649.952	-7.1723437500000004e-06	0.0	0.0
649.912	-8.595356250000001e-06	0.0	0.0
649.942	-7.499700000000001e-06	0.0	0.0
650.082	-1.0589962499999999e-06	0.0	0.0
650.292	9.3015e-06	0.0	0.0
650.252	7.2652125e-06	0.0	0.0
650.282	8.943918750000002e-06	0.0	0.0
650.422	1.521170625e-05	0.0	0.0
650.632	2.49770625e-05	0.0	0.0
650.582	2.2888856250000002e-05	0.0	0.0
650.622	2.433526875e-05	0.0	0.0
650.752	2.7165937500000003e-05	0.0	0.0
650.962	3.103912500000001e-05	0.0	0.0
650.922	3.02274375e-05	0.0	0.0
650.952	3.0849e-05	0.0	0.0
651.092	2.7304875000000002e-05	0.0	0.0
651.302	2.095933125e-05	0.0	0.0
651.262	2.2211475000000004e-05	0.0	0.0
651.292	2.118650625e-05	0.0	0.0
651.432	1.1463075000000002e-05	0.0	0.0
651.642	-4.2658687500000005e-06	0.0	0.0
651.592	-8.916375e-07	0.0	0.0
651.632	-3.2133562500000003e-06	0.0	0.0
651.762	-1.4506293750000002e-05	0.0	0.0
651.972	-3.26625e-05	0.0	0.0
651.932	-2.8835625e-05	0.0	0.0
651.962	-3.1741125e-05	0.0	0.0
652.102	-3.8956125e-05	0.0	0.0
652.312	-4.967868750000001e-05	0.0	0.0
652.272	-4.7555625000000004e-05	0.0	0.0
652.302	-4.928381250000001e-05	0.0	0.0
652.442	-4.6824375000000003e-05	0.0	0.0
652.652	-4.2088312500000006e-05	0.0	0.0
652.602	-4.31145e-05	0.0	0.0
652.642	-4.241981250000001e-05	0.0	0.0
652.772	-3.1087875e-05	0.0	0.0
652.982	-1.1448693750000002e-05	0.0	0.0
652.942	-1.5514931250000003e-05	0.0	0.0
652.972	-1.23371625e-05	0.0	0.0
653.112	3.986043750000001e-06	0.0	0.0
653.322	2.9944687500000004e-05	0.0	0.0
653.272	2.4404250000000003e-05	0.0	0.0
653.312	2.8206750000000006e-05	0.0	0.0
653.442	4.0408875e-05	0.0	0.0
653.652	5.8982625e-05	0.0	0.0
653.612	5.5036312500000005e-05	0.0	0.0
653.642	5.7993000000000005e-05	0.0	0.0
653.782	5.950425000000001e-05	0.0	0.0
653.992	6.039393750000001e-05	0.0	0.0
653.952	6.021600000000001e-05	0.0	0.0
653.982	6.03598125e-05	0.0	0.0
654.122	4.92545625e-05	0.0	0.0
654.332	3.0678375000000006e-05	0.0	0.0
654.282	3.4702687500000005e-05	0.0	0.0
654.322	3.1984875000000004e-05	0.0	0.0
654.452	1.4647912500000002e-05	0.0	0.0
654.662	-1.397930625e-05	0.0	0.0
654.612	-7.88775e-06	0.0	0.0
654.652	-1.2427106250000002e-05	0.0	0.0
654.792	-2.8267687500000003e-05	0.0	0.0
655.002	-5.27743125e-05	0.0	0.0
654.962	-4.787006250000001e-05	0.0	0.0
654.992	-5.17798125e-05	0.0	0.0
655.132	-5.710575000000001e-05	0.0	0.0
655.342	-6.43426875e-05	0.0	0.0
655.292	-6.27705e-05	0.0	0.0
655.322	-6.38259375e-05	0.0	0.0
655.462	-5.725931250000001e-05	0.0	0.0
655.672	-4.4574562500000006e-05	0.0	0.0
655.622	-4.728262500000001e-05	0.0	0.0
655.662	-4.5279000000000005e-05	0.0	0.0
655.802	-2.9761875000000005e-05	0.0	0.0
656.012	-4.285612500000001e-06	0.0	0.0
655.972	-9.403143750000001e-06	0.0	0.0
656.002	-5.351775e-06	0.0	0.0
656.142	1.0175587500000002e-05	0.0	0.0
656.352	3.441750000000001e-05	0.0	0.0
656.302	2.9130562500000003e-05	0.0	0.0
656.332	3.2650312500000006e-05	0.0	0.0
656.472	4.06965e-05	0.0	0.0
656.682	5.1972375e-05	0.0	0.0
656.632	4.9556812500000004e-05	0.0	0.0
656.672	5.1331312500000005e-05	0.0	0.0
656.802	4.877193750000001e-05	0.0	0.0
657.022	4.32534375e-05	0.0	0.0
656.982	4.4367374999999996e-05	0.0	0.0
657.012	4.34923125e-05	0.0	0.0
657.152	3.2925750000000006e-05	0.0	0.0
657.362	1.5566606250000003e-05	0.0	0.0
657.312	1.9364475000000002e-05	0.0	0.0
657.342	1.685360625e-05	0.0	0.0
657.482	5.2011375e-06	0.0	0.0
657.692	-1.345865625e-05	0.0	0.0
657.642	-9.44555625e-06	0.0	0.0
657.682	-1.2374212500000002e-05	0.0	0.0
657.812	-1.9844906250000002e-05	0.0	0.0
658.032	-3.08855625e-05	0.0	0.0
657.992	-2.8650375000000004e-05	0.0	0.0
658.022	-3.03931875e-05	0.0	0.0
658.162	-3.06125625e-05	0.0	0.0
658.372	-3.01543125e-05	0.0	0.0
658.322	-3.02566875e-05	0.0	0.0
658.352	-3.0190875e-05	0.0	0.0
658.492	-2.5259812500000006e-05	0.0	0.0
658.702	-1.6423143750000003e-05	0.0	0.0
658.652	-1.833024375e-05	0.0	0.0
658.692	-1.6947937500000003e-05	0.0	0.0
658.822	-9.915018750000002e-06	0.0	0.0
659.042	1.3641956250000001e-06	0.0	0.0
659.002	-9.273225000000001e-07	0.0	0.0
659.032	8.485668750000001e-07	0.0	0.0
659.172	6.359681250000001e-06	0.0	0.0
659.382	1.4798793750000001e-05	0.0	0.0
659.332	1.29397125e-05	0.0	0.0
659.362	1.4151637500000001e-05	0.0	0.0
659.502	1.6658118750000002e-05	0.0	0.0
659.712	2.0023575e-05	0.0	0.0
659.662	1.9294762500000004e-05	0.0	0.0
659.702	1.9819312500000003e-05	0.0	0.0
659.832	1.8765825e-05	0.0	0.0
660.052	1.6580606250000004e-05	0.0	0.0
660.012	1.7026181250000003e-05	0.0	0.0
660.042	1.6683225e-05	0.0	0.0
660.182	1.223746875e-05	0.0	0.0
660.392	4.8818250000000005e-06	0.0	0.0
660.342	6.50788125e-06	0.0	0.0
660.372	5.455368750000001e-06	0.0	0.0
660.512	-6.845231250000001e-07	0.0	0.0
660.722	-1.0786912500000001e-05	0.0	0.0
660.672	-8.591456250000001e-06	0.0	0.0
660.712	-1.01609625e-05	0.0	0.0
660.842	-1.56034125e-05	0.0	0.0
661.062	-2.3994750000000003e-05	0.0	0.0
661.022	-2.2277287500000004e-05	0.0	0.0
661.052	-2.35896375e-05	0.0	0.0
661.192	-2.4843e-05	0.0	0.0
661.402	-2.6281125000000003e-05	0.0	0.0
661.352	-2.5961812500000004e-05	0.0	0.0
661.382	-2.6166562500000002e-05	0.0	0.0
661.522	-2.23016625e-05	0.0	0.0
661.732	-1.506058125e-05	0.0	0.0
661.682	-1.663959375e-05	0.0	0.0
661.722	-1.55185875e-05	0.0	0.0
661.852	-7.453143750000001e-06	0.0	0.0
662.072	5.834887500000001e-06	0.0	0.0
662.032	3.105375e-06	0.0	0.0
662.062	5.17651875e-06	0.0	0.0
662.202	1.3100343750000002e-05	0.0	0.0
662.412	2.5469437500000003e-05	0.0	0.0
662.362	2.2716525000000004e-05	0.0	0.0
662.392	2.44725e-05	0.0	0.0
662.532	2.8136062500000004e-05	0.0	0.0
662.742	3.2998875e-05	0.0	0.0
662.692	3.1936125e-05	0.0	0.0
662.732	3.2686875000000005e-05	0.0	0.0
662.862	2.9825250000000007e-05	0.0	0.0
663.082	2.4268481250000004e-05	0.0	0.0
663.042	2.5413375000000005e-05	0.0	0.0
663.072	2.45505e-05	0.0	0.0
663.212	1.6483593750000004e-05	0.0	0.0
663.422	3.19629375e-06	0.0	0.0
663.372	6.162975000000001e-06	0.0	0.0
663.402	4.2822e-06	0.0	0.0
663.542	-4.5042562500000006e-06	0.0	0.0
663.752	-1.85937375e-05	0.0	0.0
663.702	-1.55000625e-05	0.0	0.0
663.742	-1.7666512500000002e-05	0.0	0.0
663.872	-2.3145037500000002e-05	0.0	0.0
664.092	-3.1136625e-05	0.0	0.0
664.052	-2.94815625e-05	0.0	0.0
664.082	-3.07198125e-05	0.0	0.0
664.222	-2.99105625e-05	0.0	0.0
664.432	-2.7811875000000002e-05	0.0	0.0
664.382	-2.8282312500000003e-05	0.0	0.0
664.412	-2.7984937500000003e-05	0.0	0.0
664.552	-2.215663125e-05	0.0	0.0
664.762	-1.17814125e-05	0.0	0.0
664.712	-1.40673e-05	0.0	0.0
664.752	-1.2477318750000001e-05	0.0	0.0
664.882	-4.235887500000001e-06	0.0	0.0
665.102	9.047025e-06	0.0	0.0
665.052	6.288506250000001e-06	0.0	0.0
665.092	8.338200000000001e-06	0.0	0.0
665.232	1.4522625e-05	0.0	0.0
665.442	2.391675e-05	0.0	0.0
665.392	2.180563125e-05	0.0	0.0
665.422	2.31255375e-05	0.0	0.0
665.562	2.4752812500000002e-05	0.0	0.0
665.772	2.6288437500000003e-05	0.0	0.0
665.722	2.5949625e-05	0.0	0.0
665.762	2.6183625e-05	0.0	0.0
665.892	2.2656562500000003e-05	0.0	0.0
666.112	1.624471875e-05	0.0	0.0
666.062	1.75812e-05	0.0	0.0
666.102	1.6594987500000002e-05	0.0	0.0
666.232	9.96864375e-06	0.0	0.0
666.452	-8.2714125e-07	0.0	0.0
666.402	1.6070437500000001e-06	0.0	0.0
666.432	9.56499375e-08	0.0	0.0
666.572	-6.1995375e-06	0.0	0.0
666.782	-1.6109681250000003e-05	0.0	0.0
666.732	-1.391154375e-05	0.0	0.0
666.772	-1.5419625e-05	0.0	0.0
666.902	-1.8759731250000003e-05	0.0	0.0
667.122	-2.344948125e-05	0.0	0.0
667.072	-2.246960625e-05	0.0	0.0
667.112	-2.3188668750000003e-05	0.0	0.0
667.242	-2.1896550000000003e-05	0.0	0.0
667.462	-1.9220175e-05	0.0	0.0
667.412	-1.9829062500000004e-05	0.0	0.0
667.442	-1.9457343750000002e-05	0.0	0.0
667.582	-1.4665706250000001e-05	0.0	0.0
667.792	-6.2066062500000004e-06	0.0	0.0
667.742	-8.052037500000001e-06	0.0	0.0
667.782	-6.749193750000001e-06	0.0	0.0
667.912	-3.3062250000000005e-07	0.0	0.0
668.132	9.933787500000002e-06	0.0	0.0
668.082	7.631081250000001e-06	0.0	0.0
668.112	9.057506250000001e-06	0.0	0.0
668.252	1.3756031250000002e-05	0.0	0.0
668.462	2.0814056250000003e-05	0.0	0.0
668.412	1.92362625e-05	0.0	0.0
668.442	2.03048625e-05	0.0	0.0
668.582	2.113678125e-05	0.0	0.0
668.802	2.17108125e-05	0.0	0.0
668.752	2.1589912500000002e-05	0.0	0.0
668.792	2.167741875e-05	0.0	0.0
668.922	1.8102093750000002e-05	0.0	0.0
669.142	1.185185625e-05	0.0	0.0
669.092	1.3273406250000001e-05	0.0	0.0
669.122	1.2406875000000001e-05	0.0	0.0
669.262	6.6141562500000005e-06	0.0	0.0
669.472	-3.1178062500000005e-06	0.0	0.0
669.422	-9.399e-07	0.0	0.0
669.452	-2.4073968750000007e-06	0.0	0.0
669.592	-7.8560625e-06	0.0	0.0
669.812	-1.62995625e-05	0.0	0.0
669.762	-1.4516775000000003e-05	0.0	0.0
669.802	-1.579914375e-05	0.0	0.0
669.932	-1.791391875e-05	0.0	0.0
670.152	-2.071753125e-05	0.0	0.0
670.102	-2.0077931250000004e-05	0.0	0.0
670.132	-2.0465250000000002e-05	0.0	0.0
670.272	-1.8719268750000002e-05	0.0	0.0
670.482	-1.4995987500000001e-05	0.0	0.0
670.432	-1.5831806250000005e-05	0.0	0.0
670.462	-1.5272400000000003e-05	0.0	0.0
670.602	-1.0561443750000002e-05	0.0	0.0
670.822	-2.6388375000000006e-06	0.0	0.0
670.772	-4.317543750000001e-06	0.0	0.0
670.812	-3.1182937500000003e-06	0.0	0.0
670.942	1.75553625e-06	0.0	0.0
671.162	9.40606875e-06	0.0	0.0
671.112	7.65496875e-06	0.0	0.0
671.142	8.70796875e-06	0.0	0.0
671.282	1.1383856250000002e-05	0.0	0.0
671.492	1.5078375000000003e-05	0.0	0.0
671.442	1.4246212500000002e-05	0.0	0.0
671.472	1.4799525000000001e-05	0.0	0.0
671.612	1.4319825e-05	0.0	0.0
671.832	1.2960918750000001e-05	0.0	0.0
671.782	1.3250006249999999e-05	0.0	0.0
671.822	1.3045012500000002e-05	0.0	0.0
671.952	1.0161937500000001e-05	0.0	0.0
672.172	5.27596875e-06	0.0	0.0
672.122	6.39795e-06	0.0	0.0
672.152	5.72788125e-06	0.0	0.0
672.282	2.36637375e-06	0.0	0.0
672.502	-3.0841687500000004e-06	0.0	0.0
672.452	-1.8524025000000002e-06	0.0	0.0
672.482	-2.66589375e-06	0.0	0.0
672.622	-5.185537500000001e-06	0.0	0.0
672.842	-8.95951875e-06	0.0	0.0
672.792	-8.15416875e-06	0.0	0.0
672.832	-8.721618750000001e-06	0.0	0.0
672.962	-9.515268750000001e-06	0.0	0.0
673.182	-1.048783125e-05	0.0	0.0
673.132	-1.0263825000000002e-05	0.0	0.0
673.162	-1.0396668750000001e-05	0.0	0.0
673.292	-9.452625000000002e-06	0.0	0.0
673.512	-7.508231250000001e-06	0.0	0.0
673.462	-7.948931250000002e-06	0.0	0.0
673.492	-7.65984375e-06	0.0	0.0
673.632	-4.88450625e-06	0.0	0.0
673.852	-1.5996337500000002e-07	0.0	0.0
673.802	-1.171438125e-06	0.0	0.0
673.842	-4.6353937500000004e-07	0.0	0.0
673.972	3.25381875e-06	0.0	0.0
674.192	9.243731250000001e-06	0.0	0.0
674.142	7.859475e-06	0.0	0.0
674.172	8.674818750000002e-06	0.0	0.0
674.302	1.1572031250000003e-05	0.0	0.0
674.522	1.5958068750000002e-05	0.0	0.0
674.472	1.49604e-05	0.0	0.0
674.502	1.5610237500000004e-05	0.0	0.0
674.642	1.578110625e-05	0.0	0.0
674.862	1.546155e-05	0.0	0.0
674.812	1.5530287500000002e-05	0.0	0.0
674.852	1.54825125e-05	0.0	0.0
674.982	1.19925e-05	0.0	0.0
675.202	5.889731250000001e-06	0.0	0.0
675.152	7.3044562500000004e-06	0.0	0.0
675.182	6.4769250000000015e-06	0.0	0.0
675.312	8.9188125e-07	0.0	0.0
675.532	-8.54806875e-06	0.0	0.0
675.482	-6.393806250000001e-06	0.0	0.0
675.512	-7.787812500000001e-06	0.0	0.0
675.652	-1.3009912500000001e-05	0.0	0.0
675.872	-2.10868125e-05	0.0	0.0
675.822	-1.934570625e-05	0.0	0.0
675.862	-2.05476375e-05	0.0	0.0
675.992	-2.20569375e-05	0.0	0.0
676.212	-2.3768306250000006e-05	0.0	0.0
676.162	-2.3370262500000003e-05	0.0	0.0
676.192	-2.360158125e-05	0.0	0.0
676.322	-2.05647e-05	0.0	0.0
676.542	-1.449703125e-05	0.0	0.0
676.492	-1.5886162499999998e-05	0.0	0.0
676.522	-1.4993306250000001e-05	0.0	0.0
676.662	-8.263856250000001e-06	0.0	0.0
676.882	3.0483375e-06	0.0	0.0
676.832	6.016725e-07	0.0	0.0
676.872	2.279355e-06	0.0	0.0
677.002	9.009487500000002e-06	0.0	0.0
677.222	1.9550943750000004e-05	0.0	0.0
677.172	1.709199375e-05	0.0	0.0
677.202	1.85108625e-05	0.0	0.0
677.332	2.183439375e-05	0.0	0.0
677.552	2.6171437500000004e-05	0.0	0.0
677.502	2.51745e-05	0.0	0.0
677.532	2.5810687500000003e-05	0.0	0.0
677.672	2.395696875e-05	0.0	0.0
677.892	1.992826875e-05	0.0	0.0
677.842	2.0802600000000003e-05	0.0	0.0
677.872	2.020711875e-05	0.0	0.0
678.012	1.424060625e-05	0.0	0.0
678.232	4.15618125e-06	0.0	0.0
678.182	6.5156812500000005e-06	0.0	0.0
678.212	5.16335625e-06	0.0	0.0
678.342	-1.4461687500000002e-06	0.0	0.0
678.562	-1.211510625e-05	0.0	0.0
678.512	-9.65713125e-06	0.0	0.0
678.542	-1.121615625e-05	0.0	0.0
678.682	-1.5472275e-05	0.0	0.0
678.902	-2.1597225000000002e-05	0.0	0.0
678.852	-2.026366875e-05	0.0	0.0
678.882	-2.1165787500000002e-05	0.0	0.0
679.022	-2.095591875e-05	0.0	0.0
679.242	-1.98159e-05	0.0	0.0
679.192	-2.0083293750000003e-05	0.0	0.0
679.222	-1.9931193750000005e-05	0.0	0.0
679.352	-1.6182318750000002e-05	0.0	0.0
679.572	-9.243487500000001e-06	0.0	0.0
679.522	-1.0847362500000001e-05	0.0	0.0
679.552	-9.836775000000002e-06	0.0	0.0
679.692	-4.31925e-06	0.0	0.0
679.912	4.688775e-06	0.0	0.0
679.862	2.7207375000000006e-06	0.0	0.0
679.892	4.043081250000001e-06	0.0	0.0
680.032	8.433993750000002e-06	0.0	0.0
680.252	1.51090875e-05	0.0	0.0
680.202	1.3537631250000003e-05	0.0	0.0
680.232	1.4426343750000002e-05	0.0	0.0
680.362	1.6017543750000002e-05	0.0	0.0
680.582	1.7757187500000003e-05	0.0	0.0
680.532	1.735378125e-05	0.0	0.0
680.562	1.7606306250000003e-05	0.0	0.0
680.702	1.5769162500000002e-05	0.0	0.0
680.922	1.2123393750000001e-05	0.0	0.0
680.872	1.2921675e-05	0.0	0.0
680.902	1.2388106250000001e-05	0.0	0.0
681.042	8.012306250000002e-06	0.0	0.0
681.262	6.710925e-07	0.0	0.0
681.212	2.413685625e-06	0.0	0.0
681.242	1.4445600000000003e-06	0.0	0.0
681.372	-3.354e-06	0.0	0.0
681.592	-1.111524375e-05	0.0	0.0
681.542	-9.34415625e-06	0.0	0.0
681.572	-1.0484418750000002e-05	0.0	0.0
681.712	-1.365170625e-05	0.0	0.0
681.932	-1.8243468750000002e-05	0.0	0.0
681.882	-1.7167800000000002e-05	0.0	0.0
681.912	-1.7774493750000002e-05	0.0	0.0
682.042	-1.769551875e-05	0.0	0.0
682.262	-1.66447125e-05	0.0	0.0
682.212	-1.6890168750000003e-05	0.0	0.0
682.242	-1.673855625e-05	0.0	0.0
682.382	-1.3089375000000002e-05	0.0	0.0
682.602	-6.5361562500000005e-06	0.0	0.0
682.552	-7.980375e-06	0.0	0.0
682.582	-7.027556250000001e-06	0.0	0.0
682.722	-1.6202062500000002e-06	0.0	0.0
682.942	7.2028125e-06	0.0	0.0
682.892	5.109e-06	0.0	0.0
682.922	6.2716875e-06	0.0	0.0
683.052	1.0610925e-05	0.0	0.0
683.272	1.71848625e-05	0.0	0.0
683.222	1.5648018750000003e-05	0.0	0.0
683.252	1.65930375e-05	0.0	0.0
683.392	1.772355e-05	0.0	0.0
683.612	1.871878125e-05	0.0	0.0
683.562	1.8498675e-05	0.0	0.0
683.592	1.8642975000000003e-05	0.0	0.0
683.732	1.5925162500000002e-05	0.0	0.0
683.952	1.089830625e-05	0.0	0.0
683.902	1.2094875000000002e-05	0.0	0.0
683.932	1.1434800000000001e-05	0.0	0.0
684.062	6.759431250000001e-06	0.0	0.0
684.282	-1.2462450000000002e-06	0.0	0.0
684.232	6.309956250000001e-07	0.0	0.0
684.262	-5.15701875e-07	0.0	0.0
684.402	-4.90985625e-06	0.0	0.0
684.622	-1.169488125e-05	0.0	0.0
684.572	-1.0189481250000002e-05	0.0	0.0
684.602	-1.1169356250000002e-05	0.0	0.0
684.742	-1.289925e-05	0.0	0.0
684.962	-1.5072037500000002e-05	0.0	0.0
684.912	-1.4553337500000001e-05	0.0	0.0
684.942	-1.4837550000000002e-05	0.0	0.0
685.072	-1.36797375e-05	0.0	0.0
685.292	-1.0979475e-05	0.0	0.0
685.242	-1.16146875e-05	0.0	0.0
685.272	-1.1229075e-05	0.0	0.0
685.412	-8.04935625e-06	0.0	0.0
685.632	-2.6086125000000003e-06	0.0	0.0
685.582	-3.819562500000001e-06	0.0	0.0
685.612	-3.0363937500000007e-06	0.0	0.0
685.752	2.5859437500000003e-07	0.0	0.0
685.972	5.445131250000001e-06	0.0	0.0
685.922	4.203225e-06	0.0	0.0
685.952	4.8789e-06	0.0	0.0
686.082	6.9902625000000006e-06	0.0	0.0
686.302	9.9952125e-06	0.0	0.0
686.252	9.286143750000002e-06	0.0	0.0
686.282	9.71368125e-06	0.0	0.0
686.422	1.0075893749999999e-05	0.0	0.0
686.642	1.0226043750000001e-05	0.0	0.0
686.592	1.019240625e-05	0.0	0.0
686.622	1.0214100000000001e-05	0.0	0.0
686.762	8.5980375e-06	0.0	0.0
686.982	5.6457375e-06	0.0	0.0
686.932	6.354806250000001e-06	0.0	0.0
686.962	5.97163125e-06	0.0	0.0
687.092	2.8348125000000004e-06	0.0	0.0
687.312	-2.64785625e-06	0.0	0.0
687.262	-1.3503506250000002e-06	0.0	0.0
687.292	-2.1273281250000002e-06	0.0	0.0
687.432	-5.919468750000001e-06	0.0	0.0
687.652	-1.2026625000000001e-05	0.0	0.0
687.602	-1.06587e-05	0.0	0.0
687.632	-1.1531568750000001e-05	0.0	0.0
687.772	-1.3803562500000002e-05	0.0	0.0
687.992	-1.7034225e-05	0.0	0.0
687.942	-1.6256175e-05	0.0	0.0
687.972	-1.6673962500000004e-05	0.0	0.0
688.102	-1.590541875e-05	0.0	0.0
688.322	-1.3697287500000003e-05	0.0	0.0
688.272	-1.422135e-05	0.0	0.0
688.302	-1.3909593750000001e-05	0.0	0.0
688.442	-9.536962500000001e-06	0.0	0.0
688.662	-1.7502225e-06	0.0	0.0
688.612	-3.5000062500000004e-06	0.0	0.0
688.642	-2.39104125e-06	0.0	0.0
688.782	3.60823125e-06	0.0	0.0
689.002	1.337821875e-05	0.0	0.0
688.952	1.1017987500000001e-05	0.0	0.0
688.982	1.22767125e-05	0.0	0.0
689.112	1.672539375e-05	0.0	0.0
689.332	2.3289581250000002e-05	0.0	0.0
689.282	2.1726656250000002e-05	0.0	0.0
689.312	2.2650468750000002e-05	0.0	0.0
689.452	2.292346875e-05	0.0	0.0
689.672	2.223658125e-05	0.0	0.0
689.622	2.2391362500000005e-05	0.0	0.0
689.652	2.22938625e-05	0.0	0.0
689.792	1.767894375e-05	0.0	0.0
690.012	9.347812500000001e-06	0.0	0.0
689.962	1.136630625e-05	0.0	0.0
689.982	1.0296975000000001e-05	0.0	0.0
690.122	3.30013125e-06	0.0	0.0
690.342	-8.59340625e-06	0.0	0.0
690.292	-5.75323125e-06	0.0	0.0
690.322	-7.420968750000001e-06	0.0	0.0
690.462	-1.3661943750000003e-05	0.0	0.0
690.682	-2.319915e-05	0.0	0.0
690.632	-2.1042206250000002e-05	0.0	0.0
690.662	-2.2391118750000003e-05	0.0	0.0
690.802	-2.4245325e-05	0.0	0.0
691.022	-2.61616875e-05	0.0	0.0
690.972	-2.5696125000000005e-05	0.0	0.0
690.992	-2.59423125e-05	0.0	0.0
691.132	-2.2888368750000006e-05	0.0	0.0
691.352	-1.6431431250000004e-05	0.0	0.0
691.302	-1.7978025e-05	0.0	0.0
691.332	-1.7075906250000002e-05	0.0	0.0
691.472	-1.0332075e-05	0.0	0.0
691.692	1.1751431250000002e-06	0.0	0.0
691.642	-1.4354681250000002e-06	0.0	0.0
691.672	1.8635906250000002e-07	0.0	0.0
691.812	6.819393750000001e-06	0.0	0.0
692.032	1.7191931250000004e-05	0.0	0.0
691.982	1.4664e-05	0.0	0.0
692.002	1.5985125000000002e-05	0.0	0.0
692.142	1.9329618750000002e-05	0.0	0.0
692.362	2.3557218750000005e-05	0.0	0.0
692.312	2.2541756250000004e-05	0.0	0.0
692.342	2.313016875e-05	0.0	0.0
692.482	2.1735187500000004e-05	0.0	0.0
692.702	1.8288806250000002e-05	0.0	0.0
692.652	1.907319375e-05	0.0	0.0
692.682	1.858910625e-05	0.0	0.0
692.822	1.3586137500000001e-05	0.0	0.0
693.042	4.92106875e-06	0.0	0.0
692.992	7.038768750000001e-06	0.0	0.0
693.012	5.939456250000001e-06	0.0	0.0
693.152	4.28683125e-07	0.0	0.0
693.372	-8.480062500000001e-06	0.0	0.0
693.322	-6.333843750000001e-06	0.0	0.0
693.352	-7.56965625e-06	0.0	0.0
693.492	-1.10565e-05	0.0	0.0
693.712	-1.594295625e-05	0.0	0.0
693.662	-1.4827312500000002e-05	0.0	0.0
693.692	-1.5511275e-05	0.0	0.0
693.832	-1.5415968750000002e-05	0.0	0.0
694.052	-1.4442431250000001e-05	0.0	0.0
694.002	-1.4681062500000002e-05	0.0	0.0
694.022	-1.4557968750000001e-05	0.0	0.0
694.162	-1.1891587500000002e-05	0.0	0.0
694.382	-6.8186625e-06	0.0	0.0
694.332	-8.044237500000001e-06	0.0	0.0
694.362	-7.343212500000001e-06	0.0	0.0
694.502	-3.8049375000000003e-06	0.0	0.0
694.722	1.926088125e-06	0.0	0.0
694.672	6.13689375e-07	0.0	0.0
694.702	1.412945625e-06	0.0	0.0
694.842	3.6957375e-06	0.0	0.0
695.062	6.973931250000001e-06	0.0	0.0
695.012	6.168337500000001e-06	0.0	0.0
695.032	6.581006250000001e-06	0.0	0.0
695.172	6.99733125e-06	0.0	0.0
695.392	7.044131250000001e-06	0.0	0.0
695.342	7.0329187500000005e-06	0.0	0.0
695.372	7.039256250000001e-06	0.0	0.0
695.512	6.0691312500000005e-06	0.0	0.0
695.732	4.2100500000000005e-06	0.0	0.0
695.682	4.636856250000001e-06	0.0	0.0
695.712	4.378237500000001e-06	0.0	0.0
695.852	2.9445000000000004e-06	0.0	0.0
696.072	5.95554375e-07	0.0	0.0
696.022	1.1774343750000002e-06	0.0	0.0
696.042	8.842275000000002e-07	0.0	0.0
696.182	-8.0413125e-07	0.0	0.0
696.402	-3.6150562500000007e-06	0.0	0.0
696.352	-2.9440125e-06	0.0	0.0
696.382	-3.3362062500000004e-06	0.0	0.0
696.522	-5.151900000000001e-06	0.0	0.0
696.742	-8.04350625e-06	0.0	0.0
696.692	-7.3361437500000005e-06	0.0	0.0
696.712	-7.697625e-06	0.0	0.0
696.852	-8.533443750000002e-06	0.0	0.0
697.072	-9.512100000000002e-06	0.0	0.0
697.022	-9.273225000000001e-06	0.0	0.0
697.052	-9.407287500000001e-06	0.0	0.0
697.192	-8.013525e-06	0.0	0.0
697.412	-5.1416625e-06	0.0	0.0
697.362	-5.8046625000000004e-06	0.0	0.0
697.392	-5.40808125e-06	0.0	0.0
697.532	-1.7742806250000002e-06	0.0	0.0
697.752	4.507425e-06	0.0	0.0
697.702	2.9518125000000003e-06	0.0	0.0
697.722	3.7344937500000004e-06	0.0	0.0
697.862	7.8082875e-06	0.0	0.0
698.082	1.443975e-05	0.0	0.0
698.032	1.2820518750000002e-05	0.0	0.0
698.062	1.372483125e-05	0.0	0.0
698.202	1.5944175000000004e-05	0.0	0.0
698.422	1.8833099999999998e-05	0.0	0.0
698.372	1.816425e-05	0.0	0.0
698.402	1.856180625e-05	0.0	0.0
698.542	1.6922587500000002e-05	0.0	0.0
698.762	1.3349212500000002e-05	0.0	0.0
698.702	1.4236706250000001e-05	0.0	0.0
698.732	1.3793081250000002e-05	0.0	0.0
698.872	8.924175e-06	0.0	0.0
699.092	9.48991875e-09	0.0	0.0
699.042	2.19272625e-06	0.0	0.0
699.072	9.81313125e-07	0.0	0.0
699.212	-5.2338e-06	0.0	0.0
699.432	-1.5329925000000002e-05	0.0	0.0
699.382	-1.298480625e-05	0.0	0.0
699.412	-1.4369793750000002e-05	0.0	0.0
699.552	-1.8285637500000003e-05	0.0	0.0
699.772	-2.3828025000000005e-05	0.0	0.0
699.712	-2.244766875e-05	0.0	0.0
699.742	-2.3133093750000002e-05	0.0	0.0
699.882	-2.27696625e-05	0.0	0.0
700.102	-2.0631000000000003e-05	0.0	0.0
700.052	-2.115628125e-05	0.0	0.0
700.082	-2.0866706250000003e-05	0.0	0.0
700.222	-1.594003125e-05	0.0	0.0
700.442	-6.883500000000001e-06	0.0	0.0
700.392	-8.993643750000001e-06	0.0	0.0
700.422	-7.7556375e-06	0.0	0.0
700.562	-9.554025000000002e-07	0.0	0.0
700.782	1.01911875e-05	0.0	0.0
700.722	7.407562500000001e-06	0.0	0.0
700.752	8.7803625e-06	0.0	0.0
700.892	1.3872056250000001e-05	0.0	0.0
701.112	2.132934375e-05	0.0	0.0
701.062	1.9492687500000003e-05	0.0	0.0
701.092	2.0498643750000002e-05	0.0	0.0
701.232	2.1454143750000003e-05	0.0	0.0
701.452	2.16957e-05	0.0	0.0
701.402	2.1639150000000004e-05	0.0	0.0
701.432	2.167205625e-05	0.0	0.0
701.572	1.816498125e-05	0.0	0.0
701.792	1.150865625e-05	0.0	0.0
701.732	1.3175418750000002e-05	0.0	0.0
701.762	1.2358856250000002e-05	0.0	0.0
701.902	6.866437500000001e-06	0.0	0.0
702.122	-2.5647375000000003e-06	0.0	0.0
702.072	-2.3537231249999997e-07	0.0	0.0
702.102	-1.5030112500000002e-06	0.0	0.0
702.242	-6.358950000000001e-06	0.0	0.0
702.462	-1.3723368750000001e-05	0.0	0.0
702.412	-1.1997375000000001e-05	0.0	0.0
702.442	-1.2996750000000002e-05	0.0	0.0
702.582	-1.471665e-05	0.0	0.0
702.802	-1.65945e-05	0.0	0.0
702.742	-1.612284375e-05	0.0	0.0
702.772	-1.6352456250000002e-05	0.0	0.0
702.912	-1.4901168750000002e-05	0.0	0.0
703.132	-1.1451618750000002e-05	0.0	0.0
703.082	-1.2305962500000003e-05	0.0	0.0
703.102	-1.1844056250000001e-05	0.0	0.0
703.252	-8.26629375e-06	0.0	0.0
703.472	-2.0674631250000005e-06	0.0	0.0
703.422	-3.5246250000000006e-06	0.0	0.0
703.452	-2.68636875e-06	0.0	0.0
703.592	8.813512500000001e-07	0.0	0.0
703.812	6.47034375e-06	0.0	0.0
703.752	5.062931250000001e-06	0.0	0.0
703.782	5.743237500000001e-06	0.0	0.0
703.922	7.842899999999999e-06	0.0	0.0
704.142	1.06474875e-05	0.0	0.0
704.082	9.95085e-06	0.0	0.0
704.112	1.032500625e-05	0.0	0.0
704.262	1.03579125e-05	0.0	0.0
704.482	9.7929e-06	0.0	0.0
704.432	9.926231250000002e-06	0.0	0.0
704.462	9.85018125e-06	0.0	0.0
704.602	7.974281250000001e-06	0.0	0.0
704.822	4.51790625e-06	0.0	0.0
704.762	5.390531250000001e-06	0.0	0.0
704.792	4.971525e-06	0.0	0.0
704.932	2.1230381250000004e-06	0.0	0.0
705.152	-2.783625e-06	0.0	0.0
705.092	-1.5614625000000001e-06	0.0	0.0
705.122	-2.2137375e-06	0.0	0.0
705.262	-5.0122312500000005e-06	0.0	0.0
705.492	-9.372918750000001e-06	0.0	0.0
705.442	-8.341856250000001e-06	0.0	0.0
705.472	-8.927343750000001e-06	0.0	0.0
705.612	-1.0159743750000002e-05	0.0	0.0
705.832	-1.165905e-05	0.0	0.0
705.772	-1.127953125e-05	0.0	0.0
705.802	-1.1460637500000001e-05	0.0	0.0
705.942	-1.053365625e-05	0.0	0.0
706.162	-8.2212e-06	0.0	0.0
706.102	-8.7988875e-06	0.0	0.0
706.132	-8.49249375e-06	0.0	0.0
706.272	-5.55140625e-06	0.0	0.0
706.502	-3.134625e-07	0.0	0.0
706.452	-1.5557343750000003e-06	0.0	0.0
706.482	-8.5502625e-07	0.0	0.0
706.622	2.5003875000000006e-06	0.0	0.0
706.842	7.87629375e-06	0.0	0.0
706.782	6.511537500000001e-06	0.0	0.0
706.812	7.158450000000001e-06	0.0	0.0
706.952	9.1762125e-06	0.0	0.0
707.172	1.1854537500000002e-05	0.0	0.0
707.112	1.11837375e-05	0.0	0.0
707.142	1.1537175000000002e-05	0.0	0.0
707.282	1.1187150000000002e-05	0.0	0.0
707.512	9.873825e-06	0.0	0.0
707.462	1.0186312500000002e-05	0.0	0.0
707.492	1.00113e-05	0.0	0.0
707.632	7.611825e-06	0.0	0.0
707.852	3.2781937500000006e-06	0.0	0.0
707.792	4.3814062500000005e-06	0.0	0.0
707.822	3.861975e-06	0.0	0.0
707.962	1.0023243750000001e-06	0.0	0.0
708.182	-3.7001250000000004e-06	0.0	0.0
708.122	-2.5191562500000003e-06	0.0	0.0
708.152	-3.1373062500000005e-06	0.0	0.0
708.292	-5.0456250000000005e-06	0.0	0.0
708.522	-7.699331250000001e-06	0.0	0.0
708.472	-7.066312500000001e-06	0.0	0.0
708.502	-7.418775000000001e-06	0.0	0.0
708.642	-7.493850000000001e-06	0.0	0.0
708.862	-7.098975000000001e-06	0.0	0.0
708.802	-7.19964375e-06	0.0	0.0
708.832	-7.152600000000001e-06	0.0	0.0
708.972	-5.9314125000000005e-06	0.0	0.0
709.192	-3.51195e-06	0.0	0.0
709.132	-4.121325000000001e-06	0.0	0.0
709.162	-3.8044500000000005e-06	0.0	0.0
709.302	-2.15713875e-06	0.0	0.0
709.532	5.22721875e-07	0.0	0.0
709.482	-1.1839425e-07	0.0	0.0
709.512	2.3623762500000002e-07	0.0	0.0
709.652	1.45855125e-06	0.0	0.0
709.872	3.2608875000000004e-06	0.0	0.0
709.812	2.7997125e-06	0.0	0.0
709.842	3.0139687500000002e-06	0.0	0.0
709.982	3.6947625000000005e-06	0.0	0.0
710.202	4.59639375e-06	0.0	0.0
710.142	4.368731250000001e-06	0.0	0.0
710.172	4.4864625e-06	0.0	0.0
710.312	4.480125e-06	0.0	0.0
710.542	4.249537500000001e-06	0.0	0.0
710.492	4.3048687499999996e-06	0.0	0.0
710.522	4.2744e-06	0.0	0.0
710.662	3.2040937500000004e-06	0.0	0.0
710.882	1.1864775e-06	0.0	0.0
710.822	1.7065912500000003e-06	0.0	0.0
710.852	1.4688618750000003e-06	0.0	0.0
710.992	-4.710225e-07	0.0	0.0
711.212	-3.93973125e-06	0.0	0.0
711.152	-3.0763687500000002e-06	0.0	0.0
711.182	-3.5353500000000004e-06	0.0	0.0
711.322	-5.5721250000000005e-06	0.0	0.0
711.552	-8.766468750000001e-06	0.0	0.0
711.492	-7.953075e-06	0.0	0.0
711.522	-8.330156250000002e-06	0.0	0.0
711.662	-9.108693750000001e-06	0.0	0.0
711.882	-9.820443750000001e-06	0.0	0.0
711.822	-9.63958125e-06	0.0	0.0
711.852	-9.731962500000002e-06	0.0	0.0
711.992	-8.352825000000002e-06	0.0	0.0
712.222	-5.4273375e-06	0.0	0.0
712.172	-6.132506250000001e-06	0.0	0.0
712.202	-5.74933125e-06	0.0	0.0
712.342	-2.5886249999999997e-06	0.0	0.0
712.562	2.9181750000000002e-06	0.0	0.0
712.502	1.498940625e-06	0.0	0.0
712.532	2.1467306250000006e-06	0.0	0.0
712.672	5.45098125e-06	0.0	0.0
712.892	1.07537625e-05	0.0	0.0
712.832	9.40509375e-06	0.0	0.0
712.862	1.0090275e-05	0.0	0.0
713.002	1.1835037500000002e-05	0.0	0.0
713.232	1.39946625e-05	0.0	0.0
713.182	1.347255e-05	0.0	0.0
713.202	1.3754568750000002e-05	0.0	0.0
713.352	1.2682556250000003e-05	0.0	0.0
713.572	1.01307375e-05	0.0	0.0
713.512	1.079008125e-05	0.0	0.0
713.542	1.0491243750000002e-05	0.0	0.0
713.682	7.207443750000001e-06	0.0	0.0
713.902	1.0694287500000002e-06	0.0	0.0
713.842	2.6346937500000004e-06	0.0	0.0
713.872	1.8446268750000003e-06	0.0	0.0
714.012	-2.35516125e-06	0.0	0.0
714.242	-9.214481250000002e-06	0.0	0.0
714.192	-7.55161875e-06	0.0	0.0
714.212	-8.4439875e-06	0.0	0.0
714.362	-1.1249062500000001e-05	0.0	0.0
714.582	-1.5217068750000002e-05	0.0	0.0
714.522	-1.4189175000000003e-05	0.0	0.0
714.552	-1.4652056250000002e-05	0.0	0.0
714.692	-1.4794162500000002e-05	0.0	0.0
714.912	-1.3904231250000002e-05	0.0	0.0
714.852	-1.413189375e-05	0.0	0.0
714.882	-1.4017575e-05	0.0	0.0
715.022	-1.1147906250000001e-05	0.0	0.0
715.252	-5.61185625e-06	0.0	0.0
715.192	-6.957843750000001e-06	0.0	0.0
715.222	-6.2402437500000005e-06	0.0	0.0
715.372	-1.73047875e-06	0.0	0.0
715.592	5.859018750000001e-06	0.0	0.0
715.532	3.8878125e-06	0.0	0.0
715.562	4.76994375e-06	0.0	0.0
715.702	8.730881250000002e-06	0.0	0.0
715.922	1.4795137500000003e-05	0.0	0.0
715.862	1.3240256250000001e-05	0.0	0.0
715.892	1.4015137500000002e-05	0.0	0.0
716.032	1.557075e-05	0.0	0.0
716.262	1.713294375e-05	0.0	0.0
716.202	1.6751962500000002e-05	0.0	0.0
716.232	1.6953787500000003e-05	0.0	0.0
716.372	1.502304375e-05	0.0	0.0
716.602	1.0886362500000002e-05	0.0	0.0
716.542	1.1963737500000001e-05	0.0	0.0
716.572	1.1484768750000002e-05	0.0	0.0
716.712	7.039987500000001e-06	0.0	0.0
716.932	-1.10526e-06	0.0	0.0
716.872	9.886256250000003e-07	0.0	0.0
716.902	-4.8213750000000004e-08	0.0	0.0
717.042	-5.3756625e-06	0.0	0.0
717.272	-1.3999293750000001e-05	0.0	0.0
717.212	-1.189085625e-05	0.0	0.0
717.242	-1.300065e-05	0.0	0.0
717.382	-1.632320625e-05	0.0	0.0
717.612	-2.0891812500000003e-05	0.0	0.0
717.552	-1.9699143750000004e-05	0.0	0.0
717.582	-2.02258875e-05	0.0	0.0
717.722	-1.9915350000000002e-05	0.0	0.0
717.942	-1.7841525000000004e-05	0.0	0.0
717.882	-1.837606875e-05	0.0	0.0
717.912	-1.8113062500000002e-05	0.0	0.0
718.052	-1.3654875000000002e-05	0.0	0.0
718.282	-5.1772499999999994e-06	0.0	0.0
718.222	-7.255462500000001e-06	0.0	0.0
718.252	-6.16858125e-06	0.0	0.0
718.392	4.140825000000001e-07	0.0	0.0
718.622	1.1435531250000001e-05	0.0	0.0
718.562	8.550750000000001e-06	0.0	0.0
718.592	9.816300000000001e-06	0.0	0.0
718.732	1.5258506250000002e-05	0.0	0.0
718.952	2.339975625e-05	0.0	0.0
718.892	2.129595e-05	0.0	0.0
718.922	2.2324575e-05	0.0	0.0
719.062	2.3815106250000004e-05	0.0	0.0
719.292	2.4657750000000003e-05	0.0	0.0
719.232	2.4450562500000003e-05	0.0	0.0
719.262	2.45578125e-05	0.0	0.0
719.402	2.0813568750000003e-05	0.0	0.0
719.632	1.3214418750000003e-05	0.0	0.0
719.572	1.520878125e-05	0.0	0.0
719.602	1.4339568750000002e-05	0.0	0.0
719.742	7.34589375e-06	0.0	0.0
719.962	-5.187487500000001e-06	0.0	0.0
719.902	-1.940055e-06	0.0	0.0
719.932	-3.5175562500000003e-06	0.0	0.0
720.072	-1.0845168750000002e-05	0.0	0.0
720.302	-2.236381875e-05	0.0	0.0
720.242	-1.9524375000000004e-05	0.0	0.0
720.272	-2.0990287500000004e-05	0.0	0.0
720.412	-2.4506625000000005e-05	0.0	0.0
720.642	-2.875275e-05	0.0	0.0
720.582	-2.7636375e-05	0.0	0.0
720.612	-2.8119000000000003e-05	0.0	0.0
720.752	-2.63274375e-05	0.0	0.0
720.972	-2.1133368750000006e-05	0.0	0.0
720.912	-2.2483012500000002e-05	0.0	0.0
720.942	-2.183146875e-05	0.0	0.0
721.082	-1.5104212500000001e-05	0.0	0.0
721.312	-2.7960562500000005e-06	0.0	0.0
721.252	-5.838543750000001e-06	0.0	0.0
721.282	-4.278056250000001e-06	0.0	0.0
721.422	3.7527750000000003e-06	0.0	0.0
721.652	1.6767075000000002e-05	0.0	0.0
721.592	1.3334587500000002e-05	0.0	0.0
721.622	1.4810981250000001e-05	0.0	0.0
721.752	2.013204375e-05	0.0	0.0
721.982	2.7360937500000004e-05	0.0	0.0
721.922	2.5476750000000003e-05	0.0	0.0
721.952	2.6381062500000005e-05	0.0	0.0
722.092	2.6420062500000002e-05	0.0	0.0
722.322	2.4496875e-05	0.0	0.0
722.262	2.4972187500000004e-05	0.0	0.0
722.292	2.4730875000000002e-05	0.0	0.0
722.432	1.96009125e-05	0.0	0.0
722.662	9.8460375e-06	0.0	0.0
722.602	1.24254e-05	0.0	0.0
722.632	1.1323162500000001e-05	0.0	0.0
722.762	4.2251625000000006e-06	0.0	0.0
722.992	-7.882631250000002e-06	0.0	0.0
722.932	-4.72119375e-06	0.0	0.0
722.962	-6.2278125e-06	0.0	0.0
723.102	-1.2017118750000002e-05	0.0	0.0
723.332	-2.050400625e-05	0.0	0.0
723.272	-1.839459375e-05	0.0	0.0
723.302	-1.946270625e-05	0.0	0.0
723.442	-2.0943975000000003e-05	0.0	0.0
723.672	-2.1823425000000004e-05	0.0	0.0
723.612	-2.15904e-05	0.0	0.0
723.642	-2.16893625e-05	0.0	0.0
723.772	-1.902200625e-05	0.0	0.0
724.002	-1.2970425000000002e-05	0.0	0.0
723.942	-1.4554556250000003e-05	0.0	0.0
723.972	-1.380429375e-05	0.0	0.0
724.112	-8.52759375e-06	0.0	0.0
724.342	6.166387499999999e-07	0.0	0.0
724.282	-1.6621556250000002e-06	0.0	0.0
724.312	-5.15555625e-07	0.0	0.0
724.452	4.233206250000001e-06	0.0	0.0
724.682	1.1478675e-05	0.0	0.0
724.622	9.553293750000002e-06	0.0	0.0
724.652	1.0365225e-05	0.0	0.0
724.782	1.2555318750000003e-05	0.0	0.0
725.012	1.48877625e-05	0.0	0.0
724.952	1.4275462500000002e-05	0.0	0.0
724.982	1.4563575000000002e-05	0.0	0.0
725.122	1.361855625e-05	0.0	0.0
725.352	1.099873125e-05	0.0	0.0
725.292	1.1652956250000002e-05	0.0	0.0
725.322	1.132535625e-05	0.0	0.0
725.462	8.3230875e-06	0.0	0.0
725.692	2.9518125000000003e-06	0.0	0.0
725.632	4.389206250000001e-06	0.0	0.0
725.652	3.7927500000000002e-06	0.0	0.0
725.792	5.678887500000001e-07	0.0	0.0
726.022	-4.634175e-06	0.0	0.0
725.962	-3.28745625e-06	0.0	0.0
725.992	-3.93924375e-06	0.0	0.0
726.132	-6.117637500000001e-06	0.0	0.0
726.362	-9.13794375e-06	0.0	0.0
726.302	-8.339175000000001e-06	0.0	0.0
726.332	-8.675062500000002e-06	0.0	0.0
726.462	-9.14525625e-06	0.0	0.0
726.692	-9.160856250000001e-06	0.0	0.0
726.632	-9.1567125e-06	0.0	0.0
726.662	-9.158662500000002e-06	0.0	0.0
726.802	-7.83436875e-06	0.0	0.0
727.032	-5.082675e-06	0.0	0.0
726.972	-5.7732187500000005e-06	0.0	0.0
727.002	-5.43148125e-06	0.0	0.0
727.142	-2.8596750000000003e-06	0.0	0.0
727.372	1.62625125e-06	0.0	0.0
727.312	4.2627e-07	0.0	0.0
727.332	9.235200000000001e-07	0.0	0.0
727.472	3.6867187500000003e-06	0.0	0.0
727.702	8.18536875e-06	0.0	0.0
727.642	6.996600000000001e-06	0.0	0.0
727.672	7.546500000000001e-06	0.0	0.0
727.812	9.380475000000001e-06	0.0	0.0
728.042	1.1865262500000002e-05	0.0	0.0
727.982	1.1240043750000002e-05	0.0	0.0
728.012	1.1547168750000001e-05	0.0	0.0
728.152	1.121469375e-05	0.0	0.0
728.382	9.898443750000001e-06	0.0	0.0
728.322	1.0251393750000001e-05	0.0	0.0
728.342	1.010611875e-05	0.0	0.0
728.482	7.4665500000000005e-06	0.0	0.0
728.712	2.1423187500000003e-06	0.0	0.0
728.652	3.55265625e-06	0.0	0.0
728.682	2.9042812500000003e-06	0.0	0.0
728.822	-1.59861e-06	0.0	0.0
729.052	-9.39729375e-06	0.0	0.0
728.992	-7.429500000000001e-06	0.0	0.0
729.022	-8.390362500000001e-06	0.0	0.0
729.162	-1.2591881250000003e-05	0.0	0.0
729.392	-1.9073925000000002e-05	0.0	0.0
729.332	-1.733135625e-05	0.0	0.0
729.352	-1.80438375e-05	0.0	0.0
729.492	-1.960895625e-05	0.0	0.0
729.722	-2.0784074999999998e-05	0.0	0.0
729.662	-2.0472075000000005e-05	0.0	0.0
729.692	-2.0614668750000004e-05	0.0	0.0
729.832	-1.7566575e-05	0.0	0.0
730.062	-1.084078125e-05	0.0	0.0
730.002	-1.254215625e-05	0.0	0.0
730.032	-1.1716575e-05	0.0	0.0
730.172	-4.4308875e-06	0.0	0.0
730.402	8.609737499999999e-06	0.0	0.0
730.342	5.09559375e-06	0.0	0.0
730.362	6.523237500000001e-06	0.0	0.0
730.502	1.475686875e-05	0.0	0.0
730.732	2.82920625e-05	0.0	0.0
730.672	2.46894375e-05	0.0	0.0
730.702	2.6325000000000003e-05	0.0	0.0
730.842	3.12999375e-05	0.0	0.0
731.072	3.7600875e-05	0.0	0.0
731.012	3.6001875e-05	0.0	0.0
731.042	3.6772125e-05	0.0	0.0
731.182	3.43005e-05	0.0	0.0
731.412	2.75705625e-05	0.0	0.0
731.352	2.9388937500000005e-05	0.0	0.0
731.372	2.865525e-05	0.0	0.0
731.512	1.9166793750000002e-05	0.0	0.0
731.742	6.077662500000001e-07	0.0	0.0
731.682	5.56066875e-06	0.0	0.0
731.712	3.326943750000001e-06	0.0	0.0
731.852	-1.0193625000000002e-05	0.0	0.0
732.082	-3.28965e-05	0.0	0.0
732.022	-2.71245e-05	0.0	0.0
732.052	-2.9888625000000006e-05	0.0	0.0
732.192	-3.9862875e-05	0.0	0.0
732.422	-5.41125e-05	0.0	0.0
732.362	-5.025393750000001e-05	0.0	0.0
732.382	-5.1801750000000006e-05	0.0	0.0
732.522	-5.2737750000000005e-05	0.0	0.0
732.752	-4.9693312500000005e-05	0.0	0.0
732.692	-5.050743750000001e-05	0.0	0.0
732.722	-5.0144250000000004e-05	0.0	0.0
732.862	-3.95338125e-05	0.0	0.0
733.092	-1.811525625e-05	0.0	0.0
733.032	-2.357623125e-05	0.0	0.0
733.062	-2.0976637500000004e-05	0.0	0.0
733.202	-3.4822125000000003e-06	0.0	0.0
733.432	2.6532187500000006e-05	0.0	0.0
733.372	1.8379724999999998e-05	0.0	0.0
733.392	2.162184375e-05	0.0	0.0
733.532	3.7071937500000006e-05	0.0	0.0
733.762	6.0501187500000005e-05	0.0	0.0
733.702	5.42416875e-05	0.0	0.0
733.732	5.70496875e-05	0.0	0.0
733.872	6.245606250000001e-05	0.0	0.0
734.102	6.65754375e-05	0.0	0.0
734.042	6.551025e-05	0.0	0.0
734.072	6.60001875e-05	0.0	0.0
734.212	5.751037500000001e-05	0.0	0.0
734.442	0.0	0.0	0.0
734.382	4.359225000000001e-05	0.0	0.0
734.412	4.1354625e-05	0.0	0.0
734.552	0.0	0.0	0.0