6000			
0.02	-2.25867E-05	-1.89303E-05	0
0.04	-2.39357E-05	-1.82136E-05	0
0.06	-2.52762E-05	-1.74178E-05	0
0.08	-2.6604E-05	-1.65419E-05	0
0.1	-2.79152E-05	-1.5585E-05	0
0.12	-2.92053E-05	-1.45462E-05	0
0.14	-3.047E-05	-1.3425E-05	0
0.16	-3.17049E-05	-1.22212E-05	0
0.18	-3.29053E-05	-1.09346E-05	0
0.2	-3.40666E-05	-9.56531E-06	0
0.22	-3.51839E-05	-8.1136E-06	0
0.24	-3.62525E-05	-6.58008E-06	0
0.26	-3.72675E-05	-4.96555E-06	0
0.28	-3.82238E-05	-3.27109E-06	0
0.3	-3.91166E-05	-1.49804E-06	0
0.32	-3.99407E-05	3.52016E-07	0
0.34	-4.06911E-05	2.27719E-06	0
0.36	-4.13628E-05	4.27532E-06	0
0.38	-4.19507E-05	6.34397E-06	0
0.4	-4.24499E-05	8.48039E-06	0
0.42	-4.28553E-05	1.06816E-05	0
0.44	-4.31621E-05	1.29441E-05	0
0.46	-4.33653E-05	1.52644E-05	0
0.48	-4.34603E-05	1.76386E-05	0
0.5	-4.34424E-05	2.00623E-05	0
0.52	-4.3307E-05	2.2531E-05	0
0.54	-4.30498E-05	2.50399E-05	0
0.56	-4.26665E-05	2.75837E-05	0
0.58	-4.2153E-05	3.01571E-05	0
0.6	-4.15055E-05	3.27542E-05	0
0.62	-4.07204E-05	3.53689E-05	0
0.64	-3.97941E-05	3.7995E-05	0
0.66	-3.87236E-05	4.06257E-05	0
0.68	-3.75058E-05	4.32541E-05	0
0.7	-3.61382E-05	4.58731E-05	0
0.72	-3.46184E-05	4.84752E-05	0
0.74	-3.29443E-05	5.10525E-05	0
0.76	-3.11145E-05	5.35973E-05	0
0.78	-2.91274E-05	5.61014E-05	0
0.8	-2.69822E-05	5.85562E-05	0
0.82	-2.46784E-05	6.09533E-05	0
0.84	-2.22158E-05	6.32838E-05	0
0.86	-1.95946E-05	6.55388E-05	0
0.88	-1.68157E-05	6.77093E-05	0
0.9	-1.38803E-05	6.97859E-05	0
0.92	-1.07899E-05	7.17593E-05	0
0.94	-7.54679E-06	7.36201E-05	0
0.96	-4.15359E-06	7.53588E-05	0
0.98	-6.13473E-07	7.69659E-05	0
1	3.06987E-06	7.84317E-05	0
1.02	6.89222E-06	7.97468E-05	0
1.04	1.08488E-05	8.09016E-05	0
1.06	1.49343E-05	8.18866E-05	0
1.08	1.91427E-05	8.26925E-05	0
1.1	2.34678E-05	8.331E-05	0
1.12	2.79024E-05	8.373E-05	0
1.14	3.24389E-05	8.39436E-05	0
1.16	3.70692E-05	8.3942E-05	0
1.18	4.17846E-05	8.37168E-05	0
1.2	4.65757E-05	8.32597E-05	0
1.22	5.14326E-05	8.25628E-05	0
1.24	5.6345E-05	8.16186E-05	0
1.26	6.13016E-05	8.04199E-05	0
1.28	6.62912E-05	7.89599E-05	0
1.3	7.13014E-05	7.72322E-05	0
1.32	7.63197E-05	7.52311E-05	0
1.34	8.1333E-05	7.29511E-05	0
1.36	8.63276E-05	7.03874E-05	0
1.38	9.12894E-05	6.75359E-05	0
1.4	9.62038E-05	6.43929E-05	0
1.42	0.000101056	6.09554E-05	0
1.44	0.00010583	5.72212E-05	0
1.46	0.00011051	5.31887E-05	0
1.48	0.000115081	4.88571E-05	0
1.5	0.000119526	4.42263E-05	0
1.52	0.000123827	3.92971E-05	0
1.54	0.000127968	3.40711E-05	0
1.56	0.000131931	2.85507E-05	0
1.58	0.0001357	2.27393E-05	0
1.6	0.000139256	1.66412E-05	0
1.62	0.000142581	1.02615E-05	0
1.64	0.000145659	3.60642E-06	0
1.66	0.00014847	-3.31693E-06	0
1.68	0.000150998	-1.05004E-05	0
1.7	0.000153224	-1.79349E-05	0
1.72	0.000155132	-2.56102E-05	0
1.74	0.000156703	-3.35151E-05	0
1.76	0.000157921	-4.16374E-05	0
1.78	0.000158768	-4.99637E-05	0
1.8	0.000159228	-5.84797E-05	0
1.82	0.000159286	-6.717E-05	0
1.84	0.000158925	-7.6018E-05	0
1.86	0.000158131	-8.50064E-05	0
1.88	0.000156888	-9.41163E-05	0
1.9	0.000155184	-0.000103328	0
1.92	0.000153005	-0.000112622	0
1.94	0.000150339	-0.000121975	0
1.96	0.000147174	-0.000131366	0
1.98	0.000143499	-0.00014077	0
2	0.000139306	-0.000150163	0
2.02	0.000134585	-0.00015952	0
2.04	0.000129329	-0.000168815	0
2.06	0.000123531	-0.00017802	0
2.08	0.000117188	-0.000187107	0
2.1	0.000110293	-0.000196049	0
2.12	0.000102846	-0.000204815	0
2.14	9.4845E-05	-0.000213376	0
2.16	8.62901E-05	-0.000221701	0
2.18	7.71832E-05	-0.00022976	0
2.2	6.75277E-05	-0.00023752	0
2.22	5.73285E-05	-0.000244951	0
2.24	4.65923E-05	-0.000252019	0
2.26	3.53271E-05	-0.000258693	0
2.28	2.35431E-05	-0.00026494	0
2.3	1.1252E-05	-0.000270727	0
2.32	-1.53281E-06	-0.000276022	0
2.34	-1.47958E-05	-0.000280792	0
2.36	-2.85199E-05	-0.000285006	0
2.38	-4.26859E-05	-0.00028863	0
2.4	-5.7273E-05	-0.000291634	0
2.42	-7.22581E-05	-0.000293987	0
2.44	-8.76166E-05	-0.000295657	0
2.46	-0.000103322	-0.000296615	0
2.48	-0.000119345	-0.000296832	0
2.5	-0.000135656	-0.000296279	0
2.52	-0.000152221	-0.00029493	0
2.54	-0.000169008	-0.000292758	0
2.56	-0.000185979	-0.00028974	0
2.58	-0.000203097	-0.00028585	0
2.6	-0.000220322	-0.000281068	0
2.62	-0.000237612	-0.000275372	0
2.64	-0.000254925	-0.000268744	0
2.66	-0.000272214	-0.000261168	0
2.68	-0.000289435	-0.000252628	0
2.7	-0.000306538	-0.00024311	0
2.72	-0.000323475	-0.000232605	0
2.74	-0.000340195	-0.000221103	0
2.76	-0.000356646	-0.000208598	0
2.78	-0.000372773	-0.000195087	0
2.8	-0.000388524	-0.000180567	0
2.82	-0.000403843	-0.00016504	0
2.84	-0.000418674	-0.00014851	0
2.86	-0.000432959	-0.000130984	0
2.88	-0.000446641	-0.000112471	0
2.9	-0.000459662	-9.29847E-05	0
2.92	-0.000471964	-7.25399E-05	0
2.94	-0.000483488	-5.11557E-05	0
2.96	-0.000494176	-2.8854E-05	0
2.98	-0.000503969	-5.66011E-06	0
3	-0.000512808	1.83975E-05	0
3.02	-0.000520636	4.32871E-05	0
3.04	-0.000527396	6.89735E-05	0
3.06	-0.00053303	9.54181E-05	0
3.08	-0.000537484	0.000122579	0
3.1	-0.000540703	0.000150411	0
3.12	-0.000542633	0.000178865	0
3.14	-0.000543224	0.000207889	0
3.16	-0.000542425	0.000237428	0
3.18	-0.000540188	0.000267422	0
3.2	-0.000536467	0.000297809	0
3.22	-0.000531219	0.000328525	0
3.24	-0.000524402	0.0003595	0
3.26	-0.000515978	0.000390662	0
3.28	-0.000505912	0.000421936	0
3.3	-0.000494169	0.000453246	0
3.32	-0.000480722	0.000484509	0
3.34	-0.000465545	0.000515643	0
3.36	-0.000448614	0.000546561	0
3.38	-0.000429912	0.000577175	0
3.4	-0.000409425	0.000607394	0
3.42	-0.000387142	0.000637124	0
3.44	-0.000363058	0.000666271	0
3.46	-0.000337171	0.000694738	0
3.48	-0.000309485	0.000722426	0
3.5	-0.000280009	0.000749235	0
3.52	-0.000248755	0.000775063	0
3.54	-0.000215742	0.00079981	0
3.56	-0.000180994	0.000823371	0
3.58	-0.000144541	0.000845643	0
3.6	-0.000106417	0.000866523	0
3.62	-6.6662E-05	0.000885906	0
3.64	-2.5323E-05	0.00090369	0
3.66	1.75485E-05	0.000919772	0
3.68	6.18947E-05	0.000934049	0
3.7	0.000107652	0.000946422	0
3.72	0.000154751	0.00095679	0
3.74	0.000203115	0.000965057	0
3.76	0.000252664	0.000971126	0
3.78	0.00030331	0.000974906	0
3.8	0.000354959	0.000976306	0
3.82	0.000407513	0.000975238	0
3.84	0.000460865	0.000971621	0
3.86	0.000514906	0.000965374	0
3.88	0.000569519	0.000956421	0
3.9	0.000624581	0.000944691	0
3.92	0.000679965	0.000930118	0
3.94	0.000735538	0.000912642	0
3.96	0.000791164	0.000892206	0
3.98	0.000846698	0.000868761	0
4	0.000901993	0.000842263	0
4.02	0.000956898	0.000812675	0
4.04	0.001011257	0.000779967	0
4.06	0.001064909	0.000744117	0
4.08	0.001117691	0.000705107	0
4.1	0.001169437	0.000662931	0
4.12	0.001219975	0.000617589	0
4.14	0.001269134	0.000569088	0
4.16	0.001316738	0.000517447	0
4.18	0.00136261	0.000462691	0
4.2	0.001406573	0.000404854	0
4.22	0.001448446	0.000343981	0
4.24	0.001488051	0.000280125	0
4.26	0.001525205	0.00021335	0
4.28	0.00155973	0.000143727	0
4.3	0.001591445	7.13416E-05	0
4.32	0.001620174	-3.71525E-06	0
4.34	0.00164574	-8.134E-05	0
4.36	0.001667968	-0.000161419	0
4.38	0.001686687	-0.00024383	0
4.4	0.001701731	-0.000328438	0
4.42	0.001712934	-0.0004151	0
4.44	0.001720138	-0.000503661	0
4.46	0.001723188	-0.000593957	0
4.48	0.001721935	-0.000685814	0
4.5	0.001716238	-0.000779047	0
4.52	0.00170596	-0.000873461	0
4.54	0.001690973	-0.000968854	0
4.56	0.001671158	-0.001065013	0
4.58	0.001646401	-0.001161714	0
4.6	0.001616601	-0.001258727	0
4.62	0.001581664	-0.001355811	0
4.64	0.001541509	-0.00145272	0
4.66	0.001496062	-0.001549198	0
4.68	0.001445264	-0.00164498	0
4.7	0.001389067	-0.001739798	0
4.72	0.001327433	-0.001833375	0
4.74	0.001260341	-0.001925428	0
4.76	0.00118778	-0.002015669	0
4.78	0.001109754	-0.002103805	0
4.8	0.001026282	-0.00218954	0
4.82	0.000937397	-0.002272572	0
4.84	0.000843148	-0.002352599	0
4.86	0.000743599	-0.002429314	0
4.88	0.000638829	-0.00250241	0
4.9	0.000528935	-0.00257158	0
4.92	0.000414029	-0.002636514	0
4.94	0.000294241	-0.002696907	0
4.96	0.000169716	-0.002752452	0
4.98	4.0618E-05	-0.002802846	0
5	-9.28727E-05	-0.002847791	0
5.02	-0.000230558	-0.002886991	0
5.04	-0.000372223	-0.002920155	0
5.06	-0.000517635	-0.002947002	0
5.08	-0.000666545	-0.002967252	0
5.1	-0.000818685	-0.002980639	0
5.12	-0.00097377	-0.002986902	0
5.14	-0.001131501	-0.002985791	0
5.16	-0.00129156	-0.002977069	0
5.18	-0.001453611	-0.002960508	0
5.2	-0.001617306	-0.002935895	0
5.22	-0.001782279	-0.002903029	0
5.24	-0.001948148	-0.002861726	0
5.26	-0.002114519	-0.002811817	0
5.28	-0.002280982	-0.002753148	0
5.3	-0.002447113	-0.002685586	0
5.32	-0.002612477	-0.002609015	0
5.34	-0.002776626	-0.002523337	0
5.36	-0.002939101	-0.002428477	0
5.38	-0.003099431	-0.00232438	0
5.4	-0.003257138	-0.002211014	0
5.42	-0.003411735	-0.002088367	0
5.44	-0.003562724	-0.001956456	0
5.46	-0.003709605	-0.001815317	0
5.48	-0.003851869	-0.001665013	0
5.5	-0.003989005	-0.001505635	0
5.52	-0.004120499	-0.001337296	0
5.54	-0.004245832	-0.001160139	0
5.56	-0.004364487	-0.000974333	0
5.58	-0.004475948	-0.000780074	0
5.6	-0.0045797	-0.000577589	0
5.62	-0.004675232	-0.00036713	0
5.64	-0.004762038	-0.000148979	0
5.66	-0.004839618	7.65538E-05	0
5.68	-0.004907479	0.000309128	0
5.7	-0.00496514	0.000548376	0
5.72	-0.005012129	0.0007939	0
5.74	-0.005047987	0.001045275	0
5.76	-0.00507227	0.001302045	0
5.78	-0.005084548	0.001563729	0
5.8	-0.005084411	0.001829815	0
5.82	-0.005071465	0.002099767	0
5.84	-0.005045338	0.002373019	0
5.86	-0.005005681	0.00264898	0
5.88	-0.004952168	0.002927035	0
5.9	-0.004884498	0.003206542	0
5.92	-0.004802398	0.003486836	0
5.94	-0.004705622	0.00376723	0
5.96	-0.004593955	0.004047014	0
5.98	-0.004467214	0.004325458	0
6	-0.004325249	0.004601813	0
6.02	-0.004167942	0.004875313	0
6.04	-0.003995214	0.005145172	0
6.06	-0.00380702	0.005410593	0
6.08	-0.003603357	0.005670763	0
6.1	-0.003384258	0.005924859	0
6.12	-0.003149799	0.006172046	0
6.14	-0.002900096	0.006411483	0
6.16	-0.002635309	0.006642323	0
6.18	-0.00235564	0.006863711	0
6.2	-0.002061337	0.007074796	0
6.22	-0.001752693	0.007274722	0
6.24	-0.001430045	0.007462638	0
6.26	-0.001093779	0.007637696	0
6.28	-0.000744324	0.007799056	0
6.3	-0.00038216	0.007945888	0
6.32	-7.81039E-06	0.008077371	0
6.34	0.000378151	0.008192701	0
6.36	0.000775105	0.008291089	0
6.38	0.001182386	0.008371766	0
6.4	0.001599279	0.008433985	0
6.42	0.002025025	0.008477023	0
6.44	0.002458819	0.008500184	0
6.46	0.002899811	0.008502801	0
6.48	0.003347105	0.008484241	0
6.5	0.003799764	0.008443904	0
6.52	0.004256809	0.008381229	0
6.54	0.004717217	0.008295694	0
6.56	0.00517993	0.008186819	0
6.58	0.005643848	0.008054171	0
6.6	0.006107839	0.007897363	0
6.62	0.006570732	0.007716059	0
6.64	0.007031327	0.007509974	0
6.66	0.007488393	0.007278878	0
6.68	0.00794067	0.0070226	0
6.7	0.008386874	0.006741025	0
6.72	0.008825697	0.006434101	0
6.74	0.009255811	0.006101837	0
6.76	0.009675869	0.00574431	0
6.78	0.010084512	0.005361661	0
6.8	0.010480369	0.004954099	0
6.82	0.010862058	0.004521905	0
6.84	0.011228195	0.004065429	0
6.86	0.011577393	0.003585094	0
6.88	0.011908267	0.003081395	0
6.9	0.012219438	0.002554904	0
6.92	0.012509537	0.002006265	0
6.94	0.012777205	0.001436198	0
6.96	0.013021103	0.0008455	0
6.98	0.013239912	0.000235043	0
7	0.013432337	-0.000394225	0
7.02	0.013597112	-0.001041281	0
7.04	0.013733006	-0.001705025	0
7.06	0.013838822	-0.002384283	0
7.08	0.013913407	-0.003077808	0
7.1	0.013955651	-0.003784279	0
7.12	0.013964496	-0.004502305	0
7.14	0.013938936	-0.005230423	0
7.16	0.013878023	-0.005967103	0
7.18	0.013780873	-0.006710749	0
7.2	0.013646665	-0.007459699	0
7.22	0.01347465	-0.00821223	0
7.24	0.013264154	-0.008966562	0
7.26	0.013014577	-0.009720854	0
7.28	0.012725405	-0.010473217	0
7.3	0.012396207	-0.011221707	0
7.32	0.012026642	-0.011964338	0
7.34	0.011616461	-0.012699078	0
7.36	0.011165509	-0.013423859	0
7.38	0.010673732	-0.014136575	0
7.4	0.010141177	-0.014835094	0
7.42	0.009567996	-0.015517256	0
7.44	0.008954448	-0.01618088	0
7.46	0.008300899	-0.01682377	0
7.48	0.007607831	-0.017443721	0
7.5	0.006875837	-0.01803852	0
7.52	0.006105625	-0.018605955	0
7.54	0.005298022	-0.019143821	0
7.56	0.004453971	-0.019649923	0
7.58	0.003574536	-0.020122087	0
7.6	0.002660898	-0.020558158	0
7.62	0.001714361	-0.020956014	0
7.64	0.000736347	-0.02131357	0
7.66	-0.000271602	-0.021628779	0
7.68	-0.001307823	-0.021899648	0
7.7	-0.002370536	-0.022124237	0
7.72	-0.003457844	-0.022300667	0
7.74	-0.004567734	-0.022427129	0
7.76	-0.005698078	-0.022501888	0
7.78	-0.006846639	-0.022523292	0
7.8	-0.008011068	-0.022489774	0
7.82	-0.009188912	-0.022399864	0
7.84	-0.010377616	-0.022252192	0
7.86	-0.011574523	-0.022045496	0
7.88	-0.012776883	-0.021778624	0
7.9	-0.013981855	-0.021450548	0
7.92	-0.015186512	-0.021060361	0
7.94	-0.016387845	-0.020607291	0
7.96	-0.017582771	-0.020090699	0
7.98	-0.018768136	-0.01951009	0
8	-0.019940724	-0.018865118	0
8.02	-0.021097258	-0.018155586	0
8.04	-0.022234415	-0.017381455	0
8.06	-0.023348826	-0.016542848	0
8.08	-0.024437085	-0.015640054	0
8.1	-0.02549576	-0.01467353	0
8.12	-0.026521397	-0.013643907	0
8.14	-0.02751053	-0.01255199	0
8.16	-0.028459689	-0.011398765	0
8.18	-0.029365409	-0.010185399	0
8.2	-0.030224239	-0.008913239	0
8.22	-0.03103275	-0.007583822	0
8.24	-0.031787547	-0.006198865	0
8.26	-0.032485276	-0.004760276	0
8.28	-0.033122634	-0.003270148	0
8.3	-0.033696378	-0.00173076	0
8.32	-0.034203339	-0.000144579	0
8.34	-0.034640427	0.001485747	0
8.36	-0.035004644	0.003157384	0
8.38	-0.035293092	0.004867318	0
8.4	-0.035502986	0.006612358	0
8.42	-0.035631659	0.008389138	0
8.44	-0.03567658	0.010194122	0
8.46	-0.035635356	0.012023605	0
8.48	-0.035505746	0.013873723	0
8.5	-0.035285668	0.015740456	0
8.52	-0.034973214	0.017619632	0
8.54	-0.034566654	0.019506938	0
8.56	-0.034064445	0.021397922	0
8.58	-0.033465246	0.023288006	0
8.6	-0.032767919	0.025172488	0
8.62	-0.031971543	0.027046557	0
8.64	-0.03107542	0.028905298	0
8.66	-0.030079082	0.030743703	0
8.68	-0.028982299	0.032556681	0
8.7	-0.027785087	0.034339068	0
8.72	-0.026487712	0.036085641	0
8.74	-0.025090699	0.037791126	0
8.76	-0.023594834	0.039450211	0
8.78	-0.022001173	0.041057561	0
8.8	-0.020311042	0.042607826	0
8.82	-0.018526045	0.044095659	0
8.84	-0.016648064	0.045515728	0
8.86	-0.014679262	0.046862727	0
8.88	-0.012622088	0.048131394	0
8.9	-0.010479274	0.049316523	0
8.92	-0.00825384	0.050412981	0
8.94	-0.005949087	0.051415719	0
8.96	-0.003568605	0.052319792	0
8.98	-0.001116265	0.053120369	0
9	0.001403782	0.053812751	0
9.02	0.003987106	0.054392386	0
9.04	0.006629007	0.054854886	0
9.06	0.009324513	0.055196038	0
9.08	0.01206839	0.055411822	0
9.1	0.014855149	0.055498427	0
9.12	0.017679049	0.055452262	0
9.14	0.020534109	0.055269977	0
9.16	0.023414116	0.054948471	0
9.18	0.026312634	0.054484911	0
9.2	0.029223013	0.053876744	0
9.22	0.032138403	0.053121709	0
9.24	0.035051766	0.052217856	0
9.26	0.037955886	0.051163552	0
9.28	0.040843385	0.049957495	0
9.3	0.043706738	0.04859873	0
9.32	0.046538285	0.047086656	0
9.34	0.04933025	0.045421036	0
9.36	0.052074758	0.043602011	0
9.38	0.054763848	0.041630105	0
9.4	0.057389495	0.039506236	0
9.42	0.059943626	0.037231721	0
9.44	0.062418141	0.034808288	0
9.46	0.064804933	0.032238075	0
9.48	0.067095905	0.029523641	0
9.5	0.069282994	0.026667967	0
9.52	0.071358188	0.02367446	0
9.54	0.073313554	0.020546955	0
9.56	0.075141253	0.017289715	0
9.58	0.076833566	0.013907436	0
9.6	0.078382915	0.010405237	0
9.62	0.079781887	0.006788668	0
9.64	0.081023253	0.003063698	0
9.66	0.082099996	-0.000763282	0
9.68	0.08300533	-0.004685472	0
9.7	0.083732724	-0.008695663	0
9.72	0.084275924	-0.012786249	0
9.74	0.084628976	-0.016949236	0
9.76	0.084786251	-0.021176249	0
9.78	0.08474246	-0.02545855	0
9.8	0.084492686	-0.029787042	0
9.82	0.084032394	-0.034152294	0
9.84	0.083357461	-0.038544544	0
9.86	0.082464193	-0.042953725	0
9.88	0.081349344	-0.047369481	0
9.9	0.080010134	-0.051781179	0
9.92	0.078444272	-0.056177939	0
9.94	0.076649971	-0.060548646	0
9.96	0.074625961	-0.064881979	0
9.98	0.072371514	-0.069166431	0
10	0.069886449	-0.073390331	0
10.02	0.067171152	-0.077541876	0
10.04	0.064226589	-0.081609149	0
10.06	0.061054311	-0.085580153	0
10.08	0.057656475	-0.089442835	0
10.1	0.054035843	-0.093185115	0
10.12	0.050195796	-0.096794918	0
10.14	0.046140338	-0.100260203	0
10.16	0.041874102	-0.103568991	0
10.18	0.037402353	-0.106709401	0
10.2	0.032730992	-0.10966968	0
10.22	0.027866552	-0.112438234	0
10.24	0.022816201	-0.115003662	0
10.26	0.017587739	-0.117354792	0
10.28	0.012189591	-0.119480708	0
10.3	0.006630804	-0.121370789	0
10.32	0.000921037	-0.123014739	0
10.34	-0.004929446	-0.124402623	0
10.36	-0.010909792	-0.125524898	0
10.38	-0.017008565	-0.126372448	0
10.4	-0.023213766	-0.126936615	0
10.42	-0.029512851	-0.127209233	0
10.44	-0.035892741	-0.12718266	0
10.46	-0.042339852	-0.126849808	0
10.48	-0.048840109	-0.126204176	0
10.5	-0.055378975	-0.125239876	0
10.52	-0.061941473	-0.123951667	0
10.54	-0.068512214	-0.122334979	0
10.56	-0.075075426	-0.120385943	0
10.58	-0.081614984	-0.118101417	0
10.6	-0.08811444	-0.115479009	0
10.62	-0.09455706	-0.112517099	0
10.64	-0.100925857	-0.109214868	0
10.66	-0.107203627	-0.10557231	0
10.68	-0.113372987	-0.101590257	0
10.7	-0.119416414	-0.097270394	0
10.72	-0.125316285	-0.092615275	0
10.74	-0.13105492	-0.087628336	0
10.76	-0.136614623	-0.082313909	0
10.78	-0.141977726	-0.07667723	0
10.8	-0.147126635	-0.070724447	0
10.82	-0.152043872	-0.064462626	0
10.84	-0.156712123	-0.057899755	0
10.86	-0.161114287	-0.051044746	0
10.88	-0.16523352	-0.043907431	0
10.9	-0.169053284	-0.036498564	0
10.92	-0.172557394	-0.028829809	0
10.94	-0.175730068	-0.020913736	0
10.96	-0.178555974	-0.012763811	0
10.98	-0.18102028	-0.00439438	0
11	-0.1831087	0.004179346	0
11.02	-0.184807541	0.012941305	0
11.04	-0.186103754	0.02187461	0
11.06	-0.186984979	0.03096157	0
11.08	-0.187439591	0.040183714	0
11.1	-0.187456745	0.049521821	0
11.12	-0.18702642	0.058955952	0
11.14	-0.186139467	0.068465479	0
11.16	-0.184787644	0.078029126	0
11.18	-0.182963662	0.087625001	0
11.2	-0.180661223	0.097230643	0
11.22	-0.177875056	0.106823059	0
11.24	-0.174600957	0.116378774	0
11.26	-0.170835818	0.125873873	0
11.28	-0.166577664	0.135284056	0
11.3	-0.161825681	0.144584687	0
11.32	-0.156580242	0.153750844	0
11.34	-0.150842936	0.162757381	0
11.36	-0.144616588	0.171578981	0
11.38	-0.137905281	0.180190214	0
11.4	-0.130714372	0.188565602	0
11.42	-0.123050511	0.196679675	0
11.44	-0.114921647	0.20450704	0
11.46	-0.106337042	0.212022439	0
11.48	-0.097307273	0.21920082	0
11.5	-0.087844238	0.226017402	0
11.52	-0.077961155	0.23244774	0
11.54	-0.067672555	0.238467794	0
11.56	-0.056994279	0.244053997	0
11.58	-0.045943465	0.249183326	0
11.6	-0.034538535	0.253833366	0
11.62	-0.022799175	0.257982382	0
11.64	-0.010746317	0.261609385	0
11.66	0.001597886	0.264694204	0
11.68	0.01421009	0.267217548	0
11.7	0.027065792	0.269161076	0
11.72	0.040139362	0.270507463	0
11.74	0.053404087	0.271240462	0
11.76	0.06683221	0.271344969	0
11.78	0.080394977	0.270807087	0
11.8	0.094062686	0.26961418	0
11.82	0.10780474	0.267754937	0
11.84	0.121589706	0.265219425	0
11.86	0.13538537	0.261999145	0
11.88	0.149158802	0.258087079	0
11.9	0.162876424	0.253477747	0
11.92	0.176504075	0.248167244	0
11.94	0.190007083	0.242153289	0
11.96	0.203350345	0.235435263	0
11.98	0.216498398	0.228014244	0
12	0.229415501	0.219893046	0
12.02	0.242065716	0.211076239	0
12.04	0.254412996	0.201570186	0
12.06	0.266421267	0.191383055	0
12.08	0.278054518	0.180524842	0
12.1	0.289276892	0.169007386	0
12.12	0.300052774	0.156844373	0
12.14	0.310346887	0.144051345	0
12.16	0.320124385	0.130645701	0
12.18	0.329350945	0.11664669	0
12.2	0.337992867	0.102075403	0
12.22	0.346017164	0.086954761	0
12.24	0.353391665	0.071309495	0
12.26	0.360085101	0.055166124	0
12.28	0.366067212	0.038552923	0
12.3	0.371308831	0.021499897	0
12.32	0.375781986	0.004038734	0
12.34	0.379459991	-0.013797229	0
12.36	0.382317535	-0.031973062	0
12.38	0.384330777	-0.05045229	0
12.4	0.385477431	-0.069196954	0
12.42	0.385736852	-0.08816767	0
12.44	0.385090125	-0.107323703	0
12.46	0.383520141	-0.126623031	0
12.48	0.381011678	-0.14602243	0
12.5	0.377551476	-0.165477549	0
12.52	0.373128312	-0.184943001	0
12.54	0.367733064	-0.20437245	0
12.56	0.361358779	-0.223718706	0
12.58	0.354000733	-0.242933827	0
12.6	0.345656486	-0.261969214	0
12.62	0.336325937	-0.280775724	0
12.64	0.326011369	-0.299303777	0
12.66	0.31471749	-0.317503466	0
12.68	0.302451473	-0.335324676	0
12.7	0.289222984	-0.352717204	0
12.72	0.275044212	-0.369630873	0
12.74	0.259929886	-0.386015663	0
12.76	0.243897292	-0.401821834	0
12.78	0.226966278	-0.417000051	0
12.8	0.20915926	-0.431501516	0
12.82	0.190501215	-0.445278095	0
12.84	0.171019674	-0.458282451	0
12.86	0.150744698	-0.470468176	0
12.88	0.129708863	-0.48178992	0
12.9	0.107947223	-0.492203525	0
12.92	0.085497277	-0.501666154	0
12.94	0.062398921	-0.510136425	0
12.96	0.038694403	-0.517574537	0
12.98	0.01442826	-0.523942401	0
13	-0.010352743	-0.529203764	0
13.02	-0.035599685	-0.533324335	0
13.04	-0.061261567	-0.536271906	0
13.06	-0.087285394	-0.538016469	0
13.08	-0.113616269	-0.538530338	0
13.1	-0.140197489	-0.537788253	0
13.12	-0.166970649	-0.535767495	0
13.14	-0.193875749	-0.532447988	0
13.16	-0.220851315	-0.527812397	0
13.18	-0.247834516	-0.521846228	0
13.2	-0.274761294	-0.514537911	0
13.22	-0.301566497	-0.505878889	0
13.24	-0.328184014	-0.495863694	0
13.26	-0.354546922	-0.48449002	0
13.28	-0.380587632	-0.47175879	0
13.3	-0.406238038	-0.457674212	0
13.32	-0.43142968	-0.442243833	0
13.34	-0.456093899	-0.425478583	0
13.36	-0.480162002	-0.407392813	0
13.38	-0.503565428	-0.388004325	0
13.4	-0.52623592	-0.36733439	0
13.42	-0.548105694	-0.345407767	0
13.44	-0.569107615	-0.322252701	0
13.46	-0.589175371	-0.297900929	0
13.48	-0.608243652	-0.272387656	0
13.5	-0.626248325	-0.245751545	0
13.52	-0.643126616	-0.21803468	0
13.54	-0.658817284	-0.189282531	0
13.56	-0.673260799	-0.159543904	0
13.58	-0.686399522	-0.128870884	0
13.6	-0.698177876	-0.097318773	0
13.62	-0.708542523	-0.064946007	0
13.64	-0.717442531	-0.031814079	0
13.66	-0.724829545	0.002012559	0
13.68	-0.730657953	0.036466595	0
13.7	-0.734885042	0.071477972	0
13.72	-0.73747116	0.106974005	0
13.74	-0.738379867	0.142879512	0
13.76	-0.73757808	0.179116948	0
13.78	-0.735036218	0.215606556	0
13.8	-0.730728332	0.252266513	0
13.82	-0.724632242	0.2890131	0
13.84	-0.716729651	0.325760865	0
13.86	-0.707006264	0.362422799	0
13.88	-0.695451893	0.398910525	0
13.9	-0.682060559	0.435134482	0
13.92	-0.666830576	0.471004124	0
13.94	-0.64976464	0.50642812	0
13.96	-0.630869892	0.541314568	0
13.98	-0.610157989	0.575571198	0
14	-0.587645147	0.609105597	0
14.02	-0.563352193	0.641825428	0
14.04	-0.537304586	0.673638657	0
14.06	-0.509532447	0.704453777	0
14.08	-0.48007056	0.734180046	0
14.1	-0.448958376	0.762727715	0
14.12	-0.416239998	0.790008266	0
14.14	-0.381964153	0.815934648	0
14.16	-0.34618416	0.840421514	0
14.18	-0.308957878	0.863385455	0
14.2	-0.270347647	0.884745241	0
14.22	-0.230420212	0.904422051	0
14.24	-0.189246642	0.922339711	0
14.26	-0.146902233	0.938424918	0
14.28	-0.103466394	0.952607476	0
14.3	-0.059022533	0.964820511	0
14.32	-0.013657918	0.975000697	0
14.34	0.032536464	0.98308847	0
14.36	0.079466062	0.989028231	0
14.38	0.127032935	0.992768558	0
14.4	0.175135924	0.994262395	0
14.42	0.223670842	0.993467244	0
14.44	0.272530681	0.990345345	0
14.46	0.321605816	0.984863849	0
14.48	0.370784228	0.976994981	0
14.5	0.419951733	0.966716192	0
14.52	0.468992225	0.954010304	0
14.54	0.517787921	0.938865644	0
14.56	0.566219617	0.921276161	0
14.58	0.614166956	0.901241539	0
14.6	0.661508694	0.878767295	0
14.62	0.708122984	0.853864859	0
14.64	0.753887657	0.826551653	0
14.66	0.798680512	0.796851142	0
14.68	0.842379611	0.764792882	0
14.7	0.88486358	0.730412552	0
14.72	0.926011908	0.693751966	0
14.74	0.965705256	0.654859076	0
14.76	1.003825763	0.613787956	0
14.78	1.040257354	0.570598778	0
14.8	1.074886052	0.525357761	0
14.82	1.107600287	0.478137114	0
14.84	1.138291206	0.429014962	0
14.86	1.166852976	0.378075251	0
14.88	1.193183095	0.325407643	0
14.9	1.217182691	0.271107392	0
14.92	1.238756818	0.215275208	0
14.94	1.257814754	0.158017099	0
14.96	1.274270283	0.099444205	0
14.98	1.288041981	0.039672612	0
15	1.299053485	-0.021176851	0
15.02	1.307233764	-0.082978819	0
15.04	1.312517374	-0.145603629	0
15.06	1.314844705	-0.208917557	0
15.08	1.31416222	-0.272783079	0
15.1	1.310422681	-0.337059137	0
15.12	1.303585362	-0.401601428	0
15.14	1.293616255	-0.466262698	0
15.16	1.280488255	-0.530893045	0
15.18	1.264181337	-0.595340246	0
15.2	1.244682717	-0.659450081	0
15.22	1.221986996	-0.723066675	0
15.24	1.196096294	-0.786032848	0
15.26	1.167020355	-0.84819047	0
15.28	1.134776654	-0.909380829	0
15.3	1.099390468	-0.969445007	0
15.32	1.060894943	-1.028224252	0
15.34	1.019331134	-1.085560368	0
15.36	0.974748031	-1.141296103	0
15.38	0.927202565	-1.195275544	0
15.4	0.876759593	-1.24734451	0
15.42	0.823491869	-1.297350951	0
15.44	0.767479985	-1.345145348	0
15.46	0.708812305	-1.390581108	0
15.48	0.647584866	-1.433514967	0
15.5	0.58390127	-1.473807384	0
15.52	0.517872549	-1.51132293	0
15.54	0.449617011	-1.545930682	0
15.56	0.37926007	-1.577504601	0
15.58	0.306934049	-1.605923917	0
15.6	0.232777969	-1.631073492	0
15.62	0.15693732	-1.652844187	0
15.64	0.079563802	-1.671133212	0
15.66	0.000815061	-1.685844472	0
15.68	-0.079145603	-1.696888898	0
15.7	-0.160149541	-1.704184765	0
15.72	-0.242023082	-1.707658001	0
15.74	-0.324587875	-1.707242478	0
15.76	-0.407661244	-1.702880292	0
15.78	-0.491056565	-1.694522022	0
15.8	-0.574583654	-1.682126977	0
15.82	-0.658049171	-1.665663422	0
15.84	-0.741257036	-1.645108789	0
15.86	-0.824008862	-1.620449866	0
15.88	-0.906104395	-1.591682965	0
15.9	-0.987341965	-1.558814074	0
15.92	-1.067518953	-1.521858985	0
15.94	-1.14643226	-1.480843397	0
15.96	-1.223878791	-1.435803002	0
15.98	-1.299655935	-1.386783545	0
16	-1.373562068	-1.333840861	0
16.02	-1.44539704	-1.277040885	0
16.04	-1.514962686	-1.216459645	0
16.06	-1.582063323	-1.152183224	0
16.08	-1.646506258	-1.084307698	0
16.1	-1.708102292	-1.012939049	0
16.12	-1.766666224	-0.938193057	0
16.14	-1.822017354	-0.860195161	0
16.16	-1.873979975	-0.779080294	0
16.18	-1.922383872	-0.694992703	0
16.2	-1.967064804	-0.608085726	0
16.22	-2.007864983	-0.518521564	0
16.24	-2.044633544	-0.426471009	0
16.26	-2.077227003	-0.332113166	0
16.28	-2.105509707	-0.235635132	0
16.3	-2.129354267	-0.137231669	0
16.32	-2.148641982	-0.037104841	0
16.34	-2.163263242	0.064536368	0
16.36	-2.173117916	0.167476455	0
16.38	-2.178115731	0.271493823	0
16.4	-2.178176619	0.376361227	0
16.42	-2.173231051	0.48184624	0
16.44	-2.163220353	0.587711736	0
16.46	-2.148096993	0.693716393	0
16.48	-2.127824851	0.799615212	0
16.5	-2.102379458	0.905160052	0
16.52	-2.071748222	1.010100182	0
16.54	-2.035930614	1.114182842	0
16.56	-1.994938336	1.217153823	0
16.58	-1.948795463	1.318758052	0
16.6	-1.897538549	1.418740194	0
16.62	-1.841216712	1.516845254	0
16.64	-1.779891686	1.612819193	0
16.66	-1.713637845	1.706409549	0
16.68	-1.642542192	1.797366062	0
16.7	-1.566704324	1.885441298	0
16.72	-1.486236363	1.970391283	0
16.74	-1.401262855	2.051976125	0
16.76	-1.311920638	2.129960651	0
16.78	-1.218358677	2.204115024	0
16.8	-1.120737873	2.274215365	0
16.82	-1.019230837	2.340044365	0
16.84	-0.914021627	2.401391897	0
16.86	-0.805305467	2.458055602	0
16.88	-0.69328842	2.509841484	0
16.9	-0.578187046	2.556564477	0
16.92	-0.460228018	2.598049003	0
16.94	-0.339647712	2.634129521	0
16.96	-0.216691775	2.664651044	0
16.98	-0.091614652	2.689469655	0
17	0.035320902	2.708452985	0
17.02	0.163844342	2.721480685	0
17.04	0.29367788	2.728444863	0
17.06	0.424537053	2.729250506	0
17.08	0.556131315	2.723815867	0
17.1	0.688164654	2.712072834	0
17.12	0.820336225	2.693967263	0
17.14	0.952341011	2.669459286	0
17.16	1.08387049	2.638523588	0
17.18	1.214613333	2.601149653	0
17.2	1.344256104	2.557341971	0
17.22	1.472483986	2.507120221	0
17.24	1.598981512	2.450519413	0
17.26	1.723433305	2.387589998	0
17.28	1.845524837	2.31839794	0
17.3	1.964943183	2.243024751	0
17.32	2.081377788	2.161567493	0
17.34	2.19452124	2.074138737	0
17.36	2.304070035	1.980866488	0
17.38	2.409725351	1.881894072	0
17.4	2.511193816	1.777379981	0
17.42	2.608188277	1.667497681	0
17.44	2.700428553	1.552435388	0
17.46	2.787642194	1.432395793	0
17.48	2.869565218	1.30759576	0
17.5	2.945942847	1.178265981	0
17.52	3.01653022	1.044650594	0
17.54	3.081093099	0.907006765	0
17.56	3.139408553	0.765604235	0
17.58	3.191265625	0.620724824	0
17.6	3.236465974	0.472661912	0
17.62	3.274824503	0.321719875	0
17.64	3.306169953	0.168213492	0
17.66	3.330345476	0.012467324	0
17.68	3.347209178	-0.145184946	0
17.7	3.356634635	-0.304401199	0
17.72	3.358511373	-0.464831587	0
17.74	3.352745323	-0.626119284	0
17.76	3.339259232	-0.787901244	0
17.78	3.317993043	-0.949808995	0
17.8	3.288904245	-1.111469451	0
17.82	3.25196817	-1.272505745	0
17.84	3.207178261	-1.432538081	0
17.86	3.154546302	-1.591184599	0
17.88	3.094102593	-1.748062265	0
17.9	3.025896097	-1.902787762	0
17.92	2.949994536	-2.054978399	0
17.94	2.866484444	-2.204253026	0
17.96	2.775471177	-2.35023296	0
17.98	2.677078874	-2.492542908	0
18	2.571450381	-2.630811901	0
18.02	2.458747117	-2.764674219	0
18.04	2.339148904	-2.893770321	0
18.06	2.212853743	-3.01774777	0
18.08	2.080077555	-3.136262143	0
18.1	1.94105386	-3.248977944	0
18.12	1.796033425	-3.355569498	0
18.14	1.645283859	-3.45572183	0
18.16	1.489089164	-3.549131537	0
18.18	1.327749241	-3.635507627	0
18.2	1.161579356	-3.714572354	0
18.22	0.99090956	-3.786062019	0
18.24	0.816084069	-3.84972775	0
18.26	0.637460599	-3.90533625	0
18.28	0.455409667	-3.952670527	0
18.3	0.270313852	-3.991530581	0
18.32	0.082567016	-4.021734062	0
18.34	-0.107426506	-4.043116893	0
18.36	-0.299252752	-4.055533858	0
18.38	-0.492489014	-4.058859144	0
18.4	-0.686704743	-4.052986851	0
18.42	-0.881462488	-4.037831452	0
18.44	-1.076318857	-4.013328214	0
18.46	-1.270825509	-3.979433571	0
18.48	-1.46453016	-3.93612545	0
18.5	-1.656977614	-3.883403552	0
18.52	-1.847710814	-3.821289576	0
18.54	-2.0362719	-3.749827406	0
18.56	-2.222203289	-3.669083229	0
18.58	-2.405048761	-3.579145618	0
18.6	-2.584354554	-3.48012555	0
18.62	-2.759670461	-3.372156376	0
18.64	-2.930550937	-3.255393735	0
18.66	-3.096556197	-3.130015415	0
18.68	-3.257253322	-2.996221159	0
18.7	-3.412217348	-2.854232414	0
18.72	-3.561032359	-2.704292033	0
18.74	-3.703292555	-2.54666391	0
18.76	-3.838603325	-2.381632573	0
18.78	-3.966582283	-2.209502717	0
18.8	-4.086860304	-2.030598686	0
18.82	-4.199082527	-1.845263901	0
18.84	-4.302909334	-1.653860239	0
18.86	-4.398017311	-1.456767361	0
18.88	-4.484100169	-1.254381987	0
18.9	-4.560869639	-1.047117131	0
18.92	-4.628056332	-0.83540128	0
18.94	-4.685410562	-0.619677536	0
18.96	-4.732703128	-0.400402708	0
18.98	-4.769726054	-0.178046368	0
19	-4.796293292	0.046910138	0
19.02	-4.812241368	0.273974709	0
19.04	-4.817429994	0.502645554	0
19.06	-4.811742614	0.732412284	0
19.08	-4.795086915	0.962757031	0
19.1	-4.767395272	1.193155608	0
19.12	-4.728625145	1.423078682	0
19.14	-4.678759415	1.651992978	0
19.16	-4.617806671	1.879362503	0
19.18	-4.545801426	2.104649784	0
19.2	-4.46280428	2.327317128	0
19.22	-4.368902023	2.546827886	0
19.24	-4.264207676	2.762647731	0
19.26	-4.148860463	2.974245948	0
19.28	-4.023025729	3.18109671	0
19.3	-3.886894788	3.382680376	0
19.32	-3.740684713	3.578484767	0
19.34	-3.584638057	3.768006449	0
19.36	-3.419022516	3.950751998	0
19.38	-3.244130521	4.126239259	0
19.4	-3.060278779	4.293998584	0
19.42	-2.867807738	4.453574057	0
19.44	-2.667081003	4.604524691	0
19.46	-2.458484679	4.746425603	0
19.48	-2.242426669	4.878869163	0
19.5	-2.019335899	5.001466108	0
19.52	-1.789661497	5.113846625	0
19.54	-1.553871907	5.215661392	0
19.56	-1.312453961	5.30658259	0
19.58	-1.065911883	5.386304858	0
19.6	-0.814766262	5.454546212	0
19.62	-0.559552957	5.511048918	0
19.64	-0.300821971	5.555580306	0
19.66	-0.039136277	5.587933536	0
19.68	0.224929403	5.60792831	0
19.7	0.490789848	5.615411527	0
19.72	0.757850628	5.610257872	0
19.74	1.02550943	5.592370352	0
19.76	1.293157411	5.561680763	0
19.78	1.560180574	5.518150098	0
19.8	1.825961178	5.46176888	0
19.82	2.089879156	5.392557435	0
19.84	2.351313564	5.310566094	0
19.86	2.609644033	5.215875323	0
19.88	2.864252236	5.108595786	0
19.9	3.114523364	4.988868327	0
19.92	3.359847601	4.856863896	0
19.94	3.599621605	4.712783387	0
19.96	3.83324998	4.556857409	0
19.98	4.060146744	4.38934599	0
20	4.279736787	4.210538195	0
20.02	4.491457311	4.020751688	0
20.04	4.694759257	3.820332207	0
20.06	4.889108707	3.609652977	0
20.08	5.073988263	3.389114051	0
20.1	5.248898395	3.15914158	0
20.12	5.413358763	2.920187016	0
20.14	5.566909491	2.672726249	0
20.16	5.709112421	2.417258678	0
20.18	5.839552306	2.154306219	0
20.2	5.957837969	1.884412251	0
20.22	6.06360341	1.608140503	0
20.24	6.156508863	1.326073887	0
20.26	6.236241795	1.038813269	0
20.28	6.302517852	0.746976196	0
20.3	6.355081744	0.451195567	0
20.32	6.393708062	0.152118263	0
20.34	6.418202038	-0.149596271	0
20.36	6.428400234	-0.453277486	0
20.38	6.424171159	-0.758245217	0
20.4	6.405415818	-1.063811217	0
20.42	6.372068185	-1.369280713	0
20.44	6.324095606	-1.673953994	0
20.46	6.261499116	-1.97712802	0
20.48	6.184313689	-2.27809805	0
20.5	6.092608399	-2.576159287	0
20.52	5.986486508	-2.870608537	0
20.54	5.86608547	-3.160745875	0
20.56	5.731576853	-3.445876309	0
20.58	5.583166184	-3.725311454	0
20.6	5.421092702	-3.9983712	0
20.62	5.24562904	-4.264385361	0
20.64	5.05708082	-4.522695331	0
20.66	4.855786162	-4.772655707	0
20.68	4.642115126	-5.013635899	0
20.7	4.416469055	-5.24502172	0
20.72	4.179279857	-5.466216938	0
20.74	3.931009196	-5.676644806	0
20.76	3.672147617	-5.875749547	0
20.78	3.403213584	-6.062997807	0
20.8	3.12475246	-6.237880061	0
20.82	2.837335401	-6.39991197	0
20.84	2.541558195	-6.548635687	0
20.86	2.238040021	-6.683621119	0
20.88	1.927422156	-6.804467112	0
20.9	1.610366615	-6.910802595	0
20.92	1.287554732	-7.002287645	0
20.94	0.959685685	-7.078614495	0
20.96	0.627474977	-7.139508462	0
20.98	0.291652858	-7.184728816	0
21	-0.047037296	-7.214069558	0
21.02	-0.387840638	-7.227360134	0
21.04	-0.729992553	-7.22446606	0
21.06	-1.07272039	-7.205289468	0
21.08	-1.415245222	-7.169769574	0
21.1	-1.75678364	-7.117883048	0
21.12	-2.09654956	-7.049644313	0
21.14	-2.433756051	-6.965105741	0
21.16	-2.76761718	-6.86435777	0
21.18	-3.097349861	-6.747528927	0
21.2	-3.422175709	-6.614785763	0
21.22	-3.7413229	-6.466332693	0
21.24	-4.054028016	-6.302411752	0
21.26	-4.359537894	-6.12330225	0
21.28	-4.65711145	-5.929320345	0
21.3	-4.946021494	-5.720818523	0
21.32	-5.225556517	-5.498184989	0
21.34	-5.495022456	-5.261842965	0
21.36	-5.753744422	-5.012249909	0
21.38	-6.001068397	-4.749896639	0
21.4	-6.236362894	-4.475306381	0
21.42	-6.459020564	-4.189033727	0
21.44	-6.668459763	-3.891663516	0
21.46	-6.864126064	-3.583809641	0
21.48	-7.045493712	-3.266113769	0
21.5	-7.212067019	-2.939243998	0
21.52	-7.363381702	-2.603893442	0
21.54	-7.499006141	-2.260778739	0
21.56	-7.618542577	-1.910638512	0
21.58	-7.721628237	-1.554231753	0
21.6	-7.807936369	-1.192336158	0
21.62	-7.877177214	-0.825746405	0
21.64	-7.929098884	-0.455272389	0
21.66	-7.963488157	-0.081737401	0
21.68	-7.980171191	0.294023727	0
21.7	-7.979014135	0.671166517	0
21.72	-7.959923663	1.048838775	0
21.74	-7.922847405	1.426182541	0
21.76	-7.867774283	1.802336078	0
21.78	-7.79473476	2.176435863	0
21.8	-7.703800979	2.547618607	0
21.82	-7.595086811	2.915023277	0
21.84	-7.468747805	3.277793125	0
21.86	-7.324981035	3.635077717	0
21.88	-7.16402485	3.986034956	0
21.9	-6.986158521	4.329833101	0
21.92	-6.791701798	4.665652764	0
21.94	-6.581014357	4.992688891	0
21.96	-6.354495159	5.310152719	0
21.98	-6.112581705	5.617273705	0
22	-5.855749205	5.913301418	0
22.02	-5.584509644	6.197507395	0
22.04	-5.299410759	6.469186953	0
22.06	-5.001034934	6.727660951	0
22.08	-4.689997996	6.972277505	0
22.1	-4.366947931	7.202413643	0
22.12	-4.032563521	7.417476895	0
22.14	-3.687552896	7.616906828	0
22.16	-3.332652011	7.800176503	0
22.18	-2.968623054	7.966793865	0
22.2	-2.596252781	8.11630305	0
22.22	-2.216350783	8.248285622	0
22.24	-1.829747696	8.362361715	0
22.26	-1.43729335	8.458191099	0
22.28	-1.039854866	8.535474152	0
22.3	-0.638314702	8.593952735	0
22.32	-0.233568654	8.633410985	0
22.34	0.17347618	8.653675999	0
22.36	0.581903477	8.654618423	0
22.38	0.990789791	8.636152945	0
22.4	1.399206686	8.598238678	0
22.42	1.806222887	8.540879445	0
22.44	2.210906443	8.464123954	0
22.46	2.612326912	8.368065875	0
22.48	3.009557537	8.252843802	0
22.5	3.401677434	8.118641113	0
22.52	3.787773768	7.965685724	0
22.54	4.166943919	7.794249733	0
22.56	4.538297637	7.604648961	0
22.58	4.900959173	7.397242387	0
22.6	5.254069382	7.172431474	0
22.62	5.5967878	6.930659401	0
22.64	5.928294677	6.672410181	0
22.66	6.247792981	6.398207693	0
22.68	6.554510339	6.1086146	0
22.7	6.847700945	5.804231186	0
22.72	7.126647394	5.485694089	0
22.74	7.390662473	5.153674947	0
22.76	7.639090873	4.808878959	0
22.78	7.87131084	4.452043353	0
22.8	8.086735746	4.083935784	0
22.82	8.284815591	3.705352641	0
22.84	8.465038415	3.317117292	0
22.86	8.626931627	2.920078255	0
22.88	8.770063251	2.515107294	0
22.9	8.894043072	2.103097472	0
22.92	8.998523691	1.684961127	0
22.94	9.083201483	1.261627809	0
22.96	9.147817452	0.834042164	0
22.98	9.192157985	0.403161779	0
23	9.216055499	-0.03004502	0
23.02	9.219388982	-0.464601388	0
23.04	9.202084429	-0.899524223	0
23.06	9.164115161	-1.33382644	0
23.08	9.105502038	-1.766519266	0
23.1	9.026313559	-2.196614545	0
23.12	8.926665847	-2.623127048	0
23.14	8.806722527	-3.045076786	0
23.16	8.666694484	-3.461491312	0
23.18	8.506839516	-3.87140802	0
23.2	8.327461863	-4.273876419	0
23.22	8.128911641	-4.667960393	0
23.24	7.911584153	-5.052740423	0
23.26	7.675919093	-5.427315792	0
23.28	7.422399648	-5.790806732	0
23.3	7.151551491	-6.142356546	0
23.32	6.863941669	-6.481133667	0
23.34	6.560177393	-6.806333674	0
23.36	6.240904727	-7.11718124	0
23.38	5.906807187	-7.412932023	0
23.4	5.558604236	-7.692874485	0
23.42	5.197049708	-7.956331641	0
23.44	4.822930126	-8.202662725	0
23.46	4.437062955	-8.431264785	0
23.48	4.040294768	-8.64157418	0
23.5	3.633499343	-8.833067995	0
23.52	3.217575688	-9.005265365	0
23.54	2.793446004	-9.157728694	0
23.56	2.362053585	-9.290064786	0
23.58	1.924360669	-9.401925862	0
23.6	1.481346233	-9.49301048	0
23.62	1.034003744	-9.563064346	0
23.64	0.583338877	-9.611881009	0
23.66	0.130367191	-9.639302457	0
23.68	-0.323888219	-9.645219584	0
23.7	-0.778399095	-9.629572557	0
23.72	-1.232134403	-9.592351056	0
23.74	-1.684062735	-9.533594404	0
23.76	-2.133154717	-9.453391578	0
23.78	-2.578385414	-9.351881101	0
23.8	-3.018736729	-9.229250818	0
23.82	-3.4531998	-9.085737554	0
23.84	-3.880777363	-8.921626658	0
23.86	-4.300486107	-8.73725143	0
23.88	-4.711358996	-8.532992429	0
23.9	-5.112447552	-8.309276674	0
23.92	-5.502824102	-8.066576734	0
23.94	-5.881583983	-7.805409703	0
23.96	-6.247847691	-7.526336071	0
23.98	-6.600762975	-7.229958491	0
24	-6.939506874	-6.916920447	0
24.02	-7.263287684	-6.587904814	0
24.04	-7.571346857	-6.243632332	0
24.06	-7.862960819	-5.884859983	0
24.08	-8.137442719	-5.512379284	0
24.1	-8.394144082	-5.127014488	0
24.12	-8.632456382	-4.729620714	0
24.14	-8.851812517	-4.321081996	0
24.16	-9.051688195	-3.902309258	0
24.18	-9.231603211	-3.474238233	0
24.2	-9.391122632	-3.03782731	0
24.22	-9.529857871	-2.594055329	0
24.24	-9.647467649	-2.143919323	0
24.26	-9.743658858	-1.688432219	0
24.28	-9.818187298	-1.22862049	0
24.3	-9.870858308	-0.765521784	0
24.32	-9.901527276	-0.300182508	0
24.34	-9.910100036	0.166344596	0
24.36	-9.896533142	0.6330029	0
24.38	-9.860834021	1.098734353	0
24.4	-9.803061014	1.562481945	0
24.42	-9.723323285	2.023192173	0
24.44	-9.621780621	2.479817503	0
24.46	-9.498643105	2.931318816	0
24.48	-9.354170672	3.37666784	0
24.5	-9.188672547	3.814849559	0
24.52	-9.002506566	4.244864588	0
24.54	-8.79607838	4.665731518	0
24.56	-8.569840549	5.076489219	0
24.58	-8.324291518	5.476199094	0
24.6	-8.059974492	5.863947286	0
24.62	-7.777476199	6.238846825	0
24.64	-7.477425548	6.600039713	0
24.66	-7.160492194	6.946698943	0
24.68	-6.827384995	7.278030446	0
24.7	-6.478850386	7.59327496	0
24.72	-6.115670657	7.891709819	0
24.74	-5.738662145	8.172650655	0
24.76	-5.348673349	8.435453012	0
24.78	-4.946582967	8.679513865	0
24.8	-4.533297857	8.904273044	0
24.82	-4.109750934	9.109214553	0
24.84	-3.676899004	9.293867789	0
24.86	-3.235720543	9.457808655	0
24.88	-2.787213417	9.600660557	0
24.9	-2.332392567	9.722095294	0
24.92	-1.872287643	9.821833838	0
24.94	-1.407940607	9.899646986	0
24.96	-0.940403305	9.955355907	0
24.98	-0.47073502	9.988832559	0
25	-1.04564E-11	10	0
25.02	0.47073502	9.988832559	0
25.04	0.940403305	9.955355907	0
25.06	1.407940607	9.899646986	0
25.08	1.872287643	9.821833838	0
25.1	2.332392567	9.722095294	0
25.12	2.787213417	9.600660557	0
25.14	3.235720543	9.457808655	0
25.16	3.676899004	9.293867789	0
25.18	4.109750934	9.109214553	0
25.2	4.533297857	8.904273044	0
25.22	4.946582967	8.679513865	0
25.24	5.348673349	8.435453012	0
25.26	5.738662144	8.172650655	0
25.28	6.115670657	7.891709819	0
25.3	6.478850386	7.59327496	0
25.32	6.827384995	7.278030446	0
25.34	7.160492194	6.946698943	0
25.36	7.477425548	6.600039713	0
25.38	7.777476199	6.238846825	0
25.4	8.059974492	5.863947286	0
25.42	8.324291518	5.476199094	0
25.44	8.569840549	5.076489219	0
25.46	8.79607838	4.665731518	0
25.48	9.002506566	4.244864588	0
25.5	9.188672547	3.814849559	0
25.52	9.354170672	3.37666784	0
25.54	9.498643105	2.931318816	0
25.56	9.621780621	2.479817503	0
25.58	9.723323285	2.023192173	0
25.6	9.803061014	1.562481945	0
25.62	9.860834021	1.098734353	0
25.64	9.896533142	0.6330029	0
25.66	9.910100036	0.166344596	0
25.68	9.901527276	-0.300182508	0
25.7	9.870858308	-0.765521784	0
25.72	9.818187298	-1.22862049	0
25.74	9.743658858	-1.688432219	0
25.76	9.647467649	-2.143919323	0
25.78	9.529857871	-2.594055329	0
25.8	9.391122632	-3.03782731	0
25.82	9.231603211	-3.474238233	0
25.84	9.051688195	-3.902309258	0
25.86	8.851812517	-4.321081996	0
25.88	8.632456382	-4.729620714	0
25.9	8.394144082	-5.127014488	0
25.92	8.137442719	-5.512379284	0
25.94	7.862960819	-5.884859983	0
25.96	7.571346857	-6.243632332	0
25.98	7.263287684	-6.587904814	0
26	6.939506874	-6.916920447	0
26.02	6.600762975	-7.229958491	0
26.04	6.247847691	-7.526336071	0
26.06	5.881583983	-7.805409703	0
26.08	5.502824102	-8.066576734	0
26.1	5.112447552	-8.309276674	0
26.12	4.711358996	-8.532992429	0
26.14	4.300486107	-8.73725143	0
26.16	3.880777363	-8.921626658	0
26.18	3.4531998	-9.085737554	0
26.2	3.018736729	-9.229250818	0
26.22	2.578385414	-9.351881101	0
26.24	2.133154717	-9.453391578	0
26.26	1.684062735	-9.533594404	0
26.28	1.232134403	-9.592351056	0
26.3	0.778399095	-9.629572557	0
26.32	0.323888219	-9.645219584	0
26.34	-0.130367191	-9.639302457	0
26.36	-0.583338877	-9.611881009	0
26.38	-1.034003744	-9.563064346	0
26.4	-1.481346233	-9.49301048	0
26.42	-1.924360669	-9.401925862	0
26.44	-2.362053585	-9.290064786	0
26.46	-2.793446004	-9.157728694	0
26.48	-3.217575688	-9.005265365	0
26.5	-3.633499343	-8.833067995	0
26.52	-4.040294768	-8.64157418	0
26.54	-4.437062955	-8.431264785	0
26.56	-4.822930126	-8.202662725	0
26.58	-5.197049708	-7.956331641	0
26.6	-5.558604236	-7.692874485	0
26.62	-5.906807187	-7.412932023	0
26.64	-6.240904727	-7.11718124	0
26.66	-6.560177393	-6.806333674	0
26.68	-6.863941669	-6.481133667	0
26.7	-7.151551491	-6.142356546	0
26.72	-7.422399648	-5.790806732	0
26.74	-7.675919093	-5.427315792	0
26.76	-7.911584153	-5.052740423	0
26.78	-8.128911641	-4.667960393	0
26.8	-8.327461863	-4.273876419	0
26.82	-8.506839516	-3.87140802	0
26.84	-8.666694484	-3.461491312	0
26.86	-8.806722527	-3.045076786	0
26.88	-8.926665847	-2.623127048	0
26.9	-9.026313559	-2.196614545	0
26.92	-9.105502038	-1.766519266	0
26.94	-9.164115161	-1.33382644	0
26.96	-9.202084429	-0.899524223	0
26.98	-9.219388982	-0.464601388	0
27	-9.216055499	-0.03004502	0
27.02	-9.192157985	0.403161779	0
27.04	-9.147817452	0.834042164	0
27.06	-9.083201483	1.261627809	0
27.08	-8.998523691	1.684961127	0
27.1	-8.894043072	2.103097472	0
27.12	-8.770063251	2.515107294	0
27.14	-8.626931627	2.920078255	0
27.16	-8.465038415	3.317117292	0
27.18	-8.284815591	3.70535264	0
27.2	-8.086735746	4.083935784	0
27.22	-7.87131084	4.452043353	0
27.24	-7.639090874	4.808878959	0
27.26	-7.390662473	5.153674947	0
27.28	-7.126647394	5.485694089	0
27.3	-6.847700945	5.804231186	0
27.32	-6.554510339	6.1086146	0
27.34	-6.247792981	6.398207693	0
27.36	-5.928294677	6.672410181	0
27.38	-5.5967878	6.930659401	0
27.4	-5.254069382	7.172431474	0
27.42	-4.900959173	7.397242387	0
27.44	-4.538297637	7.604648961	0
27.46	-4.166943919	7.794249733	0
27.48	-3.787773768	7.965685724	0
27.5	-3.401677434	8.118641113	0
27.52	-3.009557537	8.252843802	0
27.54	-2.612326912	8.368065875	0
27.56	-2.210906443	8.464123954	0
27.58	-1.806222887	8.540879445	0
27.6	-1.399206686	8.598238678	0
27.62	-0.990789791	8.636152945	0
27.64	-0.581903477	8.654618423	0
27.66	-0.17347618	8.653675999	0
27.68	0.233568654	8.633410985	0
27.7	0.638314702	8.593952735	0
27.72	1.039854866	8.535474152	0
27.74	1.43729335	8.458191099	0
27.76	1.829747696	8.362361715	0
27.78	2.216350783	8.248285622	0
27.8	2.596252781	8.11630305	0
27.82	2.968623054	7.966793865	0
27.84	3.332652011	7.800176504	0
27.86	3.687552896	7.616906828	0
27.88	4.032563521	7.417476895	0
27.9	4.366947931	7.202413643	0
27.92	4.689997996	6.972277505	0
27.94	5.001034934	6.727660951	0
27.96	5.299410759	6.469186953	0
27.98	5.584509644	6.197507395	0
28	5.855749205	5.913301418	0
28.02	6.112581705	5.617273705	0
28.04	6.354495159	5.310152719	0
28.06	6.581014357	4.992688891	0
28.08	6.791701798	4.665652764	0
28.1	6.986158521	4.329833101	0
28.12	7.16402485	3.986034956	0
28.14	7.324981035	3.635077717	0
28.16	7.468747805	3.277793125	0
28.18	7.595086811	2.915023277	0
28.2	7.703800979	2.547618607	0
28.22	7.79473476	2.176435863	0
28.24	7.867774283	1.802336078	0
28.26	7.922847405	1.426182541	0
28.28	7.959923663	1.048838775	0
28.3	7.979014135	0.671166517	0
28.32	7.980171191	0.294023727	0
28.34	7.963488157	-0.081737401	0
28.36	7.929098884	-0.455272389	0
28.38	7.877177214	-0.825746405	0
28.4	7.807936369	-1.192336158	0
28.42	7.721628237	-1.554231753	0
28.44	7.618542577	-1.910638512	0
28.46	7.499006141	-2.260778739	0
28.48	7.363381702	-2.603893442	0
28.5	7.212067019	-2.939243998	0
28.52	7.045493712	-3.266113769	0
28.54	6.864126064	-3.583809641	0
28.56	6.668459763	-3.891663516	0
28.58	6.459020564	-4.189033727	0
28.6	6.236362894	-4.475306381	0
28.62	6.001068397	-4.749896639	0
28.64	5.753744422	-5.012249909	0
28.66	5.495022456	-5.261842965	0
28.68	5.225556518	-5.498184989	0
28.7	4.946021494	-5.720818523	0
28.72	4.65711145	-5.929320345	0
28.74	4.359537894	-6.12330225	0
28.76	4.054028016	-6.302411752	0
28.78	3.7413229	-6.466332693	0
28.8	3.422175709	-6.614785763	0
28.82	3.097349861	-6.747528927	0
28.84	2.76761718	-6.86435777	0
28.86	2.433756051	-6.965105741	0
28.88	2.09654956	-7.049644313	0
28.9	1.75678364	-7.117883048	0
28.92	1.415245222	-7.169769574	0
28.94	1.07272039	-7.205289468	0
28.96	0.729992553	-7.22446606	0
28.98	0.387840638	-7.227360134	0
29	0.047037296	-7.214069558	0
29.02	-0.291652858	-7.184728816	0
29.04	-0.627474977	-7.139508462	0
29.06	-0.959685685	-7.078614495	0
29.08	-1.287554732	-7.002287645	0
29.1	-1.610366615	-6.910802595	0
29.12	-1.927422156	-6.804467112	0
29.14	-2.238040021	-6.683621119	0
29.16	-2.541558195	-6.548635687	0
29.18	-2.837335401	-6.39991197	0
29.2	-3.12475246	-6.237880061	0
29.22	-3.403213584	-6.062997807	0
29.24	-3.672147617	-5.875749547	0
29.26	-3.931009196	-5.676644806	0
29.28	-4.179279857	-5.466216938	0
29.3	-4.416469055	-5.24502172	0
29.32	-4.642115126	-5.013635899	0
29.34	-4.855786162	-4.772655707	0
29.36	-5.05708082	-4.522695331	0
29.38	-5.24562904	-4.264385361	0
29.4	-5.421092702	-3.9983712	0
29.42	-5.583166184	-3.725311454	0
29.44	-5.731576853	-3.445876309	0
29.46	-5.86608547	-3.160745875	0
29.48	-5.986486508	-2.870608537	0
29.5	-6.092608399	-2.576159287	0
29.52	-6.184313689	-2.27809805	0
29.54	-6.261499116	-1.97712802	0
29.56	-6.324095606	-1.673953994	0
29.58	-6.372068185	-1.369280713	0
29.6	-6.405415818	-1.063811217	0
29.62	-6.424171159	-0.758245217	0
29.64	-6.428400234	-0.453277486	0
29.66	-6.418202038	-0.149596271	0
29.68	-6.393708062	0.152118263	0
29.7	-6.355081744	0.451195567	0
29.72	-6.302517852	0.746976196	0
29.74	-6.236241795	1.038813269	0
29.76	-6.156508863	1.326073887	0
29.78	-6.06360341	1.608140503	0
29.8	-5.957837969	1.884412251	0
29.82	-5.839552306	2.154306219	0
29.84	-5.709112421	2.417258678	0
29.86	-5.566909491	2.672726249	0
29.88	-5.413358763	2.920187016	0
29.9	-5.248898395	3.15914158	0
29.92	-5.073988263	3.389114051	0
29.94	-4.889108707	3.609652977	0
29.96	-4.694759257	3.820332207	0
29.98	-4.491457311	4.020751688	0
30	-4.279736787	4.210538195	0
30.02	-4.060146744	4.38934599	0
30.04	-3.83324998	4.556857409	0
30.06	-3.599621605	4.712783387	0
30.08	-3.359847601	4.856863896	0
30.1	-3.114523364	4.988868327	0
30.12	-2.864252236	5.108595786	0
30.14	-2.609644033	5.215875323	0
30.16	-2.351313564	5.310566094	0
30.18	-2.089879156	5.392557435	0
30.2	-1.825961178	5.46176888	0
30.22	-1.560180574	5.518150098	0
30.24	-1.293157411	5.561680763	0
30.26	-1.02550943	5.592370352	0
30.28	-0.757850628	5.610257872	0
30.3	-0.490789848	5.615411527	0
30.32	-0.224929403	5.60792831	0
30.34	0.039136277	5.587933536	0
30.36	0.300821971	5.555580306	0
30.38	0.559552957	5.511048918	0
30.4	0.814766262	5.454546212	0
30.42	1.065911883	5.386304858	0
30.44	1.312453961	5.30658259	0
30.46	1.553871907	5.215661392	0
30.48	1.789661497	5.113846625	0
30.5	2.019335899	5.001466108	0
30.52	2.242426669	4.878869163	0
30.54	2.458484679	4.746425603	0
30.56	2.667081003	4.604524691	0
30.58	2.867807738	4.453574057	0
30.6	3.060278779	4.293998584	0
30.62	3.244130521	4.126239259	0
30.64	3.419022516	3.950751998	0
30.66	3.584638057	3.768006449	0
30.68	3.740684713	3.578484767	0
30.7	3.886894788	3.382680376	0
30.72	4.023025729	3.18109671	0
30.74	4.148860463	2.974245948	0
30.76	4.264207676	2.762647731	0
30.78	4.368902023	2.546827886	0
30.8	4.46280428	2.327317128	0
30.82	4.545801426	2.104649784	0
30.84	4.617806671	1.879362503	0
30.86	4.678759415	1.651992978	0
30.88	4.728625145	1.423078682	0
30.9	4.767395272	1.193155608	0
30.92	4.795086915	0.962757031	0
30.94	4.811742614	0.732412284	0
30.96	4.817429994	0.502645554	0
30.98	4.812241368	0.273974709	0
31	4.796293292	0.046910138	0
31.02	4.769726054	-0.178046368	0
31.04	4.732703128	-0.400402708	0
31.06	4.685410562	-0.619677536	0
31.08	4.628056332	-0.83540128	0
31.1	4.560869639	-1.047117131	0
31.12	4.484100169	-1.254381987	0
31.14	4.398017311	-1.456767361	0
31.16	4.302909334	-1.653860239	0
31.18	4.199082527	-1.845263901	0
31.2	4.086860304	-2.030598686	0
31.22	3.966582283	-2.209502717	0
31.24	3.838603325	-2.381632573	0
31.26	3.703292555	-2.54666391	0
31.28	3.561032359	-2.704292033	0
31.3	3.412217348	-2.854232414	0
31.32	3.257253322	-2.996221159	0
31.34	3.096556197	-3.130015415	0
31.36	2.930550937	-3.255393735	0
31.38	2.759670461	-3.372156376	0
31.4	2.584354554	-3.48012555	0
31.42	2.405048761	-3.579145618	0
31.44	2.222203289	-3.669083229	0
31.46	2.0362719	-3.749827406	0
31.48	1.847710814	-3.821289576	0
31.5	1.656977614	-3.883403552	0
31.52	1.46453016	-3.93612545	0
31.54	1.270825509	-3.979433571	0
31.56	1.076318857	-4.013328214	0
31.58	0.881462488	-4.037831452	0
31.6	0.686704743	-4.052986851	0
31.62	0.492489014	-4.058859144	0
31.64	0.299252752	-4.055533858	0
31.66	0.107426506	-4.043116893	0
31.68	-0.082567016	-4.021734062	0
31.7	-0.270313852	-3.991530581	0
31.72	-0.455409667	-3.952670527	0
31.74	-0.637460599	-3.90533625	0
31.76	-0.816084069	-3.84972775	0
31.78	-0.99090956	-3.786062019	0
31.8	-1.161579356	-3.714572354	0
31.82	-1.32774924	-3.635507627	0
31.84	-1.489089164	-3.549131537	0
31.86	-1.645283859	-3.45572183	0
31.88	-1.796033425	-3.355569498	0
31.9	-1.94105386	-3.248977944	0
31.92	-2.080077555	-3.136262143	0
31.94	-2.212853743	-3.01774777	0
31.96	-2.339148904	-2.893770321	0
31.98	-2.458747117	-2.764674219	0
32	-2.571450381	-2.630811901	0
32.02	-2.677078874	-2.492542909	0
32.04	-2.775471177	-2.35023296	0
32.06	-2.866484444	-2.204253026	0
32.08	-2.949994536	-2.054978399	0
32.1	-3.025896097	-1.902787762	0
32.12	-3.094102593	-1.748062265	0
32.14	-3.154546302	-1.591184599	0
32.16	-3.207178261	-1.432538081	0
32.18	-3.25196817	-1.272505745	0
32.2	-3.288904245	-1.111469451	0
32.22	-3.317993043	-0.949808995	0
32.24	-3.339259232	-0.787901244	0
32.26	-3.352745323	-0.626119284	0
32.28	-3.358511373	-0.464831587	0
32.3	-3.356634635	-0.304401199	0
32.32	-3.347209178	-0.145184946	0
32.34	-3.330345476	0.012467324	0
32.36	-3.306169953	0.168213492	0
32.38	-3.274824503	0.321719875	0
32.4	-3.236465974	0.472661912	0
32.42	-3.191265625	0.620724824	0
32.44	-3.139408553	0.765604235	0
32.46	-3.081093099	0.907006765	0
32.48	-3.01653022	1.044650594	0
32.5	-2.945942847	1.178265981	0
32.52	-2.869565218	1.30759576	0
32.54	-2.787642194	1.432395793	0
32.56	-2.700428553	1.552435388	0
32.58	-2.608188277	1.667497681	0
32.6	-2.511193816	1.777379981	0
32.62	-2.409725351	1.881894072	0
32.64	-2.304070035	1.980866488	0
32.66	-2.19452124	2.074138737	0
32.68	-2.081377788	2.161567493	0
32.7	-1.964943183	2.243024751	0
32.72	-1.845524837	2.31839794	0
32.74	-1.723433305	2.387589998	0
32.76	-1.598981512	2.450519413	0
32.78	-1.472483986	2.507120221	0
32.8	-1.344256104	2.557341971	0
32.82	-1.214613333	2.601149653	0
32.84	-1.08387049	2.638523588	0
32.86	-0.952341011	2.669459286	0
32.88	-0.820336225	2.693967263	0
32.9	-0.688164654	2.712072834	0
32.92	-0.556131315	2.723815867	0
32.94	-0.424537053	2.729250506	0
32.96	-0.29367788	2.728444863	0
32.98	-0.163844342	2.721480685	0
33	-0.035320902	2.708452985	0
33.02	0.091614652	2.689469655	0
33.04	0.216691775	2.664651044	0
33.06	0.339647712	2.634129521	0
33.08	0.460228018	2.598049003	0
33.1	0.578187046	2.556564477	0
33.12	0.69328842	2.509841484	0
33.14	0.805305467	2.458055602	0
33.16	0.914021627	2.401391897	0
33.18	1.019230837	2.340044365	0
33.2	1.120737873	2.274215365	0
33.22	1.218358677	2.204115024	0
33.24	1.311920638	2.129960651	0
33.26	1.401262855	2.051976125	0
33.28	1.486236363	1.970391283	0
33.3	1.566704324	1.885441298	0
33.32	1.642542192	1.797366062	0
33.34	1.713637845	1.706409549	0
33.36	1.779891686	1.612819193	0
33.38	1.841216712	1.516845254	0
33.4	1.897538549	1.418740194	0
33.42	1.948795463	1.318758052	0
33.44	1.994938336	1.217153823	0
33.46	2.035930614	1.114182842	0
33.48	2.071748222	1.010100182	0
33.5	2.102379458	0.905160052	0
33.52	2.127824851	0.799615212	0
33.54	2.148096993	0.693716393	0
33.56	2.163220353	0.587711736	0
33.58	2.173231051	0.48184624	0
33.6	2.178176619	0.376361227	0
33.62	2.178115731	0.271493823	0
33.64	2.173117916	0.167476455	0
33.66	2.163263242	0.064536368	0
33.68	2.148641982	-0.037104841	0
33.7	2.129354267	-0.137231669	0
33.72	2.105509707	-0.235635132	0
33.74	2.077227003	-0.332113166	0
33.76	2.044633544	-0.426471009	0
33.78	2.007864983	-0.518521564	0
33.8	1.967064804	-0.608085726	0
33.82	1.922383872	-0.694992703	0
33.84	1.873979975	-0.779080294	0
33.86	1.822017354	-0.860195161	0
33.88	1.766666224	-0.938193057	0
33.9	1.708102292	-1.012939049	0
33.92	1.646506258	-1.084307698	0
33.94	1.582063323	-1.152183224	0
33.96	1.514962686	-1.216459645	0
33.98	1.44539704	-1.277040885	0
34	1.373562068	-1.333840861	0
34.02	1.299655935	-1.386783545	0
34.04	1.223878791	-1.435803002	0
34.06	1.14643226	-1.480843397	0
34.08	1.067518953	-1.521858985	0
34.1	0.987341965	-1.558814074	0
34.12	0.906104395	-1.591682965	0
34.14	0.824008862	-1.620449866	0
34.16	0.741257036	-1.645108789	0
34.18	0.658049171	-1.665663422	0
34.2	0.574583654	-1.682126977	0
34.22	0.491056565	-1.694522022	0
34.24	0.407661244	-1.702880292	0
34.26	0.324587875	-1.707242478	0
34.28	0.242023082	-1.707658001	0
34.3	0.160149541	-1.704184765	0
34.32	0.079145603	-1.696888898	0
34.34	-0.000815061	-1.685844472	0
34.36	-0.079563802	-1.671133212	0
34.38	-0.15693732	-1.652844187	0
34.4	-0.232777969	-1.631073492	0
34.42	-0.306934049	-1.605923917	0
34.44	-0.37926007	-1.577504601	0
34.46	-0.449617011	-1.545930682	0
34.48	-0.517872549	-1.51132293	0
34.5	-0.58390127	-1.473807384	0
34.52	-0.647584866	-1.433514967	0
34.54	-0.708812305	-1.390581108	0
34.56	-0.767479985	-1.345145348	0
34.58	-0.823491869	-1.297350951	0
34.6	-0.876759593	-1.24734451	0
34.62	-0.927202565	-1.195275544	0
34.64	-0.974748031	-1.141296103	0
34.66	-1.019331134	-1.085560368	0
34.68	-1.060894943	-1.028224252	0
34.7	-1.099390468	-0.969445007	0
34.72	-1.134776654	-0.909380829	0
34.74	-1.167020355	-0.84819047	0
34.76	-1.196096294	-0.786032848	0
34.78	-1.221986996	-0.723066675	0
34.8	-1.244682717	-0.659450081	0
34.82	-1.264181337	-0.595340246	0
34.84	-1.280488255	-0.530893045	0
34.86	-1.293616255	-0.466262698	0
34.88	-1.303585362	-0.401601428	0
34.9	-1.310422681	-0.337059137	0
34.92	-1.31416222	-0.272783079	0
34.94	-1.314844705	-0.208917557	0
34.96	-1.312517374	-0.145603629	0
34.98	-1.307233764	-0.082978819	0
35	-1.299053485	-0.021176851	0
35.02	-1.288041981	0.039672612	0
35.04	-1.274270283	0.099444205	0
35.06	-1.257814754	0.158017099	0
35.08	-1.238756818	0.215275208	0
35.1	-1.217182691	0.271107392	0
35.12	-1.193183095	0.325407643	0
35.14	-1.166852976	0.378075251	0
35.16	-1.138291206	0.429014962	0
35.18	-1.107600287	0.478137114	0
35.2	-1.074886052	0.525357761	0
35.22	-1.040257354	0.570598778	0
35.24	-1.003825763	0.613787956	0
35.26	-0.965705256	0.654859076	0
35.28	-0.926011908	0.693751966	0
35.3	-0.88486358	0.730412552	0
35.32	-0.842379611	0.764792882	0
35.34	-0.798680512	0.796851142	0
35.36	-0.753887657	0.826551653	0
35.38	-0.708122984	0.853864859	0
35.4	-0.661508694	0.878767295	0
35.42	-0.614166956	0.901241539	0
35.44	-0.566219617	0.921276161	0
35.46	-0.517787921	0.938865644	0
35.48	-0.468992225	0.954010304	0
35.5	-0.419951733	0.966716192	0
35.52	-0.370784228	0.976994981	0
35.54	-0.321605816	0.984863849	0
35.56	-0.272530681	0.990345345	0
35.58	-0.223670842	0.993467244	0
35.6	-0.175135924	0.994262395	0
35.62	-0.127032935	0.992768558	0
35.64	-0.079466062	0.989028231	0
35.66	-0.032536464	0.98308847	0
35.68	0.013657918	0.975000697	0
35.7	0.059022533	0.964820511	0
35.72	0.103466394	0.952607476	0
35.74	0.146902233	0.938424918	0
35.76	0.189246642	0.922339711	0
35.78	0.230420212	0.904422051	0
35.8	0.270347647	0.884745241	0
35.82	0.308957878	0.863385455	0
35.84	0.34618416	0.840421514	0
35.86	0.381964153	0.815934648	0
35.88	0.416239998	0.790008266	0
35.9	0.448958376	0.762727715	0
35.92	0.48007056	0.734180046	0
35.94	0.509532447	0.704453777	0
35.96	0.537304586	0.673638657	0
35.98	0.563352193	0.641825428	0
36	0.587645147	0.609105597	0
36.02	0.610157989	0.575571198	0
36.04	0.630869892	0.541314568	0
36.06	0.64976464	0.50642812	0
36.08	0.666830576	0.471004124	0
36.1	0.682060559	0.435134482	0
36.12	0.695451893	0.398910525	0
36.14	0.707006264	0.362422799	0
36.16	0.716729651	0.325760865	0
36.18	0.724632242	0.2890131	0
36.2	0.730728332	0.252266513	0
36.22	0.735036218	0.215606556	0
36.24	0.73757808	0.179116948	0
36.26	0.738379867	0.142879512	0
36.28	0.73747116	0.106974005	0
36.3	0.734885042	0.071477972	0
36.32	0.730657953	0.036466595	0
36.34	0.724829545	0.002012559	0
36.36	0.717442531	-0.031814079	0
36.38	0.708542523	-0.064946007	0
36.4	0.698177876	-0.097318773	0
36.42	0.686399522	-0.128870884	0
36.44	0.673260799	-0.159543904	0
36.46	0.658817284	-0.189282531	0
36.48	0.643126616	-0.21803468	0
36.5	0.626248325	-0.245751545	0
36.52	0.608243652	-0.272387656	0
36.54	0.589175371	-0.297900929	0
36.56	0.569107615	-0.322252701	0
36.58	0.548105694	-0.345407767	0
36.6	0.52623592	-0.36733439	0
36.62	0.503565428	-0.388004325	0
36.64	0.480162002	-0.407392813	0
36.66	0.456093899	-0.425478583	0
36.68	0.43142968	-0.442243833	0
36.7	0.406238038	-0.457674212	0
36.72	0.380587632	-0.47175879	0
36.74	0.354546922	-0.48449002	0
36.76	0.328184014	-0.495863694	0
36.78	0.301566497	-0.505878889	0
36.8	0.274761294	-0.514537911	0
36.82	0.247834516	-0.521846228	0
36.84	0.220851315	-0.527812397	0
36.86	0.193875749	-0.532447988	0
36.88	0.166970649	-0.535767495	0
36.9	0.140197489	-0.537788253	0
36.92	0.113616269	-0.538530338	0
36.94	0.087285394	-0.538016469	0
36.96	0.061261567	-0.536271906	0
36.98	0.035599685	-0.533324335	0
37	0.010352743	-0.529203764	0
37.02	-0.01442826	-0.523942401	0
37.04	-0.038694403	-0.517574537	0
37.06	-0.062398921	-0.510136425	0
37.08	-0.085497277	-0.501666154	0
37.1	-0.107947223	-0.492203525	0
37.12	-0.129708863	-0.48178992	0
37.14	-0.150744698	-0.470468176	0
37.16	-0.171019674	-0.458282451	0
37.18	-0.190501215	-0.445278095	0
37.2	-0.20915926	-0.431501516	0
37.22	-0.226966278	-0.417000051	0
37.24	-0.243897292	-0.401821834	0
37.26	-0.259929886	-0.386015663	0
37.28	-0.275044212	-0.369630873	0
37.3	-0.289222984	-0.352717204	0
37.32	-0.302451473	-0.335324676	0
37.34	-0.31471749	-0.317503466	0
37.36	-0.326011369	-0.299303777	0
37.38	-0.336325937	-0.280775724	0
37.4	-0.345656486	-0.261969214	0
37.42	-0.354000733	-0.242933827	0
37.44	-0.361358779	-0.223718706	0
37.46	-0.367733064	-0.20437245	0
37.48	-0.373128312	-0.184943001	0
37.5	-0.377551476	-0.165477549	0
37.52	-0.381011678	-0.14602243	0
37.54	-0.383520141	-0.126623031	0
37.56	-0.385090125	-0.107323703	0
37.58	-0.385736852	-0.08816767	0
37.6	-0.385477431	-0.069196954	0
37.62	-0.384330777	-0.05045229	0
37.64	-0.382317535	-0.031973062	0
37.66	-0.379459991	-0.013797229	0
37.68	-0.375781986	0.004038734	0
37.7	-0.371308831	0.021499897	0
37.72	-0.366067212	0.038552923	0
37.74	-0.360085101	0.055166124	0
37.76	-0.353391665	0.071309495	0
37.78	-0.346017164	0.086954761	0
37.8	-0.337992867	0.102075403	0
37.82	-0.329350945	0.11664669	0
37.84	-0.320124385	0.130645701	0
37.86	-0.310346887	0.144051345	0
37.88	-0.300052774	0.156844373	0
37.9	-0.289276892	0.169007386	0
37.92	-0.278054518	0.180524842	0
37.94	-0.266421267	0.191383055	0
37.96	-0.254412996	0.201570186	0
37.98	-0.242065716	0.211076239	0
38	-0.229415501	0.219893046	0
38.02	-0.216498398	0.228014244	0
38.04	-0.203350345	0.235435263	0
38.06	-0.190007083	0.242153289	0
38.08	-0.176504075	0.248167244	0
38.1	-0.162876424	0.253477747	0
38.12	-0.149158802	0.258087079	0
38.14	-0.13538537	0.261999145	0
38.16	-0.121589706	0.265219425	0
38.18	-0.10780474	0.267754937	0
38.2	-0.094062686	0.26961418	0
38.22	-0.080394977	0.270807087	0
38.24	-0.06683221	0.271344969	0
38.26	-0.053404087	0.271240462	0
38.28	-0.040139362	0.270507463	0
38.3	-0.027065792	0.269161076	0
38.32	-0.01421009	0.267217548	0
38.34	-0.001597886	0.264694204	0
38.36	0.010746317	0.261609385	0
38.38	0.022799175	0.257982382	0
38.4	0.034538535	0.253833366	0
38.42	0.045943465	0.249183326	0
38.44	0.056994279	0.244053997	0
38.46	0.067672555	0.238467794	0
38.48	0.077961155	0.23244774	0
38.5	0.087844238	0.226017402	0
38.52	0.097307273	0.21920082	0
38.54	0.106337042	0.212022439	0
38.56	0.114921647	0.20450704	0
38.58	0.123050511	0.196679675	0
38.6	0.130714372	0.188565602	0
38.62	0.137905281	0.180190214	0
38.64	0.144616588	0.171578981	0
38.66	0.150842936	0.162757381	0
38.68	0.156580242	0.153750844	0
38.7	0.161825681	0.144584687	0
38.72	0.166577664	0.135284056	0
38.74	0.170835818	0.125873873	0
38.76	0.174600957	0.116378774	0
38.78	0.177875056	0.106823059	0
38.8	0.180661223	0.097230643	0
38.82	0.182963662	0.087625001	0
38.84	0.184787644	0.078029126	0
38.86	0.186139467	0.068465479	0
38.88	0.18702642	0.058955952	0
38.9	0.187456745	0.049521821	0
38.92	0.187439591	0.040183714	0
38.94	0.186984979	0.03096157	0
38.96	0.186103754	0.02187461	0
38.98	0.184807541	0.012941305	0
39	0.1831087	0.004179346	0
39.02	0.18102028	-0.00439438	0
39.04	0.178555974	-0.012763811	0
39.06	0.175730068	-0.020913736	0
39.08	0.172557394	-0.028829809	0
39.1	0.169053284	-0.036498564	0
39.12	0.16523352	-0.043907431	0
39.14	0.161114287	-0.051044746	0
39.16	0.156712123	-0.057899755	0
39.18	0.152043872	-0.064462626	0
39.2	0.147126635	-0.070724447	0
39.22	0.141977726	-0.07667723	0
39.24	0.136614623	-0.082313909	0
39.26	0.13105492	-0.087628336	0
39.28	0.125316285	-0.092615275	0
39.3	0.119416414	-0.097270394	0
39.32	0.113372987	-0.101590257	0
39.34	0.107203627	-0.10557231	0
39.36	0.100925857	-0.109214868	0
39.38	0.09455706	-0.112517099	0
39.4	0.08811444	-0.115479009	0
39.42	0.081614984	-0.118101417	0
39.44	0.075075426	-0.120385943	0
39.46	0.068512214	-0.122334979	0
39.48	0.061941473	-0.123951667	0
39.5	0.055378975	-0.125239876	0
39.52	0.048840109	-0.126204176	0
39.54	0.042339852	-0.126849808	0
39.56	0.035892741	-0.12718266	0
39.58	0.029512851	-0.127209233	0
39.6	0.023213766	-0.126936615	0
39.62	0.017008565	-0.126372448	0
39.64	0.010909792	-0.125524898	0
39.66	0.004929446	-0.124402623	0
39.68	-0.000921037	-0.123014739	0
39.7	-0.006630804	-0.121370789	0
39.72	-0.012189591	-0.119480708	0
39.74	-0.017587739	-0.117354792	0
39.76	-0.022816201	-0.115003662	0
39.78	-0.027866552	-0.112438234	0
39.8	-0.032730992	-0.10966968	0
39.82	-0.037402353	-0.106709401	0
39.84	-0.041874102	-0.103568991	0
39.86	-0.046140338	-0.100260203	0
39.88	-0.050195796	-0.096794918	0
39.9	-0.054035843	-0.093185115	0
39.92	-0.057656475	-0.089442835	0
39.94	-0.061054311	-0.085580153	0
39.96	-0.064226589	-0.081609149	0
39.98	-0.067171152	-0.077541876	0
40	-0.069886449	-0.073390331	0
40.02	-0.072371514	-0.069166431	0
40.04	-0.074625961	-0.064881979	0
40.06	-0.076649971	-0.060548646	0
40.08	-0.078444272	-0.056177939	0
40.1	-0.080010134	-0.051781179	0
40.12	-0.081349344	-0.047369481	0
40.14	-0.082464193	-0.042953725	0
40.16	-0.083357461	-0.038544544	0
40.18	-0.084032394	-0.034152294	0
40.2	-0.084492686	-0.029787042	0
40.22	-0.08474246	-0.02545855	0
40.24	-0.084786251	-0.021176249	0
40.26	-0.084628976	-0.016949236	0
40.28	-0.084275924	-0.012786249	0
40.3	-0.083732724	-0.008695663	0
40.32	-0.08300533	-0.004685472	0
40.34	-0.082099996	-0.000763282	0
40.36	-0.081023253	0.003063698	0
40.38	-0.079781887	0.006788668	0
40.4	-0.078382915	0.010405237	0
40.42	-0.076833566	0.013907436	0
40.44	-0.075141253	0.017289715	0
40.46	-0.073313554	0.020546955	0
40.48	-0.071358188	0.02367446	0
40.5	-0.069282994	0.026667967	0
40.52	-0.067095905	0.029523641	0
40.54	-0.064804933	0.032238075	0
40.56	-0.062418141	0.034808288	0
40.58	-0.059943626	0.037231721	0
40.6	-0.057389495	0.039506236	0
40.62	-0.054763848	0.041630105	0
40.64	-0.052074758	0.043602011	0
40.66	-0.04933025	0.045421036	0
40.68	-0.046538285	0.047086656	0
40.7	-0.043706738	0.04859873	0
40.72	-0.040843385	0.049957495	0
40.74	-0.037955886	0.051163552	0
40.76	-0.035051766	0.052217856	0
40.78	-0.032138403	0.053121709	0
40.8	-0.029223013	0.053876744	0
40.82	-0.026312634	0.054484911	0
40.84	-0.023414116	0.054948471	0
40.86	-0.020534109	0.055269977	0
40.88	-0.017679049	0.055452262	0
40.9	-0.014855149	0.055498427	0
40.92	-0.01206839	0.055411822	0
40.94	-0.009324513	0.055196038	0
40.96	-0.006629007	0.054854886	0
40.98	-0.003987106	0.054392386	0
41	-0.001403782	0.053812751	0
41.02	0.001116265	0.053120369	0
41.04	0.003568605	0.052319792	0
41.06	0.005949087	0.051415719	0
41.08	0.00825384	0.050412981	0
41.1	0.010479274	0.049316523	0
41.12	0.012622088	0.048131394	0
41.14	0.014679262	0.046862727	0
41.16	0.016648064	0.045515728	0
41.18	0.018526045	0.044095659	0
41.2	0.020311042	0.042607826	0
41.22	0.022001173	0.041057561	0
41.24	0.023594834	0.039450211	0
41.26	0.025090699	0.037791126	0
41.28	0.026487712	0.036085641	0
41.3	0.027785087	0.034339068	0
41.32	0.028982299	0.032556681	0
41.34	0.030079082	0.030743703	0
41.36	0.03107542	0.028905298	0
41.38	0.031971543	0.027046557	0
41.4	0.032767919	0.025172488	0
41.42	0.033465246	0.023288006	0
41.44	0.034064445	0.021397922	0
41.46	0.034566654	0.019506938	0
41.48	0.034973214	0.017619632	0
41.5	0.035285668	0.015740456	0
41.52	0.035505746	0.013873723	0
41.54	0.035635356	0.012023605	0
41.56	0.03567658	0.010194122	0
41.58	0.035631659	0.008389138	0
41.6	0.035502986	0.006612358	0
41.62	0.035293092	0.004867318	0
41.64	0.035004644	0.003157384	0
41.66	0.034640427	0.001485747	0
41.68	0.034203339	-0.000144579	0
41.7	0.033696378	-0.00173076	0
41.72	0.033122634	-0.003270148	0
41.74	0.032485276	-0.004760276	0
41.76	0.031787547	-0.006198865	0
41.78	0.03103275	-0.007583822	0
41.8	0.030224239	-0.008913239	0
41.82	0.029365409	-0.010185399	0
41.84	0.028459689	-0.011398765	0
41.86	0.02751053	-0.01255199	0
41.88	0.026521397	-0.013643907	0
41.9	0.02549576	-0.01467353	0
41.92	0.024437085	-0.015640054	0
41.94	0.023348826	-0.016542848	0
41.96	0.022234415	-0.017381455	0
41.98	0.021097258	-0.018155586	0
42	0.019940724	-0.018865118	0
42.02	0.018768136	-0.01951009	0
42.04	0.017582771	-0.020090699	0
42.06	0.016387845	-0.020607291	0
42.08	0.015186512	-0.021060361	0
42.1	0.013981855	-0.021450548	0
42.12	0.012776883	-0.021778624	0
42.14	0.011574523	-0.022045496	0
42.16	0.010377616	-0.022252192	0
42.18	0.009188912	-0.022399864	0
42.2	0.008011068	-0.022489774	0
42.22	0.006846639	-0.022523292	0
42.24	0.005698078	-0.022501888	0
42.26	0.004567734	-0.022427129	0
42.28	0.003457844	-0.022300667	0
42.3	0.002370536	-0.022124237	0
42.32	0.001307823	-0.021899648	0
42.34	0.000271602	-0.021628779	0
42.36	-0.000736347	-0.02131357	0
42.38	-0.001714361	-0.020956014	0
42.4	-0.002660898	-0.020558158	0
42.42	-0.003574536	-0.020122087	0
42.44	-0.004453971	-0.019649923	0
42.46	-0.005298022	-0.019143821	0
42.48	-0.006105625	-0.018605955	0
42.5	-0.006875837	-0.01803852	0
42.52	-0.007607831	-0.017443721	0
42.54	-0.008300899	-0.01682377	0
42.56	-0.008954448	-0.01618088	0
42.58	-0.009567996	-0.015517256	0
42.6	-0.010141177	-0.014835094	0
42.62	-0.010673732	-0.014136575	0
42.64	-0.011165509	-0.013423859	0
42.66	-0.011616461	-0.012699078	0
42.68	-0.012026642	-0.011964338	0
42.7	-0.012396207	-0.011221707	0
42.72	-0.012725405	-0.010473217	0
42.74	-0.013014577	-0.009720854	0
42.76	-0.013264154	-0.008966562	0
42.78	-0.01347465	-0.00821223	0
42.8	-0.013646665	-0.007459699	0
42.82	-0.013780873	-0.006710749	0
42.84	-0.013878023	-0.005967103	0
42.86	-0.013938936	-0.005230423	0
42.88	-0.013964496	-0.004502305	0
42.9	-0.013955651	-0.003784279	0
42.92	-0.013913407	-0.003077808	0
42.94	-0.013838822	-0.002384283	0
42.96	-0.013733006	-0.001705025	0
42.98	-0.013597112	-0.001041281	0
43	-0.013432337	-0.000394225	0
43.02	-0.013239912	0.000235043	0
43.04	-0.013021103	0.0008455	0
43.06	-0.012777205	0.001436198	0
43.08	-0.012509537	0.002006265	0
43.1	-0.012219438	0.002554904	0
43.12	-0.011908267	0.003081395	0
43.14	-0.011577393	0.003585094	0
43.16	-0.011228195	0.004065429	0
43.18	-0.010862058	0.004521905	0
43.2	-0.010480369	0.004954099	0
43.22	-0.010084512	0.005361661	0
43.24	-0.009675869	0.00574431	0
43.26	-0.009255811	0.006101837	0
43.28	-0.008825697	0.006434101	0
43.3	-0.008386874	0.006741025	0
43.32	-0.00794067	0.0070226	0
43.34	-0.007488393	0.007278878	0
43.36	-0.007031327	0.007509974	0
43.38	-0.006570732	0.007716059	0
43.4	-0.006107839	0.007897363	0
43.42	-0.005643848	0.008054171	0
43.44	-0.00517993	0.008186819	0
43.46	-0.004717217	0.008295694	0
43.48	-0.004256809	0.008381229	0
43.5	-0.003799764	0.008443904	0
43.52	-0.003347105	0.008484241	0
43.54	-0.002899811	0.008502801	0
43.56	-0.002458819	0.008500184	0
43.58	-0.002025025	0.008477023	0
43.6	-0.001599279	0.008433985	0
43.62	-0.001182386	0.008371766	0
43.64	-0.000775105	0.008291089	0
43.66	-0.000378151	0.008192701	0
43.68	7.81039E-06	0.008077371	0
43.7	0.00038216	0.007945888	0
43.72	0.000744324	0.007799056	0
43.74	0.001093779	0.007637696	0
43.76	0.001430045	0.007462638	0
43.78	0.001752693	0.007274722	0
43.8	0.002061337	0.007074796	0
43.82	0.00235564	0.006863711	0
43.84	0.002635309	0.006642323	0
43.86	0.002900096	0.006411483	0
43.88	0.003149799	0.006172046	0
43.9	0.003384258	0.005924859	0
43.92	0.003603357	0.005670763	0
43.94	0.00380702	0.005410593	0
43.96	0.003995214	0.005145172	0
43.98	0.004167942	0.004875313	0
44	0.004325249	0.004601813	0
44.02	0.004467214	0.004325458	0
44.04	0.004593955	0.004047014	0
44.06	0.004705622	0.00376723	0
44.08	0.004802398	0.003486836	0
44.1	0.004884498	0.003206542	0
44.12	0.004952168	0.002927035	0
44.14	0.005005681	0.00264898	0
44.16	0.005045338	0.002373019	0
44.18	0.005071465	0.002099767	0
44.2	0.005084411	0.001829815	0
44.22	0.005084548	0.001563729	0
44.24	0.00507227	0.001302045	0
44.26	0.005047987	0.001045275	0
44.28	0.005012129	0.0007939	0
44.3	0.00496514	0.000548376	0
44.32	0.004907479	0.000309128	0
44.34	0.004839618	7.65538E-05	0
44.36	0.004762038	-0.000148979	0
44.38	0.004675232	-0.00036713	0
44.4	0.0045797	-0.000577589	0
44.42	0.004475948	-0.000780074	0
44.44	0.004364487	-0.000974333	0
44.46	0.004245832	-0.001160139	0
44.48	0.004120499	-0.001337296	0
44.5	0.003989005	-0.001505635	0
44.52	0.003851869	-0.001665013	0
44.54	0.003709605	-0.001815317	0
44.56	0.003562724	-0.001956456	0
44.58	0.003411735	-0.002088367	0
44.6	0.003257138	-0.002211014	0
44.62	0.003099431	-0.00232438	0
44.64	0.002939101	-0.002428477	0
44.66	0.002776626	-0.002523337	0
44.68	0.002612477	-0.002609015	0
44.7	0.002447113	-0.002685586	0
44.72	0.002280982	-0.002753148	0
44.74	0.002114519	-0.002811817	0
44.76	0.001948148	-0.002861726	0
44.78	0.001782279	-0.002903029	0
44.8	0.001617306	-0.002935895	0
44.82	0.001453611	-0.002960508	0
44.84	0.00129156	-0.002977069	0
44.86	0.001131501	-0.002985791	0
44.88	0.00097377	-0.002986902	0
44.9	0.000818685	-0.002980639	0
44.92	0.000666545	-0.002967252	0
44.94	0.000517635	-0.002947002	0
44.96	0.000372223	-0.002920155	0
44.98	0.000230558	-0.002886991	0
45	9.28727E-05	-0.002847791	0
45.02	-4.0618E-05	-0.002802846	0
45.04	-0.000169716	-0.002752452	0
45.06	-0.000294241	-0.002696907	0
45.08	-0.000414029	-0.002636514	0
45.1	-0.000528935	-0.00257158	0
45.12	-0.000638829	-0.00250241	0
45.14	-0.000743599	-0.002429314	0
45.16	-0.000843148	-0.002352599	0
45.18	-0.000937397	-0.002272572	0
45.2	-0.001026282	-0.00218954	0
45.22	-0.001109754	-0.002103805	0
45.24	-0.00118778	-0.002015669	0
45.26	-0.001260341	-0.001925428	0
45.28	-0.001327433	-0.001833375	0
45.3	-0.001389067	-0.001739798	0
45.32	-0.001445264	-0.00164498	0
45.34	-0.001496062	-0.001549198	0
45.36	-0.001541509	-0.00145272	0
45.38	-0.001581664	-0.001355811	0
45.4	-0.001616601	-0.001258727	0
45.42	-0.001646401	-0.001161714	0
45.44	-0.001671158	-0.001065013	0
45.46	-0.001690973	-0.000968854	0
45.48	-0.00170596	-0.000873461	0
45.5	-0.001716238	-0.000779047	0
45.52	-0.001721935	-0.000685814	0
45.54	-0.001723188	-0.000593957	0
45.56	-0.001720138	-0.000503661	0
45.58	-0.001712934	-0.0004151	0
45.6	-0.001701731	-0.000328438	0
45.62	-0.001686687	-0.00024383	0
45.64	-0.001667968	-0.000161419	0
45.66	-0.00164574	-8.134E-05	0
45.68	-0.001620174	-3.71525E-06	0
45.7	-0.001591445	7.13416E-05	0
45.72	-0.00155973	0.000143727	0
45.74	-0.001525205	0.00021335	0
45.76	-0.001488051	0.000280125	0
45.78	-0.001448446	0.000343981	0
45.8	-0.001406573	0.000404854	0
45.82	-0.00136261	0.000462691	0
45.84	-0.001316738	0.000517447	0
45.86	-0.001269134	0.000569088	0
45.88	-0.001219975	0.000617589	0
45.9	-0.001169437	0.000662931	0
45.92	-0.001117691	0.000705107	0
45.94	-0.001064909	0.000744117	0
45.96	-0.001011257	0.000779967	0
45.98	-0.000956898	0.000812675	0
46	-0.000901993	0.000842263	0
46.02	-0.000846698	0.000868761	0
46.04	-0.000791164	0.000892206	0
46.06	-0.000735538	0.000912642	0
46.08	-0.000679965	0.000930118	0
46.1	-0.000624581	0.000944691	0
46.12	-0.000569519	0.000956421	0
46.14	-0.000514906	0.000965374	0
46.16	-0.000460865	0.000971621	0
46.18	-0.000407513	0.000975238	0
46.2	-0.000354959	0.000976306	0
46.22	-0.00030331	0.000974906	0
46.24	-0.000252664	0.000971126	0
46.26	-0.000203115	0.000965057	0
46.28	-0.000154751	0.00095679	0
46.3	-0.000107652	0.000946422	0
46.32	-6.18947E-05	0.000934049	0
46.34	-1.75485E-05	0.000919772	0
46.36	2.5323E-05	0.00090369	0
46.38	6.6662E-05	0.000885906	0
46.4	0.000106417	0.000866523	0
46.42	0.000144541	0.000845643	0
46.44	0.000180994	0.000823371	0
46.46	0.000215742	0.00079981	0
46.48	0.000248755	0.000775063	0
46.5	0.000280009	0.000749235	0
46.52	0.000309485	0.000722426	0
46.54	0.000337171	0.000694738	0
46.56	0.000363058	0.000666271	0
46.58	0.000387142	0.000637124	0
46.6	0.000409425	0.000607394	0
46.62	0.000429912	0.000577175	0
46.64	0.000448614	0.000546561	0
46.66	0.000465545	0.000515643	0
46.68	0.000480722	0.000484509	0
46.7	0.000494169	0.000453246	0
46.72	0.000505912	0.000421936	0
46.74	0.000515978	0.000390662	0
46.76	0.000524402	0.0003595	0
46.78	0.000531219	0.000328525	0
46.8	0.000536467	0.000297809	0
46.82	0.000540188	0.000267422	0
46.84	0.000542425	0.000237428	0
46.86	0.000543224	0.000207889	0
46.88	0.000542633	0.000178865	0
46.9	0.000540703	0.000150411	0
46.92	0.000537484	0.000122579	0
46.94	0.00053303	9.54181E-05	0
46.96	0.000527396	6.89735E-05	0
46.98	0.000520636	4.32871E-05	0
47	0.000512808	1.83975E-05	0
47.02	0.000503969	-5.66011E-06	0
47.04	0.000494176	-2.8854E-05	0
47.06	0.000483488	-5.11557E-05	0
47.08	0.000471964	-7.25399E-05	0
47.1	0.000459662	-9.29847E-05	0
47.12	0.000446641	-0.000112471	0
47.14	0.000432959	-0.000130984	0
47.16	0.000418674	-0.00014851	0
47.18	0.000403843	-0.00016504	0
47.2	0.000388524	-0.000180567	0
47.22	0.000372773	-0.000195087	0
47.24	0.000356646	-0.000208598	0
47.26	0.000340195	-0.000221103	0
47.28	0.000323475	-0.000232605	0
47.3	0.000306538	-0.00024311	0
47.32	0.000289435	-0.000252628	0
47.34	0.000272214	-0.000261168	0
47.36	0.000254925	-0.000268744	0
47.38	0.000237612	-0.000275372	0
47.4	0.000220322	-0.000281068	0
47.42	0.000203097	-0.00028585	0
47.44	0.000185979	-0.00028974	0
47.46	0.000169008	-0.000292758	0
47.48	0.000152221	-0.00029493	0
47.5	0.000135656	-0.000296279	0
47.52	0.000119345	-0.000296832	0
47.54	0.000103322	-0.000296615	0
47.56	8.76166E-05	-0.000295657	0
47.58	7.22581E-05	-0.000293987	0
47.6	5.7273E-05	-0.000291634	0
47.62	4.26859E-05	-0.00028863	0
47.64	2.85199E-05	-0.000285006	0
47.66	1.47958E-05	-0.000280792	0
47.68	1.53281E-06	-0.000276022	0
47.7	-1.1252E-05	-0.000270727	0
47.72	-2.35431E-05	-0.00026494	0
47.74	-3.53271E-05	-0.000258693	0
47.76	-4.65923E-05	-0.000252019	0
47.78	-5.73285E-05	-0.000244951	0
47.8	-6.75277E-05	-0.00023752	0
47.82	-7.71832E-05	-0.00022976	0
47.84	-8.62901E-05	-0.000221701	0
47.86	-9.4845E-05	-0.000213376	0
47.88	-0.000102846	-0.000204815	0
47.9	-0.000110293	-0.000196049	0
47.92	-0.000117188	-0.000187107	0
47.94	-0.000123531	-0.00017802	0
47.96	-0.000129329	-0.000168815	0
47.98	-0.000134585	-0.00015952	0
48	-0.000139306	-0.000150163	0
48.02	-0.000143499	-0.00014077	0
48.04	-0.000147174	-0.000131366	0
48.06	-0.000150339	-0.000121975	0
48.08	-0.000153005	-0.000112622	0
48.1	-0.000155184	-0.000103328	0
48.12	-0.000156888	-9.41163E-05	0
48.14	-0.000158131	-8.50064E-05	0
48.16	-0.000158925	-7.6018E-05	0
48.18	-0.000159286	-6.717E-05	0
48.2	-0.000159228	-5.84797E-05	0
48.22	-0.000158768	-4.99637E-05	0
48.24	-0.000157921	-4.16374E-05	0
48.26	-0.000156703	-3.35151E-05	0
48.28	-0.000155132	-2.56102E-05	0
48.3	-0.000153224	-1.79349E-05	0
48.32	-0.000150998	-1.05004E-05	0
48.34	-0.00014847	-3.31693E-06	0
48.36	-0.000145659	3.60642E-06	0
48.38	-0.000142581	1.02615E-05	0
48.4	-0.000139256	1.66412E-05	0
48.42	-0.0001357	2.27393E-05	0
48.44	-0.000131931	2.85507E-05	0
48.46	-0.000127968	3.40711E-05	0
48.48	-0.000123827	3.92971E-05	0
48.5	-0.000119526	4.42263E-05	0
48.52	-0.000115081	4.88571E-05	0
48.54	-0.00011051	5.31887E-05	0
48.56	-0.00010583	5.72212E-05	0
48.58	-0.000101056	6.09554E-05	0
48.6	-9.62038E-05	6.43929E-05	0
48.62	-9.12894E-05	6.75359E-05	0
48.64	-8.63276E-05	7.03874E-05	0
48.66	-8.1333E-05	7.29511E-05	0
48.68	-7.63197E-05	7.52311E-05	0
48.7	-7.13014E-05	7.72322E-05	0
48.72	-6.62912E-05	7.89599E-05	0
48.74	-6.13016E-05	8.04199E-05	0
48.76	-5.6345E-05	8.16186E-05	0
48.78	-5.14326E-05	8.25628E-05	0
48.8	-4.65757E-05	8.32597E-05	0
48.82	-4.17846E-05	8.37168E-05	0
48.84	-3.70692E-05	8.3942E-05	0
48.86	-3.24389E-05	8.39436E-05	0
48.88	-2.79024E-05	8.373E-05	0
48.9	-2.34678E-05	8.331E-05	0
48.92	-1.91427E-05	8.26925E-05	0
48.94	-1.49343E-05	8.18866E-05	0
48.96	-1.08488E-05	8.09016E-05	0
48.98	-6.89222E-06	7.97468E-05	0
49	-3.06987E-06	7.84317E-05	0
49.02	6.13473E-07	7.69659E-05	0
49.04	4.15359E-06	7.53588E-05	0
49.06	7.54679E-06	7.36201E-05	0
49.08	1.07899E-05	7.17593E-05	0
49.1	1.38803E-05	6.97859E-05	0
49.12	1.68157E-05	6.77093E-05	0
49.14	1.95946E-05	6.55388E-05	0
49.16	2.22158E-05	6.32838E-05	0
49.18	2.46784E-05	6.09533E-05	0
49.2	2.69822E-05	5.85562E-05	0
49.22	2.91274E-05	5.61014E-05	0
49.24	3.11145E-05	5.35973E-05	0
49.26	3.29443E-05	5.10525E-05	0
49.28	3.46184E-05	4.84752E-05	0
49.3	3.61382E-05	4.58731E-05	0
49.32	3.75058E-05	4.32541E-05	0
49.34	3.87236E-05	4.06257E-05	0
49.36	3.97941E-05	3.7995E-05	0
49.38	4.07204E-05	3.53689E-05	0
49.4	4.15055E-05	3.27542E-05	0
49.42	4.2153E-05	3.01571E-05	0
49.44	4.26665E-05	2.75837E-05	0
49.46	4.30498E-05	2.50399E-05	0
49.48	4.3307E-05	2.2531E-05	0
49.5	4.34424E-05	2.00623E-05	0
49.52	4.34603E-05	1.76386E-05	0
49.54	4.33653E-05	1.52644E-05	0
49.56	4.31621E-05	1.29441E-05	0
49.58	4.28553E-05	1.06816E-05	0
49.6	4.24499E-05	8.48039E-06	0
49.62	4.19507E-05	6.34397E-06	0
49.64	4.13628E-05	4.27532E-06	0
49.66	4.06911E-05	2.27719E-06	0
49.68	3.99407E-05	3.52016E-07	0
49.7	3.91166E-05	-1.49804E-06	0
49.72	3.82238E-05	-3.27109E-06	0
49.74	3.72675E-05	-4.96555E-06	0
49.76	3.62525E-05	-6.58008E-06	0
49.78	3.51839E-05	-8.1136E-06	0
49.8	3.40666E-05	-9.56531E-06	0
49.82	3.29053E-05	-1.09346E-05	0
49.84	3.17049E-05	-1.22212E-05	0
49.86	3.047E-05	-1.3425E-05	0
49.88	2.92053E-05	-1.45462E-05	0
49.9	2.79152E-05	-1.5585E-05	0
49.92	2.6604E-05	-1.65419E-05	0
49.94	2.52762E-05	-1.74178E-05	0
49.96	2.39357E-05	-1.82136E-05	0
49.98	2.25867E-05	-1.89303E-05	0
50	2.12329E-05	-1.95693E-05	0
50.02	1.98782E-05	-2.01319E-05	0
50.04	1.8526E-05	-2.06196E-05	0
50.06	1.71799E-05	-2.10343E-05	0
50.08	1.58431E-05	-2.13777E-05	0
50.1	1.45188E-05	-2.16518E-05	0
50.12	1.32099E-05	-2.18586E-05	0
50.14	1.19192E-05	-2.20002E-05	0
50.16	1.06495E-05	-2.20789E-05	0
50.18	9.40315E-06	-2.2097E-05	0
50.2	8.18253E-06	-2.20569E-05	0
50.22	6.98982E-06	-2.1961E-05	0
50.24	5.82702E-06	-2.18118E-05	0
50.26	4.696E-06	-2.16118E-05	0
50.28	3.59844E-06	-2.13637E-05	0
50.3	2.53588E-06	-2.10699E-05	0
50.32	1.50971E-06	-2.07331E-05	0
50.34	5.21163E-07	-2.03558E-05	0
50.36	-4.2868E-07	-1.99409E-05	0
50.38	-1.33888E-06	-1.94907E-05	0
50.4	-2.20864E-06	-1.9008E-05	0
50.42	-3.03732E-06	-1.84953E-05	0
50.44	-3.82437E-06	-1.79552E-05	0
50.46	-4.56943E-06	-1.73902E-05	0
50.48	-5.27222E-06	-1.68028E-05	0
50.5	-5.93261E-06	-1.61954E-05	0
50.52	-6.55057E-06	-1.55706E-05	0
50.54	-7.1262E-06	-1.49305E-05	0
50.56	-7.6597E-06	-1.42776E-05	0
50.58	-8.15138E-06	-1.3614E-05	0
50.6	-8.60163E-06	-1.2942E-05	0
50.62	-9.01096E-06	-1.22637E-05	0
50.64	-9.37995E-06	-1.1581E-05	0
50.66	-9.70927E-06	-1.08961E-05	0
50.68	-9.99968E-06	-1.02107E-05	0
50.7	-1.0252E-05	-9.5268E-06	0
50.72	-1.04671E-05	-8.84602E-06	0
50.74	-1.06459E-05	-8.17007E-06	0
50.76	-1.07895E-05	-7.50053E-06	0
50.78	-1.08989E-05	-6.83892E-06	0
50.8	-1.09753E-05	-6.18666E-06	0
50.82	-1.10197E-05	-5.54508E-06	0
50.84	-1.10334E-05	-4.91545E-06	0
50.86	-1.10176E-05	-4.29893E-06	0
50.88	-1.09735E-05	-3.69663E-06	0
50.9	-1.09025E-05	-3.10955E-06	0
50.92	-1.08058E-05	-2.53861E-06	0
50.94	-1.06847E-05	-1.98467E-06	0
50.96	-1.05407E-05	-1.44848E-06	0
50.98	-1.03749E-05	-9.30745E-07	0
51	-1.01887E-05	-4.32064E-07	0
51.02	-9.9835E-06	4.70274E-08	0
51.04	-9.76059E-06	5.06069E-07	0
51.06	-9.52131E-06	9.44673E-07	0
51.08	-9.26696E-06	1.36252E-06	0
51.1	-8.99883E-06	1.75937E-06	0
51.12	-8.71822E-06	2.13504E-06	0
51.14	-8.42638E-06	2.4894E-06	0
51.16	-8.12455E-06	2.8224E-06	0
51.18	-7.81396E-06	3.13406E-06	0
51.2	-7.49578E-06	3.42441E-06	0
51.22	-7.17118E-06	3.69359E-06	0
51.24	-6.84129E-06	3.94176E-06	0
51.26	-6.50721E-06	4.16914E-06	0
51.28	-6.16999E-06	4.37598E-06	0
51.3	-5.83067E-06	4.56259E-06	0
51.32	-5.49024E-06	4.72934E-06	0
51.34	-5.14964E-06	4.87659E-06	0
51.36	-4.80979E-06	5.00478E-06	0
51.38	-4.47156E-06	5.11436E-06	0
51.4	-4.13579E-06	5.20582E-06	0
51.42	-3.80326E-06	5.27967E-06	0
51.44	-3.47473E-06	5.33646E-06	0
51.46	-3.1509E-06	5.37676E-06	0
51.48	-2.83243E-06	5.40115E-06	0
51.5	-2.51995E-06	5.41022E-06	0
51.52	-2.21404E-06	5.40462E-06	0
51.54	-1.91524E-06	5.38495E-06	0
51.56	-1.62404E-06	5.35188E-06	0
51.58	-1.3409E-06	5.30605E-06	0
51.6	-1.06624E-06	5.24813E-06	0
51.62	-8.00435E-07	5.17878E-06	0
51.64	-5.43811E-07	5.09866E-06	0
51.66	-2.9667E-07	5.00846E-06	0
51.68	-5.92686E-08	4.90883E-06	0
51.7	1.6817E-07	4.80044E-06	0
51.72	3.85462E-07	4.68395E-06	0
51.74	5.92457E-07	4.56002E-06	0
51.76	7.89038E-07	4.42929E-06	0
51.78	9.75123E-07	4.2924E-06	0
51.8	1.15066E-06	4.14998E-06	0
51.82	1.31563E-06	4.00265E-06	0
51.84	1.47004E-06	3.851E-06	0
51.86	1.61393E-06	3.69564E-06	0
51.88	1.74735E-06	3.53712E-06	0
51.9	1.87041E-06	3.37602E-06	0
51.92	1.98321E-06	3.21287E-06	0
51.94	2.08589E-06	3.0482E-06	0
51.96	2.17861E-06	2.88251E-06	0
51.98	2.26154E-06	2.71629E-06	0
52	2.33489E-06	2.55002E-06	0
52.02	2.39886E-06	2.38412E-06	0
52.04	2.45369E-06	2.21905E-06	0
52.06	2.49962E-06	2.0552E-06	0
52.08	2.53691E-06	1.89296E-06	0
52.1	2.56583E-06	1.73269E-06	0
52.12	2.58667E-06	1.57475E-06	0
52.14	2.59971E-06	1.41945E-06	0
52.16	2.60526E-06	1.2671E-06	0
52.18	2.60363E-06	1.11799E-06	0
52.2	2.59513E-06	9.72359E-07	0
52.22	2.58007E-06	8.30466E-07	0
52.24	2.55879E-06	6.92525E-07	0
52.26	2.53161E-06	5.58737E-07	0
52.28	2.49885E-06	4.29282E-07	0
52.3	2.46085E-06	3.04319E-07	0
52.32	2.41794E-06	1.83992E-07	0
52.34	2.37044E-06	6.8423E-08	0
52.36	2.31868E-06	-4.2284E-08	0
52.38	2.26299E-06	-1.48042E-07	0
52.4	2.20368E-06	-2.4878E-07	0
52.42	2.14108E-06	-3.44446E-07	0
52.44	2.0755E-06	-4.35003E-07	0
52.46	2.00723E-06	-5.20429E-07	0
52.48	1.93659E-06	-6.00717E-07	0
52.5	1.86387E-06	-6.75876E-07	0
52.52	1.78935E-06	-7.45925E-07	0
52.54	1.71331E-06	-8.10899E-07	0
52.56	1.63603E-06	-8.70846E-07	0
52.58	1.55776E-06	-9.25821E-07	0
52.6	1.47877E-06	-9.75896E-07	0
52.62	1.39929E-06	-1.02115E-06	0
52.64	1.31957E-06	-1.06167E-06	0
52.66	1.23983E-06	-1.09755E-06	0
52.68	1.16028E-06	-1.12891E-06	0
52.7	1.08114E-06	-1.15585E-06	0
52.72	1.00259E-06	-1.1785E-06	0
52.74	9.24829E-07	-1.19699E-06	0
52.76	8.48027E-07	-1.21144E-06	0
52.78	7.72351E-07	-1.222E-06	0
52.8	6.97956E-07	-1.22881E-06	0
52.82	6.24987E-07	-1.23201E-06	0
52.84	5.53578E-07	-1.23176E-06	0
52.86	4.83854E-07	-1.22821E-06	0
52.88	4.1593E-07	-1.22152E-06	0
52.9	3.49909E-07	-1.21184E-06	0
52.92	2.85887E-07	-1.19933E-06	0
52.94	2.23949E-07	-1.18415E-06	0
52.96	1.64169E-07	-1.16646E-06	0
52.98	1.06615E-07	-1.14641E-06	0
53	5.13442E-08	-1.12418E-06	0
53.02	-1.59533E-09	-1.09991E-06	0
53.04	-5.21633E-08	-1.07376E-06	0
53.06	-1.00328E-07	-1.04589E-06	0
53.08	-1.46065E-07	-1.01645E-06	0
53.1	-1.89359E-07	-9.85587E-07	0
53.12	-2.30201E-07	-9.53448E-07	0
53.14	-2.6859E-07	-9.2018E-07	0
53.16	-3.04529E-07	-8.85923E-07	0
53.18	-3.38032E-07	-8.50813E-07	0
53.2	-3.69116E-07	-8.14985E-07	0
53.22	-3.97804E-07	-7.78569E-07	0
53.24	-4.24126E-07	-7.41689E-07	0
53.26	-4.48116E-07	-7.04467E-07	0
53.28	-4.69813E-07	-6.67019E-07	0
53.3	-4.89261E-07	-6.29458E-07	0
53.32	-5.06507E-07	-5.91891E-07	0
53.34	-5.21605E-07	-5.5442E-07	0
53.36	-5.34609E-07	-5.17144E-07	0
53.38	-5.45578E-07	-4.80155E-07	0
53.4	-5.54573E-07	-4.43541E-07	0
53.42	-5.61659E-07	-4.07385E-07	0
53.44	-5.66903E-07	-3.71765E-07	0
53.46	-5.70373E-07	-3.36754E-07	0
53.48	-5.72141E-07	-3.0242E-07	0
53.5	-5.72277E-07	-2.68826E-07	0
53.52	-5.70856E-07	-2.36031E-07	0
53.54	-5.67951E-07	-2.04088E-07	0
53.56	-5.63638E-07	-1.73046E-07	0
53.58	-5.57992E-07	-1.42948E-07	0
53.6	-5.5109E-07	-1.13835E-07	0
53.62	-5.43006E-07	-8.57408E-08	0
53.64	-5.33818E-07	-5.86964E-08	0
53.66	-5.23599E-07	-3.2728E-08	0
53.68	-5.12425E-07	-7.85781E-09	0
53.7	-5.00369E-07	1.5896E-08	0
53.72	-4.87506E-07	3.85193E-08	0
53.74	-4.73906E-07	6.00016E-08	0
53.76	-4.59641E-07	8.03359E-08	0
53.78	-4.4478E-07	9.9519E-08	0
53.8	-4.29391E-07	1.17551E-07	0
53.82	-4.13541E-07	1.34434E-07	0
53.84	-3.97293E-07	1.50176E-07	0
53.86	-3.80711E-07	1.64785E-07	0
53.88	-3.63855E-07	1.78272E-07	0
53.9	-3.46784E-07	1.90653E-07	0
53.92	-3.29554E-07	2.01944E-07	0
53.94	-3.12221E-07	2.12163E-07	0
53.96	-2.94837E-07	2.21332E-07	0
53.98	-2.77452E-07	2.29475E-07	0
54	-2.60113E-07	2.36615E-07	0
54.02	-2.42866E-07	2.42779E-07	0
54.04	-2.25754E-07	2.47995E-07	0
54.06	-2.08819E-07	2.52293E-07	0
54.08	-1.92098E-07	2.55703E-07	0
54.1	-1.75627E-07	2.58256E-07	0
54.12	-1.59441E-07	2.59985E-07	0
54.14	-1.43571E-07	2.60923E-07	0
54.16	-1.28046E-07	2.61105E-07	0
54.18	-1.12892E-07	2.60564E-07	0
54.2	-9.81348E-08	2.59335E-07	0
54.22	-8.3796E-08	2.57455E-07	0
54.24	-6.98959E-08	2.54957E-07	0
54.26	-5.64524E-08	2.51878E-07	0
54.28	-4.34815E-08	2.48253E-07	0
54.3	-3.0997E-08	2.44118E-07	0
54.32	-1.90107E-08	2.39506E-07	0
54.34	-7.5326E-09	2.34455E-07	0
54.36	3.42928E-09	2.28996E-07	0
54.38	1.38687E-08	2.23166E-07	0
54.4	2.37812E-08	2.16997E-07	0
54.42	3.31638E-08	2.10521E-07	0
54.44	4.20155E-08	2.03772E-07	0
54.46	5.03364E-08	1.9678E-07	0
54.48	5.81285E-08	1.89576E-07	0
54.5	6.53948E-08	1.82191E-07	0
54.52	7.21398E-08	1.74652E-07	0
54.54	7.83692E-08	1.66988E-07	0
54.56	8.409E-08	1.59226E-07	0
54.58	8.93101E-08	1.51392E-07	0
54.6	9.40385E-08	1.43512E-07	0
54.62	9.82853E-08	1.35608E-07	0
54.64	1.02061E-07	1.27704E-07	0
54.66	1.05378E-07	1.19823E-07	0
54.68	1.08248E-07	1.11984E-07	0
54.7	1.10684E-07	1.04208E-07	0
54.72	1.127E-07	9.65125E-08	0
54.74	1.1431E-07	8.8916E-08	0
54.76	1.15529E-07	8.14345E-08	0
54.78	1.16372E-07	7.40834E-08	0
54.8	1.16853E-07	6.68769E-08	0
54.82	1.1699E-07	5.98283E-08	0
54.84	1.16798E-07	5.29496E-08	0
54.86	1.16292E-07	4.62519E-08	0
54.88	1.1549E-07	3.97452E-08	0
54.9	1.14407E-07	3.34386E-08	0
54.92	1.1306E-07	2.73402E-08	0
54.94	1.11465E-07	2.1457E-08	0
54.96	1.09637E-07	1.57953E-08	0
54.98	1.07595E-07	1.03601E-08	0
55	1.05352E-07	5.15593E-09	0
55.02	1.02925E-07	1.86258E-10	0
55.04	1.0033E-07	-4.54622E-09	0
55.06	9.75816E-08	-9.03962E-09	0
55.08	9.46946E-08	-1.32928E-08	0
55.1	9.1684E-08	-1.73054E-08	0
55.12	8.85639E-08	-2.10776E-08	0
55.14	8.53482E-08	-2.46105E-08	0
55.16	8.20506E-08	-2.79055E-08	0
55.18	7.86841E-08	-3.09649E-08	0
55.2	7.52614E-08	-3.37914E-08	0
55.22	7.17947E-08	-3.63883E-08	0
55.24	6.82958E-08	-3.87592E-08	0
55.26	6.47761E-08	-4.09084E-08	0
55.28	6.12463E-08	-4.28406E-08	0
55.3	5.77168E-08	-4.45606E-08	0
55.32	5.41974E-08	-4.60739E-08	0
55.34	5.06976E-08	-4.73863E-08	0
55.36	4.7226E-08	-4.85035E-08	0
55.38	4.37912E-08	-4.94321E-08	0
55.4	4.04009E-08	-5.01783E-08	0
55.42	3.70624E-08	-5.07489E-08	0
55.44	3.37827E-08	-5.11508E-08	0
55.46	3.0568E-08	-5.13909E-08	0
55.48	2.74243E-08	-5.14764E-08	0
55.5	2.43568E-08	-5.14146E-08	0
55.52	2.13706E-08	-5.12126E-08	0
55.54	1.847E-08	-5.08779E-08	0
55.56	1.56591E-08	-5.04178E-08	0
55.58	1.29414E-08	-4.98396E-08	0
55.6	1.03199E-08	-4.91508E-08	0
55.62	7.79748E-09	-4.83585E-08	0
55.64	5.37629E-09	-4.747E-08	0
55.66	3.05825E-09	-4.64926E-08	0
55.68	8.44855E-10	-4.54331E-08	0
55.7	-1.26276E-09	-4.42987E-08	0
55.72	-3.26382E-09	-4.30961E-08	0
55.74	-5.15787E-09	-4.1832E-08	0
55.76	-6.94481E-09	-4.0513E-08	0
55.78	-8.62483E-09	-3.91454E-08	0
55.8	-1.01984E-08	-3.77356E-08	0
55.82	-1.16663E-08	-3.62894E-08	0
55.84	-1.30296E-08	-3.48127E-08	0
55.86	-1.42895E-08	-3.33112E-08	0
55.88	-1.54475E-08	-3.17903E-08	0
55.9	-1.65054E-08	-3.02553E-08	0
55.92	-1.7465E-08	-2.87111E-08	0
55.94	-1.83285E-08	-2.71625E-08	0
55.96	-1.90982E-08	-2.56142E-08	0
55.98	-1.97764E-08	-2.40705E-08	0
56	-2.03658E-08	-2.25355E-08	0
56.02	-2.0869E-08	-2.10131E-08	0
56.04	-2.12889E-08	-1.9507E-08	0
56.06	-2.16284E-08	-1.80206E-08	0
56.08	-2.18904E-08	-1.65572E-08	0
56.1	-2.2078E-08	-1.51197E-08	0
56.12	-2.21944E-08	-1.3711E-08	0
56.14	-2.22428E-08	-1.23336E-08	0
56.16	-2.22263E-08	-1.09898E-08	0
56.18	-2.21482E-08	-9.68183E-09	0
56.2	-2.20117E-08	-8.41158E-09	0
56.22	-2.18202E-08	-7.18078E-09	0
56.24	-2.15769E-08	-5.99096E-09	0
56.26	-2.1285E-08	-4.84346E-09	0
56.28	-2.09478E-08	-3.73944E-09	0
56.3	-2.05685E-08	-2.67986E-09	0
56.32	-2.01502E-08	-1.66553E-09	0
56.34	-1.9696E-08	-6.97081E-10	0
56.36	-1.92091E-08	2.25027E-10	0
56.38	-1.86923E-08	1.10048E-09	0
56.4	-1.81487E-08	1.92911E-09	0
56.42	-1.75812E-08	2.71089E-09	0
56.44	-1.69925E-08	3.44594E-09	0
56.46	-1.63853E-08	4.1345E-09	0
56.48	-1.57623E-08	4.77693E-09	0
56.5	-1.51261E-08	5.3737E-09	0
56.52	-1.44791E-08	5.92539E-09	0
56.54	-1.38237E-08	6.4327E-09	0
56.56	-1.31622E-08	6.89638E-09	0
56.58	-1.24967E-08	7.3173E-09	0
56.6	-1.18294E-08	7.6964E-09	0
56.62	-1.11622E-08	8.03469E-09	0
56.64	-1.0497E-08	8.33326E-09	0
56.66	-9.83566E-09	8.59325E-09	0
56.68	-9.17982E-09	8.81583E-09	0
56.7	-8.53107E-09	9.00227E-09	0
56.72	-7.89092E-09	9.15383E-09	0
56.74	-7.26074E-09	9.27184E-09	0
56.76	-6.64183E-09	9.35765E-09	0
56.78	-6.03539E-09	9.41263E-09	0
56.8	-5.44252E-09	9.43817E-09	0
56.82	-4.86423E-09	9.43568E-09	0
56.84	-4.30144E-09	9.40657E-09	0
56.86	-3.75495E-09	9.35228E-09	0
56.88	-3.22553E-09	9.27423E-09	0
56.9	-2.7138E-09	9.17383E-09	0
56.92	-2.22035E-09	9.0525E-09	0
56.94	-1.74565E-09	8.91165E-09	0
56.96	-1.29012E-09	8.75266E-09	0
56.98	-8.54083E-10	8.5769E-09	0
57	-4.37805E-10	8.38572E-09	0
57.02	-4.14729E-11	8.18046E-09	0
57.04	3.3479E-10	7.9624E-09	0
57.06	6.90925E-10	7.73283E-09	0
57.08	1.02693E-09	7.49298E-09	0
57.1	1.34288E-09	7.24406E-09	0
57.12	1.63887E-09	6.98724E-09	0
57.14	1.91507E-09	6.72366E-09	0
57.16	2.17171E-09	6.45442E-09	0
57.18	2.40903E-09	6.18058E-09	0
57.2	2.62735E-09	5.90315E-09	0
57.22	2.827E-09	5.62311E-09	0
57.24	3.00837E-09	5.3414E-09	0
57.26	3.17186E-09	5.05891E-09	0
57.28	3.31792E-09	4.77649E-09	0
57.3	3.44702E-09	4.49495E-09	0
57.32	3.55966E-09	4.21505E-09	0
57.34	3.65635E-09	3.93751E-09	0
57.36	3.73763E-09	3.663E-09	0
57.38	3.80406E-09	3.39216E-09	0
57.4	3.8562E-09	3.12559E-09	0
57.42	3.89465E-09	2.86382E-09	0
57.44	3.91998E-09	2.60736E-09	0
57.46	3.9328E-09	2.35668E-09	0
57.48	3.93372E-09	2.1122E-09	0
57.5	3.92334E-09	1.8743E-09	0
57.52	3.90227E-09	1.64334E-09	0
57.54	3.87113E-09	1.41962E-09	0
57.56	3.83052E-09	1.20341E-09	0
57.58	3.78104E-09	9.94955E-10	0
57.6	3.7233E-09	7.94445E-10	0
57.62	3.65789E-09	6.02052E-10	0
57.64	3.58539E-09	4.17912E-10	0
57.66	3.50637E-09	2.4213E-10	0
57.68	3.42141E-09	7.47817E-11	0
57.7	3.33105E-09	-8.40862E-11	0
57.72	3.23583E-09	-2.34454E-10	0
57.74	3.13628E-09	-3.76327E-10	0
57.76	3.03291E-09	-5.09735E-10	0
57.78	2.92622E-09	-6.34732E-10	0
57.8	2.81668E-09	-7.51392E-10	0
57.82	2.70477E-09	-8.59812E-10	0
57.84	2.59092E-09	-9.60104E-10	0
57.86	2.47557E-09	-1.0524E-09	0
57.88	2.35912E-09	-1.13685E-09	0
57.9	2.24198E-09	-1.21362E-09	0
57.92	2.12452E-09	-1.28288E-09	0
57.94	2.00709E-09	-1.34482E-09	0
57.96	1.89003E-09	-1.39966E-09	0
57.98	1.77366E-09	-1.44759E-09	0
58	1.65828E-09	-1.48883E-09	0
58.02	1.54418E-09	-1.52363E-09	0
58.04	1.43162E-09	-1.55221E-09	0
58.06	1.32085E-09	-1.57481E-09	0
58.08	1.21208E-09	-1.59169E-09	0
58.1	1.10554E-09	-1.60309E-09	0
58.12	1.00142E-09	-1.60927E-09	0
58.14	8.99882E-10	-1.61047E-09	0
58.16	8.01098E-10	-1.60697E-09	0
58.18	7.05208E-10	-1.59901E-09	0
58.2	6.12337E-10	-1.58685E-09	0
58.22	5.22597E-10	-1.57075E-09	0
58.24	4.36085E-10	-1.55096E-09	0
58.26	3.52882E-10	-1.52774E-09	0
58.28	2.73057E-10	-1.50132E-09	0
58.3	1.96664E-10	-1.47196E-09	0
58.32	1.23744E-10	-1.4399E-09	0
58.34	5.43265E-11	-1.40536E-09	0
58.36	-1.15704E-11	-1.36859E-09	0
58.38	-7.39406E-11	-1.32981E-09	0
58.4	-1.32789E-10	-1.28923E-09	0
58.42	-1.88129E-10	-1.24707E-09	0
58.44	-2.39985E-10	-1.20353E-09	0
58.46	-2.88391E-10	-1.15882E-09	0
58.48	-3.33387E-10	-1.11313E-09	0
58.5	-3.75023E-10	-1.06664E-09	0
58.52	-4.13354E-10	-1.01953E-09	0
58.54	-4.48445E-10	-9.71969E-10	0
58.56	-4.80365E-10	-9.24122E-10	0
58.58	-5.09187E-10	-8.76143E-10	0
58.6	-5.34993E-10	-8.28179E-10	0
58.62	-5.57868E-10	-7.80369E-10	0
58.64	-5.779E-10	-7.32846E-10	0
58.66	-5.95181E-10	-6.85732E-10	0
58.68	-6.09808E-10	-6.39143E-10	0
58.7	-6.21878E-10	-5.93188E-10	0
58.72	-6.31494E-10	-5.47968E-10	0
58.74	-6.38756E-10	-5.03575E-10	0
58.76	-6.4377E-10	-4.60096E-10	0
58.78	-6.46641E-10	-4.17608E-10	0
58.8	-6.47474E-10	-3.76184E-10	0
58.82	-6.46376E-10	-3.35889E-10	0
58.84	-6.43454E-10	-2.96779E-10	0
58.86	-6.38813E-10	-2.58906E-10	0
58.88	-6.32559E-10	-2.22315E-10	0
58.9	-6.24796E-10	-1.87044E-10	0
58.92	-6.15629E-10	-1.53127E-10	0
58.94	-6.05159E-10	-1.20591E-10	0
58.96	-5.93486E-10	-8.94561E-11	0
58.98	-5.80711E-10	-5.97394E-11	0
59	-5.66928E-10	-3.1452E-11	0
59.02	-5.52234E-10	-4.60009E-12	0
59.04	-5.36719E-10	2.08145E-11	0
59.06	-5.20474E-10	4.47943E-11	0
59.08	-5.03586E-10	6.73461E-11	0
59.1	-4.86139E-10	8.84803E-11	0
59.12	-4.68215E-10	1.08211E-10	0
59.14	-4.49891E-10	1.26556E-10	0
59.16	-4.31244E-10	1.43536E-10	0
59.18	-4.12345E-10	1.59175E-10	0
59.2	-3.93264E-10	1.73499E-10	0
59.22	-3.74067E-10	1.86536E-10	0
59.24	-3.54817E-10	1.98318E-10	0
59.26	-3.35573E-10	2.08879E-10	0
59.28	-3.16392E-10	2.18252E-10	0
59.3	-2.97327E-10	2.26475E-10	0
59.32	-2.78428E-10	2.33585E-10	0
59.34	-2.59742E-10	2.39623E-10	0
59.36	-2.41311E-10	2.44628E-10	0
59.38	-2.23178E-10	2.48641E-10	0
59.4	-2.05379E-10	2.51705E-10	0
59.42	-1.87948E-10	2.53862E-10	0
59.44	-1.70917E-10	2.55155E-10	0
59.46	-1.54315E-10	2.55627E-10	0
59.48	-1.38168E-10	2.55321E-10	0
59.5	-1.22498E-10	2.54281E-10	0
59.52	-1.07326E-10	2.5255E-10	0
59.54	-9.26689E-11	2.5017E-10	0
59.56	-7.85429E-11	2.47184E-10	0
59.58	-6.49606E-11	2.43634E-10	0
59.6	-5.19325E-11	2.39561E-10	0
59.62	-3.94669E-11	2.35006E-10	0
59.64	-2.757E-11	2.30008E-10	0
59.66	-1.6246E-11	2.24607E-10	0
59.68	-5.49702E-12	2.18841E-10	0
59.7	4.67643E-12	2.12746E-10	0
59.72	1.42757E-11	2.06359E-10	0
59.74	2.33039E-11	1.99715E-10	0
59.76	3.17655E-11	1.92848E-10	0
59.78	3.96663E-11	1.8579E-10	0
59.8	4.70139E-11	1.78573E-10	0
59.82	5.38167E-11	1.71226E-10	0
59.84	6.00844E-11	1.63779E-10	0
59.86	6.58279E-11	1.5626E-10	0
59.88	7.10589E-11	1.48695E-10	0
59.9	7.57901E-11	1.41108E-10	0
59.92	8.0035E-11	1.33524E-10	0
59.94	8.38076E-11	1.25965E-10	0
59.96	8.71229E-11	1.18452E-10	0
59.98	8.99962E-11	1.11005E-10	0
60	9.24433E-11	1.03642E-10	0
60.02	9.44805E-11	9.63815E-11	0
60.04	9.61244E-11	8.92384E-11	0
60.06	9.73917E-11	8.22278E-11	0
60.08	9.82997E-11	7.53633E-11	0
60.1	9.88654E-11	6.86573E-11	0
60.12	9.91062E-11	6.2121E-11	0
60.14	9.90393E-11	5.57645E-11	0
60.16	9.8682E-11	4.95968E-11	0
60.18	9.80514E-11	4.36258E-11	0
60.2	9.71647E-11	3.78584E-11	0
60.22	9.60386E-11	3.23007E-11	0
60.24	9.46899E-11	2.69574E-11	0
60.26	9.3135E-11	2.18327E-11	0
60.28	9.139E-11	1.69298E-11	0
60.3	8.94706E-11	1.22509E-11	0
60.32	8.73924E-11	7.79753E-12	0
60.34	8.51705E-11	3.57051E-12	0
60.36	8.28194E-11	-4.30164E-13	0
60.38	8.03534E-11	-4.20513E-12	0
60.4	7.77864E-11	-7.75569E-12	0
60.42	7.51316E-11	-1.10837E-11	0
60.44	7.24019E-11	-1.41917E-11	0
60.46	6.96098E-11	-1.70827E-11	0
60.48	6.67669E-11	-1.976E-11	0
60.5	6.38848E-11	-2.22277E-11	0
60.52	6.09743E-11	-2.44901E-11	0
60.54	5.80456E-11	-2.65518E-11	0
60.56	5.51087E-11	-2.8418E-11	0
60.58	5.21727E-11	-3.00941E-11	0
60.6	4.92465E-11	-3.15856E-11	0
60.62	4.63382E-11	-3.28984E-11	0
60.64	4.34557E-11	-3.40387E-11	0
60.66	4.06061E-11	-3.50127E-11	0
60.68	3.77962E-11	-3.58268E-11	0
60.7	3.50321E-11	-3.64876E-11	0
60.72	3.23196E-11	-3.70017E-11	0
60.74	2.9664E-11	-3.73759E-11	0
60.76	2.70701E-11	-3.76169E-11	0
60.78	2.45421E-11	-3.77315E-11	0
60.8	2.2084E-11	-3.77264E-11	0
60.82	1.96992E-11	-3.76086E-11	0
60.84	1.73908E-11	-3.73846E-11	0
60.86	1.51615E-11	-3.70612E-11	0
60.88	1.30133E-11	-3.66449E-11	0
60.9	1.09484E-11	-3.61423E-11	0
60.92	8.96811E-12	-3.55598E-11	0
60.94	7.07368E-12	-3.49036E-11	0
60.96	5.26596E-12	-3.418E-11	0
60.98	3.54549E-12	-3.33949E-11	0
61	1.91251E-12	-3.25541E-11	0
61.02	3.66991E-13	-3.16635E-11	0
61.04	-1.09136E-12	-3.07284E-11	0
61.06	-2.4631E-12	-2.97543E-11	0
61.08	-3.74899E-12	-2.87464E-11	0
61.1	-4.95003E-12	-2.77095E-11	0
61.12	-6.06743E-12	-2.66486E-11	0
61.14	-7.10255E-12	-2.55681E-11	0
61.16	-8.05696E-12	-2.44725E-11	0
61.18	-8.93237E-12	-2.33659E-11	0
61.2	-9.73063E-12	-2.22523E-11	0
61.22	-1.04537E-11	-2.11355E-11	0
61.24	-1.11038E-11	-2.0019E-11	0
61.26	-1.16829E-11	-1.89063E-11	0
61.28	-1.21936E-11	-1.78005E-11	0
61.3	-1.2638E-11	-1.67045E-11	0
61.32	-1.30187E-11	-1.56211E-11	0
61.34	-1.33381E-11	-1.45529E-11	0
61.36	-1.35988E-11	-1.35022E-11	0
61.38	-1.38033E-11	-1.24713E-11	0
61.4	-1.39544E-11	-1.14621E-11	0
61.42	-1.40544E-11	-1.04764E-11	0
61.44	-1.41062E-11	-9.51595E-12	0
61.46	-1.41123E-11	-8.58216E-12	0
61.48	-1.40753E-11	-7.67635E-12	0
61.5	-1.39978E-11	-6.79967E-12	0
61.52	-1.38824E-11	-5.9531E-12	0
61.54	-1.37316E-11	-5.13749E-12	0
61.56	-1.35479E-11	-4.35354E-12	0
61.58	-1.33338E-11	-3.60182E-12	0
61.6	-1.30916E-11	-2.88275E-12	0
61.62	-1.28238E-11	-2.19664E-12	0
61.64	-1.25326E-11	-1.54368E-12	0
61.66	-1.22202E-11	-9.23951E-13	0
61.68	-1.18889E-11	-3.37421E-13	0
61.7	-1.15407E-11	2.1604E-13	0
61.72	-1.11777E-11	7.36657E-13	0
61.74	-1.08018E-11	1.22474E-12	0
61.76	-1.0415E-11	1.68068E-12	0
61.78	-1.00191E-11	2.10495E-12	0
61.8	-9.61572E-12	2.4981E-12	0
61.82	-9.20661E-12	2.86071E-12	0
61.84	-8.79335E-12	3.19346E-12	0
61.86	-8.37744E-12	3.49706E-12	0
61.88	-7.9603E-12	3.77228E-12	0
61.9	-7.54329E-12	4.01992E-12	0
61.92	-7.12766E-12	4.24083E-12	0
61.94	-6.71462E-12	4.43589E-12	0
61.96	-6.30528E-12	4.60601E-12	0
61.98	-5.90067E-12	4.75212E-12	0
62	-5.50176E-12	4.87516E-12	0
62.02	-5.10945E-12	4.97611E-12	0
62.04	-4.72454E-12	5.05595E-12	0
62.06	-4.34779E-12	5.11566E-12	0
62.08	-3.97988E-12	5.15624E-12	0
62.1	-3.62142E-12	5.17867E-12	0
62.12	-3.27296E-12	5.18396E-12	0
62.14	-2.93498E-12	5.17309E-12	0
62.16	-2.60791E-12	5.14703E-12	0
62.18	-2.29211E-12	5.10676E-12	0
62.2	-1.9879E-12	5.05324E-12	0
62.22	-1.69553E-12	4.98739E-12	0
62.24	-1.4152E-12	4.91016E-12	0
62.26	-1.14708E-12	4.82244E-12	0
62.28	-8.9126E-13	4.72512E-12	0
62.3	-6.47819E-13	4.61907E-12	0
62.32	-4.16774E-13	4.50512E-12	0
62.34	-1.98109E-13	4.38409E-12	0
62.36	8.23215E-15	4.25677E-12	0
62.38	2.02338E-13	4.12392E-12	0
62.4	3.84331E-13	3.98628E-12	0
62.42	5.54364E-13	3.84455E-12	0
62.44	7.12617E-13	3.69941E-12	0
62.46	8.59297E-13	3.55151E-12	0
62.48	9.94634E-13	3.40147E-12	0
62.5	1.11888E-12	3.24988E-12	0
62.52	1.23231E-12	3.0973E-12	0
62.54	1.3352E-12	2.94426E-12	0
62.56	1.42787E-12	2.79126E-12	0
62.58	1.51064E-12	2.63876E-12	0
62.6	1.58383E-12	2.48722E-12	0
62.62	1.64778E-12	2.33704E-12	0
62.64	1.70285E-12	2.18861E-12	0
62.66	1.74938E-12	2.04228E-12	0
62.68	1.78775E-12	1.89838E-12	0
62.7	1.81832E-12	1.75722E-12	0
62.72	1.84146E-12	1.61906E-12	0
62.74	1.85753E-12	1.48416E-12	0
62.76	1.86691E-12	1.35273E-12	0
62.78	1.86996E-12	1.22499E-12	0
62.8	1.86706E-12	1.10111E-12	0
62.82	1.85856E-12	9.81243E-13	0
62.84	1.84483E-12	8.65519E-13	0
62.86	1.82622E-12	7.54054E-13	0
62.88	1.80308E-12	6.46939E-13	0
62.9	1.77576E-12	5.44246E-13	0
62.92	1.74457E-12	4.46032E-13	0
62.94	1.70986E-12	3.52334E-13	0
62.96	1.67195E-12	2.63173E-13	0
62.98	1.63113E-12	1.78555E-13	0
63	1.58772E-12	9.84712E-14	0
63.02	1.542E-12	2.29002E-14	0
63.04	1.49425E-12	-4.81934E-14	0
63.06	1.44475E-12	-1.14857E-13	0
63.08	1.39374E-12	-1.77147E-13	0
63.1	1.34149E-12	-2.35134E-13	0
63.12	1.28823E-12	-2.88894E-13	0
63.14	1.23418E-12	-3.38513E-13	0
63.16	1.17957E-12	-3.84086E-13	0
63.18	1.12458E-12	-4.25713E-13	0
63.2	1.06943E-12	-4.63502E-13	0
63.22	1.01429E-12	-4.97566E-13	0
63.24	9.59334E-13	-5.28023E-13	0
63.26	9.04719E-13	-5.54994E-13	0
63.28	8.50598E-13	-5.78606E-13	0
63.3	7.97109E-13	-5.98987E-13	0
63.32	7.44381E-13	-6.16269E-13	0
63.34	6.92534E-13	-6.30584E-13	0
63.36	6.41676E-13	-6.42066E-13	0
63.38	5.91907E-13	-6.50852E-13	0
63.4	5.43316E-13	-6.57076E-13	0
63.42	4.95985E-13	-6.60873E-13	0
63.44	4.49985E-13	-6.62379E-13	0
63.46	4.05379E-13	-6.61728E-13	0
63.48	3.62224E-13	-6.59052E-13	0
63.5	3.20566E-13	-6.54482E-13	0
63.52	2.80445E-13	-6.48147E-13	0
63.54	2.41894E-13	-6.40175E-13	0
63.56	2.04939E-13	-6.30689E-13	0
63.58	1.69598E-13	-6.19812E-13	0
63.6	1.35884E-13	-6.07661E-13	0
63.62	1.03805E-13	-5.94353E-13	0
63.64	7.33608E-14	-5.79999E-13	0
63.66	4.45487E-14	-5.64708E-13	0
63.68	1.73596E-14	-5.48585E-13	0
63.7	-8.21997E-15	-5.31732E-13	0
63.72	-3.22075E-14	-5.14246E-13	0
63.74	-5.46248E-14	-4.96221E-13	0
63.76	-7.54969E-14	-4.77745E-13	0
63.78	-9.48525E-14	-4.58905E-13	0
63.8	-1.12723E-13	-4.39783E-13	0
63.82	-1.29144E-13	-4.20455E-13	0
63.84	-1.4415E-13	-4.00995E-13	0
63.86	-1.57783E-13	-3.81473E-13	0
63.88	-1.70082E-13	-3.61954E-13	0
63.9	-1.81091E-13	-3.42498E-13	0
63.92	-1.90853E-13	-3.23164E-13	0
63.94	-1.99415E-13	-3.04006E-13	0
63.96	-2.06823E-13	-2.85072E-13	0
63.98	-2.13124E-13	-2.66408E-13	0
64	-2.18367E-13	-2.48058E-13	0
64.02	-2.22599E-13	-2.30059E-13	0
64.04	-2.2587E-13	-2.12448E-13	0
64.06	-2.28228E-13	-1.95255E-13	0
64.08	-2.29721E-13	-1.7851E-13	0
64.1	-2.30399E-13	-1.62238E-13	0
64.12	-2.30309E-13	-1.46461E-13	0
64.14	-2.29499E-13	-1.31198E-13	0
64.16	-2.28016E-13	-1.16467E-13	0
64.18	-2.25905E-13	-1.02281E-13	0
64.2	-2.23213E-13	-8.86516E-14	0
64.22	-2.19984E-13	-7.55873E-14	0
64.24	-2.1626E-13	-6.30947E-14	0
64.26	-2.12085E-13	-5.11782E-14	0
64.28	-2.075E-13	-3.98399E-14	0
64.3	-2.02544E-13	-2.90801E-14	0
64.32	-1.97255E-13	-1.88971E-14	0
64.34	-1.91673E-13	-9.28756E-15	0
64.36	-1.85831E-13	-2.46444E-16	0
64.38	-1.79765E-13	8.23273E-15	0
64.4	-1.73509E-13	1.61579E-14	0
64.42	-1.67093E-13	2.35381E-14	0
64.44	-1.60548E-13	3.03838E-14	0
64.46	-1.53902E-13	3.67064E-14	0
64.48	-1.47184E-13	4.25182E-14	0
64.5	-1.40419E-13	4.78326E-14	0
64.52	-1.33632E-13	5.26634E-14	0
64.54	-1.26845E-13	5.70254E-14	0
64.56	-1.20079E-13	6.09338E-14	0
64.58	-1.13356E-13	6.44045E-14	0
64.6	-1.06695E-13	6.74536E-14	0
64.62	-1.00111E-13	7.00978E-14	0
64.64	-9.36219E-14	7.23537E-14	0
64.66	-8.72422E-14	7.42384E-14	0
64.68	-8.09852E-14	7.57691E-14	0
64.7	-7.48634E-14	7.69629E-14	0
64.72	-6.88878E-14	7.78372E-14	0
64.74	-6.30683E-14	7.8409E-14	0
64.76	-5.74138E-14	7.86955E-14	0
64.78	-5.1932E-14	7.87136E-14	0
64.8	-4.66296E-14	7.84799E-14	0
64.82	-4.15123E-14	7.80111E-14	0
64.84	-3.65849E-14	7.73233E-14	0
64.86	-3.18513E-14	7.64325E-14	0
64.88	-2.73144E-14	7.53543E-14	0
64.9	-2.29764E-14	7.41038E-14	0
64.92	-1.88387E-14	7.26958E-14	0
64.94	-1.4902E-14	7.11448E-14	0
64.96	-1.11663E-14	6.94646E-14	0
64.98	-7.63082E-15	6.76689E-14	0
65	-4.29441E-15	6.57706E-14	0
65.02	-1.15522E-15	6.37823E-14	0
65.04	1.78911E-15	6.17159E-14	0
65.06	4.5414E-15	5.95831E-14	0
65.08	7.10493E-15	5.73948E-14	0
65.1	9.48336E-15	5.51616E-14	0
65.12	1.16807E-14	5.28935E-14	0
65.14	1.37014E-14	5.05999E-14	0
65.16	1.555E-14	4.82899E-14	0
65.18	1.72316E-14	4.59719E-14	0
65.2	1.87511E-14	4.36538E-14	0
65.22	2.01141E-14	4.13431E-14	0
65.24	2.1326E-14	3.90468E-14	0
65.26	2.23925E-14	3.67714E-14	0
65.28	2.33193E-14	3.45228E-14	0
65.3	2.41123E-14	3.23065E-14	0
65.32	2.47775E-14	3.01278E-14	0
65.34	2.53208E-14	2.79911E-14	0
65.36	2.57481E-14	2.59008E-14	0
65.38	2.60655E-14	2.38606E-14	0
65.4	2.62789E-14	2.18739E-14	0
65.42	2.63943E-14	1.99437E-14	0
65.44	2.64174E-14	1.80727E-14	0
65.46	2.63541E-14	1.62631E-14	0
65.48	2.62101E-14	1.45169E-14	0
65.5	2.5991E-14	1.28357E-14	0
65.52	2.57023E-14	1.12207E-14	0
65.54	2.53492E-14	9.67293E-15	0
65.56	2.49372E-14	8.19317E-15	0
65.58	2.44712E-14	6.78183E-15	0
65.6	2.39563E-14	5.43912E-15	0
65.62	2.33971E-14	4.16499E-15	0
65.64	2.27984E-14	2.95918E-15	0
65.66	2.21646E-14	1.82124E-15	0
65.68	2.14999E-14	7.50518E-16	0
65.7	2.08086E-14	-2.53827E-16	0
65.72	2.00946E-14	-1.19278E-15	0
65.74	1.93616E-14	-2.0675E-15	0
65.76	1.86132E-14	-2.87924E-15	0
65.78	1.78529E-14	-3.62942E-15	0
65.8	1.70838E-14	-4.31955E-15	0
65.82	1.63091E-14	-4.95124E-15	0
65.84	1.55315E-14	-5.52618E-15	0
65.86	1.47539E-14	-6.04617E-15	0
65.88	1.39786E-14	-6.51302E-15	0
65.9	1.32082E-14	-6.92865E-15	0
65.92	1.24448E-14	-7.295E-15	0
65.94	1.16904E-14	-7.61404E-15	0
65.96	1.09469E-14	-7.88777E-15	0
65.98	1.0216E-14	-8.11824E-15	0
66	9.49929E-15	-8.30746E-15	0
66.02	8.79817E-15	-8.45749E-15	0
66.04	8.11392E-15	-8.57037E-15	0
66.06	7.44768E-15	-8.64811E-15	0
66.08	6.80046E-15	-8.69274E-15	0
66.1	6.17314E-15	-8.70624E-15	0
66.12	5.56649E-15	-8.69058E-15	0
66.14	4.98113E-15	-8.6477E-15	0
66.16	4.41761E-15	-8.5795E-15	0
66.18	3.87636E-15	-8.48784E-15	0
66.2	3.35768E-15	-8.37453E-15	0
66.22	2.86183E-15	-8.24134E-15	0
66.24	2.38893E-15	-8.09E-15	0
66.26	1.93905E-15	-7.92218E-15	0
66.28	1.51216E-15	-7.73949E-15	0
66.3	1.10817E-15	-7.5435E-15	0
66.32	7.26904E-16	-7.3357E-15	0
66.34	3.68145E-16	-7.11756E-15	0
66.36	3.16014E-17	-6.89044E-15	0
66.38	-2.8307E-16	-6.65568E-15	0
66.4	-5.76262E-16	-6.41454E-15	0
66.42	-8.4841E-16	-6.16822E-15	0
66.44	-1.09999E-15	-5.91788E-15	0
66.46	-1.33153E-15	-5.66459E-15	0
66.48	-1.54356E-15	-5.40937E-15	0
66.5	-1.73666E-15	-5.15319E-15	0
66.52	-1.91143E-15	-4.89694E-15	0
66.54	-2.0685E-15	-4.64148E-15	0
66.56	-2.20851E-15	-4.38759E-15	0
66.58	-2.3321E-15	-4.136E-15	0
66.6	-2.43995E-15	-3.88739E-15	0
66.62	-2.53274E-15	-3.64237E-15	0
66.64	-2.61113E-15	-3.40153E-15	0
66.66	-2.67582E-15	-3.16537E-15	0
66.68	-2.72748E-15	-2.93436E-15	0
66.7	-2.76681E-15	-2.70894E-15	0
66.72	-2.79447E-15	-2.48947E-15	0
66.74	-2.81115E-15	-2.27628E-15	0
66.76	-2.81751E-15	-2.06967E-15	0
66.78	-2.8142E-15	-1.86989E-15	0
66.8	-2.80187E-15	-1.67714E-15	0
66.82	-2.78115E-15	-1.4916E-15	0
66.84	-2.75266E-15	-1.3134E-15	0
66.86	-2.71701E-15	-1.14266E-15	0
66.88	-2.67479E-15	-9.79433E-16	0
66.9	-2.62656E-15	-8.23778E-16	0
66.92	-2.57288E-15	-6.75705E-16	0
66.94	-2.51428E-15	-5.35204E-16	0
66.96	-2.45129E-15	-4.02241E-16	0
66.98	-2.3844E-15	-2.76757E-16	0
67	-2.31409E-15	-1.58674E-16	0
67.02	-2.24081E-15	-4.78935E-17	0
67.04	-2.16501E-15	5.56992E-17	0
67.06	-2.0871E-15	1.52237E-16	0
67.08	-2.00748E-15	2.41865E-16	0
67.1	-1.92653E-15	3.24745E-16	0
67.12	-1.84459E-15	4.01049E-16	0
67.14	-1.76202E-15	4.70957E-16	0
67.16	-1.67911E-15	5.34663E-16	0
67.18	-1.59618E-15	5.92366E-16	0
67.2	-1.51349E-15	6.44272E-16	0
67.22	-1.43131E-15	6.90593E-16	0
67.24	-1.34986E-15	7.31546E-16	0
67.26	-1.26939E-15	7.67351E-16	0
67.28	-1.19008E-15	7.98231E-16	0
67.3	-1.11212E-15	8.2441E-16	0
67.32	-1.03568E-15	8.46113E-16	0
67.34	-9.60918E-16	8.63567E-16	0
67.36	-8.87966E-16	8.76994E-16	0
67.38	-8.16947E-16	8.86619E-16	0
67.4	-7.47969E-16	8.92663E-16	0
67.42	-6.81125E-16	8.95343E-16	0
67.44	-6.16495E-16	8.94875E-16	0
67.46	-5.54147E-16	8.9147E-16	0
67.48	-4.94136E-16	8.85335E-16	0
67.5	-4.36506E-16	8.76673E-16	0
67.52	-3.8129E-16	8.65681E-16	0
67.54	-3.2851E-16	8.52551E-16	0
67.56	-2.78181E-16	8.3747E-16	0
67.58	-2.30306E-16	8.20618E-16	0
67.6	-1.8488E-16	8.0217E-16	0
67.62	-1.41891E-16	7.82294E-16	0
67.64	-1.0132E-16	7.61152E-16	0
67.66	-6.31405E-17	7.38899E-16	0
67.68	-2.73193E-17	7.15683E-16	0
67.7	6.18176E-18	6.91648E-16	0
67.72	3.74063E-17	6.66927E-16	0
67.74	6.64026E-17	6.4165E-16	0
67.76	9.32232E-17	6.15939E-16	0
67.78	1.17925E-16	5.89908E-16	0
67.8	1.40566E-16	5.63665E-16	0
67.82	1.61211E-16	5.37314E-16	0
67.84	1.79924E-16	5.10949E-16	0
67.86	1.96772E-16	4.8466E-16	0
67.88	2.11824E-16	4.58529E-16	0
67.9	2.25151E-16	4.32633E-16	0
67.92	2.36825E-16	4.07044E-16	0
67.94	2.46917E-16	3.81826E-16	0
67.96	2.555E-16	3.5704E-16	0
67.98	2.62648E-16	3.32738E-16	0
68	2.68432E-16	3.08969E-16	0
68.02	2.72926E-16	2.85779E-16	0
68.04	2.76202E-16	2.63205E-16	0
68.06	2.78331E-16	2.41281E-16	0
68.08	2.79383E-16	2.20037E-16	0
68.1	2.79427E-16	1.99499E-16	0
68.12	2.78532E-16	1.79688E-16	0
68.14	2.76764E-16	1.60622E-16	0
68.16	2.74188E-16	1.42313E-16	0
68.18	2.70867E-16	1.24773E-16	0
68.2	2.66864E-16	1.08008E-16	0
68.22	2.62237E-16	9.20217E-17	0
68.24	2.57045E-16	7.68159E-17	0
68.26	2.51344E-16	6.23886E-17	0
68.28	2.45187E-16	4.87355E-17	0
68.3	2.38626E-16	3.585E-17	0
68.32	2.3171E-16	2.37235E-17	0
68.34	2.24487E-16	1.23452E-17	0
68.36	2.17003E-16	1.7027E-18	0
68.38	2.093E-16	-8.21818E-18	0
68.4	2.01419E-16	-1.74331E-17	0
68.42	1.93398E-16	-2.59589E-17	0
68.44	1.85276E-16	-3.38138E-17	0
68.46	1.77085E-16	-4.1017E-17	0
68.48	1.68858E-16	-4.75886E-17	0
68.5	1.60625E-16	-5.35494E-17	0
68.52	1.52416E-16	-5.89209E-17	0
68.54	1.44255E-16	-6.37252E-17	0
68.56	1.36167E-16	-6.79848E-17	0
68.58	1.28175E-16	-7.17225E-17	0
68.6	1.20299E-16	-7.49612E-17	0
68.62	1.12558E-16	-7.77242E-17	0
68.64	1.04968E-16	-8.00347E-17	0
68.66	9.75458E-17	-8.19157E-17	0
68.68	9.03043E-17	-8.33904E-17	0
68.7	8.32557E-17	-8.44815E-17	0
68.72	7.64109E-17	-8.52116E-17	0
68.74	6.97789E-17	-8.5603E-17	0
68.76	6.33679E-17	-8.56777E-17	0
68.78	5.71843E-17	-8.5457E-17	0
68.8	5.12335E-17	-8.49621E-17	0
68.82	4.55198E-17	-8.42134E-17	0
68.84	4.00463E-17	-8.3231E-17	0
68.86	3.48151E-17	-8.20342E-17	0
68.88	2.98273E-17	-8.06418E-17	0
68.9	2.50831E-17	-7.90721E-17	0
68.92	2.0582E-17	-7.73426E-17	0
68.94	1.63224E-17	-7.54702E-17	0
68.96	1.23022E-17	-7.3471E-17	0
68.98	8.51868E-18	-7.13607E-17	0
69	4.96835E-18	-6.91542E-17	0
69.02	1.64723E-18	-6.68655E-17	0
69.04	-1.44917E-18	-6.45081E-17	0
69.06	-4.32583E-18	-6.20949E-17	0
69.08	-6.98811E-18	-5.96378E-17	0
69.1	-9.44173E-18	-5.71484E-17	0
69.12	-1.16928E-17	-5.46374E-17	0
69.14	-1.37475E-17	-5.21147E-17	0
69.16	-1.56126E-17	-4.959E-17	0
69.18	-1.72947E-17	-4.70718E-17	0
69.2	-1.88008E-17	-4.45684E-17	0
69.22	-2.01379E-17	-4.20873E-17	0
69.24	-2.13132E-17	-3.96354E-17	0
69.26	-2.23338E-17	-3.72192E-17	0
69.28	-2.32071E-17	-3.48443E-17	0
69.3	-2.39402E-17	-3.25161E-17	0
69.32	-2.45405E-17	-3.02393E-17	0
69.34	-2.50149E-17	-2.80181E-17	0
69.36	-2.53707E-17	-2.58562E-17	0
69.38	-2.5615E-17	-2.3757E-17	0
69.4	-2.57545E-17	-2.17232E-17	0
69.42	-2.57962E-17	-1.97574E-17	0
69.44	-2.57467E-17	-1.78614E-17	0
69.46	-2.56126E-17	-1.6037E-17	0
69.48	-2.54001E-17	-1.42854E-17	0
69.5	-2.51155E-17	-1.26076E-17	0
69.52	-2.47648E-17	-1.10042E-17	0
69.54	-2.43537E-17	-9.47543E-18	0
69.56	-2.38881E-17	-8.02141E-18	0
69.58	-2.33731E-17	-6.64191E-18	0
69.6	-2.28141E-17	-5.33646E-18	0
69.62	-2.22161E-17	-4.10437E-18	0
69.64	-2.15838E-17	-2.94476E-18	0
69.66	-2.09219E-17	-1.85654E-18	0
69.68	-2.02346E-17	-8.38472E-19	0
69.7	-1.95261E-17	1.10859E-19	0
69.72	-1.88004E-17	9.92996E-19	0
69.74	-1.80612E-17	1.80961E-18	0
69.76	-1.73118E-17	2.56247E-18	0
69.78	-1.65558E-17	3.25346E-18	0
69.8	-1.5796E-17	3.88454E-18	0
69.82	-1.50355E-17	4.45773E-18	0
69.84	-1.42768E-17	4.97512E-18	0
69.86	-1.35225E-17	5.43886E-18	0
69.88	-1.27749E-17	5.85109E-18	0
69.9	-1.20361E-17	6.21403E-18	0
69.92	-1.13079E-17	6.52989E-18	0
69.94	-1.05923E-17	6.80089E-18	0
69.96	-9.89075E-18	7.02925E-18	0
69.98	-9.20471E-18	7.21719E-18	0
70	-8.53545E-18	7.3669E-18	0
70.02	-7.88413E-18	7.48056E-18	0
70.04	-7.25172E-18	7.56032E-18	0
70.06	-6.63909E-18	7.6083E-18	0
70.08	-6.04696E-18	7.62657E-18	0
70.1	-5.47593E-18	7.61717E-18	0
70.12	-4.92649E-18	7.58209E-18	0
70.14	-4.39902E-18	7.52326E-18	0
70.16	-3.8938E-18	7.44257E-18	0
70.18	-3.41101E-18	7.34184E-18	0
70.2	-2.95074E-18	7.22285E-18	0
70.22	-2.51298E-18	7.08729E-18	0
70.24	-2.09767E-18	6.93682E-18	0
70.26	-1.70466E-18	6.77301E-18	0
70.28	-1.33373E-18	6.59738E-18	0
70.3	-9.84599E-19	6.41138E-18	0
70.32	-6.56946E-19	6.21638E-18	0
70.34	-3.5038E-19	6.01372E-18	0
70.36	-6.44709E-20	5.80463E-18	0
70.38	2.01253E-19	5.5903E-18	0
70.4	4.47302E-19	5.37185E-18	0
70.42	6.74218E-19	5.15033E-18	0
70.44	8.82572E-19	4.92675E-18	0
70.46	1.07296E-18	4.70201E-18	0
70.48	1.24599E-18	4.47698E-18	0
70.5	1.40231E-18	4.25248E-18	0
70.52	1.54255E-18	4.02925E-18	0
70.54	1.66737E-18	3.80798E-18	0
70.56	1.77744E-18	3.58929E-18	0
70.58	1.87343E-18	3.37377E-18	0
70.6	1.956E-18	3.16195E-18	0
70.62	2.02583E-18	2.9543E-18	0
70.64	2.08358E-18	2.75124E-18	0
70.66	2.12991E-18	2.55317E-18	0
70.68	2.16548E-18	2.36042E-18	0
70.7	2.19094E-18	2.17327E-18	0
70.72	2.20691E-18	1.99199E-18	0
70.74	2.21402E-18	1.81679E-18	0
70.76	2.21288E-18	1.64785E-18	0
70.78	2.20409E-18	1.48531E-18	0
70.8	2.18822E-18	1.32928E-18	0
70.82	2.16584E-18	1.17984E-18	0
70.84	2.1375E-18	1.03705E-18	0
70.86	2.10372E-18	9.00917E-19	0
70.88	2.065E-18	7.71454E-19	0
70.9	2.02185E-18	6.48631E-19	0
70.92	1.97473E-18	5.32404E-19	0
70.94	1.92409E-18	4.22706E-19	0
70.96	1.87037E-18	3.19452E-19	0
70.98	1.81397E-18	2.22543E-19	0
71	1.75528E-18	1.31861E-19	0
71.02	1.69468E-18	4.72772E-20	0
71.04	1.63252E-18	-3.13501E-20	0
71.06	1.56912E-18	-1.04174E-19	0
71.08	1.50481E-18	-1.71356E-19	0
71.1	1.43987E-18	-2.33067E-19	0
71.12	1.37458E-18	-2.89485E-19	0
71.14	1.30918E-18	-3.40793E-19	0
71.16	1.24393E-18	-3.87179E-19	0
71.18	1.17904E-18	-4.28835E-19	0
71.2	1.11471E-18	-4.65957E-19	0
71.22	1.05114E-18	-4.98741E-19	0
71.24	9.88476E-19	-5.27386E-19	0
71.26	9.2689E-19	-5.5209E-19	0
71.28	8.66518E-19	-5.73051E-19	0
71.3	8.07485E-19	-5.90467E-19	0
71.32	7.49902E-19	-6.04533E-19	0
71.34	6.93868E-19	-6.15441E-19	0
71.36	6.39468E-19	-6.23383E-19	0
71.38	5.86777E-19	-6.28546E-19	0
71.4	5.35857E-19	-6.31113E-19	0
71.42	4.86759E-19	-6.31264E-19	0
71.44	4.39525E-19	-6.29173E-19	0
71.46	3.94186E-19	-6.25011E-19	0
71.48	3.50766E-19	-6.18944E-19	0
71.5	3.09278E-19	-6.11131E-19	0
71.52	2.69729E-19	-6.01727E-19	0
71.54	2.32118E-19	-5.90881E-19	0
71.56	1.96437E-19	-5.78738E-19	0
71.58	1.62673E-19	-5.65434E-19	0
71.6	1.30805E-19	-5.51101E-19	0
71.62	1.00808E-19	-5.35866E-19	0
71.64	7.26517E-20	-5.19847E-19	0
71.66	4.63027E-20	-5.0316E-19	0
71.68	2.17221E-20	-4.85913E-19	0
71.7	-1.13183E-21	-4.68207E-19	0
71.72	-2.2304E-20	-4.50139E-19	0
71.74	-4.18421E-20	-4.318E-19	0
71.76	-5.97961E-20	-4.13275E-19	0
71.78	-7.6218E-20	-3.94643E-19	0
71.8	-9.11615E-20	-3.75979E-19	0
71.82	-1.04682E-19	-3.57352E-19	0
71.84	-1.16835E-19	-3.38824E-19	0
71.86	-1.27677E-19	-3.20455E-19	0
71.88	-1.37267E-19	-3.02299E-19	0
71.9	-1.45662E-19	-2.84405E-19	0
71.92	-1.52919E-19	-2.66817E-19	0
71.94	-1.59096E-19	-2.49576E-19	0
71.96	-1.64251E-19	-2.32718E-19	0
71.98	-1.6844E-19	-2.16274E-19	0
72	-1.71719E-19	-2.00274E-19	0
72.02	-1.74144E-19	-1.84741E-19	0
72.04	-1.75768E-19	-1.69697E-19	0
72.06	-1.76645E-19	-1.5516E-19	0
72.08	-1.76826E-19	-1.41143E-19	0
72.1	-1.76363E-19	-1.2766E-19	0
72.12	-1.75304E-19	-1.14719E-19	0
72.14	-1.73697E-19	-1.02326E-19	0
72.16	-1.71588E-19	-9.04851E-20	0
72.18	-1.69022E-19	-7.91984E-20	0
72.2	-1.66042E-19	-6.84652E-20	0
72.22	-1.62688E-19	-5.82831E-20	0
72.24	-1.59001E-19	-4.86478E-20	0
72.26	-1.55019E-19	-3.95536E-20	0
72.28	-1.50777E-19	-3.09931E-20	0
72.3	-1.46311E-19	-2.29575E-20	0
72.32	-1.41651E-19	-1.54368E-20	0
72.34	-1.36831E-19	-8.41991E-21	0
72.36	-1.31878E-19	-1.89475E-21	0
72.38	-1.26821E-19	4.15169E-21	0
72.4	-1.21685E-19	9.73313E-21	0
72.42	-1.16495E-19	1.4864E-20	0
72.44	-1.11274E-19	1.95593E-20	0
72.46	-1.06041E-19	2.38343E-20	0
72.48	-1.00818E-19	2.7705E-20	0
72.5	-9.56226E-20	3.11874E-20	0
72.52	-9.04708E-20	3.42978E-20	0
72.54	-8.53782E-20	3.70527E-20	0
72.56	-8.03588E-20	3.94686E-20	0
72.58	-7.54252E-20	4.15619E-20	0
72.6	-7.05888E-20	4.33492E-20	0
72.62	-6.58599E-20	4.48467E-20	0
72.64	-6.12474E-20	4.60707E-20	0
72.66	-5.67595E-20	4.70371E-20	0
72.68	-5.24029E-20	4.77616E-20	0
72.7	-4.81837E-20	4.82596E-20	0
72.72	-4.41068E-20	4.85463E-20	0
72.74	-4.01763E-20	4.86363E-20	0
72.76	-3.63956E-20	4.85441E-20	0
72.78	-3.27671E-20	4.82835E-20	0
72.8	-2.92925E-20	4.78681E-20	0
72.82	-2.5973E-20	4.73109E-20	0
72.84	-2.28089E-20	4.66247E-20	0
72.86	-1.98001E-20	4.58214E-20	0
72.88	-1.69458E-20	4.49129E-20	0
72.9	-1.42449E-20	4.39102E-20	0
72.92	-1.16956E-20	4.2824E-20	0
72.94	-9.29581E-21	4.16646E-20	0
72.96	-7.04304E-21	4.04416E-20	0
72.98	-4.93443E-21	3.91643E-20	0
73	-2.96681E-21	3.78413E-20	0
73.02	-1.13675E-21	3.64808E-20	0
73.04	5.59432E-22	3.50907E-20	0
73.06	2.12563E-21	3.36782E-20	0
73.08	3.56593E-21	3.22501E-20	0
73.1	4.88455E-21	3.08129E-20	0
73.12	6.08585E-21	2.93723E-20	0
73.14	7.17428E-21	2.79339E-20	0
73.16	8.15438E-21	2.65027E-20	0
73.18	9.03074E-21	2.50835E-20	0
73.2	9.80798E-21	2.36804E-20	0
73.22	1.04907E-20	2.22975E-20	0
73.24	1.10837E-20	2.09381E-20	0
73.26	1.15913E-20	1.96055E-20	0
73.28	1.20184E-20	1.83025E-20	0
73.3	1.23693E-20	1.70317E-20	0
73.32	1.26485E-20	1.57952E-20	0
73.34	1.28605E-20	1.45949E-20	0
73.36	1.30096E-20	1.34326E-20	0
73.38	1.30999E-20	1.23095E-20	0
73.4	1.31355E-20	1.12268E-20	0
73.42	1.31206E-20	1.01855E-20	0
73.44	1.30589E-20	9.1861E-21	0
73.46	1.29542E-20	8.22919E-21	0
73.48	1.28102E-20	7.31503E-21	0
73.5	1.26304E-20	6.44371E-21	0
73.52	1.24181E-20	5.61518E-21	0
73.54	1.21766E-20	4.82924E-21	0
73.56	1.19089E-20	4.08551E-21	0
73.58	1.16181E-20	3.38354E-21	0
73.6	1.1307E-20	2.72271E-21	0
73.62	1.09783E-20	2.10232E-21	0
73.64	1.06344E-20	1.52158E-21	0
73.66	1.02779E-20	9.79606E-22	0
73.68	9.91088E-21	4.75432E-22	0
73.7	9.53563E-21	8.03564E-24	0
73.72	9.1541E-21	-4.23666E-22	0
73.74	8.76819E-21	-8.20807E-22	0
73.76	8.37963E-21	-1.18456E-21	0
73.78	7.99006E-21	-1.51613E-21	0
73.8	7.60098E-21	-1.81675E-21	0
73.82	7.2138E-21	-2.08768E-21	0
73.84	6.82978E-21	-2.33019E-21	0
73.86	6.45011E-21	-2.54555E-21	0
73.88	6.07584E-21	-2.73504E-21	0
73.9	5.70794E-21	-2.89995E-21	0
73.92	5.34729E-21	-3.04153E-21	0
73.94	4.99464E-21	-3.16106E-21	0
73.96	4.6507E-21	-3.25978E-21	0
73.98	4.31606E-21	-3.33891E-21	0
74	3.99125E-21	-3.39967E-21	0
74.02	3.67671E-21	-3.44323E-21	0
74.04	3.37282E-21	-3.47076E-21	0
74.06	3.07987E-21	-3.48338E-21	0
74.08	2.79812E-21	-3.48218E-21	0
74.1	2.52775E-21	-3.46823E-21	0
74.12	2.26888E-21	-3.44256E-21	0
74.14	2.02158E-21	-3.40617E-21	0
74.16	1.78589E-21	-3.36E-21	0
74.18	1.56177E-21	-3.30499E-21	0
74.2	1.34919E-21	-3.24201E-21	0
74.22	1.14802E-21	-3.17191E-21	0
74.24	9.58143E-22	-3.0955E-21	0
74.26	7.7939E-22	-3.01355E-21	0
74.28	6.11568E-22	-2.92678E-21	0
74.3	4.54456E-22	-2.83589E-21	0
74.32	3.07812E-22	-2.74154E-21	0
74.34	1.71374E-22	-2.64433E-21	0
74.36	4.48614E-23	-2.54485E-21	0
74.38	-7.20224E-23	-2.44365E-21	0
74.4	-1.79586E-22	-2.34122E-21	0
74.42	-2.78149E-22	-2.23806E-21	0
74.44	-3.6804E-22	-2.13459E-21	0
74.46	-4.49595E-22	-2.03122E-21	0
74.48	-5.23155E-22	-1.92834E-21	0
74.5	-5.89064E-22	-1.82628E-21	0
74.52	-6.47669E-22	-1.72537E-21	0
74.54	-6.99316E-22	-1.62588E-21	0
74.56	-7.44352E-22	-1.52808E-21	0
74.58	-7.8312E-22	-1.43221E-21	0
74.6	-8.15963E-22	-1.33846E-21	0
74.62	-8.43215E-22	-1.24703E-21	0
74.64	-8.6521E-22	-1.15807E-21	0
74.66	-8.82272E-22	-1.07173E-21	0
74.68	-8.9472E-22	-9.88118E-22	0
74.7	-9.02867E-22	-9.07343E-22	0
74.72	-9.07015E-22	-8.29483E-22	0
74.74	-9.07459E-22	-7.54603E-22	0
74.76	-9.04486E-22	-6.8275E-22	0
74.78	-8.98372E-22	-6.13957E-22	0
74.8	-8.89383E-22	-5.48245E-22	0
74.82	-8.77778E-22	-4.85617E-22	0
74.84	-8.63803E-22	-4.2607E-22	0
74.86	-8.47695E-22	-3.69585E-22	0
74.88	-8.2968E-22	-3.16135E-22	0
74.9	-8.09973E-22	-2.65685E-22	0
74.92	-7.88781E-22	-2.18188E-22	0
74.94	-7.66299E-22	-1.73594E-22	0
74.96	-7.42711E-22	-1.31842E-22	0
74.98	-7.18192E-22	-9.28667E-23	0
75	-6.92906E-22	-5.65983E-23	0
75.02	-6.67008E-22	-2.2961E-23	0
75.04	-6.40644E-22	8.12445E-24	0
75.06	-6.13947E-22	3.67408E-23	0
75.08	-5.87046E-22	6.29737E-23	0
75.1	-5.60055E-22	8.6911E-23	0
75.12	-5.33084E-22	1.08642E-22	0
75.14	-5.06233E-22	1.28259E-22	0
75.16	-4.79593E-22	1.45852E-22	0
75.18	-4.53247E-22	1.61514E-22	0
75.2	-4.27272E-22	1.75338E-22	0
75.22	-4.01736E-22	1.87416E-22	0
75.24	-3.76701E-22	1.97839E-22	0
75.26	-3.52222E-22	2.06697E-22	0
75.28	-3.28347E-22	2.14081E-22	0
75.3	-3.05118E-22	2.20077E-22	0
75.32	-2.82574E-22	2.24773E-22	0
75.34	-2.60744E-22	2.28252E-22	0
75.36	-2.39654E-22	2.30598E-22	0
75.38	-2.19327E-22	2.3189E-22	0
75.4	-1.99779E-22	2.32206E-22	0
75.42	-1.81022E-22	2.31623E-22	0
75.44	-1.63065E-22	2.30213E-22	0
75.46	-1.45912E-22	2.28046E-22	0
75.48	-1.29566E-22	2.2519E-22	0
75.5	-1.14024E-22	2.2171E-22	0
75.52	-9.92815E-23	2.17669E-22	0
75.54	-8.53314E-23	2.13127E-22	0
75.56	-7.2164E-23	2.08139E-22	0
75.58	-5.97672E-23	2.0276E-22	0
75.6	-4.81271E-23	1.97041E-22	0
75.62	-3.7228E-23	1.9103E-22	0
75.64	-2.70527E-23	1.84774E-22	0
75.66	-1.75824E-23	1.78315E-22	0
75.68	-8.79742E-24	1.71694E-22	0
75.7	-6.76752E-25	1.64949E-22	0
75.72	6.80136E-24	1.58116E-22	0
75.74	1.36594E-23	1.51226E-22	0
75.76	1.99205E-23	1.44311E-22	0
75.78	2.5608E-23	1.374E-22	0
75.8	3.0746E-23	1.30517E-22	0
75.82	3.53584E-23	1.23686E-22	0
75.84	3.94694E-23	1.16931E-22	0
75.86	4.31032E-23	1.1027E-22	0
75.88	4.62838E-23	1.03721E-22	0
75.9	4.9035E-23	9.72996E-23	0
75.92	5.13806E-23	9.1021E-23	0
75.94	5.33438E-23	8.48973E-23	0
75.96	5.49476E-23	7.89396E-23	0
75.98	5.62143E-23	7.31574E-23	0
76	5.71661E-23	6.75586E-23	0
76.02	5.78243E-23	6.21501E-23	0
76.04	5.82098E-23	5.69372E-23	0
76.06	5.83428E-23	5.19243E-23	0
76.08	5.82429E-23	4.71146E-23	0
76.1	5.79291E-23	4.25103E-23	0
76.12	5.74197E-23	3.81124E-23	0
76.14	5.67321E-23	3.39214E-23	0
76.16	5.58832E-23	2.99367E-23	0
76.18	5.48891E-23	2.61571E-23	0
76.2	5.37652E-23	2.25807E-23	0
76.22	5.25262E-23	1.92049E-23	0
76.24	5.1186E-23	1.60265E-23	0
76.26	4.97579E-23	1.3042E-23	0
76.28	4.82542E-23	1.02473E-23	0
76.3	4.66868E-23	7.63782E-24	0
76.32	4.50669E-23	5.20881E-24	0
76.34	4.34047E-23	2.95511E-24	0
76.36	4.17101E-23	8.71307E-25	0
76.38	3.99922E-23	-1.04822E-24	0
76.4	3.82593E-23	-2.80929E-24	0
76.42	3.65194E-23	-4.41784E-24	0
76.44	3.47797E-23	-5.87994E-24	0
76.46	3.30469E-23	-7.20172E-24	0
76.48	3.13269E-23	-8.38938E-24	0
76.5	2.96255E-23	-9.44912E-24	0
76.52	2.79476E-23	-1.03872E-23	0
76.54	2.62978E-23	-1.12096E-23	0
76.56	2.46803E-23	-1.19227E-23	0
76.58	2.30985E-23	-1.25325E-23	0
76.6	2.15557E-23	-1.30448E-23	0
76.62	2.00548E-23	-1.34656E-23	0
76.64	1.85981E-23	-1.38007E-23	0
76.66	1.71876E-23	-1.40555E-23	0
76.68	1.58252E-23	-1.42357E-23	0
76.7	1.4512E-23	-1.43466E-23	0
76.72	1.32493E-23	-1.43932E-23	0
76.74	1.20379E-23	-1.43807E-23	0
76.76	1.08782E-23	-1.43138E-23	0
76.78	9.77055E-24	-1.41972E-23	0
76.8	8.71506E-24	-1.40353E-23	0
76.82	7.71155E-24	-1.38324E-23	0
76.84	6.75972E-24	-1.35926E-23	0
76.86	5.85905E-24	-1.33199E-23	0
76.88	5.00889E-24	-1.30179E-23	0
76.9	4.20844E-24	-1.26901E-23	0
76.92	3.45677E-24	-1.234E-23	0
76.94	2.75284E-24	-1.19707E-23	0
76.96	2.09551E-24	-1.15851E-23	0
76.98	1.48353E-24	-1.11862E-23	0
77	9.15618E-25	-1.07764E-23	0
77.02	3.90385E-25	-1.03583E-23	0
77.04	-9.35921E-26	-9.93416E-24	0
77.06	-5.37785E-25	-9.50612E-24	0
77.08	-9.43701E-25	-9.07616E-24	0
77.1	-1.31287E-24	-8.64609E-24	0
77.12	-1.64686E-24	-8.21759E-24	0
77.14	-1.94721E-24	-7.79221E-24	0
77.16	-2.21551E-24	-7.37132E-24	0
77.18	-2.45331E-24	-6.95621E-24	0
77.2	-2.66218E-24	-6.54801E-24	0
77.22	-2.84365E-24	-6.14775E-24	0
77.24	-2.99925E-24	-5.75633E-24	0
77.26	-3.13049E-24	-5.37456E-24	0
77.28	-3.23883E-24	-5.00314E-24	0
77.3	-3.32572E-24	-4.64266E-24	0
77.32	-3.39258E-24	-4.29364E-24	0
77.34	-3.44076E-24	-3.95651E-24	0
77.36	-3.47162E-24	-3.63159E-24	0
77.38	-3.48645E-24	-3.31917E-24	0
77.4	-3.48649E-24	-3.01943E-24	0
77.42	-3.47295E-24	-2.73252E-24	0
77.44	-3.44699E-24	-2.4585E-24	0
77.46	-3.40974E-24	-2.19738E-24	0
77.48	-3.36226E-24	-1.94913E-24	0
77.5	-3.30556E-24	-1.71367E-24	0
77.52	-3.24064E-24	-1.49087E-24	0
77.54	-3.1684E-24	-1.28056E-24	0
77.56	-3.08975E-24	-1.08255E-24	0
77.58	-3.00549E-24	-8.96585E-25	0
77.6	-2.91644E-24	-7.22421E-25	0
77.62	-2.82332E-24	-5.59769E-25	0
77.64	-2.72683E-24	-4.08318E-25	0
77.66	-2.62763E-24	-2.67745E-25	0
77.68	-2.52633E-24	-1.37705E-25	0
77.7	-2.4235E-24	-1.78441E-26	0
77.72	-2.31966E-24	9.22051E-26	0
77.74	-2.21531E-24	1.92817E-25	0
77.76	-2.11089E-24	2.84374E-25	0
77.78	-2.00683E-24	3.6726E-25	0
77.8	-1.90349E-24	4.41865E-25	0
77.82	-1.80123E-24	5.08575E-25	0
77.84	-1.70036E-24	5.67781E-25	0
77.86	-1.60116E-24	6.19866E-25	0
77.88	-1.50388E-24	6.65213E-25	0
77.9	-1.40874E-24	7.04199E-25	0
77.92	-1.31595E-24	7.37194E-25	0
77.94	-1.22567E-24	7.64564E-25	0
77.96	-1.13805E-24	7.86665E-25	0
77.98	-1.05321E-24	8.03844E-25	0
78	-9.71268E-25	8.16439E-25	0
78.02	-8.92298E-25	8.24781E-25	0
78.04	-8.16366E-25	8.29187E-25	0
78.06	-7.43522E-25	8.29965E-25	0
78.08	-6.73796E-25	8.27412E-25	0
78.1	-6.07205E-25	8.21814E-25	0
78.12	-5.43753E-25	8.13443E-25	0
78.14	-4.8343E-25	8.02564E-25	0
78.16	-4.26215E-25	7.89426E-25	0
78.18	-3.72076E-25	7.74268E-25	0
78.2	-3.20972E-25	7.57317E-25	0
78.22	-2.72853E-25	7.38789E-25	0
78.24	-2.27662E-25	7.18888E-25	0
78.26	-1.85335E-25	6.97806E-25	0
78.28	-1.45801E-25	6.75724E-25	0
78.3	-1.08985E-25	6.52813E-25	0
78.32	-7.4806E-26	6.29232E-25	0
78.34	-4.31812E-26	6.0513E-25	0
78.36	-1.40233E-26	5.80645E-25	0
78.38	1.27573E-26	5.55907E-25	0
78.4	3.72524E-26	5.31034E-25	0
78.42	5.95549E-26	5.06136E-25	0
78.44	7.97589E-26	4.81314E-25	0
78.46	9.7959E-26	4.56659E-25	0
78.48	1.1425E-25	4.32256E-25	0
78.5	1.28726E-25	4.08181E-25	0
78.52	1.41481E-25	3.84501E-25	0
78.54	1.52607E-25	3.61277E-25	0
78.56	1.62197E-25	3.38565E-25	0
78.58	1.70341E-25	3.1641E-25	0
78.6	1.77126E-25	2.94856E-25	0
78.62	1.82639E-25	2.73936E-25	0
78.64	1.86965E-25	2.53682E-25	0
78.66	1.90185E-25	2.34119E-25	0
78.68	1.92379E-25	2.15265E-25	0
78.7	1.93624E-25	1.97138E-25	0
78.72	1.93995E-25	1.79749E-25	0
78.74	1.93562E-25	1.63104E-25	0
78.76	1.92396E-25	1.47209E-25	0
78.78	1.90561E-25	1.32063E-25	0
78.8	1.88122E-25	1.17664E-25	0
78.82	1.85139E-25	1.04008E-25	0
78.84	1.81669E-25	9.10853E-26	0
78.86	1.77766E-25	7.88873E-26	0
78.88	1.73483E-25	6.74015E-26	0
78.9	1.68869E-25	5.66141E-26	0
78.92	1.6397E-25	4.65095E-26	0
78.94	1.58829E-25	3.70708E-26	0
78.96	1.53487E-25	2.82797E-26	0
78.98	1.47983E-25	2.0117E-26	0
79	1.42352E-25	1.25625E-26	0
79.02	1.36626E-25	5.5953E-27	0
79.04	1.30838E-25	-8.06093E-28	0
79.06	1.25016E-25	-6.66368E-27	0
79.08	1.19185E-25	-1.19998E-26	0
79.1	1.1337E-25	-1.68369E-26	0
79.12	1.07593E-25	-2.11977E-26	0
79.14	1.01873E-25	-2.51048E-26	0
79.16	9.62294E-26	-2.85808E-26	0
79.18	9.06775E-26	-3.16481E-26	0
79.2	8.52321E-26	-3.43289E-26	0
79.22	7.99062E-26	-3.6645E-26	0
79.24	7.47109E-26	-3.86178E-26	0
79.26	6.9656E-26	-4.02685E-26	0
79.28	6.47502E-26	-4.16177E-26	0
79.3	6.00004E-26	-4.26853E-26	0
79.32	5.54125E-26	-4.34909E-26	0
79.34	5.09914E-26	-4.40534E-26	0
79.36	4.67406E-26	-4.4391E-26	0
79.38	4.2663E-26	-4.45216E-26	0
79.4	3.87601E-26	-4.44619E-26	0
79.42	3.50331E-26	-4.42285E-26	0
79.44	3.14819E-26	-4.38369E-26	0
79.46	2.81059E-26	-4.33021E-26	0
79.48	2.4904E-26	-4.26384E-26	0
79.5	2.18743E-26	-4.18595E-26	0
79.52	1.90143E-26	-4.09782E-26	0
79.54	1.63213E-26	-4.00067E-26	0
79.56	1.37919E-26	-3.89567E-26	0
79.58	1.14224E-26	-3.7839E-26	0
79.6	9.20888E-27	-3.6664E-26	0
79.62	7.14694E-27	-3.54411E-26	0
79.64	5.23206E-27	-3.41795E-26	0
79.66	3.45947E-27	-3.28875E-26	0
79.68	1.82423E-27	-3.15729E-26	0
79.7	3.2128E-28	-3.0243E-26	0
79.72	-1.05457E-27	-2.89044E-26	0
79.74	-2.30856E-27	-2.75634E-26	0
79.76	-3.44601E-27	-2.62254E-26	0
79.78	-4.47223E-27	-2.48958E-26	0
79.8	-5.39255E-27	-2.35791E-26	0
79.82	-6.21226E-27	-2.22796E-26	0
79.84	-6.93663E-27	-2.10011E-26	0
79.86	-7.57086E-27	-1.97471E-26	0
79.88	-8.12005E-27	-1.85204E-26	0
79.9	-8.58925E-27	-1.73237E-26	0
79.92	-8.98339E-27	-1.61593E-26	0
79.94	-9.30727E-27	-1.50293E-26	0
79.96	-9.56558E-27	-1.39352E-26	0
79.98	-9.76289E-27	-1.28784E-26	0
80	-9.9036E-27	-1.186E-26	0
80.02	-9.99199E-27	-1.08809E-26	0
80.04	-1.00322E-26	-9.94167E-27	0
80.06	-1.00281E-26	-9.04276E-27	0
80.08	-9.98362E-27	-8.18435E-27	0
80.1	-9.90233E-27	-7.36646E-27	0
80.12	-9.78774E-27	-6.58896E-27	0
80.14	-9.64316E-27	-5.85155E-27	0
80.16	-9.47176E-27	-5.1538E-27	0
80.18	-9.27653E-27	-4.49514E-27	0
80.2	-9.06032E-27	-3.8749E-27	0
80.22	-8.82581E-27	-3.29232E-27	0
80.24	-8.57553E-27	-2.74655E-27	0
80.26	-8.31185E-27	-2.23663E-27	0
80.28	-8.037E-27	-1.76158E-27	0
80.3	-7.75306E-27	-1.32034E-27	0
80.32	-7.46198E-27	-9.11795E-28	0
80.34	-7.16556E-27	-5.3481E-28	0
80.36	-6.86547E-27	-1.88207E-28	0
80.38	-6.56326E-27	1.29212E-28	0
80.4	-6.26033E-27	4.18662E-28	0
80.42	-5.958E-27	6.81368E-28	0
80.44	-5.65745E-27	9.1856E-28	0
80.46	-5.35975E-27	1.13147E-27	0
80.48	-5.06588E-27	1.32131E-27	0
80.5	-4.77671E-27	1.4893E-27	0
80.52	-4.49303E-27	1.63664E-27	0
80.54	-4.21552E-27	1.7645E-27	0
80.56	-3.94478E-27	1.87405E-27	0
80.58	-3.68134E-27	1.96641E-27	0
80.6	-3.42566E-27	2.04269E-27	0
80.62	-3.17811E-27	2.10398E-27	0
80.64	-2.939E-27	2.1513E-27	0
80.66	-2.70858E-27	2.18568E-27	0
80.68	-2.48706E-27	2.2081E-27	0
80.7	-2.27457E-27	2.2195E-27	0
80.72	-2.0712E-27	2.22079E-27	0
80.74	-1.877E-27	2.21283E-27	0
80.76	-1.69197E-27	2.19646E-27	0
80.78	-1.51608E-27	2.17248E-27	0
80.8	-1.34926E-27	2.14165E-27	0
80.82	-1.19142E-27	2.10468E-27	0
80.84	-1.04241E-27	2.06227E-27	0
80.86	-9.02097E-28	2.01506E-27	0
80.88	-7.70295E-28	1.96366E-27	0
80.9	-6.4681E-28	1.90864E-27	0
80.92	-5.31429E-28	1.85056E-27	0
80.94	-4.23923E-28	1.78991E-27	0
80.96	-3.24051E-28	1.72716E-27	0
80.98	-2.31562E-28	1.66277E-27	0
81	-1.46195E-28	1.59713E-27	0
81.02	-6.76836E-29	1.53064E-27	0
81.04	4.24576E-30	1.46363E-27	0
81.06	6.98685E-29	1.39643E-27	0
81.08	1.29463E-28	1.32933E-27	0
81.1	1.83308E-28	1.26261E-27	0
81.12	2.31681E-28	1.1965E-27	0
81.14	2.74861E-28	1.13123E-27	0
81.16	3.13121E-28	1.06699E-27	0
81.18	3.46733E-28	1.00396E-27	0
81.2	3.75962E-28	9.42295E-28	0
81.22	4.0107E-28	8.82132E-28	0
81.24	4.22314E-28	8.23589E-28	0
81.26	4.39943E-28	7.66766E-28	0
81.28	4.542E-28	7.1175E-28	0
81.3	4.6532E-28	6.5861E-28	0
81.32	4.73533E-28	6.07403E-28	0
81.34	4.79057E-28	5.58173E-28	0
81.36	4.82107E-28	5.1095E-28	0
81.38	4.82885E-28	4.65756E-28	0
81.4	4.81588E-28	4.226E-28	0
81.42	4.78402E-28	3.81484E-28	0
81.44	4.73507E-28	3.42399E-28	0
81.46	4.67073E-28	3.0533E-28	0
81.48	4.59262E-28	2.70255E-28	0
81.5	4.50227E-28	2.37144E-28	0
81.52	4.40113E-28	2.05964E-28	0
81.54	4.29057E-28	1.76674E-28	0
81.56	4.17188E-28	1.4923E-28	0
81.58	4.04626E-28	1.23585E-28	0
81.6	3.91486E-28	9.96874E-29	0
81.62	3.77873E-28	7.74834E-29	0
81.64	3.63884E-28	5.69166E-29	0
81.66	3.49613E-28	3.79288E-29	0
81.68	3.35142E-28	2.04604E-29	0
81.7	3.20551E-28	4.45048E-30	0
81.72	3.0591E-28	-1.01625E-29	0
81.74	2.91286E-28	-2.34406E-29	0
81.76	2.76738E-28	-3.54459E-29	0
81.78	2.6232E-28	-4.62403E-29	0
81.8	2.48081E-28	-5.58857E-29	0
81.82	2.34064E-28	-6.44429E-29	0
81.84	2.2031E-28	-7.19722E-29	0
81.86	2.06852E-28	-7.85328E-29	0
81.88	1.9372E-28	-8.41828E-29	0
81.9	1.80942E-28	-8.89789E-29	0
81.92	1.68538E-28	-9.29766E-29	0
81.94	1.56528E-28	-9.62296E-29	0
81.96	1.44928E-28	-9.87901E-29	0
81.98	1.3375E-28	-1.00709E-28	0
82	1.23003E-28	-1.02034E-28	0
82.02	1.12695E-28	-1.02813E-28	0
82.04	1.0283E-28	-1.03092E-28	0
82.06	9.34098E-29	-1.02912E-28	0
82.08	8.44351E-29	-1.02315E-28	0
82.1	7.59039E-29	-1.01342E-28	0
82.12	6.78129E-29	-1.00029E-28	0
82.14	6.0157E-29	-9.84119E-29	0
82.16	5.29299E-29	-9.65247E-29	0
82.18	4.61238E-29	-9.43994E-29	0
82.2	3.97301E-29	-9.20659E-29	0
82.22	3.37391E-29	-8.95526E-29	0
82.24	2.81403E-29	-8.6886E-29	0
82.26	2.29223E-29	-8.40911E-29	0
82.28	1.80734E-29	-8.11911E-29	0
82.3	1.35811E-29	-7.82074E-29	0
82.32	9.43276E-30	-7.51602E-29	0
82.34	5.61518E-30	-7.2068E-29	0
82.36	2.11507E-30	-6.89478E-29	0
82.38	-1.08108E-30	-6.58153E-29	0
82.4	-3.98684E-30	-6.26848E-29	0
82.42	-6.61581E-30	-5.95695E-29	0
82.44	-8.98155E-30	-5.6481E-29	0
82.46	-1.10975E-29	-5.34302E-29	0
82.48	-1.29771E-29	-5.04264E-29	0
82.5	-1.46333E-29	-4.74783E-29	0
82.52	-1.60792E-29	-4.45934E-29	0
82.54	-1.73274E-29	-4.17782E-29	0
82.56	-1.83903E-29	-3.90385E-29	0
82.58	-1.92799E-29	-3.6379E-29	0
82.6	-2.00079E-29	-3.3804E-29	0
82.62	-2.05858E-29	-3.13167E-29	0
82.64	-2.10244E-29	-2.89199E-29	0
82.66	-2.13345E-29	-2.66156E-29	0
82.68	-2.15261E-29	-2.44054E-29	0
82.7	-2.16091E-29	-2.22902E-29	0
82.72	-2.15928E-29	-2.02704E-29	0
82.74	-2.14863E-29	-1.83462E-29	0
82.76	-2.1298E-29	-1.65171E-29	0
82.78	-2.10361E-29	-1.47824E-29	0
82.8	-2.07083E-29	-1.3141E-29	0
82.82	-2.03219E-29	-1.15914E-29	0
82.84	-1.98839E-29	-1.01322E-29	0
82.86	-1.94006E-29	-8.76126E-30	0
82.88	-1.88783E-29	-7.47661E-30	0
82.9	-1.83227E-29	-6.27594E-30	0
82.92	-1.77391E-29	-5.15683E-30	0
82.94	-1.71325E-29	-4.11671E-30	0
82.96	-1.65076E-29	-3.15291E-30	0
82.98	-1.58687E-29	-2.26269E-30	0
83	-1.52199E-29	-1.44322E-30	0
83.02	-1.45646E-29	-6.91618E-31	0
83.04	-1.39064E-29	-4.9955E-33	0
83.06	-1.32483E-29	6.19572E-31	0
83.08	-1.25931E-29	1.18501E-30	0
83.1	-1.19434E-29	1.69422E-30	0
83.12	-1.13014E-29	2.15012E-30	0
83.14	-1.06691E-29	2.55554E-30	0
83.16	-1.00485E-29	2.91332E-30	0
83.18	-9.44109E-30	3.22621E-30	0
83.2	-8.8483E-30	3.49694E-30	0
83.22	-8.27135E-30	3.72816E-30	0
83.24	-7.71127E-30	3.92244E-30	0
83.26	-7.16895E-30	4.08228E-30	0
83.28	-6.64511E-30	4.21012E-30	0
83.3	-6.14031E-30	4.30831E-30	0
83.32	-5.65501E-30	4.37909E-30	0
83.34	-5.18952E-30	4.42466E-30	0
83.36	-4.74404E-30	4.44709E-30	0
83.38	-4.31868E-30	4.44839E-30	0
83.4	-3.91343E-30	4.43046E-30	0
83.42	-3.52823E-30	4.39513E-30	0
83.44	-3.1629E-30	4.34412E-30	0
83.46	-2.81722E-30	4.27907E-30	0
83.48	-2.49089E-30	4.20154E-30	0
83.5	-2.18356E-30	4.11299E-30	0
83.52	-1.89482E-30	4.0148E-30	0
83.54	-1.62424E-30	3.90828E-30	0
83.56	-1.37133E-30	3.79463E-30	0
83.58	-1.13557E-30	3.675E-30	0
83.6	-9.16415E-31	3.55045E-30	0
83.62	-7.13308E-31	3.42195E-30	0
83.64	-5.25662E-31	3.29042E-30	0
83.66	-3.52881E-31	3.1567E-30	0
83.68	-1.94356E-31	3.02158E-30	0
83.7	-4.94754E-32	2.88576E-30	0
83.72	8.23789E-32	2.74988E-30	0
83.74	2.01824E-31	2.61456E-30	0
83.76	3.09473E-31	2.4803E-30	0
83.78	4.05938E-31	2.34761E-30	0
83.8	4.9182E-31	2.21691E-30	0
83.82	5.67714E-31	2.08859E-30	0
83.84	6.34202E-31	1.96298E-30	0
83.86	6.91856E-31	1.84038E-30	0
83.88	7.41231E-31	1.72104E-30	0
83.9	7.82871E-31	1.60519E-30	0
83.92	8.17301E-31	1.493E-30	0
83.94	8.45031E-31	1.38464E-30	0
83.96	8.66554E-31	1.28021E-30	0
83.98	8.82344E-31	1.17981E-30	0
84	8.92857E-31	1.08352E-30	0
84.02	8.98529E-31	9.91361E-31	0
84.04	8.99781E-31	9.03367E-31	0
84.06	8.97009E-31	8.19537E-31	0
84.08	8.90597E-31	7.39853E-31	0
84.1	8.80904E-31	6.64281E-31	0
84.12	8.68273E-31	5.92772E-31	0
84.14	8.5303E-31	5.25266E-31	0
84.16	8.35479E-31	4.61688E-31	0
84.18	8.15909E-31	4.01955E-31	0
84.2	7.9459E-31	3.45974E-31	0
84.22	7.71775E-31	2.93645E-31	0
84.24	7.47702E-31	2.44859E-31	0
84.26	7.22591E-31	1.99503E-31	0
84.28	6.96646E-31	1.57461E-31	0
84.3	6.70058E-31	1.18611E-31	0
84.32	6.43001E-31	8.28281E-32	0
84.34	6.15636E-31	4.99871E-32	0
84.36	5.88112E-31	1.99604E-32	0
84.38	5.60563E-31	-7.37995E-33	0
84.4	5.33111E-31	-3.2162E-32	0
84.42	5.05868E-31	-5.4513E-32	0
84.44	4.78933E-31	-7.45593E-32	0
84.46	4.52396E-31	-9.24258E-32	0
84.48	4.26335E-31	-1.08235E-31	0
84.5	4.00822E-31	-1.22108E-31	0
84.52	3.75917E-31	-1.34163E-31	0
84.54	3.51673E-31	-1.44514E-31	0
84.56	3.28135E-31	-1.53273E-31	0
84.58	3.0534E-31	-1.60549E-31	0
84.6	2.83321E-31	-1.66448E-31	0
84.62	2.62102E-31	-1.7107E-31	0
84.64	2.41702E-31	-1.74514E-31	0
84.66	2.22135E-31	-1.76872E-31	0
84.68	2.03409E-31	-1.78236E-31	0
84.7	1.8553E-31	-1.78691E-31	0
84.72	1.68496E-31	-1.7832E-31	0
84.74	1.52304E-31	-1.77199E-31	0
84.76	1.36949E-31	-1.75405E-31	0
84.78	1.22419E-31	-1.73007E-31	0
84.8	1.08702E-31	-1.70071E-31	0
84.82	9.57829E-32	-1.6666E-31	0
84.84	8.36447E-32	-1.62834E-31	0
84.86	7.22682E-32	-1.58647E-31	0
84.88	6.16329E-32	-1.54152E-31	0
84.9	5.17168E-32	-1.49397E-31	0
84.92	4.24967E-32	-1.44427E-31	0
84.94	3.39487E-32	-1.39284E-31	0
84.96	2.6048E-32	-1.34007E-31	0
84.98	1.87692E-32	-1.2863E-31	0
85	1.20866E-32	-1.23188E-31	0
85.02	5.97431E-33	-1.17711E-31	0
85.04	4.06177E-34	-1.12225E-31	0
85.06	-4.64383E-33	-1.06756E-31	0
85.08	-9.20165E-33	-1.01327E-31	0
85.1	-1.3293E-32	-9.59569E-32	0
85.12	-1.69432E-32	-9.06649E-32	0
85.14	-2.01772E-32	-8.5467E-32	0
85.16	-2.30196E-32	-8.03772E-32	0
85.18	-2.54942E-32	-7.54081E-32	0
85.2	-2.76245E-32	-7.05703E-32	0
85.22	-2.94331E-32	-6.58731E-32	0
85.24	-3.0942E-32	-6.1324E-32	0
85.26	-3.21725E-32	-5.69295E-32	0
85.28	-3.31452E-32	-5.26945E-32	0
85.3	-3.38799E-32	-4.86229E-32	0
85.32	-3.43954E-32	-4.47175E-32	0
85.34	-3.47101E-32	-4.098E-32	0
85.36	-3.48413E-32	-3.74114E-32	0
85.38	-3.48055E-32	-3.40117E-32	0
85.4	-3.46186E-32	-3.07801E-32	0
85.42	-3.42955E-32	-2.77153E-32	0
85.44	-3.38504E-32	-2.48153E-32	0
85.46	-3.32967E-32	-2.20776E-32	0
85.48	-3.26471E-32	-1.9499E-32	0
85.5	-3.19134E-32	-1.70762E-32	0
85.52	-3.11067E-32	-1.48053E-32	0
85.54	-3.02375E-32	-1.26822E-32	0
85.56	-2.93156E-32	-1.07024E-32	0
85.58	-2.83499E-32	-8.86139E-33	0
85.6	-2.73489E-32	-7.15427E-33	0
85.62	-2.63203E-32	-5.57609E-33	0
85.64	-2.52714E-32	-4.12177E-33	0
85.66	-2.42086E-32	-2.78617E-33	0
85.68	-2.31382E-32	-1.56407E-33	0
85.7	-2.20654E-32	-4.50265E-34	0
85.72	-2.09954E-32	5.60463E-34	0
85.74	-1.99327E-32	1.4733E-33	0
85.76	-1.88813E-32	2.29337E-33	0
85.78	-1.78448E-32	3.02576E-33	0
85.8	-1.68265E-32	3.67544E-33	0
85.82	-1.58292E-32	4.24729E-33	0
85.84	-1.48555E-32	4.7461E-33	0
85.86	-1.39073E-32	5.17651E-33	0
85.88	-1.29866E-32	5.54305E-33	0
85.9	-1.20949E-32	5.8501E-33	0
85.92	-1.12334E-32	6.1019E-33	0
85.94	-1.04032E-32	6.30253E-33	0
85.96	-9.605E-33	6.45592E-33	0
85.98	-8.83936E-33	6.56585E-33	0
86	-8.10665E-33	6.63592E-33	0
86.02	-7.40705E-33	6.66959E-33	0
86.04	-6.74055E-33	6.67015E-33	0
86.06	-6.10702E-33	6.64072E-33	0
86.08	-5.50619E-33	6.58428E-33	0
86.1	-4.93766E-33	6.50362E-33	0
86.12	-4.40092E-33	6.40141E-33	0
86.14	-3.89538E-33	6.28014E-33	0
86.16	-3.42036E-33	6.14216E-33	0
86.18	-2.9751E-33	5.98967E-33	0
86.2	-2.55879E-33	5.82474E-33	0
86.22	-2.17055E-33	5.64928E-33	0
86.24	-1.80946E-33	5.46509E-33	0
86.26	-1.47459E-33	5.27382E-33	0
86.28	-1.16495E-33	5.07699E-33	0
86.3	-8.79538E-34	4.87604E-33	0
86.32	-6.17345E-34	4.67224E-33	0
86.34	-3.77347E-34	4.4668E-33	0
86.36	-1.58518E-34	4.26079E-33	0
86.38	4.01658E-35	4.0552E-33	0
86.4	2.19723E-34	3.85091E-33	0
86.42	3.81162E-34	3.64872E-33	0
86.44	5.25476E-34	3.44935E-33	0
86.46	6.53642E-34	3.25342E-33	0
86.48	7.66619E-34	3.0615E-33	0
86.5	8.65341E-34	2.87407E-33	0
86.52	9.50718E-34	2.69155E-33	0
86.54	1.02364E-33	2.5143E-33	0
86.56	1.08495E-33	2.34261E-33	0
86.58	1.1355E-33	2.17674E-33	0
86.6	1.17606E-33	2.01688E-33	0
86.62	1.20742E-33	1.86318E-33	0
86.64	1.23031E-33	1.71575E-33	0
86.66	1.24543E-33	1.57465E-33	0
86.68	1.25346E-33	1.43994E-33	0
86.7	1.25503E-33	1.31159E-33	0
86.72	1.25076E-33	1.1896E-33	0
86.74	1.24122E-33	1.0739E-33	0
86.76	1.22696E-33	9.64417E-34	0
86.78	1.2085E-33	8.61058E-34	0
86.8	1.18632E-33	7.63705E-34	0
86.82	1.16088E-33	6.72225E-34	0
86.84	1.1326E-33	5.86471E-34	0
86.86	1.10189E-33	5.06286E-34	0
86.88	1.06912E-33	4.31502E-34	0
86.9	1.03463E-33	3.6194E-34	0
86.92	9.98751E-34	2.97417E-34	0
86.94	9.61771E-34	2.37744E-34	0
86.96	9.23969E-34	1.82728E-34	0
86.98	8.85593E-34	1.32172E-34	0
87	8.46875E-34	8.58794E-35	0
87.02	8.08024E-34	4.36519E-35	0
87.04	7.69228E-34	5.29187E-36	0
87.06	7.30661E-34	-2.93972E-35	0
87.08	6.92476E-34	-6.06094E-35	0
87.1	6.5481E-34	-8.85366E-35	0
87.12	6.17786E-34	-1.13367E-34	0
87.14	5.8151E-34	-1.35284E-34	0
87.16	5.46077E-34	-1.54469E-34	0
87.18	5.11568E-34	-1.71096E-34	0
87.2	4.78051E-34	-1.85336E-34	0
87.22	4.45583E-34	-1.97353E-34	0
87.24	4.14214E-34	-2.07307E-34	0
87.26	3.83979E-34	-2.15349E-34	0
87.28	3.54909E-34	-2.21629E-34	0
87.3	3.27023E-34	-2.26286E-34	0
87.32	3.00337E-34	-2.29456E-34	0
87.34	2.74855E-34	-2.31268E-34	0
87.36	2.5058E-34	-2.31844E-34	0
87.38	2.27505E-34	-2.31301E-34	0
87.4	2.05621E-34	-2.2975E-34	0
87.42	1.84913E-34	-2.27295E-34	0
87.44	1.65362E-34	-2.24034E-34	0
87.46	1.46947E-34	-2.2006E-34	0
87.48	1.29643E-34	-2.15461E-34	0
87.5	1.1342E-34	-2.10318E-34	0
87.52	9.82505E-35	-2.04707E-34	0
87.54	8.41008E-35	-1.98699E-34	0
87.56	7.09378E-35	-1.92361E-34	0
87.58	5.87265E-35	-1.85752E-34	0
87.6	4.74309E-35	-1.78931E-34	0
87.62	3.70143E-35	-1.71949E-34	0
87.64	2.74396E-35	-1.64853E-34	0
87.66	1.86693E-35	-1.57687E-34	0
87.68	1.06658E-35	-1.50492E-34	0
87.7	3.39163E-36	-1.43303E-34	0
87.72	-3.19038E-36	-1.36152E-34	0
87.74	-9.11703E-36	-1.2907E-34	0
87.76	-1.44246E-35	-1.22081E-34	0
87.78	-1.91487E-35	-1.15209E-34	0
87.8	-2.33241E-35	-1.08475E-34	0
87.82	-2.69849E-35	-1.01896E-34	0
87.84	-3.01641E-35	-9.54874E-35	0
87.86	-3.28939E-35	-8.92624E-35	0
87.88	-3.52054E-35	-8.32318E-35	0
87.9	-3.71285E-35	-7.74047E-35	0
87.92	-3.86921E-35	-7.17881E-35	0
87.94	-3.9924E-35	-6.63876E-35	0
87.96	-4.08508E-35	-6.12071E-35	0
87.98	-4.14978E-35	-5.62492E-35	0
88	-4.18894E-35	-5.15151E-35	0
88.02	-4.20485E-35	-4.70051E-35	0
88.04	-4.19972E-35	-4.27181E-35	0
88.06	-4.17561E-35	-3.86523E-35	0
88.08	-4.13449E-35	-3.48049E-35	0
88.1	-4.07821E-35	-3.11725E-35	0
88.12	-4.00851E-35	-2.77511E-35	0
88.14	-3.92701E-35	-2.45357E-35	0
88.16	-3.83526E-35	-2.15214E-35	0
88.18	-3.73468E-35	-1.87024E-35	0
88.2	-3.6266E-35	-1.60728E-35	0
88.22	-3.51225E-35	-1.36262E-35	0
88.24	-3.39278E-35	-1.13562E-35	0
88.26	-3.26924E-35	-9.25601E-36	0
88.28	-3.14261E-35	-7.31885E-36	0
88.3	-3.01378E-35	-5.53776E-36	0
88.32	-2.88356E-35	-3.90575E-36	0
88.34	-2.7527E-35	-2.41584E-36	0
88.36	-2.62187E-35	-1.06104E-36	0
88.38	-2.49167E-35	1.65558E-37	0
88.4	-2.36265E-35	1.27081E-36	0
88.42	-2.23529E-35	2.26144E-36	0
88.44	-2.11003E-35	3.14409E-36	0
88.46	-1.98725E-35	3.92521E-36	0
88.48	-1.86727E-35	4.61112E-36	0
88.5	-1.75038E-35	5.20797E-36	0
88.52	-1.63683E-35	5.72171E-36	0
88.54	-1.52681E-35	6.15809E-36	0
88.56	-1.42049E-35	6.52268E-36	0
88.58	-1.31801E-35	6.82082E-36	0
88.6	-1.21946E-35	7.05766E-36	0
88.62	-1.12493E-35	7.2381E-36	0
88.64	-1.03446E-35	7.36686E-36	0
88.66	-9.48071E-36	7.44841E-36	0
88.68	-8.65769E-36	7.48701E-36	0
88.7	-7.87536E-36	7.48672E-36	0
88.72	-7.13339E-36	7.45136E-36	0
88.74	-6.43128E-36	7.38455E-36	0
88.76	-5.76839E-36	7.2897E-36	0
88.78	-5.14396E-36	7.17002E-36	0
88.8	-4.55715E-36	7.02852E-36	0
88.82	-4.00698E-36	6.86802E-36	0
88.84	-3.49243E-36	6.69114E-36	0
88.86	-3.01241E-36	6.50032E-36	0
88.88	-2.56575E-36	6.29785E-36	0
88.9	-2.15126E-36	6.08582E-36	0
88.92	-1.76772E-36	5.86617E-36	0
88.94	-1.41387E-36	5.64069E-36	0
88.96	-1.08844E-36	5.41101E-36	0
88.98	-7.90162E-37	5.17863E-36	0
89	-5.17743E-37	4.94492E-36	0
89.02	-2.69914E-37	4.71109E-36	0
89.04	-4.54086E-38	4.47827E-36	0
89.06	1.57023E-37	4.24746E-36	0
89.08	3.38612E-37	4.01953E-36	0
89.1	5.00566E-37	3.79529E-36	0
89.12	6.44065E-37	3.57542E-36	0
89.14	7.70262E-37	3.36052E-36	0
89.16	8.80274E-37	3.15112E-36	0
89.18	9.75189E-37	2.94767E-36	0
89.2	1.05605E-36	2.75052E-36	0
89.22	1.12388E-36	2.56E-36	0
89.24	1.17964E-36	2.37633E-36	0
89.26	1.22427E-36	2.19971E-36	0
89.28	1.25866E-36	2.03028E-36	0
89.3	1.28367E-36	1.86812E-36	0
89.32	1.30011E-36	1.71328E-36	0
89.34	1.30876E-36	1.56575E-36	0
89.36	1.31034E-36	1.42552E-36	0
89.38	1.30555E-36	1.29253E-36	0
89.4	1.29506E-36	1.16667E-36	0
89.42	1.27947E-36	1.04785E-36	0
89.44	1.25937E-36	9.35911E-37	0
89.46	1.23529E-36	8.30715E-37	0
89.48	1.20776E-36	7.32083E-37	0
89.5	1.17725E-36	6.39831E-37	0
89.52	1.1442E-36	5.53761E-37	0
89.54	1.10901E-36	4.73665E-37	0
89.56	1.07207E-36	3.99328E-37	0
89.58	1.03373E-36	3.30529E-37	0
89.6	9.9431E-37	2.67043E-37	0
89.62	9.54106E-37	2.08641E-37	0
89.64	9.13386E-37	1.55094E-37	0
89.66	8.72397E-37	1.06172E-37	0
89.68	8.31359E-37	6.16452E-38	0
89.7	7.90474E-37	2.12872E-38	0
89.72	7.49921E-37	-1.51265E-38	0
89.74	7.09859E-37	-4.78168E-38	0
89.76	6.70431E-37	-7.70001E-38	0
89.78	6.31761E-37	-1.02888E-37	0
89.8	5.93957E-37	-1.25687E-37	0
89.82	5.57114E-37	-1.45597E-37	0
89.84	5.2131E-37	-1.62813E-37	0
89.86	4.86613E-37	-1.77521E-37	0
89.88	4.53078E-37	-1.89904E-37	0
89.9	4.20748E-37	-2.00134E-37	0
89.92	3.89656E-37	-2.08379E-37	0
89.94	3.59828E-37	-2.14799E-37	0
89.96	3.31279E-37	-2.19545E-37	0
89.98	3.04018E-37	-2.22762E-37	0
90	2.78045E-37	-2.2459E-37	0
90.02	2.53356E-37	-2.25158E-37	0
90.04	2.2994E-37	-2.2459E-37	0
90.06	2.07781E-37	-2.23003E-37	0
90.08	1.86859E-37	-2.20507E-37	0
90.1	1.6715E-37	-2.17206E-37	0
90.12	1.48626E-37	-2.13195E-37	0
90.14	1.31258E-37	-2.08566E-37	0
90.16	1.15012E-37	-2.03403E-37	0
90.18	9.98538E-38	-1.97785E-37	0
90.2	8.57459E-38	-1.91784E-37	0
90.22	7.26507E-38	-1.85467E-37	0
90.24	6.0529E-38	-1.78897E-37	0
90.26	4.93411E-38	-1.72131E-37	0
90.28	3.90467E-38	-1.65221E-37	0
90.3	2.96051E-38	-1.58214E-37	0
90.32	2.09758E-38	-1.51155E-37	0
90.34	1.31185E-38	-1.44083E-37	0
90.36	5.99305E-39	-1.37032E-37	0
90.38	-4.40078E-40	-1.30034E-37	0
90.4	-6.21978E-39	-1.23119E-37	0
90.42	-1.13842E-38	-1.1631E-37	0
90.44	-1.59705E-38	-1.09631E-37	0
90.46	-2.00151E-38	-1.03099E-37	0
90.48	-2.35531E-38	-9.6732E-38	0
90.5	-2.66188E-38	-9.05438E-38	0
90.52	-2.9245E-38	-8.45459E-38	0
90.54	-3.14635E-38	-7.87483E-38	0
90.56	-3.33049E-38	-7.31585E-38	0
90.58	-3.47985E-38	-6.77826E-38	0
90.6	-3.59721E-38	-6.26248E-38	0
90.62	-3.68527E-38	-5.76881E-38	0
90.64	-3.74654E-38	-5.29738E-38	0
90.66	-3.78346E-38	-4.84823E-38	0
90.68	-3.79832E-38	-4.42127E-38	0
90.7	-3.79327E-38	-4.01632E-38	0
90.72	-3.77036E-38	-3.6331E-38	0
90.74	-3.73151E-38	-3.27126E-38	0
90.76	-3.67853E-38	-2.9304E-38	0
90.78	-3.61311E-38	-2.61002E-38	0
90.8	-3.53683E-38	-2.30962E-38	0
90.82	-3.45115E-38	-2.0286E-38	0
90.84	-3.35746E-38	-1.76637E-38	0
90.86	-3.25701E-38	-1.5223E-38	0
90.88	-3.15099E-38	-1.29571E-38	0
90.9	-3.04048E-38	-1.08593E-38	0
90.92	-2.92646E-38	-8.9228E-39	0
90.94	-2.80984E-38	-7.14048E-39	0
90.96	-2.69147E-38	-5.50535E-39	0
90.98	-2.57209E-38	-4.01037E-39	0
91	-2.45239E-38	-2.64855E-39	0
91.02	-2.33297E-38	-1.41296E-39	0
91.04	-2.2144E-38	-2.96736E-40	0
91.06	-2.09716E-38	7.0684E-40	0
91.08	-1.98169E-38	1.60437E-39	0
91.1	-1.86838E-38	2.40228E-39	0
91.12	-1.75754E-38	3.10686E-39	0
91.14	-1.64947E-38	3.72419E-39	0
91.16	-1.54442E-38	4.26016E-39	0
91.18	-1.44259E-38	4.72046E-39	0
91.2	-1.34414E-38	5.11058E-39	0
91.22	-1.24922E-38	5.43577E-39	0
91.24	-1.15792E-38	5.70108E-39	0
91.26	-1.07032E-38	5.91134E-39	0
91.28	-9.86471E-39	6.07115E-39	0
91.3	-9.06398E-39	6.18488E-39	0
91.32	-8.30106E-39	6.25668E-39	0
91.34	-7.57581E-39	6.29051E-39	0
91.36	-6.88793E-39	6.29007E-39	0
91.38	-6.23696E-39	6.25888E-39	0
91.4	-5.6223E-39	6.20024E-39	0
91.42	-5.04325E-39	6.11725E-39	0
91.44	-4.49899E-39	6.0128E-39	0
91.46	-3.98861E-39	5.88962E-39	0
91.48	-3.51116E-39	5.75021E-39	0
91.5	-3.06559E-39	5.59694E-39	0
91.52	-2.65082E-39	5.43197E-39	0
91.54	-2.26572E-39	5.25731E-39	0
91.56	-1.90914E-39	5.07481E-39	0
91.58	-1.57991E-39	4.88618E-39	0
91.6	-1.27681E-39	4.69297E-39	0
91.62	-9.98675E-40	4.4966E-39	0
91.64	-7.44291E-40	4.29835E-39	0
91.66	-5.12471E-40	4.09941E-39	0
91.68	-3.02034E-40	3.9008E-39	0
91.7	-1.11817E-40	3.70349E-39	0
91.72	5.9324E-41	3.50829E-39	0
91.74	2.1251E-40	3.31597E-39	0
91.76	3.48835E-40	3.12716E-39	0
91.78	4.69363E-40	2.94244E-39	0
91.8	5.75127E-40	2.7623E-39	0
91.82	6.67126E-40	2.58714E-39	0
91.84	7.46327E-40	2.41733E-39	0
91.86	8.13656E-40	2.25314E-39	0
91.88	8.70007E-40	2.09481E-39	0
91.9	9.16232E-40	1.94252E-39	0
91.92	9.53149E-40	1.79639E-39	0
91.94	9.81535E-40	1.6565E-39	0
91.96	1.00213E-39	1.52291E-39	0
91.98	1.01564E-39	1.39563E-39	0
92	1.02273E-39	1.27463E-39	0
92.02	1.02402E-39	1.15986E-39	0
92.04	1.02011E-39	1.05124E-39	0
92.06	1.01155E-39	9.48681E-40	0
92.08	9.98874E-40	8.5206E-40	0
92.1	9.82563E-40	7.61241E-40	0
92.12	9.63076E-40	6.76073E-40	0
92.14	9.40837E-40	5.96393E-40	0
92.16	9.16241E-40	5.22029E-40	0
92.18	8.89655E-40	4.52797E-40	0
92.2	8.61416E-40	3.88511E-40	0
92.22	8.31836E-40	3.28977E-40	0
92.24	8.012E-40	2.73997E-40	0
92.26	7.69769E-40	2.23372E-40	0
92.28	7.37783E-40	1.76902E-40	0
92.3	7.05457E-40	1.34387E-40	0
92.32	6.72988E-40	9.56279E-41	0
92.34	6.40551E-40	6.04275E-41	0
92.36	6.08305E-40	2.85913E-41	0
92.38	5.76389E-40	-7.16166E-44	0
92.4	5.44929E-40	-2.57483E-41	0
92.42	5.14034E-40	-4.86211E-41	0
92.44	4.83798E-40	-6.88677E-41	0
92.46	4.54304E-40	-8.66602E-41	0
92.48	4.25621E-40	-1.02165E-40	0
92.5	3.97808E-40	-1.15543E-40	0
92.52	3.70913E-40	-1.26949E-40	0
92.54	3.44975E-40	-1.36531E-40	0
92.56	3.20023E-40	-1.44431E-40	0
92.58	2.96079E-40	-1.50784E-40	0
92.6	2.73157E-40	-1.55721E-40	0
92.62	2.51266E-40	-1.59364E-40	0
92.64	2.30408E-40	-1.6183E-40	0
92.66	2.10578E-40	-1.63229E-40	0
92.68	1.91769E-40	-1.63666E-40	0
92.7	1.73969E-40	-1.63238E-40	0
92.72	1.5716E-40	-1.62038E-40	0
92.74	1.41325E-40	-1.60152E-40	0
92.76	1.26439E-40	-1.57662E-40	0
92.78	1.12479E-40	-1.54643E-40	0
92.8	9.94182E-41	-1.51165E-40	0
92.82	8.72274E-41	-1.47294E-40	0
92.84	7.58771E-41	-1.4309E-40	0
92.86	6.53362E-41	-1.3861E-40	0
92.88	5.5573E-41	-1.33904E-40	0
92.9	4.65551E-41	-1.29019E-40	0
92.92	3.82498E-41	-1.23999E-40	0
92.94	3.06241E-41	-1.18884E-40	0
92.96	2.36452E-41	-1.13708E-40	0
92.98	1.72804E-41	-1.08504E-40	0
93	1.14973E-41	-1.03302E-40	0
93.02	6.26415E-42	-9.81268E-41	0
93.04	1.54951E-42	-9.30019E-41	0
93.06	-2.67724E-42	-8.79479E-41	0
93.08	-6.44599E-42	-8.29827E-41	0
93.1	-9.78583E-42	-7.81221E-41	0
93.12	-1.27249E-41	-7.33793E-41	0
93.14	-1.52906E-41	-6.87661E-41	0
93.16	-1.75091E-41	-6.4292E-41	0
93.18	-1.94056E-41	-5.99649E-41	0
93.2	-2.10045E-41	-5.57912E-41	0
93.22	-2.23289E-41	-5.17759E-41	0
93.24	-2.34011E-41	-4.79225E-41	0
93.26	-2.42421E-41	-4.42334E-41	0
93.28	-2.4872E-41	-4.071E-41	0
93.3	-2.53098E-41	-3.73526E-41	0
93.32	-2.55735E-41	-3.41607E-41	0
93.34	-2.56801E-41	-3.11331E-41	0
93.36	-2.56456E-41	-2.82677E-41	0
93.38	-2.5485E-41	-2.55619E-41	0
93.4	-2.52124E-41	-2.30125E-41	0
93.42	-2.48411E-41	-2.06161E-41	0
93.44	-2.43832E-41	-1.83686E-41	0
93.46	-2.38502E-41	-1.62657E-41	0
93.48	-2.32527E-41	-1.43027E-41	0
93.5	-2.26006E-41	-1.24749E-41	0
93.52	-2.1903E-41	-1.07773E-41	0
93.54	-2.11681E-41	-9.20467E-42	0
93.56	-2.04036E-41	-7.75185E-42	0
93.58	-1.96165E-41	-6.41354E-42	0
93.6	-1.88132E-41	-5.18444E-42	0
93.62	-1.79996E-41	-4.05924E-42	0
93.64	-1.71807E-41	-3.03268E-42	0
93.66	-1.63613E-41	-2.09954E-42	0
93.68	-1.55457E-41	-1.25468E-42	0
93.7	-1.47375E-41	-4.93055E-43	0
93.72	-1.39401E-41	1.90266E-43	0
93.74	-1.31565E-41	8.00098E-43	0
93.76	-1.2389E-41	1.34112E-42	0
93.78	-1.164E-41	1.81786E-42	0
93.8	-1.09113E-41	2.23471E-42	0
93.82	-1.02044E-41	2.59588E-42	0
93.84	-9.52063E-42	2.90544E-42	0
93.86	-8.86102E-42	3.16728E-42	0
93.88	-8.22636E-42	3.38512E-42	0
93.9	-7.61725E-42	3.56253E-42	0
93.92	-7.03407E-42	3.70289E-42	0
93.94	-6.47705E-42	3.8094E-42	0
93.96	-5.94626E-42	3.88513E-42	0
93.98	-5.44162E-42	3.93295E-42	0
94	-4.96292E-42	3.95559E-42	0
94.02	-4.50986E-42	3.95559E-42	0
94.04	-4.08203E-42	3.93537E-42	0
94.06	-3.67892E-42	3.89719E-42	0
94.08	-3.29998E-42	3.84313E-42	0
94.1	-2.94456E-42	3.77517E-42	0
94.12	-2.61199E-42	3.69514E-42	0
94.14	-2.30153E-42	3.60473E-42	0
94.16	-2.01243E-42	3.5055E-42	0
94.18	-1.74388E-42	3.39891E-42	0
94.2	-1.49507E-42	3.28627E-42	0
94.22	-1.26518E-42	3.16882E-42	0
94.24	-1.05336E-42	3.04767E-42	0
94.26	-8.58781E-43	2.92383E-42	0
94.28	-6.80598E-43	2.79822E-42	0
94.3	-5.17978E-43	2.67169E-42	0
94.32	-3.70093E-43	2.54496E-42	0
94.34	-2.36132E-43	2.41873E-42	0
94.36	-1.15296E-43	2.29357E-42	0
94.38	-6.80481E-45	2.17002E-42	0
94.4	9.0103E-44	2.04855E-42	0
94.42	1.76166E-43	1.92955E-42	0
94.44	2.52101E-43	1.81337E-42	0
94.46	3.186E-43	1.70031E-42	0
94.48	3.76328E-43	1.59062E-42	0
94.5	4.25928E-43	1.48449E-42	0
94.52	4.68012E-43	1.38211E-42	0
94.54	5.03169E-43	1.28358E-42	0
94.56	5.31958E-43	1.18901E-42	0
94.58	5.54913E-43	1.09846E-42	0
94.6	5.7254E-43	1.01197E-42	0
94.62	5.8532E-43	9.29547E-43	0
94.64	5.93704E-43	8.5118E-43	0
94.66	5.98121E-43	7.76839E-43	0
94.68	5.98974E-43	7.06478E-43	0
94.7	5.9664E-43	6.40032E-43	0
94.72	5.91473E-43	5.77424E-43	0
94.74	5.83803E-43	5.18567E-43	0
94.76	5.73939E-43	4.63361E-43	0
94.78	5.62167E-43	4.11701E-43	0
94.8	5.48754E-43	3.63472E-43	0
94.82	5.33943E-43	3.18556E-43	0
94.84	5.17963E-43	2.7683E-43	0
94.86	5.01022E-43	2.38165E-43	0
94.88	4.8331E-43	2.02434E-43	0
94.9	4.65002E-43	1.69507E-43	0
94.92	4.46258E-43	1.39251E-43	0
94.94	4.2722E-43	1.11537E-43	0
94.96	4.0802E-43	8.62351E-44	0
94.98	3.88775E-43	6.32165E-44	0
95	3.69589E-43	4.23548E-44	0
95.02	3.50555E-43	2.35262E-44	0
95.04	3.31755E-43	6.6093E-45	0
95.06	3.13263E-43	-8.51398E-45	0
95.08	2.95141E-43	-2.19584E-44	0
95.1	2.77443E-43	-3.38351E-44	0
95.12	2.60215E-43	-4.42514E-44	0
95.14	2.43497E-43	-5.33107E-44	0
95.16	2.2732E-43	-6.11121E-44	0
95.18	2.1171E-43	-6.7751E-44	0
95.2	1.96687E-43	-7.33183E-44	0
95.22	1.82266E-43	-7.79006E-44	0
95.24	1.68457E-43	-8.15805E-44	0
95.26	1.55266E-43	-8.44362E-44	0
95.28	1.42694E-43	-8.65421E-44	0
95.3	1.30741E-43	-8.79681E-44	0
95.32	1.19401E-43	-8.87804E-44	0
95.34	1.08668E-43	-8.9041E-44	0
95.36	9.85319E-44	-8.88083E-44	0
95.38	8.8981E-44	-8.81369E-44	0
95.4	8.00018E-44	-8.70777E-44	0
95.42	7.15792E-44	-8.56783E-44	0
95.44	6.36972E-44	-8.39828E-44	0
95.46	5.63382E-44	-8.20322E-44	0
95.48	4.9484E-44	-7.98643E-44	0
95.5	4.31158E-44	-7.7514E-44	0
95.52	3.72143E-44	-7.50133E-44	0
95.54	3.17596E-44	-7.23916E-44	0
95.56	2.67319E-44	-6.96759E-44	0
95.58	2.21112E-44	-6.68904E-44	0
95.6	1.78774E-44	-6.40574E-44	0
95.62	1.40109E-44	-6.11969E-44	0
95.64	1.04919E-44	-5.83268E-44	0
95.66	7.3011E-45	-5.54632E-44	0
95.68	4.41967E-45	-5.26205E-44	0
95.7	1.82906E-45	-4.98112E-44	0
95.72	-4.88733E-46	-4.70466E-44	0
95.74	-2.55122E-45	-4.43361E-44	0
95.76	-4.37533E-45	-4.16883E-44	0
95.78	-5.97741E-45	-3.91101E-44	0
95.8	-7.37322E-45	-3.66076E-44	0
95.82	-8.57786E-45	-3.41856E-44	0
95.84	-9.60582E-45	-3.18482E-44	0
95.86	-1.04709E-44	-2.95984E-44	0
95.88	-1.11864E-44	-2.74384E-44	0
95.9	-1.17647E-44	-2.537E-44	0
95.92	-1.22178E-44	-2.33939E-44	0
95.94	-1.2557E-44	-2.15106E-44	0
95.96	-1.27928E-44	-1.97197E-44	0
95.98	-1.29354E-44	-1.80208E-44	0
96	-1.29941E-44	-1.64127E-44	0
96.02	-1.29778E-44	-1.48939E-44	0
96.04	-1.28947E-44	-1.34628E-44	0
96.06	-1.27526E-44	-1.21173E-44	0
96.08	-1.25588E-44	-1.08551E-44	0
96.1	-1.23197E-44	-9.6739E-45	0
96.12	-1.20418E-44	-8.57098E-45	0
96.14	-1.17306E-44	-7.54363E-45	0
96.16	-1.13915E-44	-6.58903E-45	0
96.18	-1.10292E-44	-5.70427E-45	0
96.2	-1.06484E-44	-4.88637E-45	0
96.22	-1.02529E-44	-4.13236E-45	0
96.24	-9.84656E-45	-3.43922E-45	0
96.26	-9.43264E-45	-2.80397E-45	0
96.28	-9.01418E-45	-2.22363E-45	0
96.3	-8.59389E-45	-1.69524E-45	0
96.32	-8.17421E-45	-1.21593E-45	0
96.34	-7.75728E-45	-7.82857E-46	0
96.36	-7.34502E-45	-3.93239E-46	0
96.38	-6.9391E-45	-4.43822E-47	0
96.4	-6.54097E-45	2.66335E-46	0
96.42	-6.15191E-45	5.41447E-46	0
96.44	-5.77297E-45	7.83403E-46	0
96.46	-5.40506E-45	9.94556E-46	0
96.48	-5.04892E-45	1.17717E-45	0
96.5	-4.70515E-45	1.3334E-45	0
96.52	-4.37422E-45	1.46533E-45	0
96.54	-4.05647E-45	1.57492E-45	0
96.56	-3.75215E-45	1.66404E-45	0
96.58	-3.46141E-45	1.73447E-45	0
96.6	-3.18428E-45	1.78789E-45	0
96.62	-2.92076E-45	1.82588E-45	0
96.64	-2.67075E-45	1.84995E-45	0
96.66	-2.43409E-45	1.8615E-45	0
96.68	-2.21057E-45	1.86184E-45	0
96.7	-1.99994E-45	1.8522E-45	0
96.72	-1.8019E-45	1.83375E-45	0
96.74	-1.61613E-45	1.80754E-45	0
96.76	-1.44225E-45	1.77457E-45	0
96.78	-1.27989E-45	1.73576E-45	0
96.8	-1.12864E-45	1.69196E-45	0
96.82	-9.88091E-46	1.64397E-45	0
96.84	-8.57804E-46	1.59249E-45	0
96.86	-7.37348E-46	1.53819E-45	0
96.88	-6.26279E-46	1.48166E-45	0
96.9	-5.24156E-46	1.42346E-45	0
96.92	-4.30537E-46	1.36409E-45	0
96.94	-3.44984E-46	1.30398E-45	0
96.96	-2.67062E-46	1.24355E-45	0
96.98	-1.96346E-46	1.18315E-45	0
97	-1.32418E-46	1.1231E-45	0
97.02	-7.48696E-47	1.06369E-45	0
97.04	-2.33034E-47	1.00516E-45	0
97.06	2.2666E-47	9.47726E-46	0
97.08	6.34114E-47	8.9158E-46	0
97.1	9.92926E-47	8.3688E-46	0
97.12	1.30656E-46	7.83757E-46	0
97.14	1.57833E-46	7.32322E-46	0
97.16	1.81142E-46	6.82665E-46	0
97.18	2.00886E-46	6.34856E-46	0
97.2	2.17355E-46	5.88945E-46	0
97.22	2.30822E-46	5.44971E-46	0
97.24	2.4155E-46	5.02953E-46	0
97.26	2.49783E-46	4.62902E-46	0
97.28	2.55754E-46	4.24814E-46	0
97.3	2.59682E-46	3.88677E-46	0
97.32	2.61774E-46	3.54468E-46	0
97.34	2.62221E-46	3.22158E-46	0
97.36	2.61204E-46	2.9171E-46	0
97.38	2.58891E-46	2.6308E-46	0
97.4	2.55438E-46	2.36221E-46	0
97.42	2.50991E-46	2.11082E-46	0
97.44	2.45685E-46	1.87606E-46	0
97.46	2.39643E-46	1.65735E-46	0
97.48	2.32981E-46	1.45408E-46	0
97.5	2.25802E-46	1.26564E-46	0
97.52	2.18204E-46	1.09139E-46	0
97.54	2.10274E-46	9.30698E-47	0
97.56	2.02091E-46	7.82914E-47	0
97.58	1.93729E-46	6.47402E-47	0
97.6	1.85253E-46	5.23528E-47	0
97.62	1.7672E-46	4.10665E-47	0
97.64	1.68184E-46	3.08195E-47	0
97.66	1.59692E-46	2.15514E-47	0
97.68	1.51283E-46	1.32033E-47	0
97.7	1.42995E-46	5.71762E-48	0
97.72	1.34859E-46	-9.61269E-49	0
97.74	1.26902E-46	-6.88724E-48	0
97.76	1.19146E-46	-1.21122E-47	0
97.78	1.11613E-46	-1.66862E-47	0
97.8	1.04317E-46	-2.06571E-47	0
97.82	9.72725E-47	-2.40708E-47	0
97.84	9.04886E-47	-2.6971E-47	0
97.86	8.39733E-47	-2.93993E-47	0
97.88	7.7732E-47	-3.13954E-47	0
97.9	7.1768E-47	-3.29968E-47	0
97.92	6.60826E-47	-3.42389E-47	0
97.94	6.06756E-47	-3.51552E-47	0
97.96	5.55452E-47	-3.57772E-47	0
97.98	5.06883E-47	-3.61344E-47	0
98	4.61008E-47	-3.62546E-47	0
98.02	4.17774E-47	-3.61637E-47	0
98.04	3.77121E-47	-3.58858E-47	0
98.06	3.38981E-47	-3.54434E-47	0
98.08	3.0328E-47	-3.48574E-47	0
98.1	2.69939E-47	-3.4147E-47	0
98.12	2.38875E-47	-3.33301E-47	0
98.14	2.10002E-47	-3.24231E-47	0
98.16	1.83231E-47	-3.1441E-47	0
98.18	1.58474E-47	-3.03977E-47	0
98.2	1.35638E-47	-2.93057E-47	0
98.22	1.14632E-47	-2.81765E-47	0
98.24	9.53666E-48	-2.70203E-47	0
98.26	7.77504E-48	-2.58466E-47	0
98.28	6.16945E-48	-2.46638E-47	0
98.3	4.71113E-48	-2.34793E-47	0
98.32	3.39149E-48	-2.22997E-47	0
98.34	2.20214E-48	-2.11311E-47	0
98.36	1.13495E-48	-1.99785E-47	0
98.38	1.81987E-49	-1.88465E-47	0
98.4	-6.64375E-49	-1.7739E-47	0
98.42	-1.41151E-48	-1.66592E-47	0
98.44	-2.0665E-48	-1.561E-47	0
98.46	-2.63613E-48	-1.45936E-47	0
98.48	-3.12691E-48	-1.3612E-47	0
98.5	-3.54503E-48	-1.26665E-47	0
98.52	-3.89639E-48	-1.17584E-47	0
98.54	-4.18659E-48	-1.08884E-47	0
98.56	-4.42094E-48	-1.00569E-47	0
98.58	-4.60446E-48	-9.26421E-48	0
98.6	-4.74186E-48	-8.51028E-48	0
98.62	-4.83762E-48	-7.79488E-48	0
98.64	-4.89589E-48	-7.11758E-48	0
98.66	-4.9206E-48	-6.47782E-48	0
98.68	-4.91541E-48	-5.87486E-48	0
98.7	-4.88371E-48	-5.30786E-48	0
98.72	-4.82869E-48	-4.77589E-48	0
98.74	-4.75329E-48	-4.2779E-48	0
98.76	-4.66021E-48	-3.81281E-48	0
98.78	-4.55199E-48	-3.37944E-48	0
98.8	-4.43092E-48	-2.97661E-48	0
98.82	-4.29913E-48	-2.60306E-48	0
98.84	-4.15856E-48	-2.25756E-48	0
98.86	-4.01098E-48	-1.93882E-48	0
98.88	-3.85799E-48	-1.64557E-48	0
98.9	-3.70107E-48	-1.37655E-48	0
98.92	-3.54151E-48	-1.13049E-48	0
98.94	-3.3805E-48	-9.06154E-49	0
98.96	-3.2191E-48	-7.02313E-49	0
98.98	-3.05823E-48	-5.17771E-49	0
99	-2.89874E-48	-3.51358E-49	0
99.02	-2.74134E-48	-2.01937E-49	0
99.04	-2.58666E-48	-6.84066E-50	0
99.06	-2.43527E-48	5.02992E-50	0
99.08	-2.28761E-48	1.55207E-49	0
99.1	-2.14409E-48	2.47303E-49	0
99.12	-2.00503E-48	3.27532E-49	0
99.14	-1.87069E-48	3.968E-49	0
99.16	-1.74128E-48	4.55968E-49	0
99.18	-1.61696E-48	5.05857E-49	0
99.2	-1.49783E-48	5.47246E-49	0
99.22	-1.38398E-48	5.80871E-49	0
99.24	-1.27543E-48	6.07431E-49	0
99.26	-1.17217E-48	6.27581E-49	0
99.28	-1.07419E-48	6.4194E-49	0
99.3	-9.81421E-49	6.51088E-49	0
99.32	-8.93787E-49	6.55567E-49	0
99.34	-8.11191E-49	6.55884E-49	0
99.36	-7.33518E-49	6.52513E-49	0
99.38	-6.60638E-49	6.45892E-49	0
99.4	-5.92412E-49	6.36429E-49	0
99.42	-5.28686E-49	6.24501E-49	0
99.44	-4.69304E-49	6.10455E-49	0
99.46	-4.14099E-49	5.94612E-49	0
99.48	-3.62904E-49	5.77265E-49	0
99.5	-3.15544E-49	5.58681E-49	0
99.52	-2.71847E-49	5.39107E-49	0
99.54	-2.31637E-49	5.18764E-49	0
99.56	-1.94741E-49	4.97855E-49	0
99.58	-1.60985E-49	4.76559E-49	0
99.6	-1.30199E-49	4.5504E-49	0
99.62	-1.02215E-49	4.33445E-49	0
99.64	-7.6869E-50	4.11902E-49	0
99.66	-5.40009E-50	3.90526E-49	0
99.68	-3.34548E-50	3.69416E-49	0
99.7	-1.50798E-50	3.48662E-49	0
99.72	1.26995E-51	3.28337E-49	0
99.74	1.57349E-50	3.08508E-49	0
99.76	2.845E-50	2.89227E-49	0
99.78	3.95446E-50	2.70539E-49	0
99.8	4.91423E-50	2.52483E-49	0
99.82	5.7361E-50	2.35086E-49	0
99.84	6.43128E-50	2.1837E-49	0
99.86	7.01039E-50	2.02351E-49	0
99.88	7.48352E-50	1.87038E-49	0
99.9	7.86016E-50	1.72437E-49	0
99.92	8.14929E-50	1.58548E-49	0
99.94	8.35932E-50	1.45367E-49	0
99.96	8.49817E-50	1.32886E-49	0
99.98	8.57323E-50	1.21096E-49	0
100	8.5914E-50	1.09983E-49	0
100.02	8.55913E-50	9.95316E-50	0
100.04	8.4824E-50	8.97248E-50	0
100.06	8.36675E-50	8.05435E-50	0
100.08	8.2173E-50	7.19675E-50	0
100.1	8.03879E-50	6.39753E-50	0
100.12	7.83557E-50	5.65447E-50	0
100.14	7.61162E-50	4.96529E-50	0
100.16	7.3706E-50	4.32768E-50	0
100.18	7.11582E-50	3.73927E-50	0
100.2	6.85032E-50	3.19774E-50	0
100.22	6.57681E-50	2.70071E-50	0
100.24	6.29777E-50	2.24587E-50	0
100.26	6.01541E-50	1.83093E-50	0
100.28	5.7317E-50	1.45361E-50	0
100.3	5.4484E-50	1.11171E-50	0
100.32	5.16707E-50	8.03084E-51	0
100.34	4.88906E-50	5.25622E-51	0
100.36	4.61556E-50	2.773E-51	0
100.38	4.34761E-50	5.61568E-52	0
100.4	4.08606E-50	-1.39697E-51	0
100.42	3.83167E-50	-3.12074E-51	0
100.44	3.58504E-50	-4.62713E-51	0
100.46	3.34668E-50	-5.93272E-51	0
100.48	3.11697E-50	-7.05335E-51	0
100.5	2.89622E-50	-8.00405E-51	0
100.52	2.68464E-50	-8.79909E-51	0
100.54	2.48237E-50	-9.45198E-51	0
100.56	2.28948E-50	-9.97546E-51	0
100.58	2.10598E-50	-1.03815E-50	0
100.6	1.93181E-50	-1.06815E-50	0
100.62	1.7669E-50	-1.0886E-50	0
100.64	1.61109E-50	-1.10048E-50	0
100.66	1.46423E-50	-1.10473E-50	0
100.68	1.3261E-50	-1.1022E-50	0
100.7	1.19649E-50	-1.0937E-50	0
100.72	1.07513E-50	-1.07995E-50	0
100.74	9.6177E-51	-1.06166E-50	0
100.76	8.56116E-51	-1.03946E-50	0
100.78	7.57879E-51	-1.01391E-50	0
100.8	6.66755E-51	-9.85562E-51	0
100.82	5.82438E-51	-9.54895E-51	0
100.84	5.04618E-51	-9.22354E-51	0
100.86	4.32983E-51	-8.88342E-51	0
100.88	3.67222E-51	-8.53225E-51	0
100.9	3.07028E-51	-8.1733E-51	0
100.92	2.52097E-51	-7.80952E-51	0
100.94	2.0213E-51	-7.44356E-51	0
100.96	1.56835E-51	-7.07775E-51	0
100.98	1.15926E-51	-6.71416E-51	0
101	7.91276E-52	-6.35461E-51	0
101.02	4.61707E-52	-6.00068E-51	0
101.04	1.67964E-52	-5.65375E-51	0
101.06	-9.24446E-53	-5.31497E-51	0
101.08	-3.21914E-52	-4.98533E-51	0
101.1	-5.22737E-52	-4.66566E-51	0
101.12	-6.97103E-52	-4.35661E-51	0
101.14	-8.47098E-52	-4.05873E-51	0
101.16	-9.74705E-52	-3.7724E-51	0
101.18	-1.0818E-51	-3.49793E-51	0
101.2	-1.17018E-51	-3.23551E-51	0
101.22	-1.2415E-51	-2.98522E-51	0
101.24	-1.29735E-51	-2.74709E-51	0
101.26	-1.33922E-51	-2.52106E-51	0
101.28	-1.3685E-51	-2.30702E-51	0
101.3	-1.38649E-51	-2.10479E-51	0
101.32	-1.39441E-51	-1.91416E-51	0
101.34	-1.39338E-51	-1.73486E-51	0
101.36	-1.38447E-51	-1.5666E-51	0
101.38	-1.36864E-51	-1.40905E-51	0
101.4	-1.34679E-51	-1.26186E-51	0
101.42	-1.31976E-51	-1.12468E-51	0
101.44	-1.2883E-51	-9.97114E-52	0
101.46	-1.25311E-51	-8.78773E-52	0
101.48	-1.21484E-51	-7.69259E-52	0
101.5	-1.17406E-51	-6.68168E-52	0
101.52	-1.1313E-51	-5.75095E-52	0
101.54	-1.08704E-51	-4.89638E-52	0
101.56	-1.04171E-51	-4.11396E-52	0
101.58	-9.95697E-52	-3.39974E-52	0
101.6	-9.49347E-52	-2.74984E-52	0
101.62	-9.02966E-52	-2.16047E-52	0
101.64	-8.56824E-52	-1.62793E-52	0
101.66	-8.11161E-52	-1.14861E-52	0
101.68	-7.66182E-52	-7.19054E-53	0
101.7	-7.22068E-52	-3.35885E-53	0
101.72	-6.78972E-52	4.12627E-55	0
101.74	-6.37023E-52	3.04084E-53	0
101.76	-5.96328E-52	5.6696E-53	0
101.78	-5.56976E-52	7.95592E-53	0
101.8	-5.19036E-52	9.92681E-53	0
101.82	-4.82561E-52	1.1608E-52	0
101.84	-4.47591E-52	1.30237E-52	0
101.86	-4.1415E-52	1.41971E-52	0
101.88	-3.82252E-52	1.51498E-52	0
101.9	-3.51901E-52	1.59023E-52	0
101.92	-3.2309E-52	1.64737E-52	0
101.94	-2.95805E-52	1.68822E-52	0
101.96	-2.70024E-52	1.71444E-52	0
101.98	-2.45719E-52	1.72762E-52	0
102	-2.22858E-52	1.72921E-52	0
102.02	-2.01404E-52	1.72056E-52	0
102.04	-1.81314E-52	1.70294E-52	0
102.06	-1.62544E-52	1.6775E-52	0
102.08	-1.45048E-52	1.64532E-52	0
102.1	-1.28778E-52	1.60737E-52	0
102.12	-1.13683E-52	1.56456E-52	0
102.14	-9.97116E-53	1.51771E-52	0
102.16	-8.68133E-53	1.46757E-52	0
102.18	-7.49361E-53	1.41481E-52	0
102.2	-6.40286E-53	1.36006E-52	0
102.22	-5.40396E-53	1.30387E-52	0
102.24	-4.49188E-53	1.24673E-52	0
102.26	-3.66167E-53	1.18909E-52	0
102.28	-2.90849E-53	1.13135E-52	0
102.3	-2.22762E-53	1.07385E-52	0
102.32	-1.61447E-53	1.0169E-52	0
102.34	-1.06462E-53	9.60768E-53	0
102.36	-5.73767E-54	9.05683E-53	0
102.38	-1.37807E-54	8.51843E-53	0
102.4	2.47219E-54	7.99414E-53	0
102.42	5.85094E-54	7.48536E-53	0
102.44	8.79429E-54	6.99322E-53	0
102.46	1.13366E-53	6.51863E-53	0
102.48	1.35106E-53	6.06227E-53	0
102.5	1.53472E-53	5.62466E-53	0
102.52	1.68756E-53	5.20612E-53	0
102.54	1.81235E-53	4.80685E-53	0
102.56	1.91169E-53	4.4269E-53	0
102.58	1.988E-53	4.06619E-53	0
102.6	2.04359E-53	3.72456E-53	0
102.62	2.08057E-53	3.40174E-53	0
102.64	2.10095E-53	3.09739E-53	0
102.66	2.10657E-53	2.8111E-53	0
102.68	2.09916E-53	2.5424E-53	0
102.7	2.08031E-53	2.29078E-53	0
102.72	2.05148E-53	2.05568E-53	0
102.74	2.01404E-53	1.83652E-53	0
102.76	1.96922E-53	1.63269E-53	0
102.78	1.91817E-53	1.44356E-53	0
102.8	1.86192E-53	1.2685E-53	0
102.82	1.80144E-53	1.10686E-53	0
102.84	1.73757E-53	9.57993E-54	0
102.86	1.67109E-53	8.21251E-54	0
102.88	1.60271E-53	6.95997E-54	0
102.9	1.53305E-53	5.81598E-54	0
102.92	1.46268E-53	4.77436E-54	0
102.94	1.3921E-53	3.82902E-54	0
102.96	1.32174E-53	2.97406E-54	0
102.98	1.252E-53	2.20374E-54	0
103	1.1832E-53	1.51251E-54	0
103.02	1.11565E-53	8.95006E-55	0
103.04	1.0496E-53	3.46071E-55	0
103.06	9.85246E-54	-1.39239E-55	0
103.08	9.22775E-54	-5.65655E-55	0
103.1	8.62328E-54	-9.37692E-55	0
103.12	8.04021E-54	-1.25965E-54	0
103.14	7.47943E-54	-1.53561E-54	0
103.16	6.94157E-54	-1.76943E-54	0
103.18	6.42709E-54	-1.96477E-54	0
103.2	5.93622E-54	-2.12508E-54	0
103.22	5.46905E-54	-2.25359E-54	0
103.24	5.0255E-54	-2.35335E-54	0
103.26	4.60536E-54	-2.42721E-54	0
103.28	4.20834E-54	-2.47782E-54	0
103.3	3.834E-54	-2.50768E-54	0
103.32	3.48185E-54	-2.51909E-54	0
103.34	3.15132E-54	-2.51418E-54	0
103.36	2.84178E-54	-2.49495E-54	0
103.38	2.55255E-54	-2.46322E-54	0
103.4	2.2829E-54	-2.42068E-54	0
103.42	2.03209E-54	-2.36888E-54	0
103.44	1.79936E-54	-2.30923E-54	0
103.46	1.58391E-54	-2.24303E-54	0
103.48	1.38494E-54	-2.17145E-54	0
103.5	1.20167E-54	-2.09557E-54	0
103.52	1.0333E-54	-2.01636E-54	0
103.54	8.79042E-55	-1.93468E-54	0
103.56	7.38114E-55	-1.85132E-54	0
103.58	6.09757E-55	-1.76696E-54	0
103.6	4.93223E-55	-1.68225E-54	0
103.62	3.87786E-55	-1.59771E-54	0
103.64	2.92739E-55	-1.51384E-54	0
103.66	2.07399E-55	-1.43105E-54	0
103.68	1.31108E-55	-1.3497E-54	0
103.7	6.32322E-56	-1.27011E-54	0
103.72	3.16303E-57	-1.19254E-54	0
103.74	-4.96803E-56	-1.11721E-54	0
103.76	-9.58522E-56	-1.04429E-54	0
103.78	-1.35881E-55	-9.7394E-55	0
103.8	-1.70266E-55	-9.06259E-55	0
103.82	-1.99483E-55	-8.41334E-55	0
103.84	-2.23979E-55	-7.79218E-55	0
103.86	-2.44178E-55	-7.19946E-55	0
103.88	-2.60476E-55	-6.63528E-55	0
103.9	-2.73246E-55	-6.09957E-55	0
103.92	-2.82837E-55	-5.5921E-55	0
103.94	-2.89575E-55	-5.1125E-55	0
103.96	-2.93765E-55	-4.66028E-55	0
103.98	-2.95687E-55	-4.23484E-55	0
104	-2.95606E-55	-3.83548E-55	0
104.02	-2.93762E-55	-3.46147E-55	0
104.04	-2.90379E-55	-3.11196E-55	0
104.06	-2.85665E-55	-2.7861E-55	0
104.08	-2.79807E-55	-2.48298E-55	0
104.1	-2.72979E-55	-2.20168E-55	0
104.12	-2.6534E-55	-1.94123E-55	0
104.14	-2.57033E-55	-1.70069E-55	0
104.16	-2.48188E-55	-1.47909E-55	0
104.18	-2.38924E-55	-1.27547E-55	0
104.2	-2.29348E-55	-1.08887E-55	0
104.22	-2.19554E-55	-9.18352E-56	0
104.24	-2.09627E-55	-7.63002E-56	0
104.26	-1.99644E-55	-6.21912E-56	0
104.28	-1.8967E-55	-4.94205E-56	0
104.3	-1.79766E-55	-3.79028E-56	0
104.32	-1.69982E-55	-2.75554E-56	0
104.34	-1.60362E-55	-1.82989E-56	0
104.36	-1.50945E-55	-1.00568E-56	0
104.38	-1.41762E-55	-2.75564E-57	0
104.4	-1.3284E-55	3.67465E-57	0
104.42	-1.24202E-55	9.30096E-57	0
104.44	-1.15864E-55	1.41869E-56	0
104.46	-1.07842E-55	1.8393E-56	0
104.48	-1.00145E-55	2.19762E-56	0
104.5	-9.2779E-56	2.49906E-56	0
104.52	-8.57495E-56	2.74871E-56	0
104.54	-7.90576E-56	2.95135E-56	0
104.56	-7.27028E-56	3.11148E-56	0
104.58	-6.66824E-56	3.23328E-56	0
104.6	-6.09921E-56	3.32068E-56	0
104.62	-5.56262E-56	3.37734E-56	0
104.64	-5.05777E-56	3.40665E-56	0
104.66	-4.58386E-56	3.41176E-56	0
104.68	-4.13997E-56	3.39558E-56	0
104.7	-3.72515E-56	3.3608E-56	0
104.72	-3.33837E-56	3.3099E-56	0
104.74	-2.97855E-56	3.24514E-56	0
104.76	-2.64459E-56	3.16861E-56	0
104.78	-2.33536E-56	3.0822E-56	0
104.8	-2.04973E-56	2.98764E-56	0
104.82	-1.78655E-56	2.8865E-56	0
104.84	-1.54467E-56	2.78019E-56	0
104.86	-1.32298E-56	2.66998E-56	0
104.88	-1.12034E-56	2.55703E-56	0
104.9	-9.35677E-57	2.44234E-56	0
104.92	-7.67907E-57	2.32683E-56	0
104.94	-6.1599E-57	2.21131E-56	0
104.96	-4.78913E-57	2.09646E-56	0
104.98	-3.55698E-57	1.98291E-56	0
105	-2.45401E-57	1.8712E-56	0
105.02	-1.47115E-57	1.76177E-56	0
105.04	-5.99704E-58	1.65501E-56	0
105.06	1.68648E-58	1.55124E-56	0
105.08	8.41827E-58	1.45073E-56	0
105.1	1.42737E-57	1.3537E-56	0
105.12	1.93243E-57	1.26031E-56	0
105.14	2.36378E-57	1.17068E-56	0
105.16	2.7278E-57	1.0849E-56	0
105.18	3.03051E-57	1.00301E-56	0
105.2	3.27757E-57	9.25055E-57	0
105.22	3.4743E-57	8.51014E-57	0
105.24	3.62565E-57	7.80862E-57	0
105.26	3.73625E-57	7.14551E-57	0
105.28	3.81043E-57	6.52016E-57	0
105.3	3.85219E-57	5.93175E-57	0
105.32	3.86526E-57	5.37935E-57	0
105.34	3.85307E-57	4.86193E-57	0
105.36	3.81879E-57	4.37835E-57	0
105.38	3.76534E-57	3.92742E-57	0
105.4	3.6954E-57	3.50789E-57	0
105.42	3.61142E-57	3.11848E-57	0
105.44	3.51564E-57	2.75787E-57	0
105.46	3.4101E-57	2.42473E-57	0
105.48	3.29663E-57	2.11773E-57	0
105.5	3.17692E-57	1.83554E-57	0
105.52	3.05245E-57	1.57684E-57	0
105.54	2.92457E-57	1.34033E-57	0
105.56	2.7945E-57	1.12473E-57	0
105.58	2.66329E-57	9.28793E-58	0
105.6	2.53189E-57	7.51304E-58	0
105.62	2.40113E-57	5.91081E-58	0
105.64	2.27173E-57	4.46985E-58	0
105.66	2.14433E-57	3.17915E-58	0
105.68	2.01946E-57	2.02815E-58	0
105.7	1.89756E-57	1.00672E-58	0
105.72	1.77904E-57	1.05185E-59	0
105.74	1.66419E-57	-6.85684E-59	0
105.76	1.55328E-57	-1.37466E-58	0
105.78	1.4465E-57	-1.97005E-58	0
105.8	1.344E-57	-2.47973E-58	0
105.82	1.24587E-57	-2.91114E-58	0
105.84	1.1522E-57	-3.27126E-58	0
105.86	1.063E-57	-3.56668E-58	0
105.88	9.78268E-58	-3.80355E-58	0
105.9	8.97981E-58	-3.98764E-58	0
105.92	8.22083E-58	-4.12433E-58	0
105.94	7.505E-58	-4.21862E-58	0
105.96	6.83141E-58	-4.27518E-58	0
105.98	6.19901E-58	-4.29831E-58	0
106	5.60659E-58	-4.29201E-58	0
106.02	5.05289E-58	-4.25994E-58	0
106.04	4.53653E-58	-4.20549E-58	0
106.06	4.05609E-58	-4.13176E-58	0
106.08	3.6101E-58	-4.04159E-58	0
106.1	3.19705E-58	-3.93758E-58	0
106.12	2.81542E-58	-3.82208E-58	0
106.14	2.46369E-58	-3.69722E-58	0
106.16	2.14033E-58	-3.56494E-58	0
106.18	1.84383E-58	-3.42698E-58	0
106.2	1.5727E-58	-3.28488E-58	0
106.22	1.32547E-58	-3.14005E-58	0
106.24	1.10072E-58	-2.99372E-58	0
106.26	8.97061E-59	-2.84699E-58	0
106.28	7.13132E-59	-2.7008E-58	0
106.3	5.47631E-59	-2.55601E-58	0
106.32	3.99299E-59	-2.41333E-58	0
106.34	2.66928E-59	-2.2734E-58	0
106.36	1.49359E-59	-2.13673E-58	0
106.38	4.54857E-60	-2.00377E-58	0
106.4	-4.57472E-60	-1.87489E-58	0
106.42	-1.25342E-59	-1.75038E-58	0
106.44	-1.94249E-59	-1.63047E-58	0
106.46	-2.53367E-59	-1.51534E-58	0
106.48	-3.03545E-59	-1.40511E-58	0
106.5	-3.45582E-59	-1.29985E-58	0
106.52	-3.80227E-59	-1.19961E-58	0
106.54	-4.08185E-59	-1.10437E-58	0
106.56	-4.30112E-59	-1.01413E-58	0
106.58	-4.46622E-59	-9.28802E-59	0
106.6	-4.58286E-59	-8.48323E-59	0
106.62	-4.65634E-59	-7.72586E-59	0
106.64	-4.69158E-59	-7.01473E-59	0
106.66	-4.69312E-59	-6.34854E-59	0
106.68	-4.66514E-59	-5.72583E-59	0
106.7	-4.6115E-59	-5.14507E-59	0
106.72	-4.53573E-59	-4.60467E-59	0
106.74	-4.44105E-59	-4.10297E-59	0
106.76	-4.33042E-59	-3.63828E-59	0
106.78	-4.20651E-59	-3.20889E-59	0
106.8	-4.07176E-59	-2.81308E-59	0
106.82	-3.92836E-59	-2.44914E-59	0
106.84	-3.77829E-59	-2.11537E-59	0
106.86	-3.62331E-59	-1.81009E-59	0
106.88	-3.46501E-59	-1.53166E-59	0
106.9	-3.3048E-59	-1.27846E-59	0
106.92	-3.14391E-59	-1.04894E-59	0
106.94	-2.98344E-59	-8.41569E-60	0
106.96	-2.82434E-59	-6.54885E-60	0
106.98	-2.66744E-59	-4.87471E-60	0
107	-2.51345E-59	-3.37969E-60	0
107.02	-2.36296E-59	-2.05077E-60	0
107.04	-2.21649E-59	-8.75526E-61	0
107.06	-2.07445E-59	1.57896E-61	0
107.08	-1.93718E-59	1.06075E-60	0
107.1	-1.80494E-59	1.84369E-60	0
107.12	-1.67794E-59	2.51682E-60	0
107.14	-1.55631E-59	3.08966E-60	0
107.16	-1.44015E-59	3.57115E-60	0
107.18	-1.3295E-59	3.96971E-60	0
107.2	-1.22438E-59	4.29323E-60	0
107.22	-1.12474E-59	4.54906E-60	0
107.24	-1.03053E-59	4.74409E-60	0
107.26	-9.41654E-60	4.8847E-60	0
107.28	-8.58014E-60	4.97684E-60	0
107.3	-7.79474E-60	5.026E-60	0
107.32	-7.05891E-60	5.03727E-60	0
107.34	-6.37106E-60	5.01532E-60	0
107.36	-5.7295E-60	4.96446E-60	0
107.38	-5.13247E-60	4.88865E-60	0
107.4	-4.57815E-60	4.79149E-60	0
107.42	-4.06467E-60	4.67628E-60	0
107.44	-3.59014E-60	4.546E-60	0
107.46	-3.15266E-60	4.40339E-60	0
107.48	-2.75035E-60	4.25088E-60	0
107.5	-2.38132E-60	4.09069E-60	0
107.52	-2.04372E-60	3.92479E-60	0
107.54	-1.73573E-60	3.75496E-60	0
107.56	-1.45557E-60	3.58275E-60	0
107.58	-1.20153E-60	3.40955E-60	0
107.6	-9.71909E-61	3.2366E-60	0
107.62	-7.65097E-61	3.06494E-60	0
107.64	-5.7953E-61	2.89551E-60	0
107.66	-4.13709E-61	2.7291E-60	0
107.68	-2.66197E-61	2.56638E-60	0
107.7	-1.35621E-61	2.40791E-60	0
107.72	-2.06769E-62	2.25417E-60	0
107.74	7.98779E-62	2.10554E-60	0
107.76	1.67219E-61	1.96231E-60	0
107.78	2.42459E-61	1.82471E-60	0
107.8	3.06646E-61	1.69291E-60	0
107.82	3.60766E-61	1.567E-60	0
107.84	4.05747E-61	1.44705E-60	0
107.86	4.42456E-61	1.33307E-60	0
107.88	4.71704E-61	1.22503E-60	0
107.9	4.94247E-61	1.12286E-60	0
107.92	5.10789E-61	1.02647E-60	0
107.94	5.21982E-61	9.35743E-61	0
107.96	5.28431E-61	8.50545E-61	0
107.98	5.30694E-61	7.70718E-61	0
108	5.29286E-61	6.96089E-61	0
108.02	5.24681E-61	6.26479E-61	0
108.04	5.17311E-61	5.61694E-61	0
108.06	5.07574E-61	5.01538E-61	0
108.08	4.95831E-61	4.45809E-61	0
108.1	4.82411E-61	3.94301E-61	0
108.12	4.67611E-61	3.46809E-61	0
108.14	4.51702E-61	3.03128E-61	0
108.16	4.34924E-61	2.63053E-61	0
108.18	4.17495E-61	2.26384E-61	0
108.2	3.99608E-61	1.92923E-61	0
108.22	3.81437E-61	1.62478E-61	0
108.24	3.63133E-61	1.34861E-61	0
108.26	3.4483E-61	1.0989E-61	0
108.28	3.26645E-61	8.73888E-62	0
108.3	3.08679E-61	6.71884E-62	0
108.32	2.91019E-61	4.9126E-62	0
108.34	2.7374E-61	3.3046E-62	0
108.36	2.56904E-61	1.87996E-62	0
108.38	2.40562E-61	6.24549E-63	0
108.4	2.24757E-61	-4.75095E-63	0
108.42	2.09521E-61	-1.43171E-62	0
108.44	1.9488E-61	-2.25732E-62	0
108.46	1.80852E-61	-2.96329E-62	0
108.48	1.67449E-61	-3.56029E-62	0
108.5	1.54678E-61	-4.05835E-62	0
108.52	1.4254E-61	-4.46685E-62	0
108.54	1.31032E-61	-4.79455E-62	0
108.56	1.2015E-61	-5.04964E-62	0
108.58	1.09882E-61	-5.2397E-62	0
108.6	1.00216E-61	-5.3718E-62	0
108.62	9.11385E-62	-5.45246E-62	0
108.64	8.26325E-62	-5.48771E-62	0
108.66	7.46799E-62	-5.48311E-62	0
108.68	6.72614E-62	-5.44377E-62	0
108.7	6.03567E-62	-5.37436E-62	0
108.72	5.39447E-62	-5.27916E-62	0
108.74	4.80039E-62	-5.16208E-62	0
108.76	4.25126E-62	-5.02665E-62	0
108.78	3.74487E-62	-4.87609E-62	0
108.8	3.27905E-62	-4.7133E-62	0
108.82	2.85162E-62	-4.54089E-62	0
108.84	2.46043E-62	-4.36119E-62	0
108.86	2.10339E-62	-4.1763E-62	0
108.88	1.77843E-62	-3.98808E-62	0
108.9	1.48357E-62	-3.79816E-62	0
108.92	1.21686E-62	-3.60799E-62	0
108.94	9.76424E-63	-3.41882E-62	0
108.96	7.60462E-63	-3.23175E-62	0
108.98	5.67242E-63	-3.04773E-62	0
109	3.95104E-63	-2.86755E-62	0
109.02	2.42468E-63	-2.69188E-62	0
109.04	1.07826E-63	-2.52129E-62	0
109.06	-1.02526E-64	-2.35623E-62	0
109.08	-1.13122E-63	-2.19706E-62	0
109.1	-2.02063E-63	-2.04406E-62	0
109.12	-2.78283E-63	-1.89742E-62	0
109.14	-3.42915E-63	-1.75729E-62	0
109.16	-3.97026E-63	-1.62374E-62	0
109.18	-4.41612E-63	-1.49679E-62	0
109.2	-4.77604E-63	-1.37642E-62	0
109.22	-5.05869E-63	-1.26257E-62	0
109.24	-5.27216E-63	-1.15513E-62	0
109.26	-5.42392E-63	-1.054E-62	0
109.28	-5.52091E-63	-9.59001E-63	0
109.3	-5.56951E-63	-8.69979E-63	0
109.32	-5.57561E-63	-7.86743E-63	0
109.34	-5.54464E-63	-7.09091E-63	0
109.36	-5.48155E-63	-6.3681E-63	0
109.38	-5.39087E-63	-5.69681E-63	0
109.4	-5.27674E-63	-5.0748E-63	0
109.42	-5.14291E-63	-4.49979E-63	0
109.44	-4.99278E-63	-3.96947E-63	0
109.46	-4.82942E-63	-3.48156E-63	0
109.48	-4.6556E-63	-3.03378E-63	0
109.5	-4.4738E-63	-2.6239E-63	0
109.52	-4.28622E-63	-2.24971E-63	0
109.54	-4.09484E-63	-1.90906E-63	0
109.56	-3.90138E-63	-1.59986E-63	0
109.58	-3.70738E-63	-1.32008E-63	0
109.6	-3.51417E-63	-1.06776E-63	0
109.62	-3.32291E-63	-8.41011E-64	0
109.64	-3.13461E-63	-6.3802E-64	0
109.66	-2.9501E-63	-4.57054E-64	0
109.68	-2.77011E-63	-2.9646E-64	0
109.7	-2.59523E-63	-1.5466E-64	0
109.72	-2.42594E-63	-3.01621E-65	0
109.74	-2.26263E-63	7.84513E-65	0
109.76	-2.1056E-63	1.72517E-64	0
109.78	-1.95506E-63	2.53296E-64	0
109.8	-1.81117E-63	3.21972E-64	0
109.82	-1.674E-63	3.79658E-64	0
109.84	-1.54359E-63	4.27393E-64	0
109.86	-1.41992E-63	4.6615E-64	0
109.88	-1.30294E-63	4.96833E-64	0
109.9	-1.19253E-63	5.20283E-64	0
109.92	-1.08859E-63	5.37281E-64	0
109.94	-9.90949E-64	5.48549E-64	0
109.96	-8.99441E-64	5.54753E-64	0
109.98	-8.13873E-64	5.56507E-64	0
110	-7.34038E-64	5.54374E-64	0
110.02	-6.5972E-64	5.48871E-64	0
110.04	-5.90693E-64	5.40471E-64	0
110.06	-5.26727E-64	5.29602E-64	0
110.08	-4.67587E-64	5.16655E-64	0
110.1	-4.13038E-64	5.01986E-64	0
110.12	-3.62844E-64	4.85912E-64	0
110.14	-3.16771E-64	4.68722E-64	0
110.16	-2.7459E-64	4.50673E-64	0
110.18	-2.36073E-64	4.31996E-64	0
110.2	-2.01E-64	4.12894E-64	0
110.22	-1.69155E-64	3.93549E-64	0
110.24	-1.40331E-64	3.74119E-64	0
110.26	-1.14324E-64	3.54743E-64	0
110.28	-9.09427E-65	3.35543E-64	0
110.3	-6.99992E-65	3.16622E-64	0
110.32	-5.13159E-65	2.98069E-64	0
110.34	-3.47229E-65	2.79957E-64	0
110.36	-2.00583E-65	2.62351E-64	0
110.38	-7.16879E-66	2.453E-64	0
110.4	4.09102E-66	2.28844E-64	0
110.42	1.38584E-65	2.13016E-64	0
110.44	2.22625E-65	1.97838E-64	0
110.46	2.9425E-65	1.83326E-64	0
110.48	3.54598E-65	1.6949E-64	0
110.5	4.04736E-65	1.56333E-64	0
110.52	4.45659E-65	1.43854E-64	0
110.54	4.78295E-65	1.32048E-64	0
110.56	5.03504E-65	1.20904E-64	0
110.58	5.22087E-65	1.10412E-64	0
110.6	5.34782E-65	1.00555E-64	0
110.62	5.42272E-65	9.13158E-65	0
110.64	5.45183E-65	8.26759E-65	0
110.66	5.44094E-65	7.46143E-65	0
110.68	5.39532E-65	6.7109E-65	0
110.7	5.3198E-65	6.01375E-65	0
110.72	5.21877E-65	5.36765E-65	0
110.74	5.09623E-65	4.77024E-65	0
110.76	4.9558E-65	4.21913E-65	0
110.78	4.80074E-65	3.71195E-65	0
110.8	4.63399E-65	3.24635E-65	0
110.82	4.45818E-65	2.81999E-65	0
110.84	4.27567E-65	2.43059E-65	0
110.86	4.08853E-65	2.07592E-65	0
110.88	3.89863E-65	1.7538E-65	0
110.9	3.70758E-65	1.46214E-65	0
110.92	3.51681E-65	1.19889E-65	0
110.94	3.32755E-65	9.62101E-66	0
110.96	3.14086E-65	7.49889E-66	0
110.98	2.95766E-65	5.6046E-66	0
111	2.7787E-65	3.92097E-66	0
111.02	2.60463E-65	2.43171E-66	0
111.04	2.43596E-65	1.12134E-66	0
111.06	2.27312E-65	-2.48042E-68	0
111.08	2.11643E-65	-1.02054E-66	0
111.1	1.96614E-65	-1.8789E-66	0
111.12	1.8224E-65	-2.61213E-66	0
111.14	1.68532E-65	-3.23171E-66	0
111.16	1.55495E-65	-3.74837E-66	0
111.18	1.43128E-65	-4.17214E-66	0
111.2	1.31425E-65	-4.51235E-66	0
111.22	1.20378E-65	-4.77767E-66	0
111.24	1.09975E-65	-4.97614E-66	0
111.26	1.00202E-65	-5.11519E-66	0
111.28	9.104E-66	-5.20167E-66	0
111.3	8.24716E-66	-5.24191E-66	0
111.32	7.4476E-66	-5.24169E-66	0
111.34	6.70315E-66	-5.20632E-66	0
111.36	6.01159E-66	-5.14065E-66	0
111.38	5.37061E-66	-5.0491E-66	0
111.4	4.77786E-66	-4.93567E-66	0
111.42	4.231E-66	-4.80401E-66	0
111.44	3.72766E-66	-4.65738E-66	0
111.46	3.26551E-66	-4.49874E-66	0
111.48	2.84224E-66	-4.33073E-66	0
111.5	2.45558E-66	-4.15571E-66	0
111.52	2.10332E-66	-3.97577E-66	0
111.54	1.78331E-66	-3.79278E-66	0
111.56	1.49346E-66	-3.60836E-66	0
111.58	1.23175E-66	-3.42394E-66	0
111.6	9.96239E-67	-3.24076E-66	0
111.62	7.85065E-67	-3.05989E-66	0
111.64	5.96446E-67	-2.88225E-66	0
111.66	4.28686E-67	-2.7086E-66	0
111.68	2.80166E-67	-2.53959E-66	0
111.7	1.49355E-67	-2.37574E-66	0
111.72	3.4801E-68	-2.21749E-66	0
111.74	-6.48646E-68	-2.06516E-66	0
111.76	-1.50932E-67	-1.91899E-66	0
111.78	-2.24612E-67	-1.77916E-66	0
111.8	-2.87041E-67	-1.64579E-66	0
111.82	-3.3928E-67	-1.51891E-66	0
111.84	-3.82322E-67	-1.39852E-66	0
111.86	-4.17088E-67	-1.2846E-66	0
111.88	-4.44435E-67	-1.17704E-66	0
111.9	-4.65158E-67	-1.07574E-66	0
111.92	-4.79991E-67	-9.80554E-67	0
111.94	-4.8961E-67	-8.91322E-67	0
111.96	-4.9464E-67	-8.07861E-67	0
111.98	-4.95652E-67	-7.29971E-67	0
112	-4.93171E-67	-6.57446E-67	0
112.02	-4.87674E-67	-5.90065E-67	0
112.04	-4.79598E-67	-5.27607E-67	0
112.06	-4.69337E-67	-4.69843E-67	0
112.08	-4.57251E-67	-4.16544E-67	0
112.1	-4.43663E-67	-3.67481E-67	0
112.12	-4.28862E-67	-3.22426E-67	0
112.14	-4.13112E-67	-2.81155E-67	0
112.16	-3.96642E-67	-2.43446E-67	0
112.18	-3.79662E-67	-2.09084E-67	0
112.2	-3.62353E-67	-1.77859E-67	0
112.22	-3.44876E-67	-1.49569E-67	0
112.24	-3.27373E-67	-1.24015E-67	0
112.26	-3.09965E-67	-1.0101E-67	0
112.28	-2.92759E-67	-8.03724E-68	0
112.3	-2.75845E-67	-6.19281E-68	0
112.32	-2.59299E-67	-4.55122E-68	0
112.34	-2.43184E-67	-3.09673E-68	0
112.36	-2.27554E-67	-1.81442E-68	0
112.38	-2.1245E-67	-6.90203E-69	0
112.4	-1.97905E-67	2.89258E-69	0
112.42	-1.83945E-67	1.1365E-68	0
112.44	-1.70586E-67	1.86329E-68	0
112.46	-1.5784E-67	2.48067E-68	0
112.48	-1.45712E-67	2.99897E-68	0
112.5	-1.34203E-67	3.4278E-68	0
112.52	-1.2331E-67	3.77612E-68	0
112.54	-1.13024E-67	4.05226E-68	0
112.56	-1.03336E-67	4.26393E-68	0
112.58	-9.42312E-68	4.41824E-68	0
112.6	-8.56952E-68	4.52177E-68	0
112.62	-7.77103E-68	4.58056E-68	0
112.64	-7.02579E-68	4.60017E-68	0
112.66	-6.3318E-68	4.58567E-68	0
112.68	-5.687E-68	4.5417E-68	0
112.7	-5.08924E-68	4.47248E-68	0
112.72	-4.53635E-68	4.38184E-68	0
112.74	-4.02613E-68	4.27327E-68	0
112.76	-3.55641E-68	4.14988E-68	0
112.78	-3.125E-68	4.01451E-68	0
112.8	-2.72975E-68	3.86966E-68	0
112.82	-2.36854E-68	3.71761E-68	0
112.84	-2.03933E-68	3.56034E-68	0
112.86	-1.7401E-68	3.39963E-68	0
112.88	-1.4689E-68	3.23705E-68	0
112.9	-1.22386E-68	3.07396E-68	0
112.92	-1.00316E-68	2.91154E-68	0
112.94	-8.05078E-69	2.75082E-68	0
112.96	-6.27951E-69	2.59268E-68	0
112.98	-4.70199E-69	2.43786E-68	0
113	-3.30319E-69	2.28698E-68	0
113.02	-2.06885E-69	2.14055E-68	0
113.04	-9.85496E-70	1.99898E-68	0
113.06	-4.03972E-71	1.86259E-68	0
113.08	7.78418E-70	1.73164E-68	0
113.1	1.48219E-69	1.60629E-68	0
113.12	2.08147E-69	1.48666E-68	0
113.14	2.58608E-69	1.37281E-68	0
113.16	3.00523E-69	1.26475E-68	0
113.18	3.34745E-69	1.16245E-68	0
113.2	3.62068E-69	1.06584E-68	0
113.22	3.83226E-69	9.74833E-69	0
113.24	3.989E-69	8.89298E-69	0
113.26	4.09715E-69	8.09096E-69	0
113.28	4.16248E-69	7.34065E-69	0
113.3	4.19026E-69	6.64031E-69	0
113.32	4.18534E-69	5.98807E-69	0
113.34	4.15213E-69	5.38201E-69	0
113.36	4.09465E-69	4.8201E-69	0
113.38	4.01656E-69	4.30032E-69	0
113.4	3.92115E-69	3.82062E-69	0
113.42	3.81141E-69	3.37892E-69	0
113.44	3.69002E-69	2.97319E-69	0
113.46	3.55938E-69	2.60141E-69	0
113.48	3.42164E-69	2.2616E-69	0
113.5	3.2787E-69	1.95181E-69	0
113.52	3.13225E-69	1.67017E-69	0
113.54	2.98378E-69	1.41483E-69	0
113.56	2.83459E-69	1.18405E-69	0
113.58	2.6858E-69	9.7611E-70	0
113.6	2.5384E-69	7.89394E-70	0
113.62	2.39322E-69	6.22342E-70	0
113.64	2.25097E-69	4.73468E-70	0
113.66	2.11223E-69	3.41362E-70	0
113.68	1.97751E-69	2.24686E-70	0
113.7	1.8472E-69	1.22174E-70	0
113.72	1.72161E-69	3.26329E-71	0
113.74	1.60097E-69	-4.5061E-71	0
113.76	1.48546E-69	-1.11962E-70	0
113.78	1.37519E-69	-1.69059E-70	0
113.8	1.27022E-69	-2.17274E-70	0
113.82	1.17057E-69	-2.57468E-70	0
113.84	1.07621E-69	-2.90442E-70	0
113.86	9.87091E-70	-3.1694E-70	0
113.88	9.03123E-70	-3.37649E-70	0
113.9	8.24198E-70	-3.53205E-70	0
113.92	7.50184E-70	-3.64196E-70	0
113.94	6.80937E-70	-3.71159E-70	0
113.96	6.16295E-70	-3.74591E-70	0
113.98	5.56087E-70	-3.74942E-70	0
114	5.00136E-70	-3.72627E-70	0
114.02	4.48258E-70	-3.6802E-70	0
114.04	4.00263E-70	-3.61465E-70	0
114.06	3.55964E-70	-3.53269E-70	0
114.08	3.1517E-70	-3.43712E-70	0
114.1	2.77692E-70	-3.33044E-70	0
114.12	2.43345E-70	-3.21489E-70	0
114.14	2.11946E-70	-3.09248E-70	0
114.16	1.83315E-70	-2.965E-70	0
114.18	1.57279E-70	-2.83402E-70	0
114.2	1.33669E-70	-2.70093E-70	0
114.22	1.12321E-70	-2.56695E-70	0
114.24	9.30799E-71	-2.43313E-70	0
114.26	7.57947E-71	-2.30039E-70	0
114.28	6.03219E-71	-2.16952E-70	0
114.3	4.65244E-71	-2.04117E-70	0
114.32	3.42723E-71	-1.91591E-70	0
114.34	2.3442E-71	-1.79419E-70	0
114.36	1.3917E-71	-1.6764E-70	0
114.38	5.58731E-72	-1.56281E-70	0
114.4	-1.65069E-72	-1.45367E-70	0
114.42	-7.89411E-72	-1.34913E-70	0
114.44	-1.3234E-71	-1.2493E-70	0
114.46	-1.77552E-71	-1.15425E-70	0
114.48	-2.15371E-71	-1.06399E-70	0
114.5	-2.46535E-71	-9.78514E-71	0
114.52	-2.71726E-71	-8.97768E-71	0
114.54	-2.91578E-71	-8.2168E-71	0
114.56	-3.06676E-71	-7.50151E-71	0
114.58	-3.17559E-71	-6.83067E-71	0
114.6	-3.24723E-71	-6.20296E-71	0
114.62	-3.28623E-71	-5.61694E-71	0
114.64	-3.29674E-71	-5.07107E-71	0
114.66	-3.28256E-71	-4.56374E-71	0
114.68	-3.24715E-71	-4.09329E-71	0
114.7	-3.19363E-71	-3.65802E-71	0
114.72	-3.12486E-71	-3.25622E-71	0
114.74	-3.04339E-71	-2.88617E-71	0
114.76	-2.95151E-71	-2.54615E-71	0
114.78	-2.8513E-71	-2.2345E-71	0
114.8	-2.7446E-71	-1.94953E-71	0
114.82	-2.63304E-71	-1.68964E-71	0
114.84	-2.51807E-71	-1.45325E-71	0
114.86	-2.40096E-71	-1.23882E-71	0
114.88	-2.28284E-71	-1.04489E-71	0
114.9	-2.16468E-71	-8.70027E-72	0
114.92	-2.04732E-71	-7.12872E-72	0
114.94	-1.93148E-71	-5.72125E-72	0
114.96	-1.81777E-71	-4.46546E-72	0
114.98	-1.70671E-71	-3.34954E-72	0
115	-1.59872E-71	-2.36234E-72	0
115.02	-1.49415E-71	-1.49329E-72	0
115.04	-1.39327E-71	-7.32422E-73	0
115.06	-1.29629E-71	-7.03754E-74	0
115.08	-1.20337E-71	5.01644E-73	0
115.1	-1.11462E-71	9.91868E-73	0
115.12	-1.03008E-71	1.40799E-72	0
115.14	-9.49796E-72	1.75717E-72	0
115.16	-8.73745E-72	2.04607E-72	0
115.18	-8.01893E-72	2.28088E-72	0
115.2	-7.34174E-72	2.46733E-72	0
115.22	-6.70505E-72	2.61069E-72	0
115.24	-6.10785E-72	2.71583E-72	0
115.26	-5.54899E-72	2.78724E-72	0
115.28	-5.02719E-72	2.82902E-72	0
115.3	-4.54109E-72	2.84493E-72	0
115.32	-4.08927E-72	2.83838E-72	0
115.34	-3.67026E-72	2.8125E-72	0
115.36	-3.28254E-72	2.77012E-72	0
115.38	-2.92459E-72	2.7138E-72	0
115.4	-2.59489E-72	2.64585E-72	0
115.42	-2.29191E-72	2.56835E-72	0
115.44	-2.01415E-72	2.48315E-72	0
115.46	-1.76015E-72	2.39191E-72	0
115.48	-1.52845E-72	2.29612E-72	0
115.5	-1.31765E-72	2.19709E-72	0
115.52	-1.12638E-72	2.09595E-72	0
115.54	-9.53348E-73	1.99373E-72	0
115.56	-7.97273E-73	1.8913E-72	0
115.58	-6.56946E-73	1.78942E-72	0
115.6	-5.31211E-73	1.68874E-72	0
115.62	-4.18962E-73	1.58982E-72	0
115.64	-3.19151E-73	1.49313E-72	0
115.66	-2.30784E-73	1.39904E-72	0
115.68	-1.52922E-73	1.30788E-72	0
115.7	-8.46786E-74	1.21989E-72	0
115.72	-2.52214E-74	1.13526E-72	0
115.74	2.62312E-74	1.05415E-72	0
115.76	7.0411E-74	9.7665E-73	0
115.78	1.08001E-73	9.02815E-73	0
115.8	1.39638E-73	8.32673E-73	0
115.82	1.65914E-73	7.66218E-73	0
115.84	1.87377E-73	7.03419E-73	0
115.86	2.04536E-73	6.44225E-73	0
115.88	2.1786E-73	5.88563E-73	0
115.9	2.27782E-73	5.36347E-73	0
115.92	2.34697E-73	4.87477E-73	0
115.94	2.38971E-73	4.41843E-73	0
115.96	2.40936E-73	3.99327E-73	0
115.98	2.40897E-73	3.59806E-73	0
116	2.39129E-73	3.2315E-73	0
116.02	2.35884E-73	2.89229E-73	0
116.04	2.31388E-73	2.57909E-73	0
116.06	2.25846E-73	2.29057E-73	0
116.08	2.19443E-73	2.02541E-73	0
116.1	2.12342E-73	1.78228E-73	0
116.12	2.04692E-73	1.5599E-73	0
116.14	1.96623E-73	1.35702E-73	0
116.16	1.88252E-73	1.17239E-73	0
116.18	1.79679E-73	1.00484E-73	0
116.2	1.70995E-73	8.53204E-74	0
116.22	1.62278E-73	7.16388E-74	0
116.24	1.53595E-73	5.93329E-74	0
116.26	1.45004E-73	4.83014E-74	0
116.28	1.36554E-73	3.8448E-74	0
116.3	1.28287E-73	2.96808E-74	0
116.32	1.20237E-73	2.19131E-74	0
116.34	1.12433E-73	1.50629E-74	0
116.36	1.04896E-73	9.05264E-75	0
116.38	9.76443E-74	3.80972E-75	0
116.4	9.06907E-74	-7.34139E-76	0
116.42	8.40443E-74	-4.64279E-75	0
116.44	7.77105E-74	-7.97586E-75	0
116.46	7.16921E-74	-1.07889E-74	0
116.48	6.59887E-74	-1.31336E-74	0
116.5	6.05982E-74	-1.50577E-74	0
116.52	5.55162E-74	-1.66056E-74	0
116.54	5.07368E-74	-1.78182E-74	0
116.56	4.62526E-74	-1.87332E-74	0
116.58	4.20554E-74	-1.93851E-74	0
116.6	3.81356E-74	-1.98057E-74	0
116.62	3.44833E-74	-2.00241E-74	0
116.64	3.10879E-74	-2.00666E-74	0
116.66	2.79384E-74	-1.99574E-74	0
116.68	2.50236E-74	-1.97182E-74	0
116.7	2.23319E-74	-1.9369E-74	0
116.72	1.98521E-74	-1.89273E-74	0
116.74	1.75727E-74	-1.84094E-74	0
116.76	1.54825E-74	-1.78296E-74	0
116.78	1.35704E-74	-1.72006E-74	0
116.8	1.18255E-74	-1.65338E-74	0
116.82	1.02373E-74	-1.58394E-74	0
116.84	8.79568E-75	-1.51263E-74	0
116.86	7.49064E-75	-1.44022E-74	0
116.88	6.31273E-75	-1.36739E-74	0
116.9	5.25287E-75	-1.29473E-74	0
116.92	4.30235E-75	-1.22275E-74	0
116.94	3.45289E-75	-1.15188E-74	0
116.96	2.69662E-75	-1.08248E-74	0
116.98	2.02609E-75	-1.01485E-74	0
117	1.43427E-75	-9.49235E-75	0
117.02	9.14502E-76	-8.85837E-75	0
117.04	4.60558E-76	-8.24808E-75	0
117.06	6.65822E-77	-7.66263E-75	0
117.08	-2.729E-76	-7.10286E-75	0
117.1	-5.63001E-76	-6.56925E-75	0
117.12	-8.08482E-76	-6.06207E-75	0
117.14	-1.01377E-75	-5.58134E-75	0
117.16	-1.18296E-75	-5.12689E-75	0
117.18	-1.31985E-75	-4.69837E-75	0
117.2	-1.42795E-75	-4.29531E-75	0
117.22	-1.51048E-75	-3.91709E-75	0
117.24	-1.57039E-75	-3.56303E-75	0
117.26	-1.61042E-75	-3.23234E-75	0
117.28	-1.63304E-75	-2.92418E-75	0
117.3	-1.64051E-75	-2.63767E-75	0
117.32	-1.6349E-75	-2.37188E-75	0
117.34	-1.61807E-75	-2.12587E-75	0
117.36	-1.59172E-75	-1.89867E-75	0
117.38	-1.55736E-75	-1.68933E-75	0
117.4	-1.51637E-75	-1.49689E-75	0
117.42	-1.46997E-75	-1.32039E-75	0
117.44	-1.41926E-75	-1.1589E-75	0
117.46	-1.36522E-75	-1.01151E-75	0
117.48	-1.30871E-75	-8.77334E-76	0
117.5	-1.25049E-75	-7.55504E-76	0
117.52	-1.19123E-75	-6.45191E-76	0
117.54	-1.1315E-75	-5.45592E-76	0
117.56	-1.07181E-75	-4.55942E-76	0
117.58	-1.0126E-75	-3.75506E-76	0
117.6	-9.54237E-76	-3.03587E-76	0
117.62	-8.97026E-76	-2.39521E-76	0
117.64	-8.41229E-76	-1.8268E-76	0
117.66	-7.8706E-76	-1.3247E-76	0
117.68	-7.34688E-76	-8.83314E-77	0
117.7	-6.84249E-76	-4.97392E-77	0
117.72	-6.35843E-76	-1.62002E-77	0
117.74	-5.89541E-76	1.2747E-77	0
117.76	-5.4539E-76	3.75327E-77	0
117.78	-5.03414E-76	5.85579E-77	0
117.8	-4.63617E-76	7.61948E-77	0
117.82	-4.25988E-76	9.07889E-77	0
117.84	-3.905E-76	1.02659E-76	0
117.86	-3.57115E-76	1.12101E-76	0
117.88	-3.25783E-76	1.19385E-76	0
117.9	-2.96448E-76	1.2476E-76	0
117.92	-2.69047E-76	1.28455E-76	0
117.94	-2.4351E-76	1.30678E-76	0
117.96	-2.19765E-76	1.31621E-76	0
117.98	-1.97734E-76	1.31455E-76	0
118	-1.77341E-76	1.30338E-76	0
118.02	-1.58505E-76	1.28412E-76	0
118.04	-1.41148E-76	1.25805E-76	0
118.06	-1.2519E-76	1.22632E-76	0
118.08	-1.10552E-76	1.18996E-76	0
118.1	-9.71565E-77	1.1499E-76	0
118.12	-8.49288E-77	1.10694E-76	0
118.14	-7.37949E-77	1.06182E-76	0
118.16	-6.36833E-77	1.01518E-76	0
118.18	-5.4525E-77	9.67567E-77	0
118.2	-4.62539E-77	9.19484E-77	0
118.22	-3.88062E-77	8.7135E-77	0
118.24	-3.21214E-77	8.23529E-77	0
118.26	-2.61415E-77	7.76333E-77	0
118.28	-2.08115E-77	7.30024E-77	0
118.3	-1.60796E-77	6.84822E-77	0
118.32	-1.18964E-77	6.40906E-77	0
118.34	-8.21585E-78	5.98421E-77	0
118.36	-4.99428E-78	5.57482E-77	0
118.38	-2.19094E-78	5.18176E-77	0
118.4	2.32341E-79	4.80563E-77	0
118.42	2.31116E-78	4.44686E-77	0
118.44	4.07866E-78	4.10567E-77	0
118.46	5.56564E-78	3.7821E-77	0
118.48	6.80064E-78	3.4761E-77	0
118.5	7.81005E-78	3.18745E-77	0
118.52	8.61822E-78	2.91585E-77	0
118.54	9.24755E-78	2.66093E-77	0
118.56	9.71864E-78	2.42222E-77	0
118.58	1.00503E-77	2.19922E-77	0
118.6	1.02599E-77	1.99137E-77	0
118.62	1.0363E-77	1.79807E-77	0
118.64	1.03739E-77	1.61872E-77	0
118.66	1.03057E-77	1.45268E-77	0
118.68	1.01699E-77	1.29931E-77	0
118.7	9.97726E-78	1.15796E-77	0
118.72	9.73719E-78	1.02798E-77	0
118.74	9.45822E-78	9.08747E-78	0
118.76	9.14793E-78	7.99618E-78	0
118.78	8.81309E-78	6.99983E-78	0
118.8	8.45969E-78	6.09243E-78	0
118.82	8.093E-78	5.26816E-78	0
118.84	7.71765E-78	4.52142E-78	0
118.86	7.33769E-78	3.84681E-78	0
118.88	6.9566E-78	3.23916E-78	0
118.9	6.57742E-78	2.69353E-78	0
118.92	6.20272E-78	2.20522E-78	0
118.94	5.83466E-78	1.76975E-78	0
118.96	5.47508E-78	1.3829E-78	0
118.98	5.12546E-78	1.04066E-78	0
119	4.78701E-78	7.39275E-79	0
119.02	4.4607E-78	4.75207E-79	0
119.04	4.14725E-78	2.4514E-79	0
119.06	3.84719E-78	4.59725E-80	0
119.08	3.56087E-78	-1.25188E-79	0
119.1	3.28849E-78	-2.71036E-79	0
119.12	3.03012E-78	-3.9407E-79	0
119.14	2.78572E-78	-4.96608E-79	0
119.16	2.55513E-78	-5.80794E-79	0
119.18	2.33813E-78	-6.48603E-79	0
119.2	2.13441E-78	-7.01855E-79	0
119.22	1.94363E-78	-7.42218E-79	0
119.24	1.76538E-78	-7.71224E-79	0
119.26	1.59922E-78	-7.9027E-79	0
119.28	1.44468E-78	-8.0063E-79	0
119.3	1.30128E-78	-8.03463E-79	0
119.32	1.1685E-78	-7.9982E-79	0
119.34	1.04584E-78	-7.9065E-79	0
119.36	9.32776E-79	-7.76811E-79	0
119.38	8.28802E-79	-7.59071E-79	0
119.4	7.33406E-79	-7.38122E-79	0
119.42	6.46084E-79	-7.14578E-79	0
119.44	5.66346E-79	-6.88988E-79	0
119.46	4.93713E-79	-6.61836E-79	0
119.48	4.2772E-79	-6.33552E-79	0
119.5	3.67919E-79	-6.0451E-79	0
119.52	3.1388E-79	-5.75038E-79	0
119.54	2.65189E-79	-5.45421E-79	0
119.56	2.2145E-79	-5.15903E-79	0
119.58	1.82289E-79	-4.86695E-79	0
119.6	1.47348E-79	-4.57972E-79	0
119.62	1.16289E-79	-4.29884E-79	0
119.64	8.87926E-80	-4.02552E-79	0
119.66	6.45586E-80	-3.76076E-79	0
119.68	4.33043E-80	-3.50534E-79	0
119.7	2.47651E-80	-3.25986E-79	0
119.72	8.69342E-81	-3.02477E-79	0
119.74	-5.14161E-81	-2.80036E-79	0
119.76	-1.69549E-80	-2.58681E-79	0
119.78	-2.69458E-80	-2.38419E-79	0
119.8	-3.52994E-80	-2.19248E-79	0
119.82	-4.21864E-80	-2.01156E-79	0
119.84	-4.77644E-80	-1.84127E-79	0
119.86	-5.21784E-80	-1.68139E-79	0
119.88	-5.55615E-80	-1.53163E-79	0
119.9	-5.80357E-80	-1.39169E-79	0
119.92	-5.97123E-80	-1.26122E-79	0
119.94	-6.06928E-80	-1.13987E-79	0
119.96	-6.10695E-80	-1.02725E-79	0
119.98	-6.09262E-80	-9.22961E-80	0
120	-6.03384E-80	-8.26609E-80	0
