8732
0.0	0.0	0.0	0.00464085
0.088	0.0	0.0	0.012941400000000002
0.173	0.0	0.0	0.021025500000000003
0.256	0.0	0.0	0.028831500000000003
0.336	0.0	0.0	0.036435
0.424	0.0	0.0	0.04033500000000001
0.51	0.0	0.0	0.044140500000000006
0.592	0.0	0.0	0.047815500000000004
0.673	0.0	0.0	0.05139300000000001
0.761	0.0	0.0	0.04923450000000001
0.846	0.0	0.0	0.04713149999999999
0.929	0.0	0.0	0.04509900000000001
1.009	0.0	0.0	0.043119000000000005
1.097	0.0	0.0	0.035029500000000005
1.182	0.0	0.0	0.027129
1.265	0.0	0.0	0.019479000000000003
1.346	0.0	0.0	0.0120183
1.434	0.0	0.0	0.00031411500000000006
1.519	0.0	0.0	-0.01110525
1.602	0.0	0.0	-0.022149000000000002
1.683	0.0	0.0	-0.032907000000000006
1.77	0.0	0.0	-0.0432135
1.856	0.0	0.0	-0.05327400000000001
1.938	0.0	0.0	-0.06302100000000001
2.019	0.0	0.0	-0.07254000000000001
2.107	0.0	0.0	-0.075273
2.192	0.0	0.0	-0.07794450000000001
2.275	0.0	0.0	-0.08053500000000001
2.356	0.0	0.0	-0.08306100000000001
2.443	0.0	0.0	-0.07409550000000001
2.529	0.0	0.0	-0.06533850000000001
2.611	0.0	0.0	-0.05684550000000001
2.692	0.0	0.0	-0.048546000000000006
2.779	0.0	0.0	-0.029437500000000005
2.865	0.0	0.0	-0.0107361
2.948	0.0	0.0	0.007414950000000002
3.029	0.0	0.0	0.025140000000000003
3.116	0.0	0.0	0.101523
3.201	0.0	0.0	0.17619
3.284	0.0	0.0	0.24867000000000006
3.365	0.0	0.0	0.31957500000000005
3.452	0.0	0.0	0.34969500000000003
3.538	0.0	0.0	0.3792150000000001
3.621	0.0	0.0	0.40792500000000004
3.702	0.0	0.0	0.43603500000000006
3.789	0.0	0.0	0.4099650000000001
3.875	0.0	0.0	0.384435
3.958	0.0	0.0	0.35964000000000007
4.039	0.0	0.0	0.33540000000000003
4.126	0.0	0.0	0.258525
4.211	0.0	0.0	0.183255
4.294	0.0	0.0	0.11000099999999999
4.375	0.0	0.0	0.038206500000000004
4.462	0.0	0.0	-0.05460450000000001
4.547	0.0	0.0	-0.14564100000000002
4.631	0.0	0.0	-0.23428500000000002
4.712	0.0	0.0	-0.32106
4.799	0.0	0.0	-0.38065499999999997
4.884	0.0	0.0	-0.43903500000000006
4.967	0.0	0.0	-0.4959
5.048	0.0	0.0	-0.55167
5.135	0.0	0.0	-0.542745
5.22	0.0	0.0	-0.533985
5.303	0.0	0.0	-0.5254350000000001
5.385	0.0	0.0	-0.5170350000000001
5.472	0.0	0.0	-0.43909500000000007
5.557	0.0	0.0	-0.3626400000000001
5.64	0.0	0.0	-0.28810500000000006
5.722	0.0	0.0	-0.21507
5.809	0.0	0.0	-0.10665450000000001
5.894	0.0	0.0	-0.00023352000000000003
5.976	0.0	0.0	0.10367099999999999
6.058	0.0	0.0	0.20575500000000002
6.145	0.0	0.0	0.28896000000000005
6.23	0.0	0.0	0.37075500000000006
6.313	0.0	0.0	0.4506450000000001
6.395	0.0	0.0	0.5290650000000001
6.481	0.0	0.0	0.54354
6.566	0.0	0.0	0.5577300000000001
6.649	0.0	0.0	0.57162
6.731	0.0	0.0	0.5852550000000001
6.817	0.0	0.0	0.5258100000000001
6.903	0.0	0.0	0.46728000000000003
6.986	0.0	0.0	0.409995
7.068	0.0	0.0	0.353625
7.155	0.0	0.0	0.25503000000000003
7.24	0.0	0.0	0.15807000000000002
7.323	0.0	0.0	0.063276
7.405	0.0	0.0	-0.0298695
7.491	0.0	0.0	-0.11324700000000001
7.576	0.0	0.0	-0.195285
7.659	0.0	0.0	-0.275625
7.741	0.0	0.0	-0.35478000000000004
7.827	0.0	0.0	-0.383505
7.912	0.0	0.0	-0.41181
7.996	0.0	0.0	-0.43956000000000006
8.078	0.0	0.0	-0.46686000000000005
8.164	0.0	0.0	-0.43581000000000003
8.249	0.0	0.0	-0.40525500000000003
8.332	0.0	0.0	-0.37528500000000004
8.414	0.0	0.0	-0.345765
8.5	0.0	0.0	-0.28083
8.585	0.0	0.0	-0.21678000000000003
8.669	0.0	0.0	-0.1539
8.751	0.0	0.0	-0.09191100000000002
8.837	0.0	0.0	-0.024324000000000002
8.922	0.0	0.0	0.0422985
9.005	0.0	0.0	0.107688
9.088	0.0	0.0	0.172155
9.174	0.0	0.0	0.22453500000000004
9.258	0.0	0.0	0.27622500000000005
9.342	0.0	0.0	0.32700000000000007
9.424	0.0	0.0	0.3771
9.51	0.0	0.0	0.39780000000000004
9.595	0.0	0.0	0.41824500000000003
9.678	0.0	0.0	0.43833000000000005
9.761	0.0	0.0	0.45816000000000007
9.847	0.0	0.0	0.41911500000000007
9.931	0.0	0.0	0.38056500000000004
10.015	0.0	0.0	0.34264500000000003
10.097	0.0	0.0	0.3051900000000001
10.183	0.0	0.0	0.192585
10.268	0.0	0.0	0.08132850000000001
10.351	0.0	0.0	-0.028182000000000006
10.434	0.0	0.0	-0.13640400000000003
10.52	0.0	0.0	-0.287115
10.604	0.0	0.0	-0.436125
10.688	0.0	0.0	-0.5829000000000001
10.77	0.0	0.0	-0.7280100000000002
10.856	0.0	0.0	-0.83118
10.941	0.0	0.0	-0.933225
11.024	0.0	0.0	-1.0338
11.107	0.0	0.0	-1.1332650000000002
11.193	0.0	0.0	-1.0971750000000002
11.277	0.0	0.0	-1.0614750000000002
11.361	0.0	0.0	-1.0262550000000001
11.444	0.0	0.0	-0.991395
11.529	0.0	0.0	-0.7838400000000001
11.614	0.0	0.0	-0.57837
11.697	0.0	0.0	-0.37560000000000004
11.78	0.0	0.0	-0.17481000000000002
11.866	0.0	0.0	0.13334100000000002
11.95	0.0	0.0	0.43854000000000004
12.034	0.0	0.0	0.739935
12.117	0.0	0.0	1.03851
12.202	0.0	0.0	1.28862
12.287	0.0	0.0	1.5364499999999999
12.371	0.0	0.0	1.7814000000000003
12.453	0.0	0.0	2.0241000000000002
12.539	0.0	0.0	2.0481000000000003
12.623	0.0	0.0	2.0718000000000005
12.707	0.0	0.0	2.0953500000000003
12.79	0.0	0.0	2.1186000000000003
12.875	0.0	0.0	1.8432000000000002
12.96	0.0	0.0	1.5699000000000003
13.044	0.0	0.0	1.299615
13.127	0.0	0.0	1.0313850000000002
13.212	0.0	0.0	0.5454000000000001
13.296	0.0	0.0	0.06316200000000001
13.38	0.0	0.0	-0.41425500000000004
13.463	0.0	0.0	-0.8881049999999999
13.548	0.0	0.0	-1.3521000000000003
13.633	0.0	0.0	-1.8127500000000003
13.717	0.0	0.0	-2.26905
13.8	0.0	0.0	-2.7223500000000005
13.885	0.0	0.0	-2.8992
13.969	0.0	0.0	-3.0748500000000005
14.053	0.0	0.0	-3.2489999999999997
14.136	0.0	0.0	-3.4221000000000004
14.221	0.0	0.0	-3.1629000000000005
14.306	0.0	0.0	-2.9052000000000007
14.39	0.0	0.0	-2.6496000000000004
14.473	0.0	0.0	-2.3956500000000003
14.558	0.0	0.0	-1.7730000000000001
14.642	0.0	0.0	-1.1541000000000001
14.726	0.0	0.0	-0.5397150000000001
14.81	0.0	0.0	0.0713415
14.894	0.0	0.0	0.7712400000000001
14.979	0.0	0.0	1.4674200000000002
15.063	0.0	0.0	2.1589500000000004
15.146	0.0	0.0	2.8470000000000004
15.231	0.0	0.0	3.2578500000000004
15.315	0.0	0.0	3.6666000000000007
15.399	0.0	0.0	4.0729500000000005
15.483	0.0	0.0	4.477500000000001
15.567	0.0	0.0	4.347
15.652	0.0	0.0	4.216950000000001
15.736	0.0	0.0	4.08765
15.819	0.0	0.0	3.9589500000000006
15.904	0.0	0.0	3.3009000000000004
15.988	0.0	0.0	2.64555
16.072	0.0	0.0	1.9932000000000003
16.156	0.0	0.0	1.3432050000000002
16.241	0.0	0.0	0.45579000000000003
16.325	0.0	0.0	-0.42862500000000003
16.409	0.0	0.0	-1.3093800000000002
16.493	0.0	0.0	-2.1876
16.577	0.0	0.0	-2.86005
16.661	0.0	0.0	-3.5307000000000004
16.745	0.0	0.0	-4.1988
16.829	0.0	0.0	-4.8654
16.914	0.0	0.0	-4.9611
16.998	0.0	0.0	-5.056500000000001
17.082	0.0	0.0	-5.15175
17.166	0.0	0.0	-5.24685
17.25	0.0	0.0	-4.6851
17.334	0.0	0.0	-4.12455
17.418	0.0	0.0	-3.5652000000000004
17.502	0.0	0.0	-3.0065999999999997
17.587	0.0	0.0	-2.0455500000000004
17.671	0.0	0.0	-1.0857750000000002
17.755	0.0	0.0	-0.1275915
17.839	0.0	0.0	0.8295900000000002
17.923	0.0	0.0	1.7152500000000002
18.007	0.0	0.0	2.5999500000000006
18.091	0.0	0.0	3.4839
18.175	0.0	0.0	4.3674
18.26	0.0	0.0	4.728750000000001
18.344	0.0	0.0	5.0898
18.428	0.0	0.0	5.45085
18.512	0.0	0.0	5.8119000000000005
18.596	0.0	0.0	5.4609000000000005
18.68	0.0	0.0	5.1099000000000006
18.764	0.0	0.0	4.758750000000001
18.849	0.0	0.0	4.4076
18.933	0.0	0.0	3.51795
19.017	0.0	0.0	2.6277000000000004
19.101	0.0	0.0	1.7368500000000002
19.185	0.0	0.0	0.8449350000000001
19.269	0.0	0.0	-0.13701750000000001
19.353	0.0	0.0	-1.11999
19.437	0.0	0.0	-2.1045000000000003
19.522	0.0	0.0	-3.0906000000000002
19.606	0.0	0.0	-3.6772500000000004
19.69	0.0	0.0	-4.264800000000001
19.774	0.0	0.0	-4.85355
19.858	0.0	0.0	-5.443350000000001
19.942	0.0	0.0	-5.35665
20.026	0.0	0.0	-5.26965
20.111	0.0	0.0	-5.1823500000000005
20.195	0.0	0.0	-5.094900000000001
20.279	0.0	0.0	-4.402500000000001
20.363	0.0	0.0	-3.7081500000000003
20.447	0.0	0.0	-3.0114
20.532	0.0	0.0	-2.31255
20.615	0.0	0.0	-1.3807950000000002
20.699	0.0	0.0	-0.4463250000000001
20.784	0.0	0.0	0.49204500000000007
20.868	0.0	0.0	1.43358
20.952	0.0	0.0	2.1376500000000003
21.036	0.0	0.0	2.8440000000000003
21.12	0.0	0.0	3.5539500000000004
21.205	0.0	0.0	4.2666
21.288	0.0	0.0	4.4172
21.372	0.0	0.0	4.5684000000000005
21.457	0.0	0.0	4.7205
21.541	0.0	0.0	4.873200000000001
21.625	0.0	0.0	4.44075
21.709	0.0	0.0	4.00635
21.793	0.0	0.0	3.5692500000000003
21.878	0.0	0.0	3.1300499999999998
21.961	0.0	0.0	2.3737500000000002
22.045	0.0	0.0	1.6137000000000001
22.13	0.0	0.0	0.8485050000000001
22.215	0.0	0.0	0.07924500000000001
22.298	0.0	0.0	-0.6064950000000001
22.382	0.0	0.0	-1.2959700000000003
22.466	0.0	0.0	-1.9905000000000004
22.551	0.0	0.0	-2.6892000000000005
22.634	0.0	0.0	-2.9847
22.718	0.0	0.0	-3.282
22.803	0.0	0.0	-3.58185
22.888	0.0	0.0	-3.88335
22.971	0.0	0.0	-3.6955500000000003
23.055	0.0	0.0	-3.5065500000000007
23.139	0.0	0.0	-3.3159000000000005
23.224	0.0	0.0	-3.1239000000000003
23.307	0.0	0.0	-2.6068500000000006
23.391	0.0	0.0	-2.08605
23.476	0.0	0.0	-1.56045
23.561	0.0	0.0	-1.0309650000000001
23.644	0.0	0.0	-0.47736
23.728	0.0	0.0	0.080427
23.812	0.0	0.0	0.643845
23.897	0.0	0.0	1.21164
23.98	0.0	0.0	1.5343500000000003
24.064	0.0	0.0	1.8597000000000001
24.149	0.0	0.0	2.1883500000000002
24.234	0.0	0.0	2.51985
24.317	0.0	0.0	2.4996000000000005
24.401	0.0	0.0	2.47935
24.485	0.0	0.0	2.4588
24.571	0.0	0.0	2.4381000000000004
24.654	0.0	0.0	2.1498000000000004
24.737	0.0	0.0	1.8588000000000005
24.822	0.0	0.0	1.5644999999999998
24.907	0.0	0.0	1.2673950000000003
24.99	0.0	0.0	0.902325
25.074	0.0	0.0	0.5338050000000001
25.158	0.0	0.0	0.16062
25.244	0.0	0.0	-0.21616500000000002
25.327	0.0	0.0	-0.4683300000000001
25.41	0.0	0.0	-0.7230000000000001
25.495	0.0	0.0	-0.98106
25.58	0.0	0.0	-1.24173
25.663	0.0	0.0	-1.2894
25.747	0.0	0.0	-1.3375800000000002
25.831	0.0	0.0	-1.3864200000000002
25.917	0.0	0.0	-1.43577
26.0	0.0	0.0	-1.31148
26.083	0.0	0.0	-1.1858250000000001
26.168	0.0	0.0	-1.05834
26.254	0.0	0.0	-0.9294300000000001
26.336	0.0	0.0	-0.744105
26.42	0.0	0.0	-0.5566500000000001
26.504	0.0	0.0	-0.36636
26.59	0.0	0.0	-0.17388
26.673	0.0	0.0	-0.03808650000000001
26.756	0.0	0.0	0.099324
26.841	0.0	0.0	0.23892000000000002
26.927	0.0	0.0	0.380205
27.009	0.0	0.0	0.4173
27.093	0.0	0.0	0.45486000000000004
27.177	0.0	0.0	0.49305
27.263	0.0	0.0	0.5317050000000001
27.346	0.0	0.0	0.49272000000000005
27.429	0.0	0.0	0.4532100000000001
27.514	0.0	0.0	0.4130250000000001
27.6	0.0	0.0	0.372315
27.682	0.0	0.0	0.31359000000000004
27.766	0.0	0.0	0.254085
27.851	0.0	0.0	0.19351500000000002
27.937	0.0	0.0	0.1321245
28.019	0.0	0.0	0.08509950000000001
28.102	0.0	0.0	0.037408500000000004
28.187	0.0	0.0	-0.011183100000000001
28.273	0.0	0.0	-0.06047700000000001
28.355	0.0	0.0	-0.1053675
28.439	0.0	0.0	-0.1509
28.524	0.0	0.0	-0.197295
28.61	0.0	0.0	-0.24432000000000004
28.692	0.0	0.0	-0.276585
28.775	0.0	0.0	-0.30933000000000005
28.86	0.0	0.0	-0.34272
28.946	0.0	0.0	-0.37665000000000004
29.028	0.0	0.0	-0.36267000000000005
29.112	0.0	0.0	-0.348465
29.197	0.0	0.0	-0.333975
29.283	0.0	0.0	-0.3192750000000001
29.365	0.0	0.0	-0.248595
29.448	0.0	0.0	-0.17685
29.533	0.0	0.0	-0.1036125
29.619	0.0	0.0	-0.029166000000000004
29.701	0.0	0.0	0.06717300000000001
29.784	0.0	0.0	0.16522500000000004
29.869	0.0	0.0	0.2655
29.956	0.0	0.0	0.3674700000000001
30.038	0.0	0.0	0.43357500000000004
30.121	0.0	0.0	0.5007750000000001
30.207	0.0	0.0	0.569415
30.293	0.0	0.0	0.6391350000000001
30.375	0.0	0.0	0.6301800000000001
30.458	0.0	0.0	0.621075
30.543	0.0	0.0	0.6117600000000001
30.629	0.0	0.0	0.602265
30.711	0.0	0.0	0.515085
30.794	0.0	0.0	0.42627000000000004
30.879	0.0	0.0	0.3353400000000001
30.966	0.0	0.0	0.24285
31.048	0.0	0.0	0.1203015
31.13	0.0	0.0	-0.004427400000000001
31.215	0.0	0.0	-0.13217700000000002
31.302	0.0	0.0	-0.26232000000000005
31.384	0.0	0.0	-0.35616000000000003
31.467	0.0	0.0	-0.45190500000000006
31.552	0.0	0.0	-0.5501400000000001
31.639	0.0	0.0	-0.650265
31.721	0.0	0.0	-0.66585
31.804	0.0	0.0	-0.6817200000000001
31.889	0.0	0.0	-0.697995
31.976	0.0	0.0	-0.71457
32.057	0.0	0.0	-0.645285
32.14	0.0	0.0	-0.57465
32.225	0.0	0.0	-0.5021100000000001
32.312	0.0	0.0	-0.42808500000000005
32.393	0.0	0.0	-0.31201500000000004
32.477	0.0	0.0	-0.193455
32.562	0.0	0.0	-0.07169550000000001
32.649	0.0	0.0	0.052438500000000006
32.73	0.0	0.0	0.15429
32.813	0.0	0.0	0.25821000000000005
32.898	0.0	0.0	0.3649800000000001
32.985	0.0	0.0	0.47403000000000006
33.066	0.0	0.0	0.5127900000000001
33.149	0.0	0.0	0.552435
33.235	0.0	0.0	0.59325
33.322	0.0	0.0	0.634935
33.403	0.0	0.0	0.59748
33.486	0.0	0.0	0.5592
33.572	0.0	0.0	0.51987
33.659	0.0	0.0	0.47971500000000006
33.74	0.0	0.0	0.373575
33.823	0.0	0.0	0.26505
33.908	0.0	0.0	0.15325500000000003
33.995	0.0	0.0	0.03890400000000001
34.076	0.0	0.0	0.010935750000000001
34.159	0.0	0.0	-0.0177045
34.245	0.0	0.0	-0.047212500000000004
34.332	0.0	0.0	-0.077364
34.413	0.0	0.0	-0.091425
34.495	0.0	0.0	-0.10581300000000002
34.581	0.0	0.0	-0.12064650000000002
34.668	0.0	0.0	-0.1358355
34.749	0.0	0.0	-0.1322145
34.832	0.0	0.0	-0.128505
34.917	0.0	0.0	-0.12467550000000002
35.005	0.0	0.0	-0.12076050000000002
35.086	0.0	0.0	-0.10494150000000002
35.168	0.0	0.0	-0.08874300000000002
35.254	0.0	0.0	-0.0720225
35.341	0.0	0.0	-0.054892500000000004
35.422	0.0	0.0	-0.037068000000000004
35.505	0.0	0.0	-0.0187695
35.59	0.0	0.0	0.00015171
35.678	0.0	0.0	0.019545
35.759	0.0	0.0	0.030589500000000002
35.842	0.0	0.0	0.04191450000000001
35.927	0.0	0.0	0.0536085
36.015	0.0	0.0	0.06558150000000001
36.095	0.0	0.0	0.0664815
36.178	0.0	0.0	0.067404
36.263	0.0	0.0	0.068358
36.351	0.0	0.0	0.06933900000000001
36.432	0.0	0.0	0.0626265
36.514	0.0	0.0	0.05572800000000001
36.6	0.0	0.0	0.04858799999999999
36.688	0.0	0.0	0.0412695
36.768	0.0	0.0	0.032409
36.851	0.0	0.0	0.0233115
36.936	0.0	0.0	0.0138906
37.024	0.0	0.0	0.0042169500000000006
37.104	0.0	0.0	-0.00207915
37.187	0.0	0.0	-0.0085599
37.273	0.0	0.0	-0.015282
37.361	0.0	0.0	-0.022188
37.442	0.0	0.0	-0.0241245
37.524	0.0	0.0	-0.026115000000000003
37.61	0.0	0.0	-0.028177500000000005
37.698	0.0	0.0	-0.030294
37.778	0.0	0.0	-0.028737000000000002
37.86	0.0	0.0	-0.027135000000000003
37.946	0.0	0.0	-0.025471500000000005
38.034	0.0	0.0	-0.0237615
38.114	0.0	0.0	-0.020322000000000003
38.197	0.0	0.0	-0.0167775
38.283	0.0	0.0	-0.013096650000000001
38.371	0.0	0.0	-0.009315
38.451	0.0	0.0	-0.0051046500000000005
38.533	0.0	0.0	-0.0007703549999999999
38.619	0.0	0.0	0.0037323000000000005
38.707	0.0	0.0	0.00836655
38.787	0.0	0.0	0.012142650000000001
38.87	0.0	0.0	0.0160395
38.956	0.0	0.0	0.020095500000000002
39.044	0.0	0.0	0.02427
39.124	0.0	0.0	0.0257745
39.207	0.0	0.0	0.027325500000000003
39.293	0.0	0.0	0.028936500000000004
39.381	0.0	0.0	0.030594000000000003
39.461	0.0	0.0	0.028423500000000004
39.543	0.0	0.0	0.0261855
39.629	0.0	0.0	0.0238545
39.717	0.0	0.0	0.021451500000000002
39.797	0.0	0.0	0.0160125
39.879	0.0	0.0	0.0103929
39.965	0.0	0.0	0.0045390000000000005
40.054	0.0	0.0	-0.0014895750000000001
40.134	0.0	0.0	-0.007684500000000001
40.216	0.0	0.0	-0.014078250000000002
40.302	0.0	0.0	-0.020742000000000003
40.39	0.0	0.0	-0.027616500000000002
40.47	0.0	0.0	-0.031212000000000004
40.552	0.0	0.0	-0.034932000000000005
40.638	0.0	0.0	-0.038817000000000004
40.727	0.0	0.0	-0.04282500000000001
40.807	0.0	0.0	-0.04149750000000001
40.889	0.0	0.0	-0.040123500000000006
40.975	0.0	0.0	-0.038692500000000005
41.064	0.0	0.0	-0.0372165
41.143	0.0	0.0	-0.031210500000000002
41.226	0.0	0.0	-0.025000500000000002
41.311	0.0	0.0	-0.0185115
41.4	0.0	0.0	-0.01180635
41.48	0.0	0.0	-0.00392565
41.562	0.0	0.0	0.00423735
41.648	0.0	0.0	0.01276755
41.737	0.0	0.0	0.0215715
41.816	0.0	0.0	0.027273
41.898	0.0	0.0	0.033174
41.984	0.0	0.0	0.039345000000000005
42.073	0.0	0.0	0.045726
42.152	0.0	0.0	0.046224
42.235	0.0	0.0	0.046740000000000004
42.321	0.0	0.0	0.04727850000000001
42.41	0.0	0.0	0.047836500000000004
42.489	0.0	0.0	0.04274850000000001
42.571	0.0	0.0	0.037477500000000004
42.657	0.0	0.0	0.0319605
42.746	0.0	0.0	0.026250000000000002
42.825	0.0	0.0	0.0181095
42.907	0.0	0.0	0.009654000000000001
42.994	0.0	0.0	0.000787215
43.083	0.0	0.0	-0.0083922
43.162	0.0	0.0	-0.015474000000000002
43.245	0.0	0.0	-0.022819500000000003
43.331	0.0	0.0	-0.030513000000000005
43.42	0.0	0.0	-0.038469
43.499	0.0	0.0	-0.040938
43.581	0.0	0.0	-0.0435015
43.667	0.0	0.0	-0.046191
43.756	0.0	0.0	-0.0489795
43.835	0.0	0.0	-0.0457995
43.917	0.0	0.0	-0.04249200000000001
44.004	0.0	0.0	-0.039021
44.093	0.0	0.0	-0.035427
44.172	0.0	0.0	-0.028468500000000004
44.254	0.0	0.0	-0.021240000000000002
44.34	0.0	0.0	-0.01364775
44.429	0.0	0.0	-0.005773650000000001
44.508	0.0	0.0	0.0013017600000000003
44.59	0.0	0.0	0.0086697
44.676	0.0	0.0	0.016422000000000003
44.766	0.0	0.0	0.024465
44.845	0.0	0.0	0.028186500000000003
44.927	0.0	0.0	0.0320565
45.014	0.0	0.0	0.036123
45.103	0.0	0.0	0.040338
45.182	0.0	0.0	0.0392145
45.263	0.0	0.0	0.03804600000000001
45.35	0.0	0.0	0.0368145
45.439	0.0	0.0	0.035536500000000006
45.518	0.0	0.0	0.030681
45.6	0.0	0.0	0.025620000000000004
45.686	0.0	0.0	0.020290500000000003
45.776	0.0	0.0	0.014758950000000003
45.855	0.0	0.0	0.009037050000000001
45.936	0.0	0.0	0.00307785
46.022	0.0	0.0	-0.0032014499999999998
46.112	0.0	0.0	-0.00972885
46.191	0.0	0.0	-0.013432200000000002
46.272	0.0	0.0	-0.017299500000000002
46.359	0.0	0.0	-0.021381
46.449	0.0	0.0	-0.0256245
46.528	0.0	0.0	-0.025870500000000005
46.61	0.0	0.0	-0.026126999999999997
46.696	0.0	0.0	-0.026396999999999997
46.786	0.0	0.0	-0.026677500000000003
46.864	0.0	0.0	-0.0240405
46.946	0.0	0.0	-0.021289500000000003
47.032	0.0	0.0	-0.018384
47.122	0.0	0.0	-0.015358500000000002
47.2	0.0	0.0	-0.01176555
47.282	0.0	0.0	-0.00801045
47.369	0.0	0.0	-0.004043550000000001
47.459	0.0	0.0	8.235450000000001e-05
47.537	0.0	0.0	0.0026128500000000003
47.619	0.0	0.0	0.005256
47.705	0.0	0.0	0.0080508
47.795	0.0	0.0	0.010963200000000001
47.873	0.0	0.0	0.011484000000000001
47.955	0.0	0.0	0.012029100000000001
48.042	0.0	0.0	0.012605850000000002
48.132	0.0	0.0	0.01320615
48.21	0.0	0.0	0.012109200000000002
48.292	0.0	0.0	0.010962450000000002
48.378	0.0	0.0	0.009748500000000002
48.468	0.0	0.0	0.008482800000000002
48.546	0.0	0.0	0.0069771
48.628	0.0	0.0	0.0053988000000000005
48.715	0.0	0.0	0.00372555
48.805	0.0	0.0	0.0019801500000000004
48.883	0.0	0.0	0.0011284200000000002
48.965	0.0	0.0	0.00023686500000000006
49.052	0.0	0.0	-0.0007072350000000001
49.142	0.0	0.0	-0.00169095
49.22	0.0	0.0	-0.0017196000000000002
49.301	0.0	0.0	-0.00174945
49.388	0.0	0.0	-0.0017812500000000003
49.478	0.0	0.0	-0.0018144000000000003
49.556	0.0	0.0	-0.0019599000000000005
49.638	0.0	0.0	-0.00211275
49.724	0.0	0.0	-0.0022747500000000003
49.815	0.0	0.0	-0.0024439500000000003
49.893	0.0	0.0	-0.0024561
49.974	0.0	0.0	-0.0024687000000000003
50.061	0.0	0.0	-0.0024822000000000004
50.151	0.0	0.0	-0.00249615
50.229	0.0	0.0	-0.0017223
50.31	0.0	0.0	-0.0009090000000000001
50.397	0.0	0.0	-4.3920000000000006e-05
50.488	0.0	0.0	0.0008604450000000002
50.566	0.0	0.0	0.0021069
50.648	0.0	0.0	0.00341535
50.734	0.0	0.0	0.0048051000000000005
50.825	0.0	0.0	0.006256649999999999
50.902	0.0	0.0	0.007103550000000001
50.984	0.0	0.0	0.007993050000000002
51.07	0.0	0.0	0.00894
51.161	0.0	0.0	0.009931350000000002
51.239	0.0	0.0	0.0096267
51.32	0.0	0.0	0.009306150000000001
51.407	0.0	0.0	0.00896475
51.498	0.0	0.0	0.0086079
51.575	0.0	0.0	0.007080300000000001
51.657	0.0	0.0	0.005474550000000001
51.743	0.0	0.0	0.0037639500000000003
51.834	0.0	0.0	0.0019722000000000003
51.911	0.0	0.0	-5.5737e-05
51.993	0.0	0.0	-0.00219285
52.08	0.0	0.0	-0.0044733
52.171	0.0	0.0	-0.0068626500000000005
52.249	0.0	0.0	-0.00827595
52.33	0.0	0.0	-0.009763500000000001
52.417	0.0	0.0	-0.011348700000000001
52.508	0.0	0.0	-0.013008000000000002
52.585	0.0	0.0	-0.012968100000000002
52.666	0.0	0.0	-0.01292625
52.753	0.0	0.0	-0.012881550000000002
52.844	0.0	0.0	-0.01283445
52.921	0.0	0.0	-0.01130295
53.003	0.0	0.0	-0.009687000000000001
53.09	0.0	0.0	-0.0079611
53.181	0.0	0.0	-0.006152400000000001
53.258	0.0	0.0	-0.0039181500000000005
53.339	0.0	0.0	-0.0015631500000000001
53.426	0.0	0.0	0.0009537150000000002
53.517	0.0	0.0	0.00359565
53.594	0.0	0.0	0.0053805
53.675	0.0	0.0	0.007266600000000001
53.763	0.0	0.0	0.009285600000000001
53.854	0.0	0.0	0.011405700000000001
53.931	0.0	0.0	0.01185315
54.013	0.0	0.0	0.012325350000000002
54.1	0.0	0.0	0.0128301
54.191	0.0	0.0	0.013359750000000002
54.268	0.0	0.0	0.012319050000000002
54.349	0.0	0.0	0.0112197
54.436	0.0	0.0	0.010041900000000001
54.527	0.0	0.0	0.00880365
54.604	0.0	0.0	0.006884100000000001
54.685	0.0	0.0	0.004853250000000001
54.772	0.0	0.0	0.00267735
54.864	0.0	0.0	0.00039217500000000003
54.941	0.0	0.0	-0.0013998300000000001
55.022	0.0	0.0	-0.0032941500000000005
55.109	0.0	0.0	-0.005325900000000001
55.2	0.0	0.0	-0.007463700000000001
55.277	0.0	0.0	-0.008293050000000001
55.358	0.0	0.0	-0.009171450000000001
55.445	0.0	0.0	-0.0101139
55.537	0.0	0.0	-0.0111045
55.614	0.0	0.0	-0.010675200000000003
55.695	0.0	0.0	-0.010220850000000002
55.781	0.0	0.0	-0.00973305
55.873	0.0	0.0	-0.00921945
55.95	0.0	0.0	-0.0078618
56.031	0.0	0.0	-0.0064215
56.118	0.0	0.0	-0.0048726
56.21	0.0	0.0	-0.0032415000000000005
56.287	0.0	0.0	-0.00166665
56.368	0.0	0.0	1.809e-06
56.455	0.0	0.0	0.0017937
56.547	0.0	0.0	0.0036790500000000005
56.623	0.0	0.0	0.0047283
56.704	0.0	0.0	0.005841000000000001
56.791	0.0	0.0	0.007038600000000001
56.883	0.0	0.0	0.008301450000000002
56.959	0.0	0.0	0.0084033
57.041	0.0	0.0	0.00851145
57.128	0.0	0.0	0.008628
57.22	0.0	0.0	0.008750550000000001
57.296	0.0	0.0	0.0079209
57.377	0.0	0.0	0.0070404000000000005
57.464	0.0	0.0	0.0060922500000000004
57.556	0.0	0.0	0.005091600000000001
57.632	0.0	0.0	0.0037528500000000003
57.713	0.0	0.0	0.00232845
57.801	0.0	0.0	0.0007918650000000001
57.893	0.0	0.0	-0.00082992
57.969	0.0	0.0	-0.0020445000000000003
58.05	0.0	0.0	-0.00333495
58.138	0.0	0.0	-0.004725300000000001
58.23	0.0	0.0	-0.006191250000000001
58.306	0.0	0.0	-0.00670545
58.387	0.0	0.0	-0.0072522
58.474	0.0	0.0	-0.007842600000000002
58.566	0.0	0.0	-0.008466600000000001
58.642	0.0	0.0	-0.008048850000000001
58.723	0.0	0.0	-0.007604100000000001
58.811	0.0	0.0	-0.0071238000000000004
58.903	0.0	0.0	-0.00661665
58.979	0.0	0.0	-0.005488350000000001
59.06	0.0	0.0	-0.004287600000000001
59.147	0.0	0.0	-0.00299025
59.239	0.0	0.0	-0.0016185000000000001
59.315	0.0	0.0	-0.00035317500000000006
59.396	0.0	0.0	0.0009966150000000002
59.483	0.0	0.0	0.0024574500000000003
59.576	0.0	0.0	0.0040026
59.652	0.0	0.0	0.0047694
59.733	0.0	0.0	0.005586300000000001
59.821	0.0	0.0	0.0064693500000000004
59.913	0.0	0.0	0.007402350000000001
59.989	0.0	0.0	0.00731265
60.069	0.0	0.0	0.007217100000000001
60.157	0.0	0.0	0.00711345
60.249	0.0	0.0	0.007003650000000001
60.325	0.0	0.0	0.00617355
60.406	0.0	0.0	0.005287050000000001
60.493	0.0	0.0	0.004326600000000001
60.586	0.0	0.0	0.00331065
60.661	0.0	0.0	0.00224205
60.742	0.0	0.0	0.0011016900000000002
60.829	0.0	0.0	-0.000134916
60.922	0.0	0.0	-0.001445595
60.998	0.0	0.0	-0.00218175
61.078	0.0	0.0	-0.0029687999999999997
61.166	0.0	0.0	-0.0038226
61.259	0.0	0.0	-0.004726650000000001
61.334	0.0	0.0	-0.004813050000000001
61.415	0.0	0.0	-0.0049054500000000004
61.502	0.0	0.0	-0.005005500000000001
61.595	0.0	0.0	-0.00511185
61.67	0.0	0.0	-0.0046500000000000005
61.751	0.0	0.0	-0.004155450000000001
61.839	0.0	0.0	-0.0036177000000000006
61.932	0.0	0.0	-0.0030472499999999996
62.008	0.0	0.0	-0.00241755
62.088	0.0	0.0	-0.00174405
62.176	0.0	0.0	-0.001012785
62.269	0.0	0.0	-0.00023778000000000004
62.344	0.0	0.0	0.00020742000000000002
62.425	0.0	0.0	0.000684045
62.512	0.0	0.0	0.0012027000000000001
62.605	0.0	0.0	0.0017536499999999998
62.68	0.0	0.0	0.00195375
62.761	0.0	0.0	0.0021684
62.849	0.0	0.0	0.00240195
62.942	0.0	0.0	0.0026496000000000002
63.017	0.0	0.0	0.0026697000000000005
63.097	0.0	0.0	0.0026911500000000007
63.185	0.0	0.0	0.0027144000000000005
63.278	0.0	0.0	0.0027393
63.353	0.0	0.0	0.00244455
63.434	0.0	0.0	0.0021282000000000002
63.522	0.0	0.0	0.0017829000000000002
63.615	0.0	0.0	0.001416015
63.69	0.0	0.0	0.0006986400000000002
63.771	0.0	0.0	-7.084800000000001e-05
63.859	0.0	0.0	-0.0009090750000000001
63.952	0.0	0.0	-0.00179925
64.027	0.0	0.0	-0.002667
64.107	0.0	0.0	-0.0035988
64.195	0.0	0.0	-0.004615950000000001
64.288	0.0	0.0	-0.0056988
64.363	0.0	0.0	-0.006149250000000001
64.444	0.0	0.0	-0.0066336
64.531	0.0	0.0	-0.0071625000000000005
64.625	0.0	0.0	-0.007724700000000001
64.7	0.0	0.0	-0.007260750000000002
64.78	0.0	0.0	-0.006762300000000001
64.868	0.0	0.0	-0.006217650000000001
64.961	0.0	0.0	-0.0056376
65.036	0.0	0.0	-0.0042453000000000005
65.116	0.0	0.0	-0.0027456000000000004
65.204	0.0	0.0	-0.001104525
65.298	0.0	0.0	0.0006437400000000001
65.373	0.0	0.0	0.00235725
65.453	0.0	0.0	0.0042006000000000005
65.541	0.0	0.0	0.0062151
65.635	0.0	0.0	0.0083589
65.709	0.0	0.0	0.0094203
65.79	0.0	0.0	0.010563
65.877	0.0	0.0	0.011814600000000001
65.971	0.0	0.0	0.013149900000000003
66.046	0.0	0.0	0.012808200000000002
66.126	0.0	0.0	0.012439650000000002
66.214	0.0	0.0	0.012036000000000002
66.308	0.0	0.0	0.01160595
66.382	0.0	0.0	0.00982005
66.462	0.0	0.0	0.007895550000000001
66.55	0.0	0.0	0.005786400000000001
66.644	0.0	0.0	0.0035352000000000005
66.718	0.0	0.0	0.0010982400000000001
66.799	0.0	0.0	-0.0015343499999999999
66.887	0.0	0.0	-0.00442425
66.981	0.0	0.0	-0.007509450000000001
67.056	0.0	0.0	-0.009336750000000001
67.136	0.0	0.0	-0.011308200000000001
67.224	0.0	0.0	-0.01346955
67.318	0.0	0.0	-0.015774000000000003
67.392	0.0	0.0	-0.015948
67.472	0.0	0.0	-0.016134000000000003
67.56	0.0	0.0	-0.0163395
67.654	0.0	0.0	-0.016560000000000002
67.728	0.0	0.0	-0.014883900000000002
67.809	0.0	0.0	-0.013071900000000001
67.897	0.0	0.0	-0.011080800000000002
67.991	0.0	0.0	-0.008955000000000001
68.065	0.0	0.0	-0.0062362500000000005
68.145	0.0	0.0	-0.0032976000000000004
68.233	0.0	0.0	-6.541200000000002e-05
68.327	0.0	0.0	0.0033922500000000003
68.401	0.0	0.0	0.0057814500000000005
68.481	0.0	0.0	0.008368800000000001
68.57	0.0	0.0	0.01121565
68.664	0.0	0.0	0.014257800000000001
68.738	0.0	0.0	0.015085500000000002
68.818	0.0	0.0	0.015982500000000004
68.906	0.0	0.0	0.016968
69.0	0.0	0.0	0.018024000000000002
69.074	0.0	0.0	0.016902
69.154	0.0	0.0	0.0156855
69.242	0.0	0.0	0.0143433
69.337	0.0	0.0	0.01290645
69.411	0.0	0.0	0.010459050000000001
69.491	0.0	0.0	0.007808100000000001
69.58	0.0	0.0	0.0048885000000000005
69.674	0.0	0.0	0.0017656500000000001
69.748	0.0	0.0	-0.0006971550000000001
69.827	0.0	0.0	-0.0033676500000000007
69.916	0.0	0.0	-0.00631515
70.01	0.0	0.0	-0.00947535
70.084	0.0	0.0	-0.010747350000000001
70.164	0.0	0.0	-0.012128700000000001
70.252	0.0	0.0	-0.013653600000000002
70.347	0.0	0.0	-0.015286500000000001
70.421	0.0	0.0	-0.014846550000000003
70.5	0.0	0.0	-0.014369250000000002
70.588	0.0	0.0	-0.013842150000000001
70.683	0.0	0.0	-0.013276650000000001
70.757	0.0	0.0	-0.01153725
70.837	0.0	0.0	-0.009644850000000002
70.925	0.0	0.0	-0.007551300000000001
71.02	0.0	0.0	-0.005305350000000001
71.094	0.0	0.0	-0.00328395
71.174	0.0	0.0	-0.0010880850000000001
71.262	0.0	0.0	0.0013381500000000002
71.357	0.0	0.0	0.003938550000000001
71.43	0.0	0.0	0.005202300000000001
71.51	0.0	0.0	0.0065766
71.598	0.0	0.0	0.00809835
71.693	0.0	0.0	0.009733200000000001
71.766	0.0	0.0	0.009772050000000001
71.846	0.0	0.0	0.0098142
71.935	0.0	0.0	0.00986085
72.03	0.0	0.0	0.009910950000000002
72.103	0.0	0.0	0.008959500000000002
72.183	0.0	0.0	0.007923900000000001
72.271	0.0	0.0	0.0067764
72.366	0.0	0.0	0.0055429500000000005
72.439	0.0	0.0	0.004299000000000001
72.519	0.0	0.0	0.0029416499999999996
72.608	0.0	0.0	0.0014352750000000002
72.703	0.0	0.0	-0.000184215
72.776	0.0	0.0	-0.001040055
72.856	0.0	0.0	-0.0019725000000000003
72.945	0.0	0.0	-0.00300615
73.04	0.0	0.0	-0.004116300000000001
73.113	0.0	0.0	-0.00429105
73.192	0.0	0.0	-0.004481700000000001
73.281	0.0	0.0	-0.0046935
73.376	0.0	0.0	-0.0049215000000000005
73.449	0.0	0.0	-0.00458025
73.529	0.0	0.0	-0.00420735
73.618	0.0	0.0	-0.0037932000000000005
73.713	0.0	0.0	-0.0033480000000000003
73.786	0.0	0.0	-0.0028240500000000003
73.865	0.0	0.0	-0.0022521000000000004
73.954	0.0	0.0	-0.0016159500000000001
74.049	0.0	0.0	-0.0009307500000000002
74.122	0.0	0.0	-0.00039922500000000007
74.202	0.0	0.0	0.000182145
74.29	0.0	0.0	0.00082887
74.386	0.0	0.0	0.0015249
74.459	0.0	0.0	0.0019950000000000002
74.538	0.0	0.0	0.00250875
74.627	0.0	0.0	0.0030807000000000005
74.722	0.0	0.0	0.0036972000000000003
74.795	0.0	0.0	0.0038908500000000004
74.874	0.0	0.0	0.0041031
74.963	0.0	0.0	0.0043396500000000005
75.059	0.0	0.0	0.0045946500000000005
75.132	0.0	0.0	0.0042522
75.212	0.0	0.0	0.0038775000000000007
75.3	0.0	0.0	0.0034602000000000005
75.396	0.0	0.0	0.0030108
75.468	0.0	0.0	0.0021466500000000004
75.548	0.0	0.0	0.001200105
75.636	0.0	0.0	0.00014378550000000001
75.732	0.0	0.0	-0.0009966600000000001
75.805	0.0	0.0	-0.00199635
75.884	0.0	0.0	-0.0030930000000000003
75.973	0.0	0.0	-0.0043168500000000005
76.069	0.0	0.0	-0.005636550000000001
76.141	0.0	0.0	-0.00618225
76.221	0.0	0.0	-0.00678045
76.309	0.0	0.0	-0.00744855
76.405	0.0	0.0	-0.008170050000000002
76.477	0.0	0.0	-0.007845750000000002
76.557	0.0	0.0	-0.0074893500000000005
76.646	0.0	0.0	-0.00709065
76.742	0.0	0.0	-0.006660000000000001
76.815	0.0	0.0	-0.0055065
76.894	0.0	0.0	-0.0042408
76.983	0.0	0.0	-0.0028269000000000002
77.079	0.0	0.0	-0.0013009200000000001
77.151	0.0	0.0	0.00013338
77.23	0.0	0.0	0.0017091
77.319	0.0	0.0	0.0034732500000000006
77.415	0.0	0.0	0.0053818500000000005
77.487	0.0	0.0	0.006350700000000001
77.567	0.0	0.0	0.007416900000000001
77.656	0.0	0.0	0.00861045
77.752	0.0	0.0	0.0099
77.824	0.0	0.0	0.0098472
77.903	0.0	0.0	0.00978915
77.992	0.0	0.0	0.0097242
78.088	0.0	0.0	0.00965385
78.16	0.0	0.0	0.008554500000000001
78.239	0.0	0.0	0.007342950000000001
78.329	0.0	0.0	0.00598335
78.425	0.0	0.0	0.0045115500000000005
78.497	0.0	0.0	0.0028950000000000004
78.577	0.0	0.0	0.001115595
78.666	0.0	0.0	-0.0008784750000000001
78.762	0.0	0.0	-0.0030351000000000006
78.834	0.0	0.0	-0.004341300000000001
78.913	0.0	0.0	-0.005780700000000001
79.002	0.0	0.0	-0.007397550000000001
79.098	0.0	0.0	-0.009150150000000001
79.17	0.0	0.0	-0.00949515
79.249	0.0	0.0	-0.009876
79.338	0.0	0.0	-0.010303800000000002
79.435	0.0	0.0	-0.010767
79.507	0.0	0.0	-0.009988200000000003
79.586	0.0	0.0	-0.00912945
79.675	0.0	0.0	-0.008164200000000002
79.771	0.0	0.0	-0.007117200000000001
79.843	0.0	0.0	-0.005626950000000001
79.922	0.0	0.0	-0.00397935
80.011	0.0	0.0	-0.0021246000000000004
80.108	0.0	0.0	-0.00011278950000000002
80.18	0.0	0.0	0.0013356300000000002
80.259	0.0	0.0	0.00293475
80.348	0.0	0.0	0.004732500000000001
80.445	0.0	0.0	0.00668085
80.516	0.0	0.0	0.007375200000000001
80.595	0.0	0.0	0.0081426
80.684	0.0	0.0	0.00900735
80.781	0.0	0.0	0.009946650000000001
80.853	0.0	0.0	0.009596400000000001
80.932	0.0	0.0	0.00920865
81.021	0.0	0.0	0.008771850000000001
81.118	0.0	0.0	0.00829785
81.189	0.0	0.0	0.00713565
81.268	0.0	0.0	0.00584985
81.357	0.0	0.0	0.004399500000000001
81.454	0.0	0.0	0.002823
81.525	0.0	0.0	0.0014558250000000002
81.605	0.0	0.0	-5.965350000000001e-05
81.694	0.0	0.0	-0.0017695500000000002
81.791	0.0	0.0	-0.0036261
81.862	0.0	0.0	-0.004527000000000001
81.941	0.0	0.0	-0.005524500000000001
82.03	0.0	0.0	-0.006651000000000001
82.127	0.0	0.0	-0.0078762
82.198	0.0	0.0	-0.00792225
82.277	0.0	0.0	-0.007973250000000001
82.367	0.0	0.0	-0.008031000000000002
82.464	0.0	0.0	-0.00809385
82.535	0.0	0.0	-0.00732975
82.615	0.0	0.0	-0.006482699999999999
82.704	0.0	0.0	-0.005526000000000001
82.801	0.0	0.0	-0.00448635
82.872	0.0	0.0	-0.0033507000000000003
82.951	0.0	0.0	-0.0020901
83.04	0.0	0.0	-0.000663225
83.137	0.0	0.0	0.0008910600000000002
83.208	0.0	0.0	0.0018342000000000002
83.287	0.0	0.0	0.00288285
83.377	0.0	0.0	0.0040698
83.474	0.0	0.0	0.005361
83.545	0.0	0.0	0.0056818500000000004
83.624	0.0	0.0	0.006038399999999999
83.713	0.0	0.0	0.0064422
83.81	0.0	0.0	0.006882299999999999
83.881	0.0	0.0	0.006494999999999999
83.96	0.0	0.0	0.006063600000000001
84.049	0.0	0.0	0.005574300000000001
84.147	0.0	0.0	0.00504105
84.218	0.0	0.0	0.00420135
84.297	0.0	0.0	0.0032676
84.387	0.0	0.0	0.0022096500000000005
84.484	0.0	0.0	0.0010577250000000002
84.555	0.0	0.0	0.00021979500000000003
84.633	0.0	0.0	-0.0007132500000000001
84.723	0.0	0.0	-0.00177285
84.82	0.0	0.0	-0.0029293500000000003
84.891	0.0	0.0	-0.0033754500000000003
84.97	0.0	0.0	-0.0038730000000000006
85.059	0.0	0.0	-0.004438050000000001
85.157	0.0	0.0	-0.005053800000000001
85.228	0.0	0.0	-0.004947750000000001
85.306	0.0	0.0	-0.004829400000000001
85.395	0.0	0.0	-0.004695
85.493	0.0	0.0	-0.004548300000000001
85.564	0.0	0.0	-0.004020750000000001
85.642	0.0	0.0	-0.0034314000000000002
85.732	0.0	0.0	-0.0027606
85.83	0.0	0.0	-0.0020280000000000003
85.901	0.0	0.0	-0.0013932000000000003
85.98	0.0	0.0	-0.0006849450000000002
86.069	0.0	0.0	0.0001201215
86.167	0.0	0.0	0.00099846
86.237	0.0	0.0	0.001417335
86.316	0.0	0.0	0.0018852000000000003
86.405	0.0	0.0	0.0024183000000000004
86.503	0.0	0.0	0.0030012
86.573	0.0	0.0	0.00304905
86.652	0.0	0.0	0.0031026000000000005
86.742	0.0	0.0	0.0031636500000000005
86.84	0.0	0.0	0.0032302500000000005
86.91	0.0	0.0	0.0029619
86.989	0.0	0.0	0.00266175
87.078	0.0	0.0	0.0023194500000000002
87.176	0.0	0.0	0.0019450500000000003
87.246	0.0	0.0	0.0015625500000000002
87.325	0.0	0.0	0.00113415
87.415	0.0	0.0	0.00064548
87.513	0.0	0.0	0.0001113015
87.583	0.0	0.0	-0.00016884000000000002
87.661	0.0	0.0	-0.00048237000000000003
87.751	0.0	0.0	-0.0008403000000000001
87.849	0.0	0.0	-0.00123222
87.919	0.0	0.0	-0.0013024200000000003
87.998	0.0	0.0	-0.0013811700000000001
88.088	0.0	0.0	-0.0014712150000000001
88.186	0.0	0.0	-0.0015699
88.256	0.0	0.0	-0.001462965
88.335	0.0	0.0	-0.0013432200000000002
88.425	0.0	0.0	-0.0012065100000000003
88.523	0.0	0.0	-0.00105693
88.593	0.0	0.0	-0.0008968350000000001
88.671	0.0	0.0	-0.00071721
88.761	0.0	0.0	-0.00051165
88.859	0.0	0.0	-0.00028623000000000006
88.929	0.0	0.0	-0.00018585
89.008	0.0	0.0	-7.3056e-05
89.097	0.0	0.0	5.6014500000000004e-05
89.196	0.0	0.0	0.00019737000000000002
89.266	0.0	0.0	0.00021381
89.344	0.0	0.0	0.000232245
89.434	0.0	0.0	0.00025338000000000004
89.532	0.0	0.0	0.000276555
89.602	0.0	0.0	0.000288045
89.68	0.0	0.0	0.00030097500000000004
89.77	0.0	0.0	0.00031581000000000003
89.869	0.0	0.0	0.00033208500000000003
89.939	0.0	0.0	0.00033069
90.017	0.0	0.0	0.00032914500000000003
90.107	0.0	0.0	0.00032736000000000006
90.206	0.0	0.0	0.000325395
90.275	0.0	0.0	0.00024484500000000005
90.354	0.0	0.0	0.00015417
90.443	0.0	0.0	5.007e-05
90.542	0.0	0.0	-6.431250000000001e-05
90.612	0.0	0.0	-0.00020205000000000003
90.69	0.0	0.0	-0.0003573
90.78	0.0	0.0	-0.00053553
90.879	0.0	0.0	-0.0007311300000000001
90.948	0.0	0.0	-0.000836715
91.027	0.0	0.0	-0.00095565
91.116	0.0	0.0	-0.0010923
91.215	0.0	0.0	-0.0012425250000000002
91.284	0.0	0.0	-0.0012253350000000001
91.363	0.0	0.0	-0.001205925
91.453	0.0	0.0	-0.0011836050000000001
91.552	0.0	0.0	-0.00115905
91.622	0.0	0.0	-0.000990825
91.7	0.0	0.0	-0.0008011349999999999
91.79	0.0	0.0	-0.00058314
91.889	0.0	0.0	-0.00034371000000000005
91.958	0.0	0.0	-9.02805e-05
92.036	0.0	0.0	0.00019585500000000004
92.126	0.0	0.0	0.00052548
92.225	0.0	0.0	0.0008883300000000001
92.294	0.0	0.0	0.001098435
92.373	0.0	0.0	0.0013360050000000001
92.463	0.0	0.0	0.0016096500000000002
92.562	0.0	0.0	0.00191055
92.631	0.0	0.0	0.00194745
92.709	0.0	0.0	0.0019891500000000003
92.799	0.0	0.0	0.00203715
92.898	0.0	0.0	0.0020901
92.967	0.0	0.0	0.0019008000000000002
93.045	0.0	0.0	0.0016864500000000004
93.136	0.0	0.0	0.0014388600000000001
93.235	0.0	0.0	0.0011662050000000002
93.304	0.0	0.0	0.0008141699999999999
93.382	0.0	0.0	0.00041595
93.473	0.0	0.0	-4.316400000000001e-05
93.572	0.0	0.0	-0.0005484
93.641	0.0	0.0	-0.0008955450000000002
93.719	0.0	0.0	-0.0012887550000000002
93.809	0.0	0.0	-0.0017431500000000002
93.908	0.0	0.0	-0.0022444500000000003
93.977	0.0	0.0	-0.0024007500000000005
94.055	0.0	0.0	-0.00257805
94.145	0.0	0.0	-0.0027828
94.245	0.0	0.0	-0.0030085500000000005
94.314	0.0	0.0	-0.0028621500000000004
94.392	0.0	0.0	-0.0026962500000000003
94.482	0.0	0.0	-0.0025042500000000004
94.581	0.0	0.0	-0.0022923
94.65	0.0	0.0	-0.0018811500000000003
94.728	0.0	0.0	-0.0014141700000000002
94.818	0.0	0.0	-0.0008737950000000001
94.918	0.0	0.0	-0.00027802500000000005
94.987	0.0	0.0	0.00020878500000000001
95.064	0.0	0.0	0.0007612950000000002
95.154	0.0	0.0	0.00140115
95.254	0.0	0.0	0.0021078
95.323	0.0	0.0	0.0024214500000000003
95.401	0.0	0.0	0.0027783
95.491	0.0	0.0	0.0031923000000000003
95.591	0.0	0.0	0.0036495000000000004
95.66	0.0	0.0	0.0036076500000000004
95.738	0.0	0.0	0.0035601000000000005
95.828	0.0	0.0	0.0035049000000000005
95.928	0.0	0.0	0.00344415
95.996	0.0	0.0	0.0030429000000000003
96.074	0.0	0.0	0.0025863
96.164	0.0	0.0	0.0020562
96.264	0.0	0.0	0.00146991
96.332	0.0	0.0	0.00089394
96.41	0.0	0.0	0.000237615
96.501	0.0	0.0	-0.00052422
96.601	0.0	0.0	-0.00136572
96.669	0.0	0.0	-0.0018238500000000001
96.747	0.0	0.0	-0.0023455500000000005
96.837	0.0	0.0	-0.0029515500000000003
96.937	0.0	0.0	-0.003622050000000001
97.005	0.0	0.0	-0.0037248000000000003
97.083	0.0	0.0	-0.0038421
97.174	0.0	0.0	-0.0039786000000000005
97.274	0.0	0.0	-0.00412965
97.342	0.0	0.0	-0.0038179500000000005
97.42	0.0	0.0	-0.0034627500000000005
97.511	0.0	0.0	-0.00304995
97.611	0.0	0.0	-0.0025936500000000003
97.679	0.0	0.0	-0.0020307
97.757	0.0	0.0	-0.0013879500000000002
97.847	0.0	0.0	-0.0006394050000000001
97.947	0.0	0.0	0.00019003500000000002
98.015	0.0	0.0	0.0007183800000000001
98.093	0.0	0.0	0.0013224000000000003
98.184	0.0	0.0	0.00202575
98.284	0.0	0.0	0.0028042500000000003
98.352	0.0	0.0	0.0030324
98.429	0.0	0.0	0.0032929500000000002
98.52	0.0	0.0	0.0035967000000000004
98.62	0.0	0.0	0.003933600000000001
98.688	0.0	0.0	0.0037668000000000007
98.766	0.0	0.0	0.0035757000000000002
98.856	0.0	0.0	0.0033526499999999996
98.957	0.0	0.0	0.00310545
99.025	0.0	0.0	0.0026550000000000002
99.103	0.0	0.0	0.00213975
99.194	0.0	0.0	0.001539
99.294	0.0	0.0	0.0008738100000000001
99.362	0.0	0.0	0.00039235499999999994
99.439	0.0	0.0	-0.00015903000000000003
99.53	0.0	0.0	-0.00080331
99.63	0.0	0.0	-0.0015186000000000002
99.698	0.0	0.0	-0.0017950500000000003
99.776	0.0	0.0	-0.002112
99.866	0.0	0.0	-0.0024823500000000004
99.967	0.0	0.0	-0.0028929000000000003
100.035	0.0	0.0	-0.0028576500000000006
100.112	0.0	0.0	-0.00281715
100.202	0.0	0.0	-0.0027699
100.303	0.0	0.0	-0.00271725
100.371	0.0	0.0	-0.0024379500000000004
100.448	0.0	0.0	-0.00211725
100.539	0.0	0.0	-0.0017419500000000001
100.64	0.0	0.0	-0.0013254750000000002
100.707	0.0	0.0	-0.000979365
100.785	0.0	0.0	-0.000582165
100.875	0.0	0.0	-0.00011706000000000001
100.976	0.0	0.0	0.0003999
101.043	0.0	0.0	0.0006418350000000001
101.121	0.0	0.0	0.0009202500000000001
101.212	0.0	0.0	0.001246665
101.313	0.0	0.0	0.0016094999999999998
101.381	0.0	0.0	0.0016650000000000002
101.458	0.0	0.0	0.0017287500000000003
101.549	0.0	0.0	0.0018033
101.65	0.0	0.0	0.0018861000000000001
101.717	0.0	0.0	0.0017715000000000003
101.794	0.0	0.0	0.00163965
101.885	0.0	0.0	0.00148482
101.986	0.0	0.0	0.0013125000000000003
102.053	0.0	0.0	0.0010918350000000002
102.131	0.0	0.0	0.0008375550000000001
102.222	0.0	0.0	0.0005391600000000001
102.323	0.0	0.0	0.00020742000000000002
102.39	0.0	0.0	-4.2507000000000005e-05
102.467	0.0	0.0	-0.00033028500000000004
102.558	0.0	0.0	-0.0006683400000000001
102.659	0.0	0.0	-0.0010447950000000003
102.726	0.0	0.0	-0.001230645
102.803	0.0	0.0	-0.00144522
102.895	0.0	0.0	-0.00169755
102.996	0.0	0.0	-0.00197865
103.063	0.0	0.0	-0.0019950000000000002
103.141	0.0	0.0	-0.0020139000000000003
103.232	0.0	0.0	-0.0020361000000000003
103.333	0.0	0.0	-0.0020607000000000004
103.4	0.0	0.0	-0.0018537000000000002
103.477	0.0	0.0	-0.0016146000000000003
103.568	0.0	0.0	-0.00133317
103.669	0.0	0.0	-0.00101925
103.736	0.0	0.0	-0.0006489300000000001
103.813	0.0	0.0	-0.0002208
103.904	0.0	0.0	0.00028327500000000004
104.006	0.0	0.0	0.000844725
104.073	0.0	0.0	0.0011994600000000003
104.15	0.0	0.0	0.0016093500000000003
104.241	0.0	0.0	0.00209235
104.342	0.0	0.0	0.0026311500000000005
104.409	0.0	0.0	0.0027649500000000004
104.486	0.0	0.0	0.00291975
104.577	0.0	0.0	0.0031026000000000005
104.679	0.0	0.0	0.0033064500000000003
104.746	0.0	0.0	0.0031069500000000007
104.823	0.0	0.0	0.0028761000000000004
104.914	0.0	0.0	0.0026041500000000004
105.016	0.0	0.0	0.002301
105.082	0.0	0.0	0.00183825
105.159	0.0	0.0	0.0013024200000000003
105.25	0.0	0.0	0.0006693150000000001
105.352	0.0	0.0	-3.80715e-05
105.419	0.0	0.0	-0.0005403750000000001
105.496	0.0	0.0	-0.0011230500000000002
105.587	0.0	0.0	-0.0018112500000000004
105.689	0.0	0.0	-0.0025794
105.755	0.0	0.0	-0.0028521
105.832	0.0	0.0	-0.00316845
105.923	0.0	0.0	-0.0035422500000000003
106.025	0.0	0.0	-0.003960300000000001
106.091	0.0	0.0	-0.003849000000000001
106.169	0.0	0.0	-0.0037198500000000002
106.26	0.0	0.0	-0.0035667000000000003
106.362	0.0	0.0	-0.0033957000000000006
106.429	0.0	0.0	-0.0029472000000000005
106.506	0.0	0.0	-0.0024267000000000004
106.597	0.0	0.0	-0.0018112500000000004
106.699	0.0	0.0	-0.001123875
106.765	0.0	0.0	-0.000572715
106.842	0.0	0.0	6.785250000000001e-05
106.933	0.0	0.0	0.000827115
107.035	0.0	0.0	0.001677
107.101	0.0	0.0	0.00205095
107.178	0.0	0.0	0.00248625
107.27	0.0	0.0	0.00300195
107.372	0.0	0.0	0.0035785500000000002
107.438	0.0	0.0	0.0035922000000000003
107.515	0.0	0.0	0.0036082500000000003
107.606	0.0	0.0	0.0036271500000000004
107.708	0.0	0.0	0.0036483
107.774	0.0	0.0	0.0033187500000000005
107.851	0.0	0.0	0.00293475
107.943	0.0	0.0	0.0024789
108.045	0.0	0.0	0.00196905
108.111	0.0	0.0	0.0014906550000000002
108.188	0.0	0.0	0.0009335400000000001
108.279	0.0	0.0	0.0002718
108.381	0.0	0.0	-0.000469785
108.447	0.0	0.0	-0.000846135
108.524	0.0	0.0	-0.001285665
108.615	0.0	0.0	-0.0018084000000000004
108.718	0.0	0.0	-0.0023941500000000003
108.784	0.0	0.0	-0.0024978
108.861	0.0	0.0	-0.0026185500000000003
108.953	0.0	0.0	-0.0027619500000000004
109.055	0.0	0.0	-0.0029226000000000005
109.121	0.0	0.0	-0.0027456000000000004
109.197	0.0	0.0	-0.00253875
109.289	0.0	0.0	-0.00229245
109.391	0.0	0.0	-0.00201615
109.457	0.0	0.0	-0.0016929000000000002
109.534	0.0	0.0	-0.00131484
109.625	0.0	0.0	-0.0008648100000000001
109.728	0.0	0.0	-0.00036040500000000006
109.794	0.0	0.0	-7.401450000000001e-05
109.87	0.0	0.0	0.00026068500000000003
109.961	0.0	0.0	0.0006595350000000002
110.064	0.0	0.0	0.0011073300000000001
110.13	0.0	0.0	0.001234005
110.206	0.0	0.0	0.0013824450000000002
110.298	0.0	0.0	0.0015595499999999998
110.401	0.0	0.0	0.0017584500000000004
110.467	0.0	0.0	0.0017068500000000002
110.544	0.0	0.0	0.00164655
110.635	0.0	0.0	0.0015745500000000003
110.738	0.0	0.0	0.00149397
110.803	0.0	0.0	0.0013280850000000001
110.88	0.0	0.0	0.0011337
110.971	0.0	0.0	0.0009015000000000002
111.074	0.0	0.0	0.0006404100000000001
111.139	0.0	0.0	0.000443385
111.216	0.0	0.0	0.00021216000000000003
111.308	0.0	0.0	-6.39825e-05
111.411	0.0	0.0	-0.00037407
111.476	0.0	0.0	-0.000530895
111.553	0.0	0.0	-0.0007147950000000001
111.644	0.0	0.0	-0.0009346650000000001
111.747	0.0	0.0	-0.0011819850000000002
111.812	0.0	0.0	-0.0012407400000000002
111.889	0.0	0.0	-0.001309845
111.981	0.0	0.0	-0.00139257
112.084	0.0	0.0	-0.0014856150000000002
112.149	0.0	0.0	-0.001406865
112.226	0.0	0.0	-0.001314405
112.318	0.0	0.0	-0.0012038700000000001
112.421	0.0	0.0	-0.0010796400000000002
112.486	0.0	0.0	-0.000879435
112.562	0.0	0.0	-0.0006440250000000001
112.654	0.0	0.0	-0.00036189
112.757	0.0	0.0	-4.4082e-05
112.822	0.0	0.0	0.00019216500000000003
112.899	0.0	0.0	0.00047037000000000007
112.991	0.0	0.0	0.00080367
113.094	0.0	0.0	0.00117861
113.159	0.0	0.0	0.00132474
113.235	0.0	0.0	0.0014967450000000003
113.327	0.0	0.0	0.0017031000000000004
113.43	0.0	0.0	0.00193575
113.495	0.0	0.0	0.0019011000000000002
113.572	0.0	0.0	0.0018604500000000003
113.664	0.0	0.0	0.0018115500000000003
113.767	0.0	0.0	0.0017564999999999998
113.832	0.0	0.0	0.0015451500000000003
113.908	0.0	0.0	0.0012959850000000001
114.0	0.0	0.0	0.0009967650000000002
114.103	0.0	0.0	0.0006593400000000001
114.168	0.0	0.0	0.00037485000000000003
114.244	0.0	0.0	3.867600000000001e-05
114.336	0.0	0.0	-0.00036555
114.44	0.0	0.0	-0.0008213999999999999
114.505	0.0	0.0	-0.0010308300000000002
114.581	0.0	0.0	-0.0012778950000000002
114.673	0.0	0.0	-0.0015745500000000003
114.777	0.0	0.0	-0.0019089000000000003
114.841	0.0	0.0	-0.0019339500000000003
114.918	0.0	0.0	-0.00196365
115.009	0.0	0.0	-0.0019993500000000004
115.113	0.0	0.0	-0.0020397
115.178	0.0	0.0	-0.0018736500000000001
115.254	0.0	0.0	-0.00167715
115.346	0.0	0.0	-0.0014407500000000002
115.45	0.0	0.0	-0.0011740650000000002
115.514	0.0	0.0	-0.0009102750000000001
115.591	0.0	0.0	-0.0005983350000000001
115.682	0.0	0.0	-0.00022246500000000003
115.786	0.0	0.0	0.00020215500000000003
115.85	0.0	0.0	0.00042825000000000003
115.927	0.0	0.0	0.0006963600000000001
116.019	0.0	0.0	0.0010198050000000001
116.123	0.0	0.0	0.001385205
116.188	0.0	0.0	0.00146838
116.264	0.0	0.0	0.0015669000000000002
116.356	0.0	0.0	0.0016854000000000003
116.46	0.0	0.0	0.0018193500000000004
116.524	0.0	0.0	0.0017337
116.6	0.0	0.0	0.0016321500000000002
116.692	0.0	0.0	0.0015093
116.796	0.0	0.0	0.001370535
116.86	0.0	0.0	0.0011695350000000002
116.937	0.0	0.0	0.00093084
117.029	0.0	0.0	0.00064263
117.133	0.0	0.0	0.00031698
117.197	0.0	0.0	9.854849999999999e-05
117.273	0.0	0.0	-0.00016068
117.365	0.0	0.0	-0.00047403000000000007
117.469	0.0	0.0	-0.0008286900000000001
117.533	0.0	0.0	-0.000969405
117.609	0.0	0.0	-0.0011368200000000002
117.702	0.0	0.0	-0.00133941
117.806	0.0	0.0	-0.0015687000000000001
117.87	0.0	0.0	-0.0015696
117.946	0.0	0.0	-0.0015706500000000003
118.039	0.0	0.0	-0.001572
118.143	0.0	0.0	-0.0015735000000000002
118.207	0.0	0.0	-0.0014280150000000001
118.283	0.0	0.0	-0.0012553650000000003
118.375	0.0	0.0	-0.0010469400000000001
118.479	0.0	0.0	-0.0008115750000000001
118.542	0.0	0.0	-0.000581655
118.612	0.0	0.0	-0.00030750000000000005
118.712	0.0	0.0	2.61195e-05
118.812	0.0	0.0	0.00040590000000000005
118.872	0.0	0.0	0.0006220950000000001
118.952	0.0	0.0	0.000881775
119.042	0.0	0.0	0.0011979450000000002
119.152	0.0	0.0	0.0015568500000000002
119.222	0.0	0.0	0.00164385
119.292	0.0	0.0	0.0017467500000000003
119.392	0.0	0.0	0.0018703500000000002
119.492	0.0	0.0	0.0020091
119.552	0.0	0.0	0.0019098000000000001
119.632	0.0	0.0	0.0017914500000000002
119.722	0.0	0.0	0.0016473000000000002
119.822	0.0	0.0	0.00148269
119.882	0.0	0.0	0.0012315000000000002
119.962	0.0	0.0	0.0009276000000000001
120.052	0.0	0.0	0.00055587
120.162	0.0	0.0	0.00013325100000000003
120.232	0.0	0.0	-0.000156585
120.302	0.0	0.0	-0.0004996200000000001
120.402	0.0	0.0	-0.0009119850000000001
120.502	0.0	0.0	-0.0013755000000000002
120.562	0.0	0.0	-0.0015379500000000002
120.642	0.0	0.0	-0.0017316000000000002
120.732	0.0	0.0	-0.0019683
120.832	0.0	0.0	-0.0022390500000000002
120.892	0.0	0.0	-0.0021991500000000004
120.972	0.0	0.0	-0.0021507
121.062	0.0	0.0	-0.0020913000000000004
121.172	0.0	0.0	-0.00202365
121.242	0.0	0.0	-0.0017862000000000002
121.312	0.0	0.0	-0.0015043499999999998
121.412	0.0	0.0	-0.0011650800000000002
121.512	0.0	0.0	-0.00078324
121.572	0.0	0.0	-0.00048787500000000003
121.652	0.0	0.0	-0.000134844
121.742	0.0	0.0	0.00029743500000000003
121.842	0.0	0.0	0.000792285
121.902	0.0	0.0	0.001010955
121.982	0.0	0.0	0.0012766950000000002
122.072	0.0	0.0	0.0016030500000000002
122.182	0.0	0.0	0.00197475
122.242	0.0	0.0	0.0020046000000000005
122.322	0.0	0.0	0.00204
122.422	0.0	0.0	0.0020829000000000004
122.522	0.0	0.0	0.0021310500000000002
122.582	0.0	0.0	0.001971
122.662	0.0	0.0	0.0017793000000000002
122.752	0.0	0.0	0.0015441000000000003
122.852	0.0	0.0	0.0012744600000000003
122.912	0.0	0.0	0.0010141500000000001
122.992	0.0	0.0	0.0006971250000000002
123.082	0.0	0.0	0.00030712500000000005
123.192	0.0	0.0	-0.000137679
123.252	0.0	0.0	-0.00036753
123.332	0.0	0.0	-0.0006412500000000001
123.422	0.0	0.0	-0.0009722250000000002
123.532	0.0	0.0	-0.00134547
123.592	0.0	0.0	-0.001425
123.672	0.0	0.0	-0.0015205499999999999
123.762	0.0	0.0	-0.0016378500000000002
123.862	0.0	0.0	-0.0017725500000000003
123.922	0.0	0.0	-0.0016914
124.002	0.0	0.0	-0.00159255
124.092	0.0	0.0	-0.001470525
124.202	0.0	0.0	-0.001331265
124.262	0.0	0.0	-0.0011407350000000001
124.342	0.0	0.0	-0.0009133650000000001
124.432	0.0	0.0	-0.000637905
124.542	0.0	0.0	-0.00032694000000000006
124.602	0.0	0.0	-0.000145329
124.672	0.0	0.0	7.319250000000001e-05
124.772	0.0	0.0	0.00034237500000000007
124.872	0.0	0.0	0.00065151
124.932	0.0	0.0	0.00075219
125.012	0.0	0.0	0.0008753400000000001
125.102	0.0	0.0	0.0010274250000000002
125.212	0.0	0.0	0.0012012600000000002
125.272	0.0	0.0	0.00118497
125.352	0.0	0.0	0.0011654850000000002
125.442	0.0	0.0	0.0011418300000000001
125.552	0.0	0.0	0.001115115
125.612	0.0	0.0	0.001011315
125.682	0.0	0.0	0.000886155
125.782	0.0	0.0	0.00073167
125.882	0.0	0.0	0.0005540550000000001
125.942	0.0	0.0	0.00041431499999999995
126.022	0.0	0.0	0.00024298500000000003
126.112	0.0	0.0	3.099e-05
126.222	0.0	0.0	-0.000211545
126.282	0.0	0.0	-0.00033339000000000003
126.362	0.0	0.0	-0.00047941500000000007
126.452	0.0	0.0	-0.000657
126.562	0.0	0.0	-0.0008579100000000001
126.622	0.0	0.0	-0.0009091950000000001
126.692	0.0	0.0	-0.0009711900000000001
126.792	0.0	0.0	-0.0010478400000000002
126.892	0.0	0.0	-0.00113607
126.952	0.0	0.0	-0.001092585
127.032	0.0	0.0	-0.00103914
127.122	0.0	0.0	-0.0009728850000000002
127.232	0.0	0.0	-0.0008970150000000001
127.292	0.0	0.0	-0.0007508549999999999
127.372	0.0	0.0	-0.0005753700000000001
127.462	0.0	0.0	-0.00036165000000000004
127.572	0.0	0.0	-0.00011968650000000001
127.632	0.0	0.0	6.813750000000001e-05
127.702	0.0	0.0	0.00029620500000000007
127.792	0.0	0.0	0.000579615
127.902	0.0	0.0	0.0009068100000000001
127.962	0.0	0.0	0.0010596450000000001
128.042	0.0	0.0	0.0012465600000000003
128.132	0.0	0.0	0.00147657
128.242	0.0	0.0	0.0017379000000000001
128.302	0.0	0.0	0.0017511000000000002
128.372	0.0	0.0	0.0017673000000000003
128.472	0.0	0.0	0.0017871000000000002
128.572	0.0	0.0	0.0018100500000000001
128.632	0.0	0.0	0.00163905
128.712	0.0	0.0	0.0014280450000000002
128.802	0.0	0.0	0.0011654550000000001
128.912	0.0	0.0	0.000864135
128.972	0.0	0.0	0.0005510700000000001
129.052	0.0	0.0	0.0001737
129.142	0.0	0.0	-0.00028759500000000003
129.252	0.0	0.0	-0.0008109450000000001
129.312	0.0	0.0	-0.00109617
129.382	0.0	0.0	-0.001443
129.472	0.0	0.0	-0.0018742500000000003
129.582	0.0	0.0	-0.0023719500000000003
129.642	0.0	0.0	-0.0024814500000000005
129.722	0.0	0.0	-0.0026169
129.812	0.0	0.0	-0.00278565
129.922	0.0	0.0	-0.0029793
129.982	0.0	0.0	-0.0028056000000000005
130.062	0.0	0.0	-0.0025957500000000004
130.152	0.0	0.0	-0.0023386500000000003
130.262	0.0	0.0	-0.0020467500000000004
130.322	0.0	0.0	-0.0016596000000000002
130.392	0.0	0.0	-0.00118788
130.482	0.0	0.0	-0.000600135
130.592	0.0	0.0	7.88775e-05
130.652	0.0	0.0	0.00051687
130.732	0.0	0.0	0.0010594950000000001
130.822	0.0	0.0	0.0017369999999999998
130.932	0.0	0.0	0.0025158000000000003
130.992	0.0	0.0	0.002772
131.072	0.0	0.0	0.0030820500000000002
131.162	0.0	0.0	0.0034625999999999997
131.272	0.0	0.0	0.0038952000000000006
131.332	0.0	0.0	0.0038052000000000008
131.402	0.0	0.0	0.0036952500000000006
131.492	0.0	0.0	0.0035581500000000004
131.602	0.0	0.0	0.00339945
131.662	0.0	0.0	0.0029867999999999995
131.742	0.0	0.0	0.00247425
131.832	0.0	0.0	0.0018331500000000004
131.942	0.0	0.0	0.0010954200000000002
132.002	0.0	0.0	0.000537555
132.082	0.0	0.0	-0.00013929450000000002
132.172	0.0	0.0	-0.0009714750000000001
132.282	0.0	0.0	-0.00191865
132.342	0.0	0.0	-0.0023029500000000002
132.412	0.0	0.0	-0.0027735
132.502	0.0	0.0	-0.0033621000000000002
132.612	0.0	0.0	-0.004043550000000001
132.672	0.0	0.0	-0.00408075
132.752	0.0	0.0	-0.004127250000000001
132.842	0.0	0.0	-0.0041853
132.952	0.0	0.0	-0.00425235
133.012	0.0	0.0	-0.0038953500000000005
133.092	0.0	0.0	-0.00346125
133.182	0.0	0.0	-0.0029265000000000003
133.292	0.0	0.0	-0.00231735
133.352	0.0	0.0	-0.0017787000000000002
133.422	0.0	0.0	-0.001117635
133.512	0.0	0.0	-0.00028908000000000004
133.622	0.0	0.0	0.0006711450000000002
133.682	0.0	0.0	0.0011450100000000001
133.762	0.0	0.0	0.0017361
133.852	0.0	0.0	0.00247845
133.962	0.0	0.0	0.0033345000000000002
134.022	0.0	0.0	0.0035026500000000004
134.102	0.0	0.0	0.0037075500000000004
134.192	0.0	0.0	0.00396045
134.302	0.0	0.0	0.00424875
134.362	0.0	0.0	0.00404115
134.432	0.0	0.0	0.0037857000000000003
134.522	0.0	0.0	0.0034648500000000002
134.632	0.0	0.0	0.0030927000000000003
134.692	0.0	0.0	0.0026364000000000005
134.772	0.0	0.0	0.0020659500000000004
134.862	0.0	0.0	0.00134796
134.972	0.0	0.0	0.000519285
135.032	0.0	0.0	4.3920000000000006e-05
135.112	0.0	0.0	-0.000536655
135.202	0.0	0.0	-0.0012546150000000002
135.312	0.0	0.0	-0.0020743500000000004
135.372	0.0	0.0	-0.0023082000000000003
135.442	0.0	0.0	-0.0025966500000000003
135.532	0.0	0.0	-0.0029595000000000003
135.642	0.0	0.0	-0.0033810000000000003
135.702	0.0	0.0	-0.00331005
135.782	0.0	0.0	-0.0032211
135.872	0.0	0.0	-0.0031090500000000004
135.982	0.0	0.0	-0.0029796000000000002
136.042	0.0	0.0	-0.0026595
136.122	0.0	0.0	-0.0022677
136.212	0.0	0.0	-0.0017823000000000001
136.322	0.0	0.0	-0.00122766
136.382	0.0	0.0	-0.0008708850000000001
136.452	0.0	0.0	-0.00042999
136.542	0.0	0.0	0.00012596850000000002
136.652	0.0	0.0	0.0007722900000000001
136.712	0.0	0.0	0.001009665
136.792	0.0	0.0	0.0013078500000000002
136.882	0.0	0.0	0.0016845000000000002
136.992	0.0	0.0	0.0021201
137.052	0.0	0.0	0.0021414000000000003
137.132	0.0	0.0	0.00216765
137.222	0.0	0.0	0.0022002000000000002
137.332	0.0	0.0	0.0022374
137.392	0.0	0.0	0.00207705
137.462	0.0	0.0	0.0018783000000000003
137.552	0.0	0.0	0.0016273500000000003
137.662	0.0	0.0	0.00133518
137.722	0.0	0.0	0.0011016300000000001
137.792	0.0	0.0	0.0008075550000000001
137.892	0.0	0.0	0.00043537500000000005
138.002	0.0	0.0	4.484100000000001e-06
138.062	0.0	0.0	-0.00018630000000000003
138.142	0.0	0.0	-0.00042087000000000005
138.232	0.0	0.0	-0.00071265
138.342	0.0	0.0	-0.0010467900000000001
138.402	0.0	0.0	-0.00110982
138.472	0.0	0.0	-0.0011881050000000003
138.562	0.0	0.0	-0.001287195
138.672	0.0	0.0	-0.0014026350000000002
138.732	0.0	0.0	-0.0013462800000000003
138.802	0.0	0.0	-0.00127515
138.902	0.0	0.0	-0.0011849550000000001
139.012	0.0	0.0	-0.0010804200000000001
139.072	0.0	0.0	-0.0009449100000000001
139.152	0.0	0.0	-0.00077793
139.242	0.0	0.0	-0.0005698200000000001
139.352	0.0	0.0	-0.00033126000000000005
139.412	0.0	0.0	-0.00019555500000000003
139.482	0.0	0.0	-2.6656499999999998e-05
139.572	0.0	0.0	0.00018760499999999998
139.682	0.0	0.0	0.00043744500000000006
139.742	0.0	0.0	0.0005254650000000001
139.812	0.0	0.0	0.0006367950000000001
139.912	0.0	0.0	0.0007782449999999999
140.022	0.0	0.0	0.0009423300000000001
140.082	0.0	0.0	0.00094695
140.162	0.0	0.0	0.0009526350000000001
140.252	0.0	0.0	0.0009597300000000002
140.362	0.0	0.0	0.0009678900000000001
140.422	0.0	0.0	0.0008942400000000001
140.492	0.0	0.0	0.0008023500000000001
140.582	0.0	0.0	0.0006855600000000001
140.692	0.0	0.0	0.0005492250000000001
140.752	0.0	0.0	0.00043254000000000003
140.822	0.0	0.0	0.000284595
140.922	0.0	0.0	9.624750000000001e-05
141.032	0.0	0.0	-0.0001224615
141.092	0.0	0.0	-0.000228315
141.172	0.0	0.0	-0.00035934
141.262	0.0	0.0	-0.00052326
141.372	0.0	0.0	-0.0007115700000000001
141.432	0.0	0.0	-0.0007510500000000001
141.502	0.0	0.0	-0.0008004300000000001
141.592	0.0	0.0	-0.00086331
141.702	0.0	0.0	-0.0009367950000000001
141.762	0.0	0.0	-0.000898365
141.832	0.0	0.0	-0.0008495250000000001
141.932	0.0	0.0	-0.000787215
142.042	0.0	0.0	-0.0007147950000000001
142.102	0.0	0.0	-0.0006128850000000001
142.182	0.0	0.0	-0.00048648
142.272	0.0	0.0	-0.0003281250000000001
142.382	0.0	0.0	-0.00014607900000000002
142.442	0.0	0.0	-3.53355e-05
142.512	0.0	0.0	0.00010386299999999999
142.602	0.0	0.0	0.000282
142.712	0.0	0.0	0.0004907850000000001
142.772	0.0	0.0	0.0005704050000000001
142.842	0.0	0.0	0.0006710850000000001
142.942	0.0	0.0	0.000798525
143.052	0.0	0.0	0.0009455100000000001
143.112	0.0	0.0	0.0009511350000000001
143.182	0.0	0.0	0.00095817
143.272	0.0	0.0	0.0009671400000000001
143.382	0.0	0.0	0.000977625
143.442	0.0	0.0	0.0008972100000000001
143.512	0.0	0.0	0.0007945200000000001
143.612	0.0	0.0	0.0006630600000000001
143.722	0.0	0.0	0.00050997
143.782	0.0	0.0	0.00036270000000000003
143.862	0.0	0.0	0.000179265
143.952	0.0	0.0	-5.138850000000001e-05
144.062	0.0	0.0	-0.00031708500000000004
144.122	0.0	0.0	-0.0004560450000000001
144.192	0.0	0.0	-0.0006309900000000001
144.282	0.0	0.0	-0.0008549850000000001
144.392	0.0	0.0	-0.0011174400000000001
144.452	0.0	0.0	-0.00118143
144.522	0.0	0.0	-0.001263285
144.622	0.0	0.0	-0.0013682250000000003
144.732	0.0	0.0	-0.0014905499999999998
144.792	0.0	0.0	-0.0014229750000000002
144.872	0.0	0.0	-0.0013386300000000002
144.962	0.0	0.0	-0.0012323700000000002
145.072	0.0	0.0	-0.001109835
145.132	0.0	0.0	-0.0009326850000000002
145.202	0.0	0.0	-0.0007091700000000001
145.292	0.0	0.0	-0.00042237000000000004
145.402	0.0	0.0	-8.6004e-05
145.462	0.0	0.0	0.00013044
145.532	0.0	0.0	0.00040800000000000005
145.632	0.0	0.0	0.0007645200000000001
145.742	0.0	0.0	0.0011804400000000003
145.802	0.0	0.0	0.0013235100000000002
145.882	0.0	0.0	0.00150255
145.972	0.0	0.0	0.0017284499999999999
146.082	0.0	0.0	0.0019893000000000003
146.142	0.0	0.0	0.0019662
146.212	0.0	0.0	0.0019371000000000002
146.302	0.0	0.0	0.0018996
146.412	0.0	0.0	0.0018555000000000004
146.472	0.0	0.0	0.0016641
146.542	0.0	0.0	0.0014180100000000001
146.642	0.0	0.0	0.0011013300000000002
146.752	0.0	0.0	0.0007315200000000002
146.812	0.0	0.0	0.00044797500000000003
146.892	0.0	0.0	9.23865e-05
146.982	0.0	0.0	-0.00035737500000000005
147.092	0.0	0.0	-0.000877035
147.152	0.0	0.0	-0.001091145
147.222	0.0	0.0	-0.0013626750000000003
147.312	0.0	0.0	-0.0017124000000000002
147.422	0.0	0.0	-0.00212355
147.482	0.0	0.0	-0.0021696000000000003
147.552	0.0	0.0	-0.002229
147.652	0.0	0.0	-0.0023056500000000002
147.762	0.0	0.0	-0.0023950500000000006
147.822	0.0	0.0	-0.0022294500000000004
147.892	0.0	0.0	-0.0020214
147.992	0.0	0.0	-0.00175755
148.102	0.0	0.0	-0.0014525100000000002
148.162	0.0	0.0	-0.0011686650000000002
148.232	0.0	0.0	-0.00080784
148.322	0.0	0.0	-0.0003420900000000001
148.432	0.0	0.0	0.00020583000000000003
148.492	0.0	0.0	0.00048232500000000003
148.562	0.0	0.0	0.0008395200000000001
148.662	0.0	0.0	0.00130101
148.772	0.0	0.0	0.0018409500000000003
148.832	0.0	0.0	0.00196905
148.902	0.0	0.0	0.0021303000000000003
149.002	0.0	0.0	0.0023352
149.112	0.0	0.0	0.0025722
149.172	0.0	0.0	0.0024840000000000005
149.242	0.0	0.0	0.0023715000000000003
149.332	0.0	0.0	0.00222615
149.442	0.0	0.0	0.0020548500000000004
149.502	0.0	0.0	0.0017959500000000002
149.572	0.0	0.0	0.0014608800000000001
149.672	0.0	0.0	0.0010270650000000002
149.782	0.0	0.0	0.0005189700000000001
149.842	0.0	0.0	0.00020832000000000004
149.912	0.0	0.0	-0.00018402000000000002
150.012	0.0	0.0	-0.00068316
150.122	0.0	0.0	-0.001261605
150.182	0.0	0.0	-0.001451145
150.252	0.0	0.0	-0.0016933500000000002
150.342	0.0	0.0	-0.00200715
150.452	0.0	0.0	-0.0023770500000000003
150.512	0.0	0.0	-0.0023721000000000003
150.582	0.0	0.0	-0.0023656500000000004
150.682	0.0	0.0	-0.0023574000000000004
150.792	0.0	0.0	-0.0023475
150.852	0.0	0.0	-0.0021417000000000003
150.922	0.0	0.0	-0.0018811500000000003
151.022	0.0	0.0	-0.0015489000000000002
151.132	0.0	0.0	-0.0011635800000000002
151.192	0.0	0.0	-0.00087981
151.262	0.0	0.0	-0.000516315
151.352	0.0	0.0	-4.4311500000000004e-05
151.462	0.0	0.0	0.0005126250000000001
151.522	0.0	0.0	0.0007508100000000001
151.592	0.0	0.0	0.0010608150000000001
151.692	0.0	0.0	0.0014636700000000002
151.802	0.0	0.0	0.0019363500000000003
151.862	0.0	0.0	0.0020112000000000003
151.932	0.0	0.0	0.00210615
152.032	0.0	0.0	0.0022273500000000003
152.142	0.0	0.0	0.0023682
152.202	0.0	0.0	0.0022491000000000004
152.272	0.0	0.0	0.0020962500000000005
152.362	0.0	0.0	0.0018975
152.472	0.0	0.0	0.0016626000000000002
152.532	0.0	0.0	0.0014134500000000001
152.602	0.0	0.0	0.00108846
152.702	0.0	0.0	0.0006652800000000001
152.812	0.0	0.0	0.00016822500000000004
152.872	0.0	0.0	-9.30495e-05
152.942	0.0	0.0	-0.00042540000000000004
153.042	0.0	0.0	-0.0008506800000000001
153.152	0.0	0.0	-0.0013449900000000001
153.212	0.0	0.0	-0.0014757150000000003
153.282	0.0	0.0	-0.0016440000000000003
153.372	0.0	0.0	-0.00186345
153.482	0.0	0.0	-0.0021228
153.542	0.0	0.0	-0.0020800500000000004
153.612	0.0	0.0	-0.0020241
153.712	0.0	0.0	-0.0019510500000000002
153.822	0.0	0.0	-0.0018652500000000002
153.882	0.0	0.0	-0.0016681500000000002
153.952	0.0	0.0	-0.00141663
154.052	0.0	0.0	-0.0010942200000000001
154.162	0.0	0.0	-0.0007191000000000001
154.222	0.0	0.0	-0.00048790500000000007
154.292	0.0	0.0	-0.00018949499999999997
154.382	0.0	0.0	0.00020034000000000002
154.492	0.0	0.0	0.0006616800000000001
154.552	0.0	0.0	0.0008275650000000002
154.622	0.0	0.0	0.0010450650000000002
154.722	0.0	0.0	0.0013293900000000002
154.832	0.0	0.0	0.0016639500000000002
154.892	0.0	0.0	0.00168555
154.962	0.0	0.0	0.00171315
155.062	0.0	0.0	0.0017485500000000002
155.172	0.0	0.0	0.0017898000000000002
155.232	0.0	0.0	0.0016708499999999998
155.302	0.0	0.0	0.0015171
155.392	0.0	0.0	0.001315725
155.502	0.0	0.0	0.00107721
155.562	0.0	0.0	0.00088419
155.632	0.0	0.0	0.0006304650000000001
155.732	0.0	0.0	0.00029815500000000003
155.842	0.0	0.0	-9.331050000000002e-05
155.902	0.0	0.0	-0.00026694
155.972	0.0	0.0	-0.0004893
156.072	0.0	0.0	-0.0007753500000000001
156.182	0.0	0.0	-0.00110874
156.232	0.0	0.0	-0.0011725500000000003
156.312	0.0	0.0	-0.001255575
156.402	0.0	0.0	-0.0013647750000000001
156.512	0.0	0.0	-0.001494525
156.572	0.0	0.0	-0.001437795
156.642	0.0	0.0	-0.0013636350000000002
156.742	0.0	0.0	-0.0012672450000000002
156.852	0.0	0.0	-0.0011545650000000002
156.912	0.0	0.0	-0.0010174350000000001
156.982	0.0	0.0	-0.0008400300000000001
157.072	0.0	0.0	-0.0006076350000000001
157.182	0.0	0.0	-0.000332115
157.242	0.0	0.0	-0.00018333
157.312	0.0	0.0	1.32438e-05
157.412	0.0	0.0	0.00027165
157.522	0.0	0.0	0.0005765850000000001
157.582	0.0	0.0	0.0006688500000000001
157.652	0.0	0.0	0.0007875600000000001
157.752	0.0	0.0	0.0009408300000000001
157.862	0.0	0.0	0.0011198100000000002
157.912	0.0	0.0	0.0011146950000000002
157.992	0.0	0.0	0.001108035
158.082	0.0	0.0	0.001099275
158.192	0.0	0.0	0.001088865
158.252	0.0	0.0	0.00100182
158.322	0.0	0.0	0.00088659
158.422	0.0	0.0	0.0007349100000000001
158.532	0.0	0.0	0.0005557650000000001
158.592	0.0	0.0	0.00042906
158.662	0.0	0.0	0.00026565000000000003
158.762	0.0	0.0	5.424900000000001e-05
158.872	0.0	0.0	-0.00019284
158.922	0.0	0.0	-0.000288675
159.002	0.0	0.0	-0.00041385000000000006
159.092	0.0	0.0	-0.0005789400000000001
159.202	0.0	0.0	-0.0007752
159.262	0.0	0.0	-0.00080598
159.332	0.0	0.0	-0.0008468099999999999
159.432	0.0	0.0	-0.0009006900000000002
159.542	0.0	0.0	-0.000964365
159.602	0.0	0.0	-0.0009163050000000001
159.672	0.0	0.0	-0.000854175
159.772	0.0	0.0	-0.000773625
159.882	0.0	0.0	-0.0006794100000000001
159.932	0.0	0.0	-0.0005856450000000001
160.002	0.0	0.0	-0.00046282500000000004
160.102	0.0	0.0	-0.00030054
160.212	0.0	0.0	-0.0001074165
160.272	0.0	0.0	-1.0703100000000003e-05
160.342	0.0	0.0	0.00011797350000000001
160.442	0.0	0.0	0.000288045
160.552	0.0	0.0	0.00048927
160.612	0.0	0.0	0.000542835
160.682	0.0	0.0	0.000612255
160.782	0.0	0.0	0.00070242
160.892	0.0	0.0	0.0008080050000000001
160.942	0.0	0.0	0.000793845
161.012	0.0	0.0	0.0007752600000000001
161.112	0.0	0.0	0.00075063
161.222	0.0	0.0	0.000721305
161.272	0.0	0.0	0.0006532950000000001
161.352	0.0	0.0	0.000562545
161.452	0.0	0.0	0.00044239500000000005
161.562	0.0	0.0	0.00030009000000000004
161.622	0.0	0.0	0.00021226500000000003
161.692	0.0	0.0	9.814049999999999e-05
161.792	0.0	0.0	-5.0365500000000004e-05
161.902	0.0	0.0	-0.00022444500000000004
161.952	0.0	0.0	-0.00028212
162.022	0.0	0.0	-0.00035805000000000006
162.122	0.0	0.0	-0.00045880500000000006
162.232	0.0	0.0	-0.0005789100000000001
162.282	0.0	0.0	-0.000587295
162.362	0.0	0.0	-0.000598515
162.452	0.0	0.0	-0.0006133800000000001
162.572	0.0	0.0	-0.00063102
162.632	0.0	0.0	-0.0005891550000000001
162.702	0.0	0.0	-0.00053463
162.802	0.0	0.0	-0.00046353000000000003
162.912	0.0	0.0	-0.00038011500000000004
162.962	0.0	0.0	-0.00031761000000000007
163.032	0.0	0.0	-0.000235095
163.132	0.0	0.0	-0.000125388
163.242	0.0	0.0	5.535600000000001e-06
163.292	0.0	0.0	6.16995e-05
163.372	0.0	0.0	0.0001370175
163.462	0.0	0.0	0.00023713500000000003
163.582	0.0	0.0	0.00035595000000000006
163.642	0.0	0.0	0.00038271
163.712	0.0	0.0	0.000417645
163.812	0.0	0.0	0.00046329
163.922	0.0	0.0	0.000516885
163.972	0.0	0.0	0.0005046450000000001
164.042	0.0	0.0	0.0004884300000000001
164.142	0.0	0.0	0.00046681500000000004
164.252	0.0	0.0	0.00044101500000000006
164.302	0.0	0.0	0.0003945
164.382	0.0	0.0	0.00033195
164.472	0.0	0.0	0.00024864
164.592	0.0	0.0	0.0001496985
164.652	0.0	0.0	8.224200000000002e-05
164.722	0.0	0.0	-6.063150000000001e-06
164.822	0.0	0.0	-0.00012165
164.932	0.0	0.0	-0.00025753500000000003
164.982	0.0	0.0	-0.00031281000000000006
165.052	0.0	0.0	-0.00038619000000000007
165.152	0.0	0.0	-0.00048412500000000007
165.262	0.0	0.0	-0.00060123
165.312	0.0	0.0	-0.000617565
165.392	0.0	0.0	-0.000639585
165.482	0.0	0.0	-0.0006689550000000002
165.602	0.0	0.0	-0.00070389
165.662	0.0	0.0	-0.0006592200000000001
165.732	0.0	0.0	-0.0006006150000000001
165.832	0.0	0.0	-0.0005237400000000001
165.942	0.0	0.0	-0.000433275
165.992	0.0	0.0	-0.00034374000000000004
166.062	0.0	0.0	-0.00022456500000000003
166.162	0.0	0.0	-6.517650000000001e-05
166.272	0.0	0.0	0.000125589
166.322	0.0	0.0	0.00022437000000000002
166.402	0.0	0.0	0.000357915
166.492	0.0	0.0	0.000536475
166.612	0.0	0.0	0.0007489500000000001
166.672	0.0	0.0	0.0008021249999999999
166.742	0.0	0.0	0.0008721
166.842	0.0	0.0	0.0009640500000000001
166.952	0.0	0.0	0.0010723500000000001
167.002	0.0	0.0	0.001040925
167.072	0.0	0.0	0.0009989550000000002
167.172	0.0	0.0	0.0009427350000000001
167.282	0.0	0.0	0.0008753700000000001
167.332	0.0	0.0	0.0007650000000000001
167.412	0.0	0.0	0.0006154200000000001
167.502	0.0	0.0	0.00041500500000000003
167.622	0.0	0.0	0.00017631000000000002
167.682	0.0	0.0	3.3127500000000004e-05
167.752	0.0	0.0	-0.00015573
167.852	0.0	0.0	-0.00040439999999999996
167.962	0.0	0.0	-0.0006975600000000001
168.012	0.0	0.0	-0.0007893900000000001
168.082	0.0	0.0	-0.0009122700000000001
168.182	0.0	0.0	-0.0010773
168.292	0.0	0.0	-0.001275195
168.342	0.0	0.0	-0.001271505
168.422	0.0	0.0	-0.0012664950000000003
168.512	0.0	0.0	-0.0012597600000000002
168.632	0.0	0.0	-0.0012517350000000001
168.692	0.0	0.0	-0.0011423100000000001
168.762	0.0	0.0	-0.0009975750000000001
168.862	0.0	0.0	-0.0008066550000000001
168.972	0.0	0.0	-0.0005813550000000001
169.022	0.0	0.0	-0.00043000500000000007
169.092	0.0	0.0	-0.00022689000000000002
169.192	0.0	0.0	4.64025e-05
169.302	0.0	0.0	0.00037443000000000003
169.352	0.0	0.0	0.000499455
169.432	0.0	0.0	0.0006698550000000001
169.522	0.0	0.0	0.0008990250000000001
169.642	0.0	0.0	0.001172475
169.702	0.0	0.0	0.0012048150000000001
169.772	0.0	0.0	0.0012476850000000001
169.872	0.0	0.0	0.00130434
169.982	0.0	0.0	0.0013712700000000002
170.032	0.0	0.0	0.001297755
170.102	0.0	0.0	0.0011988300000000001
170.202	0.0	0.0	0.001065465
170.312	0.0	0.0	0.0009052350000000001
170.362	0.0	0.0	0.0007670250000000001
170.442	0.0	0.0	0.0005781750000000001
170.532	0.0	0.0	0.00032367
170.652	0.0	0.0	1.9708500000000003e-05
170.712	0.0	0.0	-0.00011357850000000001
170.782	0.0	0.0	-0.00029067000000000003
170.882	0.0	0.0	-0.00052509
170.992	0.0	0.0	-0.0008021850000000001
171.042	0.0	0.0	-0.000856005
171.112	0.0	0.0	-0.0009288450000000002
171.212	0.0	0.0	-0.0010275450000000002
171.322	0.0	0.0	-0.0011464500000000002
171.372	0.0	0.0	-0.00110994
171.452	0.0	0.0	-0.0010603350000000001
171.542	0.0	0.0	-0.0009940200000000002
171.662	0.0	0.0	-0.0009153900000000001
171.712	0.0	0.0	-0.0008196000000000001
171.782	0.0	0.0	-0.00069072
171.882	0.0	0.0	-0.00051681
171.992	0.0	0.0	-0.00030774000000000003
172.042	0.0	0.0	-0.00020781
172.122	0.0	0.0	-7.05135e-05
172.212	0.0	0.0	0.0001151925
172.332	0.0	0.0	0.00033735000000000004
172.382	0.0	0.0	0.00039216000000000007
172.462	0.0	0.0	0.000465315
172.552	0.0	0.0	0.00056253
172.672	0.0	0.0	0.0006776400000000001
172.722	0.0	0.0	0.0006676500000000001
172.792	0.0	0.0	0.0006541050000000001
172.892	0.0	0.0	0.0006357450000000001
173.002	0.0	0.0	0.000613635
173.052	0.0	0.0	0.0005635050000000001
173.122	0.0	0.0	0.00049452
173.222	0.0	0.0	0.000401055
173.342	0.0	0.0	0.00028915500000000003
173.392	0.0	0.0	0.00023575500000000004
173.472	0.0	0.0	0.00016426500000000003
173.562	0.0	0.0	6.909300000000001e-05
173.682	0.0	0.0	-4.371000000000001e-05
173.732	0.0	0.0	-6.596400000000001e-05
173.802	0.0	0.0	-9.621750000000001e-05
173.902	0.0	0.0	-0.00013731450000000001
174.012	0.0	0.0	-0.000186855
174.062	0.0	0.0	-0.000179055
174.132	0.0	0.0	-0.00016828500000000003
174.232	0.0	0.0	-0.00015366000000000002
174.352	0.0	0.0	-0.0001361385
174.402	0.0	0.0	-0.00011978700000000001
174.482	0.0	0.0	-9.783750000000001e-05
174.572	0.0	0.0	-6.856200000000001e-05
174.692	0.0	0.0	-3.3829500000000005e-05
174.742	0.0	0.0	-3.19425e-05
174.812	0.0	0.0	-2.9370000000000005e-05
174.912	0.0	0.0	-2.5869e-05
175.022	0.0	0.0	-2.1645000000000004e-05
175.072	0.0	0.0	-1.5183e-06
175.142	0.0	0.0	2.6340000000000002e-05
175.242	0.0	0.0	6.42285e-05
175.362	0.0	0.0	0.00010967100000000001
175.412	0.0	0.0	0.0001397655
175.492	0.0	0.0	0.00018027
175.582	0.0	0.0	0.00023439000000000004
175.702	0.0	0.0	0.00029866500000000004
175.752	0.0	0.0	0.00031044000000000004
175.822	0.0	0.0	0.00032652
175.922	0.0	0.0	0.00034846500000000006
176.032	0.0	0.0	0.00037495500000000006
176.082	0.0	0.0	0.000351285
176.152	0.0	0.0	0.00031842000000000003
176.252	0.0	0.0	0.00027364500000000004
176.372	0.0	0.0	0.000219885
176.422	0.0	0.0	0.000164055
176.502	0.0	0.0	8.872800000000001e-05
176.592	0.0	0.0	-1.214205e-05
176.712	0.0	0.0	-0.00013204350000000002
176.762	0.0	0.0	-0.00018624
176.832	0.0	0.0	-0.000260535
176.932	0.0	0.0	-0.00036208500000000005
177.042	0.0	0.0	-0.000484845
177.092	0.0	0.0	-0.0005079450000000001
177.162	0.0	0.0	-0.000540105
177.262	0.0	0.0	-0.00058401
177.382	0.0	0.0	-0.0006367650000000001
177.432	0.0	0.0	-0.0006086850000000001
177.512	0.0	0.0	-0.00057069
177.602	0.0	0.0	-0.0005197050000000001
177.722	0.0	0.0	-0.00045906000000000007
177.772	0.0	0.0	-0.00039520500000000004
177.842	0.0	0.0	-0.00030741000000000004
177.932	0.0	0.0	-0.00018717
178.052	0.0	0.0	-4.1697000000000004e-05
178.102	0.0	0.0	2.7777000000000002e-05
178.172	0.0	0.0	0.00012476100000000003
178.272	0.0	0.0	0.00025743
178.392	0.0	0.0	0.00041699999999999994
178.442	0.0	0.0	0.000454905
178.522	0.0	0.0	0.0005063400000000001
178.612	0.0	0.0	0.0005754900000000001
178.732	0.0	0.0	0.0006578250000000001
178.782	0.0	0.0	0.00064386
178.852	0.0	0.0	0.0006246150000000001
178.942	0.0	0.0	0.000598185
179.062	0.0	0.0	0.00056619
179.112	0.0	0.0	0.000512115
179.182	0.0	0.0	0.000436395
179.282	0.0	0.0	0.00033261
179.402	0.0	0.0	0.00020769000000000004
179.452	0.0	0.0	0.00014253600000000002
179.532	0.0	0.0	5.390850000000001e-05
179.622	0.0	0.0	-6.546000000000001e-05
179.742	0.0	0.0	-0.00020775
179.792	0.0	0.0	-0.000244965
179.862	0.0	0.0	-0.00029646
179.952	0.0	0.0	-0.00036724500000000004
180.072	0.0	0.0	-0.00045306000000000003
180.122	0.0	0.0	-0.0004517700000000001
180.192	0.0	0.0	-0.00044997000000000006
180.292	0.0	0.0	-0.000447495
180.412	0.0	0.0	-0.00044452500000000003
180.462	0.0	0.0	-0.000410985
180.542	0.0	0.0	-0.00036523500000000005
180.632	0.0	0.0	-0.00030351000000000005
180.752	0.0	0.0	-0.00022986000000000003
180.802	0.0	0.0	-0.00019179
180.872	0.0	0.0	-0.00013899150000000002
180.962	0.0	0.0	-6.6246e-05
181.082	0.0	0.0	2.20185e-05
181.132	0.0	0.0	4.598850000000001e-05
181.202	0.0	0.0	7.97355e-05
181.302	0.0	0.0	0.00012617550000000003
181.422	0.0	0.0	0.00018217500000000002
181.472	0.0	0.0	0.00018550500000000003
181.552	0.0	0.0	0.00019008000000000002
181.642	0.0	0.0	0.00019624500000000003
181.762	0.0	0.0	0.00020361000000000004
181.812	0.0	0.0	0.000194895
181.882	0.0	0.0	0.00018276000000000002
181.972	0.0	0.0	0.00016602
182.092	0.0	0.0	0.00014569350000000002
182.142	0.0	0.0	0.00013043100000000003
182.212	0.0	0.0	0.00010887900000000001
182.312	0.0	0.0	7.916400000000002e-05
182.432	0.0	0.0	4.3297500000000003e-05
182.482	0.0	0.0	1.7319e-05
182.552	0.0	0.0	-1.83105e-05
182.652	0.0	0.0	-6.658050000000001e-05
182.772	0.0	0.0	-0.00012427650000000002
182.822	0.0	0.0	-0.000151815
182.892	0.0	0.0	-0.00019023
182.982	0.0	0.0	-0.00024337500000000002
183.102	0.0	0.0	-0.000307965
183.152	0.0	0.0	-0.00031936500000000006
183.222	0.0	0.0	-0.00033549000000000003
183.322	0.0	0.0	-0.00035778000000000003
183.442	0.0	0.0	-0.00038469000000000003
183.492	0.0	0.0	-0.00036166500000000006
183.562	0.0	0.0	-0.0003299850000000001
183.662	0.0	0.0	-0.00028698000000000005
183.782	0.0	0.0	-0.00023553000000000002
183.832	0.0	0.0	-0.00018360000000000002
183.902	0.0	0.0	-0.0001109115
183.992	0.0	0.0	-1.0155900000000002e-05
184.112	0.0	0.0	0.0001124295
184.162	0.0	0.0	0.00017202000000000002
184.232	0.0	0.0	0.00025666500000000005
184.332	0.0	0.0	0.00037384500000000004
184.452	0.0	0.0	0.0005155050000000001
184.502	0.0	0.0	0.000547185
184.572	0.0	0.0	0.0005908650000000001
184.672	0.0	0.0	0.0006502650000000001
184.792	0.0	0.0	0.00072141
184.842	0.0	0.0	0.000699135
184.912	0.0	0.0	0.0006678750000000001
185.002	0.0	0.0	0.00062445
185.122	0.0	0.0	0.0005715750000000001
185.172	0.0	0.0	0.0004982700000000001
185.242	0.0	0.0	0.00039385500000000003
185.342	0.0	0.0	0.00024904500000000004
185.462	0.0	0.0	7.379700000000001e-05
185.512	0.0	0.0	-2.0481000000000003e-05
185.582	0.0	0.0	-0.000150795
185.682	0.0	0.0	-0.00032830500000000004
185.802	0.0	0.0	-0.0005409900000000001
185.852	0.0	0.0	-0.0005995500000000001
185.922	0.0	0.0	-0.0006822600000000001
186.012	0.0	0.0	-0.0007977
186.132	0.0	0.0	-0.0009386700000000001
186.182	0.0	0.0	-0.00093249
186.252	0.0	0.0	-0.0009237600000000001
186.352	0.0	0.0	-0.0009117300000000001
186.472	0.0	0.0	-0.000897285
186.522	0.0	0.0	-0.0008236350000000001
186.592	0.0	0.0	-0.0007202700000000001
186.682	0.0	0.0	-0.0005766
186.802	0.0	0.0	-0.00040152000000000005
186.852	0.0	0.0	-0.00029184
186.922	0.0	0.0	-0.00013471050000000002
187.022	0.0	0.0	8.402850000000001e-05
187.142	0.0	0.0	0.000349185
187.192	0.0	0.0	0.00044265000000000005
187.262	0.0	0.0	0.0005725350000000001
187.362	0.0	0.0	0.0007500899999999999
187.482	0.0	0.0	0.0009632250000000001
187.532	0.0	0.0	0.0009858000000000002
187.602	0.0	0.0	0.001017735
187.692	0.0	0.0	0.0010623300000000002
187.812	0.0	0.0	0.001116765
187.862	0.0	0.0	0.0010590150000000002
187.932	0.0	0.0	0.0009760950000000002
188.032	0.0	0.0	0.0008604750000000001
188.152	0.0	0.0	0.0007202400000000001
188.202	0.0	0.0	0.0006033900000000001
188.272	0.0	0.0	0.00044058000000000004
188.372	0.0	0.0	0.00021754500000000003
188.492	0.0	0.0	-5.0427000000000004e-05
188.542	0.0	0.0	-0.00015885
188.612	0.0	0.0	-0.00031272
188.702	0.0	0.0	-0.00052806
188.822	0.0	0.0	-0.000791145
188.872	0.0	0.0	-0.0008458800000000001
188.942	0.0	0.0	-0.0009246900000000001
189.042	0.0	0.0	-0.0010348050000000002
189.162	0.0	0.0	-0.0011684850000000001
189.212	0.0	0.0	-0.00113772
189.282	0.0	0.0	-0.001094715
189.382	0.0	0.0	-0.001035705
189.502	0.0	0.0	-0.0009647250000000002
189.552	0.0	0.0	-0.0008685600000000001
189.622	0.0	0.0	-0.0007316550000000001
189.712	0.0	0.0	-0.000539685
189.832	0.0	0.0	-0.00030492000000000003
189.882	0.0	0.0	-0.000185985
189.952	0.0	0.0	-1.416615e-05
190.052	0.0	0.0	0.000226305
190.172	0.0	0.0	0.00051855
190.222	0.0	0.0	0.00060312
190.292	0.0	0.0	0.000721635
190.392	0.0	0.0	0.000884625
190.512	0.0	0.0	0.001080795
190.562	0.0	0.0	0.001085355
190.632	0.0	0.0	0.0010918350000000002
190.722	0.0	0.0	0.001100955
190.842	0.0	0.0	0.0011121150000000001
190.892	0.0	0.0	0.001038915
190.962	0.0	0.0	0.0009328500000000002
191.062	0.0	0.0	0.0007841100000000001
191.182	0.0	0.0	0.00060318
191.232	0.0	0.0	0.00048303000000000007
191.302	0.0	0.0	0.000314145
191.402	0.0	0.0	8.145e-05
191.522	0.0	0.0	-0.000198885
191.572	0.0	0.0	-0.00029724000000000005
191.642	0.0	0.0	-0.00043810500000000005
191.732	0.0	0.0	-0.0006364500000000001
191.852	0.0	0.0	-0.000879435
191.902	0.0	0.0	-0.0009171450000000001
191.972	0.0	0.0	-0.0009719700000000001
192.072	0.0	0.0	-0.001048995
192.192	0.0	0.0	-0.0011427750000000002
192.242	0.0	0.0	-0.0010975050000000001
192.312	0.0	0.0	-0.001033695
192.412	0.0	0.0	-0.0009456000000000002
192.532	0.0	0.0	-0.000839385
192.582	0.0	0.0	-0.0007400700000000001
192.652	0.0	0.0	-0.000597375
192.742	0.0	0.0	-0.00039606000000000005
192.862	0.0	0.0	-0.00014921550000000002
192.912	0.0	0.0	-3.92625e-05
192.982	0.0	0.0	0.00012101550000000001
193.082	0.0	0.0	0.00034668000000000004
193.202	0.0	0.0	0.0006216150000000001
193.252	0.0	0.0	0.0006890100000000001
193.322	0.0	0.0	0.0007842750000000001
193.422	0.0	0.0	0.000916065
193.542	0.0	0.0	0.0010751250000000001
193.592	0.0	0.0	0.001064625
193.662	0.0	0.0	0.001049475
193.752	0.0	0.0	0.0010280850000000002
193.872	0.0	0.0	0.0010018050000000001
193.922	0.0	0.0	0.00092241
193.992	0.0	0.0	0.00080631
194.092	0.0	0.0	0.000642525
194.212	0.0	0.0	0.00044280000000000003
194.262	0.0	0.0	0.000329535
194.332	0.0	0.0	0.00016896
194.432	0.0	0.0	-5.359350000000001e-05
194.552	0.0	0.0	-0.000322425
194.602	0.0	0.0	-0.0004047000000000001
194.672	0.0	0.0	-0.0005236500000000001
194.762	0.0	0.0	-0.0006921300000000001
194.882	0.0	0.0	-0.0008991000000000001
194.932	0.0	0.0	-0.000919065
195.002	0.0	0.0	-0.0009483450000000002
195.102	0.0	0.0	-0.00098973
195.222	0.0	0.0	-0.001040235
195.272	0.0	0.0	-0.00098529
195.342	0.0	0.0	-0.0009071400000000001
195.442	0.0	0.0	-0.0007986149999999999
195.562	0.0	0.0	-0.00066741
195.612	0.0	0.0	-0.0005730150000000001
195.672	0.0	0.0	-0.00043609500000000006
195.772	0.0	0.0	-0.00024175500000000002
195.892	0.0	0.0	-2.8308000000000005e-06
195.942	0.0	0.0	8.948550000000001e-05
196.012	0.0	0.0	0.00022531500000000002
196.112	0.0	0.0	0.00041767500000000006
196.232	0.0	0.0	0.0006526500000000001
196.282	0.0	0.0	0.0006979200000000001
196.352	0.0	0.0	0.0007624800000000001
196.452	0.0	0.0	0.0008523000000000001
196.572	0.0	0.0	0.0009610050000000001
196.622	0.0	0.0	0.0009379200000000001
196.682	0.0	0.0	0.0009043500000000002
196.782	0.0	0.0	0.0008566050000000001
196.902	0.0	0.0	0.000797835
196.952	0.0	0.0	0.000722355
197.022	0.0	0.0	0.0006109350000000001
197.122	0.0	0.0	0.00045283500000000006
197.242	0.0	0.0	0.000259545
197.292	0.0	0.0	0.000167265
197.362	0.0	0.0	3.5290500000000004e-05
197.462	0.0	0.0	-0.00014871750000000001
197.582	0.0	0.0	-0.00037158000000000004
197.632	0.0	0.0	-0.000428205
197.692	0.0	0.0	-0.0005108550000000001
197.792	0.0	0.0	-0.0006286650000000001
197.912	0.0	0.0	-0.0007737449999999999
197.962	0.0	0.0	-0.00077601
198.032	0.0	0.0	-0.0007793700000000001
198.132	0.0	0.0	-0.00078414
198.252	0.0	0.0	-0.0007899900000000002
198.302	0.0	0.0	-0.0007369499999999999
198.372	0.0	0.0	-0.0006608700000000001
198.472	0.0	0.0	-0.0005545950000000001
198.592	0.0	0.0	-0.00042574500000000005
198.642	0.0	0.0	-0.00035274000000000004
198.702	0.0	0.0	-0.00024585000000000004
198.802	0.0	0.0	-9.316950000000001e-05
198.922	0.0	0.0	9.502800000000001e-05
198.972	0.0	0.0	0.00015610500000000002
199.042	0.0	0.0	0.00024681000000000003
199.142	0.0	0.0	0.00037602
199.262	0.0	0.0	0.000534285
199.312	0.0	0.0	0.0005546700000000001
199.382	0.0	0.0	0.000583995
199.482	0.0	0.0	0.0006250500000000001
199.602	0.0	0.0	0.000674865
199.652	0.0	0.0	0.0006488850000000001
199.712	0.0	0.0	0.0006107100000000001
199.812	0.0	0.0	0.000556095
199.932	0.0	0.0	0.0004887
199.982	0.0	0.0	0.00043398000000000004
200.052	0.0	0.0	0.00035245500000000005
200.152	0.0	0.0	0.00023608500000000003
200.272	0.0	0.0	9.3435e-05
200.322	0.0	0.0	3.7122e-05
200.392	0.0	0.0	-4.41e-05
200.492	0.0	0.0	-0.000157965
200.612	0.0	0.0	-0.00029619
200.662	0.0	0.0	-0.000323115
200.722	0.0	0.0	-0.000362955
200.822	0.0	0.0	-0.00042024
200.942	0.0	0.0	-0.0004911000000000001
200.992	0.0	0.0	-0.00048346500000000003
201.062	0.0	0.0	-0.000472185
201.162	0.0	0.0	-0.0004562100000000001
201.282	0.0	0.0	-0.00043676999999999995
201.332	0.0	0.0	-0.000403095
201.392	0.0	0.0	-0.00035364
201.492	0.0	0.0	-0.000282795
201.612	0.0	0.0	-0.000195345
201.662	0.0	0.0	-0.00015459000000000002
201.732	0.0	0.0	-9.350250000000001e-05
201.832	0.0	0.0	-5.967900000000001e-06
201.952	0.0	0.0	0.00010149900000000001
202.002	0.0	0.0	0.00013025700000000002
202.072	0.0	0.0	0.000171975
202.172	0.0	0.0	0.00023067
202.292	0.0	0.0	0.00030204
202.342	0.0	0.0	0.00030597
202.402	0.0	0.0	0.00031179
202.502	0.0	0.0	0.000320175
202.622	0.0	0.0	0.000330525
202.672	0.0	0.0	0.00031359000000000004
202.742	0.0	0.0	0.000288135
202.842	0.0	0.0	0.00025161000000000004
202.962	0.0	0.0	0.000206745
203.012	0.0	0.0	0.00017833500000000003
203.082	0.0	0.0	0.000137013
203.182	0.0	0.0	7.8747e-05
203.302	0.0	0.0	7.8273e-06
203.352	0.0	0.0	-1.59975e-05
203.412	0.0	0.0	-5.142150000000001e-05
203.512	0.0	0.0	-0.00010249650000000001
203.632	0.0	0.0	-0.00016570500000000004
203.682	0.0	0.0	-0.00017803500000000003
203.752	0.0	0.0	-0.00019662
203.852	0.0	0.0	-0.00022333500000000002
203.972	0.0	0.0	-0.00025618500000000003
204.022	0.0	0.0	-0.00025195500000000005
204.092	0.0	0.0	-0.000245775
204.192	0.0	0.0	-0.00023706000000000004
204.312	0.0	0.0	-0.00022644
204.362	0.0	0.0	-0.00020785500000000004
204.422	0.0	0.0	-0.00018015000000000001
204.522	0.0	0.0	-0.0001401135
204.642	0.0	0.0	-9.0519e-05
204.692	0.0	0.0	-6.3039e-05
204.762	0.0	0.0	-2.1474e-05
204.862	0.0	0.0	3.8406000000000005e-05
204.982	0.0	0.0	0.00011209800000000001
205.032	0.0	0.0	0.00013733100000000003
205.102	0.0	0.0	0.00017427
205.202	0.0	0.0	0.00022656000000000003
205.322	0.0	0.0	0.00029031
205.362	0.0	0.0	0.00029800500000000006
205.432	0.0	0.0	0.00030954
205.532	0.0	0.0	0.00032622000000000006
205.652	0.0	0.0	0.000346905
205.702	0.0	0.0	0.00033067500000000006
205.772	0.0	0.0	0.00030603000000000005
205.872	0.0	0.0	0.00027045000000000004
205.992	0.0	0.0	0.00022663500000000004
206.042	0.0	0.0	0.00018855000000000003
206.112	0.0	0.0	0.000132618
206.212	0.0	0.0	5.3298000000000004e-05
206.332	0.0	0.0	-4.3501500000000004e-05
206.372	0.0	0.0	-8.274750000000001e-05
206.442	0.0	0.0	-0.0001416885
206.542	0.0	0.0	-0.00022719000000000003
206.662	0.0	0.0	-0.00033328500000000006
206.712	0.0	0.0	-0.00035571
206.782	0.0	0.0	-0.00038985000000000007
206.882	0.0	0.0	-0.00043921500000000007
207.002	0.0	0.0	-0.00050007
207.052	0.0	0.0	-0.000488865
207.122	0.0	0.0	-0.0004723650000000001
207.222	0.0	0.0	-0.00044890500000000004
207.342	0.0	0.0	-0.0004202550000000001
207.382	0.0	0.0	-0.000379095
207.452	0.0	0.0	-0.00031707
207.552	0.0	0.0	-0.00022692000000000003
207.672	0.0	0.0	-0.00011495400000000001
207.722	0.0	0.0	-6.006300000000001e-05
207.792	0.0	0.0	2.379e-05
207.892	0.0	0.0	0.00014530800000000003
208.012	0.0	0.0	0.00029523000000000006
208.062	0.0	0.0	0.00033646500000000004
208.132	0.0	0.0	0.00039741000000000006
208.232	0.0	0.0	0.000484155
208.352	0.0	0.0	0.0005902200000000001
208.392	0.0	0.0	0.000592275
208.462	0.0	0.0	0.0005953800000000001
208.562	0.0	0.0	0.00059991
208.682	0.0	0.0	0.0006055350000000001
208.732	0.0	0.0	0.00056649
208.792	0.0	0.0	0.0005066250000000001
208.902	0.0	0.0	0.00041970000000000006
209.022	0.0	0.0	0.00031237500000000004
209.072	0.0	0.0	0.00024717
209.142	0.0	0.0	0.000150525
209.242	0.0	0.0	1.263195e-05
209.362	0.0	0.0	-0.000156075
209.402	0.0	0.0	-0.00020901000000000003
209.472	0.0	0.0	-0.000289305
209.572	0.0	0.0	-0.00040650000000000007
209.692	0.0	0.0	-0.000552315
209.742	0.0	0.0	-0.0005706750000000001
209.802	0.0	0.0	-0.0005989200000000001
209.912	0.0	0.0	-0.000640005
210.032	0.0	0.0	-0.0006907800000000001
210.082	0.0	0.0	-0.0006619500000000001
210.152	0.0	0.0	-0.00061908
210.252	0.0	0.0	-0.00055782
210.372	0.0	0.0	-0.0004827900000000001
210.412	0.0	0.0	-0.00042534000000000007
210.482	0.0	0.0	-0.00033787500000000007
210.582	0.0	0.0	-0.000209955
210.702	0.0	0.0	-5.06715e-05
210.742	0.0	0.0	9.63885e-06
210.812	0.0	0.0	0.00010270200000000001
210.922	0.0	0.0	0.000238365
211.042	0.0	0.0	0.0004061700000000001
211.092	0.0	0.0	0.0004392600000000001
211.162	0.0	0.0	0.000488625
211.262	0.0	0.0	0.0005593200000000001
211.382	0.0	0.0	0.0006459600000000001
211.422	0.0	0.0	0.0006351750000000001
211.492	0.0	0.0	0.0006187050000000001
211.592	0.0	0.0	0.00059457
211.712	0.0	0.0	0.000564495
211.752	0.0	0.0	0.0005188050000000001
211.822	0.0	0.0	0.000448065
211.922	0.0	0.0	0.00034474500000000003
212.052	0.0	0.0	0.00021682499999999997
212.102	0.0	0.0	0.00015823500000000003
212.172	0.0	0.0	7.05585e-05
212.272	0.0	0.0	-5.527200000000001e-05
212.392	0.0	0.0	-0.000209625
212.432	0.0	0.0	-0.000247035
212.502	0.0	0.0	-0.000304395
212.602	0.0	0.0	-0.00038862
212.722	0.0	0.0	-0.00049368
212.762	0.0	0.0	-0.000497955
212.832	0.0	0.0	-0.000504585
212.932	0.0	0.0	-0.00051429
213.062	0.0	0.0	-0.00052632
213.112	0.0	0.0	-0.0004961400000000001
213.182	0.0	0.0	-0.000450825
213.282	0.0	0.0	-0.00038565
213.402	0.0	0.0	-0.00030564000000000003
213.442	0.0	0.0	-0.00026205
213.512	0.0	0.0	-0.00019498500000000003
213.612	0.0	0.0	-9.62925e-05
213.732	0.0	0.0	2.6905500000000002e-05
213.772	0.0	0.0	6.516300000000001e-05
213.842	0.0	0.0	0.00012480300000000002
213.942	0.0	0.0	0.00021226500000000003
214.072	0.0	0.0	0.000320715
214.122	0.0	0.0	0.00033630000000000004
214.192	0.0	0.0	0.000359775
214.292	0.0	0.0	0.0003936
214.412	0.0	0.0	0.00043516500000000005
214.452	0.0	0.0	0.000422745
214.522	0.0	0.0	0.000403575
214.622	0.0	0.0	0.000375315
214.742	0.0	0.0	0.00033999000000000003
214.782	0.0	0.0	0.0003078150000000001
214.852	0.0	0.0	0.00025749000000000003
214.952	0.0	0.0	0.00018354000000000002
215.082	0.0	0.0	9.176249999999999e-05
215.132	0.0	0.0	5.400150000000001e-05
215.202	0.0	0.0	-3.02745e-06
215.302	0.0	0.0	-8.5314e-05
215.422	0.0	0.0	-0.00018648
215.462	0.0	0.0	-0.00020916
215.532	0.0	0.0	-0.00024441
215.632	0.0	0.0	-0.00029667
215.752	0.0	0.0	-0.00036213
215.792	0.0	0.0	-0.000362625
215.862	0.0	0.0	-0.00036339
215.972	0.0	0.0	-0.00036451500000000004
216.092	0.0	0.0	-0.00036591
216.132	0.0	0.0	-0.000343935
216.202	0.0	0.0	-0.00031002000000000004
216.302	0.0	0.0	-0.00025995000000000006
216.422	0.0	0.0	-0.00019737000000000002
216.462	0.0	0.0	-0.00016282500000000001
216.532	0.0	0.0	-0.00010841100000000002
216.632	0.0	0.0	-2.8161000000000004e-05
216.762	0.0	0.0	7.157700000000001e-05
216.812	0.0	0.0	0.000103059
216.882	0.0	0.0	0.0001509
216.982	0.0	0.0	0.00022018500000000002
217.102	0.0	0.0	0.0003055050000000001
217.142	0.0	0.0	0.000316005
217.212	0.0	0.0	0.00033238500000000004
217.312	0.0	0.0	0.000356655
217.432	0.0	0.0	0.00038704500000000003
217.472	0.0	0.0	0.00037334999999999994
217.542	0.0	0.0	0.00035173500000000005
217.642	0.0	0.0	0.0003198000000000001
217.772	0.0	0.0	0.00028009500000000006
217.822	0.0	0.0	0.00024756
217.882	0.0	0.0	0.00019795499999999998
217.992	0.0	0.0	0.00012596700000000002
218.112	0.0	0.0	3.7237500000000004e-05
218.152	0.0	0.0	5.935350000000001e-06
218.222	0.0	0.0	-4.302450000000001e-05
218.322	0.0	0.0	-0.00011576850000000001
218.442	0.0	0.0	-0.00020692500000000003
218.482	0.0	0.0	-0.00022411500000000005
218.552	0.0	0.0	-0.00025135500000000004
218.652	0.0	0.0	-0.00029166
218.782	0.0	0.0	-0.000341835
218.832	0.0	0.0	-0.00033621000000000004
218.892	0.0	0.0	-0.000327615
219.002	0.0	0.0	-0.00031512
219.122	0.0	0.0	-0.00029971500000000004
219.162	0.0	0.0	-0.00027735000000000005
219.232	0.0	0.0	-0.00024223500000000004
219.332	0.0	0.0	-0.00018994500000000004
219.452	0.0	0.0	-0.00012438150000000002
219.492	0.0	0.0	-9.70125e-05
219.562	0.0	0.0	-5.349300000000001e-05
219.662	0.0	0.0	1.10481e-05
219.792	0.0	0.0	9.145050000000001e-05
219.842	0.0	0.0	0.0001107255
219.902	0.0	0.0	0.0001403115
220.012	0.0	0.0	0.00018342
220.132	0.0	0.0	0.00023662500000000002
220.172	0.0	0.0	0.00023916000000000003
220.242	0.0	0.0	0.00024315000000000003
220.342	0.0	0.0	0.000249105
220.462	0.0	0.0	0.000256575
220.502	0.0	0.0	0.00024456000000000006
220.572	0.0	0.0	0.00022537500000000004
220.672	0.0	0.0	0.00019685999999999998
220.802	0.0	0.0	0.00016131
220.842	0.0	0.0	0.00013893300000000002
220.912	0.0	0.0	0.0001044675
221.022	0.0	0.0	5.4154500000000005e-05
221.142	0.0	0.0	-8.014650000000001e-06
221.182	0.0	0.0	-3.0862500000000005e-05
221.252	0.0	0.0	-6.6993e-05
221.352	0.0	0.0	-0.00012100500000000001
221.472	0.0	0.0	-0.00018886499999999997
221.512	0.0	0.0	-0.000205155
221.582	0.0	0.0	-0.00023124000000000002
221.682	0.0	0.0	-0.00027010500000000003
221.812	0.0	0.0	-0.00031857
221.852	0.0	0.0	-0.00031699500000000004
221.922	0.0	0.0	-0.000314535
222.022	0.0	0.0	-0.00031095000000000005
222.152	0.0	0.0	-0.00030651
222.192	0.0	0.0	-0.000282645
222.262	0.0	0.0	-0.00024475500000000004
222.362	0.0	0.0	-0.00018801
222.482	0.0	0.0	-0.00011665800000000002
222.522	0.0	0.0	-7.5417e-05
222.592	0.0	0.0	-9.12915e-06
222.692	0.0	0.0	8.976600000000001e-05
222.822	0.0	0.0	0.00021327
222.862	0.0	0.0	0.00025341000000000003
222.932	0.0	0.0	0.00031566000000000005
223.032	0.0	0.0	0.00040689000000000003
223.162	0.0	0.0	0.00051981
223.202	0.0	0.0	0.00053133
223.272	0.0	0.0	0.0005496750000000001
223.372	0.0	0.0	0.0005772
223.492	0.0	0.0	0.00061185
223.532	0.0	0.0	0.000582795
223.602	0.0	0.0	0.000535935
223.702	0.0	0.0	0.00046587000000000006
223.832	0.0	0.0	0.00037830000000000003
223.872	0.0	0.0	0.00031258500000000004
223.942	0.0	0.0	0.00021035999999999998
224.042	0.0	0.0	6.022050000000001e-05
224.172	0.0	0.0	-0.00012575550000000003
224.212	0.0	0.0	-0.00019119
224.282	0.0	0.0	-0.00029581500000000005
224.382	0.0	0.0	-0.0004531950000000001
224.502	0.0	0.0	-0.0006513900000000001
224.542	0.0	0.0	-0.0006860400000000002
224.612	0.0	0.0	-0.0007421550000000001
224.712	0.0	0.0	-0.0008262
224.842	0.0	0.0	-0.0009313050000000001
224.882	0.0	0.0	-0.0009073200000000001
224.952	0.0	0.0	-0.0008698800000000001
225.052	0.0	0.0	-0.000814785
225.182	0.0	0.0	-0.0007464749999999999
225.222	0.0	0.0	-0.000673065
225.292	0.0	0.0	-0.00055524
225.392	0.0	0.0	-0.000377655
225.512	0.0	0.0	-0.00015379500000000003
225.552	0.0	0.0	-5.9652000000000004e-05
225.622	0.0	0.0	9.334799999999999e-05
225.722	0.0	0.0	0.00032298000000000006
225.852	0.0	0.0	0.000610425
225.892	0.0	0.0	0.0006779700000000001
225.962	0.0	0.0	0.0007837800000000001
226.062	0.0	0.0	0.0009397950000000002
226.192	0.0	0.0	0.00113337
226.232	0.0	0.0	0.001131735
226.302	0.0	0.0	0.00112911
226.402	0.0	0.0	0.00112515
226.522	0.0	0.0	0.0011201400000000002
226.562	0.0	0.0	0.00104772
226.632	0.0	0.0	0.0009296100000000002
226.732	0.0	0.0	0.00075198
226.862	0.0	0.0	0.00052944
226.902	0.0	0.0	0.00041321999999999995
226.972	0.0	0.0	0.00023053500000000003
227.072	0.0	0.0	-3.936000000000001e-05
227.202	0.0	0.0	-0.00037452000000000004
227.242	0.0	0.0	-0.00046594500000000005
227.312	0.0	0.0	-0.0006138150000000001
227.402	0.0	0.0	-0.0008376
227.532	0.0	0.0	-0.001120155
227.572	0.0	0.0	-0.0011486850000000002
227.642	0.0	0.0	-0.00119541
227.742	0.0	0.0	-0.00126582
227.872	0.0	0.0	-0.001354095
227.912	0.0	0.0	-0.00129702
227.982	0.0	0.0	-0.0012069900000000002
228.082	0.0	0.0	-0.0010737150000000003
228.212	0.0	0.0	-0.0009081000000000001
228.252	0.0	0.0	-0.00079995
228.322	0.0	0.0	-0.0006243750000000001
228.412	0.0	0.0	-0.00035809500000000006
228.542	0.0	0.0	-2.1627e-05
228.582	0.0	0.0	9.18285e-05
228.652	0.0	0.0	0.00027828
228.752	0.0	0.0	0.00055977
228.882	0.0	0.0	0.00091299
228.922	0.0	0.0	0.0009749700000000001
228.992	0.0	0.0	0.0010729950000000002
229.092	0.0	0.0	0.00121833
229.222	0.0	0.0	0.0013990500000000002
229.262	0.0	0.0	0.001375575
229.322	0.0	0.0	0.0013371600000000002
229.422	0.0	0.0	0.0012785850000000003
229.552	0.0	0.0	0.0012044100000000002
229.592	0.0	0.0	0.0011071800000000001
229.662	0.0	0.0	0.0009488700000000001
229.762	0.0	0.0	0.0007117950000000001
229.892	0.0	0.0	0.000416295
229.932	0.0	0.0	0.000299205
230.002	0.0	0.0	0.00010913549999999999
230.092	0.0	0.0	-0.00017937000000000004
230.222	0.0	0.0	-0.00054414
230.262	0.0	0.0	-0.00062916
230.332	0.0	0.0	-0.000769905
230.432	0.0	0.0	-0.000983205
230.562	0.0	0.0	-0.0012512400000000003
230.602	0.0	0.0	-0.0012611550000000001
230.672	0.0	0.0	-0.001276935
230.772	0.0	0.0	-0.001300425
230.902	0.0	0.0	-0.0013296750000000002
230.942	0.0	0.0	-0.0012630750000000002
231.002	0.0	0.0	-0.0011538450000000001
231.102	0.0	0.0	-0.0009872400000000001
231.232	0.0	0.0	-0.000776295
231.272	0.0	0.0	-0.000664875
231.342	0.0	0.0	-0.00047994
231.442	0.0	0.0	-0.00019923000000000003
231.572	0.0	0.0	0.00015376500000000004
231.612	0.0	0.0	0.00025855500000000005
231.682	0.0	0.0	0.000426015
231.782	0.0	0.0	0.000675735
231.912	0.0	0.0	0.000987
231.952	0.0	0.0	0.00102639
232.012	0.0	0.0	0.0010912650000000001
232.112	0.0	0.0	0.0011904
232.242	0.0	0.0	0.0013160250000000002
232.282	0.0	0.0	0.0012796950000000002
232.352	0.0	0.0	0.001219155
232.452	0.0	0.0	0.00112707
232.582	0.0	0.0	0.001011195
232.622	0.0	0.0	0.0009119100000000002
232.692	0.0	0.0	0.0007526550000000001
232.792	0.0	0.0	0.0005147250000000001
232.922	0.0	0.0	0.00021790500000000004
232.962	0.0	0.0	0.000115464
233.022	0.0	0.0	-5.38845e-05
233.122	0.0	0.0	-0.00031321500000000004
233.252	0.0	0.0	-0.0006421350000000001
233.292	0.0	0.0	-0.0007079250000000001
233.362	0.0	0.0	-0.00081798
233.462	0.0	0.0	-0.0009856950000000002
233.592	0.0	0.0	-0.0011969250000000002
233.632	0.0	0.0	-0.00119169
233.702	0.0	0.0	-0.0011832600000000002
233.802	0.0	0.0	-0.00117066
233.932	0.0	0.0	-0.0011549250000000002
233.972	0.0	0.0	-0.00108558
234.032	0.0	0.0	-0.0009704850000000001
234.132	0.0	0.0	-0.00079389
234.262	0.0	0.0	-0.0005697300000000001
234.302	0.0	0.0	-0.00046722000000000007
234.372	0.0	0.0	-0.000295095
234.472	0.0	0.0	-3.2265000000000004e-05
234.602	0.0	0.0	0.000299025
234.642	0.0	0.0	0.00038757000000000006
234.712	0.0	0.0	0.0005306400000000001
234.812	0.0	0.0	0.00074523
234.942	0.0	0.0	0.0010133850000000001
234.982	0.0	0.0	0.0010385400000000001
235.042	0.0	0.0	0.00108048
235.142	0.0	0.0	0.0011449650000000002
235.272	0.0	0.0	0.0012268950000000002
235.312	0.0	0.0	0.0011824950000000002
235.382	0.0	0.0	0.0011076600000000001
235.482	0.0	0.0	0.0009931500000000002
235.612	0.0	0.0	0.0008487
235.652	0.0	0.0	0.0007501650000000001
235.722	0.0	0.0	0.00059037
235.822	0.0	0.0	0.000350205
235.952	0.0	0.0	4.9866e-05
235.992	0.0	0.0	-4.467450000000001e-05
236.052	0.0	0.0	-0.00020284500000000003
236.152	0.0	0.0	-0.0004465650000000001
236.282	0.0	0.0	-0.00075642
236.322	0.0	0.0	-0.0008103900000000001
236.392	0.0	0.0	-0.0009017250000000001
236.492	0.0	0.0	-0.0010417500000000001
236.622	0.0	0.0	-0.0012185400000000002
236.662	0.0	0.0	-0.001201365
236.732	0.0	0.0	-0.00117342
236.832	0.0	0.0	-0.0011313300000000003
236.962	0.0	0.0	-0.00107865
237.002	0.0	0.0	-0.0010024500000000002
237.062	0.0	0.0	-0.0008744550000000001
237.162	0.0	0.0	-0.00067683
237.292	0.0	0.0	-0.00042537
237.332	0.0	0.0	-0.00032244000000000006
237.402	0.0	0.0	-0.00014755650000000003
237.502	0.0	0.0	0.00012109500000000002
237.632	0.0	0.0	0.00046051500000000005
237.672	0.0	0.0	0.000541965
237.742	0.0	0.0	0.0006750450000000001
237.842	0.0	0.0	0.0008758349999999999
237.972	0.0	0.0	0.0011273400000000001
238.012	0.0	0.0	0.001141095
238.072	0.0	0.0	0.001164315
238.172	0.0	0.0	0.001200225
238.302	0.0	0.0	0.0012459600000000002
238.342	0.0	0.0	0.0011894400000000002
238.412	0.0	0.0	0.00109299
238.512	0.0	0.0	0.0009445650000000001
238.642	0.0	0.0	0.00075687
238.682	0.0	0.0	0.0006508950000000001
238.752	0.0	0.0	0.0004771050000000001
238.852	0.0	0.0	0.000214365
238.982	0.0	0.0	-0.000115017
239.022	0.0	0.0	-0.00020770499999999998
239.082	0.0	0.0	-0.0003646650000000001
239.182	0.0	0.0	-0.0006080550000000001
239.312	0.0	0.0	-0.00091821
239.352	0.0	0.0	-0.0009617250000000001
239.422	0.0	0.0	-0.001036245
239.522	0.0	0.0	-0.00115116
239.652	0.0	0.0	-0.0012966000000000002
239.692	0.0	0.0	-0.001264455
239.762	0.0	0.0	-0.0012115650000000002
239.862	0.0	0.0	-0.0011314200000000002
239.992	0.0	0.0	-0.001030875
240.032	0.0	0.0	-0.0009445950000000001
240.092	0.0	0.0	-0.000797865
240.192	0.0	0.0	-0.00056988
240.322	0.0	0.0	-0.00027910500000000003
240.362	0.0	0.0	-0.000175605
240.432	0.0	0.0	2.4141000000000003e-06
240.532	0.0	0.0	0.00027751500000000004
240.662	0.0	0.0	0.00062589
240.702	0.0	0.0	0.0006967350000000001
240.772	0.0	0.0	0.0008137950000000001
240.872	0.0	0.0	0.0009915000000000002
241.002	0.0	0.0	0.0012146100000000003
241.042	0.0	0.0	0.0012135600000000002
241.102	0.0	0.0	0.0012117750000000002
241.202	0.0	0.0	0.001208985
241.332	0.0	0.0	0.0012054300000000002
241.372	0.0	0.0	0.00113775
241.442	0.0	0.0	0.0010208700000000001
241.542	0.0	0.0	0.0008398800000000001
241.672	0.0	0.0	0.0006105
241.712	0.0	0.0	0.000504705
241.782	0.0	0.0	0.00032923500000000004
241.882	0.0	0.0	6.233700000000001e-05
242.012	0.0	0.0	-0.000273045
242.052	0.0	0.0	-0.000353775
242.112	0.0	0.0	-0.0004922100000000001
242.212	0.0	0.0	-0.0007081950000000001
242.342	0.0	0.0	-0.0009840900000000002
242.382	0.0	0.0	-0.0010103400000000002
242.452	0.0	0.0	-0.00105585
242.552	0.0	0.0	-0.00112647
242.682	0.0	0.0	-0.0012160200000000002
242.722	0.0	0.0	-0.001171815
242.792	0.0	0.0	-0.0010981950000000002
242.892	0.0	0.0	-0.0009859950000000001
243.022	0.0	0.0	-0.0008449050000000001
243.062	0.0	0.0	-0.00076092
243.122	0.0	0.0	-0.000616305
243.222	0.0	0.0	-0.00039021
243.352	0.0	0.0	-0.000101169
243.392	0.0	0.0	-1.371645e-05
243.452	0.0	0.0	0.000138534
243.562	0.0	0.0	0.00037524000000000005
243.692	0.0	0.0	0.0006756900000000001
243.732	0.0	0.0	0.00072453
243.802	0.0	0.0	0.000806085
243.902	0.0	0.0	0.0009305550000000001
244.032	0.0	0.0	0.001087185
244.072	0.0	0.0	0.001073235
244.132	0.0	0.0	0.0010489650000000002
244.232	0.0	0.0	0.0010108500000000002
244.362	0.0	0.0	0.0009619950000000001
244.402	0.0	0.0	0.0008956650000000001
244.472	0.0	0.0	0.00078138
244.572	0.0	0.0	0.0006051600000000001
244.702	0.0	0.0	0.00038292
244.742	0.0	0.0	0.00030235500000000003
244.802	0.0	0.0	0.00016362
244.902	0.0	0.0	-5.344650000000001e-05
245.032	0.0	0.0	-0.00033114000000000006
245.072	0.0	0.0	-0.00039126000000000005
245.132	0.0	0.0	-0.0004967700000000001
245.242	0.0	0.0	-0.0006614250000000001
245.372	0.0	0.0	-0.0008707200000000002
245.412	0.0	0.0	-0.0008819700000000001
245.482	0.0	0.0	-0.0009009150000000002
245.582	0.0	0.0	-0.0009299400000000002
245.712	0.0	0.0	-0.0009665100000000001
245.752	0.0	0.0	-0.0009265650000000001
245.812	0.0	0.0	-0.00085698
245.912	0.0	0.0	-0.0007476000000000002
246.042	0.0	0.0	-0.00060747
246.082	0.0	0.0	-0.00053547
246.142	0.0	0.0	-0.00040870500000000004
246.252	0.0	0.0	-0.000210585
246.382	0.0	0.0	4.140150000000001e-05
246.422	0.0	0.0	0.00011403300000000001
246.492	0.0	0.0	0.0002367
246.592	0.0	0.0	0.0004250100000000001
246.722	0.0	0.0	0.0006625200000000001
246.762	0.0	0.0	0.0006952500000000001
246.822	0.0	0.0	0.0007525049999999999
246.922	0.0	0.0	0.0008427000000000002
247.052	0.0	0.0	0.000958335
247.092	0.0	0.0	0.0009409350000000002
247.152	0.0	0.0	0.0009101700000000001
247.262	0.0	0.0	0.0008619750000000001
247.392	0.0	0.0	0.0008006250000000001
247.432	0.0	0.0	0.0007351949999999999
247.502	0.0	0.0	0.0006242400000000001
247.602	0.0	0.0	0.00045357000000000004
247.732	0.0	0.0	0.00023815500000000004
247.772	0.0	0.0	0.00016224000000000002
247.832	0.0	0.0	2.8896000000000003e-05
247.932	0.0	0.0	-0.00018162
248.062	0.0	0.0	-0.00045172500000000004
248.102	0.0	0.0	-0.0005091900000000001
248.162	0.0	0.0	-0.0006112050000000001
248.272	0.0	0.0	-0.0007713150000000001
248.402	0.0	0.0	-0.0009752700000000001
248.442	0.0	0.0	-0.0009823800000000001
248.512	0.0	0.0	-0.0009945000000000002
248.612	0.0	0.0	-0.001013175
248.742	0.0	0.0	-0.00103677
248.782	0.0	0.0	-0.0009880050000000001
248.842	0.0	0.0	-0.000901935
248.942	0.0	0.0	-0.0007658100000000001
249.072	0.0	0.0	-0.000591
249.112	0.0	0.0	-0.0005043000000000001
249.172	0.0	0.0	-0.00034971000000000004
249.282	0.0	0.0	-0.00010664250000000001
249.412	0.0	0.0	0.00020323500000000002
249.452	0.0	0.0	0.000290115
249.522	0.0	0.0	0.000438585
249.622	0.0	0.0	0.0006679050000000001
249.752	0.0	0.0	0.0009578100000000001
249.792	0.0	0.0	0.0009928200000000002
249.852	0.0	0.0	0.0010548750000000003
249.952	0.0	0.0	0.0011532450000000002
250.082	0.0	0.0	0.0012796500000000002
250.122	0.0	0.0	0.001247415
250.182	0.0	0.0	0.00118971
250.292	0.0	0.0	0.001098765
250.422	0.0	0.0	0.000982755
250.462	0.0	0.0	0.0008878200000000001
250.532	0.0	0.0	0.0007249050000000001
250.632	0.0	0.0	0.00047277000000000007
250.762	0.0	0.0	0.00015379500000000003
250.802	0.0	0.0	5.144250000000001e-05
250.862	0.0	0.0	-0.0001307535
250.962	0.0	0.0	-0.00042018000000000003
251.092	0.0	0.0	-0.00079239
251.132	0.0	0.0	-0.0008610900000000001
251.192	0.0	0.0	-0.000984615
251.302	0.0	0.0	-0.0011796450000000002
251.432	0.0	0.0	-0.0014286600000000002
251.472	0.0	0.0	-0.0014222100000000001
251.542	0.0	0.0	-0.0014110950000000002
251.642	0.0	0.0	-0.0013938600000000002
251.772	0.0	0.0	-0.001372035
251.812	0.0	0.0	-0.0012930300000000001
251.872	0.0	0.0	-0.001151745
251.972	0.0	0.0	-0.0009268350000000001
252.102	0.0	0.0	-0.00063738
252.142	0.0	0.0	-0.0005172600000000001
252.202	0.0	0.0	-0.0003003
252.312	0.0	0.0	4.291350000000001e-05
252.442	0.0	0.0	0.0004814550000000001
252.482	0.0	0.0	0.0005870700000000001
252.552	0.0	0.0	0.000769785
252.652	0.0	0.0	0.001053675
252.782	0.0	0.0	0.0014134050000000002
252.822	0.0	0.0	0.00144135
252.882	0.0	0.0	0.001491555
252.982	0.0	0.0	0.0015717000000000003
253.112	0.0	0.0	0.00167475
253.152	0.0	0.0	0.0016150500000000003
253.212	0.0	0.0	0.0015066000000000003
253.322	0.0	0.0	0.001334595
253.452	0.0	0.0	0.0011147250000000002
253.492	0.0	0.0	0.0009854850000000001
253.552	0.0	0.0	0.0007609800000000001
253.662	0.0	0.0	0.00041146499999999996
253.792	0.0	0.0	-3.1771500000000006e-05
253.832	0.0	0.0	-0.00015283500000000004
253.892	0.0	0.0	-0.00037128
253.992	0.0	0.0	-0.0007204650000000001
254.122	0.0	0.0	-0.0011705700000000001
254.162	0.0	0.0	-0.0012360000000000001
254.222	0.0	0.0	-0.001355205
254.332	0.0	0.0	-0.0015445500000000002
254.462	0.0	0.0	-0.0017868000000000003
254.502	0.0	0.0	-0.0017566500000000002
254.562	0.0	0.0	-0.0017038500000000002
254.672	0.0	0.0	-0.0016213500000000001
254.802	0.0	0.0	-0.0015169500000000002
254.832	0.0	0.0	-0.0014114250000000002
254.902	0.0	0.0	-0.00122025
255.002	0.0	0.0	-0.0009140400000000001
255.132	0.0	0.0	-0.000519
255.172	0.0	0.0	-0.00038302500000000005
255.232	0.0	0.0	-0.000134136
255.342	0.0	0.0	0.000261975
255.472	0.0	0.0	0.0007692599999999999
255.512	0.0	0.0	0.0008706600000000001
255.572	0.0	0.0	0.0010482900000000001
255.682	0.0	0.0	0.0013259550000000002
255.812	0.0	0.0	0.00167865
255.842	0.0	0.0	0.0016873500000000002
255.912	0.0	0.0	0.0017034
256.012	0.0	0.0	0.0017290500000000002
256.142	0.0	0.0	0.0017623500000000002
256.182	0.0	0.0	0.0016809
256.242	0.0	0.0	0.0015313500000000003
256.352	0.0	0.0	0.0012927900000000003
256.482	0.0	0.0	0.000987045
256.522	0.0	0.0	0.00084801
256.582	0.0	0.0	0.0006034650000000001
256.692	0.0	0.0	0.00022044000000000002
256.822	0.0	0.0	-0.00026641500000000004
256.852	0.0	0.0	-0.000378585
256.922	0.0	0.0	-0.0005838150000000001
257.022	0.0	0.0	-0.0009139200000000001
257.152	0.0	0.0	-0.0013404
257.192	0.0	0.0	-0.0013848300000000003
257.252	0.0	0.0	-0.001466865
257.362	0.0	0.0	-0.0015979500000000003
257.492	0.0	0.0	-0.0017661
257.532	0.0	0.0	-0.001716
257.592	0.0	0.0	-0.00162765
257.702	0.0	0.0	-0.0014890199999999998
257.832	0.0	0.0	-0.0013126050000000001
257.862	0.0	0.0	-0.0012041400000000002
257.932	0.0	0.0	-0.00100479
258.032	0.0	0.0	-0.0006834450000000001
258.162	0.0	0.0	-0.00026796000000000003
258.202	0.0	0.0	-0.00014786700000000004
258.262	0.0	0.0	7.492200000000001e-05
258.372	0.0	0.0	0.000431655
258.502	0.0	0.0	0.0008895300000000001
258.542	0.0	0.0	0.0009635100000000001
258.602	0.0	0.0	0.0010946250000000001
258.712	0.0	0.0	0.0013007250000000002
258.842	0.0	0.0	0.0015630000000000002
258.872	0.0	0.0	0.00155235
258.942	0.0	0.0	0.0015324000000000002
259.042	0.0	0.0	0.00150015
259.172	0.0	0.0	0.001458375
259.212	0.0	0.0	0.0013741200000000002
259.272	0.0	0.0	0.0012196350000000002
259.382	0.0	0.0	0.00097434
259.512	0.0	0.0	0.0006615
259.542	0.0	0.0	0.000553395
259.612	0.0	0.0	0.000354705
259.712	0.0	0.0	3.41805e-05
259.842	0.0	0.0	-0.00038051999999999997
259.872	0.0	0.0	-0.00046512
259.942	0.0	0.0	-0.00062346
260.052	0.0	0.0	-0.0008779650000000001
260.182	0.0	0.0	-0.0012050700000000001
260.222	0.0	0.0	-0.0012260100000000003
260.282	0.0	0.0	-0.0012634200000000003
260.392	0.0	0.0	-0.0013224450000000002
260.522	0.0	0.0	-0.001397685
260.552	0.0	0.0	-0.001349505
260.622	0.0	0.0	-0.0012598350000000002
260.722	0.0	0.0	-0.0011144850000000001
260.852	0.0	0.0	-0.0009261600000000001
260.882	0.0	0.0	-0.000835335
260.952	0.0	0.0	-0.00066474
261.052	0.0	0.0	-0.00039012
261.192	0.0	0.0	-3.6951000000000006e-05
261.232	0.0	0.0	5.4667500000000005e-05
261.292	0.0	0.0	0.00021906000000000003
261.402	0.0	0.0	0.00047895
261.532	0.0	0.0	0.000810465
261.562	0.0	0.0	0.00085074
261.632	0.0	0.0	0.0009260550000000001
261.732	0.0	0.0	0.00104838
261.862	0.0	0.0	0.0012070050000000001
261.892	0.0	0.0	0.0011876850000000002
261.962	0.0	0.0	0.0011512500000000001
262.062	0.0	0.0	0.0010924650000000001
262.202	0.0	0.0	0.00101682
262.242	0.0	0.0	0.0009453150000000002
262.302	0.0	0.0	0.0008164350000000001
262.412	0.0	0.0	0.0006122850000000001
262.542	0.0	0.0	0.0003516750000000001
262.572	0.0	0.0	0.00027417
262.642	0.0	0.0	0.0001285125
262.742	0.0	0.0	-0.00010857000000000001
262.872	0.0	0.0	-0.00041619
262.902	0.0	0.0	-0.000470625
262.972	0.0	0.0	-0.00057384
263.072	0.0	0.0	-0.000740655
263.212	0.0	0.0	-0.0009555000000000002
263.252	0.0	0.0	-0.0009604350000000002
263.312	0.0	0.0	-0.0009693750000000002
263.422	0.0	0.0	-0.0009835500000000001
263.552	0.0	0.0	-0.0010016550000000002
263.582	0.0	0.0	-0.0009594900000000001
263.652	0.0	0.0	-0.0008798400000000001
263.752	0.0	0.0	-0.0007499100000000001
263.882	0.0	0.0	-0.0005812200000000001
263.912	0.0	0.0	-0.0005129850000000001
263.982	0.0	0.0	-0.00038302500000000005
264.082	0.0	0.0	-0.000172545
264.222	0.0	0.0	9.874800000000001e-05
264.262	0.0	0.0	0.00016188000000000002
264.322	0.0	0.0	0.00027664500000000006
264.432	0.0	0.0	0.00045918
264.562	0.0	0.0	0.000692565
264.592	0.0	0.0	0.0007152150000000001
264.662	0.0	0.0	0.00075819
264.762	0.0	0.0	0.0008284500000000001
264.892	0.0	0.0	0.00091974
264.922	0.0	0.0	0.000898275
264.992	0.0	0.0	0.0008571750000000001
265.092	0.0	0.0	0.0007904850000000001
265.232	0.0	0.0	0.0007044750000000001
265.272	0.0	0.0	0.0006468450000000001
265.332	0.0	0.0	0.0005415900000000001
265.442	0.0	0.0	0.00037386000000000006
265.572	0.0	0.0	0.00015924
265.602	0.0	0.0	0.0001016295
265.672	0.0	0.0	-8.251800000000001e-06
265.772	0.0	0.0	-0.00018823499999999998
265.902	0.0	0.0	-0.00042229500000000005
265.932	0.0	0.0	-0.00045886500000000003
266.002	0.0	0.0	-0.0005292150000000001
266.102	0.0	0.0	-0.0006435900000000001
266.242	0.0	0.0	-0.0007912500000000001
266.282	0.0	0.0	-0.0007880700000000001
266.342	0.0	0.0	-0.0007822350000000002
266.452	0.0	0.0	-0.0007729200000000001
266.582	0.0	0.0	-0.0007610100000000001
266.612	0.0	0.0	-0.0007232400000000001
266.672	0.0	0.0	-0.0006508800000000002
266.782	0.0	0.0	-0.00053208
266.912	0.0	0.0	-0.00037749
266.942	0.0	0.0	-0.00032247
267.012	0.0	0.0	-0.000216135
267.112	0.0	0.0	-4.287750000000001e-05
267.252	0.0	0.0	0.00018093
267.292	0.0	0.0	0.00022789500000000004
267.352	0.0	0.0	0.00031443
267.462	0.0	0.0	0.00045291000000000005
267.592	0.0	0.0	0.0006303600000000001
267.622	0.0	0.0	0.0006428250000000001
267.682	0.0	0.0	0.000666825
267.792	0.0	0.0	0.0007063050000000002
267.922	0.0	0.0	0.0007577100000000001
267.952	0.0	0.0	0.0007344900000000001
268.022	0.0	0.0	0.0006894000000000001
268.122	0.0	0.0	0.0006157650000000001
268.262	0.0	0.0	0.00052059
268.302	0.0	0.0	0.00047053500000000006
268.362	0.0	0.0	0.00037788000000000003
268.472	0.0	0.0	0.00022932000000000003
268.602	0.0	0.0	3.88095e-05
268.632	0.0	0.0	-6.893400000000001e-06
268.692	0.0	0.0	-9.537000000000002e-05
268.802	0.0	0.0	-0.00024121500000000003
268.932	0.0	0.0	-0.00043129499999999994
268.962	0.0	0.0	-0.000456225
269.032	0.0	0.0	-0.00050487
269.132	0.0	0.0	-0.00058446
269.272	0.0	0.0	-0.000687435
269.312	0.0	0.0	-0.0006782250000000001
269.372	0.0	0.0	-0.0006611100000000001
269.482	0.0	0.0	-0.000633615
269.612	0.0	0.0	-0.0005983200000000001
269.642	0.0	0.0	-0.0005632800000000001
269.702	0.0	0.0	-0.000495105
269.812	0.0	0.0	-0.000382485
269.942	0.0	0.0	-0.00023559000000000004
269.972	0.0	0.0	-0.00019042499999999998
270.042	0.0	0.0	-0.00010187250000000001
270.142	0.0	0.0	4.33155e-05
270.282	0.0	0.0	0.00023127000000000003
270.312	0.0	0.0	0.00026529000000000006
270.382	0.0	0.0	0.000328845
270.492	0.0	0.0	0.000431175
270.622	0.0	0.0	0.000562575
270.652	0.0	0.0	0.0005667900000000001
270.712	0.0	0.0	0.0005750250000000001
270.822	0.0	0.0	0.00058866
270.952	0.0	0.0	0.00060645
270.982	0.0	0.0	0.00058281
271.052	0.0	0.0	0.0005362050000000001
271.152	0.0	0.0	0.0004596600000000001
271.292	0.0	0.0	0.00036048000000000005
271.322	0.0	0.0	0.000319125
271.392	0.0	0.0	0.00024153
271.492	0.0	0.0	0.00011635200000000001
271.632	0.0	0.0	-4.45305e-05
271.662	0.0	0.0	-7.7772e-05
271.722	0.0	0.0	-0.0001431225
271.832	0.0	0.0	-0.00025152000000000003
271.962	0.0	0.0	-0.00039311999999999995
271.992	0.0	0.0	-0.0004071000000000001
272.062	0.0	0.0	-0.000434805
272.162	0.0	0.0	-0.00048040500000000005
272.302	0.0	0.0	-0.00053952
272.332	0.0	0.0	-0.0005269650000000001
272.402	0.0	0.0	-0.0005033100000000001
272.502	0.0	0.0	-0.0004650450000000001
272.642	0.0	0.0	-0.00041586
272.672	0.0	0.0	-0.0003871650000000001
272.732	0.0	0.0	-0.000330465
272.842	0.0	0.0	-0.00023622000000000004
272.972	0.0	0.0	-0.0001130205
273.002	0.0	0.0	-8.100300000000001e-05
273.072	0.0	0.0	-1.7268e-05
273.172	0.0	0.0	8.7858e-05
273.312	0.0	0.0	0.00022425
273.342	0.0	0.0	0.00024447
273.412	0.0	0.0	0.00028273500000000005
273.512	0.0	0.0	0.00034468500000000007
273.652	0.0	0.0	0.00042439500000000005
273.682	0.0	0.0	0.000422745
273.742	0.0	0.0	0.00041945999999999997
273.852	0.0	0.0	0.00041397000000000005
273.982	0.0	0.0	0.00040678500000000006
274.012	0.0	0.0	0.00038681999999999996
274.082	0.0	0.0	0.00034761000000000004
274.182	0.0	0.0	0.00028347
274.322	0.0	0.0	0.000200775
274.352	0.0	0.0	0.000175035
274.412	0.0	0.0	0.000124152
274.522	0.0	0.0	3.950250000000001e-05
274.652	0.0	0.0	-7.12185e-05
274.682	0.0	0.0	-9.14835e-05
274.752	0.0	0.0	-0.000132225
274.852	0.0	0.0	-0.00019967999999999999
274.992	0.0	0.0	-0.00028732500000000006
275.022	0.0	0.0	-0.00029299500000000005
275.092	0.0	0.0	-0.00030384000000000005
275.192	0.0	0.0	-0.00032146500000000005
275.332	0.0	0.0	-0.00034417500000000006
275.362	0.0	0.0	-0.00033423000000000003
275.422	0.0	0.0	-0.00031428000000000006
275.532	0.0	0.0	-0.00028095
275.662	0.0	0.0	-0.000237285
275.692	0.0	0.0	-0.00021796500000000003
275.762	0.0	0.0	-0.00017899500000000002
275.862	0.0	0.0	-0.00011436000000000001
276.002	0.0	0.0	-3.0343500000000005e-05
276.032	0.0	0.0	-1.0649100000000001e-05
276.102	0.0	0.0	2.7132000000000004e-05
276.202	0.0	0.0	8.86575e-05
276.342	0.0	0.0	0.00016800000000000002
276.372	0.0	0.0	0.00017695500000000002
276.432	0.0	0.0	0.00019496999999999998
276.542	0.0	0.0	0.00022516500000000002
276.672	0.0	0.0	0.000264735
276.702	0.0	0.0	0.000261675
276.772	0.0	0.0	0.00025545000000000006
276.872	0.0	0.0	0.000245115
277.012	0.0	0.0	0.00023167500000000003
277.042	0.0	0.0	0.00021796500000000003
277.112	0.0	0.0	0.00019151999999999998
277.212	0.0	0.0	0.00014837700000000002
277.352	0.0	0.0	9.269700000000001e-05
277.382	0.0	0.0	7.741650000000001e-05
277.442	0.0	0.0	4.646100000000001e-05
277.542	0.0	0.0	-5.504400000000001e-06
277.682	0.0	0.0	-7.3662e-05
277.712	0.0	0.0	-8.511150000000001e-05
277.782	0.0	0.0	-0.000108456
277.882	0.0	0.0	-0.00014732850000000002
278.022	0.0	0.0	-0.000197925
278.052	0.0	0.0	-0.00020019000000000002
278.122	0.0	0.0	-0.00020458500000000002
278.222	0.0	0.0	-0.000211755
278.362	0.0	0.0	-0.00022101000000000005
278.392	0.0	0.0	-0.00021369000000000002
278.452	0.0	0.0	-0.00019878000000000002
278.552	0.0	0.0	-0.00017368500000000003
278.692	0.0	0.0	-0.000140745
278.722	0.0	0.0	-0.00012725250000000002
278.782	0.0	0.0	-9.958950000000002e-05
278.892	0.0	0.0	-5.34345e-05
279.032	0.0	0.0	6.68925e-06
279.062	0.0	0.0	2.0649e-05
279.132	0.0	0.0	4.782e-05
279.232	0.0	0.0	9.234e-05
279.372	0.0	0.0	0.00014987850000000003
279.402	0.0	0.0	0.00015621000000000002
279.462	0.0	0.0	0.00016917
279.562	0.0	0.0	0.00019101000000000003
279.702	0.0	0.0	0.000219705
279.732	0.0	0.0	0.000216555
279.792	0.0	0.0	0.00021007500000000002
279.902	0.0	0.0	0.00019924500000000002
280.042	0.0	0.0	0.00018513
280.072	0.0	0.0	0.000172725
280.142	0.0	0.0	0.00014845800000000002
280.242	0.0	0.0	0.00010861050000000001
280.382	0.0	0.0	5.7075000000000005e-05
280.412	0.0	0.0	4.3002e-05
280.472	0.0	0.0	1.4017500000000003e-05
280.572	0.0	0.0	-3.49485e-05
280.712	0.0	0.0	-9.931050000000002e-05
280.742	0.0	0.0	-0.00010982249999999999
280.802	0.0	0.0	-0.00013160100000000002
280.912	0.0	0.0	-0.00016809000000000003
281.052	0.0	0.0	-0.00021568500000000002
281.082	0.0	0.0	-0.00021678000000000002
281.152	0.0	0.0	-0.00021892500000000002
281.252	0.0	0.0	-0.00022245000000000004
281.392	0.0	0.0	-0.00022701000000000004
281.422	0.0	0.0	-0.00021820500000000002
281.482	0.0	0.0	-0.00019996500000000003
281.582	0.0	0.0	-0.000169065
281.722	0.0	0.0	-0.00012844200000000001
281.752	0.0	0.0	-0.00011341500000000001
281.812	0.0	0.0	-8.21145e-05
281.922	0.0	0.0	-2.9565000000000006e-05
282.062	0.0	0.0	3.903450000000001e-05
282.092	0.0	0.0	5.35035e-05
282.162	0.0	0.0	8.2089e-05
282.262	0.0	0.0	0.00012921000000000002
282.402	0.0	0.0	0.00019024500000000002
282.432	0.0	0.0	0.00019537500000000002
282.492	0.0	0.0	0.00020607000000000004
282.592	0.0	0.0	0.00022420500000000003
282.732	0.0	0.0	0.000248085
282.762	0.0	0.0	0.000242505
282.822	0.0	0.0	0.00023083500000000004
282.932	0.0	0.0	0.0002112
283.072	0.0	0.0	0.00018554999999999998
283.102	0.0	0.0	0.000170835
283.172	0.0	0.0	0.00014158950000000002
283.272	0.0	0.0	9.328950000000002e-05
283.412	0.0	0.0	3.06855e-05
283.442	0.0	0.0	1.62075e-05
283.502	0.0	0.0	-1.4118600000000002e-05
283.602	0.0	0.0	-6.5676e-05
283.742	0.0	0.0	-0.00013359300000000002
283.772	0.0	0.0	-0.000142497
283.832	0.0	0.0	-0.00016125000000000002
283.942	0.0	0.0	-0.00019285500000000002
284.082	0.0	0.0	-0.00023418
284.112	0.0	0.0	-0.000232575
284.182	0.0	0.0	-0.00022936500000000004
284.282	0.0	0.0	-0.00022407000000000001
284.422	0.0	0.0	-0.000217185
284.452	0.0	0.0	-0.000206805
284.512	0.0	0.0	-0.00018496500000000002
284.612	0.0	0.0	-0.000147744
284.752	0.0	0.0	-9.8682e-05
284.782	0.0	0.0	-8.414550000000001e-05
284.842	0.0	0.0	-5.33625e-05
284.952	0.0	0.0	-1.3664550000000002e-06
285.092	0.0	0.0	6.6654e-05
285.122	0.0	0.0	7.8675e-05
285.192	0.0	0.0	0.000102789
285.292	0.0	0.0	0.0001427835
285.432	0.0	0.0	0.00019470000000000002
285.462	0.0	0.0	0.00019737000000000002
285.522	0.0	0.0	0.00020302500000000002
285.622	0.0	0.0	0.00021267000000000004
285.762	0.0	0.0	0.00022540500000000003
285.792	0.0	0.0	0.00021867000000000002
285.852	0.0	0.0	0.00020433000000000002
285.962	0.0	0.0	0.00018003000000000002
286.102	0.0	0.0	0.000148242
286.132	0.0	0.0	0.0001342995
286.202	0.0	0.0	0.0001061835
286.302	0.0	0.0	5.946000000000001e-05
286.442	0.0	0.0	-1.23384e-06
286.472	0.0	0.0	-1.39344e-05
286.532	0.0	0.0	-4.1001e-05
286.632	0.0	0.0	-8.731200000000001e-05
286.772	0.0	0.0	-0.00014844900000000001
286.802	0.0	0.0	-0.00015567
286.862	0.0	0.0	-0.00017113500000000002
286.972	0.0	0.0	-0.00019735499999999997
287.112	0.0	0.0	-0.00023172000000000004
287.142	0.0	0.0	-0.00022905000000000004
287.212	0.0	0.0	-0.000223665
287.312	0.0	0.0	-0.00021471
287.452	0.0	0.0	-0.000203055
287.482	0.0	0.0	-0.00019213500000000002
287.542	0.0	0.0	-0.000168525
287.642	0.0	0.0	-0.00012795000000000002
287.782	0.0	0.0	-7.4259e-05
287.812	0.0	0.0	-5.8171500000000004e-05
287.872	0.0	0.0	-2.4235500000000002e-05
287.982	0.0	0.0	3.2830500000000004e-05
288.122	0.0	0.0	0.000107133
288.152	0.0	0.0	0.00011934600000000002
288.212	0.0	0.0	0.00014537700000000003
288.312	0.0	0.0	0.00018995999999999998
288.452	0.0	0.0	0.00024883500000000004
288.482	0.0	0.0	0.00025164
288.542	0.0	0.0	0.000257715
288.652	0.0	0.0	0.00026805000000000004
288.792	0.0	0.0	0.00028162500000000003
288.822	0.0	0.0	0.000271395
288.882	0.0	0.0	0.0002505
288.992	0.0	0.0	0.00021558000000000002
289.132	0.0	0.0	0.00017011500000000003
289.162	0.0	0.0	0.00015259500000000003
289.222	0.0	0.0	0.000114645
289.322	0.0	0.0	4.9347e-05
289.462	0.0	0.0	-3.7017e-05
289.492	0.0	0.0	-5.5489500000000005e-05
289.552	0.0	0.0	-9.565800000000001e-05
289.662	0.0	0.0	-0.00016416000000000003
289.802	0.0	0.0	-0.00025407
289.832	0.0	0.0	-0.000263805
289.892	0.0	0.0	-0.00028381500000000003
290.002	0.0	0.0	-0.00031731
290.142	0.0	0.0	-0.00036094500000000005
290.172	0.0	0.0	-0.00035535000000000005
290.232	0.0	0.0	-0.00034317
290.332	0.0	0.0	-0.0003221550000000001
290.472	0.0	0.0	-0.00029433
290.502	0.0	0.0	-0.000275145
290.562	0.0	0.0	-0.00023316000000000002
290.672	0.0	0.0	-0.000161415
290.812	0.0	0.0	-6.71955e-05
290.842	0.0	0.0	-4.1601000000000004e-05
290.902	0.0	0.0	1.1291400000000002e-05
291.012	0.0	0.0	0.00010003350000000002
291.152	0.0	0.0	0.00021568500000000002
291.182	0.0	0.0	0.00023167500000000003
291.242	0.0	0.0	0.000266685
291.342	0.0	0.0	0.00032718
291.482	0.0	0.0	0.00040732500000000005
291.512	0.0	0.0	0.00040759500000000007
291.572	0.0	0.0	0.00040821000000000005
291.682	0.0	0.0	0.00040924500000000003
291.822	0.0	0.0	0.000410625
291.852	0.0	0.0	0.0003918750000000001
291.912	0.0	0.0	0.00035292
292.022	0.0	0.0	0.000287415
292.162	0.0	0.0	0.000202005
292.192	0.0	0.0	0.00017583
292.252	0.0	0.0	0.0001181175
292.352	0.0	0.0	1.8186000000000002e-05
292.492	0.0	0.0	-0.00011426100000000001
292.522	0.0	0.0	-0.000138009
292.582	0.0	0.0	-0.00019056
292.692	0.0	0.0	-0.00028074
292.832	0.0	0.0	-0.00039933000000000004
292.862	0.0	0.0	-0.000407865
292.922	0.0	0.0	-0.00042568500000000003
293.032	0.0	0.0	-0.0004557
293.172	0.0	0.0	-0.0004948800000000001
293.202	0.0	0.0	-0.00048301500000000005
293.262	0.0	0.0	-0.00045670500000000007
293.362	0.0	0.0	-0.00041102999999999995
293.502	0.0	0.0	-0.00035046000000000003
293.532	0.0	0.0	-0.00032322000000000004
293.592	0.0	0.0	-0.000262575
293.702	0.0	0.0	-0.00015831
293.842	0.0	0.0	-2.1084e-05
293.872	0.0	0.0	1.007025e-05
293.932	0.0	0.0	7.551150000000001e-05
294.042	0.0	0.0	0.000185985
294.182	0.0	0.0	0.0003302700000000001
294.212	0.0	0.0	0.000345975
294.272	0.0	0.0	0.0003810300000000001
294.372	0.0	0.0	0.00044199000000000007
294.512	0.0	0.0	0.0005229
294.542	0.0	0.0	0.0005182050000000001
294.602	0.0	0.0	0.000507675
294.712	0.0	0.0	0.000489525
294.852	0.0	0.0	0.0004656300000000001
294.882	0.0	0.0	0.00043989000000000007
294.942	0.0	0.0	0.000385515
295.052	0.0	0.0	0.00029355
295.192	0.0	0.0	0.000173355
295.222	0.0	0.0	0.000143223
295.282	0.0	0.0	7.554750000000001e-05
295.382	0.0	0.0	-4.2402000000000005e-05
295.522	0.0	0.0	-0.00019905
295.552	0.0	0.0	-0.00022245000000000004
295.612	0.0	0.0	-0.000275175
295.722	0.0	0.0	-0.00036621000000000006
295.862	0.0	0.0	-0.0004861650000000001
295.892	0.0	0.0	-0.0004901700000000001
295.952	0.0	0.0	-0.00049869
296.062	0.0	0.0	-0.00051312
296.202	0.0	0.0	-0.0005320050000000001
296.232	0.0	0.0	-0.0005151900000000001
296.292	0.0	0.0	-0.00047719500000000003
296.392	0.0	0.0	-0.0004108350000000001
296.532	0.0	0.0	-0.00032262
296.562	0.0	0.0	-0.00029260500000000004
296.622	0.0	0.0	-0.00022455
296.732	0.0	0.0	-0.00010683000000000002
296.872	0.0	0.0	4.84275e-05
296.902	0.0	0.0	7.826400000000001e-05
296.962	0.0	0.0	0.0001419945
297.072	0.0	0.0	0.00025023000000000005
297.212	0.0	0.0	0.000391905
297.242	0.0	0.0	0.00040341
297.302	0.0	0.0	0.00042960000000000003
297.402	0.0	0.0	0.000475425
297.542	0.0	0.0	0.00053637
297.572	0.0	0.0	0.000527145
297.632	0.0	0.0	0.00050613
297.742	0.0	0.0	0.0004696800000000001
297.882	0.0	0.0	0.00042159
297.912	0.0	0.0	0.00039402
297.972	0.0	0.0	0.0003348
298.082	0.0	0.0	0.00023401500000000002
298.222	0.0	0.0	0.0001020045
298.252	0.0	0.0	7.42125e-05
298.312	0.0	0.0	1.057935e-05
298.412	0.0	0.0	-0.00010103400000000001
298.552	0.0	0.0	-0.00024958500000000003
298.582	0.0	0.0	-0.00026784000000000004
298.642	0.0	0.0	-0.00030972
298.752	0.0	0.0	-0.000382485
298.892	0.0	0.0	-0.00047857500000000007
298.922	0.0	0.0	-0.00047745000000000003
298.982	0.0	0.0	-0.00047503500000000006
299.092	0.0	0.0	-0.00047091000000000006
299.232	0.0	0.0	-0.00046549500000000007
299.262	0.0	0.0	-0.0004474200000000001
299.322	0.0	0.0	-0.00040573500000000006
299.422	0.0	0.0	-0.00033247500000000004
299.562	0.0	0.0	-0.00023490000000000002
299.592	0.0	0.0	-0.00020812500000000003
299.652	0.0	0.0	-0.00014628000000000002
299.762	0.0	0.0	-3.8634e-05
299.902	0.0	0.0	0.00010362150000000001
299.932	0.0	0.0	0.00012673950000000002
299.992	0.0	0.0	0.00017697
300.102	0.0	0.0	0.000262815
300.242	0.0	0.0	0.00037540500000000004
300.272	0.0	0.0	0.00038131500000000007
300.332	0.0	0.0	0.000395025
300.432	0.0	0.0	0.00041917500000000004
300.572	0.0	0.0	0.00045136500000000007
300.602	0.0	0.0	0.000440265
300.662	0.0	0.0	0.00041446500000000004
300.772	0.0	0.0	0.00036945
300.912	0.0	0.0	0.00030994500000000006
300.942	0.0	0.0	0.00028611
301.002	0.0	0.0	0.00023403000000000003
301.112	0.0	0.0	0.0001448595
301.252	0.0	0.0	2.7814500000000003e-05
301.282	0.0	0.0	7.054500000000001e-06
301.332	0.0	0.0	-4.1427e-05
301.442	0.0	0.0	-0.00012701250000000003
301.582	0.0	0.0	-0.00024115500000000003
301.612	0.0	0.0	-0.00025212000000000005
301.672	0.0	0.0	-0.000277785
301.782	0.0	0.0	-0.00032262
301.922	0.0	0.0	-0.00038196
301.952	0.0	0.0	-0.00037743000000000005
302.012	0.0	0.0	-0.00036745500000000004
302.122	0.0	0.0	-0.0003503700000000001
302.262	0.0	0.0	-0.00032793000000000004
302.292	0.0	0.0	-0.00031285500000000007
302.342	0.0	0.0	-0.00027714000000000005
302.452	0.0	0.0	-0.00021376500000000004
302.592	0.0	0.0	-0.00012905850000000002
302.622	0.0	0.0	-0.00010956750000000001
302.682	0.0	0.0	-6.476850000000001e-05
302.792	0.0	0.0	1.285905e-05
302.932	0.0	0.0	0.0001149735
302.962	0.0	0.0	0.00012729
303.012	0.0	0.0	0.00015606000000000002
303.122	0.0	0.0	0.00020689500000000002
303.262	0.0	0.0	0.000274725
303.292	0.0	0.0	0.000276015
303.352	0.0	0.0	0.00027907500000000005
303.462	0.0	0.0	0.00028444500000000003
303.602	0.0	0.0	0.00029155500000000004
303.632	0.0	0.0	0.000281385
303.692	0.0	0.0	0.00025879500000000003
303.802	0.0	0.0	0.00021991500000000005
303.942	0.0	0.0	0.00016878000000000002
303.962	0.0	0.0	0.000155205
304.022	0.0	0.0	0.000122919
304.132	0.0	0.0	6.560700000000001e-05
304.272	0.0	0.0	-1.0970100000000002e-05
304.302	0.0	0.0	-2.2585500000000003e-05
304.362	0.0	0.0	-5.0232e-05
304.472	0.0	0.0	-9.882000000000002e-05
304.612	0.0	0.0	-0.00016323000000000002
304.642	0.0	0.0	-0.00016759500000000004
304.702	0.0	0.0	-0.00017736000000000002
304.812	0.0	0.0	-0.00019419000000000004
304.952	0.0	0.0	-0.00021634500000000003
304.972	0.0	0.0	-0.00021241499999999998
305.032	0.0	0.0	-0.00020299499999999998
305.142	0.0	0.0	-0.00018622500000000001
305.282	0.0	0.0	-0.00016380000000000002
305.312	0.0	0.0	-0.00015475500000000002
305.372	0.0	0.0	-0.00013309200000000002
305.482	0.0	0.0	-9.49275e-05
305.622	0.0	0.0	-4.4299500000000005e-05
305.652	0.0	0.0	-3.4122e-05
305.712	0.0	0.0	-1.1257200000000001e-05
305.822	0.0	0.0	2.8275000000000003e-05
305.962	0.0	0.0	8.032800000000001e-05
305.982	0.0	0.0	8.598600000000001e-05
306.042	0.0	0.0	9.9627e-05
306.152	0.0	0.0	0.00012394800000000003
306.292	0.0	0.0	0.000156495
306.322	0.0	0.0	0.000156885
306.382	0.0	0.0	0.00015786
306.492	0.0	0.0	0.000159585
306.632	0.0	0.0	0.000161865
306.662	0.0	0.0	0.00015601500000000002
306.722	0.0	0.0	0.00014281500000000002
306.832	0.0	0.0	0.00011993700000000001
306.972	0.0	0.0	8.979300000000001e-05
306.992	0.0	0.0	8.073600000000001e-05
307.052	0.0	0.0	5.874600000000001e-05
307.162	0.0	0.0	1.9455000000000003e-05
307.302	0.0	0.0	-3.3150000000000006e-05
307.332	0.0	0.0	-4.3008000000000006e-05
307.392	0.0	0.0	-6.694350000000001e-05
307.502	0.0	0.0	-0.00010927200000000001
307.642	0.0	0.0	-0.00016549500000000001
307.672	0.0	0.0	-0.00017116500000000003
307.732	0.0	0.0	-0.00018405
307.842	0.0	0.0	-0.00020643000000000001
307.982	0.0	0.0	-0.00023592000000000003
308.002	0.0	0.0	-0.00023286000000000002
308.062	0.0	0.0	-0.00022537500000000004
308.172	0.0	0.0	-0.00021198
308.312	0.0	0.0	-0.00019403999999999998
308.342	0.0	0.0	-0.0001821
308.402	0.0	0.0	-0.00015292500000000002
308.512	0.0	0.0	-0.00010122899999999999
308.652	0.0	0.0	-3.2506500000000005e-05
308.682	0.0	0.0	-1.5273e-05
308.742	0.0	0.0	2.4168000000000003e-05
308.852	0.0	0.0	9.278250000000002e-05
308.992	0.0	0.0	0.00018331500000000003
309.012	0.0	0.0	0.00019462500000000003
309.072	0.0	0.0	0.00022249500000000002
309.182	0.0	0.0	0.00027250500000000003
309.322	0.0	0.0	0.00033954000000000005
309.342	0.0	0.0	0.00033987000000000004
309.412	0.0	0.0	0.0003406650000000001
309.522	0.0	0.0	0.000342075
309.662	0.0	0.0	0.00034395
309.692	0.0	0.0	0.00032935500000000003
309.752	0.0	0.0	0.00029574
309.862	0.0	0.0	0.00023715000000000005
310.002	0.0	0.0	0.00015978000000000002
310.022	0.0	0.0	0.0001388025
310.082	0.0	0.0	8.67705e-05
310.192	0.0	0.0	-6.80565e-06
310.332	0.0	0.0	-0.00013234500000000002
310.352	0.0	0.0	-0.00015216
310.422	0.0	0.0	-0.00020128500000000002
310.522	0.0	0.0	-0.00028869000000000003
310.672	0.0	0.0	-0.00040504500000000004
310.702	0.0	0.0	-0.00041226000000000007
310.762	0.0	0.0	-0.00042897000000000003
310.872	0.0	0.0	-0.000458175
311.012	0.0	0.0	-0.0004967550000000001
311.032	0.0	0.0	-0.00048585
311.092	0.0	0.0	-0.00045861000000000003
311.202	0.0	0.0	-0.00040951500000000005
311.342	0.0	0.0	-0.00034362
311.362	0.0	0.0	-0.00031813500000000004
311.432	0.0	0.0	-0.00025452000000000005
311.532	0.0	0.0	-0.00014110950000000003
311.682	0.0	0.0	9.949350000000002e-06
311.712	0.0	0.0	3.985050000000001e-05
311.772	0.0	0.0	0.00010959150000000001
311.882	0.0	0.0	0.00023166000000000001
312.022	0.0	0.0	0.000393075
312.042	0.0	0.0	0.00040788000000000006
312.102	0.0	0.0	0.00044517000000000005
312.212	0.0	0.0	0.000512535
312.352	0.0	0.0	0.0006030150000000001
312.372	0.0	0.0	0.00059751
312.442	0.0	0.0	0.00058368
312.542	0.0	0.0	0.0005589750000000001
312.692	0.0	0.0	0.00052605
312.722	0.0	0.0	0.0004986000000000001
312.782	0.0	0.0	0.00043416000000000006
312.892	0.0	0.0	0.00032112000000000004
313.032	0.0	0.0	0.000171585
313.052	0.0	0.0	0.000139959
313.112	0.0	0.0	5.977500000000001e-05
313.222	0.0	0.0	-8.536650000000002e-05
313.362	0.0	0.0	-0.00028047
313.382	0.0	0.0	-0.00030507000000000006
313.452	0.0	0.0	-0.000367335
313.552	0.0	0.0	-0.00047881500000000006
313.702	0.0	0.0	-0.00062748
313.732	0.0	0.0	-0.00063081
313.792	0.0	0.0	-0.0006386400000000001
313.902	0.0	0.0	-0.0006524250000000001
314.042	0.0	0.0	-0.00067068
314.062	0.0	0.0	-0.00065103
314.122	0.0	0.0	-0.0006008400000000001
314.232	0.0	0.0	-0.0005097750000000001
314.372	0.0	0.0	-0.00038730000000000004
314.392	0.0	0.0	-0.00035257500000000005
314.452	0.0	0.0	-0.000264045
314.562	0.0	0.0	-0.00010519500000000001
314.712	0.0	0.0	0.00010679850000000001
314.742	0.0	0.0	0.00014146500000000002
314.802	0.0	0.0	0.00022390500000000002
314.912	0.0	0.0	0.00036912
315.052	0.0	0.0	0.0005614950000000001
315.072	0.0	0.0	0.000574065
315.132	0.0	0.0	0.0006064200000000001
315.242	0.0	0.0	0.0006652350000000001
315.382	0.0	0.0	0.0007444050000000001
315.402	0.0	0.0	0.0007320600000000001
315.462	0.0	0.0	0.0007003500000000001
315.572	0.0	0.0	0.0006433350000000001
315.722	0.0	0.0	0.0005672100000000001
315.752	0.0	0.0	0.000532095
315.812	0.0	0.0	0.0004480500000000001
315.922	0.0	0.0	0.00029973
316.062	0.0	0.0	0.000103089
316.082	0.0	0.0	6.8559e-05
316.142	0.0	0.0	-2.1007500000000005e-05
316.252	0.0	0.0	-0.000184185
316.392	0.0	0.0	-0.00040396499999999994
316.412	0.0	0.0	-0.00042640500000000003
316.472	0.0	0.0	-0.000484425
316.582	0.0	0.0	-0.0005889900000000002
316.732	0.0	0.0	-0.000728715
316.762	0.0	0.0	-0.00072591
316.822	0.0	0.0	-0.0007191900000000001
316.932	0.0	0.0	-0.0007072950000000001
317.072	0.0	0.0	-0.000691515
317.092	0.0	0.0	-0.0006670950000000001
317.152	0.0	0.0	-0.000602655
317.262	0.0	0.0	-0.00048462000000000006
317.402	0.0	0.0	-0.00032532000000000004
317.422	0.0	0.0	-0.00028747500000000004
317.492	0.0	0.0	-0.000191565
317.592	0.0	0.0	-2.0256000000000004e-05
317.742	0.0	0.0	0.00020733000000000004
317.762	0.0	0.0	0.00023571000000000003
317.822	0.0	0.0	0.00030934500000000004
317.932	0.0	0.0	0.00044364000000000003
318.072	0.0	0.0	0.0006246150000000001
318.092	0.0	0.0	0.0006327300000000001
318.152	0.0	0.0	0.0006540150000000001
318.262	0.0	0.0	0.0006925200000000001
318.412	0.0	0.0	0.000744045
318.442	0.0	0.0	0.00072558
318.502	0.0	0.0	0.00068055
318.612	0.0	0.0	0.0006006450000000001
318.752	0.0	0.0	0.000494535
318.772	0.0	0.0	0.000463065
318.832	0.0	0.0	0.00037972500000000003
318.942	0.0	0.0	0.00022699500000000002
319.082	0.0	0.0	2.0923500000000004e-05
319.102	0.0	0.0	-1.1884200000000002e-05
319.162	0.0	0.0	-9.84705e-05
319.272	0.0	0.0	-0.00025534500000000003
319.422	0.0	0.0	-0.00046534500000000004
319.442	0.0	0.0	-0.00048346500000000003
319.512	0.0	0.0	-0.000527925
319.622	0.0	0.0	-0.0006070050000000001
319.762	0.0	0.0	-0.000712095
319.782	0.0	0.0	-0.0007054500000000002
319.842	0.0	0.0	-0.000687675
319.952	0.0	0.0	-0.0006550500000000001
320.092	0.0	0.0	-0.000610995
320.112	0.0	0.0	-0.000584565
320.172	0.0	0.0	-0.000514275
320.282	0.0	0.0	-0.00038665499999999996
320.432	0.0	0.0	-0.00021571500000000003
320.452	0.0	0.0	-0.000180135
320.522	0.0	0.0	-9.219300000000002e-05
320.622	0.0	0.0	6.45105e-05
320.772	0.0	0.0	0.00027291
320.792	0.0	0.0	0.00029457
320.852	0.0	0.0	0.00035289000000000007
320.962	0.0	0.0	0.0004602
321.102	0.0	0.0	0.0006052050000000002
321.122	0.0	0.0	0.0006076800000000001
321.182	0.0	0.0	0.0006143400000000001
321.292	0.0	0.0	0.0006264600000000001
321.442	0.0	0.0	0.000642705
321.462	0.0	0.0	0.00062268
321.532	0.0	0.0	0.0005728500000000001
321.632	0.0	0.0	0.00048387000000000007
321.782	0.0	0.0	0.00036546
321.802	0.0	0.0	0.000337695
321.862	0.0	0.0	0.000262395
321.972	0.0	0.0	0.00012352050000000002
322.112	0.0	0.0	-6.4245e-05
322.132	0.0	0.0	-8.980350000000002e-05
322.192	0.0	0.0	-0.00015883500000000002
322.302	0.0	0.0	-0.000284685
322.452	0.0	0.0	-0.00045348000000000003
322.472	0.0	0.0	-0.00046422
322.542	0.0	0.0	-0.0004911150000000001
322.642	0.0	0.0	-0.00053925
322.792	0.0	0.0	-0.00060333
322.812	0.0	0.0	-0.0005942100000000001
322.872	0.0	0.0	-0.000569265
322.982	0.0	0.0	-0.0005231700000000001
323.122	0.0	0.0	-0.00046078500000000007
323.142	0.0	0.0	-0.00043756500000000006
323.202	0.0	0.0	-0.000374325
323.312	0.0	0.0	-0.00025881
323.462	0.0	0.0	-0.00010376100000000001
323.482	0.0	0.0	-7.632300000000001e-05
323.552	0.0	0.0	-7.083600000000001e-06
323.652	0.0	0.0	0.00011707650000000001
323.802	0.0	0.0	0.000282525
323.822	0.0	0.0	0.00029664000000000003
323.882	0.0	0.0	0.000335565
323.992	0.0	0.0	0.0004077
324.132	0.0	0.0	0.0005053350000000001
324.152	0.0	0.0	0.0005037150000000001
324.212	0.0	0.0	0.000499245
324.322	0.0	0.0	0.000491055
324.472	0.0	0.0	0.00048007500000000005
324.492	0.0	0.0	0.000462135
324.552	0.0	0.0	0.00041655
324.662	0.0	0.0	0.00033465000000000003
324.812	0.0	0.0	0.00022543500000000004
324.832	0.0	0.0	0.00020436
324.892	0.0	0.0	0.0001457145
325.002	0.0	0.0	3.6849000000000006e-05
325.142	0.0	0.0	-0.00011062650000000002
325.162	0.0	0.0	-0.00012780000000000002
325.222	0.0	0.0	-0.000175305
325.332	0.0	0.0	-0.00026244
325.482	0.0	0.0	-0.000379545
325.502	0.0	0.0	-0.000384315
325.562	0.0	0.0	-0.0003965400000000001
325.672	0.0	0.0	-0.00041856000000000006
325.822	0.0	0.0	-0.00044793000000000003
325.842	0.0	0.0	-0.00043895999999999996
325.902	0.0	0.0	-0.000413775
326.002	0.0	0.0	-0.00036693
326.152	0.0	0.0	-0.00030343500000000007
326.172	0.0	0.0	-0.00028566
326.232	0.0	0.0	-0.00023608500000000003
326.342	0.0	0.0	-0.000144945
326.492	0.0	0.0	-2.2390500000000002e-05
326.512	0.0	0.0	-3.4798500000000002e-06
326.572	0.0	0.0	4.52895e-05
326.682	0.0	0.0	0.00013329150000000002
326.832	0.0	0.0	0.000250785
326.852	0.0	0.0	0.00025900500000000003
326.912	0.0	0.0	0.00028228500000000007
327.012	0.0	0.0	0.00032568
327.162	0.0	0.0	0.00038454000000000006
327.182	0.0	0.0	0.00038124000000000003
327.242	0.0	0.0	0.00037197
327.352	0.0	0.0	0.00035488500000000004
327.502	0.0	0.0	0.00033189
327.522	0.0	0.0	0.00031753500000000003
327.582	0.0	0.0	0.00028024500000000004
327.692	0.0	0.0	0.00021282
327.842	0.0	0.0	0.00012274950000000002
327.862	0.0	0.0	0.00010751700000000001
327.922	0.0	0.0	6.4035e-05
328.022	0.0	0.0	-1.7209500000000002e-05
328.172	0.0	0.0	-0.00012748350000000002
328.192	0.0	0.0	-0.00013892250000000002
328.252	0.0	0.0	-0.000171345
328.362	0.0	0.0	-0.00023121000000000003
328.512	0.0	0.0	-0.00031182000000000003
328.532	0.0	0.0	-0.00031362
328.592	0.0	0.0	-0.00031834500000000004
328.702	0.0	0.0	-0.000326895
328.852	0.0	0.0	-0.00033832500000000005
328.872	0.0	0.0	-0.000330345
328.932	0.0	0.0	-0.00030735
329.032	0.0	0.0	-0.00026430000000000003
329.182	0.0	0.0	-0.00020581499999999998
329.202	0.0	0.0	-0.000191565
329.262	0.0	0.0	-0.000150855
329.372	0.0	0.0	-7.551600000000001e-05
329.522	0.0	0.0	2.5983000000000002e-05
329.542	0.0	0.0	4.0635000000000007e-05
329.602	0.0	0.0	7.928250000000001e-05
329.712	0.0	0.0	0.0001494525
329.862	0.0	0.0	0.00024333000000000004
329.882	0.0	0.0	0.00024918
329.942	0.0	0.0	0.00026619
330.042	0.0	0.0	0.00029812500000000005
330.192	0.0	0.0	0.00034152000000000005
330.212	0.0	0.0	0.00033763500000000003
330.272	0.0	0.0	0.0003264
330.382	0.0	0.0	0.00030558
330.532	0.0	0.0	0.00027751500000000004
330.552	0.0	0.0	0.00026385000000000004
330.612	0.0	0.0	0.000227535
330.722	0.0	0.0	0.00016144500000000002
330.872	0.0	0.0	7.299300000000001e-05
330.892	0.0	0.0	5.861850000000001e-05
330.952	0.0	0.0	1.647e-05
331.052	0.0	0.0	-6.28005e-05
331.202	0.0	0.0	-0.000170595
331.222	0.0	0.0	-0.000181365
331.282	0.0	0.0	-0.00021265500000000002
331.392	0.0	0.0	-0.00027079500000000005
331.542	0.0	0.0	-0.00034923
331.562	0.0	0.0	-0.00035005500000000005
331.622	0.0	0.0	-0.000352275
331.732	0.0	0.0	-0.00035631000000000004
331.882	0.0	0.0	-0.00036171000000000006
331.902	0.0	0.0	-0.00035223000000000003
331.962	0.0	0.0	-0.00032385
332.062	0.0	0.0	-0.00027019500000000004
332.212	0.0	0.0	-0.000197085
332.232	0.0	0.0	-0.000179505
332.292	0.0	0.0	-0.000129627
332.402	0.0	0.0	-3.778950000000001e-05
332.552	0.0	0.0	8.5395e-05
332.572	0.0	0.0	0.000100515
332.632	0.0	0.0	0.0001448745
332.732	0.0	0.0	0.000228375
332.882	0.0	0.0	0.000342
332.902	0.0	0.0	0.00034855500000000007
332.962	0.0	0.0	0.000367935
333.072	0.0	0.0	0.00040410000000000006
333.222	0.0	0.0	0.0004529400000000001
333.242	0.0	0.0	0.0004454700000000001
333.302	0.0	0.0	0.000425205
333.412	0.0	0.0	0.00038814000000000003
333.562	0.0	0.0	0.00033843
333.582	0.0	0.0	0.0003218250000000001
333.642	0.0	0.0	0.00027192000000000004
333.742	0.0	0.0	0.00017751000000000003
333.892	0.0	0.0	4.8906e-05
333.912	0.0	0.0	2.8603500000000005e-05
333.972	0.0	0.0	-3.1827000000000005e-05
334.082	0.0	0.0	-0.00014472450000000003
334.232	0.0	0.0	-0.000297285
334.252	0.0	0.0	-0.00031146
334.312	0.0	0.0	-0.00035022000000000005
334.422	0.0	0.0	-0.00042129000000000005
334.572	0.0	0.0	-0.0005166600000000001
334.592	0.0	0.0	-0.0005151750000000001
334.652	0.0	0.0	-0.000510675
334.752	0.0	0.0	-0.0005021400000000001
334.902	0.0	0.0	-0.0004905
334.922	0.0	0.0	-0.00047436000000000006
334.982	0.0	0.0	-0.00042589500000000003
335.092	0.0	0.0	-0.00033516000000000004
335.242	0.0	0.0	-0.00021246
335.262	0.0	0.0	-0.00018654
335.322	0.0	0.0	-0.0001150995
335.432	0.0	0.0	1.6156500000000004e-05
335.582	0.0	0.0	0.00019239000000000002
335.602	0.0	0.0	0.00021051000000000002
335.662	0.0	0.0	0.00026602500000000003
335.762	0.0	0.0	0.00037149000000000004
335.912	0.0	0.0	0.00051534
335.932	0.0	0.0	0.00052041
335.992	0.0	0.0	0.0005357700000000001
336.102	0.0	0.0	0.000564585
336.252	0.0	0.0	0.0006035850000000001
336.272	0.0	0.0	0.0005899200000000001
336.332	0.0	0.0	0.000551955
336.442	0.0	0.0	0.00048207
336.592	0.0	0.0	0.00038817
336.612	0.0	0.0	0.00036555
336.662	0.0	0.0	0.00029563500000000004
336.772	0.0	0.0	0.000162495
336.922	0.0	0.0	-1.9215e-05
336.942	0.0	0.0	-4.3167e-05
337.002	0.0	0.0	-0.0001164165
337.112	0.0	0.0	-0.00025413000000000004
337.262	0.0	0.0	-0.00044058000000000004
337.282	0.0	0.0	-0.00045376500000000007
337.342	0.0	0.0	-0.0004906800000000001
337.452	0.0	0.0	-0.000558825
337.602	0.0	0.0	-0.000650415
337.622	0.0	0.0	-0.0006446400000000001
337.672	0.0	0.0	-0.0006265950000000001
337.782	0.0	0.0	-0.000592155
337.932	0.0	0.0	-0.000545115
337.952	0.0	0.0	-0.0005238300000000001
338.012	0.0	0.0	-0.00045811500000000004
338.122	0.0	0.0	-0.00033432000000000004
338.272	0.0	0.0	-0.000166605
338.292	0.0	0.0	-0.00013770600000000003
338.352	0.0	0.0	-5.607600000000001e-05
338.462	0.0	0.0	9.484950000000002e-05
338.612	0.0	0.0	0.000297885
338.632	0.0	0.0	0.0003147600000000001
338.682	0.0	0.0	0.00036801000000000005
338.792	0.0	0.0	0.0004698450000000001
338.942	0.0	0.0	0.0006090150000000001
338.962	0.0	0.0	0.0006101100000000001
339.022	0.0	0.0	0.0006135
339.132	0.0	0.0	0.0006199050000000001
339.282	0.0	0.0	0.00062859
339.302	0.0	0.0	0.0006106050000000001
339.362	0.0	0.0	0.00055935
339.472	0.0	0.0	0.000464385
339.622	0.0	0.0	0.000336555
339.642	0.0	0.0	0.00031296000000000004
339.692	0.0	0.0	0.00023776500000000002
339.802	0.0	0.0	9.364500000000002e-05
339.952	0.0	0.0	-0.00010343550000000001
339.972	0.0	0.0	-0.000124959
340.032	0.0	0.0	-0.00019266000000000002
340.142	0.0	0.0	-0.00032076
340.292	0.0	0.0	-0.000494505
340.312	0.0	0.0	-0.0005028900000000001
340.372	0.0	0.0	-0.000526995
340.482	0.0	0.0	-0.0005717550000000001
340.632	0.0	0.0	-0.0006320400000000002
340.652	0.0	0.0	-0.0006231450000000001
340.702	0.0	0.0	-0.00059451
340.812	0.0	0.0	-0.0005395350000000001
340.962	0.0	0.0	-0.00046429500000000004
340.982	0.0	0.0	-0.00044313
341.042	0.0	0.0	-0.00037593
341.152	0.0	0.0	-0.00024853500000000003
341.302	0.0	0.0	-7.56195e-05
341.322	0.0	0.0	-5.08995e-05
341.382	0.0	0.0	2.0727000000000003e-05
341.492	0.0	0.0	0.00015399000000000004
341.642	0.0	0.0	0.00033361500000000005
341.662	0.0	0.0	0.00034539000000000005
341.712	0.0	0.0	0.00038368500000000004
341.822	0.0	0.0	0.00045739500000000003
341.972	0.0	0.0	0.0005583150000000001
341.992	0.0	0.0	0.00055575
342.052	0.0	0.0	0.0005475
342.162	0.0	0.0	0.0005318400000000001
342.312	0.0	0.0	0.0005105700000000001
342.332	0.0	0.0	0.00049308
342.392	0.0	0.0	0.00044197500000000005
342.502	0.0	0.0	0.000346665
342.652	0.0	0.0	0.000218145
342.672	0.0	0.0	0.00019899000000000002
342.722	0.0	0.0	0.0001360365
342.832	0.0	0.0	1.4581500000000001e-05
342.982	0.0	0.0	-0.000151815
343.002	0.0	0.0	-0.00016692
343.062	0.0	0.0	-0.000215805
343.172	0.0	0.0	-0.000308895
343.322	0.0	0.0	-0.00043540500000000004
343.342	0.0	0.0	-0.000438675
343.402	0.0	0.0	-0.000448305
343.512	0.0	0.0	-0.0004663050000000001
343.662	0.0	0.0	-0.0004906050000000001
343.682	0.0	0.0	-0.00048156
343.732	0.0	0.0	-0.000451515
343.842	0.0	0.0	-0.00039343500000000003
343.992	0.0	0.0	-0.00031380000000000004
344.012	0.0	0.0	-0.000297165
344.072	0.0	0.0	-0.00024273000000000003
344.182	0.0	0.0	-0.000138861
344.332	0.0	0.0	2.3739000000000003e-06
344.352	0.0	0.0	1.9444500000000003e-05
344.412	0.0	0.0	7.02225e-05
344.522	0.0	0.0	0.00016530000000000003
344.672	0.0	0.0	0.00029368500000000007
344.692	0.0	0.0	0.00030009000000000004
344.742	0.0	0.0	0.0003216
344.852	0.0	0.0	0.00036327
345.002	0.0	0.0	0.00042044999999999995
345.022	0.0	0.0	0.000416385
345.082	0.0	0.0	0.00040297499999999997
345.192	0.0	0.0	0.00037734
345.342	0.0	0.0	0.00034245
345.362	0.0	0.0	0.00032881500000000004
345.422	0.0	0.0	0.00028789500000000003
345.532	0.0	0.0	0.000211125
345.682	0.0	0.0	0.00010739250000000001
345.702	0.0	0.0	9.44655e-05
345.752	0.0	0.0	5.05995e-05
345.862	0.0	0.0	-3.4596000000000006e-05
346.012	0.0	0.0	-0.00015153
346.032	0.0	0.0	-0.000160335
346.092	0.0	0.0	-0.00018970500000000003
346.202	0.0	0.0	-0.00024598500000000005
346.352	0.0	0.0	-0.00032260500000000006
346.372	0.0	0.0	-0.00032271000000000003
346.432	0.0	0.0	-0.00032307
346.542	0.0	0.0	-0.00032374500000000007
346.692	0.0	0.0	-0.00032466
346.712	0.0	0.0	-0.00031753500000000003
346.762	0.0	0.0	-0.00029277000000000003
346.872	0.0	0.0	-0.00024442500000000005
347.022	0.0	0.0	-0.000177945
347.042	0.0	0.0	-0.00016623
347.102	0.0	0.0	-0.00012830250000000001
347.212	0.0	0.0	-5.6281500000000007e-05
347.362	0.0	0.0	4.122900000000001e-05
347.382	0.0	0.0	4.9933500000000006e-05
347.432	0.0	0.0	7.95015e-05
347.542	0.0	0.0	0.00013697550000000002
347.692	0.0	0.0	0.00021591
347.712	0.0	0.0	0.00021900000000000004
347.772	0.0	0.0	0.00022954500000000003
347.882	0.0	0.0	0.000249825
348.032	0.0	0.0	0.00027747000000000004
348.052	0.0	0.0	0.00027319500000000006
348.112	0.0	0.0	0.00026007
348.222	0.0	0.0	0.00023532000000000002
348.372	0.0	0.0	0.000201795
348.392	0.0	0.0	0.00019413000000000004
348.442	0.0	0.0	0.00016729500000000003
348.552	0.0	0.0	0.00011487150000000001
348.702	0.0	0.0	4.2801000000000006e-05
348.722	0.0	0.0	3.4407000000000004e-05
348.782	0.0	0.0	5.593500000000001e-06
348.892	0.0	0.0	-4.99305e-05
349.042	0.0	0.0	-0.0001256475
349.062	0.0	0.0	-0.00013093650000000002
349.122	0.0	0.0	-0.0001473555
349.232	0.0	0.0	-0.00017839500000000003
349.382	0.0	0.0	-0.00022044000000000002
349.402	0.0	0.0	-0.00021972000000000002
349.452	0.0	0.0	-0.00021712499999999998
349.562	0.0	0.0	-0.000212055
349.712	0.0	0.0	-0.00020508
349.732	0.0	0.0	-0.00019963500000000004
349.782	0.0	0.0	-0.000180735
349.902	0.0	0.0	-0.00014425200000000001
350.052	0.0	0.0	-9.446849999999998e-05
350.072	0.0	0.0	-8.624250000000001e-05
350.132	0.0	0.0	-6.046050000000001e-05
350.242	0.0	0.0	-1.1611050000000001e-05
350.392	0.0	0.0	5.459099999999999e-05
350.412	0.0	0.0	5.9893500000000005e-05
350.462	0.0	0.0	7.8861e-05
350.572	0.0	0.0	0.00011608050000000002
350.722	0.0	0.0	0.00016731000000000002
350.742	0.0	0.0	0.00016884000000000002
350.792	0.0	0.0	0.000174165
350.912	0.0	0.0	0.00018448500000000002
351.062	0.0	0.0	0.00019857000000000002
351.082	0.0	0.0	0.00019496999999999998
351.142	0.0	0.0	0.00018355500000000001
351.252	0.0	0.0	0.000161895
351.402	0.0	0.0	0.00013251000000000002
351.422	0.0	0.0	0.000126729
351.472	0.0	0.0	0.00010580250000000001
351.582	0.0	0.0	6.4647e-05
351.732	0.0	0.0	7.958250000000001e-06
351.752	0.0	0.0	1.78935e-06
351.802	0.0	0.0	-2.0091e-05
351.922	0.0	0.0	-6.2526e-05
352.072	0.0	0.0	-0.00012049800000000002
352.092	0.0	0.0	-0.00012410400000000002
352.152	0.0	0.0	-0.000135627
352.262	0.0	0.0	-0.00015754500000000004
352.412	0.0	0.0	-0.00018730499999999997
352.432	0.0	0.0	-0.00018617999999999998
352.482	0.0	0.0	-0.0001821
352.592	0.0	0.0	-0.000174045
352.742	0.0	0.0	-0.00016294500000000003
352.762	0.0	0.0	-0.00015805500000000002
352.812	0.0	0.0	-0.000140487
352.932	0.0	0.0	-0.00010634699999999999
353.082	0.0	0.0	-5.9679e-05
353.102	0.0	0.0	-5.2700999999999996e-05
353.162	0.0	0.0	-3.0190500000000002e-05
353.272	0.0	0.0	1.2732000000000001e-05
353.422	0.0	0.0	7.101150000000001e-05
353.432	0.0	0.0	7.51425e-05
353.492	0.0	0.0	9.046350000000001e-05
353.602	0.0	0.0	0.00012072600000000001
353.752	0.0	0.0	0.000162465
353.772	0.0	0.0	0.00016308000000000002
353.822	0.0	0.0	0.00016533000000000002
353.942	0.0	0.0	0.00016971000000000003
354.092	0.0	0.0	0.00017571
354.112	0.0	0.0	0.00017184000000000004
354.172	0.0	0.0	0.000159225
354.282	0.0	0.0	0.00013513050000000002
354.432	0.0	0.0	0.00010239450000000002
354.442	0.0	0.0	9.713700000000002e-05
354.502	0.0	0.0	7.7391e-05
354.612	0.0	0.0	3.8304000000000005e-05
354.762	0.0	0.0	-1.56375e-05
354.782	0.0	0.0	-2.0740500000000002e-05
354.832	0.0	0.0	-3.94695e-05
354.952	0.0	0.0	-7.602300000000001e-05
355.102	0.0	0.0	-0.000126054
355.122	0.0	0.0	-0.0001284465
355.182	0.0	0.0	-0.0001363245
355.292	0.0	0.0	-0.00015141000000000004
355.442	0.0	0.0	-0.000171915
355.452	0.0	0.0	-0.00017028000000000003
355.512	0.0	0.0	-0.000164055
355.622	0.0	0.0	-0.00015171
355.772	0.0	0.0	-0.000134673
355.792	0.0	0.0	-0.0001300185
355.842	0.0	0.0	-0.00011273400000000002
355.962	0.0	0.0	-7.892550000000002e-05
356.112	0.0	0.0	-3.2626500000000003e-05
356.132	0.0	0.0	-2.6664e-05
356.192	0.0	0.0	-6.8421e-06
356.302	0.0	0.0	3.11985e-05
356.452	0.0	0.0	8.29425e-05
356.462	0.0	0.0	8.6025e-05
356.522	0.0	0.0	9.789299999999999e-05
356.632	0.0	0.0	0.00012148950000000002
356.782	0.0	0.0	0.00015409500000000003
356.802	0.0	0.0	0.00015396000000000002
356.852	0.0	0.0	0.00015346500000000004
356.972	0.0	0.0	0.000152505
357.122	0.0	0.0	0.000151185
357.142	0.0	0.0	0.0001472625
357.202	0.0	0.0	0.0001340745
357.312	0.0	0.0	0.00010871400000000002
357.462	0.0	0.0	7.419450000000001e-05
357.472	0.0	0.0	6.955500000000001e-05
357.532	0.0	0.0	5.145450000000001e-05
357.642	0.0	0.0	1.5384e-05
357.792	0.0	0.0	-3.44835e-05
357.812	0.0	0.0	-3.86055e-05
357.862	0.0	0.0	-5.42775e-05
357.982	0.0	0.0	-8.5062e-05
358.132	0.0	0.0	-0.00012727350000000002
358.152	0.0	0.0	-0.0001287225
358.212	0.0	0.0	-0.000133638
358.322	0.0	0.0	-0.000143112
358.472	0.0	0.0	-0.00015601500000000002
358.482	0.0	0.0	-0.00015408000000000002
358.542	0.0	0.0	-0.0001464225
358.652	0.0	0.0	-0.00013113150000000002
358.802	0.0	0.0	-0.0001099785
358.812	0.0	0.0	-0.00010560600000000002
358.872	0.0	0.0	-8.877600000000002e-05
358.992	0.0	0.0	-5.5647000000000004e-05
359.142	0.0	0.0	-1.01934e-05
359.162	0.0	0.0	-5.033550000000001e-06
359.212	0.0	0.0	1.267065e-05
359.332	0.0	0.0	4.6861500000000005e-05
359.482	0.0	0.0	9.34575e-05
359.492	0.0	0.0	9.577800000000002e-05
359.552	0.0	0.0	0.000105072
359.662	0.0	0.0	0.000123675
359.812	0.0	0.0	0.000149427
359.822	0.0	0.0	0.0001487565
359.882	0.0	0.0	0.000146145
359.992	0.0	0.0	0.0001409925
360.152	0.0	0.0	0.00013391850000000002
360.172	0.0	0.0	0.0001298955
360.222	0.0	0.0	0.00011597700000000002
360.342	0.0	0.0	8.905200000000001e-05
360.492	0.0	0.0	5.2344e-05
360.502	0.0	0.0	4.81635e-05
360.562	0.0	0.0	3.0900000000000006e-05
360.672	0.0	0.0	-3.84795e-06
360.822	0.0	0.0	-5.2038000000000006e-05
360.842	0.0	0.0	-5.573850000000001e-05
360.892	0.0	0.0	-6.964800000000001e-05
361.012	0.0	0.0	-9.683100000000001e-05
361.162	0.0	0.0	-0.000133947
361.172	0.0	0.0	-0.00013463250000000002
361.232	0.0	0.0	-0.00013738350000000002
361.342	0.0	0.0	-0.000142893
361.492	0.0	0.0	-0.000150525
361.502	0.0	0.0	-0.0001481475
361.562	0.0	0.0	-0.000138657
361.672	0.0	0.0	-0.00011985750000000002
361.832	0.0	0.0	-9.402e-05
361.852	0.0	0.0	-8.9016e-05
361.902	0.0	0.0	-7.133850000000001e-05
362.022	0.0	0.0	-3.700500000000001e-05
362.172	0.0	0.0	9.861750000000001e-06
362.182	0.0	0.0	1.3752750000000001e-05
362.242	0.0	0.0	2.9920500000000006e-05
362.352	0.0	0.0	6.247800000000001e-05
362.502	0.0	0.0	0.00010761600000000002
362.512	0.0	0.0	0.000109632
362.572	0.0	0.0	0.00011776050000000002
362.682	0.0	0.0	0.0001338885
362.842	0.0	0.0	0.00015606000000000002
362.862	0.0	0.0	0.00015468000000000003
362.912	0.0	0.0	0.00014976300000000002
363.032	0.0	0.0	0.0001401855
363.182	0.0	0.0	0.0001271025
363.192	0.0	0.0	0.00012360300000000002
363.252	0.0	0.0	0.00010885500000000001
363.362	0.0	0.0	7.909050000000001e-05
363.512	0.0	0.0	3.77985e-05
363.522	0.0	0.0	3.327150000000001e-05
363.582	0.0	0.0	1.4769e-05
363.692	0.0	0.0	-2.2017000000000003e-05
363.852	0.0	0.0	-7.262700000000001e-05
363.872	0.0	0.0	-7.611600000000001e-05
363.922	0.0	0.0	-8.87145e-05
364.042	0.0	0.0	-0.00011329050000000002
364.192	0.0	0.0	-0.0001468785
364.202	0.0	0.0	-0.00014695650000000002
364.262	0.0	0.0	-0.000147291
364.372	0.0	0.0	-0.00014797050000000004
364.522	0.0	0.0	-0.000148911
364.532	0.0	0.0	-0.000146061
364.592	0.0	0.0	-0.00013426350000000003
364.702	0.0	0.0	-0.00011075550000000001
364.862	0.0	0.0	-7.8393e-05
364.882	0.0	0.0	-7.338e-05
364.932	0.0	0.0	-5.5063500000000006e-05
365.052	0.0	0.0	-1.9258500000000002e-05
365.202	0.0	0.0	2.9706000000000003e-05
365.212	0.0	0.0	3.3087000000000004e-05
365.272	0.0	0.0	4.7764500000000007e-05
365.382	0.0	0.0	7.751550000000001e-05
365.532	0.0	0.0	0.000118839
365.542	0.0	0.0	0.00012009450000000001
365.602	0.0	0.0	0.00012535950000000003
365.712	0.0	0.0	0.00013587450000000003
365.872	0.0	0.0	0.00015036000000000002
365.892	0.0	0.0	0.000148386
365.942	0.0	0.0	0.00014109000000000002
366.062	0.0	0.0	0.00012679800000000001
366.212	0.0	0.0	0.000107241
366.222	0.0	0.0	0.00010384500000000002
366.282	0.0	0.0	8.888850000000001e-05
366.392	0.0	0.0	5.85e-05
366.542	0.0	0.0	1.6266e-05
366.552	0.0	0.0	1.243845e-05
366.612	0.0	0.0	-3.8511e-06
366.722	0.0	0.0	-3.6447000000000005e-05
366.882	0.0	0.0	-8.137500000000001e-05
366.902	0.0	0.0	-8.3832e-05
366.952	0.0	0.0	-9.3027e-05
367.072	0.0	0.0	-0.0001110765
367.222	0.0	0.0	-0.000135789
367.232	0.0	0.0	-0.000135339
367.292	0.0	0.0	-0.00013332750000000001
367.402	0.0	0.0	-0.00012923100000000002
367.552	0.0	0.0	-0.00012353400000000001
367.562	0.0	0.0	-0.00012078450000000001
367.622	0.0	0.0	-0.00010892100000000001
367.732	0.0	0.0	-8.512950000000001e-05
367.892	0.0	0.0	-5.2318500000000004e-05
367.912	0.0	0.0	-4.8091500000000005e-05
367.962	0.0	0.0	-3.2089500000000005e-05
368.082	0.0	0.0	-6.089700000000001e-07
368.232	0.0	0.0	4.2519000000000004e-05
368.242	0.0	0.0	4.507950000000001e-05
368.302	0.0	0.0	5.6713500000000005e-05
368.412	0.0	0.0	8.045550000000001e-05
368.562	0.0	0.0	0.00011349000000000003
368.572	0.0	0.0	0.00011415600000000002
368.632	0.0	0.0	0.00011707200000000002
368.742	0.0	0.0	0.000122934
368.902	0.0	0.0	0.000131022
368.912	0.0	0.0	0.000128961
368.972	0.0	0.0	0.00012106050000000002
369.092	0.0	0.0	0.00010548449999999999
369.242	0.0	0.0	8.41335e-05
369.252	0.0	0.0	8.1066e-05
369.312	0.0	0.0	6.690750000000001e-05
369.422	0.0	0.0	3.795000000000001e-05
369.572	0.0	0.0	-2.3667e-06
369.582	0.0	0.0	-5.7372e-06
369.642	0.0	0.0	-2.07075e-05
369.752	0.0	0.0	-5.085900000000001e-05
369.912	0.0	0.0	-9.249e-05
369.922	0.0	0.0	-9.4545e-05
369.982	0.0	0.0	-0.000102516
370.092	0.0	0.0	-0.00011826600000000001
370.252	0.0	0.0	-0.0001398705
370.262	0.0	0.0	-0.00013920150000000002
370.322	0.0	0.0	-0.00013606350000000002
370.432	0.0	0.0	-0.000129633
370.582	0.0	0.0	-0.00012067350000000002
370.592	0.0	0.0	-0.00011768100000000001
370.652	0.0	0.0	-0.0001041885
370.762	0.0	0.0	-7.695450000000002e-05
370.922	0.0	0.0	-3.933150000000001e-05
370.932	0.0	0.0	-3.4768500000000004e-05
370.992	0.0	0.0	-1.6836000000000003e-05
371.102	0.0	0.0	1.8667500000000004e-05
371.262	0.0	0.0	6.739650000000001e-05
371.272	0.0	0.0	7.00695e-05
371.332	0.0	0.0	8.28135e-05
371.442	0.0	0.0	0.00010899900000000002
371.592	0.0	0.0	0.0001455
371.602	0.0	0.0	0.00014593050000000002
371.662	0.0	0.0	0.00014790000000000002
371.772	0.0	0.0	0.00015189
371.932	0.0	0.0	0.000157395
371.942	0.0	0.0	0.000154515
372.002	0.0	0.0	0.000143064
372.112	0.0	0.0	0.0001203465
372.272	0.0	0.0	8.914800000000002e-05
372.282	0.0	0.0	8.528700000000001e-05
372.332	0.0	0.0	6.65655e-05
372.452	0.0	0.0	2.8015500000000003e-05
372.602	0.0	0.0	-2.5752000000000003e-05
372.612	0.0	0.0	-2.9739000000000004e-05
372.672	0.0	0.0	-4.8267000000000004e-05
372.782	0.0	0.0	-8.582550000000001e-05
372.942	0.0	0.0	-0.00013777500000000003
372.952	0.0	0.0	-0.00013976100000000002
373.012	0.0	0.0	-0.0001477665
373.122	0.0	0.0	-0.00016368000000000003
373.282	0.0	0.0	-0.00018556500000000003
373.292	0.0	0.0	-0.00018417000000000002
373.342	0.0	0.0	-0.00017734500000000003
373.462	0.0	0.0	-0.00016326
373.612	0.0	0.0	-0.0001435995
373.622	0.0	0.0	-0.0001395015
373.682	0.0	0.0	-0.00012016500000000001
373.792	0.0	0.0	-8.088450000000001e-05
373.952	0.0	0.0	-2.6520000000000004e-05
373.962	0.0	0.0	-2.09895e-05
374.022	0.0	0.0	1.60275e-06
374.132	0.0	0.0	4.662e-05
374.292	0.0	0.0	0.00010851750000000001
374.302	0.0	0.0	0.00011121000000000001
374.352	0.0	0.0	0.00012471900000000002
374.472	0.0	0.0	0.00015267000000000004
374.622	0.0	0.0	0.00019168499999999998
374.632	0.0	0.0	0.000191415
374.692	0.0	0.0	0.00019011000000000003
374.802	0.0	0.0	0.00018745500000000003
374.962	0.0	0.0	0.000183765
374.972	0.0	0.0	0.00017970000000000003
375.032	0.0	0.0	0.00016291500000000002
375.142	0.0	0.0	0.00012939750000000002
375.302	0.0	0.0	8.330100000000001e-05
375.312	0.0	0.0	7.899150000000001e-05
375.362	0.0	0.0	5.6476500000000014e-05
375.472	0.0	0.0	9.64815e-06
375.632	0.0	0.0	-5.5864500000000014e-05
375.642	0.0	0.0	-6.007650000000001e-05
375.702	0.0	0.0	-7.9338e-05
375.812	0.0	0.0	-0.00011818500000000001
375.972	0.0	0.0	-0.00017169
375.982	0.0	0.0	-0.00017268
376.032	0.0	0.0	-0.00017767500000000002
376.152	0.0	0.0	-0.00018802500000000003
376.302	0.0	0.0	-0.00020247
376.312	0.0	0.0	-0.00020022000000000003
376.372	0.0	0.0	-0.000189105
376.482	0.0	0.0	-0.00016639500000000004
376.642	0.0	0.0	-0.00013492200000000002
376.652	0.0	0.0	-0.000129672
376.712	0.0	0.0	-0.000107436
376.822	0.0	0.0	-6.28755e-05
376.982	0.0	0.0	-1.5096e-06
376.992	0.0	0.0	2.4393000000000005e-06
377.042	0.0	0.0	2.3238000000000003e-05
377.152	0.0	0.0	6.6519e-05
377.312	0.0	0.0	0.00012705
377.322	0.0	0.0	0.0001292595
377.382	0.0	0.0	0.0001403235
377.492	0.0	0.0	0.00016297500000000002
377.652	0.0	0.0	0.0001944
377.662	0.0	0.0	0.00019324499999999998
377.722	0.0	0.0	0.00018828000000000003
377.832	0.0	0.0	0.00017830500000000002
377.992	0.0	0.0	0.000164565
378.002	0.0	0.0	0.00016138500000000003
378.052	0.0	0.0	0.0001443045
378.162	0.0	0.0	0.00010869000000000002
378.322	0.0	0.0	5.884950000000001e-05
378.332	0.0	0.0	5.456400000000001e-05
378.392	0.0	0.0	3.272400000000001e-05
378.502	0.0	0.0	-1.2093150000000001e-05
378.662	0.0	0.0	-7.428450000000002e-05
378.672	0.0	0.0	-7.7805e-05
378.732	0.0	0.0	-9.313350000000001e-05
378.842	0.0	0.0	-0.00012398700000000002
379.002	0.0	0.0	-0.00016653000000000002
379.012	0.0	0.0	-0.00016678500000000002
379.062	0.0	0.0	-0.00016818000000000003
379.172	0.0	0.0	-0.00017110500000000004
379.332	0.0	0.0	-0.00017521500000000002
379.342	0.0	0.0	-0.00017283000000000004
379.402	0.0	0.0	-0.000160485
379.512	0.0	0.0	-0.00013511100000000001
379.672	0.0	0.0	-9.98715e-05
379.682	0.0	0.0	-9.532350000000002e-05
379.742	0.0	0.0	-7.5228e-05
379.852	0.0	0.0	-3.46935e-05
380.012	0.0	0.0	2.12265e-05
380.022	0.0	0.0	2.4222000000000003e-05
380.072	0.0	0.0	4.093500000000001e-05
380.182	0.0	0.0	7.5951e-05
380.342	0.0	0.0	0.00012501
380.352	0.0	0.0	0.000126333
380.412	0.0	0.0	0.00013332
380.522	0.0	0.0	0.0001477185
380.682	0.0	0.0	0.00016773
380.692	0.0	0.0	0.00016623
380.752	0.0	0.0	0.00015954
380.862	0.0	0.0	0.000146013
381.022	0.0	0.0	0.00012734100000000003
381.032	0.0	0.0	0.00012458100000000002
381.082	0.0	0.0	0.00010886850000000001
381.192	0.0	0.0	7.587450000000001e-05
381.352	0.0	0.0	2.9623500000000005e-05
381.362	0.0	0.0	2.6235000000000002e-05
381.422	0.0	0.0	8.01495e-06
381.532	0.0	0.0	-2.9616000000000002e-05
381.692	0.0	0.0	-8.192700000000002e-05
381.702	0.0	0.0	-8.44335e-05
381.762	0.0	0.0	-9.583950000000001e-05
381.872	0.0	0.0	-0.000118947
382.032	0.0	0.0	-0.000150855
382.042	0.0	0.0	-0.00015072000000000002
382.092	0.0	0.0	-0.00014994900000000002
382.202	0.0	0.0	-0.0001483125
382.362	0.0	0.0	-0.00014601750000000003
382.372	0.0	0.0	-0.00014377350000000002
382.432	0.0	0.0	-0.00013148400000000002
382.542	0.0	0.0	-0.00010604550000000001
382.702	0.0	0.0	-7.066200000000001e-05
382.712	0.0	0.0	-6.67425e-05
382.772	0.0	0.0	-4.8622500000000004e-05
382.882	0.0	0.0	-1.183455e-05
383.042	0.0	0.0	3.90045e-05
383.052	0.0	0.0	4.1394000000000004e-05
383.102	0.0	0.0	5.558550000000001e-05
383.212	0.0	0.0	8.551950000000001e-05
383.372	0.0	0.0	0.00012753000000000002
383.382	0.0	0.0	0.0001283805
383.442	0.0	0.0	0.0001331235
383.552	0.0	0.0	0.0001429605
383.712	0.0	0.0	0.00015666
383.722	0.0	0.0	0.00015495000000000003
383.782	0.0	0.0	0.00014696550000000002
383.892	0.0	0.0	0.00013071600000000001
384.052	0.0	0.0	0.00010824600000000002
384.062	0.0	0.0	0.00010561650000000001
384.112	0.0	0.0	8.966100000000001e-05
384.222	0.0	0.0	5.5932000000000006e-05
384.382	0.0	0.0	8.568e-06
384.392	0.0	0.0	5.4771000000000005e-06
384.452	0.0	0.0	-1.21095e-05
384.562	0.0	0.0	-4.867200000000001e-05
384.722	0.0	0.0	-9.95835e-05
384.732	0.0	0.0	-0.0001016685
384.792	0.0	0.0	-0.00011160750000000001
384.902	0.0	0.0	-0.000131874
385.062	0.0	0.0	-0.000159915
385.072	0.0	0.0	-0.00015948
385.122	0.0	0.0	-0.00015678000000000003
385.232	0.0	0.0	-0.00015105
385.392	0.0	0.0	-0.00014300100000000002
385.402	0.0	0.0	-0.000140535
385.452	0.0	0.0	-0.00012622350000000002
385.572	0.0	0.0	-9.640500000000001e-05
385.732	0.0	0.0	-5.4858e-05
385.742	0.0	0.0	-5.0893499999999996e-05
385.802	0.0	0.0	-3.1672500000000005e-05
385.912	0.0	0.0	7.6008e-06
386.072	0.0	0.0	6.197100000000001e-05
386.082	0.0	0.0	6.41175e-05
386.132	0.0	0.0	7.7745e-05
386.242	0.0	0.0	0.0001066845
386.402	0.0	0.0	0.00014736900000000003
386.412	0.0	0.0	0.00014779650000000001
386.462	0.0	0.0	0.00015033
386.582	0.0	0.0	0.00015561
386.742	0.0	0.0	0.00016297500000000002
386.752	0.0	0.0	0.0001608
386.812	0.0	0.0	0.00015003000000000003
386.922	0.0	0.0	0.00012798
387.082	0.0	0.0	9.744000000000002e-05
387.092	0.0	0.0	9.47415e-05
387.142	0.0	0.0	7.720200000000001e-05
387.252	0.0	0.0	3.987e-05
387.412	0.0	0.0	-1.2643500000000002e-05
387.422	0.0	0.0	-1.5466500000000002e-05
387.472	0.0	0.0	-3.25365e-05
387.592	0.0	0.0	-6.825900000000001e-05
387.752	0.0	0.0	-0.00011808600000000002
387.762	0.0	0.0	-0.00011957100000000001
387.822	0.0	0.0	-0.00012701550000000002
387.932	0.0	0.0	-0.00014229150000000002
388.092	0.0	0.0	-0.00016347000000000003
388.102	0.0	0.0	-0.00016264500000000003
388.152	0.0	0.0	-0.00015724500000000003
388.262	0.0	0.0	-0.000145689
388.422	0.0	0.0	-0.000129435
388.432	0.0	0.0	-0.0001269105
388.482	0.0	0.0	-0.00011131500000000001
388.602	0.0	0.0	-7.861050000000002e-05
388.762	0.0	0.0	-3.29655e-05
388.772	0.0	0.0	-2.9440500000000004e-05
388.832	0.0	0.0	-1.14792e-05
388.942	0.0	0.0	2.5461e-05
389.102	0.0	0.0	7.6692e-05
389.112	0.0	0.0	7.82595e-05
389.162	0.0	0.0	8.895450000000001e-05
389.272	0.0	0.0	0.00011182350000000001
389.432	0.0	0.0	0.00014403000000000002
389.442	0.0	0.0	0.0001439655
389.492	0.0	0.0	0.000143553
389.612	0.0	0.0	0.00014268750000000002
389.772	0.0	0.0	0.0001414785
389.782	0.0	0.0	0.000139218
389.842	0.0	0.0	0.00012754050000000002
389.952	0.0	0.0	0.0001034865
390.112	0.0	0.0	7.011300000000001e-05
390.122	0.0	0.0	6.7929e-05
390.172	0.0	0.0	5.21385e-05
390.282	0.0	0.0	1.8186000000000002e-05
390.442	0.0	0.0	-2.9718000000000002e-05
390.452	0.0	0.0	-3.20445e-05
390.502	0.0	0.0	-4.579800000000001e-05
390.622	0.0	0.0	-7.443e-05
390.782	0.0	0.0	-0.00011420250000000002
390.792	0.0	0.0	-0.00011481300000000001
390.842	0.0	0.0	-0.0001189935
390.952	0.0	0.0	-0.00012794100000000001
391.112	0.0	0.0	-0.000140547
391.122	0.0	0.0	-0.0001395435
391.172	0.0	0.0	-0.00013293000000000002
391.292	0.0	0.0	-0.00011896950000000003
391.452	0.0	0.0	-9.945600000000002e-05
391.462	0.0	0.0	-9.675000000000002e-05
391.522	0.0	0.0	-8.228400000000001e-05
391.632	0.0	0.0	-5.23605e-05
391.792	0.0	0.0	-1.0798200000000001e-05
391.802	0.0	0.0	-8.85105e-06
391.852	0.0	0.0	5.388450000000001e-06
391.962	0.0	0.0	3.6021000000000006e-05
392.122	0.0	0.0	7.922550000000001e-05
392.132	0.0	0.0	8.049450000000001e-05
392.182	0.0	0.0	8.900850000000002e-05
392.302	0.0	0.0	0.000107007
392.462	0.0	0.0	0.0001321785
392.472	0.0	0.0	0.0001318065
392.532	0.0	0.0	0.000129786
392.642	0.0	0.0	0.000125598
392.802	0.0	0.0	0.00011977650000000001
392.812	0.0	0.0	0.00011832900000000003
392.862	0.0	0.0	0.0001074525
392.972	0.0	0.0	8.400000000000001e-05
393.132	0.0	0.0	5.0904e-05
393.142	0.0	0.0	4.8666000000000005e-05
393.192	0.0	0.0	3.3291000000000004e-05
393.312	0.0	0.0	7.173600000000001e-07
393.472	0.0	0.0	-4.4865000000000005e-05
393.482	0.0	0.0	-4.7045999999999996e-05
393.542	0.0	0.0	-5.91405e-05
393.652	0.0	0.0	-8.427e-05
393.812	0.0	0.0	-0.0001192125
393.822	0.0	0.0	-0.00011954850000000001
393.872	0.0	0.0	-0.000122139
393.982	0.0	0.0	-0.00012773850000000002
394.142	0.0	0.0	-0.00013564500000000002
394.152	0.0	0.0	-0.000134517
394.202	0.0	0.0	-0.00012657450000000002
394.322	0.0	0.0	-0.000109713
394.482	0.0	0.0	-8.610300000000001e-05
394.492	0.0	0.0	-8.3424e-05
394.542	0.0	0.0	-6.827850000000001e-05
394.662	0.0	0.0	-3.6744000000000006e-05
394.822	0.0	0.0	7.132950000000001e-06
394.832	0.0	0.0	8.886900000000001e-06
394.882	0.0	0.0	2.28555e-05
394.992	0.0	0.0	5.3112e-05
395.152	0.0	0.0	9.585750000000001e-05
395.162	0.0	0.0	9.68505e-05
395.212	0.0	0.0	0.00010402050000000002
395.332	0.0	0.0	0.00011927850000000001
395.492	0.0	0.0	0.0001406535
395.502	0.0	0.0	0.00013994850000000002
395.552	0.0	0.0	0.0001358835
395.672	0.0	0.0	0.000127398
395.832	0.0	0.0	0.000115587
395.842	0.0	0.0	0.0001140585
395.892	0.0	0.0	0.00010150500000000001
396.002	0.0	0.0	7.425300000000001e-05
396.162	0.0	0.0	3.57285e-05
396.172	0.0	0.0	3.3588000000000004e-05
396.222	0.0	0.0	1.77255e-05
396.342	0.0	0.0	-1.6105500000000004e-05
396.502	0.0	0.0	-6.3525e-05
396.512	0.0	0.0	-6.53715e-05
396.562	0.0	0.0	-7.6236e-05
396.682	0.0	0.0	-9.895500000000002e-05
396.842	0.0	0.0	-0.0001306005
396.852	0.0	0.0	-0.000130647
396.902	0.0	0.0	-0.0001310445
397.012	0.0	0.0	-0.00013190850000000003
397.172	0.0	0.0	-0.000133131
397.182	0.0	0.0	-0.00013182900000000003
397.232	0.0	0.0	-0.000121917
397.352	0.0	0.0	-0.000100734
397.512	0.0	0.0	-7.102350000000001e-05
397.522	0.0	0.0	-6.84495e-05
397.572	0.0	0.0	-5.299650000000001e-05
397.692	0.0	0.0	-2.0607000000000004e-05
397.852	0.0	0.0	2.4534e-05
397.862	0.0	0.0	2.5947000000000004e-05
397.912	0.0	0.0	3.8307e-05
398.022	0.0	0.0	6.526200000000001e-05
398.182	0.0	0.0	0.00010341150000000001
398.192	0.0	0.0	0.0001039875
398.242	0.0	0.0	0.00010849350000000001
398.362	0.0	0.0	0.00011814900000000001
398.522	0.0	0.0	0.000131697
398.532	0.0	0.0	0.00013072050000000003
398.582	0.0	0.0	0.000124737
398.702	0.0	0.0	0.00011217000000000002
398.862	0.0	0.0	9.464400000000001e-05
398.872	0.0	0.0	9.327900000000001e-05
398.922	0.0	0.0	8.09325e-05
399.032	0.0	0.0	5.3944500000000005e-05
399.192	0.0	0.0	1.57275e-05
399.202	0.0	0.0	1.4047200000000003e-05
399.252	0.0	0.0	5.188500000000001e-07
399.372	0.0	0.0	-2.8524000000000003e-05
399.532	0.0	0.0	-6.93e-05
399.542	0.0	0.0	-7.0536e-05
399.592	0.0	0.0	-7.828500000000001e-05
399.712	0.0	0.0	-9.459600000000001e-05
399.872	0.0	0.0	-0.00011735400000000002
399.882	0.0	0.0	-0.0001171965
399.932	0.0	0.0	-0.00011572800000000001
400.042	0.0	0.0	-0.0001125075
400.202	0.0	0.0	-0.00010794450000000002
400.212	0.0	0.0	-0.0001067775
400.262	0.0	0.0	-9.7098e-05
400.382	0.0	0.0	-7.627050000000001e-05
400.542	0.0	0.0	-4.7013000000000005e-05
400.552	0.0	0.0	-4.4929500000000004e-05
400.602	0.0	0.0	-3.1570500000000005e-05
400.722	0.0	0.0	-3.39135e-06
400.882	0.0	0.0	3.59505e-05
400.892	0.0	0.0	3.6978000000000004e-05
400.942	0.0	0.0	4.6969500000000005e-05
401.052	0.0	0.0	6.89115e-05
401.212	0.0	0.0	0.00010001549999999999
401.222	0.0	0.0	0.000100353
401.272	0.0	0.0	0.00010324050000000002
401.392	0.0	0.0	0.00010946400000000001
401.552	0.0	0.0	0.00011821350000000002
401.562	0.0	0.0	0.0001172325
401.612	0.0	0.0	0.00011079150000000001
401.732	0.0	0.0	9.717750000000002e-05
401.892	0.0	0.0	7.815750000000001e-05
401.902	0.0	0.0	7.69425e-05
401.952	0.0	0.0	6.4677e-05
402.062	0.0	0.0	3.7680000000000005e-05
402.222	0.0	0.0	-6.11535e-07
402.232	0.0	0.0	-2.1519000000000005e-06
402.282	0.0	0.0	-1.5741000000000004e-05
402.402	0.0	0.0	-4.510800000000001e-05
402.562	0.0	0.0	-8.640750000000001e-05
402.572	0.0	0.0	-8.756250000000002e-05
402.622	0.0	0.0	-9.53115e-05
402.742	0.0	0.0	-0.00011172900000000003
402.902	0.0	0.0	-0.00013467600000000002
402.902	0.0	0.0	-0.000134448
402.962	0.0	0.0	-0.00013206
403.072	0.0	0.0	-0.0001267905
403.232	0.0	0.0	-0.00011931300000000001
403.242	0.0	0.0	-0.00011795400000000002
403.292	0.0	0.0	-0.00010556699999999999
403.412	0.0	0.0	-7.873950000000001e-05
403.572	0.0	0.0	-4.09905e-05
403.582	0.0	0.0	-3.8487000000000006e-05
403.632	0.0	0.0	-2.12805e-05
403.752	0.0	0.0	1.5256500000000002e-05
403.912	0.0	0.0	6.63525e-05
403.912	0.0	0.0	6.7515e-05
403.972	0.0	0.0	8.023350000000001e-05
404.082	0.0	0.0	0.000108357
404.242	0.0	0.0	0.0001482915
404.252	0.0	0.0	0.00014855700000000003
404.302	0.0	0.0	0.00015106500000000003
404.422	0.0	0.0	0.000156495
404.582	0.0	0.0	0.00016414500000000004
404.592	0.0	0.0	0.00016258500000000003
404.642	0.0	0.0	0.00015163500000000003
404.762	0.0	0.0	0.000128361
404.922	0.0	0.0	9.579599999999999e-05
404.922	0.0	0.0	9.424800000000001e-05
404.982	0.0	0.0	7.555500000000002e-05
405.092	0.0	0.0	3.3984000000000005e-05
405.252	0.0	0.0	-2.5150500000000003e-05
405.262	0.0	0.0	-2.74455e-05
405.312	0.0	0.0	-4.6966500000000005e-05
405.432	0.0	0.0	-8.892900000000002e-05
405.592	0.0	0.0	-0.0001477065
405.592	0.0	0.0	-0.00014850600000000002
405.652	0.0	0.0	-0.00015730500000000003
405.762	0.0	0.0	-0.00017676
405.922	0.0	0.0	-0.00020441999999999997
405.932	0.0	0.0	-0.00020377500000000003
405.982	0.0	0.0	-0.00019722
406.102	0.0	0.0	-0.00018294
406.262	0.0	0.0	-0.00016282500000000001
406.272	0.0	0.0	-0.00016002000000000003
406.322	0.0	0.0	-0.00013930800000000002
406.442	0.0	0.0	-9.50775e-05
406.602	0.0	0.0	-3.313200000000001e-05
406.602	0.0	0.0	-3.1206000000000006e-05
406.662	0.0	0.0	-7.469400000000001e-06
406.772	0.0	0.0	4.5340500000000004e-05
406.932	0.0	0.0	0.00012044100000000002
406.942	0.0	0.0	0.00012208800000000001
406.992	0.0	0.0	0.00013919100000000002
407.112	0.0	0.0	0.00017653500000000002
407.272	0.0	0.0	0.00022918500000000002
407.282	0.0	0.0	0.00022915500000000004
407.332	0.0	0.0	0.00022897500000000002
407.452	0.0	0.0	0.00022857000000000004
407.612	0.0	0.0	0.00022801500000000003
407.612	0.0	0.0	0.00022665
407.662	0.0	0.0	0.00020904000000000002
407.782	0.0	0.0	0.00016974
407.942	0.0	0.0	0.0001138395
407.942	0.0	0.0	0.00011116350000000001
408.002	0.0	0.0	8.22765e-05
408.122	0.0	0.0	1.9065e-05
408.282	0.0	0.0	-7.011e-05
408.292	0.0	0.0	-7.34235e-05
408.342	0.0	0.0	-9.913050000000002e-05
408.462	0.0	0.0	-0.00015429000000000002
408.622	0.0	0.0	-0.000231615
408.622	0.0	0.0	-0.00023223000000000002
408.672	0.0	0.0	-0.00024064500000000005
408.792	0.0	0.0	-0.00025944
408.952	0.0	0.0	-0.0002862
408.952	0.0	0.0	-0.000285015
409.012	0.0	0.0	-0.00027160500000000007
409.122	0.0	0.0	-0.00024223500000000004
409.292	0.0	0.0	-0.00020076000000000002
409.302	0.0	0.0	-0.00019689000000000002
409.352	0.0	0.0	-0.00016596000000000002
409.472	0.0	0.0	-9.947550000000001e-05
409.632	0.0	0.0	-6.195899999999999e-06
409.632	0.0	0.0	-4.0026000000000004e-06
409.682	0.0	0.0	2.7582e-05
409.802	0.0	0.0	9.834000000000001e-05
409.962	0.0	0.0	0.00019912500000000003
409.962	0.0	0.0	0.000200775
410.022	0.0	0.0	0.000220005
410.132	0.0	0.0	0.00026229000000000004
410.302	0.0	0.0	0.00032200500000000005
410.312	0.0	0.0	0.00032133
410.362	0.0	0.0	0.000315795
410.482	0.0	0.0	0.000303855
410.642	0.0	0.0	0.00028711500000000006
410.642	0.0	0.0	0.00028533000000000003
410.692	0.0	0.0	0.00025818
410.812	0.0	0.0	0.00019723500000000003
410.972	0.0	0.0	0.00011036100000000001
410.972	0.0	0.0	0.00010722750000000002
411.032	0.0	0.0	6.87825e-05
411.142	0.0	0.0	-1.5909e-05
411.312	0.0	0.0	-0.000135579
411.322	0.0	0.0	-0.000139101
411.372	0.0	0.0	-0.00016893
411.492	0.0	0.0	-0.00023337
411.652	0.0	0.0	-0.00032385
411.652	0.0	0.0	-0.000324165
411.702	0.0	0.0	-0.00032928000000000005
411.822	0.0	0.0	-0.000340815
411.982	0.0	0.0	-0.000357255
411.982	0.0	0.0	-0.00035551500000000004
412.042	0.0	0.0	-0.00033319500000000005
412.152	0.0	0.0	-0.00028392
412.322	0.0	0.0	-0.00021426000000000003
412.332	0.0	0.0	-0.00020964000000000003
412.382	0.0	0.0	-0.00016917
412.502	0.0	0.0	-8.160450000000001e-05
412.662	0.0	0.0	4.144950000000001e-05
412.662	0.0	0.0	4.3527000000000005e-05
412.712	0.0	0.0	7.959300000000001e-05
412.832	0.0	0.0	0.00016095
412.992	0.0	0.0	0.000277035
412.992	0.0	0.0	0.00027828
413.052	0.0	0.0	0.000295245
413.162	0.0	0.0	0.000332745
413.332	0.0	0.0	0.000385815
413.342	0.0	0.0	0.000384345
413.392	0.0	0.0	0.00037119000000000003
413.512	0.0	0.0	0.00034264500000000004
413.672	0.0	0.0	0.00030250500000000006
413.672	0.0	0.0	0.00030064500000000005
413.722	0.0	0.0	0.00026596500000000006
413.842	0.0	0.0	0.00018756000000000003
414.002	0.0	0.0	7.563e-05
414.002	0.0	0.0	7.268250000000001e-05
414.062	0.0	0.0	3.0766500000000004e-05
414.172	0.0	0.0	-6.219e-05
414.342	0.0	0.0	-0.00019375500000000002
414.352	0.0	0.0	-0.00019665000000000004
414.402	0.0	0.0	-0.00022363500000000002
414.522	0.0	0.0	-0.00028230000000000003
414.682	0.0	0.0	-0.000364815
414.682	0.0	0.0	-0.00036475500000000003
414.732	0.0	0.0	-0.00036339
414.852	0.0	0.0	-0.00036028500000000006
415.012	0.0	0.0	-0.00035584500000000003
415.012	0.0	0.0	-0.00035397
415.072	0.0	0.0	-0.000325755
415.182	0.0	0.0	-0.000263025
415.352	0.0	0.0	-0.00017419500000000004
415.362	0.0	0.0	-0.00016993500000000002
415.412	0.0	0.0	-0.000128649
415.532	0.0	0.0	-3.87105e-05
415.692	0.0	0.0	8.788050000000001e-05
415.692	0.0	0.0	8.93085e-05
415.742	0.0	0.0	0.000120576
415.862	0.0	0.0	0.00019161000000000004
416.022	0.0	0.0	0.00029311500000000004
416.022	0.0	0.0	0.00029370000000000004
416.082	0.0	0.0	0.00030312000000000004
416.192	0.0	0.0	0.00032409
416.362	0.0	0.0	0.00035382
416.372	0.0	0.0	0.00035202000000000003
416.422	0.0	0.0	0.00033402000000000003
416.542	0.0	0.0	0.00029470500000000003
416.702	0.0	0.0	0.00023934
416.702	0.0	0.0	0.00023796
416.752	0.0	0.0	0.00020493000000000003
416.872	0.0	0.0	0.00012973950000000003
417.032	0.0	0.0	2.2219500000000003e-05
417.032	0.0	0.0	2.0215500000000003e-05
417.092	0.0	0.0	-1.3745400000000002e-05
417.202	0.0	0.0	-8.95665e-05
417.372	0.0	0.0	-0.00019705500000000002
417.382	0.0	0.0	-0.00019870500000000003
417.432	0.0	0.0	-0.00021586499999999998
417.552	0.0	0.0	-0.00025342500000000005
417.712	0.0	0.0	-0.000306345
417.712	0.0	0.0	-0.000306105
417.762	0.0	0.0	-0.00029958000000000003
417.882	0.0	0.0	-0.00028470000000000004
418.042	0.0	0.0	-0.0002634
418.042	0.0	0.0	-0.00026199000000000003
418.102	0.0	0.0	-0.00023655000000000003
418.212	0.0	0.0	-0.00017961
418.382	0.0	0.0	-9.883799999999999e-05
418.382	0.0	0.0	-9.594e-05
418.442	0.0	0.0	-6.487950000000001e-05
418.562	0.0	0.0	3.2088000000000005e-06
418.722	0.0	0.0	9.918600000000001e-05
418.722	0.0	0.0	9.975150000000001e-05
418.772	0.0	0.0	0.00011951400000000001
418.892	0.0	0.0	0.00016488
419.052	0.0	0.0	0.00022989
419.052	0.0	0.0	0.00023004
419.112	0.0	0.0	0.00023229000000000001
419.222	0.0	0.0	0.00023725500000000002
419.392	0.0	0.0	0.00024426000000000005
419.392	0.0	0.0	0.000243705
419.442	0.0	0.0	0.00022869000000000003
419.562	0.0	0.0	0.00019436999999999997
419.722	0.0	0.0	0.0001452705
419.722	0.0	0.0	0.000144093
419.772	0.0	0.0	0.00011947800000000001
419.892	0.0	0.0	6.416850000000001e-05
420.062	0.0	0.0	-1.4357550000000003e-05
420.062	0.0	0.0	-1.6221000000000003e-05
420.122	0.0	0.0	-3.7803000000000004e-05
420.232	0.0	0.0	-8.5314e-05
420.402	0.0	0.0	-0.00015235500000000001
420.402	0.0	0.0	-0.00015258
420.452	0.0	0.0	-0.00016059000000000003
420.572	0.0	0.0	-0.00017899500000000002
420.732	0.0	0.0	-0.00020534999999999998
420.732	0.0	0.0	-0.00020503500000000003
420.782	0.0	0.0	-0.00019797000000000003
420.902	0.0	0.0	-0.00018204
421.072	0.0	0.0	-0.00015943500000000003
421.072	0.0	0.0	-0.00015792
421.132	0.0	0.0	-0.000139512
421.242	0.0	0.0	-9.890250000000002e-05
421.412	0.0	0.0	-4.1565000000000006e-05
421.412	0.0	0.0	-4.1131500000000004e-05
421.462	0.0	0.0	-2.2158e-05
421.582	0.0	0.0	2.1519000000000002e-05
421.742	0.0	0.0	8.412750000000001e-05
421.742	0.0	0.0	8.464200000000001e-05
421.792	0.0	0.0	9.71535e-05
421.912	0.0	0.0	0.0001253775
422.082	0.0	0.0	0.00016549500000000001
422.082	0.0	0.0	0.00016546500000000003
422.142	0.0	0.0	0.00016513500000000004
422.252	0.0	0.0	0.000164415
422.422	0.0	0.0	0.00016339500000000002
422.422	0.0	0.0	0.00016317000000000003
422.472	0.0	0.0	0.000151485
422.592	0.0	0.0	0.0001245195
422.752	0.0	0.0	8.584200000000001e-05
422.752	0.0	0.0	8.516400000000001e-05
422.802	0.0	0.0	6.7002e-05
422.922	0.0	0.0	2.5939500000000005e-05
423.092	0.0	0.0	-3.24495e-05
423.092	0.0	0.0	-3.3628500000000005e-05
423.152	0.0	0.0	-4.93305e-05
423.262	0.0	0.0	-8.413200000000001e-05
423.432	0.0	0.0	-0.0001333185
423.432	0.0	0.0	-0.00013339650000000002
423.482	0.0	0.0	-0.000138732
423.602	0.0	0.0	-0.00015106500000000003
423.762	0.0	0.0	-0.00016878000000000002
423.762	0.0	0.0	-0.00016854
423.812	0.0	0.0	-0.00016158
423.932	0.0	0.0	-0.0001458165
424.102	0.0	0.0	-0.000123384
424.102	0.0	0.0	-0.00012219000000000002
424.162	0.0	0.0	-0.00010545300000000001
424.272	0.0	0.0	-6.828e-05
424.442	0.0	0.0	-1.5709500000000003e-05
424.442	0.0	0.0	-1.55265e-05
424.492	0.0	0.0	1.8396000000000001e-06
424.612	0.0	0.0	4.2096000000000005e-05
424.772	0.0	0.0	9.98925e-05
424.772	0.0	0.0	0.00010022400000000001
424.822	0.0	0.0	0.00011144250000000002
424.942	0.0	0.0	0.0001369245
425.112	0.0	0.0	0.00017319000000000001
425.112	0.0	0.0	0.00017308500000000001
425.172	0.0	0.0	0.00017136
425.282	0.0	0.0	0.00016755
425.452	0.0	0.0	0.00016215000000000004
425.452	0.0	0.0	0.00016206
425.502	0.0	0.0	0.00014857350000000002
425.612	0.0	0.0	0.000117219
425.782	0.0	0.0	7.218e-05
425.782	0.0	0.0	7.165950000000001e-05
425.832	0.0	0.0	5.1348e-05
425.952	0.0	0.0	5.112300000000001e-06
426.122	0.0	0.0	-6.073350000000001e-05
426.122	0.0	0.0	-6.181200000000001e-05
426.182	0.0	0.0	-7.87035e-05
426.292	0.0	0.0	-0.000116391
426.462	0.0	0.0	-0.00016974
426.462	0.0	0.0	-0.000169755
426.512	0.0	0.0	-0.000174135
426.622	0.0	0.0	-0.00018433500000000002
426.792	0.0	0.0	-0.00019900500000000004
426.792	0.0	0.0	-0.00019878000000000002
426.842	0.0	0.0	-0.00018835500000000002
426.962	0.0	0.0	-0.000164565
427.132	0.0	0.0	-0.000130683
427.132	0.0	0.0	-0.00012939450000000002
427.192	0.0	0.0	-0.0001079085
427.302	0.0	0.0	-5.9865000000000004e-05
427.472	0.0	0.0	8.185500000000002e-06
427.472	0.0	0.0	8.149800000000001e-06
427.522	0.0	0.0	2.8954500000000002e-05
427.632	0.0	0.0	7.752900000000001e-05
427.802	0.0	0.0	0.00014738100000000003
427.802	0.0	0.0	0.0001475895
427.852	0.0	0.0	0.00015927000000000004
427.972	0.0	0.0	0.00018597000000000004
428.142	0.0	0.0	0.00022402500000000004
428.142	0.0	0.0	0.00022374000000000002
428.202	0.0	0.0	0.00021858
428.312	0.0	0.0	0.000207015
428.482	0.0	0.0	0.00019062000000000001
428.482	0.0	0.0	0.00019065
428.532	0.0	0.0	0.00017166000000000002
428.642	0.0	0.0	0.000127059
428.812	0.0	0.0	6.2877e-05
428.812	0.0	0.0	6.2517e-05
428.862	0.0	0.0	3.66885e-05
428.982	0.0	0.0	-2.2509000000000004e-05
429.152	0.0	0.0	-0.000106947
429.152	0.0	0.0	-0.0001079535
429.212	0.0	0.0	-0.00012715500000000003
429.322	0.0	0.0	-0.00017028000000000003
429.492	0.0	0.0	-0.00023143500000000002
429.492	0.0	0.0	-0.00023125500000000003
429.542	0.0	0.0	-0.00023361000000000004
429.652	0.0	0.0	-0.00023877000000000002
429.822	0.0	0.0	-0.00024618000000000003
429.822	0.0	0.0	-0.00024601500000000004
429.872	0.0	0.0	-0.00022965000000000003
429.992	0.0	0.0	-0.00019206000000000003
430.162	0.0	0.0	-0.00013841550000000003
430.162	0.0	0.0	-0.00013704150000000003
430.212	0.0	0.0	-0.0001087545
430.332	0.0	0.0	-4.5078000000000004e-05
430.502	0.0	0.0	4.52625e-05
430.502	0.0	0.0	4.48845e-05
430.552	0.0	0.0	6.95685e-05
430.662	0.0	0.0	0.00012754050000000002
430.832	0.0	0.0	0.00021103500000000001
430.832	0.0	0.0	0.00021111000000000003
430.882	0.0	0.0	0.00022203000000000001
431.002	0.0	0.0	0.000247185
431.172	0.0	0.0	0.000283095
431.172	0.0	0.0	0.00028261500000000006
431.222	0.0	0.0	0.00027207
431.342	0.0	0.0	0.00024828000000000003
431.512	0.0	0.0	0.00021451500000000003
431.512	0.0	0.0	0.00021469500000000004
431.562	0.0	0.0	0.00018915000000000002
431.672	0.0	0.0	0.00012821700000000002
431.842	0.0	0.0	4.0417500000000004e-05
431.842	0.0	0.0	4.0353000000000005e-05
431.892	0.0	0.0	9.228450000000001e-06
432.012	0.0	0.0	-6.25905e-05
432.182	0.0	0.0	-0.000165195
432.182	0.0	0.0	-0.000166005
432.232	0.0	0.0	-0.00018587999999999998
432.352	0.0	0.0	-0.00023082000000000002
432.522	0.0	0.0	-0.0002946600000000001
432.522	0.0	0.0	-0.00029424000000000003
432.572	0.0	0.0	-0.000292875
432.682	0.0	0.0	-0.00028854000000000005
432.852	0.0	0.0	-0.000282315
432.852	0.0	0.0	-0.000282315
432.902	0.0	0.0	-0.00025917000000000003
433.022	0.0	0.0	-0.00020556000000000003
433.192	0.0	0.0	-0.0001289355
433.192	0.0	0.0	-0.00012764250000000003
433.242	0.0	0.0	-9.35265e-05
433.362	0.0	0.0	-1.62495e-05
433.532	0.0	0.0	9.354e-05
433.532	0.0	0.0	9.251100000000001e-05
433.582	0.0	0.0	0.000118818
433.692	0.0	0.0	0.00018088500000000001
433.862	0.0	0.0	0.00027052500000000003
433.862	0.0	0.0	0.00027061500000000004
433.912	0.0	0.0	0.000278415
434.032	0.0	0.0	0.00029631000000000004
434.202	0.0	0.0	0.000321735
434.202	0.0	0.0	0.00032157
434.252	0.0	0.0	0.00030669000000000003
434.362	0.0	0.0	0.000270255
434.532	0.0	0.0	0.00021771000000000003
434.532	0.0	0.0	0.00021786
434.582	0.0	0.0	0.00018559500000000001
434.702	0.0	0.0	0.00011029500000000001
434.872	0.0	0.0	2.5618500000000003e-06
434.872	0.0	0.0	1.54155e-06
434.922	0.0	0.0	-3.180300000000001e-05
435.042	0.0	0.0	-0.00010765500000000001
435.212	0.0	0.0	-0.000215535
435.212	0.0	0.0	-0.00021446999999999997
435.262	0.0	0.0	-0.00023128500000000002
435.372	0.0	0.0	-0.000270015
435.542	0.0	0.0	-0.00032595000000000004
435.542	0.0	0.0	-0.00032574000000000004
435.592	0.0	0.0	-0.00031905000000000003
435.712	0.0	0.0	-0.00030277500000000003
435.882	0.0	0.0	-0.00027948000000000003
435.882	0.0	0.0	-0.00027873000000000004
435.932	0.0	0.0	-0.0002505
436.052	0.0	0.0	-0.00018615
436.222	0.0	0.0	-9.458249999999999e-05
436.222	0.0	0.0	-9.55935e-05
436.272	0.0	0.0	-6.2904e-05
436.382	0.0	0.0	1.5585e-05
436.552	0.0	0.0	0.00012896700000000001
436.552	0.0	0.0	0.00012839250000000002
436.602	0.0	0.0	0.00015306000000000003
436.722	0.0	0.0	0.000210195
436.892	0.0	0.0	0.000292005
436.892	0.0	0.0	0.000292065
436.942	0.0	0.0	0.0002944950000000001
437.062	0.0	0.0	0.000300015
437.232	0.0	0.0	0.00030790500000000003
437.232	0.0	0.0	0.0003078
437.282	0.0	0.0	0.000289545
437.392	0.0	0.0	0.00024375000000000004
437.562	0.0	0.0	0.000177555
437.562	0.0	0.0	0.00017797500000000003
437.612	0.0	0.0	0.00014592
437.732	0.0	0.0	7.042800000000001e-05
437.902	0.0	0.0	-3.77415e-05
437.902	0.0	0.0	-3.8286000000000006e-05
437.952	0.0	0.0	-6.709350000000001e-05
438.072	0.0	0.0	-0.0001330725
438.242	0.0	0.0	-0.00022705500000000001
438.242	0.0	0.0	-0.00022579500000000002
438.292	0.0	0.0	-0.00023697000000000003
438.402	0.0	0.0	-0.00026184000000000005
438.572	0.0	0.0	-0.00029781
438.572	0.0	0.0	-0.00029754
438.622	0.0	0.0	-0.00028710000000000004
438.742	0.0	0.0	-0.00026136000000000003
438.912	0.0	0.0	-0.00022446000000000006
438.912	0.0	0.0	-0.00022405500000000002
438.962	0.0	0.0	-0.000196905
439.082	0.0	0.0	-0.00013458150000000003
439.252	0.0	0.0	-4.575600000000001e-05
439.252	0.0	0.0	-4.70565e-05
439.302	0.0	0.0	-1.9896e-05
439.412	0.0	0.0	4.551e-05
439.582	0.0	0.0	0.000140142
439.582	0.0	0.0	0.00013931850000000002
439.632	0.0	0.0	0.00015645000000000004
439.752	0.0	0.0	0.00019585500000000004
439.922	0.0	0.0	0.000252375
439.922	0.0	0.0	0.000252345
439.972	0.0	0.0	0.00024976500000000005
440.092	0.0	0.0	0.00024381000000000004
440.262	0.0	0.0	0.00023533500000000004
440.262	0.0	0.0	0.00023547000000000005
440.312	0.0	0.0	0.000218145
440.422	0.0	0.0	0.00017437500000000002
440.592	0.0	0.0	0.0001110045
440.592	0.0	0.0	0.00011163150000000001
440.642	0.0	0.0	8.6499e-05
440.762	0.0	0.0	2.6872500000000004e-05
440.932	0.0	0.0	-5.869200000000001e-05
440.932	0.0	0.0	-5.882850000000001e-05
440.982	0.0	0.0	-7.808850000000001e-05
441.102	0.0	0.0	-0.0001224975
441.272	0.0	0.0	-0.00018586500000000004
441.272	0.0	0.0	-0.00018478499999999997
441.322	0.0	0.0	-0.00018961500000000002
441.432	0.0	0.0	-0.00019924500000000002
441.602	0.0	0.0	-0.00021318
441.602	0.0	0.0	-0.00021303000000000004
441.652	0.0	0.0	-0.0002025
441.772	0.0	0.0	-0.00017634
441.942	0.0	0.0	-0.0001387845
441.942	0.0	0.0	-0.00013872300000000002
441.992	0.0	0.0	-0.00011868750000000002
442.112	0.0	0.0	-7.238400000000002e-05
442.282	0.0	0.0	-6.2868000000000005e-06
442.282	0.0	0.0	-7.489500000000002e-06
442.332	0.0	0.0	9.779400000000002e-06
442.442	0.0	0.0	5.1274500000000005e-05
442.612	0.0	0.0	0.000111402
442.612	0.0	0.0	0.00011066250000000001
442.662	0.0	0.0	0.00011920350000000001
442.782	0.0	0.0	0.0001384365
442.952	0.0	0.0	0.00016606500000000002
442.952	0.0	0.0	0.00016605000000000002
443.002	0.0	0.0	0.000161475
443.122	0.0	0.0	0.00015084
443.292	0.0	0.0	0.00013564650000000002
443.292	0.0	0.0	0.0001359405
443.332	0.0	0.0	0.00012383550000000002
443.452	0.0	0.0	9.311700000000001e-05
443.622	0.0	0.0	4.857900000000001e-05
443.622	0.0	0.0	4.918050000000001e-05
443.672	0.0	0.0	3.4539e-05
443.792	0.0	0.0	-3.0015e-07
443.962	0.0	0.0	-5.037300000000001e-05
443.962	0.0	0.0	-5.0299499999999995e-05
444.012	0.0	0.0	-5.9500500000000004e-05
444.132	0.0	0.0	-8.079450000000001e-05
444.302	0.0	0.0	-0.00011122500000000002
444.302	0.0	0.0	-0.00011059950000000001
444.342	0.0	0.0	-0.00011128200000000001
444.462	0.0	0.0	-0.00011143200000000001
444.632	0.0	0.0	-0.00011164950000000002
444.632	0.0	0.0	-0.0001116465
444.682	0.0	0.0	-0.00010455300000000001
444.802	0.0	0.0	-8.682900000000002e-05
444.972	0.0	0.0	-6.13395e-05
444.972	0.0	0.0	-6.1407e-05
445.022	0.0	0.0	-5.07975e-05
445.142	0.0	0.0	-2.6046e-05
445.312	0.0	0.0	9.342750000000001e-06
445.312	0.0	0.0	8.57355e-06
445.352	0.0	0.0	1.6605e-05
445.472	0.0	0.0	3.5766e-05
445.642	0.0	0.0	6.357300000000001e-05
445.642	0.0	0.0	6.313050000000001e-05
445.692	0.0	0.0	6.6246e-05
445.812	0.0	0.0	7.2966e-05
445.982	0.0	0.0	8.263500000000001e-05
445.982	0.0	0.0	8.259900000000001e-05
446.032	0.0	0.0	7.9491e-05
446.152	0.0	0.0	7.206150000000001e-05
446.322	0.0	0.0	6.14325e-05
446.322	0.0	0.0	6.16755e-05
446.362	0.0	0.0	5.53215e-05
446.482	0.0	0.0	3.9082500000000004e-05
446.652	0.0	0.0	1.5504e-05
446.652	0.0	0.0	1.5906000000000003e-05
446.702	0.0	0.0	8.3412e-06
446.822	0.0	0.0	-9.789900000000003e-06
446.992	0.0	0.0	-3.5889e-05
446.992	0.0	0.0	-3.57585e-05
447.042	0.0	0.0	-4.0818e-05
447.162	0.0	0.0	-5.2539000000000006e-05
447.332	0.0	0.0	-6.931500000000001e-05
447.332	0.0	0.0	-6.891e-05
447.372	0.0	0.0	-6.94455e-05
447.492	0.0	0.0	-6.979950000000001e-05
447.662	0.0	0.0	-7.031100000000001e-05
447.662	0.0	0.0	-7.0302e-05
447.712	0.0	0.0	-6.567000000000001e-05
447.832	0.0	0.0	-5.384100000000001e-05
448.002	0.0	0.0	-3.6805500000000005e-05
448.002	0.0	0.0	-3.6906e-05
448.052	0.0	0.0	-2.8719000000000004e-05
448.172	0.0	0.0	-9.39735e-06
448.342	0.0	0.0	1.8265500000000003e-05
448.342	0.0	0.0	1.7526e-05
448.382	0.0	0.0	2.4769500000000004e-05
448.502	0.0	0.0	4.2475500000000004e-05
448.672	0.0	0.0	6.824100000000001e-05
448.672	0.0	0.0	6.78735e-05
448.722	0.0	0.0	7.12875e-05
448.842	0.0	0.0	7.886250000000001e-05
449.012	0.0	0.0	8.97165e-05
449.012	0.0	0.0	8.945550000000001e-05
449.052	0.0	0.0	8.682900000000002e-05
449.172	0.0	0.0	7.9083e-05
449.342	0.0	0.0	6.7824e-05
449.342	0.0	0.0	6.805500000000001e-05
449.392	0.0	0.0	5.9611500000000003e-05
449.512	0.0	0.0	3.8409000000000004e-05
449.682	0.0	0.0	7.846350000000002e-06
449.682	0.0	0.0	8.09475e-06
449.732	0.0	0.0	-2.346e-06
449.852	0.0	0.0	-2.6998500000000002e-05
450.022	0.0	0.0	-6.23295e-05
450.022	0.0	0.0	-6.136950000000001e-05
450.062	0.0	0.0	-6.801450000000001e-05
450.182	0.0	0.0	-8.35305e-05
450.352	0.0	0.0	-0.000106101
450.352	0.0	0.0	-0.000105618
450.402	0.0	0.0	-0.00010532250000000001
450.522	0.0	0.0	-0.00010330200000000001
450.692	0.0	0.0	-0.000100389
450.692	0.0	0.0	-0.00010041600000000001
450.742	0.0	0.0	-9.195600000000001e-05
450.862	0.0	0.0	-7.142850000000002e-05
451.032	0.0	0.0	-4.19925e-05
451.032	0.0	0.0	-4.28265e-05
451.072	0.0	0.0	-3.1375500000000005e-05
451.192	0.0	0.0	-2.1849e-06
451.362	0.0	0.0	4.030200000000001e-05
451.362	0.0	0.0	3.93435e-05
451.412	0.0	0.0	4.9780499999999995e-05
451.532	0.0	0.0	7.454400000000001e-05
451.702	0.0	0.0	0.00011027550000000002
451.702	0.0	0.0	0.00010990050000000002
451.752	0.0	0.0	0.00011284650000000002
451.872	0.0	0.0	0.00011914950000000002
452.042	0.0	0.0	0.0001281915
452.032	0.0	0.0	0.00012792450000000003
452.082	0.0	0.0	0.00012248100000000002
452.202	0.0	0.0	0.00010666199999999999
452.372	0.0	0.0	8.362650000000001e-05
452.372	0.0	0.0	8.417400000000001e-05
452.422	0.0	0.0	7.14225e-05
452.542	0.0	0.0	3.931650000000001e-05
452.712	0.0	0.0	-7.03305e-06
452.712	0.0	0.0	-6.493950000000001e-06
452.762	0.0	0.0	-2.0178000000000002e-05
452.882	0.0	0.0	-5.259900000000001e-05
453.052	0.0	0.0	-9.9138e-05
453.042	0.0	0.0	-9.771150000000001e-05
453.092	0.0	0.0	-0.00010499250000000002
453.212	0.0	0.0	-0.00012133200000000001
453.382	0.0	0.0	-0.0001451385
453.382	0.0	0.0	-0.0001445445
453.432	0.0	0.0	-0.00014200200000000001
453.552	0.0	0.0	-0.0001336935
453.722	0.0	0.0	-0.000121695
453.722	0.0	0.0	-0.00012184800000000002
453.772	0.0	0.0	-0.00010943700000000002
453.892	0.0	0.0	-7.900350000000001e-05
454.062	0.0	0.0	-3.52965e-05
454.052	0.0	0.0	-3.6687e-05
454.102	0.0	0.0	-2.2026000000000002e-05
454.222	0.0	0.0	1.5289500000000003e-05
454.392	0.0	0.0	6.9684e-05
454.392	0.0	0.0	6.8265e-05
454.442	0.0	0.0	7.990650000000001e-05
454.562	0.0	0.0	0.00010718100000000002
454.732	0.0	0.0	0.00014659050000000003
454.732	0.0	0.0	0.00014604150000000003
454.782	0.0	0.0	0.000147351
454.902	0.0	0.0	0.00014924850000000003
455.072	0.0	0.0	0.00015198000000000002
455.062	0.0	0.0	0.00015189
455.112	0.0	0.0	0.00014341200000000002
455.232	0.0	0.0	0.00011914500000000003
455.402	0.0	0.0	8.375400000000001e-05
455.402	0.0	0.0	8.47185e-05
455.442	0.0	0.0	6.87765e-05
455.572	0.0	0.0	2.8539000000000006e-05
455.742	0.0	0.0	-2.96355e-05
455.742	0.0	0.0	-2.8756500000000005e-05
455.792	0.0	0.0	-4.3803e-05
455.912	0.0	0.0	-7.944900000000002e-05
456.082	0.0	0.0	-0.000130695
456.072	0.0	0.0	-0.0001289475
456.122	0.0	0.0	-0.00013536
456.242	0.0	0.0	-0.00014868150000000002
456.412	0.0	0.0	-0.00016812000000000004
456.412	0.0	0.0	-0.000167565
456.452	0.0	0.0	-0.00016233
456.582	0.0	0.0	-0.00014669550000000003
456.752	0.0	0.0	-0.0001240725
456.752	0.0	0.0	-0.00012444000000000002
456.802	0.0	0.0	-0.0001092345
456.922	0.0	0.0	-7.1655e-05
457.092	0.0	0.0	-1.7604000000000003e-05
457.082	0.0	0.0	-1.9509000000000002e-05
457.132	0.0	0.0	-3.6556500000000003e-06
457.252	0.0	0.0	3.64695e-05
457.422	0.0	0.0	9.50475e-05
457.412	0.0	0.0	9.331650000000001e-05
457.462	0.0	0.0	0.000104001
457.592	0.0	0.0	0.0001283985
457.762	0.0	0.0	0.00016371000000000002
457.762	0.0	0.0	0.000163095
457.812	0.0	0.0	0.00016188000000000002
457.932	0.0	0.0	0.00015724500000000003
458.102	0.0	0.0	0.000150555
458.092	0.0	0.0	0.000150795
458.142	0.0	0.0	0.000140208
458.262	0.0	0.0	0.0001102035
458.432	0.0	0.0	6.637800000000001e-05
458.422	0.0	0.0	6.7725e-05
458.472	0.0	0.0	5.127e-05
458.592	0.0	0.0	9.80895e-06
458.772	0.0	0.0	-5.0223000000000003e-05
458.772	0.0	0.0	-4.91085e-05
458.822	0.0	0.0	-6.240600000000001e-05
458.942	0.0	0.0	-9.36825e-05
459.112	0.0	0.0	-0.00013871250000000002
459.102	0.0	0.0	-0.00013702200000000002
459.152	0.0	0.0	-0.000140886
459.272	0.0	0.0	-0.00014723700000000004
459.442	0.0	0.0	-0.00015651000000000003
459.432	0.0	0.0	-0.00015622500000000002
459.482	0.0	0.0	-0.00014908800000000002
459.602	0.0	0.0	-0.00012855450000000002
459.782	0.0	0.0	-9.8811e-05
459.782	0.0	0.0	-9.93975e-05
459.832	0.0	0.0	-8.476200000000001e-05
459.952	0.0	0.0	-4.845e-05
460.122	0.0	0.0	3.858300000000001e-06
460.112	0.0	0.0	1.8355500000000002e-06
460.162	0.0	0.0	1.5021e-05
460.282	0.0	0.0	4.788900000000001e-05
460.452	0.0	0.0	9.594300000000001e-05
460.442	0.0	0.0	9.4356e-05
460.492	0.0	0.0	0.00010132500000000001
460.612	0.0	0.0	0.00011631150000000001
460.792	0.0	0.0	0.00013803
460.792	0.0	0.0	0.00013757700000000003
460.842	0.0	0.0	0.000134262
460.962	0.0	0.0	0.0001244565
461.132	0.0	0.0	0.00011032500000000001
461.122	0.0	0.0	0.0001108875
461.172	0.0	0.0	0.0001012485
461.292	0.0	0.0	7.4316e-05
461.462	0.0	0.0	3.4917000000000005e-05
461.452	0.0	0.0	3.626250000000001e-05
461.502	0.0	0.0	2.4016500000000003e-05
461.622	0.0	0.0	-6.55305e-06
461.802	0.0	0.0	-5.088e-05
461.802	0.0	0.0	-4.99065e-05
461.852	0.0	0.0	-5.7918000000000003e-05
461.972	0.0	0.0	-7.636050000000002e-05
462.142	0.0	0.0	-0.00010295250000000002
462.132	0.0	0.0	-0.000101865
462.182	0.0	0.0	-0.000102681
462.302	0.0	0.0	-0.00010186800000000002
462.472	0.0	0.0	-0.000100677
462.462	0.0	0.0	-0.00010071900000000001
462.512	0.0	0.0	-9.455400000000002e-05
462.632	0.0	0.0	-7.72575e-05
462.812	0.0	0.0	-5.216550000000001e-05
462.812	0.0	0.0	-5.274e-05
462.862	0.0	0.0	-4.3270500000000005e-05
462.982	0.0	0.0	-1.9837500000000004e-05
463.152	0.0	0.0	1.396215e-05
463.142	0.0	0.0	1.248975e-05
463.192	0.0	0.0	1.9671000000000002e-05
463.312	0.0	0.0	3.707250000000001e-05
463.482	0.0	0.0	6.258e-05
463.472	0.0	0.0	6.1782e-05
463.522	0.0	0.0	6.43395e-05
463.652	0.0	0.0	6.9177e-05
463.822	0.0	0.0	7.6161e-05
463.812	0.0	0.0	7.5876e-05
463.862	0.0	0.0	7.343700000000001e-05
463.982	0.0	0.0	6.52695e-05
464.152	0.0	0.0	5.331e-05
464.142	0.0	0.0	5.3758500000000004e-05
464.192	0.0	0.0	4.7859000000000004e-05
464.312	0.0	0.0	3.2244000000000005e-05
464.492	0.0	0.0	9.56955e-06
464.492	0.0	0.0	1.0136400000000002e-05
464.542	0.0	0.0	4.0710000000000005e-06
464.662	0.0	0.0	-1.060635e-05
464.832	0.0	0.0	-3.1798500000000004e-05
464.822	0.0	0.0	-3.0868500000000004e-05
464.872	0.0	0.0	-3.4209000000000004e-05
464.992	0.0	0.0	-4.157550000000001e-05
465.162	0.0	0.0	-5.2371000000000004e-05
465.152	0.0	0.0	-5.1957000000000004e-05
465.202	0.0	0.0	-5.1747000000000004e-05
465.322	0.0	0.0	-4.994700000000001e-05
465.502	0.0	0.0	-4.7334000000000005e-05
465.502	0.0	0.0	-4.740300000000001e-05
465.542	0.0	0.0	-4.3845000000000005e-05
465.672	0.0	0.0	-3.4468500000000004e-05
465.842	0.0	0.0	-2.0922000000000004e-05
465.832	0.0	0.0	-2.15325e-05
465.882	0.0	0.0	-1.70115e-05
466.002	0.0	0.0	-4.968150000000001e-06
466.172	0.0	0.0	1.2690450000000001e-05
466.162	0.0	0.0	1.1993249999999999e-05
466.212	0.0	0.0	1.60965e-05
466.332	0.0	0.0	2.5981500000000002e-05
466.512	0.0	0.0	4.03485e-05
466.512	0.0	0.0	3.995700000000001e-05
466.552	0.0	0.0	4.1427e-05
466.682	0.0	0.0	4.4349000000000005e-05
466.852	0.0	0.0	4.8573000000000004e-05
466.842	0.0	0.0	4.8378e-05
466.892	0.0	0.0	4.6861500000000005e-05
467.012	0.0	0.0	4.154400000000001e-05
467.182	0.0	0.0	3.374400000000001e-05
467.172	0.0	0.0	3.4060500000000004e-05
467.222	0.0	0.0	2.9746500000000004e-05
467.342	0.0	0.0	1.80525e-05
467.522	0.0	0.0	1.0499250000000002e-06
467.512	0.0	0.0	1.5327000000000002e-06
467.562	0.0	0.0	-3.5244000000000005e-06
467.692	0.0	0.0	-1.5996e-05
467.862	0.0	0.0	-3.4030500000000006e-05
467.852	0.0	0.0	-3.317850000000001e-05
467.902	0.0	0.0	-3.6267000000000004e-05
468.022	0.0	0.0	-4.3269e-05
468.192	0.0	0.0	-5.354700000000001e-05
468.182	0.0	0.0	-5.311800000000001e-05
468.232	0.0	0.0	-5.2825500000000004e-05
468.352	0.0	0.0	-5.070150000000001e-05
468.532	0.0	0.0	-4.7611499999999996e-05
468.522	0.0	0.0	-4.770300000000001e-05
468.572	0.0	0.0	-4.365450000000001e-05
468.702	0.0	0.0	-3.27915e-05
468.872	0.0	0.0	-1.7073e-05
468.862	0.0	0.0	-1.78335e-05
468.912	0.0	0.0	-1.2610800000000001e-05
469.032	0.0	0.0	1.4794950000000003e-06
469.202	0.0	0.0	2.21685e-05
469.192	0.0	0.0	2.1282000000000004e-05
469.242	0.0	0.0	2.5815000000000003e-05
469.362	0.0	0.0	3.664350000000001e-05
469.542	0.0	0.0	5.2403999999999995e-05
469.532	0.0	0.0	5.192099999999999e-05
469.582	0.0	0.0	5.29575e-05
469.702	0.0	0.0	5.44875e-05
469.882	0.0	0.0	5.6703e-05
469.872	0.0	0.0	5.6593500000000006e-05
469.922	0.0	0.0	5.4100499999999995e-05
470.042	0.0	0.0	4.5810000000000004e-05
470.212	0.0	0.0	3.363300000000001e-05
470.202	0.0	0.0	3.41685e-05
470.252	0.0	0.0	2.8843500000000003e-05
470.372	0.0	0.0	1.4510250000000002e-05
470.552	0.0	0.0	-6.361050000000001e-06
470.542	0.0	0.0	-5.69835e-06
470.592	0.0	0.0	-1.098735e-05
470.712	0.0	0.0	-2.38755e-05
470.892	0.0	0.0	-4.254e-05
470.882	0.0	0.0	-4.1595000000000004e-05
470.932	0.0	0.0	-4.413450000000001e-05
471.052	0.0	0.0	-4.9254e-05
471.222	0.0	0.0	-5.6778000000000004e-05
471.212	0.0	0.0	-5.643750000000001e-05
471.262	0.0	0.0	-5.519700000000001e-05
471.382	0.0	0.0	-5.043300000000001e-05
471.562	0.0	0.0	-4.3492500000000004e-05
471.552	0.0	0.0	-4.37205e-05
471.602	0.0	0.0	-3.917400000000001e-05
471.722	0.0	0.0	-2.7060000000000002e-05
471.902	0.0	0.0	-9.505050000000001e-06
471.892	0.0	0.0	-1.041315e-05
471.942	0.0	0.0	-5.488200000000001e-06
472.062	0.0	0.0	7.518150000000001e-06
472.232	0.0	0.0	2.6644500000000006e-05
472.222	0.0	0.0	2.5759500000000003e-05
472.272	0.0	0.0	2.9325e-05
472.392	0.0	0.0	3.74715e-05
472.572	0.0	0.0	4.9347e-05
472.562	0.0	0.0	4.89435e-05
472.612	0.0	0.0	4.9077000000000005e-05
472.732	0.0	0.0	4.831800000000001e-05
472.912	0.0	0.0	4.7217000000000005e-05
472.902	0.0	0.0	4.7274e-05
472.952	0.0	0.0	4.457550000000001e-05
473.072	0.0	0.0	3.5949000000000004e-05
473.242	0.0	0.0	2.3259000000000002e-05
473.232	0.0	0.0	2.3859000000000003e-05
473.282	0.0	0.0	1.9147500000000003e-05
473.402	0.0	0.0	6.5577e-06
473.582	0.0	0.0	-1.1803049999999999e-05
473.572	0.0	0.0	-1.115865e-05
473.622	0.0	0.0	-1.5438e-05
473.742	0.0	0.0	-2.5789500000000004e-05
473.922	0.0	0.0	-4.0803e-05
473.912	0.0	0.0	-3.999300000000001e-05
473.962	0.0	0.0	-4.18245e-05
474.072	0.0	0.0	-4.518600000000001e-05
474.252	0.0	0.0	-5.01345e-05
474.242	0.0	0.0	-4.98945e-05
474.292	0.0	0.0	-4.8432e-05
474.412	0.0	0.0	-4.31745e-05
474.592	0.0	0.0	-3.55035e-05
474.582	0.0	0.0	-3.5781e-05
474.632	0.0	0.0	-3.1381500000000004e-05
474.752	0.0	0.0	-1.9554e-05
474.932	0.0	0.0	-2.39235e-06
474.922	0.0	0.0	-3.33675e-06
474.972	0.0	0.0	1.4614499999999998e-06
475.082	0.0	0.0	1.4265000000000003e-05
475.262	0.0	0.0	3.312e-05
475.252	0.0	0.0	3.21855e-05
475.302	0.0	0.0	3.5718e-05
475.422	0.0	0.0	4.3801500000000004e-05
475.602	0.0	0.0	5.560200000000001e-05
475.592	0.0	0.0	5.516100000000001e-05
475.642	0.0	0.0	5.5075500000000005e-05
475.762	0.0	0.0	5.3552999999999994e-05
475.942	0.0	0.0	5.1345000000000004e-05
475.932	0.0	0.0	5.146800000000001e-05
475.982	0.0	0.0	4.8109500000000004e-05
476.092	0.0	0.0	3.72705e-05
476.272	0.0	0.0	2.1300000000000003e-05
476.262	0.0	0.0	2.2108500000000004e-05
476.312	0.0	0.0	1.6174500000000002e-05
476.432	0.0	0.0	9.97815e-08
476.612	0.0	0.0	-2.3376e-05
476.602	0.0	0.0	-2.24745e-05
476.652	0.0	0.0	-2.7895500000000004e-05
476.772	0.0	0.0	-4.1058000000000006e-05
476.952	0.0	0.0	-6.017550000000001e-05
476.942	0.0	0.0	-5.9080500000000005e-05
476.992	0.0	0.0	-6.116550000000001e-05
477.102	0.0	0.0	-6.451200000000001e-05
477.282	0.0	0.0	-6.944700000000001e-05
477.272	0.0	0.0	-6.919200000000001e-05
477.322	0.0	0.0	-6.656250000000001e-05
477.442	0.0	0.0	-5.7444e-05
477.622	0.0	0.0	-4.412100000000001e-05
477.612	0.0	0.0	-4.46445e-05
477.662	0.0	0.0	-3.793200000000001e-05
477.782	0.0	0.0	-1.98045e-05
477.962	0.0	0.0	6.535500000000001e-06
477.952	0.0	0.0	4.960800000000001e-06
477.992	0.0	0.0	1.1835000000000001e-05
478.112	0.0	0.0	3.0129000000000002e-05
478.292	0.0	0.0	5.713800000000001e-05
478.282	0.0	0.0	5.58465e-05
478.332	0.0	0.0	6.031500000000001e-05
478.452	0.0	0.0	7.006200000000001e-05
478.632	0.0	0.0	8.4237e-05
478.622	0.0	0.0	8.342850000000001e-05
478.672	0.0	0.0	8.2827e-05
478.782	0.0	0.0	7.805250000000001e-05
478.962	0.0	0.0	7.10085e-05
478.952	0.0	0.0	7.13895e-05
479.002	0.0	0.0	6.528750000000001e-05
479.122	0.0	0.0	4.6914000000000005e-05
479.302	0.0	0.0	2.00445e-05
479.292	0.0	0.0	2.1154500000000002e-05
479.342	0.0	0.0	1.216485e-05
479.462	0.0	0.0	-1.12485e-05
479.642	0.0	0.0	-4.53e-05
479.632	0.0	0.0	-4.3254e-05
479.672	0.0	0.0	-5.011950000000001e-05
479.792	0.0	0.0	-6.680250000000001e-05
479.972	0.0	0.0	-9.142500000000001e-05
479.962	0.0	0.0	-9.007650000000002e-05
480.012	0.0	0.0	-9.18885e-05
480.132	0.0	0.0	-9.339e-05
480.312	0.0	0.0	-9.558750000000001e-05
480.302	0.0	0.0	-9.549300000000002e-05
480.352	0.0	0.0	-9.022500000000001e-05
480.472	0.0	0.0	-7.417050000000001e-05
480.652	0.0	0.0	-5.0808000000000006e-05
480.642	0.0	0.0	-5.223750000000001e-05
480.682	0.0	0.0	-4.339800000000001e-05
480.802	0.0	0.0	-1.7515500000000002e-05
480.982	0.0	0.0	2.0706e-05
480.972	0.0	0.0	1.8573000000000003e-05
481.022	0.0	0.0	2.81505e-05
481.142	0.0	0.0	5.239800000000001e-05
481.322	0.0	0.0	8.78895e-05
481.312	0.0	0.0	8.6346e-05
481.362	0.0	0.0	9.09675e-05
481.482	0.0	0.0	0.00010025550000000002
481.662	0.0	0.0	0.00011377800000000001
481.652	0.0	0.0	0.00011293500000000002
481.692	0.0	0.0	0.00011077950000000001
481.812	0.0	0.0	0.000100212
481.992	0.0	0.0	8.45985e-05
481.982	0.0	0.0	8.54865e-05
482.032	0.0	0.0	7.649400000000002e-05
482.152	0.0	0.0	4.98765e-05
482.332	0.0	0.0	1.0896900000000002e-05
482.322	0.0	0.0	1.2635400000000001e-05
482.372	0.0	0.0	1.1905800000000002e-06
482.492	0.0	0.0	-2.8324500000000003e-05
482.672	0.0	0.0	-7.1313e-05
482.662	0.0	0.0	-6.8589e-05
482.702	0.0	0.0	-7.624650000000001e-05
482.822	0.0	0.0	-9.3798e-05
483.002	0.0	0.0	-0.00011973900000000003
482.992	0.0	0.0	-0.0001182345
483.042	0.0	0.0	-0.00011882400000000001
483.162	0.0	0.0	-0.00011579250000000001
483.342	0.0	0.0	-0.00011134950000000002
483.332	0.0	0.0	-0.000111552
483.382	0.0	0.0	-0.00010375650000000001
483.502	0.0	0.0	-8.04885e-05
483.682	0.0	0.0	-4.658099999999999e-05
483.672	0.0	0.0	-4.876650000000001e-05
483.712	0.0	0.0	-3.7767000000000006e-05
483.832	0.0	0.0	-6.1222500000000005e-06
484.012	0.0	0.0	4.0674000000000004e-05
484.002	0.0	0.0	3.79095e-05
484.052	0.0	0.0	4.8397500000000005e-05
484.172	0.0	0.0	7.419450000000001e-05
484.352	0.0	0.0	0.00011200500000000001
484.342	0.0	0.0	0.00011023650000000003
484.392	0.0	0.0	0.000113943
484.512	0.0	0.0	0.00011992500000000003
484.692	0.0	0.0	0.00012864750000000002
484.682	0.0	0.0	0.00012807600000000003
484.722	0.0	0.0	0.00012411300000000002
484.842	0.0	0.0	0.00010768200000000002
485.022	0.0	0.0	8.337000000000001e-05
485.012	0.0	0.0	8.483250000000001e-05
485.062	0.0	0.0	7.386600000000001e-05
485.182	0.0	0.0	4.1854500000000004e-05
485.362	0.0	0.0	-5.091450000000001e-06
485.352	0.0	0.0	-2.8452000000000003e-06
485.402	0.0	0.0	-1.5238500000000003e-05
485.522	0.0	0.0	-4.6830000000000004e-05
485.702	0.0	0.0	-9.29085e-05
485.692	0.0	0.0	-8.984100000000001e-05
485.732	0.0	0.0	-9.718499999999999e-05
485.852	0.0	0.0	-0.00011282700000000002
486.032	0.0	0.0	-0.0001359795
486.022	0.0	0.0	-0.00013456050000000002
486.072	0.0	0.0	-0.000133656
486.192	0.0	0.0	-0.0001257615
486.372	0.0	0.0	-0.00011418150000000002
486.362	0.0	0.0	-0.0001147485
486.412	0.0	0.0	-0.00010502850000000002
486.532	0.0	0.0	-7.63065e-05
486.712	0.0	0.0	-3.43905e-05
486.702	0.0	0.0	-3.722700000000001e-05
486.742	0.0	0.0	-2.4828e-05
486.862	0.0	0.0	1.0485150000000002e-05
487.042	0.0	0.0	6.277950000000001e-05
487.032	0.0	0.0	5.952e-05
487.082	0.0	0.0	7.044000000000001e-05
487.202	0.0	0.0	9.668550000000001e-05
487.382	0.0	0.0	0.00013521
487.372	0.0	0.0	0.000133284
487.422	0.0	0.0	0.00013605000000000003
487.542	0.0	0.0	0.00013871100000000002
487.722	0.0	0.0	0.000142593
487.712	0.0	0.0	0.00014232600000000002
487.752	0.0	0.0	0.0001365705
487.872	0.0	0.0	0.00011412150000000001
488.052	0.0	0.0	8.08605e-05
488.042	0.0	0.0	8.29695e-05
488.092	0.0	0.0	6.959550000000001e-05
488.212	0.0	0.0	3.0664500000000004e-05
488.392	0.0	0.0	-2.65065e-05
488.382	0.0	0.0	-2.3587499999999997e-05
488.432	0.0	0.0	-3.786000000000001e-05
488.552	0.0	0.0	-7.40685e-05
488.732	0.0	0.0	-0.00012695850000000002
488.722	0.0	0.0	-0.000123267
488.762	0.0	0.0	-0.00013104150000000002
488.882	0.0	0.0	-0.00014640900000000001
489.062	0.0	0.0	-0.00016918500000000003
489.052	0.0	0.0	-0.00016771500000000003
489.102	0.0	0.0	-0.00016510500000000003
489.222	0.0	0.0	-0.00015087000000000002
489.402	0.0	0.0	-0.000129972
489.392	0.0	0.0	-0.00013106100000000002
489.442	0.0	0.0	-0.00011775900000000002
489.562	0.0	0.0	-7.8495e-05
489.742	0.0	0.0	-2.11125e-05
489.732	0.0	0.0	-2.5177500000000004e-05
489.772	0.0	0.0	-9.1794e-06
489.892	0.0	0.0	3.6171e-05
490.072	0.0	0.0	0.00010342350000000001
490.062	0.0	0.0	9.901500000000001e-05
490.112	0.0	0.0	0.0001121715
490.232	0.0	0.0	0.000142938
490.412	0.0	0.0	0.00018816000000000004
490.402	0.0	0.0	0.00018576
490.452	0.0	0.0	0.0001875
490.572	0.0	0.0	0.00018537000000000002
490.752	0.0	0.0	0.000182265
490.742	0.0	0.0	0.00018249
490.782	0.0	0.0	0.00017311500000000003
490.902	0.0	0.0	0.00013802550000000002
491.082	0.0	0.0	8.595900000000001e-05
491.072	0.0	0.0	8.94285e-05
491.112	0.0	0.0	7.063800000000001e-05
491.242	0.0	0.0	1.6276500000000002e-05
491.422	0.0	0.0	-6.3669e-05
491.412	0.0	0.0	-5.9349000000000004e-05
491.462	0.0	0.0	-7.777050000000002e-05
491.582	0.0	0.0	-0.000123774
491.762	0.0	0.0	-0.00019105499999999998
491.752	0.0	0.0	-0.00018604499999999997
491.792	0.0	0.0	-0.00019462500000000003
491.912	0.0	0.0	-0.00020865000000000003
492.092	0.0	0.0	-0.00022948500000000003
492.082	0.0	0.0	-0.00022818000000000003
492.132	0.0	0.0	-0.00022162500000000003
492.252	0.0	0.0	-0.00019464
492.432	0.0	0.0	-0.00015513000000000001
492.422	0.0	0.0	-0.000157965
492.462	0.0	0.0	-0.0001406325
492.582	0.0	0.0	-8.482500000000002e-05
492.762	0.0	0.0	-1.9848e-06
492.752	0.0	0.0	-7.68435e-06
492.792	0.0	0.0	1.4813550000000002e-05
492.922	0.0	0.0	7.543950000000002e-05
493.102	0.0	0.0	0.00016467000000000003
493.092	0.0	0.0	0.00015967500000000002
493.142	0.0	0.0	0.00017460000000000002
493.262	0.0	0.0	0.00020749500000000003
493.442	0.0	0.0	0.00025566
493.432	0.0	0.0	0.00025206
493.472	0.0	0.0	0.000252675
493.592	0.0	0.0	0.00024096000000000002
493.772	0.0	0.0	0.00022356000000000003
493.762	0.0	0.0	0.00022477500000000003
493.802	0.0	0.0	0.000208935
493.932	0.0	0.0	0.00015574500000000002
494.112	0.0	0.0	7.743900000000002e-05
494.102	0.0	0.0	8.191050000000001e-05
494.152	0.0	0.0	5.6812500000000005e-05
494.272	0.0	0.0	-1.2120900000000001e-05
494.452	0.0	0.0	-0.00011308500000000002
494.442	0.0	0.0	-0.00010543650000000002
494.482	0.0	0.0	-0.00012562800000000002
494.602	0.0	0.0	-0.00017554500000000001
494.782	0.0	0.0	-0.000249735
494.772	0.0	0.0	-0.00024450000000000003
494.812	0.0	0.0	-0.00025168500000000003
494.942	0.0	0.0	-0.000258825
495.122	0.0	0.0	-0.00026934
495.112	0.0	0.0	-0.00026872500000000004
495.162	0.0	0.0	-0.000256935
495.282	0.0	0.0	-0.00021516
495.462	0.0	0.0	-0.00015393000000000004
495.452	0.0	0.0	-0.00015862500000000002
495.492	0.0	0.0	-0.00013679700000000003
495.612	0.0	0.0	-6.7938e-05
495.792	0.0	0.0	3.4452e-05
495.782	0.0	0.0	2.71215e-05
495.822	0.0	0.0	5.1985500000000006e-05
495.952	0.0	0.0	0.000116874
496.132	0.0	0.0	0.00021250500000000004
496.122	0.0	0.0	0.00020685
496.172	0.0	0.0	0.00022027500000000003
496.292	0.0	0.0	0.000246705
496.472	0.0	0.0	0.00028545
496.462	0.0	0.0	0.00028243500000000004
496.502	0.0	0.0	0.00027958500000000005
496.622	0.0	0.0	0.00025572
496.802	0.0	0.0	0.00022023000000000002
496.792	0.0	0.0	0.00022281000000000002
496.832	0.0	0.0	0.00020322
496.962	0.0	0.0	0.00013971000000000003
497.142	0.0	0.0	4.605600000000001e-05
497.132	0.0	0.0	5.1700500000000004e-05
497.182	0.0	0.0	2.53935e-05
497.302	0.0	0.0	-4.5442500000000004e-05
497.482	0.0	0.0	-0.00014934300000000002
497.472	0.0	0.0	-0.00014114550000000003
497.512	0.0	0.0	-0.00015978000000000002
497.632	0.0	0.0	-0.00020265000000000002
497.812	0.0	0.0	-0.00026644500000000003
497.802	0.0	0.0	-0.00026173500000000003
497.842	0.0	0.0	-0.000265335
497.972	0.0	0.0	-0.00026115000000000003
498.152	0.0	0.0	-0.00025497000000000003
498.142	0.0	0.0	-0.00025534500000000003
498.192	0.0	0.0	-0.00024064500000000005
498.312	0.0	0.0	-0.00019107000000000003
498.492	0.0	0.0	-0.00011833200000000002
498.482	0.0	0.0	-0.0001241475
498.522	0.0	0.0	-0.00010196400000000002
498.642	0.0	0.0	-3.40845e-05
498.822	0.0	0.0	6.699000000000001e-05
498.812	0.0	0.0	5.943450000000001e-05
498.852	0.0	0.0	8.151e-05
498.982	0.0	0.0	0.00013676400000000002
499.162	0.0	0.0	0.00021831000000000004
499.152	0.0	0.0	0.00021322500000000002
499.202	0.0	0.0	0.000222345
499.322	0.0	0.0	0.00023643000000000004
499.502	0.0	0.0	0.00025711500000000003
499.492	0.0	0.0	0.00025543500000000004
499.532	0.0	0.0	0.000249735
499.652	0.0	0.0	0.00021884999999999998
499.832	0.0	0.0	0.000172845
499.822	0.0	0.0	0.00017632500000000002
499.862	0.0	0.0	0.00015717000000000001
499.992	0.0	0.0	9.6996e-05
500.172	0.0	0.0	8.14005e-06
500.162	0.0	0.0	1.37748e-05
500.212	0.0	0.0	-8.3316e-06
500.332	0.0	0.0	-6.629550000000001e-05
500.512	0.0	0.0	-0.00015144000000000003
500.502	0.0	0.0	-0.000144453
500.542	0.0	0.0	-0.00015799500000000002
500.662	0.0	0.0	-0.00018580500000000004
500.842	0.0	0.0	-0.000227235
500.832	0.0	0.0	-0.00022405500000000002
500.872	0.0	0.0	-0.00022392
501.002	0.0	0.0	-0.00021105
501.182	0.0	0.0	-0.00019206000000000003
501.172	0.0	0.0	-0.00019329000000000001
501.212	0.0	0.0	-0.00017925000000000002
501.342	0.0	0.0	-0.00013379400000000001
501.522	0.0	0.0	-6.698850000000001e-05
501.502	0.0	0.0	-7.25355e-05
501.552	0.0	0.0	-5.4683999999999993e-05
501.672	0.0	0.0	-2.0052e-06
501.852	0.0	0.0	7.654350000000001e-05
501.842	0.0	0.0	7.0425e-05
501.882	0.0	0.0	8.579550000000001e-05
502.012	0.0	0.0	0.000122022
502.192	0.0	0.0	0.00017556
502.182	0.0	0.0	0.00017205
502.222	0.0	0.0	0.000176235
502.352	0.0	0.0	0.00017862000000000002
502.532	0.0	0.0	0.00018213000000000002
502.512	0.0	0.0	0.00018183
502.562	0.0	0.0	0.00017553000000000002
502.682	0.0	0.0	0.00014699700000000003
502.862	0.0	0.0	0.00010443
502.852	0.0	0.0	0.00010779150000000002
502.892	0.0	0.0	9.32415e-05
503.022	0.0	0.0	4.8999e-05
503.202	0.0	0.0	-1.6417500000000003e-05
503.192	0.0	0.0	-1.2064650000000001e-05
503.232	0.0	0.0	-2.6627999999999996e-05
503.362	0.0	0.0	-6.3534e-05
503.542	0.0	0.0	-0.000117819
503.522	0.0	0.0	-0.000113199
503.572	0.0	0.0	-0.00012081000000000002
503.692	0.0	0.0	-0.000133899
503.872	0.0	0.0	-0.000153435
503.862	0.0	0.0	-0.000151875
503.902	0.0	0.0	-0.000149925
504.032	0.0	0.0	-0.000135918
504.212	0.0	0.0	-0.00011519850000000001
504.202	0.0	0.0	-0.00011659800000000001
504.242	0.0	0.0	-0.0001062945
504.372	0.0	0.0	-7.381950000000001e-05
504.552	0.0	0.0	-2.6031000000000002e-05
504.532	0.0	0.0	-3.0147000000000005e-05
504.582	0.0	0.0	-1.8442500000000002e-05
504.702	0.0	0.0	1.5133500000000002e-05
504.882	0.0	0.0	6.5268e-05
504.872	0.0	0.0	6.120600000000001e-05
504.912	0.0	0.0	7.035e-05
505.042	0.0	0.0	9.084450000000001e-05
505.222	0.0	0.0	0.000121173
505.212	0.0	0.0	0.00011909250000000001
505.252	0.0	0.0	0.000120636
505.382	0.0	0.0	0.00011865600000000001
505.562	0.0	0.0	0.00011574150000000002
505.542	0.0	0.0	0.000115995
505.592	0.0	0.0	0.00011095950000000003
505.712	0.0	0.0	8.956800000000001e-05
505.892	0.0	0.0	5.761350000000001e-05
505.882	0.0	0.0	6.02355e-05
505.922	0.0	0.0	5.0004000000000004e-05
506.052	0.0	0.0	1.9011e-05
506.232	0.0	0.0	-2.6877e-05
506.222	0.0	0.0	-2.3692500000000004e-05
506.262	0.0	0.0	-3.372e-05
506.392	0.0	0.0	-5.9086500000000004e-05
506.572	0.0	0.0	-9.644400000000001e-05
506.552	0.0	0.0	-9.3096e-05
506.602	0.0	0.0	-9.822300000000001e-05
506.722	0.0	0.0	-0.0001063995
506.902	0.0	0.0	-0.00011863350000000002
506.892	0.0	0.0	-0.0001176765
506.932	0.0	0.0	-0.00011540250000000001
507.062	0.0	0.0	-0.00010272900000000001
507.242	0.0	0.0	-8.4051e-05
507.222	0.0	0.0	-8.567100000000001e-05
507.272	0.0	0.0	-7.794600000000002e-05
507.392	0.0	0.0	-5.0548500000000006e-05
507.572	0.0	0.0	-9.6027e-06
507.552	0.0	0.0	-1.3049700000000001e-05
507.602	0.0	0.0	-2.2329000000000003e-06
507.722	0.0	0.0	2.8362000000000004e-05
507.912	0.0	0.0	7.369800000000001e-05
507.902	0.0	0.0	7.046400000000001e-05
507.942	0.0	0.0	7.8468e-05
508.072	0.0	0.0	9.646199999999999e-05
508.252	0.0	0.0	0.000122988
508.232	0.0	0.0	0.00012060450000000002
508.282	0.0	0.0	0.000122229
508.402	0.0	0.0	0.000118728
508.582	0.0	0.0	0.00011349150000000001
508.562	0.0	0.0	0.00011393550000000001
508.612	0.0	0.0	0.0001076235
508.732	0.0	0.0	8.307750000000001e-05
508.922	0.0	0.0	4.66905e-05
508.912	0.0	0.0	4.9323e-05
508.952	0.0	0.0	3.77265e-05
509.082	0.0	0.0	3.5937e-06
509.262	0.0	0.0	-4.674300000000001e-05
509.242	0.0	0.0	-4.2168e-05
509.292	0.0	0.0	-5.246250000000001e-05
509.412	0.0	0.0	-7.913700000000001e-05
509.592	0.0	0.0	-0.00011905350000000001
509.572	0.0	0.0	-0.00011562750000000002
509.622	0.0	0.0	-0.00012058500000000001
509.742	0.0	0.0	-0.0001270575
509.932	0.0	0.0	-0.00013665900000000002
509.922	0.0	0.0	-0.000135954
509.962	0.0	0.0	-0.0001318095
510.092	0.0	0.0	-0.00011317050000000001
510.272	0.0	0.0	-8.56695e-05
510.252	0.0	0.0	-8.819700000000001e-05
510.302	0.0	0.0	-7.840050000000002e-05
510.422	0.0	0.0	-4.4094e-05
510.602	0.0	0.0	7.264200000000001e-06
510.582	0.0	0.0	2.8029000000000003e-06
510.632	0.0	0.0	1.5387e-05
510.752	0.0	0.0	5.00805e-05
510.942	0.0	0.0	0.00010155600000000001
510.932	0.0	0.0	9.772500000000002e-05
510.972	0.0	0.0	0.00010582500000000001
511.102	0.0	0.0	0.0001223925
511.282	0.0	0.0	0.00014684850000000002
511.262	0.0	0.0	0.000144576
511.312	0.0	0.0	0.00014485050000000003
511.432	0.0	0.0	0.000135312
511.612	0.0	0.0	0.00012102450000000002
511.592	0.0	0.0	0.00012228000000000003
511.642	0.0	0.0	0.00011364900000000001
511.762	0.0	0.0	8.1816e-05
511.952	0.0	0.0	3.4561500000000004e-05
511.942	0.0	0.0	3.8125500000000006e-05
511.982	0.0	0.0	2.4817500000000004e-05
512.112	0.0	0.0	-1.3360349999999998e-05
512.292	0.0	0.0	-6.97425e-05
512.272	0.0	0.0	-6.444600000000001e-05
512.322	0.0	0.0	-7.498650000000001e-05
512.442	0.0	0.0	-0.00010033200000000001
512.622	0.0	0.0	-0.000138309
512.602	0.0	0.0	-0.00013493250000000002
512.652	0.0	0.0	-0.00013851450000000002
512.772	0.0	0.0	-0.00013940700000000003
512.962	0.0	0.0	-0.0001407345
512.952	0.0	0.0	-0.0001406325
512.992	0.0	0.0	-0.00013449900000000003
513.122	0.0	0.0	-0.00010983450000000001
513.302	0.0	0.0	-7.3392e-05
513.282	0.0	0.0	-7.685250000000001e-05
513.322	0.0	0.0	-6.585e-05
513.452	0.0	0.0	-2.8954500000000002e-05
513.632	0.0	0.0	2.6352e-05
513.612	0.0	0.0	2.13795e-05
513.662	0.0	0.0	3.369750000000001e-05
513.782	0.0	0.0	6.607500000000001e-05
513.972	0.0	0.0	0.00011417850000000001
513.962	0.0	0.0	0.00011045250000000001
514.002	0.0	0.0	0.00011692650000000002
514.132	0.0	0.0	0.00012790350000000002
514.312	0.0	0.0	0.00014413050000000003
514.292	0.0	0.0	0.0001425735
514.332	0.0	0.0	0.00014118150000000002
514.462	0.0	0.0	0.000126579
514.642	0.0	0.0	0.00010468050000000002
514.622	0.0	0.0	0.00010667249999999999
514.672	0.0	0.0	9.72285e-05
514.792	0.0	0.0	6.402300000000001e-05
514.982	0.0	0.0	1.4665500000000002e-05
514.972	0.0	0.0	1.8538500000000002e-05
515.012	0.0	0.0	6.028949999999999e-06
515.142	0.0	0.0	-2.8818e-05
515.322	0.0	0.0	-8.035050000000001e-05
515.302	0.0	0.0	-7.535550000000001e-05
515.342	0.0	0.0	-8.424e-05
515.472	0.0	0.0	-0.00010373550000000002
515.652	0.0	0.0	-0.00013298850000000002
515.632	0.0	0.0	-0.000130299
515.682	0.0	0.0	-0.0001320585
515.802	0.0	0.0	-0.000127866
515.992	0.0	0.0	-0.00012163200000000002
515.982	0.0	0.0	-0.0001221285
516.022	0.0	0.0	-0.00011526750000000001
516.152	0.0	0.0	-8.9334e-05
516.332	0.0	0.0	-5.09625e-05
516.312	0.0	0.0	-5.472150000000001e-05
516.352	0.0	0.0	-4.4274e-05
516.482	0.0	0.0	-1.03212e-05
516.662	0.0	0.0	4.0644e-05
516.642	0.0	0.0	3.5905500000000004e-05
516.692	0.0	0.0	4.6551e-05
516.812	0.0	0.0	7.34505e-05
517.002	0.0	0.0	0.00011346900000000002
516.982	0.0	0.0	0.00011024850000000001
517.032	0.0	0.0	0.000114921
517.162	0.0	0.0	0.000120894
517.342	0.0	0.0	0.00012973650000000001
517.322	0.0	0.0	0.00012886200000000001
517.362	0.0	0.0	0.00012645
517.492	0.0	0.0	0.00010956
517.672	0.0	0.0	8.419500000000002e-05
517.652	0.0	0.0	8.65785e-05
517.702	0.0	0.0	7.7169e-05
517.822	0.0	0.0	4.481100000000001e-05
518.012	0.0	0.0	-3.3522000000000003e-06
517.992	0.0	0.0	5.730900000000001e-07
518.042	0.0	0.0	-1.0984650000000002e-05
518.162	0.0	0.0	-4.272e-05
518.352	0.0	0.0	-8.971500000000002e-05
518.332	0.0	0.0	-8.501850000000001e-05
518.372	0.0	0.0	-9.274200000000001e-05
518.502	0.0	0.0	-0.000108501
518.682	0.0	0.0	-0.00013217700000000003
518.662	0.0	0.0	-0.00012992850000000003
518.712	0.0	0.0	-0.00013054500000000003
518.832	0.0	0.0	-0.00012294300000000003
519.022	0.0	0.0	-0.00011162100000000001
519.002	0.0	0.0	-0.0001125555
519.052	0.0	0.0	-0.00010490099999999999
519.172	0.0	0.0	-7.6674e-05
519.362	0.0	0.0	-3.4854e-05
519.342	0.0	0.0	-3.9075e-05
519.382	0.0	0.0	-2.8266000000000003e-05
519.512	0.0	0.0	6.48045e-06
519.692	0.0	0.0	5.8707000000000006e-05
519.672	0.0	0.0	5.3694000000000005e-05
519.722	0.0	0.0	6.4176e-05
519.842	0.0	0.0	8.993250000000001e-05
520.032	0.0	0.0	0.00012830250000000001
520.012	0.0	0.0	0.000125097
520.062	0.0	0.0	0.00012892050000000001
520.182	0.0	0.0	0.00013155000000000003
520.372	0.0	0.0	0.00013544700000000002
520.352	0.0	0.0	0.00013504950000000002
520.392	0.0	0.0	0.000131394
520.522	0.0	0.0	0.00010974300000000001
520.702	0.0	0.0	7.718550000000001e-05
520.682	0.0	0.0	8.034450000000001e-05
520.732	0.0	0.0	6.94275e-05
520.852	0.0	0.0	3.2469000000000004e-05
521.042	0.0	0.0	-2.2614e-05
521.022	0.0	0.0	-1.7973000000000002e-05
521.072	0.0	0.0	-3.0459e-05
521.192	0.0	0.0	-6.402150000000001e-05
521.382	0.0	0.0	-0.0001137825
521.362	0.0	0.0	-0.00010859100000000002
521.402	0.0	0.0	-0.00011622450000000001
521.532	0.0	0.0	-0.00012968550000000002
521.712	0.0	0.0	-0.000149958
521.692	0.0	0.0	-0.00014807100000000003
521.742	0.0	0.0	-0.000147006
521.862	0.0	0.0	-0.000133539
522.052	0.0	0.0	-0.0001135575
522.032	0.0	0.0	-0.00011558400000000001
522.072	0.0	0.0	-0.00010726800000000002
522.202	0.0	0.0	-7.35465e-05
522.382	0.0	0.0	-2.2815000000000004e-05
522.362	0.0	0.0	-2.78415e-05
522.412	0.0	0.0	-1.4809350000000002e-05
522.532	0.0	0.0	2.4175500000000003e-05
522.722	0.0	0.0	8.232750000000001e-05
522.702	0.0	0.0	7.731900000000001e-05
522.752	0.0	0.0	8.776500000000001e-05
522.872	0.0	0.0	0.00011149350000000002
523.062	0.0	0.0	0.00014670750000000002
523.042	0.0	0.0	0.00014302500000000002
523.082	0.0	0.0	0.0001462005
523.212	0.0	0.0	0.00014339400000000003
523.392	0.0	0.0	0.00013917
523.372	0.0	0.0	0.0001395915
523.422	0.0	0.0	0.00013346550000000002
523.542	0.0	0.0	0.00010543650000000002
523.732	0.0	0.0	6.361350000000001e-05
523.712	0.0	0.0	6.72585e-05
523.762	0.0	0.0	5.47875e-05
523.882	0.0	0.0	1.58565e-05
524.072	0.0	0.0	-4.1941500000000005e-05
524.052	0.0	0.0	-3.58425e-05
524.092	0.0	0.0	-4.7275500000000005e-05
524.212	0.0	0.0	-7.7205e-05
524.402	0.0	0.0	-0.00012228450000000002
524.382	0.0	0.0	-0.00011774700000000001
524.432	0.0	0.0	-0.00012381000000000002
524.552	0.0	0.0	-0.000131394
524.742	0.0	0.0	-0.000142716
524.722	0.0	0.0	-0.00014171850000000002
524.772	0.0	0.0	-0.00013855950000000002
524.892	0.0	0.0	-0.00012003000000000001
525.082	0.0	0.0	-9.250800000000002e-05
525.062	0.0	0.0	-9.5439e-05
525.102	0.0	0.0	-8.6631e-05
525.222	0.0	0.0	-5.320050000000001e-05
525.412	0.0	0.0	-2.8251000000000003e-06
525.392	0.0	0.0	-7.945200000000001e-06
525.442	0.0	0.0	3.6399000000000005e-06
525.562	0.0	0.0	3.61665e-05
525.752	0.0	0.0	8.474550000000001e-05
525.732	0.0	0.0	8.0415e-05
525.782	0.0	0.0	8.805750000000001e-05
525.902	0.0	0.0	0.00010298100000000001
526.092	0.0	0.0	0.0001251585
526.072	0.0	0.0	0.00012277500000000002
526.112	0.0	0.0	0.0001237575
526.232	0.0	0.0	0.00011567250000000002
526.422	0.0	0.0	0.00010348200000000001
526.402	0.0	0.0	0.00010473300000000002
526.442	0.0	0.0	9.845549999999999e-05
526.572	0.0	0.0	7.285350000000001e-05
526.762	0.0	0.0	3.4599000000000005e-05
526.742	0.0	0.0	3.8047500000000005e-05
526.792	0.0	0.0	2.8236000000000002e-05
526.912	0.0	0.0	-7.6485e-07
527.102	0.0	0.0	-4.3878e-05
527.082	0.0	0.0	-3.92025e-05
527.122	0.0	0.0	-4.694249999999999e-05
527.242	0.0	0.0	-6.486750000000001e-05
527.432	0.0	0.0	-9.190199999999999e-05
527.412	0.0	0.0	-8.910000000000001e-05
527.452	0.0	0.0	-9.194550000000001e-05
527.582	0.0	0.0	-9.217049999999999e-05
527.772	0.0	0.0	-9.2505e-05
527.752	0.0	0.0	-9.247499999999998e-05
527.802	0.0	0.0	-8.90505e-05
527.922	0.0	0.0	-7.312800000000001e-05
528.112	0.0	0.0	-4.944600000000001e-05
528.092	0.0	0.0	-5.2038000000000006e-05
528.132	0.0	0.0	-4.5774000000000006e-05
528.252	0.0	0.0	-2.3971500000000002e-05
528.442	0.0	0.0	8.925600000000001e-06
528.422	0.0	0.0	5.4844500000000005e-06
528.462	0.0	0.0	1.2241650000000002e-05
528.592	0.0	0.0	2.9548500000000003e-05
528.782	0.0	0.0	5.5431000000000005e-05
528.762	0.0	0.0	5.30475e-05
528.812	0.0	0.0	5.646450000000001e-05
528.932	0.0	0.0	6.12795e-05
529.122	0.0	0.0	6.844350000000002e-05
529.102	0.0	0.0	6.76515e-05
529.142	0.0	0.0	6.719250000000001e-05
529.262	0.0	0.0	5.9661000000000004e-05
529.452	0.0	0.0	4.82925e-05
529.432	0.0	0.0	4.949250000000001e-05
529.472	0.0	0.0	4.5573000000000006e-05
529.602	0.0	0.0	3.1203000000000006e-05
529.792	0.0	0.0	9.704550000000002e-06
529.772	0.0	0.0	1.1705399999999998e-05
529.822	0.0	0.0	6.919800000000001e-06
529.942	0.0	0.0	-6.202200000000001e-06
530.132	0.0	0.0	-2.5737e-05
530.112	0.0	0.0	-2.35605e-05
530.152	0.0	0.0	-2.67285e-05
530.272	0.0	0.0	-3.2793e-05
530.462	0.0	0.0	-4.19505e-05
530.442	0.0	0.0	-4.0974000000000004e-05
530.482	0.0	0.0	-4.1574000000000005e-05
530.612	0.0	0.0	-3.95625e-05
530.802	0.0	0.0	-3.6552e-05
530.782	0.0	0.0	-3.68355e-05
530.832	0.0	0.0	-3.493650000000001e-05
530.952	0.0	0.0	-2.7234000000000004e-05
531.142	0.0	0.0	-1.5762000000000003e-05
531.122	0.0	0.0	-1.7050500000000002e-05
531.162	0.0	0.0	-1.4349900000000001e-05
531.282	0.0	0.0	-5.588850000000001e-06
531.472	0.0	0.0	7.648050000000002e-06
531.452	0.0	0.0	6.224400000000001e-06
531.492	0.0	0.0	8.815650000000001e-06
531.622	0.0	0.0	1.5145500000000003e-05
531.812	0.0	0.0	2.4622500000000004e-05
531.792	0.0	0.0	2.3722500000000002e-05
531.842	0.0	0.0	2.4925500000000004e-05
531.962	0.0	0.0	2.6383500000000002e-05
532.152	0.0	0.0	2.8554000000000005e-05
532.132	0.0	0.0	2.8308e-05
532.172	0.0	0.0	2.8014000000000003e-05
532.292	0.0	0.0	2.4612000000000004e-05
532.482	0.0	0.0	1.9468500000000005e-05
532.462	0.0	0.0	2.0026500000000002e-05
532.502	0.0	0.0	1.8232500000000002e-05
532.632	0.0	0.0	1.1447550000000002e-05
532.822	0.0	0.0	1.2819750000000001e-06
532.802	0.0	0.0	2.2578000000000002e-06
532.852	0.0	0.0	-1.60125e-07
532.972	0.0	0.0	-7.1946000000000005e-06
533.162	0.0	0.0	-1.76805e-05
533.142	0.0	0.0	-1.6482000000000002e-05
533.182	0.0	0.0	-1.8297e-05
533.302	0.0	0.0	-2.2236000000000002e-05
533.492	0.0	0.0	-2.8192500000000005e-05
533.472	0.0	0.0	-2.7540000000000004e-05
533.512	0.0	0.0	-2.7997500000000004e-05
533.642	0.0	0.0	-2.6913000000000005e-05
533.832	0.0	0.0	-2.5287000000000004e-05
533.812	0.0	0.0	-2.5444500000000003e-05
533.862	0.0	0.0	-2.4102000000000004e-05
533.982	0.0	0.0	-1.82565e-05
534.172	0.0	0.0	-9.538800000000001e-06
534.152	0.0	0.0	-1.0543650000000002e-05
534.192	0.0	0.0	-8.374650000000001e-06
534.312	0.0	0.0	-8.129099999999999e-07
534.502	0.0	0.0	1.0627050000000002e-05
534.482	0.0	0.0	9.363300000000002e-06
534.522	0.0	0.0	1.1648250000000002e-05
534.652	0.0	0.0	1.7406000000000002e-05
534.842	0.0	0.0	2.6040000000000005e-05
534.822	0.0	0.0	2.5194000000000003e-05
534.872	0.0	0.0	2.6208000000000004e-05
534.992	0.0	0.0	2.7049500000000002e-05
535.182	0.0	0.0	2.8305e-05
535.162	0.0	0.0	2.8159500000000007e-05
535.202	0.0	0.0	2.7666000000000002e-05
535.322	0.0	0.0	2.3443500000000003e-05
535.512	0.0	0.0	1.7053500000000002e-05
535.492	0.0	0.0	1.7766e-05
535.532	0.0	0.0	1.5783e-05
535.662	0.0	0.0	8.520000000000001e-06
535.852	0.0	0.0	-2.37465e-06
535.832	0.0	0.0	-1.2997650000000003e-06
535.882	0.0	0.0	-3.6858000000000004e-06
536.002	0.0	0.0	-1.0294500000000001e-05
536.192	0.0	0.0	-2.0157e-05
536.172	0.0	0.0	-1.89885e-05
536.212	0.0	0.0	-2.0578500000000003e-05
536.332	0.0	0.0	-2.3466000000000002e-05
536.522	0.0	0.0	-2.78415e-05
536.502	0.0	0.0	-2.7370499999999998e-05
536.542	0.0	0.0	-2.7465000000000002e-05
536.672	0.0	0.0	-2.5428000000000005e-05
536.862	0.0	0.0	-2.2384500000000002e-05
536.842	0.0	0.0	-2.2735500000000003e-05
536.882	0.0	0.0	-2.1474e-05
537.002	0.0	0.0	-1.5447000000000003e-05
537.192	0.0	0.0	-6.320850000000001e-06
537.172	0.0	0.0	-7.3566e-06
537.212	0.0	0.0	-5.00865e-06
537.342	0.0	0.0	2.6874e-06
537.532	0.0	0.0	1.4240850000000001e-05
537.512	0.0	0.0	1.3079850000000001e-05
537.552	0.0	0.0	1.53285e-05
537.682	0.0	0.0	2.0943e-05
537.872	0.0	0.0	2.9326500000000005e-05
537.852	0.0	0.0	2.8332e-05
537.892	0.0	0.0	2.94225e-05
538.012	0.0	0.0	3.0078000000000006e-05
538.202	0.0	0.0	3.1072500000000004e-05
538.182	0.0	0.0	3.096e-05
538.222	0.0	0.0	3.0181500000000002e-05
538.352	0.0	0.0	2.4898500000000002e-05
538.542	0.0	0.0	1.6965e-05
538.522	0.0	0.0	1.7770500000000002e-05
538.562	0.0	0.0	1.5195000000000003e-05
538.692	0.0	0.0	5.9496e-06
538.882	0.0	0.0	-7.8666e-06
538.862	0.0	0.0	-6.21255e-06
538.902	0.0	0.0	-9.108600000000001e-06
539.022	0.0	0.0	-1.7809500000000003e-05
539.212	0.0	0.0	-3.0999000000000006e-05
539.192	0.0	0.0	-2.94825e-05
539.232	0.0	0.0	-3.16305e-05
539.362	0.0	0.0	-3.5424000000000005e-05
539.552	0.0	0.0	-4.1125500000000005e-05
539.532	0.0	0.0	-4.054050000000001e-05
539.572	0.0	0.0	-4.0381500000000006e-05
539.702	0.0	0.0	-3.6450000000000005e-05
539.892	0.0	0.0	-3.0571500000000004e-05
539.872	0.0	0.0	-3.1281e-05
539.912	0.0	0.0	-2.9172e-05
540.032	0.0	0.0	-1.9206000000000002e-05
540.222	0.0	0.0	-4.09215e-06
540.202	0.0	0.0	-5.844600000000001e-06
540.242	0.0	0.0	-2.1837e-06
540.372	0.0	0.0	9.450900000000001e-06
540.562	0.0	0.0	2.6938500000000003e-05
540.542	0.0	0.0	2.5131000000000004e-05
540.582	0.0	0.0	2.8240500000000002e-05
540.712	0.0	0.0	3.5211000000000006e-05
540.902	0.0	0.0	4.5637500000000005e-05
540.882	0.0	0.0	4.437000000000001e-05
540.922	0.0	0.0	4.5456000000000007e-05
541.042	0.0	0.0	4.413450000000001e-05
541.232	0.0	0.0	4.2130500000000006e-05
541.212	0.0	0.0	4.2364500000000004e-05
541.252	0.0	0.0	4.0635000000000007e-05
541.382	0.0	0.0	3.1387500000000004e-05
541.572	0.0	0.0	1.7481e-05
541.552	0.0	0.0	1.89315e-05
541.592	0.0	0.0	1.51815e-05
541.722	0.0	0.0	2.70735e-06
541.912	0.0	0.0	-1.59585e-05
541.892	0.0	0.0	-1.36701e-05
541.932	0.0	0.0	-1.7211000000000002e-05
542.052	0.0	0.0	-2.6449500000000005e-05
542.242	0.0	0.0	-4.0473000000000004e-05
542.222	0.0	0.0	-3.8820000000000004e-05
542.262	0.0	0.0	-4.0755e-05
542.392	0.0	0.0	-4.25265e-05
542.582	0.0	0.0	-4.519050000000001e-05
542.562	0.0	0.0	-4.491e-05
542.602	0.0	0.0	-4.3992e-05
542.732	0.0	0.0	-3.739950000000001e-05
542.922	0.0	0.0	-2.7531e-05
542.902	0.0	0.0	-2.8749000000000005e-05
542.942	0.0	0.0	-2.6065500000000003e-05
543.062	0.0	0.0	-1.5064500000000001e-05
543.252	0.0	0.0	1.64175e-06
543.232	0.0	0.0	-3.4315500000000003e-07
543.272	0.0	0.0	3.23835e-06
543.402	0.0	0.0	1.3408350000000002e-05
543.592	0.0	0.0	2.8714500000000004e-05
543.572	0.0	0.0	2.7088500000000003e-05
543.612	0.0	0.0	2.9457000000000006e-05
543.742	0.0	0.0	3.3594000000000004e-05
543.932	0.0	0.0	3.9790500000000005e-05
543.912	0.0	0.0	3.901950000000001e-05
543.952	0.0	0.0	3.9369e-05
544.072	0.0	0.0	3.6153000000000004e-05
544.262	0.0	0.0	3.1266e-05
544.242	0.0	0.0	3.1851000000000004e-05
544.282	0.0	0.0	2.9958000000000007e-05
544.412	0.0	0.0	2.1504000000000003e-05
544.602	0.0	0.0	8.774100000000001e-06
544.582	0.0	0.0	1.01388e-05
544.622	0.0	0.0	7.171500000000001e-06
544.752	0.0	0.0	-1.8705000000000001e-06
544.942	0.0	0.0	-1.54185e-05
544.922	0.0	0.0	-1.3719300000000001e-05
544.962	0.0	0.0	-1.60875e-05
545.082	0.0	0.0	-2.13045e-05
545.272	0.0	0.0	-2.9232e-05
545.252	0.0	0.0	-2.8275000000000003e-05
545.292	0.0	0.0	-2.9169000000000005e-05
545.422	0.0	0.0	-2.8756500000000005e-05
545.612	0.0	0.0	-2.8134000000000002e-05
545.592	0.0	0.0	-2.8201500000000004e-05
545.632	0.0	0.0	-2.7208500000000002e-05
545.762	0.0	0.0	-2.1915000000000003e-05
545.952	0.0	0.0	-1.39809e-05
545.932	0.0	0.0	-1.4983200000000003e-05
545.972	0.0	0.0	-1.31112e-05
546.092	0.0	0.0	-6.2118e-06
546.282	0.0	0.0	4.27875e-06
546.262	0.0	0.0	3.0024000000000003e-06
546.302	0.0	0.0	5.080050000000001e-06
546.432	0.0	0.0	1.042245e-05
546.622	0.0	0.0	1.8472500000000003e-05
546.602	0.0	0.0	1.7595000000000003e-05
546.642	0.0	0.0	1.8708000000000005e-05
546.772	0.0	0.0	2.0067000000000003e-05
546.962	0.0	0.0	2.21055e-05
546.942	0.0	0.0	2.1846e-05
546.982	0.0	0.0	2.1784500000000005e-05
547.102	0.0	0.0	1.9195500000000003e-05
547.292	0.0	0.0	1.5256500000000002e-05
547.272	0.0	0.0	1.57395e-05
547.312	0.0	0.0	1.4531850000000002e-05
547.442	0.0	0.0	9.627000000000001e-06
547.632	0.0	0.0	2.2326e-06
547.612	0.0	0.0	3.0463500000000005e-06
547.652	0.0	0.0	1.4434500000000001e-06
547.782	0.0	0.0	-3.19395e-06
547.972	0.0	0.0	-1.0151250000000002e-05
547.952	0.0	0.0	-9.259350000000001e-06
547.992	0.0	0.0	-1.0431300000000001e-05
548.112	0.0	0.0	-1.2739349999999999e-05
548.302	0.0	0.0	-1.62525e-05
548.282	0.0	0.0	-1.5817500000000002e-05
548.322	0.0	0.0	-1.6152e-05
548.452	0.0	0.0	-1.5465000000000002e-05
548.642	0.0	0.0	-1.4428200000000002e-05
548.622	0.0	0.0	-1.4543250000000003e-05
548.662	0.0	0.0	-1.3899450000000001e-05
548.792	0.0	0.0	-1.0749450000000003e-05
548.982	0.0	0.0	-6.0216e-06
548.962	0.0	0.0	-6.6321e-06
548.992	0.0	0.0	-5.551800000000001e-06
549.122	0.0	0.0	-1.6010999999999998e-06
549.312	0.0	0.0	4.413450000000001e-06
549.292	0.0	0.0	3.6646500000000006e-06
549.332	0.0	0.0	4.864200000000001e-06
549.462	0.0	0.0	8.015550000000002e-06
549.652	0.0	0.0	1.2770400000000002e-05
549.632	0.0	0.0	1.22394e-05
549.672	0.0	0.0	1.2913500000000001e-05
549.802	0.0	0.0	1.3775100000000001e-05
549.992	0.0	0.0	1.5069000000000001e-05
549.962	0.0	0.0	1.48986e-05
550.002	0.0	0.0	1.48641e-05
550.132	0.0	0.0	1.3059149999999998e-05
550.322	0.0	0.0	1.0307550000000001e-05
550.302	0.0	0.0	1.06395e-05
550.342	0.0	0.0	9.7047e-06
550.472	0.0	0.0	5.740650000000001e-06
550.662	0.0	0.0	-2.1510000000000001e-07
550.642	0.0	0.0	5.49975e-07
550.672	0.0	0.0	-7.338900000000001e-07
550.802	0.0	0.0	-5.119500000000001e-06
550.992	0.0	0.0	-1.1799450000000001e-05
550.972	0.0	0.0	-1.09545e-05
551.012	0.0	0.0	-1.22007e-05
551.142	0.0	0.0	-1.5096e-05
551.332	0.0	0.0	-1.9467000000000002e-05
551.312	0.0	0.0	-1.89705e-05
551.352	0.0	0.0	-1.93785e-05
551.482	0.0	0.0	-1.8832500000000003e-05
551.672	0.0	0.0	-1.8013500000000003e-05
551.642	0.0	0.0	-1.8121500000000003e-05
551.682	0.0	0.0	-1.7535e-05
551.812	0.0	0.0	-1.32927e-05
552.002	0.0	0.0	-6.8263499999999994e-06
551.982	0.0	0.0	-7.64745e-06
552.022	0.0	0.0	-5.916900000000001e-06
552.152	0.0	0.0	7.270050000000001e-07
552.342	0.0	0.0	1.0762950000000002e-05
552.322	0.0	0.0	9.614700000000001e-06
552.362	0.0	0.0	1.167345e-05
552.492	0.0	0.0	1.7391000000000003e-05
552.682	0.0	0.0	2.5986000000000005e-05
552.652	0.0	0.0	2.4846e-05
552.692	0.0	0.0	2.6154e-05
552.822	0.0	0.0	2.7676500000000005e-05
553.012	0.0	0.0	3.0000000000000004e-05
552.992	0.0	0.0	2.9703000000000003e-05
553.032	0.0	0.0	2.9415000000000002e-05
553.162	0.0	0.0	2.5066500000000005e-05
553.352	0.0	0.0	1.8495000000000005e-05
553.332	0.0	0.0	1.9254000000000002e-05
553.372	0.0	0.0	1.70985e-05
553.502	0.0	0.0	8.18955e-06
553.692	0.0	0.0	-5.207550000000001e-06
553.662	0.0	0.0	-3.4197000000000005e-06
553.702	0.0	0.0	-6.198900000000001e-06
553.832	0.0	0.0	-1.53825e-05
554.022	0.0	0.0	-2.93895e-05
554.002	0.0	0.0	-2.7585e-05
554.042	0.0	0.0	-3.0027000000000002e-05
554.172	0.0	0.0	-3.4849500000000006e-05
554.362	0.0	0.0	-4.2138e-05
554.342	0.0	0.0	-4.12905e-05
554.382	0.0	0.0	-4.16625e-05
554.512	0.0	0.0	-3.8583000000000007e-05
554.702	0.0	0.0	-3.394800000000001e-05
554.672	0.0	0.0	-3.4572e-05
554.712	0.0	0.0	-3.28935e-05
554.842	0.0	0.0	-2.2905000000000002e-05
555.032	0.0	0.0	-7.659900000000001e-06
555.012	0.0	0.0	-9.638550000000001e-06
555.052	0.0	0.0	-5.998799999999999e-06
555.182	0.0	0.0	6.783900000000001e-06
555.372	0.0	0.0	2.61165e-05
555.352	0.0	0.0	2.3851500000000004e-05
555.392	0.0	0.0	2.74425e-05
555.522	0.0	0.0	3.614550000000001e-05
555.712	0.0	0.0	4.9246500000000004e-05
555.682	0.0	0.0	4.7473500000000005e-05
555.722	0.0	0.0	4.9234500000000004e-05
555.852	0.0	0.0	4.9120500000000005e-05
556.042	0.0	0.0	4.8946499999999996e-05
556.012	0.0	0.0	4.8969e-05
556.062	0.0	0.0	4.7724000000000006e-05
556.192	0.0	0.0	3.815100000000001e-05
556.382	0.0	0.0	2.3667000000000002e-05
556.362	0.0	0.0	2.53785e-05
556.402	0.0	0.0	2.1483e-05
556.532	0.0	0.0	6.915900000000001e-06
556.722	0.0	0.0	-1.50195e-05
556.692	0.0	0.0	-1.2032250000000002e-05
556.732	0.0	0.0	-1.62405e-05
556.862	0.0	0.0	-2.8339500000000002e-05
557.052	0.0	0.0	-4.6818e-05
557.022	0.0	0.0	-4.438500000000001e-05
557.072	0.0	0.0	-4.72965e-05
557.192	0.0	0.0	-5.110650000000001e-05
557.392	0.0	0.0	-5.687250000000001e-05
557.372	0.0	0.0	-5.6185500000000006e-05
557.412	0.0	0.0	-5.584800000000001e-05
557.542	0.0	0.0	-4.8901500000000006e-05
557.732	0.0	0.0	-3.8437500000000006e-05
557.702	0.0	0.0	-3.9871500000000006e-05
557.742	0.0	0.0	-3.70665e-05
557.872	0.0	0.0	-2.3163e-05
558.062	0.0	0.0	-1.9176e-06
558.032	0.0	0.0	-4.73415e-06
558.082	0.0	0.0	-1.379355e-07
558.202	0.0	0.0	1.4325150000000003e-05
558.402	0.0	0.0	3.6228000000000006e-05
558.382	0.0	0.0	3.3600000000000004e-05
558.422	0.0	0.0	3.7303500000000006e-05
558.552	0.0	0.0	4.4710500000000005e-05
558.742	0.0	0.0	5.5875e-05
558.712	0.0	0.0	5.4334500000000006e-05
558.752	0.0	0.0	5.559300000000001e-05
558.882	0.0	0.0	5.2654499999999995e-05
559.072	0.0	0.0	4.816050000000001e-05
559.042	0.0	0.0	4.8760499999999995e-05
559.092	0.0	0.0	4.674300000000001e-05
559.212	0.0	0.0	3.49995e-05
559.412	0.0	0.0	1.7209500000000002e-05
559.392	0.0	0.0	1.9360500000000002e-05
559.432	0.0	0.0	1.51395e-05
559.562	0.0	0.0	6.5598e-07
559.752	0.0	0.0	-2.1181500000000004e-05
559.722	0.0	0.0	-1.8147e-05
559.762	0.0	0.0	-2.21205e-05
559.892	0.0	0.0	-3.2124e-05
560.082	0.0	0.0	-4.74225e-05
560.052	0.0	0.0	-4.5366000000000006e-05
560.102	0.0	0.0	-4.7568e-05
560.222	0.0	0.0	-4.87995e-05
560.422	0.0	0.0	-5.0668500000000005e-05
560.402	0.0	0.0	-5.0440500000000006e-05
560.442	0.0	0.0	-4.9525500000000005e-05
560.572	0.0	0.0	-4.1397000000000004e-05
560.762	0.0	0.0	-2.9137500000000004e-05
560.732	0.0	0.0	-3.0852e-05
560.772	0.0	0.0	-2.7949500000000004e-05
560.902	0.0	0.0	-1.4973e-05
561.092	0.0	0.0	4.880100000000001e-06
561.062	0.0	0.0	2.1931500000000003e-06
561.112	0.0	0.0	6.278700000000001e-06
561.232	0.0	0.0	1.8318000000000003e-05
561.432	0.0	0.0	3.6573000000000004e-05
561.412	0.0	0.0	3.4333500000000006e-05
561.452	0.0	0.0	3.72675e-05
561.582	0.0	0.0	4.2282000000000006e-05
561.772	0.0	0.0	4.984950000000001e-05
561.742	0.0	0.0	4.878450000000001e-05
561.782	0.0	0.0	4.9488e-05
561.912	0.0	0.0	4.542600000000001e-05
562.102	0.0	0.0	3.9210000000000006e-05
562.072	0.0	0.0	4.005750000000001e-05
562.112	0.0	0.0	3.7915500000000007e-05
562.242	0.0	0.0	2.6553e-05
562.442	0.0	0.0	9.315150000000002e-06
562.422	0.0	0.0	1.14465e-05
562.462	0.0	0.0	7.531650000000001e-06
562.592	0.0	0.0	-5.5825500000000004e-06
562.782	0.0	0.0	-2.5381500000000004e-05
562.752	0.0	0.0	-2.25765e-05
562.792	0.0	0.0	-2.61165e-05
562.922	0.0	0.0	-3.4587e-05
563.112	0.0	0.0	-4.7556000000000003e-05
563.082	0.0	0.0	-4.5777000000000006e-05
563.122	0.0	0.0	-4.754550000000001e-05
563.252	0.0	0.0	-4.7454e-05
563.452	0.0	0.0	-4.7316000000000006e-05
563.432	0.0	0.0	-4.7332499999999994e-05
563.472	0.0	0.0	-4.6107000000000004e-05
563.602	0.0	0.0	-3.70605e-05
563.792	0.0	0.0	-2.3397000000000003e-05
563.762	0.0	0.0	-2.5345500000000003e-05
563.802	0.0	0.0	-2.2264500000000003e-05
563.932	0.0	0.0	-8.880150000000002e-06
564.122	0.0	0.0	1.1623350000000001e-05
564.092	0.0	0.0	8.792100000000002e-06
564.132	0.0	0.0	1.2901499999999998e-05
564.262	0.0	0.0	2.4591000000000002e-05
564.462	0.0	0.0	4.2337500000000006e-05
564.442	0.0	0.0	4.011600000000001e-05
564.482	0.0	0.0	4.2828000000000004e-05
564.612	0.0	0.0	4.6542e-05
564.802	0.0	0.0	5.2152000000000005e-05
564.772	0.0	0.0	5.1339000000000004e-05
564.812	0.0	0.0	5.16855e-05
564.942	0.0	0.0	4.57785e-05
565.132	0.0	0.0	3.672e-05
565.102	0.0	0.0	3.7936500000000005e-05
565.152	0.0	0.0	3.5205000000000006e-05
565.272	0.0	0.0	2.2395e-05
565.472	0.0	0.0	3.0310500000000004e-06
565.442	0.0	0.0	5.777550000000001e-06
565.482	0.0	0.0	1.95165e-06
565.612	0.0	0.0	-1.0906200000000002e-05
565.802	0.0	0.0	-3.06105e-05
565.772	0.0	0.0	-2.78505e-05
565.812	0.0	0.0	-3.1348500000000007e-05
565.942	0.0	0.0	-3.837150000000001e-05
566.142	0.0	0.0	-4.904100000000001e-05
566.122	0.0	0.0	-4.76865e-05
566.162	0.0	0.0	-4.872300000000001e-05
566.292	0.0	0.0	-4.623749999999999e-05
566.482	0.0	0.0	-4.24785e-05
566.452	0.0	0.0	-4.3023000000000005e-05
566.492	0.0	0.0	-4.170150000000001e-05
566.622	0.0	0.0	-3.1795500000000004e-05
566.812	0.0	0.0	-1.66065e-05
566.782	0.0	0.0	-1.8741000000000002e-05
566.822	0.0	0.0	-1.53465e-05
566.952	0.0	0.0	-3.1450500000000005e-06
567.152	0.0	0.0	1.5397500000000003e-05
567.122	0.0	0.0	1.302615e-05
567.172	0.0	0.0	1.6392e-05
567.302	0.0	0.0	2.4331500000000002e-05
567.492	0.0	0.0	3.6342000000000005e-05
567.462	0.0	0.0	3.4590000000000006e-05
567.502	0.0	0.0	3.6366000000000004e-05
567.632	0.0	0.0	3.6684e-05
567.822	0.0	0.0	3.7173000000000005e-05
567.792	0.0	0.0	3.7104e-05
567.832	0.0	0.0	3.65355e-05
567.962	0.0	0.0	3.02235e-05
568.162	0.0	0.0	2.0626500000000003e-05
568.132	0.0	0.0	2.18625e-05
568.182	0.0	0.0	1.9564500000000002e-05
568.302	0.0	0.0	1.093035e-05
568.502	0.0	0.0	-2.13615e-06
568.472	0.0	0.0	-2.1847500000000006e-07
568.512	0.0	0.0	-2.5771500000000004e-06
568.642	0.0	0.0	-8.551500000000001e-06
568.832	0.0	0.0	-1.7721000000000002e-05
568.802	0.0	0.0	-1.6416000000000003e-05
568.842	0.0	0.0	-1.78305e-05
568.972	0.0	0.0	-1.8937500000000003e-05
569.172	0.0	0.0	-2.0622e-05
569.142	0.0	0.0	-2.0403000000000004e-05
569.192	0.0	0.0	-2.0259e-05
569.312	0.0	0.0	-1.7244000000000003e-05
569.512	0.0	0.0	-1.2680550000000002e-05
569.482	0.0	0.0	-1.3354500000000002e-05
569.522	0.0	0.0	-1.240275e-05
569.652	0.0	0.0	-8.517450000000001e-06
569.842	0.0	0.0	-2.55195e-06
569.812	0.0	0.0	-3.40635e-06
569.852	0.0	0.0	-2.3371500000000006e-06
569.982	0.0	0.0	-1.106085e-07
570.182	0.0	0.0	3.2774999999999995e-06
570.152	0.0	0.0	2.8350000000000004e-06
570.202	0.0	0.0	3.3871500000000003e-06
570.322	0.0	0.0	4.313700000000001e-06
570.522	0.0	0.0	5.717100000000001e-06
570.492	0.0	0.0	5.508600000000001e-06
570.532	0.0	0.0	5.796000000000001e-06
570.662	0.0	0.0	6.9357e-06
570.852	0.0	0.0	8.686200000000002e-06
570.822	0.0	0.0	8.4339e-06
570.862	0.0	0.0	8.616600000000001e-06
570.992	0.0	0.0	7.87755e-06
571.192	0.0	0.0	6.75255e-06
571.162	0.0	0.0	6.900450000000001e-06
571.212	0.0	0.0	6.293850000000001e-06
571.332	0.0	0.0	2.3437500000000002e-06
571.532	0.0	0.0	-3.6415500000000007e-06
571.502	0.0	0.0	-2.7471000000000003e-06
571.542	0.0	0.0	-4.004250000000001e-06
571.672	0.0	0.0	-9.426300000000002e-06
571.862	0.0	0.0	-1.7758500000000003e-05
571.832	0.0	0.0	-1.65495e-05
571.872	0.0	0.0	-1.8075000000000002e-05
572.002	0.0	0.0	-2.1513000000000002e-05
572.202	0.0	0.0	-2.6748000000000002e-05
572.172	0.0	0.0	-2.6055e-05
572.212	0.0	0.0	-2.6538000000000002e-05
572.342	0.0	0.0	-2.46915e-05
572.542	0.0	0.0	-2.18925e-05
572.512	0.0	0.0	-2.2312500000000004e-05
572.552	0.0	0.0	-2.1435e-05
572.682	0.0	0.0	-1.4367150000000004e-05
572.872	0.0	0.0	-3.501e-06
572.842	0.0	0.0	-5.086650000000001e-06
572.882	0.0	0.0	-2.6659500000000003e-06
573.012	0.0	0.0	6.641850000000001e-06
573.212	0.0	0.0	2.0823e-05
573.182	0.0	0.0	1.8933e-05
573.222	0.0	0.0	2.1505500000000003e-05
573.352	0.0	0.0	2.7636000000000004e-05
573.552	0.0	0.0	3.6931500000000004e-05
573.522	0.0	0.0	3.5526000000000005e-05
573.562	0.0	0.0	3.6888e-05
573.682	0.0	0.0	3.6184500000000006e-05
573.882	0.0	0.0	3.5103000000000006e-05
573.852	0.0	0.0	3.5262e-05
573.892	0.0	0.0	3.44325e-05
574.022	0.0	0.0	2.6764500000000004e-05
574.222	0.0	0.0	1.50795e-05
574.192	0.0	0.0	1.66485e-05
574.232	0.0	0.0	1.3917300000000003e-05
574.362	0.0	0.0	3.2748000000000004e-06
574.562	0.0	0.0	-1.2870300000000001e-05
574.532	0.0	0.0	-1.0414650000000002e-05
574.572	0.0	0.0	-1.3341600000000001e-05
574.692	0.0	0.0	-2.11935e-05
574.892	0.0	0.0	-3.32745e-05
574.862	0.0	0.0	-3.1489500000000004e-05
574.902	0.0	0.0	-3.3390000000000004e-05
575.032	0.0	0.0	-3.4737e-05
575.232	0.0	0.0	-3.6792e-05
575.202	0.0	0.0	-3.6514500000000004e-05
575.242	0.0	0.0	-3.61905e-05
575.372	0.0	0.0	-3.0564e-05
575.572	0.0	0.0	-2.2024500000000002e-05
575.542	0.0	0.0	-2.3331000000000004e-05
575.582	0.0	0.0	-2.1516000000000002e-05
575.702	0.0	0.0	-1.2718650000000002e-05
575.902	0.0	0.0	8.223449999999999e-07
575.872	0.0	0.0	-1.189815e-06
575.912	0.0	0.0	1.4337e-06
576.042	0.0	0.0	8.802300000000002e-06
576.242	0.0	0.0	2.0043000000000004e-05
576.212	0.0	0.0	1.85145e-05
576.252	0.0	0.0	2.0274000000000003e-05
576.382	0.0	0.0	2.2492500000000002e-05
576.582	0.0	0.0	2.586e-05
576.552	0.0	0.0	2.5342500000000003e-05
576.592	0.0	0.0	2.56995e-05
576.712	0.0	0.0	2.2797000000000006e-05
576.912	0.0	0.0	1.8327000000000003e-05
576.882	0.0	0.0	1.8994500000000003e-05
576.922	0.0	0.0	1.7901000000000004e-05
577.052	0.0	0.0	1.2630000000000001e-05
577.252	0.0	0.0	4.5855e-06
577.222	0.0	0.0	5.6865000000000005e-06
577.262	0.0	0.0	4.17135e-06
577.392	0.0	0.0	1.2840300000000001e-07
577.592	0.0	0.0	-6.012600000000001e-06
577.562	0.0	0.0	-5.06235e-06
577.602	0.0	0.0	-6.06225e-06
577.722	0.0	0.0	-6.995400000000001e-06
577.922	0.0	0.0	-8.432850000000002e-06
577.892	0.0	0.0	-8.2167e-06
577.932	0.0	0.0	-8.335350000000001e-06
578.062	0.0	0.0	-7.094250000000001e-06
578.262	0.0	0.0	-5.1996e-06
578.232	0.0	0.0	-5.4606e-06
578.272	0.0	0.0	-5.09115e-06
578.402	0.0	0.0	-4.0084500000000006e-06
578.602	0.0	0.0	-2.3631000000000003e-06
578.572	0.0	0.0	-2.61915e-06
578.612	0.0	0.0	-2.29365e-06
578.732	0.0	0.0	-9.28605e-07
578.932	0.0	0.0	1.174905e-06
578.902	0.0	0.0	8.56725e-07
578.942	0.0	0.0	1.4054100000000002e-06
579.072	0.0	0.0	4.428450000000001e-06
579.272	0.0	0.0	9.04545e-06
579.242	0.0	0.0	8.4066e-06
579.282	0.0	0.0	9.311100000000001e-06
579.412	0.0	0.0	1.2009150000000002e-05
579.612	0.0	0.0	1.6110000000000003e-05
579.582	0.0	0.0	1.5462000000000002e-05
579.622	0.0	0.0	1.6095e-05
579.742	0.0	0.0	1.57755e-05
579.942	0.0	0.0	1.52805e-05
579.912	0.0	0.0	1.5354000000000002e-05
579.952	0.0	0.0	1.4885250000000001e-05
580.082	0.0	0.0	1.023165e-05
580.282	0.0	0.0	3.1540500000000003e-06
580.252	0.0	0.0	4.2498e-06
580.292	0.0	0.0	2.79795e-06
580.412	0.0	0.0	-4.289400000000001e-06
580.612	0.0	0.0	-1.5216000000000001e-05
580.582	0.0	0.0	-1.35423e-05
580.622	0.0	0.0	-1.56405e-05
580.752	0.0	0.0	-2.15325e-05
580.952	0.0	0.0	-3.054e-05
580.922	0.0	0.0	-2.92785e-05
580.962	0.0	0.0	-3.05835e-05
581.092	0.0	0.0	-3.1044e-05
581.292	0.0	0.0	-3.17445e-05
581.262	0.0	0.0	-3.16335e-05
581.302	0.0	0.0	-3.1471500000000005e-05
581.422	0.0	0.0	-2.5385999999999997e-05
581.622	0.0	0.0	-1.5996e-05
581.592	0.0	0.0	-1.7439e-05
581.632	0.0	0.0	-1.5256500000000002e-05
581.762	0.0	0.0	-4.727400000000001e-06
581.962	0.0	0.0	1.1369250000000001e-05
581.932	0.0	0.0	9.100050000000001e-06
581.972	0.0	0.0	1.2235200000000001e-05
582.102	0.0	0.0	2.1660000000000003e-05
582.302	0.0	0.0	3.6001500000000004e-05
582.272	0.0	0.0	3.37245e-05
582.312	0.0	0.0	3.6135000000000006e-05
582.432	0.0	0.0	3.9249e-05
582.632	0.0	0.0	4.405500000000001e-05
582.602	0.0	0.0	4.33125e-05
582.642	0.0	0.0	4.3692e-05
582.772	0.0	0.0	3.8347500000000005e-05
582.972	0.0	0.0	3.0172500000000003e-05
582.942	0.0	0.0	3.1332000000000004e-05
582.982	0.0	0.0	2.9137500000000004e-05
583.112	0.0	0.0	1.7583e-05
583.312	0.0	0.0	-7.121550000000001e-09
583.282	0.0	0.0	2.8017000000000002e-06
583.322	0.0	0.0	-4.80045e-07
583.442	0.0	0.0	-1.2215399999999998e-05
583.642	0.0	0.0	-3.0334500000000006e-05
583.612	0.0	0.0	-2.7519000000000005e-05
583.652	0.0	0.0	-3.0747e-05
583.782	0.0	0.0	-3.702300000000001e-05
583.982	0.0	0.0	-4.6626000000000004e-05
583.952	0.0	0.0	-4.5255000000000006e-05
583.992	0.0	0.0	-4.63845e-05
584.122	0.0	0.0	-4.36215e-05
584.322	0.0	0.0	-3.94125e-05
584.292	0.0	0.0	-4.0087500000000005e-05
584.322	0.0	0.0	-3.903450000000001e-05
584.452	0.0	0.0	-2.9109000000000002e-05
584.652	0.0	0.0	-1.37766e-05
584.622	0.0	0.0	-1.61715e-05
584.662	0.0	0.0	-1.29996e-05
584.792	0.0	0.0	-7.891800000000001e-07
584.992	0.0	0.0	1.7901000000000004e-05
584.962	0.0	0.0	1.5217500000000001e-05
585.002	0.0	0.0	1.85805e-05
585.132	0.0	0.0	2.65575e-05
585.332	0.0	0.0	3.87105e-05
585.302	0.0	0.0	3.67485e-05
585.332	0.0	0.0	3.8718000000000004e-05
585.462	0.0	0.0	3.89145e-05
585.662	0.0	0.0	3.922050000000001e-05
585.632	0.0	0.0	3.9172500000000005e-05
585.672	0.0	0.0	3.8793e-05
585.802	0.0	0.0	3.1851000000000004e-05
586.002	0.0	0.0	2.1220500000000005e-05
585.972	0.0	0.0	2.27565e-05
586.012	0.0	0.0	2.04e-05
586.142	0.0	0.0	1.049925e-05
586.342	0.0	0.0	-4.59165e-06
586.312	0.0	0.0	-2.1429000000000003e-06
586.342	0.0	0.0	-4.844400000000001e-06
586.472	0.0	0.0	-1.23828e-05
586.672	0.0	0.0	-2.4036e-05
586.642	0.0	0.0	-2.21955e-05
586.682	0.0	0.0	-2.4166500000000003e-05
586.812	0.0	0.0	-2.6368499999999997e-05
587.012	0.0	0.0	-2.9742e-05
586.982	0.0	0.0	-2.9251500000000003e-05
587.022	0.0	0.0	-2.9463000000000006e-05
587.152	0.0	0.0	-2.5993500000000004e-05
587.352	0.0	0.0	-2.07045e-05
587.322	0.0	0.0	-2.1567000000000002e-05
587.352	0.0	0.0	-2.0505000000000004e-05
587.482	0.0	0.0	-1.4136750000000001e-05
587.682	0.0	0.0	-4.2888e-06
587.652	0.0	0.0	-5.8533e-06
587.692	0.0	0.0	-3.937500000000001e-06
587.822	0.0	0.0	2.22975e-06
588.022	0.0	0.0	1.1681250000000003e-05
587.992	0.0	0.0	1.0299300000000001e-05
588.032	0.0	0.0	1.1940750000000003e-05
588.162	0.0	0.0	1.5249000000000001e-05
588.362	0.0	0.0	2.02965e-05
588.332	0.0	0.0	1.9468500000000005e-05
588.362	0.0	0.0	2.0284500000000005e-05
588.492	0.0	0.0	1.9872000000000002e-05
588.692	0.0	0.0	1.9236000000000004e-05
588.662	0.0	0.0	1.9338000000000004e-05
588.702	0.0	0.0	1.9026e-05
588.832	0.0	0.0	1.5213000000000002e-05
589.032	0.0	0.0	9.36555e-06
589.002	0.0	0.0	1.0225500000000002e-05
589.042	0.0	0.0	8.92605e-06
589.172	0.0	0.0	3.1575000000000003e-06
589.372	0.0	0.0	-5.6463000000000005e-06
589.342	0.0	0.0	-4.195050000000001e-06
589.372	0.0	0.0	-5.78595e-06
589.502	0.0	0.0	-1.10019e-05
589.702	0.0	0.0	-1.9074e-05
589.672	0.0	0.0	-1.7778e-05
589.712	0.0	0.0	-1.9188000000000003e-05
589.842	0.0	0.0	-2.1355500000000002e-05
590.042	0.0	0.0	-2.46795e-05
590.012	0.0	0.0	-2.4187500000000005e-05
590.052	0.0	0.0	-2.44845e-05
590.182	0.0	0.0	-2.1856500000000003e-05
590.382	0.0	0.0	-1.78425e-05
590.352	0.0	0.0	-1.8507e-05
590.382	0.0	0.0	-1.7685e-05
590.512	0.0	0.0	-1.1245350000000002e-05
590.712	0.0	0.0	-1.275555e-06
590.682	0.0	0.0	-2.8852500000000005e-06
590.722	0.0	0.0	-8.990400000000001e-07
590.852	0.0	0.0	6.577500000000001e-06
591.052	0.0	0.0	1.8049500000000004e-05
591.022	0.0	0.0	1.63425e-05
591.062	0.0	0.0	1.8363000000000004e-05
591.192	0.0	0.0	2.2746000000000002e-05
591.392	0.0	0.0	2.9439e-05
591.362	0.0	0.0	2.8324500000000003e-05
591.392	0.0	0.0	2.9413500000000002e-05
591.522	0.0	0.0	2.8306500000000004e-05
591.722	0.0	0.0	2.6590500000000002e-05
591.692	0.0	0.0	2.6869499999999997e-05
591.732	0.0	0.0	2.6283000000000006e-05
591.862	0.0	0.0	1.9908000000000003e-05
592.062	0.0	0.0	1.0122e-05
592.032	0.0	0.0	1.158675e-05
592.072	0.0	0.0	9.5304e-06
592.202	0.0	0.0	1.01646e-06
592.402	0.0	0.0	-1.1992949999999998e-05
592.372	0.0	0.0	-9.8151e-06
592.402	0.0	0.0	-1.2120150000000001e-05
592.532	0.0	0.0	-1.84605e-05
592.732	0.0	0.0	-2.8285500000000006e-05
592.702	0.0	0.0	-2.6682e-05
592.742	0.0	0.0	-2.8341000000000005e-05
592.872	0.0	0.0	-2.9544000000000004e-05
593.072	0.0	0.0	-3.1392e-05
593.042	0.0	0.0	-3.11145e-05
593.082	0.0	0.0	-3.1068e-05
593.212	0.0	0.0	-2.6248499999999998e-05
593.412	0.0	0.0	-1.8880500000000003e-05
593.382	0.0	0.0	-2.01195e-05
593.412	0.0	0.0	-1.8730500000000003e-05
593.542	0.0	0.0	-1.029255e-05
593.742	0.0	0.0	2.7864e-06
593.712	0.0	0.0	6.410100000000002e-07
593.752	0.0	0.0	3.156e-06
593.882	0.0	0.0	1.1600400000000002e-05
594.082	0.0	0.0	2.4573000000000003e-05
594.052	0.0	0.0	2.2611000000000004e-05
594.092	0.0	0.0	2.4838500000000003e-05
594.222	0.0	0.0	2.8903500000000002e-05
594.422	0.0	0.0	3.51195e-05
594.392	0.0	0.0	3.4060500000000004e-05
594.422	0.0	0.0	3.5089500000000003e-05
594.552	0.0	0.0	3.2676000000000004e-05
594.752	0.0	0.0	2.8932000000000004e-05
594.722	0.0	0.0	2.9532e-05
594.762	0.0	0.0	2.8495500000000002e-05
594.892	0.0	0.0	2.0202e-05
595.092	0.0	0.0	7.51185e-06
595.062	0.0	0.0	9.635850000000002e-06
595.092	0.0	0.0	7.336800000000001e-06
595.222	0.0	0.0	-2.8513500000000002e-06
595.422	0.0	0.0	-1.8651e-05
595.392	0.0	0.0	-1.6029000000000002e-05
595.432	0.0	0.0	-1.8946500000000002e-05
595.562	0.0	0.0	-2.6428500000000003e-05
595.762	0.0	0.0	-3.7929e-05
595.732	0.0	0.0	-3.61725e-05
595.772	0.0	0.0	-3.795300000000001e-05
595.902	0.0	0.0	-3.8341500000000006e-05
596.102	0.0	0.0	-3.89355e-05
596.072	0.0	0.0	-3.8835000000000003e-05
596.102	0.0	0.0	-3.8851500000000006e-05
596.232	0.0	0.0	-3.17625e-05
596.432	0.0	0.0	-2.07615e-05
596.402	0.0	0.0	-2.2591500000000002e-05
596.442	0.0	0.0	-2.0319000000000003e-05
596.572	0.0	0.0	-8.663700000000001e-06
596.772	0.0	0.0	9.2598e-06
596.742	0.0	0.0	6.505650000000001e-06
596.782	0.0	0.0	9.86325e-06
596.912	0.0	0.0	2.0067000000000003e-05
597.112	0.0	0.0	3.5688e-05
597.082	0.0	0.0	3.3010500000000005e-05
597.112	0.0	0.0	3.5721000000000006e-05
597.242	0.0	0.0	3.928200000000001e-05
597.442	0.0	0.0	4.4808e-05
597.412	0.0	0.0	4.388400000000001e-05
597.442	0.0	0.0	4.4631e-05
597.582	0.0	0.0	3.9694500000000004e-05
597.782	0.0	0.0	3.21e-05
597.752	0.0	0.0	3.3273000000000005e-05
597.792	0.0	0.0	3.1465500000000006e-05
597.922	0.0	0.0	2.03055e-05
598.122	0.0	0.0	3.2134500000000005e-06
598.092	0.0	0.0	6.15675e-06
598.122	0.0	0.0	3.12705e-06
598.252	0.0	0.0	-8.52645e-06
598.452	0.0	0.0	-2.6623500000000004e-05
598.422	0.0	0.0	-2.3583000000000004e-05
598.452	0.0	0.0	-2.6854500000000002e-05
598.592	0.0	0.0	-3.3726e-05
598.792	0.0	0.0	-4.4302500000000005e-05
598.762	0.0	0.0	-4.266000000000001e-05
598.802	0.0	0.0	-4.4215500000000004e-05
598.932	0.0	0.0	-4.2609e-05
599.132	0.0	0.0	-4.015050000000001e-05
599.102	0.0	0.0	-4.0575000000000004e-05
599.132	0.0	0.0	-4.0102500000000004e-05
599.262	0.0	0.0	-3.103350000000001e-05
599.462	0.0	0.0	-1.6944000000000002e-05
599.432	0.0	0.0	-1.9323e-05
599.462	0.0	0.0	-1.6545e-05
599.602	0.0	0.0	-3.830850000000001e-06
599.802	0.0	0.0	1.5744e-05
599.772	0.0	0.0	1.26855e-05
599.812	0.0	0.0	1.62735e-05
599.942	0.0	0.0	2.6361e-05
600.142	0.0	0.0	4.18245e-05
600.102	0.0	0.0	3.9135000000000004e-05
600.142	0.0	0.0	4.1832e-05
600.272	0.0	0.0	4.44e-05
600.472	0.0	0.0	4.8394500000000006e-05
600.442	0.0	0.0	4.771650000000001e-05
600.472	0.0	0.0	4.81995e-05
600.612	0.0	0.0	4.1548500000000004e-05
600.812	0.0	0.0	3.13035e-05
600.782	0.0	0.0	3.2913e-05
600.822	0.0	0.0	3.0633e-05
600.952	0.0	0.0	1.7316e-05
601.152	0.0	0.0	-3.10395e-06
601.112	0.0	0.0	4.6384500000000004e-07
601.152	0.0	0.0	-3.1143e-06
601.282	0.0	0.0	-1.6680000000000003e-05
601.482	0.0	0.0	-3.77715e-05
601.452	0.0	0.0	-3.41745e-05
601.482	0.0	0.0	-3.79725e-05
601.622	0.0	0.0	-4.53855e-05
601.822	0.0	0.0	-5.680800000000001e-05
601.792	0.0	0.0	-5.5005000000000006e-05
601.832	0.0	0.0	-5.664150000000001e-05
601.962	0.0	0.0	-5.3169000000000005e-05
602.162	0.0	0.0	-4.784250000000001e-05
602.122	0.0	0.0	-4.8777000000000004e-05
602.162	0.0	0.0	-4.7847000000000005e-05
602.292	0.0	0.0	-3.4939500000000007e-05
602.492	0.0	0.0	-1.484325e-05
602.462	0.0	0.0	-1.8288000000000002e-05
602.492	0.0	0.0	-1.442565e-05
602.632	0.0	0.0	2.3829e-06
602.832	0.0	0.0	2.8291500000000002e-05
602.802	0.0	0.0	2.41785e-05
602.842	0.0	0.0	2.8831500000000003e-05
602.972	0.0	0.0	4.0593e-05
603.172	0.0	0.0	5.8642500000000006e-05
603.132	0.0	0.0	5.545800000000001e-05
603.172	0.0	0.0	5.859900000000001e-05
603.302	0.0	0.0	5.9313000000000006e-05
603.502	0.0	0.0	6.036000000000001e-05
603.472	0.0	0.0	6.018e-05
603.502	0.0	0.0	6.011100000000001e-05
603.642	0.0	0.0	4.9121999999999995e-05
603.842	0.0	0.0	3.2176500000000006e-05
603.812	0.0	0.0	3.488100000000001e-05
603.852	0.0	0.0	3.14325e-05
603.982	0.0	0.0	1.43904e-05
604.182	0.0	0.0	-1.17711e-05
604.142	0.0	0.0	-7.134600000000001e-06
604.182	0.0	0.0	-1.1672999999999998e-05
604.312	0.0	0.0	-2.5793999999999997e-05
604.512	0.0	0.0	-4.7751e-05
604.482	0.0	0.0	-4.395150000000001e-05
604.512	0.0	0.0	-4.7847000000000005e-05
604.652	0.0	0.0	-5.2516500000000004e-05
604.852	0.0	0.0	-5.9721000000000006e-05
604.822	0.0	0.0	-5.85645e-05
604.862	0.0	0.0	-5.943150000000001e-05
604.992	0.0	0.0	-5.245650000000001e-05
605.192	0.0	0.0	-4.1745e-05
605.152	0.0	0.0	-4.365150000000001e-05
605.192	0.0	0.0	-4.180050000000001e-05
605.322	0.0	0.0	-2.7973500000000006e-05
605.522	0.0	0.0	-6.354450000000001e-06
605.482	0.0	0.0	-1.011465e-05
605.522	0.0	0.0	-6.1026e-06
605.662	0.0	0.0	7.6347e-06
605.862	0.0	0.0	2.8834500000000003e-05
605.832	0.0	0.0	2.54145e-05
605.872	0.0	0.0	2.9089500000000003e-05
606.002	0.0	0.0	3.5575500000000005e-05
606.202	0.0	0.0	4.554e-05
606.162	0.0	0.0	4.375800000000001e-05
606.202	0.0	0.0	4.5474000000000005e-05
606.332	0.0	0.0	4.2798e-05
606.532	0.0	0.0	3.8484000000000006e-05
606.492	0.0	0.0	3.9237000000000004e-05
606.532	0.0	0.0	3.8334e-05
606.662	0.0	0.0	2.9134500000000004e-05
606.872	0.0	0.0	1.4930700000000003e-05
606.842	0.0	0.0	1.7233500000000004e-05
606.872	0.0	0.0	1.4564250000000002e-05
607.012	0.0	0.0	4.695450000000001e-06
607.212	0.0	0.0	-1.04724e-05
607.172	0.0	0.0	-7.746600000000001e-06
607.212	0.0	0.0	-1.0351650000000001e-05
607.342	0.0	0.0	-1.5874500000000002e-05
607.542	0.0	0.0	-2.43975e-05
607.502	0.0	0.0	-2.2900500000000002e-05
607.542	0.0	0.0	-2.4393000000000002e-05
607.672	0.0	0.0	-2.40795e-05
607.882	0.0	0.0	-2.3595e-05
607.852	0.0	0.0	-2.3674500000000002e-05
607.882	0.0	0.0	-2.34405e-05
608.022	0.0	0.0	-1.9017e-05
608.222	0.0	0.0	-1.221495e-05
608.182	0.0	0.0	-1.344285e-05
608.222	0.0	0.0	-1.2278550000000001e-05
608.352	0.0	0.0	-7.41225e-06
608.552	0.0	0.0	1.8664500000000001e-07
608.512	0.0	0.0	-1.1540700000000001e-06
608.552	0.0	0.0	2.1993000000000004e-07
608.682	0.0	0.0	3.0279000000000003e-06
608.892	0.0	0.0	7.36605e-06
608.862	0.0	0.0	6.65655e-06
608.892	0.0	0.0	7.372050000000001e-06
609.032	0.0	0.0	7.5549e-06
609.232	0.0	0.0	7.836000000000001e-06
609.192	0.0	0.0	7.78455e-06
609.232	0.0	0.0	7.832400000000001e-06
609.362	0.0	0.0	6.785250000000001e-06
609.562	0.0	0.0	5.111850000000001e-06
609.522	0.0	0.0	5.40075e-06
609.562	0.0	0.0	5.084100000000001e-06
609.702	0.0	0.0	3.7284000000000006e-06
609.902	0.0	0.0	1.6425000000000002e-06
609.862	0.0	0.0	2.0172000000000004e-06
609.902	0.0	0.0	1.66275e-06
610.032	0.0	0.0	-1.60605e-07
610.232	0.0	0.0	-3.0165000000000007e-06
610.192	0.0	0.0	-2.5072500000000004e-06
610.232	0.0	0.0	-3.03135e-06
610.362	0.0	0.0	-4.95345e-06
610.572	0.0	0.0	-7.924950000000001e-06
610.542	0.0	0.0	-7.434300000000001e-06
610.572	0.0	0.0	-7.9422e-06
610.712	0.0	0.0	-8.532450000000002e-06
610.912	0.0	0.0	-9.441000000000002e-06
610.872	0.0	0.0	-9.274950000000002e-06
610.912	0.0	0.0	-9.429150000000001e-06
611.042	0.0	0.0	-8.03505e-06
611.242	0.0	0.0	-5.7949499999999995e-06
611.202	0.0	0.0	-6.195150000000001e-06
611.242	0.0	0.0	-5.777400000000001e-06
611.372	0.0	0.0	-2.90295e-06
611.582	0.0	0.0	1.5425999999999999e-06
611.552	0.0	0.0	8.047500000000001e-07
611.582	0.0	0.0	1.6116e-06
611.722	0.0	0.0	4.170750000000001e-06
611.922	0.0	0.0	8.11095e-06
611.882	0.0	0.0	7.387800000000001e-06
611.922	0.0	0.0	8.053950000000001e-06
612.052	0.0	0.0	8.8743e-06
612.252	0.0	0.0	1.0093500000000001e-05
612.212	0.0	0.0	9.8748e-06
612.252	0.0	0.0	1.008885e-05
612.382	0.0	0.0	8.89245e-06
612.592	0.0	0.0	7.0416000000000005e-06
612.562	0.0	0.0	7.3503000000000014e-06
612.592	0.0	0.0	6.9852000000000005e-06
612.732	0.0	0.0	4.71285e-06
612.932	0.0	0.0	1.2124650000000001e-06
612.892	0.0	0.0	1.8577500000000001e-06
612.932	0.0	0.0	1.26792e-06
613.062	0.0	0.0	-9.6621e-07
613.262	0.0	0.0	-4.4556e-06
613.222	0.0	0.0	-3.826350000000001e-06
613.262	0.0	0.0	-4.45875e-06
613.392	0.0	0.0	-6.2431500000000005e-06
613.602	0.0	0.0	-9.004950000000001e-06
613.572	0.0	0.0	-8.5419e-06
613.602	0.0	0.0	-9.01845e-06
613.742	0.0	0.0	-9.61575e-06
613.942	0.0	0.0	-1.0536150000000002e-05
613.902	0.0	0.0	-1.0365600000000001e-05
613.942	0.0	0.0	-1.0520250000000001e-05
614.072	0.0	0.0	-8.9235e-06
614.272	0.0	0.0	-6.3339000000000005e-06
614.232	0.0	0.0	-6.802950000000001e-06
614.272	0.0	0.0	-6.3345e-06
614.402	0.0	0.0	-1.9194e-06
614.612	0.0	0.0	4.917900000000001e-06
614.582	0.0	0.0	3.7660500000000006e-06
614.612	0.0	0.0	5.02815e-06
614.752	0.0	0.0	1.0419000000000001e-05
614.952	0.0	0.0	1.8729e-05
614.912	0.0	0.0	1.7184e-05
614.952	0.0	0.0	1.8574500000000003e-05
615.082	0.0	0.0	2.16975e-05
615.282	0.0	0.0	2.6478e-05
615.242	0.0	0.0	2.5608000000000003e-05
615.282	0.0	0.0	2.6470499999999997e-05
615.412	0.0	0.0	2.4231000000000002e-05
615.622	0.0	0.0	2.0743500000000002e-05
615.582	0.0	0.0	2.13345e-05
615.622	0.0	0.0	2.0598e-05
615.762	0.0	0.0	1.2669450000000001e-05
615.962	0.0	0.0	4.41795e-07
615.922	0.0	0.0	2.7261e-06
615.962	0.0	0.0	6.861450000000001e-07
616.092	0.0	0.0	-9.3108e-06
616.292	0.0	0.0	-2.5054500000000002e-05
616.252	0.0	0.0	-2.2176e-05
616.292	0.0	0.0	-2.50065e-05
616.422	0.0	0.0	-3.20385e-05
616.632	0.0	0.0	-4.2912000000000005e-05
616.592	0.0	0.0	-4.10625e-05
616.632	0.0	0.0	-4.2894000000000006e-05
616.772	0.0	0.0	-4.178250000000001e-05
616.972	0.0	0.0	-4.006800000000001e-05
616.932	0.0	0.0	-4.0389e-05
616.972	0.0	0.0	-4.010400000000001e-05
617.102	0.0	0.0	-3.077700000000001e-05
617.302	0.0	0.0	-1.57395e-05
617.262	0.0	0.0	-1.8501e-05
617.302	0.0	0.0	-1.5805500000000003e-05
617.432	0.0	0.0	-1.493085e-06
617.642	0.0	0.0	2.0740500000000002e-05
617.602	0.0	0.0	1.6939500000000003e-05
617.642	0.0	0.0	2.0899500000000002e-05
617.772	0.0	0.0	3.22455e-05
617.982	0.0	0.0	4.9755e-05
617.942	0.0	0.0	4.6455e-05
617.982	0.0	0.0	4.93575e-05
618.112	0.0	0.0	5.178600000000001e-05
618.312	0.0	0.0	5.508300000000001e-05
618.272	0.0	0.0	5.4475500000000004e-05
618.312	0.0	0.0	5.5063500000000006e-05
618.442	0.0	0.0	4.6372500000000004e-05
618.652	0.0	0.0	3.2745000000000006e-05
618.612	0.0	0.0	3.5086500000000004e-05
618.652	0.0	0.0	3.2562000000000004e-05
618.782	0.0	0.0	1.7092500000000003e-05
618.992	0.0	0.0	-6.7917e-06
618.952	0.0	0.0	-2.2719000000000002e-06
618.992	0.0	0.0	-6.2163e-06
619.122	0.0	0.0	-2.0205e-05
619.322	0.0	0.0	-4.2027e-05
619.282	0.0	0.0	-3.79845e-05
619.322	0.0	0.0	-4.18695e-05
619.452	0.0	0.0	-4.77195e-05
619.662	0.0	0.0	-5.6649000000000006e-05
619.622	0.0	0.0	-5.5107e-05
619.662	0.0	0.0	-5.659500000000001e-05
619.792	0.0	0.0	-5.1108e-05
620.002	0.0	0.0	-4.2634500000000007e-05
619.962	0.0	0.0	-4.4244000000000005e-05
619.992	0.0	0.0	-4.284900000000001e-05
620.132	0.0	0.0	-3.0183000000000002e-05
620.332	0.0	0.0	-9.872700000000001e-06
620.292	0.0	0.0	-1.3651200000000002e-05
620.332	0.0	0.0	-1.0047e-05
620.462	0.0	0.0	3.7899000000000008e-06
620.672	0.0	0.0	2.52735e-05
620.632	0.0	0.0	2.1549000000000003e-05
620.672	0.0	0.0	2.5330499999999997e-05
620.802	0.0	0.0	3.2742000000000006e-05
621.012	0.0	0.0	4.4193e-05
620.972	0.0	0.0	4.20075e-05
621.002	0.0	0.0	4.3885500000000005e-05
621.142	0.0	0.0	4.251600000000001e-05
621.342	0.0	0.0	3.977100000000001e-05
621.302	0.0	0.0	4.0284e-05
621.342	0.0	0.0	3.9798e-05
621.472	0.0	0.0	3.1174500000000005e-05
621.682	0.0	0.0	1.7625e-05
621.642	0.0	0.0	1.99845e-05
621.682	0.0	0.0	1.7569500000000002e-05
621.812	0.0	0.0	7.368000000000001e-06
622.022	0.0	0.0	-8.4006e-06
621.982	0.0	0.0	-5.37855e-06
622.012	0.0	0.0	-7.95615e-06
622.152	0.0	0.0	-1.44006e-05
622.352	0.0	0.0	-2.4240000000000002e-05
622.312	0.0	0.0	-2.23935e-05
622.352	0.0	0.0	-2.4129000000000002e-05
622.482	0.0	0.0	-2.4642e-05
622.692	0.0	0.0	-2.5278000000000004e-05
622.652	0.0	0.0	-2.5167e-05
622.692	0.0	0.0	-2.5261500000000002e-05
622.822	0.0	0.0	-2.0991e-05
623.032	0.0	0.0	-1.438875e-05
622.992	0.0	0.0	-1.5667500000000002e-05
623.022	0.0	0.0	-1.4596500000000002e-05
623.152	0.0	0.0	-9.329850000000002e-06
623.362	0.0	0.0	-9.782550000000003e-07
623.322	0.0	0.0	-2.5143000000000002e-06
623.362	0.0	0.0	-1.02651e-06
623.492	0.0	0.0	2.4492e-06
623.702	0.0	0.0	7.7985e-06
623.662	0.0	0.0	6.778650000000001e-06
623.692	0.0	0.0	7.64655e-06
623.822	0.0	0.0	8.2155e-06
624.032	0.0	0.0	8.899950000000001e-06
623.992	0.0	0.0	8.770350000000002e-06
624.032	0.0	0.0	8.890350000000002e-06
624.162	0.0	0.0	7.480200000000002e-06
624.372	0.0	0.0	5.225400000000001e-06
624.332	0.0	0.0	5.6229e-06
624.372	0.0	0.0	5.2260000000000004e-06
624.502	0.0	0.0	3.6306000000000004e-06
624.712	0.0	0.0	1.161915e-06
624.672	0.0	0.0	1.6402500000000003e-06
624.702	0.0	0.0	1.2404100000000003e-06
624.832	0.0	0.0	4.94655e-07
625.042	0.0	0.0	-6.07275e-07
625.002	0.0	0.0	-3.9811500000000004e-07
625.042	0.0	0.0	-5.907150000000001e-07
625.172	0.0	0.0	-8.274000000000001e-07
625.382	0.0	0.0	-1.177635e-06
625.342	0.0	0.0	-1.115595e-06
625.382	0.0	0.0	-1.17708e-06
625.512	0.0	0.0	-1.345575e-06
625.722	0.0	0.0	-1.6062e-06
625.682	0.0	0.0	-1.5555000000000002e-06
625.712	0.0	0.0	-1.5975e-06
625.842	0.0	0.0	-1.38513e-06
626.052	0.0	0.0	-1.01916e-06
626.012	0.0	0.0	-1.0889250000000001e-06
626.052	0.0	0.0	-1.0251600000000001e-06
626.182	0.0	0.0	-5.8725e-07
626.392	0.0	0.0	1.017375e-07
626.352	0.0	0.0	-2.08695e-08
626.392	0.0	0.0	9.970049999999999e-08
626.522	0.0	0.0	5.432400000000001e-07
626.732	0.0	0.0	1.230045e-06
626.692	0.0	0.0	1.0958700000000002e-06
626.722	0.0	0.0	1.2063600000000002e-06
626.852	0.0	0.0	1.9951500000000003e-06
627.062	0.0	0.0	3.2655000000000003e-06
627.022	0.0	0.0	3.02235e-06
627.062	0.0	0.0	3.243e-06
627.192	0.0	0.0	3.7593000000000006e-06
627.402	0.0	0.0	4.54905e-06
627.362	0.0	0.0	4.407900000000001e-06
627.402	0.0	0.0	4.5456e-06
627.532	0.0	0.0	3.486e-06
627.742	0.0	0.0	1.8282000000000001e-06
627.702	0.0	0.0	2.1534000000000004e-06
627.732	0.0	0.0	1.8876000000000001e-06
627.862	0.0	0.0	-9.687150000000001e-07
628.072	0.0	0.0	-5.624400000000001e-06
628.032	0.0	0.0	-4.7295e-06
628.072	0.0	0.0	-5.5353e-06
628.202	0.0	0.0	-9.14385e-06
628.412	0.0	0.0	-1.4786850000000002e-05
628.372	0.0	0.0	-1.3773600000000003e-05
628.412	0.0	0.0	-1.47549e-05
628.542	0.0	0.0	-1.6282500000000002e-05
628.752	0.0	0.0	-1.8622500000000003e-05
628.712	0.0	0.0	-1.8162e-05
628.742	0.0	0.0	-1.8535500000000002e-05
628.872	0.0	0.0	-1.6102500000000004e-05
629.082	0.0	0.0	-1.1896950000000001e-05
629.042	0.0	0.0	-1.2708750000000001e-05
629.082	0.0	0.0	-1.19832e-05
629.212	0.0	0.0	-5.182350000000001e-06
629.422	0.0	0.0	5.6112e-06
629.382	0.0	0.0	3.6645000000000002e-06
629.422	0.0	0.0	5.535150000000001e-06
629.552	0.0	0.0	1.34058e-05
629.762	0.0	0.0	2.5624500000000005e-05
629.722	0.0	0.0	2.3208e-05
629.752	0.0	0.0	2.5153500000000002e-05
629.882	0.0	0.0	2.9506500000000003e-05
630.092	0.0	0.0	3.6003e-05
630.052	0.0	0.0	3.4743e-05
630.092	0.0	0.0	3.58605e-05
630.222	0.0	0.0	3.312e-05
630.432	0.0	0.0	2.8476000000000003e-05
630.392	0.0	0.0	2.9317500000000005e-05
630.432	0.0	0.0	2.8515000000000004e-05
630.562	0.0	0.0	1.8789000000000003e-05
630.772	0.0	0.0	3.5667000000000005e-06
630.732	0.0	0.0	6.589050000000001e-06
630.762	0.0	0.0	4.173450000000001e-06
630.892	0.0	0.0	-7.521000000000001e-06
631.102	0.0	0.0	-2.6124000000000003e-05
631.062	0.0	0.0	-2.25045e-05
631.102	0.0	0.0	-2.5691999999999997e-05
631.232	0.0	0.0	-3.3726e-05
631.442	0.0	0.0	-4.600650000000001e-05
631.402	0.0	0.0	-4.377300000000001e-05
631.442	0.0	0.0	-4.5888000000000005e-05
631.572	0.0	0.0	-4.4892e-05
631.782	0.0	0.0	-4.313550000000001e-05
631.742	0.0	0.0	-4.3486500000000005e-05
631.772	0.0	0.0	-4.320750000000001e-05
631.902	0.0	0.0	-3.4044e-05
632.112	0.0	0.0	-1.8748500000000002e-05
632.072	0.0	0.0	-2.1738000000000004e-05
632.102	0.0	0.0	-1.9125000000000004e-05
632.242	0.0	0.0	-5.4759e-06
632.452	0.0	0.0	1.6023000000000002e-05
632.412	0.0	0.0	1.209435e-05
632.452	0.0	0.0	1.57845e-05
632.582	0.0	0.0	2.6167500000000003e-05
632.792	0.0	0.0	4.2189000000000006e-05
632.752	0.0	0.0	3.8982e-05
632.782	0.0	0.0	4.15065e-05
632.912	0.0	0.0	4.375950000000001e-05
633.122	0.0	0.0	4.641150000000001e-05
633.082	0.0	0.0	4.5891e-05
633.112	0.0	0.0	4.6342500000000006e-05
633.252	0.0	0.0	3.9411000000000006e-05
633.462	0.0	0.0	2.8044000000000005e-05
633.422	0.0	0.0	3.0130500000000006e-05
633.462	0.0	0.0	2.8185000000000002e-05
633.592	0.0	0.0	1.6440000000000002e-05
633.802	0.0	0.0	-1.9366500000000003e-06
633.762	0.0	0.0	1.75515e-06
633.792	0.0	0.0	-1.13067e-06
633.922	0.0	0.0	-1.0934850000000003e-05
634.132	0.0	0.0	-2.6152500000000004e-05
634.092	0.0	0.0	-2.3155500000000002e-05
634.122	0.0	0.0	-2.5738499999999998e-05
634.262	0.0	0.0	-2.92725e-05
634.472	0.0	0.0	-3.4351500000000005e-05
634.432	0.0	0.0	-3.3415500000000006e-05
634.472	0.0	0.0	-3.4281000000000006e-05
634.602	0.0	0.0	-3.0564e-05
634.812	0.0	0.0	-2.4551999999999998e-05
634.772	0.0	0.0	-2.5764e-05
634.802	0.0	0.0	-2.4823500000000004e-05
634.932	0.0	0.0	-1.7832e-05
635.142	0.0	0.0	-6.4366500000000005e-06
635.102	0.0	0.0	-8.690700000000001e-06
635.132	0.0	0.0	-6.7632e-06
635.272	0.0	0.0	-6.42885e-07
635.482	0.0	0.0	8.81385e-06
635.442	0.0	0.0	7.063050000000002e-06
635.482	0.0	0.0	8.67075e-06
635.612	0.0	0.0	1.0553850000000002e-05
635.822	0.0	0.0	1.3323000000000001e-05
635.782	0.0	0.0	1.2762300000000001e-05
635.812	0.0	0.0	1.31943e-05
635.942	0.0	0.0	1.1521650000000002e-05
636.152	0.0	0.0	8.45865e-06
636.112	0.0	0.0	9.066900000000001e-06
636.142	0.0	0.0	8.55045e-06
636.282	0.0	0.0	5.9136000000000004e-06
636.492	0.0	0.0	1.7488500000000002e-06
636.452	0.0	0.0	2.52315e-06
636.492	0.0	0.0	1.8174000000000002e-06
636.622	0.0	0.0	9.167850000000001e-07
636.832	0.0	0.0	-4.1076e-07
636.792	0.0	0.0	-1.409385e-07
636.822	0.0	0.0	-3.4726500000000003e-07
636.952	0.0	0.0	-2.3941500000000006e-06
637.162	0.0	0.0	-5.775450000000001e-06
637.122	0.0	0.0	-5.10135e-06
637.152	0.0	0.0	-5.669550000000001e-06
637.292	0.0	0.0	-8.33235e-06
637.502	0.0	0.0	-1.252695e-05
637.462	0.0	0.0	-1.1744700000000001e-05
637.502	0.0	0.0	-1.24536e-05
637.632	0.0	0.0	-1.2581549999999998e-05
637.842	0.0	0.0	-1.26687e-05
637.802	0.0	0.0	-1.2650850000000001e-05
637.832	0.0	0.0	-1.266435e-05
637.962	0.0	0.0	-9.02715e-06
638.172	0.0	0.0	-2.7771e-06
638.132	0.0	0.0	-3.9999000000000004e-06
638.162	0.0	0.0	-2.9383500000000004e-06
638.302	0.0	0.0	3.6411000000000006e-06
638.512	0.0	0.0	1.4037900000000003e-05
638.472	0.0	0.0	1.1935650000000002e-05
638.502	0.0	0.0	1.3539450000000001e-05
638.632	0.0	0.0	1.89705e-05
638.842	0.0	0.0	2.7387e-05
638.802	0.0	0.0	2.56935e-05
638.832	0.0	0.0	2.7102e-05
638.972	0.0	0.0	2.77395e-05
639.182	0.0	0.0	2.8318500000000003e-05
639.142	0.0	0.0	2.8209000000000004e-05
639.182	0.0	0.0	2.8306500000000004e-05
639.312	0.0	0.0	2.2617000000000004e-05
639.522	0.0	0.0	1.3456200000000002e-05
639.482	0.0	0.0	1.53375e-05
639.512	0.0	0.0	1.3926450000000003e-05
639.642	0.0	0.0	4.885350000000001e-06
639.852	0.0	0.0	-9.830250000000001e-06
639.812	0.0	0.0	-6.865649999999999e-06
639.842	0.0	0.0	-9.316650000000002e-06
639.982	0.0	0.0	-1.7614500000000002e-05
640.192	0.0	0.0	-3.0472500000000003e-05
640.152	0.0	0.0	-2.8044000000000005e-05
640.192	0.0	0.0	-3.0198000000000005e-05
640.322	0.0	0.0	-3.2682e-05
640.532	0.0	0.0	-3.62415e-05
640.492	0.0	0.0	-3.5508e-05
640.522	0.0	0.0	-3.6054000000000004e-05
640.652	0.0	0.0	-3.1818e-05
640.862	0.0	0.0	-2.4204000000000004e-05
640.822	0.0	0.0	-2.5744500000000004e-05
640.852	0.0	0.0	-2.4480000000000003e-05
640.992	0.0	0.0	-1.5093000000000003e-05
641.202	0.0	0.0	-5.005950000000001e-09
641.162	0.0	0.0	-2.8654500000000002e-06
641.202	0.0	0.0	-3.4725000000000004e-07
641.332	0.0	0.0	8.95545e-06
641.542	0.0	0.0	2.34225e-05
641.502	0.0	0.0	2.0430000000000003e-05
641.532	0.0	0.0	2.2642500000000002e-05
641.662	0.0	0.0	2.7316500000000002e-05
641.872	0.0	0.0	3.40395e-05
641.832	0.0	0.0	3.267450000000001e-05
641.862	0.0	0.0	3.3786000000000005e-05
642.002	0.0	0.0	3.1737000000000005e-05
642.212	0.0	0.0	2.7915e-05
642.172	0.0	0.0	2.8642500000000002e-05
642.202	0.0	0.0	2.8006500000000004e-05
642.342	0.0	0.0	2.0638500000000002e-05
642.552	0.0	0.0	8.859000000000001e-06
642.512	0.0	0.0	1.13049e-05
642.542	0.0	0.0	9.51e-06
642.672	0.0	0.0	1.20384e-06
642.882	0.0	0.0	-1.2045150000000001e-05
642.842	0.0	0.0	-9.345e-06
642.872	0.0	0.0	-1.152975e-05
643.012	0.0	0.0	-1.7155500000000002e-05
643.222	0.0	0.0	-2.5660500000000003e-05
643.182	0.0	0.0	-2.4034500000000002e-05
643.212	0.0	0.0	-2.5444500000000003e-05
643.352	0.0	0.0	-2.5680000000000005e-05
643.562	0.0	0.0	-2.5713000000000003e-05
643.522	0.0	0.0	-2.5707000000000003e-05
643.552	0.0	0.0	-2.57115e-05
643.682	0.0	0.0	-2.1471000000000005e-05
643.892	0.0	0.0	-1.4109300000000002e-05
643.852	0.0	0.0	-1.5615000000000002e-05
643.882	0.0	0.0	-1.4405550000000001e-05
644.022	0.0	0.0	-7.654500000000001e-06
644.232	0.0	0.0	3.1171500000000003e-06
644.192	0.0	0.0	1.0498500000000002e-06
644.222	0.0	0.0	2.83005e-06
644.362	0.0	0.0	8.5359e-06
644.572	0.0	0.0	1.7352000000000003e-05
644.532	0.0	0.0	1.5508500000000002e-05
644.562	0.0	0.0	1.6842000000000002e-05
644.692	0.0	0.0	1.9159500000000002e-05
644.902	0.0	0.0	2.2305000000000004e-05
644.862	0.0	0.0	2.1658500000000003e-05
644.892	0.0	0.0	2.2174500000000003e-05
645.032	0.0	0.0	2.0185500000000002e-05
645.242	0.0	0.0	1.6639500000000002e-05
645.202	0.0	0.0	1.73235e-05
645.232	0.0	0.0	1.6738500000000002e-05
645.372	0.0	0.0	1.15578e-05
645.582	0.0	0.0	3.2689500000000003e-06
645.542	0.0	0.0	5.0091e-06
645.572	0.0	0.0	3.75945e-06
645.702	0.0	0.0	-1.8366000000000001e-06
645.912	0.0	0.0	-1.0743750000000002e-05
645.872	0.0	0.0	-8.907600000000001e-06
645.902	0.0	0.0	-1.0361850000000001e-05
646.042	0.0	0.0	-1.3971900000000001e-05
646.252	0.0	0.0	-1.9386e-05
646.212	0.0	0.0	-1.8339000000000002e-05
646.242	0.0	0.0	-1.92285e-05
646.382	0.0	0.0	-1.8930000000000003e-05
646.592	0.0	0.0	-1.8183000000000002e-05
646.552	0.0	0.0	-1.83405e-05
646.582	0.0	0.0	-1.8228000000000002e-05
646.712	0.0	0.0	-1.4676900000000002e-05
646.922	0.0	0.0	-8.5434e-06
646.882	0.0	0.0	-9.812550000000001e-06
646.912	0.0	0.0	-8.81445e-06
647.052	0.0	0.0	-3.5922000000000005e-06
647.262	0.0	0.0	4.7343000000000006e-06
647.222	0.0	0.0	3.1168500000000005e-06
647.252	0.0	0.0	4.4796e-06
647.392	0.0	0.0	8.4585e-06
647.602	0.0	0.0	1.4564550000000003e-05
647.562	0.0	0.0	1.32732e-05
647.592	0.0	0.0	1.41873e-05
647.722	0.0	0.0	1.52325e-05
647.932	0.0	0.0	1.6404e-05
647.892	0.0	0.0	1.61595e-05
647.922	0.0	0.0	1.635e-05
648.062	0.0	0.0	1.41726e-05
648.272	0.0	0.0	1.041135e-05
648.232	0.0	0.0	1.114485e-05
648.262	0.0	0.0	1.0531350000000002e-05
648.402	0.0	0.0	6.60855e-06
648.612	0.0	0.0	3.5805000000000006e-07
648.572	0.0	0.0	1.68465e-06
648.602	0.0	0.0	7.522050000000001e-07
648.732	0.0	0.0	-2.7792e-06
648.942	0.0	0.0	-8.296950000000002e-06
648.902	0.0	0.0	-7.146750000000001e-06
648.932	0.0	0.0	-8.038500000000001e-06
649.072	0.0	0.0	-9.8787e-06
649.282	0.0	0.0	-1.2552450000000002e-05
649.242	0.0	0.0	-1.2028950000000003e-05
649.272	0.0	0.0	-1.2463650000000002e-05
649.412	0.0	0.0	-1.1956049999999999e-05
649.622	0.0	0.0	-1.09731e-05
649.572	0.0	0.0	-1.1182350000000001e-05
649.612	0.0	0.0	-1.1036250000000001e-05
649.742	0.0	0.0	-8.599500000000001e-06
649.952	0.0	0.0	-4.41375e-06
649.912	0.0	0.0	-5.289450000000001e-06
649.942	0.0	0.0	-4.6152e-06
650.082	0.0	0.0	-6.5169e-07
650.292	0.0	0.0	5.724000000000001e-06
650.252	0.0	0.0	4.470900000000001e-06
650.282	0.0	0.0	5.503950000000001e-06
650.422	0.0	0.0	9.36105e-06
650.632	0.0	0.0	1.53705e-05
650.582	0.0	0.0	1.408545e-05
650.622	0.0	0.0	1.4975550000000001e-05
650.752	0.0	0.0	1.67175e-05
650.962	0.0	0.0	1.9101000000000002e-05
650.922	0.0	0.0	1.86015e-05
650.952	0.0	0.0	1.8984000000000003e-05
651.092	0.0	0.0	1.6803e-05
651.302	0.0	0.0	1.2898050000000001e-05
651.262	0.0	0.0	1.3668600000000002e-05
651.292	0.0	0.0	1.3037850000000001e-05
651.432	0.0	0.0	7.054200000000001e-06
651.642	0.0	0.0	-2.62515e-06
651.592	0.0	0.0	-5.487e-07
651.632	0.0	0.0	-1.97745e-06
651.762	0.0	0.0	-8.926950000000001e-06
651.972	0.0	0.0	-2.01e-05
651.932	0.0	0.0	-1.7745e-05
651.962	0.0	0.0	-1.9533000000000004e-05
652.102	0.0	0.0	-2.3973000000000002e-05
652.312	0.0	0.0	-3.0571500000000004e-05
652.272	0.0	0.0	-2.9265000000000002e-05
652.302	0.0	0.0	-3.0328500000000006e-05
652.442	0.0	0.0	-2.8815e-05
652.652	0.0	0.0	-2.5900500000000004e-05
652.602	0.0	0.0	-2.6532000000000003e-05
652.642	0.0	0.0	-2.6104500000000004e-05
652.772	0.0	0.0	-1.9131000000000004e-05
652.982	0.0	0.0	-7.045350000000001e-06
652.942	0.0	0.0	-9.547650000000002e-06
652.972	0.0	0.0	-7.5921000000000005e-06
653.112	0.0	0.0	2.4529500000000004e-06
653.322	0.0	0.0	1.8427500000000003e-05
653.272	0.0	0.0	1.5018000000000003e-05
653.312	0.0	0.0	1.7358000000000002e-05
653.442	0.0	0.0	2.4866999999999998e-05
653.652	0.0	0.0	3.6297e-05
653.612	0.0	0.0	3.38685e-05
653.642	0.0	0.0	3.5688e-05
653.782	0.0	0.0	3.661800000000001e-05
653.992	0.0	0.0	3.716550000000001e-05
653.952	0.0	0.0	3.7056000000000006e-05
653.982	0.0	0.0	3.71445e-05
654.122	0.0	0.0	3.03105e-05
654.332	0.0	0.0	1.8879000000000003e-05
654.282	0.0	0.0	2.1355500000000002e-05
654.322	0.0	0.0	1.9683e-05
654.452	0.0	0.0	9.0141e-06
654.662	0.0	0.0	-8.602650000000001e-06
654.612	0.0	0.0	-4.8540000000000005e-06
654.652	0.0	0.0	-7.64745e-06
654.792	0.0	0.0	-1.73955e-05
655.002	0.0	0.0	-3.24765e-05
654.962	0.0	0.0	-2.9458500000000003e-05
654.992	0.0	0.0	-3.18645e-05
655.132	0.0	0.0	-3.5142e-05
655.342	0.0	0.0	-3.959550000000001e-05
655.292	0.0	0.0	-3.8628000000000004e-05
655.322	0.0	0.0	-3.9277500000000005e-05
655.462	0.0	0.0	-3.523650000000001e-05
655.672	0.0	0.0	-2.7430500000000004e-05
655.622	0.0	0.0	-2.9097000000000003e-05
655.662	0.0	0.0	-2.7864000000000003e-05
655.802	0.0	0.0	-1.8315000000000003e-05
656.012	0.0	0.0	-2.6373000000000006e-06
655.972	0.0	0.0	-5.7865500000000005e-06
656.002	0.0	0.0	-3.2934000000000005e-06
656.142	0.0	0.0	6.261900000000001e-06
656.352	0.0	0.0	2.1180000000000004e-05
656.302	0.0	0.0	1.7926500000000002e-05
656.332	0.0	0.0	2.00925e-05
656.472	0.0	0.0	2.5044e-05
656.682	0.0	0.0	3.1983e-05
656.632	0.0	0.0	3.0496500000000002e-05
656.672	0.0	0.0	3.1588500000000004e-05
656.802	0.0	0.0	3.0013500000000007e-05
657.022	0.0	0.0	2.66175e-05
656.982	0.0	0.0	2.7303e-05
657.012	0.0	0.0	2.6764500000000004e-05
657.152	0.0	0.0	2.0262000000000004e-05
657.362	0.0	0.0	9.579450000000002e-06
657.312	0.0	0.0	1.1916600000000002e-05
657.342	0.0	0.0	1.037145e-05
657.482	0.0	0.0	3.2007000000000005e-06
657.692	0.0	0.0	-8.28225e-06
657.642	0.0	0.0	-5.812650000000001e-06
657.682	0.0	0.0	-7.6149000000000006e-06
657.812	0.0	0.0	-1.2212250000000002e-05
658.032	0.0	0.0	-1.9006500000000002e-05
657.992	0.0	0.0	-1.7631e-05
658.022	0.0	0.0	-1.87035e-05
658.162	0.0	0.0	-1.88385e-05
658.372	0.0	0.0	-1.85565e-05
658.322	0.0	0.0	-1.86195e-05
658.352	0.0	0.0	-1.8579e-05
658.492	0.0	0.0	-1.5544500000000003e-05
658.702	0.0	0.0	-1.010655e-05
658.652	0.0	0.0	-1.128015e-05
658.692	0.0	0.0	-1.0429500000000002e-05
658.822	0.0	0.0	-6.101550000000001e-06
659.042	0.0	0.0	8.395050000000001e-07
659.002	0.0	0.0	-5.706600000000001e-07
659.032	0.0	0.0	5.22195e-07
659.172	0.0	0.0	3.91365e-06
659.382	0.0	0.0	9.106950000000001e-06
659.332	0.0	0.0	7.962900000000001e-06
659.362	0.0	0.0	8.7087e-06
659.502	0.0	0.0	1.0251150000000001e-05
659.712	0.0	0.0	1.2322199999999999e-05
659.662	0.0	0.0	1.1873700000000001e-05
659.702	0.0	0.0	1.2196500000000001e-05
659.832	0.0	0.0	1.1548199999999999e-05
660.052	0.0	0.0	1.0203450000000001e-05
660.012	0.0	0.0	1.0477650000000001e-05
660.042	0.0	0.0	1.0266600000000001e-05
660.182	0.0	0.0	7.530750000000001e-06
660.392	0.0	0.0	3.0042e-06
660.342	0.0	0.0	4.00485e-06
660.372	0.0	0.0	3.3571500000000005e-06
660.512	0.0	0.0	-4.2124500000000006e-07
660.722	0.0	0.0	-6.6381e-06
660.672	0.0	0.0	-5.2870500000000005e-06
660.712	0.0	0.0	-6.252900000000001e-06
660.842	0.0	0.0	-9.6021e-06
661.062	0.0	0.0	-1.4766e-05
661.022	0.0	0.0	-1.37091e-05
661.052	0.0	0.0	-1.4516700000000001e-05
661.192	0.0	0.0	-1.5288e-05
661.402	0.0	0.0	-1.6173000000000003e-05
661.352	0.0	0.0	-1.5976500000000002e-05
661.382	0.0	0.0	-1.6102500000000004e-05
661.522	0.0	0.0	-1.3724100000000001e-05
661.732	0.0	0.0	-9.26805e-06
661.682	0.0	0.0	-1.023975e-05
661.722	0.0	0.0	-9.5499e-06
661.852	0.0	0.0	-4.586550000000001e-06
662.072	0.0	0.0	3.5907e-06
662.032	0.0	0.0	1.911e-06
662.062	0.0	0.0	3.1855500000000004e-06
662.202	0.0	0.0	8.061750000000001e-06
662.412	0.0	0.0	1.56735e-05
662.362	0.0	0.0	1.3979400000000002e-05
662.392	0.0	0.0	1.5060000000000001e-05
662.532	0.0	0.0	1.73145e-05
662.742	0.0	0.0	2.0307e-05
662.692	0.0	0.0	1.9653000000000003e-05
662.732	0.0	0.0	2.0115000000000003e-05
662.862	0.0	0.0	1.8354000000000004e-05
663.082	0.0	0.0	1.4934450000000002e-05
663.042	0.0	0.0	1.5639000000000004e-05
663.072	0.0	0.0	1.5108000000000002e-05
663.212	0.0	0.0	1.0143750000000001e-05
663.422	0.0	0.0	1.96695e-06
663.372	0.0	0.0	3.7926000000000003e-06
663.402	0.0	0.0	2.6352000000000006e-06
663.542	0.0	0.0	-2.7718500000000004e-06
663.752	0.0	0.0	-1.14423e-05
663.702	0.0	0.0	-9.538500000000002e-06
663.742	0.0	0.0	-1.0871700000000001e-05
663.872	0.0	0.0	-1.4243100000000001e-05
664.092	0.0	0.0	-1.9161000000000002e-05
664.052	0.0	0.0	-1.81425e-05
664.082	0.0	0.0	-1.8904500000000002e-05
664.222	0.0	0.0	-1.84065e-05
664.432	0.0	0.0	-1.7115e-05
664.382	0.0	0.0	-1.74045e-05
664.412	0.0	0.0	-1.72215e-05
664.552	0.0	0.0	-1.363485e-05
664.762	0.0	0.0	-7.2501e-06
664.712	0.0	0.0	-8.6568e-06
664.752	0.0	0.0	-7.67835e-06
664.882	0.0	0.0	-2.6067000000000004e-06
665.102	0.0	0.0	5.5674e-06
665.052	0.0	0.0	3.869850000000001e-06
665.092	0.0	0.0	5.131200000000001e-06
665.232	0.0	0.0	8.937000000000001e-06
665.442	0.0	0.0	1.4718e-05
665.392	0.0	0.0	1.3418850000000001e-05
665.422	0.0	0.0	1.42311e-05
665.562	0.0	0.0	1.52325e-05
665.772	0.0	0.0	1.6177500000000002e-05
665.722	0.0	0.0	1.5969000000000002e-05
665.762	0.0	0.0	1.6113e-05
665.892	0.0	0.0	1.3942500000000002e-05
666.112	0.0	0.0	9.99675e-06
666.062	0.0	0.0	1.08192e-05
666.102	0.0	0.0	1.02123e-05
666.232	0.0	0.0	6.13455e-06
666.452	0.0	0.0	-5.0901e-07
666.402	0.0	0.0	9.8895e-07
666.432	0.0	0.0	5.88615e-08
666.572	0.0	0.0	-3.8151e-06
666.782	0.0	0.0	-9.913650000000001e-06
666.732	0.0	0.0	-8.560950000000001e-06
666.772	0.0	0.0	-9.489e-06
666.902	0.0	0.0	-1.1544450000000001e-05
667.122	0.0	0.0	-1.443045e-05
667.072	0.0	0.0	-1.3827450000000003e-05
667.112	0.0	0.0	-1.426995e-05
667.242	0.0	0.0	-1.3474800000000002e-05
667.462	0.0	0.0	-1.18278e-05
667.412	0.0	0.0	-1.22025e-05
667.442	0.0	0.0	-1.197375e-05
667.582	0.0	0.0	-9.025050000000001e-06
667.792	0.0	0.0	-3.81945e-06
667.742	0.0	0.0	-4.955100000000001e-06
667.782	0.0	0.0	-4.153350000000001e-06
667.912	0.0	0.0	-2.0346000000000002e-07
668.132	0.0	0.0	6.113100000000001e-06
668.082	0.0	0.0	4.6960500000000005e-06
668.112	0.0	0.0	5.573850000000001e-06
668.252	0.0	0.0	8.465250000000002e-06
668.462	0.0	0.0	1.2808650000000001e-05
668.412	0.0	0.0	1.1837700000000002e-05
668.442	0.0	0.0	1.24953e-05
668.582	0.0	0.0	1.300725e-05
668.802	0.0	0.0	1.3360499999999999e-05
668.752	0.0	0.0	1.3286100000000001e-05
668.792	0.0	0.0	1.3339950000000001e-05
668.922	0.0	0.0	1.1139750000000001e-05
669.142	0.0	0.0	7.2934500000000004e-06
669.092	0.0	0.0	8.168250000000001e-06
669.122	0.0	0.0	7.635e-06
669.262	0.0	0.0	4.0702500000000005e-06
669.472	0.0	0.0	-1.9186500000000003e-06
669.422	0.0	0.0	-5.784e-07
669.452	0.0	0.0	-1.4814750000000003e-06
669.592	0.0	0.0	-4.834500000000001e-06
669.812	0.0	0.0	-1.0030500000000002e-05
669.762	0.0	0.0	-8.933400000000002e-06
669.802	0.0	0.0	-9.72255e-06
669.932	0.0	0.0	-1.1023950000000001e-05
670.152	0.0	0.0	-1.274925e-05
670.102	0.0	0.0	-1.2355650000000001e-05
670.132	0.0	0.0	-1.2594000000000002e-05
670.272	0.0	0.0	-1.151955e-05
670.482	0.0	0.0	-9.228300000000001e-06
670.432	0.0	0.0	-9.742650000000002e-06
670.462	0.0	0.0	-9.398400000000001e-06
670.602	0.0	0.0	-6.499350000000001e-06
670.822	0.0	0.0	-1.6239000000000002e-06
670.772	0.0	0.0	-2.6569500000000005e-06
670.812	0.0	0.0	-1.9189500000000005e-06
670.942	0.0	0.0	1.08033e-06
671.162	0.0	0.0	5.78835e-06
671.112	0.0	0.0	4.710750000000001e-06
671.142	0.0	0.0	5.35875e-06
671.282	0.0	0.0	7.005450000000001e-06
671.492	0.0	0.0	9.279000000000002e-06
671.442	0.0	0.0	8.7669e-06
671.472	0.0	0.0	9.1074e-06
671.612	0.0	0.0	8.8122e-06
671.832	0.0	0.0	7.975950000000001e-06
671.782	0.0	0.0	8.15385e-06
671.822	0.0	0.0	8.027700000000001e-06
671.952	0.0	0.0	6.2535e-06
672.172	0.0	0.0	3.2467500000000003e-06
672.122	0.0	0.0	3.9372e-06
672.152	0.0	0.0	3.5248500000000002e-06
672.282	0.0	0.0	1.4562300000000001e-06
672.502	0.0	0.0	-1.8979500000000002e-06
672.452	0.0	0.0	-1.1399400000000001e-06
672.482	0.0	0.0	-1.64055e-06
672.622	0.0	0.0	-3.1911000000000002e-06
672.842	0.0	0.0	-5.513550000000001e-06
672.792	0.0	0.0	-5.01795e-06
672.832	0.0	0.0	-5.367150000000001e-06
672.962	0.0	0.0	-5.85555e-06
673.182	0.0	0.0	-6.4540500000000005e-06
673.132	0.0	0.0	-6.316200000000001e-06
673.162	0.0	0.0	-6.39795e-06
673.292	0.0	0.0	-5.817000000000001e-06
673.512	0.0	0.0	-4.620450000000001e-06
673.462	0.0	0.0	-4.891650000000001e-06
673.492	0.0	0.0	-4.71375e-06
673.632	0.0	0.0	-3.00585e-06
673.852	0.0	0.0	-9.843900000000001e-08
673.802	0.0	0.0	-7.208850000000001e-07
673.842	0.0	0.0	-2.85255e-07
673.972	0.0	0.0	2.0023500000000004e-06
674.192	0.0	0.0	5.6884500000000006e-06
674.142	0.0	0.0	4.8366e-06
674.172	0.0	0.0	5.33835e-06
674.302	0.0	0.0	7.121250000000001e-06
674.522	0.0	0.0	9.820350000000002e-06
674.472	0.0	0.0	9.2064e-06
674.502	0.0	0.0	9.606300000000002e-06
674.642	0.0	0.0	9.71145e-06
674.862	0.0	0.0	9.5148e-06
674.812	0.0	0.0	9.557100000000002e-06
674.852	0.0	0.0	9.5277e-06
674.982	0.0	0.0	7.3800000000000005e-06
675.202	0.0	0.0	3.6244500000000005e-06
675.152	0.0	0.0	4.49505e-06
675.182	0.0	0.0	3.985800000000001e-06
675.312	0.0	0.0	5.4885e-07
675.532	0.0	0.0	-5.26035e-06
675.482	0.0	0.0	-3.9346500000000005e-06
675.512	0.0	0.0	-4.792500000000001e-06
675.652	0.0	0.0	-8.006100000000001e-06
675.872	0.0	0.0	-1.29765e-05
675.822	0.0	0.0	-1.1905049999999999e-05
675.862	0.0	0.0	-1.2644700000000001e-05
675.992	0.0	0.0	-1.3573500000000001e-05
676.212	0.0	0.0	-1.4626650000000003e-05
676.162	0.0	0.0	-1.4381700000000002e-05
676.192	0.0	0.0	-1.4524050000000002e-05
676.322	0.0	0.0	-1.26552e-05
676.542	0.0	0.0	-8.92125e-06
676.492	0.0	0.0	-9.7761e-06
676.522	0.0	0.0	-9.22665e-06
676.662	0.0	0.0	-5.085450000000001e-06
676.882	0.0	0.0	1.8759000000000001e-06
676.832	0.0	0.0	3.7026000000000003e-07
676.872	0.0	0.0	1.40268e-06
677.002	0.0	0.0	5.5443000000000004e-06
677.222	0.0	0.0	1.2031350000000001e-05
677.172	0.0	0.0	1.051815e-05
677.202	0.0	0.0	1.13913e-05
677.332	0.0	0.0	1.3436550000000001e-05
677.552	0.0	0.0	1.6105500000000004e-05
677.502	0.0	0.0	1.5492e-05
677.532	0.0	0.0	1.58835e-05
677.672	0.0	0.0	1.474275e-05
677.892	0.0	0.0	1.226355e-05
677.842	0.0	0.0	1.2801600000000001e-05
677.872	0.0	0.0	1.243515e-05
678.012	0.0	0.0	8.76345e-06
678.232	0.0	0.0	2.55765e-06
678.182	0.0	0.0	4.009650000000001e-06
678.212	0.0	0.0	3.1774500000000004e-06
678.342	0.0	0.0	-8.899500000000002e-07
678.562	0.0	0.0	-7.455450000000001e-06
678.512	0.0	0.0	-5.94285e-06
678.542	0.0	0.0	-6.90225e-06
678.682	0.0	0.0	-9.5214e-06
678.902	0.0	0.0	-1.3290600000000001e-05
678.852	0.0	0.0	-1.246995e-05
678.882	0.0	0.0	-1.3025100000000002e-05
679.022	0.0	0.0	-1.289595e-05
679.242	0.0	0.0	-1.2194400000000001e-05
679.192	0.0	0.0	-1.2358950000000001e-05
679.222	0.0	0.0	-1.2265350000000003e-05
679.352	0.0	0.0	-9.958350000000001e-06
679.572	0.0	0.0	-5.6883e-06
679.522	0.0	0.0	-6.6753e-06
679.552	0.0	0.0	-6.053400000000001e-06
679.692	0.0	0.0	-2.6580000000000002e-06
679.912	0.0	0.0	2.8854000000000004e-06
679.862	0.0	0.0	1.6743000000000002e-06
679.892	0.0	0.0	2.4880500000000007e-06
680.032	0.0	0.0	5.190150000000001e-06
680.252	0.0	0.0	9.297900000000001e-06
680.202	0.0	0.0	8.330850000000002e-06
680.232	0.0	0.0	8.877750000000002e-06
680.362	0.0	0.0	9.85695e-06
680.582	0.0	0.0	1.0927500000000002e-05
680.532	0.0	0.0	1.0679250000000001e-05
680.562	0.0	0.0	1.0834650000000001e-05
680.702	0.0	0.0	9.7041e-06
680.922	0.0	0.0	7.460550000000001e-06
680.872	0.0	0.0	7.9518e-06
680.902	0.0	0.0	7.623450000000001e-06
681.042	0.0	0.0	4.930650000000001e-06
681.262	0.0	0.0	4.1298e-07
681.212	0.0	0.0	1.4853450000000002e-06
681.242	0.0	0.0	8.889600000000001e-07
681.372	0.0	0.0	-2.064e-06
681.592	0.0	0.0	-6.840149999999999e-06
681.542	0.0	0.0	-5.75025e-06
681.572	0.0	0.0	-6.451950000000001e-06
681.712	0.0	0.0	-8.40105e-06
681.932	0.0	0.0	-1.1226750000000002e-05
681.882	0.0	0.0	-1.0564800000000001e-05
681.912	0.0	0.0	-1.0938150000000001e-05
682.042	0.0	0.0	-1.088955e-05
682.262	0.0	0.0	-1.0242900000000001e-05
682.212	0.0	0.0	-1.039395e-05
682.242	0.0	0.0	-1.0300650000000001e-05
682.382	0.0	0.0	-8.055000000000002e-06
682.602	0.0	0.0	-4.02225e-06
682.552	0.0	0.0	-4.911000000000001e-06
682.582	0.0	0.0	-4.324650000000001e-06
682.722	0.0	0.0	-9.9705e-07
682.942	0.0	0.0	4.4325e-06
682.892	0.0	0.0	3.144e-06
682.922	0.0	0.0	3.8595e-06
683.052	0.0	0.0	6.5298e-06
683.272	0.0	0.0	1.05753e-05
683.222	0.0	0.0	9.629550000000002e-06
683.252	0.0	0.0	1.0211100000000001e-05
683.392	0.0	0.0	1.0906800000000002e-05
683.612	0.0	0.0	1.151925e-05
683.562	0.0	0.0	1.1383800000000001e-05
683.592	0.0	0.0	1.1472600000000003e-05
683.732	0.0	0.0	9.800100000000001e-06
683.952	0.0	0.0	6.70665e-06
683.902	0.0	0.0	7.443000000000001e-06
683.932	0.0	0.0	7.0368e-06
684.062	0.0	0.0	4.159650000000001e-06
684.282	0.0	0.0	-7.669200000000001e-07
684.232	0.0	0.0	3.883050000000001e-07
684.262	0.0	0.0	-3.17355e-07
684.402	0.0	0.0	-3.0214499999999997e-06
684.622	0.0	0.0	-7.19685e-06
684.572	0.0	0.0	-6.27045e-06
684.602	0.0	0.0	-6.873450000000001e-06
684.742	0.0	0.0	-7.938000000000001e-06
684.962	0.0	0.0	-9.275100000000002e-06
684.912	0.0	0.0	-8.9559e-06
684.942	0.0	0.0	-9.1308e-06
685.072	0.0	0.0	-8.4183e-06
685.292	0.0	0.0	-6.756600000000001e-06
685.242	0.0	0.0	-7.147500000000001e-06
685.272	0.0	0.0	-6.9102e-06
685.412	0.0	0.0	-4.95345e-06
685.632	0.0	0.0	-1.6053000000000001e-06
685.582	0.0	0.0	-2.3505e-06
685.612	0.0	0.0	-1.8685500000000003e-06
685.752	0.0	0.0	1.5913500000000003e-07
685.972	0.0	0.0	3.3508500000000003e-06
685.922	0.0	0.0	2.5866e-06
685.952	0.0	0.0	3.0024000000000003e-06
686.082	0.0	0.0	4.301700000000001e-06
686.302	0.0	0.0	6.150900000000001e-06
686.252	0.0	0.0	5.714550000000001e-06
686.282	0.0	0.0	5.97765e-06
686.422	0.0	0.0	6.2005499999999994e-06
686.642	0.0	0.0	6.2929500000000005e-06
686.592	0.0	0.0	6.272249999999999e-06
686.622	0.0	0.0	6.285600000000001e-06
686.762	0.0	0.0	5.291100000000001e-06
686.982	0.0	0.0	3.4743e-06
686.932	0.0	0.0	3.91065e-06
686.962	0.0	0.0	3.67485e-06
687.092	0.0	0.0	1.7445000000000002e-06
687.312	0.0	0.0	-1.6294500000000001e-06
687.262	0.0	0.0	-8.309850000000001e-07
687.292	0.0	0.0	-1.3091250000000002e-06
687.432	0.0	0.0	-3.642750000000001e-06
687.652	0.0	0.0	-7.401000000000001e-06
687.602	0.0	0.0	-6.5592e-06
687.632	0.0	0.0	-7.096350000000001e-06
687.772	0.0	0.0	-8.494500000000001e-06
687.992	0.0	0.0	-1.04826e-05
687.942	0.0	0.0	-1.00038e-05
687.972	0.0	0.0	-1.0260900000000002e-05
688.102	0.0	0.0	-9.787950000000002e-06
688.322	0.0	0.0	-8.4291e-06
688.272	0.0	0.0	-8.751600000000001e-06
688.302	0.0	0.0	-8.55975e-06
688.442	0.0	0.0	-5.868900000000001e-06
688.662	0.0	0.0	-1.07706e-06
688.612	0.0	0.0	-2.15385e-06
688.642	0.0	0.0	-1.47141e-06
688.782	0.0	0.0	2.22045e-06
689.002	0.0	0.0	8.23275e-06
688.952	0.0	0.0	6.7803e-06
688.982	0.0	0.0	7.5549e-06
689.112	0.0	0.0	1.029255e-05
689.332	0.0	0.0	1.4332050000000001e-05
689.282	0.0	0.0	1.337025e-05
689.312	0.0	0.0	1.3938750000000003e-05
689.452	0.0	0.0	1.4106750000000002e-05
689.672	0.0	0.0	1.368405e-05
689.622	0.0	0.0	1.3779300000000002e-05
689.652	0.0	0.0	1.3719300000000001e-05
689.792	0.0	0.0	1.087935e-05
690.012	0.0	0.0	5.752500000000001e-06
689.962	0.0	0.0	6.994650000000001e-06
689.982	0.0	0.0	6.336600000000001e-06
690.122	0.0	0.0	2.0308500000000002e-06
690.342	0.0	0.0	-5.2882500000000006e-06
690.292	0.0	0.0	-3.54045e-06
690.322	0.0	0.0	-4.56675e-06
690.462	0.0	0.0	-8.407350000000002e-06
690.682	0.0	0.0	-1.4276400000000001e-05
690.632	0.0	0.0	-1.2949050000000001e-05
690.662	0.0	0.0	-1.3779150000000002e-05
690.802	0.0	0.0	-1.4920200000000002e-05
691.022	0.0	0.0	-1.60995e-05
690.972	0.0	0.0	-1.5813000000000003e-05
690.992	0.0	0.0	-1.5964500000000003e-05
691.132	0.0	0.0	-1.4085150000000002e-05
691.352	0.0	0.0	-1.0111650000000002e-05
691.302	0.0	0.0	-1.1063400000000002e-05
691.332	0.0	0.0	-1.0508250000000002e-05
691.472	0.0	0.0	-6.3581999999999995e-06
691.692	0.0	0.0	7.231650000000001e-07
691.642	0.0	0.0	-8.833650000000001e-07
691.672	0.0	0.0	1.1468250000000001e-07
691.812	0.0	0.0	4.1965500000000005e-06
692.032	0.0	0.0	1.0579650000000001e-05
691.982	0.0	0.0	9.024e-06
692.002	0.0	0.0	9.837000000000001e-06
692.142	0.0	0.0	1.189515e-05
692.362	0.0	0.0	1.4496750000000003e-05
692.312	0.0	0.0	1.3871850000000002e-05
692.342	0.0	0.0	1.4233950000000001e-05
692.482	0.0	0.0	1.3375500000000001e-05
692.702	0.0	0.0	1.1254650000000002e-05
692.652	0.0	0.0	1.173735e-05
692.682	0.0	0.0	1.1439450000000001e-05
692.822	0.0	0.0	8.360700000000001e-06
693.042	0.0	0.0	3.0283499999999996e-06
692.992	0.0	0.0	4.331550000000001e-06
693.012	0.0	0.0	3.6550500000000007e-06
693.152	0.0	0.0	2.63805e-07
693.372	0.0	0.0	-5.218500000000001e-06
693.322	0.0	0.0	-3.89775e-06
693.352	0.0	0.0	-4.658250000000001e-06
693.492	0.0	0.0	-6.804e-06
693.712	0.0	0.0	-9.811050000000002e-06
693.662	0.0	0.0	-9.1245e-06
693.692	0.0	0.0	-9.5454e-06
693.832	0.0	0.0	-9.486750000000002e-06
694.052	0.0	0.0	-8.88765e-06
694.002	0.0	0.0	-9.034500000000001e-06
694.022	0.0	0.0	-8.958750000000001e-06
694.162	0.0	0.0	-7.3179000000000015e-06
694.382	0.0	0.0	-4.1961e-06
694.332	0.0	0.0	-4.950300000000001e-06
694.362	0.0	0.0	-4.518900000000001e-06
694.502	0.0	0.0	-2.3415000000000004e-06
694.722	0.0	0.0	1.1852850000000001e-06
694.672	0.0	0.0	3.7765500000000003e-07
694.702	0.0	0.0	8.69505e-07
694.842	0.0	0.0	2.2743e-06
695.062	0.0	0.0	4.291650000000001e-06
695.012	0.0	0.0	3.7959000000000004e-06
695.032	0.0	0.0	4.04985e-06
695.172	0.0	0.0	4.306050000000001e-06
695.392	0.0	0.0	4.3348500000000005e-06
695.342	0.0	0.0	4.32795e-06
695.372	0.0	0.0	4.331850000000001e-06
695.512	0.0	0.0	3.7348500000000003e-06
695.732	0.0	0.0	2.5908000000000002e-06
695.682	0.0	0.0	2.85345e-06
695.712	0.0	0.0	2.6943000000000006e-06
695.852	0.0	0.0	1.8120000000000002e-06
696.072	0.0	0.0	3.6649500000000003e-07
696.022	0.0	0.0	7.245750000000002e-07
696.042	0.0	0.0	5.441400000000001e-07
696.182	0.0	0.0	-4.9485e-07
696.402	0.0	0.0	-2.2246500000000004e-06
696.352	0.0	0.0	-1.8117000000000002e-06
696.382	0.0	0.0	-2.05305e-06
696.522	0.0	0.0	-3.1704000000000006e-06
696.742	0.0	0.0	-4.9498500000000006e-06
696.692	0.0	0.0	-4.514550000000001e-06
696.712	0.0	0.0	-4.7370000000000006e-06
696.852	0.0	0.0	-5.251350000000001e-06
697.072	0.0	0.0	-5.853600000000001e-06
697.022	0.0	0.0	-5.7066000000000006e-06
697.052	0.0	0.0	-5.789100000000001e-06
697.192	0.0	0.0	-4.931400000000001e-06
697.412	0.0	0.0	-3.1641e-06
697.362	0.0	0.0	-3.5721e-06
697.392	0.0	0.0	-3.3280500000000003e-06
697.532	0.0	0.0	-1.0918650000000002e-06
697.752	0.0	0.0	2.7738000000000004e-06
697.702	0.0	0.0	1.8165000000000003e-06
697.722	0.0	0.0	2.29815e-06
697.862	0.0	0.0	4.8051e-06
698.082	0.0	0.0	8.886000000000001e-06
698.032	0.0	0.0	7.889550000000001e-06
698.062	0.0	0.0	8.44605e-06
698.202	0.0	0.0	9.811800000000002e-06
698.422	0.0	0.0	1.1589599999999998e-05
698.372	0.0	0.0	1.1178e-05
698.402	0.0	0.0	1.142265e-05
698.542	0.0	0.0	1.0413900000000002e-05
698.762	0.0	0.0	8.214900000000002e-06
698.702	0.0	0.0	8.761050000000001e-06
698.732	0.0	0.0	8.48805e-06
698.872	0.0	0.0	5.4918000000000005e-06
699.092	0.0	0.0	5.83995e-09
699.042	0.0	0.0	1.34937e-06
699.072	0.0	0.0	6.038850000000001e-07
699.212	0.0	0.0	-3.2207999999999997e-06
699.432	0.0	0.0	-9.433800000000001e-06
699.382	0.0	0.0	-7.990650000000001e-06
699.412	0.0	0.0	-8.842950000000001e-06
699.552	0.0	0.0	-1.1252700000000002e-05
699.772	0.0	0.0	-1.4663400000000003e-05
699.712	0.0	0.0	-1.381395e-05
699.742	0.0	0.0	-1.423575e-05
699.882	0.0	0.0	-1.4012100000000001e-05
700.102	0.0	0.0	-1.2696000000000002e-05
700.052	0.0	0.0	-1.301925e-05
700.082	0.0	0.0	-1.2841050000000001e-05
700.222	0.0	0.0	-9.809250000000001e-06
700.442	0.0	0.0	-4.236000000000001e-06
700.392	0.0	0.0	-5.534550000000001e-06
700.422	0.0	0.0	-4.7727e-06
700.562	0.0	0.0	-5.879400000000002e-07
700.782	0.0	0.0	6.271500000000001e-06
700.722	0.0	0.0	4.5585000000000005e-06
700.752	0.0	0.0	5.4033000000000004e-06
700.892	0.0	0.0	8.53665e-06
701.112	0.0	0.0	1.312575e-05
701.062	0.0	0.0	1.1995500000000002e-05
701.092	0.0	0.0	1.261455e-05
701.232	0.0	0.0	1.3202550000000001e-05
701.452	0.0	0.0	1.3351199999999998e-05
701.402	0.0	0.0	1.3316400000000002e-05
701.432	0.0	0.0	1.333665e-05
701.572	0.0	0.0	1.1178450000000001e-05
701.792	0.0	0.0	7.082250000000001e-06
701.732	0.0	0.0	8.107950000000001e-06
701.762	0.0	0.0	7.60545e-06
701.902	0.0	0.0	4.2255000000000005e-06
702.122	0.0	0.0	-1.5783000000000002e-06
702.072	0.0	0.0	-1.4484449999999998e-07
702.102	0.0	0.0	-9.249300000000001e-07
702.242	0.0	0.0	-3.9132e-06
702.462	0.0	0.0	-8.445150000000002e-06
702.412	0.0	0.0	-7.383e-06
702.442	0.0	0.0	-7.998e-06
702.582	0.0	0.0	-9.0564e-06
702.802	0.0	0.0	-1.0212e-05
702.742	0.0	0.0	-9.92175e-06
702.772	0.0	0.0	-1.0063050000000002e-05
702.912	0.0	0.0	-9.16995e-06
703.132	0.0	0.0	-7.047150000000001e-06
703.082	0.0	0.0	-7.572900000000002e-06
703.102	0.0	0.0	-7.288650000000001e-06
703.252	0.0	0.0	-5.0869500000000005e-06
703.472	0.0	0.0	-1.2722850000000003e-06
703.422	0.0	0.0	-2.1690000000000003e-06
703.452	0.0	0.0	-1.65315e-06
703.592	0.0	0.0	5.423700000000001e-07
703.812	0.0	0.0	3.9817500000000005e-06
703.752	0.0	0.0	3.1156500000000004e-06
703.782	0.0	0.0	3.5343000000000006e-06
703.922	0.0	0.0	4.8264e-06
704.142	0.0	0.0	6.5523e-06
704.082	0.0	0.0	6.1236e-06
704.112	0.0	0.0	6.35385e-06
704.262	0.0	0.0	6.3741000000000005e-06
704.482	0.0	0.0	6.0264000000000004e-06
704.432	0.0	0.0	6.108450000000001e-06
704.462	0.0	0.0	6.06165e-06
704.602	0.0	0.0	4.90725e-06
704.822	0.0	0.0	2.78025e-06
704.762	0.0	0.0	3.3172500000000003e-06
704.792	0.0	0.0	3.0594e-06
704.932	0.0	0.0	1.3064850000000003e-06
705.152	0.0	0.0	-1.713e-06
705.092	0.0	0.0	-9.609e-07
705.122	0.0	0.0	-1.3623e-06
705.262	0.0	0.0	-3.08445e-06
705.492	0.0	0.0	-5.76795e-06
705.442	0.0	0.0	-5.133450000000001e-06
705.472	0.0	0.0	-5.4937500000000006e-06
705.612	0.0	0.0	-6.252150000000001e-06
705.832	0.0	0.0	-7.1748e-06
705.772	0.0	0.0	-6.941250000000001e-06
705.802	0.0	0.0	-7.052700000000001e-06
705.942	0.0	0.0	-6.4822500000000005e-06
706.162	0.0	0.0	-5.059200000000001e-06
706.102	0.0	0.0	-5.4147e-06
706.132	0.0	0.0	-5.226150000000001e-06
706.272	0.0	0.0	-3.4162500000000005e-06
706.502	0.0	0.0	-1.929e-07
706.452	0.0	0.0	-9.57375e-07
706.482	0.0	0.0	-5.261700000000001e-07
706.622	0.0	0.0	1.5387000000000002e-06
706.842	0.0	0.0	4.84695e-06
706.782	0.0	0.0	4.007100000000001e-06
706.812	0.0	0.0	4.405200000000001e-06
706.952	0.0	0.0	5.6469e-06
707.172	0.0	0.0	7.295100000000001e-06
707.112	0.0	0.0	6.8823e-06
707.142	0.0	0.0	7.099800000000001e-06
707.282	0.0	0.0	6.884400000000001e-06
707.512	0.0	0.0	6.0762e-06
707.462	0.0	0.0	6.268500000000001e-06
707.492	0.0	0.0	6.1608e-06
707.632	0.0	0.0	4.6842e-06
707.852	0.0	0.0	2.0173500000000003e-06
707.792	0.0	0.0	2.6962500000000002e-06
707.822	0.0	0.0	2.3766000000000003e-06
707.962	0.0	0.0	6.168150000000001e-07
708.182	0.0	0.0	-2.2770000000000004e-06
708.122	0.0	0.0	-1.5502500000000001e-06
708.152	0.0	0.0	-1.9306500000000003e-06
708.292	0.0	0.0	-3.105e-06
708.522	0.0	0.0	-4.73805e-06
708.472	0.0	0.0	-4.348500000000001e-06
708.502	0.0	0.0	-4.5654e-06
708.642	0.0	0.0	-4.611600000000001e-06
708.862	0.0	0.0	-4.368600000000001e-06
708.802	0.0	0.0	-4.43055e-06
708.832	0.0	0.0	-4.4016e-06
708.972	0.0	0.0	-3.6501000000000004e-06
709.192	0.0	0.0	-2.1612e-06
709.132	0.0	0.0	-2.5362000000000004e-06
709.162	0.0	0.0	-2.3412e-06
709.302	0.0	0.0	-1.32747e-06
709.532	0.0	0.0	3.2167500000000003e-07
709.482	0.0	0.0	-7.2858e-08
709.512	0.0	0.0	1.4537700000000002e-07
709.652	0.0	0.0	8.975700000000001e-07
709.872	0.0	0.0	2.0067e-06
709.812	0.0	0.0	1.7229e-06
709.842	0.0	0.0	1.8547500000000003e-06
709.982	0.0	0.0	2.2737000000000004e-06
710.202	0.0	0.0	2.8285500000000002e-06
710.142	0.0	0.0	2.6884500000000005e-06
710.172	0.0	0.0	2.7609e-06
710.312	0.0	0.0	2.757e-06
710.542	0.0	0.0	2.6151e-06
710.492	0.0	0.0	2.64915e-06
710.522	0.0	0.0	2.6304000000000003e-06
710.662	0.0	0.0	1.9717500000000002e-06
710.882	0.0	0.0	7.3014e-07
710.822	0.0	0.0	1.0502100000000002e-06
710.852	0.0	0.0	9.039150000000001e-07
710.992	0.0	0.0	-2.8986000000000003e-07
711.212	0.0	0.0	-2.42445e-06
711.152	0.0	0.0	-1.8931500000000002e-06
711.182	0.0	0.0	-2.1756e-06
711.322	0.0	0.0	-3.4290000000000005e-06
711.552	0.0	0.0	-5.39475e-06
711.492	0.0	0.0	-4.8942000000000005e-06
711.522	0.0	0.0	-5.126250000000001e-06
711.662	0.0	0.0	-5.6053500000000005e-06
711.882	0.0	0.0	-6.04335e-06
711.822	0.0	0.0	-5.93205e-06
711.852	0.0	0.0	-5.988900000000001e-06
711.992	0.0	0.0	-5.140200000000001e-06
712.222	0.0	0.0	-3.3399e-06
712.172	0.0	0.0	-3.7738500000000003e-06
712.202	0.0	0.0	-3.53805e-06
712.342	0.0	0.0	-1.5929999999999998e-06
712.562	0.0	0.0	1.7958000000000002e-06
712.502	0.0	0.0	9.224250000000001e-07
712.532	0.0	0.0	1.3210650000000002e-06
712.672	0.0	0.0	3.35445e-06
712.892	0.0	0.0	6.617699999999999e-06
712.832	0.0	0.0	5.787750000000001e-06
712.862	0.0	0.0	6.2094e-06
713.002	0.0	0.0	7.2831000000000015e-06
713.232	0.0	0.0	8.612100000000002e-06
713.182	0.0	0.0	8.2908e-06
713.202	0.0	0.0	8.464350000000001e-06
713.352	0.0	0.0	7.804650000000002e-06
713.572	0.0	0.0	6.234300000000001e-06
713.512	0.0	0.0	6.640050000000001e-06
713.542	0.0	0.0	6.456150000000001e-06
713.682	0.0	0.0	4.435350000000001e-06
713.902	0.0	0.0	6.581100000000002e-07
713.842	0.0	0.0	1.6213500000000002e-06
713.872	0.0	0.0	1.1351550000000002e-06
714.012	0.0	0.0	-1.4493300000000002e-06
714.242	0.0	0.0	-5.670450000000001e-06
714.192	0.0	0.0	-4.64715e-06
714.212	0.0	0.0	-5.1963e-06
714.362	0.0	0.0	-6.922500000000001e-06
714.582	0.0	0.0	-9.364350000000001e-06
714.522	0.0	0.0	-8.731800000000002e-06
714.552	0.0	0.0	-9.016650000000001e-06
714.692	0.0	0.0	-9.104100000000001e-06
714.912	0.0	0.0	-8.556450000000002e-06
714.852	0.0	0.0	-8.69655e-06
714.882	0.0	0.0	-8.6262e-06
715.022	0.0	0.0	-6.860250000000001e-06
715.252	0.0	0.0	-3.45345e-06
715.192	0.0	0.0	-4.28175e-06
715.222	0.0	0.0	-3.840150000000001e-06
715.372	0.0	0.0	-1.06491e-06
715.592	0.0	0.0	3.6055500000000006e-06
715.532	0.0	0.0	2.3925000000000004e-06
715.562	0.0	0.0	2.9353500000000006e-06
715.702	0.0	0.0	5.3728500000000006e-06
715.922	0.0	0.0	9.104700000000001e-06
715.862	0.0	0.0	8.14785e-06
715.892	0.0	0.0	8.6247e-06
716.032	0.0	0.0	9.582e-06
716.262	0.0	0.0	1.0543350000000001e-05
716.202	0.0	0.0	1.0308900000000002e-05
716.232	0.0	0.0	1.0433100000000002e-05
716.372	0.0	0.0	9.24495e-06
716.602	0.0	0.0	6.6993e-06
716.542	0.0	0.0	7.362300000000001e-06
716.572	0.0	0.0	7.0675500000000015e-06
716.712	0.0	0.0	4.332300000000001e-06
716.932	0.0	0.0	-6.8016e-07
716.872	0.0	0.0	6.083850000000001e-07
716.902	0.0	0.0	-2.9670000000000004e-08
717.042	0.0	0.0	-3.3081e-06
717.272	0.0	0.0	-8.614950000000001e-06
717.212	0.0	0.0	-7.3174500000000006e-06
717.242	0.0	0.0	-8.0004e-06
717.382	0.0	0.0	-1.004505e-05
717.612	0.0	0.0	-1.2856500000000001e-05
717.552	0.0	0.0	-1.2122550000000001e-05
717.582	0.0	0.0	-1.24467e-05
717.722	0.0	0.0	-1.2255600000000002e-05
717.942	0.0	0.0	-1.0979400000000002e-05
717.882	0.0	0.0	-1.1308350000000002e-05
717.912	0.0	0.0	-1.11465e-05
718.052	0.0	0.0	-8.403e-06
718.282	0.0	0.0	-3.1859999999999997e-06
718.222	0.0	0.0	-4.4649e-06
718.252	0.0	0.0	-3.7960500000000003e-06
718.392	0.0	0.0	2.5482000000000005e-07
718.622	0.0	0.0	7.037250000000001e-06
718.562	0.0	0.0	5.262000000000001e-06
718.592	0.0	0.0	6.0408e-06
718.732	0.0	0.0	9.389850000000001e-06
718.952	0.0	0.0	1.439985e-05
718.892	0.0	0.0	1.3105200000000001e-05
718.922	0.0	0.0	1.3738200000000002e-05
719.062	0.0	0.0	1.4655450000000002e-05
719.292	0.0	0.0	1.5174e-05
719.232	0.0	0.0	1.5046500000000002e-05
719.262	0.0	0.0	1.5112500000000001e-05
719.402	0.0	0.0	1.280835e-05
719.632	0.0	0.0	8.131950000000001e-06
719.572	0.0	0.0	9.35925e-06
719.602	0.0	0.0	8.824350000000001e-06
719.742	0.0	0.0	4.52055e-06
719.962	0.0	0.0	-3.1923000000000003e-06
719.902	0.0	0.0	-1.19388e-06
719.932	0.0	0.0	-2.1646500000000005e-06
720.072	0.0	0.0	-6.673950000000001e-06
720.302	0.0	0.0	-1.3762350000000002e-05
720.242	0.0	0.0	-1.2015000000000003e-05
720.272	0.0	0.0	-1.2917100000000002e-05
720.412	0.0	0.0	-1.5081000000000004e-05
720.642	0.0	0.0	-1.7694e-05
720.582	0.0	0.0	-1.7007e-05
720.612	0.0	0.0	-1.7304000000000002e-05
720.752	0.0	0.0	-1.62015e-05
720.972	0.0	0.0	-1.3005150000000002e-05
720.912	0.0	0.0	-1.3835700000000002e-05
720.942	0.0	0.0	-1.3434749999999999e-05
721.082	0.0	0.0	-9.2949e-06
721.312	0.0	0.0	-1.7206500000000002e-06
721.252	0.0	0.0	-3.59295e-06
721.282	0.0	0.0	-2.6326500000000005e-06
721.422	0.0	0.0	2.3094000000000003e-06
721.652	0.0	0.0	1.0318200000000002e-05
721.592	0.0	0.0	8.2059e-06
721.622	0.0	0.0	9.11445e-06
721.752	0.0	0.0	1.2388950000000001e-05
721.982	0.0	0.0	1.6837500000000003e-05
721.922	0.0	0.0	1.5678e-05
721.952	0.0	0.0	1.6234500000000002e-05
722.092	0.0	0.0	1.62585e-05
722.322	0.0	0.0	1.5075e-05
722.262	0.0	0.0	1.53675e-05
722.292	0.0	0.0	1.5219000000000001e-05
722.432	0.0	0.0	1.2062100000000001e-05
722.662	0.0	0.0	6.059099999999999e-06
722.602	0.0	0.0	7.6464e-06
722.632	0.0	0.0	6.9681e-06
722.762	0.0	0.0	2.6001000000000003e-06
722.992	0.0	0.0	-4.850850000000001e-06
722.932	0.0	0.0	-2.90535e-06
722.962	0.0	0.0	-3.8325e-06
723.102	0.0	0.0	-7.395150000000001e-06
723.332	0.0	0.0	-1.261785e-05
723.272	0.0	0.0	-1.131975e-05
723.302	0.0	0.0	-1.197705e-05
723.442	0.0	0.0	-1.28886e-05
723.672	0.0	0.0	-1.3429800000000001e-05
723.612	0.0	0.0	-1.3286399999999999e-05
723.642	0.0	0.0	-1.33473e-05
723.772	0.0	0.0	-1.1705849999999999e-05
724.002	0.0	0.0	-7.981800000000002e-06
723.942	0.0	0.0	-8.956650000000002e-06
723.972	0.0	0.0	-8.49495e-06
724.112	0.0	0.0	-5.24775e-06
724.342	0.0	0.0	3.7946999999999994e-07
724.282	0.0	0.0	-1.022865e-06
724.312	0.0	0.0	-3.17265e-07
724.452	0.0	0.0	2.6050500000000006e-06
724.682	0.0	0.0	7.063800000000001e-06
724.622	0.0	0.0	5.878950000000001e-06
724.652	0.0	0.0	6.3786e-06
724.782	0.0	0.0	7.726350000000001e-06
725.012	0.0	0.0	9.1617e-06
724.952	0.0	0.0	8.784900000000001e-06
724.982	0.0	0.0	8.9622e-06
725.122	0.0	0.0	8.38065e-06
725.352	0.0	0.0	6.7684499999999995e-06
725.292	0.0	0.0	7.171050000000001e-06
725.322	0.0	0.0	6.96945e-06
725.462	0.0	0.0	5.121900000000001e-06
725.692	0.0	0.0	1.8165000000000003e-06
725.632	0.0	0.0	2.7010500000000006e-06
725.652	0.0	0.0	2.334e-06
725.792	0.0	0.0	3.4947e-07
726.022	0.0	0.0	-2.8518000000000004e-06
725.962	0.0	0.0	-2.02305e-06
725.992	0.0	0.0	-2.4241500000000003e-06
726.132	0.0	0.0	-3.7647e-06
726.362	0.0	0.0	-5.62335e-06
726.302	0.0	0.0	-5.1318000000000006e-06
726.332	0.0	0.0	-5.338500000000001e-06
726.462	0.0	0.0	-5.627850000000001e-06
726.692	0.0	0.0	-5.6374500000000005e-06
726.632	0.0	0.0	-5.6349e-06
726.662	0.0	0.0	-5.636100000000001e-06
726.802	0.0	0.0	-4.82115e-06
727.032	0.0	0.0	-3.1278e-06
726.972	0.0	0.0	-3.5527500000000004e-06
727.002	0.0	0.0	-3.3424499999999997e-06
727.142	0.0	0.0	-1.7598e-06
727.372	0.0	0.0	1.00077e-06
727.312	0.0	0.0	2.6232000000000004e-07
727.332	0.0	0.0	5.6832e-07
727.472	0.0	0.0	2.26875e-06
727.702	0.0	0.0	5.0371500000000006e-06
727.642	0.0	0.0	4.305600000000001e-06
727.672	0.0	0.0	4.644000000000001e-06
727.812	0.0	0.0	5.7726000000000004e-06
728.042	0.0	0.0	7.301700000000002e-06
727.982	0.0	0.0	6.916950000000002e-06
728.012	0.0	0.0	7.105950000000001e-06
728.152	0.0	0.0	6.9013500000000004e-06
728.382	0.0	0.0	6.0913500000000006e-06
728.322	0.0	0.0	6.308550000000001e-06
728.342	0.0	0.0	6.2191499999999996e-06
728.482	0.0	0.0	4.5948000000000005e-06
728.712	0.0	0.0	1.31835e-06
728.652	0.0	0.0	2.18625e-06
728.682	0.0	0.0	1.7872500000000001e-06
728.822	0.0	0.0	-9.837600000000002e-07
729.052	0.0	0.0	-5.78295e-06
728.992	0.0	0.0	-4.5720000000000004e-06
729.022	0.0	0.0	-5.163300000000001e-06
729.162	0.0	0.0	-7.748850000000001e-06
729.392	0.0	0.0	-1.1737800000000001e-05
729.332	0.0	0.0	-1.0665450000000001e-05
729.352	0.0	0.0	-1.11039e-05
729.492	0.0	0.0	-1.2067049999999998e-05
729.722	0.0	0.0	-1.2790199999999998e-05
729.662	0.0	0.0	-1.2598200000000002e-05
729.692	0.0	0.0	-1.2685950000000002e-05
729.832	0.0	0.0	-1.08102e-05
730.062	0.0	0.0	-6.67125e-06
730.002	0.0	0.0	-7.71825e-06
730.032	0.0	0.0	-7.210200000000001e-06
730.172	0.0	0.0	-2.7267000000000005e-06
730.402	0.0	0.0	5.2983e-06
730.342	0.0	0.0	3.1357500000000004e-06
730.362	0.0	0.0	4.014300000000001e-06
730.502	0.0	0.0	9.08115e-06
730.732	0.0	0.0	1.7410500000000002e-05
730.672	0.0	0.0	1.5193500000000001e-05
730.702	0.0	0.0	1.62e-05
730.842	0.0	0.0	1.9261500000000002e-05
731.072	0.0	0.0	2.3139000000000003e-05
731.012	0.0	0.0	2.2155000000000004e-05
731.042	0.0	0.0	2.2629000000000003e-05
731.182	0.0	0.0	2.1108000000000002e-05
731.412	0.0	0.0	1.69665e-05
731.352	0.0	0.0	1.80855e-05
731.372	0.0	0.0	1.7634e-05
731.512	0.0	0.0	1.1794950000000001e-05
731.742	0.0	0.0	3.7401000000000005e-07
731.682	0.0	0.0	3.4219500000000003e-06
731.712	0.0	0.0	2.0473500000000004e-06
731.852	0.0	0.0	-6.273000000000001e-06
732.082	0.0	0.0	-2.0244e-05
732.022	0.0	0.0	-1.6692000000000002e-05
732.052	0.0	0.0	-1.8393000000000005e-05
732.192	0.0	0.0	-2.4531e-05
732.422	0.0	0.0	-3.33e-05
732.362	0.0	0.0	-3.09255e-05
732.382	0.0	0.0	-3.1878e-05
732.522	0.0	0.0	-3.2454e-05
732.752	0.0	0.0	-3.05805e-05
732.692	0.0	0.0	-3.1081500000000004e-05
732.722	0.0	0.0	-3.0858e-05
732.862	0.0	0.0	-2.4328500000000003e-05
733.092	0.0	0.0	-1.1147850000000002e-05
733.032	0.0	0.0	-1.4508450000000002e-05
733.062	0.0	0.0	-1.2908700000000002e-05
733.202	0.0	0.0	-2.1429000000000003e-06
733.432	0.0	0.0	1.6327500000000002e-05
733.372	0.0	0.0	1.13106e-05
733.392	0.0	0.0	1.330575e-05
733.532	0.0	0.0	2.2813500000000004e-05
733.762	0.0	0.0	3.7231500000000004e-05
733.702	0.0	0.0	3.33795e-05
733.732	0.0	0.0	3.51075e-05
733.872	0.0	0.0	3.8434500000000006e-05
734.102	0.0	0.0	4.09695e-05
734.042	0.0	0.0	4.0314e-05
734.072	0.0	0.0	4.06155e-05
734.212	0.0	0.0	3.539100000000001e-05
734.442	0.0	0.0	0.0
734.382	0.0	0.0	2.6826000000000004e-05
734.412	0.0	0.0	2.5449e-05
734.552	0.0	0.0	0.0
