8732
0.0	0.0	0.0	0.006961275
0.088	0.0	0.0	0.0194121
0.173	0.0	0.0	0.031538250000000004
0.256	0.0	0.0	0.04324725
0.336	0.0	0.0	0.05465250000000001
0.424	0.0	0.0	0.06050250000000001
0.51	0.0	0.0	0.06621075000000001
0.592	0.0	0.0	0.07172325
0.673	0.0	0.0	0.07708950000000002
0.761	0.0	0.0	0.07385175000000001
0.846	0.0	0.0	0.07069724999999999
0.929	0.0	0.0	0.06764850000000001
1.009	0.0	0.0	0.0646785
1.097	0.0	0.0	0.05254425000000001
1.182	0.0	0.0	0.0406935
1.265	0.0	0.0	0.0292185
1.346	0.0	0.0	0.01802745
1.434	0.0	0.0	0.0004711725000000001
1.519	0.0	0.0	-0.016657875000000003
1.602	0.0	0.0	-0.0332235
1.683	0.0	0.0	-0.04936050000000001
1.77	0.0	0.0	-0.06482025
1.856	0.0	0.0	-0.07991100000000001
1.938	0.0	0.0	-0.0945315
2.019	0.0	0.0	-0.10881000000000002
2.107	0.0	0.0	-0.11290950000000001
2.192	0.0	0.0	-0.11691675000000001
2.275	0.0	0.0	-0.12080250000000002
2.356	0.0	0.0	-0.12459150000000002
2.443	0.0	0.0	-0.11114325000000001
2.529	0.0	0.0	-0.09800775000000002
2.611	0.0	0.0	-0.08526825000000002
2.692	0.0	0.0	-0.07281900000000001
2.779	0.0	0.0	-0.04415625000000001
2.865	0.0	0.0	-0.01610415
2.948	0.0	0.0	0.011122425000000002
3.029	0.0	0.0	0.03771
3.116	0.0	0.0	0.15228450000000002
3.201	0.0	0.0	0.264285
3.284	0.0	0.0	0.3730050000000001
3.365	0.0	0.0	0.4793625
3.452	0.0	0.0	0.5245425
3.538	0.0	0.0	0.5688225000000001
3.621	0.0	0.0	0.6118875
3.702	0.0	0.0	0.6540525000000001
3.789	0.0	0.0	0.6149475000000001
3.875	0.0	0.0	0.5766525
3.958	0.0	0.0	0.53946
4.039	0.0	0.0	0.5031000000000001
4.126	0.0	0.0	0.3877875
4.211	0.0	0.0	0.27488250000000003
4.294	0.0	0.0	0.1650015
4.375	0.0	0.0	0.05730975
4.462	0.0	0.0	-0.08190675000000001
4.547	0.0	0.0	-0.21846150000000003
4.631	0.0	0.0	-0.35142750000000006
4.712	0.0	0.0	-0.48159
4.799	0.0	0.0	-0.5709825
4.884	0.0	0.0	-0.6585525000000001
4.967	0.0	0.0	-0.74385
5.048	0.0	0.0	-0.8275049999999999
5.135	0.0	0.0	-0.8141175
5.22	0.0	0.0	-0.8009775000000001
5.303	0.0	0.0	-0.7881525000000001
5.385	0.0	0.0	-0.7755525000000001
5.472	0.0	0.0	-0.6586425000000001
5.557	0.0	0.0	-0.5439600000000001
5.64	0.0	0.0	-0.4321575
5.722	0.0	0.0	-0.32260500000000003
5.809	0.0	0.0	-0.15998175000000003
5.894	0.0	0.0	-0.00035028000000000007
5.976	0.0	0.0	0.1555065
6.058	0.0	0.0	0.30863250000000003
6.145	0.0	0.0	0.43344000000000005
6.23	0.0	0.0	0.5561325
6.313	0.0	0.0	0.6759675
6.395	0.0	0.0	0.7935975000000002
6.481	0.0	0.0	0.81531
6.566	0.0	0.0	0.8365950000000001
6.649	0.0	0.0	0.85743
6.731	0.0	0.0	0.8778825
6.817	0.0	0.0	0.7887150000000002
6.903	0.0	0.0	0.70092
6.986	0.0	0.0	0.6149925
7.068	0.0	0.0	0.5304375
7.155	0.0	0.0	0.3825450000000001
7.24	0.0	0.0	0.23710500000000004
7.323	0.0	0.0	0.094914
7.405	0.0	0.0	-0.044804250000000004
7.491	0.0	0.0	-0.16987050000000004
7.576	0.0	0.0	-0.2929275
7.659	0.0	0.0	-0.41343750000000007
7.741	0.0	0.0	-0.53217
7.827	0.0	0.0	-0.5752575
7.912	0.0	0.0	-0.617715
7.996	0.0	0.0	-0.65934
8.078	0.0	0.0	-0.7002900000000001
8.164	0.0	0.0	-0.653715
8.249	0.0	0.0	-0.6078825000000001
8.332	0.0	0.0	-0.5629275
8.414	0.0	0.0	-0.5186474999999999
8.5	0.0	0.0	-0.42124500000000004
8.585	0.0	0.0	-0.32517
8.669	0.0	0.0	-0.23085000000000003
8.751	0.0	0.0	-0.13786650000000003
8.837	0.0	0.0	-0.036486000000000005
8.922	0.0	0.0	0.06344775
9.005	0.0	0.0	0.161532
9.088	0.0	0.0	0.2582325
9.174	0.0	0.0	0.33680250000000006
9.258	0.0	0.0	0.4143375000000001
9.342	0.0	0.0	0.49050000000000005
9.424	0.0	0.0	0.56565
9.51	0.0	0.0	0.5967000000000001
9.595	0.0	0.0	0.6273675000000001
9.678	0.0	0.0	0.657495
9.761	0.0	0.0	0.6872400000000001
9.847	0.0	0.0	0.6286725000000001
9.931	0.0	0.0	0.5708475000000001
10.015	0.0	0.0	0.5139675
10.097	0.0	0.0	0.45778500000000005
10.183	0.0	0.0	0.2888775
10.268	0.0	0.0	0.12199275000000002
10.351	0.0	0.0	-0.042273000000000005
10.434	0.0	0.0	-0.20460600000000004
10.52	0.0	0.0	-0.43067250000000007
10.604	0.0	0.0	-0.6541875
10.688	0.0	0.0	-0.8743500000000002
10.77	0.0	0.0	-1.0920150000000002
10.856	0.0	0.0	-1.2467700000000002
10.941	0.0	0.0	-1.3998374999999998
11.024	0.0	0.0	-1.5507
11.107	0.0	0.0	-1.6998975000000003
11.193	0.0	0.0	-1.6457625000000005
11.277	0.0	0.0	-1.5922125000000003
11.361	0.0	0.0	-1.5393825
11.444	0.0	0.0	-1.4870925000000002
11.529	0.0	0.0	-1.1757600000000001
11.614	0.0	0.0	-0.8675550000000001
11.697	0.0	0.0	-0.5634
11.78	0.0	0.0	-0.26221500000000003
11.866	0.0	0.0	0.20001150000000004
11.95	0.0	0.0	0.65781
12.034	0.0	0.0	1.1099025
12.117	0.0	0.0	1.557765
12.202	0.0	0.0	1.9329300000000003
12.287	0.0	0.0	2.304675
12.371	0.0	0.0	2.6721000000000004
12.453	0.0	0.0	3.03615
12.539	0.0	0.0	3.0721500000000006
12.623	0.0	0.0	3.1077000000000004
12.707	0.0	0.0	3.1430250000000006
12.79	0.0	0.0	3.1779
12.875	0.0	0.0	2.7648
12.96	0.0	0.0	2.3548500000000003
13.044	0.0	0.0	1.9494225
13.127	0.0	0.0	1.5470775000000003
13.212	0.0	0.0	0.8181
13.296	0.0	0.0	0.09474300000000002
13.38	0.0	0.0	-0.6213825000000001
13.463	0.0	0.0	-1.3321574999999999
13.548	0.0	0.0	-2.0281500000000006
13.633	0.0	0.0	-2.7191250000000005
13.717	0.0	0.0	-3.4035750000000005
13.8	0.0	0.0	-4.083525000000001
13.885	0.0	0.0	-4.3488
13.969	0.0	0.0	-4.612275000000001
14.053	0.0	0.0	-4.8735
14.136	0.0	0.0	-5.1331500000000005
14.221	0.0	0.0	-4.744350000000001
14.306	0.0	0.0	-4.357800000000001
14.39	0.0	0.0	-3.9744000000000006
14.473	0.0	0.0	-3.5934750000000006
14.558	0.0	0.0	-2.6595000000000004
14.642	0.0	0.0	-1.7311500000000002
14.726	0.0	0.0	-0.8095725
14.81	0.0	0.0	0.10701225000000002
14.894	0.0	0.0	1.1568600000000002
14.979	0.0	0.0	2.20113
15.063	0.0	0.0	3.2384250000000003
15.146	0.0	0.0	4.2705
15.231	0.0	0.0	4.886775000000001
15.315	0.0	0.0	5.499900000000001
15.399	0.0	0.0	6.109425000000001
15.483	0.0	0.0	6.7162500000000005
15.567	0.0	0.0	6.5205
15.652	0.0	0.0	6.325425
15.736	0.0	0.0	6.131475000000001
15.819	0.0	0.0	5.9384250000000005
15.904	0.0	0.0	4.951350000000001
15.988	0.0	0.0	3.968325
16.072	0.0	0.0	2.9898000000000007
16.156	0.0	0.0	2.0148075000000003
16.241	0.0	0.0	0.6836850000000001
16.325	0.0	0.0	-0.6429375
16.409	0.0	0.0	-1.9640700000000004
16.493	0.0	0.0	-3.2814000000000005
16.577	0.0	0.0	-4.290075
16.661	0.0	0.0	-5.29605
16.745	0.0	0.0	-6.2982000000000005
16.829	0.0	0.0	-7.298100000000001
16.914	0.0	0.0	-7.44165
16.998	0.0	0.0	-7.584750000000001
17.082	0.0	0.0	-7.727625
17.166	0.0	0.0	-7.870275
17.25	0.0	0.0	-7.02765
17.334	0.0	0.0	-6.186825000000001
17.418	0.0	0.0	-5.3478
17.502	0.0	0.0	-4.5099
17.587	0.0	0.0	-3.068325
17.671	0.0	0.0	-1.6286625000000003
17.755	0.0	0.0	-0.19138725
17.839	0.0	0.0	1.2443850000000003
17.923	0.0	0.0	2.5728750000000002
18.007	0.0	0.0	3.8999250000000005
18.091	0.0	0.0	5.22585
18.175	0.0	0.0	6.5511
18.26	0.0	0.0	7.093125000000001
18.344	0.0	0.0	7.6347000000000005
18.428	0.0	0.0	8.176275
18.512	0.0	0.0	8.71785
18.596	0.0	0.0	8.19135
18.68	0.0	0.0	7.664850000000001
18.764	0.0	0.0	7.1381250000000005
18.849	0.0	0.0	6.611400000000001
18.933	0.0	0.0	5.276925
19.017	0.0	0.0	3.9415500000000003
19.101	0.0	0.0	2.6052750000000002
19.185	0.0	0.0	1.2674025000000002
19.269	0.0	0.0	-0.20552625000000002
19.353	0.0	0.0	-1.6799850000000003
19.437	0.0	0.0	-3.1567500000000006
19.522	0.0	0.0	-4.6359
19.606	0.0	0.0	-5.515875
19.69	0.0	0.0	-6.397200000000001
19.774	0.0	0.0	-7.280325
19.858	0.0	0.0	-8.165025
19.942	0.0	0.0	-8.034975
20.026	0.0	0.0	-7.904475000000001
20.111	0.0	0.0	-7.773525000000001
20.195	0.0	0.0	-7.64235
20.279	0.0	0.0	-6.603750000000002
20.363	0.0	0.0	-5.562225000000001
20.447	0.0	0.0	-4.5171
20.532	0.0	0.0	-3.4688250000000003
20.615	0.0	0.0	-2.0711925000000004
20.699	0.0	0.0	-0.6694875000000001
20.784	0.0	0.0	0.7380675000000001
20.868	0.0	0.0	2.15037
20.952	0.0	0.0	3.2064750000000006
21.036	0.0	0.0	4.266
21.12	0.0	0.0	5.330925000000001
21.205	0.0	0.0	6.399900000000001
21.288	0.0	0.0	6.625800000000001
21.372	0.0	0.0	6.852600000000001
21.457	0.0	0.0	7.08075
21.541	0.0	0.0	7.3098
21.625	0.0	0.0	6.661125
21.709	0.0	0.0	6.009525
21.793	0.0	0.0	5.353875
21.878	0.0	0.0	4.695075
21.961	0.0	0.0	3.5606250000000004
22.045	0.0	0.0	2.4205500000000004
22.13	0.0	0.0	1.2727575
22.215	0.0	0.0	0.1188675
22.298	0.0	0.0	-0.9097425000000001
22.382	0.0	0.0	-1.9439550000000003
22.466	0.0	0.0	-2.9857500000000003
22.551	0.0	0.0	-4.0338
22.634	0.0	0.0	-4.47705
22.718	0.0	0.0	-4.923
22.803	0.0	0.0	-5.372775000000001
22.888	0.0	0.0	-5.825025
22.971	0.0	0.0	-5.543325
23.055	0.0	0.0	-5.259825000000001
23.139	0.0	0.0	-4.9738500000000005
23.224	0.0	0.0	-4.68585
23.307	0.0	0.0	-3.9102750000000004
23.391	0.0	0.0	-3.1290750000000003
23.476	0.0	0.0	-2.340675
23.561	0.0	0.0	-1.5464475000000002
23.644	0.0	0.0	-0.71604
23.728	0.0	0.0	0.1206405
23.812	0.0	0.0	0.9657675
23.897	0.0	0.0	1.81746
23.98	0.0	0.0	2.3015250000000003
24.064	0.0	0.0	2.78955
24.149	0.0	0.0	3.282525
24.234	0.0	0.0	3.779775
24.317	0.0	0.0	3.7494000000000005
24.401	0.0	0.0	3.7190250000000002
24.485	0.0	0.0	3.6882
24.571	0.0	0.0	3.6571500000000006
24.654	0.0	0.0	3.2247000000000003
24.737	0.0	0.0	2.7882000000000007
24.822	0.0	0.0	2.3467499999999997
24.907	0.0	0.0	1.9010925000000003
24.99	0.0	0.0	1.3534875
25.074	0.0	0.0	0.8007075
25.158	0.0	0.0	0.24093000000000003
25.244	0.0	0.0	-0.3242475
25.327	0.0	0.0	-0.7024950000000001
25.41	0.0	0.0	-1.0845
25.495	0.0	0.0	-1.4715900000000002
25.58	0.0	0.0	-1.862595
25.663	0.0	0.0	-1.9341000000000002
25.747	0.0	0.0	-2.0063700000000004
25.831	0.0	0.0	-2.0796300000000003
25.917	0.0	0.0	-2.153655
26.0	0.0	0.0	-1.96722
26.083	0.0	0.0	-1.7787375
26.168	0.0	0.0	-1.5875100000000002
26.254	0.0	0.0	-1.3941450000000002
26.336	0.0	0.0	-1.1161575
26.42	0.0	0.0	-0.8349750000000001
26.504	0.0	0.0	-0.54954
26.59	0.0	0.0	-0.26082
26.673	0.0	0.0	-0.05712975000000001
26.756	0.0	0.0	0.148986
26.841	0.0	0.0	0.35838000000000003
26.927	0.0	0.0	0.5703075000000001
27.009	0.0	0.0	0.62595
27.093	0.0	0.0	0.6822900000000001
27.177	0.0	0.0	0.739575
27.263	0.0	0.0	0.7975575000000001
27.346	0.0	0.0	0.7390800000000001
27.429	0.0	0.0	0.6798150000000002
27.514	0.0	0.0	0.6195375000000001
27.6	0.0	0.0	0.5584725
27.682	0.0	0.0	0.47038500000000005
27.766	0.0	0.0	0.3811275
27.851	0.0	0.0	0.29027250000000004
27.937	0.0	0.0	0.19818675000000002
28.019	0.0	0.0	0.12764925000000002
28.102	0.0	0.0	0.05611275
28.187	0.0	0.0	-0.016774650000000002
28.273	0.0	0.0	-0.09071550000000002
28.355	0.0	0.0	-0.15805125
28.439	0.0	0.0	-0.22635000000000002
28.524	0.0	0.0	-0.2959425
28.61	0.0	0.0	-0.36648000000000003
28.692	0.0	0.0	-0.41487750000000007
28.775	0.0	0.0	-0.4639950000000001
28.86	0.0	0.0	-0.5140800000000001
28.946	0.0	0.0	-0.5649750000000001
29.028	0.0	0.0	-0.5440050000000001
29.112	0.0	0.0	-0.5226975
29.197	0.0	0.0	-0.5009625
29.283	0.0	0.0	-0.4789125000000001
29.365	0.0	0.0	-0.3728925
29.448	0.0	0.0	-0.26527500000000004
29.533	0.0	0.0	-0.15541875
29.619	0.0	0.0	-0.04374900000000001
29.701	0.0	0.0	0.1007595
29.784	0.0	0.0	0.24783750000000004
29.869	0.0	0.0	0.39825000000000005
29.956	0.0	0.0	0.5512050000000001
30.038	0.0	0.0	0.6503625000000001
30.121	0.0	0.0	0.7511625000000001
30.207	0.0	0.0	0.8541225
30.293	0.0	0.0	0.9587025000000002
30.375	0.0	0.0	0.94527
30.458	0.0	0.0	0.9316125000000001
30.543	0.0	0.0	0.9176400000000001
30.629	0.0	0.0	0.9033975000000001
30.711	0.0	0.0	0.7726275
30.794	0.0	0.0	0.6394050000000001
30.879	0.0	0.0	0.5030100000000001
30.966	0.0	0.0	0.364275
31.048	0.0	0.0	0.18045225
31.13	0.0	0.0	-0.0066411000000000005
31.215	0.0	0.0	-0.19826550000000004
31.302	0.0	0.0	-0.39348000000000005
31.384	0.0	0.0	-0.53424
31.467	0.0	0.0	-0.6778575000000001
31.552	0.0	0.0	-0.8252100000000001
31.639	0.0	0.0	-0.9753975
31.721	0.0	0.0	-0.9987750000000001
31.804	0.0	0.0	-1.02258
31.889	0.0	0.0	-1.0469925
31.976	0.0	0.0	-1.071855
32.057	0.0	0.0	-0.9679275
32.14	0.0	0.0	-0.8619749999999999
32.225	0.0	0.0	-0.7531650000000001
32.312	0.0	0.0	-0.6421275000000001
32.393	0.0	0.0	-0.46802250000000006
32.477	0.0	0.0	-0.2901825
32.562	0.0	0.0	-0.10754325
32.649	0.0	0.0	0.07865775000000001
32.73	0.0	0.0	0.231435
32.813	0.0	0.0	0.387315
32.898	0.0	0.0	0.5474700000000001
32.985	0.0	0.0	0.711045
33.066	0.0	0.0	0.7691850000000001
33.149	0.0	0.0	0.8286525
33.235	0.0	0.0	0.8898750000000001
33.322	0.0	0.0	0.9524025
33.403	0.0	0.0	0.89622
33.486	0.0	0.0	0.8388
33.572	0.0	0.0	0.7798050000000001
33.659	0.0	0.0	0.7195725000000001
33.74	0.0	0.0	0.5603625
33.823	0.0	0.0	0.39757500000000007
33.908	0.0	0.0	0.22988250000000002
33.995	0.0	0.0	0.05835600000000001
34.076	0.0	0.0	0.016403625
34.159	0.0	0.0	-0.026556750000000004
34.245	0.0	0.0	-0.07081875000000001
34.332	0.0	0.0	-0.11604600000000001
34.413	0.0	0.0	-0.13713750000000002
34.495	0.0	0.0	-0.1587195
34.581	0.0	0.0	-0.18096975000000004
34.668	0.0	0.0	-0.20375325
34.749	0.0	0.0	-0.19832175000000002
34.832	0.0	0.0	-0.19275750000000003
34.917	0.0	0.0	-0.18701325000000002
35.005	0.0	0.0	-0.18114075000000002
35.086	0.0	0.0	-0.15741225000000003
35.168	0.0	0.0	-0.13311450000000002
35.254	0.0	0.0	-0.10803375000000001
35.341	0.0	0.0	-0.08233875
35.422	0.0	0.0	-0.055602000000000006
35.505	0.0	0.0	-0.02815425
35.59	0.0	0.0	0.000227565
35.678	0.0	0.0	0.0293175
35.759	0.0	0.0	0.04588425
35.842	0.0	0.0	0.06287175
35.927	0.0	0.0	0.08041275
36.015	0.0	0.0	0.09837225000000002
36.095	0.0	0.0	0.09972225
36.178	0.0	0.0	0.101106
36.263	0.0	0.0	0.102537
36.351	0.0	0.0	0.1040085
36.432	0.0	0.0	0.09393975
36.514	0.0	0.0	0.08359200000000001
36.6	0.0	0.0	0.07288199999999999
36.688	0.0	0.0	0.06190425
36.768	0.0	0.0	0.048613500000000004
36.851	0.0	0.0	0.03496725
36.936	0.0	0.0	0.0208359
37.024	0.0	0.0	0.006325425000000001
37.104	0.0	0.0	-0.003118725
37.187	0.0	0.0	-0.01283985
37.273	0.0	0.0	-0.022923000000000002
37.361	0.0	0.0	-0.033282
37.442	0.0	0.0	-0.036186750000000004
37.524	0.0	0.0	-0.039172500000000006
37.61	0.0	0.0	-0.042266250000000005
37.698	0.0	0.0	-0.045441
37.778	0.0	0.0	-0.043105500000000005
37.86	0.0	0.0	-0.0407025
37.946	0.0	0.0	-0.038207250000000005
38.034	0.0	0.0	-0.03564225
38.114	0.0	0.0	-0.030483000000000007
38.197	0.0	0.0	-0.02516625
38.283	0.0	0.0	-0.019644975000000002
38.371	0.0	0.0	-0.0139725
38.451	0.0	0.0	-0.007656975
38.533	0.0	0.0	-0.0011555324999999999
38.619	0.0	0.0	0.0055984500000000005
38.707	0.0	0.0	0.012549825
38.787	0.0	0.0	0.018213975
38.87	0.0	0.0	0.024059250000000004
38.956	0.0	0.0	0.030143250000000003
39.044	0.0	0.0	0.036405
39.124	0.0	0.0	0.03866175
39.207	0.0	0.0	0.040988250000000004
39.293	0.0	0.0	0.043404750000000006
39.381	0.0	0.0	0.045891
39.461	0.0	0.0	0.042635250000000006
39.543	0.0	0.0	0.03927825
39.629	0.0	0.0	0.03578175
39.717	0.0	0.0	0.032177250000000004
39.797	0.0	0.0	0.024018750000000002
39.879	0.0	0.0	0.01558935
39.965	0.0	0.0	0.006808500000000001
40.054	0.0	0.0	-0.0022343625000000003
40.134	0.0	0.0	-0.011526750000000002
40.216	0.0	0.0	-0.021117375000000004
40.302	0.0	0.0	-0.031113000000000005
40.39	0.0	0.0	-0.04142475
40.47	0.0	0.0	-0.046818000000000005
40.552	0.0	0.0	-0.05239800000000001
40.638	0.0	0.0	-0.058225500000000006
40.727	0.0	0.0	-0.06423750000000002
40.807	0.0	0.0	-0.06224625
40.889	0.0	0.0	-0.06018525
40.975	0.0	0.0	-0.05803875000000001
41.064	0.0	0.0	-0.05582475
41.143	0.0	0.0	-0.04681575
41.226	0.0	0.0	-0.03750075
41.311	0.0	0.0	-0.027767250000000004
41.4	0.0	0.0	-0.017709525
41.48	0.0	0.0	-0.005888475000000001
41.562	0.0	0.0	0.0063560249999999995
41.648	0.0	0.0	0.019151325
41.737	0.0	0.0	0.03235725
41.816	0.0	0.0	0.0409095
41.898	0.0	0.0	0.049761
41.984	0.0	0.0	0.05901750000000001
42.073	0.0	0.0	0.068589
42.152	0.0	0.0	0.069336
42.235	0.0	0.0	0.07011
42.321	0.0	0.0	0.07091775000000002
42.41	0.0	0.0	0.07175475
42.489	0.0	0.0	0.06412275
42.571	0.0	0.0	0.05621625000000001
42.657	0.0	0.0	0.047940750000000004
42.746	0.0	0.0	0.03937500000000001
42.825	0.0	0.0	0.02716425
42.907	0.0	0.0	0.014481
42.994	0.0	0.0	0.0011808225
43.083	0.0	0.0	-0.0125883
43.162	0.0	0.0	-0.023211000000000002
43.245	0.0	0.0	-0.03422925
43.331	0.0	0.0	-0.045769500000000005
43.42	0.0	0.0	-0.057703500000000005
43.499	0.0	0.0	-0.061407
43.581	0.0	0.0	-0.06525225
43.667	0.0	0.0	-0.0692865
43.756	0.0	0.0	-0.07346925
43.835	0.0	0.0	-0.06869925
43.917	0.0	0.0	-0.06373800000000002
44.004	0.0	0.0	-0.0585315
44.093	0.0	0.0	-0.0531405
44.172	0.0	0.0	-0.042702750000000005
44.254	0.0	0.0	-0.03186
44.34	0.0	0.0	-0.020471625
44.429	0.0	0.0	-0.008660475
44.508	0.0	0.0	0.0019526400000000003
44.59	0.0	0.0	0.013004550000000002
44.676	0.0	0.0	0.024633000000000002
44.766	0.0	0.0	0.0366975
44.845	0.0	0.0	0.042279750000000005
44.927	0.0	0.0	0.04808475
45.014	0.0	0.0	0.054184500000000003
45.103	0.0	0.0	0.060507
45.182	0.0	0.0	0.05882175
45.263	0.0	0.0	0.05706900000000001
45.35	0.0	0.0	0.05522175000000001
45.439	0.0	0.0	0.05330475000000001
45.518	0.0	0.0	0.0460215
45.6	0.0	0.0	0.038430000000000006
45.686	0.0	0.0	0.03043575
45.776	0.0	0.0	0.022138425000000003
45.855	0.0	0.0	0.013555575000000002
45.936	0.0	0.0	0.004616775
46.022	0.0	0.0	-0.004802175
46.112	0.0	0.0	-0.014593275000000001
46.191	0.0	0.0	-0.0201483
46.272	0.0	0.0	-0.025949250000000004
46.359	0.0	0.0	-0.0320715
46.449	0.0	0.0	-0.038436750000000006
46.528	0.0	0.0	-0.03880575000000001
46.61	0.0	0.0	-0.039190499999999996
46.696	0.0	0.0	-0.0395955
46.786	0.0	0.0	-0.04001625
46.864	0.0	0.0	-0.03606075
46.946	0.0	0.0	-0.031934250000000004
47.032	0.0	0.0	-0.027576000000000003
47.122	0.0	0.0	-0.023037750000000003
47.2	0.0	0.0	-0.017648325
47.282	0.0	0.0	-0.012015675
47.369	0.0	0.0	-0.006065325000000002
47.459	0.0	0.0	0.00012353175
47.537	0.0	0.0	0.003919275000000001
47.619	0.0	0.0	0.007884
47.705	0.0	0.0	0.012076200000000002
47.795	0.0	0.0	0.016444800000000002
47.873	0.0	0.0	0.017226
47.955	0.0	0.0	0.01804365
48.042	0.0	0.0	0.018908775000000003
48.132	0.0	0.0	0.019809225
48.21	0.0	0.0	0.018163800000000004
48.292	0.0	0.0	0.016443675
48.378	0.0	0.0	0.014622750000000004
48.468	0.0	0.0	0.012724200000000001
48.546	0.0	0.0	0.01046565
48.628	0.0	0.0	0.0080982
48.715	0.0	0.0	0.005588325
48.805	0.0	0.0	0.002970225000000001
48.883	0.0	0.0	0.0016926300000000003
48.965	0.0	0.0	0.0003552975000000001
49.052	0.0	0.0	-0.0010608525
49.142	0.0	0.0	-0.002536425
49.22	0.0	0.0	-0.0025794000000000004
49.301	0.0	0.0	-0.0026241750000000003
49.388	0.0	0.0	-0.0026718750000000006
49.478	0.0	0.0	-0.0027216000000000002
49.556	0.0	0.0	-0.0029398500000000004
49.638	0.0	0.0	-0.003169125
49.724	0.0	0.0	-0.0034121250000000007
49.815	0.0	0.0	-0.0036659250000000004
49.893	0.0	0.0	-0.00368415
49.974	0.0	0.0	-0.0037030500000000003
50.061	0.0	0.0	-0.0037233
50.151	0.0	0.0	-0.003744225
50.229	0.0	0.0	-0.00258345
50.31	0.0	0.0	-0.0013635000000000001
50.397	0.0	0.0	-6.588000000000001e-05
50.488	0.0	0.0	0.0012906675000000003
50.566	0.0	0.0	0.0031603500000000006
50.648	0.0	0.0	0.005123025
50.734	0.0	0.0	0.007207650000000001
50.825	0.0	0.0	0.009384974999999999
50.902	0.0	0.0	0.010655325000000002
50.984	0.0	0.0	0.011989575
51.07	0.0	0.0	0.01341
51.161	0.0	0.0	0.014897025000000001
51.239	0.0	0.0	0.014440050000000001
51.32	0.0	0.0	0.013959225000000002
51.407	0.0	0.0	0.013447125000000002
51.498	0.0	0.0	0.012911849999999999
51.575	0.0	0.0	0.010620450000000002
51.657	0.0	0.0	0.008211825
51.743	0.0	0.0	0.005645925
51.834	0.0	0.0	0.0029583
51.911	0.0	0.0	-8.36055e-05
51.993	0.0	0.0	-0.0032892750000000004
52.08	0.0	0.0	-0.006709950000000001
52.171	0.0	0.0	-0.010293975
52.249	0.0	0.0	-0.012413925000000001
52.33	0.0	0.0	-0.014645250000000002
52.417	0.0	0.0	-0.01702305
52.508	0.0	0.0	-0.019512
52.585	0.0	0.0	-0.01945215
52.666	0.0	0.0	-0.019389375
52.753	0.0	0.0	-0.019322325000000005
52.844	0.0	0.0	-0.019251675000000003
52.921	0.0	0.0	-0.016954425000000002
53.003	0.0	0.0	-0.0145305
53.09	0.0	0.0	-0.011941650000000002
53.181	0.0	0.0	-0.0092286
53.258	0.0	0.0	-0.005877225000000001
53.339	0.0	0.0	-0.002344725
53.426	0.0	0.0	0.0014305725000000004
53.517	0.0	0.0	0.005393475
53.594	0.0	0.0	0.00807075
53.675	0.0	0.0	0.0108999
53.763	0.0	0.0	0.0139284
53.854	0.0	0.0	0.01710855
53.931	0.0	0.0	0.017779725
54.013	0.0	0.0	0.018488025
54.1	0.0	0.0	0.019245150000000003
54.191	0.0	0.0	0.020039625000000002
54.268	0.0	0.0	0.018478575000000004
54.349	0.0	0.0	0.016829550000000002
54.436	0.0	0.0	0.015062850000000003
54.527	0.0	0.0	0.013205475000000001
54.604	0.0	0.0	0.010326150000000001
54.685	0.0	0.0	0.007279875000000002
54.772	0.0	0.0	0.004016025
54.864	0.0	0.0	0.0005882625
54.941	0.0	0.0	-0.002099745
55.022	0.0	0.0	-0.0049412250000000005
55.109	0.0	0.0	-0.00798885
55.2	0.0	0.0	-0.011195550000000002
55.277	0.0	0.0	-0.012439575000000001
55.358	0.0	0.0	-0.013757175000000002
55.445	0.0	0.0	-0.015170850000000001
55.537	0.0	0.0	-0.016656749999999998
55.614	0.0	0.0	-0.016012800000000004
55.695	0.0	0.0	-0.015331275000000002
55.781	0.0	0.0	-0.014599575
55.873	0.0	0.0	-0.013829175
55.95	0.0	0.0	-0.011792700000000001
56.031	0.0	0.0	-0.00963225
56.118	0.0	0.0	-0.0073089
56.21	0.0	0.0	-0.00486225
56.287	0.0	0.0	-0.002499975
56.368	0.0	0.0	2.7135e-06
56.455	0.0	0.0	0.0026905500000000003
56.547	0.0	0.0	0.005518575000000001
56.623	0.0	0.0	0.007092450000000001
56.704	0.0	0.0	0.0087615
56.791	0.0	0.0	0.0105579
56.883	0.0	0.0	0.012452175000000001
56.959	0.0	0.0	0.012604950000000002
57.041	0.0	0.0	0.012767175
57.128	0.0	0.0	0.012942
57.22	0.0	0.0	0.013125825
57.296	0.0	0.0	0.011881349999999999
57.377	0.0	0.0	0.0105606
57.464	0.0	0.0	0.009138375
57.556	0.0	0.0	0.007637400000000001
57.632	0.0	0.0	0.005629275
57.713	0.0	0.0	0.003492675
57.801	0.0	0.0	0.0011877975000000002
57.893	0.0	0.0	-0.00124488
57.969	0.0	0.0	-0.00306675
58.05	0.0	0.0	-0.0050024250000000004
58.138	0.0	0.0	-0.007087950000000001
58.23	0.0	0.0	-0.009286875
58.306	0.0	0.0	-0.010058174999999999
58.387	0.0	0.0	-0.0108783
58.474	0.0	0.0	-0.011763900000000002
58.566	0.0	0.0	-0.012699900000000002
58.642	0.0	0.0	-0.012073275000000001
58.723	0.0	0.0	-0.011406150000000002
58.811	0.0	0.0	-0.010685700000000001
58.903	0.0	0.0	-0.009924975
58.979	0.0	0.0	-0.008232525000000001
59.06	0.0	0.0	-0.006431400000000001
59.147	0.0	0.0	-0.004485375
59.239	0.0	0.0	-0.0024277500000000002
59.315	0.0	0.0	-0.0005297625000000001
59.396	0.0	0.0	0.0014949225
59.483	0.0	0.0	0.0036861750000000007
59.576	0.0	0.0	0.0060039
59.652	0.0	0.0	0.0071541
59.733	0.0	0.0	0.00837945
59.821	0.0	0.0	0.009704025000000002
59.913	0.0	0.0	0.011103525000000001
59.989	0.0	0.0	0.010968975
60.069	0.0	0.0	0.010825650000000001
60.157	0.0	0.0	0.010670175
60.249	0.0	0.0	0.010505475000000002
60.325	0.0	0.0	0.009260325
60.406	0.0	0.0	0.007930575
60.493	0.0	0.0	0.006489900000000002
60.586	0.0	0.0	0.004965975
60.661	0.0	0.0	0.003363075
60.742	0.0	0.0	0.0016525350000000003
60.829	0.0	0.0	-0.000202374
60.922	0.0	0.0	-0.0021683925
60.998	0.0	0.0	-0.0032726250000000004
61.078	0.0	0.0	-0.0044532
61.166	0.0	0.0	-0.0057339
61.259	0.0	0.0	-0.007089975000000001
61.334	0.0	0.0	-0.0072195750000000015
61.415	0.0	0.0	-0.007358175000000001
61.502	0.0	0.0	-0.007508250000000001
61.595	0.0	0.0	-0.007667775
61.67	0.0	0.0	-0.006975
61.751	0.0	0.0	-0.0062331750000000005
61.839	0.0	0.0	-0.0054265500000000005
61.932	0.0	0.0	-0.004570874999999999
62.008	0.0	0.0	-0.003626325
62.088	0.0	0.0	-0.002616075
62.176	0.0	0.0	-0.0015191775
62.269	0.0	0.0	-0.00035667000000000007
62.344	0.0	0.0	0.00031113
62.425	0.0	0.0	0.0010260675
62.512	0.0	0.0	0.0018040500000000002
62.605	0.0	0.0	0.0026304749999999997
62.68	0.0	0.0	0.002930625
62.761	0.0	0.0	0.0032526
62.849	0.0	0.0	0.003602925
62.942	0.0	0.0	0.0039744
63.017	0.0	0.0	0.004004550000000001
63.097	0.0	0.0	0.0040367250000000006
63.185	0.0	0.0	0.004071600000000001
63.278	0.0	0.0	0.00410895
63.353	0.0	0.0	0.003666825
63.434	0.0	0.0	0.0031923000000000003
63.522	0.0	0.0	0.0026743500000000003
63.615	0.0	0.0	0.0021240225
63.69	0.0	0.0	0.0010479600000000001
63.771	0.0	0.0	-0.00010627200000000002
63.859	0.0	0.0	-0.0013636125000000001
63.952	0.0	0.0	-0.002698875
64.027	0.0	0.0	-0.004000500000000001
64.107	0.0	0.0	-0.005398200000000001
64.195	0.0	0.0	-0.006923925000000001
64.288	0.0	0.0	-0.0085482
64.363	0.0	0.0	-0.009223875000000001
64.444	0.0	0.0	-0.0099504
64.531	0.0	0.0	-0.010743750000000002
64.625	0.0	0.0	-0.011587050000000002
64.7	0.0	0.0	-0.010891125000000001
64.78	0.0	0.0	-0.010143450000000002
64.868	0.0	0.0	-0.009326475
64.961	0.0	0.0	-0.008456400000000001
65.036	0.0	0.0	-0.006367950000000001
65.116	0.0	0.0	-0.0041184
65.204	0.0	0.0	-0.0016567875000000002
65.298	0.0	0.0	0.0009656100000000001
65.373	0.0	0.0	0.003535875
65.453	0.0	0.0	0.006300900000000001
65.541	0.0	0.0	0.00932265
65.635	0.0	0.0	0.01253835
65.709	0.0	0.0	0.01413045
65.79	0.0	0.0	0.015844499999999997
65.877	0.0	0.0	0.017721900000000002
65.971	0.0	0.0	0.019724850000000002
66.046	0.0	0.0	0.0192123
66.126	0.0	0.0	0.018659475000000002
66.214	0.0	0.0	0.018054000000000004
66.308	0.0	0.0	0.017408925
66.382	0.0	0.0	0.014730075
66.462	0.0	0.0	0.011843325000000002
66.55	0.0	0.0	0.0086796
66.644	0.0	0.0	0.005302800000000001
66.718	0.0	0.0	0.00164736
66.799	0.0	0.0	-0.002301525
66.887	0.0	0.0	-0.006636375000000001
66.981	0.0	0.0	-0.011264175000000001
67.056	0.0	0.0	-0.014005125000000002
67.136	0.0	0.0	-0.0169623
67.224	0.0	0.0	-0.020204325000000002
67.318	0.0	0.0	-0.023661
67.392	0.0	0.0	-0.023922000000000002
67.472	0.0	0.0	-0.024201000000000004
67.56	0.0	0.0	-0.02450925
67.654	0.0	0.0	-0.02484
67.728	0.0	0.0	-0.022325850000000005
67.809	0.0	0.0	-0.019607850000000003
67.897	0.0	0.0	-0.016621200000000003
67.991	0.0	0.0	-0.013432500000000002
68.065	0.0	0.0	-0.009354375000000002
68.145	0.0	0.0	-0.0049464
68.233	0.0	0.0	-9.811800000000001e-05
68.327	0.0	0.0	0.005088375
68.401	0.0	0.0	0.008672175
68.481	0.0	0.0	0.0125532
68.57	0.0	0.0	0.016823475
68.664	0.0	0.0	0.0213867
68.738	0.0	0.0	0.022628250000000003
68.818	0.0	0.0	0.023973750000000002
68.906	0.0	0.0	0.025452000000000002
69.0	0.0	0.0	0.027036
69.074	0.0	0.0	0.025353
69.154	0.0	0.0	0.02352825
69.242	0.0	0.0	0.021514949999999998
69.337	0.0	0.0	0.019359675
69.411	0.0	0.0	0.015688575
69.491	0.0	0.0	0.011712150000000001
69.58	0.0	0.0	0.007332750000000001
69.674	0.0	0.0	0.0026484750000000004
69.748	0.0	0.0	-0.0010457325000000001
69.827	0.0	0.0	-0.005051475000000001
69.916	0.0	0.0	-0.009472725000000001
70.01	0.0	0.0	-0.014213025
70.084	0.0	0.0	-0.016121025
70.164	0.0	0.0	-0.018193050000000002
70.252	0.0	0.0	-0.020480400000000003
70.347	0.0	0.0	-0.022929750000000002
70.421	0.0	0.0	-0.022269825000000007
70.5	0.0	0.0	-0.021553875000000004
70.588	0.0	0.0	-0.020763225000000003
70.683	0.0	0.0	-0.019914975
70.757	0.0	0.0	-0.017305875000000002
70.837	0.0	0.0	-0.014467275000000003
70.925	0.0	0.0	-0.011326950000000002
71.02	0.0	0.0	-0.007958025000000002
71.094	0.0	0.0	-0.004925924999999999
71.174	0.0	0.0	-0.0016321275000000003
71.262	0.0	0.0	0.002007225
71.357	0.0	0.0	0.005907825000000001
71.43	0.0	0.0	0.007803450000000002
71.51	0.0	0.0	0.0098649
71.598	0.0	0.0	0.012147525000000001
71.693	0.0	0.0	0.014599800000000001
71.766	0.0	0.0	0.014658075
71.846	0.0	0.0	0.014721300000000001
71.935	0.0	0.0	0.014791275000000001
72.03	0.0	0.0	0.014866425000000003
72.103	0.0	0.0	0.013439250000000002
72.183	0.0	0.0	0.011885850000000002
72.271	0.0	0.0	0.0101646
72.366	0.0	0.0	0.008314425
72.439	0.0	0.0	0.006448500000000001
72.519	0.0	0.0	0.004412475
72.608	0.0	0.0	0.0021529125
72.703	0.0	0.0	-0.0002763225
72.776	0.0	0.0	-0.0015600825000000001
72.856	0.0	0.0	-0.0029587500000000004
72.945	0.0	0.0	-0.004509225
73.04	0.0	0.0	-0.0061744500000000015
73.113	0.0	0.0	-0.006436575000000001
73.192	0.0	0.0	-0.006722550000000001
73.281	0.0	0.0	-0.00704025
73.376	0.0	0.0	-0.00738225
73.449	0.0	0.0	-0.006870375000000001
73.529	0.0	0.0	-0.0063110250000000005
73.618	0.0	0.0	-0.005689800000000001
73.713	0.0	0.0	-0.005022
73.786	0.0	0.0	-0.004236075000000001
73.865	0.0	0.0	-0.0033781500000000003
73.954	0.0	0.0	-0.002423925
74.049	0.0	0.0	-0.0013961250000000002
74.122	0.0	0.0	-0.0005988375000000001
74.202	0.0	0.0	0.00027321750000000003
74.29	0.0	0.0	0.001243305
74.386	0.0	0.0	0.00228735
74.459	0.0	0.0	0.0029925000000000004
74.538	0.0	0.0	0.0037631250000000004
74.627	0.0	0.0	0.004621050000000001
74.722	0.0	0.0	0.0055458
74.795	0.0	0.0	0.005836275
74.874	0.0	0.0	0.00615465
74.963	0.0	0.0	0.006509475000000001
75.059	0.0	0.0	0.006891975000000001
75.132	0.0	0.0	0.0063783
75.212	0.0	0.0	0.005816250000000001
75.3	0.0	0.0	0.005190300000000001
75.396	0.0	0.0	0.004516200000000001
75.468	0.0	0.0	0.003219975000000001
75.548	0.0	0.0	0.0018001574999999999
75.636	0.0	0.0	0.00021567825000000002
75.732	0.0	0.0	-0.0014949900000000003
75.805	0.0	0.0	-0.002994525
75.884	0.0	0.0	-0.0046395
75.973	0.0	0.0	-0.006475275000000001
76.069	0.0	0.0	-0.008454825000000001
76.141	0.0	0.0	-0.009273375
76.221	0.0	0.0	-0.010170675
76.309	0.0	0.0	-0.011172825
76.405	0.0	0.0	-0.012255075
76.477	0.0	0.0	-0.011768625000000001
76.557	0.0	0.0	-0.011234025000000002
76.646	0.0	0.0	-0.010635975
76.742	0.0	0.0	-0.00999
76.815	0.0	0.0	-0.00825975
76.894	0.0	0.0	-0.006361200000000001
76.983	0.0	0.0	-0.00424035
77.079	0.0	0.0	-0.00195138
77.151	0.0	0.0	0.00020007000000000003
77.23	0.0	0.0	0.00256365
77.319	0.0	0.0	0.005209875000000001
77.415	0.0	0.0	0.008072775
77.487	0.0	0.0	0.009526050000000001
77.567	0.0	0.0	0.01112535
77.656	0.0	0.0	0.012915675000000001
77.752	0.0	0.0	0.014850000000000002
77.824	0.0	0.0	0.0147708
77.903	0.0	0.0	0.014683725
77.992	0.0	0.0	0.0145863
78.088	0.0	0.0	0.014480775000000001
78.16	0.0	0.0	0.012831750000000001
78.239	0.0	0.0	0.011014425000000001
78.329	0.0	0.0	0.008975025000000001
78.425	0.0	0.0	0.006767325000000001
78.497	0.0	0.0	0.004342500000000001
78.577	0.0	0.0	0.0016733925
78.666	0.0	0.0	-0.0013177125000000001
78.762	0.0	0.0	-0.004552650000000001
78.834	0.0	0.0	-0.006511950000000001
78.913	0.0	0.0	-0.008671050000000001
79.002	0.0	0.0	-0.011096325
79.098	0.0	0.0	-0.013725225
79.17	0.0	0.0	-0.014242725
79.249	0.0	0.0	-0.014813999999999999
79.338	0.0	0.0	-0.015455700000000001
79.435	0.0	0.0	-0.0161505
79.507	0.0	0.0	-0.014982300000000002
79.586	0.0	0.0	-0.013694175000000001
79.675	0.0	0.0	-0.012246300000000002
79.771	0.0	0.0	-0.010675800000000001
79.843	0.0	0.0	-0.008440425000000001
79.922	0.0	0.0	-0.005969025
80.011	0.0	0.0	-0.0031869000000000003
80.108	0.0	0.0	-0.00016918425000000002
80.18	0.0	0.0	0.0020034450000000004
80.259	0.0	0.0	0.004402125
80.348	0.0	0.0	0.007098750000000001
80.445	0.0	0.0	0.010021275
80.516	0.0	0.0	0.011062800000000001
80.595	0.0	0.0	0.0122139
80.684	0.0	0.0	0.013511025000000001
80.781	0.0	0.0	0.014919975000000002
80.853	0.0	0.0	0.014394600000000002
80.932	0.0	0.0	0.013812975000000002
81.021	0.0	0.0	0.013157775000000002
81.118	0.0	0.0	0.012446775
81.189	0.0	0.0	0.010703475
81.268	0.0	0.0	0.008774775
81.357	0.0	0.0	0.006599250000000001
81.454	0.0	0.0	0.0042345
81.525	0.0	0.0	0.0021837375000000004
81.605	0.0	0.0	-8.948025000000001e-05
81.694	0.0	0.0	-0.0026543250000000003
81.791	0.0	0.0	-0.00543915
81.862	0.0	0.0	-0.0067905000000000005
81.941	0.0	0.0	-0.00828675
82.03	0.0	0.0	-0.009976500000000001
82.127	0.0	0.0	-0.0118143
82.198	0.0	0.0	-0.011883375000000002
82.277	0.0	0.0	-0.011959875000000002
82.367	0.0	0.0	-0.012046500000000002
82.464	0.0	0.0	-0.012140775000000001
82.535	0.0	0.0	-0.010994625000000001
82.615	0.0	0.0	-0.00972405
82.704	0.0	0.0	-0.008289000000000001
82.801	0.0	0.0	-0.006729525000000001
82.872	0.0	0.0	-0.005026050000000001
82.951	0.0	0.0	-0.00313515
83.04	0.0	0.0	-0.0009948375
83.137	0.0	0.0	0.0013365900000000003
83.208	0.0	0.0	0.0027513000000000004
83.287	0.0	0.0	0.004324275
83.377	0.0	0.0	0.0061047
83.474	0.0	0.0	0.0080415
83.545	0.0	0.0	0.008522775
83.624	0.0	0.0	0.009057599999999999
83.713	0.0	0.0	0.009663300000000001
83.81	0.0	0.0	0.01032345
83.881	0.0	0.0	0.0097425
83.96	0.0	0.0	0.009095400000000002
84.049	0.0	0.0	0.008361450000000001
84.147	0.0	0.0	0.007561575
84.218	0.0	0.0	0.006302025000000001
84.297	0.0	0.0	0.0049014
84.387	0.0	0.0	0.0033144750000000003
84.484	0.0	0.0	0.0015865875000000002
84.555	0.0	0.0	0.00032969250000000004
84.633	0.0	0.0	-0.001069875
84.723	0.0	0.0	-0.002659275
84.82	0.0	0.0	-0.004394025
84.891	0.0	0.0	-0.0050631750000000005
84.97	0.0	0.0	-0.005809500000000001
85.059	0.0	0.0	-0.006657075000000001
85.157	0.0	0.0	-0.0075807
85.228	0.0	0.0	-0.007421625
85.306	0.0	0.0	-0.007244100000000001
85.395	0.0	0.0	-0.007042500000000001
85.493	0.0	0.0	-0.006822450000000001
85.564	0.0	0.0	-0.006031125000000002
85.642	0.0	0.0	-0.005147100000000001
85.732	0.0	0.0	-0.0041409
85.83	0.0	0.0	-0.0030420000000000004
85.901	0.0	0.0	-0.0020898
85.98	0.0	0.0	-0.0010274175000000003
86.069	0.0	0.0	0.00018018225
86.167	0.0	0.0	0.00149769
86.237	0.0	0.0	0.0021260025
86.316	0.0	0.0	0.0028278000000000005
86.405	0.0	0.0	0.003627450000000001
86.503	0.0	0.0	0.0045018
86.573	0.0	0.0	0.004573575
86.652	0.0	0.0	0.004653900000000001
86.742	0.0	0.0	0.004745475000000001
86.84	0.0	0.0	0.004845375000000001
86.91	0.0	0.0	0.00444285
86.989	0.0	0.0	0.003992625
87.078	0.0	0.0	0.0034791750000000006
87.176	0.0	0.0	0.0029175750000000004
87.246	0.0	0.0	0.0023438250000000003
87.325	0.0	0.0	0.001701225
87.415	0.0	0.0	0.0009682200000000001
87.513	0.0	0.0	0.00016695225
87.583	0.0	0.0	-0.00025326
87.661	0.0	0.0	-0.0007235550000000001
87.751	0.0	0.0	-0.0012604500000000002
87.849	0.0	0.0	-0.00184833
87.919	0.0	0.0	-0.0019536300000000005
87.998	0.0	0.0	-0.002071755
88.088	0.0	0.0	-0.0022068225000000004
88.186	0.0	0.0	-0.00235485
88.256	0.0	0.0	-0.0021944475
88.335	0.0	0.0	-0.0020148300000000004
88.425	0.0	0.0	-0.0018097650000000005
88.523	0.0	0.0	-0.0015853949999999999
88.593	0.0	0.0	-0.0013452525000000003
88.671	0.0	0.0	-0.001075815
88.761	0.0	0.0	-0.000767475
88.859	0.0	0.0	-0.00042934500000000003
88.929	0.0	0.0	-0.000278775
89.008	0.0	0.0	-0.000109584
89.097	0.0	0.0	8.402175000000001e-05
89.196	0.0	0.0	0.00029605500000000004
89.266	0.0	0.0	0.000320715
89.344	0.0	0.0	0.0003483675
89.434	0.0	0.0	0.00038007000000000004
89.532	0.0	0.0	0.0004148325
89.602	0.0	0.0	0.0004320675
89.68	0.0	0.0	0.0004514625000000001
89.77	0.0	0.0	0.000473715
89.869	0.0	0.0	0.0004981275000000001
89.939	0.0	0.0	0.000496035
90.017	0.0	0.0	0.0004937175
90.107	0.0	0.0	0.0004910400000000001
90.206	0.0	0.0	0.0004880925
90.275	0.0	0.0	0.00036726750000000007
90.354	0.0	0.0	0.000231255
90.443	0.0	0.0	7.510500000000001e-05
90.542	0.0	0.0	-9.646875000000001e-05
90.612	0.0	0.0	-0.00030307500000000003
90.69	0.0	0.0	-0.00053595
90.78	0.0	0.0	-0.000803295
90.879	0.0	0.0	-0.0010966950000000002
90.948	0.0	0.0	-0.0012550725
91.027	0.0	0.0	-0.001433475
91.116	0.0	0.0	-0.00163845
91.215	0.0	0.0	-0.0018637875000000004
91.284	0.0	0.0	-0.0018380025
91.363	0.0	0.0	-0.0018088875
91.453	0.0	0.0	-0.0017754075000000003
91.552	0.0	0.0	-0.0017385750000000002
91.622	0.0	0.0	-0.0014862375000000002
91.7	0.0	0.0	-0.0012017025
91.79	0.0	0.0	-0.0008747100000000001
91.889	0.0	0.0	-0.0005155650000000001
91.958	0.0	0.0	-0.00013542075
92.036	0.0	0.0	0.00029378250000000004
92.126	0.0	0.0	0.0007882200000000001
92.225	0.0	0.0	0.0013324950000000002
92.294	0.0	0.0	0.0016476525
92.373	0.0	0.0	0.0020040075
92.463	0.0	0.0	0.0024144750000000006
92.562	0.0	0.0	0.002865825
92.631	0.0	0.0	0.0029211750000000002
92.709	0.0	0.0	0.0029837250000000004
92.799	0.0	0.0	0.0030557250000000005
92.898	0.0	0.0	0.00313515
92.967	0.0	0.0	0.0028512000000000003
93.045	0.0	0.0	0.0025296750000000003
93.136	0.0	0.0	0.00215829
93.235	0.0	0.0	0.0017493075000000005
93.304	0.0	0.0	0.0012212549999999999
93.382	0.0	0.0	0.000623925
93.473	0.0	0.0	-6.4746e-05
93.572	0.0	0.0	-0.0008225999999999999
93.641	0.0	0.0	-0.0013433175000000003
93.719	0.0	0.0	-0.0019331325000000003
93.809	0.0	0.0	-0.002614725
93.908	0.0	0.0	-0.0033666750000000004
93.977	0.0	0.0	-0.003601125000000001
94.055	0.0	0.0	-0.003867075
94.145	0.0	0.0	-0.0041742
94.245	0.0	0.0	-0.004512825000000001
94.314	0.0	0.0	-0.004293225
94.392	0.0	0.0	-0.004044375
94.482	0.0	0.0	-0.0037563750000000006
94.581	0.0	0.0	-0.0034384500000000004
94.65	0.0	0.0	-0.0028217250000000006
94.728	0.0	0.0	-0.0021212550000000003
94.818	0.0	0.0	-0.0013106925000000002
94.918	0.0	0.0	-0.00041703750000000005
94.987	0.0	0.0	0.0003131775
95.064	0.0	0.0	0.0011419425000000001
95.154	0.0	0.0	0.002101725
95.254	0.0	0.0	0.0031617000000000004
95.323	0.0	0.0	0.0036321750000000005
95.401	0.0	0.0	0.00416745
95.491	0.0	0.0	0.0047884500000000005
95.591	0.0	0.0	0.005474250000000001
95.66	0.0	0.0	0.005411475000000001
95.738	0.0	0.0	0.005340150000000001
95.828	0.0	0.0	0.005257350000000001
95.928	0.0	0.0	0.005166225
95.996	0.0	0.0	0.00456435
96.074	0.0	0.0	0.0038794500000000004
96.164	0.0	0.0	0.0030843000000000003
96.264	0.0	0.0	0.0022048650000000003
96.332	0.0	0.0	0.0013409099999999998
96.41	0.0	0.0	0.00035642249999999996
96.501	0.0	0.0	-0.0007863300000000001
96.601	0.0	0.0	-0.00204858
96.669	0.0	0.0	-0.002735775
96.747	0.0	0.0	-0.003518325000000001
96.837	0.0	0.0	-0.004427325
96.937	0.0	0.0	-0.005433075000000001
97.005	0.0	0.0	-0.0055872000000000005
97.083	0.0	0.0	-0.00576315
97.174	0.0	0.0	-0.005967900000000001
97.274	0.0	0.0	-0.0061944750000000005
97.342	0.0	0.0	-0.005726925000000001
97.42	0.0	0.0	-0.005194125000000001
97.511	0.0	0.0	-0.0045749250000000005
97.611	0.0	0.0	-0.0038904750000000004
97.679	0.0	0.0	-0.0030460500000000002
97.757	0.0	0.0	-0.002081925
97.847	0.0	0.0	-0.0009591075000000002
97.947	0.0	0.0	0.00028505250000000006
98.015	0.0	0.0	0.0010775700000000001
98.093	0.0	0.0	0.0019836000000000003
98.184	0.0	0.0	0.0030386250000000005
98.284	0.0	0.0	0.004206375
98.352	0.0	0.0	0.0045486
98.429	0.0	0.0	0.004939425000000001
98.52	0.0	0.0	0.00539505
98.62	0.0	0.0	0.005900400000000001
98.688	0.0	0.0	0.005650200000000001
98.766	0.0	0.0	0.00536355
98.856	0.0	0.0	0.005028975
98.957	0.0	0.0	0.0046581750000000005
99.025	0.0	0.0	0.0039825
99.103	0.0	0.0	0.0032096250000000002
99.194	0.0	0.0	0.0023085
99.294	0.0	0.0	0.0013107150000000003
99.362	0.0	0.0	0.0005885325
99.439	0.0	0.0	-0.00023854500000000005
99.53	0.0	0.0	-0.0012049650000000001
99.63	0.0	0.0	-0.0022779000000000002
99.698	0.0	0.0	-0.0026925750000000004
99.776	0.0	0.0	-0.0031680000000000002
99.866	0.0	0.0	-0.0037235250000000005
99.967	0.0	0.0	-0.0043393500000000005
100.035	0.0	0.0	-0.0042864750000000005
100.112	0.0	0.0	-0.004225725
100.202	0.0	0.0	-0.00415485
100.303	0.0	0.0	-0.004075875
100.371	0.0	0.0	-0.003656925
100.448	0.0	0.0	-0.0031758750000000003
100.539	0.0	0.0	-0.0026129250000000003
100.64	0.0	0.0	-0.0019882125000000002
100.707	0.0	0.0	-0.0014690475
100.785	0.0	0.0	-0.0008732475000000001
100.875	0.0	0.0	-0.00017559000000000002
100.976	0.0	0.0	0.0005998500000000001
101.043	0.0	0.0	0.0009627525000000002
101.121	0.0	0.0	0.001380375
101.212	0.0	0.0	0.0018699975000000001
101.313	0.0	0.0	0.0024142499999999997
101.381	0.0	0.0	0.0024975
101.458	0.0	0.0	0.0025931250000000004
101.549	0.0	0.0	0.0027049500000000002
101.65	0.0	0.0	0.0028291500000000003
101.717	0.0	0.0	0.0026572500000000003
101.794	0.0	0.0	0.002459475
101.885	0.0	0.0	0.00222723
101.986	0.0	0.0	0.0019687500000000004
102.053	0.0	0.0	0.0016377525000000003
102.131	0.0	0.0	0.0012563325000000001
102.222	0.0	0.0	0.0008087400000000001
102.323	0.0	0.0	0.00031113
102.39	0.0	0.0	-6.376050000000001e-05
102.467	0.0	0.0	-0.0004954275000000001
102.558	0.0	0.0	-0.00100251
102.659	0.0	0.0	-0.0015671925000000002
102.726	0.0	0.0	-0.0018459675000000002
102.803	0.0	0.0	-0.00216783
102.895	0.0	0.0	-0.002546325
102.996	0.0	0.0	-0.0029679750000000003
103.063	0.0	0.0	-0.0029925000000000004
103.141	0.0	0.0	-0.0030208500000000003
103.232	0.0	0.0	-0.0030541500000000003
103.333	0.0	0.0	-0.00309105
103.4	0.0	0.0	-0.0027805500000000006
103.477	0.0	0.0	-0.0024219000000000003
103.568	0.0	0.0	-0.001999755
103.669	0.0	0.0	-0.0015288749999999999
103.736	0.0	0.0	-0.0009733950000000002
103.813	0.0	0.0	-0.00033120000000000003
103.904	0.0	0.0	0.0004249125
104.006	0.0	0.0	0.0012670875
104.073	0.0	0.0	0.0017991900000000002
104.15	0.0	0.0	0.002414025
104.241	0.0	0.0	0.0031385250000000005
104.342	0.0	0.0	0.003946725000000001
104.409	0.0	0.0	0.004147425000000001
104.486	0.0	0.0	0.004379625
104.577	0.0	0.0	0.004653900000000001
104.679	0.0	0.0	0.004959675
104.746	0.0	0.0	0.004660425000000001
104.823	0.0	0.0	0.00431415
104.914	0.0	0.0	0.0039062250000000006
105.016	0.0	0.0	0.0034515000000000006
105.082	0.0	0.0	0.0027573750000000003
105.159	0.0	0.0	0.0019536300000000005
105.25	0.0	0.0	0.0010039725
105.352	0.0	0.0	-5.710725e-05
105.419	0.0	0.0	-0.0008105625000000001
105.496	0.0	0.0	-0.0016845750000000002
105.587	0.0	0.0	-0.0027168750000000005
105.689	0.0	0.0	-0.0038691
105.755	0.0	0.0	-0.0042781500000000005
105.832	0.0	0.0	-0.0047526750000000005
105.923	0.0	0.0	-0.005313375
106.025	0.0	0.0	-0.005940450000000002
106.091	0.0	0.0	-0.005773500000000001
106.169	0.0	0.0	-0.005579775
106.26	0.0	0.0	-0.00535005
106.362	0.0	0.0	-0.0050935500000000005
106.429	0.0	0.0	-0.004420800000000001
106.506	0.0	0.0	-0.0036400500000000006
106.597	0.0	0.0	-0.0027168750000000005
106.699	0.0	0.0	-0.0016858125
106.765	0.0	0.0	-0.0008590725
106.842	0.0	0.0	0.00010177875000000001
106.933	0.0	0.0	0.0012406725000000001
107.035	0.0	0.0	0.0025155000000000004
107.101	0.0	0.0	0.0030764250000000003
107.178	0.0	0.0	0.003729375
107.27	0.0	0.0	0.0045029250000000005
107.372	0.0	0.0	0.0053678250000000005
107.438	0.0	0.0	0.0053883
107.515	0.0	0.0	0.0054123750000000005
107.606	0.0	0.0	0.005440725
107.708	0.0	0.0	0.00547245
107.774	0.0	0.0	0.004978125000000001
107.851	0.0	0.0	0.004402125
107.943	0.0	0.0	0.00371835
108.045	0.0	0.0	0.002953575
108.111	0.0	0.0	0.0022359825000000002
108.188	0.0	0.0	0.00140031
108.279	0.0	0.0	0.00040770000000000004
108.381	0.0	0.0	-0.0007046775000000001
108.447	0.0	0.0	-0.0012692025
108.524	0.0	0.0	-0.0019284975
108.615	0.0	0.0	-0.0027126000000000008
108.718	0.0	0.0	-0.003591225
108.784	0.0	0.0	-0.0037467000000000004
108.861	0.0	0.0	-0.003927825
108.953	0.0	0.0	-0.004142925
109.055	0.0	0.0	-0.0043839000000000005
109.121	0.0	0.0	-0.0041184
109.197	0.0	0.0	-0.003808125
109.289	0.0	0.0	-0.003438675
109.391	0.0	0.0	-0.003024225
109.457	0.0	0.0	-0.0025393500000000005
109.534	0.0	0.0	-0.00197226
109.625	0.0	0.0	-0.0012972150000000002
109.728	0.0	0.0	-0.0005406075000000001
109.794	0.0	0.0	-0.00011102175
109.87	0.0	0.0	0.00039102750000000007
109.961	0.0	0.0	0.0009893025000000002
110.064	0.0	0.0	0.0016609950000000002
110.13	0.0	0.0	0.0018510075000000002
110.206	0.0	0.0	0.0020736675
110.298	0.0	0.0	0.0023393249999999997
110.401	0.0	0.0	0.0026376750000000008
110.467	0.0	0.0	0.0025602750000000003
110.544	0.0	0.0	0.002469825
110.635	0.0	0.0	0.0023618250000000006
110.738	0.0	0.0	0.002240955
110.803	0.0	0.0	0.0019921275
110.88	0.0	0.0	0.00170055
110.971	0.0	0.0	0.0013522500000000002
111.074	0.0	0.0	0.0009606150000000002
111.139	0.0	0.0	0.0006650775000000001
111.216	0.0	0.0	0.00031824000000000007
111.308	0.0	0.0	-9.597375000000001e-05
111.411	0.0	0.0	-0.000561105
111.476	0.0	0.0	-0.0007963425000000001
111.553	0.0	0.0	-0.0010721925
111.644	0.0	0.0	-0.0014019975
111.747	0.0	0.0	-0.0017729775000000004
111.812	0.0	0.0	-0.0018611100000000002
111.889	0.0	0.0	-0.0019647675
111.981	0.0	0.0	-0.002088855
112.084	0.0	0.0	-0.0022284225000000005
112.149	0.0	0.0	-0.0021102975
112.226	0.0	0.0	-0.0019716075
112.318	0.0	0.0	-0.001805805
112.421	0.0	0.0	-0.00161946
112.486	0.0	0.0	-0.0013191525
112.562	0.0	0.0	-0.0009660375000000002
112.654	0.0	0.0	-0.000542835
112.757	0.0	0.0	-6.6123e-05
112.822	0.0	0.0	0.00028824750000000006
112.899	0.0	0.0	0.0007055550000000001
112.991	0.0	0.0	0.001205505
113.094	0.0	0.0	0.0017679150000000001
113.159	0.0	0.0	0.0019871100000000003
113.235	0.0	0.0	0.0022451175
113.327	0.0	0.0	0.0025546500000000003
113.43	0.0	0.0	0.002903625
113.495	0.0	0.0	0.0028516500000000003
113.572	0.0	0.0	0.0027906750000000003
113.664	0.0	0.0	0.0027173250000000005
113.767	0.0	0.0	0.00263475
113.832	0.0	0.0	0.0023177250000000005
113.908	0.0	0.0	0.0019439775000000003
114.0	0.0	0.0	0.0014951475000000002
114.103	0.0	0.0	0.0009890100000000002
114.168	0.0	0.0	0.000562275
114.244	0.0	0.0	5.8014000000000004e-05
114.336	0.0	0.0	-0.000548325
114.44	0.0	0.0	-0.0012320999999999999
114.505	0.0	0.0	-0.0015462450000000003
114.581	0.0	0.0	-0.0019168425000000002
114.673	0.0	0.0	-0.0023618250000000006
114.777	0.0	0.0	-0.0028633500000000006
114.841	0.0	0.0	-0.0029009250000000004
114.918	0.0	0.0	-0.0029454750000000003
115.009	0.0	0.0	-0.002999025
115.113	0.0	0.0	-0.0030595500000000003
115.178	0.0	0.0	-0.002810475
115.254	0.0	0.0	-0.0025157250000000003
115.346	0.0	0.0	-0.0021611250000000003
115.45	0.0	0.0	-0.0017610975
115.514	0.0	0.0	-0.0013654125
115.591	0.0	0.0	-0.0008975025000000001
115.682	0.0	0.0	-0.00033369750000000005
115.786	0.0	0.0	0.0003032325
115.85	0.0	0.0	0.000642375
115.927	0.0	0.0	0.0010445400000000003
116.019	0.0	0.0	0.0015297075000000001
116.123	0.0	0.0	0.0020778075
116.188	0.0	0.0	0.00220257
116.264	0.0	0.0	0.00235035
116.356	0.0	0.0	0.0025281000000000006
116.46	0.0	0.0	0.0027290250000000004
116.524	0.0	0.0	0.00260055
116.6	0.0	0.0	0.002448225
116.692	0.0	0.0	0.0022639500000000003
116.796	0.0	0.0	0.0020558025
116.86	0.0	0.0	0.0017543025000000003
116.937	0.0	0.0	0.00139626
117.029	0.0	0.0	0.0009639450000000001
117.133	0.0	0.0	0.00047547
117.197	0.0	0.0	0.00014782275
117.273	0.0	0.0	-0.00024102000000000002
117.365	0.0	0.0	-0.0007110450000000001
117.469	0.0	0.0	-0.0012430350000000002
117.533	0.0	0.0	-0.0014541075
117.609	0.0	0.0	-0.00170523
117.702	0.0	0.0	-0.002009115
117.806	0.0	0.0	-0.00235305
117.87	0.0	0.0	-0.0023544
117.946	0.0	0.0	-0.0023559750000000006
118.039	0.0	0.0	-0.0023580000000000003
118.143	0.0	0.0	-0.0023602500000000004
118.207	0.0	0.0	-0.0021420225
118.283	0.0	0.0	-0.0018830475000000003
118.375	0.0	0.0	-0.0015704100000000002
118.479	0.0	0.0	-0.0012173625000000002
118.542	0.0	0.0	-0.0008724825
118.612	0.0	0.0	-0.00046125000000000007
118.712	0.0	0.0	3.917925e-05
118.812	0.0	0.0	0.0006088500000000001
118.872	0.0	0.0	0.0009331425000000003
118.952	0.0	0.0	0.0013226625
119.042	0.0	0.0	0.0017969175
119.152	0.0	0.0	0.0023352750000000004
119.222	0.0	0.0	0.0024657750000000003
119.292	0.0	0.0	0.0026201250000000005
119.392	0.0	0.0	0.0028055250000000006
119.492	0.0	0.0	0.0030136500000000005
119.552	0.0	0.0	0.0028647000000000004
119.632	0.0	0.0	0.0026871750000000004
119.722	0.0	0.0	0.0024709500000000004
119.822	0.0	0.0	0.002224035
119.882	0.0	0.0	0.0018472500000000004
119.962	0.0	0.0	0.0013914
120.052	0.0	0.0	0.0008338050000000001
120.162	0.0	0.0	0.00019987650000000002
120.232	0.0	0.0	-0.0002348775
120.302	0.0	0.0	-0.00074943
120.402	0.0	0.0	-0.0013679775000000002
120.502	0.0	0.0	-0.0020632500000000004
120.562	0.0	0.0	-0.002306925
120.642	0.0	0.0	-0.0025974
120.732	0.0	0.0	-0.00295245
120.832	0.0	0.0	-0.0033585750000000004
120.892	0.0	0.0	-0.003298725
120.972	0.0	0.0	-0.0032260500000000003
121.062	0.0	0.0	-0.0031369500000000003
121.172	0.0	0.0	-0.0030354750000000006
121.242	0.0	0.0	-0.0026793000000000003
121.312	0.0	0.0	-0.0022565249999999997
121.412	0.0	0.0	-0.00174762
121.512	0.0	0.0	-0.00117486
121.572	0.0	0.0	-0.0007318125
121.652	0.0	0.0	-0.00020226600000000002
121.742	0.0	0.0	0.00044615250000000007
121.842	0.0	0.0	0.0011884274999999999
121.902	0.0	0.0	0.0015164325000000002
121.982	0.0	0.0	0.0019150425000000004
122.072	0.0	0.0	0.0024045750000000004
122.182	0.0	0.0	0.002962125
122.242	0.0	0.0	0.0030069000000000003
122.322	0.0	0.0	0.0030600000000000002
122.422	0.0	0.0	0.0031243500000000006
122.522	0.0	0.0	0.0031965750000000005
122.582	0.0	0.0	0.0029565
122.662	0.0	0.0	0.0026689500000000002
122.752	0.0	0.0	0.0023161500000000003
122.852	0.0	0.0	0.0019116900000000004
122.912	0.0	0.0	0.0015212250000000002
122.992	0.0	0.0	0.0010456875000000002
123.082	0.0	0.0	0.0004606875000000001
123.192	0.0	0.0	-0.0002065185
123.252	0.0	0.0	-0.000551295
123.332	0.0	0.0	-0.0009618750000000001
123.422	0.0	0.0	-0.0014583375000000003
123.532	0.0	0.0	-0.002018205
123.592	0.0	0.0	-0.0021375
123.672	0.0	0.0	-0.0022808249999999998
123.762	0.0	0.0	-0.002456775
123.862	0.0	0.0	-0.0026588250000000005
123.922	0.0	0.0	-0.0025371
124.002	0.0	0.0	-0.0023888250000000002
124.092	0.0	0.0	-0.0022057875
124.202	0.0	0.0	-0.0019968975000000003
124.262	0.0	0.0	-0.0017111025
124.342	0.0	0.0	-0.0013700475
124.432	0.0	0.0	-0.0009568575
124.542	0.0	0.0	-0.00049041
124.602	0.0	0.0	-0.00021799350000000002
124.672	0.0	0.0	0.00010978875000000001
124.772	0.0	0.0	0.0005135625000000001
124.872	0.0	0.0	0.000977265
124.932	0.0	0.0	0.0011282850000000001
125.012	0.0	0.0	0.00131301
125.102	0.0	0.0	0.0015411375000000003
125.212	0.0	0.0	0.0018018900000000004
125.272	0.0	0.0	0.001777455
125.352	0.0	0.0	0.0017482275000000002
125.442	0.0	0.0	0.0017127450000000001
125.552	0.0	0.0	0.0016726725
125.612	0.0	0.0	0.0015169725
125.682	0.0	0.0	0.0013292325
125.782	0.0	0.0	0.001097505
125.882	0.0	0.0	0.0008310825000000001
125.942	0.0	0.0	0.0006214724999999999
126.022	0.0	0.0	0.00036447750000000005
126.112	0.0	0.0	4.6485000000000006e-05
126.222	0.0	0.0	-0.00031731749999999997
126.282	0.0	0.0	-0.000500085
126.362	0.0	0.0	-0.0007191225000000002
126.452	0.0	0.0	-0.0009855
126.562	0.0	0.0	-0.001286865
126.622	0.0	0.0	-0.0013637925000000001
126.692	0.0	0.0	-0.0014567850000000002
126.792	0.0	0.0	-0.0015717600000000002
126.892	0.0	0.0	-0.0017041050000000002
126.952	0.0	0.0	-0.0016388775000000001
127.032	0.0	0.0	-0.00155871
127.122	0.0	0.0	-0.0014593275000000002
127.232	0.0	0.0	-0.0013455225000000002
127.292	0.0	0.0	-0.0011262824999999999
127.372	0.0	0.0	-0.0008630550000000002
127.462	0.0	0.0	-0.000542475
127.572	0.0	0.0	-0.00017952975000000003
127.632	0.0	0.0	0.00010220625000000001
127.702	0.0	0.0	0.0004443075000000001
127.792	0.0	0.0	0.0008694225000000001
127.902	0.0	0.0	0.0013602150000000001
127.962	0.0	0.0	0.0015894675000000002
128.042	0.0	0.0	0.0018698400000000002
128.132	0.0	0.0	0.002214855
128.242	0.0	0.0	0.00260685
128.302	0.0	0.0	0.0026266500000000003
128.372	0.0	0.0	0.0026509500000000004
128.472	0.0	0.0	0.0026806500000000006
128.572	0.0	0.0	0.002715075
128.632	0.0	0.0	0.002458575
128.712	0.0	0.0	0.0021420675000000003
128.802	0.0	0.0	0.0017481825000000002
128.912	0.0	0.0	0.0012962025
128.972	0.0	0.0	0.0008266050000000001
129.052	0.0	0.0	0.00026055
129.142	0.0	0.0	-0.0004313925
129.252	0.0	0.0	-0.0012164175000000002
129.312	0.0	0.0	-0.0016442550000000003
129.382	0.0	0.0	-0.0021645
129.472	0.0	0.0	-0.0028113750000000005
129.582	0.0	0.0	-0.0035579250000000004
129.642	0.0	0.0	-0.0037221750000000007
129.722	0.0	0.0	-0.00392535
129.812	0.0	0.0	-0.004178475
129.922	0.0	0.0	-0.00446895
129.982	0.0	0.0	-0.004208400000000001
130.062	0.0	0.0	-0.0038936250000000004
130.152	0.0	0.0	-0.0035079750000000004
130.262	0.0	0.0	-0.003070125000000001
130.322	0.0	0.0	-0.0024894000000000006
130.392	0.0	0.0	-0.00178182
130.482	0.0	0.0	-0.0009002025000000001
130.592	0.0	0.0	0.00011831625000000001
130.652	0.0	0.0	0.0007753050000000001
130.732	0.0	0.0	0.0015892425000000002
130.822	0.0	0.0	0.0026054999999999997
130.932	0.0	0.0	0.0037737000000000005
130.992	0.0	0.0	0.004158
131.072	0.0	0.0	0.004623075
131.162	0.0	0.0	0.0051938999999999996
131.272	0.0	0.0	0.0058428
131.332	0.0	0.0	0.005707800000000001
131.402	0.0	0.0	0.005542875000000001
131.492	0.0	0.0	0.005337225000000001
131.602	0.0	0.0	0.005099175
131.662	0.0	0.0	0.004480199999999999
131.742	0.0	0.0	0.003711375
131.832	0.0	0.0	0.0027497250000000006
131.942	0.0	0.0	0.00164313
132.002	0.0	0.0	0.0008063325
132.082	0.0	0.0	-0.00020894175000000002
132.172	0.0	0.0	-0.0014572125
132.282	0.0	0.0	-0.002877975
132.342	0.0	0.0	-0.003454425
132.412	0.0	0.0	-0.00416025
132.502	0.0	0.0	-0.005043150000000001
132.612	0.0	0.0	-0.006065325000000002
132.672	0.0	0.0	-0.006121125000000001
132.752	0.0	0.0	-0.006190875000000001
132.842	0.0	0.0	-0.00627795
132.952	0.0	0.0	-0.006378525000000001
133.012	0.0	0.0	-0.005843025000000001
133.092	0.0	0.0	-0.005191875
133.182	0.0	0.0	-0.00438975
133.292	0.0	0.0	-0.003476025
133.352	0.0	0.0	-0.0026680500000000004
133.422	0.0	0.0	-0.0016764525
133.512	0.0	0.0	-0.00043362
133.622	0.0	0.0	0.0010067175000000002
133.682	0.0	0.0	0.0017175150000000002
133.762	0.0	0.0	0.00260415
133.852	0.0	0.0	0.003717675
133.962	0.0	0.0	0.00500175
134.022	0.0	0.0	0.005253975
134.102	0.0	0.0	0.005561325000000001
134.192	0.0	0.0	0.005940674999999999
134.302	0.0	0.0	0.006373125
134.362	0.0	0.0	0.0060617250000000004
134.432	0.0	0.0	0.00567855
134.522	0.0	0.0	0.005197275
134.632	0.0	0.0	0.0046390500000000005
134.692	0.0	0.0	0.003954600000000001
134.772	0.0	0.0	0.003098925
134.862	0.0	0.0	0.00202194
134.972	0.0	0.0	0.0007789275000000001
135.032	0.0	0.0	6.588000000000001e-05
135.112	0.0	0.0	-0.0008049825
135.202	0.0	0.0	-0.0018819225000000002
135.312	0.0	0.0	-0.0031115250000000004
135.372	0.0	0.0	-0.0034623
135.442	0.0	0.0	-0.003894975
135.532	0.0	0.0	-0.0044392500000000005
135.642	0.0	0.0	-0.0050715000000000005
135.702	0.0	0.0	-0.004965075
135.782	0.0	0.0	-0.004831650000000001
135.872	0.0	0.0	-0.0046635750000000005
135.982	0.0	0.0	-0.0044694
136.042	0.0	0.0	-0.00398925
136.122	0.0	0.0	-0.0034015500000000006
136.212	0.0	0.0	-0.0026734500000000004
136.322	0.0	0.0	-0.00184149
136.382	0.0	0.0	-0.0013063275
136.452	0.0	0.0	-0.000644985
136.542	0.0	0.0	0.00018895275
136.652	0.0	0.0	0.0011584350000000002
136.712	0.0	0.0	0.0015144975000000002
136.792	0.0	0.0	0.0019617750000000002
136.882	0.0	0.0	0.0025267500000000003
136.992	0.0	0.0	0.0031801500000000005
137.052	0.0	0.0	0.0032121000000000007
137.132	0.0	0.0	0.003251475
137.222	0.0	0.0	0.0033003000000000004
137.332	0.0	0.0	0.0033561
137.392	0.0	0.0	0.0031155749999999998
137.462	0.0	0.0	0.0028174500000000004
137.552	0.0	0.0	0.0024410250000000003
137.662	0.0	0.0	0.00200277
137.722	0.0	0.0	0.0016524450000000002
137.792	0.0	0.0	0.0012113325
137.892	0.0	0.0	0.0006530625000000001
138.002	0.0	0.0	6.726150000000002e-06
138.062	0.0	0.0	-0.00027945000000000004
138.142	0.0	0.0	-0.0006313050000000001
138.232	0.0	0.0	-0.001068975
138.342	0.0	0.0	-0.0015701850000000002
138.402	0.0	0.0	-0.0016647300000000001
138.472	0.0	0.0	-0.0017821575000000005
138.562	0.0	0.0	-0.0019307925000000001
138.672	0.0	0.0	-0.0021039525000000002
138.732	0.0	0.0	-0.0020194200000000005
138.802	0.0	0.0	-0.001912725
138.902	0.0	0.0	-0.0017774325000000002
139.012	0.0	0.0	-0.0016206300000000003
139.072	0.0	0.0	-0.001417365
139.152	0.0	0.0	-0.001166895
139.242	0.0	0.0	-0.00085473
139.352	0.0	0.0	-0.00049689
139.412	0.0	0.0	-0.00029333250000000005
139.482	0.0	0.0	-3.998475e-05
139.572	0.0	0.0	0.00028140749999999996
139.682	0.0	0.0	0.0006561675000000001
139.742	0.0	0.0	0.0007881975000000001
139.812	0.0	0.0	0.0009551925000000002
139.912	0.0	0.0	0.0011673674999999998
140.022	0.0	0.0	0.0014134950000000003
140.082	0.0	0.0	0.001420425
140.162	0.0	0.0	0.0014289525
140.252	0.0	0.0	0.0014395950000000003
140.362	0.0	0.0	0.001451835
140.422	0.0	0.0	0.0013413600000000002
140.492	0.0	0.0	0.001203525
140.582	0.0	0.0	0.0010283400000000002
140.692	0.0	0.0	0.0008238375000000001
140.752	0.0	0.0	0.0006488100000000001
140.822	0.0	0.0	0.0004268925
140.922	0.0	0.0	0.00014437125000000002
141.032	0.0	0.0	-0.00018369225000000003
141.092	0.0	0.0	-0.00034247250000000003
141.172	0.0	0.0	-0.0005390099999999999
141.262	0.0	0.0	-0.00078489
141.372	0.0	0.0	-0.001067355
141.432	0.0	0.0	-0.001126575
141.502	0.0	0.0	-0.0012006450000000002
141.592	0.0	0.0	-0.0012949650000000001
141.702	0.0	0.0	-0.0014051925000000002
141.762	0.0	0.0	-0.0013475475
141.832	0.0	0.0	-0.0012742875000000002
141.932	0.0	0.0	-0.0011808225
142.042	0.0	0.0	-0.0010721925
142.102	0.0	0.0	-0.0009193275
142.182	0.0	0.0	-0.00072972
142.272	0.0	0.0	-0.0004921875000000001
142.382	0.0	0.0	-0.0002191185
142.442	0.0	0.0	-5.3003250000000005e-05
142.512	0.0	0.0	0.0001557945
142.602	0.0	0.0	0.00042300000000000004
142.712	0.0	0.0	0.0007361775000000001
142.772	0.0	0.0	0.0008556075000000002
142.842	0.0	0.0	0.0010066275000000001
142.942	0.0	0.0	0.0011977875
143.052	0.0	0.0	0.0014182650000000002
143.112	0.0	0.0	0.0014267025000000001
143.182	0.0	0.0	0.0014372550000000001
143.272	0.0	0.0	0.0014507100000000002
143.382	0.0	0.0	0.0014664374999999999
143.442	0.0	0.0	0.0013458150000000002
143.512	0.0	0.0	0.0011917800000000001
143.612	0.0	0.0	0.0009945900000000003
143.722	0.0	0.0	0.0007649550000000001
143.782	0.0	0.0	0.00054405
143.862	0.0	0.0	0.0002688975
143.952	0.0	0.0	-7.708275000000002e-05
144.062	0.0	0.0	-0.00047562750000000007
144.122	0.0	0.0	-0.0006840675000000002
144.192	0.0	0.0	-0.0009464850000000002
144.282	0.0	0.0	-0.0012824775000000001
144.392	0.0	0.0	-0.0016761600000000003
144.452	0.0	0.0	-0.0017721450000000001
144.522	0.0	0.0	-0.0018949275
144.622	0.0	0.0	-0.0020523375
144.732	0.0	0.0	-0.002235825
144.792	0.0	0.0	-0.0021344625000000003
144.872	0.0	0.0	-0.002007945
144.962	0.0	0.0	-0.0018485550000000004
145.072	0.0	0.0	-0.0016647525
145.132	0.0	0.0	-0.0013990275000000003
145.202	0.0	0.0	-0.001063755
145.292	0.0	0.0	-0.0006335550000000001
145.402	0.0	0.0	-0.000129006
145.462	0.0	0.0	0.00019566
145.532	0.0	0.0	0.0006120000000000001
145.632	0.0	0.0	0.0011467800000000002
145.742	0.0	0.0	0.0017706600000000003
145.802	0.0	0.0	0.0019852650000000004
145.882	0.0	0.0	0.002253825
145.972	0.0	0.0	0.002592675
146.082	0.0	0.0	0.0029839500000000004
146.142	0.0	0.0	0.0029493
146.212	0.0	0.0	0.00290565
146.302	0.0	0.0	0.0028494
146.412	0.0	0.0	0.0027832500000000006
146.472	0.0	0.0	0.00249615
146.542	0.0	0.0	0.0021270150000000003
146.642	0.0	0.0	0.001651995
146.752	0.0	0.0	0.0010972800000000002
146.812	0.0	0.0	0.0006719625000000001
146.892	0.0	0.0	0.00013857975
146.982	0.0	0.0	-0.0005360625000000001
147.092	0.0	0.0	-0.0013155525
147.152	0.0	0.0	-0.0016367175000000002
147.222	0.0	0.0	-0.0020440125
147.312	0.0	0.0	-0.0025686000000000003
147.422	0.0	0.0	-0.0031853250000000006
147.482	0.0	0.0	-0.0032544000000000006
147.552	0.0	0.0	-0.0033435
147.652	0.0	0.0	-0.0034584750000000004
147.762	0.0	0.0	-0.0035925750000000006
147.822	0.0	0.0	-0.0033441750000000004
147.892	0.0	0.0	-0.0030321000000000002
147.992	0.0	0.0	-0.002636325
148.102	0.0	0.0	-0.002178765
148.162	0.0	0.0	-0.0017529975000000002
148.232	0.0	0.0	-0.00121176
148.322	0.0	0.0	-0.0005131350000000001
148.432	0.0	0.0	0.000308745
148.492	0.0	0.0	0.0007234875
148.562	0.0	0.0	0.00125928
148.662	0.0	0.0	0.001951515
148.772	0.0	0.0	0.0027614250000000005
148.832	0.0	0.0	0.002953575
148.902	0.0	0.0	0.0031954500000000003
149.002	0.0	0.0	0.0035028000000000004
149.112	0.0	0.0	0.0038583000000000003
149.172	0.0	0.0	0.003726000000000001
149.242	0.0	0.0	0.0035572500000000005
149.332	0.0	0.0	0.0033392250000000004
149.442	0.0	0.0	0.0030822750000000006
149.502	0.0	0.0	0.0026939250000000002
149.572	0.0	0.0	0.00219132
149.672	0.0	0.0	0.0015405975
149.782	0.0	0.0	0.0007784550000000002
149.842	0.0	0.0	0.00031248000000000007
149.912	0.0	0.0	-0.00027603
150.012	0.0	0.0	-0.0010247400000000001
150.122	0.0	0.0	-0.0018924075000000002
150.182	0.0	0.0	-0.0021767175
150.252	0.0	0.0	-0.0025400250000000004
150.342	0.0	0.0	-0.003010725
150.452	0.0	0.0	-0.003565575
150.512	0.0	0.0	-0.0035581500000000004
150.582	0.0	0.0	-0.003548475
150.682	0.0	0.0	-0.0035361000000000004
150.792	0.0	0.0	-0.0035212500000000005
150.852	0.0	0.0	-0.00321255
150.922	0.0	0.0	-0.0028217250000000006
151.022	0.0	0.0	-0.00232335
151.132	0.0	0.0	-0.0017453700000000004
151.192	0.0	0.0	-0.001319715
151.262	0.0	0.0	-0.0007744725000000001
151.352	0.0	0.0	-6.646725e-05
151.462	0.0	0.0	0.0007689375000000001
151.522	0.0	0.0	0.001126215
151.592	0.0	0.0	0.0015912225000000002
151.692	0.0	0.0	0.0021955050000000004
151.802	0.0	0.0	0.0029045250000000007
151.862	0.0	0.0	0.0030168
151.932	0.0	0.0	0.0031592250000000003
152.032	0.0	0.0	0.0033410250000000005
152.142	0.0	0.0	0.0035523
152.202	0.0	0.0	0.00337365
152.272	0.0	0.0	0.0031443750000000005
152.362	0.0	0.0	0.0028462500000000003
152.472	0.0	0.0	0.0024939000000000003
152.532	0.0	0.0	0.002120175
152.602	0.0	0.0	0.00163269
152.702	0.0	0.0	0.00099792
152.812	0.0	0.0	0.00025233750000000006
152.872	0.0	0.0	-0.00013957425
152.942	0.0	0.0	-0.0006381000000000001
153.042	0.0	0.0	-0.00127602
153.152	0.0	0.0	-0.0020174850000000003
153.212	0.0	0.0	-0.0022135725
153.282	0.0	0.0	-0.0024660000000000003
153.372	0.0	0.0	-0.002795175
153.482	0.0	0.0	-0.0031842000000000003
153.542	0.0	0.0	-0.003120075000000001
153.612	0.0	0.0	-0.0030361500000000005
153.712	0.0	0.0	-0.0029265750000000003
153.822	0.0	0.0	-0.002797875
153.882	0.0	0.0	-0.0025022250000000003
153.952	0.0	0.0	-0.002124945
154.052	0.0	0.0	-0.0016413300000000003
154.162	0.0	0.0	-0.00107865
154.222	0.0	0.0	-0.0007318575000000001
154.292	0.0	0.0	-0.0002842425
154.382	0.0	0.0	0.00030051000000000003
154.492	0.0	0.0	0.0009925200000000002
154.552	0.0	0.0	0.0012413475000000002
154.622	0.0	0.0	0.0015675975000000002
154.722	0.0	0.0	0.001994085
154.832	0.0	0.0	0.0024959250000000004
154.892	0.0	0.0	0.002528325
154.962	0.0	0.0	0.002569725
155.062	0.0	0.0	0.0026228250000000005
155.172	0.0	0.0	0.0026847000000000004
155.232	0.0	0.0	0.0025062749999999996
155.302	0.0	0.0	0.0022756499999999997
155.392	0.0	0.0	0.0019735875
155.502	0.0	0.0	0.001615815
155.562	0.0	0.0	0.001326285
155.632	0.0	0.0	0.0009456975000000002
155.732	0.0	0.0	0.00044723250000000005
155.842	0.0	0.0	-0.00013996575000000002
155.902	0.0	0.0	-0.00040041
155.972	0.0	0.0	-0.00073395
156.072	0.0	0.0	-0.001163025
156.182	0.0	0.0	-0.00166311
156.232	0.0	0.0	-0.0017588250000000003
156.312	0.0	0.0	-0.0018833625
156.402	0.0	0.0	-0.0020471625
156.512	0.0	0.0	-0.0022417875
156.572	0.0	0.0	-0.0021566924999999997
156.642	0.0	0.0	-0.0020454525000000003
156.742	0.0	0.0	-0.0019008675000000003
156.852	0.0	0.0	-0.0017318475
156.912	0.0	0.0	-0.0015261525000000002
156.982	0.0	0.0	-0.001260045
157.072	0.0	0.0	-0.0009114525000000003
157.182	0.0	0.0	-0.0004981725
157.242	0.0	0.0	-0.000274995
157.312	0.0	0.0	1.9865700000000002e-05
157.412	0.0	0.0	0.000407475
157.522	0.0	0.0	0.0008648775000000002
157.582	0.0	0.0	0.001003275
157.652	0.0	0.0	0.0011813400000000001
157.752	0.0	0.0	0.0014112450000000002
157.862	0.0	0.0	0.0016797150000000002
157.912	0.0	0.0	0.0016720425
157.992	0.0	0.0	0.0016620525000000002
158.082	0.0	0.0	0.0016489125000000002
158.192	0.0	0.0	0.0016332975
158.252	0.0	0.0	0.00150273
158.322	0.0	0.0	0.001329885
158.422	0.0	0.0	0.0011023650000000001
158.532	0.0	0.0	0.0008336475000000001
158.592	0.0	0.0	0.00064359
158.662	0.0	0.0	0.000398475
158.762	0.0	0.0	8.137350000000002e-05
158.872	0.0	0.0	-0.00028926
158.922	0.0	0.0	-0.00043301250000000004
159.002	0.0	0.0	-0.0006207750000000001
159.092	0.0	0.0	-0.0008684100000000002
159.202	0.0	0.0	-0.0011627999999999999
159.262	0.0	0.0	-0.00120897
159.332	0.0	0.0	-0.0012702149999999999
159.432	0.0	0.0	-0.0013510350000000004
159.542	0.0	0.0	-0.0014465475
159.602	0.0	0.0	-0.0013744575
159.672	0.0	0.0	-0.0012812625
159.772	0.0	0.0	-0.0011604375
159.882	0.0	0.0	-0.0010191150000000001
159.932	0.0	0.0	-0.0008784675000000001
160.002	0.0	0.0	-0.0006942375000000001
160.102	0.0	0.0	-0.00045081000000000006
160.212	0.0	0.0	-0.00016112475
160.272	0.0	0.0	-1.6054650000000004e-05
160.342	0.0	0.0	0.00017696025000000002
160.442	0.0	0.0	0.0004320675
160.552	0.0	0.0	0.0007339050000000001
160.612	0.0	0.0	0.0008142525000000001
160.682	0.0	0.0	0.0009183825000000001
160.782	0.0	0.0	0.00105363
160.892	0.0	0.0	0.0012120075000000001
160.942	0.0	0.0	0.0011907675
161.012	0.0	0.0	0.0011628900000000002
161.112	0.0	0.0	0.001125945
161.222	0.0	0.0	0.0010819574999999999
161.272	0.0	0.0	0.0009799425
161.352	0.0	0.0	0.0008438175000000001
161.452	0.0	0.0	0.0006635925000000001
161.562	0.0	0.0	0.000450135
161.622	0.0	0.0	0.00031839750000000006
161.692	0.0	0.0	0.00014721074999999998
161.792	0.0	0.0	-7.554825e-05
161.902	0.0	0.0	-0.00033666750000000003
161.952	0.0	0.0	-0.00042318
162.022	0.0	0.0	-0.000537075
162.122	0.0	0.0	-0.0006882075000000001
162.232	0.0	0.0	-0.0008683650000000001
162.282	0.0	0.0	-0.0008809425000000001
162.362	0.0	0.0	-0.0008977725
162.452	0.0	0.0	-0.0009200700000000002
162.572	0.0	0.0	-0.0009465300000000001
162.632	0.0	0.0	-0.0008837325000000001
162.702	0.0	0.0	-0.0008019450000000001
162.802	0.0	0.0	-0.0006952950000000001
162.912	0.0	0.0	-0.0005701725
162.962	0.0	0.0	-0.00047641500000000005
163.032	0.0	0.0	-0.00035264249999999997
163.132	0.0	0.0	-0.000188082
163.242	0.0	0.0	8.3034e-06
163.292	0.0	0.0	9.254925e-05
163.372	0.0	0.0	0.00020552625000000001
163.462	0.0	0.0	0.00035570250000000007
163.582	0.0	0.0	0.0005339250000000001
163.642	0.0	0.0	0.000574065
163.712	0.0	0.0	0.0006264675000000001
163.812	0.0	0.0	0.000694935
163.922	0.0	0.0	0.0007753275000000001
163.972	0.0	0.0	0.0007569675
164.042	0.0	0.0	0.0007326450000000001
164.142	0.0	0.0	0.0007002225000000001
164.252	0.0	0.0	0.0006615225000000001
164.302	0.0	0.0	0.00059175
164.382	0.0	0.0	0.000497925
164.472	0.0	0.0	0.00037296000000000003
164.592	0.0	0.0	0.00022454775000000003
164.652	0.0	0.0	0.00012336300000000003
164.722	0.0	0.0	-9.094725000000001e-06
164.822	0.0	0.0	-0.000182475
164.932	0.0	0.0	-0.00038630250000000005
164.982	0.0	0.0	-0.0004692150000000001
165.052	0.0	0.0	-0.0005792850000000001
165.152	0.0	0.0	-0.0007261875000000002
165.262	0.0	0.0	-0.0009018450000000001
165.312	0.0	0.0	-0.0009263475000000001
165.392	0.0	0.0	-0.0009593775
165.482	0.0	0.0	-0.0010034325000000002
165.602	0.0	0.0	-0.001055835
165.662	0.0	0.0	-0.00098883
165.732	0.0	0.0	-0.0009009225
165.832	0.0	0.0	-0.0007856100000000002
165.942	0.0	0.0	-0.0006499125000000001
165.992	0.0	0.0	-0.00051561
166.062	0.0	0.0	-0.00033684750000000004
166.162	0.0	0.0	-9.776475000000002e-05
166.272	0.0	0.0	0.0001883835
166.322	0.0	0.0	0.00033655500000000005
166.402	0.0	0.0	0.0005368725
166.492	0.0	0.0	0.0008047125000000001
166.612	0.0	0.0	0.0011234250000000002
166.672	0.0	0.0	0.0012031874999999998
166.742	0.0	0.0	0.0013081500000000001
166.842	0.0	0.0	0.0014460750000000002
166.952	0.0	0.0	0.0016085250000000002
167.002	0.0	0.0	0.0015613875000000002
167.072	0.0	0.0	0.0014984325000000002
167.172	0.0	0.0	0.0014141025000000002
167.282	0.0	0.0	0.0013130550000000003
167.332	0.0	0.0	0.0011475
167.412	0.0	0.0	0.0009231300000000001
167.502	0.0	0.0	0.0006225075000000001
167.622	0.0	0.0	0.000264465
167.682	0.0	0.0	4.9691250000000006e-05
167.752	0.0	0.0	-0.00023359500000000002
167.852	0.0	0.0	-0.0006066
167.962	0.0	0.0	-0.00104634
168.012	0.0	0.0	-0.001184085
168.082	0.0	0.0	-0.001368405
168.182	0.0	0.0	-0.0016159500000000001
168.292	0.0	0.0	-0.0019127925000000001
168.342	0.0	0.0	-0.0019072575
168.422	0.0	0.0	-0.0018997425000000002
168.512	0.0	0.0	-0.0018896400000000002
168.632	0.0	0.0	-0.0018776025000000003
168.692	0.0	0.0	-0.0017134650000000002
168.762	0.0	0.0	-0.0014963625000000002
168.862	0.0	0.0	-0.0012099825
168.972	0.0	0.0	-0.0008720325000000002
169.022	0.0	0.0	-0.0006450075000000001
169.092	0.0	0.0	-0.00034033500000000004
169.192	0.0	0.0	6.960375e-05
169.302	0.0	0.0	0.000561645
169.352	0.0	0.0	0.0007491825000000001
169.432	0.0	0.0	0.0010047825000000002
169.522	0.0	0.0	0.0013485375000000003
169.642	0.0	0.0	0.0017587125000000001
169.702	0.0	0.0	0.0018072225000000002
169.772	0.0	0.0	0.0018715275
169.872	0.0	0.0	0.00195651
169.982	0.0	0.0	0.0020569050000000004
170.032	0.0	0.0	0.0019466325000000002
170.102	0.0	0.0	0.001798245
170.202	0.0	0.0	0.0015981975000000002
170.312	0.0	0.0	0.0013578525
170.362	0.0	0.0	0.0011505375
170.442	0.0	0.0	0.0008672625000000001
170.532	0.0	0.0	0.00048550500000000006
170.652	0.0	0.0	2.956275e-05
170.712	0.0	0.0	-0.00017036775000000003
170.782	0.0	0.0	-0.00043600500000000005
170.882	0.0	0.0	-0.0007876350000000001
170.992	0.0	0.0	-0.0012032775000000002
171.042	0.0	0.0	-0.0012840075
171.112	0.0	0.0	-0.0013932675000000003
171.212	0.0	0.0	-0.0015413175000000001
171.322	0.0	0.0	-0.0017196750000000002
171.372	0.0	0.0	-0.00166491
171.452	0.0	0.0	-0.0015905025
171.542	0.0	0.0	-0.0014910300000000004
171.662	0.0	0.0	-0.001373085
171.712	0.0	0.0	-0.0012294
171.782	0.0	0.0	-0.00103608
171.882	0.0	0.0	-0.000775215
171.992	0.0	0.0	-0.00046161000000000005
172.042	0.0	0.0	-0.000311715
172.122	0.0	0.0	-0.00010577025
172.212	0.0	0.0	0.00017278874999999998
172.332	0.0	0.0	0.000506025
172.382	0.0	0.0	0.0005882400000000001
172.462	0.0	0.0	0.0006979725
172.552	0.0	0.0	0.000843795
172.672	0.0	0.0	0.00101646
172.722	0.0	0.0	0.0010014750000000002
172.792	0.0	0.0	0.0009811575
172.892	0.0	0.0	0.0009536175000000001
173.002	0.0	0.0	0.0009204524999999999
173.052	0.0	0.0	0.0008452575
173.122	0.0	0.0	0.00074178
173.222	0.0	0.0	0.0006015825
173.342	0.0	0.0	0.00043373250000000005
173.392	0.0	0.0	0.00035363250000000005
173.472	0.0	0.0	0.00024639750000000004
173.562	0.0	0.0	0.00010363950000000002
173.682	0.0	0.0	-6.556500000000001e-05
173.732	0.0	0.0	-9.894600000000001e-05
173.802	0.0	0.0	-0.00014432625000000002
173.902	0.0	0.0	-0.00020597175000000004
174.012	0.0	0.0	-0.00028028250000000003
174.062	0.0	0.0	-0.0002685825
174.132	0.0	0.0	-0.00025242750000000006
174.232	0.0	0.0	-0.00023049
174.352	0.0	0.0	-0.00020420775000000002
174.402	0.0	0.0	-0.00017968050000000002
174.482	0.0	0.0	-0.00014675625000000003
174.572	0.0	0.0	-0.000102843
174.692	0.0	0.0	-5.0744250000000005e-05
174.742	0.0	0.0	-4.7913750000000005e-05
174.812	0.0	0.0	-4.4055000000000004e-05
174.912	0.0	0.0	-3.88035e-05
175.022	0.0	0.0	-3.246750000000001e-05
175.072	0.0	0.0	-2.27745e-06
175.142	0.0	0.0	3.9510000000000006e-05
175.242	0.0	0.0	9.634275e-05
175.362	0.0	0.0	0.0001645065
175.412	0.0	0.0	0.00020964825000000003
175.492	0.0	0.0	0.00027040500000000004
175.582	0.0	0.0	0.00035158500000000007
175.702	0.0	0.0	0.0004479975
175.752	0.0	0.0	0.00046566
175.822	0.0	0.0	0.00048978
175.922	0.0	0.0	0.0005226975000000001
176.032	0.0	0.0	0.0005624325
176.082	0.0	0.0	0.0005269275
176.152	0.0	0.0	0.00047763000000000005
176.252	0.0	0.0	0.00041046750000000003
176.372	0.0	0.0	0.00032982750000000005
176.422	0.0	0.0	0.0002460825
176.502	0.0	0.0	0.00013309200000000002
176.592	0.0	0.0	-1.8213075000000002e-05
176.712	0.0	0.0	-0.00019806525
176.762	0.0	0.0	-0.00027936
176.832	0.0	0.0	-0.0003908025
176.932	0.0	0.0	-0.0005431275000000001
177.042	0.0	0.0	-0.0007272675
177.092	0.0	0.0	-0.0007619175
177.162	0.0	0.0	-0.0008101575000000001
177.262	0.0	0.0	-0.0008760150000000001
177.382	0.0	0.0	-0.0009551475
177.432	0.0	0.0	-0.0009130275000000001
177.512	0.0	0.0	-0.000856035
177.602	0.0	0.0	-0.0007795575000000001
177.722	0.0	0.0	-0.0006885900000000001
177.772	0.0	0.0	-0.0005928075
177.842	0.0	0.0	-0.00046111500000000006
177.932	0.0	0.0	-0.00028075500000000005
178.052	0.0	0.0	-6.25455e-05
178.102	0.0	0.0	4.16655e-05
178.172	0.0	0.0	0.00018714150000000002
178.272	0.0	0.0	0.000386145
178.392	0.0	0.0	0.0006255
178.442	0.0	0.0	0.0006823575
178.522	0.0	0.0	0.0007595100000000001
178.612	0.0	0.0	0.0008632350000000002
178.732	0.0	0.0	0.0009867375
178.782	0.0	0.0	0.00096579
178.852	0.0	0.0	0.0009369225000000001
178.942	0.0	0.0	0.0008972775
179.062	0.0	0.0	0.0008492850000000001
179.112	0.0	0.0	0.0007681725000000001
179.182	0.0	0.0	0.0006545925
179.282	0.0	0.0	0.000498915
179.402	0.0	0.0	0.00031153500000000005
179.452	0.0	0.0	0.000213804
179.532	0.0	0.0	8.086275000000001e-05
179.622	0.0	0.0	-9.819000000000002e-05
179.742	0.0	0.0	-0.000311625
179.792	0.0	0.0	-0.00036744750000000003
179.862	0.0	0.0	-0.00044469
179.952	0.0	0.0	-0.0005508675000000001
180.072	0.0	0.0	-0.00067959
180.122	0.0	0.0	-0.0006776550000000001
180.192	0.0	0.0	-0.0006749550000000001
180.292	0.0	0.0	-0.0006712425
180.412	0.0	0.0	-0.0006667875
180.462	0.0	0.0	-0.0006164775
180.542	0.0	0.0	-0.0005478525000000001
180.632	0.0	0.0	-0.0004552650000000001
180.752	0.0	0.0	-0.00034479000000000004
180.802	0.0	0.0	-0.00028768500000000003
180.872	0.0	0.0	-0.00020848725000000002
180.962	0.0	0.0	-9.936900000000002e-05
181.082	0.0	0.0	3.302775e-05
181.132	0.0	0.0	6.898275000000001e-05
181.202	0.0	0.0	0.00011960325
181.302	0.0	0.0	0.00018926325
181.422	0.0	0.0	0.00027326250000000004
181.472	0.0	0.0	0.0002782575
181.552	0.0	0.0	0.00028512000000000003
181.642	0.0	0.0	0.00029436750000000003
181.762	0.0	0.0	0.00030541500000000007
181.812	0.0	0.0	0.00029234249999999997
181.882	0.0	0.0	0.00027414000000000003
181.972	0.0	0.0	0.00024903
182.092	0.0	0.0	0.00021854025000000004
182.142	0.0	0.0	0.0001956465
182.212	0.0	0.0	0.00016331850000000003
182.312	0.0	0.0	0.00011874600000000003
182.432	0.0	0.0	6.494625e-05
182.482	0.0	0.0	2.5978500000000002e-05
182.552	0.0	0.0	-2.746575e-05
182.652	0.0	0.0	-9.987075000000002e-05
182.772	0.0	0.0	-0.00018641475000000002
182.822	0.0	0.0	-0.0002277225
182.892	0.0	0.0	-0.000285345
182.982	0.0	0.0	-0.00036506250000000004
183.102	0.0	0.0	-0.0004619475
183.152	0.0	0.0	-0.00047904750000000003
183.222	0.0	0.0	-0.000503235
183.322	0.0	0.0	-0.00053667
183.442	0.0	0.0	-0.000577035
183.492	0.0	0.0	-0.0005424975
183.562	0.0	0.0	-0.0004949775000000001
183.662	0.0	0.0	-0.00043047000000000007
183.782	0.0	0.0	-0.000353295
183.832	0.0	0.0	-0.0002754
183.902	0.0	0.0	-0.00016636725
183.992	0.0	0.0	-1.5233850000000002e-05
184.112	0.0	0.0	0.00016864425
184.162	0.0	0.0	0.00025803
184.232	0.0	0.0	0.00038499750000000005
184.332	0.0	0.0	0.0005607675000000001
184.452	0.0	0.0	0.0007732575
184.502	0.0	0.0	0.0008207775000000001
184.572	0.0	0.0	0.0008862975
184.672	0.0	0.0	0.0009753975000000002
184.792	0.0	0.0	0.001082115
184.842	0.0	0.0	0.0010487025
184.912	0.0	0.0	0.0010018125
185.002	0.0	0.0	0.0009366750000000001
185.122	0.0	0.0	0.0008573625
185.172	0.0	0.0	0.0007474050000000001
185.242	0.0	0.0	0.0005907825
185.342	0.0	0.0	0.0003735675
185.462	0.0	0.0	0.00011069550000000002
185.512	0.0	0.0	-3.07215e-05
185.582	0.0	0.0	-0.0002261925
185.682	0.0	0.0	-0.0004924575
185.802	0.0	0.0	-0.0008114850000000001
185.852	0.0	0.0	-0.0008993250000000002
185.922	0.0	0.0	-0.00102339
186.012	0.0	0.0	-0.00119655
186.132	0.0	0.0	-0.0014080050000000002
186.182	0.0	0.0	-0.001398735
186.252	0.0	0.0	-0.0013856400000000003
186.352	0.0	0.0	-0.0013675950000000003
186.472	0.0	0.0	-0.0013459275000000002
186.522	0.0	0.0	-0.0012354525000000001
186.592	0.0	0.0	-0.001080405
186.682	0.0	0.0	-0.0008649
186.802	0.0	0.0	-0.0006022800000000001
186.852	0.0	0.0	-0.00043776000000000004
186.922	0.0	0.0	-0.00020206575000000004
187.022	0.0	0.0	0.00012604275000000002
187.142	0.0	0.0	0.0005237775
187.192	0.0	0.0	0.000663975
187.262	0.0	0.0	0.0008588025000000002
187.362	0.0	0.0	0.001125135
187.482	0.0	0.0	0.0014448375000000002
187.532	0.0	0.0	0.0014787000000000003
187.602	0.0	0.0	0.0015266025000000001
187.692	0.0	0.0	0.0015934950000000001
187.812	0.0	0.0	0.0016751475000000003
187.862	0.0	0.0	0.0015885225000000002
187.932	0.0	0.0	0.0014641425000000003
188.032	0.0	0.0	0.0012907125000000002
188.152	0.0	0.0	0.0010803600000000003
188.202	0.0	0.0	0.0009050850000000001
188.272	0.0	0.0	0.00066087
188.372	0.0	0.0	0.0003263175
188.492	0.0	0.0	-7.564050000000001e-05
188.542	0.0	0.0	-0.00023827500000000003
188.612	0.0	0.0	-0.00046908000000000003
188.702	0.0	0.0	-0.0007920900000000001
188.822	0.0	0.0	-0.0011867175
188.872	0.0	0.0	-0.0012688200000000001
188.942	0.0	0.0	-0.0013870350000000002
189.042	0.0	0.0	-0.0015522075000000003
189.162	0.0	0.0	-0.0017527275000000003
189.212	0.0	0.0	-0.00170658
189.282	0.0	0.0	-0.0016420725
189.382	0.0	0.0	-0.0015535575000000003
189.502	0.0	0.0	-0.0014470875000000003
189.552	0.0	0.0	-0.0013028400000000002
189.622	0.0	0.0	-0.0010974825
189.712	0.0	0.0	-0.0008095275
189.832	0.0	0.0	-0.00045738000000000007
189.882	0.0	0.0	-0.00027897750000000003
189.952	0.0	0.0	-2.1249225e-05
190.052	0.0	0.0	0.0003394575
190.172	0.0	0.0	0.000777825
190.222	0.0	0.0	0.0009046799999999999
190.292	0.0	0.0	0.0010824525
190.392	0.0	0.0	0.0013269375
190.512	0.0	0.0	0.0016211925000000002
190.562	0.0	0.0	0.0016280325000000001
190.632	0.0	0.0	0.0016377525000000003
190.722	0.0	0.0	0.0016514325000000002
190.842	0.0	0.0	0.0016681725
190.892	0.0	0.0	0.0015583725
190.962	0.0	0.0	0.0013992750000000002
191.062	0.0	0.0	0.001176165
191.182	0.0	0.0	0.00090477
191.232	0.0	0.0	0.0007245450000000002
191.302	0.0	0.0	0.0004712175
191.402	0.0	0.0	0.000122175
191.522	0.0	0.0	-0.0002983275
191.572	0.0	0.0	-0.00044586
191.642	0.0	0.0	-0.0006571575000000001
191.732	0.0	0.0	-0.0009546750000000001
191.852	0.0	0.0	-0.0013191525
191.902	0.0	0.0	-0.0013757175
191.972	0.0	0.0	-0.0014579550000000001
192.072	0.0	0.0	-0.0015734925
192.192	0.0	0.0	-0.0017141625000000001
192.242	0.0	0.0	-0.0016462575000000003
192.312	0.0	0.0	-0.0015505425
192.412	0.0	0.0	-0.0014184000000000002
192.532	0.0	0.0	-0.0012590775000000001
192.582	0.0	0.0	-0.0011101050000000001
192.652	0.0	0.0	-0.0008960625
192.742	0.0	0.0	-0.0005940900000000001
192.862	0.0	0.0	-0.00022382325000000003
192.912	0.0	0.0	-5.889375e-05
192.982	0.0	0.0	0.00018152325000000003
193.082	0.0	0.0	0.00052002
193.202	0.0	0.0	0.0009324225000000001
193.252	0.0	0.0	0.001033515
193.322	0.0	0.0	0.0011764125000000001
193.422	0.0	0.0	0.0013740975
193.542	0.0	0.0	0.0016126875000000002
193.592	0.0	0.0	0.0015969375000000003
193.662	0.0	0.0	0.0015742125
193.752	0.0	0.0	0.0015421275000000003
193.872	0.0	0.0	0.0015027075000000002
193.922	0.0	0.0	0.001383615
193.992	0.0	0.0	0.0012094649999999998
194.092	0.0	0.0	0.0009637875000000001
194.212	0.0	0.0	0.0006642
194.262	0.0	0.0	0.0004943025
194.332	0.0	0.0	0.00025344
194.432	0.0	0.0	-8.039025000000001e-05
194.552	0.0	0.0	-0.0004836375
194.602	0.0	0.0	-0.0006070500000000001
194.672	0.0	0.0	-0.0007854750000000001
194.762	0.0	0.0	-0.0010381950000000002
194.882	0.0	0.0	-0.00134865
194.932	0.0	0.0	-0.0013785975
195.002	0.0	0.0	-0.0014225175000000003
195.102	0.0	0.0	-0.0014845950000000002
195.222	0.0	0.0	-0.0015603525
195.272	0.0	0.0	-0.001477935
195.342	0.0	0.0	-0.0013607100000000002
195.442	0.0	0.0	-0.0011979224999999999
195.562	0.0	0.0	-0.001001115
195.612	0.0	0.0	-0.0008595225000000001
195.672	0.0	0.0	-0.0006541425000000001
195.772	0.0	0.0	-0.0003626325
195.892	0.0	0.0	-4.246200000000001e-06
195.942	0.0	0.0	0.00013422825000000002
196.012	0.0	0.0	0.00033797250000000003
196.112	0.0	0.0	0.0006265125
196.232	0.0	0.0	0.000978975
196.282	0.0	0.0	0.00104688
196.352	0.0	0.0	0.00114372
196.452	0.0	0.0	0.00127845
196.572	0.0	0.0	0.0014415075000000002
196.622	0.0	0.0	0.0014068800000000001
196.682	0.0	0.0	0.0013565250000000001
196.782	0.0	0.0	0.0012849075
196.902	0.0	0.0	0.0011967525
196.952	0.0	0.0	0.0010835325
197.022	0.0	0.0	0.0009164025000000001
197.122	0.0	0.0	0.0006792525
197.242	0.0	0.0	0.00038931750000000003
197.292	0.0	0.0	0.0002508975
197.362	0.0	0.0	5.2935750000000006e-05
197.462	0.0	0.0	-0.00022307625000000003
197.582	0.0	0.0	-0.0005573700000000001
197.632	0.0	0.0	-0.0006423075
197.692	0.0	0.0	-0.0007662825000000001
197.792	0.0	0.0	-0.0009429975000000003
197.912	0.0	0.0	-0.0011606175
197.962	0.0	0.0	-0.001164015
198.032	0.0	0.0	-0.0011690550000000002
198.132	0.0	0.0	-0.00117621
198.252	0.0	0.0	-0.0011849850000000002
198.302	0.0	0.0	-0.001105425
198.372	0.0	0.0	-0.0009913050000000003
198.472	0.0	0.0	-0.0008318925
198.592	0.0	0.0	-0.0006386175000000001
198.642	0.0	0.0	-0.0005291100000000001
198.702	0.0	0.0	-0.00036877500000000006
198.802	0.0	0.0	-0.00013975425000000002
198.922	0.0	0.0	0.00014254200000000003
198.972	0.0	0.0	0.00023415750000000004
199.042	0.0	0.0	0.000370215
199.142	0.0	0.0	0.0005640300000000001
199.262	0.0	0.0	0.0008014275000000001
199.312	0.0	0.0	0.0008320050000000001
199.382	0.0	0.0	0.0008759925000000001
199.482	0.0	0.0	0.0009375750000000002
199.602	0.0	0.0	0.0010122974999999998
199.652	0.0	0.0	0.0009733275000000001
199.712	0.0	0.0	0.0009160650000000002
199.812	0.0	0.0	0.0008341425000000001
199.932	0.0	0.0	0.0007330500000000001
199.982	0.0	0.0	0.0006509700000000001
200.052	0.0	0.0	0.0005286825000000001
200.152	0.0	0.0	0.00035412750000000004
200.272	0.0	0.0	0.0001401525
200.322	0.0	0.0	5.5683e-05
200.392	0.0	0.0	-6.615e-05
200.492	0.0	0.0	-0.0002369475
200.612	0.0	0.0	-0.000444285
200.662	0.0	0.0	-0.0004846725
200.722	0.0	0.0	-0.0005444325
200.822	0.0	0.0	-0.00063036
200.942	0.0	0.0	-0.0007366500000000002
200.992	0.0	0.0	-0.0007251975000000001
201.062	0.0	0.0	-0.0007082775000000001
201.162	0.0	0.0	-0.0006843150000000001
201.282	0.0	0.0	-0.0006551549999999999
201.332	0.0	0.0	-0.0006046425
201.392	0.0	0.0	-0.00053046
201.492	0.0	0.0	-0.00042419250000000006
201.612	0.0	0.0	-0.0002930175
201.662	0.0	0.0	-0.000231885
201.732	0.0	0.0	-0.00014025375
201.832	0.0	0.0	-8.951850000000001e-06
201.952	0.0	0.0	0.00015224850000000002
202.002	0.0	0.0	0.00019538550000000002
202.072	0.0	0.0	0.0002579625
202.172	0.0	0.0	0.00034600500000000003
202.292	0.0	0.0	0.00045306000000000003
202.342	0.0	0.0	0.00045895500000000004
202.402	0.0	0.0	0.000467685
202.502	0.0	0.0	0.0004802625
202.622	0.0	0.0	0.0004957875000000001
202.672	0.0	0.0	0.0004703850000000001
202.742	0.0	0.0	0.00043220250000000003
202.842	0.0	0.0	0.00037741500000000003
202.962	0.0	0.0	0.0003101175
203.012	0.0	0.0	0.00026750250000000004
203.082	0.0	0.0	0.00020551950000000002
203.182	0.0	0.0	0.0001181205
203.302	0.0	0.0	1.1740950000000001e-05
203.352	0.0	0.0	-2.3996250000000003e-05
203.412	0.0	0.0	-7.713225000000001e-05
203.512	0.0	0.0	-0.00015374475000000002
203.632	0.0	0.0	-0.00024855750000000006
203.682	0.0	0.0	-0.00026705250000000005
203.752	0.0	0.0	-0.00029493
203.852	0.0	0.0	-0.00033500250000000005
203.972	0.0	0.0	-0.00038427750000000004
204.022	0.0	0.0	-0.00037793250000000005
204.092	0.0	0.0	-0.0003686625
204.192	0.0	0.0	-0.00035559000000000003
204.312	0.0	0.0	-0.00033966
204.362	0.0	0.0	-0.00031178250000000004
204.422	0.0	0.0	-0.000270225
204.522	0.0	0.0	-0.00021017025000000003
204.642	0.0	0.0	-0.0001357785
204.692	0.0	0.0	-9.45585e-05
204.762	0.0	0.0	-3.2211e-05
204.862	0.0	0.0	5.760900000000001e-05
204.982	0.0	0.0	0.000168147
205.032	0.0	0.0	0.00020599650000000002
205.102	0.0	0.0	0.000261405
205.202	0.0	0.0	0.00033984000000000005
205.322	0.0	0.0	0.00043546500000000006
205.362	0.0	0.0	0.00044700750000000003
205.432	0.0	0.0	0.00046431000000000006
205.532	0.0	0.0	0.0004893300000000001
205.652	0.0	0.0	0.0005203575
205.702	0.0	0.0	0.0004960125000000001
205.772	0.0	0.0	0.0004590450000000001
205.872	0.0	0.0	0.00040567500000000004
205.992	0.0	0.0	0.00033995250000000004
206.042	0.0	0.0	0.00028282500000000006
206.112	0.0	0.0	0.000198927
206.212	0.0	0.0	7.994700000000001e-05
206.332	0.0	0.0	-6.525225000000001e-05
206.372	0.0	0.0	-0.00012412125000000002
206.442	0.0	0.0	-0.00021253275000000002
206.542	0.0	0.0	-0.000340785
206.662	0.0	0.0	-0.0004999275000000001
206.712	0.0	0.0	-0.0005335650000000001
206.782	0.0	0.0	-0.000584775
206.882	0.0	0.0	-0.0006588225000000002
207.002	0.0	0.0	-0.000750105
207.052	0.0	0.0	-0.0007332975
207.122	0.0	0.0	-0.0007085475000000001
207.222	0.0	0.0	-0.0006733575
207.342	0.0	0.0	-0.0006303825000000001
207.382	0.0	0.0	-0.0005686425
207.452	0.0	0.0	-0.000475605
207.552	0.0	0.0	-0.00034038000000000004
207.672	0.0	0.0	-0.00017243100000000002
207.722	0.0	0.0	-9.009450000000002e-05
207.792	0.0	0.0	3.5685e-05
207.892	0.0	0.0	0.00021796200000000004
208.012	0.0	0.0	0.0004428450000000001
208.062	0.0	0.0	0.0005046975000000001
208.132	0.0	0.0	0.000596115
208.232	0.0	0.0	0.0007262325
208.352	0.0	0.0	0.0008853300000000001
208.392	0.0	0.0	0.0008884124999999999
208.462	0.0	0.0	0.0008930700000000001
208.562	0.0	0.0	0.0008998650000000001
208.682	0.0	0.0	0.0009083025000000001
208.732	0.0	0.0	0.0008497350000000001
208.792	0.0	0.0	0.0007599375000000001
208.902	0.0	0.0	0.0006295500000000001
209.022	0.0	0.0	0.00046856250000000007
209.072	0.0	0.0	0.000370755
209.142	0.0	0.0	0.00022578750000000003
209.242	0.0	0.0	1.8947925e-05
209.362	0.0	0.0	-0.00023411250000000003
209.402	0.0	0.0	-0.00031351500000000005
209.472	0.0	0.0	-0.0004339575
209.572	0.0	0.0	-0.00060975
209.692	0.0	0.0	-0.0008284725000000001
209.742	0.0	0.0	-0.0008560125000000001
209.802	0.0	0.0	-0.0008983800000000002
209.912	0.0	0.0	-0.0009600075000000001
210.032	0.0	0.0	-0.00103617
210.082	0.0	0.0	-0.0009929250000000002
210.152	0.0	0.0	-0.0009286200000000001
210.252	0.0	0.0	-0.0008367299999999999
210.372	0.0	0.0	-0.0007241850000000001
210.412	0.0	0.0	-0.00063801
210.482	0.0	0.0	-0.0005068125000000001
210.582	0.0	0.0	-0.00031493250000000003
210.702	0.0	0.0	-7.600725e-05
210.742	0.0	0.0	1.4458275e-05
210.812	0.0	0.0	0.00015405300000000002
210.922	0.0	0.0	0.0003575475
211.042	0.0	0.0	0.0006092550000000001
211.092	0.0	0.0	0.0006588900000000001
211.162	0.0	0.0	0.0007329375000000001
211.262	0.0	0.0	0.00083898
211.382	0.0	0.0	0.0009689400000000001
211.422	0.0	0.0	0.0009527625000000002
211.492	0.0	0.0	0.0009280575000000001
211.592	0.0	0.0	0.000891855
211.712	0.0	0.0	0.0008467425000000001
211.752	0.0	0.0	0.0007782075000000001
211.822	0.0	0.0	0.0006720974999999999
211.922	0.0	0.0	0.0005171175
212.052	0.0	0.0	0.0003252375
212.102	0.0	0.0	0.00023735250000000004
212.172	0.0	0.0	0.00010583775000000001
212.272	0.0	0.0	-8.290800000000001e-05
212.392	0.0	0.0	-0.00031443750000000005
212.432	0.0	0.0	-0.00037055249999999997
212.502	0.0	0.0	-0.00045659250000000003
212.602	0.0	0.0	-0.0005829300000000001
212.722	0.0	0.0	-0.00074052
212.762	0.0	0.0	-0.0007469325
212.832	0.0	0.0	-0.0007568774999999999
212.932	0.0	0.0	-0.000771435
213.062	0.0	0.0	-0.0007894800000000001
213.112	0.0	0.0	-0.0007442100000000001
213.182	0.0	0.0	-0.0006762375000000001
213.282	0.0	0.0	-0.0005784750000000001
213.402	0.0	0.0	-0.00045846000000000005
213.442	0.0	0.0	-0.00039307500000000005
213.512	0.0	0.0	-0.00029247750000000003
213.612	0.0	0.0	-0.00014443875
213.732	0.0	0.0	4.035825e-05
213.772	0.0	0.0	9.774450000000001e-05
213.842	0.0	0.0	0.0001872045
213.942	0.0	0.0	0.00031839750000000006
214.072	0.0	0.0	0.00048107250000000004
214.122	0.0	0.0	0.00050445
214.192	0.0	0.0	0.0005396625
214.292	0.0	0.0	0.0005904
214.412	0.0	0.0	0.0006527475000000001
214.452	0.0	0.0	0.0006341175
214.522	0.0	0.0	0.0006053625
214.622	0.0	0.0	0.0005629725
214.742	0.0	0.0	0.000509985
214.782	0.0	0.0	0.0004617225000000001
214.852	0.0	0.0	0.00038623500000000007
214.952	0.0	0.0	0.00027531
215.082	0.0	0.0	0.00013764375
215.132	0.0	0.0	8.100225000000001e-05
215.202	0.0	0.0	-4.541175000000001e-06
215.302	0.0	0.0	-0.000127971
215.422	0.0	0.0	-0.00027972
215.462	0.0	0.0	-0.00031374
215.532	0.0	0.0	-0.00036661500000000004
215.632	0.0	0.0	-0.00044500500000000005
215.752	0.0	0.0	-0.000543195
215.792	0.0	0.0	-0.0005439374999999999
215.862	0.0	0.0	-0.0005450850000000001
215.972	0.0	0.0	-0.0005467725
216.092	0.0	0.0	-0.0005488649999999999
216.132	0.0	0.0	-0.0005159025
216.202	0.0	0.0	-0.00046503000000000007
216.302	0.0	0.0	-0.00038992500000000006
216.422	0.0	0.0	-0.00029605500000000004
216.462	0.0	0.0	-0.0002442375
216.532	0.0	0.0	-0.0001626165
216.632	0.0	0.0	-4.2241500000000005e-05
216.762	0.0	0.0	0.00010736550000000001
216.812	0.0	0.0	0.0001545885
216.882	0.0	0.0	0.00022635
216.982	0.0	0.0	0.00033027750000000003
217.102	0.0	0.0	0.00045825750000000006
217.142	0.0	0.0	0.00047400750000000004
217.212	0.0	0.0	0.0004985775
217.312	0.0	0.0	0.0005349825
217.432	0.0	0.0	0.0005805675000000001
217.472	0.0	0.0	0.0005600249999999999
217.542	0.0	0.0	0.0005276025
217.642	0.0	0.0	0.00047970000000000006
217.772	0.0	0.0	0.00042014250000000004
217.822	0.0	0.0	0.00037134
217.882	0.0	0.0	0.0002969325
217.992	0.0	0.0	0.00018895050000000002
218.112	0.0	0.0	5.585625e-05
218.152	0.0	0.0	8.903025000000001e-06
218.222	0.0	0.0	-6.453675e-05
218.322	0.0	0.0	-0.00017365275000000004
218.442	0.0	0.0	-0.00031038750000000003
218.482	0.0	0.0	-0.00033617250000000004
218.552	0.0	0.0	-0.0003770325000000001
218.652	0.0	0.0	-0.00043749
218.782	0.0	0.0	-0.0005127525000000001
218.832	0.0	0.0	-0.0005043150000000001
218.892	0.0	0.0	-0.0004914225
219.002	0.0	0.0	-0.00047268
219.122	0.0	0.0	-0.00044957250000000003
219.162	0.0	0.0	-0.00041602500000000004
219.232	0.0	0.0	-0.00036335250000000006
219.332	0.0	0.0	-0.00028491750000000004
219.452	0.0	0.0	-0.00018657225000000003
219.492	0.0	0.0	-0.00014551875
219.562	0.0	0.0	-8.023950000000001e-05
219.662	0.0	0.0	1.657215e-05
219.792	0.0	0.0	0.00013717575
219.842	0.0	0.0	0.00016608825
219.902	0.0	0.0	0.00021046725000000002
220.012	0.0	0.0	0.00027513
220.132	0.0	0.0	0.0003549375
220.172	0.0	0.0	0.0003587400000000001
220.242	0.0	0.0	0.00036472500000000004
220.342	0.0	0.0	0.0003736575
220.462	0.0	0.0	0.00038486250000000004
220.502	0.0	0.0	0.0003668400000000001
220.572	0.0	0.0	0.00033806250000000004
220.672	0.0	0.0	0.00029529
220.802	0.0	0.0	0.00024196500000000002
220.842	0.0	0.0	0.00020839950000000002
220.912	0.0	0.0	0.00015670125
221.022	0.0	0.0	8.123175000000001e-05
221.142	0.0	0.0	-1.2021975000000001e-05
221.182	0.0	0.0	-4.6293750000000004e-05
221.252	0.0	0.0	-0.0001004895
221.352	0.0	0.0	-0.00018150750000000003
221.472	0.0	0.0	-0.00028329749999999996
221.512	0.0	0.0	-0.0003077325
221.582	0.0	0.0	-0.00034686
221.682	0.0	0.0	-0.00040515750000000007
221.812	0.0	0.0	-0.000477855
221.852	0.0	0.0	-0.00047549250000000006
221.922	0.0	0.0	-0.0004718025
222.022	0.0	0.0	-0.0004664250000000001
222.152	0.0	0.0	-0.000459765
222.192	0.0	0.0	-0.00042396750000000004
222.262	0.0	0.0	-0.00036713250000000006
222.362	0.0	0.0	-0.00028201500000000004
222.482	0.0	0.0	-0.00017498700000000004
222.522	0.0	0.0	-0.0001131255
222.592	0.0	0.0	-1.3693725e-05
222.692	0.0	0.0	0.000134649
222.822	0.0	0.0	0.000319905
222.862	0.0	0.0	0.00038011500000000004
222.932	0.0	0.0	0.0004734900000000001
223.032	0.0	0.0	0.000610335
223.162	0.0	0.0	0.000779715
223.202	0.0	0.0	0.0007969950000000001
223.272	0.0	0.0	0.0008245125000000001
223.372	0.0	0.0	0.0008658000000000001
223.492	0.0	0.0	0.0009177750000000001
223.532	0.0	0.0	0.0008741924999999999
223.602	0.0	0.0	0.0008039025000000001
223.702	0.0	0.0	0.000698805
223.832	0.0	0.0	0.00056745
223.872	0.0	0.0	0.0004688775000000001
223.942	0.0	0.0	0.00031554
224.042	0.0	0.0	9.033075000000002e-05
224.172	0.0	0.0	-0.00018863325000000004
224.212	0.0	0.0	-0.000286785
224.282	0.0	0.0	-0.0004437225
224.382	0.0	0.0	-0.0006797925000000002
224.502	0.0	0.0	-0.0009770850000000001
224.542	0.0	0.0	-0.0010290600000000003
224.612	0.0	0.0	-0.0011132325000000002
224.712	0.0	0.0	-0.0012393
224.842	0.0	0.0	-0.0013969575
224.882	0.0	0.0	-0.0013609800000000001
224.952	0.0	0.0	-0.0013048200000000002
225.052	0.0	0.0	-0.0012221775
225.182	0.0	0.0	-0.0011197124999999999
225.222	0.0	0.0	-0.0010095975
225.292	0.0	0.0	-0.00083286
225.392	0.0	0.0	-0.0005664825
225.512	0.0	0.0	-0.00023069250000000001
225.552	0.0	0.0	-8.947800000000001e-05
225.622	0.0	0.0	0.00014002199999999998
225.722	0.0	0.0	0.00048447000000000003
225.852	0.0	0.0	0.0009156375000000001
225.892	0.0	0.0	0.0010169550000000002
225.962	0.0	0.0	0.0011756700000000002
226.062	0.0	0.0	0.0014096925000000003
226.192	0.0	0.0	0.0017000550000000002
226.232	0.0	0.0	0.0016976025
226.302	0.0	0.0	0.001693665
226.402	0.0	0.0	0.0016877250000000002
226.522	0.0	0.0	0.0016802100000000001
226.562	0.0	0.0	0.00157158
226.632	0.0	0.0	0.0013944150000000004
226.732	0.0	0.0	0.0011279699999999998
226.862	0.0	0.0	0.0007941600000000001
226.902	0.0	0.0	0.0006198299999999999
226.972	0.0	0.0	0.00034580250000000004
227.072	0.0	0.0	-5.904000000000002e-05
227.202	0.0	0.0	-0.00056178
227.242	0.0	0.0	-0.0006989175000000001
227.312	0.0	0.0	-0.0009207225000000002
227.402	0.0	0.0	-0.0012564
227.532	0.0	0.0	-0.0016802325
227.572	0.0	0.0	-0.0017230275000000004
227.642	0.0	0.0	-0.001793115
227.742	0.0	0.0	-0.00189873
227.872	0.0	0.0	-0.0020311425000000003
227.912	0.0	0.0	-0.00194553
227.982	0.0	0.0	-0.0018104850000000003
228.082	0.0	0.0	-0.0016105725000000002
228.212	0.0	0.0	-0.0013621500000000001
228.252	0.0	0.0	-0.0011999250000000001
228.322	0.0	0.0	-0.0009365625000000001
228.412	0.0	0.0	-0.0005371425000000001
228.542	0.0	0.0	-3.24405e-05
228.582	0.0	0.0	0.00013774274999999998
228.652	0.0	0.0	0.00041742
228.752	0.0	0.0	0.000839655
228.882	0.0	0.0	0.0013694850000000001
228.922	0.0	0.0	0.001462455
228.992	0.0	0.0	0.0016094925000000003
229.092	0.0	0.0	0.001827495
229.222	0.0	0.0	0.002098575
229.262	0.0	0.0	0.0020633624999999997
229.322	0.0	0.0	0.00200574
229.422	0.0	0.0	0.0019178775000000003
229.552	0.0	0.0	0.0018066150000000003
229.592	0.0	0.0	0.0016607700000000002
229.662	0.0	0.0	0.0014233050000000001
229.762	0.0	0.0	0.0010676925
229.892	0.0	0.0	0.0006244425
229.932	0.0	0.0	0.00044880749999999997
230.002	0.0	0.0	0.00016370325
230.092	0.0	0.0	-0.00026905500000000003
230.222	0.0	0.0	-0.00081621
230.262	0.0	0.0	-0.0009437400000000001
230.332	0.0	0.0	-0.0011548575
230.432	0.0	0.0	-0.0014748075
230.562	0.0	0.0	-0.0018768600000000004
230.602	0.0	0.0	-0.0018917325000000003
230.672	0.0	0.0	-0.0019154025000000002
230.772	0.0	0.0	-0.0019506375
230.902	0.0	0.0	-0.0019945125
230.942	0.0	0.0	-0.0018946125000000003
231.002	0.0	0.0	-0.0017307675000000002
231.102	0.0	0.0	-0.00148086
231.232	0.0	0.0	-0.0011644425
231.272	0.0	0.0	-0.0009973125
231.342	0.0	0.0	-0.00071991
231.442	0.0	0.0	-0.00029884500000000006
231.572	0.0	0.0	0.00023064750000000004
231.612	0.0	0.0	0.00038783250000000007
231.682	0.0	0.0	0.0006390225
231.782	0.0	0.0	0.0010136025
231.912	0.0	0.0	0.0014805
231.952	0.0	0.0	0.001539585
232.012	0.0	0.0	0.0016368975000000002
232.112	0.0	0.0	0.0017856000000000003
232.242	0.0	0.0	0.0019740375000000003
232.282	0.0	0.0	0.0019195425000000004
232.352	0.0	0.0	0.0018287325
232.452	0.0	0.0	0.0016906050000000002
232.582	0.0	0.0	0.0015167925000000003
232.622	0.0	0.0	0.0013678650000000002
232.692	0.0	0.0	0.0011289825000000001
232.792	0.0	0.0	0.0007720875
232.922	0.0	0.0	0.00032685750000000007
232.962	0.0	0.0	0.000173196
233.022	0.0	0.0	-8.082675e-05
233.122	0.0	0.0	-0.00046982250000000006
233.252	0.0	0.0	-0.0009632025
233.292	0.0	0.0	-0.0010618875000000002
233.362	0.0	0.0	-0.0012269700000000002
233.462	0.0	0.0	-0.0014785425000000004
233.592	0.0	0.0	-0.0017953875000000002
233.632	0.0	0.0	-0.001787535
233.702	0.0	0.0	-0.00177489
233.802	0.0	0.0	-0.0017559900000000002
233.932	0.0	0.0	-0.0017323875000000003
233.972	0.0	0.0	-0.00162837
234.032	0.0	0.0	-0.0014557275000000001
234.132	0.0	0.0	-0.0011908350000000001
234.262	0.0	0.0	-0.0008545950000000001
234.302	0.0	0.0	-0.0007008300000000002
234.372	0.0	0.0	-0.0004426425
234.472	0.0	0.0	-4.8397500000000005e-05
234.602	0.0	0.0	0.00044853750000000005
234.642	0.0	0.0	0.0005813550000000001
234.712	0.0	0.0	0.0007959600000000001
234.812	0.0	0.0	0.0011178450000000001
234.942	0.0	0.0	0.0015200775000000003
234.982	0.0	0.0	0.0015578100000000002
235.042	0.0	0.0	0.00162072
235.142	0.0	0.0	0.0017174475000000002
235.272	0.0	0.0	0.0018403425000000002
235.312	0.0	0.0	0.0017737425000000004
235.382	0.0	0.0	0.00166149
235.482	0.0	0.0	0.0014897250000000003
235.612	0.0	0.0	0.00127305
235.652	0.0	0.0	0.0011252475000000002
235.722	0.0	0.0	0.000885555
235.822	0.0	0.0	0.0005253075
235.952	0.0	0.0	7.4799e-05
235.992	0.0	0.0	-6.701175000000001e-05
236.052	0.0	0.0	-0.00030426750000000005
236.152	0.0	0.0	-0.0006698475000000002
236.282	0.0	0.0	-0.0011346300000000002
236.322	0.0	0.0	-0.0012155850000000001
236.392	0.0	0.0	-0.0013525875
236.492	0.0	0.0	-0.0015626250000000002
236.622	0.0	0.0	-0.00182781
236.662	0.0	0.0	-0.0018020475000000002
236.732	0.0	0.0	-0.00176013
236.832	0.0	0.0	-0.0016969950000000002
236.962	0.0	0.0	-0.0016179750000000002
237.002	0.0	0.0	-0.0015036750000000003
237.062	0.0	0.0	-0.0013116825000000002
237.162	0.0	0.0	-0.0010152450000000001
237.292	0.0	0.0	-0.000638055
237.332	0.0	0.0	-0.0004836600000000001
237.402	0.0	0.0	-0.00022133475000000002
237.502	0.0	0.0	0.00018164250000000001
237.632	0.0	0.0	0.0006907725
237.672	0.0	0.0	0.0008129475000000001
237.742	0.0	0.0	0.0010125675000000002
237.842	0.0	0.0	0.0013137525
237.972	0.0	0.0	0.0016910100000000002
238.012	0.0	0.0	0.0017116425000000002
238.072	0.0	0.0	0.0017464725000000002
238.172	0.0	0.0	0.0018003375000000001
238.302	0.0	0.0	0.0018689400000000004
238.342	0.0	0.0	0.0017841600000000003
238.412	0.0	0.0	0.001639485
238.512	0.0	0.0	0.0014168475000000001
238.642	0.0	0.0	0.001135305
238.682	0.0	0.0	0.0009763425
238.752	0.0	0.0	0.0007156575000000001
238.852	0.0	0.0	0.0003215475
238.982	0.0	0.0	-0.0001725255
239.022	0.0	0.0	-0.00031155749999999997
239.082	0.0	0.0	-0.0005469975000000001
239.182	0.0	0.0	-0.0009120825000000001
239.312	0.0	0.0	-0.001377315
239.352	0.0	0.0	-0.0014425875000000001
239.422	0.0	0.0	-0.0015543675
239.522	0.0	0.0	-0.0017267400000000003
239.652	0.0	0.0	-0.0019449000000000003
239.692	0.0	0.0	-0.0018966825000000002
239.762	0.0	0.0	-0.0018173475000000001
239.862	0.0	0.0	-0.0016971300000000003
239.992	0.0	0.0	-0.0015463125000000002
240.032	0.0	0.0	-0.0014168925000000003
240.092	0.0	0.0	-0.0011967975
240.192	0.0	0.0	-0.0008548200000000001
240.322	0.0	0.0	-0.0004186575
240.362	0.0	0.0	-0.0002634075
240.432	0.0	0.0	3.6211500000000005e-06
240.532	0.0	0.0	0.00041627250000000004
240.662	0.0	0.0	0.0009388350000000001
240.702	0.0	0.0	0.0010451025000000002
240.772	0.0	0.0	0.0012206925000000002
240.872	0.0	0.0	0.0014872500000000003
241.002	0.0	0.0	0.0018219150000000003
241.042	0.0	0.0	0.0018203400000000004
241.102	0.0	0.0	0.0018176625000000004
241.202	0.0	0.0	0.0018134775000000001
241.332	0.0	0.0	0.0018081450000000002
241.372	0.0	0.0	0.0017066250000000002
241.442	0.0	0.0	0.0015313050000000002
241.542	0.0	0.0	0.0012598200000000003
241.672	0.0	0.0	0.0009157500000000001
241.712	0.0	0.0	0.0007570575000000001
241.782	0.0	0.0	0.0004938525000000001
241.882	0.0	0.0	9.350550000000001e-05
242.012	0.0	0.0	-0.00040956750000000007
242.052	0.0	0.0	-0.0005306625000000001
242.112	0.0	0.0	-0.0007383150000000001
242.212	0.0	0.0	-0.0010622925000000002
242.342	0.0	0.0	-0.0014761350000000002
242.382	0.0	0.0	-0.0015155100000000003
242.452	0.0	0.0	-0.0015837750000000002
242.552	0.0	0.0	-0.0016897050000000001
242.682	0.0	0.0	-0.0018240300000000004
242.722	0.0	0.0	-0.0017577225000000001
242.792	0.0	0.0	-0.0016472925000000002
242.892	0.0	0.0	-0.0014789925000000003
243.022	0.0	0.0	-0.0012673575000000002
243.062	0.0	0.0	-0.00114138
243.122	0.0	0.0	-0.0009244575
243.222	0.0	0.0	-0.000585315
243.352	0.0	0.0	-0.0001517535
243.392	0.0	0.0	-2.0574675e-05
243.452	0.0	0.0	0.00020780100000000003
243.562	0.0	0.0	0.0005628600000000001
243.692	0.0	0.0	0.001013535
243.732	0.0	0.0	0.001086795
243.802	0.0	0.0	0.0012091275000000001
243.902	0.0	0.0	0.0013958325000000002
244.032	0.0	0.0	0.0016307775000000003
244.072	0.0	0.0	0.0016098525000000001
244.132	0.0	0.0	0.0015734475000000001
244.232	0.0	0.0	0.001516275
244.362	0.0	0.0	0.0014429925
244.402	0.0	0.0	0.0013434975
244.472	0.0	0.0	0.00117207
244.572	0.0	0.0	0.0009077400000000002
244.702	0.0	0.0	0.0005743800000000001
244.742	0.0	0.0	0.00045353250000000004
244.802	0.0	0.0	0.00024543000000000004
244.902	0.0	0.0	-8.016975000000001e-05
245.032	0.0	0.0	-0.00049671
245.072	0.0	0.0	-0.0005868900000000001
245.132	0.0	0.0	-0.0007451550000000001
245.242	0.0	0.0	-0.0009921375
245.372	0.0	0.0	-0.0013060800000000003
245.412	0.0	0.0	-0.0013229550000000002
245.482	0.0	0.0	-0.0013513725000000002
245.582	0.0	0.0	-0.0013949100000000003
245.712	0.0	0.0	-0.0014497650000000002
245.752	0.0	0.0	-0.0013898475000000002
245.812	0.0	0.0	-0.0012854700000000001
245.912	0.0	0.0	-0.0011214000000000003
246.042	0.0	0.0	-0.0009112050000000001
246.082	0.0	0.0	-0.000803205
246.142	0.0	0.0	-0.0006130575
246.252	0.0	0.0	-0.0003158775
246.382	0.0	0.0	6.210225000000001e-05
246.422	0.0	0.0	0.00017104950000000003
246.492	0.0	0.0	0.00035505000000000004
246.592	0.0	0.0	0.0006375150000000001
246.722	0.0	0.0	0.00099378
246.762	0.0	0.0	0.0010428750000000002
246.822	0.0	0.0	0.0011287575
246.922	0.0	0.0	0.0012640500000000003
247.052	0.0	0.0	0.0014375025
247.092	0.0	0.0	0.0014114025000000001
247.152	0.0	0.0	0.0013652550000000001
247.262	0.0	0.0	0.0012929625
247.392	0.0	0.0	0.0012009375000000002
247.432	0.0	0.0	0.0011027925
247.502	0.0	0.0	0.0009363600000000001
247.602	0.0	0.0	0.0006803550000000001
247.732	0.0	0.0	0.00035723250000000003
247.772	0.0	0.0	0.00024336000000000003
247.832	0.0	0.0	4.3344000000000004e-05
247.932	0.0	0.0	-0.00027243
248.062	0.0	0.0	-0.0006775875000000001
248.102	0.0	0.0	-0.0007637850000000001
248.162	0.0	0.0	-0.0009168075000000001
248.272	0.0	0.0	-0.0011569725000000002
248.402	0.0	0.0	-0.0014629050000000002
248.442	0.0	0.0	-0.00147357
248.512	0.0	0.0	-0.0014917500000000002
248.612	0.0	0.0	-0.0015197625000000002
248.742	0.0	0.0	-0.001555155
248.782	0.0	0.0	-0.0014820075000000002
248.842	0.0	0.0	-0.0013529025
248.942	0.0	0.0	-0.0011487150000000002
249.072	0.0	0.0	-0.0008865000000000001
249.112	0.0	0.0	-0.0007564500000000001
249.172	0.0	0.0	-0.0005245650000000001
249.282	0.0	0.0	-0.00015996375
249.412	0.0	0.0	0.00030485250000000005
249.452	0.0	0.0	0.0004351725
249.522	0.0	0.0	0.0006578775
249.622	0.0	0.0	0.0010018575
249.752	0.0	0.0	0.001436715
249.792	0.0	0.0	0.0014892300000000002
249.852	0.0	0.0	0.0015823125000000002
249.952	0.0	0.0	0.0017298675000000001
250.082	0.0	0.0	0.0019194750000000001
250.122	0.0	0.0	0.0018711225
250.182	0.0	0.0	0.0017845650000000001
250.292	0.0	0.0	0.0016481475000000002
250.422	0.0	0.0	0.0014741325000000001
250.462	0.0	0.0	0.0013317300000000002
250.532	0.0	0.0	0.0010873575000000001
250.632	0.0	0.0	0.000709155
250.762	0.0	0.0	0.00023069250000000001
250.802	0.0	0.0	7.716375e-05
250.862	0.0	0.0	-0.00019613025
250.962	0.0	0.0	-0.00063027
251.092	0.0	0.0	-0.001188585
251.132	0.0	0.0	-0.0012916350000000002
251.192	0.0	0.0	-0.0014769225
251.302	0.0	0.0	-0.0017694675000000004
251.432	0.0	0.0	-0.0021429900000000004
251.472	0.0	0.0	-0.002133315
251.542	0.0	0.0	-0.0021166425000000003
251.642	0.0	0.0	-0.0020907900000000004
251.772	0.0	0.0	-0.0020580525
251.812	0.0	0.0	-0.001939545
251.872	0.0	0.0	-0.0017276175
251.972	0.0	0.0	-0.0013902525000000002
252.102	0.0	0.0	-0.00095607
252.142	0.0	0.0	-0.0007758900000000001
252.202	0.0	0.0	-0.00045044999999999997
252.312	0.0	0.0	6.437025000000001e-05
252.442	0.0	0.0	0.0007221825000000002
252.482	0.0	0.0	0.0008806050000000001
252.552	0.0	0.0	0.0011546775000000002
252.652	0.0	0.0	0.0015805125000000002
252.782	0.0	0.0	0.0021201075
252.822	0.0	0.0	0.002162025
252.882	0.0	0.0	0.0022373325
252.982	0.0	0.0	0.0023575500000000004
253.112	0.0	0.0	0.002512125
253.152	0.0	0.0	0.002422575
253.212	0.0	0.0	0.0022599000000000005
253.322	0.0	0.0	0.0020018925
253.452	0.0	0.0	0.0016720875000000002
253.492	0.0	0.0	0.0014782275
253.552	0.0	0.0	0.0011414700000000001
253.662	0.0	0.0	0.0006171975
253.792	0.0	0.0	-4.7657250000000005e-05
253.832	0.0	0.0	-0.00022925250000000003
253.892	0.0	0.0	-0.00055692
253.992	0.0	0.0	-0.0010806975000000002
254.122	0.0	0.0	-0.0017558550000000002
254.162	0.0	0.0	-0.0018540000000000002
254.222	0.0	0.0	-0.0020328075
254.332	0.0	0.0	-0.0023168250000000002
254.462	0.0	0.0	-0.0026802
254.502	0.0	0.0	-0.0026349750000000003
254.562	0.0	0.0	-0.0025557750000000006
254.672	0.0	0.0	-0.002432025
254.802	0.0	0.0	-0.002275425
254.832	0.0	0.0	-0.0021171375000000004
254.902	0.0	0.0	-0.001830375
255.002	0.0	0.0	-0.0013710600000000001
255.132	0.0	0.0	-0.0007785
255.172	0.0	0.0	-0.0005745375000000001
255.232	0.0	0.0	-0.00020120400000000002
255.342	0.0	0.0	0.0003929625
255.472	0.0	0.0	0.0011538899999999999
255.512	0.0	0.0	0.0013059900000000001
255.572	0.0	0.0	0.001572435
255.682	0.0	0.0	0.0019889325000000003
255.812	0.0	0.0	0.002517975
255.842	0.0	0.0	0.002531025
255.912	0.0	0.0	0.0025551000000000003
256.012	0.0	0.0	0.0025935750000000003
256.142	0.0	0.0	0.0026435250000000003
256.182	0.0	0.0	0.00252135
256.242	0.0	0.0	0.0022970250000000003
256.352	0.0	0.0	0.0019391850000000002
256.482	0.0	0.0	0.0014805675
256.522	0.0	0.0	0.001272015
256.582	0.0	0.0	0.0009051975
256.692	0.0	0.0	0.00033066000000000004
256.822	0.0	0.0	-0.00039962250000000004
256.852	0.0	0.0	-0.0005678775
256.922	0.0	0.0	-0.0008757225000000002
257.022	0.0	0.0	-0.0013708800000000003
257.152	0.0	0.0	-0.0020106
257.192	0.0	0.0	-0.0020772450000000006
257.252	0.0	0.0	-0.0022002975
257.362	0.0	0.0	-0.0023969250000000003
257.492	0.0	0.0	-0.0026491500000000003
257.532	0.0	0.0	-0.002574
257.592	0.0	0.0	-0.0024414750000000002
257.702	0.0	0.0	-0.0022335299999999996
257.832	0.0	0.0	-0.0019689075
257.862	0.0	0.0	-0.0018062100000000004
257.932	0.0	0.0	-0.0015071849999999999
258.032	0.0	0.0	-0.0010251675000000002
258.162	0.0	0.0	-0.00040194000000000004
258.202	0.0	0.0	-0.00022180050000000003
258.262	0.0	0.0	0.00011238300000000002
258.372	0.0	0.0	0.0006474825000000001
258.502	0.0	0.0	0.001334295
258.542	0.0	0.0	0.001445265
258.602	0.0	0.0	0.0016419375000000002
258.712	0.0	0.0	0.0019510875000000004
258.842	0.0	0.0	0.0023445000000000002
258.872	0.0	0.0	0.002328525
258.942	0.0	0.0	0.0022986000000000005
259.042	0.0	0.0	0.0022502250000000002
259.172	0.0	0.0	0.0021875625000000003
259.212	0.0	0.0	0.00206118
259.272	0.0	0.0	0.0018294525
259.382	0.0	0.0	0.00146151
259.512	0.0	0.0	0.00099225
259.542	0.0	0.0	0.0008300925
259.612	0.0	0.0	0.0005320575
259.712	0.0	0.0	5.127075e-05
259.842	0.0	0.0	-0.00057078
259.872	0.0	0.0	-0.00069768
259.942	0.0	0.0	-0.0009351900000000001
260.052	0.0	0.0	-0.0013169475000000001
260.182	0.0	0.0	-0.0018076050000000003
260.222	0.0	0.0	-0.0018390150000000003
260.282	0.0	0.0	-0.0018951300000000003
260.392	0.0	0.0	-0.0019836675000000003
260.522	0.0	0.0	-0.0020965275
260.552	0.0	0.0	-0.0020242575
260.622	0.0	0.0	-0.0018897525000000004
260.722	0.0	0.0	-0.0016717275000000002
260.852	0.0	0.0	-0.0013892400000000001
260.882	0.0	0.0	-0.0012530025
260.952	0.0	0.0	-0.00099711
261.052	0.0	0.0	-0.00058518
261.192	0.0	0.0	-5.54265e-05
261.232	0.0	0.0	8.200125000000001e-05
261.292	0.0	0.0	0.0003285900000000001
261.402	0.0	0.0	0.000718425
261.532	0.0	0.0	0.0012156975000000001
261.562	0.0	0.0	0.00127611
261.632	0.0	0.0	0.0013890825
261.732	0.0	0.0	0.0015725700000000001
261.862	0.0	0.0	0.0018105075000000002
261.892	0.0	0.0	0.0017815275000000004
261.962	0.0	0.0	0.0017268750000000001
262.062	0.0	0.0	0.0016386975000000003
262.202	0.0	0.0	0.0015252300000000002
262.242	0.0	0.0	0.0014179725000000002
262.302	0.0	0.0	0.0012246525000000003
262.412	0.0	0.0	0.0009184275000000002
262.542	0.0	0.0	0.0005275125000000001
262.572	0.0	0.0	0.000411255
262.642	0.0	0.0	0.00019276875000000002
262.742	0.0	0.0	-0.00016285500000000003
262.872	0.0	0.0	-0.000624285
262.902	0.0	0.0	-0.0007059375
262.972	0.0	0.0	-0.0008607600000000001
263.072	0.0	0.0	-0.0011109825000000001
263.212	0.0	0.0	-0.0014332500000000003
263.252	0.0	0.0	-0.0014406525000000001
263.312	0.0	0.0	-0.0014540625000000003
263.422	0.0	0.0	-0.0014753250000000002
263.552	0.0	0.0	-0.0015024825
263.582	0.0	0.0	-0.0014392350000000003
263.652	0.0	0.0	-0.0013197600000000001
263.752	0.0	0.0	-0.001124865
263.882	0.0	0.0	-0.0008718300000000001
263.912	0.0	0.0	-0.0007694775
263.982	0.0	0.0	-0.0005745375000000001
264.082	0.0	0.0	-0.0002588175
264.222	0.0	0.0	0.00014812200000000002
264.262	0.0	0.0	0.00024282000000000004
264.322	0.0	0.0	0.00041496750000000003
264.432	0.0	0.0	0.00068877
264.562	0.0	0.0	0.0010388475
264.592	0.0	0.0	0.0010728225000000001
264.662	0.0	0.0	0.001137285
264.762	0.0	0.0	0.0012426750000000002
264.892	0.0	0.0	0.00137961
264.922	0.0	0.0	0.0013474125
264.992	0.0	0.0	0.0012857625000000001
265.092	0.0	0.0	0.0011857275
265.232	0.0	0.0	0.0010567125000000002
265.272	0.0	0.0	0.0009702675
265.332	0.0	0.0	0.0008123850000000001
265.442	0.0	0.0	0.00056079
265.572	0.0	0.0	0.00023886
265.602	0.0	0.0	0.00015244425
265.672	0.0	0.0	-1.2377700000000002e-05
265.772	0.0	0.0	-0.0002823525
265.902	0.0	0.0	-0.0006334425000000001
265.932	0.0	0.0	-0.0006882975
266.002	0.0	0.0	-0.0007938225000000002
266.102	0.0	0.0	-0.0009653850000000001
266.242	0.0	0.0	-0.0011868750000000002
266.282	0.0	0.0	-0.0011821050000000001
266.342	0.0	0.0	-0.0011733525000000003
266.452	0.0	0.0	-0.00115938
266.582	0.0	0.0	-0.0011415150000000003
266.612	0.0	0.0	-0.0010848600000000002
266.672	0.0	0.0	-0.0009763200000000001
266.782	0.0	0.0	-0.00079812
266.912	0.0	0.0	-0.000566235
266.942	0.0	0.0	-0.000483705
267.012	0.0	0.0	-0.0003242025
267.112	0.0	0.0	-6.431625000000002e-05
267.252	0.0	0.0	0.000271395
267.292	0.0	0.0	0.00034184250000000003
267.352	0.0	0.0	0.000471645
267.462	0.0	0.0	0.0006793650000000001
267.592	0.0	0.0	0.0009455400000000001
267.622	0.0	0.0	0.0009642375000000001
267.682	0.0	0.0	0.0010002375
267.792	0.0	0.0	0.0010594575000000001
267.922	0.0	0.0	0.0011365650000000002
267.952	0.0	0.0	0.0011017350000000002
268.022	0.0	0.0	0.0010341
268.122	0.0	0.0	0.0009236475000000002
268.262	0.0	0.0	0.0007808850000000002
268.302	0.0	0.0	0.0007058025000000001
268.362	0.0	0.0	0.0005668200000000001
268.472	0.0	0.0	0.00034398
268.602	0.0	0.0	5.821425e-05
268.632	0.0	0.0	-1.0340100000000001e-05
268.692	0.0	0.0	-0.00014305500000000003
268.802	0.0	0.0	-0.00036182250000000004
268.932	0.0	0.0	-0.0006469424999999999
268.962	0.0	0.0	-0.0006843375
269.032	0.0	0.0	-0.000757305
269.132	0.0	0.0	-0.0008766900000000001
269.272	0.0	0.0	-0.0010311525
269.312	0.0	0.0	-0.0010173375
269.372	0.0	0.0	-0.000991665
269.482	0.0	0.0	-0.0009504225
269.612	0.0	0.0	-0.00089748
269.642	0.0	0.0	-0.0008449200000000001
269.702	0.0	0.0	-0.0007426575
269.812	0.0	0.0	-0.0005737275000000001
269.942	0.0	0.0	-0.00035338500000000006
269.972	0.0	0.0	-0.0002856375
270.042	0.0	0.0	-0.00015280875
270.142	0.0	0.0	6.497325000000001e-05
270.282	0.0	0.0	0.00034690500000000005
270.312	0.0	0.0	0.0003979350000000001
270.382	0.0	0.0	0.0004932675
270.492	0.0	0.0	0.0006467625
270.622	0.0	0.0	0.0008438625000000001
270.652	0.0	0.0	0.000850185
270.712	0.0	0.0	0.0008625375000000001
270.822	0.0	0.0	0.00088299
270.952	0.0	0.0	0.000909675
270.982	0.0	0.0	0.0008742150000000001
271.052	0.0	0.0	0.0008043075
271.152	0.0	0.0	0.0006894900000000001
271.292	0.0	0.0	0.0005407200000000001
271.322	0.0	0.0	0.00047868750000000005
271.392	0.0	0.0	0.000362295
271.492	0.0	0.0	0.00017452800000000002
271.632	0.0	0.0	-6.679575000000001e-05
271.662	0.0	0.0	-0.00011665800000000001
271.722	0.0	0.0	-0.00021468375
271.832	0.0	0.0	-0.00037728
271.962	0.0	0.0	-0.00058968
271.992	0.0	0.0	-0.0006106500000000001
272.062	0.0	0.0	-0.0006522075000000001
272.162	0.0	0.0	-0.0007206075000000001
272.302	0.0	0.0	-0.0008092800000000001
272.332	0.0	0.0	-0.0007904475000000002
272.402	0.0	0.0	-0.0007549650000000001
272.502	0.0	0.0	-0.0006975675000000001
272.642	0.0	0.0	-0.0006237899999999999
272.672	0.0	0.0	-0.0005807475000000001
272.732	0.0	0.0	-0.0004956975
272.842	0.0	0.0	-0.00035433000000000003
272.972	0.0	0.0	-0.00016953075000000002
273.002	0.0	0.0	-0.0001215045
273.072	0.0	0.0	-2.5902000000000004e-05
273.172	0.0	0.0	0.000131787
273.312	0.0	0.0	0.000336375
273.342	0.0	0.0	0.00036670500000000005
273.412	0.0	0.0	0.00042410250000000005
273.512	0.0	0.0	0.0005170275
273.652	0.0	0.0	0.0006365925
273.682	0.0	0.0	0.0006341175
273.742	0.0	0.0	0.00062919
273.852	0.0	0.0	0.0006209550000000001
273.982	0.0	0.0	0.0006101775000000001
274.012	0.0	0.0	0.0005802299999999999
274.082	0.0	0.0	0.0005214150000000001
274.182	0.0	0.0	0.00042520500000000006
274.322	0.0	0.0	0.0003011625
274.352	0.0	0.0	0.0002625525
274.412	0.0	0.0	0.000186228
274.522	0.0	0.0	5.925375000000001e-05
274.652	0.0	0.0	-0.00010682775000000001
274.682	0.0	0.0	-0.00013722525
274.752	0.0	0.0	-0.0001983375
274.852	0.0	0.0	-0.00029952
274.992	0.0	0.0	-0.00043098750000000003
275.022	0.0	0.0	-0.0004394925000000001
275.092	0.0	0.0	-0.0004557600000000001
275.192	0.0	0.0	-0.0004821975000000001
275.332	0.0	0.0	-0.0005162625
275.362	0.0	0.0	-0.000501345
275.422	0.0	0.0	-0.00047142000000000006
275.532	0.0	0.0	-0.00042142500000000007
275.662	0.0	0.0	-0.0003559275
275.692	0.0	0.0	-0.0003269475000000001
275.762	0.0	0.0	-0.0002684925
275.862	0.0	0.0	-0.00017154
276.002	0.0	0.0	-4.5515250000000004e-05
276.032	0.0	0.0	-1.5973650000000002e-05
276.102	0.0	0.0	4.069800000000001e-05
276.202	0.0	0.0	0.00013298625
276.342	0.0	0.0	0.00025200000000000005
276.372	0.0	0.0	0.0002654325
276.432	0.0	0.0	0.000292455
276.542	0.0	0.0	0.0003377475
276.672	0.0	0.0	0.00039710250000000004
276.702	0.0	0.0	0.00039251250000000003
276.772	0.0	0.0	0.00038317500000000003
276.872	0.0	0.0	0.00036767250000000005
277.012	0.0	0.0	0.0003475125
277.042	0.0	0.0	0.0003269475000000001
277.112	0.0	0.0	0.00028728
277.212	0.0	0.0	0.00022256550000000004
277.352	0.0	0.0	0.00013904550000000003
277.382	0.0	0.0	0.00011612475000000003
277.442	0.0	0.0	6.969150000000002e-05
277.542	0.0	0.0	-8.256600000000002e-06
277.682	0.0	0.0	-0.000110493
277.712	0.0	0.0	-0.00012766725
277.782	0.0	0.0	-0.00016268400000000002
277.882	0.0	0.0	-0.00022099275
278.022	0.0	0.0	-0.0002968875
278.052	0.0	0.0	-0.000300285
278.122	0.0	0.0	-0.00030687750000000006
278.222	0.0	0.0	-0.0003176325
278.362	0.0	0.0	-0.0003315150000000001
278.392	0.0	0.0	-0.00032053500000000005
278.452	0.0	0.0	-0.00029817000000000005
278.552	0.0	0.0	-0.00026052750000000004
278.692	0.0	0.0	-0.0002111175
278.722	0.0	0.0	-0.00019087875000000002
278.782	0.0	0.0	-0.00014938425000000002
278.892	0.0	0.0	-8.015175e-05
279.032	0.0	0.0	1.0033875e-05
279.062	0.0	0.0	3.0973500000000004e-05
279.132	0.0	0.0	7.172999999999999e-05
279.232	0.0	0.0	0.00013851
279.372	0.0	0.0	0.00022481775000000002
279.402	0.0	0.0	0.00023431500000000002
279.462	0.0	0.0	0.000253755
279.562	0.0	0.0	0.00028651500000000004
279.702	0.0	0.0	0.0003295575
279.732	0.0	0.0	0.0003248325
279.792	0.0	0.0	0.00031511250000000005
279.902	0.0	0.0	0.00029886750000000003
280.042	0.0	0.0	0.000277695
280.072	0.0	0.0	0.00025908750000000003
280.142	0.0	0.0	0.00022268700000000003
280.242	0.0	0.0	0.00016291575000000003
280.382	0.0	0.0	8.56125e-05
280.412	0.0	0.0	6.4503e-05
280.472	0.0	0.0	2.1026250000000002e-05
280.572	0.0	0.0	-5.2422750000000006e-05
280.712	0.0	0.0	-0.00014896575000000002
280.742	0.0	0.0	-0.00016473374999999998
280.802	0.0	0.0	-0.00019740150000000002
280.912	0.0	0.0	-0.000252135
281.052	0.0	0.0	-0.0003235275
281.082	0.0	0.0	-0.00032517
281.152	0.0	0.0	-0.00032838750000000003
281.252	0.0	0.0	-0.0003336750000000001
281.392	0.0	0.0	-0.00034051500000000006
281.422	0.0	0.0	-0.0003273075
281.482	0.0	0.0	-0.0002999475
281.582	0.0	0.0	-0.0002535975
281.722	0.0	0.0	-0.00019266300000000004
281.752	0.0	0.0	-0.00017012250000000002
281.812	0.0	0.0	-0.00012317175
281.922	0.0	0.0	-4.434750000000001e-05
282.062	0.0	0.0	5.8551750000000014e-05
282.092	0.0	0.0	8.025525e-05
282.162	0.0	0.0	0.0001231335
282.262	0.0	0.0	0.00019381500000000001
282.402	0.0	0.0	0.00028536750000000003
282.432	0.0	0.0	0.00029306250000000003
282.492	0.0	0.0	0.00030910500000000006
282.592	0.0	0.0	0.00033630750000000005
282.732	0.0	0.0	0.00037212750000000005
282.762	0.0	0.0	0.00036375750000000004
282.822	0.0	0.0	0.0003462525000000001
282.932	0.0	0.0	0.0003168
283.072	0.0	0.0	0.000278325
283.102	0.0	0.0	0.0002562525
283.172	0.0	0.0	0.00021238425000000004
283.272	0.0	0.0	0.00013993425
283.412	0.0	0.0	4.6028250000000004e-05
283.442	0.0	0.0	2.4311250000000002e-05
283.502	0.0	0.0	-2.1177900000000003e-05
283.602	0.0	0.0	-9.8514e-05
283.742	0.0	0.0	-0.00020038950000000002
283.772	0.0	0.0	-0.0002137455
283.832	0.0	0.0	-0.000241875
283.942	0.0	0.0	-0.00028928250000000003
284.082	0.0	0.0	-0.00035127000000000004
284.112	0.0	0.0	-0.0003488625
284.182	0.0	0.0	-0.00034404750000000006
284.282	0.0	0.0	-0.000336105
284.422	0.0	0.0	-0.00032577750000000003
284.452	0.0	0.0	-0.0003102075
284.512	0.0	0.0	-0.0002774475
284.612	0.0	0.0	-0.000221616
284.752	0.0	0.0	-0.000148023
284.782	0.0	0.0	-0.00012621825000000002
284.842	0.0	0.0	-8.004375e-05
284.952	0.0	0.0	-2.0496825e-06
285.092	0.0	0.0	9.998100000000002e-05
285.122	0.0	0.0	0.0001180125
285.192	0.0	0.0	0.0001541835
285.292	0.0	0.0	0.00021417525000000002
285.432	0.0	0.0	0.00029205
285.462	0.0	0.0	0.00029605500000000004
285.522	0.0	0.0	0.0003045375
285.622	0.0	0.0	0.000319005
285.762	0.0	0.0	0.00033810750000000004
285.792	0.0	0.0	0.00032800500000000003
285.852	0.0	0.0	0.00030649500000000005
285.962	0.0	0.0	0.000270045
286.102	0.0	0.0	0.00022236300000000003
286.132	0.0	0.0	0.00020144925000000003
286.202	0.0	0.0	0.00015927525
286.302	0.0	0.0	8.919000000000002e-05
286.442	0.0	0.0	-1.85076e-06
286.472	0.0	0.0	-2.09016e-05
286.532	0.0	0.0	-6.15015e-05
286.632	0.0	0.0	-0.000130968
286.772	0.0	0.0	-0.00022267350000000004
286.802	0.0	0.0	-0.000233505
286.862	0.0	0.0	-0.00025670250000000004
286.972	0.0	0.0	-0.00029603249999999995
287.112	0.0	0.0	-0.00034758000000000006
287.142	0.0	0.0	-0.00034357500000000004
287.212	0.0	0.0	-0.00033549750000000004
287.312	0.0	0.0	-0.000322065
287.452	0.0	0.0	-0.0003045825
287.482	0.0	0.0	-0.0002882025
287.542	0.0	0.0	-0.0002527875
287.642	0.0	0.0	-0.00019192500000000002
287.782	0.0	0.0	-0.00011138849999999999
287.812	0.0	0.0	-8.725725e-05
287.872	0.0	0.0	-3.635325e-05
287.982	0.0	0.0	4.9245750000000005e-05
288.122	0.0	0.0	0.00016069950000000002
288.152	0.0	0.0	0.00017901900000000004
288.212	0.0	0.0	0.00021806550000000001
288.312	0.0	0.0	0.00028493999999999997
288.452	0.0	0.0	0.0003732525000000001
288.482	0.0	0.0	0.00037746000000000004
288.542	0.0	0.0	0.0003865725
288.652	0.0	0.0	0.000402075
288.792	0.0	0.0	0.0004224375
288.822	0.0	0.0	0.0004070925
288.882	0.0	0.0	0.00037575000000000005
288.992	0.0	0.0	0.00032337
289.132	0.0	0.0	0.0002551725
289.162	0.0	0.0	0.00022889250000000002
289.222	0.0	0.0	0.00017196749999999998
289.322	0.0	0.0	7.402050000000001e-05
289.462	0.0	0.0	-5.55255e-05
289.492	0.0	0.0	-8.323425000000001e-05
289.552	0.0	0.0	-0.00014348700000000003
289.662	0.0	0.0	-0.00024624000000000005
289.802	0.0	0.0	-0.000381105
289.832	0.0	0.0	-0.00039570750000000003
289.892	0.0	0.0	-0.0004257225
290.002	0.0	0.0	-0.000475965
290.142	0.0	0.0	-0.0005414175
290.172	0.0	0.0	-0.000533025
290.232	0.0	0.0	-0.000514755
290.332	0.0	0.0	-0.00048323250000000006
290.472	0.0	0.0	-0.000441495
290.502	0.0	0.0	-0.00041271750000000006
290.562	0.0	0.0	-0.00034974
290.672	0.0	0.0	-0.0002421225
290.812	0.0	0.0	-0.00010079325000000001
290.842	0.0	0.0	-6.240150000000001e-05
290.902	0.0	0.0	1.69371e-05
291.012	0.0	0.0	0.00015005025000000002
291.152	0.0	0.0	0.0003235275
291.182	0.0	0.0	0.0003475125
291.242	0.0	0.0	0.0004000275
291.342	0.0	0.0	0.00049077
291.482	0.0	0.0	0.0006109875000000001
291.512	0.0	0.0	0.0006113925
291.572	0.0	0.0	0.0006123150000000001
291.682	0.0	0.0	0.0006138675
291.822	0.0	0.0	0.0006159375000000001
291.852	0.0	0.0	0.0005878125000000001
291.912	0.0	0.0	0.00052938
292.022	0.0	0.0	0.00043112250000000005
292.162	0.0	0.0	0.0003030075
292.192	0.0	0.0	0.000263745
292.252	0.0	0.0	0.00017717625
292.352	0.0	0.0	2.7279e-05
292.492	0.0	0.0	-0.00017139150000000002
292.522	0.0	0.0	-0.00020701349999999999
292.582	0.0	0.0	-0.00028584
292.692	0.0	0.0	-0.00042111000000000004
292.832	0.0	0.0	-0.0005989950000000001
292.862	0.0	0.0	-0.0006117975
292.922	0.0	0.0	-0.0006385275
293.032	0.0	0.0	-0.00068355
293.172	0.0	0.0	-0.0007423200000000001
293.202	0.0	0.0	-0.0007245225000000001
293.262	0.0	0.0	-0.0006850575000000002
293.362	0.0	0.0	-0.0006165449999999999
293.502	0.0	0.0	-0.0005256900000000001
293.532	0.0	0.0	-0.00048483000000000006
293.592	0.0	0.0	-0.00039386250000000004
293.702	0.0	0.0	-0.000237465
293.842	0.0	0.0	-3.1626e-05
293.872	0.0	0.0	1.5105375000000001e-05
293.932	0.0	0.0	0.00011326725000000002
294.042	0.0	0.0	0.00027897750000000003
294.182	0.0	0.0	0.0004954050000000001
294.212	0.0	0.0	0.0005189624999999999
294.272	0.0	0.0	0.0005715450000000001
294.372	0.0	0.0	0.000662985
294.512	0.0	0.0	0.0007843500000000001
294.542	0.0	0.0	0.0007773075000000001
294.602	0.0	0.0	0.0007615125000000001
294.712	0.0	0.0	0.0007342875
294.852	0.0	0.0	0.0006984450000000001
294.882	0.0	0.0	0.0006598350000000001
294.942	0.0	0.0	0.0005782725000000001
295.052	0.0	0.0	0.00044032500000000004
295.192	0.0	0.0	0.0002600325
295.222	0.0	0.0	0.00021483450000000002
295.282	0.0	0.0	0.00011332125000000001
295.382	0.0	0.0	-6.360300000000001e-05
295.522	0.0	0.0	-0.000298575
295.552	0.0	0.0	-0.0003336750000000001
295.612	0.0	0.0	-0.0004127625
295.722	0.0	0.0	-0.0005493150000000001
295.862	0.0	0.0	-0.0007292475000000001
295.892	0.0	0.0	-0.0007352550000000001
295.952	0.0	0.0	-0.0007480350000000001
296.062	0.0	0.0	-0.00076968
296.202	0.0	0.0	-0.0007980075000000002
296.232	0.0	0.0	-0.0007727850000000002
296.292	0.0	0.0	-0.0007157925
296.392	0.0	0.0	-0.0006162525000000001
296.532	0.0	0.0	-0.00048393000000000004
296.562	0.0	0.0	-0.00043890750000000005
296.622	0.0	0.0	-0.000336825
296.732	0.0	0.0	-0.00016024500000000002
296.872	0.0	0.0	7.264125e-05
296.902	0.0	0.0	0.00011739600000000001
296.962	0.0	0.0	0.00021299175000000003
297.072	0.0	0.0	0.0003753450000000001
297.212	0.0	0.0	0.0005878575000000001
297.242	0.0	0.0	0.000605115
297.302	0.0	0.0	0.0006444
297.402	0.0	0.0	0.0007131375
297.542	0.0	0.0	0.0008045550000000001
297.572	0.0	0.0	0.0007907175
297.632	0.0	0.0	0.000759195
297.742	0.0	0.0	0.0007045200000000001
297.882	0.0	0.0	0.0006323850000000001
297.912	0.0	0.0	0.00059103
297.972	0.0	0.0	0.0005022
298.082	0.0	0.0	0.00035102250000000005
298.222	0.0	0.0	0.00015300675
298.252	0.0	0.0	0.00011131874999999999
298.312	0.0	0.0	1.5869025000000002e-05
298.412	0.0	0.0	-0.000151551
298.552	0.0	0.0	-0.0003743775
298.582	0.0	0.0	-0.00040176000000000003
298.642	0.0	0.0	-0.00046458
298.752	0.0	0.0	-0.0005737275000000001
298.892	0.0	0.0	-0.0007178625000000001
298.922	0.0	0.0	-0.0007161750000000001
298.982	0.0	0.0	-0.0007125525000000001
299.092	0.0	0.0	-0.000706365
299.232	0.0	0.0	-0.0006982425000000001
299.262	0.0	0.0	-0.0006711300000000001
299.322	0.0	0.0	-0.0006086025
299.422	0.0	0.0	-0.0004987125000000001
299.562	0.0	0.0	-0.00035235
299.592	0.0	0.0	-0.0003121875
299.652	0.0	0.0	-0.00021942000000000004
299.762	0.0	0.0	-5.7951e-05
299.902	0.0	0.0	0.00015543225000000003
299.932	0.0	0.0	0.00019010925000000002
299.992	0.0	0.0	0.000265455
300.102	0.0	0.0	0.00039422250000000007
300.242	0.0	0.0	0.0005631075
300.272	0.0	0.0	0.0005719725000000001
300.332	0.0	0.0	0.0005925375
300.432	0.0	0.0	0.0006287625000000001
300.572	0.0	0.0	0.0006770475000000001
300.602	0.0	0.0	0.0006603975
300.662	0.0	0.0	0.0006216975000000001
300.772	0.0	0.0	0.0005541750000000001
300.912	0.0	0.0	0.00046491750000000003
300.942	0.0	0.0	0.000429165
301.002	0.0	0.0	0.000351045
301.112	0.0	0.0	0.00021728925000000002
301.252	0.0	0.0	4.172175e-05
301.282	0.0	0.0	1.058175e-05
301.332	0.0	0.0	-6.21405e-05
301.442	0.0	0.0	-0.00019051875000000002
301.582	0.0	0.0	-0.00036173250000000003
301.612	0.0	0.0	-0.0003781800000000001
301.672	0.0	0.0	-0.0004166775
301.782	0.0	0.0	-0.00048393000000000004
301.922	0.0	0.0	-0.00057294
301.952	0.0	0.0	-0.0005661450000000001
302.012	0.0	0.0	-0.0005511825000000001
302.122	0.0	0.0	-0.0005255550000000001
302.262	0.0	0.0	-0.000491895
302.292	0.0	0.0	-0.00046928250000000007
302.342	0.0	0.0	-0.00041571
302.452	0.0	0.0	-0.00032064750000000003
302.592	0.0	0.0	-0.00019358775
302.622	0.0	0.0	-0.00016435125
302.682	0.0	0.0	-9.715275000000002e-05
302.792	0.0	0.0	1.9288575000000002e-05
302.932	0.0	0.0	0.00017246025000000002
302.962	0.0	0.0	0.00019093500000000001
303.012	0.0	0.0	0.00023409000000000003
303.122	0.0	0.0	0.0003103425
303.262	0.0	0.0	0.0004120875
303.292	0.0	0.0	0.00041402250000000006
303.352	0.0	0.0	0.00041861250000000007
303.462	0.0	0.0	0.00042666750000000005
303.602	0.0	0.0	0.0004373325000000001
303.632	0.0	0.0	0.00042207750000000004
303.692	0.0	0.0	0.00038819250000000005
303.802	0.0	0.0	0.0003298725000000001
303.942	0.0	0.0	0.00025317000000000004
303.962	0.0	0.0	0.0002328075
304.022	0.0	0.0	0.00018437850000000002
304.132	0.0	0.0	9.841050000000001e-05
304.272	0.0	0.0	-1.645515e-05
304.302	0.0	0.0	-3.387825000000001e-05
304.362	0.0	0.0	-7.534800000000001e-05
304.472	0.0	0.0	-0.00014823000000000004
304.612	0.0	0.0	-0.00024484500000000005
304.642	0.0	0.0	-0.00025139250000000003
304.702	0.0	0.0	-0.00026604000000000005
304.812	0.0	0.0	-0.00029128500000000007
304.952	0.0	0.0	-0.00032451750000000003
304.972	0.0	0.0	-0.00031862249999999997
305.032	0.0	0.0	-0.00030449249999999997
305.142	0.0	0.0	-0.0002793375
305.282	0.0	0.0	-0.0002457
305.312	0.0	0.0	-0.0002321325
305.372	0.0	0.0	-0.00019963800000000003
305.482	0.0	0.0	-0.00014239125
305.622	0.0	0.0	-6.644925e-05
305.652	0.0	0.0	-5.118300000000001e-05
305.712	0.0	0.0	-1.68858e-05
305.822	0.0	0.0	4.24125e-05
305.962	0.0	0.0	0.00012049200000000001
305.982	0.0	0.0	0.000128979
306.042	0.0	0.0	0.0001494405
306.152	0.0	0.0	0.00018592200000000004
306.292	0.0	0.0	0.00023474250000000003
306.322	0.0	0.0	0.0002353275
306.382	0.0	0.0	0.00023679000000000001
306.492	0.0	0.0	0.00023937750000000002
306.632	0.0	0.0	0.0002427975
306.662	0.0	0.0	0.0002340225
306.722	0.0	0.0	0.0002142225
306.832	0.0	0.0	0.00017990550000000001
306.972	0.0	0.0	0.00013468950000000002
306.992	0.0	0.0	0.00012110400000000001
307.052	0.0	0.0	8.811900000000001e-05
307.162	0.0	0.0	2.9182500000000004e-05
307.302	0.0	0.0	-4.9725e-05
307.332	0.0	0.0	-6.451200000000001e-05
307.392	0.0	0.0	-0.00010041525000000001
307.502	0.0	0.0	-0.00016390800000000002
307.642	0.0	0.0	-0.00024824250000000003
307.672	0.0	0.0	-0.00025674750000000005
307.732	0.0	0.0	-0.000276075
307.842	0.0	0.0	-0.000309645
307.982	0.0	0.0	-0.00035388000000000005
308.002	0.0	0.0	-0.00034929000000000004
308.062	0.0	0.0	-0.00033806250000000004
308.172	0.0	0.0	-0.00031797
308.312	0.0	0.0	-0.00029106
308.342	0.0	0.0	-0.00027315
308.402	0.0	0.0	-0.0002293875
308.512	0.0	0.0	-0.00015184349999999998
308.652	0.0	0.0	-4.875975000000001e-05
308.682	0.0	0.0	-2.29095e-05
308.742	0.0	0.0	3.6252000000000005e-05
308.852	0.0	0.0	0.00013917375000000002
308.992	0.0	0.0	0.0002749725
309.012	0.0	0.0	0.00029193750000000004
309.072	0.0	0.0	0.0003337425
309.182	0.0	0.0	0.00040875750000000005
309.322	0.0	0.0	0.00050931
309.342	0.0	0.0	0.000509805
309.412	0.0	0.0	0.0005109975000000001
309.522	0.0	0.0	0.0005131125
309.662	0.0	0.0	0.000515925
309.692	0.0	0.0	0.0004940325
309.752	0.0	0.0	0.00044361000000000004
309.862	0.0	0.0	0.00035572500000000004
310.002	0.0	0.0	0.00023967000000000004
310.022	0.0	0.0	0.00020820375000000002
310.082	0.0	0.0	0.00013015575
310.192	0.0	0.0	-1.0208475e-05
310.332	0.0	0.0	-0.00019851750000000003
310.352	0.0	0.0	-0.00022824
310.422	0.0	0.0	-0.0003019275
310.522	0.0	0.0	-0.000433035
310.672	0.0	0.0	-0.0006075675000000001
310.702	0.0	0.0	-0.0006183900000000001
310.762	0.0	0.0	-0.000643455
310.872	0.0	0.0	-0.0006872625000000001
311.012	0.0	0.0	-0.0007451325000000001
311.032	0.0	0.0	-0.0007287750000000001
311.092	0.0	0.0	-0.0006879150000000001
311.202	0.0	0.0	-0.0006142725000000001
311.342	0.0	0.0	-0.00051543
311.362	0.0	0.0	-0.0004772025000000001
311.432	0.0	0.0	-0.00038178
311.532	0.0	0.0	-0.00021166425000000006
311.682	0.0	0.0	1.4924025000000003e-05
311.712	0.0	0.0	5.9775750000000015e-05
311.772	0.0	0.0	0.00016438725000000003
311.882	0.0	0.0	0.00034749000000000005
312.022	0.0	0.0	0.0005896124999999999
312.042	0.0	0.0	0.0006118200000000001
312.102	0.0	0.0	0.000667755
312.212	0.0	0.0	0.0007688025
312.352	0.0	0.0	0.0009045225000000001
312.372	0.0	0.0	0.000896265
312.442	0.0	0.0	0.0008755200000000001
312.542	0.0	0.0	0.0008384625000000001
312.692	0.0	0.0	0.000789075
312.722	0.0	0.0	0.0007479000000000001
312.782	0.0	0.0	0.0006512400000000001
312.892	0.0	0.0	0.00048168
313.032	0.0	0.0	0.0002573775
313.052	0.0	0.0	0.00020993850000000002
313.112	0.0	0.0	8.966250000000002e-05
313.222	0.0	0.0	-0.00012804975000000002
313.362	0.0	0.0	-0.000420705
313.382	0.0	0.0	-0.00045760500000000003
313.452	0.0	0.0	-0.0005510025
313.552	0.0	0.0	-0.0007182225000000001
313.702	0.0	0.0	-0.00094122
313.732	0.0	0.0	-0.000946215
313.792	0.0	0.0	-0.0009579600000000001
313.902	0.0	0.0	-0.0009786375
314.042	0.0	0.0	-0.00100602
314.062	0.0	0.0	-0.0009765450000000001
314.122	0.0	0.0	-0.00090126
314.232	0.0	0.0	-0.0007646625000000001
314.372	0.0	0.0	-0.0005809500000000001
314.392	0.0	0.0	-0.0005288625
314.452	0.0	0.0	-0.0003960675
314.562	0.0	0.0	-0.00015779250000000003
314.712	0.0	0.0	0.00016019775
314.742	0.0	0.0	0.00021219750000000002
314.802	0.0	0.0	0.0003358575
314.912	0.0	0.0	0.0005536800000000001
315.052	0.0	0.0	0.0008422425
315.072	0.0	0.0	0.0008610975000000001
315.132	0.0	0.0	0.00090963
315.242	0.0	0.0	0.0009978525000000002
315.382	0.0	0.0	0.0011166075
315.402	0.0	0.0	0.0010980900000000001
315.462	0.0	0.0	0.001050525
315.572	0.0	0.0	0.0009650025
315.722	0.0	0.0	0.0008508150000000001
315.752	0.0	0.0	0.0007981425000000001
315.812	0.0	0.0	0.0006720750000000001
315.922	0.0	0.0	0.000449595
316.062	0.0	0.0	0.0001546335
316.082	0.0	0.0	0.00010283850000000001
316.142	0.0	0.0	-3.151125000000001e-05
316.252	0.0	0.0	-0.0002762775
316.392	0.0	0.0	-0.0006059475
316.412	0.0	0.0	-0.0006396075000000001
316.472	0.0	0.0	-0.0007266375
316.582	0.0	0.0	-0.0008834850000000002
316.732	0.0	0.0	-0.0010930725
316.762	0.0	0.0	-0.001088865
316.822	0.0	0.0	-0.001078785
316.932	0.0	0.0	-0.0010609425000000002
317.072	0.0	0.0	-0.0010372724999999998
317.092	0.0	0.0	-0.0010006425
317.152	0.0	0.0	-0.0009039825000000001
317.262	0.0	0.0	-0.0007269300000000001
317.402	0.0	0.0	-0.00048798000000000005
317.422	0.0	0.0	-0.00043121250000000005
317.492	0.0	0.0	-0.00028734750000000003
317.592	0.0	0.0	-3.0384000000000003e-05
317.742	0.0	0.0	0.00031099500000000005
317.762	0.0	0.0	0.0003535650000000001
317.822	0.0	0.0	0.0004640175
317.932	0.0	0.0	0.00066546
318.072	0.0	0.0	0.0009369225000000001
318.092	0.0	0.0	0.0009490950000000001
318.152	0.0	0.0	0.0009810225000000002
318.262	0.0	0.0	0.00103878
318.412	0.0	0.0	0.0011160675
318.442	0.0	0.0	0.00108837
318.502	0.0	0.0	0.001020825
318.612	0.0	0.0	0.0009009675000000002
318.752	0.0	0.0	0.0007418025000000001
318.772	0.0	0.0	0.0006945975000000001
318.832	0.0	0.0	0.0005695875
318.942	0.0	0.0	0.0003404925
319.082	0.0	0.0	3.138525e-05
319.102	0.0	0.0	-1.7826300000000002e-05
319.162	0.0	0.0	-0.00014770575000000002
319.272	0.0	0.0	-0.00038301750000000004
319.422	0.0	0.0	-0.0006980175000000001
319.442	0.0	0.0	-0.0007251975000000001
319.512	0.0	0.0	-0.0007918875000000001
319.622	0.0	0.0	-0.0009105075000000001
319.762	0.0	0.0	-0.0010681425
319.782	0.0	0.0	-0.0010581750000000002
319.842	0.0	0.0	-0.0010315125
319.952	0.0	0.0	-0.000982575
320.092	0.0	0.0	-0.0009164925
320.112	0.0	0.0	-0.0008768475000000001
320.172	0.0	0.0	-0.0007714125
320.282	0.0	0.0	-0.0005799825
320.432	0.0	0.0	-0.00032357250000000006
320.452	0.0	0.0	-0.0002702025
320.522	0.0	0.0	-0.00013828950000000003
320.622	0.0	0.0	9.676575000000001e-05
320.772	0.0	0.0	0.000409365
320.792	0.0	0.0	0.000441855
320.852	0.0	0.0	0.0005293350000000001
320.962	0.0	0.0	0.0006903
321.102	0.0	0.0	0.0009078075000000001
321.122	0.0	0.0	0.0009115200000000002
321.182	0.0	0.0	0.0009215100000000002
321.292	0.0	0.0	0.0009396900000000001
321.442	0.0	0.0	0.0009640575000000001
321.462	0.0	0.0	0.00093402
321.532	0.0	0.0	0.0008592750000000002
321.632	0.0	0.0	0.0007258050000000002
321.782	0.0	0.0	0.00054819
321.802	0.0	0.0	0.0005065425
321.862	0.0	0.0	0.0003935925
321.972	0.0	0.0	0.00018528075000000003
322.112	0.0	0.0	-9.63675e-05
322.132	0.0	0.0	-0.00013470525000000002
322.192	0.0	0.0	-0.0002382525
322.302	0.0	0.0	-0.0004270275
322.452	0.0	0.0	-0.00068022
322.472	0.0	0.0	-0.00069633
322.542	0.0	0.0	-0.0007366725000000001
322.642	0.0	0.0	-0.000808875
322.792	0.0	0.0	-0.000904995
322.812	0.0	0.0	-0.0008913150000000002
322.872	0.0	0.0	-0.0008538975
322.982	0.0	0.0	-0.000784755
323.122	0.0	0.0	-0.0006911775000000001
323.142	0.0	0.0	-0.0006563475000000001
323.202	0.0	0.0	-0.0005614875
323.312	0.0	0.0	-0.000388215
323.462	0.0	0.0	-0.00015564150000000002
323.482	0.0	0.0	-0.00011448450000000002
323.552	0.0	0.0	-1.0625400000000002e-05
323.652	0.0	0.0	0.00017561475
323.802	0.0	0.0	0.00042378749999999997
323.822	0.0	0.0	0.00044496
323.882	0.0	0.0	0.0005033475000000001
323.992	0.0	0.0	0.00061155
324.132	0.0	0.0	0.0007580025000000002
324.152	0.0	0.0	0.0007555725000000001
324.212	0.0	0.0	0.0007488675000000001
324.322	0.0	0.0	0.0007365825
324.472	0.0	0.0	0.0007201125000000001
324.492	0.0	0.0	0.0006932025
324.552	0.0	0.0	0.0006248250000000001
324.662	0.0	0.0	0.000501975
324.812	0.0	0.0	0.00033815250000000005
324.832	0.0	0.0	0.00030654
324.892	0.0	0.0	0.00021857175000000002
325.002	0.0	0.0	5.527350000000001e-05
325.142	0.0	0.0	-0.00016593975000000002
325.162	0.0	0.0	-0.00019170000000000002
325.222	0.0	0.0	-0.0002629575
325.332	0.0	0.0	-0.00039366000000000005
325.482	0.0	0.0	-0.0005693175
325.502	0.0	0.0	-0.0005764724999999999
325.562	0.0	0.0	-0.0005948100000000001
325.672	0.0	0.0	-0.0006278400000000001
325.822	0.0	0.0	-0.000671895
325.842	0.0	0.0	-0.0006584399999999999
325.902	0.0	0.0	-0.0006206625000000001
326.002	0.0	0.0	-0.0005503950000000001
326.152	0.0	0.0	-0.00045515250000000007
326.172	0.0	0.0	-0.00042849000000000007
326.232	0.0	0.0	-0.00035412750000000004
326.342	0.0	0.0	-0.0002174175
326.492	0.0	0.0	-3.358575e-05
326.512	0.0	0.0	-5.219775e-06
326.572	0.0	0.0	6.793425e-05
326.682	0.0	0.0	0.00019993725000000002
326.832	0.0	0.0	0.0003761775
326.852	0.0	0.0	0.0003885075
326.912	0.0	0.0	0.00042342750000000005
327.012	0.0	0.0	0.00048852
327.162	0.0	0.0	0.0005768100000000001
327.182	0.0	0.0	0.00057186
327.242	0.0	0.0	0.0005579550000000001
327.352	0.0	0.0	0.0005323275
327.502	0.0	0.0	0.000497835
327.522	0.0	0.0	0.00047630250000000007
327.582	0.0	0.0	0.00042036750000000006
327.692	0.0	0.0	0.00031923000000000005
327.842	0.0	0.0	0.00018412425000000003
327.862	0.0	0.0	0.0001612755
327.922	0.0	0.0	9.605250000000002e-05
328.022	0.0	0.0	-2.5814250000000004e-05
328.172	0.0	0.0	-0.00019122525000000003
328.192	0.0	0.0	-0.00020838375
328.252	0.0	0.0	-0.00025701749999999996
328.362	0.0	0.0	-0.00034681500000000005
328.512	0.0	0.0	-0.0004677300000000001
328.532	0.0	0.0	-0.00047043
328.592	0.0	0.0	-0.00047751750000000006
328.702	0.0	0.0	-0.0004903425
328.852	0.0	0.0	-0.0005074875000000001
328.872	0.0	0.0	-0.0004955175
328.932	0.0	0.0	-0.00046102500000000005
329.032	0.0	0.0	-0.00039645000000000007
329.182	0.0	0.0	-0.0003087225
329.202	0.0	0.0	-0.00028734750000000003
329.262	0.0	0.0	-0.00022628250000000002
329.372	0.0	0.0	-0.00011327400000000003
329.522	0.0	0.0	3.8974500000000004e-05
329.542	0.0	0.0	6.095250000000001e-05
329.602	0.0	0.0	0.00011892375000000001
329.712	0.0	0.0	0.00022417875000000002
329.862	0.0	0.0	0.00036499500000000007
329.882	0.0	0.0	0.00037377000000000005
329.942	0.0	0.0	0.00039928500000000004
330.042	0.0	0.0	0.0004471875000000001
330.192	0.0	0.0	0.00051228
330.212	0.0	0.0	0.0005064525000000001
330.272	0.0	0.0	0.0004896
330.382	0.0	0.0	0.00045837000000000004
330.532	0.0	0.0	0.00041627250000000004
330.552	0.0	0.0	0.00039577500000000007
330.612	0.0	0.0	0.0003413025
330.722	0.0	0.0	0.00024216750000000004
330.872	0.0	0.0	0.0001094895
330.892	0.0	0.0	8.792775000000001e-05
330.952	0.0	0.0	2.4705e-05
331.052	0.0	0.0	-9.420075000000001e-05
331.202	0.0	0.0	-0.0002558925
331.222	0.0	0.0	-0.00027204750000000004
331.282	0.0	0.0	-0.00031898250000000005
331.392	0.0	0.0	-0.00040619250000000005
331.542	0.0	0.0	-0.000523845
331.562	0.0	0.0	-0.0005250825
331.622	0.0	0.0	-0.0005284125
331.732	0.0	0.0	-0.000534465
331.882	0.0	0.0	-0.0005425650000000001
331.902	0.0	0.0	-0.000528345
331.962	0.0	0.0	-0.000485775
332.062	0.0	0.0	-0.0004052925000000001
332.212	0.0	0.0	-0.0002956275
332.232	0.0	0.0	-0.0002692575
332.292	0.0	0.0	-0.0001944405
332.402	0.0	0.0	-5.668425000000001e-05
332.552	0.0	0.0	0.00012809250000000001
332.572	0.0	0.0	0.00015077249999999998
332.632	0.0	0.0	0.00021731175000000002
332.732	0.0	0.0	0.00034256250000000004
332.882	0.0	0.0	0.000513
332.902	0.0	0.0	0.0005228325
332.962	0.0	0.0	0.0005519025
333.072	0.0	0.0	0.0006061500000000001
333.222	0.0	0.0	0.0006794100000000001
333.242	0.0	0.0	0.0006682050000000002
333.302	0.0	0.0	0.0006378075000000001
333.412	0.0	0.0	0.0005822100000000001
333.562	0.0	0.0	0.000507645
333.582	0.0	0.0	0.00048273750000000007
333.642	0.0	0.0	0.00040788000000000006
333.742	0.0	0.0	0.000266265
333.892	0.0	0.0	7.3359e-05
333.912	0.0	0.0	4.290525000000001e-05
333.972	0.0	0.0	-4.774050000000001e-05
334.082	0.0	0.0	-0.00021708675000000005
334.232	0.0	0.0	-0.0004459275
334.252	0.0	0.0	-0.00046719000000000003
334.312	0.0	0.0	-0.0005253300000000001
334.422	0.0	0.0	-0.000631935
334.572	0.0	0.0	-0.0007749900000000001
334.592	0.0	0.0	-0.0007727625
334.652	0.0	0.0	-0.0007660125
334.752	0.0	0.0	-0.00075321
334.902	0.0	0.0	-0.0007357500000000001
334.922	0.0	0.0	-0.0007115400000000001
334.982	0.0	0.0	-0.0006388425
335.092	0.0	0.0	-0.00050274
335.242	0.0	0.0	-0.00031869
335.262	0.0	0.0	-0.00027981
335.322	0.0	0.0	-0.00017264925
335.432	0.0	0.0	2.4234750000000004e-05
335.582	0.0	0.0	0.00028858500000000006
335.602	0.0	0.0	0.000315765
335.662	0.0	0.0	0.00039903750000000004
335.762	0.0	0.0	0.0005572350000000001
335.912	0.0	0.0	0.0007730100000000001
335.932	0.0	0.0	0.000780615
335.992	0.0	0.0	0.000803655
336.102	0.0	0.0	0.0008468775000000001
336.252	0.0	0.0	0.0009053775000000001
336.272	0.0	0.0	0.0008848800000000001
336.332	0.0	0.0	0.0008279325
336.442	0.0	0.0	0.000723105
336.592	0.0	0.0	0.0005822550000000001
336.612	0.0	0.0	0.000548325
336.662	0.0	0.0	0.00044345250000000006
336.772	0.0	0.0	0.0002437425
336.922	0.0	0.0	-2.8822500000000004e-05
336.942	0.0	0.0	-6.475050000000001e-05
337.002	0.0	0.0	-0.00017462475
337.112	0.0	0.0	-0.000381195
337.262	0.0	0.0	-0.00066087
337.282	0.0	0.0	-0.0006806475000000001
337.342	0.0	0.0	-0.0007360200000000001
337.452	0.0	0.0	-0.0008382375000000001
337.602	0.0	0.0	-0.0009756225
337.622	0.0	0.0	-0.0009669600000000001
337.672	0.0	0.0	-0.0009398925000000001
337.782	0.0	0.0	-0.0008882325
337.932	0.0	0.0	-0.0008176724999999999
337.952	0.0	0.0	-0.000785745
338.012	0.0	0.0	-0.0006871725000000001
338.122	0.0	0.0	-0.00050148
338.272	0.0	0.0	-0.0002499075
338.292	0.0	0.0	-0.00020655900000000004
338.352	0.0	0.0	-8.411400000000001e-05
338.462	0.0	0.0	0.00014227425000000002
338.612	0.0	0.0	0.0004468275
338.632	0.0	0.0	0.00047214000000000007
338.682	0.0	0.0	0.0005520150000000001
338.792	0.0	0.0	0.0007047675000000002
338.942	0.0	0.0	0.0009135225000000001
338.962	0.0	0.0	0.0009151650000000001
339.022	0.0	0.0	0.0009202500000000001
339.132	0.0	0.0	0.0009298575000000002
339.282	0.0	0.0	0.0009428850000000001
339.302	0.0	0.0	0.0009159075
339.362	0.0	0.0	0.000839025
339.472	0.0	0.0	0.0006965775
339.622	0.0	0.0	0.0005048324999999999
339.642	0.0	0.0	0.00046944
339.692	0.0	0.0	0.00035664750000000004
339.802	0.0	0.0	0.00014046750000000003
339.952	0.0	0.0	-0.00015515325000000003
339.972	0.0	0.0	-0.0001874385
340.032	0.0	0.0	-0.00028899000000000004
340.142	0.0	0.0	-0.00048114
340.292	0.0	0.0	-0.0007417575
340.312	0.0	0.0	-0.0007543350000000001
340.372	0.0	0.0	-0.0007904925
340.482	0.0	0.0	-0.0008576325000000002
340.632	0.0	0.0	-0.0009480600000000001
340.652	0.0	0.0	-0.0009347175000000001
340.702	0.0	0.0	-0.0008917650000000001
340.812	0.0	0.0	-0.0008093025000000001
340.962	0.0	0.0	-0.0006964425000000001
340.982	0.0	0.0	-0.0006646950000000001
341.042	0.0	0.0	-0.000563895
341.152	0.0	0.0	-0.00037280250000000005
341.302	0.0	0.0	-0.00011342925
341.322	0.0	0.0	-7.634925e-05
341.382	0.0	0.0	3.10905e-05
341.492	0.0	0.0	0.00023098500000000007
341.642	0.0	0.0	0.0005004225000000001
341.662	0.0	0.0	0.000518085
341.712	0.0	0.0	0.0005755275000000001
341.822	0.0	0.0	0.0006860925000000001
341.972	0.0	0.0	0.0008374725000000001
341.992	0.0	0.0	0.0008336250000000001
342.052	0.0	0.0	0.00082125
342.162	0.0	0.0	0.0007977600000000002
342.312	0.0	0.0	0.0007658550000000001
342.332	0.0	0.0	0.0007396200000000001
342.392	0.0	0.0	0.0006629625000000001
342.502	0.0	0.0	0.0005199975
342.652	0.0	0.0	0.0003272175
342.672	0.0	0.0	0.000298485
342.722	0.0	0.0	0.00020405475
342.832	0.0	0.0	2.187225e-05
342.982	0.0	0.0	-0.0002277225
343.002	0.0	0.0	-0.00025038
343.062	0.0	0.0	-0.0003237075
343.172	0.0	0.0	-0.0004633425
343.322	0.0	0.0	-0.0006531075000000001
343.342	0.0	0.0	-0.0006580125000000001
343.402	0.0	0.0	-0.0006724575000000001
343.512	0.0	0.0	-0.0006994575000000001
343.662	0.0	0.0	-0.0007359075000000001
343.682	0.0	0.0	-0.00072234
343.732	0.0	0.0	-0.0006772725
343.842	0.0	0.0	-0.0005901525000000001
343.992	0.0	0.0	-0.00047070000000000006
344.012	0.0	0.0	-0.00044574750000000003
344.072	0.0	0.0	-0.00036409500000000004
344.182	0.0	0.0	-0.0002082915
344.332	0.0	0.0	3.5608500000000004e-06
344.352	0.0	0.0	2.9166750000000007e-05
344.412	0.0	0.0	0.00010533375000000001
344.522	0.0	0.0	0.00024795000000000004
344.672	0.0	0.0	0.0004405275000000001
344.692	0.0	0.0	0.000450135
344.742	0.0	0.0	0.0004824
344.852	0.0	0.0	0.000544905
345.002	0.0	0.0	0.0006306749999999999
345.022	0.0	0.0	0.0006245775
345.082	0.0	0.0	0.0006044625
345.192	0.0	0.0	0.00056601
345.342	0.0	0.0	0.000513675
345.362	0.0	0.0	0.0004932225
345.422	0.0	0.0	0.00043184250000000005
345.532	0.0	0.0	0.0003166875
345.682	0.0	0.0	0.00016108875000000003
345.702	0.0	0.0	0.00014169825
345.752	0.0	0.0	7.589925e-05
345.862	0.0	0.0	-5.1894e-05
346.012	0.0	0.0	-0.00022729500000000003
346.032	0.0	0.0	-0.0002405025
346.092	0.0	0.0	-0.00028455750000000007
346.202	0.0	0.0	-0.0003689775000000001
346.352	0.0	0.0	-0.00048390750000000006
346.372	0.0	0.0	-0.000484065
346.432	0.0	0.0	-0.00048460500000000004
346.542	0.0	0.0	-0.00048561750000000004
346.692	0.0	0.0	-0.00048699
346.712	0.0	0.0	-0.00047630250000000007
346.762	0.0	0.0	-0.00043915500000000005
346.872	0.0	0.0	-0.00036663750000000007
347.022	0.0	0.0	-0.0002669175
347.042	0.0	0.0	-0.000249345
347.102	0.0	0.0	-0.00019245375000000002
347.212	0.0	0.0	-8.442225e-05
347.362	0.0	0.0	6.18435e-05
347.382	0.0	0.0	7.490025000000001e-05
347.432	0.0	0.0	0.00011925225
347.542	0.0	0.0	0.00020546325000000003
347.692	0.0	0.0	0.000323865
347.712	0.0	0.0	0.00032850000000000007
347.772	0.0	0.0	0.0003443175
347.882	0.0	0.0	0.00037473750000000005
348.032	0.0	0.0	0.000416205
348.052	0.0	0.0	0.00040979250000000003
348.112	0.0	0.0	0.00039010499999999997
348.222	0.0	0.0	0.00035298
348.372	0.0	0.0	0.0003026925
348.392	0.0	0.0	0.00029119500000000006
348.442	0.0	0.0	0.00025094250000000005
348.552	0.0	0.0	0.00017230725000000002
348.702	0.0	0.0	6.420150000000001e-05
348.722	0.0	0.0	5.161050000000001e-05
348.782	0.0	0.0	8.390250000000002e-06
348.892	0.0	0.0	-7.489575e-05
349.042	0.0	0.0	-0.00018847125
349.062	0.0	0.0	-0.00019640475000000002
349.122	0.0	0.0	-0.00022103325000000001
349.232	0.0	0.0	-0.00026759250000000004
349.382	0.0	0.0	-0.00033066000000000004
349.402	0.0	0.0	-0.00032958000000000005
349.452	0.0	0.0	-0.00032568749999999997
349.562	0.0	0.0	-0.00031808250000000003
349.712	0.0	0.0	-0.00030762
349.732	0.0	0.0	-0.0002994525
349.782	0.0	0.0	-0.0002711025
349.902	0.0	0.0	-0.000216378
350.052	0.0	0.0	-0.00014170275
350.072	0.0	0.0	-0.00012936375000000003
350.132	0.0	0.0	-9.069075000000001e-05
350.242	0.0	0.0	-1.7416575e-05
350.392	0.0	0.0	8.188649999999999e-05
350.412	0.0	0.0	8.984025000000001e-05
350.462	0.0	0.0	0.0001182915
350.572	0.0	0.0	0.00017412075000000003
350.722	0.0	0.0	0.000250965
350.742	0.0	0.0	0.00025326
350.792	0.0	0.0	0.0002612475
350.912	0.0	0.0	0.0002767275
351.062	0.0	0.0	0.00029785500000000003
351.082	0.0	0.0	0.000292455
351.142	0.0	0.0	0.00027533250000000005
351.252	0.0	0.0	0.0002428425
351.402	0.0	0.0	0.00019876500000000003
351.422	0.0	0.0	0.00019009350000000002
351.472	0.0	0.0	0.00015870375
351.582	0.0	0.0	9.697050000000001e-05
351.732	0.0	0.0	1.1937375e-05
351.752	0.0	0.0	2.684025e-06
351.802	0.0	0.0	-3.0136500000000002e-05
351.922	0.0	0.0	-9.3789e-05
352.072	0.0	0.0	-0.00018074700000000004
352.092	0.0	0.0	-0.00018615600000000004
352.152	0.0	0.0	-0.0002034405
352.262	0.0	0.0	-0.00023631750000000003
352.412	0.0	0.0	-0.0002809575
352.432	0.0	0.0	-0.00027927
352.482	0.0	0.0	-0.00027315
352.592	0.0	0.0	-0.0002610675
352.742	0.0	0.0	-0.00024441750000000004
352.762	0.0	0.0	-0.00023708250000000004
352.812	0.0	0.0	-0.00021073050000000002
352.932	0.0	0.0	-0.0001595205
353.082	0.0	0.0	-8.95185e-05
353.102	0.0	0.0	-7.90515e-05
353.162	0.0	0.0	-4.528575e-05
353.272	0.0	0.0	1.9098000000000002e-05
353.422	0.0	0.0	0.00010651725000000001
353.432	0.0	0.0	0.00011271375
353.492	0.0	0.0	0.00013569525000000003
353.602	0.0	0.0	0.00018108900000000003
353.752	0.0	0.0	0.00024369750000000003
353.772	0.0	0.0	0.00024462
353.822	0.0	0.0	0.00024799500000000004
353.942	0.0	0.0	0.00025456500000000005
354.092	0.0	0.0	0.000263565
354.112	0.0	0.0	0.00025776000000000005
354.172	0.0	0.0	0.0002388375
354.282	0.0	0.0	0.00020269575
354.432	0.0	0.0	0.00015359175000000003
354.442	0.0	0.0	0.00014570550000000002
354.502	0.0	0.0	0.00011608650000000001
354.612	0.0	0.0	5.7456e-05
354.762	0.0	0.0	-2.345625e-05
354.782	0.0	0.0	-3.1110750000000004e-05
354.832	0.0	0.0	-5.920425e-05
354.952	0.0	0.0	-0.00011403450000000002
355.102	0.0	0.0	-0.00018908100000000001
355.122	0.0	0.0	-0.00019266975
355.182	0.0	0.0	-0.00020448675000000002
355.292	0.0	0.0	-0.00022711500000000004
355.442	0.0	0.0	-0.0002578725
355.452	0.0	0.0	-0.00025542
355.512	0.0	0.0	-0.0002460825
355.622	0.0	0.0	-0.000227565
355.772	0.0	0.0	-0.00020200950000000002
355.792	0.0	0.0	-0.00019502775
355.842	0.0	0.0	-0.00016910100000000003
355.962	0.0	0.0	-0.00011838825000000002
356.112	0.0	0.0	-4.8939750000000005e-05
356.132	0.0	0.0	-3.9996e-05
356.192	0.0	0.0	-1.026315e-05
356.302	0.0	0.0	4.6797750000000004e-05
356.452	0.0	0.0	0.00012441375
356.462	0.0	0.0	0.0001290375
356.522	0.0	0.0	0.0001468395
356.632	0.0	0.0	0.00018223425000000003
356.782	0.0	0.0	0.00023114250000000003
356.802	0.0	0.0	0.00023094
356.852	0.0	0.0	0.00023019750000000003
356.972	0.0	0.0	0.00022875749999999999
357.122	0.0	0.0	0.0002267775
357.142	0.0	0.0	0.00022089375
357.202	0.0	0.0	0.00020111175
357.312	0.0	0.0	0.00016307100000000004
357.462	0.0	0.0	0.00011129175000000001
357.472	0.0	0.0	0.00010433250000000001
357.532	0.0	0.0	7.718175000000002e-05
357.642	0.0	0.0	2.3076000000000004e-05
357.792	0.0	0.0	-5.172525000000001e-05
357.812	0.0	0.0	-5.7908250000000006e-05
357.862	0.0	0.0	-8.141625e-05
357.982	0.0	0.0	-0.000127593
358.132	0.0	0.0	-0.00019091025000000003
358.152	0.0	0.0	-0.00019308375000000002
358.212	0.0	0.0	-0.00020045700000000002
358.322	0.0	0.0	-0.000214668
358.472	0.0	0.0	-0.0002340225
358.482	0.0	0.0	-0.00023112000000000002
358.542	0.0	0.0	-0.00021963375000000001
358.652	0.0	0.0	-0.00019669725000000005
358.802	0.0	0.0	-0.00016496775
358.812	0.0	0.0	-0.00015840900000000003
358.872	0.0	0.0	-0.00013316400000000001
358.992	0.0	0.0	-8.34705e-05
359.142	0.0	0.0	-1.5290099999999998e-05
359.162	0.0	0.0	-7.550325000000001e-06
359.212	0.0	0.0	1.9005975000000002e-05
359.332	0.0	0.0	7.029225e-05
359.482	0.0	0.0	0.00014018625000000002
359.492	0.0	0.0	0.00014366700000000002
359.552	0.0	0.0	0.000157608
359.662	0.0	0.0	0.00018551250000000002
359.812	0.0	0.0	0.00022414049999999999
359.822	0.0	0.0	0.00022313475
359.882	0.0	0.0	0.00021921750000000002
359.992	0.0	0.0	0.00021148875000000003
360.152	0.0	0.0	0.00020087775000000003
360.172	0.0	0.0	0.00019484325
360.222	0.0	0.0	0.00017396550000000003
360.342	0.0	0.0	0.00013357800000000003
360.492	0.0	0.0	7.851599999999999e-05
360.502	0.0	0.0	7.224525e-05
360.562	0.0	0.0	4.635000000000001e-05
360.672	0.0	0.0	-5.771925000000001e-06
360.822	0.0	0.0	-7.805700000000002e-05
360.842	0.0	0.0	-8.360775000000001e-05
360.892	0.0	0.0	-0.00010447200000000001
361.012	0.0	0.0	-0.0001452465
361.162	0.0	0.0	-0.00020092050000000003
361.172	0.0	0.0	-0.00020194875
361.232	0.0	0.0	-0.00020607525
361.342	0.0	0.0	-0.00021433950000000003
361.492	0.0	0.0	-0.00022578750000000003
361.502	0.0	0.0	-0.00022222125000000002
361.562	0.0	0.0	-0.00020798550000000003
361.672	0.0	0.0	-0.00017978625000000003
361.832	0.0	0.0	-0.00014103
361.852	0.0	0.0	-0.000133524
361.902	0.0	0.0	-0.00010700775000000001
362.022	0.0	0.0	-5.550750000000002e-05
362.172	0.0	0.0	1.4792625000000001e-05
362.182	0.0	0.0	2.0629125e-05
362.242	0.0	0.0	4.488075000000001e-05
362.352	0.0	0.0	9.371700000000001e-05
362.502	0.0	0.0	0.00016142400000000002
362.512	0.0	0.0	0.000164448
362.572	0.0	0.0	0.00017664075000000003
362.682	0.0	0.0	0.00020083275
362.842	0.0	0.0	0.00023409000000000003
362.862	0.0	0.0	0.00023202000000000005
362.912	0.0	0.0	0.00022464450000000003
363.032	0.0	0.0	0.00021027825000000003
363.182	0.0	0.0	0.00019065375000000003
363.192	0.0	0.0	0.00018540450000000002
363.252	0.0	0.0	0.0001632825
363.362	0.0	0.0	0.00011863575000000002
363.512	0.0	0.0	5.669775e-05
363.522	0.0	0.0	4.9907250000000006e-05
363.582	0.0	0.0	2.21535e-05
363.692	0.0	0.0	-3.3025500000000004e-05
363.852	0.0	0.0	-0.0001089405
363.872	0.0	0.0	-0.00011417400000000002
363.922	0.0	0.0	-0.00013307175
364.042	0.0	0.0	-0.00016993575000000003
364.192	0.0	0.0	-0.00022031775000000002
364.202	0.0	0.0	-0.00022043475
364.262	0.0	0.0	-0.0002209365
364.372	0.0	0.0	-0.00022195575000000004
364.522	0.0	0.0	-0.0002233665
364.532	0.0	0.0	-0.00021909150000000001
364.592	0.0	0.0	-0.00020139525000000002
364.702	0.0	0.0	-0.00016613325
364.862	0.0	0.0	-0.00011758950000000001
364.882	0.0	0.0	-0.00011007
364.932	0.0	0.0	-8.259525000000001e-05
365.052	0.0	0.0	-2.8887750000000005e-05
365.202	0.0	0.0	4.4559000000000005e-05
365.212	0.0	0.0	4.9630500000000005e-05
365.272	0.0	0.0	7.164675000000001e-05
365.382	0.0	0.0	0.00011627325000000002
365.532	0.0	0.0	0.0001782585
365.542	0.0	0.0	0.00018014175000000002
365.602	0.0	0.0	0.00018803925
365.712	0.0	0.0	0.00020381175000000002
365.872	0.0	0.0	0.00022554000000000004
365.892	0.0	0.0	0.000222579
365.942	0.0	0.0	0.000211635
366.062	0.0	0.0	0.00019019700000000002
366.212	0.0	0.0	0.0001608615
366.222	0.0	0.0	0.00015576750000000002
366.282	0.0	0.0	0.00013333275000000002
366.392	0.0	0.0	8.774999999999999e-05
366.542	0.0	0.0	2.4399e-05
366.552	0.0	0.0	1.8657675e-05
366.612	0.0	0.0	-5.77665e-06
366.722	0.0	0.0	-5.467050000000001e-05
366.882	0.0	0.0	-0.0001220625
366.902	0.0	0.0	-0.00012574800000000002
366.952	0.0	0.0	-0.00013954050000000002
367.072	0.0	0.0	-0.00016661475
367.222	0.0	0.0	-0.00020368350000000003
367.232	0.0	0.0	-0.0002030085
367.292	0.0	0.0	-0.00019999125000000003
367.402	0.0	0.0	-0.00019384650000000002
367.552	0.0	0.0	-0.00018530100000000002
367.562	0.0	0.0	-0.00018117675
367.622	0.0	0.0	-0.00016338150000000002
367.732	0.0	0.0	-0.00012769425
367.892	0.0	0.0	-7.847775000000001e-05
367.912	0.0	0.0	-7.213725000000001e-05
367.962	0.0	0.0	-4.813425000000001e-05
368.082	0.0	0.0	-9.134550000000003e-07
368.232	0.0	0.0	6.37785e-05
368.242	0.0	0.0	6.761925000000001e-05
368.302	0.0	0.0	8.507025e-05
368.412	0.0	0.0	0.00012068325
368.562	0.0	0.0	0.00017023500000000003
368.572	0.0	0.0	0.00017123400000000003
368.632	0.0	0.0	0.00017560800000000003
368.742	0.0	0.0	0.000184401
368.902	0.0	0.0	0.000196533
368.912	0.0	0.0	0.0001934415
368.972	0.0	0.0	0.00018159075
369.092	0.0	0.0	0.00015822674999999998
369.242	0.0	0.0	0.00012620025
369.252	0.0	0.0	0.000121599
369.312	0.0	0.0	0.00010036125000000001
369.422	0.0	0.0	5.6925000000000015e-05
369.572	0.0	0.0	-3.5500500000000004e-06
369.582	0.0	0.0	-8.6058e-06
369.642	0.0	0.0	-3.1061250000000004e-05
369.752	0.0	0.0	-7.62885e-05
369.912	0.0	0.0	-0.00013873500000000002
369.922	0.0	0.0	-0.00014181749999999998
369.982	0.0	0.0	-0.00015377400000000002
370.092	0.0	0.0	-0.00017739900000000001
370.252	0.0	0.0	-0.00020980575
370.262	0.0	0.0	-0.00020880225000000001
370.322	0.0	0.0	-0.00020409525000000003
370.432	0.0	0.0	-0.00019444950000000003
370.582	0.0	0.0	-0.00018101025000000003
370.592	0.0	0.0	-0.00017652150000000002
370.652	0.0	0.0	-0.00015628275
370.762	0.0	0.0	-0.00011543175000000001
370.922	0.0	0.0	-5.899725000000001e-05
370.932	0.0	0.0	-5.215275000000001e-05
370.992	0.0	0.0	-2.5254000000000002e-05
371.102	0.0	0.0	2.8001250000000006e-05
371.262	0.0	0.0	0.00010109475000000002
371.272	0.0	0.0	0.00010510425
371.332	0.0	0.0	0.00012422025
371.442	0.0	0.0	0.00016349850000000002
371.592	0.0	0.0	0.00021825000000000002
371.602	0.0	0.0	0.00021889575000000002
371.662	0.0	0.0	0.00022185000000000003
371.772	0.0	0.0	0.00022783500000000002
371.932	0.0	0.0	0.0002360925
371.942	0.0	0.0	0.0002317725
372.002	0.0	0.0	0.000214596
372.112	0.0	0.0	0.00018051975
372.272	0.0	0.0	0.00013372200000000002
372.282	0.0	0.0	0.0001279305
372.332	0.0	0.0	9.984825000000001e-05
372.452	0.0	0.0	4.2023250000000005e-05
372.602	0.0	0.0	-3.8628000000000004e-05
372.612	0.0	0.0	-4.4608500000000005e-05
372.672	0.0	0.0	-7.24005e-05
372.782	0.0	0.0	-0.00012873825000000002
372.942	0.0	0.0	-0.00020666250000000002
372.952	0.0	0.0	-0.00020964150000000003
373.012	0.0	0.0	-0.00022164975000000002
373.122	0.0	0.0	-0.00024552000000000005
373.282	0.0	0.0	-0.00027834750000000003
373.292	0.0	0.0	-0.00027625500000000004
373.342	0.0	0.0	-0.0002660175
373.462	0.0	0.0	-0.00024489
373.612	0.0	0.0	-0.00021539925000000002
373.622	0.0	0.0	-0.00020925225
373.682	0.0	0.0	-0.0001802475
373.792	0.0	0.0	-0.00012132675000000001
373.952	0.0	0.0	-3.978000000000001e-05
373.962	0.0	0.0	-3.148425e-05
374.022	0.0	0.0	2.404125e-06
374.132	0.0	0.0	6.993e-05
374.292	0.0	0.0	0.00016277625000000003
374.302	0.0	0.0	0.000166815
374.352	0.0	0.0	0.0001870785
374.472	0.0	0.0	0.00022900500000000003
374.622	0.0	0.0	0.0002875275
374.632	0.0	0.0	0.0002871225
374.692	0.0	0.0	0.00028516500000000004
374.802	0.0	0.0	0.00028118250000000005
374.962	0.0	0.0	0.0002756475
374.972	0.0	0.0	0.00026955
375.032	0.0	0.0	0.00024437250000000003
375.142	0.0	0.0	0.00019409625000000002
375.302	0.0	0.0	0.0001249515
375.312	0.0	0.0	0.00011848725000000002
375.362	0.0	0.0	8.471475000000001e-05
375.472	0.0	0.0	1.4472225e-05
375.632	0.0	0.0	-8.379675000000002e-05
375.642	0.0	0.0	-9.011475000000001e-05
375.702	0.0	0.0	-0.00011900700000000001
375.812	0.0	0.0	-0.00017727750000000003
375.972	0.0	0.0	-0.000257535
375.982	0.0	0.0	-0.00025902
376.032	0.0	0.0	-0.0002665125
376.152	0.0	0.0	-0.0002820375
376.302	0.0	0.0	-0.00030370500000000003
376.312	0.0	0.0	-0.0003003300000000001
376.372	0.0	0.0	-0.00028365750000000005
376.482	0.0	0.0	-0.00024959250000000004
376.642	0.0	0.0	-0.00020238300000000004
376.652	0.0	0.0	-0.00019450800000000003
376.712	0.0	0.0	-0.000161154
376.822	0.0	0.0	-9.431325000000001e-05
376.982	0.0	0.0	-2.2644e-06
376.992	0.0	0.0	3.6589500000000003e-06
377.042	0.0	0.0	3.485700000000001e-05
377.152	0.0	0.0	9.977850000000001e-05
377.312	0.0	0.0	0.000190575
377.322	0.0	0.0	0.00019388925000000002
377.382	0.0	0.0	0.00021048525000000003
377.492	0.0	0.0	0.00024446250000000004
377.652	0.0	0.0	0.00029160000000000004
377.662	0.0	0.0	0.0002898675
377.722	0.0	0.0	0.0002824200000000001
377.832	0.0	0.0	0.00026745750000000003
377.992	0.0	0.0	0.0002468475
378.002	0.0	0.0	0.00024207750000000006
378.052	0.0	0.0	0.00021645675
378.162	0.0	0.0	0.00016303500000000001
378.322	0.0	0.0	8.827425000000002e-05
378.332	0.0	0.0	8.184600000000002e-05
378.392	0.0	0.0	4.9086000000000004e-05
378.502	0.0	0.0	-1.8139725e-05
378.662	0.0	0.0	-0.00011142675000000001
378.672	0.0	0.0	-0.0001167075
378.732	0.0	0.0	-0.00013970025
378.842	0.0	0.0	-0.0001859805
379.002	0.0	0.0	-0.00024979500000000003
379.012	0.0	0.0	-0.00025017750000000004
379.062	0.0	0.0	-0.00025227
379.172	0.0	0.0	-0.00025665750000000004
379.332	0.0	0.0	-0.0002628225
379.342	0.0	0.0	-0.00025924500000000007
379.402	0.0	0.0	-0.0002407275
379.512	0.0	0.0	-0.0002026665
379.672	0.0	0.0	-0.00014980725000000001
379.682	0.0	0.0	-0.00014298525000000002
379.742	0.0	0.0	-0.00011284200000000001
379.852	0.0	0.0	-5.204025e-05
380.012	0.0	0.0	3.183975e-05
380.022	0.0	0.0	3.6333000000000006e-05
380.072	0.0	0.0	6.140250000000001e-05
380.182	0.0	0.0	0.00011392650000000001
380.342	0.0	0.0	0.000187515
380.352	0.0	0.0	0.00018949950000000002
380.412	0.0	0.0	0.00019998
380.522	0.0	0.0	0.00022157775000000002
380.682	0.0	0.0	0.00025159499999999997
380.692	0.0	0.0	0.000249345
380.752	0.0	0.0	0.00023931
380.862	0.0	0.0	0.00021901950000000002
381.022	0.0	0.0	0.00019101150000000005
381.032	0.0	0.0	0.00018687150000000003
381.082	0.0	0.0	0.00016330275000000003
381.192	0.0	0.0	0.00011381175
381.352	0.0	0.0	4.443525000000001e-05
381.362	0.0	0.0	3.93525e-05
381.422	0.0	0.0	1.2022425e-05
381.532	0.0	0.0	-4.442400000000001e-05
381.692	0.0	0.0	-0.00012289050000000002
381.702	0.0	0.0	-0.00012665025
381.762	0.0	0.0	-0.00014375925
381.872	0.0	0.0	-0.0001784205
382.032	0.0	0.0	-0.00022628250000000002
382.042	0.0	0.0	-0.00022608000000000003
382.092	0.0	0.0	-0.00022492350000000004
382.202	0.0	0.0	-0.00022246875
382.362	0.0	0.0	-0.00021902625000000002
382.372	0.0	0.0	-0.00021566025000000004
382.432	0.0	0.0	-0.00019722600000000003
382.542	0.0	0.0	-0.00015906825
382.702	0.0	0.0	-0.00010599300000000001
382.712	0.0	0.0	-0.00010011375
382.772	0.0	0.0	-7.293375e-05
382.882	0.0	0.0	-1.7751825e-05
383.042	0.0	0.0	5.8506750000000004e-05
383.052	0.0	0.0	6.2091e-05
383.102	0.0	0.0	8.337825000000002e-05
383.212	0.0	0.0	0.00012827925000000003
383.372	0.0	0.0	0.00019129500000000002
383.382	0.0	0.0	0.00019257075000000002
383.442	0.0	0.0	0.00019968525
383.552	0.0	0.0	0.00021444075
383.712	0.0	0.0	0.00023499000000000003
383.722	0.0	0.0	0.00023242500000000003
383.782	0.0	0.0	0.00022044825000000002
383.892	0.0	0.0	0.00019607400000000002
384.052	0.0	0.0	0.00016236900000000002
384.062	0.0	0.0	0.00015842475
384.112	0.0	0.0	0.00013449150000000002
384.222	0.0	0.0	8.389800000000002e-05
384.382	0.0	0.0	1.2852000000000002e-05
384.392	0.0	0.0	8.21565e-06
384.452	0.0	0.0	-1.816425e-05
384.562	0.0	0.0	-7.300800000000002e-05
384.722	0.0	0.0	-0.00014937525000000002
384.732	0.0	0.0	-0.00015250275
384.792	0.0	0.0	-0.00016741125000000002
384.902	0.0	0.0	-0.000197811
385.062	0.0	0.0	-0.0002398725
385.072	0.0	0.0	-0.00023922000000000003
385.122	0.0	0.0	-0.00023517
385.232	0.0	0.0	-0.00022657500000000002
385.392	0.0	0.0	-0.0002145015
385.402	0.0	0.0	-0.0002108025
385.452	0.0	0.0	-0.00018933525000000003
385.572	0.0	0.0	-0.0001446075
385.732	0.0	0.0	-8.228700000000001e-05
385.742	0.0	0.0	-7.634025e-05
385.802	0.0	0.0	-4.7508750000000005e-05
385.912	0.0	0.0	1.14012e-05
386.072	0.0	0.0	9.29565e-05
386.082	0.0	0.0	9.617625000000001e-05
386.132	0.0	0.0	0.00011661749999999999
386.242	0.0	0.0	0.00016002675
386.402	0.0	0.0	0.00022105350000000003
386.412	0.0	0.0	0.00022169475000000002
386.462	0.0	0.0	0.000225495
386.582	0.0	0.0	0.000233415
386.742	0.0	0.0	0.00024446250000000004
386.752	0.0	0.0	0.0002412
386.812	0.0	0.0	0.00022504500000000005
386.922	0.0	0.0	0.00019197000000000002
387.082	0.0	0.0	0.00014616000000000002
387.092	0.0	0.0	0.00014211225
387.142	0.0	0.0	0.000115803
387.252	0.0	0.0	5.980500000000001e-05
387.412	0.0	0.0	-1.8965250000000003e-05
387.422	0.0	0.0	-2.3199750000000004e-05
387.472	0.0	0.0	-4.880475000000001e-05
387.592	0.0	0.0	-0.00010238850000000002
387.752	0.0	0.0	-0.00017712900000000005
387.762	0.0	0.0	-0.00017935650000000002
387.822	0.0	0.0	-0.00019052325000000004
387.932	0.0	0.0	-0.00021343725000000003
388.092	0.0	0.0	-0.000245205
388.102	0.0	0.0	-0.00024396750000000005
388.152	0.0	0.0	-0.00023586750000000002
388.262	0.0	0.0	-0.0002185335
388.422	0.0	0.0	-0.00019415250000000002
388.432	0.0	0.0	-0.00019036575
388.482	0.0	0.0	-0.00016697250000000002
388.602	0.0	0.0	-0.00011791575000000002
388.762	0.0	0.0	-4.944825000000001e-05
388.772	0.0	0.0	-4.416075000000001e-05
388.832	0.0	0.0	-1.7218800000000002e-05
388.942	0.0	0.0	3.81915e-05
389.102	0.0	0.0	0.000115038
389.112	0.0	0.0	0.00011738925
389.162	0.0	0.0	0.00013343175
389.272	0.0	0.0	0.00016773525000000002
389.432	0.0	0.0	0.00021604500000000002
389.442	0.0	0.0	0.00021594825000000002
389.492	0.0	0.0	0.00021532950000000003
389.612	0.0	0.0	0.00021403125000000003
389.772	0.0	0.0	0.00021221775000000002
389.782	0.0	0.0	0.00020882700000000003
389.842	0.0	0.0	0.00019131075000000002
389.952	0.0	0.0	0.00015522975
390.112	0.0	0.0	0.00010516950000000002
390.122	0.0	0.0	0.00010189350000000002
390.172	0.0	0.0	7.820775e-05
390.282	0.0	0.0	2.7279e-05
390.442	0.0	0.0	-4.4577000000000004e-05
390.452	0.0	0.0	-4.806675e-05
390.502	0.0	0.0	-6.869700000000001e-05
390.622	0.0	0.0	-0.000111645
390.782	0.0	0.0	-0.00017130375000000002
390.792	0.0	0.0	-0.00017221950000000002
390.842	0.0	0.0	-0.00017849024999999998
390.952	0.0	0.0	-0.00019191150000000002
391.112	0.0	0.0	-0.00021082050000000003
391.122	0.0	0.0	-0.00020931525000000001
391.172	0.0	0.0	-0.00019939500000000002
391.292	0.0	0.0	-0.00017845425000000004
391.452	0.0	0.0	-0.00014918400000000001
391.462	0.0	0.0	-0.00014512500000000002
391.522	0.0	0.0	-0.00012342600000000002
391.632	0.0	0.0	-7.854075e-05
391.792	0.0	0.0	-1.61973e-05
391.802	0.0	0.0	-1.3276575000000001e-05
391.852	0.0	0.0	8.082675000000001e-06
391.962	0.0	0.0	5.4031500000000006e-05
392.122	0.0	0.0	0.00011883825000000002
392.132	0.0	0.0	0.00012074175000000003
392.182	0.0	0.0	0.00013351275000000003
392.302	0.0	0.0	0.0001605105
392.462	0.0	0.0	0.00019826775
392.472	0.0	0.0	0.00019770975
392.532	0.0	0.0	0.00019467900000000004
392.642	0.0	0.0	0.000188397
392.802	0.0	0.0	0.00017966475000000002
392.812	0.0	0.0	0.00017749350000000004
392.862	0.0	0.0	0.00016117875
392.972	0.0	0.0	0.00012600000000000003
393.132	0.0	0.0	7.6356e-05
393.142	0.0	0.0	7.299900000000001e-05
393.192	0.0	0.0	4.9936500000000005e-05
393.312	0.0	0.0	1.0760400000000002e-06
393.472	0.0	0.0	-6.729750000000001e-05
393.482	0.0	0.0	-7.0569e-05
393.542	0.0	0.0	-8.871075e-05
393.652	0.0	0.0	-0.000126405
393.812	0.0	0.0	-0.00017881875
393.822	0.0	0.0	-0.00017932275000000003
393.872	0.0	0.0	-0.0001832085
393.982	0.0	0.0	-0.00019160775000000004
394.142	0.0	0.0	-0.00020346750000000004
394.152	0.0	0.0	-0.00020177550000000002
394.202	0.0	0.0	-0.00018986175000000003
394.322	0.0	0.0	-0.0001645695
394.482	0.0	0.0	-0.0001291545
394.492	0.0	0.0	-0.000125136
394.542	0.0	0.0	-0.00010241775
394.662	0.0	0.0	-5.5116000000000006e-05
394.822	0.0	0.0	1.0699425000000001e-05
394.832	0.0	0.0	1.3330350000000002e-05
394.882	0.0	0.0	3.428325e-05
394.992	0.0	0.0	7.966800000000001e-05
395.152	0.0	0.0	0.00014378625
395.162	0.0	0.0	0.00014527575
395.212	0.0	0.0	0.00015603075000000002
395.332	0.0	0.0	0.00017891775000000002
395.492	0.0	0.0	0.00021098025000000002
395.502	0.0	0.0	0.00020992275000000004
395.552	0.0	0.0	0.00020382525
395.672	0.0	0.0	0.00019109700000000002
395.832	0.0	0.0	0.0001733805
395.842	0.0	0.0	0.00017108775
395.892	0.0	0.0	0.00015225750000000002
396.002	0.0	0.0	0.0001113795
396.162	0.0	0.0	5.359275000000001e-05
396.172	0.0	0.0	5.0382000000000007e-05
396.222	0.0	0.0	2.658825e-05
396.342	0.0	0.0	-2.4158250000000005e-05
396.502	0.0	0.0	-9.52875e-05
396.512	0.0	0.0	-9.805725e-05
396.562	0.0	0.0	-0.000114354
396.682	0.0	0.0	-0.00014843250000000003
396.842	0.0	0.0	-0.00019590075000000003
396.852	0.0	0.0	-0.00019597050000000002
396.902	0.0	0.0	-0.00019656675000000003
397.012	0.0	0.0	-0.00019786275000000002
397.172	0.0	0.0	-0.00019969650000000003
397.182	0.0	0.0	-0.00019774350000000004
397.232	0.0	0.0	-0.0001828755
397.352	0.0	0.0	-0.000151101
397.512	0.0	0.0	-0.00010653525000000001
397.522	0.0	0.0	-0.00010267425
397.572	0.0	0.0	-7.949475e-05
397.692	0.0	0.0	-3.091050000000001e-05
397.852	0.0	0.0	3.6801e-05
397.862	0.0	0.0	3.892050000000001e-05
397.912	0.0	0.0	5.7460499999999996e-05
398.022	0.0	0.0	9.7893e-05
398.182	0.0	0.0	0.00015511725
398.192	0.0	0.0	0.00015598125
398.242	0.0	0.0	0.00016274025
398.362	0.0	0.0	0.00017722350000000002
398.522	0.0	0.0	0.00019754550000000001
398.532	0.0	0.0	0.00019608075000000002
398.582	0.0	0.0	0.00018710550000000003
398.702	0.0	0.0	0.00016825500000000002
398.862	0.0	0.0	0.00014196600000000002
398.872	0.0	0.0	0.0001399185
398.922	0.0	0.0	0.00012139875
399.032	0.0	0.0	8.091675000000001e-05
399.192	0.0	0.0	2.3591250000000002e-05
399.202	0.0	0.0	2.1070800000000005e-05
399.252	0.0	0.0	7.782750000000001e-07
399.372	0.0	0.0	-4.278600000000001e-05
399.532	0.0	0.0	-0.00010395
399.542	0.0	0.0	-0.000105804
399.592	0.0	0.0	-0.00011742750000000002
399.712	0.0	0.0	-0.00014189400000000002
399.872	0.0	0.0	-0.00017603100000000002
399.882	0.0	0.0	-0.00017579475
399.932	0.0	0.0	-0.00017359200000000003
400.042	0.0	0.0	-0.00016876125
400.202	0.0	0.0	-0.00016191675000000002
400.212	0.0	0.0	-0.00016016625
400.262	0.0	0.0	-0.000145647
400.382	0.0	0.0	-0.00011440575000000001
400.542	0.0	0.0	-7.051950000000001e-05
400.552	0.0	0.0	-6.739425e-05
400.602	0.0	0.0	-4.735575000000001e-05
400.722	0.0	0.0	-5.087025000000001e-06
400.882	0.0	0.0	5.392575000000001e-05
400.892	0.0	0.0	5.546700000000001e-05
400.942	0.0	0.0	7.045425e-05
401.052	0.0	0.0	0.00010336724999999999
401.212	0.0	0.0	0.00015002325
401.222	0.0	0.0	0.0001505295
401.272	0.0	0.0	0.00015486075000000003
401.392	0.0	0.0	0.000164196
401.552	0.0	0.0	0.00017732025000000002
401.562	0.0	0.0	0.00017584875
401.612	0.0	0.0	0.00016618725000000002
401.732	0.0	0.0	0.00014576625000000003
401.892	0.0	0.0	0.00011723625
401.902	0.0	0.0	0.00011541375000000001
401.952	0.0	0.0	9.70155e-05
402.062	0.0	0.0	5.652000000000001e-05
402.222	0.0	0.0	-9.173025000000001e-07
402.232	0.0	0.0	-3.2278500000000004e-06
402.282	0.0	0.0	-2.3611500000000003e-05
402.402	0.0	0.0	-6.766200000000002e-05
402.562	0.0	0.0	-0.00012961125000000002
402.572	0.0	0.0	-0.00013134375000000003
402.622	0.0	0.0	-0.00014296725
402.742	0.0	0.0	-0.00016759350000000004
402.902	0.0	0.0	-0.000202014
402.902	0.0	0.0	-0.00020167200000000002
402.962	0.0	0.0	-0.00019809
403.072	0.0	0.0	-0.00019018575000000003
403.232	0.0	0.0	-0.00017896950000000002
403.242	0.0	0.0	-0.00017693100000000002
403.292	0.0	0.0	-0.00015835049999999998
403.412	0.0	0.0	-0.00011810925000000002
403.572	0.0	0.0	-6.148575e-05
403.582	0.0	0.0	-5.773050000000001e-05
403.632	0.0	0.0	-3.192075e-05
403.752	0.0	0.0	2.2884750000000005e-05
403.912	0.0	0.0	9.952875e-05
403.912	0.0	0.0	0.00010127250000000001
403.972	0.0	0.0	0.00012035025
404.082	0.0	0.0	0.0001625355
404.242	0.0	0.0	0.00022243725
404.252	0.0	0.0	0.00022283550000000007
404.302	0.0	0.0	0.00022659750000000005
404.422	0.0	0.0	0.00023474250000000003
404.582	0.0	0.0	0.0002462175
404.592	0.0	0.0	0.00024387750000000002
404.642	0.0	0.0	0.00022745250000000007
404.762	0.0	0.0	0.00019254150000000002
404.922	0.0	0.0	0.00014369399999999998
404.922	0.0	0.0	0.00014137200000000001
404.982	0.0	0.0	0.00011333250000000001
405.092	0.0	0.0	5.0976e-05
405.252	0.0	0.0	-3.772575e-05
405.262	0.0	0.0	-4.116825e-05
405.312	0.0	0.0	-7.044975000000001e-05
405.432	0.0	0.0	-0.00013339350000000002
405.592	0.0	0.0	-0.00022155975
405.592	0.0	0.0	-0.000222759
405.652	0.0	0.0	-0.00023595750000000003
405.762	0.0	0.0	-0.00026514
405.922	0.0	0.0	-0.00030662999999999996
405.932	0.0	0.0	-0.00030566250000000006
405.982	0.0	0.0	-0.00029583
406.102	0.0	0.0	-0.00027441
406.262	0.0	0.0	-0.0002442375
406.272	0.0	0.0	-0.00024003000000000004
406.322	0.0	0.0	-0.00020896200000000004
406.442	0.0	0.0	-0.00014261625
406.602	0.0	0.0	-4.9698000000000004e-05
406.602	0.0	0.0	-4.6809000000000005e-05
406.662	0.0	0.0	-1.1204100000000002e-05
406.772	0.0	0.0	6.801075e-05
406.932	0.0	0.0	0.00018066150000000005
406.942	0.0	0.0	0.00018313200000000002
406.992	0.0	0.0	0.0002087865
407.112	0.0	0.0	0.0002648025
407.272	0.0	0.0	0.00034377750000000003
407.282	0.0	0.0	0.00034373250000000003
407.332	0.0	0.0	0.00034346250000000006
407.452	0.0	0.0	0.0003428550000000001
407.612	0.0	0.0	0.00034202250000000005
407.612	0.0	0.0	0.000339975
407.662	0.0	0.0	0.00031356000000000005
407.782	0.0	0.0	0.00025461
407.942	0.0	0.0	0.00017075925
407.942	0.0	0.0	0.00016674525000000002
408.002	0.0	0.0	0.00012341475
408.122	0.0	0.0	2.8597500000000002e-05
408.282	0.0	0.0	-0.000105165
408.292	0.0	0.0	-0.00011013525
408.342	0.0	0.0	-0.00014869575000000002
408.462	0.0	0.0	-0.000231435
408.622	0.0	0.0	-0.0003474225
408.622	0.0	0.0	-0.000348345
408.672	0.0	0.0	-0.0003609675000000001
408.792	0.0	0.0	-0.00038916
408.952	0.0	0.0	-0.0004293
408.952	0.0	0.0	-0.0004275225
409.012	0.0	0.0	-0.00040740750000000005
409.122	0.0	0.0	-0.00036335250000000006
409.292	0.0	0.0	-0.00030114000000000003
409.302	0.0	0.0	-0.00029533500000000003
409.352	0.0	0.0	-0.00024894
409.472	0.0	0.0	-0.00014921325
409.632	0.0	0.0	-9.293849999999999e-06
409.632	0.0	0.0	-6.0039e-06
409.682	0.0	0.0	4.1373e-05
409.802	0.0	0.0	0.00014751
409.962	0.0	0.0	0.00029868750000000007
409.962	0.0	0.0	0.0003011625
410.022	0.0	0.0	0.0003300075
410.132	0.0	0.0	0.00039343500000000003
410.302	0.0	0.0	0.0004830075000000001
410.312	0.0	0.0	0.000481995
410.362	0.0	0.0	0.0004736925
410.482	0.0	0.0	0.0004557825
410.642	0.0	0.0	0.00043067250000000006
410.642	0.0	0.0	0.0004279950000000001
410.692	0.0	0.0	0.00038727
410.812	0.0	0.0	0.00029585250000000005
410.972	0.0	0.0	0.00016554150000000001
410.972	0.0	0.0	0.00016084125000000003
411.032	0.0	0.0	0.00010317375000000001
411.142	0.0	0.0	-2.38635e-05
411.312	0.0	0.0	-0.00020336850000000003
411.322	0.0	0.0	-0.00020865150000000003
411.372	0.0	0.0	-0.000253395
411.492	0.0	0.0	-0.000350055
411.652	0.0	0.0	-0.000485775
411.652	0.0	0.0	-0.00048624750000000004
411.702	0.0	0.0	-0.00049392
411.822	0.0	0.0	-0.0005112225
411.982	0.0	0.0	-0.0005358825000000001
411.982	0.0	0.0	-0.0005332725000000001
412.042	0.0	0.0	-0.0004997925
412.152	0.0	0.0	-0.00042588
412.322	0.0	0.0	-0.00032139
412.332	0.0	0.0	-0.0003144600000000001
412.382	0.0	0.0	-0.000253755
412.502	0.0	0.0	-0.00012240675000000002
412.662	0.0	0.0	6.217425000000001e-05
412.662	0.0	0.0	6.52905e-05
412.712	0.0	0.0	0.0001193895
412.832	0.0	0.0	0.00024142500000000003
412.992	0.0	0.0	0.00041555250000000003
412.992	0.0	0.0	0.00041742
413.052	0.0	0.0	0.00044286750000000006
413.162	0.0	0.0	0.0004991175
413.332	0.0	0.0	0.0005787225
413.342	0.0	0.0	0.0005765175000000001
413.392	0.0	0.0	0.0005567850000000001
413.512	0.0	0.0	0.0005139675
413.672	0.0	0.0	0.0004537575000000001
413.672	0.0	0.0	0.0004509675000000001
413.722	0.0	0.0	0.00039894750000000004
413.842	0.0	0.0	0.00028134000000000004
414.002	0.0	0.0	0.00011344500000000001
414.002	0.0	0.0	0.00010902375000000001
414.062	0.0	0.0	4.6149750000000007e-05
414.172	0.0	0.0	-9.3285e-05
414.342	0.0	0.0	-0.00029063250000000004
414.352	0.0	0.0	-0.00029497500000000005
414.402	0.0	0.0	-0.00033545250000000003
414.522	0.0	0.0	-0.00042345
414.682	0.0	0.0	-0.0005472224999999999
414.682	0.0	0.0	-0.0005471325
414.732	0.0	0.0	-0.0005450850000000001
414.852	0.0	0.0	-0.0005404275000000001
415.012	0.0	0.0	-0.0005337675
415.012	0.0	0.0	-0.0005309550000000001
415.072	0.0	0.0	-0.0004886325
415.182	0.0	0.0	-0.0003945375
415.352	0.0	0.0	-0.00026129250000000005
415.362	0.0	0.0	-0.0002549025
415.412	0.0	0.0	-0.00019297350000000002
415.532	0.0	0.0	-5.8065750000000006e-05
415.692	0.0	0.0	0.00013182075
415.692	0.0	0.0	0.00013396275
415.742	0.0	0.0	0.000180864
415.862	0.0	0.0	0.00028741500000000007
416.022	0.0	0.0	0.00043967250000000006
416.022	0.0	0.0	0.00044055000000000006
416.082	0.0	0.0	0.00045468000000000006
416.192	0.0	0.0	0.00048613500000000006
416.362	0.0	0.0	0.00053073
416.372	0.0	0.0	0.0005280300000000001
416.422	0.0	0.0	0.0005010300000000001
416.542	0.0	0.0	0.00044205750000000005
416.702	0.0	0.0	0.00035901
416.702	0.0	0.0	0.00035694000000000004
416.752	0.0	0.0	0.0003073950000000001
416.872	0.0	0.0	0.00019460925000000002
417.032	0.0	0.0	3.332925e-05
417.032	0.0	0.0	3.0323250000000005e-05
417.092	0.0	0.0	-2.0618100000000005e-05
417.202	0.0	0.0	-0.00013434975
417.372	0.0	0.0	-0.0002955825
417.382	0.0	0.0	-0.0002980575
417.432	0.0	0.0	-0.00032379749999999997
417.552	0.0	0.0	-0.0003801375
417.712	0.0	0.0	-0.00045951750000000006
417.712	0.0	0.0	-0.0004591575
417.762	0.0	0.0	-0.00044937000000000004
417.882	0.0	0.0	-0.00042705000000000005
418.042	0.0	0.0	-0.0003951
418.042	0.0	0.0	-0.00039298500000000005
418.102	0.0	0.0	-0.000354825
418.212	0.0	0.0	-0.000269415
418.382	0.0	0.0	-0.000148257
418.382	0.0	0.0	-0.00014391000000000002
418.442	0.0	0.0	-9.731925000000001e-05
418.562	0.0	0.0	4.813200000000001e-06
418.722	0.0	0.0	0.000148779
418.722	0.0	0.0	0.00014962725000000003
418.772	0.0	0.0	0.000179271
418.892	0.0	0.0	0.00024732
419.052	0.0	0.0	0.00034483500000000004
419.052	0.0	0.0	0.00034506
419.112	0.0	0.0	0.000348435
419.222	0.0	0.0	0.0003558825
419.392	0.0	0.0	0.0003663900000000001
419.392	0.0	0.0	0.00036555750000000003
419.442	0.0	0.0	0.00034303500000000005
419.562	0.0	0.0	0.000291555
419.722	0.0	0.0	0.00021790575
419.722	0.0	0.0	0.00021613950000000002
419.772	0.0	0.0	0.00017921700000000002
419.892	0.0	0.0	9.625275000000001e-05
420.062	0.0	0.0	-2.1536325000000004e-05
420.062	0.0	0.0	-2.4331500000000002e-05
420.122	0.0	0.0	-5.67045e-05
420.232	0.0	0.0	-0.000127971
420.402	0.0	0.0	-0.00022853250000000002
420.402	0.0	0.0	-0.00022887000000000002
420.452	0.0	0.0	-0.00024088500000000004
420.572	0.0	0.0	-0.0002684925
420.732	0.0	0.0	-0.00030802499999999997
420.732	0.0	0.0	-0.00030755250000000006
420.782	0.0	0.0	-0.00029695500000000006
420.902	0.0	0.0	-0.00027306
421.072	0.0	0.0	-0.00023915250000000002
421.072	0.0	0.0	-0.00023688000000000002
421.132	0.0	0.0	-0.000209268
421.242	0.0	0.0	-0.00014835375000000003
421.412	0.0	0.0	-6.234750000000001e-05
421.412	0.0	0.0	-6.169725e-05
421.462	0.0	0.0	-3.3237e-05
421.582	0.0	0.0	3.22785e-05
421.742	0.0	0.0	0.00012619125
421.742	0.0	0.0	0.000126963
421.792	0.0	0.0	0.00014573025
421.912	0.0	0.0	0.00018806625
422.082	0.0	0.0	0.00024824250000000003
422.082	0.0	0.0	0.00024819750000000003
422.142	0.0	0.0	0.00024770250000000004
422.252	0.0	0.0	0.0002466225
422.422	0.0	0.0	0.00024509250000000004
422.422	0.0	0.0	0.00024475500000000004
422.472	0.0	0.0	0.00022722750000000002
422.592	0.0	0.0	0.00018677925
422.752	0.0	0.0	0.000128763
422.752	0.0	0.0	0.000127746
422.802	0.0	0.0	0.00010050300000000001
422.922	0.0	0.0	3.890925000000001e-05
423.092	0.0	0.0	-4.8674250000000006e-05
423.092	0.0	0.0	-5.044275000000001e-05
423.152	0.0	0.0	-7.399575e-05
423.262	0.0	0.0	-0.00012619800000000003
423.432	0.0	0.0	-0.00019997775
423.432	0.0	0.0	-0.00020009475
423.482	0.0	0.0	-0.00020809799999999999
423.602	0.0	0.0	-0.00022659750000000005
423.762	0.0	0.0	-0.00025317000000000004
423.762	0.0	0.0	-0.00025281
423.812	0.0	0.0	-0.00024237
423.932	0.0	0.0	-0.00021872475000000001
424.102	0.0	0.0	-0.000185076
424.102	0.0	0.0	-0.00018328500000000002
424.162	0.0	0.0	-0.0001581795
424.272	0.0	0.0	-0.00010242000000000001
424.442	0.0	0.0	-2.3564250000000004e-05
424.442	0.0	0.0	-2.3289750000000002e-05
424.492	0.0	0.0	2.7594e-06
424.612	0.0	0.0	6.3144e-05
424.772	0.0	0.0	0.00014983875000000002
424.772	0.0	0.0	0.00015033600000000002
424.822	0.0	0.0	0.00016716375000000002
424.942	0.0	0.0	0.00020538674999999999
425.112	0.0	0.0	0.000259785
425.112	0.0	0.0	0.0002596275
425.172	0.0	0.0	0.00025704
425.282	0.0	0.0	0.000251325
425.452	0.0	0.0	0.00024322500000000007
425.452	0.0	0.0	0.00024309
425.502	0.0	0.0	0.00022286025000000005
425.612	0.0	0.0	0.0001758285
425.782	0.0	0.0	0.00010827000000000002
425.782	0.0	0.0	0.00010748925
425.832	0.0	0.0	7.7022e-05
425.952	0.0	0.0	7.668450000000001e-06
426.122	0.0	0.0	-9.110025000000001e-05
426.122	0.0	0.0	-9.2718e-05
426.182	0.0	0.0	-0.00011805525
426.292	0.0	0.0	-0.00017458650000000002
426.462	0.0	0.0	-0.00025461
426.462	0.0	0.0	-0.00025463250000000003
426.512	0.0	0.0	-0.00026120250000000005
426.622	0.0	0.0	-0.00027650250000000004
426.792	0.0	0.0	-0.00029850750000000006
426.792	0.0	0.0	-0.00029817000000000005
426.842	0.0	0.0	-0.0002825325
426.962	0.0	0.0	-0.0002468475
427.132	0.0	0.0	-0.00019602450000000003
427.132	0.0	0.0	-0.00019409175000000003
427.192	0.0	0.0	-0.00016186275000000001
427.302	0.0	0.0	-8.97975e-05
427.472	0.0	0.0	1.227825e-05
427.472	0.0	0.0	1.2224700000000002e-05
427.522	0.0	0.0	4.343175e-05
427.632	0.0	0.0	0.00011629350000000001
427.802	0.0	0.0	0.00022107150000000002
427.802	0.0	0.0	0.00022138425
427.852	0.0	0.0	0.00023890500000000003
427.972	0.0	0.0	0.00027895500000000006
428.142	0.0	0.0	0.00033603750000000003
428.142	0.0	0.0	0.00033561
428.202	0.0	0.0	0.00032787
428.312	0.0	0.0	0.00031052250000000004
428.482	0.0	0.0	0.00028593
428.482	0.0	0.0	0.000285975
428.532	0.0	0.0	0.00025749000000000003
428.642	0.0	0.0	0.00019058850000000003
428.812	0.0	0.0	9.43155e-05
428.812	0.0	0.0	9.377550000000001e-05
428.862	0.0	0.0	5.503275e-05
428.982	0.0	0.0	-3.37635e-05
429.152	0.0	0.0	-0.00016042050000000002
429.152	0.0	0.0	-0.00016193025
429.212	0.0	0.0	-0.00019073250000000005
429.322	0.0	0.0	-0.00025542
429.492	0.0	0.0	-0.00034715250000000005
429.492	0.0	0.0	-0.0003468825
429.542	0.0	0.0	-0.0003504150000000001
429.652	0.0	0.0	-0.00035815500000000003
429.822	0.0	0.0	-0.00036927000000000005
429.822	0.0	0.0	-0.00036902250000000005
429.872	0.0	0.0	-0.000344475
429.992	0.0	0.0	-0.00028809000000000007
430.162	0.0	0.0	-0.00020762325000000002
430.162	0.0	0.0	-0.00020556225
430.212	0.0	0.0	-0.00016313175000000002
430.332	0.0	0.0	-6.761700000000001e-05
430.502	0.0	0.0	6.789375000000001e-05
430.502	0.0	0.0	6.732675e-05
430.552	0.0	0.0	0.00010435275
430.662	0.0	0.0	0.00019131075000000002
430.832	0.0	0.0	0.0003165525
430.832	0.0	0.0	0.00031666500000000005
430.882	0.0	0.0	0.000333045
431.002	0.0	0.0	0.00037077750000000004
431.172	0.0	0.0	0.00042464250000000004
431.172	0.0	0.0	0.00042392250000000003
431.222	0.0	0.0	0.000408105
431.342	0.0	0.0	0.00037242000000000004
431.512	0.0	0.0	0.00032177250000000007
431.512	0.0	0.0	0.00032204250000000004
431.562	0.0	0.0	0.000283725
431.672	0.0	0.0	0.00019232550000000003
431.842	0.0	0.0	6.062625000000001e-05
431.842	0.0	0.0	6.052950000000001e-05
431.892	0.0	0.0	1.3842675e-05
432.012	0.0	0.0	-9.388575e-05
432.182	0.0	0.0	-0.0002477925
432.182	0.0	0.0	-0.0002490075
432.232	0.0	0.0	-0.00027882
432.352	0.0	0.0	-0.00034623
432.522	0.0	0.0	-0.00044199000000000007
432.522	0.0	0.0	-0.00044136
432.572	0.0	0.0	-0.00043931250000000003
432.682	0.0	0.0	-0.00043281000000000005
432.852	0.0	0.0	-0.00042347250000000005
432.852	0.0	0.0	-0.00042347250000000005
432.902	0.0	0.0	-0.000388755
433.022	0.0	0.0	-0.00030834000000000005
433.192	0.0	0.0	-0.00019340325
433.192	0.0	0.0	-0.00019146375000000002
433.242	0.0	0.0	-0.00014028975
433.362	0.0	0.0	-2.437425e-05
433.532	0.0	0.0	0.00014031000000000002
433.532	0.0	0.0	0.00013876650000000003
433.582	0.0	0.0	0.00017822699999999999
433.692	0.0	0.0	0.00027132750000000003
433.862	0.0	0.0	0.00040578750000000007
433.862	0.0	0.0	0.00040592250000000003
433.912	0.0	0.0	0.00041762250000000004
434.032	0.0	0.0	0.000444465
434.202	0.0	0.0	0.0004826025
434.202	0.0	0.0	0.00048235500000000007
434.252	0.0	0.0	0.0004600350000000001
434.362	0.0	0.0	0.0004053825
434.532	0.0	0.0	0.000326565
434.532	0.0	0.0	0.00032679000000000003
434.582	0.0	0.0	0.00027839250000000004
434.702	0.0	0.0	0.00016544250000000003
434.872	0.0	0.0	3.842775000000001e-06
434.872	0.0	0.0	2.3123250000000003e-06
434.922	0.0	0.0	-4.770450000000001e-05
435.042	0.0	0.0	-0.00016148250000000002
435.212	0.0	0.0	-0.0003233025
435.212	0.0	0.0	-0.000321705
435.262	0.0	0.0	-0.00034692750000000003
435.372	0.0	0.0	-0.0004050225
435.542	0.0	0.0	-0.0004889250000000001
435.542	0.0	0.0	-0.00048861
435.592	0.0	0.0	-0.00047857500000000007
435.712	0.0	0.0	-0.0004541625
435.882	0.0	0.0	-0.00041922000000000004
435.882	0.0	0.0	-0.00041809500000000006
435.932	0.0	0.0	-0.00037575000000000005
436.052	0.0	0.0	-0.000279225
436.222	0.0	0.0	-0.00014187375
436.222	0.0	0.0	-0.00014339025
436.272	0.0	0.0	-9.435600000000002e-05
436.382	0.0	0.0	2.33775e-05
436.552	0.0	0.0	0.00019345050000000002
436.552	0.0	0.0	0.00019258875000000003
436.602	0.0	0.0	0.00022959000000000006
436.722	0.0	0.0	0.0003152925
436.892	0.0	0.0	0.00043800750000000003
436.892	0.0	0.0	0.00043809750000000004
436.942	0.0	0.0	0.0004417425000000001
437.062	0.0	0.0	0.0004500225
437.232	0.0	0.0	0.00046185750000000004
437.232	0.0	0.0	0.0004617
437.282	0.0	0.0	0.00043431750000000004
437.392	0.0	0.0	0.00036562500000000006
437.562	0.0	0.0	0.0002663325
437.562	0.0	0.0	0.00026696250000000004
437.612	0.0	0.0	0.00021888000000000002
437.732	0.0	0.0	0.00010564200000000002
437.902	0.0	0.0	-5.6612249999999997e-05
437.902	0.0	0.0	-5.7429e-05
437.952	0.0	0.0	-0.00010064025000000002
438.072	0.0	0.0	-0.00019960875000000003
438.242	0.0	0.0	-0.00034058250000000003
438.242	0.0	0.0	-0.00033869250000000004
438.292	0.0	0.0	-0.00035545500000000007
438.402	0.0	0.0	-0.0003927600000000001
438.572	0.0	0.0	-0.00044671500000000004
438.572	0.0	0.0	-0.00044631
438.622	0.0	0.0	-0.00043065000000000003
438.742	0.0	0.0	-0.00039204
438.912	0.0	0.0	-0.00033669000000000006
438.912	0.0	0.0	-0.00033608250000000003
438.962	0.0	0.0	-0.0002953575
439.082	0.0	0.0	-0.00020187225000000005
439.252	0.0	0.0	-6.863400000000001e-05
439.252	0.0	0.0	-7.058475e-05
439.302	0.0	0.0	-2.9844e-05
439.412	0.0	0.0	6.8265e-05
439.582	0.0	0.0	0.000210213
439.582	0.0	0.0	0.00020897775000000004
439.632	0.0	0.0	0.00023467500000000003
439.752	0.0	0.0	0.00029378250000000004
439.922	0.0	0.0	0.0003785625
439.922	0.0	0.0	0.00037851750000000004
439.972	0.0	0.0	0.00037464750000000004
440.092	0.0	0.0	0.00036571500000000007
440.262	0.0	0.0	0.00035300250000000005
440.262	0.0	0.0	0.0003532050000000001
440.312	0.0	0.0	0.0003272175
440.422	0.0	0.0	0.0002615625
440.592	0.0	0.0	0.00016650675
440.592	0.0	0.0	0.00016744725000000002
440.642	0.0	0.0	0.0001297485
440.762	0.0	0.0	4.0308750000000006e-05
440.932	0.0	0.0	-8.803800000000003e-05
440.932	0.0	0.0	-8.824275000000001e-05
440.982	0.0	0.0	-0.00011713275000000001
441.102	0.0	0.0	-0.00018374625000000002
441.272	0.0	0.0	-0.00027879750000000007
441.272	0.0	0.0	-0.0002771775
441.322	0.0	0.0	-0.0002844225
441.432	0.0	0.0	-0.00029886750000000003
441.602	0.0	0.0	-0.00031977
441.602	0.0	0.0	-0.00031954500000000007
441.652	0.0	0.0	-0.00030375
441.772	0.0	0.0	-0.00026451000000000003
441.942	0.0	0.0	-0.00020817675
441.942	0.0	0.0	-0.00020808450000000004
441.992	0.0	0.0	-0.00017803125000000002
442.112	0.0	0.0	-0.00010857600000000001
442.282	0.0	0.0	-9.430200000000002e-06
442.282	0.0	0.0	-1.1234250000000002e-05
442.332	0.0	0.0	1.4669100000000002e-05
442.442	0.0	0.0	7.691175000000001e-05
442.612	0.0	0.0	0.000167103
442.612	0.0	0.0	0.00016599375
442.662	0.0	0.0	0.00017880525
442.782	0.0	0.0	0.00020765475
442.952	0.0	0.0	0.0002490975
442.952	0.0	0.0	0.000249075
443.002	0.0	0.0	0.0002422125
443.122	0.0	0.0	0.00022626
443.292	0.0	0.0	0.00020346975000000002
443.292	0.0	0.0	0.00020391075000000003
443.332	0.0	0.0	0.00018575325000000004
443.452	0.0	0.0	0.00013967550000000003
443.622	0.0	0.0	7.286850000000002e-05
443.622	0.0	0.0	7.377075e-05
443.672	0.0	0.0	5.1808500000000004e-05
443.792	0.0	0.0	-4.50225e-07
443.962	0.0	0.0	-7.555950000000001e-05
443.962	0.0	0.0	-7.544924999999999e-05
444.012	0.0	0.0	-8.925075000000001e-05
444.132	0.0	0.0	-0.00012119175000000001
444.302	0.0	0.0	-0.00016683750000000004
444.302	0.0	0.0	-0.00016589925
444.342	0.0	0.0	-0.000166923
444.462	0.0	0.0	-0.00016714800000000002
444.632	0.0	0.0	-0.00016747425000000003
444.632	0.0	0.0	-0.00016746975000000002
444.682	0.0	0.0	-0.00015682950000000002
444.802	0.0	0.0	-0.00013024350000000003
444.972	0.0	0.0	-9.200925000000001e-05
444.972	0.0	0.0	-9.211050000000002e-05
445.022	0.0	0.0	-7.619625e-05
445.142	0.0	0.0	-3.9069e-05
445.312	0.0	0.0	1.4014125000000002e-05
445.312	0.0	0.0	1.2860325000000001e-05
445.352	0.0	0.0	2.49075e-05
445.472	0.0	0.0	5.3649e-05
445.642	0.0	0.0	9.53595e-05
445.642	0.0	0.0	9.469575000000001e-05
445.692	0.0	0.0	9.936900000000002e-05
445.812	0.0	0.0	0.00010944900000000002
445.982	0.0	0.0	0.00012395250000000002
445.982	0.0	0.0	0.0001238985
446.032	0.0	0.0	0.0001192365
446.152	0.0	0.0	0.00010809225000000001
446.322	0.0	0.0	9.214875000000001e-05
446.322	0.0	0.0	9.251325000000002e-05
446.362	0.0	0.0	8.298225e-05
446.482	0.0	0.0	5.862375000000001e-05
446.652	0.0	0.0	2.3256000000000002e-05
446.652	0.0	0.0	2.3859000000000003e-05
446.702	0.0	0.0	1.2511800000000001e-05
446.822	0.0	0.0	-1.4684850000000002e-05
446.992	0.0	0.0	-5.3833500000000006e-05
446.992	0.0	0.0	-5.363775e-05
447.042	0.0	0.0	-6.1227e-05
447.162	0.0	0.0	-7.880850000000002e-05
447.332	0.0	0.0	-0.00010397250000000001
447.332	0.0	0.0	-0.00010336500000000001
447.372	0.0	0.0	-0.00010416825
447.492	0.0	0.0	-0.00010469925000000001
447.662	0.0	0.0	-0.00010546650000000002
447.662	0.0	0.0	-0.00010545300000000001
447.712	0.0	0.0	-9.8505e-05
447.832	0.0	0.0	-8.076150000000002e-05
448.002	0.0	0.0	-5.520825000000001e-05
448.002	0.0	0.0	-5.5359e-05
448.052	0.0	0.0	-4.3078500000000004e-05
448.172	0.0	0.0	-1.4096025000000002e-05
448.342	0.0	0.0	2.7398250000000005e-05
448.342	0.0	0.0	2.6289000000000002e-05
448.382	0.0	0.0	3.715425000000001e-05
448.502	0.0	0.0	6.371325000000001e-05
448.672	0.0	0.0	0.00010236150000000001
448.672	0.0	0.0	0.00010181025
448.722	0.0	0.0	0.00010693125
448.842	0.0	0.0	0.00011829375000000003
449.012	0.0	0.0	0.00013457475
449.012	0.0	0.0	0.00013418325000000002
449.052	0.0	0.0	0.00013024350000000003
449.172	0.0	0.0	0.0001186245
449.342	0.0	0.0	0.000101736
449.342	0.0	0.0	0.00010208250000000001
449.392	0.0	0.0	8.941725e-05
449.512	0.0	0.0	5.761350000000001e-05
449.682	0.0	0.0	1.1769525000000001e-05
449.682	0.0	0.0	1.2142125000000002e-05
449.732	0.0	0.0	-3.519e-06
449.852	0.0	0.0	-4.049775e-05
450.022	0.0	0.0	-9.349425e-05
450.022	0.0	0.0	-9.205425000000001e-05
450.062	0.0	0.0	-0.00010202175
450.182	0.0	0.0	-0.00012529575
450.352	0.0	0.0	-0.00015915150000000002
450.352	0.0	0.0	-0.000158427
450.402	0.0	0.0	-0.00015798375
450.522	0.0	0.0	-0.00015495300000000002
450.692	0.0	0.0	-0.0001505835
450.692	0.0	0.0	-0.000150624
450.742	0.0	0.0	-0.000137934
450.862	0.0	0.0	-0.00010714275000000001
451.032	0.0	0.0	-6.298875e-05
451.032	0.0	0.0	-6.423975e-05
451.072	0.0	0.0	-4.706325000000001e-05
451.192	0.0	0.0	-3.2773500000000005e-06
451.362	0.0	0.0	6.045300000000001e-05
451.362	0.0	0.0	5.901525e-05
451.412	0.0	0.0	7.467075e-05
451.532	0.0	0.0	0.00011181600000000001
451.702	0.0	0.0	0.00016541325000000003
451.702	0.0	0.0	0.00016485075000000003
451.752	0.0	0.0	0.00016926975000000003
451.872	0.0	0.0	0.00017872425000000004
452.042	0.0	0.0	0.00019228725
452.032	0.0	0.0	0.00019188675000000004
452.082	0.0	0.0	0.00018372150000000003
452.202	0.0	0.0	0.00015999299999999998
452.372	0.0	0.0	0.00012543975000000001
452.372	0.0	0.0	0.00012626100000000002
452.422	0.0	0.0	0.00010713375
452.542	0.0	0.0	5.8974750000000007e-05
452.712	0.0	0.0	-1.0549575000000001e-05
452.712	0.0	0.0	-9.740925e-06
452.762	0.0	0.0	-3.0267000000000003e-05
452.882	0.0	0.0	-7.889850000000001e-05
453.052	0.0	0.0	-0.000148707
453.042	0.0	0.0	-0.00014656725
453.092	0.0	0.0	-0.00015748875000000002
453.212	0.0	0.0	-0.000181998
453.382	0.0	0.0	-0.00021770775000000002
453.382	0.0	0.0	-0.00021681675000000003
453.432	0.0	0.0	-0.00021300300000000002
453.552	0.0	0.0	-0.00020054025
453.722	0.0	0.0	-0.0001825425
453.722	0.0	0.0	-0.00018277200000000002
453.772	0.0	0.0	-0.00016415550000000004
453.892	0.0	0.0	-0.00011850525000000001
454.062	0.0	0.0	-5.2944750000000005e-05
454.052	0.0	0.0	-5.50305e-05
454.102	0.0	0.0	-3.3039e-05
454.222	0.0	0.0	2.2934250000000005e-05
454.392	0.0	0.0	0.00010452600000000001
454.392	0.0	0.0	0.00010239750000000001
454.442	0.0	0.0	0.00011985975000000002
454.562	0.0	0.0	0.00016077150000000002
454.732	0.0	0.0	0.00021988575000000005
454.732	0.0	0.0	0.00021906225000000004
454.782	0.0	0.0	0.0002210265
454.902	0.0	0.0	0.00022387275000000005
455.072	0.0	0.0	0.00022797000000000003
455.062	0.0	0.0	0.00022783500000000002
455.112	0.0	0.0	0.00021511800000000004
455.232	0.0	0.0	0.00017871750000000004
455.402	0.0	0.0	0.00012563100000000002
455.402	0.0	0.0	0.00012707775
455.442	0.0	0.0	0.00010316475000000002
455.572	0.0	0.0	4.280850000000001e-05
455.742	0.0	0.0	-4.445325e-05
455.742	0.0	0.0	-4.313475000000001e-05
455.792	0.0	0.0	-6.57045e-05
455.912	0.0	0.0	-0.00011917350000000001
456.082	0.0	0.0	-0.0001960425
456.072	0.0	0.0	-0.00019342125000000002
456.122	0.0	0.0	-0.00020304
456.242	0.0	0.0	-0.00022302225
456.412	0.0	0.0	-0.00025218000000000007
456.412	0.0	0.0	-0.0002513475
456.452	0.0	0.0	-0.000243495
456.582	0.0	0.0	-0.00022004325000000004
456.752	0.0	0.0	-0.00018610875000000003
456.752	0.0	0.0	-0.00018666
456.802	0.0	0.0	-0.00016385175
456.922	0.0	0.0	-0.0001074825
457.092	0.0	0.0	-2.6406e-05
457.082	0.0	0.0	-2.9263500000000005e-05
457.132	0.0	0.0	-5.483475000000001e-06
457.252	0.0	0.0	5.470425000000001e-05
457.422	0.0	0.0	0.00014257125
457.412	0.0	0.0	0.00013997475
457.462	0.0	0.0	0.0001560015
457.592	0.0	0.0	0.00019259775
457.762	0.0	0.0	0.000245565
457.762	0.0	0.0	0.0002446425
457.812	0.0	0.0	0.00024282000000000004
457.932	0.0	0.0	0.00023586750000000002
458.102	0.0	0.0	0.0002258325
458.092	0.0	0.0	0.0002261925
458.142	0.0	0.0	0.00021031200000000002
458.262	0.0	0.0	0.00016530525
458.432	0.0	0.0	9.9567e-05
458.422	0.0	0.0	0.00010158750000000001
458.472	0.0	0.0	7.6905e-05
458.592	0.0	0.0	1.4713425e-05
458.772	0.0	0.0	-7.53345e-05
458.772	0.0	0.0	-7.366275e-05
458.822	0.0	0.0	-9.3609e-05
458.942	0.0	0.0	-0.00014052375
459.112	0.0	0.0	-0.00020806875000000004
459.102	0.0	0.0	-0.000205533
459.152	0.0	0.0	-0.000211329
459.272	0.0	0.0	-0.00022085550000000003
459.442	0.0	0.0	-0.00023476500000000006
459.432	0.0	0.0	-0.00023433750000000002
459.482	0.0	0.0	-0.00022363200000000003
459.602	0.0	0.0	-0.00019283175000000004
459.782	0.0	0.0	-0.0001482165
459.782	0.0	0.0	-0.00014909625000000001
459.832	0.0	0.0	-0.00012714300000000003
459.952	0.0	0.0	-7.267499999999999e-05
460.122	0.0	0.0	5.787450000000002e-06
460.112	0.0	0.0	2.753325e-06
460.162	0.0	0.0	2.2531500000000003e-05
460.282	0.0	0.0	7.183350000000001e-05
460.452	0.0	0.0	0.0001439145
460.442	0.0	0.0	0.00014153400000000002
460.492	0.0	0.0	0.0001519875
460.612	0.0	0.0	0.00017446725
460.792	0.0	0.0	0.000207045
460.792	0.0	0.0	0.00020636550000000003
460.842	0.0	0.0	0.00020139300000000001
460.962	0.0	0.0	0.00018668475000000002
461.132	0.0	0.0	0.00016548750000000003
461.122	0.0	0.0	0.00016633125
461.172	0.0	0.0	0.00015187274999999998
461.292	0.0	0.0	0.000111474
461.462	0.0	0.0	5.237550000000001e-05
461.452	0.0	0.0	5.439375000000001e-05
461.502	0.0	0.0	3.6024750000000004e-05
461.622	0.0	0.0	-9.829575e-06
461.802	0.0	0.0	-7.632e-05
461.802	0.0	0.0	-7.485975e-05
461.852	0.0	0.0	-8.6877e-05
461.972	0.0	0.0	-0.00011454075000000001
462.142	0.0	0.0	-0.00015442875000000003
462.132	0.0	0.0	-0.00015279750000000002
462.182	0.0	0.0	-0.00015402150000000002
462.302	0.0	0.0	-0.00015280200000000003
462.472	0.0	0.0	-0.0001510155
462.462	0.0	0.0	-0.00015107850000000003
462.512	0.0	0.0	-0.00014183100000000003
462.632	0.0	0.0	-0.00011588625
462.812	0.0	0.0	-7.824825e-05
462.812	0.0	0.0	-7.911e-05
462.862	0.0	0.0	-6.490575000000001e-05
462.982	0.0	0.0	-2.975625000000001e-05
463.152	0.0	0.0	2.0943225e-05
463.142	0.0	0.0	1.8734625e-05
463.192	0.0	0.0	2.95065e-05
463.312	0.0	0.0	5.5608750000000005e-05
463.482	0.0	0.0	9.387e-05
463.472	0.0	0.0	9.2673e-05
463.522	0.0	0.0	9.650925000000001e-05
463.652	0.0	0.0	0.0001037655
463.822	0.0	0.0	0.00011424150000000001
463.812	0.0	0.0	0.000113814
463.862	0.0	0.0	0.0001101555
463.982	0.0	0.0	9.790425000000001e-05
464.152	0.0	0.0	7.996500000000001e-05
464.142	0.0	0.0	8.063775e-05
464.192	0.0	0.0	7.17885e-05
464.312	0.0	0.0	4.8366000000000004e-05
464.492	0.0	0.0	1.4354325e-05
464.492	0.0	0.0	1.5204600000000003e-05
464.542	0.0	0.0	6.106500000000001e-06
464.662	0.0	0.0	-1.5909525000000002e-05
464.832	0.0	0.0	-4.7697750000000006e-05
464.822	0.0	0.0	-4.630275000000001e-05
464.872	0.0	0.0	-5.13135e-05
464.992	0.0	0.0	-6.236325000000002e-05
465.162	0.0	0.0	-7.85565e-05
465.152	0.0	0.0	-7.793550000000001e-05
465.202	0.0	0.0	-7.76205e-05
465.322	0.0	0.0	-7.492050000000002e-05
465.502	0.0	0.0	-7.100100000000001e-05
465.502	0.0	0.0	-7.110450000000001e-05
465.542	0.0	0.0	-6.57675e-05
465.672	0.0	0.0	-5.1702750000000006e-05
465.842	0.0	0.0	-3.138300000000001e-05
465.832	0.0	0.0	-3.229875e-05
465.882	0.0	0.0	-2.551725e-05
466.002	0.0	0.0	-7.452225000000001e-06
466.172	0.0	0.0	1.9035675000000003e-05
466.162	0.0	0.0	1.7989875e-05
466.212	0.0	0.0	2.4144750000000003e-05
466.332	0.0	0.0	3.897225e-05
466.512	0.0	0.0	6.052275e-05
466.512	0.0	0.0	5.993550000000001e-05
466.552	0.0	0.0	6.21405e-05
466.682	0.0	0.0	6.652350000000001e-05
466.852	0.0	0.0	7.285950000000001e-05
466.842	0.0	0.0	7.2567e-05
466.892	0.0	0.0	7.029225e-05
467.012	0.0	0.0	6.2316e-05
467.182	0.0	0.0	5.0616000000000005e-05
467.172	0.0	0.0	5.1090750000000005e-05
467.222	0.0	0.0	4.4619750000000006e-05
467.342	0.0	0.0	2.7078750000000002e-05
467.522	0.0	0.0	1.5748875000000001e-06
467.512	0.0	0.0	2.2990500000000005e-06
467.562	0.0	0.0	-5.286600000000001e-06
467.692	0.0	0.0	-2.3994000000000004e-05
467.862	0.0	0.0	-5.104575e-05
467.852	0.0	0.0	-4.9767750000000005e-05
467.902	0.0	0.0	-5.44005e-05
468.022	0.0	0.0	-6.49035e-05
468.192	0.0	0.0	-8.032050000000001e-05
468.182	0.0	0.0	-7.967700000000002e-05
468.232	0.0	0.0	-7.923825e-05
468.352	0.0	0.0	-7.605225000000001e-05
468.532	0.0	0.0	-7.141725e-05
468.522	0.0	0.0	-7.155450000000001e-05
468.572	0.0	0.0	-6.548175e-05
468.702	0.0	0.0	-4.918725e-05
468.872	0.0	0.0	-2.56095e-05
468.862	0.0	0.0	-2.6750250000000004e-05
468.912	0.0	0.0	-1.8916200000000004e-05
469.032	0.0	0.0	2.2192425000000003e-06
469.202	0.0	0.0	3.325275e-05
469.192	0.0	0.0	3.1923000000000006e-05
469.242	0.0	0.0	3.872250000000001e-05
469.362	0.0	0.0	5.496525000000002e-05
469.542	0.0	0.0	7.8606e-05
469.532	0.0	0.0	7.788149999999999e-05
469.582	0.0	0.0	7.943625000000001e-05
469.702	0.0	0.0	8.173125000000001e-05
469.882	0.0	0.0	8.50545e-05
469.872	0.0	0.0	8.489025000000001e-05
469.922	0.0	0.0	8.115074999999999e-05
470.042	0.0	0.0	6.871500000000001e-05
470.212	0.0	0.0	5.0449500000000005e-05
470.202	0.0	0.0	5.125275000000001e-05
470.252	0.0	0.0	4.3265250000000004e-05
470.372	0.0	0.0	2.1765375000000005e-05
470.552	0.0	0.0	-9.541575000000002e-06
470.542	0.0	0.0	-8.547525e-06
470.592	0.0	0.0	-1.6481025000000002e-05
470.712	0.0	0.0	-3.581325e-05
470.892	0.0	0.0	-6.381e-05
470.882	0.0	0.0	-6.23925e-05
470.932	0.0	0.0	-6.620175000000001e-05
471.052	0.0	0.0	-7.3881e-05
471.222	0.0	0.0	-8.5167e-05
471.212	0.0	0.0	-8.465625000000001e-05
471.262	0.0	0.0	-8.27955e-05
471.382	0.0	0.0	-7.564950000000001e-05
471.562	0.0	0.0	-6.523875e-05
471.552	0.0	0.0	-6.558075e-05
471.602	0.0	0.0	-5.8761000000000016e-05
471.722	0.0	0.0	-4.059e-05
471.902	0.0	0.0	-1.4257575000000002e-05
471.892	0.0	0.0	-1.5619725e-05
471.942	0.0	0.0	-8.2323e-06
472.062	0.0	0.0	1.1277225000000001e-05
472.232	0.0	0.0	3.996675000000001e-05
472.222	0.0	0.0	3.8639250000000004e-05
472.272	0.0	0.0	4.3987500000000005e-05
472.392	0.0	0.0	5.620725e-05
472.572	0.0	0.0	7.402050000000001e-05
472.562	0.0	0.0	7.341525e-05
472.612	0.0	0.0	7.36155e-05
472.732	0.0	0.0	7.2477e-05
472.912	0.0	0.0	7.082550000000001e-05
472.902	0.0	0.0	7.0911e-05
472.952	0.0	0.0	6.686325e-05
473.072	0.0	0.0	5.3923500000000006e-05
473.242	0.0	0.0	3.48885e-05
473.232	0.0	0.0	3.5788500000000005e-05
473.282	0.0	0.0	2.8721250000000006e-05
473.402	0.0	0.0	9.83655e-06
473.582	0.0	0.0	-1.7704574999999998e-05
473.572	0.0	0.0	-1.6737975e-05
473.622	0.0	0.0	-2.3157000000000002e-05
473.742	0.0	0.0	-3.868425000000001e-05
473.922	0.0	0.0	-6.12045e-05
473.912	0.0	0.0	-5.9989500000000006e-05
473.962	0.0	0.0	-6.273675e-05
474.072	0.0	0.0	-6.777900000000002e-05
474.252	0.0	0.0	-7.520175e-05
474.242	0.0	0.0	-7.484175000000001e-05
474.292	0.0	0.0	-7.2648e-05
474.412	0.0	0.0	-6.476175e-05
474.592	0.0	0.0	-5.325525000000001e-05
474.582	0.0	0.0	-5.36715e-05
474.632	0.0	0.0	-4.707225e-05
474.752	0.0	0.0	-2.9331e-05
474.932	0.0	0.0	-3.588525e-06
474.922	0.0	0.0	-5.005125e-06
474.972	0.0	0.0	2.192175e-06
475.082	0.0	0.0	2.1397500000000006e-05
475.262	0.0	0.0	4.9680000000000005e-05
475.252	0.0	0.0	4.8278250000000005e-05
475.302	0.0	0.0	5.3577000000000006e-05
475.422	0.0	0.0	6.570225e-05
475.602	0.0	0.0	8.340300000000001e-05
475.592	0.0	0.0	8.274150000000001e-05
475.642	0.0	0.0	8.261325000000001e-05
475.762	0.0	0.0	8.032949999999999e-05
475.942	0.0	0.0	7.70175e-05
475.932	0.0	0.0	7.720200000000001e-05
475.982	0.0	0.0	7.216425e-05
476.092	0.0	0.0	5.590575e-05
476.272	0.0	0.0	3.1950000000000004e-05
476.262	0.0	0.0	3.3162750000000004e-05
476.312	0.0	0.0	2.4261750000000002e-05
476.432	0.0	0.0	1.4967225e-07
476.612	0.0	0.0	-3.5064e-05
476.602	0.0	0.0	-3.371175e-05
476.652	0.0	0.0	-4.184325e-05
476.772	0.0	0.0	-6.1587e-05
476.952	0.0	0.0	-9.026325e-05
476.942	0.0	0.0	-8.862075e-05
476.992	0.0	0.0	-9.174825000000001e-05
477.102	0.0	0.0	-9.6768e-05
477.282	0.0	0.0	-0.00010417050000000002
477.272	0.0	0.0	-0.000103788
477.322	0.0	0.0	-9.984375000000002e-05
477.442	0.0	0.0	-8.6166e-05
477.622	0.0	0.0	-6.61815e-05
477.612	0.0	0.0	-6.696675000000001e-05
477.662	0.0	0.0	-5.689800000000001e-05
477.782	0.0	0.0	-2.970675e-05
477.962	0.0	0.0	9.803250000000001e-06
477.952	0.0	0.0	7.441200000000002e-06
477.992	0.0	0.0	1.7752500000000003e-05
478.112	0.0	0.0	4.51935e-05
478.292	0.0	0.0	8.570700000000001e-05
478.282	0.0	0.0	8.376975e-05
478.332	0.0	0.0	9.04725e-05
478.452	0.0	0.0	0.00010509300000000002
478.632	0.0	0.0	0.0001263555
478.622	0.0	0.0	0.00012514275
478.672	0.0	0.0	0.0001242405
478.782	0.0	0.0	0.00011707875000000002
478.962	0.0	0.0	0.00010651275
478.952	0.0	0.0	0.00010708425000000001
479.002	0.0	0.0	9.793125000000001e-05
479.122	0.0	0.0	7.037100000000001e-05
479.302	0.0	0.0	3.006675e-05
479.292	0.0	0.0	3.173175e-05
479.342	0.0	0.0	1.8247275e-05
479.462	0.0	0.0	-1.6872750000000002e-05
479.642	0.0	0.0	-6.795e-05
479.632	0.0	0.0	-6.4881e-05
479.672	0.0	0.0	-7.517925000000001e-05
479.792	0.0	0.0	-0.00010020375000000001
479.972	0.0	0.0	-0.00013713750000000002
479.962	0.0	0.0	-0.00013511475000000002
480.012	0.0	0.0	-0.00013783275000000002
480.132	0.0	0.0	-0.000140085
480.312	0.0	0.0	-0.00014338125000000002
480.302	0.0	0.0	-0.00014323950000000004
480.352	0.0	0.0	-0.0001353375
480.472	0.0	0.0	-0.00011125575
480.652	0.0	0.0	-7.621200000000001e-05
480.642	0.0	0.0	-7.835625000000001e-05
480.682	0.0	0.0	-6.5097e-05
480.802	0.0	0.0	-2.6273250000000005e-05
480.982	0.0	0.0	3.1059e-05
480.972	0.0	0.0	2.7859500000000007e-05
481.022	0.0	0.0	4.222575e-05
481.142	0.0	0.0	7.8597e-05
481.322	0.0	0.0	0.00013183425
481.312	0.0	0.0	0.000129519
481.362	0.0	0.0	0.00013645125
481.482	0.0	0.0	0.00015038325000000003
481.662	0.0	0.0	0.000170667
481.652	0.0	0.0	0.0001694025
481.692	0.0	0.0	0.00016616925000000003
481.812	0.0	0.0	0.000150318
481.992	0.0	0.0	0.00012689774999999999
481.982	0.0	0.0	0.00012822974999999998
482.032	0.0	0.0	0.00011474100000000002
482.152	0.0	0.0	7.481475e-05
482.332	0.0	0.0	1.6345350000000004e-05
482.322	0.0	0.0	1.89531e-05
482.372	0.0	0.0	1.7858700000000004e-06
482.492	0.0	0.0	-4.2486750000000004e-05
482.672	0.0	0.0	-0.0001069695
482.662	0.0	0.0	-0.0001028835
482.702	0.0	0.0	-0.00011436975
482.822	0.0	0.0	-0.000140697
483.002	0.0	0.0	-0.00017960850000000005
482.992	0.0	0.0	-0.00017735175
483.042	0.0	0.0	-0.00017823600000000002
483.162	0.0	0.0	-0.00017368875
483.342	0.0	0.0	-0.00016702425000000002
483.332	0.0	0.0	-0.000167328
483.382	0.0	0.0	-0.00015563475000000002
483.502	0.0	0.0	-0.00012073275000000001
483.682	0.0	0.0	-6.987149999999999e-05
483.672	0.0	0.0	-7.314975000000001e-05
483.712	0.0	0.0	-5.66505e-05
483.832	0.0	0.0	-9.183375e-06
484.012	0.0	0.0	6.1011e-05
484.002	0.0	0.0	5.686425e-05
484.052	0.0	0.0	7.259625000000001e-05
484.172	0.0	0.0	0.00011129175000000001
484.352	0.0	0.0	0.0001680075
484.342	0.0	0.0	0.00016535475000000003
484.392	0.0	0.0	0.0001709145
484.512	0.0	0.0	0.00017988750000000006
484.692	0.0	0.0	0.00019297125000000004
484.682	0.0	0.0	0.000192114
484.722	0.0	0.0	0.00018616950000000003
484.842	0.0	0.0	0.00016152300000000003
485.022	0.0	0.0	0.000125055
485.012	0.0	0.0	0.00012724875
485.062	0.0	0.0	0.00011079900000000001
485.182	0.0	0.0	6.278175e-05
485.362	0.0	0.0	-7.637175000000002e-06
485.352	0.0	0.0	-4.2678e-06
485.402	0.0	0.0	-2.2857750000000007e-05
485.522	0.0	0.0	-7.0245e-05
485.702	0.0	0.0	-0.00013936275
485.692	0.0	0.0	-0.00013476150000000001
485.732	0.0	0.0	-0.0001457775
485.852	0.0	0.0	-0.00016924050000000003
486.032	0.0	0.0	-0.00020396925
486.022	0.0	0.0	-0.00020184075000000004
486.072	0.0	0.0	-0.00020048400000000001
486.192	0.0	0.0	-0.00018864225000000002
486.372	0.0	0.0	-0.00017127225
486.362	0.0	0.0	-0.00017212275000000001
486.412	0.0	0.0	-0.00015754275000000003
486.532	0.0	0.0	-0.00011445975000000001
486.712	0.0	0.0	-5.158575000000001e-05
486.702	0.0	0.0	-5.5840500000000015e-05
486.742	0.0	0.0	-3.7242e-05
486.862	0.0	0.0	1.5727725000000004e-05
487.042	0.0	0.0	9.416925000000002e-05
487.032	0.0	0.0	8.928e-05
487.082	0.0	0.0	0.00010566000000000001
487.202	0.0	0.0	0.00014502825
487.382	0.0	0.0	0.00020281500000000002
487.372	0.0	0.0	0.000199926
487.422	0.0	0.0	0.00020407500000000001
487.542	0.0	0.0	0.00020806650000000003
487.722	0.0	0.0	0.00021388950000000002
487.712	0.0	0.0	0.00021348900000000003
487.752	0.0	0.0	0.00020485575000000003
487.872	0.0	0.0	0.00017118225
488.052	0.0	0.0	0.00012129075000000001
488.042	0.0	0.0	0.00012445425
488.092	0.0	0.0	0.00010439325
488.212	0.0	0.0	4.599675000000001e-05
488.392	0.0	0.0	-3.975975e-05
488.382	0.0	0.0	-3.5381249999999996e-05
488.432	0.0	0.0	-5.6790000000000003e-05
488.552	0.0	0.0	-0.00011110275
488.732	0.0	0.0	-0.00019043775000000005
488.722	0.0	0.0	-0.00018490050000000003
488.762	0.0	0.0	-0.00019656225
488.882	0.0	0.0	-0.00021961350000000002
489.062	0.0	0.0	-0.0002537775
489.052	0.0	0.0	-0.00025157250000000004
489.102	0.0	0.0	-0.00024765750000000004
489.222	0.0	0.0	-0.00022630500000000005
489.402	0.0	0.0	-0.000194958
489.392	0.0	0.0	-0.0001965915
489.442	0.0	0.0	-0.00017663850000000002
489.562	0.0	0.0	-0.0001177425
489.742	0.0	0.0	-3.166875e-05
489.732	0.0	0.0	-3.776625000000001e-05
489.772	0.0	0.0	-1.3769100000000002e-05
489.892	0.0	0.0	5.4256500000000005e-05
490.072	0.0	0.0	0.00015513525000000002
490.062	0.0	0.0	0.00014852250000000003
490.112	0.0	0.0	0.00016825725
490.232	0.0	0.0	0.000214407
490.412	0.0	0.0	0.00028224000000000006
490.402	0.0	0.0	0.00027864000000000003
490.452	0.0	0.0	0.00028125000000000003
490.572	0.0	0.0	0.00027805500000000003
490.752	0.0	0.0	0.0002733975
490.742	0.0	0.0	0.000273735
490.782	0.0	0.0	0.0002596725
490.902	0.0	0.0	0.00020703825000000002
491.082	0.0	0.0	0.0001289385
491.072	0.0	0.0	0.00013414275
491.112	0.0	0.0	0.000105957
491.242	0.0	0.0	2.4414750000000005e-05
491.422	0.0	0.0	-9.550350000000002e-05
491.412	0.0	0.0	-8.90235e-05
491.462	0.0	0.0	-0.00011665575000000001
491.582	0.0	0.0	-0.00018566100000000002
491.762	0.0	0.0	-0.00028658249999999997
491.752	0.0	0.0	-0.0002790675
491.792	0.0	0.0	-0.00029193750000000004
491.912	0.0	0.0	-0.00031297500000000006
492.092	0.0	0.0	-0.0003442275
492.082	0.0	0.0	-0.00034227000000000004
492.132	0.0	0.0	-0.00033243750000000005
492.252	0.0	0.0	-0.00029196
492.432	0.0	0.0	-0.00023269500000000002
492.422	0.0	0.0	-0.0002369475
492.462	0.0	0.0	-0.00021094875
492.582	0.0	0.0	-0.00012723750000000002
492.762	0.0	0.0	-2.9772e-06
492.752	0.0	0.0	-1.1526525e-05
492.792	0.0	0.0	2.2220325000000003e-05
492.922	0.0	0.0	0.00011315925000000002
493.102	0.0	0.0	0.00024700500000000007
493.092	0.0	0.0	0.00023951250000000003
493.142	0.0	0.0	0.0002619
493.262	0.0	0.0	0.00031124250000000005
493.442	0.0	0.0	0.00038349
493.432	0.0	0.0	0.00037809000000000003
493.472	0.0	0.0	0.00037901250000000003
493.592	0.0	0.0	0.00036144000000000004
493.772	0.0	0.0	0.00033534000000000005
493.762	0.0	0.0	0.0003371625
493.802	0.0	0.0	0.0003134025
493.932	0.0	0.0	0.00023361750000000004
494.112	0.0	0.0	0.00011615850000000003
494.102	0.0	0.0	0.00012286575
494.152	0.0	0.0	8.521875000000001e-05
494.272	0.0	0.0	-1.818135e-05
494.452	0.0	0.0	-0.00016962750000000003
494.442	0.0	0.0	-0.00015815475000000002
494.482	0.0	0.0	-0.000188442
494.602	0.0	0.0	-0.0002633175
494.782	0.0	0.0	-0.00037460250000000004
494.772	0.0	0.0	-0.00036675000000000005
494.812	0.0	0.0	-0.00037752750000000007
494.942	0.0	0.0	-0.00038823750000000005
495.122	0.0	0.0	-0.00040401000000000006
495.112	0.0	0.0	-0.00040308750000000006
495.162	0.0	0.0	-0.00038540250000000003
495.282	0.0	0.0	-0.00032273999999999996
495.462	0.0	0.0	-0.00023089500000000003
495.452	0.0	0.0	-0.00023793750000000003
495.492	0.0	0.0	-0.00020519550000000004
495.612	0.0	0.0	-0.000101907
495.792	0.0	0.0	5.1678e-05
495.782	0.0	0.0	4.0682250000000005e-05
495.822	0.0	0.0	7.797825000000001e-05
495.952	0.0	0.0	0.00017531100000000002
496.132	0.0	0.0	0.00031875750000000003
496.122	0.0	0.0	0.00031027500000000005
496.172	0.0	0.0	0.00033041250000000004
496.292	0.0	0.0	0.0003700575
496.472	0.0	0.0	0.00042817500000000004
496.462	0.0	0.0	0.00042365250000000006
496.502	0.0	0.0	0.0004193775000000001
496.622	0.0	0.0	0.00038358
496.802	0.0	0.0	0.000330345
496.792	0.0	0.0	0.000334215
496.832	0.0	0.0	0.00030482999999999997
496.962	0.0	0.0	0.00020956500000000004
497.142	0.0	0.0	6.9084e-05
497.132	0.0	0.0	7.755075e-05
497.182	0.0	0.0	3.809025e-05
497.302	0.0	0.0	-6.816375e-05
497.482	0.0	0.0	-0.0002240145
497.472	0.0	0.0	-0.00021171825000000004
497.512	0.0	0.0	-0.00023967000000000004
497.632	0.0	0.0	-0.000303975
497.812	0.0	0.0	-0.00039966750000000004
497.802	0.0	0.0	-0.00039260250000000004
497.842	0.0	0.0	-0.00039800250000000006
497.972	0.0	0.0	-0.00039172500000000005
498.152	0.0	0.0	-0.0003824550000000001
498.142	0.0	0.0	-0.00038301750000000004
498.192	0.0	0.0	-0.0003609675000000001
498.312	0.0	0.0	-0.00028660500000000005
498.492	0.0	0.0	-0.00017749800000000003
498.482	0.0	0.0	-0.00018622125
498.522	0.0	0.0	-0.00015294600000000002
498.642	0.0	0.0	-5.112675e-05
498.822	0.0	0.0	0.00010048500000000001
498.812	0.0	0.0	8.915175000000001e-05
498.852	0.0	0.0	0.00012226499999999998
498.982	0.0	0.0	0.00020514600000000002
499.162	0.0	0.0	0.00032746500000000004
499.152	0.0	0.0	0.0003198375
499.202	0.0	0.0	0.00033351750000000003
499.322	0.0	0.0	0.00035464500000000006
499.502	0.0	0.0	0.00038567250000000005
499.492	0.0	0.0	0.00038315250000000006
499.532	0.0	0.0	0.00037460250000000004
499.652	0.0	0.0	0.000328275
499.832	0.0	0.0	0.0002592675
499.822	0.0	0.0	0.00026448750000000005
499.862	0.0	0.0	0.00023575500000000004
499.992	0.0	0.0	0.000145494
500.172	0.0	0.0	1.2210075e-05
500.162	0.0	0.0	2.06622e-05
500.212	0.0	0.0	-1.2497400000000002e-05
500.332	0.0	0.0	-9.944325000000001e-05
500.512	0.0	0.0	-0.00022716000000000001
500.502	0.0	0.0	-0.00021667950000000004
500.542	0.0	0.0	-0.00023699250000000003
500.662	0.0	0.0	-0.00027870750000000006
500.842	0.0	0.0	-0.0003408525
500.832	0.0	0.0	-0.00033608250000000003
500.872	0.0	0.0	-0.00033588
501.002	0.0	0.0	-0.00031657500000000004
501.182	0.0	0.0	-0.00028809000000000007
501.172	0.0	0.0	-0.000289935
501.212	0.0	0.0	-0.000268875
501.342	0.0	0.0	-0.00020069100000000002
501.522	0.0	0.0	-0.00010048275000000002
501.502	0.0	0.0	-0.00010880325000000001
501.552	0.0	0.0	-8.202599999999999e-05
501.672	0.0	0.0	-3.0078000000000002e-06
501.852	0.0	0.0	0.00011481525000000002
501.842	0.0	0.0	0.00010563750000000001
501.882	0.0	0.0	0.00012869325
502.012	0.0	0.0	0.000183033
502.192	0.0	0.0	0.00026334000000000004
502.182	0.0	0.0	0.000258075
502.222	0.0	0.0	0.0002643525
502.352	0.0	0.0	0.00026793000000000005
502.532	0.0	0.0	0.00027319500000000006
502.512	0.0	0.0	0.000272745
502.562	0.0	0.0	0.00026329500000000003
502.682	0.0	0.0	0.00022049550000000003
502.862	0.0	0.0	0.00015664500000000002
502.852	0.0	0.0	0.00016168725000000002
502.892	0.0	0.0	0.00013986225000000001
503.022	0.0	0.0	7.34985e-05
503.202	0.0	0.0	-2.462625e-05
503.192	0.0	0.0	-1.8096975e-05
503.232	0.0	0.0	-3.9942e-05
503.362	0.0	0.0	-9.530100000000001e-05
503.542	0.0	0.0	-0.0001767285
503.522	0.0	0.0	-0.00016979849999999998
503.572	0.0	0.0	-0.00018121500000000003
503.692	0.0	0.0	-0.0002008485
503.872	0.0	0.0	-0.0002301525
503.862	0.0	0.0	-0.0002278125
503.902	0.0	0.0	-0.0002248875
504.032	0.0	0.0	-0.000203877
504.212	0.0	0.0	-0.00017279775000000002
504.202	0.0	0.0	-0.00017489700000000003
504.242	0.0	0.0	-0.00015944175
504.372	0.0	0.0	-0.00011072925000000001
504.552	0.0	0.0	-3.90465e-05
504.532	0.0	0.0	-4.5220500000000005e-05
504.582	0.0	0.0	-2.7663750000000004e-05
504.702	0.0	0.0	2.2700250000000003e-05
504.882	0.0	0.0	9.7902e-05
504.872	0.0	0.0	9.180900000000001e-05
504.912	0.0	0.0	0.000105525
505.042	0.0	0.0	0.00013626675
505.222	0.0	0.0	0.0001817595
505.212	0.0	0.0	0.00017863875000000002
505.252	0.0	0.0	0.000180954
505.382	0.0	0.0	0.000177984
505.562	0.0	0.0	0.00017361225000000005
505.542	0.0	0.0	0.00017399250000000002
505.592	0.0	0.0	0.00016643925000000003
505.712	0.0	0.0	0.00013435200000000002
505.892	0.0	0.0	8.642025e-05
505.882	0.0	0.0	9.035325e-05
505.922	0.0	0.0	7.5006e-05
506.052	0.0	0.0	2.8516500000000004e-05
506.232	0.0	0.0	-4.0315500000000004e-05
506.222	0.0	0.0	-3.553875000000001e-05
506.262	0.0	0.0	-5.058000000000001e-05
506.392	0.0	0.0	-8.862975e-05
506.572	0.0	0.0	-0.00014466600000000003
506.552	0.0	0.0	-0.00013964400000000002
506.602	0.0	0.0	-0.0001473345
506.722	0.0	0.0	-0.00015959925000000002
506.902	0.0	0.0	-0.00017795025000000005
506.892	0.0	0.0	-0.00017651475
506.932	0.0	0.0	-0.00017310375
507.062	0.0	0.0	-0.0001540935
507.242	0.0	0.0	-0.00012607649999999998
507.222	0.0	0.0	-0.00012850650000000003
507.272	0.0	0.0	-0.00011691900000000001
507.392	0.0	0.0	-7.582275e-05
507.572	0.0	0.0	-1.440405e-05
507.552	0.0	0.0	-1.9574550000000004e-05
507.602	0.0	0.0	-3.3493500000000004e-06
507.722	0.0	0.0	4.2543e-05
507.912	0.0	0.0	0.00011054700000000002
507.902	0.0	0.0	0.00010569600000000001
507.942	0.0	0.0	0.00011770199999999999
508.072	0.0	0.0	0.000144693
508.252	0.0	0.0	0.00018448200000000003
508.232	0.0	0.0	0.00018090675000000003
508.282	0.0	0.0	0.00018334350000000002
508.402	0.0	0.0	0.000178092
508.582	0.0	0.0	0.00017023725
508.562	0.0	0.0	0.00017090325
508.612	0.0	0.0	0.00016143525
508.732	0.0	0.0	0.00012461625
508.922	0.0	0.0	7.003575e-05
508.912	0.0	0.0	7.398450000000001e-05
508.952	0.0	0.0	5.658975e-05
509.082	0.0	0.0	5.39055e-06
509.262	0.0	0.0	-7.011450000000001e-05
509.242	0.0	0.0	-6.3252e-05
509.292	0.0	0.0	-7.869375000000001e-05
509.412	0.0	0.0	-0.00011870550000000002
509.592	0.0	0.0	-0.00017858025000000002
509.572	0.0	0.0	-0.00017344125
509.622	0.0	0.0	-0.00018087750000000003
509.742	0.0	0.0	-0.00019058625000000003
509.932	0.0	0.0	-0.0002049885
509.922	0.0	0.0	-0.00020393100000000002
509.962	0.0	0.0	-0.00019771425000000002
510.092	0.0	0.0	-0.00016975575000000002
510.272	0.0	0.0	-0.00012850425
510.252	0.0	0.0	-0.0001322955
510.302	0.0	0.0	-0.00011760075000000001
510.422	0.0	0.0	-6.6141e-05
510.602	0.0	0.0	1.0896300000000001e-05
510.582	0.0	0.0	4.204350000000001e-06
510.632	0.0	0.0	2.30805e-05
510.752	0.0	0.0	7.512075000000001e-05
510.942	0.0	0.0	0.00015233400000000004
510.932	0.0	0.0	0.00014658750000000003
510.972	0.0	0.0	0.0001587375
511.102	0.0	0.0	0.00018358875000000003
511.282	0.0	0.0	0.00022027275000000005
511.262	0.0	0.0	0.00021686400000000002
511.312	0.0	0.0	0.00021727575000000002
511.432	0.0	0.0	0.000202968
511.612	0.0	0.0	0.00018153675000000003
511.592	0.0	0.0	0.00018342000000000006
511.642	0.0	0.0	0.00017047350000000001
511.762	0.0	0.0	0.000122724
511.952	0.0	0.0	5.184225000000001e-05
511.942	0.0	0.0	5.718825000000001e-05
511.982	0.0	0.0	3.722625e-05
512.112	0.0	0.0	-2.0040524999999997e-05
512.292	0.0	0.0	-0.00010461375000000001
512.272	0.0	0.0	-9.6669e-05
512.322	0.0	0.0	-0.00011247975
512.442	0.0	0.0	-0.00015049800000000002
512.622	0.0	0.0	-0.00020746350000000002
512.602	0.0	0.0	-0.00020239875000000005
512.652	0.0	0.0	-0.00020777175000000003
512.772	0.0	0.0	-0.00020911050000000002
512.962	0.0	0.0	-0.00021110175000000004
512.952	0.0	0.0	-0.00021094875
512.992	0.0	0.0	-0.00020174850000000003
513.122	0.0	0.0	-0.00016475175000000002
513.302	0.0	0.0	-0.00011008800000000001
513.282	0.0	0.0	-0.00011527875000000001
513.322	0.0	0.0	-9.8775e-05
513.452	0.0	0.0	-4.343175e-05
513.632	0.0	0.0	3.9528000000000005e-05
513.612	0.0	0.0	3.206925e-05
513.662	0.0	0.0	5.0546250000000004e-05
513.782	0.0	0.0	9.911250000000002e-05
513.972	0.0	0.0	0.00017126775000000002
513.962	0.0	0.0	0.00016567875000000003
514.002	0.0	0.0	0.00017538975000000004
514.132	0.0	0.0	0.00019185525000000003
514.312	0.0	0.0	0.00021619575000000004
514.292	0.0	0.0	0.00021386025000000002
514.332	0.0	0.0	0.00021177225000000002
514.462	0.0	0.0	0.0001898685
514.642	0.0	0.0	0.00015702075000000002
514.622	0.0	0.0	0.00016000875
514.672	0.0	0.0	0.00014584275000000002
514.792	0.0	0.0	9.60345e-05
514.982	0.0	0.0	2.1998250000000002e-05
514.972	0.0	0.0	2.7807750000000005e-05
515.012	0.0	0.0	9.043424999999999e-06
515.142	0.0	0.0	-4.3227000000000005e-05
515.322	0.0	0.0	-0.00012052575000000001
515.302	0.0	0.0	-0.00011303325000000002
515.342	0.0	0.0	-0.00012636
515.472	0.0	0.0	-0.00015560325000000004
515.652	0.0	0.0	-0.00019948275000000002
515.632	0.0	0.0	-0.0001954485
515.682	0.0	0.0	-0.00019808775000000001
515.802	0.0	0.0	-0.00019179899999999998
515.992	0.0	0.0	-0.000182448
515.982	0.0	0.0	-0.00018319275
516.022	0.0	0.0	-0.00017290125000000002
516.152	0.0	0.0	-0.000134001
516.332	0.0	0.0	-7.644375e-05
516.312	0.0	0.0	-8.208225000000001e-05
516.352	0.0	0.0	-6.6411e-05
516.482	0.0	0.0	-1.54818e-05
516.662	0.0	0.0	6.0966e-05
516.642	0.0	0.0	5.385825e-05
516.692	0.0	0.0	6.98265e-05
516.812	0.0	0.0	0.00011017575
517.002	0.0	0.0	0.00017020350000000002
516.982	0.0	0.0	0.00016537275
517.032	0.0	0.0	0.00017238150000000002
517.162	0.0	0.0	0.000181341
517.342	0.0	0.0	0.00019460475
517.322	0.0	0.0	0.000193293
517.362	0.0	0.0	0.00018967500000000002
517.492	0.0	0.0	0.00016434000000000002
517.672	0.0	0.0	0.00012629250000000002
517.652	0.0	0.0	0.00012986775
517.702	0.0	0.0	0.00011575350000000001
517.822	0.0	0.0	6.721650000000001e-05
518.012	0.0	0.0	-5.028300000000001e-06
517.992	0.0	0.0	8.596350000000001e-07
518.042	0.0	0.0	-1.6476975000000003e-05
518.162	0.0	0.0	-6.408e-05
518.352	0.0	0.0	-0.00013457250000000002
518.332	0.0	0.0	-0.00012752775
518.372	0.0	0.0	-0.000139113
518.502	0.0	0.0	-0.0001627515
518.682	0.0	0.0	-0.00019826550000000002
518.662	0.0	0.0	-0.00019489275000000004
518.712	0.0	0.0	-0.00019581750000000002
518.832	0.0	0.0	-0.00018441450000000002
519.022	0.0	0.0	-0.0001674315
519.002	0.0	0.0	-0.00016883325000000002
519.052	0.0	0.0	-0.0001573515
519.172	0.0	0.0	-0.00011501100000000001
519.362	0.0	0.0	-5.2281e-05
519.342	0.0	0.0	-5.86125e-05
519.382	0.0	0.0	-4.2399000000000005e-05
519.512	0.0	0.0	9.720675e-06
519.692	0.0	0.0	8.80605e-05
519.672	0.0	0.0	8.0541e-05
519.722	0.0	0.0	9.626400000000001e-05
519.842	0.0	0.0	0.00013489875
520.032	0.0	0.0	0.00019245375000000002
520.012	0.0	0.0	0.00018764550000000002
520.062	0.0	0.0	0.00019338075000000003
520.182	0.0	0.0	0.00019732500000000004
520.372	0.0	0.0	0.00020317050000000003
520.352	0.0	0.0	0.00020257425000000002
520.392	0.0	0.0	0.00019709100000000001
520.522	0.0	0.0	0.0001646145
520.702	0.0	0.0	0.00011577825
520.682	0.0	0.0	0.00012051675000000002
520.732	0.0	0.0	0.00010414125000000001
520.852	0.0	0.0	4.8703500000000006e-05
521.042	0.0	0.0	-3.3921e-05
521.022	0.0	0.0	-2.6959500000000005e-05
521.072	0.0	0.0	-4.56885e-05
521.192	0.0	0.0	-9.603225000000002e-05
521.382	0.0	0.0	-0.00017067375
521.362	0.0	0.0	-0.00016288650000000003
521.402	0.0	0.0	-0.00017433675000000002
521.532	0.0	0.0	-0.00019452825000000005
521.712	0.0	0.0	-0.000224937
521.692	0.0	0.0	-0.00022210650000000003
521.742	0.0	0.0	-0.00022050900000000003
521.862	0.0	0.0	-0.00020030850000000002
522.052	0.0	0.0	-0.00017033625000000002
522.032	0.0	0.0	-0.00017337600000000002
522.072	0.0	0.0	-0.00016090200000000004
522.202	0.0	0.0	-0.00011031975
522.382	0.0	0.0	-3.4222500000000006e-05
522.362	0.0	0.0	-4.176225e-05
522.412	0.0	0.0	-2.2214025000000003e-05
522.532	0.0	0.0	3.6263250000000006e-05
522.722	0.0	0.0	0.00012349125000000002
522.702	0.0	0.0	0.00011597850000000001
522.752	0.0	0.0	0.00013164750000000002
522.872	0.0	0.0	0.00016724025000000004
523.062	0.0	0.0	0.00022006125000000005
523.042	0.0	0.0	0.00021453750000000003
523.082	0.0	0.0	0.00021930075
523.212	0.0	0.0	0.00021509100000000002
523.392	0.0	0.0	0.000208755
523.372	0.0	0.0	0.00020938725
523.422	0.0	0.0	0.00020019825000000004
523.542	0.0	0.0	0.00015815475000000002
523.732	0.0	0.0	9.542025000000001e-05
523.712	0.0	0.0	0.00010088775000000001
523.762	0.0	0.0	8.218125e-05
523.882	0.0	0.0	2.3784750000000003e-05
524.072	0.0	0.0	-6.291225e-05
524.052	0.0	0.0	-5.3763750000000005e-05
524.092	0.0	0.0	-7.091325000000001e-05
524.212	0.0	0.0	-0.0001158075
524.402	0.0	0.0	-0.00018342675000000003
524.382	0.0	0.0	-0.0001766205
524.432	0.0	0.0	-0.000185715
524.552	0.0	0.0	-0.00019709100000000001
524.742	0.0	0.0	-0.00021407400000000002
524.722	0.0	0.0	-0.00021257775000000002
524.772	0.0	0.0	-0.00020783925
524.892	0.0	0.0	-0.00018004500000000002
525.082	0.0	0.0	-0.00013876200000000004
525.062	0.0	0.0	-0.0001431585
525.102	0.0	0.0	-0.00012994650000000001
525.222	0.0	0.0	-7.980075000000001e-05
525.412	0.0	0.0	-4.23765e-06
525.392	0.0	0.0	-1.1917800000000001e-05
525.442	0.0	0.0	5.459850000000001e-06
525.562	0.0	0.0	5.424975e-05
525.752	0.0	0.0	0.00012711825000000002
525.732	0.0	0.0	0.00012062249999999999
525.782	0.0	0.0	0.00013208625
525.902	0.0	0.0	0.00015447150000000003
526.092	0.0	0.0	0.00018773775000000003
526.072	0.0	0.0	0.00018416250000000004
526.112	0.0	0.0	0.00018563625
526.232	0.0	0.0	0.00017350875000000002
526.422	0.0	0.0	0.00015522300000000001
526.402	0.0	0.0	0.00015709950000000002
526.442	0.0	0.0	0.00014768325
526.572	0.0	0.0	0.00010928025
526.762	0.0	0.0	5.1898500000000005e-05
526.742	0.0	0.0	5.707125000000001e-05
526.792	0.0	0.0	4.2354e-05
526.912	0.0	0.0	-1.147275e-06
527.102	0.0	0.0	-6.5817e-05
527.082	0.0	0.0	-5.880375e-05
527.122	0.0	0.0	-7.041374999999999e-05
527.242	0.0	0.0	-9.730125000000001e-05
527.432	0.0	0.0	-0.00013785299999999998
527.412	0.0	0.0	-0.00013365000000000002
527.452	0.0	0.0	-0.00013791825
527.582	0.0	0.0	-0.00013825574999999998
527.772	0.0	0.0	-0.0001387575
527.752	0.0	0.0	-0.0001387125
527.802	0.0	0.0	-0.00013357575000000002
527.922	0.0	0.0	-0.000109692
528.112	0.0	0.0	-7.416900000000001e-05
528.092	0.0	0.0	-7.805700000000002e-05
528.132	0.0	0.0	-6.866100000000001e-05
528.252	0.0	0.0	-3.5957250000000005e-05
528.442	0.0	0.0	1.3388400000000002e-05
528.422	0.0	0.0	8.226675e-06
528.462	0.0	0.0	1.8362475e-05
528.592	0.0	0.0	4.4322750000000005e-05
528.782	0.0	0.0	8.314650000000001e-05
528.762	0.0	0.0	7.957125e-05
528.812	0.0	0.0	8.469675000000002e-05
528.932	0.0	0.0	9.191925e-05
529.122	0.0	0.0	0.00010266525000000001
529.102	0.0	0.0	0.00010147725
529.142	0.0	0.0	0.00010078875000000002
529.262	0.0	0.0	8.949150000000001e-05
529.452	0.0	0.0	7.243875e-05
529.432	0.0	0.0	7.423875000000001e-05
529.472	0.0	0.0	6.835950000000001e-05
529.602	0.0	0.0	4.68045e-05
529.792	0.0	0.0	1.4556825000000003e-05
529.772	0.0	0.0	1.7558099999999997e-05
529.822	0.0	0.0	1.0379700000000002e-05
529.942	0.0	0.0	-9.303300000000001e-06
530.132	0.0	0.0	-3.86055e-05
530.112	0.0	0.0	-3.534075e-05
530.152	0.0	0.0	-4.009275e-05
530.272	0.0	0.0	-4.91895e-05
530.462	0.0	0.0	-6.292575e-05
530.442	0.0	0.0	-6.1461e-05
530.482	0.0	0.0	-6.236100000000001e-05
530.612	0.0	0.0	-5.934375e-05
530.802	0.0	0.0	-5.4828000000000004e-05
530.782	0.0	0.0	-5.5253250000000005e-05
530.832	0.0	0.0	-5.240475000000001e-05
530.952	0.0	0.0	-4.0851000000000006e-05
531.142	0.0	0.0	-2.3643000000000004e-05
531.122	0.0	0.0	-2.5575750000000003e-05
531.162	0.0	0.0	-2.152485e-05
531.282	0.0	0.0	-8.383275000000001e-06
531.472	0.0	0.0	1.1472075000000001e-05
531.452	0.0	0.0	9.336600000000001e-06
531.492	0.0	0.0	1.3223475000000001e-05
531.622	0.0	0.0	2.2718250000000006e-05
531.812	0.0	0.0	3.6933750000000005e-05
531.792	0.0	0.0	3.558375e-05
531.842	0.0	0.0	3.7388250000000006e-05
531.962	0.0	0.0	3.9575250000000004e-05
532.152	0.0	0.0	4.2831000000000004e-05
532.132	0.0	0.0	4.2462e-05
532.172	0.0	0.0	4.2021e-05
532.292	0.0	0.0	3.691800000000001e-05
532.482	0.0	0.0	2.9202750000000004e-05
532.462	0.0	0.0	3.0039750000000003e-05
532.502	0.0	0.0	2.734875e-05
532.632	0.0	0.0	1.7171325000000005e-05
532.822	0.0	0.0	1.9229625e-06
532.802	0.0	0.0	3.3867000000000005e-06
532.852	0.0	0.0	-2.401875e-07
532.972	0.0	0.0	-1.07919e-05
533.162	0.0	0.0	-2.6520750000000002e-05
533.142	0.0	0.0	-2.4723e-05
533.182	0.0	0.0	-2.74455e-05
533.302	0.0	0.0	-3.3354e-05
533.492	0.0	0.0	-4.2288750000000004e-05
533.472	0.0	0.0	-4.131000000000001e-05
533.512	0.0	0.0	-4.1996250000000006e-05
533.642	0.0	0.0	-4.036950000000001e-05
533.832	0.0	0.0	-3.7930500000000006e-05
533.812	0.0	0.0	-3.8166750000000005e-05
533.862	0.0	0.0	-3.6153000000000004e-05
533.982	0.0	0.0	-2.7384750000000002e-05
534.172	0.0	0.0	-1.43082e-05
534.152	0.0	0.0	-1.5815475000000003e-05
534.192	0.0	0.0	-1.2561975000000001e-05
534.312	0.0	0.0	-1.219365e-06
534.502	0.0	0.0	1.5940575000000003e-05
534.482	0.0	0.0	1.4044950000000002e-05
534.522	0.0	0.0	1.7472375e-05
534.652	0.0	0.0	2.6109000000000004e-05
534.842	0.0	0.0	3.906000000000001e-05
534.822	0.0	0.0	3.7791000000000005e-05
534.872	0.0	0.0	3.9312000000000006e-05
534.992	0.0	0.0	4.0574250000000005e-05
535.182	0.0	0.0	4.24575e-05
535.162	0.0	0.0	4.223925000000001e-05
535.202	0.0	0.0	4.1499000000000004e-05
535.322	0.0	0.0	3.5165250000000004e-05
535.512	0.0	0.0	2.5580250000000003e-05
535.492	0.0	0.0	2.6649000000000002e-05
535.532	0.0	0.0	2.3674500000000002e-05
535.662	0.0	0.0	1.2780000000000001e-05
535.852	0.0	0.0	-3.5619750000000003e-06
535.832	0.0	0.0	-1.9496475000000003e-06
535.882	0.0	0.0	-5.528700000000001e-06
536.002	0.0	0.0	-1.5441750000000002e-05
536.192	0.0	0.0	-3.0235500000000002e-05
536.172	0.0	0.0	-2.848275e-05
536.212	0.0	0.0	-3.0867750000000006e-05
536.332	0.0	0.0	-3.5199e-05
536.522	0.0	0.0	-4.176225e-05
536.502	0.0	0.0	-4.105575e-05
536.542	0.0	0.0	-4.119750000000001e-05
536.672	0.0	0.0	-3.814200000000001e-05
536.862	0.0	0.0	-3.3576750000000003e-05
536.842	0.0	0.0	-3.4103250000000006e-05
536.882	0.0	0.0	-3.2211e-05
537.002	0.0	0.0	-2.3170500000000005e-05
537.192	0.0	0.0	-9.481275000000002e-06
537.172	0.0	0.0	-1.10349e-05
537.212	0.0	0.0	-7.512975e-06
537.342	0.0	0.0	4.031099999999999e-06
537.532	0.0	0.0	2.1361275e-05
537.512	0.0	0.0	1.9619775000000003e-05
537.552	0.0	0.0	2.2992750000000004e-05
537.682	0.0	0.0	3.14145e-05
537.872	0.0	0.0	4.398975000000001e-05
537.852	0.0	0.0	4.2498e-05
537.892	0.0	0.0	4.4133750000000004e-05
538.012	0.0	0.0	4.511700000000001e-05
538.202	0.0	0.0	4.660875000000001e-05
538.182	0.0	0.0	4.644e-05
538.222	0.0	0.0	4.527225000000001e-05
538.352	0.0	0.0	3.7347750000000005e-05
538.542	0.0	0.0	2.54475e-05
538.522	0.0	0.0	2.6655750000000003e-05
538.562	0.0	0.0	2.2792500000000002e-05
538.692	0.0	0.0	8.924399999999999e-06
538.882	0.0	0.0	-1.17999e-05
538.862	0.0	0.0	-9.318825000000001e-06
538.902	0.0	0.0	-1.3662900000000001e-05
539.022	0.0	0.0	-2.6714250000000003e-05
539.212	0.0	0.0	-4.64985e-05
539.192	0.0	0.0	-4.422375e-05
539.232	0.0	0.0	-4.744575000000001e-05
539.362	0.0	0.0	-5.313600000000001e-05
539.552	0.0	0.0	-6.168825e-05
539.532	0.0	0.0	-6.081075000000001e-05
539.572	0.0	0.0	-6.057225000000001e-05
539.702	0.0	0.0	-5.4675e-05
539.892	0.0	0.0	-4.585725000000001e-05
539.872	0.0	0.0	-4.69215e-05
539.912	0.0	0.0	-4.3758000000000004e-05
540.032	0.0	0.0	-2.8809e-05
540.222	0.0	0.0	-6.138225e-06
540.202	0.0	0.0	-8.7669e-06
540.242	0.0	0.0	-3.2755500000000003e-06
540.372	0.0	0.0	1.417635e-05
540.562	0.0	0.0	4.0407750000000006e-05
540.542	0.0	0.0	3.769650000000001e-05
540.582	0.0	0.0	4.2360750000000006e-05
540.712	0.0	0.0	5.2816500000000005e-05
540.902	0.0	0.0	6.845625e-05
540.882	0.0	0.0	6.655500000000002e-05
540.922	0.0	0.0	6.818400000000001e-05
541.042	0.0	0.0	6.620175000000001e-05
541.232	0.0	0.0	6.319575e-05
541.212	0.0	0.0	6.354675e-05
541.252	0.0	0.0	6.095250000000001e-05
541.382	0.0	0.0	4.708125000000001e-05
541.572	0.0	0.0	2.62215e-05
541.552	0.0	0.0	2.839725e-05
541.592	0.0	0.0	2.2772250000000002e-05
541.722	0.0	0.0	4.061025e-06
541.912	0.0	0.0	-2.3937750000000003e-05
541.892	0.0	0.0	-2.0505149999999998e-05
541.932	0.0	0.0	-2.5816500000000003e-05
542.052	0.0	0.0	-3.9674250000000004e-05
542.242	0.0	0.0	-6.07095e-05
542.222	0.0	0.0	-5.823e-05
542.262	0.0	0.0	-6.113249999999999e-05
542.392	0.0	0.0	-6.378975000000001e-05
542.582	0.0	0.0	-6.778575000000001e-05
542.562	0.0	0.0	-6.7365e-05
542.602	0.0	0.0	-6.5988e-05
542.732	0.0	0.0	-5.609925000000001e-05
542.922	0.0	0.0	-4.12965e-05
542.902	0.0	0.0	-4.312350000000001e-05
542.942	0.0	0.0	-3.909825000000001e-05
543.062	0.0	0.0	-2.259675e-05
543.252	0.0	0.0	2.462625e-06
543.232	0.0	0.0	-5.147325000000001e-07
543.272	0.0	0.0	4.8575250000000006e-06
543.402	0.0	0.0	2.0112525000000003e-05
543.592	0.0	0.0	4.3071750000000007e-05
543.572	0.0	0.0	4.0632750000000005e-05
543.612	0.0	0.0	4.4185500000000006e-05
543.742	0.0	0.0	5.0391000000000006e-05
543.932	0.0	0.0	5.968575000000001e-05
543.912	0.0	0.0	5.8529250000000005e-05
543.952	0.0	0.0	5.9053500000000006e-05
544.072	0.0	0.0	5.4229500000000007e-05
544.262	0.0	0.0	4.6899000000000006e-05
544.242	0.0	0.0	4.7776500000000006e-05
544.282	0.0	0.0	4.493700000000001e-05
544.412	0.0	0.0	3.2256000000000004e-05
544.602	0.0	0.0	1.316115e-05
544.582	0.0	0.0	1.5208200000000001e-05
544.622	0.0	0.0	1.0757250000000001e-05
544.752	0.0	0.0	-2.80575e-06
544.942	0.0	0.0	-2.3127750000000002e-05
544.922	0.0	0.0	-2.057895e-05
544.962	0.0	0.0	-2.4131250000000004e-05
545.082	0.0	0.0	-3.195675e-05
545.272	0.0	0.0	-4.3848000000000004e-05
545.252	0.0	0.0	-4.24125e-05
545.292	0.0	0.0	-4.375350000000001e-05
545.422	0.0	0.0	-4.313475000000001e-05
545.612	0.0	0.0	-4.2201000000000005e-05
545.592	0.0	0.0	-4.2302250000000007e-05
545.632	0.0	0.0	-4.081275e-05
545.762	0.0	0.0	-3.28725e-05
545.952	0.0	0.0	-2.097135e-05
545.932	0.0	0.0	-2.2474800000000004e-05
545.972	0.0	0.0	-1.9666800000000003e-05
546.092	0.0	0.0	-9.3177e-06
546.282	0.0	0.0	6.4181250000000005e-06
546.262	0.0	0.0	4.5036e-06
546.302	0.0	0.0	7.620075e-06
546.432	0.0	0.0	1.5633675e-05
546.622	0.0	0.0	2.7708750000000005e-05
546.602	0.0	0.0	2.6392500000000002e-05
546.642	0.0	0.0	2.8062000000000003e-05
546.772	0.0	0.0	3.0100500000000004e-05
546.962	0.0	0.0	3.315825e-05
546.942	0.0	0.0	3.2769e-05
546.982	0.0	0.0	3.267675000000001e-05
547.102	0.0	0.0	2.8793250000000004e-05
547.292	0.0	0.0	2.2884750000000005e-05
547.272	0.0	0.0	2.360925e-05
547.312	0.0	0.0	2.1797775e-05
547.442	0.0	0.0	1.44405e-05
547.632	0.0	0.0	3.3489000000000002e-06
547.612	0.0	0.0	4.569525000000001e-06
547.652	0.0	0.0	2.165175e-06
547.782	0.0	0.0	-4.790925e-06
547.972	0.0	0.0	-1.5226875000000001e-05
547.952	0.0	0.0	-1.3889025000000002e-05
547.992	0.0	0.0	-1.564695e-05
548.112	0.0	0.0	-1.9109024999999998e-05
548.302	0.0	0.0	-2.437875e-05
548.282	0.0	0.0	-2.3726250000000003e-05
548.322	0.0	0.0	-2.4228000000000002e-05
548.452	0.0	0.0	-2.3197500000000003e-05
548.642	0.0	0.0	-2.1642300000000005e-05
548.622	0.0	0.0	-2.1814875000000005e-05
548.662	0.0	0.0	-2.0849175000000002e-05
548.792	0.0	0.0	-1.6124175000000002e-05
548.982	0.0	0.0	-9.0324e-06
548.962	0.0	0.0	-9.94815e-06
548.992	0.0	0.0	-8.327700000000002e-06
549.122	0.0	0.0	-2.4016499999999997e-06
549.312	0.0	0.0	6.620175000000001e-06
549.292	0.0	0.0	5.496975000000001e-06
549.332	0.0	0.0	7.296300000000002e-06
549.462	0.0	0.0	1.2023325000000002e-05
549.652	0.0	0.0	1.9155600000000003e-05
549.632	0.0	0.0	1.8359100000000002e-05
549.672	0.0	0.0	1.937025e-05
549.802	0.0	0.0	2.066265e-05
549.992	0.0	0.0	2.26035e-05
549.962	0.0	0.0	2.23479e-05
550.002	0.0	0.0	2.229615e-05
550.132	0.0	0.0	1.9588725e-05
550.322	0.0	0.0	1.5461325000000002e-05
550.302	0.0	0.0	1.595925e-05
550.342	0.0	0.0	1.455705e-05
550.472	0.0	0.0	8.610975000000001e-06
550.662	0.0	0.0	-3.2265e-07
550.642	0.0	0.0	8.249625000000001e-07
550.672	0.0	0.0	-1.1008350000000002e-06
550.802	0.0	0.0	-7.679250000000001e-06
550.992	0.0	0.0	-1.7699175000000003e-05
550.972	0.0	0.0	-1.643175e-05
551.012	0.0	0.0	-1.830105e-05
551.142	0.0	0.0	-2.2644000000000002e-05
551.332	0.0	0.0	-2.92005e-05
551.312	0.0	0.0	-2.8455750000000003e-05
551.352	0.0	0.0	-2.9067750000000003e-05
551.482	0.0	0.0	-2.8248750000000006e-05
551.672	0.0	0.0	-2.7020250000000003e-05
551.642	0.0	0.0	-2.7182250000000002e-05
551.682	0.0	0.0	-2.6302500000000004e-05
551.812	0.0	0.0	-1.993905e-05
552.002	0.0	0.0	-1.0239525e-05
551.982	0.0	0.0	-1.1471175000000001e-05
552.022	0.0	0.0	-8.875350000000001e-06
552.152	0.0	0.0	1.0905075000000003e-06
552.342	0.0	0.0	1.6144425000000003e-05
552.322	0.0	0.0	1.4422050000000002e-05
552.362	0.0	0.0	1.7510175e-05
552.492	0.0	0.0	2.6086500000000002e-05
552.682	0.0	0.0	3.897900000000001e-05
552.652	0.0	0.0	3.7269e-05
552.692	0.0	0.0	3.9231000000000004e-05
552.822	0.0	0.0	4.151475000000001e-05
553.012	0.0	0.0	4.5e-05
552.992	0.0	0.0	4.45545e-05
553.032	0.0	0.0	4.41225e-05
553.162	0.0	0.0	3.759975000000001e-05
553.352	0.0	0.0	2.7742500000000004e-05
553.332	0.0	0.0	2.8881e-05
553.372	0.0	0.0	2.5647750000000002e-05
553.502	0.0	0.0	1.2284325e-05
553.692	0.0	0.0	-7.811325000000001e-06
553.662	0.0	0.0	-5.129550000000001e-06
553.702	0.0	0.0	-9.298350000000002e-06
553.832	0.0	0.0	-2.3073750000000002e-05
554.022	0.0	0.0	-4.408425e-05
554.002	0.0	0.0	-4.13775e-05
554.042	0.0	0.0	-4.5040500000000004e-05
554.172	0.0	0.0	-5.2274250000000005e-05
554.362	0.0	0.0	-6.3207e-05
554.342	0.0	0.0	-6.193575e-05
554.382	0.0	0.0	-6.249375e-05
554.512	0.0	0.0	-5.78745e-05
554.702	0.0	0.0	-5.0922000000000005e-05
554.672	0.0	0.0	-5.1858000000000004e-05
554.712	0.0	0.0	-4.934025e-05
554.842	0.0	0.0	-3.4357500000000004e-05
555.032	0.0	0.0	-1.1489850000000001e-05
555.012	0.0	0.0	-1.4457825000000002e-05
555.052	0.0	0.0	-8.9982e-06
555.182	0.0	0.0	1.0175850000000002e-05
555.372	0.0	0.0	3.917475e-05
555.352	0.0	0.0	3.5777250000000004e-05
555.392	0.0	0.0	4.116375e-05
555.522	0.0	0.0	5.4218250000000006e-05
555.712	0.0	0.0	7.386975e-05
555.682	0.0	0.0	7.121025000000001e-05
555.722	0.0	0.0	7.385175e-05
555.852	0.0	0.0	7.368075000000001e-05
556.042	0.0	0.0	7.341975e-05
556.012	0.0	0.0	7.34535e-05
556.062	0.0	0.0	7.1586e-05
556.192	0.0	0.0	5.722650000000001e-05
556.382	0.0	0.0	3.5500500000000003e-05
556.362	0.0	0.0	3.8067750000000005e-05
556.402	0.0	0.0	3.22245e-05
556.532	0.0	0.0	1.037385e-05
556.722	0.0	0.0	-2.252925e-05
556.692	0.0	0.0	-1.8048375000000003e-05
556.732	0.0	0.0	-2.4360750000000002e-05
556.862	0.0	0.0	-4.250925e-05
557.052	0.0	0.0	-7.022699999999999e-05
557.022	0.0	0.0	-6.657750000000002e-05
557.072	0.0	0.0	-7.094475e-05
557.192	0.0	0.0	-7.665975000000001e-05
557.392	0.0	0.0	-8.530875000000002e-05
557.372	0.0	0.0	-8.427825000000001e-05
557.412	0.0	0.0	-8.377200000000001e-05
557.542	0.0	0.0	-7.335225e-05
557.732	0.0	0.0	-5.765625000000001e-05
557.702	0.0	0.0	-5.980725e-05
557.742	0.0	0.0	-5.5599750000000006e-05
557.872	0.0	0.0	-3.4744500000000006e-05
558.062	0.0	0.0	-2.8764e-06
558.032	0.0	0.0	-7.101225000000001e-06
558.082	0.0	0.0	-2.0690325000000002e-07
558.202	0.0	0.0	2.1487725000000003e-05
558.402	0.0	0.0	5.4342e-05
558.382	0.0	0.0	5.0400000000000005e-05
558.422	0.0	0.0	5.595525000000001e-05
558.552	0.0	0.0	6.706575000000001e-05
558.742	0.0	0.0	8.381250000000001e-05
558.712	0.0	0.0	8.150175e-05
558.752	0.0	0.0	8.338950000000002e-05
558.882	0.0	0.0	7.898174999999999e-05
559.072	0.0	0.0	7.224075000000001e-05
559.042	0.0	0.0	7.314074999999999e-05
559.092	0.0	0.0	7.011450000000001e-05
559.212	0.0	0.0	5.2499250000000004e-05
559.412	0.0	0.0	2.5814250000000004e-05
559.392	0.0	0.0	2.9040750000000005e-05
559.432	0.0	0.0	2.270925e-05
559.562	0.0	0.0	9.8397e-07
559.752	0.0	0.0	-3.1772250000000004e-05
559.722	0.0	0.0	-2.7220500000000005e-05
559.762	0.0	0.0	-3.318075e-05
559.892	0.0	0.0	-4.8186e-05
560.082	0.0	0.0	-7.113375000000001e-05
560.052	0.0	0.0	-6.804900000000001e-05
560.102	0.0	0.0	-7.1352e-05
560.222	0.0	0.0	-7.319925e-05
560.422	0.0	0.0	-7.600275000000001e-05
560.402	0.0	0.0	-7.566075e-05
560.442	0.0	0.0	-7.428825000000001e-05
560.572	0.0	0.0	-6.20955e-05
560.762	0.0	0.0	-4.370625e-05
560.732	0.0	0.0	-4.6278e-05
560.772	0.0	0.0	-4.1924250000000004e-05
560.902	0.0	0.0	-2.24595e-05
561.092	0.0	0.0	7.320150000000001e-06
561.062	0.0	0.0	3.2897250000000005e-06
561.112	0.0	0.0	9.418050000000002e-06
561.232	0.0	0.0	2.7477e-05
561.432	0.0	0.0	5.4859500000000006e-05
561.412	0.0	0.0	5.150025000000001e-05
561.452	0.0	0.0	5.590125e-05
561.582	0.0	0.0	6.3423e-05
561.772	0.0	0.0	7.477425000000002e-05
561.742	0.0	0.0	7.317675000000002e-05
561.782	0.0	0.0	7.4232e-05
561.912	0.0	0.0	6.8139e-05
562.102	0.0	0.0	5.881500000000001e-05
562.072	0.0	0.0	6.0086250000000004e-05
562.112	0.0	0.0	5.687325000000001e-05
562.242	0.0	0.0	3.98295e-05
562.442	0.0	0.0	1.3972725000000003e-05
562.422	0.0	0.0	1.716975e-05
562.462	0.0	0.0	1.1297475000000001e-05
562.592	0.0	0.0	-8.373825000000001e-06
562.782	0.0	0.0	-3.807225000000001e-05
562.752	0.0	0.0	-3.386475e-05
562.792	0.0	0.0	-3.917475e-05
562.922	0.0	0.0	-5.1880500000000006e-05
563.112	0.0	0.0	-7.1334e-05
563.082	0.0	0.0	-6.86655e-05
563.122	0.0	0.0	-7.131825000000001e-05
563.252	0.0	0.0	-7.1181e-05
563.452	0.0	0.0	-7.0974e-05
563.432	0.0	0.0	-7.099875e-05
563.472	0.0	0.0	-6.91605e-05
563.602	0.0	0.0	-5.5590750000000006e-05
563.792	0.0	0.0	-3.50955e-05
563.762	0.0	0.0	-3.8018250000000005e-05
563.802	0.0	0.0	-3.339675e-05
563.932	0.0	0.0	-1.3320225000000003e-05
564.122	0.0	0.0	1.7435025000000003e-05
564.092	0.0	0.0	1.3188150000000003e-05
564.132	0.0	0.0	1.9352249999999998e-05
564.262	0.0	0.0	3.688650000000001e-05
564.462	0.0	0.0	6.350625e-05
564.442	0.0	0.0	6.017400000000001e-05
564.482	0.0	0.0	6.4242e-05
564.612	0.0	0.0	6.9813e-05
564.802	0.0	0.0	7.822800000000001e-05
564.772	0.0	0.0	7.70085e-05
564.812	0.0	0.0	7.752825e-05
564.942	0.0	0.0	6.866775000000001e-05
565.132	0.0	0.0	5.508e-05
565.102	0.0	0.0	5.690475000000001e-05
565.152	0.0	0.0	5.2807500000000006e-05
565.272	0.0	0.0	3.35925e-05
565.472	0.0	0.0	4.546575000000001e-06
565.442	0.0	0.0	8.666325000000002e-06
565.482	0.0	0.0	2.9274750000000003e-06
565.612	0.0	0.0	-1.6359300000000004e-05
565.802	0.0	0.0	-4.591575000000001e-05
565.772	0.0	0.0	-4.177575e-05
565.812	0.0	0.0	-4.702275000000001e-05
565.942	0.0	0.0	-5.755725000000001e-05
566.142	0.0	0.0	-7.35615e-05
566.122	0.0	0.0	-7.152975e-05
566.162	0.0	0.0	-7.308450000000001e-05
566.292	0.0	0.0	-6.935625e-05
566.482	0.0	0.0	-6.371775e-05
566.452	0.0	0.0	-6.453450000000001e-05
566.492	0.0	0.0	-6.255225000000001e-05
566.622	0.0	0.0	-4.769325000000001e-05
566.812	0.0	0.0	-2.4909750000000003e-05
566.782	0.0	0.0	-2.8111500000000004e-05
566.822	0.0	0.0	-2.3019750000000003e-05
566.952	0.0	0.0	-4.717575e-06
567.152	0.0	0.0	2.309625e-05
567.122	0.0	0.0	1.9539225e-05
567.172	0.0	0.0	2.4588000000000002e-05
567.302	0.0	0.0	3.6497250000000004e-05
567.492	0.0	0.0	5.4513000000000005e-05
567.462	0.0	0.0	5.188500000000001e-05
567.502	0.0	0.0	5.454900000000001e-05
567.632	0.0	0.0	5.5026000000000005e-05
567.822	0.0	0.0	5.57595e-05
567.792	0.0	0.0	5.5656000000000004e-05
567.832	0.0	0.0	5.480325e-05
567.962	0.0	0.0	4.533525e-05
568.162	0.0	0.0	3.093975e-05
568.132	0.0	0.0	3.279375e-05
568.182	0.0	0.0	2.9346750000000005e-05
568.302	0.0	0.0	1.6395524999999997e-05
568.502	0.0	0.0	-3.2042250000000002e-06
568.472	0.0	0.0	-3.277125000000001e-07
568.512	0.0	0.0	-3.865725e-06
568.642	0.0	0.0	-1.2827250000000002e-05
568.832	0.0	0.0	-2.6581500000000003e-05
568.802	0.0	0.0	-2.4624000000000007e-05
568.842	0.0	0.0	-2.6745750000000004e-05
568.972	0.0	0.0	-2.8406250000000003e-05
569.172	0.0	0.0	-3.0933e-05
569.142	0.0	0.0	-3.060450000000001e-05
569.192	0.0	0.0	-3.0388500000000002e-05
569.312	0.0	0.0	-2.5866000000000003e-05
569.512	0.0	0.0	-1.9020825000000004e-05
569.482	0.0	0.0	-2.0031750000000003e-05
569.522	0.0	0.0	-1.8604125000000002e-05
569.652	0.0	0.0	-1.2776175000000001e-05
569.842	0.0	0.0	-3.827925e-06
569.812	0.0	0.0	-5.109525e-06
569.852	0.0	0.0	-3.505725000000001e-06
569.982	0.0	0.0	-1.6591275e-07
570.182	0.0	0.0	4.91625e-06
570.152	0.0	0.0	4.2525e-06
570.202	0.0	0.0	5.080725e-06
570.322	0.0	0.0	6.470550000000001e-06
570.522	0.0	0.0	8.575650000000001e-06
570.492	0.0	0.0	8.262900000000002e-06
570.532	0.0	0.0	8.694000000000002e-06
570.662	0.0	0.0	1.0403550000000001e-05
570.852	0.0	0.0	1.30293e-05
570.822	0.0	0.0	1.2650850000000001e-05
570.862	0.0	0.0	1.29249e-05
570.992	0.0	0.0	1.1816325e-05
571.192	0.0	0.0	1.0128825e-05
571.162	0.0	0.0	1.0350675e-05
571.212	0.0	0.0	9.440775000000001e-06
571.332	0.0	0.0	3.5156250000000003e-06
571.532	0.0	0.0	-5.462325000000001e-06
571.502	0.0	0.0	-4.12065e-06
571.542	0.0	0.0	-6.006375000000001e-06
571.672	0.0	0.0	-1.4139450000000002e-05
571.862	0.0	0.0	-2.6637750000000004e-05
571.832	0.0	0.0	-2.4824250000000002e-05
571.872	0.0	0.0	-2.7112500000000002e-05
572.002	0.0	0.0	-3.22695e-05
572.202	0.0	0.0	-4.0122000000000007e-05
572.172	0.0	0.0	-3.9082500000000004e-05
572.212	0.0	0.0	-3.980700000000001e-05
572.342	0.0	0.0	-3.703725e-05
572.542	0.0	0.0	-3.283875e-05
572.512	0.0	0.0	-3.3468750000000004e-05
572.552	0.0	0.0	-3.21525e-05
572.682	0.0	0.0	-2.1550725000000005e-05
572.872	0.0	0.0	-5.2515000000000005e-06
572.842	0.0	0.0	-7.629975000000001e-06
572.882	0.0	0.0	-3.998925e-06
573.012	0.0	0.0	9.962775e-06
573.212	0.0	0.0	3.12345e-05
573.182	0.0	0.0	2.83995e-05
573.222	0.0	0.0	3.2258250000000006e-05
573.352	0.0	0.0	4.145400000000001e-05
573.552	0.0	0.0	5.539725000000001e-05
573.522	0.0	0.0	5.3289000000000004e-05
573.562	0.0	0.0	5.5332000000000005e-05
573.682	0.0	0.0	5.4276750000000005e-05
573.882	0.0	0.0	5.265450000000001e-05
573.852	0.0	0.0	5.2893e-05
573.892	0.0	0.0	5.164875e-05
574.022	0.0	0.0	4.014675e-05
574.222	0.0	0.0	2.261925e-05
574.192	0.0	0.0	2.4972750000000002e-05
574.232	0.0	0.0	2.0875950000000005e-05
574.362	0.0	0.0	4.9122e-06
574.562	0.0	0.0	-1.9305450000000003e-05
574.532	0.0	0.0	-1.5621975000000002e-05
574.572	0.0	0.0	-2.0012400000000002e-05
574.692	0.0	0.0	-3.1790249999999996e-05
574.892	0.0	0.0	-4.991175e-05
574.862	0.0	0.0	-4.7234250000000006e-05
574.902	0.0	0.0	-5.0085000000000006e-05
575.032	0.0	0.0	-5.2105500000000005e-05
575.232	0.0	0.0	-5.518800000000001e-05
575.202	0.0	0.0	-5.4771750000000006e-05
575.242	0.0	0.0	-5.4285750000000005e-05
575.372	0.0	0.0	-4.584600000000001e-05
575.572	0.0	0.0	-3.3036750000000005e-05
575.542	0.0	0.0	-3.499650000000001e-05
575.582	0.0	0.0	-3.2274e-05
575.702	0.0	0.0	-1.9077975000000004e-05
575.902	0.0	0.0	1.2335174999999999e-06
575.872	0.0	0.0	-1.7847225000000001e-06
575.912	0.0	0.0	2.15055e-06
576.042	0.0	0.0	1.3203450000000001e-05
576.242	0.0	0.0	3.0064500000000003e-05
576.212	0.0	0.0	2.777175e-05
576.252	0.0	0.0	3.0411e-05
576.382	0.0	0.0	3.3738750000000006e-05
576.582	0.0	0.0	3.879e-05
576.552	0.0	0.0	3.801375000000001e-05
576.592	0.0	0.0	3.8549250000000004e-05
576.712	0.0	0.0	3.419550000000001e-05
576.912	0.0	0.0	2.74905e-05
576.882	0.0	0.0	2.849175e-05
576.922	0.0	0.0	2.6851500000000002e-05
577.052	0.0	0.0	1.8945000000000002e-05
577.252	0.0	0.0	6.878250000000001e-06
577.222	0.0	0.0	8.52975e-06
577.262	0.0	0.0	6.2570250000000005e-06
577.392	0.0	0.0	1.9260450000000004e-07
577.592	0.0	0.0	-9.018900000000001e-06
577.562	0.0	0.0	-7.593525e-06
577.602	0.0	0.0	-9.093375e-06
577.722	0.0	0.0	-1.0493100000000001e-05
577.922	0.0	0.0	-1.2649275000000003e-05
577.892	0.0	0.0	-1.2325050000000002e-05
577.932	0.0	0.0	-1.2503025000000002e-05
578.062	0.0	0.0	-1.0641375000000001e-05
578.262	0.0	0.0	-7.7994e-06
578.232	0.0	0.0	-8.1909e-06
578.272	0.0	0.0	-7.636725000000001e-06
578.402	0.0	0.0	-6.012675000000001e-06
578.602	0.0	0.0	-3.5446500000000004e-06
578.572	0.0	0.0	-3.928725e-06
578.612	0.0	0.0	-3.4404750000000003e-06
578.732	0.0	0.0	-1.3929075000000001e-06
578.932	0.0	0.0	1.7623575000000003e-06
578.902	0.0	0.0	1.2850875000000002e-06
578.942	0.0	0.0	2.1081150000000004e-06
579.072	0.0	0.0	6.642675000000002e-06
579.272	0.0	0.0	1.3568175000000002e-05
579.242	0.0	0.0	1.26099e-05
579.282	0.0	0.0	1.3966650000000003e-05
579.412	0.0	0.0	1.8013725000000002e-05
579.612	0.0	0.0	2.4165000000000003e-05
579.582	0.0	0.0	2.3193000000000003e-05
579.622	0.0	0.0	2.41425e-05
579.742	0.0	0.0	2.3663250000000004e-05
579.942	0.0	0.0	2.2920750000000002e-05
579.912	0.0	0.0	2.3031000000000004e-05
579.952	0.0	0.0	2.2327875000000002e-05
580.082	0.0	0.0	1.5347475e-05
580.282	0.0	0.0	4.731075e-06
580.252	0.0	0.0	6.3747e-06
580.292	0.0	0.0	4.196925e-06
580.412	0.0	0.0	-6.434100000000002e-06
580.612	0.0	0.0	-2.2824000000000004e-05
580.582	0.0	0.0	-2.031345e-05
580.622	0.0	0.0	-2.346075e-05
580.752	0.0	0.0	-3.229875e-05
580.952	0.0	0.0	-4.5810000000000004e-05
580.922	0.0	0.0	-4.3917750000000005e-05
580.962	0.0	0.0	-4.587525e-05
581.092	0.0	0.0	-4.656600000000001e-05
581.292	0.0	0.0	-4.761675e-05
581.262	0.0	0.0	-4.7450250000000005e-05
581.302	0.0	0.0	-4.720725e-05
581.422	0.0	0.0	-3.8079e-05
581.622	0.0	0.0	-2.3994000000000004e-05
581.592	0.0	0.0	-2.61585e-05
581.632	0.0	0.0	-2.2884750000000005e-05
581.762	0.0	0.0	-7.091100000000001e-06
581.962	0.0	0.0	1.7053875e-05
581.932	0.0	0.0	1.3650075000000002e-05
581.972	0.0	0.0	1.83528e-05
582.102	0.0	0.0	3.249e-05
582.302	0.0	0.0	5.4002250000000006e-05
582.272	0.0	0.0	5.0586750000000005e-05
582.312	0.0	0.0	5.42025e-05
582.432	0.0	0.0	5.88735e-05
582.632	0.0	0.0	6.608250000000002e-05
582.602	0.0	0.0	6.496875e-05
582.642	0.0	0.0	6.5538e-05
582.772	0.0	0.0	5.752125000000001e-05
582.972	0.0	0.0	4.5258750000000004e-05
582.942	0.0	0.0	4.6998000000000006e-05
582.982	0.0	0.0	4.370625e-05
583.112	0.0	0.0	2.6374500000000003e-05
583.312	0.0	0.0	-1.0682325000000002e-08
583.282	0.0	0.0	4.20255e-06
583.322	0.0	0.0	-7.200675e-07
583.442	0.0	0.0	-1.8323099999999997e-05
583.642	0.0	0.0	-4.550175000000001e-05
583.612	0.0	0.0	-4.127850000000001e-05
583.652	0.0	0.0	-4.612050000000001e-05
583.782	0.0	0.0	-5.553450000000001e-05
583.982	0.0	0.0	-6.993900000000001e-05
583.952	0.0	0.0	-6.78825e-05
583.992	0.0	0.0	-6.957675e-05
584.122	0.0	0.0	-6.543225000000001e-05
584.322	0.0	0.0	-5.9118750000000004e-05
584.292	0.0	0.0	-6.013125000000001e-05
584.322	0.0	0.0	-5.8551750000000014e-05
584.452	0.0	0.0	-4.36635e-05
584.652	0.0	0.0	-2.06649e-05
584.622	0.0	0.0	-2.4257250000000002e-05
584.662	0.0	0.0	-1.9499400000000002e-05
584.792	0.0	0.0	-1.18377e-06
584.992	0.0	0.0	2.6851500000000002e-05
584.962	0.0	0.0	2.2826250000000002e-05
585.002	0.0	0.0	2.787075e-05
585.132	0.0	0.0	3.983625e-05
585.332	0.0	0.0	5.8065750000000006e-05
585.302	0.0	0.0	5.5122750000000003e-05
585.332	0.0	0.0	5.8077000000000007e-05
585.462	0.0	0.0	5.8371750000000006e-05
585.662	0.0	0.0	5.8830750000000016e-05
585.632	0.0	0.0	5.875875000000001e-05
585.672	0.0	0.0	5.81895e-05
585.802	0.0	0.0	4.7776500000000006e-05
586.002	0.0	0.0	3.1830750000000004e-05
585.972	0.0	0.0	3.413475e-05
586.012	0.0	0.0	3.06e-05
586.142	0.0	0.0	1.5748875e-05
586.342	0.0	0.0	-6.8874750000000005e-06
586.312	0.0	0.0	-3.2143500000000004e-06
586.342	0.0	0.0	-7.266600000000001e-06
586.472	0.0	0.0	-1.85742e-05
586.672	0.0	0.0	-3.6054000000000004e-05
586.642	0.0	0.0	-3.329325e-05
586.682	0.0	0.0	-3.624975e-05
586.812	0.0	0.0	-3.9552749999999995e-05
587.012	0.0	0.0	-4.4613e-05
586.982	0.0	0.0	-4.3877250000000004e-05
587.022	0.0	0.0	-4.4194500000000005e-05
587.152	0.0	0.0	-3.899025000000001e-05
587.352	0.0	0.0	-3.105675e-05
587.322	0.0	0.0	-3.23505e-05
587.352	0.0	0.0	-3.0757500000000005e-05
587.482	0.0	0.0	-2.1205125000000003e-05
587.682	0.0	0.0	-6.4332000000000005e-06
587.652	0.0	0.0	-8.77995e-06
587.692	0.0	0.0	-5.90625e-06
587.822	0.0	0.0	3.344625e-06
588.022	0.0	0.0	1.7521875000000004e-05
587.992	0.0	0.0	1.544895e-05
588.032	0.0	0.0	1.7911125000000004e-05
588.162	0.0	0.0	2.28735e-05
588.362	0.0	0.0	3.0444750000000004e-05
588.332	0.0	0.0	2.9202750000000004e-05
588.362	0.0	0.0	3.0426750000000005e-05
588.492	0.0	0.0	2.9808000000000003e-05
588.692	0.0	0.0	2.8854000000000002e-05
588.662	0.0	0.0	2.9007000000000002e-05
588.702	0.0	0.0	2.8539000000000002e-05
588.832	0.0	0.0	2.28195e-05
589.032	0.0	0.0	1.4048325e-05
589.002	0.0	0.0	1.5338250000000002e-05
589.042	0.0	0.0	1.3389075000000002e-05
589.172	0.0	0.0	4.736250000000001e-06
589.372	0.0	0.0	-8.46945e-06
589.342	0.0	0.0	-6.2925750000000005e-06
589.372	0.0	0.0	-8.678925000000001e-06
589.502	0.0	0.0	-1.650285e-05
589.702	0.0	0.0	-2.8611e-05
589.672	0.0	0.0	-2.6667e-05
589.712	0.0	0.0	-2.8782000000000003e-05
589.842	0.0	0.0	-3.203325e-05
590.042	0.0	0.0	-3.7019249999999996e-05
590.012	0.0	0.0	-3.6281250000000004e-05
590.052	0.0	0.0	-3.672675e-05
590.182	0.0	0.0	-3.278475e-05
590.382	0.0	0.0	-2.676375e-05
590.352	0.0	0.0	-2.7760500000000003e-05
590.382	0.0	0.0	-2.65275e-05
590.512	0.0	0.0	-1.6868025000000004e-05
590.712	0.0	0.0	-1.9133324999999997e-06
590.682	0.0	0.0	-4.3278750000000005e-06
590.722	0.0	0.0	-1.3485600000000003e-06
590.852	0.0	0.0	9.86625e-06
591.052	0.0	0.0	2.7074250000000003e-05
591.022	0.0	0.0	2.4513750000000002e-05
591.062	0.0	0.0	2.7544500000000007e-05
591.192	0.0	0.0	3.4119e-05
591.392	0.0	0.0	4.41585e-05
591.362	0.0	0.0	4.2486750000000004e-05
591.392	0.0	0.0	4.412025e-05
591.522	0.0	0.0	4.2459750000000006e-05
591.722	0.0	0.0	3.988575e-05
591.692	0.0	0.0	4.0304249999999996e-05
591.732	0.0	0.0	3.942450000000001e-05
591.862	0.0	0.0	2.9862000000000006e-05
592.062	0.0	0.0	1.5183e-05
592.032	0.0	0.0	1.7380125e-05
592.072	0.0	0.0	1.4295599999999999e-05
592.202	0.0	0.0	1.5246900000000001e-06
592.402	0.0	0.0	-1.7989425e-05
592.372	0.0	0.0	-1.472265e-05
592.402	0.0	0.0	-1.8180225e-05
592.532	0.0	0.0	-2.7690750000000002e-05
592.732	0.0	0.0	-4.2428250000000005e-05
592.702	0.0	0.0	-4.0023e-05
592.742	0.0	0.0	-4.251150000000001e-05
592.872	0.0	0.0	-4.431600000000001e-05
593.072	0.0	0.0	-4.7088e-05
593.042	0.0	0.0	-4.667175e-05
593.082	0.0	0.0	-4.6602e-05
593.212	0.0	0.0	-3.937275e-05
593.412	0.0	0.0	-2.8320750000000005e-05
593.382	0.0	0.0	-3.017925e-05
593.412	0.0	0.0	-2.8095750000000006e-05
593.542	0.0	0.0	-1.5438825e-05
593.742	0.0	0.0	4.1796e-06
593.712	0.0	0.0	9.615150000000002e-07
593.752	0.0	0.0	4.734e-06
593.882	0.0	0.0	1.7400600000000004e-05
594.082	0.0	0.0	3.685950000000001e-05
594.052	0.0	0.0	3.3916500000000006e-05
594.092	0.0	0.0	3.7257750000000004e-05
594.222	0.0	0.0	4.3355250000000005e-05
594.422	0.0	0.0	5.2679250000000006e-05
594.392	0.0	0.0	5.1090750000000005e-05
594.422	0.0	0.0	5.263425e-05
594.552	0.0	0.0	4.901400000000001e-05
594.752	0.0	0.0	4.339800000000001e-05
594.722	0.0	0.0	4.4298e-05
594.762	0.0	0.0	4.2743250000000004e-05
594.892	0.0	0.0	3.0303e-05
595.092	0.0	0.0	1.1267774999999999e-05
595.062	0.0	0.0	1.4453775000000002e-05
595.092	0.0	0.0	1.1005200000000001e-05
595.222	0.0	0.0	-4.277025e-06
595.422	0.0	0.0	-2.79765e-05
595.392	0.0	0.0	-2.40435e-05
595.432	0.0	0.0	-2.8419750000000005e-05
595.562	0.0	0.0	-3.964275e-05
595.762	0.0	0.0	-5.689350000000001e-05
595.732	0.0	0.0	-5.4258750000000006e-05
595.772	0.0	0.0	-5.6929500000000004e-05
595.902	0.0	0.0	-5.751225000000001e-05
596.102	0.0	0.0	-5.840325e-05
596.072	0.0	0.0	-5.8252500000000005e-05
596.102	0.0	0.0	-5.827725e-05
596.232	0.0	0.0	-4.764375e-05
596.432	0.0	0.0	-3.114225e-05
596.402	0.0	0.0	-3.388725e-05
596.442	0.0	0.0	-3.0478500000000003e-05
596.572	0.0	0.0	-1.2995550000000001e-05
596.772	0.0	0.0	1.38897e-05
596.742	0.0	0.0	9.758475000000001e-06
596.782	0.0	0.0	1.4794875e-05
596.912	0.0	0.0	3.0100500000000004e-05
597.112	0.0	0.0	5.3532e-05
597.082	0.0	0.0	4.951575e-05
597.112	0.0	0.0	5.358150000000001e-05
597.242	0.0	0.0	5.892300000000001e-05
597.442	0.0	0.0	6.7212e-05
597.412	0.0	0.0	6.582600000000002e-05
597.442	0.0	0.0	6.69465e-05
597.582	0.0	0.0	5.954175000000001e-05
597.782	0.0	0.0	4.8150000000000005e-05
597.752	0.0	0.0	4.990950000000001e-05
597.792	0.0	0.0	4.719825000000001e-05
597.922	0.0	0.0	3.0458250000000003e-05
598.122	0.0	0.0	4.820175000000001e-06
598.092	0.0	0.0	9.235125e-06
598.122	0.0	0.0	4.690575e-06
598.252	0.0	0.0	-1.2789675000000002e-05
598.452	0.0	0.0	-3.993525000000001e-05
598.422	0.0	0.0	-3.5374500000000005e-05
598.452	0.0	0.0	-4.028175e-05
598.592	0.0	0.0	-5.0589e-05
598.792	0.0	0.0	-6.645375000000001e-05
598.762	0.0	0.0	-6.399000000000002e-05
598.802	0.0	0.0	-6.632325e-05
598.932	0.0	0.0	-6.39135e-05
599.132	0.0	0.0	-6.0225750000000005e-05
599.102	0.0	0.0	-6.086250000000001e-05
599.132	0.0	0.0	-6.015375000000001e-05
599.262	0.0	0.0	-4.655025000000001e-05
599.462	0.0	0.0	-2.5416000000000002e-05
599.432	0.0	0.0	-2.8984500000000003e-05
599.462	0.0	0.0	-2.4817500000000004e-05
599.602	0.0	0.0	-5.746275e-06
599.802	0.0	0.0	2.3616000000000002e-05
599.772	0.0	0.0	1.9028250000000002e-05
599.812	0.0	0.0	2.4410250000000002e-05
599.942	0.0	0.0	3.95415e-05
600.142	0.0	0.0	6.273675e-05
600.102	0.0	0.0	5.87025e-05
600.142	0.0	0.0	6.2748e-05
600.272	0.0	0.0	6.66e-05
600.472	0.0	0.0	7.259175000000001e-05
600.442	0.0	0.0	7.157475000000001e-05
600.472	0.0	0.0	7.229925e-05
600.612	0.0	0.0	6.232275e-05
600.812	0.0	0.0	4.6955250000000004e-05
600.782	0.0	0.0	4.93695e-05
600.822	0.0	0.0	4.5949500000000005e-05
600.952	0.0	0.0	2.5974000000000002e-05
601.152	0.0	0.0	-4.655925000000001e-06
601.112	0.0	0.0	6.957675e-07
601.152	0.0	0.0	-4.67145e-06
601.282	0.0	0.0	-2.5020000000000004e-05
601.482	0.0	0.0	-5.665725e-05
601.452	0.0	0.0	-5.126175000000001e-05
601.482	0.0	0.0	-5.6958750000000004e-05
601.622	0.0	0.0	-6.807825e-05
601.822	0.0	0.0	-8.521200000000001e-05
601.792	0.0	0.0	-8.250750000000001e-05
601.832	0.0	0.0	-8.496225000000001e-05
601.962	0.0	0.0	-7.975350000000001e-05
602.162	0.0	0.0	-7.176375000000001e-05
602.122	0.0	0.0	-7.31655e-05
602.162	0.0	0.0	-7.177050000000001e-05
602.292	0.0	0.0	-5.240925e-05
602.492	0.0	0.0	-2.2264875000000003e-05
602.462	0.0	0.0	-2.7432000000000004e-05
602.492	0.0	0.0	-2.1638474999999998e-05
602.632	0.0	0.0	3.5743500000000003e-06
602.832	0.0	0.0	4.2437250000000004e-05
602.802	0.0	0.0	3.6267749999999995e-05
602.842	0.0	0.0	4.3247250000000005e-05
602.972	0.0	0.0	6.088950000000001e-05
603.172	0.0	0.0	8.796375000000001e-05
603.132	0.0	0.0	8.318700000000002e-05
603.172	0.0	0.0	8.789850000000003e-05
603.302	0.0	0.0	8.89695e-05
603.502	0.0	0.0	9.054000000000001e-05
603.472	0.0	0.0	9.027e-05
603.502	0.0	0.0	9.016650000000001e-05
603.642	0.0	0.0	7.368299999999999e-05
603.842	0.0	0.0	4.826475e-05
603.812	0.0	0.0	5.232150000000001e-05
603.852	0.0	0.0	4.714875e-05
603.982	0.0	0.0	2.1585600000000002e-05
604.182	0.0	0.0	-1.765665e-05
604.142	0.0	0.0	-1.0701900000000002e-05
604.182	0.0	0.0	-1.75095e-05
604.312	0.0	0.0	-3.8691e-05
604.512	0.0	0.0	-7.16265e-05
604.482	0.0	0.0	-6.592725000000001e-05
604.512	0.0	0.0	-7.177050000000001e-05
604.652	0.0	0.0	-7.877475e-05
604.852	0.0	0.0	-8.95815e-05
604.822	0.0	0.0	-8.784675e-05
604.862	0.0	0.0	-8.914725000000001e-05
604.992	0.0	0.0	-7.868475000000002e-05
605.192	0.0	0.0	-6.26175e-05
605.152	0.0	0.0	-6.547725000000001e-05
605.192	0.0	0.0	-6.270075e-05
605.322	0.0	0.0	-4.196025000000001e-05
605.522	0.0	0.0	-9.531675e-06
605.482	0.0	0.0	-1.5171975e-05
605.522	0.0	0.0	-9.1539e-06
605.662	0.0	0.0	1.145205e-05
605.862	0.0	0.0	4.325175000000001e-05
605.832	0.0	0.0	3.812175e-05
605.872	0.0	0.0	4.363425000000001e-05
606.002	0.0	0.0	5.336325000000001e-05
606.202	0.0	0.0	6.831e-05
606.162	0.0	0.0	6.563700000000001e-05
606.202	0.0	0.0	6.8211e-05
606.332	0.0	0.0	6.4197e-05
606.532	0.0	0.0	5.772600000000001e-05
606.492	0.0	0.0	5.8855500000000006e-05
606.532	0.0	0.0	5.7501000000000004e-05
606.662	0.0	0.0	4.3701750000000006e-05
606.872	0.0	0.0	2.2396050000000004e-05
606.842	0.0	0.0	2.5850250000000002e-05
606.872	0.0	0.0	2.1846375000000003e-05
607.012	0.0	0.0	7.0431750000000005e-06
607.212	0.0	0.0	-1.57086e-05
607.172	0.0	0.0	-1.1619900000000002e-05
607.212	0.0	0.0	-1.5527475e-05
607.342	0.0	0.0	-2.3811750000000005e-05
607.542	0.0	0.0	-3.6596250000000004e-05
607.502	0.0	0.0	-3.4350750000000006e-05
607.542	0.0	0.0	-3.6589500000000006e-05
607.672	0.0	0.0	-3.611925e-05
607.882	0.0	0.0	-3.53925e-05
607.852	0.0	0.0	-3.5511750000000004e-05
607.882	0.0	0.0	-3.516075e-05
608.022	0.0	0.0	-2.8525500000000003e-05
608.222	0.0	0.0	-1.8322425e-05
608.182	0.0	0.0	-2.0164274999999998e-05
608.222	0.0	0.0	-1.8417825e-05
608.352	0.0	0.0	-1.1118375e-05
608.552	0.0	0.0	2.799675e-07
608.512	0.0	0.0	-1.7311050000000002e-06
608.552	0.0	0.0	3.298950000000001e-07
608.682	0.0	0.0	4.54185e-06
608.892	0.0	0.0	1.1049075e-05
608.862	0.0	0.0	9.984825e-06
608.892	0.0	0.0	1.1058075000000002e-05
609.032	0.0	0.0	1.133235e-05
609.232	0.0	0.0	1.1754000000000001e-05
609.192	0.0	0.0	1.1676825000000001e-05
609.232	0.0	0.0	1.1748600000000001e-05
609.362	0.0	0.0	1.0177875000000001e-05
609.562	0.0	0.0	7.667775000000001e-06
609.522	0.0	0.0	8.101125e-06
609.562	0.0	0.0	7.6261500000000015e-06
609.702	0.0	0.0	5.592600000000001e-06
609.902	0.0	0.0	2.4637500000000003e-06
609.862	0.0	0.0	3.0258000000000007e-06
609.902	0.0	0.0	2.494125e-06
610.032	0.0	0.0	-2.409075e-07
610.232	0.0	0.0	-4.524750000000001e-06
610.192	0.0	0.0	-3.7608750000000006e-06
610.232	0.0	0.0	-4.547025e-06
610.362	0.0	0.0	-7.430175e-06
610.572	0.0	0.0	-1.1887425000000002e-05
610.542	0.0	0.0	-1.1151450000000001e-05
610.572	0.0	0.0	-1.1913300000000002e-05
610.712	0.0	0.0	-1.2798675000000002e-05
610.912	0.0	0.0	-1.4161500000000003e-05
610.872	0.0	0.0	-1.3912425000000001e-05
610.912	0.0	0.0	-1.4143725000000002e-05
611.042	0.0	0.0	-1.2052575000000002e-05
611.242	0.0	0.0	-8.692425e-06
611.202	0.0	0.0	-9.292725000000002e-06
611.242	0.0	0.0	-8.666100000000002e-06
611.372	0.0	0.0	-4.354425e-06
611.582	0.0	0.0	2.3139e-06
611.552	0.0	0.0	1.2071250000000001e-06
611.582	0.0	0.0	2.4174e-06
611.722	0.0	0.0	6.256125000000001e-06
611.922	0.0	0.0	1.2166425000000001e-05
611.882	0.0	0.0	1.1081700000000001e-05
611.922	0.0	0.0	1.2080925000000002e-05
612.052	0.0	0.0	1.3311450000000001e-05
612.252	0.0	0.0	1.5140250000000001e-05
612.212	0.0	0.0	1.4812200000000002e-05
612.252	0.0	0.0	1.5133275000000001e-05
612.382	0.0	0.0	1.3338675000000002e-05
612.592	0.0	0.0	1.05624e-05
612.562	0.0	0.0	1.1025450000000001e-05
612.592	0.0	0.0	1.04778e-05
612.732	0.0	0.0	7.069275e-06
612.932	0.0	0.0	1.8186975000000003e-06
612.892	0.0	0.0	2.786625e-06
612.932	0.0	0.0	1.9018800000000002e-06
613.062	0.0	0.0	-1.449315e-06
613.262	0.0	0.0	-6.683400000000001e-06
613.222	0.0	0.0	-5.739525000000001e-06
613.262	0.0	0.0	-6.6881250000000004e-06
613.392	0.0	0.0	-9.364725e-06
613.602	0.0	0.0	-1.3507425e-05
613.572	0.0	0.0	-1.281285e-05
613.602	0.0	0.0	-1.3527675000000001e-05
613.742	0.0	0.0	-1.4423625e-05
613.942	0.0	0.0	-1.5804225000000002e-05
613.902	0.0	0.0	-1.5548400000000002e-05
613.942	0.0	0.0	-1.5780375e-05
614.072	0.0	0.0	-1.338525e-05
614.272	0.0	0.0	-9.50085e-06
614.232	0.0	0.0	-1.0204425000000002e-05
614.272	0.0	0.0	-9.501750000000001e-06
614.402	0.0	0.0	-2.8791000000000005e-06
614.612	0.0	0.0	7.37685e-06
614.582	0.0	0.0	5.649075000000001e-06
614.612	0.0	0.0	7.5422250000000005e-06
614.752	0.0	0.0	1.56285e-05
614.952	0.0	0.0	2.80935e-05
614.912	0.0	0.0	2.5776e-05
614.952	0.0	0.0	2.7861750000000005e-05
615.082	0.0	0.0	3.254625e-05
615.282	0.0	0.0	3.9717e-05
615.242	0.0	0.0	3.8412000000000004e-05
615.282	0.0	0.0	3.970575e-05
615.412	0.0	0.0	3.63465e-05
615.622	0.0	0.0	3.111525e-05
615.582	0.0	0.0	3.200175e-05
615.622	0.0	0.0	3.0897e-05
615.762	0.0	0.0	1.9004175000000002e-05
615.962	0.0	0.0	6.626925e-07
615.922	0.0	0.0	4.08915e-06
615.962	0.0	0.0	1.0292175000000002e-06
616.092	0.0	0.0	-1.3966200000000002e-05
616.292	0.0	0.0	-3.758175e-05
616.252	0.0	0.0	-3.3264e-05
616.292	0.0	0.0	-3.750975e-05
616.422	0.0	0.0	-4.805775000000001e-05
616.632	0.0	0.0	-6.4368e-05
616.592	0.0	0.0	-6.159375e-05
616.632	0.0	0.0	-6.434100000000001e-05
616.772	0.0	0.0	-6.267375000000001e-05
616.972	0.0	0.0	-6.010200000000001e-05
616.932	0.0	0.0	-6.058350000000001e-05
616.972	0.0	0.0	-6.0156000000000005e-05
617.102	0.0	0.0	-4.6165500000000004e-05
617.302	0.0	0.0	-2.360925e-05
617.262	0.0	0.0	-2.77515e-05
617.302	0.0	0.0	-2.370825e-05
617.432	0.0	0.0	-2.2396275e-06
617.642	0.0	0.0	3.1110750000000004e-05
617.602	0.0	0.0	2.5409250000000004e-05
617.642	0.0	0.0	3.1349250000000005e-05
617.772	0.0	0.0	4.836825e-05
617.982	0.0	0.0	7.463250000000001e-05
617.942	0.0	0.0	6.968250000000001e-05
617.982	0.0	0.0	7.403625000000001e-05
618.112	0.0	0.0	7.767900000000001e-05
618.312	0.0	0.0	8.262450000000001e-05
618.272	0.0	0.0	8.171325000000001e-05
618.312	0.0	0.0	8.259525000000001e-05
618.442	0.0	0.0	6.955875000000001e-05
618.652	0.0	0.0	4.9117500000000005e-05
618.612	0.0	0.0	5.2629750000000005e-05
618.652	0.0	0.0	4.8843000000000007e-05
618.782	0.0	0.0	2.5638750000000006e-05
618.992	0.0	0.0	-1.018755e-05
618.952	0.0	0.0	-3.4078500000000003e-06
618.992	0.0	0.0	-9.32445e-06
619.122	0.0	0.0	-3.03075e-05
619.322	0.0	0.0	-6.30405e-05
619.282	0.0	0.0	-5.697675e-05
619.322	0.0	0.0	-6.280425000000001e-05
619.452	0.0	0.0	-7.157925e-05
619.662	0.0	0.0	-8.497350000000001e-05
619.622	0.0	0.0	-8.26605e-05
619.662	0.0	0.0	-8.489250000000002e-05
619.792	0.0	0.0	-7.6662e-05
620.002	0.0	0.0	-6.395175000000001e-05
619.962	0.0	0.0	-6.636600000000001e-05
619.992	0.0	0.0	-6.427350000000001e-05
620.132	0.0	0.0	-4.52745e-05
620.332	0.0	0.0	-1.480905e-05
620.292	0.0	0.0	-2.0476800000000004e-05
620.332	0.0	0.0	-1.50705e-05
620.462	0.0	0.0	5.684850000000001e-06
620.672	0.0	0.0	3.791025e-05
620.632	0.0	0.0	3.23235e-05
620.672	0.0	0.0	3.7995749999999996e-05
620.802	0.0	0.0	4.9113e-05
621.012	0.0	0.0	6.62895e-05
620.972	0.0	0.0	6.301125e-05
621.002	0.0	0.0	6.582825000000001e-05
621.142	0.0	0.0	6.377400000000002e-05
621.342	0.0	0.0	5.965650000000001e-05
621.302	0.0	0.0	6.042600000000001e-05
621.342	0.0	0.0	5.9697e-05
621.472	0.0	0.0	4.676175000000001e-05
621.682	0.0	0.0	2.6437500000000002e-05
621.642	0.0	0.0	2.9976750000000004e-05
621.682	0.0	0.0	2.6354250000000003e-05
621.812	0.0	0.0	1.1052000000000002e-05
622.022	0.0	0.0	-1.2600900000000002e-05
621.982	0.0	0.0	-8.067825000000001e-06
622.012	0.0	0.0	-1.1934225000000002e-05
622.152	0.0	0.0	-2.1600900000000002e-05
622.352	0.0	0.0	-3.6360000000000004e-05
622.312	0.0	0.0	-3.359025e-05
622.352	0.0	0.0	-3.6193500000000005e-05
622.482	0.0	0.0	-3.6963e-05
622.692	0.0	0.0	-3.791700000000001e-05
622.652	0.0	0.0	-3.7750500000000004e-05
622.692	0.0	0.0	-3.789225e-05
622.822	0.0	0.0	-3.14865e-05
623.032	0.0	0.0	-2.1583125000000002e-05
622.992	0.0	0.0	-2.350125e-05
623.022	0.0	0.0	-2.1894750000000002e-05
623.152	0.0	0.0	-1.3994775000000002e-05
623.362	0.0	0.0	-1.4673825000000002e-06
623.322	0.0	0.0	-3.77145e-06
623.362	0.0	0.0	-1.5397650000000002e-06
623.492	0.0	0.0	3.6738000000000003e-06
623.702	0.0	0.0	1.1697750000000002e-05
623.662	0.0	0.0	1.0167975000000002e-05
623.692	0.0	0.0	1.1469825000000002e-05
623.822	0.0	0.0	1.2323250000000001e-05
624.032	0.0	0.0	1.3349925e-05
623.992	0.0	0.0	1.3155525000000001e-05
624.032	0.0	0.0	1.3335525000000001e-05
624.162	0.0	0.0	1.1220300000000002e-05
624.372	0.0	0.0	7.8381e-06
624.332	0.0	0.0	8.43435e-06
624.372	0.0	0.0	7.839e-06
624.502	0.0	0.0	5.445900000000001e-06
624.712	0.0	0.0	1.7428725e-06
624.672	0.0	0.0	2.4603750000000006e-06
624.702	0.0	0.0	1.8606150000000002e-06
624.832	0.0	0.0	7.419825000000001e-07
625.042	0.0	0.0	-9.109125000000001e-07
625.002	0.0	0.0	-5.971725000000001e-07
625.042	0.0	0.0	-8.860725000000002e-07
625.172	0.0	0.0	-1.2411e-06
625.382	0.0	0.0	-1.7664525e-06
625.342	0.0	0.0	-1.6733925e-06
625.382	0.0	0.0	-1.76562e-06
625.512	0.0	0.0	-2.0183625e-06
625.722	0.0	0.0	-2.4093e-06
625.682	0.0	0.0	-2.3332500000000005e-06
625.712	0.0	0.0	-2.39625e-06
625.842	0.0	0.0	-2.077695e-06
626.052	0.0	0.0	-1.5287400000000001e-06
626.012	0.0	0.0	-1.6333875000000003e-06
626.052	0.0	0.0	-1.5377400000000002e-06
626.182	0.0	0.0	-8.80875e-07
626.392	0.0	0.0	1.5260625e-07
626.352	0.0	0.0	-3.130425e-08
626.392	0.0	0.0	1.4955074999999998e-07
626.522	0.0	0.0	8.148600000000002e-07
626.732	0.0	0.0	1.8450675000000002e-06
626.692	0.0	0.0	1.6438050000000002e-06
626.722	0.0	0.0	1.8095400000000003e-06
626.852	0.0	0.0	2.9927250000000002e-06
627.062	0.0	0.0	4.89825e-06
627.022	0.0	0.0	4.533525e-06
627.062	0.0	0.0	4.864500000000001e-06
627.192	0.0	0.0	5.6389500000000004e-06
627.402	0.0	0.0	6.823575e-06
627.362	0.0	0.0	6.61185e-06
627.402	0.0	0.0	6.818400000000001e-06
627.532	0.0	0.0	5.229e-06
627.742	0.0	0.0	2.7423e-06
627.702	0.0	0.0	3.2301000000000006e-06
627.732	0.0	0.0	2.8314e-06
627.862	0.0	0.0	-1.4530725000000003e-06
628.072	0.0	0.0	-8.436600000000002e-06
628.032	0.0	0.0	-7.094250000000001e-06
628.072	0.0	0.0	-8.30295e-06
628.202	0.0	0.0	-1.3715775e-05
628.412	0.0	0.0	-2.2180275000000003e-05
628.372	0.0	0.0	-2.0660400000000003e-05
628.412	0.0	0.0	-2.213235e-05
628.542	0.0	0.0	-2.4423750000000005e-05
628.752	0.0	0.0	-2.7933750000000003e-05
628.712	0.0	0.0	-2.7243e-05
628.742	0.0	0.0	-2.7803250000000005e-05
628.872	0.0	0.0	-2.4153750000000002e-05
629.082	0.0	0.0	-1.7845425000000002e-05
629.042	0.0	0.0	-1.9063125000000002e-05
629.082	0.0	0.0	-1.7974800000000003e-05
629.212	0.0	0.0	-7.773525000000001e-06
629.422	0.0	0.0	8.4168e-06
629.382	0.0	0.0	5.49675e-06
629.422	0.0	0.0	8.302725000000001e-06
629.552	0.0	0.0	2.01087e-05
629.762	0.0	0.0	3.843675000000001e-05
629.722	0.0	0.0	3.4812e-05
629.752	0.0	0.0	3.7730250000000004e-05
629.882	0.0	0.0	4.425975e-05
630.092	0.0	0.0	5.40045e-05
630.052	0.0	0.0	5.2114500000000004e-05
630.092	0.0	0.0	5.3790749999999997e-05
630.222	0.0	0.0	4.9680000000000005e-05
630.432	0.0	0.0	4.2714000000000005e-05
630.392	0.0	0.0	4.3976250000000004e-05
630.432	0.0	0.0	4.2772500000000004e-05
630.562	0.0	0.0	2.8183500000000006e-05
630.772	0.0	0.0	5.3500500000000006e-06
630.732	0.0	0.0	9.883575000000001e-06
630.762	0.0	0.0	6.2601750000000014e-06
630.892	0.0	0.0	-1.1281500000000002e-05
631.102	0.0	0.0	-3.9186e-05
631.062	0.0	0.0	-3.375675e-05
631.102	0.0	0.0	-3.8537999999999996e-05
631.232	0.0	0.0	-5.0589e-05
631.442	0.0	0.0	-6.900975000000001e-05
631.402	0.0	0.0	-6.565950000000001e-05
631.442	0.0	0.0	-6.883200000000001e-05
631.572	0.0	0.0	-6.733800000000001e-05
631.782	0.0	0.0	-6.470325000000001e-05
631.742	0.0	0.0	-6.522975000000001e-05
631.772	0.0	0.0	-6.481125000000002e-05
631.902	0.0	0.0	-5.1066e-05
632.112	0.0	0.0	-2.8122750000000004e-05
632.072	0.0	0.0	-3.260700000000001e-05
632.102	0.0	0.0	-2.8687500000000003e-05
632.242	0.0	0.0	-8.213850000000001e-06
632.452	0.0	0.0	2.4034500000000005e-05
632.412	0.0	0.0	1.8141525e-05
632.452	0.0	0.0	2.367675e-05
632.582	0.0	0.0	3.9251250000000005e-05
632.792	0.0	0.0	6.32835e-05
632.752	0.0	0.0	5.8473e-05
632.782	0.0	0.0	6.225975e-05
632.912	0.0	0.0	6.563925e-05
633.122	0.0	0.0	6.961725000000001e-05
633.082	0.0	0.0	6.88365e-05
633.112	0.0	0.0	6.951375000000001e-05
633.252	0.0	0.0	5.911650000000001e-05
633.462	0.0	0.0	4.206600000000001e-05
633.422	0.0	0.0	4.519575000000001e-05
633.462	0.0	0.0	4.22775e-05
633.592	0.0	0.0	2.4660000000000004e-05
633.802	0.0	0.0	-2.9049750000000005e-06
633.762	0.0	0.0	2.6327250000000003e-06
633.792	0.0	0.0	-1.696005e-06
633.922	0.0	0.0	-1.6402275000000002e-05
634.132	0.0	0.0	-3.922875e-05
634.092	0.0	0.0	-3.4733250000000005e-05
634.122	0.0	0.0	-3.8607749999999996e-05
634.262	0.0	0.0	-4.3908750000000005e-05
634.472	0.0	0.0	-5.152725000000001e-05
634.432	0.0	0.0	-5.012325000000001e-05
634.472	0.0	0.0	-5.14215e-05
634.602	0.0	0.0	-4.584600000000001e-05
634.812	0.0	0.0	-3.6828e-05
634.772	0.0	0.0	-3.8645999999999996e-05
634.802	0.0	0.0	-3.723525000000001e-05
634.932	0.0	0.0	-2.6748000000000002e-05
635.142	0.0	0.0	-9.654975e-06
635.102	0.0	0.0	-1.303605e-05
635.132	0.0	0.0	-1.01448e-05
635.272	0.0	0.0	-9.643275e-07
635.482	0.0	0.0	1.3220775000000002e-05
635.442	0.0	0.0	1.0594575000000004e-05
635.482	0.0	0.0	1.3006124999999999e-05
635.612	0.0	0.0	1.5830775000000003e-05
635.822	0.0	0.0	1.99845e-05
635.782	0.0	0.0	1.914345e-05
635.812	0.0	0.0	1.9791450000000002e-05
635.942	0.0	0.0	1.7282475000000004e-05
636.152	0.0	0.0	1.2687975000000001e-05
636.112	0.0	0.0	1.3600350000000001e-05
636.142	0.0	0.0	1.2825675e-05
636.282	0.0	0.0	8.8704e-06
636.492	0.0	0.0	2.6232750000000003e-06
636.452	0.0	0.0	3.7847250000000004e-06
636.492	0.0	0.0	2.7261000000000005e-06
636.622	0.0	0.0	1.3751775e-06
636.832	0.0	0.0	-6.161400000000001e-07
636.792	0.0	0.0	-2.1140775e-07
636.822	0.0	0.0	-5.208975e-07
636.952	0.0	0.0	-3.5912250000000005e-06
637.162	0.0	0.0	-8.663175e-06
637.122	0.0	0.0	-7.652024999999999e-06
637.152	0.0	0.0	-8.504325000000001e-06
637.292	0.0	0.0	-1.2498525e-05
637.502	0.0	0.0	-1.8790425e-05
637.462	0.0	0.0	-1.761705e-05
637.502	0.0	0.0	-1.86804e-05
637.632	0.0	0.0	-1.8872324999999997e-05
637.842	0.0	0.0	-1.9003049999999998e-05
637.802	0.0	0.0	-1.8976275e-05
637.832	0.0	0.0	-1.8996525000000002e-05
637.962	0.0	0.0	-1.3540725000000002e-05
638.172	0.0	0.0	-4.16565e-06
638.132	0.0	0.0	-5.999850000000001e-06
638.162	0.0	0.0	-4.407525000000001e-06
638.302	0.0	0.0	5.4616500000000005e-06
638.512	0.0	0.0	2.1056850000000005e-05
638.472	0.0	0.0	1.7903475e-05
638.502	0.0	0.0	2.0309175e-05
638.632	0.0	0.0	2.8455750000000003e-05
638.842	0.0	0.0	4.10805e-05
638.802	0.0	0.0	3.8540250000000004e-05
638.832	0.0	0.0	4.0653e-05
638.972	0.0	0.0	4.1609250000000005e-05
639.182	0.0	0.0	4.2477750000000005e-05
639.142	0.0	0.0	4.231350000000001e-05
639.182	0.0	0.0	4.2459750000000006e-05
639.312	0.0	0.0	3.3925500000000006e-05
639.522	0.0	0.0	2.0184300000000003e-05
639.482	0.0	0.0	2.3006250000000004e-05
639.512	0.0	0.0	2.0889675000000003e-05
639.642	0.0	0.0	7.328025e-06
639.852	0.0	0.0	-1.4745375000000001e-05
639.812	0.0	0.0	-1.0298475e-05
639.842	0.0	0.0	-1.3974975e-05
639.982	0.0	0.0	-2.642175e-05
640.192	0.0	0.0	-4.570875e-05
640.152	0.0	0.0	-4.206600000000001e-05
640.192	0.0	0.0	-4.529700000000001e-05
640.322	0.0	0.0	-4.902300000000001e-05
640.532	0.0	0.0	-5.436225e-05
640.492	0.0	0.0	-5.3262e-05
640.522	0.0	0.0	-5.4081000000000006e-05
640.652	0.0	0.0	-4.7727e-05
640.862	0.0	0.0	-3.630600000000001e-05
640.822	0.0	0.0	-3.861675e-05
640.852	0.0	0.0	-3.672000000000001e-05
640.992	0.0	0.0	-2.2639500000000002e-05
641.202	0.0	0.0	-7.508925e-09
641.162	0.0	0.0	-4.2981750000000006e-06
641.202	0.0	0.0	-5.208750000000001e-07
641.332	0.0	0.0	1.3433175e-05
641.542	0.0	0.0	3.513375e-05
641.502	0.0	0.0	3.0645e-05
641.532	0.0	0.0	3.3963750000000005e-05
641.662	0.0	0.0	4.097475e-05
641.872	0.0	0.0	5.1059250000000004e-05
641.832	0.0	0.0	4.901175000000001e-05
641.862	0.0	0.0	5.067900000000001e-05
642.002	0.0	0.0	4.760550000000001e-05
642.212	0.0	0.0	4.18725e-05
642.172	0.0	0.0	4.296375000000001e-05
642.202	0.0	0.0	4.200975e-05
642.342	0.0	0.0	3.095775000000001e-05
642.552	0.0	0.0	1.3288500000000002e-05
642.512	0.0	0.0	1.695735e-05
642.542	0.0	0.0	1.4265e-05
642.672	0.0	0.0	1.80576e-06
642.882	0.0	0.0	-1.8067725e-05
642.842	0.0	0.0	-1.40175e-05
642.872	0.0	0.0	-1.7294625e-05
643.012	0.0	0.0	-2.5733250000000003e-05
643.222	0.0	0.0	-3.8490750000000004e-05
643.182	0.0	0.0	-3.605175e-05
643.212	0.0	0.0	-3.8166750000000005e-05
643.352	0.0	0.0	-3.8520000000000004e-05
643.562	0.0	0.0	-3.8569500000000004e-05
643.522	0.0	0.0	-3.8560500000000005e-05
643.552	0.0	0.0	-3.856725e-05
643.682	0.0	0.0	-3.2206500000000004e-05
643.892	0.0	0.0	-2.1163950000000003e-05
643.852	0.0	0.0	-2.3422500000000005e-05
643.882	0.0	0.0	-2.1608325000000003e-05
644.022	0.0	0.0	-1.1481750000000002e-05
644.232	0.0	0.0	4.675725e-06
644.192	0.0	0.0	1.574775e-06
644.222	0.0	0.0	4.245075e-06
644.362	0.0	0.0	1.2803850000000001e-05
644.572	0.0	0.0	2.6028000000000002e-05
644.532	0.0	0.0	2.326275e-05
644.562	0.0	0.0	2.5263000000000005e-05
644.692	0.0	0.0	2.873925e-05
644.902	0.0	0.0	3.34575e-05
644.862	0.0	0.0	3.248775e-05
644.892	0.0	0.0	3.3261750000000004e-05
645.032	0.0	0.0	3.0278250000000004e-05
645.242	0.0	0.0	2.4959250000000003e-05
645.202	0.0	0.0	2.598525e-05
645.232	0.0	0.0	2.5107750000000004e-05
645.372	0.0	0.0	1.73367e-05
645.582	0.0	0.0	4.903425e-06
645.542	0.0	0.0	7.5136500000000005e-06
645.572	0.0	0.0	5.639175e-06
645.702	0.0	0.0	-2.7549e-06
645.912	0.0	0.0	-1.6115625000000004e-05
645.872	0.0	0.0	-1.33614e-05
645.902	0.0	0.0	-1.5542775e-05
646.042	0.0	0.0	-2.095785e-05
646.252	0.0	0.0	-2.9079e-05
646.212	0.0	0.0	-2.7508500000000003e-05
646.242	0.0	0.0	-2.884275e-05
646.382	0.0	0.0	-2.8395000000000002e-05
646.592	0.0	0.0	-2.7274500000000005e-05
646.552	0.0	0.0	-2.7510750000000004e-05
646.582	0.0	0.0	-2.7342000000000004e-05
646.712	0.0	0.0	-2.2015350000000003e-05
646.922	0.0	0.0	-1.28151e-05
646.882	0.0	0.0	-1.4718825e-05
646.912	0.0	0.0	-1.3221675e-05
647.052	0.0	0.0	-5.3883000000000006e-06
647.262	0.0	0.0	7.101450000000001e-06
647.222	0.0	0.0	4.675275000000001e-06
647.252	0.0	0.0	6.7194e-06
647.392	0.0	0.0	1.268775e-05
647.602	0.0	0.0	2.1846825000000004e-05
647.562	0.0	0.0	1.99098e-05
647.592	0.0	0.0	2.128095e-05
647.722	0.0	0.0	2.284875e-05
647.932	0.0	0.0	2.4606000000000005e-05
647.892	0.0	0.0	2.423925e-05
647.922	0.0	0.0	2.4525e-05
648.062	0.0	0.0	2.12589e-05
648.272	0.0	0.0	1.5617024999999998e-05
648.232	0.0	0.0	1.6717275e-05
648.262	0.0	0.0	1.5797025000000003e-05
648.402	0.0	0.0	9.912825e-06
648.612	0.0	0.0	5.370750000000001e-07
648.572	0.0	0.0	2.526975e-06
648.602	0.0	0.0	1.1283075000000002e-06
648.732	0.0	0.0	-4.1688e-06
648.942	0.0	0.0	-1.2445425000000001e-05
648.902	0.0	0.0	-1.0720125000000001e-05
648.932	0.0	0.0	-1.2057750000000002e-05
649.072	0.0	0.0	-1.4818050000000001e-05
649.282	0.0	0.0	-1.8828675000000003e-05
649.242	0.0	0.0	-1.8043425000000003e-05
649.272	0.0	0.0	-1.8695475000000002e-05
649.412	0.0	0.0	-1.7934075e-05
649.622	0.0	0.0	-1.645965e-05
649.572	0.0	0.0	-1.6773525000000003e-05
649.612	0.0	0.0	-1.6554375e-05
649.742	0.0	0.0	-1.2899250000000002e-05
649.952	0.0	0.0	-6.620625000000001e-06
649.912	0.0	0.0	-7.934175000000001e-06
649.942	0.0	0.0	-6.922800000000001e-06
650.082	0.0	0.0	-9.775349999999999e-07
650.292	0.0	0.0	8.586e-06
650.252	0.0	0.0	6.706350000000001e-06
650.282	0.0	0.0	8.255925000000002e-06
650.422	0.0	0.0	1.4041575000000001e-05
650.632	0.0	0.0	2.305575e-05
650.582	0.0	0.0	2.1128175e-05
650.622	0.0	0.0	2.2463325e-05
650.752	0.0	0.0	2.5076250000000002e-05
650.962	0.0	0.0	2.8651500000000005e-05
650.922	0.0	0.0	2.7902250000000002e-05
650.952	0.0	0.0	2.8476000000000003e-05
651.092	0.0	0.0	2.5204500000000002e-05
651.302	0.0	0.0	1.9347075e-05
651.262	0.0	0.0	2.0502900000000003e-05
651.292	0.0	0.0	1.9556775e-05
651.432	0.0	0.0	1.0581300000000002e-05
651.642	0.0	0.0	-3.9377250000000005e-06
651.592	0.0	0.0	-8.2305e-07
651.632	0.0	0.0	-2.9661750000000004e-06
651.762	0.0	0.0	-1.3390425000000001e-05
651.972	0.0	0.0	-3.015e-05
651.932	0.0	0.0	-2.66175e-05
651.962	0.0	0.0	-2.9299500000000003e-05
652.102	0.0	0.0	-3.59595e-05
652.312	0.0	0.0	-4.585725000000001e-05
652.272	0.0	0.0	-4.3897500000000004e-05
652.302	0.0	0.0	-4.549275000000001e-05
652.442	0.0	0.0	-4.32225e-05
652.652	0.0	0.0	-3.885075000000001e-05
652.602	0.0	0.0	-3.9798e-05
652.642	0.0	0.0	-3.915675000000001e-05
652.772	0.0	0.0	-2.8696500000000006e-05
652.982	0.0	0.0	-1.0568025000000001e-05
652.942	0.0	0.0	-1.4321475000000003e-05
652.972	0.0	0.0	-1.138815e-05
653.112	0.0	0.0	3.6794250000000008e-06
653.322	0.0	0.0	2.7641250000000006e-05
653.272	0.0	0.0	2.2527000000000003e-05
653.312	0.0	0.0	2.6037000000000005e-05
653.442	0.0	0.0	3.73005e-05
653.652	0.0	0.0	5.4445500000000006e-05
653.612	0.0	0.0	5.0802750000000004e-05
653.642	0.0	0.0	5.3532e-05
653.782	0.0	0.0	5.4927000000000005e-05
653.992	0.0	0.0	5.5748250000000006e-05
653.952	0.0	0.0	5.558400000000001e-05
653.982	0.0	0.0	5.571675e-05
654.122	0.0	0.0	4.5465750000000004e-05
654.332	0.0	0.0	2.8318500000000007e-05
654.282	0.0	0.0	3.203325e-05
654.322	0.0	0.0	2.95245e-05
654.452	0.0	0.0	1.3521150000000002e-05
654.662	0.0	0.0	-1.2903975e-05
654.612	0.0	0.0	-7.281000000000001e-06
654.652	0.0	0.0	-1.1471175000000001e-05
654.792	0.0	0.0	-2.6093250000000003e-05
655.002	0.0	0.0	-4.871475e-05
654.962	0.0	0.0	-4.418775000000001e-05
654.992	0.0	0.0	-4.779675e-05
655.132	0.0	0.0	-5.271300000000001e-05
655.342	0.0	0.0	-5.939325000000001e-05
655.292	0.0	0.0	-5.794200000000001e-05
655.322	0.0	0.0	-5.891625e-05
655.462	0.0	0.0	-5.2854750000000004e-05
655.672	0.0	0.0	-4.1145750000000005e-05
655.622	0.0	0.0	-4.364550000000001e-05
655.662	0.0	0.0	-4.1796000000000004e-05
655.802	0.0	0.0	-2.7472500000000005e-05
656.012	0.0	0.0	-3.955950000000001e-06
655.972	0.0	0.0	-8.679825000000001e-06
656.002	0.0	0.0	-4.9401e-06
656.142	0.0	0.0	9.392850000000001e-06
656.352	0.0	0.0	3.177e-05
656.302	0.0	0.0	2.6889750000000005e-05
656.332	0.0	0.0	3.0138750000000003e-05
656.472	0.0	0.0	3.7566e-05
656.682	0.0	0.0	4.79745e-05
656.632	0.0	0.0	4.5744750000000006e-05
656.672	0.0	0.0	4.7382750000000006e-05
656.802	0.0	0.0	4.502025000000001e-05
657.022	0.0	0.0	3.992625e-05
656.982	0.0	0.0	4.0954499999999996e-05
657.012	0.0	0.0	4.014675e-05
657.152	0.0	0.0	3.0393000000000005e-05
657.362	0.0	0.0	1.4369175000000003e-05
657.312	0.0	0.0	1.7874900000000004e-05
657.342	0.0	0.0	1.5557175e-05
657.482	0.0	0.0	4.80105e-06
657.692	0.0	0.0	-1.2423375e-05
657.642	0.0	0.0	-8.718975e-06
657.682	0.0	0.0	-1.142235e-05
657.812	0.0	0.0	-1.8318375000000002e-05
658.032	0.0	0.0	-2.8509750000000003e-05
657.992	0.0	0.0	-2.64465e-05
658.022	0.0	0.0	-2.8055250000000002e-05
658.162	0.0	0.0	-2.825775e-05
658.372	0.0	0.0	-2.7834750000000003e-05
658.322	0.0	0.0	-2.792925e-05
658.352	0.0	0.0	-2.78685e-05
658.492	0.0	0.0	-2.3316750000000003e-05
658.702	0.0	0.0	-1.5159825000000002e-05
658.652	0.0	0.0	-1.6920225e-05
658.692	0.0	0.0	-1.5644250000000002e-05
658.822	0.0	0.0	-9.152325000000002e-06
659.042	0.0	0.0	1.2592575000000002e-06
659.002	0.0	0.0	-8.559900000000001e-07
659.032	0.0	0.0	7.832925000000001e-07
659.172	0.0	0.0	5.870475000000001e-06
659.382	0.0	0.0	1.3660425e-05
659.332	0.0	0.0	1.194435e-05
659.362	0.0	0.0	1.306305e-05
659.502	0.0	0.0	1.5376725e-05
659.712	0.0	0.0	1.84833e-05
659.662	0.0	0.0	1.7810550000000002e-05
659.702	0.0	0.0	1.8294750000000003e-05
659.832	0.0	0.0	1.73223e-05
660.052	0.0	0.0	1.5305175000000002e-05
660.012	0.0	0.0	1.5716475000000003e-05
660.042	0.0	0.0	1.53999e-05
660.182	0.0	0.0	1.1296125e-05
660.392	0.0	0.0	4.5063e-06
660.342	0.0	0.0	6.007275e-06
660.372	0.0	0.0	5.035725000000001e-06
660.512	0.0	0.0	-6.318675000000001e-07
660.722	0.0	0.0	-9.95715e-06
660.672	0.0	0.0	-7.930575e-06
660.712	0.0	0.0	-9.37935e-06
660.842	0.0	0.0	-1.4403150000000001e-05
661.062	0.0	0.0	-2.2149e-05
661.022	0.0	0.0	-2.056365e-05
661.052	0.0	0.0	-2.177505e-05
661.192	0.0	0.0	-2.2932e-05
661.402	0.0	0.0	-2.4259500000000004e-05
661.352	0.0	0.0	-2.3964750000000005e-05
661.382	0.0	0.0	-2.4153750000000002e-05
661.522	0.0	0.0	-2.0586150000000003e-05
661.732	0.0	0.0	-1.3902075e-05
661.682	0.0	0.0	-1.5359625e-05
661.722	0.0	0.0	-1.432485e-05
661.852	0.0	0.0	-6.879825000000001e-06
662.072	0.0	0.0	5.386050000000001e-06
662.032	0.0	0.0	2.8665e-06
662.062	0.0	0.0	4.7783250000000005e-06
662.202	0.0	0.0	1.2092625000000002e-05
662.412	0.0	0.0	2.351025e-05
662.362	0.0	0.0	2.0969100000000002e-05
662.392	0.0	0.0	2.2590000000000002e-05
662.532	0.0	0.0	2.5971750000000004e-05
662.742	0.0	0.0	3.04605e-05
662.692	0.0	0.0	2.94795e-05
662.732	0.0	0.0	3.0172500000000003e-05
662.862	0.0	0.0	2.7531000000000005e-05
663.082	0.0	0.0	2.2401675000000004e-05
663.042	0.0	0.0	2.3458500000000002e-05
663.072	0.0	0.0	2.2662e-05
663.212	0.0	0.0	1.5215625000000002e-05
663.422	0.0	0.0	2.9504250000000002e-06
663.372	0.0	0.0	5.688900000000001e-06
663.402	0.0	0.0	3.9528000000000005e-06
663.542	0.0	0.0	-4.157775e-06
663.752	0.0	0.0	-1.716345e-05
663.702	0.0	0.0	-1.4307750000000002e-05
663.742	0.0	0.0	-1.6307550000000003e-05
663.872	0.0	0.0	-2.1364650000000002e-05
664.092	0.0	0.0	-2.87415e-05
664.052	0.0	0.0	-2.721375e-05
664.082	0.0	0.0	-2.8356750000000003e-05
664.222	0.0	0.0	-2.760975e-05
664.432	0.0	0.0	-2.5672500000000002e-05
664.382	0.0	0.0	-2.6106750000000002e-05
664.412	0.0	0.0	-2.5832250000000003e-05
664.552	0.0	0.0	-2.0452275000000002e-05
664.762	0.0	0.0	-1.087515e-05
664.712	0.0	0.0	-1.2985199999999999e-05
664.752	0.0	0.0	-1.1517525000000001e-05
664.882	0.0	0.0	-3.910050000000001e-06
665.102	0.0	0.0	8.3511e-06
665.052	0.0	0.0	5.804775000000001e-06
665.092	0.0	0.0	7.6968e-06
665.232	0.0	0.0	1.34055e-05
665.442	0.0	0.0	2.2077e-05
665.392	0.0	0.0	2.0128275e-05
665.422	0.0	0.0	2.134665e-05
665.562	0.0	0.0	2.284875e-05
665.772	0.0	0.0	2.426625e-05
665.722	0.0	0.0	2.3953500000000004e-05
665.762	0.0	0.0	2.41695e-05
665.892	0.0	0.0	2.0913750000000003e-05
666.112	0.0	0.0	1.4995125e-05
666.062	0.0	0.0	1.62288e-05
666.102	0.0	0.0	1.5318450000000002e-05
666.232	0.0	0.0	9.201825e-06
666.452	0.0	0.0	-7.635150000000001e-07
666.402	0.0	0.0	1.4834250000000001e-06
666.432	0.0	0.0	8.829225e-08
666.572	0.0	0.0	-5.72265e-06
666.782	0.0	0.0	-1.4870475000000001e-05
666.732	0.0	0.0	-1.2841425e-05
666.772	0.0	0.0	-1.42335e-05
666.902	0.0	0.0	-1.7316675e-05
667.122	0.0	0.0	-2.1645675e-05
667.072	0.0	0.0	-2.0741175000000002e-05
667.112	0.0	0.0	-2.1404925e-05
667.242	0.0	0.0	-2.0212200000000003e-05
667.462	0.0	0.0	-1.77417e-05
667.412	0.0	0.0	-1.8303750000000002e-05
667.442	0.0	0.0	-1.7960625e-05
667.582	0.0	0.0	-1.3537575e-05
667.792	0.0	0.0	-5.729175e-06
667.742	0.0	0.0	-7.432650000000001e-06
667.782	0.0	0.0	-6.2300250000000005e-06
667.912	0.0	0.0	-3.0519000000000005e-07
668.132	0.0	0.0	9.169650000000001e-06
668.082	0.0	0.0	7.044075000000001e-06
668.112	0.0	0.0	8.360775000000001e-06
668.252	0.0	0.0	1.2697875000000002e-05
668.462	0.0	0.0	1.9212975000000002e-05
668.412	0.0	0.0	1.7756550000000002e-05
668.442	0.0	0.0	1.874295e-05
668.582	0.0	0.0	1.9510875e-05
668.802	0.0	0.0	2.004075e-05
668.752	0.0	0.0	1.9929150000000002e-05
668.792	0.0	0.0	2.0009925e-05
668.922	0.0	0.0	1.6709625000000002e-05
669.142	0.0	0.0	1.0940175e-05
669.092	0.0	0.0	1.2252375000000001e-05
669.122	0.0	0.0	1.1452500000000001e-05
669.262	0.0	0.0	6.105375000000001e-06
669.472	0.0	0.0	-2.877975e-06
669.422	0.0	0.0	-8.676000000000001e-07
669.452	0.0	0.0	-2.2222125000000005e-06
669.592	0.0	0.0	-7.2517500000000005e-06
669.812	0.0	0.0	-1.504575e-05
669.762	0.0	0.0	-1.3400100000000002e-05
669.802	0.0	0.0	-1.4583825000000001e-05
669.932	0.0	0.0	-1.6535925e-05
670.152	0.0	0.0	-1.9123875e-05
670.102	0.0	0.0	-1.8533475000000003e-05
670.132	0.0	0.0	-1.8891000000000003e-05
670.272	0.0	0.0	-1.7279325e-05
670.482	0.0	0.0	-1.384245e-05
670.432	0.0	0.0	-1.4613975000000004e-05
670.462	0.0	0.0	-1.4097600000000002e-05
670.602	0.0	0.0	-9.749025000000001e-06
670.822	0.0	0.0	-2.4358500000000006e-06
670.772	0.0	0.0	-3.985425000000001e-06
670.812	0.0	0.0	-2.8784250000000003e-06
670.942	0.0	0.0	1.620495e-06
671.162	0.0	0.0	8.682525e-06
671.112	0.0	0.0	7.066125000000001e-06
671.142	0.0	0.0	8.038125e-06
671.282	0.0	0.0	1.0508175000000002e-05
671.492	0.0	0.0	1.3918500000000002e-05
671.442	0.0	0.0	1.3150350000000002e-05
671.472	0.0	0.0	1.36611e-05
671.612	0.0	0.0	1.32183e-05
671.832	0.0	0.0	1.1963925e-05
671.782	0.0	0.0	1.2230775e-05
671.822	0.0	0.0	1.2041550000000002e-05
671.952	0.0	0.0	9.38025e-06
672.172	0.0	0.0	4.870125e-06
672.122	0.0	0.0	5.9058e-06
672.152	0.0	0.0	5.287275e-06
672.282	0.0	0.0	2.184345e-06
672.502	0.0	0.0	-2.8469250000000003e-06
672.452	0.0	0.0	-1.7099100000000002e-06
672.482	0.0	0.0	-2.460825e-06
672.622	0.0	0.0	-4.78665e-06
672.842	0.0	0.0	-8.270325000000001e-06
672.792	0.0	0.0	-7.526925e-06
672.832	0.0	0.0	-8.050725e-06
672.962	0.0	0.0	-8.783325000000001e-06
673.182	0.0	0.0	-9.681075000000001e-06
673.132	0.0	0.0	-9.474300000000002e-06
673.162	0.0	0.0	-9.596925000000001e-06
673.292	0.0	0.0	-8.725500000000001e-06
673.512	0.0	0.0	-6.930675000000001e-06
673.462	0.0	0.0	-7.337475000000001e-06
673.492	0.0	0.0	-7.070625e-06
673.632	0.0	0.0	-4.508775e-06
673.852	0.0	0.0	-1.4765850000000002e-07
673.802	0.0	0.0	-1.0813275000000002e-06
673.842	0.0	0.0	-4.278825e-07
673.972	0.0	0.0	3.003525e-06
674.192	0.0	0.0	8.532675e-06
674.142	0.0	0.0	7.2549e-06
674.172	0.0	0.0	8.007525000000001e-06
674.302	0.0	0.0	1.0681875000000002e-05
674.522	0.0	0.0	1.4730525000000002e-05
674.472	0.0	0.0	1.38096e-05
674.502	0.0	0.0	1.4409450000000003e-05
674.642	0.0	0.0	1.4567175e-05
674.862	0.0	0.0	1.4272200000000002e-05
674.812	0.0	0.0	1.4335650000000002e-05
674.852	0.0	0.0	1.429155e-05
674.982	0.0	0.0	1.107e-05
675.202	0.0	0.0	5.436675000000001e-06
675.152	0.0	0.0	6.742575e-06
675.182	0.0	0.0	5.978700000000001e-06
675.312	0.0	0.0	8.232750000000001e-07
675.532	0.0	0.0	-7.890525e-06
675.482	0.0	0.0	-5.901975e-06
675.512	0.0	0.0	-7.188750000000001e-06
675.652	0.0	0.0	-1.2009150000000002e-05
675.872	0.0	0.0	-1.946475e-05
675.822	0.0	0.0	-1.7857574999999998e-05
675.862	0.0	0.0	-1.896705e-05
675.992	0.0	0.0	-2.0360250000000002e-05
676.212	0.0	0.0	-2.1939975000000005e-05
676.162	0.0	0.0	-2.1572550000000004e-05
676.192	0.0	0.0	-2.1786075000000003e-05
676.322	0.0	0.0	-1.89828e-05
676.542	0.0	0.0	-1.3381875e-05
676.492	0.0	0.0	-1.466415e-05
676.522	0.0	0.0	-1.3839975000000001e-05
676.662	0.0	0.0	-7.628175000000001e-06
676.882	0.0	0.0	2.81385e-06
676.832	0.0	0.0	5.5539e-07
676.872	0.0	0.0	2.10402e-06
677.002	0.0	0.0	8.31645e-06
677.222	0.0	0.0	1.8047025000000004e-05
677.172	0.0	0.0	1.5777225e-05
677.202	0.0	0.0	1.708695e-05
677.332	0.0	0.0	2.0154825e-05
677.552	0.0	0.0	2.4158250000000005e-05
677.502	0.0	0.0	2.3238e-05
677.532	0.0	0.0	2.3825250000000004e-05
677.672	0.0	0.0	2.2114125e-05
677.892	0.0	0.0	1.8395325e-05
677.842	0.0	0.0	1.92024e-05
677.872	0.0	0.0	1.8652725e-05
678.012	0.0	0.0	1.3145174999999999e-05
678.232	0.0	0.0	3.8364749999999996e-06
678.182	0.0	0.0	6.0144750000000006e-06
678.212	0.0	0.0	4.766175e-06
678.342	0.0	0.0	-1.3349250000000002e-06
678.562	0.0	0.0	-1.1183175000000002e-05
678.512	0.0	0.0	-8.914275e-06
678.542	0.0	0.0	-1.0353375e-05
678.682	0.0	0.0	-1.42821e-05
678.902	0.0	0.0	-1.99359e-05
678.852	0.0	0.0	-1.8704925e-05
678.882	0.0	0.0	-1.953765e-05
679.022	0.0	0.0	-1.9343924999999998e-05
679.242	0.0	0.0	-1.8291600000000003e-05
679.192	0.0	0.0	-1.8538425e-05
679.222	0.0	0.0	-1.8398025000000004e-05
679.352	0.0	0.0	-1.4937525000000002e-05
679.572	0.0	0.0	-8.53245e-06
679.522	0.0	0.0	-1.001295e-05
679.552	0.0	0.0	-9.080100000000001e-06
679.692	0.0	0.0	-3.987e-06
679.912	0.0	0.0	4.3281e-06
679.862	0.0	0.0	2.5114500000000003e-06
679.892	0.0	0.0	3.7320750000000006e-06
680.032	0.0	0.0	7.785225000000001e-06
680.252	0.0	0.0	1.394685e-05
680.202	0.0	0.0	1.2496275000000003e-05
680.232	0.0	0.0	1.3316625000000002e-05
680.362	0.0	0.0	1.4785425e-05
680.582	0.0	0.0	1.6391250000000003e-05
680.532	0.0	0.0	1.6018875000000002e-05
680.562	0.0	0.0	1.6251975e-05
680.702	0.0	0.0	1.4556150000000001e-05
680.922	0.0	0.0	1.1190825000000001e-05
680.872	0.0	0.0	1.1927700000000001e-05
680.902	0.0	0.0	1.1435175e-05
681.042	0.0	0.0	7.395975000000002e-06
681.262	0.0	0.0	6.1947e-07
681.212	0.0	0.0	2.2280175e-06
681.242	0.0	0.0	1.3334400000000003e-06
681.372	0.0	0.0	-3.096e-06
681.592	0.0	0.0	-1.0260224999999999e-05
681.542	0.0	0.0	-8.625374999999999e-06
681.572	0.0	0.0	-9.677925000000001e-06
681.712	0.0	0.0	-1.2601575000000001e-05
681.932	0.0	0.0	-1.6840125000000003e-05
681.882	0.0	0.0	-1.58472e-05
681.912	0.0	0.0	-1.6407225000000003e-05
682.042	0.0	0.0	-1.6334325e-05
682.262	0.0	0.0	-1.536435e-05
682.212	0.0	0.0	-1.5590925000000002e-05
682.242	0.0	0.0	-1.5450975000000003e-05
682.382	0.0	0.0	-1.2082500000000002e-05
682.602	0.0	0.0	-6.0333750000000005e-06
682.552	0.0	0.0	-7.3665000000000005e-06
682.582	0.0	0.0	-6.486975000000001e-06
682.722	0.0	0.0	-1.495575e-06
682.942	0.0	0.0	6.6487500000000005e-06
682.892	0.0	0.0	4.716e-06
682.922	0.0	0.0	5.7892500000000005e-06
683.052	0.0	0.0	9.7947e-06
683.272	0.0	0.0	1.586295e-05
683.222	0.0	0.0	1.4444325000000003e-05
683.252	0.0	0.0	1.5316650000000002e-05
683.392	0.0	0.0	1.6360200000000003e-05
683.612	0.0	0.0	1.7278875e-05
683.562	0.0	0.0	1.70757e-05
683.592	0.0	0.0	1.7208900000000004e-05
683.732	0.0	0.0	1.4700150000000002e-05
683.952	0.0	0.0	1.0059975e-05
683.902	0.0	0.0	1.1164500000000001e-05
683.932	0.0	0.0	1.05552e-05
684.062	0.0	0.0	6.239475000000002e-06
684.282	0.0	0.0	-1.1503800000000001e-06
684.232	0.0	0.0	5.824575000000001e-07
684.262	0.0	0.0	-4.760325e-07
684.402	0.0	0.0	-4.5321749999999995e-06
684.622	0.0	0.0	-1.0795275e-05
684.572	0.0	0.0	-9.405675e-06
684.602	0.0	0.0	-1.0310175000000002e-05
684.742	0.0	0.0	-1.1907000000000001e-05
684.962	0.0	0.0	-1.3912650000000001e-05
684.912	0.0	0.0	-1.343385e-05
684.942	0.0	0.0	-1.3696200000000001e-05
685.072	0.0	0.0	-1.262745e-05
685.292	0.0	0.0	-1.01349e-05
685.242	0.0	0.0	-1.072125e-05
685.272	0.0	0.0	-1.03653e-05
685.412	0.0	0.0	-7.430175e-06
685.632	0.0	0.0	-2.4079500000000004e-06
685.582	0.0	0.0	-3.5257500000000005e-06
685.612	0.0	0.0	-2.8028250000000006e-06
685.752	0.0	0.0	2.3870250000000006e-07
685.972	0.0	0.0	5.0262750000000004e-06
685.922	0.0	0.0	3.8799e-06
685.952	0.0	0.0	4.5036e-06
686.082	0.0	0.0	6.452550000000001e-06
686.302	0.0	0.0	9.22635e-06
686.252	0.0	0.0	8.571825000000002e-06
686.282	0.0	0.0	8.966475000000001e-06
686.422	0.0	0.0	9.300825e-06
686.642	0.0	0.0	9.439425000000002e-06
686.592	0.0	0.0	9.408375e-06
686.622	0.0	0.0	9.428400000000001e-06
686.762	0.0	0.0	7.936650000000001e-06
686.982	0.0	0.0	5.21145e-06
686.932	0.0	0.0	5.865975000000001e-06
686.962	0.0	0.0	5.512275e-06
687.092	0.0	0.0	2.6167500000000004e-06
687.312	0.0	0.0	-2.444175e-06
687.262	0.0	0.0	-1.2464775000000002e-06
687.292	0.0	0.0	-1.9636875000000003e-06
687.432	0.0	0.0	-5.464125000000001e-06
687.652	0.0	0.0	-1.1101500000000002e-05
687.602	0.0	0.0	-9.8388e-06
687.632	0.0	0.0	-1.0644525000000001e-05
687.772	0.0	0.0	-1.2741750000000002e-05
687.992	0.0	0.0	-1.57239e-05
687.942	0.0	0.0	-1.5005700000000001e-05
687.972	0.0	0.0	-1.5391350000000003e-05
688.102	0.0	0.0	-1.4681925000000003e-05
688.322	0.0	0.0	-1.2643650000000002e-05
688.272	0.0	0.0	-1.31274e-05
688.302	0.0	0.0	-1.2839625e-05
688.442	0.0	0.0	-8.803350000000001e-06
688.662	0.0	0.0	-1.61559e-06
688.612	0.0	0.0	-3.2307750000000004e-06
688.642	0.0	0.0	-2.2071150000000002e-06
688.782	0.0	0.0	3.330675e-06
689.002	0.0	0.0	1.2349125e-05
688.952	0.0	0.0	1.017045e-05
688.982	0.0	0.0	1.133235e-05
689.112	0.0	0.0	1.5438825e-05
689.332	0.0	0.0	2.1498075e-05
689.282	0.0	0.0	2.0055375e-05
689.312	0.0	0.0	2.0908125000000002e-05
689.452	0.0	0.0	2.1160125000000003e-05
689.672	0.0	0.0	2.0526074999999998e-05
689.622	0.0	0.0	2.0668950000000005e-05
689.652	0.0	0.0	2.057895e-05
689.792	0.0	0.0	1.6319025e-05
690.012	0.0	0.0	8.628750000000001e-06
689.962	0.0	0.0	1.0491975e-05
689.982	0.0	0.0	9.504900000000001e-06
690.122	0.0	0.0	3.0462750000000003e-06
690.342	0.0	0.0	-7.932375e-06
690.292	0.0	0.0	-5.310675e-06
690.322	0.0	0.0	-6.850125000000001e-06
690.462	0.0	0.0	-1.2611025000000003e-05
690.682	0.0	0.0	-2.14146e-05
690.632	0.0	0.0	-1.9423575000000003e-05
690.662	0.0	0.0	-2.0668725000000003e-05
690.802	0.0	0.0	-2.2380300000000003e-05
691.022	0.0	0.0	-2.414925e-05
690.972	0.0	0.0	-2.3719500000000002e-05
690.992	0.0	0.0	-2.3946750000000002e-05
691.132	0.0	0.0	-2.1127725000000003e-05
691.352	0.0	0.0	-1.5167475000000003e-05
691.302	0.0	0.0	-1.6595100000000003e-05
691.332	0.0	0.0	-1.5762375000000002e-05
691.472	0.0	0.0	-9.5373e-06
691.692	0.0	0.0	1.0847475000000001e-06
691.642	0.0	0.0	-1.3250475000000002e-06
691.672	0.0	0.0	1.7202375000000003e-07
691.812	0.0	0.0	6.294825000000001e-06
692.032	0.0	0.0	1.5869475000000003e-05
691.982	0.0	0.0	1.3536e-05
692.002	0.0	0.0	1.4755500000000001e-05
692.142	0.0	0.0	1.7842725e-05
692.362	0.0	0.0	2.1745125000000005e-05
692.312	0.0	0.0	2.0807775000000003e-05
692.342	0.0	0.0	2.1350925e-05
692.482	0.0	0.0	2.006325e-05
692.702	0.0	0.0	1.6881975000000004e-05
692.652	0.0	0.0	1.7606025000000002e-05
692.682	0.0	0.0	1.7159175e-05
692.822	0.0	0.0	1.254105e-05
693.042	0.0	0.0	4.542524999999999e-06
692.992	0.0	0.0	6.4973250000000005e-06
693.012	0.0	0.0	5.482575000000001e-06
693.152	0.0	0.0	3.9570749999999997e-07
693.372	0.0	0.0	-7.827750000000001e-06
693.322	0.0	0.0	-5.846625e-06
693.352	0.0	0.0	-6.987375e-06
693.492	0.0	0.0	-1.0206e-05
693.712	0.0	0.0	-1.4716575000000002e-05
693.662	0.0	0.0	-1.3686750000000002e-05
693.692	0.0	0.0	-1.4318100000000001e-05
693.832	0.0	0.0	-1.4230125000000003e-05
694.052	0.0	0.0	-1.3331475000000001e-05
694.002	0.0	0.0	-1.3551750000000001e-05
694.022	0.0	0.0	-1.3438125000000001e-05
694.162	0.0	0.0	-1.0976850000000003e-05
694.382	0.0	0.0	-6.2941500000000005e-06
694.332	0.0	0.0	-7.42545e-06
694.362	0.0	0.0	-6.778350000000001e-06
694.502	0.0	0.0	-3.5122500000000006e-06
694.722	0.0	0.0	1.7779275e-06
694.672	0.0	0.0	5.664825e-07
694.702	0.0	0.0	1.3042575000000001e-06
694.842	0.0	0.0	3.41145e-06
695.062	0.0	0.0	6.4374750000000006e-06
695.012	0.0	0.0	5.6938500000000006e-06
695.032	0.0	0.0	6.074775000000001e-06
695.172	0.0	0.0	6.4590750000000005e-06
695.392	0.0	0.0	6.502275000000001e-06
695.342	0.0	0.0	6.4919250000000005e-06
695.372	0.0	0.0	6.497775000000001e-06
695.512	0.0	0.0	5.6022750000000005e-06
695.732	0.0	0.0	3.8862e-06
695.682	0.0	0.0	4.280175e-06
695.712	0.0	0.0	4.041450000000001e-06
695.852	0.0	0.0	2.718e-06
696.072	0.0	0.0	5.497425e-07
696.022	0.0	0.0	1.0868625000000003e-06
696.042	0.0	0.0	8.162100000000001e-07
696.182	0.0	0.0	-7.42275e-07
696.402	0.0	0.0	-3.3369750000000004e-06
696.352	0.0	0.0	-2.7175500000000003e-06
696.382	0.0	0.0	-3.079575e-06
696.522	0.0	0.0	-4.755600000000001e-06
696.742	0.0	0.0	-7.424775e-06
696.692	0.0	0.0	-6.771825e-06
696.712	0.0	0.0	-7.1055e-06
696.852	0.0	0.0	-7.877025000000001e-06
697.072	0.0	0.0	-8.780400000000002e-06
697.022	0.0	0.0	-8.5599e-06
697.052	0.0	0.0	-8.683650000000001e-06
697.192	0.0	0.0	-7.397100000000001e-06
697.412	0.0	0.0	-4.74615e-06
697.362	0.0	0.0	-5.3581500000000005e-06
697.392	0.0	0.0	-4.992075e-06
697.532	0.0	0.0	-1.6377975000000003e-06
697.752	0.0	0.0	4.160700000000001e-06
697.702	0.0	0.0	2.7247500000000005e-06
697.722	0.0	0.0	3.4472250000000003e-06
697.862	0.0	0.0	7.20765e-06
698.082	0.0	0.0	1.3329e-05
698.032	0.0	0.0	1.1834325000000001e-05
698.062	0.0	0.0	1.2669075e-05
698.202	0.0	0.0	1.4717700000000003e-05
698.422	0.0	0.0	1.73844e-05
698.372	0.0	0.0	1.6767e-05
698.402	0.0	0.0	1.7133975e-05
698.542	0.0	0.0	1.562085e-05
698.762	0.0	0.0	1.2322350000000002e-05
698.702	0.0	0.0	1.3141575000000001e-05
698.732	0.0	0.0	1.2732075000000001e-05
698.872	0.0	0.0	8.2377e-06
699.092	0.0	0.0	8.759925e-09
699.042	0.0	0.0	2.024055e-06
699.072	0.0	0.0	9.058275e-07
699.212	0.0	0.0	-4.8312e-06
699.432	0.0	0.0	-1.4150700000000002e-05
699.382	0.0	0.0	-1.1985975e-05
699.412	0.0	0.0	-1.3264425000000003e-05
699.552	0.0	0.0	-1.6879050000000002e-05
699.772	0.0	0.0	-2.1995100000000002e-05
699.712	0.0	0.0	-2.0720925000000002e-05
699.742	0.0	0.0	-2.1353625e-05
699.882	0.0	0.0	-2.101815e-05
700.102	0.0	0.0	-1.9044000000000003e-05
700.052	0.0	0.0	-1.9528875e-05
700.082	0.0	0.0	-1.9261575000000004e-05
700.222	0.0	0.0	-1.4713875000000001e-05
700.442	0.0	0.0	-6.3540000000000005e-06
700.392	0.0	0.0	-8.301825e-06
700.422	0.0	0.0	-7.1590500000000005e-06
700.562	0.0	0.0	-8.819100000000001e-07
700.782	0.0	0.0	9.40725e-06
700.722	0.0	0.0	6.837750000000001e-06
700.752	0.0	0.0	8.104950000000001e-06
700.892	0.0	0.0	1.2804975000000002e-05
701.112	0.0	0.0	1.9688625e-05
701.062	0.0	0.0	1.7993250000000003e-05
701.092	0.0	0.0	1.8921825e-05
701.232	0.0	0.0	1.9803825000000003e-05
701.452	0.0	0.0	2.00268e-05
701.402	0.0	0.0	1.9974600000000004e-05
701.432	0.0	0.0	2.0004975e-05
701.572	0.0	0.0	1.6767675e-05
701.792	0.0	0.0	1.0623375e-05
701.732	0.0	0.0	1.2161925000000001e-05
701.762	0.0	0.0	1.1408175e-05
701.902	0.0	0.0	6.338250000000001e-06
702.122	0.0	0.0	-2.36745e-06
702.072	0.0	0.0	-2.1726674999999998e-07
702.102	0.0	0.0	-1.3873950000000001e-06
702.242	0.0	0.0	-5.869800000000001e-06
702.462	0.0	0.0	-1.2667725e-05
702.412	0.0	0.0	-1.10745e-05
702.442	0.0	0.0	-1.1997000000000002e-05
702.582	0.0	0.0	-1.35846e-05
702.802	0.0	0.0	-1.5317999999999998e-05
702.742	0.0	0.0	-1.4882625e-05
702.772	0.0	0.0	-1.5094575000000001e-05
702.912	0.0	0.0	-1.3754925000000001e-05
703.132	0.0	0.0	-1.0570725000000002e-05
703.082	0.0	0.0	-1.1359350000000002e-05
703.102	0.0	0.0	-1.0932975000000002e-05
703.252	0.0	0.0	-7.630425e-06
703.472	0.0	0.0	-1.9084275000000005e-06
703.422	0.0	0.0	-3.2535000000000003e-06
703.452	0.0	0.0	-2.4797250000000002e-06
703.592	0.0	0.0	8.135550000000001e-07
703.812	0.0	0.0	5.972625e-06
703.752	0.0	0.0	4.673475000000001e-06
703.782	0.0	0.0	5.301450000000001e-06
703.922	0.0	0.0	7.2396e-06
704.142	0.0	0.0	9.828449999999999e-06
704.082	0.0	0.0	9.1854e-06
704.112	0.0	0.0	9.530775e-06
704.262	0.0	0.0	9.56115e-06
704.482	0.0	0.0	9.0396e-06
704.432	0.0	0.0	9.162675000000001e-06
704.462	0.0	0.0	9.092475e-06
704.602	0.0	0.0	7.360875000000001e-06
704.822	0.0	0.0	4.170375e-06
704.762	0.0	0.0	4.975875000000001e-06
704.792	0.0	0.0	4.5891e-06
704.932	0.0	0.0	1.9597275000000003e-06
705.152	0.0	0.0	-2.5695e-06
705.092	0.0	0.0	-1.4413500000000002e-06
705.122	0.0	0.0	-2.04345e-06
705.262	0.0	0.0	-4.626675e-06
705.492	0.0	0.0	-8.651925000000001e-06
705.442	0.0	0.0	-7.700175000000001e-06
705.472	0.0	0.0	-8.240625e-06
705.612	0.0	0.0	-9.378225000000001e-06
705.832	0.0	0.0	-1.07622e-05
705.772	0.0	0.0	-1.0411875000000001e-05
705.802	0.0	0.0	-1.0579050000000002e-05
705.942	0.0	0.0	-9.723375e-06
706.162	0.0	0.0	-7.5888e-06
706.102	0.0	0.0	-8.12205e-06
706.132	0.0	0.0	-7.839225000000001e-06
706.272	0.0	0.0	-5.124375e-06
706.502	0.0	0.0	-2.8935e-07
706.452	0.0	0.0	-1.4360625000000002e-06
706.482	0.0	0.0	-7.89255e-07
706.622	0.0	0.0	2.3080500000000003e-06
706.842	0.0	0.0	7.270425000000001e-06
706.782	0.0	0.0	6.010650000000001e-06
706.812	0.0	0.0	6.607800000000001e-06
706.952	0.0	0.0	8.47035e-06
707.172	0.0	0.0	1.0942650000000001e-05
707.112	0.0	0.0	1.032345e-05
707.142	0.0	0.0	1.06497e-05
707.282	0.0	0.0	1.0326600000000002e-05
707.512	0.0	0.0	9.1143e-06
707.462	0.0	0.0	9.402750000000002e-06
707.492	0.0	0.0	9.2412e-06
707.632	0.0	0.0	7.0263e-06
707.852	0.0	0.0	3.0260250000000004e-06
707.792	0.0	0.0	4.0443750000000006e-06
707.822	0.0	0.0	3.5649e-06
707.962	0.0	0.0	9.252225000000001e-07
708.182	0.0	0.0	-3.4155e-06
708.122	0.0	0.0	-2.325375e-06
708.152	0.0	0.0	-2.8959750000000003e-06
708.292	0.0	0.0	-4.6575e-06
708.522	0.0	0.0	-7.107075000000001e-06
708.472	0.0	0.0	-6.522750000000001e-06
708.502	0.0	0.0	-6.8481000000000006e-06
708.642	0.0	0.0	-6.917400000000001e-06
708.862	0.0	0.0	-6.5529e-06
708.802	0.0	0.0	-6.645825e-06
708.832	0.0	0.0	-6.6024000000000005e-06
708.972	0.0	0.0	-5.4751500000000004e-06
709.192	0.0	0.0	-3.2418e-06
709.132	0.0	0.0	-3.8043000000000006e-06
709.162	0.0	0.0	-3.5118000000000004e-06
709.302	0.0	0.0	-1.991205e-06
709.532	0.0	0.0	4.825125000000001e-07
709.482	0.0	0.0	-1.09287e-07
709.512	0.0	0.0	2.1806550000000003e-07
709.652	0.0	0.0	1.3463550000000002e-06
709.872	0.0	0.0	3.01005e-06
709.812	0.0	0.0	2.58435e-06
709.842	0.0	0.0	2.7821250000000005e-06
709.982	0.0	0.0	3.4105500000000003e-06
710.202	0.0	0.0	4.242825e-06
710.142	0.0	0.0	4.032675e-06
710.172	0.0	0.0	4.14135e-06
710.312	0.0	0.0	4.1355e-06
710.542	0.0	0.0	3.9226500000000005e-06
710.492	0.0	0.0	3.973725e-06
710.522	0.0	0.0	3.9456e-06
710.662	0.0	0.0	2.9576250000000003e-06
710.882	0.0	0.0	1.09521e-06
710.822	0.0	0.0	1.5753150000000002e-06
710.852	0.0	0.0	1.3558725000000002e-06
710.992	0.0	0.0	-4.3479e-07
711.212	0.0	0.0	-3.636675e-06
711.152	0.0	0.0	-2.839725e-06
711.182	0.0	0.0	-3.2634000000000004e-06
711.322	0.0	0.0	-5.143500000000001e-06
711.552	0.0	0.0	-8.092125e-06
711.492	0.0	0.0	-7.3413e-06
711.522	0.0	0.0	-7.689375000000001e-06
711.662	0.0	0.0	-8.408025e-06
711.882	0.0	0.0	-9.065025e-06
711.822	0.0	0.0	-8.898075e-06
711.852	0.0	0.0	-8.983350000000001e-06
711.992	0.0	0.0	-7.710300000000001e-06
712.222	0.0	0.0	-5.00985e-06
712.172	0.0	0.0	-5.660775000000001e-06
712.202	0.0	0.0	-5.307075e-06
712.342	0.0	0.0	-2.3894999999999997e-06
712.562	0.0	0.0	2.6937e-06
712.502	0.0	0.0	1.3836375e-06
712.532	0.0	0.0	1.9815975000000005e-06
712.672	0.0	0.0	5.031675e-06
712.892	0.0	0.0	9.926549999999999e-06
712.832	0.0	0.0	8.681625e-06
712.862	0.0	0.0	9.3141e-06
713.002	0.0	0.0	1.0924650000000002e-05
713.232	0.0	0.0	1.2918150000000001e-05
713.182	0.0	0.0	1.2436200000000001e-05
713.202	0.0	0.0	1.2696525000000001e-05
713.352	0.0	0.0	1.1706975000000003e-05
713.572	0.0	0.0	9.35145e-06
713.512	0.0	0.0	9.960075000000001e-06
713.542	0.0	0.0	9.684225000000001e-06
713.682	0.0	0.0	6.6530250000000006e-06
713.902	0.0	0.0	9.871650000000001e-07
713.842	0.0	0.0	2.4320250000000002e-06
713.872	0.0	0.0	1.7027325000000004e-06
714.012	0.0	0.0	-2.1739950000000004e-06
714.242	0.0	0.0	-8.505675e-06
714.192	0.0	0.0	-6.970725e-06
714.212	0.0	0.0	-7.79445e-06
714.362	0.0	0.0	-1.0383750000000002e-05
714.582	0.0	0.0	-1.4046525000000002e-05
714.522	0.0	0.0	-1.3097700000000002e-05
714.552	0.0	0.0	-1.3524975000000002e-05
714.692	0.0	0.0	-1.3656150000000001e-05
714.912	0.0	0.0	-1.2834675000000001e-05
714.852	0.0	0.0	-1.3044825000000001e-05
714.882	0.0	0.0	-1.29393e-05
715.022	0.0	0.0	-1.0290375e-05
715.252	0.0	0.0	-5.180175e-06
715.192	0.0	0.0	-6.422625000000001e-06
715.222	0.0	0.0	-5.760225e-06
715.372	0.0	0.0	-1.597365e-06
715.592	0.0	0.0	5.4083250000000004e-06
715.532	0.0	0.0	3.5887500000000006e-06
715.562	0.0	0.0	4.403025000000001e-06
715.702	0.0	0.0	8.059275000000001e-06
715.922	0.0	0.0	1.3657050000000002e-05
715.862	0.0	0.0	1.2221775e-05
715.892	0.0	0.0	1.2937050000000002e-05
716.032	0.0	0.0	1.4373000000000001e-05
716.262	0.0	0.0	1.5815025000000002e-05
716.202	0.0	0.0	1.546335e-05
716.232	0.0	0.0	1.5649650000000004e-05
716.372	0.0	0.0	1.3867425e-05
716.602	0.0	0.0	1.0048950000000001e-05
716.542	0.0	0.0	1.1043450000000002e-05
716.572	0.0	0.0	1.0601325000000001e-05
716.712	0.0	0.0	6.498450000000001e-06
716.932	0.0	0.0	-1.02024e-06
716.872	0.0	0.0	9.125775000000002e-07
716.902	0.0	0.0	-4.450500000000001e-08
717.042	0.0	0.0	-4.9621500000000004e-06
717.272	0.0	0.0	-1.2922425000000002e-05
717.212	0.0	0.0	-1.0976175e-05
717.242	0.0	0.0	-1.20006e-05
717.382	0.0	0.0	-1.5067575e-05
717.612	0.0	0.0	-1.9284750000000002e-05
717.552	0.0	0.0	-1.8183825000000002e-05
717.582	0.0	0.0	-1.867005e-05
717.722	0.0	0.0	-1.83834e-05
717.942	0.0	0.0	-1.64691e-05
717.882	0.0	0.0	-1.6962525e-05
717.912	0.0	0.0	-1.6719750000000002e-05
718.052	0.0	0.0	-1.2604500000000001e-05
718.282	0.0	0.0	-4.7789999999999995e-06
718.222	0.0	0.0	-6.697350000000001e-06
718.252	0.0	0.0	-5.694075e-06
718.392	0.0	0.0	3.822300000000001e-07
718.622	0.0	0.0	1.0555875000000002e-05
718.562	0.0	0.0	7.893e-06
718.592	0.0	0.0	9.0612e-06
718.732	0.0	0.0	1.4084775000000003e-05
718.952	0.0	0.0	2.1599775e-05
718.892	0.0	0.0	1.96578e-05
718.922	0.0	0.0	2.0607300000000002e-05
719.062	0.0	0.0	2.1983175000000005e-05
719.292	0.0	0.0	2.2761e-05
719.232	0.0	0.0	2.2569750000000002e-05
719.262	0.0	0.0	2.2668750000000002e-05
719.402	0.0	0.0	1.9212525e-05
719.632	0.0	0.0	1.2197925000000002e-05
719.572	0.0	0.0	1.4038875e-05
719.602	0.0	0.0	1.3236525000000003e-05
719.742	0.0	0.0	6.780825e-06
719.962	0.0	0.0	-4.788450000000001e-06
719.902	0.0	0.0	-1.79082e-06
719.932	0.0	0.0	-3.2469750000000004e-06
720.072	0.0	0.0	-1.0010925000000001e-05
720.302	0.0	0.0	-2.0643525e-05
720.242	0.0	0.0	-1.8022500000000002e-05
720.272	0.0	0.0	-1.9375650000000005e-05
720.412	0.0	0.0	-2.2621500000000007e-05
720.642	0.0	0.0	-2.6541000000000002e-05
720.582	0.0	0.0	-2.5510500000000002e-05
720.612	0.0	0.0	-2.5956000000000004e-05
720.752	0.0	0.0	-2.4302250000000003e-05
720.972	0.0	0.0	-1.9507725000000005e-05
720.912	0.0	0.0	-2.0753550000000004e-05
720.942	0.0	0.0	-2.0152124999999998e-05
721.082	0.0	0.0	-1.394235e-05
721.312	0.0	0.0	-2.5809750000000003e-06
721.252	0.0	0.0	-5.3894250000000005e-06
721.282	0.0	0.0	-3.948975000000001e-06
721.422	0.0	0.0	3.4641e-06
721.652	0.0	0.0	1.5477300000000002e-05
721.592	0.0	0.0	1.2308850000000002e-05
721.622	0.0	0.0	1.3671675000000002e-05
721.752	0.0	0.0	1.8583425e-05
721.982	0.0	0.0	2.5256250000000004e-05
721.922	0.0	0.0	2.3517000000000002e-05
721.952	0.0	0.0	2.4351750000000003e-05
722.092	0.0	0.0	2.438775e-05
722.322	0.0	0.0	2.26125e-05
722.262	0.0	0.0	2.3051250000000004e-05
722.292	0.0	0.0	2.28285e-05
722.432	0.0	0.0	1.809315e-05
722.662	0.0	0.0	9.08865e-06
722.602	0.0	0.0	1.14696e-05
722.632	0.0	0.0	1.0452150000000001e-05
722.762	0.0	0.0	3.90015e-06
722.992	0.0	0.0	-7.276275000000001e-06
722.932	0.0	0.0	-4.358025e-06
722.962	0.0	0.0	-5.74875e-06
723.102	0.0	0.0	-1.1092725000000001e-05
723.332	0.0	0.0	-1.8926775e-05
723.272	0.0	0.0	-1.6979624999999998e-05
723.302	0.0	0.0	-1.7965575e-05
723.442	0.0	0.0	-1.9332900000000003e-05
723.672	0.0	0.0	-2.0144700000000004e-05
723.612	0.0	0.0	-1.99296e-05
723.642	0.0	0.0	-2.002095e-05
723.772	0.0	0.0	-1.7558775e-05
724.002	0.0	0.0	-1.1972700000000001e-05
723.942	0.0	0.0	-1.3434975000000003e-05
723.972	0.0	0.0	-1.2742425e-05
724.112	0.0	0.0	-7.871625e-06
724.342	0.0	0.0	5.692049999999999e-07
724.282	0.0	0.0	-1.5342975000000001e-06
724.312	0.0	0.0	-4.758975e-07
724.452	0.0	0.0	3.9075750000000004e-06
724.682	0.0	0.0	1.0595700000000001e-05
724.622	0.0	0.0	8.818425000000002e-06
724.652	0.0	0.0	9.5679e-06
724.782	0.0	0.0	1.1589525000000001e-05
725.012	0.0	0.0	1.3742550000000001e-05
724.952	0.0	0.0	1.3177350000000002e-05
724.982	0.0	0.0	1.3443300000000002e-05
725.122	0.0	0.0	1.2570975e-05
725.352	0.0	0.0	1.0152675e-05
725.292	0.0	0.0	1.0756575000000001e-05
725.322	0.0	0.0	1.0454175e-05
725.462	0.0	0.0	7.68285e-06
725.692	0.0	0.0	2.7247500000000005e-06
725.632	0.0	0.0	4.051575000000001e-06
725.652	0.0	0.0	3.501e-06
725.792	0.0	0.0	5.24205e-07
726.022	0.0	0.0	-4.2777000000000006e-06
725.962	0.0	0.0	-3.034575e-06
725.992	0.0	0.0	-3.636225e-06
726.132	0.0	0.0	-5.64705e-06
726.362	0.0	0.0	-8.435025e-06
726.302	0.0	0.0	-7.697700000000001e-06
726.332	0.0	0.0	-8.007750000000001e-06
726.462	0.0	0.0	-8.441775000000001e-06
726.692	0.0	0.0	-8.456175e-06
726.632	0.0	0.0	-8.45235e-06
726.662	0.0	0.0	-8.454150000000001e-06
726.802	0.0	0.0	-7.231725000000001e-06
727.032	0.0	0.0	-4.6916999999999995e-06
726.972	0.0	0.0	-5.329125e-06
727.002	0.0	0.0	-5.013675e-06
727.142	0.0	0.0	-2.6397000000000003e-06
727.372	0.0	0.0	1.501155e-06
727.312	0.0	0.0	3.9348000000000005e-07
727.332	0.0	0.0	8.524800000000001e-07
727.472	0.0	0.0	3.403125e-06
727.702	0.0	0.0	7.555725000000001e-06
727.642	0.0	0.0	6.458400000000001e-06
727.672	0.0	0.0	6.966000000000001e-06
727.812	0.0	0.0	8.658900000000001e-06
728.042	0.0	0.0	1.0952550000000002e-05
727.982	0.0	0.0	1.0375425000000002e-05
728.012	0.0	0.0	1.0658925e-05
728.152	0.0	0.0	1.0352025e-05
728.382	0.0	0.0	9.137025e-06
728.322	0.0	0.0	9.462825e-06
728.342	0.0	0.0	9.328725e-06
728.482	0.0	0.0	6.892200000000001e-06
728.712	0.0	0.0	1.977525e-06
728.652	0.0	0.0	3.2793750000000003e-06
728.682	0.0	0.0	2.6808750000000004e-06
728.822	0.0	0.0	-1.4756400000000002e-06
729.052	0.0	0.0	-8.674425000000001e-06
728.992	0.0	0.0	-6.858000000000001e-06
729.022	0.0	0.0	-7.744950000000001e-06
729.162	0.0	0.0	-1.1623275000000003e-05
729.392	0.0	0.0	-1.7606700000000002e-05
729.332	0.0	0.0	-1.5998175e-05
729.352	0.0	0.0	-1.665585e-05
729.492	0.0	0.0	-1.8100575e-05
729.722	0.0	0.0	-1.9185299999999997e-05
729.662	0.0	0.0	-1.8897300000000003e-05
729.692	0.0	0.0	-1.9028925000000002e-05
729.832	0.0	0.0	-1.62153e-05
730.062	0.0	0.0	-1.0006875e-05
730.002	0.0	0.0	-1.1577375e-05
730.032	0.0	0.0	-1.0815300000000001e-05
730.172	0.0	0.0	-4.090050000000001e-06
730.402	0.0	0.0	7.94745e-06
730.342	0.0	0.0	4.703625e-06
730.362	0.0	0.0	6.021450000000001e-06
730.502	0.0	0.0	1.3621725e-05
730.732	0.0	0.0	2.611575e-05
730.672	0.0	0.0	2.279025e-05
730.702	0.0	0.0	2.4300000000000005e-05
730.842	0.0	0.0	2.8892250000000004e-05
731.072	0.0	0.0	3.47085e-05
731.012	0.0	0.0	3.3232500000000004e-05
731.042	0.0	0.0	3.3943500000000005e-05
731.182	0.0	0.0	3.1662e-05
731.412	0.0	0.0	2.544975e-05
731.352	0.0	0.0	2.7128250000000002e-05
731.372	0.0	0.0	2.6451e-05
731.512	0.0	0.0	1.7692425000000002e-05
731.742	0.0	0.0	5.610150000000001e-07
731.682	0.0	0.0	5.1329250000000005e-06
731.712	0.0	0.0	3.071025000000001e-06
731.852	0.0	0.0	-9.409500000000002e-06
732.082	0.0	0.0	-3.0366e-05
732.022	0.0	0.0	-2.5038000000000003e-05
732.052	0.0	0.0	-2.7589500000000004e-05
732.192	0.0	0.0	-3.67965e-05
732.422	0.0	0.0	-4.995e-05
732.362	0.0	0.0	-4.638825000000001e-05
732.382	0.0	0.0	-4.7817000000000007e-05
732.522	0.0	0.0	-4.8681000000000004e-05
732.752	0.0	0.0	-4.5870750000000005e-05
732.692	0.0	0.0	-4.6622250000000006e-05
732.722	0.0	0.0	-4.6287000000000006e-05
732.862	0.0	0.0	-3.649275e-05
733.092	0.0	0.0	-1.6721775e-05
733.032	0.0	0.0	-2.1762675000000003e-05
733.062	0.0	0.0	-1.9363050000000004e-05
733.202	0.0	0.0	-3.2143500000000004e-06
733.432	0.0	0.0	2.4491250000000004e-05
733.372	0.0	0.0	1.69659e-05
733.392	0.0	0.0	1.9958625e-05
733.532	0.0	0.0	3.4220250000000005e-05
733.762	0.0	0.0	5.5847250000000006e-05
733.702	0.0	0.0	5.006925e-05
733.732	0.0	0.0	5.266125e-05
733.872	0.0	0.0	5.765175000000001e-05
734.102	0.0	0.0	6.145425e-05
734.042	0.0	0.0	6.0471000000000004e-05
734.072	0.0	0.0	6.0923249999999996e-05
734.212	0.0	0.0	5.308650000000001e-05
734.442	0.0	0.0	0.0
734.382	0.0	0.0	4.0239000000000006e-05
734.412	0.0	0.0	3.8173499999999996e-05
734.552	0.0	0.0	0.0
