8732
0.0	0.0	0.0	0.0067679062500000005
0.088	0.0	0.0	0.018872875
0.173	0.0	0.0	0.030662187500000004
0.256	0.0	0.0	0.042045937500000005
0.336	0.0	0.0	0.053134375000000005
0.424	0.0	0.0	0.05882187500000001
0.51	0.0	0.0	0.0643715625
0.592	0.0	0.0	0.0697309375
0.673	0.0	0.0	0.07494812500000002
0.761	0.0	0.0	0.0718003125
0.846	0.0	0.0	0.0687334375
0.929	0.0	0.0	0.06576937500000002
1.009	0.0	0.0	0.062881875
1.097	0.0	0.0	0.0510846875
1.182	0.0	0.0	0.039563125000000005
1.265	0.0	0.0	0.028406875
1.346	0.0	0.0	0.017526687500000002
1.434	0.0	0.0	0.0004580843750000001
1.519	0.0	0.0	-0.016195156250000002
1.602	0.0	0.0	-0.032300625
1.683	0.0	0.0	-0.04798937500000001
1.77	0.0	0.0	-0.0630196875
1.856	0.0	0.0	-0.07769125000000002
1.938	0.0	0.0	-0.091905625
2.019	0.0	0.0	-0.10578750000000002
2.107	0.0	0.0	-0.10977312500000001
2.192	0.0	0.0	-0.11366906250000001
2.275	0.0	0.0	-0.11744687500000002
2.356	0.0	0.0	-0.12113062500000002
2.443	0.0	0.0	-0.1080559375
2.529	0.0	0.0	-0.09528531250000001
2.611	0.0	0.0	-0.08289968750000001
2.692	0.0	0.0	-0.07079625
2.779	0.0	0.0	-0.04292968750000001
2.865	0.0	0.0	-0.015656812500000002
2.948	0.0	0.0	0.010813468750000003
3.029	0.0	0.0	0.0366625
3.116	0.0	0.0	0.14805437500000002
3.201	0.0	0.0	0.25694375
3.284	0.0	0.0	0.3626437500000001
3.365	0.0	0.0	0.466046875
3.452	0.0	0.0	0.5099718750000001
3.538	0.0	0.0	0.5530218750000001
3.621	0.0	0.0	0.594890625
3.702	0.0	0.0	0.6358843750000002
3.789	0.0	0.0	0.5978656250000001
3.875	0.0	0.0	0.560634375
3.958	0.0	0.0	0.524475
4.039	0.0	0.0	0.48912500000000003
4.126	0.0	0.0	0.377015625
4.211	0.0	0.0	0.267246875
4.294	0.0	0.0	0.160418125
4.375	0.0	0.0	0.0557178125
4.462	0.0	0.0	-0.07963156250000002
4.547	0.0	0.0	-0.21239312500000002
4.631	0.0	0.0	-0.34166562500000003
4.712	0.0	0.0	-0.46821250000000003
4.799	0.0	0.0	-0.555121875
4.884	0.0	0.0	-0.6402593750000002
4.967	0.0	0.0	-0.7231875
5.048	0.0	0.0	-0.80451875
5.135	0.0	0.0	-0.7915031250000001
5.22	0.0	0.0	-0.7787281250000001
5.303	0.0	0.0	-0.7662593750000001
5.385	0.0	0.0	-0.7540093750000001
5.472	0.0	0.0	-0.6403468750000001
5.557	0.0	0.0	-0.52885
5.64	0.0	0.0	-0.420153125
5.722	0.0	0.0	-0.31364375
5.809	0.0	0.0	-0.15553781250000004
5.894	0.0	0.0	-0.00034055000000000006
5.976	0.0	0.0	0.151186875
6.058	0.0	0.0	0.300059375
6.145	0.0	0.0	0.42140000000000005
6.23	0.0	0.0	0.5406843750000001
6.313	0.0	0.0	0.657190625
6.395	0.0	0.0	0.7715531250000002
6.481	0.0	0.0	0.7926625
6.566	0.0	0.0	0.8133562500000001
6.649	0.0	0.0	0.8336125000000001
6.731	0.0	0.0	0.853496875
6.817	0.0	0.0	0.7668062500000001
6.903	0.0	0.0	0.68145
6.986	0.0	0.0	0.5979093750000001
7.068	0.0	0.0	0.515703125
7.155	0.0	0.0	0.3719187500000001
7.24	0.0	0.0	0.23051875000000002
7.323	0.0	0.0	0.0922775
7.405	0.0	0.0	-0.0435596875
7.491	0.0	0.0	-0.16515187500000003
7.576	0.0	0.0	-0.284790625
7.659	0.0	0.0	-0.4019531250000001
7.741	0.0	0.0	-0.5173875000000001
7.827	0.0	0.0	-0.5592781250000001
7.912	0.0	0.0	-0.60055625
7.996	0.0	0.0	-0.6410250000000001
8.078	0.0	0.0	-0.6808375
8.164	0.0	0.0	-0.63555625
8.249	0.0	0.0	-0.5909968750000001
8.332	0.0	0.0	-0.547290625
8.414	0.0	0.0	-0.504240625
8.5	0.0	0.0	-0.40954375000000004
8.585	0.0	0.0	-0.3161375
8.669	0.0	0.0	-0.2244375
8.751	0.0	0.0	-0.13403687500000003
8.837	0.0	0.0	-0.035472500000000004
8.922	0.0	0.0	0.061685312500000006
9.005	0.0	0.0	0.15704500000000002
9.088	0.0	0.0	0.251059375
9.174	0.0	0.0	0.327446875
9.258	0.0	0.0	0.4028281250000001
9.342	0.0	0.0	0.47687500000000005
9.424	0.0	0.0	0.5499375000000001
9.51	0.0	0.0	0.5801250000000001
9.595	0.0	0.0	0.609940625
9.678	0.0	0.0	0.63923125
9.761	0.0	0.0	0.6681500000000001
9.847	0.0	0.0	0.611209375
9.931	0.0	0.0	0.5549906250000001
10.015	0.0	0.0	0.49969062500000005
10.097	0.0	0.0	0.44506875000000007
10.183	0.0	0.0	0.28085312500000004
10.268	0.0	0.0	0.11860406250000002
10.351	0.0	0.0	-0.04109875
10.434	0.0	0.0	-0.19892250000000003
10.52	0.0	0.0	-0.41870937500000005
10.604	0.0	0.0	-0.636015625
10.688	0.0	0.0	-0.8500625000000002
10.77	0.0	0.0	-1.0616812500000001
10.856	0.0	0.0	-1.2121375
10.941	0.0	0.0	-1.360953125
11.024	0.0	0.0	-1.507625
11.107	0.0	0.0	-1.6526781250000002
11.193	0.0	0.0	-1.6000468750000003
11.277	0.0	0.0	-1.5479843750000002
11.361	0.0	0.0	-1.4966218750000002
11.444	0.0	0.0	-1.4457843750000001
11.529	0.0	0.0	-1.1431
11.614	0.0	0.0	-0.84345625
11.697	0.0	0.0	-0.5477500000000001
11.78	0.0	0.0	-0.25493125
11.866	0.0	0.0	0.19445562500000002
11.95	0.0	0.0	0.6395375
12.034	0.0	0.0	1.079071875
12.117	0.0	0.0	1.5144937500000002
12.202	0.0	0.0	1.8792375000000001
12.287	0.0	0.0	2.24065625
12.371	0.0	0.0	2.5978750000000006
12.453	0.0	0.0	2.9518125000000004
12.539	0.0	0.0	2.9868125000000005
12.623	0.0	0.0	3.0213750000000004
12.707	0.0	0.0	3.0557187500000005
12.79	0.0	0.0	3.0896250000000003
12.875	0.0	0.0	2.688
12.96	0.0	0.0	2.2894375000000005
13.044	0.0	0.0	1.895271875
13.127	0.0	0.0	1.5041031250000003
13.212	0.0	0.0	0.795375
13.296	0.0	0.0	0.09211125000000002
13.38	0.0	0.0	-0.604121875
13.463	0.0	0.0	-1.295153125
13.548	0.0	0.0	-1.9718125000000004
13.633	0.0	0.0	-2.6435937500000004
13.717	0.0	0.0	-3.3090312500000003
13.8	0.0	0.0	-3.97009375
13.885	0.0	0.0	-4.228
13.969	0.0	0.0	-4.484156250000001
14.053	0.0	0.0	-4.738125
14.136	0.0	0.0	-4.9905625
14.221	0.0	0.0	-4.612562500000001
14.306	0.0	0.0	-4.236750000000001
14.39	0.0	0.0	-3.8640000000000003
14.473	0.0	0.0	-3.4936562500000004
14.558	0.0	0.0	-2.5856250000000003
14.642	0.0	0.0	-1.6830625000000001
14.726	0.0	0.0	-0.7870843750000001
14.81	0.0	0.0	0.10403968750000002
14.894	0.0	0.0	1.1247250000000002
14.979	0.0	0.0	2.1399875
15.063	0.0	0.0	3.1484687500000006
15.146	0.0	0.0	4.151875
15.231	0.0	0.0	4.7510312500000005
15.315	0.0	0.0	5.347125000000001
15.399	0.0	0.0	5.939718750000001
15.483	0.0	0.0	6.5296875000000005
15.567	0.0	0.0	6.339375
15.652	0.0	0.0	6.14971875
15.736	0.0	0.0	5.961156250000001
15.819	0.0	0.0	5.773468750000001
15.904	0.0	0.0	4.8138125
15.988	0.0	0.0	3.85809375
16.072	0.0	0.0	2.9067500000000006
16.156	0.0	0.0	1.9588406250000001
16.241	0.0	0.0	0.6646937500000001
16.325	0.0	0.0	-0.625078125
16.409	0.0	0.0	-1.9095125000000004
16.493	0.0	0.0	-3.1902500000000003
16.577	0.0	0.0	-4.17090625
16.661	0.0	0.0	-5.148937500000001
16.745	0.0	0.0	-6.1232500000000005
16.829	0.0	0.0	-7.095375000000001
16.914	0.0	0.0	-7.2349375
16.998	0.0	0.0	-7.374062500000001
17.082	0.0	0.0	-7.51296875
17.166	0.0	0.0	-7.65165625
17.25	0.0	0.0	-6.8324375
17.334	0.0	0.0	-6.01496875
17.418	0.0	0.0	-5.19925
17.502	0.0	0.0	-4.384625
17.587	0.0	0.0	-2.98309375
17.671	0.0	0.0	-1.5834218750000002
17.755	0.0	0.0	-0.1860709375
17.839	0.0	0.0	1.2098187500000002
17.923	0.0	0.0	2.5014062500000005
18.007	0.0	0.0	3.7915937500000005
18.091	0.0	0.0	5.0806875
18.175	0.0	0.0	6.369125
18.26	0.0	0.0	6.89609375
18.344	0.0	0.0	7.422625
18.428	0.0	0.0	7.949156250000001
18.512	0.0	0.0	8.475687500000001
18.596	0.0	0.0	7.9638125
18.68	0.0	0.0	7.451937500000001
18.764	0.0	0.0	6.9398437500000005
18.849	0.0	0.0	6.4277500000000005
18.933	0.0	0.0	5.13034375
19.017	0.0	0.0	3.8320625000000006
19.101	0.0	0.0	2.5329062500000004
19.185	0.0	0.0	1.232196875
19.269	0.0	0.0	-0.19981718750000002
19.353	0.0	0.0	-1.6333187500000002
19.437	0.0	0.0	-3.0690625000000007
19.522	0.0	0.0	-4.507125
19.606	0.0	0.0	-5.362656250000001
19.69	0.0	0.0	-6.219500000000001
19.774	0.0	0.0	-7.07809375
19.858	0.0	0.0	-7.938218750000001
19.942	0.0	0.0	-7.81178125
20.026	0.0	0.0	-7.68490625
20.111	0.0	0.0	-7.5575937500000006
20.195	0.0	0.0	-7.430062500000001
20.279	0.0	0.0	-6.420312500000001
20.363	0.0	0.0	-5.407718750000001
20.447	0.0	0.0	-4.391625
20.532	0.0	0.0	-3.3724687500000003
20.615	0.0	0.0	-2.0136593750000005
20.699	0.0	0.0	-0.6508906250000001
20.784	0.0	0.0	0.7175656250000001
20.868	0.0	0.0	2.0906375
20.952	0.0	0.0	3.1174062500000006
21.036	0.0	0.0	4.1475
21.12	0.0	0.0	5.182843750000001
21.205	0.0	0.0	6.222125
21.288	0.0	0.0	6.441750000000001
21.372	0.0	0.0	6.66225
21.457	0.0	0.0	6.884062500000001
21.541	0.0	0.0	7.10675
21.625	0.0	0.0	6.47609375
21.709	0.0	0.0	5.84259375
21.793	0.0	0.0	5.20515625
21.878	0.0	0.0	4.56465625
21.961	0.0	0.0	3.4617187500000006
22.045	0.0	0.0	2.3533125000000004
22.13	0.0	0.0	1.237403125
22.215	0.0	0.0	0.115565625
22.298	0.0	0.0	-0.8844718750000001
22.382	0.0	0.0	-1.8899562500000004
22.466	0.0	0.0	-2.9028125000000005
22.551	0.0	0.0	-3.9217500000000003
22.634	0.0	0.0	-4.3526875
22.718	0.0	0.0	-4.786250000000001
22.803	0.0	0.0	-5.223531250000001
22.888	0.0	0.0	-5.66321875
22.971	0.0	0.0	-5.38934375
23.055	0.0	0.0	-5.11371875
23.139	0.0	0.0	-4.835687500000001
23.224	0.0	0.0	-4.5556875
23.307	0.0	0.0	-3.8016562500000006
23.391	0.0	0.0	-3.04215625
23.476	0.0	0.0	-2.27565625
23.561	0.0	0.0	-1.5034906250000002
23.644	0.0	0.0	-0.69615
23.728	0.0	0.0	0.117289375
23.812	0.0	0.0	0.938940625
23.897	0.0	0.0	1.766975
23.98	0.0	0.0	2.2375937500000003
24.064	0.0	0.0	2.7120625
24.149	0.0	0.0	3.19134375
24.234	0.0	0.0	3.6747812499999997
24.317	0.0	0.0	3.6452500000000008
24.401	0.0	0.0	3.61571875
24.485	0.0	0.0	3.58575
24.571	0.0	0.0	3.5555625
24.654	0.0	0.0	3.1351250000000004
24.737	0.0	0.0	2.710750000000001
24.822	0.0	0.0	2.2815624999999997
24.907	0.0	0.0	1.8482843750000004
24.99	0.0	0.0	1.315890625
25.074	0.0	0.0	0.778465625
25.158	0.0	0.0	0.23423750000000002
25.244	0.0	0.0	-0.31524062500000005
25.327	0.0	0.0	-0.6829812500000001
25.41	0.0	0.0	-1.054375
25.495	0.0	0.0	-1.4307125
25.58	0.0	0.0	-1.81085625
25.663	0.0	0.0	-1.8803750000000001
25.747	0.0	0.0	-1.9506375000000005
25.831	0.0	0.0	-2.0218625
25.917	0.0	0.0	-2.09383125
26.0	0.0	0.0	-1.912575
26.083	0.0	0.0	-1.729328125
26.168	0.0	0.0	-1.5434125
26.254	0.0	0.0	-1.3554187500000001
26.336	0.0	0.0	-1.085153125
26.42	0.0	0.0	-0.8117812500000001
26.504	0.0	0.0	-0.534275
26.59	0.0	0.0	-0.253575
26.673	0.0	0.0	-0.05554281250000001
26.756	0.0	0.0	0.1448475
26.841	0.0	0.0	0.348425
26.927	0.0	0.0	0.5544656250000001
27.009	0.0	0.0	0.6085625
27.093	0.0	0.0	0.6633375
27.177	0.0	0.0	0.71903125
27.263	0.0	0.0	0.7754031250000002
27.346	0.0	0.0	0.7185500000000001
27.429	0.0	0.0	0.6609312500000002
27.514	0.0	0.0	0.6023281250000001
27.6	0.0	0.0	0.542959375
27.682	0.0	0.0	0.45731875000000005
27.766	0.0	0.0	0.370540625
27.851	0.0	0.0	0.28220937500000004
27.937	0.0	0.0	0.19268156250000001
28.019	0.0	0.0	0.12410343750000001
28.102	0.0	0.0	0.05455406250000001
28.187	0.0	0.0	-0.016308687500000002
28.273	0.0	0.0	-0.08819562500000001
28.355	0.0	0.0	-0.1536609375
28.439	0.0	0.0	-0.22006250000000002
28.524	0.0	0.0	-0.287721875
28.61	0.0	0.0	-0.35630000000000006
28.692	0.0	0.0	-0.40335312500000003
28.775	0.0	0.0	-0.4511062500000001
28.86	0.0	0.0	-0.4998
28.946	0.0	0.0	-0.54928125
29.028	0.0	0.0	-0.52889375
29.112	0.0	0.0	-0.508178125
29.197	0.0	0.0	-0.48704687500000005
29.283	0.0	0.0	-0.4656093750000001
29.365	0.0	0.0	-0.362534375
29.448	0.0	0.0	-0.25790625
29.533	0.0	0.0	-0.1511015625
29.619	0.0	0.0	-0.04253375000000001
29.701	0.0	0.0	0.09796062500000001
29.784	0.0	0.0	0.24095312500000005
29.869	0.0	0.0	0.3871875
29.956	0.0	0.0	0.5358937500000001
30.038	0.0	0.0	0.6322968750000001
30.121	0.0	0.0	0.7302968750000001
30.207	0.0	0.0	0.830396875
30.293	0.0	0.0	0.9320718750000002
30.375	0.0	0.0	0.9190125000000001
30.458	0.0	0.0	0.9057343750000001
30.543	0.0	0.0	0.8921500000000001
30.629	0.0	0.0	0.8783031250000001
30.711	0.0	0.0	0.7511656250000001
30.794	0.0	0.0	0.62164375
30.879	0.0	0.0	0.48903750000000007
30.966	0.0	0.0	0.35415625000000006
31.048	0.0	0.0	0.17543968750000002
31.13	0.0	0.0	-0.0064566250000000006
31.215	0.0	0.0	-0.19275812500000003
31.302	0.0	0.0	-0.38255000000000006
31.384	0.0	0.0	-0.5194
31.467	0.0	0.0	-0.6590281250000001
31.552	0.0	0.0	-0.8022875
31.639	0.0	0.0	-0.948303125
31.721	0.0	0.0	-0.97103125
31.804	0.0	0.0	-0.9941750000000001
31.889	0.0	0.0	-1.0179093750000001
31.976	0.0	0.0	-1.04208125
32.057	0.0	0.0	-0.9410406250000001
32.14	0.0	0.0	-0.83803125
32.225	0.0	0.0	-0.7322437500000001
32.312	0.0	0.0	-0.6242906250000001
32.393	0.0	0.0	-0.4550218750000001
32.477	0.0	0.0	-0.282121875
32.562	0.0	0.0	-0.10455593750000002
32.649	0.0	0.0	0.07647281250000001
32.73	0.0	0.0	0.22500625000000002
32.813	0.0	0.0	0.37655625000000004
32.898	0.0	0.0	0.5322625000000001
32.985	0.0	0.0	0.69129375
33.066	0.0	0.0	0.7478187500000001
33.149	0.0	0.0	0.805634375
33.235	0.0	0.0	0.8651562500000001
33.322	0.0	0.0	0.925946875
33.403	0.0	0.0	0.871325
33.486	0.0	0.0	0.8155
33.572	0.0	0.0	0.7581437500000001
33.659	0.0	0.0	0.699584375
33.74	0.0	0.0	0.544796875
33.823	0.0	0.0	0.38653125000000005
33.908	0.0	0.0	0.223496875
33.995	0.0	0.0	0.05673500000000001
34.076	0.0	0.0	0.01594796875
34.159	0.0	0.0	-0.025819062500000003
34.245	0.0	0.0	-0.0688515625
34.332	0.0	0.0	-0.1128225
34.413	0.0	0.0	-0.13332812500000002
34.495	0.0	0.0	-0.154310625
34.581	0.0	0.0	-0.17594281250000005
34.668	0.0	0.0	-0.1980934375
34.749	0.0	0.0	-0.19281281250000004
34.832	0.0	0.0	-0.18740312500000003
34.917	0.0	0.0	-0.1818184375
35.005	0.0	0.0	-0.17610906250000002
35.086	0.0	0.0	-0.15303968750000002
35.168	0.0	0.0	-0.12941687500000001
35.254	0.0	0.0	-0.1050328125
35.341	0.0	0.0	-0.0800515625
35.422	0.0	0.0	-0.0540575
35.505	0.0	0.0	-0.0273721875
35.59	0.0	0.0	0.00022124375
35.678	0.0	0.0	0.028503125
35.759	0.0	0.0	0.0446096875
35.842	0.0	0.0	0.06112531250000001
35.927	0.0	0.0	0.0781790625
36.015	0.0	0.0	0.09563968750000001
36.095	0.0	0.0	0.0969521875
36.178	0.0	0.0	0.09829750000000001
36.263	0.0	0.0	0.09968875
36.351	0.0	0.0	0.10111937500000001
36.432	0.0	0.0	0.09133031250000001
36.514	0.0	0.0	0.08127000000000001
36.6	0.0	0.0	0.07085749999999999
36.688	0.0	0.0	0.0601846875
36.768	0.0	0.0	0.047263125
36.851	0.0	0.0	0.0339959375
36.936	0.0	0.0	0.020257125
37.024	0.0	0.0	0.0061497187500000015
37.104	0.0	0.0	-0.0030320937500000005
37.187	0.0	0.0	-0.0124831875
37.273	0.0	0.0	-0.02228625
37.361	0.0	0.0	-0.0323575
37.442	0.0	0.0	-0.0351815625
37.524	0.0	0.0	-0.038084375000000004
37.61	0.0	0.0	-0.04109218750000001
37.698	0.0	0.0	-0.04417875
37.778	0.0	0.0	-0.041908125000000004
37.86	0.0	0.0	-0.039571875000000006
37.946	0.0	0.0	-0.037145937500000004
38.034	0.0	0.0	-0.0346521875
38.114	0.0	0.0	-0.029636250000000006
38.197	0.0	0.0	-0.0244671875
38.283	0.0	0.0	-0.01909928125
38.371	0.0	0.0	-0.013584375000000001
38.451	0.0	0.0	-0.00744428125
38.533	0.0	0.0	-0.001123434375
38.619	0.0	0.0	0.005442937500000001
38.707	0.0	0.0	0.012201218750000001
38.787	0.0	0.0	0.017708031250000002
38.87	0.0	0.0	0.023390937500000004
38.956	0.0	0.0	0.0293059375
39.044	0.0	0.0	0.03539375
39.124	0.0	0.0	0.0375878125
39.207	0.0	0.0	0.0398496875
39.293	0.0	0.0	0.04219906250000001
39.381	0.0	0.0	0.04461625
39.461	0.0	0.0	0.04145093750000001
39.543	0.0	0.0	0.0381871875
39.629	0.0	0.0	0.0347878125
39.717	0.0	0.0	0.031283437500000004
39.797	0.0	0.0	0.023351562500000003
39.879	0.0	0.0	0.0151563125
39.965	0.0	0.0	0.006619375000000001
40.054	0.0	0.0	-0.002172296875
40.134	0.0	0.0	-0.011206562500000001
40.216	0.0	0.0	-0.020530781250000005
40.302	0.0	0.0	-0.030248750000000005
40.39	0.0	0.0	-0.0402740625
40.47	0.0	0.0	-0.04551750000000001
40.552	0.0	0.0	-0.05094250000000001
40.638	0.0	0.0	-0.056608125
40.727	0.0	0.0	-0.06245312500000001
40.807	0.0	0.0	-0.06051718750000001
40.889	0.0	0.0	-0.0585134375
40.975	0.0	0.0	-0.056426562500000006
41.064	0.0	0.0	-0.0542740625
41.143	0.0	0.0	-0.04551531250000001
41.226	0.0	0.0	-0.0364590625
41.311	0.0	0.0	-0.026995937500000004
41.4	0.0	0.0	-0.01721759375
41.48	0.0	0.0	-0.005724906250000001
41.562	0.0	0.0	0.00617946875
41.648	0.0	0.0	0.01861934375
41.737	0.0	0.0	0.0314584375
41.816	0.0	0.0	0.039773125
41.898	0.0	0.0	0.04837875
41.984	0.0	0.0	0.05737812500000001
42.073	0.0	0.0	0.06668375
42.152	0.0	0.0	0.06741
42.235	0.0	0.0	0.0681625
42.321	0.0	0.0	0.06894781250000001
42.41	0.0	0.0	0.06976156250000001
42.489	0.0	0.0	0.06234156250000001
42.571	0.0	0.0	0.05465468750000001
42.657	0.0	0.0	0.046609062500000006
42.746	0.0	0.0	0.03828125
42.825	0.0	0.0	0.0264096875
42.907	0.0	0.0	0.014078750000000001
42.994	0.0	0.0	0.0011480218750000001
43.083	0.0	0.0	-0.012238625000000001
43.162	0.0	0.0	-0.02256625
43.245	0.0	0.0	-0.03327843750000001
43.331	0.0	0.0	-0.044498125000000006
43.42	0.0	0.0	-0.056100625
43.499	0.0	0.0	-0.05970125
43.581	0.0	0.0	-0.0634396875
43.667	0.0	0.0	-0.067361875
43.756	0.0	0.0	-0.0714284375
43.835	0.0	0.0	-0.06679093750000001
43.917	0.0	0.0	-0.061967500000000016
44.004	0.0	0.0	-0.056905624999999994
44.093	0.0	0.0	-0.051664375
44.172	0.0	0.0	-0.04151656250000001
44.254	0.0	0.0	-0.030975000000000003
44.34	0.0	0.0	-0.019902968750000003
44.429	0.0	0.0	-0.008419906250000001
44.508	0.0	0.0	0.0018984000000000004
44.59	0.0	0.0	0.012643312500000002
44.676	0.0	0.0	0.02394875
44.766	0.0	0.0	0.035678125000000005
44.845	0.0	0.0	0.041105312500000005
44.927	0.0	0.0	0.0467490625
45.014	0.0	0.0	0.05267937500000001
45.103	0.0	0.0	0.05882625
45.182	0.0	0.0	0.0571878125
45.263	0.0	0.0	0.05548375000000001
45.35	0.0	0.0	0.05368781250000001
45.439	0.0	0.0	0.05182406250000001
45.518	0.0	0.0	0.044743125
45.6	0.0	0.0	0.0373625
45.686	0.0	0.0	0.0295903125
45.776	0.0	0.0	0.021523468750000004
45.855	0.0	0.0	0.013179031250000002
45.936	0.0	0.0	0.00448853125
46.022	0.0	0.0	-0.00466878125
46.112	0.0	0.0	-0.01418790625
46.191	0.0	0.0	-0.019588625000000002
46.272	0.0	0.0	-0.025228437500000003
46.359	0.0	0.0	-0.031180625000000003
46.449	0.0	0.0	-0.0373690625
46.528	0.0	0.0	-0.037727812500000006
46.61	0.0	0.0	-0.038101875
46.696	0.0	0.0	-0.038495625
46.786	0.0	0.0	-0.03890468750000001
46.864	0.0	0.0	-0.0350590625
46.946	0.0	0.0	-0.0310471875
47.032	0.0	0.0	-0.026810000000000004
47.122	0.0	0.0	-0.022397812500000003
47.2	0.0	0.0	-0.017158093750000002
47.282	0.0	0.0	-0.01168190625
47.369	0.0	0.0	-0.005896843750000001
47.459	0.0	0.0	0.00012010031250000002
47.537	0.0	0.0	0.0038104062500000004
47.619	0.0	0.0	0.007665
47.705	0.0	0.0	0.011740750000000001
47.795	0.0	0.0	0.015988000000000002
47.873	0.0	0.0	0.016747500000000002
47.955	0.0	0.0	0.017542437500000004
48.042	0.0	0.0	0.01838353125
48.132	0.0	0.0	0.01925896875
48.21	0.0	0.0	0.017659250000000005
48.292	0.0	0.0	0.015986906250000002
48.378	0.0	0.0	0.014216562500000004
48.468	0.0	0.0	0.012370750000000002
48.546	0.0	0.0	0.0101749375
48.628	0.0	0.0	0.00787325
48.715	0.0	0.0	0.00543309375
48.805	0.0	0.0	0.0028877187500000005
48.883	0.0	0.0	0.0016456125000000002
48.965	0.0	0.0	0.0003454281250000001
49.052	0.0	0.0	-0.001031384375
49.142	0.0	0.0	-0.0024659687500000003
49.22	0.0	0.0	-0.0025077500000000004
49.301	0.0	0.0	-0.00255128125
49.388	0.0	0.0	-0.0025976562500000006
49.478	0.0	0.0	-0.0026460000000000003
49.556	0.0	0.0	-0.0028581875000000005
49.638	0.0	0.0	-0.00308109375
49.724	0.0	0.0	-0.0033173437500000004
49.815	0.0	0.0	-0.0035640937500000004
49.893	0.0	0.0	-0.0035818125
49.974	0.0	0.0	-0.0036001875000000005
50.061	0.0	0.0	-0.0036198750000000003
50.151	0.0	0.0	-0.00364021875
50.229	0.0	0.0	-0.0025116875
50.31	0.0	0.0	-0.0013256250000000002
50.397	0.0	0.0	-6.405000000000001e-05
50.488	0.0	0.0	0.0012548156250000002
50.566	0.0	0.0	0.0030725625000000006
50.648	0.0	0.0	0.00498071875
50.734	0.0	0.0	0.007007437500000001
50.825	0.0	0.0	0.00912428125
50.902	0.0	0.0	0.010359343750000001
50.984	0.0	0.0	0.011656531250000001
51.07	0.0	0.0	0.0130375
51.161	0.0	0.0	0.014483218750000002
51.239	0.0	0.0	0.014038937500000001
51.32	0.0	0.0	0.013571468750000001
51.407	0.0	0.0	0.013073593750000003
51.498	0.0	0.0	0.0125531875
51.575	0.0	0.0	0.010325437500000001
51.657	0.0	0.0	0.00798371875
51.743	0.0	0.0	0.005489093750000001
51.834	0.0	0.0	0.002876125
51.911	0.0	0.0	-8.1283125e-05
51.993	0.0	0.0	-0.0031979062500000002
52.08	0.0	0.0	-0.006523562500000001
52.171	0.0	0.0	-0.01000803125
52.249	0.0	0.0	-0.01206909375
52.33	0.0	0.0	-0.014238437500000003
52.417	0.0	0.0	-0.0165501875
52.508	0.0	0.0	-0.01897
52.585	0.0	0.0	-0.018911812500000003
52.666	0.0	0.0	-0.01885078125
52.753	0.0	0.0	-0.018785593750000003
52.844	0.0	0.0	-0.018716906250000002
52.921	0.0	0.0	-0.01648346875
53.003	0.0	0.0	-0.014126875
53.09	0.0	0.0	-0.0116099375
53.181	0.0	0.0	-0.008972250000000001
53.258	0.0	0.0	-0.005713968750000001
53.339	0.0	0.0	-0.00227959375
53.426	0.0	0.0	0.0013908343750000003
53.517	0.0	0.0	0.00524365625
53.594	0.0	0.0	0.0078465625
53.675	0.0	0.0	0.010597125
53.763	0.0	0.0	0.013541500000000001
53.854	0.0	0.0	0.0166333125
53.931	0.0	0.0	0.01728584375
54.013	0.0	0.0	0.017974468750000003
54.1	0.0	0.0	0.018710562500000003
54.191	0.0	0.0	0.019482968750000003
54.268	0.0	0.0	0.017965281250000003
54.349	0.0	0.0	0.016362062500000003
54.436	0.0	0.0	0.014644437500000003
54.527	0.0	0.0	0.01283865625
54.604	0.0	0.0	0.010039312500000001
54.685	0.0	0.0	0.0070776562500000015
54.772	0.0	0.0	0.00390446875
54.864	0.0	0.0	0.0005719218750000001
54.941	0.0	0.0	-0.00204141875
55.022	0.0	0.0	-0.004803968750000001
55.109	0.0	0.0	-0.007766937500000001
55.2	0.0	0.0	-0.010884562500000002
55.277	0.0	0.0	-0.012094031250000001
55.358	0.0	0.0	-0.01337503125
55.445	0.0	0.0	-0.0147494375
55.537	0.0	0.0	-0.0161940625
55.614	0.0	0.0	-0.015568000000000002
55.695	0.0	0.0	-0.014905406250000003
55.781	0.0	0.0	-0.01419403125
55.873	0.0	0.0	-0.013445031250000001
55.95	0.0	0.0	-0.011465125000000001
56.031	0.0	0.0	-0.0093646875
56.118	0.0	0.0	-0.007105875
56.21	0.0	0.0	-0.0047271875000000005
56.287	0.0	0.0	-0.00243053125
56.368	0.0	0.0	2.638125e-06
56.455	0.0	0.0	0.0026158125
56.547	0.0	0.0	0.005365281250000001
56.623	0.0	0.0	0.0068954375000000005
56.704	0.0	0.0	0.008518125000000001
56.791	0.0	0.0	0.010264625000000001
56.883	0.0	0.0	0.012106281250000002
56.959	0.0	0.0	0.012254812500000002
57.041	0.0	0.0	0.01241253125
57.128	0.0	0.0	0.0125825
57.22	0.0	0.0	0.01276121875
57.296	0.0	0.0	0.011551312499999999
57.377	0.0	0.0	0.01026725
57.464	0.0	0.0	0.00888453125
57.556	0.0	0.0	0.007425250000000001
57.632	0.0	0.0	0.00547290625
57.713	0.0	0.0	0.0033956562500000002
57.801	0.0	0.0	0.001154803125
57.893	0.0	0.0	-0.0012103
57.969	0.0	0.0	-0.0029815625000000003
58.05	0.0	0.0	-0.004863468750000001
58.138	0.0	0.0	-0.006891062500000001
58.23	0.0	0.0	-0.00902890625
58.306	0.0	0.0	-0.00977878125
58.387	0.0	0.0	-0.010576125
58.474	0.0	0.0	-0.011437125000000003
58.566	0.0	0.0	-0.012347125000000002
58.642	0.0	0.0	-0.011737906250000001
58.723	0.0	0.0	-0.011089312500000002
58.811	0.0	0.0	-0.010388875
58.903	0.0	0.0	-0.00964928125
58.979	0.0	0.0	-0.008003843750000001
59.06	0.0	0.0	-0.006252750000000001
59.147	0.0	0.0	-0.00436078125
59.239	0.0	0.0	-0.0023603125000000004
59.315	0.0	0.0	-0.0005150468750000001
59.396	0.0	0.0	0.001453396875
59.483	0.0	0.0	0.0035837812500000006
59.576	0.0	0.0	0.005837125
59.652	0.0	0.0	0.006955375
59.733	0.0	0.0	0.008146687500000001
59.821	0.0	0.0	0.009434468750000001
59.913	0.0	0.0	0.010795093750000002
59.989	0.0	0.0	0.010664281250000001
60.069	0.0	0.0	0.010524937500000001
60.157	0.0	0.0	0.010373781250000002
60.249	0.0	0.0	0.010213656250000001
60.325	0.0	0.0	0.00900309375
60.406	0.0	0.0	0.007710281250000001
60.493	0.0	0.0	0.006309625000000001
60.586	0.0	0.0	0.00482803125
60.661	0.0	0.0	0.00326965625
60.742	0.0	0.0	0.0016066312500000004
60.829	0.0	0.0	-0.00019675250000000002
60.922	0.0	0.0	-0.002108159375
60.998	0.0	0.0	-0.00318171875
61.078	0.0	0.0	-0.0043295
61.166	0.0	0.0	-0.005574625000000001
61.259	0.0	0.0	-0.006893031250000001
61.334	0.0	0.0	-0.007019031250000001
61.415	0.0	0.0	-0.00715378125
61.502	0.0	0.0	-0.0072996875000000015
61.595	0.0	0.0	-0.0074547812500000005
61.67	0.0	0.0	-0.006781250000000001
61.751	0.0	0.0	-0.00606003125
61.839	0.0	0.0	-0.005275812500000001
61.932	0.0	0.0	-0.00444390625
62.008	0.0	0.0	-0.00352559375
62.088	0.0	0.0	-0.00254340625
62.176	0.0	0.0	-0.001476978125
62.269	0.0	0.0	-0.00034676250000000003
62.344	0.0	0.0	0.0003024875
62.425	0.0	0.0	0.000997565625
62.512	0.0	0.0	0.0017539375000000003
62.605	0.0	0.0	0.00255740625
62.68	0.0	0.0	0.00284921875
62.761	0.0	0.0	0.00316225
62.849	0.0	0.0	0.00350284375
62.942	0.0	0.0	0.003864
63.017	0.0	0.0	0.0038933125000000005
63.097	0.0	0.0	0.003924593750000001
63.185	0.0	0.0	0.0039585
63.278	0.0	0.0	0.0039948125
63.353	0.0	0.0	0.00356496875
63.434	0.0	0.0	0.0031036250000000005
63.522	0.0	0.0	0.0026000625000000004
63.615	0.0	0.0	0.002065021875
63.69	0.0	0.0	0.0010188500000000002
63.771	0.0	0.0	-0.00010332000000000001
63.859	0.0	0.0	-0.001325734375
63.952	0.0	0.0	-0.00262390625
64.027	0.0	0.0	-0.003889375
64.107	0.0	0.0	-0.00524825
64.195	0.0	0.0	-0.006731593750000001
64.288	0.0	0.0	-0.00831075
64.363	0.0	0.0	-0.00896765625
64.444	0.0	0.0	-0.009674
64.531	0.0	0.0	-0.010445312500000001
64.625	0.0	0.0	-0.011265187500000001
64.7	0.0	0.0	-0.010588593750000002
64.78	0.0	0.0	-0.0098616875
64.868	0.0	0.0	-0.009067406250000002
64.961	0.0	0.0	-0.008221500000000001
65.036	0.0	0.0	-0.0061910625
65.116	0.0	0.0	-0.004004000000000001
65.204	0.0	0.0	-0.0016107656250000002
65.298	0.0	0.0	0.0009387875000000001
65.373	0.0	0.0	0.0034376562499999997
65.453	0.0	0.0	0.006125875
65.541	0.0	0.0	0.0090636875
65.635	0.0	0.0	0.012190062500000001
65.709	0.0	0.0	0.013737937499999998
65.79	0.0	0.0	0.015404375
65.877	0.0	0.0	0.017229625000000002
65.971	0.0	0.0	0.0191769375
66.046	0.0	0.0	0.018678625
66.126	0.0	0.0	0.018141156250000002
66.214	0.0	0.0	0.017552500000000002
66.308	0.0	0.0	0.01692534375
66.382	0.0	0.0	0.01432090625
66.462	0.0	0.0	0.011514343750000001
66.55	0.0	0.0	0.0084385
66.644	0.0	0.0	0.005155500000000001
66.718	0.0	0.0	0.0016016000000000001
66.799	0.0	0.0	-0.00223759375
66.887	0.0	0.0	-0.00645203125
66.981	0.0	0.0	-0.010951281250000002
67.056	0.0	0.0	-0.013616093750000002
67.136	0.0	0.0	-0.016491125
67.224	0.0	0.0	-0.01964309375
67.318	0.0	0.0	-0.023003750000000003
67.392	0.0	0.0	-0.0232575
67.472	0.0	0.0	-0.023528750000000005
67.56	0.0	0.0	-0.0238284375
67.654	0.0	0.0	-0.02415
67.728	0.0	0.0	-0.021705687500000004
67.809	0.0	0.0	-0.019063187500000002
67.897	0.0	0.0	-0.0161595
67.991	0.0	0.0	-0.013059375000000002
68.065	0.0	0.0	-0.009094531250000001
68.145	0.0	0.0	-0.004809
68.233	0.0	0.0	-9.539250000000002e-05
68.327	0.0	0.0	0.00494703125
68.401	0.0	0.0	0.00843128125
68.481	0.0	0.0	0.0122045
68.57	0.0	0.0	0.01635615625
68.664	0.0	0.0	0.020792625
68.738	0.0	0.0	0.021999687500000004
68.818	0.0	0.0	0.023307812500000004
68.906	0.0	0.0	0.024745000000000003
69.0	0.0	0.0	0.026285000000000003
69.074	0.0	0.0	0.02464875
69.154	0.0	0.0	0.0228746875
69.242	0.0	0.0	0.0209173125
69.337	0.0	0.0	0.018821906250000003
69.411	0.0	0.0	0.01525278125
69.491	0.0	0.0	0.011386812500000001
69.58	0.0	0.0	0.0071290625
69.674	0.0	0.0	0.0025749062500000004
69.748	0.0	0.0	-0.0010166843750000001
69.827	0.0	0.0	-0.004911156250000001
69.916	0.0	0.0	-0.009209593750000002
70.01	0.0	0.0	-0.01381821875
70.084	0.0	0.0	-0.015673218750000002
70.164	0.0	0.0	-0.0176876875
70.252	0.0	0.0	-0.019911500000000006
70.347	0.0	0.0	-0.022292812500000002
70.421	0.0	0.0	-0.021651218750000006
70.5	0.0	0.0	-0.020955156250000002
70.588	0.0	0.0	-0.020186468750000002
70.683	0.0	0.0	-0.01936178125
70.757	0.0	0.0	-0.01682515625
70.837	0.0	0.0	-0.014065406250000002
70.925	0.0	0.0	-0.011012312500000001
71.02	0.0	0.0	-0.007736968750000002
71.094	0.0	0.0	-0.00478909375
71.174	0.0	0.0	-0.0015867906250000004
71.262	0.0	0.0	0.00195146875
71.357	0.0	0.0	0.0057437187500000006
71.43	0.0	0.0	0.007586687500000001
71.51	0.0	0.0	0.009590875
71.598	0.0	0.0	0.011810093750000002
71.693	0.0	0.0	0.01419425
71.766	0.0	0.0	0.01425090625
71.846	0.0	0.0	0.014312375
71.935	0.0	0.0	0.014380406250000002
72.03	0.0	0.0	0.014453468750000002
72.103	0.0	0.0	0.013065937500000001
72.183	0.0	0.0	0.011555687500000002
72.271	0.0	0.0	0.00988225
72.366	0.0	0.0	0.008083468750000001
72.439	0.0	0.0	0.006269375000000001
72.519	0.0	0.0	0.0042899062499999994
72.608	0.0	0.0	0.0020931093750000004
72.703	0.0	0.0	-0.000268646875
72.776	0.0	0.0	-0.001516746875
72.856	0.0	0.0	-0.0028765625000000006
72.945	0.0	0.0	-0.00438396875
73.04	0.0	0.0	-0.006002937500000001
73.113	0.0	0.0	-0.00625778125
73.192	0.0	0.0	-0.006535812500000001
73.281	0.0	0.0	-0.0068446875
73.376	0.0	0.0	-0.0071771875
73.449	0.0	0.0	-0.006679531250000001
73.529	0.0	0.0	-0.0061357187500000005
73.618	0.0	0.0	-0.005531750000000001
73.713	0.0	0.0	-0.0048825
73.786	0.0	0.0	-0.0041184062500000005
73.865	0.0	0.0	-0.0032843125000000003
73.954	0.0	0.0	-0.00235659375
74.049	0.0	0.0	-0.00135734375
74.122	0.0	0.0	-0.0005822031250000001
74.202	0.0	0.0	0.000265628125
74.29	0.0	0.0	0.00120876875
74.386	0.0	0.0	0.0022238125
74.459	0.0	0.0	0.0029093750000000005
74.538	0.0	0.0	0.0036585937500000004
74.627	0.0	0.0	0.0044926875
74.722	0.0	0.0	0.00539175
74.795	0.0	0.0	0.00567415625
74.874	0.0	0.0	0.0059836875
74.963	0.0	0.0	0.006328656250000001
75.059	0.0	0.0	0.006700531250000001
75.132	0.0	0.0	0.006201125
75.212	0.0	0.0	0.005654687500000001
75.3	0.0	0.0	0.005046125000000001
75.396	0.0	0.0	0.0043907500000000006
75.468	0.0	0.0	0.0031305312500000005
75.548	0.0	0.0	0.0017501531249999999
75.636	0.0	0.0	0.00020968718750000002
75.732	0.0	0.0	-0.0014534625000000002
75.805	0.0	0.0	-0.0029113437500000003
75.884	0.0	0.0	-0.004510625
75.973	0.0	0.0	-0.0062954062500000015
76.069	0.0	0.0	-0.00821996875
76.141	0.0	0.0	-0.00901578125
76.221	0.0	0.0	-0.009888156250000002
76.309	0.0	0.0	-0.01086246875
76.405	0.0	0.0	-0.01191465625
76.477	0.0	0.0	-0.011441718750000001
76.557	0.0	0.0	-0.010921968750000002
76.646	0.0	0.0	-0.010340531250000002
76.742	0.0	0.0	-0.0097125
76.815	0.0	0.0	-0.008030312500000001
76.894	0.0	0.0	-0.006184500000000001
76.983	0.0	0.0	-0.0041225625
77.079	0.0	0.0	-0.001897175
77.151	0.0	0.0	0.00019451250000000002
77.23	0.0	0.0	0.0024924375000000003
77.319	0.0	0.0	0.00506515625
77.415	0.0	0.0	0.00784853125
77.487	0.0	0.0	0.0092614375
77.567	0.0	0.0	0.010816312500000001
77.656	0.0	0.0	0.012556906250000001
77.752	0.0	0.0	0.014437500000000002
77.824	0.0	0.0	0.0143605
77.903	0.0	0.0	0.01427584375
77.992	0.0	0.0	0.014181125000000001
78.088	0.0	0.0	0.014078531250000002
78.16	0.0	0.0	0.012475312500000002
78.239	0.0	0.0	0.010708468750000002
78.329	0.0	0.0	0.00872571875
78.425	0.0	0.0	0.006579343750000001
78.497	0.0	0.0	0.004221875000000001
78.577	0.0	0.0	0.0016269093750000002
78.666	0.0	0.0	-0.0012811093750000001
78.762	0.0	0.0	-0.0044261875000000004
78.834	0.0	0.0	-0.006331062500000001
78.913	0.0	0.0	-0.008430187500000002
79.002	0.0	0.0	-0.010788093750000002
79.098	0.0	0.0	-0.01334396875
79.17	0.0	0.0	-0.01384709375
79.249	0.0	0.0	-0.014402499999999999
79.338	0.0	0.0	-0.015026375000000002
79.435	0.0	0.0	-0.015701875
79.507	0.0	0.0	-0.014566125000000003
79.586	0.0	0.0	-0.01331378125
79.675	0.0	0.0	-0.011906125000000002
79.771	0.0	0.0	-0.010379250000000001
79.843	0.0	0.0	-0.008205968750000002
79.922	0.0	0.0	-0.00580321875
80.011	0.0	0.0	-0.0030983750000000004
80.108	0.0	0.0	-0.00016448468750000002
80.18	0.0	0.0	0.0019477937500000004
80.259	0.0	0.0	0.00427984375
80.348	0.0	0.0	0.006901562500000001
80.445	0.0	0.0	0.00974290625
80.516	0.0	0.0	0.010755500000000001
80.595	0.0	0.0	0.011874625
80.684	0.0	0.0	0.01313571875
80.781	0.0	0.0	0.014505531250000002
80.853	0.0	0.0	0.013994750000000002
80.932	0.0	0.0	0.013429281250000001
81.021	0.0	0.0	0.01279228125
81.118	0.0	0.0	0.01210103125
81.189	0.0	0.0	0.01040615625
81.268	0.0	0.0	0.00853103125
81.357	0.0	0.0	0.006415937500000001
81.454	0.0	0.0	0.004116875
81.525	0.0	0.0	0.0021230781250000004
81.605	0.0	0.0	-8.69946875e-05
81.694	0.0	0.0	-0.0025805937500000004
81.791	0.0	0.0	-0.0052880625
81.862	0.0	0.0	-0.006601875000000001
81.941	0.0	0.0	-0.008056562500000001
82.03	0.0	0.0	-0.009699375000000001
82.127	0.0	0.0	-0.011486125
82.198	0.0	0.0	-0.011553281250000002
82.277	0.0	0.0	-0.011627656250000002
82.367	0.0	0.0	-0.011711875000000002
82.464	0.0	0.0	-0.01180353125
82.535	0.0	0.0	-0.01068921875
82.615	0.0	0.0	-0.009453937499999999
82.704	0.0	0.0	-0.008058750000000002
82.801	0.0	0.0	-0.006542593750000001
82.872	0.0	0.0	-0.0048864375
82.951	0.0	0.0	-0.0030480625000000004
83.04	0.0	0.0	-0.0009672031250000001
83.137	0.0	0.0	0.0012994625000000003
83.208	0.0	0.0	0.0026748750000000006
83.287	0.0	0.0	0.00420415625
83.377	0.0	0.0	0.005935125
83.474	0.0	0.0	0.007818125
83.545	0.0	0.0	0.00828603125
83.624	0.0	0.0	0.008806
83.713	0.0	0.0	0.009394875
83.81	0.0	0.0	0.010036687499999999
83.881	0.0	0.0	0.009471875
83.96	0.0	0.0	0.008842750000000002
84.049	0.0	0.0	0.008129187500000001
84.147	0.0	0.0	0.0073515312499999996
84.218	0.0	0.0	0.0061269687500000005
84.297	0.0	0.0	0.00476525
84.387	0.0	0.0	0.0032224062500000004
84.484	0.0	0.0	0.0015425156250000003
84.555	0.0	0.0	0.00032053437500000005
84.633	0.0	0.0	-0.00104015625
84.723	0.0	0.0	-0.00258540625
84.82	0.0	0.0	-0.004271968750000001
84.891	0.0	0.0	-0.004922531250000001
84.97	0.0	0.0	-0.005648125000000001
85.059	0.0	0.0	-0.0064721562500000005
85.157	0.0	0.0	-0.007370125
85.228	0.0	0.0	-0.0072154687500000005
85.306	0.0	0.0	-0.0070428750000000005
85.395	0.0	0.0	-0.0068468750000000005
85.493	0.0	0.0	-0.006632937500000001
85.564	0.0	0.0	-0.005863593750000002
85.642	0.0	0.0	-0.005004125000000001
85.732	0.0	0.0	-0.004025875
85.83	0.0	0.0	-0.0029575
85.901	0.0	0.0	-0.00203175
85.98	0.0	0.0	-0.000998878125
86.069	0.0	0.0	0.00017517718750000003
86.167	0.0	0.0	0.0014560875
86.237	0.0	0.0	0.002066946875
86.316	0.0	0.0	0.0027492500000000004
86.405	0.0	0.0	0.0035266875000000007
86.503	0.0	0.0	0.00437675
86.573	0.0	0.0	0.00444653125
86.652	0.0	0.0	0.004524625
86.742	0.0	0.0	0.0046136562500000014
86.84	0.0	0.0	0.004710781250000001
86.91	0.0	0.0	0.0043194375
86.989	0.0	0.0	0.00388171875
87.078	0.0	0.0	0.0033825312500000006
87.176	0.0	0.0	0.0028365312500000005
87.246	0.0	0.0	0.0022787187500000004
87.325	0.0	0.0	0.00165396875
87.415	0.0	0.0	0.0009413250000000001
87.513	0.0	0.0	0.0001623146875
87.583	0.0	0.0	-0.00024622500000000004
87.661	0.0	0.0	-0.0007034562500000001
87.751	0.0	0.0	-0.0012254375000000002
87.849	0.0	0.0	-0.0017969874999999998
87.919	0.0	0.0	-0.0018993625000000003
87.998	0.0	0.0	-0.00201420625
88.088	0.0	0.0	-0.0021455218750000005
88.186	0.0	0.0	-0.0022894375
88.256	0.0	0.0	-0.002133490625
88.335	0.0	0.0	-0.0019588625
88.425	0.0	0.0	-0.0017594937500000005
88.523	0.0	0.0	-0.0015413562499999999
88.593	0.0	0.0	-0.0013078843750000003
88.671	0.0	0.0	-0.00104593125
88.761	0.0	0.0	-0.00074615625
88.859	0.0	0.0	-0.00041741875000000006
88.929	0.0	0.0	-0.00027103125
89.008	0.0	0.0	-0.00010653999999999999
89.097	0.0	0.0	8.168781250000001e-05
89.196	0.0	0.0	0.00028783125000000003
89.266	0.0	0.0	0.00031180625
89.344	0.0	0.0	0.000338690625
89.434	0.0	0.0	0.00036951250000000007
89.532	0.0	0.0	0.000403309375
89.602	0.0	0.0	0.00042006562500000006
89.68	0.0	0.0	0.0004389218750000001
89.77	0.0	0.0	0.00046055625
89.869	0.0	0.0	0.00048429062500000006
89.939	0.0	0.0	0.00048225625
90.017	0.0	0.0	0.00048000312500000005
90.107	0.0	0.0	0.00047740000000000006
90.206	0.0	0.0	0.000474534375
90.275	0.0	0.0	0.00035706562500000005
90.354	0.0	0.0	0.00022483125
90.443	0.0	0.0	7.301875000000001e-05
90.542	0.0	0.0	-9.378906250000001e-05
90.612	0.0	0.0	-0.00029465625000000005
90.69	0.0	0.0	-0.0005210625
90.78	0.0	0.0	-0.00078098125
90.879	0.0	0.0	-0.0010662312500000003
90.948	0.0	0.0	-0.0012202093750000001
91.027	0.0	0.0	-0.0013936562500000001
91.116	0.0	0.0	-0.0015929375000000002
91.215	0.0	0.0	-0.0018120156250000003
91.284	0.0	0.0	-0.001786946875
91.363	0.0	0.0	-0.001758640625
91.453	0.0	0.0	-0.0017260906250000003
91.552	0.0	0.0	-0.0016902812500000002
91.622	0.0	0.0	-0.0014449531250000003
91.7	0.0	0.0	-0.001168321875
91.79	0.0	0.0	-0.0008504125000000001
91.889	0.0	0.0	-0.0005012437500000001
91.958	0.0	0.0	-0.0001316590625
92.036	0.0	0.0	0.00028562187500000004
92.126	0.0	0.0	0.0007663250000000001
92.225	0.0	0.0	0.00129548125
92.294	0.0	0.0	0.001601884375
92.373	0.0	0.0	0.0019483406250000001
92.463	0.0	0.0	0.0023474062500000005
92.562	0.0	0.0	0.00278621875
92.631	0.0	0.0	0.00284003125
92.709	0.0	0.0	0.0029008437500000006
92.799	0.0	0.0	0.0029708437500000004
92.898	0.0	0.0	0.0030480625000000004
92.967	0.0	0.0	0.0027720000000000006
93.045	0.0	0.0	0.0024594062500000002
93.136	0.0	0.0	0.0020983375
93.235	0.0	0.0	0.0017007156250000003
93.304	0.0	0.0	0.0011873312499999999
93.382	0.0	0.0	0.00060659375
93.473	0.0	0.0	-6.294750000000001e-05
93.572	0.0	0.0	-0.00079975
93.641	0.0	0.0	-0.0013060031250000004
93.719	0.0	0.0	-0.0018794343750000004
93.809	0.0	0.0	-0.00254209375
93.908	0.0	0.0	-0.00327315625
93.977	0.0	0.0	-0.0035010937500000007
94.055	0.0	0.0	-0.00375965625
94.145	0.0	0.0	-0.00405825
94.245	0.0	0.0	-0.004387468750000001
94.314	0.0	0.0	-0.004173968750000001
94.392	0.0	0.0	-0.003932031250000001
94.482	0.0	0.0	-0.0036520312500000003
94.581	0.0	0.0	-0.0033429375000000004
94.65	0.0	0.0	-0.0027433437500000006
94.728	0.0	0.0	-0.00206233125
94.818	0.0	0.0	-0.0012742843750000001
94.918	0.0	0.0	-0.00040545312500000005
94.987	0.0	0.0	0.000304478125
95.064	0.0	0.0	0.0011102218750000002
95.154	0.0	0.0	0.00204334375
95.254	0.0	0.0	0.0030738750000000002
95.323	0.0	0.0	0.00353128125
95.401	0.0	0.0	0.0040516875
95.491	0.0	0.0	0.004655437500000001
95.591	0.0	0.0	0.0053221875000000005
95.66	0.0	0.0	0.005261156250000001
95.738	0.0	0.0	0.005191812500000001
95.828	0.0	0.0	0.0051113125
95.928	0.0	0.0	0.00502271875
95.996	0.0	0.0	0.0044375625000000005
96.074	0.0	0.0	0.0037716875000000003
96.164	0.0	0.0	0.0029986250000000004
96.264	0.0	0.0	0.0021436187500000004
96.332	0.0	0.0	0.0013036624999999999
96.41	0.0	0.0	0.000346521875
96.501	0.0	0.0	-0.0007644875000000001
96.601	0.0	0.0	-0.001991675
96.669	0.0	0.0	-0.00265978125
96.747	0.0	0.0	-0.003420593750000001
96.837	0.0	0.0	-0.00430434375
96.937	0.0	0.0	-0.005282156250000001
97.005	0.0	0.0	-0.005432
97.083	0.0	0.0	-0.0056030625
97.174	0.0	0.0	-0.005802125000000001
97.274	0.0	0.0	-0.00602240625
97.342	0.0	0.0	-0.005567843750000001
97.42	0.0	0.0	-0.0050498437500000005
97.511	0.0	0.0	-0.00444784375
97.611	0.0	0.0	-0.00378240625
97.679	0.0	0.0	-0.0029614375
97.757	0.0	0.0	-0.0020240937500000003
97.847	0.0	0.0	-0.0009324656250000002
97.947	0.0	0.0	0.000277134375
98.015	0.0	0.0	0.0010476375
98.093	0.0	0.0	0.0019285000000000003
98.184	0.0	0.0	0.0029542187500000002
98.284	0.0	0.0	0.00408953125
98.352	0.0	0.0	0.00442225
98.429	0.0	0.0	0.004802218750000001
98.52	0.0	0.0	0.005245187500000001
98.62	0.0	0.0	0.005736500000000001
98.688	0.0	0.0	0.005493250000000001
98.766	0.0	0.0	0.0052145625000000004
98.856	0.0	0.0	0.0048892812499999995
98.957	0.0	0.0	0.004528781250000001
99.025	0.0	0.0	0.0038718750000000003
99.103	0.0	0.0	0.00312046875
99.194	0.0	0.0	0.002244375
99.294	0.0	0.0	0.0012743062500000003
99.362	0.0	0.0	0.0005721843749999999
99.439	0.0	0.0	-0.00023191875000000005
99.53	0.0	0.0	-0.00117149375
99.63	0.0	0.0	-0.0022146250000000004
99.698	0.0	0.0	-0.0026177812500000003
99.776	0.0	0.0	-0.0030800000000000003
99.866	0.0	0.0	-0.0036200937500000005
99.967	0.0	0.0	-0.0042188125
100.035	0.0	0.0	-0.004167406250000001
100.112	0.0	0.0	-0.00410834375
100.202	0.0	0.0	-0.0040394375000000005
100.303	0.0	0.0	-0.00396265625
100.371	0.0	0.0	-0.0035553437500000003
100.448	0.0	0.0	-0.0030876562500000006
100.539	0.0	0.0	-0.00254034375
100.64	0.0	0.0	-0.0019329843750000002
100.707	0.0	0.0	-0.001428240625
100.785	0.0	0.0	-0.0008489906250000001
100.875	0.0	0.0	-0.0001707125
100.976	0.0	0.0	0.0005831875
101.043	0.0	0.0	0.0009360093750000001
101.121	0.0	0.0	0.00134203125
101.212	0.0	0.0	0.001818053125
101.313	0.0	0.0	0.0023471875
101.381	0.0	0.0	0.002428125
101.458	0.0	0.0	0.0025210937500000003
101.549	0.0	0.0	0.0026298125
101.65	0.0	0.0	0.0027505625000000004
101.717	0.0	0.0	0.0025834375000000002
101.794	0.0	0.0	0.00239115625
101.885	0.0	0.0	0.0021653625000000003
101.986	0.0	0.0	0.0019140625000000002
102.053	0.0	0.0	0.0015922593750000002
102.131	0.0	0.0	0.0012214343750000002
102.222	0.0	0.0	0.0007862750000000001
102.323	0.0	0.0	0.0003024875
102.39	0.0	0.0	-6.1989375e-05
102.467	0.0	0.0	-0.00048166562500000004
102.558	0.0	0.0	-0.0009746625000000001
102.659	0.0	0.0	-0.0015236593750000001
102.726	0.0	0.0	-0.0017946906250000001
102.803	0.0	0.0	-0.0021076125
102.895	0.0	0.0	-0.00247559375
102.996	0.0	0.0	-0.00288553125
103.063	0.0	0.0	-0.0029093750000000005
103.141	0.0	0.0	-0.0029369375000000003
103.232	0.0	0.0	-0.0029693125
103.333	0.0	0.0	-0.0030051875
103.4	0.0	0.0	-0.0027033125000000004
103.477	0.0	0.0	-0.0023546250000000004
103.568	0.0	0.0	-0.00194420625
103.669	0.0	0.0	-0.0014864062499999999
103.736	0.0	0.0	-0.0009463562500000002
103.813	0.0	0.0	-0.000322
103.904	0.0	0.0	0.000413109375
104.006	0.0	0.0	0.001231890625
104.073	0.0	0.0	0.0017492125000000002
104.15	0.0	0.0	0.00234696875
104.241	0.0	0.0	0.0030513437500000002
104.342	0.0	0.0	0.0038370937500000002
104.409	0.0	0.0	0.00403221875
104.486	0.0	0.0	0.0042579687500000005
104.577	0.0	0.0	0.004524625
104.679	0.0	0.0	0.004821906250000001
104.746	0.0	0.0	0.00453096875
104.823	0.0	0.0	0.0041943125
104.914	0.0	0.0	0.0037977187500000003
105.016	0.0	0.0	0.0033556250000000005
105.082	0.0	0.0	0.00268078125
105.159	0.0	0.0	0.0018993625000000003
105.25	0.0	0.0	0.0009760843750000001
105.352	0.0	0.0	-5.55209375e-05
105.419	0.0	0.0	-0.0007880468750000001
105.496	0.0	0.0	-0.0016377812500000003
105.587	0.0	0.0	-0.0026414062500000005
105.689	0.0	0.0	-0.0037616249999999998
105.755	0.0	0.0	-0.004159312500000001
105.832	0.0	0.0	-0.004620656250000001
105.923	0.0	0.0	-0.005165781250000001
106.025	0.0	0.0	-0.005775437500000001
106.091	0.0	0.0	-0.005613125000000001
106.169	0.0	0.0	-0.00542478125
106.26	0.0	0.0	-0.0052014375
106.362	0.0	0.0	-0.004952062500000001
106.429	0.0	0.0	-0.0042980000000000015
106.506	0.0	0.0	-0.0035389375000000004
106.597	0.0	0.0	-0.0026414062500000005
106.699	0.0	0.0	-0.001638984375
106.765	0.0	0.0	-0.000835209375
106.842	0.0	0.0	9.895156250000001e-05
106.933	0.0	0.0	0.001206209375
107.035	0.0	0.0	0.0024456250000000003
107.101	0.0	0.0	0.00299096875
107.178	0.0	0.0	0.00362578125
107.27	0.0	0.0	0.004377843750000001
107.372	0.0	0.0	0.00521871875
107.438	0.0	0.0	0.005238625000000001
107.515	0.0	0.0	0.00526203125
107.606	0.0	0.0	0.005289593750000001
107.708	0.0	0.0	0.0053204375000000005
107.774	0.0	0.0	0.004839843750000001
107.851	0.0	0.0	0.00427984375
107.943	0.0	0.0	0.0036150625
108.045	0.0	0.0	0.00287153125
108.111	0.0	0.0	0.0021738718750000004
108.188	0.0	0.0	0.0013614125000000002
108.279	0.0	0.0	0.000396375
108.381	0.0	0.0	-0.0006851031250000001
108.447	0.0	0.0	-0.001233946875
108.524	0.0	0.0	-0.001874928125
108.615	0.0	0.0	-0.0026372500000000007
108.718	0.0	0.0	-0.00349146875
108.784	0.0	0.0	-0.0036426250000000005
108.861	0.0	0.0	-0.0038187187500000005
108.953	0.0	0.0	-0.004027843750000001
109.055	0.0	0.0	-0.004262125
109.121	0.0	0.0	-0.004004000000000001
109.197	0.0	0.0	-0.00370234375
109.289	0.0	0.0	-0.00334315625
109.391	0.0	0.0	-0.00294021875
109.457	0.0	0.0	-0.0024688125000000005
109.534	0.0	0.0	-0.001917475
109.625	0.0	0.0	-0.0012611812500000002
109.728	0.0	0.0	-0.000525590625
109.794	0.0	0.0	-0.00010793781250000001
109.87	0.0	0.0	0.00038016562500000007
109.961	0.0	0.0	0.0009618218750000002
110.064	0.0	0.0	0.00161485625
110.13	0.0	0.0	0.001799590625
110.206	0.0	0.0	0.002016065625
110.298	0.0	0.0	0.00227434375
110.401	0.0	0.0	0.0025644062500000007
110.467	0.0	0.0	0.00248915625
110.544	0.0	0.0	0.00240121875
110.635	0.0	0.0	0.0022962187500000005
110.738	0.0	0.0	0.00217870625
110.803	0.0	0.0	0.001936790625
110.88	0.0	0.0	0.0016533125
110.971	0.0	0.0	0.0013146875
111.074	0.0	0.0	0.0009339312500000001
111.139	0.0	0.0	0.0006466031250000001
111.216	0.0	0.0	0.00030940000000000004
111.308	0.0	0.0	-9.330781250000001e-05
111.411	0.0	0.0	-0.00054551875
111.476	0.0	0.0	-0.000774221875
111.553	0.0	0.0	-0.001042409375
111.644	0.0	0.0	-0.001363053125
111.747	0.0	0.0	-0.0017237281250000003
111.812	0.0	0.0	-0.0018094125000000002
111.889	0.0	0.0	-0.001910190625
111.981	0.0	0.0	-0.00203083125
112.084	0.0	0.0	-0.0021665218750000002
112.149	0.0	0.0	-0.002051678125
112.226	0.0	0.0	-0.001916840625
112.318	0.0	0.0	-0.00175564375
112.421	0.0	0.0	-0.001574475
112.486	0.0	0.0	-0.001282509375
112.562	0.0	0.0	-0.0009392031250000002
112.654	0.0	0.0	-0.00052775625
112.757	0.0	0.0	-6.428625e-05
112.822	0.0	0.0	0.00028024062500000006
112.899	0.0	0.0	0.0006859562500000001
112.991	0.0	0.0	0.00117201875
113.094	0.0	0.0	0.00171880625
113.159	0.0	0.0	0.0019319125
113.235	0.0	0.0	0.0021827531250000003
113.327	0.0	0.0	0.0024836875000000002
113.43	0.0	0.0	0.00282296875
113.495	0.0	0.0	0.0027724375
113.572	0.0	0.0	0.0027131562500000003
113.664	0.0	0.0	0.00264184375
113.767	0.0	0.0	0.0025615625
113.832	0.0	0.0	0.00225334375
113.908	0.0	0.0	0.0018899781250000002
114.0	0.0	0.0	0.0014536156250000002
114.103	0.0	0.0	0.0009615375000000002
114.168	0.0	0.0	0.00054665625
114.244	0.0	0.0	5.640250000000001e-05
114.336	0.0	0.0	-0.00053309375
114.44	0.0	0.0	-0.001197875
114.505	0.0	0.0	-0.0015032937500000002
114.581	0.0	0.0	-0.001863596875
114.673	0.0	0.0	-0.0022962187500000005
114.777	0.0	0.0	-0.0027838125000000007
114.841	0.0	0.0	-0.0028203437500000004
114.918	0.0	0.0	-0.0028636562500000003
115.009	0.0	0.0	-0.0029157187500000003
115.113	0.0	0.0	-0.0029745625000000006
115.178	0.0	0.0	-0.0027324062500000005
115.254	0.0	0.0	-0.00244584375
115.346	0.0	0.0	-0.00210109375
115.45	0.0	0.0	-0.0017121781250000001
115.514	0.0	0.0	-0.001327484375
115.591	0.0	0.0	-0.0008725718750000001
115.682	0.0	0.0	-0.000324428125
115.786	0.0	0.0	0.000294809375
115.85	0.0	0.0	0.00062453125
115.927	0.0	0.0	0.0010155250000000002
116.019	0.0	0.0	0.0014872156250000002
116.123	0.0	0.0	0.002020090625
116.188	0.0	0.0	0.0021413875000000004
116.264	0.0	0.0	0.0022850625
116.356	0.0	0.0	0.0024578750000000004
116.46	0.0	0.0	0.0026532187500000006
116.524	0.0	0.0	0.0025283125
116.6	0.0	0.0	0.00238021875
116.692	0.0	0.0	0.0022010625000000003
116.796	0.0	0.0	0.001998696875
116.86	0.0	0.0	0.001705571875
116.937	0.0	0.0	0.0013574750000000001
117.029	0.0	0.0	0.0009371687500000001
117.133	0.0	0.0	0.0004622625
117.197	0.0	0.0	0.00014371656249999998
117.273	0.0	0.0	-0.00023432500000000002
117.365	0.0	0.0	-0.0006912937500000001
117.469	0.0	0.0	-0.0012085062500000001
117.533	0.0	0.0	-0.001413715625
117.609	0.0	0.0	-0.0016578625000000001
117.702	0.0	0.0	-0.00195330625
117.806	0.0	0.0	-0.0022876875000000002
117.87	0.0	0.0	-0.0022890000000000002
117.946	0.0	0.0	-0.0022905312500000005
118.039	0.0	0.0	-0.0022925000000000003
118.143	0.0	0.0	-0.0022946875000000007
118.207	0.0	0.0	-0.0020825218750000003
118.283	0.0	0.0	-0.0018307406250000003
118.375	0.0	0.0	-0.0015267875
118.479	0.0	0.0	-0.0011835468750000001
118.542	0.0	0.0	-0.0008482468750000001
118.612	0.0	0.0	-0.00044843750000000005
118.712	0.0	0.0	3.8090937500000004e-05
118.812	0.0	0.0	0.0005919375
118.872	0.0	0.0	0.0009072218750000002
118.952	0.0	0.0	0.001285921875
119.042	0.0	0.0	0.0017470031250000002
119.152	0.0	0.0	0.0022704062500000007
119.222	0.0	0.0	0.00239728125
119.292	0.0	0.0	0.0025473437500000006
119.392	0.0	0.0	0.0027275937500000004
119.492	0.0	0.0	0.0029299375000000003
119.552	0.0	0.0	0.0027851250000000003
119.632	0.0	0.0	0.0026125312500000003
119.722	0.0	0.0	0.0024023125000000004
119.822	0.0	0.0	0.0021622562500000003
119.882	0.0	0.0	0.0017959375000000002
119.962	0.0	0.0	0.0013527500000000002
120.052	0.0	0.0	0.00081064375
120.162	0.0	0.0	0.00019432437500000002
120.232	0.0	0.0	-0.00022835312499999998
120.302	0.0	0.0	-0.0007286125000000001
120.402	0.0	0.0	-0.0013299781250000003
120.502	0.0	0.0	-0.0020059375000000003
120.562	0.0	0.0	-0.00224284375
120.642	0.0	0.0	-0.00252525
120.732	0.0	0.0	-0.0028704375
120.832	0.0	0.0	-0.0032652812500000004
120.892	0.0	0.0	-0.0032070937500000003
120.972	0.0	0.0	-0.0031364375
121.062	0.0	0.0	-0.0030498125000000004
121.172	0.0	0.0	-0.0029511562500000007
121.242	0.0	0.0	-0.0026048750000000004
121.312	0.0	0.0	-0.00219384375
121.412	0.0	0.0	-0.0016990750000000002
121.512	0.0	0.0	-0.001142225
121.572	0.0	0.0	-0.0007114843750000001
121.652	0.0	0.0	-0.00019664750000000002
121.742	0.0	0.0	0.00043375937500000005
121.842	0.0	0.0	0.001155415625
121.902	0.0	0.0	0.0014743093750000003
121.982	0.0	0.0	0.0018618468750000003
122.072	0.0	0.0	0.0023377812500000004
122.182	0.0	0.0	0.00287984375
122.242	0.0	0.0	0.002923375
122.322	0.0	0.0	0.002975
122.422	0.0	0.0	0.0030375625000000003
122.522	0.0	0.0	0.0031077812500000003
122.582	0.0	0.0	0.002874375
122.662	0.0	0.0	0.0025948125000000003
122.752	0.0	0.0	0.0022518125000000003
122.852	0.0	0.0	0.0018585875000000003
122.912	0.0	0.0	0.0014789687500000002
122.992	0.0	0.0	0.0010166406250000002
123.082	0.0	0.0	0.0004478906250000001
123.192	0.0	0.0	-0.000200781875
123.252	0.0	0.0	-0.0005359812500000001
123.332	0.0	0.0	-0.0009351562500000001
123.422	0.0	0.0	-0.0014178281250000003
123.532	0.0	0.0	-0.00196214375
123.592	0.0	0.0	-0.002078125
123.672	0.0	0.0	-0.00221746875
123.762	0.0	0.0	-0.00238853125
123.862	0.0	0.0	-0.0025849687500000005
123.922	0.0	0.0	-0.002466625
124.002	0.0	0.0	-0.0023224687500000003
124.092	0.0	0.0	-0.002144515625
124.202	0.0	0.0	-0.0019414281250000002
124.262	0.0	0.0	-0.0016635718750000002
124.342	0.0	0.0	-0.001331990625
124.432	0.0	0.0	-0.000930278125
124.542	0.0	0.0	-0.00047678750000000006
124.602	0.0	0.0	-0.00021193812500000002
124.672	0.0	0.0	0.0001067390625
124.772	0.0	0.0	0.0004992968750000001
124.872	0.0	0.0	0.00095011875
124.932	0.0	0.0	0.00109694375
125.012	0.0	0.0	0.0012765375
125.102	0.0	0.0	0.0014983281250000003
125.212	0.0	0.0	0.0017518375000000004
125.272	0.0	0.0	0.00172808125
125.352	0.0	0.0	0.0016996656250000003
125.442	0.0	0.0	0.0016651687500000001
125.552	0.0	0.0	0.001626209375
125.612	0.0	0.0	0.0014748343750000002
125.682	0.0	0.0	0.001292309375
125.782	0.0	0.0	0.00106701875
125.882	0.0	0.0	0.0008079968750000001
125.942	0.0	0.0	0.000604209375
126.022	0.0	0.0	0.000354353125
126.112	0.0	0.0	4.5193750000000004e-05
126.222	0.0	0.0	-0.000308503125
126.282	0.0	0.0	-0.00048619375
126.362	0.0	0.0	-0.0006991468750000002
126.452	0.0	0.0	-0.000958125
126.562	0.0	0.0	-0.00125111875
126.622	0.0	0.0	-0.0013259093750000001
126.692	0.0	0.0	-0.0014163187500000002
126.792	0.0	0.0	-0.0015281000000000001
126.892	0.0	0.0	-0.0016567687500000001
126.952	0.0	0.0	-0.0015933531250000002
127.032	0.0	0.0	-0.0015154125000000002
127.122	0.0	0.0	-0.0014187906250000002
127.232	0.0	0.0	-0.001308146875
127.292	0.0	0.0	-0.001094996875
127.372	0.0	0.0	-0.0008390812500000002
127.462	0.0	0.0	-0.00052740625
127.572	0.0	0.0	-0.00017454281250000003
127.632	0.0	0.0	9.936718750000001e-05
127.702	0.0	0.0	0.0004319656250000001
127.792	0.0	0.0	0.0008452718750000001
127.902	0.0	0.0	0.0013224312500000003
127.962	0.0	0.0	0.0015453156250000001
128.042	0.0	0.0	0.0018179000000000003
128.132	0.0	0.0	0.00215333125
128.242	0.0	0.0	0.0025344375000000002
128.302	0.0	0.0	0.0025536875
128.372	0.0	0.0	0.0025773125
128.472	0.0	0.0	0.0026061875000000004
128.572	0.0	0.0	0.00263965625
128.632	0.0	0.0	0.00239028125
128.712	0.0	0.0	0.0020825656250000003
128.802	0.0	0.0	0.001699621875
128.912	0.0	0.0	0.001260196875
128.972	0.0	0.0	0.0008036437500000001
129.052	0.0	0.0	0.0002533125
129.142	0.0	0.0	-0.000419409375
129.252	0.0	0.0	-0.0011826281250000002
129.312	0.0	0.0	-0.0015985812500000003
129.382	0.0	0.0	-0.0021043750000000003
129.472	0.0	0.0	-0.0027332812500000005
129.582	0.0	0.0	-0.0034590937500000004
129.642	0.0	0.0	-0.0036187812500000005
129.722	0.0	0.0	-0.0038163125
129.812	0.0	0.0	-0.00406240625
129.922	0.0	0.0	-0.0043448125
129.982	0.0	0.0	-0.0040915000000000005
130.062	0.0	0.0	-0.0037854687500000006
130.152	0.0	0.0	-0.0034105312500000004
130.262	0.0	0.0	-0.0029848437500000005
130.322	0.0	0.0	-0.0024202500000000005
130.392	0.0	0.0	-0.001732325
130.482	0.0	0.0	-0.000875196875
130.592	0.0	0.0	0.00011502968750000002
130.652	0.0	0.0	0.0007537687500000001
130.732	0.0	0.0	0.0015450968750000003
130.822	0.0	0.0	0.002533125
130.932	0.0	0.0	0.0036688750000000003
130.992	0.0	0.0	0.0040425
131.072	0.0	0.0	0.00449465625
131.162	0.0	0.0	0.005049625
131.272	0.0	0.0	0.005680500000000001
131.332	0.0	0.0	0.005549250000000001
131.402	0.0	0.0	0.0053889062500000005
131.492	0.0	0.0	0.005188968750000001
131.602	0.0	0.0	0.00495753125
131.662	0.0	0.0	0.004355749999999999
131.742	0.0	0.0	0.00360828125
131.832	0.0	0.0	0.0026733437500000004
131.942	0.0	0.0	0.0015974875
132.002	0.0	0.0	0.000783934375
132.082	0.0	0.0	-0.00020313781250000002
132.172	0.0	0.0	-0.001416734375
132.282	0.0	0.0	-0.00279803125
132.342	0.0	0.0	-0.0033584687500000003
132.412	0.0	0.0	-0.0040446875
132.502	0.0	0.0	-0.0049030625
132.612	0.0	0.0	-0.005896843750000001
132.672	0.0	0.0	-0.005951093750000001
132.752	0.0	0.0	-0.006018906250000001
132.842	0.0	0.0	-0.0061035625000000005
132.952	0.0	0.0	-0.006201343750000001
133.012	0.0	0.0	-0.005680718750000001
133.092	0.0	0.0	-0.00504765625
133.182	0.0	0.0	-0.0042678125
133.292	0.0	0.0	-0.00337946875
133.352	0.0	0.0	-0.0025939375000000003
133.422	0.0	0.0	-0.001629884375
133.512	0.0	0.0	-0.00042157500000000004
133.622	0.0	0.0	0.0009787531250000001
133.682	0.0	0.0	0.0016698062500000001
133.762	0.0	0.0	0.0025318125
133.852	0.0	0.0	0.00361440625
133.962	0.0	0.0	0.0048628125
134.022	0.0	0.0	0.005108031250000001
134.102	0.0	0.0	0.005406843750000001
134.192	0.0	0.0	0.0057756562499999995
134.302	0.0	0.0	0.00619609375
134.362	0.0	0.0	0.00589334375
134.432	0.0	0.0	0.0055208125000000005
134.522	0.0	0.0	0.00505290625
134.632	0.0	0.0	0.004510187500000001
134.692	0.0	0.0	0.0038447500000000005
134.772	0.0	0.0	0.0030128437500000003
134.862	0.0	0.0	0.001965775
134.972	0.0	0.0	0.0007572906250000001
135.032	0.0	0.0	6.405000000000001e-05
135.112	0.0	0.0	-0.0007826218750000001
135.202	0.0	0.0	-0.0018296468750000003
135.312	0.0	0.0	-0.0030250937500000004
135.372	0.0	0.0	-0.003366125
135.442	0.0	0.0	-0.00378678125
135.532	0.0	0.0	-0.004315937500000001
135.642	0.0	0.0	-0.004930625000000001
135.702	0.0	0.0	-0.004827156250000001
135.782	0.0	0.0	-0.0046974375
135.872	0.0	0.0	-0.004534031250000001
135.982	0.0	0.0	-0.00434525
136.042	0.0	0.0	-0.0038784375
136.122	0.0	0.0	-0.0033070625000000005
136.212	0.0	0.0	-0.0025991875000000004
136.322	0.0	0.0	-0.0017903375
136.382	0.0	0.0	-0.0012700406250000002
136.452	0.0	0.0	-0.00062706875
136.542	0.0	0.0	0.0001837040625
136.652	0.0	0.0	0.0011262562500000003
136.712	0.0	0.0	0.0014724281250000002
136.792	0.0	0.0	0.0019072812500000001
136.882	0.0	0.0	0.0024565625
136.992	0.0	0.0	0.0030918125000000004
137.052	0.0	0.0	0.0031228750000000007
137.132	0.0	0.0	0.0031611562500000003
137.222	0.0	0.0	0.003208625
137.332	0.0	0.0	0.003262875
137.392	0.0	0.0	0.00302903125
137.462	0.0	0.0	0.0027391875000000003
137.552	0.0	0.0	0.0023732187500000003
137.662	0.0	0.0	0.0019471375
137.722	0.0	0.0	0.00160654375
137.792	0.0	0.0	0.001177684375
137.892	0.0	0.0	0.0006349218750000001
138.002	0.0	0.0	6.539312500000001e-06
138.062	0.0	0.0	-0.0002716875
138.142	0.0	0.0	-0.0006137687500000001
138.232	0.0	0.0	-0.00103928125
138.342	0.0	0.0	-0.0015265687500000003
138.402	0.0	0.0	-0.0016184875000000002
138.472	0.0	0.0	-0.0017326531250000004
138.562	0.0	0.0	-0.001877159375
138.672	0.0	0.0	-0.0020455093750000003
138.732	0.0	0.0	-0.0019633250000000006
138.802	0.0	0.0	-0.00185959375
138.902	0.0	0.0	-0.0017280593750000001
139.012	0.0	0.0	-0.0015756125000000003
139.072	0.0	0.0	-0.0013779937500000001
139.152	0.0	0.0	-0.00113448125
139.242	0.0	0.0	-0.0008309875000000001
139.352	0.0	0.0	-0.00048308750000000005
139.412	0.0	0.0	-0.00028518437500000003
139.482	0.0	0.0	-3.88740625e-05
139.572	0.0	0.0	0.000273590625
139.682	0.0	0.0	0.000637940625
139.742	0.0	0.0	0.0007663031250000001
139.812	0.0	0.0	0.0009286593750000001
139.912	0.0	0.0	0.001134940625
140.022	0.0	0.0	0.0013742312500000001
140.082	0.0	0.0	0.00138096875
140.162	0.0	0.0	0.0013892593750000001
140.252	0.0	0.0	0.0013996062500000004
140.362	0.0	0.0	0.0014115062500000002
140.422	0.0	0.0	0.0013041000000000003
140.492	0.0	0.0	0.0011700937500000001
140.582	0.0	0.0	0.0009997750000000003
140.692	0.0	0.0	0.0008009531250000001
140.752	0.0	0.0	0.0006307875000000001
140.822	0.0	0.0	0.000415034375
140.922	0.0	0.0	0.0001403609375
141.032	0.0	0.0	-0.00017858968750000004
141.092	0.0	0.0	-0.00033295937500000004
141.172	0.0	0.0	-0.0005240374999999999
141.262	0.0	0.0	-0.0007630875
141.372	0.0	0.0	-0.00103770625
141.432	0.0	0.0	-0.0010952812500000001
141.502	0.0	0.0	-0.00116729375
141.592	0.0	0.0	-0.0012589937500000002
141.702	0.0	0.0	-0.0013661593750000003
141.762	0.0	0.0	-0.001310115625
141.832	0.0	0.0	-0.0012388906250000002
141.932	0.0	0.0	-0.0011480218750000001
142.042	0.0	0.0	-0.001042409375
142.102	0.0	0.0	-0.000893790625
142.182	0.0	0.0	-0.00070945
142.272	0.0	0.0	-0.00047851562500000005
142.382	0.0	0.0	-0.000213031875
142.442	0.0	0.0	-5.1530937500000004e-05
142.512	0.0	0.0	0.000151466875
142.602	0.0	0.0	0.00041125000000000005
142.712	0.0	0.0	0.000715728125
142.772	0.0	0.0	0.0008318406250000001
142.842	0.0	0.0	0.000978665625
142.942	0.0	0.0	0.001164515625
143.052	0.0	0.0	0.0013788687500000001
143.112	0.0	0.0	0.0013870718750000001
143.182	0.0	0.0	0.00139733125
143.272	0.0	0.0	0.0014104125000000002
143.382	0.0	0.0	0.0014257031249999999
143.442	0.0	0.0	0.0013084312500000002
143.512	0.0	0.0	0.001158675
143.612	0.0	0.0	0.0009669625000000002
143.722	0.0	0.0	0.0007437062500000001
143.782	0.0	0.0	0.0005289375
143.862	0.0	0.0	0.000261428125
143.952	0.0	0.0	-7.494156250000002e-05
144.062	0.0	0.0	-0.00046241562500000003
144.122	0.0	0.0	-0.0006650656250000002
144.192	0.0	0.0	-0.0009201937500000001
144.282	0.0	0.0	-0.0012468531250000002
144.392	0.0	0.0	-0.0016296000000000004
144.452	0.0	0.0	-0.0017229187500000002
144.522	0.0	0.0	-0.001842290625
144.622	0.0	0.0	-0.001995328125
144.732	0.0	0.0	-0.00217371875
144.792	0.0	0.0	-0.002075171875
144.872	0.0	0.0	-0.0019521687500000003
144.962	0.0	0.0	-0.0017972062500000003
145.072	0.0	0.0	-0.001618509375
145.132	0.0	0.0	-0.0013601656250000003
145.202	0.0	0.0	-0.00103420625
145.292	0.0	0.0	-0.00061595625
145.402	0.0	0.0	-0.00012542250000000001
145.462	0.0	0.0	0.00019022500000000003
145.532	0.0	0.0	0.0005950000000000002
145.632	0.0	0.0	0.0011149250000000001
145.742	0.0	0.0	0.0017214750000000003
145.802	0.0	0.0	0.0019301187500000002
145.882	0.0	0.0	0.0021912187500000005
145.972	0.0	0.0	0.00252065625
146.082	0.0	0.0	0.0029010625000000004
146.142	0.0	0.0	0.002867375
146.212	0.0	0.0	0.0028249375
146.302	0.0	0.0	0.00277025
146.412	0.0	0.0	0.0027059375000000004
146.472	0.0	0.0	0.0024268125
146.542	0.0	0.0	0.00206793125
146.642	0.0	0.0	0.00160610625
146.752	0.0	0.0	0.0010668000000000001
146.812	0.0	0.0	0.000653296875
146.892	0.0	0.0	0.0001347303125
146.982	0.0	0.0	-0.000521171875
147.092	0.0	0.0	-0.001279009375
147.152	0.0	0.0	-0.001591253125
147.222	0.0	0.0	-0.0019872343750000003
147.312	0.0	0.0	-0.0024972500000000003
147.422	0.0	0.0	-0.0030968437500000006
147.482	0.0	0.0	-0.0031640000000000006
147.552	0.0	0.0	-0.0032506250000000005
147.652	0.0	0.0	-0.0033624062500000004
147.762	0.0	0.0	-0.0034927812500000007
147.822	0.0	0.0	-0.0032512812500000007
147.892	0.0	0.0	-0.002947875
147.992	0.0	0.0	-0.0025630937500000003
148.102	0.0	0.0	-0.00211824375
148.162	0.0	0.0	-0.001704303125
148.232	0.0	0.0	-0.0011781
148.322	0.0	0.0	-0.00049888125
148.432	0.0	0.0	0.00030016875000000006
148.492	0.0	0.0	0.0007033906250000001
148.562	0.0	0.0	0.0012243
148.662	0.0	0.0	0.00189730625
148.772	0.0	0.0	0.0026847187500000005
148.832	0.0	0.0	0.00287153125
148.902	0.0	0.0	0.0031066875000000005
149.002	0.0	0.0	0.0034055
149.112	0.0	0.0	0.003751125
149.172	0.0	0.0	0.0036225000000000007
149.242	0.0	0.0	0.0034584375
149.332	0.0	0.0	0.0032464687500000002
149.442	0.0	0.0	0.0029966562500000006
149.502	0.0	0.0	0.0026190937500000003
149.572	0.0	0.0	0.0021304500000000003
149.672	0.0	0.0	0.0014978031250000002
149.782	0.0	0.0	0.0007568312500000002
149.842	0.0	0.0	0.00030380000000000007
149.912	0.0	0.0	-0.0002683625
150.012	0.0	0.0	-0.000996275
150.122	0.0	0.0	-0.0018398406250000002
150.182	0.0	0.0	-0.002116253125
150.252	0.0	0.0	-0.0024694687500000003
150.342	0.0	0.0	-0.00292709375
150.452	0.0	0.0	-0.00346653125
150.512	0.0	0.0	-0.0034593125000000006
150.582	0.0	0.0	-0.0034499062500000003
150.682	0.0	0.0	-0.0034378750000000004
150.792	0.0	0.0	-0.0034234375000000003
150.852	0.0	0.0	-0.0031233125000000002
150.922	0.0	0.0	-0.0027433437500000006
151.022	0.0	0.0	-0.0022588125
151.132	0.0	0.0	-0.0016968875000000004
151.192	0.0	0.0	-0.00128305625
151.262	0.0	0.0	-0.000752959375
151.352	0.0	0.0	-6.462093750000001e-05
151.462	0.0	0.0	0.0007475781250000001
151.522	0.0	0.0	0.00109493125
151.592	0.0	0.0	0.0015470218750000002
151.692	0.0	0.0	0.0021345187500000002
151.802	0.0	0.0	0.0028238437500000004
151.862	0.0	0.0	0.0029330000000000003
151.932	0.0	0.0	0.0030714687500000004
152.032	0.0	0.0	0.0032482187500000002
152.142	0.0	0.0	0.003453625
152.202	0.0	0.0	0.0032799375000000003
152.272	0.0	0.0	0.0030570312500000007
152.362	0.0	0.0	0.0027671875
152.472	0.0	0.0	0.002424625
152.532	0.0	0.0	0.00206128125
152.602	0.0	0.0	0.0015873375
152.702	0.0	0.0	0.0009702000000000001
152.812	0.0	0.0	0.00024532812500000005
152.872	0.0	0.0	-0.0001356971875
152.942	0.0	0.0	-0.000620375
153.042	0.0	0.0	-0.001240575
153.152	0.0	0.0	-0.0019614437500000003
153.212	0.0	0.0	-0.002152084375
153.282	0.0	0.0	-0.0023975000000000003
153.372	0.0	0.0	-0.00271753125
153.482	0.0	0.0	-0.0030957500000000004
153.542	0.0	0.0	-0.0030334062500000005
153.612	0.0	0.0	-0.0029518125000000004
153.712	0.0	0.0	-0.00284528125
153.822	0.0	0.0	-0.00272015625
153.882	0.0	0.0	-0.0024327187500000004
153.952	0.0	0.0	-0.00206591875
154.052	0.0	0.0	-0.0015957375000000002
154.162	0.0	0.0	-0.0010486875000000001
154.222	0.0	0.0	-0.0007115281250000002
154.292	0.0	0.0	-0.000276346875
154.382	0.0	0.0	0.00029216250000000006
154.492	0.0	0.0	0.0009649500000000002
154.552	0.0	0.0	0.0012068656250000002
154.622	0.0	0.0	0.0015240531250000002
154.722	0.0	0.0	0.00193869375
154.832	0.0	0.0	0.0024265937500000004
154.892	0.0	0.0	0.00245809375
154.962	0.0	0.0	0.00249834375
155.062	0.0	0.0	0.0025499687500000006
155.172	0.0	0.0	0.0026101250000000005
155.232	0.0	0.0	0.00243665625
155.302	0.0	0.0	0.0022124375
155.392	0.0	0.0	0.0019187656250000001
155.502	0.0	0.0	0.00157093125
155.562	0.0	0.0	0.00128944375
155.632	0.0	0.0	0.0009194281250000002
155.732	0.0	0.0	0.00043480937500000005
155.842	0.0	0.0	-0.00013607781250000002
155.902	0.0	0.0	-0.00038928750000000005
155.972	0.0	0.0	-0.0007135625
156.072	0.0	0.0	-0.00113071875
156.182	0.0	0.0	-0.0016169125
156.232	0.0	0.0	-0.0017099687500000003
156.312	0.0	0.0	-0.001831046875
156.402	0.0	0.0	-0.0019902968750000003
156.512	0.0	0.0	-0.002179515625
156.572	0.0	0.0	-0.0020967843749999998
156.642	0.0	0.0	-0.001988634375
156.742	0.0	0.0	-0.0018480656250000002
156.852	0.0	0.0	-0.001683740625
156.912	0.0	0.0	-0.0014837593750000003
156.982	0.0	0.0	-0.0012250437500000001
157.072	0.0	0.0	-0.0008861343750000002
157.182	0.0	0.0	-0.000484334375
157.242	0.0	0.0	-0.00026735625000000004
157.312	0.0	0.0	1.9313875e-05
157.412	0.0	0.0	0.00039615625
157.522	0.0	0.0	0.0008408531250000002
157.582	0.0	0.0	0.0009754062500000001
157.652	0.0	0.0	0.001148525
157.752	0.0	0.0	0.0013720437500000001
157.862	0.0	0.0	0.0016330562500000002
157.912	0.0	0.0	0.0016255968750000002
157.992	0.0	0.0	0.0016158843750000002
158.082	0.0	0.0	0.0016031093750000002
158.192	0.0	0.0	0.001587928125
158.252	0.0	0.0	0.0014609875000000001
158.322	0.0	0.0	0.00129294375
158.422	0.0	0.0	0.00107174375
158.532	0.0	0.0	0.0008104906250000001
158.592	0.0	0.0	0.0006257125
158.662	0.0	0.0	0.00038740625000000006
158.762	0.0	0.0	7.911312500000002e-05
158.872	0.0	0.0	-0.000281225
158.922	0.0	0.0	-0.000420984375
159.002	0.0	0.0	-0.0006035312500000001
159.092	0.0	0.0	-0.0008442875000000002
159.202	0.0	0.0	-0.0011305
159.262	0.0	0.0	-0.0011753875
159.332	0.0	0.0	-0.00123493125
159.432	0.0	0.0	-0.0013135062500000004
159.542	0.0	0.0	-0.001406365625
159.602	0.0	0.0	-0.001336278125
159.672	0.0	0.0	-0.001245671875
159.772	0.0	0.0	-0.001128203125
159.882	0.0	0.0	-0.00099080625
159.932	0.0	0.0	-0.0008540656250000001
160.002	0.0	0.0	-0.0006749531250000001
160.102	0.0	0.0	-0.00043828750000000005
160.212	0.0	0.0	-0.00015664906250000002
160.272	0.0	0.0	-1.56086875e-05
160.342	0.0	0.0	0.00017204468750000004
160.442	0.0	0.0	0.00042006562500000006
160.552	0.0	0.0	0.00071351875
160.612	0.0	0.0	0.0007916343750000001
160.682	0.0	0.0	0.000892871875
160.782	0.0	0.0	0.0010243625
160.892	0.0	0.0	0.0011783406250000003
160.942	0.0	0.0	0.001157690625
161.012	0.0	0.0	0.0011305875000000001
161.112	0.0	0.0	0.00109466875
161.222	0.0	0.0	0.001051903125
161.272	0.0	0.0	0.0009527218750000001
161.352	0.0	0.0	0.0008203781250000001
161.452	0.0	0.0	0.0006451593750000001
161.562	0.0	0.0	0.00043763125
161.622	0.0	0.0	0.00030955312500000005
161.692	0.0	0.0	0.0001431215625
161.792	0.0	0.0	-7.34496875e-05
161.902	0.0	0.0	-0.00032731562500000006
161.952	0.0	0.0	-0.000411425
162.022	0.0	0.0	-0.00052215625
162.122	0.0	0.0	-0.000669090625
162.232	0.0	0.0	-0.0008442437500000001
162.282	0.0	0.0	-0.000856471875
162.362	0.0	0.0	-0.000872834375
162.452	0.0	0.0	-0.0008945125000000001
162.572	0.0	0.0	-0.0009202375000000001
162.632	0.0	0.0	-0.000859184375
162.702	0.0	0.0	-0.0007796687500000001
162.802	0.0	0.0	-0.0006759812500000001
162.912	0.0	0.0	-0.0005543343750000001
162.962	0.0	0.0	-0.00046318125000000004
163.032	0.0	0.0	-0.000342846875
163.132	0.0	0.0	-0.0001828575
163.242	0.0	0.0	8.072750000000002e-06
163.292	0.0	0.0	8.99784375e-05
163.372	0.0	0.0	0.0001998171875
163.462	0.0	0.0	0.00034582187500000004
163.582	0.0	0.0	0.00051909375
163.642	0.0	0.0	0.00055811875
163.712	0.0	0.0	0.0006090656250000001
163.812	0.0	0.0	0.00067563125
163.922	0.0	0.0	0.0007537906250000001
163.972	0.0	0.0	0.000735940625
164.042	0.0	0.0	0.0007122937500000001
164.142	0.0	0.0	0.000680771875
164.252	0.0	0.0	0.0006431468750000001
164.302	0.0	0.0	0.0005753125
164.382	0.0	0.0	0.00048409375000000004
164.472	0.0	0.0	0.00036260000000000003
164.592	0.0	0.0	0.00021831031250000001
164.652	0.0	0.0	0.00011993625000000003
164.722	0.0	0.0	-8.84209375e-06
164.822	0.0	0.0	-0.00017740625000000002
164.932	0.0	0.0	-0.0003755718750000001
164.982	0.0	0.0	-0.0004561812500000001
165.052	0.0	0.0	-0.0005631937500000001
165.152	0.0	0.0	-0.0007060156250000002
165.262	0.0	0.0	-0.0008767937500000001
165.312	0.0	0.0	-0.0009006156250000001
165.392	0.0	0.0	-0.000932728125
165.482	0.0	0.0	-0.0009755593750000001
165.602	0.0	0.0	-0.00102650625
165.662	0.0	0.0	-0.0009613625000000001
165.732	0.0	0.0	-0.000875896875
165.832	0.0	0.0	-0.0007637875000000001
165.942	0.0	0.0	-0.000631859375
165.992	0.0	0.0	-0.0005012875000000001
166.062	0.0	0.0	-0.00032749062500000005
166.162	0.0	0.0	-9.504906250000001e-05
166.272	0.0	0.0	0.000183150625
166.322	0.0	0.0	0.00032720625000000006
166.402	0.0	0.0	0.000521959375
166.492	0.0	0.0	0.0007823593750000001
166.612	0.0	0.0	0.00109221875
166.672	0.0	0.0	0.001169765625
166.742	0.0	0.0	0.0012718125000000002
166.842	0.0	0.0	0.00140590625
166.952	0.0	0.0	0.0015638437500000001
167.002	0.0	0.0	0.001518015625
167.072	0.0	0.0	0.0014568093750000001
167.172	0.0	0.0	0.0013748218750000002
167.282	0.0	0.0	0.0012765812500000002
167.332	0.0	0.0	0.001115625
167.412	0.0	0.0	0.0008974875000000002
167.502	0.0	0.0	0.0006052156250000001
167.622	0.0	0.0	0.00025711875
167.682	0.0	0.0	4.8310937500000005e-05
167.752	0.0	0.0	-0.00022710625
167.852	0.0	0.0	-0.00058975
167.962	0.0	0.0	-0.001017275
168.012	0.0	0.0	-0.0011511937500000003
168.082	0.0	0.0	-0.00133039375
168.182	0.0	0.0	-0.0015710625
168.292	0.0	0.0	-0.001859659375
168.342	0.0	0.0	-0.001854278125
168.422	0.0	0.0	-0.0018469718750000002
168.512	0.0	0.0	-0.0018371500000000003
168.632	0.0	0.0	-0.0018254468750000003
168.692	0.0	0.0	-0.0016658687500000003
168.762	0.0	0.0	-0.0014547968750000001
168.862	0.0	0.0	-0.001176371875
168.972	0.0	0.0	-0.0008478093750000002
169.022	0.0	0.0	-0.0006270906250000001
169.092	0.0	0.0	-0.00033088125
169.192	0.0	0.0	6.76703125e-05
169.302	0.0	0.0	0.0005460437500000001
169.352	0.0	0.0	0.0007283718750000001
169.432	0.0	0.0	0.0009768718750000002
169.522	0.0	0.0	0.0013110781250000002
169.642	0.0	0.0	0.001709859375
169.702	0.0	0.0	0.001757021875
169.772	0.0	0.0	0.001819540625
169.872	0.0	0.0	0.0019021625
169.982	0.0	0.0	0.0019997687500000003
170.032	0.0	0.0	0.001892559375
170.102	0.0	0.0	0.00174829375
170.202	0.0	0.0	0.001553803125
170.312	0.0	0.0	0.0013201343750000002
170.362	0.0	0.0	0.001118578125
170.442	0.0	0.0	0.0008431718750000002
170.532	0.0	0.0	0.00047201875000000003
170.652	0.0	0.0	2.87415625e-05
170.712	0.0	0.0	-0.00016563531250000002
170.782	0.0	0.0	-0.0004238937500000001
170.882	0.0	0.0	-0.00076575625
170.992	0.0	0.0	-0.0011698531250000001
171.042	0.0	0.0	-0.001248340625
171.112	0.0	0.0	-0.0013545656250000004
171.212	0.0	0.0	-0.0014985031250000001
171.322	0.0	0.0	-0.0016719062500000002
171.372	0.0	0.0	-0.0016186625
171.452	0.0	0.0	-0.0015463218750000002
171.542	0.0	0.0	-0.0014496125000000002
171.662	0.0	0.0	-0.0013349437500000001
171.712	0.0	0.0	-0.0011952500000000001
171.782	0.0	0.0	-0.0010073
171.882	0.0	0.0	-0.0007536812500000001
171.992	0.0	0.0	-0.00044878750000000003
172.042	0.0	0.0	-0.00030305625000000004
172.122	0.0	0.0	-0.0001028321875
172.212	0.0	0.0	0.0001679890625
172.332	0.0	0.0	0.00049196875
172.382	0.0	0.0	0.0005719000000000001
172.462	0.0	0.0	0.000678584375
172.552	0.0	0.0	0.00082035625
172.672	0.0	0.0	0.0009882250000000001
172.722	0.0	0.0	0.00097365625
172.792	0.0	0.0	0.0009539031250000001
172.892	0.0	0.0	0.0009271281250000001
173.002	0.0	0.0	0.0008948843749999999
173.052	0.0	0.0	0.000821778125
173.122	0.0	0.0	0.000721175
173.222	0.0	0.0	0.000584871875
173.342	0.0	0.0	0.00042168437500000004
173.392	0.0	0.0	0.000343809375
173.472	0.0	0.0	0.00023955312500000003
173.562	0.0	0.0	0.00010076062500000001
173.682	0.0	0.0	-6.374375000000001e-05
173.732	0.0	0.0	-9.619750000000002e-05
173.802	0.0	0.0	-0.0001403171875
173.902	0.0	0.0	-0.00020025031250000004
174.012	0.0	0.0	-0.00027249687500000003
174.062	0.0	0.0	-0.000261121875
174.132	0.0	0.0	-0.00024541562500000007
174.232	0.0	0.0	-0.0002240875
174.352	0.0	0.0	-0.0001985353125
174.402	0.0	0.0	-0.00017468937500000003
174.482	0.0	0.0	-0.00014267968750000004
174.572	0.0	0.0	-9.998625e-05
174.692	0.0	0.0	-4.93346875e-05
174.742	0.0	0.0	-4.65828125e-05
174.812	0.0	0.0	-4.283125000000001e-05
174.912	0.0	0.0	-3.7725625e-05
175.022	0.0	0.0	-3.1565625e-05
175.072	0.0	0.0	-2.2141875e-06
175.142	0.0	0.0	3.8412500000000005e-05
175.242	0.0	0.0	9.366656250000001e-05
175.362	0.0	0.0	0.000159936875
175.412	0.0	0.0	0.0002038246875
175.492	0.0	0.0	0.00026289375000000003
175.582	0.0	0.0	0.00034181875000000007
175.702	0.0	0.0	0.000435553125
175.752	0.0	0.0	0.000452725
175.822	0.0	0.0	0.000476175
175.922	0.0	0.0	0.000508178125
176.032	0.0	0.0	0.000546809375
176.082	0.0	0.0	0.000512290625
176.152	0.0	0.0	0.0004643625
176.252	0.0	0.0	0.00039906562500000004
176.372	0.0	0.0	0.00032066562500000003
176.422	0.0	0.0	0.000239246875
176.502	0.0	0.0	0.000129395
176.592	0.0	0.0	-1.770715625e-05
176.712	0.0	0.0	-0.00019256343750000002
176.762	0.0	0.0	-0.0002716
176.832	0.0	0.0	-0.000379946875
176.932	0.0	0.0	-0.000528040625
177.042	0.0	0.0	-0.0007070656250000001
177.092	0.0	0.0	-0.0007407531250000001
177.162	0.0	0.0	-0.0007876531250000001
177.262	0.0	0.0	-0.00085168125
177.382	0.0	0.0	-0.000928615625
177.432	0.0	0.0	-0.0008876656250000002
177.512	0.0	0.0	-0.00083225625
177.602	0.0	0.0	-0.000757903125
177.722	0.0	0.0	-0.0006694625000000001
177.772	0.0	0.0	-0.000576340625
177.842	0.0	0.0	-0.00044830625000000007
177.932	0.0	0.0	-0.00027295625
178.052	0.0	0.0	-6.0808125e-05
178.102	0.0	0.0	4.0508125e-05
178.172	0.0	0.0	0.00018194312500000002
178.272	0.0	0.0	0.00037541875
178.392	0.0	0.0	0.0006081249999999999
178.442	0.0	0.0	0.0006634031250000001
178.522	0.0	0.0	0.0007384125000000001
178.612	0.0	0.0	0.0008392562500000001
178.732	0.0	0.0	0.0009593281250000001
178.782	0.0	0.0	0.0009389625
178.852	0.0	0.0	0.0009108968750000002
178.942	0.0	0.0	0.000872353125
179.062	0.0	0.0	0.0008256937500000001
179.112	0.0	0.0	0.0007468343750000002
179.182	0.0	0.0	0.000636409375
179.282	0.0	0.0	0.00048505625
179.402	0.0	0.0	0.00030288125000000005
179.452	0.0	0.0	0.000207865
179.532	0.0	0.0	7.861656250000001e-05
179.622	0.0	0.0	-9.546250000000002e-05
179.742	0.0	0.0	-0.00030296875
179.792	0.0	0.0	-0.00035724062500000004
179.862	0.0	0.0	-0.00043233750000000004
179.952	0.0	0.0	-0.0005355656250000001
180.072	0.0	0.0	-0.0006607125
180.122	0.0	0.0	-0.0006588312500000001
180.192	0.0	0.0	-0.0006562062500000001
180.292	0.0	0.0	-0.000652596875
180.412	0.0	0.0	-0.0006482656250000001
180.462	0.0	0.0	-0.000599353125
180.542	0.0	0.0	-0.0005326343750000001
180.632	0.0	0.0	-0.0004426187500000001
180.752	0.0	0.0	-0.00033521250000000005
180.802	0.0	0.0	-0.00027969375
180.872	0.0	0.0	-0.00020269593750000002
180.962	0.0	0.0	-9.660875000000002e-05
181.082	0.0	0.0	3.21103125e-05
181.132	0.0	0.0	6.706656250000001e-05
181.202	0.0	0.0	0.0001162809375
181.302	0.0	0.0	0.00018400593750000002
181.422	0.0	0.0	0.000265671875
181.472	0.0	0.0	0.000270528125
181.552	0.0	0.0	0.0002772
181.642	0.0	0.0	0.000286190625
181.762	0.0	0.0	0.00029693125000000004
181.812	0.0	0.0	0.000284221875
181.882	0.0	0.0	0.00026652500000000004
181.972	0.0	0.0	0.0002421125
182.092	0.0	0.0	0.00021246968750000003
182.142	0.0	0.0	0.00019021187500000003
182.212	0.0	0.0	0.00015878187500000004
182.312	0.0	0.0	0.00011544750000000003
182.432	0.0	0.0	6.314218750000001e-05
182.482	0.0	0.0	2.5256875000000004e-05
182.552	0.0	0.0	-2.6702812500000002e-05
182.652	0.0	0.0	-9.709656250000002e-05
182.772	0.0	0.0	-0.0001812365625
182.822	0.0	0.0	-0.000221396875
182.892	0.0	0.0	-0.00027741875
182.982	0.0	0.0	-0.00035492187500000004
183.102	0.0	0.0	-0.000449115625
183.152	0.0	0.0	-0.000465740625
183.222	0.0	0.0	-0.0004892562500000001
183.322	0.0	0.0	-0.0005217625
183.442	0.0	0.0	-0.00056100625
183.492	0.0	0.0	-0.0005274281250000001
183.562	0.0	0.0	-0.0004812281250000001
183.662	0.0	0.0	-0.00041851250000000007
183.782	0.0	0.0	-0.00034348125
183.832	0.0	0.0	-0.00026775000000000003
183.902	0.0	0.0	-0.0001617459375
183.992	0.0	0.0	-1.4810687500000001e-05
184.112	0.0	0.0	0.0001639596875
184.162	0.0	0.0	0.00025086250000000003
184.232	0.0	0.0	0.0003743031250000001
184.332	0.0	0.0	0.0005451906250000001
184.452	0.0	0.0	0.0007517781250000001
184.502	0.0	0.0	0.0007979781250000001
184.572	0.0	0.0	0.0008616781250000001
184.672	0.0	0.0	0.0009483031250000001
184.792	0.0	0.0	0.00105205625
184.842	0.0	0.0	0.001019571875
184.912	0.0	0.0	0.000973984375
185.002	0.0	0.0	0.0009106562500000001
185.122	0.0	0.0	0.0008335468750000001
185.172	0.0	0.0	0.0007266437500000002
185.242	0.0	0.0	0.000574371875
185.342	0.0	0.0	0.000363190625
185.462	0.0	0.0	0.00010762062500000001
185.512	0.0	0.0	-2.9868125000000005e-05
185.582	0.0	0.0	-0.000219909375
185.682	0.0	0.0	-0.00047877812500000006
185.802	0.0	0.0	-0.0007889437500000001
185.852	0.0	0.0	-0.0008743437500000001
185.922	0.0	0.0	-0.0009949625
186.012	0.0	0.0	-0.0011633125
186.132	0.0	0.0	-0.0013688937500000002
186.182	0.0	0.0	-0.00135988125
186.252	0.0	0.0	-0.0013471500000000003
186.352	0.0	0.0	-0.0013296062500000002
186.472	0.0	0.0	-0.001308540625
186.522	0.0	0.0	-0.001201134375
186.592	0.0	0.0	-0.00105039375
186.682	0.0	0.0	-0.000840875
186.802	0.0	0.0	-0.00058555
186.852	0.0	0.0	-0.0004256
186.922	0.0	0.0	-0.00019645281250000004
187.022	0.0	0.0	0.00012254156250000002
187.142	0.0	0.0	0.000509228125
187.192	0.0	0.0	0.0006455312500000001
187.262	0.0	0.0	0.0008349468750000001
187.362	0.0	0.0	0.00109388125
187.482	0.0	0.0	0.0014047031250000001
187.532	0.0	0.0	0.0014376250000000003
187.602	0.0	0.0	0.001484196875
187.692	0.0	0.0	0.0015492312500000002
187.812	0.0	0.0	0.0016286156250000002
187.862	0.0	0.0	0.0015443968750000002
187.932	0.0	0.0	0.0014234718750000001
188.032	0.0	0.0	0.0012548593750000001
188.152	0.0	0.0	0.0010503500000000002
188.202	0.0	0.0	0.00087994375
188.272	0.0	0.0	0.0006425125000000001
188.372	0.0	0.0	0.000317253125
188.492	0.0	0.0	-7.353937500000001e-05
188.542	0.0	0.0	-0.00023165625000000004
188.612	0.0	0.0	-0.00045605
188.702	0.0	0.0	-0.0007700875000000001
188.822	0.0	0.0	-0.0011537531250000001
188.872	0.0	0.0	-0.0012335750000000002
188.942	0.0	0.0	-0.0013485062500000003
189.042	0.0	0.0	-0.0015090906250000001
189.162	0.0	0.0	-0.0017040406250000003
189.212	0.0	0.0	-0.0016591750000000001
189.282	0.0	0.0	-0.001596459375
189.382	0.0	0.0	-0.0015104031250000002
189.502	0.0	0.0	-0.0014068906250000002
189.552	0.0	0.0	-0.0012666500000000002
189.622	0.0	0.0	-0.0010669968750000002
189.712	0.0	0.0	-0.000787040625
189.832	0.0	0.0	-0.00044467500000000006
189.882	0.0	0.0	-0.00027122812500000003
189.952	0.0	0.0	-2.065896875e-05
190.052	0.0	0.0	0.000330028125
190.172	0.0	0.0	0.00075621875
190.222	0.0	0.0	0.00087955
190.292	0.0	0.0	0.001052384375
190.392	0.0	0.0	0.001290078125
190.512	0.0	0.0	0.0015761593750000002
190.562	0.0	0.0	0.0015828093750000001
190.632	0.0	0.0	0.0015922593750000002
190.722	0.0	0.0	0.0016055593750000001
190.842	0.0	0.0	0.0016218343750000002
190.892	0.0	0.0	0.0015150843750000001
190.962	0.0	0.0	0.0013604062500000003
191.062	0.0	0.0	0.00114349375
191.182	0.0	0.0	0.0008796375
191.232	0.0	0.0	0.0007044187500000001
191.302	0.0	0.0	0.000458128125
191.402	0.0	0.0	0.00011878124999999999
191.522	0.0	0.0	-0.00029004062500000003
191.572	0.0	0.0	-0.000433475
191.642	0.0	0.0	-0.0006389031250000001
191.732	0.0	0.0	-0.0009281562500000002
191.852	0.0	0.0	-0.001282509375
191.902	0.0	0.0	-0.001337503125
191.972	0.0	0.0	-0.0014174562500000002
192.072	0.0	0.0	-0.0015297843750000002
192.192	0.0	0.0	-0.0016665468750000003
192.242	0.0	0.0	-0.0016005281250000003
192.312	0.0	0.0	-0.001507471875
192.412	0.0	0.0	-0.0013790000000000002
192.532	0.0	0.0	-0.001224103125
192.582	0.0	0.0	-0.0010792687500000002
192.652	0.0	0.0	-0.000871171875
192.742	0.0	0.0	-0.0005775875000000001
192.862	0.0	0.0	-0.00021760593750000002
192.912	0.0	0.0	-5.72578125e-05
192.982	0.0	0.0	0.00017648093750000004
193.082	0.0	0.0	0.0005055750000000001
193.202	0.0	0.0	0.0009065218750000001
193.252	0.0	0.0	0.00100480625
193.322	0.0	0.0	0.0011437343750000002
193.422	0.0	0.0	0.001335928125
193.542	0.0	0.0	0.001567890625
193.592	0.0	0.0	0.0015525781250000001
193.662	0.0	0.0	0.001530484375
193.752	0.0	0.0	0.0014992906250000002
193.872	0.0	0.0	0.0014609656250000002
193.922	0.0	0.0	0.00134518125
193.992	0.0	0.0	0.0011758687499999999
194.092	0.0	0.0	0.000937015625
194.212	0.0	0.0	0.0006457500000000001
194.262	0.0	0.0	0.00048057187500000003
194.332	0.0	0.0	0.0002464
194.432	0.0	0.0	-7.81571875e-05
194.552	0.0	0.0	-0.00047020312499999997
194.602	0.0	0.0	-0.0005901875000000001
194.672	0.0	0.0	-0.00076365625
194.762	0.0	0.0	-0.0010093562500000002
194.882	0.0	0.0	-0.0013111875
194.932	0.0	0.0	-0.001340303125
195.002	0.0	0.0	-0.0013830031250000002
195.102	0.0	0.0	-0.00144335625
195.222	0.0	0.0	-0.0015170093750000002
195.272	0.0	0.0	-0.00143688125
195.342	0.0	0.0	-0.0013229125000000003
195.442	0.0	0.0	-0.001164646875
195.562	0.0	0.0	-0.00097330625
195.612	0.0	0.0	-0.0008356468750000002
195.672	0.0	0.0	-0.0006359718750000001
195.772	0.0	0.0	-0.00035255937500000003
195.892	0.0	0.0	-4.128250000000001e-06
195.942	0.0	0.0	0.00013049968750000003
196.012	0.0	0.0	0.00032858437500000006
196.112	0.0	0.0	0.0006091093750000001
196.232	0.0	0.0	0.00095178125
196.282	0.0	0.0	0.0010178000000000001
196.352	0.0	0.0	0.00111195
196.452	0.0	0.0	0.0012429375000000001
196.572	0.0	0.0	0.0014014656250000003
196.622	0.0	0.0	0.0013678000000000002
196.682	0.0	0.0	0.0013188437500000001
196.782	0.0	0.0	0.001249215625
196.902	0.0	0.0	0.001163509375
196.952	0.0	0.0	0.001053434375
197.022	0.0	0.0	0.0008909468750000001
197.122	0.0	0.0	0.0006603843750000001
197.242	0.0	0.0	0.000378503125
197.292	0.0	0.0	0.000243928125
197.362	0.0	0.0	5.146531250000001e-05
197.462	0.0	0.0	-0.00021687968750000003
197.582	0.0	0.0	-0.0005418875000000001
197.632	0.0	0.0	-0.000624465625
197.692	0.0	0.0	-0.0007449968750000001
197.792	0.0	0.0	-0.0009168031250000003
197.912	0.0	0.0	-0.001128378125
197.962	0.0	0.0	-0.0011316812500000001
198.032	0.0	0.0	-0.00113658125
198.132	0.0	0.0	-0.0011435375000000002
198.252	0.0	0.0	-0.0011520687500000003
198.302	0.0	0.0	-0.00107471875
198.372	0.0	0.0	-0.0009637687500000002
198.472	0.0	0.0	-0.000808784375
198.592	0.0	0.0	-0.0006208781250000001
198.642	0.0	0.0	-0.0005144125000000001
198.702	0.0	0.0	-0.00035853125000000007
198.802	0.0	0.0	-0.00013587218750000003
198.922	0.0	0.0	0.00013858250000000003
198.972	0.0	0.0	0.000227653125
199.042	0.0	0.0	0.00035993125000000005
199.142	0.0	0.0	0.0005483625000000001
199.262	0.0	0.0	0.0007791656250000001
199.312	0.0	0.0	0.0008088937500000001
199.382	0.0	0.0	0.0008516593750000001
199.482	0.0	0.0	0.0009115312500000002
199.602	0.0	0.0	0.000984178125
199.652	0.0	0.0	0.0009462906250000001
199.712	0.0	0.0	0.0008906187500000002
199.812	0.0	0.0	0.0008109718750000001
199.932	0.0	0.0	0.0007126875
199.982	0.0	0.0	0.0006328875000000001
200.052	0.0	0.0	0.000513996875
200.152	0.0	0.0	0.000344290625
200.272	0.0	0.0	0.000136259375
200.322	0.0	0.0	5.413625e-05
200.392	0.0	0.0	-6.43125e-05
200.492	0.0	0.0	-0.000230365625
200.612	0.0	0.0	-0.00043194375
200.662	0.0	0.0	-0.000471209375
200.722	0.0	0.0	-0.000529309375
200.822	0.0	0.0	-0.00061285
200.942	0.0	0.0	-0.0007161875000000001
200.992	0.0	0.0	-0.000705053125
201.062	0.0	0.0	-0.000688603125
201.162	0.0	0.0	-0.0006653062500000001
201.282	0.0	0.0	-0.00063695625
201.332	0.0	0.0	-0.000587846875
201.392	0.0	0.0	-0.000515725
201.492	0.0	0.0	-0.00041240937500000005
201.612	0.0	0.0	-0.000284878125
201.662	0.0	0.0	-0.00022544375000000001
201.732	0.0	0.0	-0.00013635781250000002
201.832	0.0	0.0	-8.7031875e-06
201.952	0.0	0.0	0.00014801937500000004
202.002	0.0	0.0	0.00018995812500000002
202.072	0.0	0.0	0.000250796875
202.172	0.0	0.0	0.00033639375000000003
202.292	0.0	0.0	0.000440475
202.342	0.0	0.0	0.00044620625
202.402	0.0	0.0	0.00045469375000000003
202.502	0.0	0.0	0.000466921875
202.622	0.0	0.0	0.000482015625
202.672	0.0	0.0	0.00045731875000000005
202.742	0.0	0.0	0.00042019687500000004
202.842	0.0	0.0	0.00036693125000000006
202.962	0.0	0.0	0.000301503125
203.012	0.0	0.0	0.00026007187500000004
203.082	0.0	0.0	0.00019981062500000002
203.182	0.0	0.0	0.000114839375
203.302	0.0	0.0	1.14148125e-05
203.352	0.0	0.0	-2.33296875e-05
203.412	0.0	0.0	-7.498968750000001e-05
203.512	0.0	0.0	-0.00014947406250000002
203.632	0.0	0.0	-0.00024165312500000003
203.682	0.0	0.0	-0.00025963437500000003
203.752	0.0	0.0	-0.00028673749999999997
203.852	0.0	0.0	-0.000325696875
203.972	0.0	0.0	-0.000373603125
204.022	0.0	0.0	-0.00036743437500000005
204.092	0.0	0.0	-0.000358421875
204.192	0.0	0.0	-0.00034571250000000003
204.312	0.0	0.0	-0.000330225
204.362	0.0	0.0	-0.00030312187500000003
204.422	0.0	0.0	-0.00026271875
204.522	0.0	0.0	-0.00020433218750000003
204.642	0.0	0.0	-0.000132006875
204.692	0.0	0.0	-9.1931875e-05
204.762	0.0	0.0	-3.131625e-05
204.862	0.0	0.0	5.600875000000001e-05
204.982	0.0	0.0	0.00016347625
205.032	0.0	0.0	0.00020027437500000003
205.102	0.0	0.0	0.00025414375
205.202	0.0	0.0	0.00033040000000000006
205.322	0.0	0.0	0.00042336875000000007
205.362	0.0	0.0	0.00043459062500000005
205.432	0.0	0.0	0.00045141250000000006
205.532	0.0	0.0	0.00047573750000000006
205.652	0.0	0.0	0.000505903125
205.702	0.0	0.0	0.0004822343750000001
205.772	0.0	0.0	0.0004462937500000001
205.872	0.0	0.0	0.00039440625000000006
205.992	0.0	0.0	0.00033050937500000006
206.042	0.0	0.0	0.00027496875000000004
206.112	0.0	0.0	0.00019340125
206.212	0.0	0.0	7.772625000000001e-05
206.332	0.0	0.0	-6.34396875e-05
206.372	0.0	0.0	-0.00012067343750000002
206.442	0.0	0.0	-0.00020662906250000002
206.542	0.0	0.0	-0.00033131875
206.662	0.0	0.0	-0.0004860406250000001
206.712	0.0	0.0	-0.00051874375
206.782	0.0	0.0	-0.00056853125
206.882	0.0	0.0	-0.0006405218750000001
207.002	0.0	0.0	-0.0007292687500000001
207.052	0.0	0.0	-0.000712928125
207.122	0.0	0.0	-0.0006888656250000001
207.222	0.0	0.0	-0.0006546531250000001
207.342	0.0	0.0	-0.0006128718750000002
207.382	0.0	0.0	-0.000552846875
207.452	0.0	0.0	-0.00046239375
207.552	0.0	0.0	-0.0003309250000000001
207.672	0.0	0.0	-0.00016764125
207.722	0.0	0.0	-8.759187500000001e-05
207.792	0.0	0.0	3.469375e-05
207.892	0.0	0.0	0.00021190750000000004
208.012	0.0	0.0	0.00043054375000000007
208.062	0.0	0.0	0.0004906781250000001
208.132	0.0	0.0	0.00057955625
208.232	0.0	0.0	0.000706059375
208.352	0.0	0.0	0.0008607375000000002
208.392	0.0	0.0	0.0008637343749999999
208.462	0.0	0.0	0.0008682625000000001
208.562	0.0	0.0	0.0008748687500000001
208.682	0.0	0.0	0.0008830718750000001
208.732	0.0	0.0	0.0008261312500000001
208.792	0.0	0.0	0.0007388281250000001
208.902	0.0	0.0	0.0006120625000000001
209.022	0.0	0.0	0.00045554687500000006
209.072	0.0	0.0	0.00036045625
209.142	0.0	0.0	0.00021951562500000004
209.242	0.0	0.0	1.842159375e-05
209.362	0.0	0.0	-0.00022760937500000003
209.402	0.0	0.0	-0.00030480625000000005
209.472	0.0	0.0	-0.00042190312500000005
209.572	0.0	0.0	-0.0005928125
209.692	0.0	0.0	-0.0008054593750000001
209.742	0.0	0.0	-0.0008322343750000001
209.802	0.0	0.0	-0.0008734250000000002
209.912	0.0	0.0	-0.0009333406250000001
210.032	0.0	0.0	-0.0010073875000000002
210.082	0.0	0.0	-0.0009653437500000001
210.152	0.0	0.0	-0.0009028250000000001
210.252	0.0	0.0	-0.0008134875
210.372	0.0	0.0	-0.0007040687500000001
210.412	0.0	0.0	-0.0006202875
210.482	0.0	0.0	-0.000492734375
210.582	0.0	0.0	-0.000306184375
210.702	0.0	0.0	-7.38959375e-05
210.742	0.0	0.0	1.4056656249999999e-05
210.812	0.0	0.0	0.00014977375000000003
210.922	0.0	0.0	0.000347615625
211.042	0.0	0.0	0.0005923312500000001
211.092	0.0	0.0	0.0006405875000000001
211.162	0.0	0.0	0.0007125781250000001
211.262	0.0	0.0	0.0008156750000000001
211.382	0.0	0.0	0.0009420250000000001
211.422	0.0	0.0	0.0009262968750000001
211.492	0.0	0.0	0.0009022781250000001
211.592	0.0	0.0	0.00086708125
211.712	0.0	0.0	0.000823221875
211.752	0.0	0.0	0.0007565906250000001
211.822	0.0	0.0	0.000653428125
211.922	0.0	0.0	0.000502753125
212.052	0.0	0.0	0.00031620312499999997
212.102	0.0	0.0	0.00023075937500000005
212.172	0.0	0.0	0.00010289781250000001
212.272	0.0	0.0	-8.0605e-05
212.392	0.0	0.0	-0.00030570312500000004
212.432	0.0	0.0	-0.000360259375
212.502	0.0	0.0	-0.000443909375
212.602	0.0	0.0	-0.0005667375
212.722	0.0	0.0	-0.00071995
212.762	0.0	0.0	-0.000726184375
212.832	0.0	0.0	-0.000735853125
212.932	0.0	0.0	-0.00075000625
213.062	0.0	0.0	-0.0007675500000000001
213.112	0.0	0.0	-0.0007235375000000001
213.182	0.0	0.0	-0.000657453125
213.282	0.0	0.0	-0.0005624062500000001
213.402	0.0	0.0	-0.000445725
213.442	0.0	0.0	-0.00038215625000000006
213.512	0.0	0.0	-0.00028435312500000004
213.612	0.0	0.0	-0.0001404265625
213.732	0.0	0.0	3.92371875e-05
213.772	0.0	0.0	9.502937500000002e-05
213.842	0.0	0.0	0.000182004375
213.942	0.0	0.0	0.00030955312500000005
214.072	0.0	0.0	0.00046770937500000004
214.122	0.0	0.0	0.0004904375000000001
214.192	0.0	0.0	0.000524671875
214.292	0.0	0.0	0.0005740000000000001
214.412	0.0	0.0	0.0006346156250000002
214.452	0.0	0.0	0.0006165031250000001
214.522	0.0	0.0	0.000588546875
214.622	0.0	0.0	0.000547334375
214.742	0.0	0.0	0.00049581875
214.782	0.0	0.0	0.0004488968750000001
214.852	0.0	0.0	0.00037550625000000004
214.952	0.0	0.0	0.0002676625
215.082	0.0	0.0	0.0001338203125
215.132	0.0	0.0	7.87521875e-05
215.202	0.0	0.0	-4.4150312500000006e-06
215.302	0.0	0.0	-0.00012441625
215.422	0.0	0.0	-0.00027195
215.462	0.0	0.0	-0.000305025
215.532	0.0	0.0	-0.00035643125
215.632	0.0	0.0	-0.00043264375000000006
215.752	0.0	0.0	-0.0005281062500000001
215.792	0.0	0.0	-0.000528828125
215.862	0.0	0.0	-0.00052994375
215.972	0.0	0.0	-0.000531584375
216.092	0.0	0.0	-0.00053361875
216.132	0.0	0.0	-0.000501571875
216.202	0.0	0.0	-0.0004521125
216.302	0.0	0.0	-0.0003790937500000001
216.422	0.0	0.0	-0.00028783125000000003
216.462	0.0	0.0	-0.00023745312500000003
216.532	0.0	0.0	-0.00015809937500000002
216.632	0.0	0.0	-4.106812500000001e-05
216.762	0.0	0.0	0.00010438312500000001
216.812	0.0	0.0	0.000150294375
216.882	0.0	0.0	0.00022006250000000002
216.982	0.0	0.0	0.00032110312500000003
217.102	0.0	0.0	0.0004455281250000001
217.142	0.0	0.0	0.000460840625
217.212	0.0	0.0	0.00048472812500000007
217.312	0.0	0.0	0.000520121875
217.432	0.0	0.0	0.000564440625
217.472	0.0	0.0	0.0005444687499999999
217.542	0.0	0.0	0.000512946875
217.642	0.0	0.0	0.00046637500000000005
217.772	0.0	0.0	0.00040847187500000007
217.822	0.0	0.0	0.000361025
217.882	0.0	0.0	0.000288684375
217.992	0.0	0.0	0.00018370187500000004
218.112	0.0	0.0	5.43046875e-05
218.152	0.0	0.0	8.65571875e-06
218.222	0.0	0.0	-6.27440625e-05
218.322	0.0	0.0	-0.00016882906250000003
218.442	0.0	0.0	-0.00030176562500000006
218.482	0.0	0.0	-0.00032683437500000004
218.552	0.0	0.0	-0.00036655937500000004
218.652	0.0	0.0	-0.00042533750000000003
218.782	0.0	0.0	-0.0004985093750000001
218.832	0.0	0.0	-0.0004903062500000001
218.892	0.0	0.0	-0.000477771875
219.002	0.0	0.0	-0.00045955
219.122	0.0	0.0	-0.00043708437500000004
219.162	0.0	0.0	-0.00040446875000000004
219.232	0.0	0.0	-0.00035325937500000005
219.332	0.0	0.0	-0.00027700312500000005
219.452	0.0	0.0	-0.00018138968750000003
219.492	0.0	0.0	-0.0001414765625
219.562	0.0	0.0	-7.801062500000002e-05
219.662	0.0	0.0	1.6111812499999998e-05
219.792	0.0	0.0	0.0001333653125
219.842	0.0	0.0	0.0001614746875
219.902	0.0	0.0	0.0002046209375
220.012	0.0	0.0	0.0002674875
220.132	0.0	0.0	0.000345078125
220.172	0.0	0.0	0.00034877500000000006
220.242	0.0	0.0	0.00035459375000000004
220.342	0.0	0.0	0.000363278125
220.462	0.0	0.0	0.00037417187500000005
220.502	0.0	0.0	0.0003566500000000001
220.572	0.0	0.0	0.000328671875
220.672	0.0	0.0	0.0002870875
220.802	0.0	0.0	0.00023524375
220.842	0.0	0.0	0.000202610625
220.912	0.0	0.0	0.0001523484375
221.022	0.0	0.0	7.897531250000001e-05
221.142	0.0	0.0	-1.1688031250000001e-05
221.182	0.0	0.0	-4.5007812500000004e-05
221.252	0.0	0.0	-9.7698125e-05
221.352	0.0	0.0	-0.00017646562500000002
221.472	0.0	0.0	-0.00027542812499999997
221.512	0.0	0.0	-0.000299184375
221.582	0.0	0.0	-0.000337225
221.682	0.0	0.0	-0.00039390312500000007
221.812	0.0	0.0	-0.00046458124999999997
221.852	0.0	0.0	-0.00046228437500000005
221.922	0.0	0.0	-0.000458696875
222.022	0.0	0.0	-0.00045346875000000004
222.152	0.0	0.0	-0.00044699375
222.192	0.0	0.0	-0.00041219062500000005
222.262	0.0	0.0	-0.00035693437500000007
222.362	0.0	0.0	-0.00027418125000000005
222.482	0.0	0.0	-0.00017012625000000002
222.522	0.0	0.0	-0.00010998312500000001
222.592	0.0	0.0	-1.331334375e-05
222.692	0.0	0.0	0.00013090875
222.822	0.0	0.0	0.00031101874999999997
222.862	0.0	0.0	0.00036955625000000003
222.932	0.0	0.0	0.00046033750000000007
223.032	0.0	0.0	0.00059338125
223.162	0.0	0.0	0.00075805625
223.202	0.0	0.0	0.0007748562500000001
223.272	0.0	0.0	0.0008016093750000001
223.372	0.0	0.0	0.00084175
223.492	0.0	0.0	0.0008922812500000001
223.532	0.0	0.0	0.000849909375
223.602	0.0	0.0	0.0007815718750000001
223.702	0.0	0.0	0.0006793937500000001
223.832	0.0	0.0	0.0005516875
223.872	0.0	0.0	0.0004558531250000001
223.942	0.0	0.0	0.000306775
224.042	0.0	0.0	8.782156250000001e-05
224.172	0.0	0.0	-0.00018339343750000005
224.212	0.0	0.0	-0.00027881875
224.282	0.0	0.0	-0.00043139687500000004
224.382	0.0	0.0	-0.0006609093750000001
224.502	0.0	0.0	-0.0009499437500000001
224.542	0.0	0.0	-0.0010004750000000002
224.612	0.0	0.0	-0.001082309375
224.712	0.0	0.0	-0.0012048750000000002
224.842	0.0	0.0	-0.0013581531250000001
224.882	0.0	0.0	-0.001323175
224.952	0.0	0.0	-0.001268575
225.052	0.0	0.0	-0.001188228125
225.182	0.0	0.0	-0.001088609375
225.222	0.0	0.0	-0.000981553125
225.292	0.0	0.0	-0.0008097250000000001
225.392	0.0	0.0	-0.000550746875
225.512	0.0	0.0	-0.00022428437500000002
225.552	0.0	0.0	-8.69925e-05
225.622	0.0	0.0	0.0001361325
225.722	0.0	0.0	0.00047101250000000004
225.852	0.0	0.0	0.0008902031250000002
225.892	0.0	0.0	0.00098870625
225.962	0.0	0.0	0.0011430125
226.062	0.0	0.0	0.0013705343750000003
226.192	0.0	0.0	0.00165283125
226.232	0.0	0.0	0.001650446875
226.302	0.0	0.0	0.00164661875
226.402	0.0	0.0	0.0016408437500000002
226.522	0.0	0.0	0.0016335375000000002
226.562	0.0	0.0	0.001527925
226.632	0.0	0.0	0.0013556812500000004
226.732	0.0	0.0	0.0010966374999999999
226.862	0.0	0.0	0.0007721000000000001
226.902	0.0	0.0	0.0006026124999999999
226.972	0.0	0.0	0.00033619687500000006
227.072	0.0	0.0	-5.740000000000001e-05
227.202	0.0	0.0	-0.000546175
227.242	0.0	0.0	-0.0006795031250000001
227.312	0.0	0.0	-0.0008951468750000002
227.402	0.0	0.0	-0.0012215000000000001
227.532	0.0	0.0	-0.001633559375
227.572	0.0	0.0	-0.0016751656250000003
227.642	0.0	0.0	-0.0017433062499999999
227.742	0.0	0.0	-0.0018459875
227.872	0.0	0.0	-0.001974721875
227.912	0.0	0.0	-0.0018914875
227.982	0.0	0.0	-0.0017601937500000002
228.082	0.0	0.0	-0.0015658343750000001
228.212	0.0	0.0	-0.0013243125000000002
228.252	0.0	0.0	-0.00116659375
228.322	0.0	0.0	-0.0009105468750000001
228.412	0.0	0.0	-0.0005222218750000001
228.542	0.0	0.0	-3.1539374999999997e-05
228.582	0.0	0.0	0.00013391656249999999
228.652	0.0	0.0	0.000405825
228.752	0.0	0.0	0.0008163312500000001
228.882	0.0	0.0	0.0013314437500000001
228.922	0.0	0.0	0.0014218312500000002
228.992	0.0	0.0	0.0015647843750000003
229.092	0.0	0.0	0.00177673125
229.222	0.0	0.0	0.00204028125
229.262	0.0	0.0	0.002006046875
229.322	0.0	0.0	0.0019500250000000004
229.422	0.0	0.0	0.0018646031250000004
229.552	0.0	0.0	0.0017564312500000002
229.592	0.0	0.0	0.0016146375
229.662	0.0	0.0	0.0013837687500000003
229.762	0.0	0.0	0.001038034375
229.892	0.0	0.0	0.000607096875
229.932	0.0	0.0	0.00043634062499999996
230.002	0.0	0.0	0.00015915593749999998
230.092	0.0	0.0	-0.00026158125
230.222	0.0	0.0	-0.0007935375
230.262	0.0	0.0	-0.0009175250000000001
230.332	0.0	0.0	-0.001122778125
230.432	0.0	0.0	-0.0014338406250000001
230.562	0.0	0.0	-0.0018247250000000003
230.602	0.0	0.0	-0.0018391843750000002
230.672	0.0	0.0	-0.0018621968750000002
230.772	0.0	0.0	-0.0018964531250000001
230.902	0.0	0.0	-0.0019391093750000003
230.942	0.0	0.0	-0.0018419843750000003
231.002	0.0	0.0	-0.0016826906250000002
231.102	0.0	0.0	-0.0014397250000000002
231.232	0.0	0.0	-0.001132096875
231.272	0.0	0.0	-0.000969609375
231.342	0.0	0.0	-0.0006999125
231.442	0.0	0.0	-0.00029054375
231.572	0.0	0.0	0.00022424062500000003
231.612	0.0	0.0	0.0003770593750000001
231.682	0.0	0.0	0.000621271875
231.782	0.0	0.0	0.000985446875
231.912	0.0	0.0	0.0014393750000000001
231.952	0.0	0.0	0.00149681875
232.012	0.0	0.0	0.0015914281250000004
232.112	0.0	0.0	0.0017360000000000001
232.242	0.0	0.0	0.0019192031250000001
232.282	0.0	0.0	0.0018662218750000003
232.352	0.0	0.0	0.001777934375
232.452	0.0	0.0	0.0016436437500000002
232.582	0.0	0.0	0.0014746593750000001
232.622	0.0	0.0	0.0013298687500000001
232.692	0.0	0.0	0.001097621875
232.792	0.0	0.0	0.000750640625
232.922	0.0	0.0	0.00031777812500000005
232.962	0.0	0.0	0.000168385
233.022	0.0	0.0	-7.85815625e-05
233.122	0.0	0.0	-0.00045677187500000005
233.252	0.0	0.0	-0.000936446875
233.292	0.0	0.0	-0.001032390625
233.362	0.0	0.0	-0.0011928875
233.462	0.0	0.0	-0.0014374718750000003
233.592	0.0	0.0	-0.001745515625
233.632	0.0	0.0	-0.00173788125
233.702	0.0	0.0	-0.0017255875000000002
233.802	0.0	0.0	-0.0017072125000000002
233.932	0.0	0.0	-0.0016842656250000004
233.972	0.0	0.0	-0.0015831375000000003
234.032	0.0	0.0	-0.0014152906250000001
234.132	0.0	0.0	-0.00115775625
234.262	0.0	0.0	-0.0008308562500000001
234.302	0.0	0.0	-0.0006813625000000001
234.372	0.0	0.0	-0.000430346875
234.472	0.0	0.0	-4.705312500000001e-05
234.602	0.0	0.0	0.00043607812500000005
234.642	0.0	0.0	0.0005652062500000001
234.712	0.0	0.0	0.0007738500000000001
234.812	0.0	0.0	0.00108679375
234.942	0.0	0.0	0.0014778531250000003
234.982	0.0	0.0	0.0015145375
235.042	0.0	0.0	0.0015757
235.142	0.0	0.0	0.0016697406250000002
235.272	0.0	0.0	0.0017892218750000003
235.312	0.0	0.0	0.0017244718750000004
235.382	0.0	0.0	0.0016153375
235.482	0.0	0.0	0.0014483437500000002
235.612	0.0	0.0	0.0012376875
235.652	0.0	0.0	0.0010939906250000003
235.722	0.0	0.0	0.0008609562499999999
235.822	0.0	0.0	0.000510715625
235.952	0.0	0.0	7.272125e-05
235.992	0.0	0.0	-6.515031250000001e-05
236.052	0.0	0.0	-0.00029581562500000005
236.152	0.0	0.0	-0.0006512406250000002
236.282	0.0	0.0	-0.0011031125000000002
236.322	0.0	0.0	-0.00118181875
236.392	0.0	0.0	-0.0013150156250000002
236.492	0.0	0.0	-0.0015192187500000004
236.622	0.0	0.0	-0.0017770375000000001
236.662	0.0	0.0	-0.001751990625
236.732	0.0	0.0	-0.0017112375
236.832	0.0	0.0	-0.0016498562500000002
236.962	0.0	0.0	-0.0015730312500000002
237.002	0.0	0.0	-0.0014619062500000003
237.062	0.0	0.0	-0.001275246875
237.162	0.0	0.0	-0.00098704375
237.292	0.0	0.0	-0.0006203312500000001
237.332	0.0	0.0	-0.0004702250000000001
237.402	0.0	0.0	-0.00021518656250000003
237.502	0.0	0.0	0.00017659687500000003
237.632	0.0	0.0	0.000671584375
237.672	0.0	0.0	0.0007903656250000001
237.742	0.0	0.0	0.0009844406250000002
237.842	0.0	0.0	0.001277259375
237.972	0.0	0.0	0.0016440375000000003
238.012	0.0	0.0	0.001664096875
238.072	0.0	0.0	0.0016979593750000002
238.172	0.0	0.0	0.001750328125
238.302	0.0	0.0	0.0018170250000000003
238.342	0.0	0.0	0.0017346000000000002
238.412	0.0	0.0	0.00159394375
238.512	0.0	0.0	0.001377490625
238.642	0.0	0.0	0.00110376875
238.682	0.0	0.0	0.0009492218750000001
238.752	0.0	0.0	0.0006957781250000001
238.852	0.0	0.0	0.000312615625
238.982	0.0	0.0	-0.000167733125
239.022	0.0	0.0	-0.00030290312499999997
239.082	0.0	0.0	-0.0005318031250000001
239.182	0.0	0.0	-0.0008867468750000001
239.312	0.0	0.0	-0.0013390562500000002
239.352	0.0	0.0	-0.0014025156250000001
239.422	0.0	0.0	-0.001511190625
239.522	0.0	0.0	-0.0016787750000000002
239.652	0.0	0.0	-0.0018908750000000002
239.692	0.0	0.0	-0.001843996875
239.762	0.0	0.0	-0.0017668656250000002
239.862	0.0	0.0	-0.0016499875
239.992	0.0	0.0	-0.0015033593750000001
240.032	0.0	0.0	-0.0013775343750000002
240.092	0.0	0.0	-0.001163553125
240.192	0.0	0.0	-0.000831075
240.322	0.0	0.0	-0.000407028125
240.362	0.0	0.0	-0.000256090625
240.432	0.0	0.0	3.5205625000000006e-06
240.532	0.0	0.0	0.000404709375
240.662	0.0	0.0	0.0009127562500000001
240.702	0.0	0.0	0.001016071875
240.772	0.0	0.0	0.0011867843750000002
240.872	0.0	0.0	0.0014459375000000002
241.002	0.0	0.0	0.0017713062500000004
241.042	0.0	0.0	0.0017697750000000003
241.102	0.0	0.0	0.0017671718750000003
241.202	0.0	0.0	0.001763103125
241.332	0.0	0.0	0.0017579187500000003
241.372	0.0	0.0	0.00165921875
241.442	0.0	0.0	0.0014887687500000002
241.542	0.0	0.0	0.0012248250000000001
241.672	0.0	0.0	0.0008903125
241.712	0.0	0.0	0.000736028125
241.782	0.0	0.0	0.0004801343750000001
241.882	0.0	0.0	9.0908125e-05
242.012	0.0	0.0	-0.00039819062500000003
242.052	0.0	0.0	-0.000515921875
242.112	0.0	0.0	-0.0007178062500000001
242.212	0.0	0.0	-0.0010327843750000002
242.342	0.0	0.0	-0.0014351312500000002
242.382	0.0	0.0	-0.0014734125000000003
242.452	0.0	0.0	-0.0015397812500000001
242.552	0.0	0.0	-0.0016427687500000002
242.682	0.0	0.0	-0.0017733625000000003
242.722	0.0	0.0	-0.001708896875
242.792	0.0	0.0	-0.0016015343750000002
242.892	0.0	0.0	-0.0014379093750000003
243.022	0.0	0.0	-0.001232153125
243.062	0.0	0.0	-0.001109675
243.122	0.0	0.0	-0.0008987781250000001
243.222	0.0	0.0	-0.00056905625
243.352	0.0	0.0	-0.000147538125
243.392	0.0	0.0	-2.000315625e-05
243.452	0.0	0.0	0.00020202875000000002
243.562	0.0	0.0	0.000547225
243.692	0.0	0.0	0.00098538125
243.732	0.0	0.0	0.00105660625
243.802	0.0	0.0	0.001175540625
243.902	0.0	0.0	0.001357059375
244.032	0.0	0.0	0.0015854781250000003
244.072	0.0	0.0	0.0015651343750000002
244.132	0.0	0.0	0.0015297406250000002
244.232	0.0	0.0	0.0014741562500000002
244.362	0.0	0.0	0.0014029093750000002
244.402	0.0	0.0	0.0013061781250000002
244.472	0.0	0.0	0.0011395125
244.572	0.0	0.0	0.0008825250000000002
244.702	0.0	0.0	0.0005584250000000001
244.742	0.0	0.0	0.000440934375
244.802	0.0	0.0	0.0002386125
244.902	0.0	0.0	-7.794281250000001e-05
245.032	0.0	0.0	-0.00048291250000000006
245.072	0.0	0.0	-0.0005705875000000001
245.132	0.0	0.0	-0.00072445625
245.242	0.0	0.0	-0.0009645781250000002
245.372	0.0	0.0	-0.0012698000000000002
245.412	0.0	0.0	-0.0012862062500000001
245.482	0.0	0.0	-0.0013138343750000003
245.582	0.0	0.0	-0.0013561625000000003
245.712	0.0	0.0	-0.0014094937500000002
245.752	0.0	0.0	-0.0013512406250000002
245.812	0.0	0.0	-0.0012497625000000001
245.912	0.0	0.0	-0.00109025
246.042	0.0	0.0	-0.00088589375
246.082	0.0	0.0	-0.00078089375
246.142	0.0	0.0	-0.000596028125
246.252	0.0	0.0	-0.000307103125
246.382	0.0	0.0	6.037718750000001e-05
246.422	0.0	0.0	0.00016629812500000001
246.492	0.0	0.0	0.0003451875
246.592	0.0	0.0	0.0006198062500000001
246.722	0.0	0.0	0.0009661750000000001
246.762	0.0	0.0	0.00101390625
246.822	0.0	0.0	0.001097403125
246.922	0.0	0.0	0.0012289375000000002
247.052	0.0	0.0	0.001397571875
247.092	0.0	0.0	0.0013721968750000002
247.152	0.0	0.0	0.00132733125
247.262	0.0	0.0	0.001257046875
247.392	0.0	0.0	0.001167578125
247.432	0.0	0.0	0.0010721593749999998
247.502	0.0	0.0	0.0009103500000000001
247.602	0.0	0.0	0.0006614562500000001
247.732	0.0	0.0	0.00034730937500000004
247.772	0.0	0.0	0.0002366
247.832	0.0	0.0	4.214e-05
247.932	0.0	0.0	-0.0002648625
248.062	0.0	0.0	-0.0006587656250000001
248.102	0.0	0.0	-0.00074256875
248.162	0.0	0.0	-0.0008913406250000001
248.272	0.0	0.0	-0.0011248343750000001
248.402	0.0	0.0	-0.0014222687500000002
248.442	0.0	0.0	-0.0014326375
248.512	0.0	0.0	-0.0014503125000000002
248.612	0.0	0.0	-0.0014775468750000001
248.742	0.0	0.0	-0.00151195625
248.782	0.0	0.0	-0.0014408406250000002
248.842	0.0	0.0	-0.001315321875
248.942	0.0	0.0	-0.0011168062500000002
249.072	0.0	0.0	-0.0008618750000000001
249.112	0.0	0.0	-0.0007354375000000001
249.172	0.0	0.0	-0.00050999375
249.282	0.0	0.0	-0.00015552031250000003
249.412	0.0	0.0	0.00029638437500000003
249.452	0.0	0.0	0.000423084375
249.522	0.0	0.0	0.000639603125
249.622	0.0	0.0	0.0009740281250000001
249.752	0.0	0.0	0.00139680625
249.792	0.0	0.0	0.0014478625000000002
249.852	0.0	0.0	0.0015383593750000002
249.952	0.0	0.0	0.0016818156250000002
250.082	0.0	0.0	0.0018661562500000002
250.122	0.0	0.0	0.001819146875
250.182	0.0	0.0	0.00173499375
250.292	0.0	0.0	0.001602365625
250.422	0.0	0.0	0.0014331843750000001
250.462	0.0	0.0	0.0012947375
250.532	0.0	0.0	0.001057153125
250.632	0.0	0.0	0.00068945625
250.762	0.0	0.0	0.00022428437500000002
250.802	0.0	0.0	7.502031250000001e-05
250.862	0.0	0.0	-0.00019068218750000002
250.962	0.0	0.0	-0.0006127625
251.092	0.0	0.0	-0.00115556875
251.132	0.0	0.0	-0.00125575625
251.192	0.0	0.0	-0.001435896875
251.302	0.0	0.0	-0.0017203156250000004
251.432	0.0	0.0	-0.0020834625000000005
251.472	0.0	0.0	-0.00207405625
251.542	0.0	0.0	-0.0020578468750000003
251.642	0.0	0.0	-0.0020327125
251.772	0.0	0.0	-0.002000884375
251.812	0.0	0.0	-0.00188566875
251.872	0.0	0.0	-0.0016796281250000002
251.972	0.0	0.0	-0.0013516343750000002
252.102	0.0	0.0	-0.0009295125
252.142	0.0	0.0	-0.0007543375000000002
252.202	0.0	0.0	-0.00043793749999999996
252.312	0.0	0.0	6.25821875e-05
252.442	0.0	0.0	0.0007021218750000002
252.482	0.0	0.0	0.0008561437500000001
252.552	0.0	0.0	0.0011226031250000002
252.652	0.0	0.0	0.0015366093750000002
252.782	0.0	0.0	0.0020612156250000005
252.822	0.0	0.0	0.00210196875
252.882	0.0	0.0	0.002175184375
252.982	0.0	0.0	0.0022920625000000003
253.112	0.0	0.0	0.00244234375
253.152	0.0	0.0	0.00235528125
253.212	0.0	0.0	0.0021971250000000003
253.322	0.0	0.0	0.0019462843750000002
253.452	0.0	0.0	0.0016256406250000003
253.492	0.0	0.0	0.0014371656250000001
253.552	0.0	0.0	0.0011097625
253.662	0.0	0.0	0.000600053125
253.792	0.0	0.0	-4.6333437500000005e-05
253.832	0.0	0.0	-0.00022288437500000004
253.892	0.0	0.0	-0.00054145
253.992	0.0	0.0	-0.0010506781250000001
254.122	0.0	0.0	-0.0017070812500000004
254.162	0.0	0.0	-0.0018025000000000003
254.222	0.0	0.0	-0.0019763406249999997
254.332	0.0	0.0	-0.00225246875
254.462	0.0	0.0	-0.0026057500000000004
254.502	0.0	0.0	-0.0025617812500000007
254.562	0.0	0.0	-0.0024847812500000004
254.672	0.0	0.0	-0.0023644687500000003
254.802	0.0	0.0	-0.00221221875
254.832	0.0	0.0	-0.0020583281250000003
254.902	0.0	0.0	-0.0017795312499999999
255.002	0.0	0.0	-0.0013329750000000001
255.132	0.0	0.0	-0.0007568750000000001
255.172	0.0	0.0	-0.0005585781250000002
255.232	0.0	0.0	-0.000195615
255.342	0.0	0.0	0.00038204687500000006
255.472	0.0	0.0	0.0011218375
255.512	0.0	0.0	0.0012697125000000003
255.572	0.0	0.0	0.0015287562500000001
255.682	0.0	0.0	0.0019336843750000002
255.812	0.0	0.0	0.00244803125
255.842	0.0	0.0	0.0024607187500000002
255.912	0.0	0.0	0.0024841250000000002
256.012	0.0	0.0	0.0025215312500000003
256.142	0.0	0.0	0.0025700937500000003
256.182	0.0	0.0	0.0024513125
256.242	0.0	0.0	0.0022332187500000004
256.352	0.0	0.0	0.0018853187500000002
256.482	0.0	0.0	0.001439440625
256.522	0.0	0.0	0.00123668125
256.582	0.0	0.0	0.000880053125
256.692	0.0	0.0	0.00032147500000000005
256.822	0.0	0.0	-0.00038852187500000004
256.852	0.0	0.0	-0.000552103125
256.922	0.0	0.0	-0.0008513968750000001
257.022	0.0	0.0	-0.0013328000000000003
257.152	0.0	0.0	-0.00195475
257.192	0.0	0.0	-0.0020195437500000004
257.252	0.0	0.0	-0.002139178125
257.362	0.0	0.0	-0.0023303437500000004
257.492	0.0	0.0	-0.0025755625
257.532	0.0	0.0	-0.0025025
257.592	0.0	0.0	-0.0023736562500000003
257.702	0.0	0.0	-0.0021714875
257.832	0.0	0.0	-0.001914215625
257.862	0.0	0.0	-0.0017560375000000002
257.932	0.0	0.0	-0.00146531875
258.032	0.0	0.0	-0.000996690625
258.162	0.0	0.0	-0.000390775
258.202	0.0	0.0	-0.00021563937500000005
258.262	0.0	0.0	0.00010926125000000003
258.372	0.0	0.0	0.0006294968750000001
258.502	0.0	0.0	0.0012972312500000001
258.542	0.0	0.0	0.0014051187500000002
258.602	0.0	0.0	0.001596328125
258.712	0.0	0.0	0.0018968906250000004
258.842	0.0	0.0	0.0022793750000000006
258.872	0.0	0.0	0.0022638437500000002
258.942	0.0	0.0	0.00223475
259.042	0.0	0.0	0.00218771875
259.172	0.0	0.0	0.002126796875
259.212	0.0	0.0	0.002003925
259.272	0.0	0.0	0.001778634375
259.382	0.0	0.0	0.0014209125
259.512	0.0	0.0	0.0009646874999999999
259.542	0.0	0.0	0.000807034375
259.612	0.0	0.0	0.0005172781250000001
259.712	0.0	0.0	4.98465625e-05
259.842	0.0	0.0	-0.000554925
259.872	0.0	0.0	-0.0006783000000000001
259.942	0.0	0.0	-0.0009092125000000001
260.052	0.0	0.0	-0.001280365625
260.182	0.0	0.0	-0.0017573937500000004
260.222	0.0	0.0	-0.0017879312500000003
260.282	0.0	0.0	-0.0018424875000000002
260.392	0.0	0.0	-0.0019285656250000002
260.522	0.0	0.0	-0.002038290625
260.552	0.0	0.0	-0.001968028125
260.622	0.0	0.0	-0.0018372593750000004
260.722	0.0	0.0	-0.0016252906250000003
260.852	0.0	0.0	-0.0013506500000000001
260.882	0.0	0.0	-0.001218196875
260.952	0.0	0.0	-0.0009694125
261.052	0.0	0.0	-0.000568925
261.192	0.0	0.0	-5.3886875000000006e-05
261.232	0.0	0.0	7.97234375e-05
261.292	0.0	0.0	0.0003194625000000001
261.402	0.0	0.0	0.00069846875
261.532	0.0	0.0	0.001181928125
261.562	0.0	0.0	0.0012406625000000002
261.632	0.0	0.0	0.001350496875
261.732	0.0	0.0	0.0015288875
261.862	0.0	0.0	0.0017602156250000002
261.892	0.0	0.0	0.0017320406250000003
261.962	0.0	0.0	0.00167890625
262.062	0.0	0.0	0.0015931781250000004
262.202	0.0	0.0	0.0014828625000000001
262.242	0.0	0.0	0.0013785843750000002
262.302	0.0	0.0	0.0011906343750000003
262.412	0.0	0.0	0.0008929156250000001
262.542	0.0	0.0	0.0005128593750000001
262.572	0.0	0.0	0.00039983125
262.642	0.0	0.0	0.00018741406250000003
262.742	0.0	0.0	-0.00015833125000000003
262.872	0.0	0.0	-0.00060694375
262.902	0.0	0.0	-0.000686328125
262.972	0.0	0.0	-0.0008368500000000001
263.072	0.0	0.0	-0.001080121875
263.212	0.0	0.0	-0.0013934375000000001
263.252	0.0	0.0	-0.0014006343750000002
263.312	0.0	0.0	-0.0014136718750000002
263.422	0.0	0.0	-0.00143434375
263.552	0.0	0.0	-0.0014607468750000002
263.582	0.0	0.0	-0.0013992562500000003
263.652	0.0	0.0	-0.0012831000000000001
263.752	0.0	0.0	-0.00109361875
263.882	0.0	0.0	-0.0008476125000000001
263.912	0.0	0.0	-0.000748103125
263.982	0.0	0.0	-0.0005585781250000002
264.082	0.0	0.0	-0.000251628125
264.222	0.0	0.0	0.0001440075
264.262	0.0	0.0	0.00023607500000000003
264.322	0.0	0.0	0.000403440625
264.432	0.0	0.0	0.0006696375
264.562	0.0	0.0	0.001009990625
264.592	0.0	0.0	0.001043021875
264.662	0.0	0.0	0.00110569375
264.762	0.0	0.0	0.00120815625
264.892	0.0	0.0	0.0013412875000000002
264.922	0.0	0.0	0.0013099843750000002
264.992	0.0	0.0	0.001250046875
265.092	0.0	0.0	0.0011527906250000002
265.232	0.0	0.0	0.001027359375
265.272	0.0	0.0	0.000943315625
265.332	0.0	0.0	0.0007898187500000001
265.442	0.0	0.0	0.0005452125000000001
265.572	0.0	0.0	0.000232225
265.602	0.0	0.0	0.0001482096875
265.672	0.0	0.0	-1.2033875000000002e-05
265.772	0.0	0.0	-0.000274509375
265.902	0.0	0.0	-0.0006158468750000002
265.932	0.0	0.0	-0.000669178125
266.002	0.0	0.0	-0.0007717718750000002
266.102	0.0	0.0	-0.0009385687500000001
266.242	0.0	0.0	-0.0011539062500000002
266.282	0.0	0.0	-0.0011492687500000002
266.342	0.0	0.0	-0.0011407593750000003
266.452	0.0	0.0	-0.001127175
266.582	0.0	0.0	-0.0011098062500000002
266.612	0.0	0.0	-0.0010547250000000003
266.672	0.0	0.0	-0.0009492000000000002
266.782	0.0	0.0	-0.00077595
266.912	0.0	0.0	-0.0005505062500000001
266.942	0.0	0.0	-0.00047026875
267.012	0.0	0.0	-0.00031519687500000004
267.112	0.0	0.0	-6.252968750000001e-05
267.252	0.0	0.0	0.00026385625
267.292	0.0	0.0	0.00033234687500000005
267.352	0.0	0.0	0.00045854375
267.462	0.0	0.0	0.0006604937500000001
267.592	0.0	0.0	0.0009192750000000001
267.622	0.0	0.0	0.000937453125
267.682	0.0	0.0	0.000972453125
267.792	0.0	0.0	0.0010300281250000003
267.922	0.0	0.0	0.0011049937500000001
267.952	0.0	0.0	0.0010711312500000002
268.022	0.0	0.0	0.0010053750000000002
268.122	0.0	0.0	0.0008979906250000001
268.262	0.0	0.0	0.0007591937500000002
268.302	0.0	0.0	0.0006861968750000001
268.362	0.0	0.0	0.000551075
268.472	0.0	0.0	0.000334425
268.602	0.0	0.0	5.65971875e-05
268.632	0.0	0.0	-1.0052875000000002e-05
268.692	0.0	0.0	-0.00013908125000000002
268.802	0.0	0.0	-0.00035177187500000004
268.932	0.0	0.0	-0.000628971875
268.962	0.0	0.0	-0.000665328125
269.032	0.0	0.0	-0.00073626875
269.132	0.0	0.0	-0.0008523375000000001
269.272	0.0	0.0	-0.001002509375
269.312	0.0	0.0	-0.0009890781250000002
269.372	0.0	0.0	-0.0009641187500000002
269.482	0.0	0.0	-0.000924021875
269.612	0.0	0.0	-0.00087255
269.642	0.0	0.0	-0.0008214500000000002
269.702	0.0	0.0	-0.000722028125
269.812	0.0	0.0	-0.0005577906250000001
269.942	0.0	0.0	-0.00034356875
269.972	0.0	0.0	-0.000277703125
270.042	0.0	0.0	-0.0001485640625
270.142	0.0	0.0	6.31684375e-05
270.282	0.0	0.0	0.00033726875000000004
270.312	0.0	0.0	0.0003868812500000001
270.382	0.0	0.0	0.000479565625
270.492	0.0	0.0	0.000628796875
270.622	0.0	0.0	0.0008204218750000001
270.652	0.0	0.0	0.0008265687500000001
270.712	0.0	0.0	0.000838578125
270.822	0.0	0.0	0.0008584624999999999
270.952	0.0	0.0	0.00088440625
270.982	0.0	0.0	0.0008499312500000001
271.052	0.0	0.0	0.000781965625
271.152	0.0	0.0	0.0006703375000000001
271.292	0.0	0.0	0.0005257
271.322	0.0	0.0	0.00046539062500000004
271.392	0.0	0.0	0.00035223125
271.492	0.0	0.0	0.00016968000000000004
271.632	0.0	0.0	-6.494031250000001e-05
271.662	0.0	0.0	-0.00011341750000000001
271.722	0.0	0.0	-0.00020872031250000002
271.832	0.0	0.0	-0.0003668
271.962	0.0	0.0	-0.0005733
271.992	0.0	0.0	-0.0005936875
272.062	0.0	0.0	-0.000634090625
272.162	0.0	0.0	-0.0007005906250000001
272.302	0.0	0.0	-0.0007868
272.332	0.0	0.0	-0.0007684906250000001
272.402	0.0	0.0	-0.0007339937500000001
272.502	0.0	0.0	-0.0006781906250000001
272.642	0.0	0.0	-0.0006064625
272.672	0.0	0.0	-0.0005646156250000001
272.732	0.0	0.0	-0.000481928125
272.842	0.0	0.0	-0.00034448750000000005
272.972	0.0	0.0	-0.00016482156250000003
273.002	0.0	0.0	-0.000118129375
273.072	0.0	0.0	-2.51825e-05
273.172	0.0	0.0	0.00012812625
273.312	0.0	0.0	0.00032703125
273.342	0.0	0.0	0.00035651875000000004
273.412	0.0	0.0	0.0004123218750000001
273.512	0.0	0.0	0.0005026656250000001
273.652	0.0	0.0	0.0006189093750000001
273.682	0.0	0.0	0.0006165031250000001
273.742	0.0	0.0	0.0006117125
273.852	0.0	0.0	0.0006037062500000002
273.982	0.0	0.0	0.000593228125
274.012	0.0	0.0	0.0005641125
274.082	0.0	0.0	0.00050693125
274.182	0.0	0.0	0.00041339375000000006
274.322	0.0	0.0	0.000292796875
274.352	0.0	0.0	0.000255259375
274.412	0.0	0.0	0.000181055
274.522	0.0	0.0	5.760781250000001e-05
274.652	0.0	0.0	-0.00010386031250000001
274.682	0.0	0.0	-0.0001334134375
274.752	0.0	0.0	-0.000192828125
274.852	0.0	0.0	-0.0002912
274.992	0.0	0.0	-0.00041901562500000006
275.022	0.0	0.0	-0.00042728437500000007
275.092	0.0	0.0	-0.0004431000000000001
275.192	0.0	0.0	-0.00046880312500000005
275.332	0.0	0.0	-0.0005019218750000001
275.362	0.0	0.0	-0.00048741875
275.422	0.0	0.0	-0.0004583250000000001
275.532	0.0	0.0	-0.00040971875000000004
275.662	0.0	0.0	-0.000346040625
275.692	0.0	0.0	-0.00031786562500000007
275.762	0.0	0.0	-0.000261034375
275.862	0.0	0.0	-0.000166775
276.002	0.0	0.0	-4.4250937500000006e-05
276.032	0.0	0.0	-1.55299375e-05
276.102	0.0	0.0	3.956750000000001e-05
276.202	0.0	0.0	0.0001292921875
276.342	0.0	0.0	0.00024500000000000005
276.372	0.0	0.0	0.000258059375
276.432	0.0	0.0	0.00028433125
276.542	0.0	0.0	0.000328365625
276.672	0.0	0.0	0.000386071875
276.702	0.0	0.0	0.000381609375
276.772	0.0	0.0	0.00037253125000000003
276.872	0.0	0.0	0.00035745937500000004
277.012	0.0	0.0	0.00033785937500000005
277.042	0.0	0.0	0.00031786562500000007
277.112	0.0	0.0	0.0002793
277.212	0.0	0.0	0.00021638312500000005
277.352	0.0	0.0	0.00013518312500000003
277.382	0.0	0.0	0.00011289906250000003
277.442	0.0	0.0	6.775562500000001e-05
277.542	0.0	0.0	-8.02725e-06
277.682	0.0	0.0	-0.00010742374999999999
277.712	0.0	0.0	-0.00012412093750000002
277.782	0.0	0.0	-0.00015816500000000001
277.882	0.0	0.0	-0.0002148540625
278.022	0.0	0.0	-0.000288640625
278.052	0.0	0.0	-0.00029194375
278.122	0.0	0.0	-0.00029835312500000005
278.222	0.0	0.0	-0.000308809375
278.362	0.0	0.0	-0.0003223062500000001
278.392	0.0	0.0	-0.00031163125
278.452	0.0	0.0	-0.0002898875
278.552	0.0	0.0	-0.00025329062500000003
278.692	0.0	0.0	-0.000205253125
278.722	0.0	0.0	-0.00018557656250000002
278.782	0.0	0.0	-0.00014523468750000002
278.892	0.0	0.0	-7.792531250000001e-05
279.032	0.0	0.0	9.75515625e-06
279.062	0.0	0.0	3.0113125000000003e-05
279.132	0.0	0.0	6.97375e-05
279.232	0.0	0.0	0.0001346625
279.372	0.0	0.0	0.00021857281250000003
279.402	0.0	0.0	0.00022780625000000002
279.462	0.0	0.0	0.00024670625
279.562	0.0	0.0	0.00027855625000000004
279.702	0.0	0.0	0.000320403125
279.732	0.0	0.0	0.00031580937500000003
279.792	0.0	0.0	0.00030635937500000005
279.902	0.0	0.0	0.000290565625
280.042	0.0	0.0	0.00026998125
280.072	0.0	0.0	0.000251890625
280.142	0.0	0.0	0.00021650125000000002
280.242	0.0	0.0	0.00015839031250000003
280.382	0.0	0.0	8.3234375e-05
280.412	0.0	0.0	6.271125000000001e-05
280.472	0.0	0.0	2.04421875e-05
280.572	0.0	0.0	-5.09665625e-05
280.712	0.0	0.0	-0.00014482781250000002
280.742	0.0	0.0	-0.0001601578125
280.802	0.0	0.0	-0.00019191812500000003
280.912	0.0	0.0	-0.00024513125
281.052	0.0	0.0	-0.00031454062500000003
281.082	0.0	0.0	-0.00031613750000000003
281.152	0.0	0.0	-0.00031926562500000005
281.252	0.0	0.0	-0.00032440625000000004
281.392	0.0	0.0	-0.00033105625000000007
281.422	0.0	0.0	-0.000318215625
281.482	0.0	0.0	-0.000291615625
281.582	0.0	0.0	-0.00024655312500000004
281.722	0.0	0.0	-0.00018731125000000004
281.752	0.0	0.0	-0.000165396875
281.812	0.0	0.0	-0.00011975031250000001
281.922	0.0	0.0	-4.3115625000000006e-05
282.062	0.0	0.0	5.692531250000001e-05
282.092	0.0	0.0	7.802593750000001e-05
282.162	0.0	0.0	0.00011971312500000001
282.262	0.0	0.0	0.00018843125000000003
282.402	0.0	0.0	0.000277440625
282.432	0.0	0.0	0.0002849218750000001
282.492	0.0	0.0	0.00030051875000000004
282.592	0.0	0.0	0.000326965625
282.732	0.0	0.0	0.000361790625
282.762	0.0	0.0	0.00035365312500000004
282.822	0.0	0.0	0.00033663437500000006
282.932	0.0	0.0	0.000308
283.072	0.0	0.0	0.00027059375
283.102	0.0	0.0	0.000249134375
283.172	0.0	0.0	0.00020648468750000004
283.272	0.0	0.0	0.00013604718750000002
283.412	0.0	0.0	4.47496875e-05
283.442	0.0	0.0	2.36359375e-05
283.502	0.0	0.0	-2.0589625000000002e-05
283.602	0.0	0.0	-9.57775e-05
283.742	0.0	0.0	-0.00019482312500000002
283.772	0.0	0.0	-0.00020780812500000002
283.832	0.0	0.0	-0.00023515625000000001
283.942	0.0	0.0	-0.00028124687500000005
284.082	0.0	0.0	-0.00034151250000000004
284.112	0.0	0.0	-0.000339171875
284.182	0.0	0.0	-0.00033449062500000005
284.282	0.0	0.0	-0.00032676875
284.422	0.0	0.0	-0.000316728125
284.452	0.0	0.0	-0.000301590625
284.512	0.0	0.0	-0.000269740625
284.612	0.0	0.0	-0.00021546
284.752	0.0	0.0	-0.00014391125000000002
284.782	0.0	0.0	-0.0001227121875
284.842	0.0	0.0	-7.782031250000001e-05
284.952	0.0	0.0	-1.9927468750000003e-06
285.092	0.0	0.0	9.720375000000001e-05
285.122	0.0	0.0	0.00011473437500000001
285.192	0.0	0.0	0.000149900625
285.292	0.0	0.0	0.00020822593750000003
285.432	0.0	0.0	0.0002839375
285.462	0.0	0.0	0.00028783125000000003
285.522	0.0	0.0	0.000296078125
285.622	0.0	0.0	0.00031014375
285.762	0.0	0.0	0.00032871562500000004
285.792	0.0	0.0	0.00031889375
285.852	0.0	0.0	0.00029798125000000004
285.962	0.0	0.0	0.00026254375
286.102	0.0	0.0	0.00021618625000000002
286.132	0.0	0.0	0.00019585343750000002
286.202	0.0	0.0	0.00015485093750000002
286.302	0.0	0.0	8.671250000000001e-05
286.442	0.0	0.0	-1.79935e-06
286.472	0.0	0.0	-2.0321e-05
286.532	0.0	0.0	-5.9793125000000004e-05
286.632	0.0	0.0	-0.00012733000000000002
286.772	0.0	0.0	-0.00021648812500000002
286.802	0.0	0.0	-0.00022701874999999999
286.862	0.0	0.0	-0.00024957187500000005
286.972	0.0	0.0	-0.000287809375
287.112	0.0	0.0	-0.00033792500000000004
287.142	0.0	0.0	-0.00033403125000000007
287.212	0.0	0.0	-0.00032617812500000004
287.312	0.0	0.0	-0.00031311875
287.452	0.0	0.0	-0.000296121875
287.482	0.0	0.0	-0.000280196875
287.542	0.0	0.0	-0.000245765625
287.642	0.0	0.0	-0.00018659375000000002
287.782	0.0	0.0	-0.000108294375
287.812	0.0	0.0	-8.48334375e-05
287.872	0.0	0.0	-3.5343437500000004e-05
287.982	0.0	0.0	4.787781250000001e-05
288.122	0.0	0.0	0.000156235625
288.152	0.0	0.0	0.00017404625000000002
288.212	0.0	0.0	0.000212008125
288.312	0.0	0.0	0.00027702499999999997
288.452	0.0	0.0	0.0003628843750000001
288.482	0.0	0.0	0.000366975
288.542	0.0	0.0	0.000375834375
288.652	0.0	0.0	0.00039090625000000003
288.792	0.0	0.0	0.00041070312500000004
288.822	0.0	0.0	0.00039578437500000006
288.882	0.0	0.0	0.0003653125
288.992	0.0	0.0	0.0003143875
289.132	0.0	0.0	0.00024808437500000005
289.162	0.0	0.0	0.00022253437500000003
289.222	0.0	0.0	0.000167190625
289.322	0.0	0.0	7.196437500000001e-05
289.462	0.0	0.0	-5.3983124999999997e-05
289.492	0.0	0.0	-8.09221875e-05
289.552	0.0	0.0	-0.00013950125000000002
289.662	0.0	0.0	-0.00023940000000000005
289.802	0.0	0.0	-0.00037051875
289.832	0.0	0.0	-0.00038471562500000004
289.892	0.0	0.0	-0.00041389687500000005
290.002	0.0	0.0	-0.00046274375
290.142	0.0	0.0	-0.000526378125
290.172	0.0	0.0	-0.00051821875
290.232	0.0	0.0	-0.00050045625
290.332	0.0	0.0	-0.0004698093750000001
290.472	0.0	0.0	-0.00042923124999999995
290.502	0.0	0.0	-0.00040125312500000006
290.562	0.0	0.0	-0.00034002500000000004
290.672	0.0	0.0	-0.00023539687500000002
290.812	0.0	0.0	-9.799343750000001e-05
290.842	0.0	0.0	-6.0668125000000005e-05
290.902	0.0	0.0	1.6466625e-05
291.012	0.0	0.0	0.00014588218750000002
291.152	0.0	0.0	0.00031454062500000003
291.182	0.0	0.0	0.00033785937500000005
291.242	0.0	0.0	0.00038891562500000004
291.342	0.0	0.0	0.0004771375
291.482	0.0	0.0	0.000594015625
291.512	0.0	0.0	0.0005944093750000001
291.572	0.0	0.0	0.0005953062500000001
291.682	0.0	0.0	0.000596815625
291.822	0.0	0.0	0.0005988281250000001
291.852	0.0	0.0	0.000571484375
291.912	0.0	0.0	0.000514675
292.022	0.0	0.0	0.00041914687500000004
292.162	0.0	0.0	0.000294590625
292.192	0.0	0.0	0.00025641875
292.252	0.0	0.0	0.0001722546875
292.352	0.0	0.0	2.6521250000000003e-05
292.492	0.0	0.0	-0.00016663062500000002
292.522	0.0	0.0	-0.000201263125
292.582	0.0	0.0	-0.00027790000000000003
292.692	0.0	0.0	-0.0004094125
292.832	0.0	0.0	-0.00058235625
292.862	0.0	0.0	-0.000594803125
292.922	0.0	0.0	-0.0006207906250000001
293.032	0.0	0.0	-0.0006645625
293.172	0.0	0.0	-0.0007217
293.202	0.0	0.0	-0.000704396875
293.262	0.0	0.0	-0.0006660281250000001
293.362	0.0	0.0	-0.0005994187499999999
293.502	0.0	0.0	-0.0005110875000000001
293.532	0.0	0.0	-0.0004713625
293.592	0.0	0.0	-0.00038292187500000007
293.702	0.0	0.0	-0.00023086875
293.842	0.0	0.0	-3.07475e-05
293.872	0.0	0.0	1.468578125e-05
293.932	0.0	0.0	0.0001101209375
294.042	0.0	0.0	0.00027122812500000003
294.182	0.0	0.0	0.0004816437500000001
294.212	0.0	0.0	0.000504546875
294.272	0.0	0.0	0.0005556687500000001
294.372	0.0	0.0	0.00064456875
294.512	0.0	0.0	0.0007625625
294.542	0.0	0.0	0.0007557156250000001
294.602	0.0	0.0	0.000740359375
294.712	0.0	0.0	0.000713890625
294.852	0.0	0.0	0.0006790437500000001
294.882	0.0	0.0	0.0006415062500000001
294.942	0.0	0.0	0.0005622093750000001
295.052	0.0	0.0	0.00042809375000000003
295.192	0.0	0.0	0.000252809375
295.222	0.0	0.0	0.00020886687500000002
295.282	0.0	0.0	0.0001101734375
295.382	0.0	0.0	-6.183625e-05
295.522	0.0	0.0	-0.00029028125
295.552	0.0	0.0	-0.00032440625000000004
295.612	0.0	0.0	-0.000401296875
295.722	0.0	0.0	-0.0005340562500000001
295.862	0.0	0.0	-0.0007089906250000002
295.892	0.0	0.0	-0.0007148312500000001
295.952	0.0	0.0	-0.0007272562500000001
296.062	0.0	0.0	-0.0007483
296.202	0.0	0.0	-0.0007758406250000002
296.232	0.0	0.0	-0.0007513187500000002
296.292	0.0	0.0	-0.000695909375
296.392	0.0	0.0	-0.0005991343750000001
296.532	0.0	0.0	-0.0004704875
296.562	0.0	0.0	-0.00042671562500000003
296.622	0.0	0.0	-0.00032746875
296.732	0.0	0.0	-0.00015579375000000003
296.872	0.0	0.0	7.06234375e-05
296.902	0.0	0.0	0.000114135
296.962	0.0	0.0	0.00020707531250000003
297.072	0.0	0.0	0.0003649187500000001
297.212	0.0	0.0	0.000571528125
297.242	0.0	0.0	0.00058830625
297.302	0.0	0.0	0.0006265000000000001
297.402	0.0	0.0	0.000693328125
297.542	0.0	0.0	0.0007822062500000001
297.572	0.0	0.0	0.000768753125
297.632	0.0	0.0	0.00073810625
297.742	0.0	0.0	0.0006849500000000001
297.882	0.0	0.0	0.0006148187500000001
297.912	0.0	0.0	0.0005746125
297.972	0.0	0.0	0.00048825
298.082	0.0	0.0	0.00034127187500000006
298.222	0.0	0.0	0.00014875656250000003
298.252	0.0	0.0	0.00010822656249999999
298.312	0.0	0.0	1.5428218750000002e-05
298.412	0.0	0.0	-0.00014734125000000003
298.552	0.0	0.0	-0.00036397812500000003
298.582	0.0	0.0	-0.00039060000000000006
298.642	0.0	0.0	-0.00045167499999999996
298.752	0.0	0.0	-0.0005577906250000001
298.892	0.0	0.0	-0.0006979218750000001
298.922	0.0	0.0	-0.0006962812500000001
298.982	0.0	0.0	-0.0006927593750000002
299.092	0.0	0.0	-0.00068674375
299.232	0.0	0.0	-0.0006788468750000001
299.262	0.0	0.0	-0.0006524875000000002
299.322	0.0	0.0	-0.000591696875
299.422	0.0	0.0	-0.00048485937500000005
299.562	0.0	0.0	-0.00034256250000000004
299.592	0.0	0.0	-0.000303515625
299.652	0.0	0.0	-0.00021332500000000002
299.762	0.0	0.0	-5.6341250000000005e-05
299.902	0.0	0.0	0.00015111468750000003
299.932	0.0	0.0	0.0001848284375
299.992	0.0	0.0	0.00025808125
300.102	0.0	0.0	0.00038327187500000005
300.242	0.0	0.0	0.000547465625
300.272	0.0	0.0	0.0005560843750000001
300.332	0.0	0.0	0.0005760781250000001
300.432	0.0	0.0	0.0006112968750000001
300.572	0.0	0.0	0.0006582406250000001
300.602	0.0	0.0	0.0006420531250000001
300.662	0.0	0.0	0.0006044281250000001
300.772	0.0	0.0	0.0005387812500000001
300.912	0.0	0.0	0.000452003125
300.942	0.0	0.0	0.00041724375
301.002	0.0	0.0	0.00034129375000000004
301.112	0.0	0.0	0.00021125343750000002
301.252	0.0	0.0	4.05628125e-05
301.282	0.0	0.0	1.0287812500000001e-05
301.332	0.0	0.0	-6.041437500000001e-05
301.442	0.0	0.0	-0.00018522656250000003
301.582	0.0	0.0	-0.000351684375
301.612	0.0	0.0	-0.0003676750000000001
301.672	0.0	0.0	-0.000405103125
301.782	0.0	0.0	-0.0004704875
301.922	0.0	0.0	-0.000557025
301.952	0.0	0.0	-0.00055041875
302.012	0.0	0.0	-0.000535871875
302.122	0.0	0.0	-0.0005109562500000001
302.262	0.0	0.0	-0.00047823125000000005
302.292	0.0	0.0	-0.0004562468750000001
302.342	0.0	0.0	-0.0004041625
302.452	0.0	0.0	-0.000311740625
302.592	0.0	0.0	-0.00018821031250000001
302.622	0.0	0.0	-0.0001597859375
302.682	0.0	0.0	-9.445406250000002e-05
302.792	0.0	0.0	1.875278125e-05
302.932	0.0	0.0	0.0001676696875
302.962	0.0	0.0	0.00018563125000000002
303.012	0.0	0.0	0.00022758750000000002
303.122	0.0	0.0	0.000301721875
303.262	0.0	0.0	0.000400640625
303.292	0.0	0.0	0.00040252187500000006
303.352	0.0	0.0	0.00040698437500000007
303.462	0.0	0.0	0.000414815625
303.602	0.0	0.0	0.0004251843750000001
303.632	0.0	0.0	0.000410353125
303.692	0.0	0.0	0.00037740937500000006
303.802	0.0	0.0	0.0003207093750000001
303.942	0.0	0.0	0.0002461375
303.962	0.0	0.0	0.000226340625
304.022	0.0	0.0	0.000179256875
304.132	0.0	0.0	9.567687500000001e-05
304.272	0.0	0.0	-1.5998062500000003e-05
304.302	0.0	0.0	-3.29371875e-05
304.362	0.0	0.0	-7.3255e-05
304.472	0.0	0.0	-0.00014411250000000004
304.612	0.0	0.0	-0.00023804375000000005
304.642	0.0	0.0	-0.00024440937500000003
304.702	0.0	0.0	-0.00025865
304.812	0.0	0.0	-0.00028319375000000004
304.952	0.0	0.0	-0.00031550312500000006
304.972	0.0	0.0	-0.000309771875
305.032	0.0	0.0	-0.000296034375
305.142	0.0	0.0	-0.000271578125
305.282	0.0	0.0	-0.00023887500000000002
305.312	0.0	0.0	-0.000225684375
305.372	0.0	0.0	-0.00019409250000000002
305.482	0.0	0.0	-0.0001384359375
305.622	0.0	0.0	-6.46034375e-05
305.652	0.0	0.0	-4.9761250000000004e-05
305.712	0.0	0.0	-1.641675e-05
305.822	0.0	0.0	4.1234375000000004e-05
305.962	0.0	0.0	0.000117145
305.982	0.0	0.0	0.00012539625
306.042	0.0	0.0	0.000145289375
306.152	0.0	0.0	0.00018075750000000004
306.292	0.0	0.0	0.00022822187500000002
306.322	0.0	0.0	0.000228790625
306.382	0.0	0.0	0.0002302125
306.492	0.0	0.0	0.00023272812500000001
306.632	0.0	0.0	0.000236053125
306.662	0.0	0.0	0.000227521875
306.722	0.0	0.0	0.000208271875
306.832	0.0	0.0	0.00017490812500000003
306.972	0.0	0.0	0.000130948125
306.992	0.0	0.0	0.00011774000000000001
307.052	0.0	0.0	8.567125000000002e-05
307.162	0.0	0.0	2.8371875000000004e-05
307.302	0.0	0.0	-4.8343750000000006e-05
307.332	0.0	0.0	-6.272000000000001e-05
307.392	0.0	0.0	-9.762593750000001e-05
307.502	0.0	0.0	-0.00015935500000000002
307.642	0.0	0.0	-0.00024134687500000003
307.672	0.0	0.0	-0.000249615625
307.732	0.0	0.0	-0.00026840625
307.842	0.0	0.0	-0.00030104375
307.982	0.0	0.0	-0.00034405000000000004
308.002	0.0	0.0	-0.00033958750000000003
308.062	0.0	0.0	-0.000328671875
308.172	0.0	0.0	-0.0003091375
308.312	0.0	0.0	-0.000282975
308.342	0.0	0.0	-0.0002655625
308.402	0.0	0.0	-0.00022301562500000002
308.512	0.0	0.0	-0.000147625625
308.652	0.0	0.0	-4.740531250000001e-05
308.682	0.0	0.0	-2.2273125e-05
308.742	0.0	0.0	3.5245e-05
308.852	0.0	0.0	0.00013530781250000002
308.992	0.0	0.0	0.000267334375
309.012	0.0	0.0	0.000283828125
309.072	0.0	0.0	0.00032447187500000003
309.182	0.0	0.0	0.00039740312500000005
309.322	0.0	0.0	0.0004951625
309.342	0.0	0.0	0.0004956437500000001
309.412	0.0	0.0	0.0004968031250000001
309.522	0.0	0.0	0.0004988593750000001
309.662	0.0	0.0	0.00050159375
309.692	0.0	0.0	0.000480309375
309.752	0.0	0.0	0.00043128750000000004
309.862	0.0	0.0	0.00034584375000000007
310.002	0.0	0.0	0.00023301250000000003
310.022	0.0	0.0	0.00020242031250000003
310.082	0.0	0.0	0.00012654031250000002
310.192	0.0	0.0	-9.924906250000001e-06
310.332	0.0	0.0	-0.00019300312500000004
310.352	0.0	0.0	-0.0002219
310.422	0.0	0.0	-0.000293540625
310.522	0.0	0.0	-0.00042100625
310.672	0.0	0.0	-0.000590690625
310.702	0.0	0.0	-0.0006012125000000001
310.762	0.0	0.0	-0.00062558125
310.872	0.0	0.0	-0.000668171875
311.012	0.0	0.0	-0.0007244343750000001
311.032	0.0	0.0	-0.0007085312500000001
311.092	0.0	0.0	-0.0006688062500000001
311.202	0.0	0.0	-0.000597209375
311.342	0.0	0.0	-0.0005011125
311.362	0.0	0.0	-0.0004639468750000001
311.432	0.0	0.0	-0.000371175
311.532	0.0	0.0	-0.00020578468750000005
311.682	0.0	0.0	1.4509468750000003e-05
311.712	0.0	0.0	5.8115312500000013e-05
311.772	0.0	0.0	0.00015982093750000002
311.882	0.0	0.0	0.0003378375
312.022	0.0	0.0	0.000573234375
312.042	0.0	0.0	0.0005948250000000001
312.102	0.0	0.0	0.00064920625
312.212	0.0	0.0	0.000747446875
312.352	0.0	0.0	0.0008793968750000001
312.372	0.0	0.0	0.00087136875
312.442	0.0	0.0	0.0008512
312.542	0.0	0.0	0.000815171875
312.692	0.0	0.0	0.00076715625
312.722	0.0	0.0	0.0007271250000000001
312.782	0.0	0.0	0.0006331500000000001
312.892	0.0	0.0	0.0004683
313.032	0.0	0.0	0.000250228125
313.052	0.0	0.0	0.00020410687500000001
313.112	0.0	0.0	8.717187500000001e-05
313.222	0.0	0.0	-0.00012449281250000003
313.362	0.0	0.0	-0.00040901875
313.382	0.0	0.0	-0.00044489375000000006
313.452	0.0	0.0	-0.000535696875
313.552	0.0	0.0	-0.0006982718750000002
313.702	0.0	0.0	-0.000915075
313.732	0.0	0.0	-0.00091993125
313.792	0.0	0.0	-0.0009313500000000002
313.902	0.0	0.0	-0.000951453125
314.042	0.0	0.0	-0.0009780750000000001
314.062	0.0	0.0	-0.0009494187500000001
314.122	0.0	0.0	-0.000876225
314.232	0.0	0.0	-0.0007434218750000002
314.372	0.0	0.0	-0.0005648125000000001
314.392	0.0	0.0	-0.0005141718750000001
314.452	0.0	0.0	-0.000385065625
314.562	0.0	0.0	-0.00015340937500000001
314.712	0.0	0.0	0.0001557478125
314.742	0.0	0.0	0.000206303125
314.802	0.0	0.0	0.000326528125
314.912	0.0	0.0	0.0005383
315.052	0.0	0.0	0.0008188468750000001
315.072	0.0	0.0	0.0008371781250000001
315.132	0.0	0.0	0.0008843625
315.242	0.0	0.0	0.0009701343750000001
315.382	0.0	0.0	0.001085590625
315.402	0.0	0.0	0.0010675875
315.462	0.0	0.0	0.0010213437500000001
315.572	0.0	0.0	0.0009381968750000001
315.722	0.0	0.0	0.0008271812500000002
315.752	0.0	0.0	0.0007759718750000001
315.812	0.0	0.0	0.0006534062500000001
315.922	0.0	0.0	0.00043710624999999996
316.062	0.0	0.0	0.000150338125
316.082	0.0	0.0	9.998187500000002e-05
316.142	0.0	0.0	-3.06359375e-05
316.252	0.0	0.0	-0.000268603125
316.392	0.0	0.0	-0.000589115625
316.412	0.0	0.0	-0.0006218406250000001
316.472	0.0	0.0	-0.000706453125
316.582	0.0	0.0	-0.0008589437500000002
316.732	0.0	0.0	-0.001062709375
316.762	0.0	0.0	-0.00105861875
316.822	0.0	0.0	-0.0010488187500000002
316.932	0.0	0.0	-0.0010314718750000001
317.072	0.0	0.0	-0.001008459375
317.092	0.0	0.0	-0.0009728468750000002
317.152	0.0	0.0	-0.000878871875
317.262	0.0	0.0	-0.0007067375000000001
317.402	0.0	0.0	-0.00047442500000000005
317.422	0.0	0.0	-0.00041923437500000006
317.492	0.0	0.0	-0.000279365625
317.592	0.0	0.0	-2.9540000000000002e-05
317.742	0.0	0.0	0.00030235625
317.762	0.0	0.0	0.00034374375000000007
317.822	0.0	0.0	0.000451128125
317.932	0.0	0.0	0.000646975
318.072	0.0	0.0	0.0009108968750000002
318.092	0.0	0.0	0.0009227312500000001
318.152	0.0	0.0	0.0009537718750000001
318.262	0.0	0.0	0.001009925
318.412	0.0	0.0	0.0010850656250000002
318.442	0.0	0.0	0.0010581375
318.502	0.0	0.0	0.00099246875
318.612	0.0	0.0	0.0008759406250000002
318.752	0.0	0.0	0.0007211968750000001
318.772	0.0	0.0	0.0006753031250000001
318.832	0.0	0.0	0.000553765625
318.942	0.0	0.0	0.000331034375
319.082	0.0	0.0	3.0513437500000004e-05
319.102	0.0	0.0	-1.7331125000000003e-05
319.162	0.0	0.0	-0.0001436028125
319.272	0.0	0.0	-0.0003723781250000001
319.422	0.0	0.0	-0.0006786281250000001
319.442	0.0	0.0	-0.000705053125
319.512	0.0	0.0	-0.0007698906250000001
319.622	0.0	0.0	-0.0008852156250000001
319.762	0.0	0.0	-0.001038471875
319.782	0.0	0.0	-0.0010287812500000002
319.842	0.0	0.0	-0.001002859375
319.952	0.0	0.0	-0.0009552812500000001
320.092	0.0	0.0	-0.000891034375
320.112	0.0	0.0	-0.0008524906250000001
320.172	0.0	0.0	-0.000749984375
320.282	0.0	0.0	-0.0005638718749999999
320.432	0.0	0.0	-0.00031458437500000004
320.452	0.0	0.0	-0.000262696875
320.522	0.0	0.0	-0.00013444812500000003
320.622	0.0	0.0	9.40778125e-05
320.772	0.0	0.0	0.00039799375
320.792	0.0	0.0	0.00042958125000000004
320.852	0.0	0.0	0.0005146312500000001
320.962	0.0	0.0	0.0006711250000000001
321.102	0.0	0.0	0.0008825906250000002
321.122	0.0	0.0	0.0008862000000000002
321.182	0.0	0.0	0.0008959125000000001
321.292	0.0	0.0	0.0009135875000000001
321.442	0.0	0.0	0.0009372781250000001
321.462	0.0	0.0	0.0009080749999999999
321.532	0.0	0.0	0.0008354062500000001
321.632	0.0	0.0	0.0007056437500000001
321.782	0.0	0.0	0.0005329625000000001
321.802	0.0	0.0	0.000492471875
321.862	0.0	0.0	0.000382659375
321.972	0.0	0.0	0.00018013406250000003
322.112	0.0	0.0	-9.3690625e-05
322.132	0.0	0.0	-0.0001309634375
322.192	0.0	0.0	-0.000231634375
322.302	0.0	0.0	-0.000415165625
322.452	0.0	0.0	-0.000661325
322.472	0.0	0.0	-0.0006769874999999999
322.542	0.0	0.0	-0.0007162093750000001
322.642	0.0	0.0	-0.00078640625
322.792	0.0	0.0	-0.00087985625
322.812	0.0	0.0	-0.0008665562500000002
322.872	0.0	0.0	-0.000830178125
322.982	0.0	0.0	-0.00076295625
323.122	0.0	0.0	-0.0006719781250000001
323.142	0.0	0.0	-0.0006381156250000001
323.202	0.0	0.0	-0.000545890625
323.312	0.0	0.0	-0.00037743125
323.462	0.0	0.0	-0.00015131812500000002
323.482	0.0	0.0	-0.00011130437500000001
323.552	0.0	0.0	-1.0330250000000002e-05
323.652	0.0	0.0	0.0001707365625
323.802	0.0	0.0	0.000412015625
323.822	0.0	0.0	0.0004326
323.882	0.0	0.0	0.0004893656250000001
323.992	0.0	0.0	0.0005945625
324.132	0.0	0.0	0.0007369468750000001
324.152	0.0	0.0	0.0007345843750000001
324.212	0.0	0.0	0.0007280656250000001
324.322	0.0	0.0	0.000716121875
324.472	0.0	0.0	0.0007001093750000001
324.492	0.0	0.0	0.000673946875
324.552	0.0	0.0	0.00060746875
324.662	0.0	0.0	0.00048803125
324.812	0.0	0.0	0.00032875937500000005
324.832	0.0	0.0	0.00029802500000000005
324.892	0.0	0.0	0.0002125003125
325.002	0.0	0.0	5.373812500000001e-05
325.142	0.0	0.0	-0.0001613303125
325.162	0.0	0.0	-0.00018637500000000002
325.222	0.0	0.0	-0.000255653125
325.332	0.0	0.0	-0.00038272500000000005
325.482	0.0	0.0	-0.000553503125
325.502	0.0	0.0	-0.0005604593749999999
325.562	0.0	0.0	-0.0005782875000000001
325.672	0.0	0.0	-0.0006104000000000001
325.822	0.0	0.0	-0.0006532312500000001
325.842	0.0	0.0	-0.00064015
325.902	0.0	0.0	-0.000603421875
326.002	0.0	0.0	-0.00053510625
326.152	0.0	0.0	-0.0004425093750000001
326.172	0.0	0.0	-0.00041658750000000006
326.232	0.0	0.0	-0.000344290625
326.342	0.0	0.0	-0.000211378125
326.492	0.0	0.0	-3.2652812500000004e-05
326.512	0.0	0.0	-5.07478125e-06
326.572	0.0	0.0	6.60471875e-05
326.682	0.0	0.0	0.00019438343750000003
326.832	0.0	0.0	0.000365728125
326.852	0.0	0.0	0.00037771562500000003
326.912	0.0	0.0	0.0004116656250000001
327.012	0.0	0.0	0.00047495
327.162	0.0	0.0	0.0005607875
327.182	0.0	0.0	0.000555975
327.242	0.0	0.0	0.0005424562500000001
327.352	0.0	0.0	0.000517540625
327.502	0.0	0.0	0.00048400625
327.522	0.0	0.0	0.00046307187500000004
327.582	0.0	0.0	0.00040869062500000007
327.692	0.0	0.0	0.0003103625
327.842	0.0	0.0	0.00017900968750000004
327.862	0.0	0.0	0.000156795625
327.922	0.0	0.0	9.338437500000002e-05
328.022	0.0	0.0	-2.5097187500000003e-05
328.172	0.0	0.0	-0.00018591343750000002
328.192	0.0	0.0	-0.00020259531250000002
328.252	0.0	0.0	-0.00024987812499999997
328.362	0.0	0.0	-0.00033718125
328.512	0.0	0.0	-0.00045473750000000004
328.532	0.0	0.0	-0.0004573625
328.592	0.0	0.0	-0.000464253125
328.702	0.0	0.0	-0.00047672187499999996
328.852	0.0	0.0	-0.0004933906250000001
328.872	0.0	0.0	-0.000481753125
328.932	0.0	0.0	-0.00044821875000000005
329.032	0.0	0.0	-0.00038543750000000004
329.182	0.0	0.0	-0.00030014687499999997
329.202	0.0	0.0	-0.000279365625
329.262	0.0	0.0	-0.00021999687500000003
329.372	0.0	0.0	-0.00011012750000000002
329.522	0.0	0.0	3.7891875e-05
329.542	0.0	0.0	5.925937500000001e-05
329.602	0.0	0.0	0.00011562031250000002
329.712	0.0	0.0	0.0002179515625
329.862	0.0	0.0	0.00035485625000000005
329.882	0.0	0.0	0.0003633875
329.942	0.0	0.0	0.00038819375000000004
330.042	0.0	0.0	0.0004347656250000001
330.192	0.0	0.0	0.0004980500000000001
330.212	0.0	0.0	0.000492384375
330.272	0.0	0.0	0.000476
330.382	0.0	0.0	0.00044563750000000004
330.532	0.0	0.0	0.000404709375
330.552	0.0	0.0	0.00038478125000000003
330.612	0.0	0.0	0.000331821875
330.722	0.0	0.0	0.00023544062500000003
330.872	0.0	0.0	0.00010644812500000001
330.892	0.0	0.0	8.548531250000001e-05
330.952	0.0	0.0	2.401875e-05
331.052	0.0	0.0	-9.15840625e-05
331.202	0.0	0.0	-0.000248784375
331.222	0.0	0.0	-0.00026449062500000003
331.282	0.0	0.0	-0.00031012187500000004
331.392	0.0	0.0	-0.00039490937500000006
331.542	0.0	0.0	-0.00050929375
331.562	0.0	0.0	-0.000510496875
331.622	0.0	0.0	-0.000513734375
331.732	0.0	0.0	-0.00051961875
331.882	0.0	0.0	-0.0005274937500000001
331.902	0.0	0.0	-0.00051366875
331.962	0.0	0.0	-0.00047228125
332.062	0.0	0.0	-0.00039403437500000005
332.212	0.0	0.0	-0.000287415625
332.232	0.0	0.0	-0.000261778125
332.292	0.0	0.0	-0.000189039375
332.402	0.0	0.0	-5.510968750000001e-05
332.552	0.0	0.0	0.000124534375
332.572	0.0	0.0	0.000146584375
332.632	0.0	0.0	0.00021127531250000002
332.732	0.0	0.0	0.000333046875
332.882	0.0	0.0	0.0004987500000000001
332.902	0.0	0.0	0.0005083093750000001
332.962	0.0	0.0	0.000536571875
333.072	0.0	0.0	0.0005893125000000001
333.222	0.0	0.0	0.0006605375000000001
333.242	0.0	0.0	0.0006496437500000001
333.302	0.0	0.0	0.000620090625
333.412	0.0	0.0	0.0005660375000000001
333.562	0.0	0.0	0.00049354375
333.582	0.0	0.0	0.0004693281250000001
333.642	0.0	0.0	0.00039655000000000007
333.742	0.0	0.0	0.00025886875000000003
333.892	0.0	0.0	7.132125000000001e-05
333.912	0.0	0.0	4.1713437500000005e-05
333.972	0.0	0.0	-4.6414375000000006e-05
334.082	0.0	0.0	-0.00021105656250000005
334.232	0.0	0.0	-0.000433540625
334.252	0.0	0.0	-0.0004542125
334.312	0.0	0.0	-0.0005107375
334.422	0.0	0.0	-0.0006143812500000001
334.572	0.0	0.0	-0.0007534625000000002
334.592	0.0	0.0	-0.000751296875
334.652	0.0	0.0	-0.0007447343750000001
334.752	0.0	0.0	-0.0007322875
334.902	0.0	0.0	-0.0007153125
334.922	0.0	0.0	-0.000691775
334.982	0.0	0.0	-0.000621096875
335.092	0.0	0.0	-0.000488775
335.242	0.0	0.0	-0.0003098375
335.262	0.0	0.0	-0.0002720375
335.322	0.0	0.0	-0.0001678534375
335.432	0.0	0.0	2.3561562500000006e-05
335.582	0.0	0.0	0.00028056875000000007
335.602	0.0	0.0	0.00030699375
335.662	0.0	0.0	0.00038795312500000006
335.762	0.0	0.0	0.0005417562500000001
335.912	0.0	0.0	0.0007515375000000001
335.932	0.0	0.0	0.00075893125
335.992	0.0	0.0	0.00078133125
336.102	0.0	0.0	0.0008233531250000001
336.252	0.0	0.0	0.0008802281250000002
336.272	0.0	0.0	0.0008603
336.332	0.0	0.0	0.000804934375
336.442	0.0	0.0	0.0007030187500000001
336.592	0.0	0.0	0.00056608125
336.612	0.0	0.0	0.00053309375
336.662	0.0	0.0	0.00043113437500000003
336.772	0.0	0.0	0.000236971875
336.922	0.0	0.0	-2.8021875000000002e-05
336.942	0.0	0.0	-6.2951875e-05
337.002	0.0	0.0	-0.0001697740625
337.112	0.0	0.0	-0.00037060625
337.262	0.0	0.0	-0.0006425125000000001
337.282	0.0	0.0	-0.0006617406250000001
337.342	0.0	0.0	-0.0007155750000000001
337.452	0.0	0.0	-0.000814953125
337.602	0.0	0.0	-0.000948521875
337.622	0.0	0.0	-0.0009401000000000001
337.672	0.0	0.0	-0.0009137843750000001
337.782	0.0	0.0	-0.0008635593750000001
337.932	0.0	0.0	-0.0007949593749999999
337.952	0.0	0.0	-0.0007639187500000001
338.012	0.0	0.0	-0.0006680843750000001
338.122	0.0	0.0	-0.00048755
338.272	0.0	0.0	-0.000242965625
338.292	0.0	0.0	-0.00020082125000000004
338.352	0.0	0.0	-8.177750000000001e-05
338.462	0.0	0.0	0.00013832218750000003
338.612	0.0	0.0	0.000434415625
338.632	0.0	0.0	0.00045902500000000006
338.682	0.0	0.0	0.0005366812500000001
338.792	0.0	0.0	0.0006851906250000001
338.942	0.0	0.0	0.0008881468750000001
338.962	0.0	0.0	0.0008897437500000002
339.022	0.0	0.0	0.0008946875000000001
339.132	0.0	0.0	0.0009040281250000002
339.282	0.0	0.0	0.00091669375
339.302	0.0	0.0	0.0008904656250000001
339.362	0.0	0.0	0.00081571875
339.472	0.0	0.0	0.000677228125
339.622	0.0	0.0	0.000490809375
339.642	0.0	0.0	0.00045640000000000003
339.692	0.0	0.0	0.00034674062500000005
339.802	0.0	0.0	0.00013656562500000003
339.952	0.0	0.0	-0.00015084343750000002
339.972	0.0	0.0	-0.000182231875
340.032	0.0	0.0	-0.0002809625
340.142	0.0	0.0	-0.00046777499999999997
340.292	0.0	0.0	-0.000721153125
340.312	0.0	0.0	-0.00073338125
340.372	0.0	0.0	-0.000768534375
340.482	0.0	0.0	-0.0008338093750000002
340.632	0.0	0.0	-0.0009217250000000002
340.652	0.0	0.0	-0.0009087531250000001
340.702	0.0	0.0	-0.0008669937500000001
340.812	0.0	0.0	-0.000786821875
340.962	0.0	0.0	-0.000677096875
340.982	0.0	0.0	-0.00064623125
341.042	0.0	0.0	-0.00054823125
341.152	0.0	0.0	-0.0003624468750000001
341.302	0.0	0.0	-0.0001102784375
341.322	0.0	0.0	-7.422843750000001e-05
341.382	0.0	0.0	3.0226875000000005e-05
341.492	0.0	0.0	0.00022456875000000006
341.642	0.0	0.0	0.0004865218750000001
341.662	0.0	0.0	0.0005036937500000001
341.712	0.0	0.0	0.0005595406250000001
341.822	0.0	0.0	0.0006670343750000001
341.972	0.0	0.0	0.0008142093750000001
341.992	0.0	0.0	0.00081046875
342.052	0.0	0.0	0.0007984375000000001
342.162	0.0	0.0	0.0007756000000000002
342.312	0.0	0.0	0.0007445812500000001
342.332	0.0	0.0	0.000719075
342.392	0.0	0.0	0.000644546875
342.502	0.0	0.0	0.000505553125
342.652	0.0	0.0	0.000318128125
342.672	0.0	0.0	0.00029019375000000004
342.722	0.0	0.0	0.0001983865625
342.832	0.0	0.0	2.1264687500000002e-05
342.982	0.0	0.0	-0.000221396875
343.002	0.0	0.0	-0.00024342500000000002
343.062	0.0	0.0	-0.000314715625
343.172	0.0	0.0	-0.000450471875
343.322	0.0	0.0	-0.000634965625
343.342	0.0	0.0	-0.0006397343750000001
343.402	0.0	0.0	-0.0006537781250000001
343.512	0.0	0.0	-0.0006800281250000001
343.662	0.0	0.0	-0.0007154656250000001
343.682	0.0	0.0	-0.000702275
343.732	0.0	0.0	-0.0006584593749999999
343.842	0.0	0.0	-0.0005737593750000001
343.992	0.0	0.0	-0.000457625
344.012	0.0	0.0	-0.000433365625
344.072	0.0	0.0	-0.00035398125000000004
344.182	0.0	0.0	-0.000202505625
344.332	0.0	0.0	3.4619375000000003e-06
344.352	0.0	0.0	2.8356562500000006e-05
344.412	0.0	0.0	0.00010240781250000002
344.522	0.0	0.0	0.00024106250000000004
344.672	0.0	0.0	0.0004282906250000001
344.692	0.0	0.0	0.00043763125
344.742	0.0	0.0	0.000469
344.852	0.0	0.0	0.00052976875
345.002	0.0	0.0	0.00061315625
345.022	0.0	0.0	0.0006072281250000001
345.082	0.0	0.0	0.000587671875
345.192	0.0	0.0	0.0005502875000000001
345.342	0.0	0.0	0.00049940625
345.362	0.0	0.0	0.0004795218750000001
345.422	0.0	0.0	0.000419846875
345.532	0.0	0.0	0.000307890625
345.682	0.0	0.0	0.0001566140625
345.702	0.0	0.0	0.0001377621875
345.752	0.0	0.0	7.37909375e-05
345.862	0.0	0.0	-5.0452500000000005e-05
346.012	0.0	0.0	-0.00022098125
346.032	0.0	0.0	-0.000233821875
346.092	0.0	0.0	-0.00027665312500000007
346.202	0.0	0.0	-0.0003587281250000001
346.352	0.0	0.0	-0.0004704656250000001
346.372	0.0	0.0	-0.00047061875
346.432	0.0	0.0	-0.00047114375
346.542	0.0	0.0	-0.00047212812500000003
346.692	0.0	0.0	-0.0004734625
346.712	0.0	0.0	-0.00046307187500000004
346.762	0.0	0.0	-0.00042695625
346.872	0.0	0.0	-0.00035645312500000005
347.022	0.0	0.0	-0.000259503125
347.042	0.0	0.0	-0.00024241875
347.102	0.0	0.0	-0.00018710781250000003
347.212	0.0	0.0	-8.20771875e-05
347.362	0.0	0.0	6.012562500000001e-05
347.382	0.0	0.0	7.281968750000001e-05
347.432	0.0	0.0	0.0001159396875
347.542	0.0	0.0	0.00019975593750000002
347.692	0.0	0.0	0.00031486875000000003
347.712	0.0	0.0	0.00031937500000000005
347.772	0.0	0.0	0.000334753125
347.882	0.0	0.0	0.000364328125
348.032	0.0	0.0	0.00040464375000000003
348.052	0.0	0.0	0.00039840937500000003
348.112	0.0	0.0	0.00037926874999999997
348.222	0.0	0.0	0.000343175
348.372	0.0	0.0	0.000294284375
348.392	0.0	0.0	0.00028310625
348.442	0.0	0.0	0.00024397187500000003
348.552	0.0	0.0	0.00016752093750000002
348.702	0.0	0.0	6.241812500000001e-05
348.722	0.0	0.0	5.017687500000001e-05
348.782	0.0	0.0	8.157187500000001e-06
348.892	0.0	0.0	-7.28153125e-05
349.042	0.0	0.0	-0.0001832359375
349.062	0.0	0.0	-0.00019094906250000004
349.122	0.0	0.0	-0.0002148934375
349.232	0.0	0.0	-0.000260159375
349.382	0.0	0.0	-0.00032147500000000005
349.402	0.0	0.0	-0.00032042500000000005
349.452	0.0	0.0	-0.000316640625
349.562	0.0	0.0	-0.00030924687500000003
349.712	0.0	0.0	-0.000299075
349.732	0.0	0.0	-0.00029113437500000004
349.782	0.0	0.0	-0.000263571875
349.902	0.0	0.0	-0.00021036750000000002
350.052	0.0	0.0	-0.0001377665625
350.072	0.0	0.0	-0.00012577031250000004
350.132	0.0	0.0	-8.817156250000001e-05
350.242	0.0	0.0	-1.6932781250000002e-05
350.392	0.0	0.0	7.9611875e-05
350.412	0.0	0.0	8.734468750000001e-05
350.462	0.0	0.0	0.000115005625
350.572	0.0	0.0	0.0001692840625
350.722	0.0	0.0	0.00024399375000000003
350.742	0.0	0.0	0.00024622500000000004
350.792	0.0	0.0	0.000253990625
350.912	0.0	0.0	0.000269040625
351.062	0.0	0.0	0.00028958125
351.082	0.0	0.0	0.00028433125
351.142	0.0	0.0	0.00026768437500000004
351.252	0.0	0.0	0.000236096875
351.402	0.0	0.0	0.00019324375000000002
351.422	0.0	0.0	0.000184813125
351.472	0.0	0.0	0.0001542953125
351.582	0.0	0.0	9.427687500000002e-05
351.732	0.0	0.0	1.160578125e-05
351.752	0.0	0.0	2.60946875e-06
351.802	0.0	0.0	-2.9299375e-05
351.922	0.0	0.0	-9.118375000000001e-05
352.072	0.0	0.0	-0.00017572625000000005
352.092	0.0	0.0	-0.00018098500000000004
352.152	0.0	0.0	-0.000197789375
352.262	0.0	0.0	-0.00022975312500000004
352.412	0.0	0.0	-0.000273153125
352.432	0.0	0.0	-0.0002715125
352.482	0.0	0.0	-0.0002655625
352.592	0.0	0.0	-0.000253815625
352.742	0.0	0.0	-0.00023762812500000005
352.762	0.0	0.0	-0.00023049687500000004
352.812	0.0	0.0	-0.000204876875
352.932	0.0	0.0	-0.00015508937499999998
353.082	0.0	0.0	-8.7031875e-05
353.102	0.0	0.0	-7.6855625e-05
353.162	0.0	0.0	-4.40278125e-05
353.272	0.0	0.0	1.85675e-05
353.422	0.0	0.0	0.00010355843750000001
353.432	0.0	0.0	0.0001095828125
353.492	0.0	0.0	0.00013192593750000002
353.602	0.0	0.0	0.00017605875000000003
353.752	0.0	0.0	0.00023692812500000003
353.772	0.0	0.0	0.000237825
353.822	0.0	0.0	0.00024110625000000002
353.942	0.0	0.0	0.00024749375000000004
354.092	0.0	0.0	0.00025624375
354.112	0.0	0.0	0.0002506
354.172	0.0	0.0	0.00023220312500000001
354.282	0.0	0.0	0.0001970653125
354.432	0.0	0.0	0.0001493253125
354.442	0.0	0.0	0.000141658125
354.502	0.0	0.0	0.000112861875
354.612	0.0	0.0	5.5860000000000004e-05
354.762	0.0	0.0	-2.28046875e-05
354.782	0.0	0.0	-3.0246562500000004e-05
354.832	0.0	0.0	-5.75596875e-05
354.952	0.0	0.0	-0.00011086687500000002
355.102	0.0	0.0	-0.00018382875000000001
355.122	0.0	0.0	-0.00018731781250000003
355.182	0.0	0.0	-0.0001988065625
355.292	0.0	0.0	-0.00022080625000000004
355.442	0.0	0.0	-0.000250709375
355.452	0.0	0.0	-0.00024832500000000003
355.512	0.0	0.0	-0.000239246875
355.622	0.0	0.0	-0.00022124375
355.772	0.0	0.0	-0.00019639812500000001
355.792	0.0	0.0	-0.0001896103125
355.842	0.0	0.0	-0.00016440375000000002
355.962	0.0	0.0	-0.00011509968750000002
356.112	0.0	0.0	-4.758031250000001e-05
356.132	0.0	0.0	-3.8885000000000005e-05
356.192	0.0	0.0	-9.9780625e-06
356.302	0.0	0.0	4.549781250000001e-05
356.452	0.0	0.0	0.0001209578125
356.462	0.0	0.0	0.00012545312500000002
356.522	0.0	0.0	0.000142760625
356.632	0.0	0.0	0.00017717218750000003
356.782	0.0	0.0	0.00022472187500000002
356.802	0.0	0.0	0.00022452500000000002
356.852	0.0	0.0	0.00022380312500000003
356.972	0.0	0.0	0.000222403125
357.122	0.0	0.0	0.00022047812500000001
357.142	0.0	0.0	0.0002147578125
357.202	0.0	0.0	0.00019552531250000002
357.312	0.0	0.0	0.00015854125000000003
357.462	0.0	0.0	0.00010820031250000001
357.472	0.0	0.0	0.00010143437500000001
357.532	0.0	0.0	7.503781250000001e-05
357.642	0.0	0.0	2.2435000000000005e-05
357.792	0.0	0.0	-5.0288437500000004e-05
357.812	0.0	0.0	-5.62996875e-05
357.862	0.0	0.0	-7.91546875e-05
357.982	0.0	0.0	-0.00012404875
358.132	0.0	0.0	-0.00018560718750000002
358.152	0.0	0.0	-0.0001877203125
358.212	0.0	0.0	-0.00019488875
358.322	0.0	0.0	-0.000208705
358.472	0.0	0.0	-0.000227521875
358.482	0.0	0.0	-0.00022470000000000001
358.542	0.0	0.0	-0.0002135328125
358.652	0.0	0.0	-0.00019123343750000003
358.802	0.0	0.0	-0.00016038531250000003
358.812	0.0	0.0	-0.00015400875000000003
358.872	0.0	0.0	-0.00012946500000000002
358.992	0.0	0.0	-8.115187500000001e-05
359.142	0.0	0.0	-1.4865375e-05
359.162	0.0	0.0	-7.340593750000002e-06
359.212	0.0	0.0	1.8478031250000002e-05
359.332	0.0	0.0	6.83396875e-05
359.482	0.0	0.0	0.00013629218750000003
359.492	0.0	0.0	0.00013967625
359.552	0.0	0.0	0.00015323000000000002
359.662	0.0	0.0	0.00018035937500000002
359.812	0.0	0.0	0.00021791437499999998
359.822	0.0	0.0	0.0002169365625
359.882	0.0	0.0	0.00021312812500000003
359.992	0.0	0.0	0.00020561406250000004
360.152	0.0	0.0	0.00019529781250000002
360.172	0.0	0.0	0.0001894309375
360.222	0.0	0.0	0.000169133125
360.342	0.0	0.0	0.00012986750000000002
360.492	0.0	0.0	7.6335e-05
360.502	0.0	0.0	7.02384375e-05
360.562	0.0	0.0	4.5062500000000004e-05
360.672	0.0	0.0	-5.61159375e-06
360.822	0.0	0.0	-7.588875000000001e-05
360.842	0.0	0.0	-8.128531250000002e-05
360.892	0.0	0.0	-0.00010157000000000002
361.012	0.0	0.0	-0.000141211875
361.162	0.0	0.0	-0.00019533937500000001
361.172	0.0	0.0	-0.0001963390625
361.232	0.0	0.0	-0.0002003509375
361.342	0.0	0.0	-0.00020838562500000003
361.492	0.0	0.0	-0.00021951562500000004
361.502	0.0	0.0	-0.00021604843750000003
361.562	0.0	0.0	-0.00020220812500000001
361.672	0.0	0.0	-0.00017479218750000004
361.832	0.0	0.0	-0.0001371125
361.852	0.0	0.0	-0.000129815
361.902	0.0	0.0	-0.0001040353125
362.022	0.0	0.0	-5.396562500000001e-05
362.172	0.0	0.0	1.4381718750000001e-05
362.182	0.0	0.0	2.005609375e-05
362.242	0.0	0.0	4.363406250000001e-05
362.352	0.0	0.0	9.111375000000002e-05
362.502	0.0	0.0	0.00015694000000000003
362.512	0.0	0.0	0.00015988
362.572	0.0	0.0	0.00017173406250000001
362.682	0.0	0.0	0.0001952540625
362.842	0.0	0.0	0.00022758750000000002
362.862	0.0	0.0	0.00022557500000000002
362.912	0.0	0.0	0.00021840437500000002
363.032	0.0	0.0	0.00020443718750000003
363.182	0.0	0.0	0.00018535781250000001
363.192	0.0	0.0	0.00018025437500000005
363.252	0.0	0.0	0.000158746875
363.362	0.0	0.0	0.00011534031250000002
363.512	0.0	0.0	5.51228125e-05
363.522	0.0	0.0	4.8520937500000004e-05
363.582	0.0	0.0	2.1538125e-05
363.692	0.0	0.0	-3.2108125e-05
363.852	0.0	0.0	-0.00010591437500000001
363.872	0.0	0.0	-0.00011100250000000001
363.922	0.0	0.0	-0.00012937531249999999
364.042	0.0	0.0	-0.00016521531250000002
364.192	0.0	0.0	-0.00021419781250000002
364.202	0.0	0.0	-0.0002143115625
364.262	0.0	0.0	-0.000214799375
364.372	0.0	0.0	-0.00021579031250000004
364.522	0.0	0.0	-0.000217161875
364.532	0.0	0.0	-0.00021300562500000002
364.592	0.0	0.0	-0.00019580093750000004
364.702	0.0	0.0	-0.00016151843750000002
364.862	0.0	0.0	-0.000114323125
364.882	0.0	0.0	-0.00010701249999999999
364.932	0.0	0.0	-8.030093750000001e-05
365.052	0.0	0.0	-2.8085312500000005e-05
365.202	0.0	0.0	4.3321250000000005e-05
365.212	0.0	0.0	4.8251875e-05
365.272	0.0	0.0	6.965656250000001e-05
365.382	0.0	0.0	0.00011304343750000001
365.532	0.0	0.0	0.000173306875
365.542	0.0	0.0	0.00017513781250000002
365.602	0.0	0.0	0.0001828159375
365.712	0.0	0.0	0.00019815031250000002
365.872	0.0	0.0	0.00021927500000000003
365.892	0.0	0.0	0.00021639625
365.942	0.0	0.0	0.00020575625
366.062	0.0	0.0	0.00018491375000000002
366.212	0.0	0.0	0.00015639312500000002
366.222	0.0	0.0	0.00015144062500000002
366.282	0.0	0.0	0.00012962906250000002
366.392	0.0	0.0	8.53125e-05
366.542	0.0	0.0	2.372125e-05
366.552	0.0	0.0	1.813940625e-05
366.612	0.0	0.0	-5.6161875000000005e-06
366.722	0.0	0.0	-5.315187500000001e-05
366.882	0.0	0.0	-0.000118671875
366.902	0.0	0.0	-0.00012225500000000001
366.952	0.0	0.0	-0.000135664375
367.072	0.0	0.0	-0.0001619865625
367.222	0.0	0.0	-0.00019802562500000003
367.232	0.0	0.0	-0.000197369375
367.292	0.0	0.0	-0.00019443593750000004
367.402	0.0	0.0	-0.00018846187500000004
367.552	0.0	0.0	-0.00018015375000000002
367.562	0.0	0.0	-0.0001761440625
367.622	0.0	0.0	-0.00015884312500000003
367.732	0.0	0.0	-0.0001241471875
367.892	0.0	0.0	-7.629781250000001e-05
367.912	0.0	0.0	-7.013343750000001e-05
367.962	0.0	0.0	-4.679718750000001e-05
368.082	0.0	0.0	-8.880812500000002e-07
368.232	0.0	0.0	6.2006875e-05
368.242	0.0	0.0	6.574093750000001e-05
368.302	0.0	0.0	8.27071875e-05
368.412	0.0	0.0	0.0001173309375
368.562	0.0	0.0	0.00016550625000000003
368.572	0.0	0.0	0.00016647750000000003
368.632	0.0	0.0	0.00017073000000000001
368.742	0.0	0.0	0.00017927874999999998
368.902	0.0	0.0	0.00019107375
368.912	0.0	0.0	0.000188068125
368.972	0.0	0.0	0.00017654656250000003
369.092	0.0	0.0	0.0001538315625
369.242	0.0	0.0	0.0001226946875
369.252	0.0	0.0	0.00011822125
369.312	0.0	0.0	9.757343750000001e-05
369.422	0.0	0.0	5.5343750000000014e-05
369.572	0.0	0.0	-3.4514375e-06
369.582	0.0	0.0	-8.36675e-06
369.642	0.0	0.0	-3.01984375e-05
369.752	0.0	0.0	-7.416937500000001e-05
369.912	0.0	0.0	-0.00013488125
369.922	0.0	0.0	-0.00013787812499999999
369.982	0.0	0.0	-0.00014950250000000001
370.092	0.0	0.0	-0.00017247125000000003
370.252	0.0	0.0	-0.00020397781250000002
370.262	0.0	0.0	-0.00020300218750000002
370.322	0.0	0.0	-0.00019842593750000003
370.432	0.0	0.0	-0.00018904812500000003
370.582	0.0	0.0	-0.00017598218750000005
370.592	0.0	0.0	-0.000171618125
370.652	0.0	0.0	-0.0001519415625
370.762	0.0	0.0	-0.00011222531250000002
370.922	0.0	0.0	-5.735843750000001e-05
370.932	0.0	0.0	-5.070406250000001e-05
370.992	0.0	0.0	-2.4552500000000003e-05
371.102	0.0	0.0	2.7223437500000004e-05
371.262	0.0	0.0	9.828656250000002e-05
371.272	0.0	0.0	0.00010218468750000001
371.332	0.0	0.0	0.0001207696875
371.442	0.0	0.0	0.00015895687500000003
371.592	0.0	0.0	0.00021218750000000003
371.602	0.0	0.0	0.0002128153125
371.662	0.0	0.0	0.00021568750000000003
371.772	0.0	0.0	0.00022150625
371.932	0.0	0.0	0.000229534375
371.942	0.0	0.0	0.00022533437500000001
372.002	0.0	0.0	0.000208635
372.112	0.0	0.0	0.0001755053125
372.272	0.0	0.0	0.00013000750000000003
372.282	0.0	0.0	0.00012437687500000002
372.332	0.0	0.0	9.707468750000002e-05
372.452	0.0	0.0	4.08559375e-05
372.602	0.0	0.0	-3.7555e-05
372.612	0.0	0.0	-4.3369375000000004e-05
372.672	0.0	0.0	-7.038937500000001e-05
372.782	0.0	0.0	-0.00012516218750000002
372.942	0.0	0.0	-0.000200921875
372.952	0.0	0.0	-0.00020381812500000002
373.012	0.0	0.0	-0.00021549281250000002
373.122	0.0	0.0	-0.00023870000000000003
373.282	0.0	0.0	-0.00027061562500000003
373.292	0.0	0.0	-0.00026858125
373.342	0.0	0.0	-0.00025862812500000005
373.462	0.0	0.0	-0.0002380875
373.612	0.0	0.0	-0.00020941593750000003
373.622	0.0	0.0	-0.0002034396875
373.682	0.0	0.0	-0.000175240625
373.792	0.0	0.0	-0.00011795656250000001
373.952	0.0	0.0	-3.8675000000000005e-05
373.962	0.0	0.0	-3.06096875e-05
374.022	0.0	0.0	2.33734375e-06
374.132	0.0	0.0	6.79875e-05
374.292	0.0	0.0	0.00015825468750000002
374.302	0.0	0.0	0.00016218125000000002
374.352	0.0	0.0	0.000181881875
374.472	0.0	0.0	0.00022264375000000003
374.622	0.0	0.0	0.000279540625
374.632	0.0	0.0	0.000279146875
374.692	0.0	0.0	0.00027724375
374.802	0.0	0.0	0.00027337187500000004
374.962	0.0	0.0	0.00026799062500000006
374.972	0.0	0.0	0.00026206250000000003
375.032	0.0	0.0	0.000237584375
375.142	0.0	0.0	0.00018870468750000003
375.302	0.0	0.0	0.000121480625
375.312	0.0	0.0	0.00011519593750000002
375.362	0.0	0.0	8.236156250000002e-05
375.472	0.0	0.0	1.407021875e-05
375.632	0.0	0.0	-8.146906250000002e-05
375.642	0.0	0.0	-8.761156250000001e-05
375.702	0.0	0.0	-0.00011570125
375.812	0.0	0.0	-0.00017235312500000002
375.972	0.0	0.0	-0.00025038125
375.982	0.0	0.0	-0.000251825
376.032	0.0	0.0	-0.000259109375
376.152	0.0	0.0	-0.00027420312500000003
376.302	0.0	0.0	-0.00029526875000000005
376.312	0.0	0.0	-0.00029198750000000007
376.372	0.0	0.0	-0.00027577812500000006
376.482	0.0	0.0	-0.00024265937500000004
376.642	0.0	0.0	-0.00019676125000000003
376.652	0.0	0.0	-0.000189105
376.712	0.0	0.0	-0.0001566775
376.822	0.0	0.0	-9.169343750000002e-05
376.982	0.0	0.0	-2.2015e-06
376.992	0.0	0.0	3.5573125000000003e-06
377.042	0.0	0.0	3.388875000000001e-05
377.152	0.0	0.0	9.700687500000001e-05
377.312	0.0	0.0	0.00018528125
377.322	0.0	0.0	0.0001885034375
377.382	0.0	0.0	0.00020463843750000003
377.492	0.0	0.0	0.00023767187500000004
377.652	0.0	0.0	0.0002835
377.662	0.0	0.0	0.000281815625
377.722	0.0	0.0	0.00027457500000000005
377.832	0.0	0.0	0.000260028125
377.992	0.0	0.0	0.000239990625
378.002	0.0	0.0	0.00023535312500000004
378.052	0.0	0.0	0.0002104440625
378.162	0.0	0.0	0.00015850625000000002
378.322	0.0	0.0	8.582218750000002e-05
378.332	0.0	0.0	7.957250000000001e-05
378.392	0.0	0.0	4.77225e-05
378.502	0.0	0.0	-1.763584375e-05
378.662	0.0	0.0	-0.00010833156250000002
378.672	0.0	0.0	-0.00011346562500000001
378.732	0.0	0.0	-0.0001358196875
378.842	0.0	0.0	-0.00018081437500000003
379.002	0.0	0.0	-0.00024285625
379.012	0.0	0.0	-0.00024322812500000003
379.062	0.0	0.0	-0.00024526250000000006
379.172	0.0	0.0	-0.00024952812500000004
379.332	0.0	0.0	-0.000255521875
379.342	0.0	0.0	-0.00025204375000000007
379.402	0.0	0.0	-0.000234040625
379.512	0.0	0.0	-0.00019703687500000002
379.672	0.0	0.0	-0.00014564593750000001
379.682	0.0	0.0	-0.00013901343750000002
379.742	0.0	0.0	-0.0001097075
379.852	0.0	0.0	-5.05946875e-05
380.012	0.0	0.0	3.09553125e-05
380.022	0.0	0.0	3.5323750000000005e-05
380.072	0.0	0.0	5.969687500000001e-05
380.182	0.0	0.0	0.000110761875
380.342	0.0	0.0	0.00018230625
380.352	0.0	0.0	0.000184235625
380.412	0.0	0.0	0.000194425
380.522	0.0	0.0	0.0002154228125
380.682	0.0	0.0	0.00024460625
380.692	0.0	0.0	0.00024241875
380.752	0.0	0.0	0.00023266250000000002
380.862	0.0	0.0	0.000212935625
381.022	0.0	0.0	0.00018570562500000004
381.032	0.0	0.0	0.000181680625
381.082	0.0	0.0	0.00015876656250000002
381.192	0.0	0.0	0.0001106503125
381.352	0.0	0.0	4.320093750000001e-05
381.362	0.0	0.0	3.8259375e-05
381.422	0.0	0.0	1.1688468750000001e-05
381.532	0.0	0.0	-4.3190000000000005e-05
381.692	0.0	0.0	-0.00011947687500000002
381.702	0.0	0.0	-0.0001231321875
381.762	0.0	0.0	-0.00013976593750000002
381.872	0.0	0.0	-0.00017346437499999998
382.032	0.0	0.0	-0.00021999687500000003
382.042	0.0	0.0	-0.00021980000000000003
382.092	0.0	0.0	-0.000218675625
382.202	0.0	0.0	-0.0002162890625
382.362	0.0	0.0	-0.00021294218750000002
382.372	0.0	0.0	-0.00020966968750000002
382.432	0.0	0.0	-0.00019174750000000004
382.542	0.0	0.0	-0.00015464968750000002
382.702	0.0	0.0	-0.00010304875
382.712	0.0	0.0	-9.73328125e-05
382.772	0.0	0.0	-7.09078125e-05
382.882	0.0	0.0	-1.725871875e-05
383.042	0.0	0.0	5.68815625e-05
383.052	0.0	0.0	6.036625e-05
383.102	0.0	0.0	8.106218750000001e-05
383.212	0.0	0.0	0.00012471593750000004
383.372	0.0	0.0	0.00018598125000000002
383.382	0.0	0.0	0.0001872215625
383.442	0.0	0.0	0.0001941384375
383.552	0.0	0.0	0.0002084840625
383.712	0.0	0.0	0.00022846250000000003
383.722	0.0	0.0	0.00022596875000000004
383.782	0.0	0.0	0.00021432468750000002
383.892	0.0	0.0	0.0001906275
384.052	0.0	0.0	0.00015785875000000002
384.062	0.0	0.0	0.0001540240625
384.112	0.0	0.0	0.00013075562500000003
384.222	0.0	0.0	8.156750000000001e-05
384.382	0.0	0.0	1.2495000000000001e-05
384.392	0.0	0.0	7.9874375e-06
384.452	0.0	0.0	-1.7659687500000002e-05
384.562	0.0	0.0	-7.098000000000001e-05
384.722	0.0	0.0	-0.00014522593750000001
384.732	0.0	0.0	-0.0001482665625
384.792	0.0	0.0	-0.00016276093750000001
384.902	0.0	0.0	-0.00019231625
385.062	0.0	0.0	-0.000233209375
385.072	0.0	0.0	-0.00023257500000000003
385.122	0.0	0.0	-0.00022863750000000002
385.232	0.0	0.0	-0.00022028125000000002
385.392	0.0	0.0	-0.00020854312500000001
385.402	0.0	0.0	-0.000204946875
385.452	0.0	0.0	-0.0001840759375
385.572	0.0	0.0	-0.000140590625
385.732	0.0	0.0	-8.000125e-05
385.742	0.0	0.0	-7.42196875e-05
385.802	0.0	0.0	-4.618906250000001e-05
385.912	0.0	0.0	1.10845e-05
386.072	0.0	0.0	9.0374375e-05
386.082	0.0	0.0	9.350468750000001e-05
386.132	0.0	0.0	0.00011337812499999999
386.242	0.0	0.0	0.00015558156250000002
386.402	0.0	0.0	0.00021491312500000005
386.412	0.0	0.0	0.00021553656250000003
386.462	0.0	0.0	0.00021923125
386.582	0.0	0.0	0.00022693125000000002
386.742	0.0	0.0	0.00023767187500000004
386.752	0.0	0.0	0.0002345
386.812	0.0	0.0	0.00021879375000000004
386.922	0.0	0.0	0.0001866375
387.082	0.0	0.0	0.00014210000000000004
387.092	0.0	0.0	0.0001381646875
387.142	0.0	0.0	0.00011258625
387.252	0.0	0.0	5.814375000000001e-05
387.412	0.0	0.0	-1.8438437500000006e-05
387.422	0.0	0.0	-2.2555312500000005e-05
387.472	0.0	0.0	-4.744906250000001e-05
387.592	0.0	0.0	-9.954437500000001e-05
387.752	0.0	0.0	-0.00017220875000000004
387.762	0.0	0.0	-0.000174374375
387.822	0.0	0.0	-0.00018523093750000004
387.932	0.0	0.0	-0.00020750843750000003
388.092	0.0	0.0	-0.00023839375000000003
388.102	0.0	0.0	-0.00023719062500000005
388.152	0.0	0.0	-0.00022931562500000003
388.262	0.0	0.0	-0.00021246312500000002
388.422	0.0	0.0	-0.000188759375
388.432	0.0	0.0	-0.0001850778125
388.482	0.0	0.0	-0.00016233437500000003
388.602	0.0	0.0	-0.00011464031250000001
388.762	0.0	0.0	-4.8074687500000005e-05
388.772	0.0	0.0	-4.293406250000001e-05
388.832	0.0	0.0	-1.67405e-05
388.942	0.0	0.0	3.7130625e-05
389.102	0.0	0.0	0.0001118425
389.112	0.0	0.0	0.0001141284375
389.162	0.0	0.0	0.00012972531250000002
389.272	0.0	0.0	0.00016307593750000001
389.432	0.0	0.0	0.00021004375000000002
389.442	0.0	0.0	0.0002099496875
389.492	0.0	0.0	0.00020934812500000003
389.612	0.0	0.0	0.00020808593750000002
389.772	0.0	0.0	0.0002063228125
389.782	0.0	0.0	0.00020302625
389.842	0.0	0.0	0.00018599656250000001
389.952	0.0	0.0	0.0001509178125
390.112	0.0	0.0	0.00010224812500000002
390.122	0.0	0.0	9.906312500000001e-05
390.172	0.0	0.0	7.603531250000001e-05
390.282	0.0	0.0	2.6521250000000003e-05
390.442	0.0	0.0	-4.333875000000001e-05
390.452	0.0	0.0	-4.6731562500000006e-05
390.502	0.0	0.0	-6.678875000000001e-05
390.622	0.0	0.0	-0.00010854375
390.782	0.0	0.0	-0.00016654531250000004
390.792	0.0	0.0	-0.00016743562500000004
390.842	0.0	0.0	-0.0001735321875
390.952	0.0	0.0	-0.00018658062500000004
391.112	0.0	0.0	-0.00020496437500000002
391.122	0.0	0.0	-0.0002035009375
391.172	0.0	0.0	-0.00019385625000000004
391.292	0.0	0.0	-0.00017349718750000003
391.452	0.0	0.0	-0.00014504
391.462	0.0	0.0	-0.00014109375000000002
391.522	0.0	0.0	-0.0001199975
391.632	0.0	0.0	-7.635906250000001e-05
391.792	0.0	0.0	-1.5747375e-05
391.802	0.0	0.0	-1.290778125e-05
391.852	0.0	0.0	7.85815625e-06
391.962	0.0	0.0	5.253062500000001e-05
392.122	0.0	0.0	0.00011553718750000001
392.132	0.0	0.0	0.00011738781250000003
392.182	0.0	0.0	0.00012980406250000001
392.302	0.0	0.0	0.00015605187500000001
392.462	0.0	0.0	0.0001927603125
392.472	0.0	0.0	0.0001922178125
392.532	0.0	0.0	0.00018927125000000003
392.642	0.0	0.0	0.00018316375
392.802	0.0	0.0	0.0001746740625
392.812	0.0	0.0	0.00017256312500000002
392.862	0.0	0.0	0.0001567015625
392.972	0.0	0.0	0.00012250000000000002
393.132	0.0	0.0	7.423500000000001e-05
393.142	0.0	0.0	7.097125000000001e-05
393.192	0.0	0.0	4.8549375000000005e-05
393.312	0.0	0.0	1.0461500000000001e-06
393.472	0.0	0.0	-6.542812500000001e-05
393.482	0.0	0.0	-6.860875e-05
393.542	0.0	0.0	-8.62465625e-05
393.652	0.0	0.0	-0.00012289375
393.812	0.0	0.0	-0.00017385156250000002
393.822	0.0	0.0	-0.00017434156250000003
393.872	0.0	0.0	-0.000178119375
393.982	0.0	0.0	-0.00018628531250000003
394.142	0.0	0.0	-0.00019781562500000003
394.152	0.0	0.0	-0.000196170625
394.202	0.0	0.0	-0.0001845878125
394.322	0.0	0.0	-0.000159998125
394.482	0.0	0.0	-0.00012556687500000002
394.492	0.0	0.0	-0.00012166000000000001
394.542	0.0	0.0	-9.957281250000001e-05
394.662	0.0	0.0	-5.358500000000001e-05
394.822	0.0	0.0	1.0402218750000001e-05
394.832	0.0	0.0	1.2960062500000002e-05
394.882	0.0	0.0	3.33309375e-05
394.992	0.0	0.0	7.745500000000001e-05
395.152	0.0	0.0	0.0001397921875
395.162	0.0	0.0	0.00014124031250000002
395.212	0.0	0.0	0.00015169656250000002
395.332	0.0	0.0	0.0001739478125
395.492	0.0	0.0	0.00020511968750000002
395.502	0.0	0.0	0.00020409156250000002
395.552	0.0	0.0	0.00019816343750000002
395.672	0.0	0.0	0.00018578875
395.832	0.0	0.0	0.00016856437500000003
395.842	0.0	0.0	0.0001663353125
395.892	0.0	0.0	0.00014802812500000002
396.002	0.0	0.0	0.00010828562500000001
396.162	0.0	0.0	5.210406250000001e-05
396.172	0.0	0.0	4.89825e-05
396.222	0.0	0.0	2.58496875e-05
396.342	0.0	0.0	-2.3487187500000004e-05
396.502	0.0	0.0	-9.2640625e-05
396.512	0.0	0.0	-9.53334375e-05
396.562	0.0	0.0	-0.0001111775
396.682	0.0	0.0	-0.000144309375
396.842	0.0	0.0	-0.00019045906250000002
396.852	0.0	0.0	-0.00019052687500000003
396.902	0.0	0.0	-0.00019110656250000003
397.012	0.0	0.0	-0.00019236656250000002
397.172	0.0	0.0	-0.00019414937500000003
397.182	0.0	0.0	-0.00019225062500000003
397.232	0.0	0.0	-0.000177795625
397.352	0.0	0.0	-0.00014690375000000002
397.512	0.0	0.0	-0.0001035759375
397.522	0.0	0.0	-9.98221875e-05
397.572	0.0	0.0	-7.728656250000001e-05
397.692	0.0	0.0	-3.0051875000000008e-05
397.852	0.0	0.0	3.577875e-05
397.862	0.0	0.0	3.783937500000001e-05
397.912	0.0	0.0	5.5864375e-05
398.022	0.0	0.0	9.517375e-05
398.182	0.0	0.0	0.0001508084375
398.192	0.0	0.0	0.0001516484375
398.242	0.0	0.0	0.00015821968750000002
398.362	0.0	0.0	0.00017230062500000004
398.522	0.0	0.0	0.000192058125
398.532	0.0	0.0	0.0001906340625
398.582	0.0	0.0	0.000181908125
398.702	0.0	0.0	0.00016358125000000002
398.862	0.0	0.0	0.00013802250000000002
398.872	0.0	0.0	0.000136031875
398.922	0.0	0.0	0.0001180265625
399.032	0.0	0.0	7.86690625e-05
399.192	0.0	0.0	2.29359375e-05
399.202	0.0	0.0	2.0485500000000006e-05
399.252	0.0	0.0	7.566562500000001e-07
399.372	0.0	0.0	-4.15975e-05
399.532	0.0	0.0	-0.00010106250000000001
399.542	0.0	0.0	-0.000102865
399.592	0.0	0.0	-0.00011416562500000001
399.712	0.0	0.0	-0.0001379525
399.872	0.0	0.0	-0.00017114125000000004
399.882	0.0	0.0	-0.0001709115625
399.932	0.0	0.0	-0.00016877000000000003
400.042	0.0	0.0	-0.0001640734375
400.202	0.0	0.0	-0.00015741906250000003
400.212	0.0	0.0	-0.0001557171875
400.262	0.0	0.0	-0.00014160125000000002
400.382	0.0	0.0	-0.0001112278125
400.542	0.0	0.0	-6.856062500000002e-05
400.552	0.0	0.0	-6.552218750000001e-05
400.602	0.0	0.0	-4.604031250000001e-05
400.722	0.0	0.0	-4.94571875e-06
400.882	0.0	0.0	5.2427812500000004e-05
400.892	0.0	0.0	5.392625000000001e-05
400.942	0.0	0.0	6.84971875e-05
401.052	0.0	0.0	0.0001004959375
401.212	0.0	0.0	0.00014585593749999999
401.222	0.0	0.0	0.00014634812500000002
401.272	0.0	0.0	0.00015055906250000003
401.392	0.0	0.0	0.000159635
401.552	0.0	0.0	0.00017239468750000002
401.562	0.0	0.0	0.0001709640625
401.612	0.0	0.0	0.0001615709375
401.732	0.0	0.0	0.00014171718750000004
401.892	0.0	0.0	0.0001139796875
401.902	0.0	0.0	0.00011220781250000001
401.952	0.0	0.0	9.4320625e-05
402.062	0.0	0.0	5.495000000000001e-05
402.222	0.0	0.0	-8.91821875e-07
402.232	0.0	0.0	-3.1381875000000003e-06
402.282	0.0	0.0	-2.2955625000000003e-05
402.402	0.0	0.0	-6.578250000000001e-05
402.562	0.0	0.0	-0.00012601093750000002
402.572	0.0	0.0	-0.00012769531250000001
402.622	0.0	0.0	-0.00013899593750000001
402.742	0.0	0.0	-0.00016293812500000005
402.902	0.0	0.0	-0.00019640250000000002
402.902	0.0	0.0	-0.00019607000000000004
402.962	0.0	0.0	-0.0001925875
403.072	0.0	0.0	-0.00018490281250000003
403.232	0.0	0.0	-0.000173998125
403.242	0.0	0.0	-0.00017201625000000002
403.292	0.0	0.0	-0.000153951875
403.412	0.0	0.0	-0.00011482843750000002
403.572	0.0	0.0	-5.97778125e-05
403.582	0.0	0.0	-5.612687500000001e-05
403.632	0.0	0.0	-3.10340625e-05
403.752	0.0	0.0	2.2249062500000004e-05
403.912	0.0	0.0	9.676406249999999e-05
403.912	0.0	0.0	9.8459375e-05
403.972	0.0	0.0	0.00011700718750000001
404.082	0.0	0.0	0.00015802062500000003
404.242	0.0	0.0	0.0002162584375
404.252	0.0	0.0	0.00021664562500000006
404.302	0.0	0.0	0.00022030312500000002
404.422	0.0	0.0	0.00022822187500000002
404.582	0.0	0.0	0.00023937812500000004
404.592	0.0	0.0	0.00023710312500000003
404.642	0.0	0.0	0.00022113437500000005
404.762	0.0	0.0	0.000187193125
404.922	0.0	0.0	0.0001397025
404.922	0.0	0.0	0.00013744500000000004
404.982	0.0	0.0	0.00011018437500000002
405.092	0.0	0.0	4.956e-05
405.252	0.0	0.0	-3.66778125e-05
405.262	0.0	0.0	-4.0024687500000006e-05
405.312	0.0	0.0	-6.849281250000001e-05
405.432	0.0	0.0	-0.00012968812500000002
405.592	0.0	0.0	-0.0002154053125
405.592	0.0	0.0	-0.00021657125000000001
405.652	0.0	0.0	-0.00022940312500000003
405.762	0.0	0.0	-0.000257775
405.922	0.0	0.0	-0.00029811249999999996
405.932	0.0	0.0	-0.00029717187500000007
405.982	0.0	0.0	-0.00028761250000000003
406.102	0.0	0.0	-0.0002667875
406.262	0.0	0.0	-0.00023745312500000003
406.272	0.0	0.0	-0.00023336250000000004
406.322	0.0	0.0	-0.00020315750000000004
406.442	0.0	0.0	-0.0001386546875
406.602	0.0	0.0	-4.8317500000000006e-05
406.602	0.0	0.0	-4.5508750000000004e-05
406.662	0.0	0.0	-1.0892875000000002e-05
406.772	0.0	0.0	6.61215625e-05
406.932	0.0	0.0	0.00017564312500000003
406.942	0.0	0.0	0.00017804500000000002
406.992	0.0	0.0	0.00020298687500000002
407.112	0.0	0.0	0.000257446875
407.272	0.0	0.0	0.000334228125
407.282	0.0	0.0	0.00033418437500000003
407.332	0.0	0.0	0.00033392187500000007
407.452	0.0	0.0	0.00033333125000000006
407.612	0.0	0.0	0.0003325218750000001
407.612	0.0	0.0	0.00033053125000000004
407.662	0.0	0.0	0.00030485000000000006
407.782	0.0	0.0	0.0002475375
407.942	0.0	0.0	0.0001660159375
407.942	0.0	0.0	0.0001621134375
408.002	0.0	0.0	0.0001199865625
408.122	0.0	0.0	2.7803125e-05
408.282	0.0	0.0	-0.00010224375
408.292	0.0	0.0	-0.00010707593750000001
408.342	0.0	0.0	-0.0001445653125
408.462	0.0	0.0	-0.00022500625
408.622	0.0	0.0	-0.00033777187500000003
408.622	0.0	0.0	-0.00033866875
408.672	0.0	0.0	-0.0003509406250000001
408.792	0.0	0.0	-0.00037835
408.952	0.0	0.0	-0.000417375
408.952	0.0	0.0	-0.000415646875
409.012	0.0	0.0	-0.00039609062500000003
409.122	0.0	0.0	-0.00035325937500000005
409.292	0.0	0.0	-0.000292775
409.302	0.0	0.0	-0.00028713125
409.352	0.0	0.0	-0.00024202500000000001
409.472	0.0	0.0	-0.00014506843750000003
409.632	0.0	0.0	-9.0356875e-06
409.632	0.0	0.0	-5.8371250000000005e-06
409.682	0.0	0.0	4.022375e-05
409.802	0.0	0.0	0.0001434125
409.962	0.0	0.0	0.00029039062500000007
409.962	0.0	0.0	0.000292796875
410.022	0.0	0.0	0.000320840625
410.132	0.0	0.0	0.00038250625000000004
410.302	0.0	0.0	0.0004695906250000001
410.312	0.0	0.0	0.00046860624999999997
410.362	0.0	0.0	0.000460534375
410.482	0.0	0.0	0.000443121875
410.642	0.0	0.0	0.0004187093750000001
410.642	0.0	0.0	0.00041610625000000005
410.692	0.0	0.0	0.0003765125
410.812	0.0	0.0	0.00028763437500000006
410.972	0.0	0.0	0.00016094312500000002
410.972	0.0	0.0	0.00015637343750000003
411.032	0.0	0.0	0.0001003078125
411.142	0.0	0.0	-2.3200624999999998e-05
411.312	0.0	0.0	-0.00019771937500000003
411.322	0.0	0.0	-0.00020285562500000002
411.372	0.0	0.0	-0.00024635625
411.492	0.0	0.0	-0.00034033125
411.652	0.0	0.0	-0.00047228125
411.652	0.0	0.0	-0.00047274062500000003
411.702	0.0	0.0	-0.0004802
411.822	0.0	0.0	-0.000497021875
411.982	0.0	0.0	-0.000520996875
411.982	0.0	0.0	-0.000518459375
412.042	0.0	0.0	-0.0004859093750000001
412.152	0.0	0.0	-0.00041405
412.322	0.0	0.0	-0.0003124625
412.332	0.0	0.0	-0.00030572500000000007
412.382	0.0	0.0	-0.00024670625
412.502	0.0	0.0	-0.00011900656250000002
412.662	0.0	0.0	6.044718750000001e-05
412.662	0.0	0.0	6.3476875e-05
412.712	0.0	0.0	0.000116073125
412.832	0.0	0.0	0.00023471875
412.992	0.0	0.0	0.00040400937500000006
412.992	0.0	0.0	0.000405825
413.052	0.0	0.0	0.00043056562500000005
413.162	0.0	0.0	0.00048525312500000004
413.332	0.0	0.0	0.0005626468750000001
413.342	0.0	0.0	0.0005605031250000001
413.392	0.0	0.0	0.0005413187500000001
413.512	0.0	0.0	0.000499690625
413.672	0.0	0.0	0.0004411531250000001
413.672	0.0	0.0	0.00043844062500000006
413.722	0.0	0.0	0.00038786562500000004
413.842	0.0	0.0	0.000273525
414.002	0.0	0.0	0.00011029375000000001
414.002	0.0	0.0	0.00010599531250000002
414.062	0.0	0.0	4.486781250000001e-05
414.172	0.0	0.0	-9.069374999999999e-05
414.342	0.0	0.0	-0.000282559375
414.352	0.0	0.0	-0.00028678125000000004
414.402	0.0	0.0	-0.0003261343750000001
414.522	0.0	0.0	-0.00041168750000000005
414.682	0.0	0.0	-0.000532021875
414.682	0.0	0.0	-0.000531934375
414.732	0.0	0.0	-0.00052994375
414.852	0.0	0.0	-0.0005254156250000001
415.012	0.0	0.0	-0.000518940625
415.012	0.0	0.0	-0.00051620625
415.072	0.0	0.0	-0.000475059375
415.182	0.0	0.0	-0.000383578125
415.352	0.0	0.0	-0.000254034375
415.362	0.0	0.0	-0.00024782187500000004
415.412	0.0	0.0	-0.000187613125
415.532	0.0	0.0	-5.645281250000001e-05
415.692	0.0	0.0	0.00012815906250000003
415.692	0.0	0.0	0.0001302415625
415.742	0.0	0.0	0.00017584000000000002
415.862	0.0	0.0	0.00027943125000000005
416.022	0.0	0.0	0.00042745937500000006
416.022	0.0	0.0	0.00042831250000000004
416.082	0.0	0.0	0.00044205000000000004
416.192	0.0	0.0	0.00047263125
416.362	0.0	0.0	0.0005159875
416.372	0.0	0.0	0.0005133625
416.422	0.0	0.0	0.00048711250000000006
416.542	0.0	0.0	0.00042977812500000006
416.702	0.0	0.0	0.0003490375
416.702	0.0	0.0	0.00034702500000000005
416.752	0.0	0.0	0.00029885625000000004
416.872	0.0	0.0	0.00018920343750000002
417.032	0.0	0.0	3.24034375e-05
417.032	0.0	0.0	2.9480937500000004e-05
417.092	0.0	0.0	-2.0045375000000005e-05
417.202	0.0	0.0	-0.0001306178125
417.372	0.0	0.0	-0.000287371875
417.382	0.0	0.0	-0.000289778125
417.432	0.0	0.0	-0.000314803125
417.552	0.0	0.0	-0.000369578125
417.712	0.0	0.0	-0.000446753125
417.712	0.0	0.0	-0.000446403125
417.762	0.0	0.0	-0.0004368875
417.882	0.0	0.0	-0.0004151875000000001
418.042	0.0	0.0	-0.000384125
418.042	0.0	0.0	-0.00038206875000000004
418.102	0.0	0.0	-0.00034496875
418.212	0.0	0.0	-0.00026193125
418.382	0.0	0.0	-0.00014413875
418.382	0.0	0.0	-0.00013991250000000002
418.442	0.0	0.0	-9.461593750000002e-05
418.562	0.0	0.0	4.679500000000001e-06
418.722	0.0	0.0	0.00014464625000000001
418.722	0.0	0.0	0.00014547093750000002
418.772	0.0	0.0	0.00017429125
418.892	0.0	0.0	0.00024045000000000002
419.052	0.0	0.0	0.00033525625
419.052	0.0	0.0	0.000335475
419.112	0.0	0.0	0.00033875625000000004
419.222	0.0	0.0	0.000345996875
419.392	0.0	0.0	0.0003562125000000001
419.392	0.0	0.0	0.000355403125
419.442	0.0	0.0	0.00033350625000000005
419.562	0.0	0.0	0.00028345625
419.722	0.0	0.0	0.0002118528125
419.722	0.0	0.0	0.00021013562500000002
419.772	0.0	0.0	0.00017423875
419.892	0.0	0.0	9.357906250000001e-05
420.062	0.0	0.0	-2.0938093750000003e-05
420.062	0.0	0.0	-2.3655625000000003e-05
420.122	0.0	0.0	-5.5129375e-05
420.232	0.0	0.0	-0.00012441625
420.402	0.0	0.0	-0.00022218437500000002
420.402	0.0	0.0	-0.00022251250000000002
420.452	0.0	0.0	-0.00023419375000000004
420.572	0.0	0.0	-0.000261034375
420.732	0.0	0.0	-0.00029946875
420.732	0.0	0.0	-0.00029900937500000006
420.782	0.0	0.0	-0.00028870625000000004
420.902	0.0	0.0	-0.000265475
421.072	0.0	0.0	-0.00023250937500000004
421.072	0.0	0.0	-0.00023030000000000001
421.132	0.0	0.0	-0.000203455
421.242	0.0	0.0	-0.00014423281250000003
421.412	0.0	0.0	-6.061562500000001e-05
421.412	0.0	0.0	-5.99834375e-05
421.462	0.0	0.0	-3.231375e-05
421.582	0.0	0.0	3.1381875000000004e-05
421.742	0.0	0.0	0.0001226859375
421.742	0.0	0.0	0.00012343625
421.792	0.0	0.0	0.0001416821875
421.912	0.0	0.0	0.00018284218750000002
422.082	0.0	0.0	0.00024134687500000003
422.082	0.0	0.0	0.00024130312500000005
422.142	0.0	0.0	0.00024082187500000006
422.252	0.0	0.0	0.000239771875
422.422	0.0	0.0	0.00023828437500000003
422.422	0.0	0.0	0.00023795625000000003
422.472	0.0	0.0	0.00022091562500000002
422.592	0.0	0.0	0.0001815909375
422.752	0.0	0.0	0.00012518625
422.752	0.0	0.0	0.00012419750000000003
422.802	0.0	0.0	9.771125000000002e-05
422.922	0.0	0.0	3.7828437500000005e-05
423.092	0.0	0.0	-4.73221875e-05
423.092	0.0	0.0	-4.904156250000001e-05
423.152	0.0	0.0	-7.194031249999999e-05
423.262	0.0	0.0	-0.00012269250000000002
423.432	0.0	0.0	-0.0001944228125
423.432	0.0	0.0	-0.0001945365625
423.482	0.0	0.0	-0.0002023175
423.602	0.0	0.0	-0.00022030312500000002
423.762	0.0	0.0	-0.0002461375
423.762	0.0	0.0	-0.0002457875
423.812	0.0	0.0	-0.0002356375
423.932	0.0	0.0	-0.0002126490625
424.102	0.0	0.0	-0.00017993500000000002
424.102	0.0	0.0	-0.00017819375000000003
424.162	0.0	0.0	-0.000153785625
424.272	0.0	0.0	-9.957500000000001e-05
424.442	0.0	0.0	-2.29096875e-05
424.442	0.0	0.0	-2.2642812500000004e-05
424.492	0.0	0.0	2.68275e-06
424.612	0.0	0.0	6.139000000000001e-05
424.772	0.0	0.0	0.00014567656250000002
424.772	0.0	0.0	0.00014616000000000002
424.822	0.0	0.0	0.0001625203125
424.942	0.0	0.0	0.0001996815625
425.112	0.0	0.0	0.00025256875000000004
425.112	0.0	0.0	0.000252415625
425.172	0.0	0.0	0.0002499
425.282	0.0	0.0	0.00024434375
425.452	0.0	0.0	0.00023646875000000005
425.452	0.0	0.0	0.0002363375
425.502	0.0	0.0	0.00021666968750000005
425.612	0.0	0.0	0.00017094437500000001
425.782	0.0	0.0	0.00010526250000000002
425.782	0.0	0.0	0.00010450343750000001
425.832	0.0	0.0	7.48825e-05
425.952	0.0	0.0	7.455437500000002e-06
426.122	0.0	0.0	-8.856968750000002e-05
426.122	0.0	0.0	-9.01425e-05
426.182	0.0	0.0	-0.0001147759375
426.292	0.0	0.0	-0.000169736875
426.462	0.0	0.0	-0.0002475375
426.462	0.0	0.0	-0.000247559375
426.512	0.0	0.0	-0.00025394687500000004
426.622	0.0	0.0	-0.000268821875
426.792	0.0	0.0	-0.000290215625
426.792	0.0	0.0	-0.0002898875
426.842	0.0	0.0	-0.000274684375
426.962	0.0	0.0	-0.000239990625
427.132	0.0	0.0	-0.000190579375
427.132	0.0	0.0	-0.00018870031250000003
427.192	0.0	0.0	-0.0001573665625
427.302	0.0	0.0	-8.7303125e-05
427.472	0.0	0.0	1.19371875e-05
427.472	0.0	0.0	1.1885125e-05
427.522	0.0	0.0	4.22253125e-05
427.632	0.0	0.0	0.00011306312500000001
427.802	0.0	0.0	0.00021493062500000003
427.802	0.0	0.0	0.0002152346875
427.852	0.0	0.0	0.00023226875000000003
427.972	0.0	0.0	0.00027120625000000005
428.142	0.0	0.0	0.00032670312500000006
428.142	0.0	0.0	0.00032628750000000004
428.202	0.0	0.0	0.0003187625
428.312	0.0	0.0	0.00030189687500000004
428.482	0.0	0.0	0.0002779875
428.482	0.0	0.0	0.00027803125
428.532	0.0	0.0	0.0002503375
428.642	0.0	0.0	0.00018529437500000004
428.812	0.0	0.0	9.1695625e-05
428.812	0.0	0.0	9.1170625e-05
428.862	0.0	0.0	5.35040625e-05
428.982	0.0	0.0	-3.2825625e-05
429.152	0.0	0.0	-0.00015596437500000002
429.152	0.0	0.0	-0.0001574321875
429.212	0.0	0.0	-0.00018543437500000005
429.322	0.0	0.0	-0.00024832500000000003
429.492	0.0	0.0	-0.000337509375
429.492	0.0	0.0	-0.00033724687500000006
429.542	0.0	0.0	-0.00034068125000000004
429.652	0.0	0.0	-0.00034820625
429.822	0.0	0.0	-0.00035901250000000003
429.822	0.0	0.0	-0.00035877187500000005
429.872	0.0	0.0	-0.00033490625
429.992	0.0	0.0	-0.00028008750000000005
430.162	0.0	0.0	-0.00020185593750000002
430.162	0.0	0.0	-0.00019985218750000002
430.212	0.0	0.0	-0.0001586003125
430.332	0.0	0.0	-6.573875000000001e-05
430.502	0.0	0.0	6.60078125e-05
430.502	0.0	0.0	6.545656250000001e-05
430.552	0.0	0.0	0.00010145406250000002
430.662	0.0	0.0	0.00018599656250000001
430.832	0.0	0.0	0.000307759375
430.832	0.0	0.0	0.00030786875
430.882	0.0	0.0	0.00032379375
431.002	0.0	0.0	0.00036047812500000006
431.172	0.0	0.0	0.00041284687500000005
431.172	0.0	0.0	0.00041214687500000003
431.222	0.0	0.0	0.00039676875
431.342	0.0	0.0	0.00036207500000000006
431.512	0.0	0.0	0.0003128343750000001
431.512	0.0	0.0	0.00031309687500000004
431.562	0.0	0.0	0.00027584375
431.672	0.0	0.0	0.000186983125
431.842	0.0	0.0	5.894218750000001e-05
431.842	0.0	0.0	5.884812500000001e-05
431.892	0.0	0.0	1.3458156250000001e-05
432.012	0.0	0.0	-9.12778125e-05
432.182	0.0	0.0	-0.000240909375
432.182	0.0	0.0	-0.00024209062499999998
432.232	0.0	0.0	-0.00027107499999999996
432.352	0.0	0.0	-0.00033661250000000003
432.522	0.0	0.0	-0.00042971250000000007
432.522	0.0	0.0	-0.0004291
432.572	0.0	0.0	-0.000427109375
432.682	0.0	0.0	-0.00042078750000000006
432.852	0.0	0.0	-0.00041170937500000003
432.852	0.0	0.0	-0.00041170937500000003
432.902	0.0	0.0	-0.00037795625
433.022	0.0	0.0	-0.00029977500000000006
433.192	0.0	0.0	-0.0001880309375
433.192	0.0	0.0	-0.00018614531250000003
433.242	0.0	0.0	-0.0001363928125
433.362	0.0	0.0	-2.3697187500000003e-05
433.532	0.0	0.0	0.00013641250000000002
433.532	0.0	0.0	0.000134911875
433.582	0.0	0.0	0.00017327625
433.692	0.0	0.0	0.000263790625
433.862	0.0	0.0	0.00039451562500000006
433.862	0.0	0.0	0.00039464687500000004
433.912	0.0	0.0	0.00040602187500000004
434.032	0.0	0.0	0.00043211875000000004
434.202	0.0	0.0	0.00046919687500000004
434.202	0.0	0.0	0.00046895625000000006
434.252	0.0	0.0	0.0004472562500000001
434.362	0.0	0.0	0.000394121875
434.532	0.0	0.0	0.00031749375
434.532	0.0	0.0	0.0003177125
434.582	0.0	0.0	0.00027065937500000004
434.702	0.0	0.0	0.00016084687500000003
434.872	0.0	0.0	3.7360312500000004e-06
434.872	0.0	0.0	2.24809375e-06
434.922	0.0	0.0	-4.637937500000001e-05
435.042	0.0	0.0	-0.00015699687500000004
435.212	0.0	0.0	-0.00031432187500000003
435.212	0.0	0.0	-0.00031276875
435.262	0.0	0.0	-0.000337290625
435.372	0.0	0.0	-0.00039377187500000004
435.542	0.0	0.0	-0.00047534375000000007
435.542	0.0	0.0	-0.00047503750000000005
435.592	0.0	0.0	-0.00046528125000000004
435.712	0.0	0.0	-0.000441546875
435.882	0.0	0.0	-0.00040757500000000003
435.882	0.0	0.0	-0.00040648125000000007
435.932	0.0	0.0	-0.0003653125
436.052	0.0	0.0	-0.00027146875
436.222	0.0	0.0	-0.00013793281249999999
436.222	0.0	0.0	-0.00013940718749999998
436.272	0.0	0.0	-9.173500000000002e-05
436.382	0.0	0.0	2.2728125000000002e-05
436.552	0.0	0.0	0.00018807687500000002
436.552	0.0	0.0	0.0001872390625
436.602	0.0	0.0	0.00022321250000000004
436.722	0.0	0.0	0.000306534375
436.892	0.0	0.0	0.000425840625
436.892	0.0	0.0	0.00042592812500000005
436.942	0.0	0.0	0.0004294718750000001
437.062	0.0	0.0	0.000437521875
437.232	0.0	0.0	0.000449028125
437.232	0.0	0.0	0.000448875
437.282	0.0	0.0	0.000422253125
437.392	0.0	0.0	0.00035546875000000004
437.562	0.0	0.0	0.000258934375
437.562	0.0	0.0	0.000259546875
437.612	0.0	0.0	0.0002128
437.732	0.0	0.0	0.00010270750000000001
437.902	0.0	0.0	-5.50396875e-05
437.902	0.0	0.0	-5.5833750000000004e-05
437.952	0.0	0.0	-9.784468750000001e-05
438.072	0.0	0.0	-0.00019406406250000003
438.242	0.0	0.0	-0.000331121875
438.242	0.0	0.0	-0.000329284375
438.292	0.0	0.0	-0.00034558125000000006
438.402	0.0	0.0	-0.0003818500000000001
438.572	0.0	0.0	-0.00043430625
438.572	0.0	0.0	-0.00043391249999999996
438.622	0.0	0.0	-0.00041868750000000006
438.742	0.0	0.0	-0.00038115
438.912	0.0	0.0	-0.0003273375000000001
438.912	0.0	0.0	-0.000326746875
438.962	0.0	0.0	-0.000287153125
439.082	0.0	0.0	-0.00019626468750000005
439.252	0.0	0.0	-6.672750000000001e-05
439.252	0.0	0.0	-6.86240625e-05
439.302	0.0	0.0	-2.9015e-05
439.412	0.0	0.0	6.636875e-05
439.582	0.0	0.0	0.00020437375
439.582	0.0	0.0	0.00020317281250000003
439.632	0.0	0.0	0.00022815625000000003
439.752	0.0	0.0	0.00028562187500000004
439.922	0.0	0.0	0.000368046875
439.922	0.0	0.0	0.00036800312500000004
439.972	0.0	0.0	0.00036424062500000005
440.092	0.0	0.0	0.00035555625000000007
440.262	0.0	0.0	0.00034319687500000007
440.262	0.0	0.0	0.0003433937500000001
440.312	0.0	0.0	0.000318128125
440.422	0.0	0.0	0.000254296875
440.592	0.0	0.0	0.0001618815625
440.592	0.0	0.0	0.00016279593750000002
440.642	0.0	0.0	0.000126144375
440.762	0.0	0.0	3.918906250000001e-05
440.932	0.0	0.0	-8.559250000000002e-05
440.932	0.0	0.0	-8.579156250000001e-05
440.982	0.0	0.0	-0.0001138790625
441.102	0.0	0.0	-0.00017864218750000002
441.272	0.0	0.0	-0.00027105312500000004
441.272	0.0	0.0	-0.00026947812499999996
441.322	0.0	0.0	-0.00027652187500000003
441.432	0.0	0.0	-0.000290565625
441.602	0.0	0.0	-0.0003108875
441.602	0.0	0.0	-0.00031066875000000004
441.652	0.0	0.0	-0.0002953125
441.772	0.0	0.0	-0.0002571625
441.942	0.0	0.0	-0.00020239406250000002
441.942	0.0	0.0	-0.00020230437500000004
441.992	0.0	0.0	-0.00017308593750000004
442.112	0.0	0.0	-0.00010556000000000001
442.282	0.0	0.0	-9.168250000000002e-06
442.282	0.0	0.0	-1.0922187500000003e-05
442.332	0.0	0.0	1.4261625000000003e-05
442.442	0.0	0.0	7.47753125e-05
442.612	0.0	0.0	0.00016246125
442.612	0.0	0.0	0.00016138281250000001
442.662	0.0	0.0	0.0001738384375
442.782	0.0	0.0	0.0002018865625
442.952	0.0	0.0	0.000242178125
442.952	0.0	0.0	0.00024215625000000005
443.002	0.0	0.0	0.000235484375
443.122	0.0	0.0	0.000219975
443.292	0.0	0.0	0.00019781781250000004
443.292	0.0	0.0	0.00019824656250000001
443.332	0.0	0.0	0.00018059343750000004
443.452	0.0	0.0	0.00013579562500000002
443.622	0.0	0.0	7.084437500000001e-05
443.622	0.0	0.0	7.17215625e-05
443.672	0.0	0.0	5.0369375000000004e-05
443.792	0.0	0.0	-4.3771875e-07
443.962	0.0	0.0	-7.346062500000001e-05
443.962	0.0	0.0	-7.33534375e-05
444.012	0.0	0.0	-8.677156250000002e-05
444.132	0.0	0.0	-0.0001178253125
444.302	0.0	0.0	-0.00016220312500000002
444.302	0.0	0.0	-0.00016129093750000002
444.342	0.0	0.0	-0.00016228625000000002
444.462	0.0	0.0	-0.00016250500000000002
444.632	0.0	0.0	-0.00016282218750000003
444.632	0.0	0.0	-0.0001628178125
444.682	0.0	0.0	-0.00015247312500000002
444.802	0.0	0.0	-0.00012662562500000002
444.972	0.0	0.0	-8.945343750000001e-05
444.972	0.0	0.0	-8.955187500000001e-05
445.022	0.0	0.0	-7.40796875e-05
445.142	0.0	0.0	-3.7983750000000004e-05
445.312	0.0	0.0	1.3624843750000002e-05
445.312	0.0	0.0	1.250309375e-05
445.352	0.0	0.0	2.4215625e-05
445.472	0.0	0.0	5.215875e-05
445.642	0.0	0.0	9.271062500000001e-05
445.642	0.0	0.0	9.20653125e-05
445.692	0.0	0.0	9.660875000000002e-05
445.812	0.0	0.0	0.00010640875000000001
445.982	0.0	0.0	0.000120509375
445.982	0.0	0.0	0.00012045687500000001
446.032	0.0	0.0	0.000115924375
446.152	0.0	0.0	0.0001050896875
446.322	0.0	0.0	8.95890625e-05
446.322	0.0	0.0	8.994343750000002e-05
446.362	0.0	0.0	8.067718750000001e-05
446.482	0.0	0.0	5.699531250000001e-05
446.652	0.0	0.0	2.2610000000000002e-05
446.652	0.0	0.0	2.3196250000000003e-05
446.702	0.0	0.0	1.216425e-05
446.822	0.0	0.0	-1.4276937500000003e-05
446.992	0.0	0.0	-5.2338125e-05
446.992	0.0	0.0	-5.21478125e-05
447.042	0.0	0.0	-5.9526249999999996e-05
447.162	0.0	0.0	-7.661937500000001e-05
447.332	0.0	0.0	-0.00010108437500000002
447.332	0.0	0.0	-0.00010049375000000001
447.372	0.0	0.0	-0.0001012746875
447.492	0.0	0.0	-0.00010179093750000001
447.662	0.0	0.0	-0.00010253687500000001
447.662	0.0	0.0	-0.00010252375000000002
447.712	0.0	0.0	-9.576875000000001e-05
447.832	0.0	0.0	-7.851812500000001e-05
448.002	0.0	0.0	-5.3674687500000005e-05
448.002	0.0	0.0	-5.382125e-05
448.052	0.0	0.0	-4.188187500000001e-05
448.172	0.0	0.0	-1.3704468750000002e-05
448.342	0.0	0.0	2.6637187500000006e-05
448.342	0.0	0.0	2.555875e-05
448.382	0.0	0.0	3.612218750000001e-05
448.502	0.0	0.0	6.194343750000001e-05
448.672	0.0	0.0	9.951812500000002e-05
448.672	0.0	0.0	9.89821875e-05
448.722	0.0	0.0	0.00010396093750000001
448.842	0.0	0.0	0.00011500781250000002
449.012	0.0	0.0	0.0001308365625
449.012	0.0	0.0	0.00013045593750000002
449.052	0.0	0.0	0.00012662562500000002
449.172	0.0	0.0	0.000115329375
449.342	0.0	0.0	9.891e-05
449.342	0.0	0.0	9.924687500000002e-05
449.392	0.0	0.0	8.693343750000002e-05
449.512	0.0	0.0	5.6013125e-05
449.682	0.0	0.0	1.1442593750000002e-05
449.682	0.0	0.0	1.1804843750000002e-05
449.732	0.0	0.0	-3.42125e-06
449.852	0.0	0.0	-3.93728125e-05
450.022	0.0	0.0	-9.08971875e-05
450.022	0.0	0.0	-8.949718750000001e-05
450.062	0.0	0.0	-9.91878125e-05
450.182	0.0	0.0	-0.00012181531250000001
450.352	0.0	0.0	-0.000154730625
450.352	0.0	0.0	-0.00015402625
450.402	0.0	0.0	-0.00015359531250000002
450.522	0.0	0.0	-0.00015064875
450.692	0.0	0.0	-0.000146400625
450.692	0.0	0.0	-0.00014644000000000001
450.742	0.0	0.0	-0.00013410250000000002
450.862	0.0	0.0	-0.00010416656250000001
451.032	0.0	0.0	-6.123906250000001e-05
451.032	0.0	0.0	-6.245531250000001e-05
451.072	0.0	0.0	-4.5755937500000006e-05
451.192	0.0	0.0	-3.1863125000000003e-06
451.362	0.0	0.0	5.8773750000000006e-05
451.362	0.0	0.0	5.73759375e-05
451.412	0.0	0.0	7.25965625e-05
451.532	0.0	0.0	0.00010871000000000001
451.702	0.0	0.0	0.0001608184375
451.702	0.0	0.0	0.00016027156250000003
451.752	0.0	0.0	0.00016456781250000002
451.872	0.0	0.0	0.00017375968750000002
452.042	0.0	0.0	0.0001869459375
452.032	0.0	0.0	0.00018655656250000002
452.082	0.0	0.0	0.00017861812500000003
452.202	0.0	0.0	0.00015554875
452.372	0.0	0.0	0.0001219553125
452.372	0.0	0.0	0.00012275375
452.422	0.0	0.0	0.0001041578125
452.542	0.0	0.0	5.733656250000001e-05
452.712	0.0	0.0	-1.0256531250000001e-05
452.712	0.0	0.0	-9.470343750000001e-06
452.762	0.0	0.0	-2.9426250000000003e-05
452.882	0.0	0.0	-7.670687500000001e-05
453.052	0.0	0.0	-0.00014457625
453.042	0.0	0.0	-0.00014249593750000002
453.092	0.0	0.0	-0.00015311406250000003
453.212	0.0	0.0	-0.0001769425
453.382	0.0	0.0	-0.00021166031250000004
453.382	0.0	0.0	-0.00021079406250000004
453.432	0.0	0.0	-0.00020708625000000002
453.552	0.0	0.0	-0.00019496968750000001
453.722	0.0	0.0	-0.000177471875
453.722	0.0	0.0	-0.000177695
453.772	0.0	0.0	-0.00015959562500000003
453.892	0.0	0.0	-0.00011521343750000001
454.062	0.0	0.0	-5.14740625e-05
454.052	0.0	0.0	-5.3501875e-05
454.102	0.0	0.0	-3.2121250000000004e-05
454.222	0.0	0.0	2.2297187500000003e-05
454.392	0.0	0.0	0.0001016225
454.392	0.0	0.0	9.9553125e-05
454.442	0.0	0.0	0.00011653031250000001
454.562	0.0	0.0	0.00015630562500000003
454.732	0.0	0.0	0.00021377781250000004
454.732	0.0	0.0	0.00021297718750000005
454.782	0.0	0.0	0.000214886875
454.902	0.0	0.0	0.00021765406250000004
455.072	0.0	0.0	0.00022163750000000001
455.062	0.0	0.0	0.00022150625
455.112	0.0	0.0	0.00020914250000000003
455.232	0.0	0.0	0.00017375312500000003
455.402	0.0	0.0	0.00012214125
455.402	0.0	0.0	0.0001235478125
455.442	0.0	0.0	0.00010029906250000002
455.572	0.0	0.0	4.161937500000001e-05
455.742	0.0	0.0	-4.32184375e-05
455.742	0.0	0.0	-4.193656250000001e-05
455.792	0.0	0.0	-6.3879375e-05
455.912	0.0	0.0	-0.00011586312500000001
456.082	0.0	0.0	-0.000190596875
456.072	0.0	0.0	-0.00018804843750000003
456.122	0.0	0.0	-0.0001974
456.242	0.0	0.0	-0.0002168271875
456.412	0.0	0.0	-0.00024517500000000004
456.412	0.0	0.0	-0.000244365625
456.452	0.0	0.0	-0.00023673125
456.582	0.0	0.0	-0.00021393093750000003
456.752	0.0	0.0	-0.00018093906250000002
456.752	0.0	0.0	-0.000181475
456.802	0.0	0.0	-0.00015930031250000002
456.922	0.0	0.0	-0.00010449687500000001
457.092	0.0	0.0	-2.5672500000000002e-05
457.082	0.0	0.0	-2.8450625000000003e-05
457.132	0.0	0.0	-5.331156250000001e-06
457.252	0.0	0.0	5.318468750000001e-05
457.422	0.0	0.0	0.0001386109375
457.412	0.0	0.0	0.0001360865625
457.462	0.0	0.0	0.000151668125
457.592	0.0	0.0	0.0001872478125
457.762	0.0	0.0	0.00023874375
457.762	0.0	0.0	0.00023784687500000003
457.812	0.0	0.0	0.00023607500000000003
457.932	0.0	0.0	0.00022931562500000003
458.102	0.0	0.0	0.000219559375
458.092	0.0	0.0	0.000219909375
458.142	0.0	0.0	0.00020447
458.262	0.0	0.0	0.0001607134375
458.432	0.0	0.0	9.680125e-05
458.422	0.0	0.0	9.876562500000002e-05
458.472	0.0	0.0	7.476875e-05
458.592	0.0	0.0	1.430471875e-05
458.772	0.0	0.0	-7.3241875e-05
458.772	0.0	0.0	-7.16165625e-05
458.822	0.0	0.0	-9.100875e-05
458.942	0.0	0.0	-0.0001366203125
459.112	0.0	0.0	-0.00020228906250000002
459.102	0.0	0.0	-0.00019982375000000003
459.152	0.0	0.0	-0.00020545875
459.272	0.0	0.0	-0.00021472062500000003
459.442	0.0	0.0	-0.00022824375000000006
459.432	0.0	0.0	-0.00022782812500000003
459.482	0.0	0.0	-0.00021742000000000002
459.602	0.0	0.0	-0.00018747531250000004
459.782	0.0	0.0	-0.000144099375
459.782	0.0	0.0	-0.0001449546875
459.832	0.0	0.0	-0.00012361125
459.952	0.0	0.0	-7.065625e-05
460.122	0.0	0.0	5.6266875000000015e-06
460.112	0.0	0.0	2.67684375e-06
460.162	0.0	0.0	2.1905625e-05
460.282	0.0	0.0	6.9838125e-05
460.452	0.0	0.0	0.00013991687500000002
460.442	0.0	0.0	0.00013760250000000002
460.492	0.0	0.0	0.000147765625
460.612	0.0	0.0	0.00016962093750000001
460.792	0.0	0.0	0.00020129375
460.792	0.0	0.0	0.00020063312500000004
460.842	0.0	0.0	0.00019579875000000002
460.962	0.0	0.0	0.0001814990625
461.132	0.0	0.0	0.00016089062500000004
461.122	0.0	0.0	0.00016171093750000002
461.172	0.0	0.0	0.0001476540625
461.292	0.0	0.0	0.0001083775
461.462	0.0	0.0	5.0920625000000003e-05
461.452	0.0	0.0	5.288281250000001e-05
461.502	0.0	0.0	3.502406250000001e-05
461.622	0.0	0.0	-9.556531250000001e-06
461.802	0.0	0.0	-7.42e-05
461.802	0.0	0.0	-7.27803125e-05
461.852	0.0	0.0	-8.446375e-05
461.972	0.0	0.0	-0.00011135906250000001
462.142	0.0	0.0	-0.00015013906250000003
462.132	0.0	0.0	-0.00014855312500000001
462.182	0.0	0.0	-0.00014974312500000002
462.302	0.0	0.0	-0.00014855750000000002
462.472	0.0	0.0	-0.000146820625
462.462	0.0	0.0	-0.00014688187500000002
462.512	0.0	0.0	-0.00013789125000000002
462.632	0.0	0.0	-0.00011266718750000001
462.812	0.0	0.0	-7.607468750000001e-05
462.812	0.0	0.0	-7.69125e-05
462.862	0.0	0.0	-6.310281250000001e-05
462.982	0.0	0.0	-2.8929687500000008e-05
463.152	0.0	0.0	2.036146875e-05
463.142	0.0	0.0	1.8214218750000002e-05
463.192	0.0	0.0	2.8686875e-05
463.312	0.0	0.0	5.4064062500000004e-05
463.482	0.0	0.0	9.12625e-05
463.472	0.0	0.0	9.009875e-05
463.522	0.0	0.0	9.382843750000001e-05
463.652	0.0	0.0	0.000100883125
463.822	0.0	0.0	0.00011106812500000002
463.812	0.0	0.0	0.0001106525
463.862	0.0	0.0	0.000107095625
463.982	0.0	0.0	9.51846875e-05
464.152	0.0	0.0	7.774375e-05
464.142	0.0	0.0	7.83978125e-05
464.192	0.0	0.0	6.979437500000001e-05
464.312	0.0	0.0	4.7022500000000006e-05
464.492	0.0	0.0	1.395559375e-05
464.492	0.0	0.0	1.4782250000000002e-05
464.542	0.0	0.0	5.936875000000001e-06
464.662	0.0	0.0	-1.5467593750000002e-05
464.832	0.0	0.0	-4.63728125e-05
464.822	0.0	0.0	-4.5016562500000006e-05
464.872	0.0	0.0	-4.9888125e-05
464.992	0.0	0.0	-6.0630937500000015e-05
465.162	0.0	0.0	-7.637437500000002e-05
465.152	0.0	0.0	-7.577062500000001e-05
465.202	0.0	0.0	-7.5464375e-05
465.322	0.0	0.0	-7.283937500000002e-05
465.502	0.0	0.0	-6.902875e-05
465.502	0.0	0.0	-6.912937500000001e-05
465.542	0.0	0.0	-6.394062500000001e-05
465.672	0.0	0.0	-5.0266562500000005e-05
465.842	0.0	0.0	-3.0511250000000007e-05
465.832	0.0	0.0	-3.14015625e-05
465.882	0.0	0.0	-2.48084375e-05
466.002	0.0	0.0	-7.245218750000001e-06
466.172	0.0	0.0	1.8506906250000003e-05
466.162	0.0	0.0	1.749015625e-05
466.212	0.0	0.0	2.3474062500000004e-05
466.332	0.0	0.0	3.788968750000001e-05
466.512	0.0	0.0	5.88415625e-05
466.512	0.0	0.0	5.827062500000001e-05
466.552	0.0	0.0	6.041437500000001e-05
466.682	0.0	0.0	6.4675625e-05
466.852	0.0	0.0	7.0835625e-05
466.842	0.0	0.0	7.055125e-05
466.892	0.0	0.0	6.83396875e-05
467.012	0.0	0.0	6.058500000000001e-05
467.182	0.0	0.0	4.9210000000000005e-05
467.172	0.0	0.0	4.96715625e-05
467.222	0.0	0.0	4.3380312500000006e-05
467.342	0.0	0.0	2.63265625e-05
467.522	0.0	0.0	1.5311406250000001e-06
467.512	0.0	0.0	2.2351875e-06
467.562	0.0	0.0	-5.139750000000001e-06
467.692	0.0	0.0	-2.3327500000000003e-05
467.862	0.0	0.0	-4.9627812500000004e-05
467.852	0.0	0.0	-4.83853125e-05
467.902	0.0	0.0	-5.2889375e-05
468.022	0.0	0.0	-6.3100625e-05
468.192	0.0	0.0	-7.808937500000001e-05
468.182	0.0	0.0	-7.746375000000001e-05
468.232	0.0	0.0	-7.703718750000001e-05
468.352	0.0	0.0	-7.39396875e-05
468.532	0.0	0.0	-6.94334375e-05
468.522	0.0	0.0	-6.9566875e-05
468.572	0.0	0.0	-6.366281250000001e-05
468.702	0.0	0.0	-4.78209375e-05
468.872	0.0	0.0	-2.4898125e-05
468.862	0.0	0.0	-2.6007187500000003e-05
468.912	0.0	0.0	-1.8390750000000003e-05
469.032	0.0	0.0	2.1575968750000005e-06
469.202	0.0	0.0	3.23290625e-05
469.192	0.0	0.0	3.103625e-05
469.242	0.0	0.0	3.7646875000000005e-05
469.362	0.0	0.0	5.343843750000001e-05
469.542	0.0	0.0	7.64225e-05
469.532	0.0	0.0	7.5718125e-05
469.582	0.0	0.0	7.72296875e-05
469.702	0.0	0.0	7.946093750000001e-05
469.882	0.0	0.0	8.2691875e-05
469.872	0.0	0.0	8.253218750000001e-05
469.922	0.0	0.0	7.88965625e-05
470.042	0.0	0.0	6.680625e-05
470.212	0.0	0.0	4.9048125000000004e-05
470.202	0.0	0.0	4.982906250000001e-05
470.252	0.0	0.0	4.206343750000001e-05
470.372	0.0	0.0	2.1160781250000003e-05
470.552	0.0	0.0	-9.276531250000002e-06
470.542	0.0	0.0	-8.31009375e-06
470.592	0.0	0.0	-1.6023218750000002e-05
470.712	0.0	0.0	-3.48184375e-05
470.892	0.0	0.0	-6.203750000000001e-05
470.882	0.0	0.0	-6.065937500000001e-05
470.932	0.0	0.0	-6.436281250000001e-05
471.052	0.0	0.0	-7.182875e-05
471.222	0.0	0.0	-8.280125e-05
471.212	0.0	0.0	-8.230468750000002e-05
471.262	0.0	0.0	-8.0495625e-05
471.382	0.0	0.0	-7.354812500000001e-05
471.562	0.0	0.0	-6.34265625e-05
471.552	0.0	0.0	-6.37590625e-05
471.602	0.0	0.0	-5.712875000000001e-05
471.722	0.0	0.0	-3.94625e-05
471.902	0.0	0.0	-1.3861531250000002e-05
471.892	0.0	0.0	-1.518584375e-05
471.942	0.0	0.0	-8.003625e-06
472.062	0.0	0.0	1.0963968750000002e-05
472.232	0.0	0.0	3.8856562500000004e-05
472.222	0.0	0.0	3.7565937500000005e-05
472.272	0.0	0.0	4.2765625000000004e-05
472.392	0.0	0.0	5.46459375e-05
472.572	0.0	0.0	7.196437500000001e-05
472.562	0.0	0.0	7.137593750000001e-05
472.612	0.0	0.0	7.1570625e-05
472.732	0.0	0.0	7.046375e-05
472.912	0.0	0.0	6.885812500000001e-05
472.902	0.0	0.0	6.894125e-05
472.952	0.0	0.0	6.500593750000001e-05
473.072	0.0	0.0	5.242562500000001e-05
473.242	0.0	0.0	3.3919375e-05
473.232	0.0	0.0	3.4794375000000005e-05
473.282	0.0	0.0	2.7923437500000004e-05
473.402	0.0	0.0	9.563312500000001e-06
473.582	0.0	0.0	-1.721278125e-05
473.572	0.0	0.0	-1.6273031250000002e-05
473.622	0.0	0.0	-2.251375e-05
473.742	0.0	0.0	-3.760968750000001e-05
473.922	0.0	0.0	-5.9504375000000004e-05
473.912	0.0	0.0	-5.8323125000000006e-05
473.962	0.0	0.0	-6.09940625e-05
474.072	0.0	0.0	-6.589625000000001e-05
474.252	0.0	0.0	-7.31128125e-05
474.242	0.0	0.0	-7.276281250000001e-05
474.292	0.0	0.0	-7.062999999999999e-05
474.412	0.0	0.0	-6.296281249999999e-05
474.592	0.0	0.0	-5.1775937500000006e-05
474.582	0.0	0.0	-5.218062500000001e-05
474.632	0.0	0.0	-4.57646875e-05
474.752	0.0	0.0	-2.851625e-05
474.932	0.0	0.0	-3.48884375e-06
474.922	0.0	0.0	-4.86609375e-06
474.972	0.0	0.0	2.1312812499999998e-06
475.082	0.0	0.0	2.0803125000000006e-05
475.262	0.0	0.0	4.83e-05
475.252	0.0	0.0	4.6937187500000004e-05
475.302	0.0	0.0	5.2088750000000005e-05
475.422	0.0	0.0	6.38771875e-05
475.602	0.0	0.0	8.108625e-05
475.592	0.0	0.0	8.0443125e-05
475.642	0.0	0.0	8.03184375e-05
475.762	0.0	0.0	7.8098125e-05
475.942	0.0	0.0	7.4878125e-05
475.932	0.0	0.0	7.505750000000002e-05
475.982	0.0	0.0	7.015968750000001e-05
476.092	0.0	0.0	5.43528125e-05
476.272	0.0	0.0	3.10625e-05
476.262	0.0	0.0	3.224156250000001e-05
476.312	0.0	0.0	2.3587812500000002e-05
476.432	0.0	0.0	1.4551468750000002e-07
476.612	0.0	0.0	-3.409000000000001e-05
476.602	0.0	0.0	-3.27753125e-05
476.652	0.0	0.0	-4.0680937500000005e-05
476.772	0.0	0.0	-5.987625000000001e-05
476.952	0.0	0.0	-8.775593750000001e-05
476.942	0.0	0.0	-8.615906250000001e-05
476.992	0.0	0.0	-8.919968750000002e-05
477.102	0.0	0.0	-9.408000000000001e-05
477.282	0.0	0.0	-0.00010127687500000002
477.272	0.0	0.0	-0.00010090500000000001
477.322	0.0	0.0	-9.707031250000002e-05
477.442	0.0	0.0	-8.37725e-05
477.622	0.0	0.0	-6.4343125e-05
477.612	0.0	0.0	-6.510656250000001e-05
477.662	0.0	0.0	-5.5317500000000014e-05
477.782	0.0	0.0	-2.8881562500000002e-05
477.962	0.0	0.0	9.530937500000001e-06
477.952	0.0	0.0	7.234500000000002e-06
477.992	0.0	0.0	1.7259375e-05
478.112	0.0	0.0	4.3938125e-05
478.292	0.0	0.0	8.332625000000001e-05
478.282	0.0	0.0	8.14428125e-05
478.332	0.0	0.0	8.795937500000001e-05
478.452	0.0	0.0	0.00010217375000000001
478.632	0.0	0.0	0.000122845625
478.622	0.0	0.0	0.00012166656250000001
478.672	0.0	0.0	0.00012078937499999999
478.782	0.0	0.0	0.0001138265625
478.962	0.0	0.0	0.0001035540625
478.952	0.0	0.0	0.0001041096875
479.002	0.0	0.0	9.521093750000001e-05
479.122	0.0	0.0	6.841625000000001e-05
479.302	0.0	0.0	2.92315625e-05
479.292	0.0	0.0	3.08503125e-05
479.342	0.0	0.0	1.774040625e-05
479.462	0.0	0.0	-1.6404062500000002e-05
479.642	0.0	0.0	-6.60625e-05
479.632	0.0	0.0	-6.307874999999999e-05
479.672	0.0	0.0	-7.309093750000001e-05
479.792	0.0	0.0	-9.742031250000001e-05
479.972	0.0	0.0	-0.000133328125
479.962	0.0	0.0	-0.00013136156250000003
480.012	0.0	0.0	-0.0001340040625
480.132	0.0	0.0	-0.00013619375000000001
480.312	0.0	0.0	-0.0001393984375
480.302	0.0	0.0	-0.00013926062500000004
480.352	0.0	0.0	-0.00013157812500000002
480.472	0.0	0.0	-0.0001081653125
480.652	0.0	0.0	-7.409500000000001e-05
480.642	0.0	0.0	-7.617968750000001e-05
480.682	0.0	0.0	-6.328875e-05
480.802	0.0	0.0	-2.5543437500000003e-05
480.982	0.0	0.0	3.019625e-05
480.972	0.0	0.0	2.7085625000000005e-05
481.022	0.0	0.0	4.1052812500000005e-05
481.142	0.0	0.0	7.641375000000001e-05
481.322	0.0	0.0	0.0001281721875
481.312	0.0	0.0	0.00012592125
481.362	0.0	0.0	0.00013266093750000002
481.482	0.0	0.0	0.00014620593750000002
481.662	0.0	0.0	0.00016592625
481.652	0.0	0.0	0.000164696875
481.692	0.0	0.0	0.00016155343750000003
481.812	0.0	0.0	0.0001461425
481.992	0.0	0.0	0.0001233728125
481.982	0.0	0.0	0.0001246678125
482.032	0.0	0.0	0.00011155375000000002
482.152	0.0	0.0	7.27365625e-05
482.332	0.0	0.0	1.5891312500000002e-05
482.322	0.0	0.0	1.8426625e-05
482.372	0.0	0.0	1.7362625000000003e-06
482.492	0.0	0.0	-4.13065625e-05
482.672	0.0	0.0	-0.000103998125
482.662	0.0	0.0	-0.000100025625
482.702	0.0	0.0	-0.00011119281250000001
482.822	0.0	0.0	-0.00013678875
483.002	0.0	0.0	-0.00017461937500000004
482.992	0.0	0.0	-0.0001724253125
483.042	0.0	0.0	-0.00017328500000000002
483.162	0.0	0.0	-0.0001688640625
483.342	0.0	0.0	-0.0001623846875
483.332	0.0	0.0	-0.00016268
483.382	0.0	0.0	-0.0001513115625
483.502	0.0	0.0	-0.00011737906250000001
483.682	0.0	0.0	-6.793062499999999e-05
483.672	0.0	0.0	-7.111781250000002e-05
483.712	0.0	0.0	-5.5076875000000006e-05
483.832	0.0	0.0	-8.928281250000001e-06
484.012	0.0	0.0	5.931625e-05
484.002	0.0	0.0	5.52846875e-05
484.052	0.0	0.0	7.057968750000001e-05
484.172	0.0	0.0	0.00010820031250000001
484.352	0.0	0.0	0.00016334062500000001
484.342	0.0	0.0	0.00016076156250000004
484.392	0.0	0.0	0.000166166875
484.512	0.0	0.0	0.00017489062500000005
484.692	0.0	0.0	0.00018761093750000005
484.682	0.0	0.0	0.0001867775
484.722	0.0	0.0	0.00018099812500000002
484.842	0.0	0.0	0.00015703625000000002
485.022	0.0	0.0	0.00012158125000000002
485.012	0.0	0.0	0.00012371406250000002
485.062	0.0	0.0	0.00010772125000000001
485.182	0.0	0.0	6.10378125e-05
485.362	0.0	0.0	-7.425031250000001e-06
485.352	0.0	0.0	-4.14925e-06
485.402	0.0	0.0	-2.2222812500000004e-05
485.522	0.0	0.0	-6.829375e-05
485.702	0.0	0.0	-0.0001354915625
485.692	0.0	0.0	-0.00013101812500000001
485.732	0.0	0.0	-0.000141728125
485.852	0.0	0.0	-0.00016453937500000002
486.032	0.0	0.0	-0.0001983034375
486.022	0.0	0.0	-0.00019623406250000004
486.072	0.0	0.0	-0.000194915
486.192	0.0	0.0	-0.00018340218750000003
486.372	0.0	0.0	-0.00016651468750000003
486.362	0.0	0.0	-0.0001673415625
486.412	0.0	0.0	-0.00015316656250000002
486.532	0.0	0.0	-0.0001112803125
486.712	0.0	0.0	-5.01528125e-05
486.702	0.0	0.0	-5.4289375000000014e-05
486.742	0.0	0.0	-3.62075e-05
486.862	0.0	0.0	1.529084375e-05
487.042	0.0	0.0	9.155343750000001e-05
487.032	0.0	0.0	8.68e-05
487.082	0.0	0.0	0.000102725
487.202	0.0	0.0	0.00014099968750000001
487.382	0.0	0.0	0.00019718125
487.372	0.0	0.0	0.0001943725
487.422	0.0	0.0	0.00019840625000000001
487.542	0.0	0.0	0.000202286875
487.722	0.0	0.0	0.00020794812500000002
487.712	0.0	0.0	0.00020755875
487.752	0.0	0.0	0.00019916531250000003
487.872	0.0	0.0	0.0001664271875
488.052	0.0	0.0	0.00011792156250000001
488.042	0.0	0.0	0.0001209971875
488.092	0.0	0.0	0.00010149343750000001
488.212	0.0	0.0	4.471906250000001e-05
488.392	0.0	0.0	-3.86553125e-05
488.382	0.0	0.0	-3.43984375e-05
488.432	0.0	0.0	-5.521250000000001e-05
488.552	0.0	0.0	-0.0001080165625
488.732	0.0	0.0	-0.00018514781250000004
488.722	0.0	0.0	-0.00017976437500000003
488.762	0.0	0.0	-0.00019110218750000002
488.882	0.0	0.0	-0.00021351312500000004
489.062	0.0	0.0	-0.00024672812500000003
489.052	0.0	0.0	-0.000244584375
489.102	0.0	0.0	-0.00024077812500000002
489.222	0.0	0.0	-0.00022001875000000003
489.402	0.0	0.0	-0.0001895425
489.392	0.0	0.0	-0.00019113062500000002
489.442	0.0	0.0	-0.00017173187500000003
489.562	0.0	0.0	-0.00011447187500000001
489.742	0.0	0.0	-3.07890625e-05
489.732	0.0	0.0	-3.6717187500000004e-05
489.772	0.0	0.0	-1.3386625000000002e-05
489.892	0.0	0.0	5.2749375000000005e-05
490.072	0.0	0.0	0.00015082593750000001
490.062	0.0	0.0	0.00014439687500000003
490.112	0.0	0.0	0.0001635834375
490.232	0.0	0.0	0.00020845125000000002
490.412	0.0	0.0	0.00027440000000000006
490.402	0.0	0.0	0.0002709
490.452	0.0	0.0	0.0002734375
490.572	0.0	0.0	0.00027033125
490.752	0.0	0.0	0.000265803125
490.742	0.0	0.0	0.00026613125
490.782	0.0	0.0	0.00025245937500000004
490.902	0.0	0.0	0.00020128718750000004
491.082	0.0	0.0	0.000125356875
491.072	0.0	0.0	0.0001304165625
491.112	0.0	0.0	0.00010301375000000001
491.242	0.0	0.0	2.3736562500000003e-05
491.422	0.0	0.0	-9.285062500000002e-05
491.412	0.0	0.0	-8.6550625e-05
491.462	0.0	0.0	-0.00011341531250000001
491.582	0.0	0.0	-0.00018050375000000003
491.762	0.0	0.0	-0.000278621875
491.752	0.0	0.0	-0.000271315625
491.792	0.0	0.0	-0.000283828125
491.912	0.0	0.0	-0.00030428125
492.092	0.0	0.0	-0.00033466562500000005
492.082	0.0	0.0	-0.00033276250000000007
492.132	0.0	0.0	-0.00032320312500000003
492.252	0.0	0.0	-0.00028385
492.432	0.0	0.0	-0.00022623125000000003
492.422	0.0	0.0	-0.000230365625
492.462	0.0	0.0	-0.0002050890625
492.582	0.0	0.0	-0.000123703125
492.762	0.0	0.0	-2.8945000000000004e-06
492.752	0.0	0.0	-1.1206343750000001e-05
492.792	0.0	0.0	2.160309375e-05
492.922	0.0	0.0	0.00011001593750000002
493.102	0.0	0.0	0.00024014375000000005
493.092	0.0	0.0	0.00023285937500000002
493.142	0.0	0.0	0.000254625
493.262	0.0	0.0	0.000302596875
493.442	0.0	0.0	0.0003728375
493.432	0.0	0.0	0.00036758750000000006
493.472	0.0	0.0	0.000368484375
493.592	0.0	0.0	0.00035140000000000003
493.772	0.0	0.0	0.0003260250000000001
493.762	0.0	0.0	0.000327796875
493.802	0.0	0.0	0.000304696875
493.932	0.0	0.0	0.00022712812500000004
494.112	0.0	0.0	0.00011293187500000002
494.102	0.0	0.0	0.00011945281250000001
494.152	0.0	0.0	8.285156250000001e-05
494.272	0.0	0.0	-1.76763125e-05
494.452	0.0	0.0	-0.000164915625
494.442	0.0	0.0	-0.0001537615625
494.482	0.0	0.0	-0.00018320750000000002
494.602	0.0	0.0	-0.000256003125
494.782	0.0	0.0	-0.00036419687500000003
494.772	0.0	0.0	-0.00035656250000000005
494.812	0.0	0.0	-0.00036704062500000006
494.942	0.0	0.0	-0.000377453125
495.122	0.0	0.0	-0.0003927875
495.112	0.0	0.0	-0.00039189062500000004
495.162	0.0	0.0	-0.0003746968750000001
495.282	0.0	0.0	-0.00031377499999999997
495.462	0.0	0.0	-0.00022448125000000004
495.452	0.0	0.0	-0.000231328125
495.492	0.0	0.0	-0.00019949562500000005
495.612	0.0	0.0	-9.907625e-05
495.792	0.0	0.0	5.0242500000000006e-05
495.782	0.0	0.0	3.9552187500000006e-05
495.822	0.0	0.0	7.581218750000001e-05
495.952	0.0	0.0	0.00017044125000000002
496.132	0.0	0.0	0.00030990312500000003
496.122	0.0	0.0	0.00030165625000000006
496.172	0.0	0.0	0.000321234375
496.292	0.0	0.0	0.000359778125
496.472	0.0	0.0	0.00041628125000000004
496.462	0.0	0.0	0.0004118843750000001
496.502	0.0	0.0	0.0004077281250000001
496.622	0.0	0.0	0.000372925
496.802	0.0	0.0	0.00032116875
496.792	0.0	0.0	0.00032493125
496.832	0.0	0.0	0.0002963625
496.962	0.0	0.0	0.00020374375000000003
497.142	0.0	0.0	6.716500000000001e-05
497.132	0.0	0.0	7.53965625e-05
497.182	0.0	0.0	3.7032187500000003e-05
497.302	0.0	0.0	-6.627031250000001e-05
497.482	0.0	0.0	-0.000217791875
497.472	0.0	0.0	-0.00020583718750000004
497.512	0.0	0.0	-0.00023301250000000003
497.632	0.0	0.0	-0.00029553125
497.812	0.0	0.0	-0.00038856562500000005
497.802	0.0	0.0	-0.000381696875
497.842	0.0	0.0	-0.00038694687500000007
497.972	0.0	0.0	-0.00038084375000000005
498.152	0.0	0.0	-0.00037183125000000007
498.142	0.0	0.0	-0.0003723781250000001
498.192	0.0	0.0	-0.0003509406250000001
498.312	0.0	0.0	-0.00027864375000000006
498.492	0.0	0.0	-0.00017256750000000002
498.482	0.0	0.0	-0.0001810484375
498.522	0.0	0.0	-0.00014869750000000002
498.642	0.0	0.0	-4.9706562500000004e-05
498.822	0.0	0.0	9.769375e-05
498.812	0.0	0.0	8.66753125e-05
498.852	0.0	0.0	0.00011886875
498.982	0.0	0.0	0.0001994475
499.162	0.0	0.0	0.00031836875000000006
499.152	0.0	0.0	0.00031095312500000003
499.202	0.0	0.0	0.00032425312500000003
499.322	0.0	0.0	0.00034479375000000007
499.502	0.0	0.0	0.00037495937500000003
499.492	0.0	0.0	0.00037250937500000005
499.532	0.0	0.0	0.00036419687500000003
499.652	0.0	0.0	0.00031915625
499.832	0.0	0.0	0.000252065625
499.822	0.0	0.0	0.00025714062500000004
499.862	0.0	0.0	0.00022920625000000003
499.992	0.0	0.0	0.0001414525
500.172	0.0	0.0	1.187090625e-05
500.162	0.0	0.0	2.0088250000000002e-05
500.212	0.0	0.0	-1.2150250000000001e-05
500.332	0.0	0.0	-9.668093750000001e-05
500.512	0.0	0.0	-0.00022085000000000003
500.502	0.0	0.0	-0.00021066062500000004
500.542	0.0	0.0	-0.00023040937500000002
500.662	0.0	0.0	-0.000270965625
500.842	0.0	0.0	-0.000331384375
500.832	0.0	0.0	-0.000326746875
500.872	0.0	0.0	-0.00032655
501.002	0.0	0.0	-0.00030778125
501.182	0.0	0.0	-0.00028008750000000005
501.172	0.0	0.0	-0.00028188125
501.212	0.0	0.0	-0.00026140625000000003
501.342	0.0	0.0	-0.00019511625
501.522	0.0	0.0	-9.769156250000001e-05
501.502	0.0	0.0	-0.00010578093750000002
501.552	0.0	0.0	-7.97475e-05
501.672	0.0	0.0	-2.92425e-06
501.852	0.0	0.0	0.00011162593750000002
501.842	0.0	0.0	0.00010270312500000001
501.882	0.0	0.0	0.0001251184375
502.012	0.0	0.0	0.00017794875000000002
502.192	0.0	0.0	0.000256025
502.182	0.0	0.0	0.00025090625000000004
502.222	0.0	0.0	0.000257009375
502.352	0.0	0.0	0.00026048750000000006
502.532	0.0	0.0	0.00026560625
502.512	0.0	0.0	0.00026516875
502.562	0.0	0.0	0.00025598125000000005
502.682	0.0	0.0	0.00021437062500000005
502.862	0.0	0.0	0.00015229375
502.852	0.0	0.0	0.00015719593750000002
502.892	0.0	0.0	0.0001359771875
503.022	0.0	0.0	7.1456875e-05
503.202	0.0	0.0	-2.3942187500000002e-05
503.192	0.0	0.0	-1.7594281250000002e-05
503.232	0.0	0.0	-3.88325e-05
503.362	0.0	0.0	-9.265375000000001e-05
503.542	0.0	0.0	-0.000171819375
503.522	0.0	0.0	-0.000165081875
503.572	0.0	0.0	-0.00017618125000000003
503.692	0.0	0.0	-0.00019526937500000002
503.872	0.0	0.0	-0.000223759375
503.862	0.0	0.0	-0.000221484375
503.902	0.0	0.0	-0.000218640625
504.032	0.0	0.0	-0.00019821375000000002
504.212	0.0	0.0	-0.00016799781250000003
504.202	0.0	0.0	-0.00017003875000000003
504.242	0.0	0.0	-0.0001550128125
504.372	0.0	0.0	-0.00010765343750000001
504.552	0.0	0.0	-3.7961875e-05
504.532	0.0	0.0	-4.396437500000001e-05
504.582	0.0	0.0	-2.6895312500000004e-05
504.702	0.0	0.0	2.2069687500000002e-05
504.882	0.0	0.0	9.51825e-05
504.872	0.0	0.0	8.925875e-05
504.912	0.0	0.0	0.00010259375000000001
505.042	0.0	0.0	0.0001324815625
505.222	0.0	0.0	0.000176710625
505.212	0.0	0.0	0.00017367656250000002
505.252	0.0	0.0	0.0001759275
505.382	0.0	0.0	0.00017304
505.562	0.0	0.0	0.00016878968750000004
505.542	0.0	0.0	0.00016915937500000002
505.592	0.0	0.0	0.00016181593750000004
505.712	0.0	0.0	0.00013062000000000002
505.892	0.0	0.0	8.401968750000001e-05
505.882	0.0	0.0	8.78434375e-05
505.922	0.0	0.0	7.29225e-05
506.052	0.0	0.0	2.7724375000000003e-05
506.232	0.0	0.0	-3.9195625e-05
506.222	0.0	0.0	-3.455156250000001e-05
506.262	0.0	0.0	-4.9175e-05
506.392	0.0	0.0	-8.616781250000001e-05
506.572	0.0	0.0	-0.00014064750000000002
506.552	0.0	0.0	-0.000135765
506.602	0.0	0.0	-0.000143241875
506.722	0.0	0.0	-0.00015516593750000002
506.902	0.0	0.0	-0.00017300718750000004
506.892	0.0	0.0	-0.00017161156249999998
506.932	0.0	0.0	-0.00016829531250000003
507.062	0.0	0.0	-0.000149813125
507.242	0.0	0.0	-0.000122574375
507.222	0.0	0.0	-0.00012493687500000003
507.272	0.0	0.0	-0.00011367125000000001
507.392	0.0	0.0	-7.371656250000001e-05
507.572	0.0	0.0	-1.40039375e-05
507.552	0.0	0.0	-1.90308125e-05
507.602	0.0	0.0	-3.2563125000000005e-06
507.722	0.0	0.0	4.136125e-05
507.912	0.0	0.0	0.00010747625000000002
507.902	0.0	0.0	0.00010276000000000001
507.942	0.0	0.0	0.00011443249999999999
508.072	0.0	0.0	0.00014067375
508.252	0.0	0.0	0.00017935750000000003
508.232	0.0	0.0	0.00017588156250000002
508.282	0.0	0.0	0.00017825062500000002
508.402	0.0	0.0	0.000173145
508.582	0.0	0.0	0.00016550843750000002
508.562	0.0	0.0	0.00016615593750000002
508.612	0.0	0.0	0.00015695093750000001
508.732	0.0	0.0	0.00012115468750000002
508.922	0.0	0.0	6.80903125e-05
508.912	0.0	0.0	7.1929375e-05
508.952	0.0	0.0	5.50178125e-05
509.082	0.0	0.0	5.2408125e-06
509.262	0.0	0.0	-6.816687500000001e-05
509.242	0.0	0.0	-6.1495e-05
509.292	0.0	0.0	-7.650781250000001e-05
509.412	0.0	0.0	-0.000115408125
509.592	0.0	0.0	-0.0001736196875
509.572	0.0	0.0	-0.00016862343750000003
509.622	0.0	0.0	-0.00017585312500000003
509.742	0.0	0.0	-0.00018529218750000002
509.932	0.0	0.0	-0.000199294375
509.922	0.0	0.0	-0.00019826625
509.962	0.0	0.0	-0.0001922221875
510.092	0.0	0.0	-0.00016504031250000003
510.272	0.0	0.0	-0.0001249346875
510.252	0.0	0.0	-0.000128620625
510.302	0.0	0.0	-0.00011433406250000001
510.422	0.0	0.0	-6.430375e-05
510.602	0.0	0.0	1.0593625000000001e-05
510.582	0.0	0.0	4.0875625e-06
510.632	0.0	0.0	2.2439375000000002e-05
510.752	0.0	0.0	7.303406250000001e-05
510.942	0.0	0.0	0.00014810250000000003
510.932	0.0	0.0	0.00014251562500000004
510.972	0.0	0.0	0.000154328125
511.102	0.0	0.0	0.0001784890625
511.282	0.0	0.0	0.00021415406250000003
511.262	0.0	0.0	0.00021084
511.312	0.0	0.0	0.00021124031250000002
511.432	0.0	0.0	0.00019733
511.612	0.0	0.0	0.00017649406250000004
511.592	0.0	0.0	0.00017832500000000004
511.642	0.0	0.0	0.000165738125
511.762	0.0	0.0	0.000119315
511.952	0.0	0.0	5.0402187500000006e-05
511.942	0.0	0.0	5.559968750000001e-05
511.982	0.0	0.0	3.6192187500000005e-05
512.112	0.0	0.0	-1.948384375e-05
512.292	0.0	0.0	-0.0001017078125
512.272	0.0	0.0	-9.398375000000001e-05
512.322	0.0	0.0	-0.00010935531250000001
512.442	0.0	0.0	-0.00014631750000000004
512.622	0.0	0.0	-0.00020170062500000002
512.602	0.0	0.0	-0.00019677656250000004
512.652	0.0	0.0	-0.0002020003125
512.772	0.0	0.0	-0.00020330187500000002
512.962	0.0	0.0	-0.00020523781250000002
512.952	0.0	0.0	-0.0002050890625
512.992	0.0	0.0	-0.00019614437500000003
513.122	0.0	0.0	-0.00016017531250000003
513.302	0.0	0.0	-0.00010703000000000001
513.282	0.0	0.0	-0.00011207656250000002
513.322	0.0	0.0	-9.603125e-05
513.452	0.0	0.0	-4.22253125e-05
513.632	0.0	0.0	3.843e-05
513.612	0.0	0.0	3.11784375e-05
513.662	0.0	0.0	4.914218750000001e-05
513.782	0.0	0.0	9.635937500000001e-05
513.972	0.0	0.0	0.00016651031250000003
513.962	0.0	0.0	0.00016107656250000002
514.002	0.0	0.0	0.00017051781250000003
514.132	0.0	0.0	0.00018652593750000004
514.312	0.0	0.0	0.00021019031250000004
514.292	0.0	0.0	0.0002079196875
514.332	0.0	0.0	0.00020588968750000002
514.462	0.0	0.0	0.000184594375
514.642	0.0	0.0	0.00015265906250000002
514.622	0.0	0.0	0.0001555640625
514.672	0.0	0.0	0.0001417915625
514.792	0.0	0.0	9.3366875e-05
514.982	0.0	0.0	2.1387187500000003e-05
514.972	0.0	0.0	2.7035312500000003e-05
515.012	0.0	0.0	8.79221875e-06
515.142	0.0	0.0	-4.2026250000000004e-05
515.322	0.0	0.0	-0.00011717781250000001
515.302	0.0	0.0	-0.00010989343750000001
515.342	0.0	0.0	-0.00012285
515.472	0.0	0.0	-0.00015128093750000002
515.652	0.0	0.0	-0.00019394156250000002
515.632	0.0	0.0	-0.000190019375
515.682	0.0	0.0	-0.0001925853125
515.802	0.0	0.0	-0.00018647125
515.992	0.0	0.0	-0.00017738
515.982	0.0	0.0	-0.0001781040625
516.022	0.0	0.0	-0.00016809843750000003
516.152	0.0	0.0	-0.00013027875
516.332	0.0	0.0	-7.43203125e-05
516.312	0.0	0.0	-7.980218750000002e-05
516.352	0.0	0.0	-6.456625e-05
516.482	0.0	0.0	-1.505175e-05
516.662	0.0	0.0	5.92725e-05
516.642	0.0	0.0	5.23621875e-05
516.692	0.0	0.0	6.788687500000001e-05
516.812	0.0	0.0	0.0001071153125
517.002	0.0	0.0	0.00016547562500000002
516.982	0.0	0.0	0.00016077906250000002
517.032	0.0	0.0	0.00016759312500000002
517.162	0.0	0.0	0.00017630375
517.342	0.0	0.0	0.00018919906250000002
517.322	0.0	0.0	0.00018792375
517.362	0.0	0.0	0.00018440625
517.492	0.0	0.0	0.00015977500000000002
517.672	0.0	0.0	0.00012278437500000001
517.652	0.0	0.0	0.0001262603125
517.702	0.0	0.0	0.000112538125
517.822	0.0	0.0	6.5349375e-05
518.012	0.0	0.0	-4.888625e-06
517.992	0.0	0.0	8.357562500000001e-07
518.042	0.0	0.0	-1.601928125e-05
518.162	0.0	0.0	-6.23e-05
518.352	0.0	0.0	-0.00013083437500000002
518.332	0.0	0.0	-0.0001239853125
518.372	0.0	0.0	-0.00013524875000000002
518.502	0.0	0.0	-0.000158230625
518.682	0.0	0.0	-0.00019275812500000003
518.662	0.0	0.0	-0.00018947906250000004
518.712	0.0	0.0	-0.00019037812500000001
518.832	0.0	0.0	-0.00017929187500000002
519.022	0.0	0.0	-0.00016278062500000003
519.002	0.0	0.0	-0.00016414343750000002
519.052	0.0	0.0	-0.00015298062499999999
519.172	0.0	0.0	-0.00011181625
519.362	0.0	0.0	-5.082875000000001e-05
519.342	0.0	0.0	-5.6984375e-05
519.382	0.0	0.0	-4.122125e-05
519.512	0.0	0.0	9.45065625e-06
519.692	0.0	0.0	8.5614375e-05
519.672	0.0	0.0	7.830375e-05
519.722	0.0	0.0	9.359e-05
519.842	0.0	0.0	0.0001311515625
520.032	0.0	0.0	0.00018710781250000003
520.012	0.0	0.0	0.000182433125
520.062	0.0	0.0	0.00018800906250000002
520.182	0.0	0.0	0.00019184375000000004
520.372	0.0	0.0	0.000197526875
520.352	0.0	0.0	0.00019694718750000003
520.392	0.0	0.0	0.00019161625
520.522	0.0	0.0	0.000160041875
520.702	0.0	0.0	0.00011256218750000001
520.682	0.0	0.0	0.00011716906250000002
520.732	0.0	0.0	0.0001012484375
520.852	0.0	0.0	4.735062500000001e-05
521.042	0.0	0.0	-3.297875e-05
521.022	0.0	0.0	-2.6210625000000005e-05
521.072	0.0	0.0	-4.4419375e-05
521.192	0.0	0.0	-9.336468750000001e-05
521.382	0.0	0.0	-0.0001659328125
521.362	0.0	0.0	-0.00015836187500000004
521.402	0.0	0.0	-0.0001694940625
521.532	0.0	0.0	-0.00018912468750000003
521.712	0.0	0.0	-0.00021868875
521.692	0.0	0.0	-0.00021593687500000004
521.742	0.0	0.0	-0.00021438375000000002
521.862	0.0	0.0	-0.00019474437500000002
522.052	0.0	0.0	-0.0001656046875
522.032	0.0	0.0	-0.00016856
522.072	0.0	0.0	-0.00015643250000000003
522.202	0.0	0.0	-0.0001072553125
522.382	0.0	0.0	-3.3271875e-05
522.362	0.0	0.0	-4.06021875e-05
522.412	0.0	0.0	-2.1596968750000003e-05
522.532	0.0	0.0	3.52559375e-05
522.722	0.0	0.0	0.00012006093750000002
522.702	0.0	0.0	0.000112756875
522.752	0.0	0.0	0.00012799062500000002
522.872	0.0	0.0	0.00016259468750000003
523.062	0.0	0.0	0.00021394843750000003
523.042	0.0	0.0	0.00020857812500000002
523.082	0.0	0.0	0.0002132090625
523.212	0.0	0.0	0.00020911625000000003
523.392	0.0	0.0	0.00020295625000000002
523.372	0.0	0.0	0.00020357093750000003
523.422	0.0	0.0	0.00019463718750000004
523.542	0.0	0.0	0.0001537615625
523.732	0.0	0.0	9.276968750000001e-05
523.712	0.0	0.0	9.80853125e-05
523.762	0.0	0.0	7.98984375e-05
523.882	0.0	0.0	2.3124062500000002e-05
524.072	0.0	0.0	-6.11646875e-05
524.052	0.0	0.0	-5.2270312500000004e-05
524.092	0.0	0.0	-6.894343750000001e-05
524.212	0.0	0.0	-0.000112590625
524.402	0.0	0.0	-0.00017833156250000003
524.382	0.0	0.0	-0.00017171437500000002
524.432	0.0	0.0	-0.00018055625000000001
524.552	0.0	0.0	-0.00019161625
524.742	0.0	0.0	-0.00020812750000000002
524.722	0.0	0.0	-0.00020667281250000004
524.772	0.0	0.0	-0.00020206593750000002
524.892	0.0	0.0	-0.00017504375
525.082	0.0	0.0	-0.00013490750000000004
525.062	0.0	0.0	-0.00013918187500000002
525.102	0.0	0.0	-0.000126336875
525.222	0.0	0.0	-7.758406250000002e-05
525.412	0.0	0.0	-4.1199375e-06
525.392	0.0	0.0	-1.1586750000000002e-05
525.442	0.0	0.0	5.3081875e-06
525.562	0.0	0.0	5.27428125e-05
525.752	0.0	0.0	0.00012358718750000002
525.732	0.0	0.0	0.000117271875
525.782	0.0	0.0	0.0001284171875
525.902	0.0	0.0	0.00015018062500000003
526.092	0.0	0.0	0.00018252281250000002
526.072	0.0	0.0	0.00017904687500000003
526.112	0.0	0.0	0.00018047968750000004
526.232	0.0	0.0	0.00016868906250000002
526.422	0.0	0.0	0.00015091125000000002
526.402	0.0	0.0	0.00015273562500000003
526.442	0.0	0.0	0.0001435809375
526.572	0.0	0.0	0.0001062446875
526.762	0.0	0.0	5.0456875000000006e-05
526.742	0.0	0.0	5.54859375e-05
526.792	0.0	0.0	4.1177500000000003e-05
526.912	0.0	0.0	-1.11540625e-06
527.102	0.0	0.0	-6.398875e-05
527.082	0.0	0.0	-5.71703125e-05
527.122	0.0	0.0	-6.845781249999999e-05
527.242	0.0	0.0	-9.45984375e-05
527.432	0.0	0.0	-0.00013402375
527.412	0.0	0.0	-0.0001299375
527.452	0.0	0.0	-0.0001340871875
527.582	0.0	0.0	-0.0001344153125
527.772	0.0	0.0	-0.000134903125
527.752	0.0	0.0	-0.000134859375
527.802	0.0	0.0	-0.0001298653125
527.922	0.0	0.0	-0.000106645
528.112	0.0	0.0	-7.210875e-05
528.092	0.0	0.0	-7.588875000000001e-05
528.132	0.0	0.0	-6.675375000000001e-05
528.252	0.0	0.0	-3.4958437500000007e-05
528.442	0.0	0.0	1.3016500000000001e-05
528.422	0.0	0.0	7.998156250000001e-06
528.462	0.0	0.0	1.785240625e-05
528.592	0.0	0.0	4.309156250000001e-05
528.782	0.0	0.0	8.083687500000001e-05
528.762	0.0	0.0	7.736093750000001e-05
528.812	0.0	0.0	8.234406250000002e-05
528.932	0.0	0.0	8.93659375e-05
529.122	0.0	0.0	9.981343750000001e-05
529.102	0.0	0.0	9.86584375e-05
529.142	0.0	0.0	9.798906250000002e-05
529.262	0.0	0.0	8.700562500000001e-05
529.452	0.0	0.0	7.04265625e-05
529.432	0.0	0.0	7.217656250000001e-05
529.472	0.0	0.0	6.646062500000001e-05
529.602	0.0	0.0	4.5504375e-05
529.792	0.0	0.0	1.4152468750000002e-05
529.772	0.0	0.0	1.7070375e-05
529.822	0.0	0.0	1.0091375000000003e-05
529.942	0.0	0.0	-9.044875000000002e-06
530.132	0.0	0.0	-3.7533125e-05
530.112	0.0	0.0	-3.43590625e-05
530.152	0.0	0.0	-3.89790625e-05
530.272	0.0	0.0	-4.7823125e-05
530.462	0.0	0.0	-6.117781249999999e-05
530.442	0.0	0.0	-5.975375e-05
530.482	0.0	0.0	-6.062875000000001e-05
530.612	0.0	0.0	-5.76953125e-05
530.802	0.0	0.0	-5.3305000000000005e-05
530.782	0.0	0.0	-5.37184375e-05
530.832	0.0	0.0	-5.094906250000001e-05
530.952	0.0	0.0	-3.971625000000001e-05
531.142	0.0	0.0	-2.2986250000000004e-05
531.122	0.0	0.0	-2.4865312500000005e-05
531.162	0.0	0.0	-2.09269375e-05
531.282	0.0	0.0	-8.150406250000001e-06
531.472	0.0	0.0	1.1153406250000001e-05
531.452	0.0	0.0	9.077250000000002e-06
531.492	0.0	0.0	1.2856156250000003e-05
531.622	0.0	0.0	2.2087187500000003e-05
531.812	0.0	0.0	3.59078125e-05
531.792	0.0	0.0	3.45953125e-05
531.842	0.0	0.0	3.634968750000001e-05
531.962	0.0	0.0	3.84759375e-05
532.152	0.0	0.0	4.164125000000001e-05
532.132	0.0	0.0	4.12825e-05
532.172	0.0	0.0	4.085375e-05
532.292	0.0	0.0	3.589250000000001e-05
532.482	0.0	0.0	2.8391562500000005e-05
532.462	0.0	0.0	2.9205312500000004e-05
532.502	0.0	0.0	2.6589062500000003e-05
532.632	0.0	0.0	1.6694343750000005e-05
532.822	0.0	0.0	1.8695468750000002e-06
532.802	0.0	0.0	3.2926250000000005e-06
532.852	0.0	0.0	-2.33515625e-07
532.972	0.0	0.0	-1.0492125e-05
533.162	0.0	0.0	-2.5784062500000003e-05
533.142	0.0	0.0	-2.4036250000000002e-05
533.182	0.0	0.0	-2.6683125e-05
533.302	0.0	0.0	-3.24275e-05
533.492	0.0	0.0	-4.111406250000001e-05
533.472	0.0	0.0	-4.016250000000001e-05
533.512	0.0	0.0	-4.08296875e-05
533.642	0.0	0.0	-3.9248125e-05
533.832	0.0	0.0	-3.687687500000001e-05
533.812	0.0	0.0	-3.710656250000001e-05
533.862	0.0	0.0	-3.514875000000001e-05
533.982	0.0	0.0	-2.6624062500000002e-05
534.172	0.0	0.0	-1.391075e-05
534.152	0.0	0.0	-1.5376156250000002e-05
534.192	0.0	0.0	-1.2213031250000002e-05
534.312	0.0	0.0	-1.18549375e-06
534.502	0.0	0.0	1.5497781250000003e-05
534.482	0.0	0.0	1.3654812500000003e-05
534.522	0.0	0.0	1.6987031250000002e-05
534.652	0.0	0.0	2.5383750000000002e-05
534.842	0.0	0.0	3.797500000000001e-05
534.822	0.0	0.0	3.674125000000001e-05
534.872	0.0	0.0	3.822e-05
534.992	0.0	0.0	3.9447187500000007e-05
535.182	0.0	0.0	4.1278125e-05
535.162	0.0	0.0	4.106593750000001e-05
535.202	0.0	0.0	4.034625e-05
535.322	0.0	0.0	3.4188437500000005e-05
535.512	0.0	0.0	2.4869687500000003e-05
535.492	0.0	0.0	2.590875e-05
535.532	0.0	0.0	2.3016875e-05
535.662	0.0	0.0	1.2425000000000002e-05
535.852	0.0	0.0	-3.46303125e-06
535.832	0.0	0.0	-1.8954906250000003e-06
535.882	0.0	0.0	-5.3751250000000005e-06
536.002	0.0	0.0	-1.50128125e-05
536.192	0.0	0.0	-2.9395625000000002e-05
536.172	0.0	0.0	-2.7691562500000002e-05
536.212	0.0	0.0	-3.0010312500000004e-05
536.332	0.0	0.0	-3.422125e-05
536.522	0.0	0.0	-4.06021875e-05
536.502	0.0	0.0	-3.99153125e-05
536.542	0.0	0.0	-4.0053125000000006e-05
536.672	0.0	0.0	-3.708250000000001e-05
536.862	0.0	0.0	-3.26440625e-05
536.842	0.0	0.0	-3.3155937500000005e-05
536.882	0.0	0.0	-3.131625e-05
537.002	0.0	0.0	-2.2526875000000004e-05
537.192	0.0	0.0	-9.21790625e-06
537.172	0.0	0.0	-1.0728375e-05
537.212	0.0	0.0	-7.30428125e-06
537.342	0.0	0.0	3.9191249999999995e-06
537.532	0.0	0.0	2.076790625e-05
537.512	0.0	0.0	1.9074781250000003e-05
537.552	0.0	0.0	2.2354062500000004e-05
537.682	0.0	0.0	3.0541875e-05
537.872	0.0	0.0	4.2767812500000005e-05
537.852	0.0	0.0	4.13175e-05
537.892	0.0	0.0	4.29078125e-05
538.012	0.0	0.0	4.386375000000001e-05
538.202	0.0	0.0	4.531406250000001e-05
538.182	0.0	0.0	4.5150000000000006e-05
538.222	0.0	0.0	4.4014687500000006e-05
538.352	0.0	0.0	3.63103125e-05
538.542	0.0	0.0	2.4740625e-05
538.522	0.0	0.0	2.5915312500000003e-05
538.562	0.0	0.0	2.2159375e-05
538.692	0.0	0.0	8.676499999999999e-06
538.882	0.0	0.0	-1.1472125e-05
538.862	0.0	0.0	-9.059968750000001e-06
538.902	0.0	0.0	-1.3283375e-05
539.022	0.0	0.0	-2.5972187500000004e-05
539.212	0.0	0.0	-4.5206875e-05
539.192	0.0	0.0	-4.29953125e-05
539.232	0.0	0.0	-4.612781250000001e-05
539.362	0.0	0.0	-5.1660000000000003e-05
539.552	0.0	0.0	-5.99746875e-05
539.532	0.0	0.0	-5.912156250000001e-05
539.572	0.0	0.0	-5.888968750000001e-05
539.702	0.0	0.0	-5.315625e-05
539.892	0.0	0.0	-4.458343750000001e-05
539.872	0.0	0.0	-4.5618125e-05
539.912	0.0	0.0	-4.25425e-05
540.032	0.0	0.0	-2.8008750000000002e-05
540.222	0.0	0.0	-5.96771875e-06
540.202	0.0	0.0	-8.523375e-06
540.242	0.0	0.0	-3.1845625000000003e-06
540.372	0.0	0.0	1.37825625e-05
540.562	0.0	0.0	3.9285312500000006e-05
540.542	0.0	0.0	3.664937500000001e-05
540.582	0.0	0.0	4.1184062500000005e-05
540.712	0.0	0.0	5.1349375000000005e-05
540.902	0.0	0.0	6.65546875e-05
540.882	0.0	0.0	6.470625e-05
540.922	0.0	0.0	6.629e-05
541.042	0.0	0.0	6.436281250000001e-05
541.232	0.0	0.0	6.14403125e-05
541.212	0.0	0.0	6.178156250000001e-05
541.252	0.0	0.0	5.925937500000001e-05
541.382	0.0	0.0	4.577343750000001e-05
541.572	0.0	0.0	2.5493125e-05
541.552	0.0	0.0	2.76084375e-05
541.592	0.0	0.0	2.21396875e-05
541.722	0.0	0.0	3.94821875e-06
541.912	0.0	0.0	-2.3272812500000003e-05
541.892	0.0	0.0	-1.99355625e-05
541.932	0.0	0.0	-2.5099375e-05
542.052	0.0	0.0	-3.8572187500000006e-05
542.242	0.0	0.0	-5.9023125e-05
542.222	0.0	0.0	-5.661250000000001e-05
542.262	0.0	0.0	-5.9434375e-05
542.392	0.0	0.0	-6.20178125e-05
542.582	0.0	0.0	-6.590281250000001e-05
542.562	0.0	0.0	-6.549375e-05
542.602	0.0	0.0	-6.4155e-05
542.732	0.0	0.0	-5.4540937500000004e-05
542.922	0.0	0.0	-4.0149375000000004e-05
542.902	0.0	0.0	-4.1925625000000006e-05
542.942	0.0	0.0	-3.8012187500000004e-05
543.062	0.0	0.0	-2.19690625e-05
543.252	0.0	0.0	2.3942187500000003e-06
543.232	0.0	0.0	-5.004343750000001e-07
543.272	0.0	0.0	4.722593750000001e-06
543.402	0.0	0.0	1.9553843750000004e-05
543.592	0.0	0.0	4.1875312500000006e-05
543.572	0.0	0.0	3.95040625e-05
543.612	0.0	0.0	4.2958125000000006e-05
543.742	0.0	0.0	4.899125000000001e-05
543.932	0.0	0.0	5.8027812500000005e-05
543.912	0.0	0.0	5.690343750000001e-05
543.952	0.0	0.0	5.7413125e-05
544.072	0.0	0.0	5.272312500000001e-05
544.262	0.0	0.0	4.5596250000000006e-05
544.242	0.0	0.0	4.644937500000001e-05
544.282	0.0	0.0	4.368875000000001e-05
544.412	0.0	0.0	3.1360000000000005e-05
544.602	0.0	0.0	1.27955625e-05
544.582	0.0	0.0	1.4785750000000002e-05
544.622	0.0	0.0	1.04584375e-05
544.752	0.0	0.0	-2.7278125000000004e-06
544.942	0.0	0.0	-2.2485312500000004e-05
544.922	0.0	0.0	-2.00073125e-05
544.962	0.0	0.0	-2.3460937500000004e-05
545.082	0.0	0.0	-3.10690625e-05
545.272	0.0	0.0	-4.2630000000000004e-05
545.252	0.0	0.0	-4.1234375000000004e-05
545.292	0.0	0.0	-4.253812500000001e-05
545.422	0.0	0.0	-4.193656250000001e-05
545.612	0.0	0.0	-4.1028750000000006e-05
545.592	0.0	0.0	-4.1127187500000004e-05
545.632	0.0	0.0	-3.96790625e-05
545.762	0.0	0.0	-3.1959375e-05
545.952	0.0	0.0	-2.03888125e-05
545.932	0.0	0.0	-2.1850500000000004e-05
545.972	0.0	0.0	-1.91205e-05
546.092	0.0	0.0	-9.058875e-06
546.282	0.0	0.0	6.2398437500000005e-06
546.262	0.0	0.0	4.3785e-06
546.302	0.0	0.0	7.4084062500000005e-06
546.432	0.0	0.0	1.519940625e-05
546.622	0.0	0.0	2.6939062500000002e-05
546.602	0.0	0.0	2.5659375000000002e-05
546.642	0.0	0.0	2.7282500000000005e-05
546.772	0.0	0.0	2.9264375000000002e-05
546.962	0.0	0.0	3.22371875e-05
546.942	0.0	0.0	3.185875e-05
546.982	0.0	0.0	3.176906250000001e-05
547.102	0.0	0.0	2.79934375e-05
547.292	0.0	0.0	2.2249062500000004e-05
547.272	0.0	0.0	2.2953437500000002e-05
547.312	0.0	0.0	2.119228125e-05
547.442	0.0	0.0	1.4039375e-05
547.632	0.0	0.0	3.255875e-06
547.612	0.0	0.0	4.442593750000001e-06
547.652	0.0	0.0	2.1050312500000002e-06
547.782	0.0	0.0	-4.65784375e-06
547.972	0.0	0.0	-1.4803906250000001e-05
547.952	0.0	0.0	-1.3503218750000001e-05
547.992	0.0	0.0	-1.5212312500000003e-05
548.112	0.0	0.0	-1.857821875e-05
548.302	0.0	0.0	-2.37015625e-05
548.282	0.0	0.0	-2.3067187500000004e-05
548.322	0.0	0.0	-2.3555e-05
548.452	0.0	0.0	-2.2553125e-05
548.642	0.0	0.0	-2.1041125000000003e-05
548.622	0.0	0.0	-2.1208906250000005e-05
548.662	0.0	0.0	-2.0270031250000005e-05
548.792	0.0	0.0	-1.567628125e-05
548.982	0.0	0.0	-8.7815e-06
548.962	0.0	0.0	-9.671812500000002e-06
548.992	0.0	0.0	-8.096375000000001e-06
549.122	0.0	0.0	-2.3349375e-06
549.312	0.0	0.0	6.436281250000002e-06
549.292	0.0	0.0	5.344281250000001e-06
549.332	0.0	0.0	7.093625000000001e-06
549.462	0.0	0.0	1.1689343750000001e-05
549.652	0.0	0.0	1.8623500000000002e-05
549.632	0.0	0.0	1.7849125e-05
549.672	0.0	0.0	1.88321875e-05
549.802	0.0	0.0	2.0088687500000002e-05
549.992	0.0	0.0	2.1975625e-05
549.962	0.0	0.0	2.1727125e-05
550.002	0.0	0.0	2.16768125e-05
550.132	0.0	0.0	1.904459375e-05
550.322	0.0	0.0	1.5031843750000002e-05
550.302	0.0	0.0	1.55159375e-05
550.342	0.0	0.0	1.41526875e-05
550.472	0.0	0.0	8.37178125e-06
550.662	0.0	0.0	-3.136875e-07
550.642	0.0	0.0	8.02046875e-07
550.672	0.0	0.0	-1.0702562500000003e-06
550.802	0.0	0.0	-7.4659375e-06
550.992	0.0	0.0	-1.720753125e-05
550.972	0.0	0.0	-1.59753125e-05
551.012	0.0	0.0	-1.77926875e-05
551.142	0.0	0.0	-2.2015000000000002e-05
551.332	0.0	0.0	-2.8389375e-05
551.312	0.0	0.0	-2.7665312500000002e-05
551.352	0.0	0.0	-2.8260312500000002e-05
551.482	0.0	0.0	-2.7464062500000004e-05
551.672	0.0	0.0	-2.6269687500000003e-05
551.642	0.0	0.0	-2.6427187500000003e-05
551.682	0.0	0.0	-2.5571875000000003e-05
551.812	0.0	0.0	-1.93851875e-05
552.002	0.0	0.0	-9.95509375e-06
551.982	0.0	0.0	-1.1152531250000003e-05
552.022	0.0	0.0	-8.6288125e-06
552.152	0.0	0.0	1.0602156250000003e-06
552.342	0.0	0.0	1.569596875e-05
552.322	0.0	0.0	1.4021437500000002e-05
552.362	0.0	0.0	1.702378125e-05
552.492	0.0	0.0	2.5361875000000004e-05
552.682	0.0	0.0	3.789625e-05
552.652	0.0	0.0	3.623375e-05
552.692	0.0	0.0	3.8141250000000003e-05
552.822	0.0	0.0	4.0361562500000004e-05
553.012	0.0	0.0	4.3750000000000006e-05
552.992	0.0	0.0	4.3316875000000004e-05
553.032	0.0	0.0	4.2896875e-05
553.162	0.0	0.0	3.655531250000001e-05
553.352	0.0	0.0	2.6971875000000003e-05
553.332	0.0	0.0	2.807875e-05
553.372	0.0	0.0	2.4935312500000003e-05
553.502	0.0	0.0	1.194309375e-05
553.692	0.0	0.0	-7.59434375e-06
553.662	0.0	0.0	-4.9870625e-06
553.702	0.0	0.0	-9.040062500000003e-06
553.832	0.0	0.0	-2.24328125e-05
554.022	0.0	0.0	-4.28596875e-05
554.002	0.0	0.0	-4.0228125000000004e-05
554.042	0.0	0.0	-4.3789375e-05
554.172	0.0	0.0	-5.0822187500000005e-05
554.362	0.0	0.0	-6.145125000000001e-05
554.342	0.0	0.0	-6.02153125e-05
554.382	0.0	0.0	-6.07578125e-05
554.512	0.0	0.0	-5.626687500000001e-05
554.702	0.0	0.0	-4.950750000000001e-05
554.672	0.0	0.0	-5.04175e-05
554.712	0.0	0.0	-4.79696875e-05
554.842	0.0	0.0	-3.3403125e-05
555.032	0.0	0.0	-1.11706875e-05
555.012	0.0	0.0	-1.4056218750000002e-05
555.052	0.0	0.0	-8.748249999999999e-06
555.182	0.0	0.0	9.893187500000001e-06
555.372	0.0	0.0	3.80865625e-05
555.352	0.0	0.0	3.47834375e-05
555.392	0.0	0.0	4.00203125e-05
555.522	0.0	0.0	5.271218750000001e-05
555.712	0.0	0.0	7.181781250000001e-05
555.682	0.0	0.0	6.92321875e-05
555.722	0.0	0.0	7.18003125e-05
555.852	0.0	0.0	7.16340625e-05
556.042	0.0	0.0	7.13803125e-05
556.012	0.0	0.0	7.1413125e-05
556.062	0.0	0.0	6.95975e-05
556.192	0.0	0.0	5.563687500000001e-05
556.382	0.0	0.0	3.4514375e-05
556.362	0.0	0.0	3.7010312500000005e-05
556.402	0.0	0.0	3.1329375000000004e-05
556.532	0.0	0.0	1.0085687500000002e-05
556.722	0.0	0.0	-2.19034375e-05
556.692	0.0	0.0	-1.7547031250000004e-05
556.732	0.0	0.0	-2.3684062500000003e-05
556.862	0.0	0.0	-4.13284375e-05
557.052	0.0	0.0	-6.827625e-05
557.022	0.0	0.0	-6.472812500000001e-05
557.072	0.0	0.0	-6.89740625e-05
557.192	0.0	0.0	-7.453031250000002e-05
557.392	0.0	0.0	-8.293906250000001e-05
557.372	0.0	0.0	-8.193718750000001e-05
557.412	0.0	0.0	-8.144500000000002e-05
557.542	0.0	0.0	-7.13146875e-05
557.732	0.0	0.0	-5.6054687500000006e-05
557.702	0.0	0.0	-5.81459375e-05
557.742	0.0	0.0	-5.40553125e-05
557.872	0.0	0.0	-3.3779375e-05
558.062	0.0	0.0	-2.7965000000000002e-06
558.032	0.0	0.0	-6.903968750000001e-06
558.082	0.0	0.0	-2.0115593750000002e-07
558.202	0.0	0.0	2.0890843750000005e-05
558.402	0.0	0.0	5.2832500000000006e-05
558.382	0.0	0.0	4.9000000000000005e-05
558.422	0.0	0.0	5.440093750000001e-05
558.552	0.0	0.0	6.52028125e-05
558.742	0.0	0.0	8.148437500000001e-05
558.712	0.0	0.0	7.92378125e-05
558.752	0.0	0.0	8.107312500000002e-05
558.882	0.0	0.0	7.67878125e-05
559.072	0.0	0.0	7.02340625e-05
559.042	0.0	0.0	7.11090625e-05
559.092	0.0	0.0	6.816687500000001e-05
559.212	0.0	0.0	5.104093750000001e-05
559.412	0.0	0.0	2.5097187500000003e-05
559.392	0.0	0.0	2.8234062500000005e-05
559.432	0.0	0.0	2.20784375e-05
559.562	0.0	0.0	9.566375e-07
559.752	0.0	0.0	-3.0889687500000006e-05
559.722	0.0	0.0	-2.6464375000000005e-05
559.762	0.0	0.0	-3.22590625e-05
559.892	0.0	0.0	-4.68475e-05
560.082	0.0	0.0	-6.915781250000001e-05
560.052	0.0	0.0	-6.615875000000001e-05
560.102	0.0	0.0	-6.937000000000001e-05
560.222	0.0	0.0	-7.116593750000001e-05
560.422	0.0	0.0	-7.38915625e-05
560.402	0.0	0.0	-7.35590625e-05
560.442	0.0	0.0	-7.222468750000001e-05
560.572	0.0	0.0	-6.0370625e-05
560.762	0.0	0.0	-4.24921875e-05
560.732	0.0	0.0	-4.49925e-05
560.772	0.0	0.0	-4.0759687500000005e-05
560.902	0.0	0.0	-2.1835625e-05
561.092	0.0	0.0	7.116812500000001e-06
561.062	0.0	0.0	3.1983437500000005e-06
561.112	0.0	0.0	9.156437500000002e-06
561.232	0.0	0.0	2.671375e-05
561.432	0.0	0.0	5.3335625e-05
561.412	0.0	0.0	5.006968750000001e-05
561.452	0.0	0.0	5.43484375e-05
561.582	0.0	0.0	6.166125000000001e-05
561.772	0.0	0.0	7.269718750000001e-05
561.742	0.0	0.0	7.114406250000002e-05
561.782	0.0	0.0	7.217e-05
561.912	0.0	0.0	6.624625e-05
562.102	0.0	0.0	5.718125000000001e-05
562.072	0.0	0.0	5.84171875e-05
562.112	0.0	0.0	5.5293437500000014e-05
562.242	0.0	0.0	3.8723125000000004e-05
562.442	0.0	0.0	1.3584593750000002e-05
562.422	0.0	0.0	1.66928125e-05
562.462	0.0	0.0	1.0983656250000002e-05
562.592	0.0	0.0	-8.14121875e-06
562.782	0.0	0.0	-3.7014687500000006e-05
562.752	0.0	0.0	-3.29240625e-05
562.792	0.0	0.0	-3.80865625e-05
562.922	0.0	0.0	-5.0439375e-05
563.112	0.0	0.0	-6.93525e-05
563.082	0.0	0.0	-6.6758125e-05
563.122	0.0	0.0	-6.933718750000001e-05
563.252	0.0	0.0	-6.920375e-05
563.452	0.0	0.0	-6.900250000000001e-05
563.432	0.0	0.0	-6.90265625e-05
563.472	0.0	0.0	-6.7239375e-05
563.602	0.0	0.0	-5.4046562500000006e-05
563.792	0.0	0.0	-3.4120625e-05
563.762	0.0	0.0	-3.69621875e-05
563.802	0.0	0.0	-3.2469062500000005e-05
563.932	0.0	0.0	-1.2950218750000003e-05
564.122	0.0	0.0	1.6950718750000003e-05
564.092	0.0	0.0	1.2821812500000002e-05
564.132	0.0	0.0	1.88146875e-05
564.262	0.0	0.0	3.586187500000001e-05
564.462	0.0	0.0	6.17421875e-05
564.442	0.0	0.0	5.8502500000000004e-05
564.482	0.0	0.0	6.24575e-05
564.612	0.0	0.0	6.787375e-05
564.802	0.0	0.0	7.6055e-05
564.772	0.0	0.0	7.4869375e-05
564.812	0.0	0.0	7.53746875e-05
564.942	0.0	0.0	6.67603125e-05
565.132	0.0	0.0	5.355e-05
565.102	0.0	0.0	5.53240625e-05
565.152	0.0	0.0	5.134062500000001e-05
565.272	0.0	0.0	3.2659375e-05
565.472	0.0	0.0	4.420281250000001e-06
565.442	0.0	0.0	8.425593750000002e-06
565.482	0.0	0.0	2.8461562500000003e-06
565.612	0.0	0.0	-1.5904875000000002e-05
565.802	0.0	0.0	-4.4640312500000004e-05
565.772	0.0	0.0	-4.06153125e-05
565.812	0.0	0.0	-4.571656250000001e-05
565.942	0.0	0.0	-5.595843750000001e-05
566.142	0.0	0.0	-7.1518125e-05
566.122	0.0	0.0	-6.95428125e-05
566.162	0.0	0.0	-7.105437500000001e-05
566.292	0.0	0.0	-6.74296875e-05
566.482	0.0	0.0	-6.19478125e-05
566.452	0.0	0.0	-6.274187500000001e-05
566.492	0.0	0.0	-6.081468750000001e-05
566.622	0.0	0.0	-4.636843750000001e-05
566.812	0.0	0.0	-2.42178125e-05
566.782	0.0	0.0	-2.7330625e-05
566.822	0.0	0.0	-2.23803125e-05
566.952	0.0	0.0	-4.5865312500000005e-06
567.152	0.0	0.0	2.2454687500000003e-05
567.122	0.0	0.0	1.899646875e-05
567.172	0.0	0.0	2.3905000000000002e-05
567.302	0.0	0.0	3.5483437500000006e-05
567.492	0.0	0.0	5.299875000000001e-05
567.462	0.0	0.0	5.044375e-05
567.502	0.0	0.0	5.303375000000001e-05
567.632	0.0	0.0	5.34975e-05
567.822	0.0	0.0	5.4210625e-05
567.792	0.0	0.0	5.411e-05
567.832	0.0	0.0	5.32809375e-05
567.962	0.0	0.0	4.40759375e-05
568.162	0.0	0.0	3.00803125e-05
568.132	0.0	0.0	3.18828125e-05
568.182	0.0	0.0	2.8531562500000004e-05
568.302	0.0	0.0	1.5940093749999998e-05
568.502	0.0	0.0	-3.1152187500000003e-06
568.472	0.0	0.0	-3.186093750000001e-07
568.512	0.0	0.0	-3.75834375e-06
568.642	0.0	0.0	-1.2470937500000002e-05
568.832	0.0	0.0	-2.5843125000000002e-05
568.802	0.0	0.0	-2.3940000000000005e-05
568.842	0.0	0.0	-2.6002812500000002e-05
568.972	0.0	0.0	-2.7617187500000003e-05
569.172	0.0	0.0	-3.007375e-05
569.142	0.0	0.0	-2.9754375000000006e-05
569.192	0.0	0.0	-2.9544375000000003e-05
569.312	0.0	0.0	-2.5147500000000003e-05
569.512	0.0	0.0	-1.8492468750000002e-05
569.482	0.0	0.0	-1.94753125e-05
569.522	0.0	0.0	-1.808734375e-05
569.652	0.0	0.0	-1.2421281250000001e-05
569.842	0.0	0.0	-3.7215937500000005e-06
569.812	0.0	0.0	-4.96759375e-06
569.852	0.0	0.0	-3.408343750000001e-06
569.982	0.0	0.0	-1.613040625e-07
570.182	0.0	0.0	4.779687499999999e-06
570.152	0.0	0.0	4.1343750000000005e-06
570.202	0.0	0.0	4.93959375e-06
570.322	0.0	0.0	6.290812500000001e-06
570.522	0.0	0.0	8.337437500000002e-06
570.492	0.0	0.0	8.033375000000002e-06
570.532	0.0	0.0	8.4525e-06
570.662	0.0	0.0	1.01145625e-05
570.852	0.0	0.0	1.2667375000000002e-05
570.822	0.0	0.0	1.22994375e-05
570.862	0.0	0.0	1.2565875000000001e-05
570.992	0.0	0.0	1.148809375e-05
571.192	0.0	0.0	9.847468750000001e-06
571.162	0.0	0.0	1.006315625e-05
571.212	0.0	0.0	9.178531250000002e-06
571.332	0.0	0.0	3.41796875e-06
571.532	0.0	0.0	-5.310593750000001e-06
571.502	0.0	0.0	-4.006187500000001e-06
571.542	0.0	0.0	-5.839531250000001e-06
571.672	0.0	0.0	-1.3746687500000001e-05
571.862	0.0	0.0	-2.5897812500000002e-05
571.832	0.0	0.0	-2.41346875e-05
571.872	0.0	0.0	-2.6359375000000002e-05
572.002	0.0	0.0	-3.1373125e-05
572.202	0.0	0.0	-3.90075e-05
572.172	0.0	0.0	-3.7996875e-05
572.212	0.0	0.0	-3.8701250000000005e-05
572.342	0.0	0.0	-3.60084375e-05
572.542	0.0	0.0	-3.19265625e-05
572.512	0.0	0.0	-3.25390625e-05
572.552	0.0	0.0	-3.1259375e-05
572.682	0.0	0.0	-2.0952093750000003e-05
572.872	0.0	0.0	-5.105625e-06
572.842	0.0	0.0	-7.418031250000001e-06
572.882	0.0	0.0	-3.88784375e-06
573.012	0.0	0.0	9.68603125e-06
573.212	0.0	0.0	3.0366875e-05
573.182	0.0	0.0	2.7610625e-05
573.222	0.0	0.0	3.1362187500000005e-05
573.352	0.0	0.0	4.03025e-05
573.552	0.0	0.0	5.3858437500000005e-05
573.522	0.0	0.0	5.180875000000001e-05
573.562	0.0	0.0	5.3795e-05
573.682	0.0	0.0	5.2769062500000003e-05
573.882	0.0	0.0	5.1191875000000005e-05
573.852	0.0	0.0	5.1423750000000004e-05
573.892	0.0	0.0	5.02140625e-05
574.022	0.0	0.0	3.90315625e-05
574.222	0.0	0.0	2.19909375e-05
574.192	0.0	0.0	2.4279062500000003e-05
574.232	0.0	0.0	2.0296062500000005e-05
574.362	0.0	0.0	4.77575e-06
574.562	0.0	0.0	-1.8769187500000002e-05
574.532	0.0	0.0	-1.5188031250000003e-05
574.572	0.0	0.0	-1.9456500000000003e-05
574.692	0.0	0.0	-3.09071875e-05
574.892	0.0	0.0	-4.85253125e-05
574.862	0.0	0.0	-4.592218750000001e-05
574.902	0.0	0.0	-4.869375000000001e-05
575.032	0.0	0.0	-5.0658125000000004e-05
575.232	0.0	0.0	-5.365500000000001e-05
575.202	0.0	0.0	-5.325031250000001e-05
575.242	0.0	0.0	-5.2777812500000006e-05
575.372	0.0	0.0	-4.457250000000001e-05
575.572	0.0	0.0	-3.21190625e-05
575.542	0.0	0.0	-3.402437500000001e-05
575.582	0.0	0.0	-3.13775e-05
575.702	0.0	0.0	-1.8548031250000003e-05
575.902	0.0	0.0	1.199253125e-06
575.872	0.0	0.0	-1.735146875e-06
575.912	0.0	0.0	2.0908125e-06
576.042	0.0	0.0	1.2836687500000001e-05
576.242	0.0	0.0	2.9229375000000003e-05
576.212	0.0	0.0	2.70003125e-05
576.252	0.0	0.0	2.9566250000000002e-05
576.382	0.0	0.0	3.28015625e-05
576.582	0.0	0.0	3.77125e-05
576.552	0.0	0.0	3.6957812500000005e-05
576.592	0.0	0.0	3.74784375e-05
576.712	0.0	0.0	3.324562500000001e-05
576.912	0.0	0.0	2.6726875e-05
576.882	0.0	0.0	2.77003125e-05
576.922	0.0	0.0	2.6105625e-05
577.052	0.0	0.0	1.841875e-05
577.252	0.0	0.0	6.6871875e-06
577.222	0.0	0.0	8.2928125e-06
577.262	0.0	0.0	6.083218750000001e-06
577.392	0.0	0.0	1.8725437500000003e-07
577.592	0.0	0.0	-8.768375e-06
577.562	0.0	0.0	-7.38259375e-06
577.602	0.0	0.0	-8.84078125e-06
577.722	0.0	0.0	-1.0201625e-05
577.922	0.0	0.0	-1.2297906250000002e-05
577.892	0.0	0.0	-1.19826875e-05
577.932	0.0	0.0	-1.2155718750000003e-05
578.062	0.0	0.0	-1.034578125e-05
578.262	0.0	0.0	-7.5827499999999995e-06
578.232	0.0	0.0	-7.963375e-06
578.272	0.0	0.0	-7.4245937500000004e-06
578.402	0.0	0.0	-5.84565625e-06
578.602	0.0	0.0	-3.4461875000000005e-06
578.572	0.0	0.0	-3.81959375e-06
578.612	0.0	0.0	-3.3449062500000004e-06
578.732	0.0	0.0	-1.3542156250000001e-06
578.932	0.0	0.0	1.7134031250000002e-06
578.902	0.0	0.0	1.249390625e-06
578.942	0.0	0.0	2.04955625e-06
579.072	0.0	0.0	6.4581562500000014e-06
579.272	0.0	0.0	1.319128125e-05
579.242	0.0	0.0	1.2259625e-05
579.282	0.0	0.0	1.3578687500000002e-05
579.412	0.0	0.0	1.7513343750000002e-05
579.612	0.0	0.0	2.3493750000000005e-05
579.582	0.0	0.0	2.2548750000000003e-05
579.622	0.0	0.0	2.3471875e-05
579.742	0.0	0.0	2.3005937500000002e-05
579.942	0.0	0.0	2.2284062500000003e-05
579.912	0.0	0.0	2.2391250000000004e-05
579.952	0.0	0.0	2.170765625e-05
580.082	0.0	0.0	1.492115625e-05
580.282	0.0	0.0	4.5996562500000005e-06
580.252	0.0	0.0	6.197625000000001e-06
580.292	0.0	0.0	4.08034375e-06
580.412	0.0	0.0	-6.255375000000001e-06
580.612	0.0	0.0	-2.2190000000000003e-05
580.582	0.0	0.0	-1.9749187500000003e-05
580.622	0.0	0.0	-2.28090625e-05
580.752	0.0	0.0	-3.14015625e-05
580.952	0.0	0.0	-4.4537500000000005e-05
580.922	0.0	0.0	-4.26978125e-05
580.962	0.0	0.0	-4.46009375e-05
581.092	0.0	0.0	-4.5272500000000004e-05
581.292	0.0	0.0	-4.62940625e-05
581.262	0.0	0.0	-4.61321875e-05
581.302	0.0	0.0	-4.58959375e-05
581.422	0.0	0.0	-3.702125e-05
581.622	0.0	0.0	-2.3327500000000003e-05
581.592	0.0	0.0	-2.5431875e-05
581.632	0.0	0.0	-2.2249062500000004e-05
581.762	0.0	0.0	-6.894125000000001e-06
581.962	0.0	0.0	1.6580156250000003e-05
581.932	0.0	0.0	1.327090625e-05
581.972	0.0	0.0	1.7843000000000002e-05
582.102	0.0	0.0	3.15875e-05
582.302	0.0	0.0	5.25021875e-05
582.272	0.0	0.0	4.9181562500000004e-05
582.312	0.0	0.0	5.2696875000000005e-05
582.432	0.0	0.0	5.7238125e-05
582.632	0.0	0.0	6.424687500000001e-05
582.602	0.0	0.0	6.31640625e-05
582.642	0.0	0.0	6.37175e-05
582.772	0.0	0.0	5.592343750000001e-05
582.972	0.0	0.0	4.400156250000001e-05
582.942	0.0	0.0	4.569250000000001e-05
582.982	0.0	0.0	4.24921875e-05
583.112	0.0	0.0	2.5641875e-05
583.312	0.0	0.0	-1.0385593750000002e-08
583.282	0.0	0.0	4.0858125e-06
583.322	0.0	0.0	-7.000656250000001e-07
583.442	0.0	0.0	-1.7814124999999998e-05
583.642	0.0	0.0	-4.42378125e-05
583.612	0.0	0.0	-4.0131875000000006e-05
583.652	0.0	0.0	-4.483937500000001e-05
583.782	0.0	0.0	-5.399187500000001e-05
583.982	0.0	0.0	-6.799625000000001e-05
583.952	0.0	0.0	-6.599687500000001e-05
583.992	0.0	0.0	-6.76440625e-05
584.122	0.0	0.0	-6.361468750000001e-05
584.322	0.0	0.0	-5.7476562500000005e-05
584.292	0.0	0.0	-5.846093750000001e-05
584.322	0.0	0.0	-5.692531250000001e-05
584.452	0.0	0.0	-4.2450625e-05
584.652	0.0	0.0	-2.0090875e-05
584.622	0.0	0.0	-2.35834375e-05
584.662	0.0	0.0	-1.895775e-05
584.792	0.0	0.0	-1.1508875e-06
584.992	0.0	0.0	2.6105625e-05
584.962	0.0	0.0	2.21921875e-05
585.002	0.0	0.0	2.70965625e-05
585.132	0.0	0.0	3.87296875e-05
585.332	0.0	0.0	5.645281250000001e-05
585.302	0.0	0.0	5.35915625e-05
585.332	0.0	0.0	5.646375e-05
585.462	0.0	0.0	5.67503125e-05
585.662	0.0	0.0	5.7196562500000015e-05
585.632	0.0	0.0	5.712656250000001e-05
585.672	0.0	0.0	5.6573125000000004e-05
585.802	0.0	0.0	4.644937500000001e-05
586.002	0.0	0.0	3.094656250000001e-05
585.972	0.0	0.0	3.31865625e-05
586.012	0.0	0.0	2.975e-05
586.142	0.0	0.0	1.531140625e-05
586.342	0.0	0.0	-6.696156250000001e-06
586.312	0.0	0.0	-3.1250625000000003e-06
586.342	0.0	0.0	-7.06475e-06
586.472	0.0	0.0	-1.805825e-05
586.672	0.0	0.0	-3.5052500000000004e-05
586.642	0.0	0.0	-3.23684375e-05
586.682	0.0	0.0	-3.5242812500000005e-05
586.812	0.0	0.0	-3.8454062499999996e-05
587.012	0.0	0.0	-4.3373750000000005e-05
586.982	0.0	0.0	-4.2658437500000004e-05
587.022	0.0	0.0	-4.296687500000001e-05
587.152	0.0	0.0	-3.7907187500000004e-05
587.352	0.0	0.0	-3.0194062500000004e-05
587.322	0.0	0.0	-3.1451875e-05
587.352	0.0	0.0	-2.9903125000000007e-05
587.482	0.0	0.0	-2.0616093750000002e-05
587.682	0.0	0.0	-6.2545e-06
587.652	0.0	0.0	-8.536062500000002e-06
587.692	0.0	0.0	-5.742187500000001e-06
587.822	0.0	0.0	3.25171875e-06
588.022	0.0	0.0	1.703515625e-05
587.992	0.0	0.0	1.50198125e-05
588.032	0.0	0.0	1.7413593750000003e-05
588.162	0.0	0.0	2.2238125e-05
588.362	0.0	0.0	2.9599062500000003e-05
588.332	0.0	0.0	2.8391562500000005e-05
588.362	0.0	0.0	2.9581562500000006e-05
588.492	0.0	0.0	2.898e-05
588.692	0.0	0.0	2.8052500000000003e-05
588.662	0.0	0.0	2.8201250000000004e-05
588.702	0.0	0.0	2.7746250000000002e-05
588.832	0.0	0.0	2.2185625e-05
589.032	0.0	0.0	1.365809375e-05
589.002	0.0	0.0	1.4912187500000002e-05
589.042	0.0	0.0	1.3017156250000002e-05
589.172	0.0	0.0	4.6046875e-06
589.372	0.0	0.0	-8.2341875e-06
589.342	0.0	0.0	-6.1177812500000005e-06
589.372	0.0	0.0	-8.43784375e-06
589.502	0.0	0.0	-1.60444375e-05
589.702	0.0	0.0	-2.781625e-05
589.672	0.0	0.0	-2.5926250000000003e-05
589.712	0.0	0.0	-2.7982500000000005e-05
589.842	0.0	0.0	-3.11434375e-05
590.042	0.0	0.0	-3.59909375e-05
590.012	0.0	0.0	-3.5273437500000006e-05
590.052	0.0	0.0	-3.57065625e-05
590.182	0.0	0.0	-3.18740625e-05
590.382	0.0	0.0	-2.60203125e-05
590.352	0.0	0.0	-2.6989375e-05
590.382	0.0	0.0	-2.5790625000000002e-05
590.512	0.0	0.0	-1.639946875e-05
590.712	0.0	0.0	-1.860184375e-06
590.682	0.0	0.0	-4.207656250000001e-06
590.722	0.0	0.0	-1.3111000000000002e-06
590.852	0.0	0.0	9.5921875e-06
591.052	0.0	0.0	2.6322187500000003e-05
591.022	0.0	0.0	2.3832812500000004e-05
591.062	0.0	0.0	2.6779375000000005e-05
591.192	0.0	0.0	3.317125e-05
591.392	0.0	0.0	4.2931875000000006e-05
591.362	0.0	0.0	4.13065625e-05
591.392	0.0	0.0	4.2894687500000004e-05
591.522	0.0	0.0	4.128031250000001e-05
591.722	0.0	0.0	3.8777812500000004e-05
591.692	0.0	0.0	3.91846875e-05
591.732	0.0	0.0	3.8329375000000004e-05
591.862	0.0	0.0	2.9032500000000007e-05
592.062	0.0	0.0	1.476125e-05
592.032	0.0	0.0	1.689734375e-05
592.072	0.0	0.0	1.3898499999999999e-05
592.202	0.0	0.0	1.4823375e-06
592.402	0.0	0.0	-1.748971875e-05
592.372	0.0	0.0	-1.4313687499999999e-05
592.402	0.0	0.0	-1.7675218750000003e-05
592.532	0.0	0.0	-2.69215625e-05
592.732	0.0	0.0	-4.124968750000001e-05
592.702	0.0	0.0	-3.891125e-05
592.742	0.0	0.0	-4.1330625e-05
592.872	0.0	0.0	-4.3085000000000005e-05
593.072	0.0	0.0	-4.578e-05
593.042	0.0	0.0	-4.53753125e-05
593.082	0.0	0.0	-4.53075e-05
593.212	0.0	0.0	-3.82790625e-05
593.412	0.0	0.0	-2.7534062500000002e-05
593.382	0.0	0.0	-2.93409375e-05
593.412	0.0	0.0	-2.7315312500000007e-05
593.542	0.0	0.0	-1.500996875e-05
593.742	0.0	0.0	4.0635e-06
593.712	0.0	0.0	9.348062500000002e-07
593.752	0.0	0.0	4.6025e-06
593.882	0.0	0.0	1.6917250000000005e-05
594.082	0.0	0.0	3.583562500000001e-05
594.052	0.0	0.0	3.2974375000000006e-05
594.092	0.0	0.0	3.6222812500000006e-05
594.222	0.0	0.0	4.21509375e-05
594.422	0.0	0.0	5.1215937500000005e-05
594.392	0.0	0.0	4.96715625e-05
594.422	0.0	0.0	5.11721875e-05
594.552	0.0	0.0	4.7652500000000005e-05
594.752	0.0	0.0	4.2192500000000006e-05
594.722	0.0	0.0	4.306750000000001e-05
594.762	0.0	0.0	4.1555937500000006e-05
594.892	0.0	0.0	2.9461250000000002e-05
595.092	0.0	0.0	1.095478125e-05
595.062	0.0	0.0	1.4052281250000003e-05
595.092	0.0	0.0	1.0699500000000001e-05
595.222	0.0	0.0	-4.15821875e-06
595.422	0.0	0.0	-2.7199375e-05
595.392	0.0	0.0	-2.3375625000000002e-05
595.432	0.0	0.0	-2.7630312500000003e-05
595.562	0.0	0.0	-3.8541562500000005e-05
595.762	0.0	0.0	-5.5313125000000006e-05
595.732	0.0	0.0	-5.2751562500000006e-05
595.772	0.0	0.0	-5.534812500000001e-05
595.902	0.0	0.0	-5.591468750000001e-05
596.102	0.0	0.0	-5.6780937499999996e-05
596.072	0.0	0.0	-5.6634375e-05
596.102	0.0	0.0	-5.6658437500000006e-05
596.232	0.0	0.0	-4.63203125e-05
596.432	0.0	0.0	-3.02771875e-05
596.402	0.0	0.0	-3.29459375e-05
596.442	0.0	0.0	-2.9631875000000005e-05
596.572	0.0	0.0	-1.2634562500000002e-05
596.772	0.0	0.0	1.3503875000000001e-05
596.742	0.0	0.0	9.48740625e-06
596.782	0.0	0.0	1.438390625e-05
596.912	0.0	0.0	2.9264375000000002e-05
597.112	0.0	0.0	5.204500000000001e-05
597.082	0.0	0.0	4.81403125e-05
597.112	0.0	0.0	5.2093125000000006e-05
597.242	0.0	0.0	5.728625000000001e-05
597.442	0.0	0.0	6.5345e-05
597.412	0.0	0.0	6.399750000000001e-05
597.442	0.0	0.0	6.508687500000001e-05
597.582	0.0	0.0	5.788781250000001e-05
597.782	0.0	0.0	4.6812500000000006e-05
597.752	0.0	0.0	4.8523125000000005e-05
597.792	0.0	0.0	4.5887187500000006e-05
597.922	0.0	0.0	2.9612187500000003e-05
598.122	0.0	0.0	4.686281250000001e-06
598.092	0.0	0.0	8.97859375e-06
598.122	0.0	0.0	4.560281250000001e-06
598.252	0.0	0.0	-1.2434406250000001e-05
598.452	0.0	0.0	-3.88259375e-05
598.422	0.0	0.0	-3.4391875000000003e-05
598.452	0.0	0.0	-3.91628125e-05
598.592	0.0	0.0	-4.918375e-05
598.792	0.0	0.0	-6.46078125e-05
598.762	0.0	0.0	-6.221250000000001e-05
598.802	0.0	0.0	-6.44809375e-05
598.932	0.0	0.0	-6.2138125e-05
599.132	0.0	0.0	-5.8552812500000004e-05
599.102	0.0	0.0	-5.917187500000001e-05
599.132	0.0	0.0	-5.8482812500000006e-05
599.262	0.0	0.0	-4.5257187500000014e-05
599.462	0.0	0.0	-2.4710000000000002e-05
599.432	0.0	0.0	-2.8179375e-05
599.462	0.0	0.0	-2.4128125000000002e-05
599.602	0.0	0.0	-5.5866562500000006e-06
599.802	0.0	0.0	2.296e-05
599.772	0.0	0.0	1.84996875e-05
599.812	0.0	0.0	2.3732187500000002e-05
599.942	0.0	0.0	3.8443125000000006e-05
600.142	0.0	0.0	6.09940625e-05
600.102	0.0	0.0	5.7071875e-05
600.142	0.0	0.0	6.1005e-05
600.272	0.0	0.0	6.475e-05
600.472	0.0	0.0	7.057531250000002e-05
600.442	0.0	0.0	6.958656250000001e-05
600.472	0.0	0.0	7.02909375e-05
600.612	0.0	0.0	6.0591562500000005e-05
600.812	0.0	0.0	4.5650937500000006e-05
600.782	0.0	0.0	4.7998125e-05
600.822	0.0	0.0	4.4673125000000006e-05
600.952	0.0	0.0	2.5252500000000003e-05
601.152	0.0	0.0	-4.52659375e-06
601.112	0.0	0.0	6.764406250000001e-07
601.152	0.0	0.0	-4.5416875e-06
601.282	0.0	0.0	-2.4325000000000005e-05
601.482	0.0	0.0	-5.50834375e-05
601.452	0.0	0.0	-4.98378125e-05
601.482	0.0	0.0	-5.53765625e-05
601.622	0.0	0.0	-6.61871875e-05
601.822	0.0	0.0	-8.284500000000001e-05
601.792	0.0	0.0	-8.021562500000001e-05
601.832	0.0	0.0	-8.260218750000002e-05
601.962	0.0	0.0	-7.753812500000002e-05
602.162	0.0	0.0	-6.977031250000002e-05
602.122	0.0	0.0	-7.1133125e-05
602.162	0.0	0.0	-6.977687500000002e-05
602.292	0.0	0.0	-5.0953437500000005e-05
602.492	0.0	0.0	-2.1646406250000002e-05
602.462	0.0	0.0	-2.6670000000000004e-05
602.492	0.0	0.0	-2.1037406249999998e-05
602.632	0.0	0.0	3.4750625000000003e-06
602.832	0.0	0.0	4.1258437500000004e-05
602.802	0.0	0.0	3.5260312499999996e-05
602.842	0.0	0.0	4.20459375e-05
602.972	0.0	0.0	5.919812500000001e-05
603.172	0.0	0.0	8.55203125e-05
603.132	0.0	0.0	8.087625000000001e-05
603.172	0.0	0.0	8.545687500000002e-05
603.302	0.0	0.0	8.6498125e-05
603.502	0.0	0.0	8.802500000000001e-05
603.472	0.0	0.0	8.77625e-05
603.502	0.0	0.0	8.7661875e-05
603.642	0.0	0.0	7.163625e-05
603.842	0.0	0.0	4.69240625e-05
603.812	0.0	0.0	5.086812500000001e-05
603.852	0.0	0.0	4.583906250000001e-05
603.982	0.0	0.0	2.0986000000000002e-05
604.182	0.0	0.0	-1.71661875e-05
604.142	0.0	0.0	-1.0404625000000002e-05
604.182	0.0	0.0	-1.7023124999999998e-05
604.312	0.0	0.0	-3.761625e-05
604.512	0.0	0.0	-6.9636875e-05
604.482	0.0	0.0	-6.409593750000001e-05
604.512	0.0	0.0	-6.977687500000002e-05
604.652	0.0	0.0	-7.65865625e-05
604.852	0.0	0.0	-8.7093125e-05
604.822	0.0	0.0	-8.54065625e-05
604.862	0.0	0.0	-8.667093750000002e-05
604.992	0.0	0.0	-7.649906250000002e-05
605.192	0.0	0.0	-6.0878125e-05
605.152	0.0	0.0	-6.36584375e-05
605.192	0.0	0.0	-6.0959062500000005e-05
605.322	0.0	0.0	-4.079468750000001e-05
605.522	0.0	0.0	-9.266906250000001e-06
605.482	0.0	0.0	-1.475053125e-05
605.522	0.0	0.0	-8.899625e-06
605.662	0.0	0.0	1.11339375e-05
605.862	0.0	0.0	4.2050312500000004e-05
605.832	0.0	0.0	3.70628125e-05
605.872	0.0	0.0	4.2422187500000004e-05
606.002	0.0	0.0	5.1880937500000006e-05
606.202	0.0	0.0	6.64125e-05
606.162	0.0	0.0	6.381375e-05
606.202	0.0	0.0	6.631625000000001e-05
606.332	0.0	0.0	6.241375e-05
606.532	0.0	0.0	5.6122500000000003e-05
606.492	0.0	0.0	5.722062500000001e-05
606.532	0.0	0.0	5.590375e-05
606.662	0.0	0.0	4.248781250000001e-05
606.872	0.0	0.0	2.17739375e-05
606.842	0.0	0.0	2.5132187500000002e-05
606.872	0.0	0.0	2.1239531250000003e-05
607.012	0.0	0.0	6.847531250000001e-06
607.212	0.0	0.0	-1.527225e-05
607.172	0.0	0.0	-1.1297125000000002e-05
607.212	0.0	0.0	-1.5096156250000002e-05
607.342	0.0	0.0	-2.3150312500000005e-05
607.542	0.0	0.0	-3.5579687500000003e-05
607.502	0.0	0.0	-3.3396562500000006e-05
607.542	0.0	0.0	-3.5573125e-05
607.672	0.0	0.0	-3.51159375e-05
607.882	0.0	0.0	-3.4409375e-05
607.852	0.0	0.0	-3.4525312500000004e-05
607.882	0.0	0.0	-3.4184062500000004e-05
608.022	0.0	0.0	-2.7733125000000002e-05
608.222	0.0	0.0	-1.781346875e-05
608.182	0.0	0.0	-1.960415625e-05
608.222	0.0	0.0	-1.790621875e-05
608.352	0.0	0.0	-1.080953125e-05
608.552	0.0	0.0	2.72190625e-07
608.512	0.0	0.0	-1.6830187500000003e-06
608.552	0.0	0.0	3.207312500000001e-07
608.682	0.0	0.0	4.4156875e-06
608.892	0.0	0.0	1.074215625e-05
608.862	0.0	0.0	9.70746875e-06
608.892	0.0	0.0	1.0750906250000001e-05
609.032	0.0	0.0	1.10175625e-05
609.232	0.0	0.0	1.14275e-05
609.192	0.0	0.0	1.1352468750000001e-05
609.232	0.0	0.0	1.1422250000000002e-05
609.362	0.0	0.0	9.895156250000002e-06
609.562	0.0	0.0	7.4547812500000006e-06
609.522	0.0	0.0	7.87609375e-06
609.562	0.0	0.0	7.414312500000001e-06
609.702	0.0	0.0	5.437250000000001e-06
609.902	0.0	0.0	2.3953125e-06
609.862	0.0	0.0	2.9417500000000007e-06
609.902	0.0	0.0	2.42484375e-06
610.032	0.0	0.0	-2.34215625e-07
610.232	0.0	0.0	-4.399062500000001e-06
610.192	0.0	0.0	-3.6564062500000003e-06
610.232	0.0	0.0	-4.42071875e-06
610.362	0.0	0.0	-7.2237812500000006e-06
610.572	0.0	0.0	-1.1557218750000001e-05
610.542	0.0	0.0	-1.0841687500000002e-05
610.572	0.0	0.0	-1.1582375000000001e-05
610.712	0.0	0.0	-1.2443156250000002e-05
610.912	0.0	0.0	-1.3768125000000003e-05
610.872	0.0	0.0	-1.3525968750000002e-05
610.912	0.0	0.0	-1.3750843750000002e-05
611.042	0.0	0.0	-1.1717781250000002e-05
611.242	0.0	0.0	-8.45096875e-06
611.202	0.0	0.0	-9.034593750000001e-06
611.242	0.0	0.0	-8.425375e-06
611.372	0.0	0.0	-4.23346875e-06
611.582	0.0	0.0	2.249625e-06
611.552	0.0	0.0	1.17359375e-06
611.582	0.0	0.0	2.35025e-06
611.722	0.0	0.0	6.082343750000001e-06
611.922	0.0	0.0	1.1828468750000002e-05
611.882	0.0	0.0	1.0773875000000002e-05
611.922	0.0	0.0	1.174534375e-05
612.052	0.0	0.0	1.2941687500000001e-05
612.252	0.0	0.0	1.47196875e-05
612.212	0.0	0.0	1.4400750000000001e-05
612.252	0.0	0.0	1.471290625e-05
612.382	0.0	0.0	1.2968156250000001e-05
612.592	0.0	0.0	1.0269000000000001e-05
612.562	0.0	0.0	1.0719187500000001e-05
612.592	0.0	0.0	1.018675e-05
612.732	0.0	0.0	6.8729062499999995e-06
612.932	0.0	0.0	1.7681781250000002e-06
612.892	0.0	0.0	2.7092187500000003e-06
612.932	0.0	0.0	1.8490500000000001e-06
613.062	0.0	0.0	-1.40905625e-06
613.262	0.0	0.0	-6.497750000000001e-06
613.222	0.0	0.0	-5.5800937500000006e-06
613.262	0.0	0.0	-6.502343750000001e-06
613.392	0.0	0.0	-9.10459375e-06
613.602	0.0	0.0	-1.313221875e-05
613.572	0.0	0.0	-1.2456937500000002e-05
613.602	0.0	0.0	-1.315190625e-05
613.742	0.0	0.0	-1.4022968749999999e-05
613.942	0.0	0.0	-1.5365218750000003e-05
613.902	0.0	0.0	-1.5116500000000002e-05
613.942	0.0	0.0	-1.534203125e-05
614.072	0.0	0.0	-1.30134375e-05
614.272	0.0	0.0	-9.2369375e-06
614.232	0.0	0.0	-9.920968750000002e-06
614.272	0.0	0.0	-9.2378125e-06
614.402	0.0	0.0	-2.7991250000000005e-06
614.612	0.0	0.0	7.171937500000001e-06
614.582	0.0	0.0	5.492156250000001e-06
614.612	0.0	0.0	7.33271875e-06
614.752	0.0	0.0	1.5194375000000001e-05
614.952	0.0	0.0	2.7313125e-05
614.912	0.0	0.0	2.506e-05
614.952	0.0	0.0	2.7087812500000003e-05
615.082	0.0	0.0	3.1642187499999996e-05
615.282	0.0	0.0	3.861375e-05
615.242	0.0	0.0	3.7345e-05
615.282	0.0	0.0	3.86028125e-05
615.412	0.0	0.0	3.5336875e-05
615.622	0.0	0.0	3.02509375e-05
615.582	0.0	0.0	3.11128125e-05
615.622	0.0	0.0	3.003875e-05
615.762	0.0	0.0	1.847628125e-05
615.962	0.0	0.0	6.442843750000001e-07
615.922	0.0	0.0	3.9755625e-06
615.962	0.0	0.0	1.000628125e-06
616.092	0.0	0.0	-1.3578250000000002e-05
616.292	0.0	0.0	-3.6537812500000005e-05
616.252	0.0	0.0	-3.234e-05
616.292	0.0	0.0	-3.64678125e-05
616.422	0.0	0.0	-4.672281250000001e-05
616.632	0.0	0.0	-6.258000000000001e-05
616.592	0.0	0.0	-5.98828125e-05
616.632	0.0	0.0	-6.255375000000001e-05
616.772	0.0	0.0	-6.0932812500000005e-05
616.972	0.0	0.0	-5.843250000000001e-05
616.932	0.0	0.0	-5.8900625000000005e-05
616.972	0.0	0.0	-5.848500000000001e-05
617.102	0.0	0.0	-4.4883125000000006e-05
617.302	0.0	0.0	-2.2953437500000002e-05
617.262	0.0	0.0	-2.6980625000000002e-05
617.302	0.0	0.0	-2.3049687500000003e-05
617.432	0.0	0.0	-2.177415625e-06
617.642	0.0	0.0	3.0246562500000004e-05
617.602	0.0	0.0	2.4703437500000004e-05
617.642	0.0	0.0	3.0478437500000005e-05
617.772	0.0	0.0	4.70246875e-05
617.982	0.0	0.0	7.2559375e-05
617.942	0.0	0.0	6.774687500000001e-05
617.982	0.0	0.0	7.197968750000001e-05
618.112	0.0	0.0	7.552125e-05
618.312	0.0	0.0	8.032937500000002e-05
618.272	0.0	0.0	7.94434375e-05
618.312	0.0	0.0	8.030093750000001e-05
618.442	0.0	0.0	6.762656250000001e-05
618.652	0.0	0.0	4.7753125000000004e-05
618.612	0.0	0.0	5.1167812500000006e-05
618.652	0.0	0.0	4.748625e-05
618.782	0.0	0.0	2.4926562500000004e-05
618.992	0.0	0.0	-9.9045625e-06
618.952	0.0	0.0	-3.3131875000000003e-06
618.992	0.0	0.0	-9.0654375e-06
619.122	0.0	0.0	-2.9465625e-05
619.322	0.0	0.0	-6.128937500000001e-05
619.282	0.0	0.0	-5.53940625e-05
619.322	0.0	0.0	-6.10596875e-05
619.452	0.0	0.0	-6.959093750000001e-05
619.662	0.0	0.0	-8.2613125e-05
619.622	0.0	0.0	-8.0364375e-05
619.662	0.0	0.0	-8.253437500000001e-05
619.792	0.0	0.0	-7.45325e-05
620.002	0.0	0.0	-6.21753125e-05
619.962	0.0	0.0	-6.452250000000001e-05
619.992	0.0	0.0	-6.2488125e-05
620.132	0.0	0.0	-4.4016875e-05
620.332	0.0	0.0	-1.43976875e-05
620.292	0.0	0.0	-1.9908000000000003e-05
620.332	0.0	0.0	-1.4651875e-05
620.462	0.0	0.0	5.526937500000001e-06
620.672	0.0	0.0	3.68571875e-05
620.632	0.0	0.0	3.142562500000001e-05
620.672	0.0	0.0	3.69403125e-05
620.802	0.0	0.0	4.774875e-05
621.012	0.0	0.0	6.4448125e-05
620.972	0.0	0.0	6.12609375e-05
621.002	0.0	0.0	6.399968750000001e-05
621.142	0.0	0.0	6.200250000000001e-05
621.342	0.0	0.0	5.799937500000001e-05
621.302	0.0	0.0	5.8747500000000006e-05
621.342	0.0	0.0	5.803875e-05
621.472	0.0	0.0	4.546281250000001e-05
621.682	0.0	0.0	2.5703125000000003e-05
621.642	0.0	0.0	2.9144062500000002e-05
621.682	0.0	0.0	2.5622187500000003e-05
621.812	0.0	0.0	1.0745000000000001e-05
622.022	0.0	0.0	-1.2250875000000002e-05
621.982	0.0	0.0	-7.84371875e-06
622.012	0.0	0.0	-1.1602718750000001e-05
622.152	0.0	0.0	-2.1000875000000002e-05
622.352	0.0	0.0	-3.5350000000000005e-05
622.312	0.0	0.0	-3.26571875e-05
622.352	0.0	0.0	-3.5188125000000005e-05
622.482	0.0	0.0	-3.593625e-05
622.692	0.0	0.0	-3.686375000000001e-05
622.652	0.0	0.0	-3.6701875e-05
622.692	0.0	0.0	-3.68396875e-05
622.822	0.0	0.0	-3.0611875e-05
623.032	0.0	0.0	-2.098359375e-05
622.992	0.0	0.0	-2.2848437500000002e-05
623.022	0.0	0.0	-2.12865625e-05
623.152	0.0	0.0	-1.3606031250000002e-05
623.362	0.0	0.0	-1.4266218750000003e-06
623.322	0.0	0.0	-3.6666875000000004e-06
623.362	0.0	0.0	-1.4969937500000002e-06
623.492	0.0	0.0	3.57175e-06
623.702	0.0	0.0	1.1372812500000001e-05
623.662	0.0	0.0	9.885531250000001e-06
623.692	0.0	0.0	1.115121875e-05
623.822	0.0	0.0	1.19809375e-05
624.032	0.0	0.0	1.297909375e-05
623.992	0.0	0.0	1.2790093750000001e-05
624.032	0.0	0.0	1.2965093750000002e-05
624.162	0.0	0.0	1.0908625000000003e-05
624.372	0.0	0.0	7.620375000000001e-06
624.332	0.0	0.0	8.2000625e-06
624.372	0.0	0.0	7.62125e-06
624.502	0.0	0.0	5.294625e-06
624.712	0.0	0.0	1.6944593750000002e-06
624.672	0.0	0.0	2.3920312500000006e-06
624.702	0.0	0.0	1.8089312500000002e-06
624.832	0.0	0.0	7.21371875e-07
625.042	0.0	0.0	-8.856093750000001e-07
625.002	0.0	0.0	-5.805843750000001e-07
625.042	0.0	0.0	-8.614593750000002e-07
625.172	0.0	0.0	-1.206625e-06
625.382	0.0	0.0	-1.717384375e-06
625.342	0.0	0.0	-1.626909375e-06
625.382	0.0	0.0	-1.716575e-06
625.512	0.0	0.0	-1.962296875e-06
625.722	0.0	0.0	-2.3423749999999997e-06
625.682	0.0	0.0	-2.2684375000000003e-06
625.712	0.0	0.0	-2.3296875e-06
625.842	0.0	0.0	-2.01998125e-06
626.052	0.0	0.0	-1.486275e-06
626.012	0.0	0.0	-1.5880156250000003e-06
626.052	0.0	0.0	-1.4950250000000001e-06
626.182	0.0	0.0	-8.5640625e-07
626.392	0.0	0.0	1.483671875e-07
626.352	0.0	0.0	-3.04346875e-08
626.392	0.0	0.0	1.453965625e-07
626.522	0.0	0.0	7.922250000000002e-07
626.732	0.0	0.0	1.7938156250000001e-06
626.692	0.0	0.0	1.5981437500000003e-06
626.722	0.0	0.0	1.7592750000000002e-06
626.852	0.0	0.0	2.9095937500000005e-06
627.062	0.0	0.0	4.7621875e-06
627.022	0.0	0.0	4.4075937499999995e-06
627.062	0.0	0.0	4.729375000000001e-06
627.192	0.0	0.0	5.482312500000001e-06
627.402	0.0	0.0	6.634031250000001e-06
627.362	0.0	0.0	6.4281875000000005e-06
627.402	0.0	0.0	6.629e-06
627.532	0.0	0.0	5.08375e-06
627.742	0.0	0.0	2.6661250000000002e-06
627.702	0.0	0.0	3.1403750000000004e-06
627.732	0.0	0.0	2.75275e-06
627.862	0.0	0.0	-1.4127093750000003e-06
628.072	0.0	0.0	-8.202250000000001e-06
628.032	0.0	0.0	-6.897187500000001e-06
628.072	0.0	0.0	-8.0723125e-06
628.202	0.0	0.0	-1.333478125e-05
628.412	0.0	0.0	-2.156415625e-05
628.372	0.0	0.0	-2.0086500000000005e-05
628.412	0.0	0.0	-2.15175625e-05
628.542	0.0	0.0	-2.3745312500000005e-05
628.752	0.0	0.0	-2.7157812500000004e-05
628.712	0.0	0.0	-2.648625e-05
628.742	0.0	0.0	-2.7030937500000005e-05
628.872	0.0	0.0	-2.3482812500000002e-05
629.082	0.0	0.0	-1.7349718750000004e-05
629.042	0.0	0.0	-1.8533593750000003e-05
629.082	0.0	0.0	-1.7475500000000002e-05
629.212	0.0	0.0	-7.5575937500000015e-06
629.422	0.0	0.0	8.183e-06
629.382	0.0	0.0	5.3440625e-06
629.422	0.0	0.0	8.072093750000001e-06
629.552	0.0	0.0	1.9550125e-05
629.762	0.0	0.0	3.73690625e-05
629.722	0.0	0.0	3.3845e-05
629.752	0.0	0.0	3.66821875e-05
629.882	0.0	0.0	4.3030312500000005e-05
630.092	0.0	0.0	5.2504375e-05
630.052	0.0	0.0	5.0666875000000006e-05
630.092	0.0	0.0	5.22965625e-05
630.222	0.0	0.0	4.83e-05
630.432	0.0	0.0	4.1527500000000005e-05
630.392	0.0	0.0	4.275468750000001e-05
630.432	0.0	0.0	4.1584375000000006e-05
630.562	0.0	0.0	2.7400625000000005e-05
630.772	0.0	0.0	5.201437500000001e-06
630.732	0.0	0.0	9.609031250000001e-06
630.762	0.0	0.0	6.086281250000001e-06
630.892	0.0	0.0	-1.0968125000000001e-05
631.102	0.0	0.0	-3.80975e-05
631.062	0.0	0.0	-3.28190625e-05
631.102	0.0	0.0	-3.74675e-05
631.232	0.0	0.0	-4.918375e-05
631.442	0.0	0.0	-6.70928125e-05
631.402	0.0	0.0	-6.383562500000001e-05
631.442	0.0	0.0	-6.692e-05
631.572	0.0	0.0	-6.546750000000001e-05
631.782	0.0	0.0	-6.29059375e-05
631.742	0.0	0.0	-6.34178125e-05
631.772	0.0	0.0	-6.301093750000002e-05
631.902	0.0	0.0	-4.96475e-05
632.112	0.0	0.0	-2.7341562500000003e-05
632.072	0.0	0.0	-3.1701250000000004e-05
632.102	0.0	0.0	-2.7890625000000002e-05
632.242	0.0	0.0	-7.985687500000001e-06
632.452	0.0	0.0	2.3366875000000003e-05
632.412	0.0	0.0	1.763759375e-05
632.452	0.0	0.0	2.3019062500000002e-05
632.582	0.0	0.0	3.816093750000001e-05
632.792	0.0	0.0	6.152562500000001e-05
632.752	0.0	0.0	5.684875e-05
632.782	0.0	0.0	6.05303125e-05
632.912	0.0	0.0	6.38159375e-05
633.122	0.0	0.0	6.768343750000002e-05
633.082	0.0	0.0	6.692437499999999e-05
633.112	0.0	0.0	6.75828125e-05
633.252	0.0	0.0	5.7474375000000005e-05
633.462	0.0	0.0	4.0897500000000006e-05
633.422	0.0	0.0	4.394031250000001e-05
633.462	0.0	0.0	4.1103125000000005e-05
633.592	0.0	0.0	2.3975000000000003e-05
633.802	0.0	0.0	-2.8242812500000006e-06
633.762	0.0	0.0	2.55959375e-06
633.792	0.0	0.0	-1.6488937500000002e-06
633.922	0.0	0.0	-1.5946656250000003e-05
634.132	0.0	0.0	-3.81390625e-05
634.092	0.0	0.0	-3.3768437500000006e-05
634.122	0.0	0.0	-3.75353125e-05
634.262	0.0	0.0	-4.2689062500000005e-05
634.472	0.0	0.0	-5.009593750000001e-05
634.432	0.0	0.0	-4.873093750000001e-05
634.472	0.0	0.0	-4.9993125e-05
634.602	0.0	0.0	-4.457250000000001e-05
634.812	0.0	0.0	-3.5805e-05
634.772	0.0	0.0	-3.75725e-05
634.802	0.0	0.0	-3.620093750000001e-05
634.932	0.0	0.0	-2.6005e-05
635.142	0.0	0.0	-9.38678125e-06
635.102	0.0	0.0	-1.26739375e-05
635.132	0.0	0.0	-9.863e-06
635.272	0.0	0.0	-9.37540625e-07
635.482	0.0	0.0	1.2853531250000002e-05
635.442	0.0	0.0	1.0300281250000002e-05
635.482	0.0	0.0	1.264484375e-05
635.612	0.0	0.0	1.5391031250000003e-05
635.822	0.0	0.0	1.9429375000000002e-05
635.782	0.0	0.0	1.8611687500000003e-05
635.812	0.0	0.0	1.92416875e-05
635.942	0.0	0.0	1.6802406250000002e-05
636.152	0.0	0.0	1.2335531250000001e-05
636.112	0.0	0.0	1.3222562500000002e-05
636.142	0.0	0.0	1.246940625e-05
636.282	0.0	0.0	8.624e-06
636.492	0.0	0.0	2.55040625e-06
636.452	0.0	0.0	3.6795937500000003e-06
636.492	0.0	0.0	2.6503750000000004e-06
636.622	0.0	0.0	1.336978125e-06
636.832	0.0	0.0	-5.990250000000001e-07
636.792	0.0	0.0	-2.0553531250000002e-07
636.822	0.0	0.0	-5.06428125e-07
636.952	0.0	0.0	-3.4914687500000007e-06
637.162	0.0	0.0	-8.42253125e-06
637.122	0.0	0.0	-7.43946875e-06
637.152	0.0	0.0	-8.268093750000001e-06
637.292	0.0	0.0	-1.215134375e-05
637.502	0.0	0.0	-1.8268468750000003e-05
637.462	0.0	0.0	-1.71276875e-05
637.502	0.0	0.0	-1.8161500000000002e-05
637.632	0.0	0.0	-1.834809375e-05
637.842	0.0	0.0	-1.8475187499999998e-05
637.802	0.0	0.0	-1.844915625e-05
637.832	0.0	0.0	-1.846884375e-05
637.962	0.0	0.0	-1.3164593750000002e-05
638.172	0.0	0.0	-4.0499375e-06
638.132	0.0	0.0	-5.833187500000001e-06
638.162	0.0	0.0	-4.285093750000001e-06
638.302	0.0	0.0	5.309937500000001e-06
638.512	0.0	0.0	2.0471937500000006e-05
638.472	0.0	0.0	1.740615625e-05
638.502	0.0	0.0	1.9745031250000002e-05
638.632	0.0	0.0	2.7665312500000002e-05
638.842	0.0	0.0	3.9939375000000004e-05
638.802	0.0	0.0	3.74696875e-05
638.832	0.0	0.0	3.952375e-05
638.972	0.0	0.0	4.04534375e-05
639.182	0.0	0.0	4.129781250000001e-05
639.142	0.0	0.0	4.113812500000001e-05
639.182	0.0	0.0	4.128031250000001e-05
639.312	0.0	0.0	3.2983125e-05
639.522	0.0	0.0	1.9623625e-05
639.482	0.0	0.0	2.2367187500000004e-05
639.512	0.0	0.0	2.0309406250000005e-05
639.642	0.0	0.0	7.1244687500000005e-06
639.852	0.0	0.0	-1.4335781250000001e-05
639.812	0.0	0.0	-1.001240625e-05
639.842	0.0	0.0	-1.358678125e-05
639.982	0.0	0.0	-2.5687812500000003e-05
640.192	0.0	0.0	-4.44390625e-05
640.152	0.0	0.0	-4.0897500000000006e-05
640.192	0.0	0.0	-4.4038750000000006e-05
640.322	0.0	0.0	-4.766125000000001e-05
640.532	0.0	0.0	-5.2852187500000004e-05
640.492	0.0	0.0	-5.17825e-05
640.522	0.0	0.0	-5.257875e-05
640.652	0.0	0.0	-4.6401249999999996e-05
640.862	0.0	0.0	-3.5297500000000006e-05
640.822	0.0	0.0	-3.7544062500000006e-05
640.852	0.0	0.0	-3.570000000000001e-05
640.992	0.0	0.0	-2.2010625000000004e-05
641.202	0.0	0.0	-7.300343750000001e-09
641.162	0.0	0.0	-4.17878125e-06
641.202	0.0	0.0	-5.0640625e-07
641.332	0.0	0.0	1.306003125e-05
641.542	0.0	0.0	3.4157812500000004e-05
641.502	0.0	0.0	2.9793750000000003e-05
641.532	0.0	0.0	3.3020312500000004e-05
641.662	0.0	0.0	3.9836562500000005e-05
641.872	0.0	0.0	4.96409375e-05
641.832	0.0	0.0	4.765031250000001e-05
641.862	0.0	0.0	4.927125000000001e-05
642.002	0.0	0.0	4.6283125000000006e-05
642.212	0.0	0.0	4.0709375e-05
642.172	0.0	0.0	4.1770312500000006e-05
642.202	0.0	0.0	4.0842812500000006e-05
642.342	0.0	0.0	3.0097812500000003e-05
642.552	0.0	0.0	1.2919375000000002e-05
642.512	0.0	0.0	1.64863125e-05
642.542	0.0	0.0	1.386875e-05
642.672	0.0	0.0	1.7556e-06
642.882	0.0	0.0	-1.7565843750000002e-05
642.842	0.0	0.0	-1.3628125e-05
642.872	0.0	0.0	-1.681421875e-05
643.012	0.0	0.0	-2.50184375e-05
643.222	0.0	0.0	-3.74215625e-05
643.182	0.0	0.0	-3.50503125e-05
643.212	0.0	0.0	-3.710656250000001e-05
643.352	0.0	0.0	-3.745e-05
643.562	0.0	0.0	-3.749812500000001e-05
643.522	0.0	0.0	-3.7489375e-05
643.552	0.0	0.0	-3.74959375e-05
643.682	0.0	0.0	-3.1311875000000006e-05
643.892	0.0	0.0	-2.0576062500000002e-05
643.852	0.0	0.0	-2.2771875000000003e-05
643.882	0.0	0.0	-2.100809375e-05
644.022	0.0	0.0	-1.1162812500000002e-05
644.232	0.0	0.0	4.54584375e-06
644.192	0.0	0.0	1.5310312500000001e-06
644.222	0.0	0.0	4.12715625e-06
644.362	0.0	0.0	1.24481875e-05
644.572	0.0	0.0	2.5305000000000003e-05
644.532	0.0	0.0	2.26165625e-05
644.562	0.0	0.0	2.4561250000000005e-05
644.692	0.0	0.0	2.79409375e-05
644.902	0.0	0.0	3.2528125000000006e-05
644.862	0.0	0.0	3.15853125e-05
644.892	0.0	0.0	3.23378125e-05
645.032	0.0	0.0	2.9437187500000002e-05
645.242	0.0	0.0	2.4265937500000004e-05
645.202	0.0	0.0	2.5263437500000002e-05
645.232	0.0	0.0	2.4410312500000003e-05
645.372	0.0	0.0	1.6855125000000002e-05
645.582	0.0	0.0	4.76721875e-06
645.542	0.0	0.0	7.3049375e-06
645.572	0.0	0.0	5.48253125e-06
645.702	0.0	0.0	-2.678375e-06
645.912	0.0	0.0	-1.5667968750000003e-05
645.872	0.0	0.0	-1.2990250000000002e-05
645.902	0.0	0.0	-1.5111031250000002e-05
646.042	0.0	0.0	-2.03756875e-05
646.252	0.0	0.0	-2.827125e-05
646.212	0.0	0.0	-2.6744375000000003e-05
646.242	0.0	0.0	-2.80415625e-05
646.382	0.0	0.0	-2.7606250000000004e-05
646.592	0.0	0.0	-2.6516875000000005e-05
646.552	0.0	0.0	-2.6746562500000003e-05
646.582	0.0	0.0	-2.6582500000000005e-05
646.712	0.0	0.0	-2.1403812500000004e-05
646.922	0.0	0.0	-1.2459125e-05
646.882	0.0	0.0	-1.4309968750000001e-05
646.912	0.0	0.0	-1.285440625e-05
647.052	0.0	0.0	-5.238625000000001e-06
647.262	0.0	0.0	6.904187500000001e-06
647.222	0.0	0.0	4.545406250000001e-06
647.252	0.0	0.0	6.532750000000001e-06
647.392	0.0	0.0	1.2335312500000001e-05
647.602	0.0	0.0	2.1239968750000003e-05
647.562	0.0	0.0	1.935675e-05
647.592	0.0	0.0	2.06898125e-05
647.722	0.0	0.0	2.2214062500000002e-05
647.932	0.0	0.0	2.3922500000000003e-05
647.892	0.0	0.0	2.35659375e-05
647.922	0.0	0.0	2.384375e-05
648.062	0.0	0.0	2.0668375000000002e-05
648.272	0.0	0.0	1.518321875e-05
648.232	0.0	0.0	1.625290625e-05
648.262	0.0	0.0	1.535821875e-05
648.402	0.0	0.0	9.63746875e-06
648.612	0.0	0.0	5.221562500000001e-07
648.572	0.0	0.0	2.4567812500000003e-06
648.602	0.0	0.0	1.0969656250000002e-06
648.732	0.0	0.0	-4.053e-06
648.942	0.0	0.0	-1.2099718750000002e-05
648.902	0.0	0.0	-1.0422343750000002e-05
648.932	0.0	0.0	-1.1722812500000002e-05
649.072	0.0	0.0	-1.44064375e-05
649.282	0.0	0.0	-1.8305656250000002e-05
649.242	0.0	0.0	-1.7542218750000003e-05
649.272	0.0	0.0	-1.8176156250000003e-05
649.412	0.0	0.0	-1.743590625e-05
649.622	0.0	0.0	-1.60024375e-05
649.572	0.0	0.0	-1.6307593750000004e-05
649.612	0.0	0.0	-1.609453125e-05
649.742	0.0	0.0	-1.2540937500000001e-05
649.952	0.0	0.0	-6.43671875e-06
649.912	0.0	0.0	-7.713781250000001e-06
649.942	0.0	0.0	-6.730500000000001e-06
650.082	0.0	0.0	-9.5038125e-07
650.292	0.0	0.0	8.347500000000001e-06
650.252	0.0	0.0	6.5200625e-06
650.282	0.0	0.0	8.026593750000002e-06
650.422	0.0	0.0	1.365153125e-05
650.632	0.0	0.0	2.24153125e-05
650.582	0.0	0.0	2.054128125e-05
650.622	0.0	0.0	2.183934375e-05
650.752	0.0	0.0	2.4379687500000002e-05
650.962	0.0	0.0	2.7855625000000003e-05
650.922	0.0	0.0	2.71271875e-05
650.952	0.0	0.0	2.7685000000000003e-05
651.092	0.0	0.0	2.4504375e-05
651.302	0.0	0.0	1.8809656250000003e-05
651.262	0.0	0.0	1.9933375000000003e-05
651.292	0.0	0.0	1.901353125e-05
651.432	0.0	0.0	1.0287375000000002e-05
651.642	0.0	0.0	-3.828343750000001e-06
651.592	0.0	0.0	-8.001875000000001e-07
651.632	0.0	0.0	-2.88378125e-06
651.762	0.0	0.0	-1.3018468750000002e-05
651.972	0.0	0.0	-2.93125e-05
651.932	0.0	0.0	-2.5878125e-05
651.962	0.0	0.0	-2.8485625000000002e-05
652.102	0.0	0.0	-3.4960625e-05
652.312	0.0	0.0	-4.458343750000001e-05
652.272	0.0	0.0	-4.2678125e-05
652.302	0.0	0.0	-4.422906250000001e-05
652.442	0.0	0.0	-4.2021875e-05
652.652	0.0	0.0	-3.7771562500000003e-05
652.602	0.0	0.0	-3.86925e-05
652.642	0.0	0.0	-3.8069062500000005e-05
652.772	0.0	0.0	-2.7899375000000004e-05
652.982	0.0	0.0	-1.027446875e-05
652.942	0.0	0.0	-1.3923656250000002e-05
652.972	0.0	0.0	-1.10718125e-05
653.112	0.0	0.0	3.5772187500000007e-06
653.322	0.0	0.0	2.6873437500000005e-05
653.272	0.0	0.0	2.1901250000000003e-05
653.312	0.0	0.0	2.5313750000000005e-05
653.442	0.0	0.0	3.6264374999999996e-05
653.652	0.0	0.0	5.2933125000000005e-05
653.612	0.0	0.0	4.9391562500000004e-05
653.642	0.0	0.0	5.204500000000001e-05
653.782	0.0	0.0	5.340125e-05
653.992	0.0	0.0	5.4199687500000005e-05
653.952	0.0	0.0	5.4040000000000004e-05
653.982	0.0	0.0	5.41690625e-05
654.122	0.0	0.0	4.42028125e-05
654.332	0.0	0.0	2.7531875000000005e-05
654.282	0.0	0.0	3.11434375e-05
654.322	0.0	0.0	2.8704375e-05
654.452	0.0	0.0	1.31455625e-05
654.662	0.0	0.0	-1.2545531250000001e-05
654.612	0.0	0.0	-7.078750000000001e-06
654.652	0.0	0.0	-1.1152531250000003e-05
654.792	0.0	0.0	-2.5368437500000002e-05
655.002	0.0	0.0	-4.73615625e-05
654.962	0.0	0.0	-4.296031250000001e-05
654.992	0.0	0.0	-4.64690625e-05
655.132	0.0	0.0	-5.1248750000000006e-05
655.342	0.0	0.0	-5.774343750000001e-05
655.292	0.0	0.0	-5.633250000000001e-05
655.322	0.0	0.0	-5.72796875e-05
655.462	0.0	0.0	-5.138656250000001e-05
655.672	0.0	0.0	-4.000281250000001e-05
655.622	0.0	0.0	-4.243312500000001e-05
655.662	0.0	0.0	-4.0635000000000007e-05
655.802	0.0	0.0	-2.6709375000000004e-05
656.012	0.0	0.0	-3.846062500000001e-06
655.972	0.0	0.0	-8.43871875e-06
656.002	0.0	0.0	-4.802875e-06
656.142	0.0	0.0	9.1319375e-06
656.352	0.0	0.0	3.0887500000000005e-05
656.302	0.0	0.0	2.6142812500000004e-05
656.332	0.0	0.0	2.93015625e-05
656.472	0.0	0.0	3.65225e-05
656.682	0.0	0.0	4.6641875e-05
656.632	0.0	0.0	4.44740625e-05
656.672	0.0	0.0	4.6066562500000005e-05
656.802	0.0	0.0	4.376968750000001e-05
657.022	0.0	0.0	3.88171875e-05
656.982	0.0	0.0	3.9816875e-05
657.012	0.0	0.0	3.90315625e-05
657.152	0.0	0.0	2.9548750000000004e-05
657.362	0.0	0.0	1.3970031250000002e-05
657.312	0.0	0.0	1.7378375000000005e-05
657.342	0.0	0.0	1.512503125e-05
657.482	0.0	0.0	4.6676875e-06
657.692	0.0	0.0	-1.2078281250000001e-05
657.642	0.0	0.0	-8.47678125e-06
657.682	0.0	0.0	-1.1105062500000002e-05
657.812	0.0	0.0	-1.7809531250000003e-05
658.032	0.0	0.0	-2.7717812500000002e-05
657.992	0.0	0.0	-2.5711875000000002e-05
658.022	0.0	0.0	-2.72759375e-05
658.162	0.0	0.0	-2.74728125e-05
658.372	0.0	0.0	-2.7061562500000003e-05
658.322	0.0	0.0	-2.71534375e-05
658.352	0.0	0.0	-2.7094375e-05
658.492	0.0	0.0	-2.2669062500000004e-05
658.702	0.0	0.0	-1.4738718750000001e-05
658.652	0.0	0.0	-1.645021875e-05
658.692	0.0	0.0	-1.5209687500000002e-05
658.822	0.0	0.0	-8.898093750000002e-06
659.042	0.0	0.0	1.224278125e-06
659.002	0.0	0.0	-8.322125000000001e-07
659.032	0.0	0.0	7.615343750000001e-07
659.172	0.0	0.0	5.70740625e-06
659.382	0.0	0.0	1.3280968750000002e-05
659.332	0.0	0.0	1.16125625e-05
659.362	0.0	0.0	1.2700187500000002e-05
659.502	0.0	0.0	1.4949593750000001e-05
659.712	0.0	0.0	1.7969875e-05
659.662	0.0	0.0	1.7315812500000002e-05
659.702	0.0	0.0	1.77865625e-05
659.832	0.0	0.0	1.6841125e-05
660.052	0.0	0.0	1.4880031250000002e-05
660.012	0.0	0.0	1.527990625e-05
660.042	0.0	0.0	1.4972125e-05
660.182	0.0	0.0	1.0982343750000001e-05
660.392	0.0	0.0	4.381125e-06
660.342	0.0	0.0	5.8404062500000005e-06
660.372	0.0	0.0	4.89584375e-06
660.512	0.0	0.0	-6.143156250000001e-07
660.722	0.0	0.0	-9.680562500000001e-06
660.672	0.0	0.0	-7.71028125e-06
660.712	0.0	0.0	-9.1188125e-06
660.842	0.0	0.0	-1.40030625e-05
661.062	0.0	0.0	-2.1533750000000004e-05
661.022	0.0	0.0	-1.99924375e-05
661.052	0.0	0.0	-2.1170187500000002e-05
661.192	0.0	0.0	-2.2295e-05
661.402	0.0	0.0	-2.3585625000000002e-05
661.352	0.0	0.0	-2.3299062500000003e-05
661.382	0.0	0.0	-2.3482812500000002e-05
661.522	0.0	0.0	-2.0014312500000003e-05
661.732	0.0	0.0	-1.351590625e-05
661.682	0.0	0.0	-1.493296875e-05
661.722	0.0	0.0	-1.39269375e-05
661.852	0.0	0.0	-6.6887187500000005e-06
662.072	0.0	0.0	5.2364375000000005e-06
662.032	0.0	0.0	2.786875e-06
662.062	0.0	0.0	4.6455937500000005e-06
662.202	0.0	0.0	1.1756718750000002e-05
662.412	0.0	0.0	2.28571875e-05
662.362	0.0	0.0	2.0386625000000004e-05
662.392	0.0	0.0	2.1962500000000002e-05
662.532	0.0	0.0	2.5250312500000002e-05
662.742	0.0	0.0	2.9614375e-05
662.692	0.0	0.0	2.8660625000000003e-05
662.732	0.0	0.0	2.9334375000000003e-05
662.862	0.0	0.0	2.6766250000000005e-05
663.082	0.0	0.0	2.1779406250000002e-05
663.042	0.0	0.0	2.2806875000000002e-05
663.072	0.0	0.0	2.2032500000000003e-05
663.212	0.0	0.0	1.4792968750000002e-05
663.422	0.0	0.0	2.86846875e-06
663.372	0.0	0.0	5.530875000000001e-06
663.402	0.0	0.0	3.843e-06
663.542	0.0	0.0	-4.042281250000001e-06
663.752	0.0	0.0	-1.66866875e-05
663.702	0.0	0.0	-1.3910312500000002e-05
663.742	0.0	0.0	-1.5854562500000003e-05
663.872	0.0	0.0	-2.07711875e-05
664.092	0.0	0.0	-2.7943125e-05
664.052	0.0	0.0	-2.64578125e-05
664.082	0.0	0.0	-2.75690625e-05
664.222	0.0	0.0	-2.68428125e-05
664.432	0.0	0.0	-2.4959375000000002e-05
664.382	0.0	0.0	-2.5381562500000002e-05
664.412	0.0	0.0	-2.51146875e-05
664.552	0.0	0.0	-1.988415625e-05
664.762	0.0	0.0	-1.05730625e-05
664.712	0.0	0.0	-1.2624499999999999e-05
664.752	0.0	0.0	-1.119759375e-05
664.882	0.0	0.0	-3.8014375000000007e-06
665.102	0.0	0.0	8.119125e-06
665.052	0.0	0.0	5.643531250000001e-06
665.092	0.0	0.0	7.483000000000001e-06
665.232	0.0	0.0	1.3033125e-05
665.442	0.0	0.0	2.146375e-05
665.392	0.0	0.0	1.956915625e-05
665.422	0.0	0.0	2.07536875e-05
665.562	0.0	0.0	2.2214062500000002e-05
665.772	0.0	0.0	2.3592187500000003e-05
665.722	0.0	0.0	2.3288125000000003e-05
665.762	0.0	0.0	2.3498125e-05
665.892	0.0	0.0	2.0332812500000004e-05
666.112	0.0	0.0	1.4578593750000001e-05
666.062	0.0	0.0	1.5778e-05
666.102	0.0	0.0	1.48929375e-05
666.232	0.0	0.0	8.94621875e-06
666.452	0.0	0.0	-7.423062500000001e-07
666.402	0.0	0.0	1.4422187500000002e-06
666.432	0.0	0.0	8.58396875e-08
666.572	0.0	0.0	-5.5636875e-06
666.782	0.0	0.0	-1.4457406250000002e-05
666.732	0.0	0.0	-1.248471875e-05
666.772	0.0	0.0	-1.3838125e-05
666.902	0.0	0.0	-1.6835656250000004e-05
667.122	0.0	0.0	-2.104440625e-05
667.072	0.0	0.0	-2.016503125e-05
667.112	0.0	0.0	-2.081034375e-05
667.242	0.0	0.0	-1.965075e-05
667.462	0.0	0.0	-1.7248875000000002e-05
667.412	0.0	0.0	-1.7795312500000003e-05
667.442	0.0	0.0	-1.7461718750000002e-05
667.582	0.0	0.0	-1.3161531250000001e-05
667.792	0.0	0.0	-5.5700312500000005e-06
667.742	0.0	0.0	-7.226187500000001e-06
667.782	0.0	0.0	-6.056968750000001e-06
667.912	0.0	0.0	-2.9671250000000003e-07
668.132	0.0	0.0	8.914937500000003e-06
668.082	0.0	0.0	6.848406250000001e-06
668.112	0.0	0.0	8.12853125e-06
668.252	0.0	0.0	1.2345156250000002e-05
668.462	0.0	0.0	1.8679281250000003e-05
668.412	0.0	0.0	1.7263312500000002e-05
668.442	0.0	0.0	1.82223125e-05
668.582	0.0	0.0	1.896890625e-05
668.802	0.0	0.0	1.94840625e-05
668.752	0.0	0.0	1.9375562500000002e-05
668.792	0.0	0.0	1.945409375e-05
668.922	0.0	0.0	1.6245468750000002e-05
669.142	0.0	0.0	1.063628125e-05
669.092	0.0	0.0	1.1912031250000001e-05
669.122	0.0	0.0	1.1134375000000001e-05
669.262	0.0	0.0	5.93578125e-06
669.472	0.0	0.0	-2.7980312500000002e-06
669.422	0.0	0.0	-8.435000000000001e-07
669.452	0.0	0.0	-2.1604843750000005e-06
669.592	0.0	0.0	-7.050312500000001e-06
669.812	0.0	0.0	-1.4627812500000002e-05
669.762	0.0	0.0	-1.3027875000000003e-05
669.802	0.0	0.0	-1.417871875e-05
669.932	0.0	0.0	-1.6076593750000002e-05
670.152	0.0	0.0	-1.859265625e-05
670.102	0.0	0.0	-1.8018656250000003e-05
670.132	0.0	0.0	-1.836625e-05
670.272	0.0	0.0	-1.679934375e-05
670.482	0.0	0.0	-1.34579375e-05
670.432	0.0	0.0	-1.4208031250000004e-05
670.462	0.0	0.0	-1.3706e-05
670.602	0.0	0.0	-9.478218750000001e-06
670.822	0.0	0.0	-2.3681875000000004e-06
670.772	0.0	0.0	-3.874718750000001e-06
670.812	0.0	0.0	-2.7984687500000003e-06
670.942	0.0	0.0	1.57548125e-06
671.162	0.0	0.0	8.441343750000001e-06
671.112	0.0	0.0	6.86984375e-06
671.142	0.0	0.0	7.81484375e-06
671.282	0.0	0.0	1.0216281250000001e-05
671.492	0.0	0.0	1.3531875000000003e-05
671.442	0.0	0.0	1.2785062500000001e-05
671.472	0.0	0.0	1.3281625000000002e-05
671.612	0.0	0.0	1.2851125e-05
671.832	0.0	0.0	1.1631593750000002e-05
671.782	0.0	0.0	1.1891031249999999e-05
671.822	0.0	0.0	1.1707062500000003e-05
671.952	0.0	0.0	9.119687500000001e-06
672.172	0.0	0.0	4.7348437500000005e-06
672.122	0.0	0.0	5.7417500000000005e-06
672.152	0.0	0.0	5.14040625e-06
672.282	0.0	0.0	2.12366875e-06
672.502	0.0	0.0	-2.7678437500000005e-06
672.452	0.0	0.0	-1.6624125000000002e-06
672.482	0.0	0.0	-2.39246875e-06
672.622	0.0	0.0	-4.6536875e-06
672.842	0.0	0.0	-8.04059375e-06
672.792	0.0	0.0	-7.31784375e-06
672.832	0.0	0.0	-7.827093750000001e-06
672.962	0.0	0.0	-8.539343750000001e-06
673.182	0.0	0.0	-9.412156250000001e-06
673.132	0.0	0.0	-9.211125e-06
673.162	0.0	0.0	-9.33034375e-06
673.292	0.0	0.0	-8.483125000000002e-06
673.512	0.0	0.0	-6.7381562500000005e-06
673.462	0.0	0.0	-7.133656250000001e-06
673.492	0.0	0.0	-6.87421875e-06
673.632	0.0	0.0	-4.38353125e-06
673.852	0.0	0.0	-1.4355687500000002e-07
673.802	0.0	0.0	-1.0512906250000002e-06
673.842	0.0	0.0	-4.15996875e-07
673.972	0.0	0.0	2.92009375e-06
674.192	0.0	0.0	8.295656250000001e-06
674.142	0.0	0.0	7.053375e-06
674.172	0.0	0.0	7.78509375e-06
674.302	0.0	0.0	1.0385156250000002e-05
674.522	0.0	0.0	1.4321343750000001e-05
674.472	0.0	0.0	1.3426e-05
674.502	0.0	0.0	1.4009187500000002e-05
674.642	0.0	0.0	1.4162531249999999e-05
674.862	0.0	0.0	1.3875750000000002e-05
674.812	0.0	0.0	1.3937437500000002e-05
674.852	0.0	0.0	1.38945625e-05
674.982	0.0	0.0	1.07625e-05
675.202	0.0	0.0	5.285656250000001e-06
675.152	0.0	0.0	6.55528125e-06
675.182	0.0	0.0	5.812625000000001e-06
675.312	0.0	0.0	8.0040625e-07
675.532	0.0	0.0	-7.67134375e-06
675.482	0.0	0.0	-5.7380312500000004e-06
675.512	0.0	0.0	-6.989062500000001e-06
675.652	0.0	0.0	-1.1675562500000001e-05
675.872	0.0	0.0	-1.89240625e-05
675.822	0.0	0.0	-1.736153125e-05
675.862	0.0	0.0	-1.84401875e-05
675.992	0.0	0.0	-1.97946875e-05
676.212	0.0	0.0	-2.1330531250000006e-05
676.162	0.0	0.0	-2.0973312500000002e-05
676.192	0.0	0.0	-2.118090625e-05
676.322	0.0	0.0	-1.84555e-05
676.542	0.0	0.0	-1.301015625e-05
676.492	0.0	0.0	-1.42568125e-05
676.522	0.0	0.0	-1.345553125e-05
676.662	0.0	0.0	-7.416281250000001e-06
676.882	0.0	0.0	2.7356875000000003e-06
676.832	0.0	0.0	5.399625e-07
676.872	0.0	0.0	2.045575e-06
677.002	0.0	0.0	8.085437500000001e-06
677.222	0.0	0.0	1.7545718750000003e-05
677.172	0.0	0.0	1.533896875e-05
677.202	0.0	0.0	1.66123125e-05
677.332	0.0	0.0	1.959496875e-05
677.552	0.0	0.0	2.3487187500000004e-05
677.502	0.0	0.0	2.25925e-05
677.532	0.0	0.0	2.3163437500000002e-05
677.672	0.0	0.0	2.1499843750000002e-05
677.892	0.0	0.0	1.7884343750000002e-05
677.842	0.0	0.0	1.8669e-05
677.872	0.0	0.0	1.8134593750000002e-05
678.012	0.0	0.0	1.278003125e-05
678.232	0.0	0.0	3.72990625e-06
678.182	0.0	0.0	5.8474062500000006e-06
678.212	0.0	0.0	4.63378125e-06
678.342	0.0	0.0	-1.2978437500000002e-06
678.562	0.0	0.0	-1.0872531250000002e-05
678.512	0.0	0.0	-8.66665625e-06
678.542	0.0	0.0	-1.006578125e-05
678.682	0.0	0.0	-1.3885375e-05
678.902	0.0	0.0	-1.9382125e-05
678.852	0.0	0.0	-1.818534375e-05
678.882	0.0	0.0	-1.8994937500000003e-05
679.022	0.0	0.0	-1.880659375e-05
679.242	0.0	0.0	-1.7783500000000003e-05
679.192	0.0	0.0	-1.802346875e-05
679.222	0.0	0.0	-1.7886968750000003e-05
679.352	0.0	0.0	-1.4522593750000002e-05
679.572	0.0	0.0	-8.295437500000001e-06
679.522	0.0	0.0	-9.734812500000001e-06
679.552	0.0	0.0	-8.827875000000002e-06
679.692	0.0	0.0	-3.87625e-06
679.912	0.0	0.0	4.207875e-06
679.862	0.0	0.0	2.4416875000000007e-06
679.892	0.0	0.0	3.6284062500000007e-06
680.032	0.0	0.0	7.568968750000001e-06
680.252	0.0	0.0	1.35594375e-05
680.202	0.0	0.0	1.2149156250000003e-05
680.232	0.0	0.0	1.2946718750000002e-05
680.362	0.0	0.0	1.437471875e-05
680.582	0.0	0.0	1.5935937500000004e-05
680.532	0.0	0.0	1.557390625e-05
680.562	0.0	0.0	1.5800531250000003e-05
680.702	0.0	0.0	1.41518125e-05
680.922	0.0	0.0	1.087996875e-05
680.872	0.0	0.0	1.1596375e-05
680.902	0.0	0.0	1.111753125e-05
681.042	0.0	0.0	7.190531250000001e-06
681.262	0.0	0.0	6.022625000000001e-07
681.212	0.0	0.0	2.166128125e-06
681.242	0.0	0.0	1.2964000000000002e-06
681.372	0.0	0.0	-3.01e-06
681.592	0.0	0.0	-9.97521875e-06
681.542	0.0	0.0	-8.385781249999999e-06
681.572	0.0	0.0	-9.40909375e-06
681.712	0.0	0.0	-1.2251531250000002e-05
681.932	0.0	0.0	-1.637234375e-05
681.882	0.0	0.0	-1.5407e-05
681.912	0.0	0.0	-1.595146875e-05
682.042	0.0	0.0	-1.588059375e-05
682.262	0.0	0.0	-1.4937562500000002e-05
682.212	0.0	0.0	-1.5157843750000002e-05
682.242	0.0	0.0	-1.5021781250000001e-05
682.382	0.0	0.0	-1.1746875000000003e-05
682.602	0.0	0.0	-5.86578125e-06
682.552	0.0	0.0	-7.161875000000001e-06
682.582	0.0	0.0	-6.306781250000001e-06
682.722	0.0	0.0	-1.4540312500000003e-06
682.942	0.0	0.0	6.4640625e-06
682.892	0.0	0.0	4.585e-06
682.922	0.0	0.0	5.6284375e-06
683.052	0.0	0.0	9.522625000000001e-06
683.272	0.0	0.0	1.54223125e-05
683.222	0.0	0.0	1.4043093750000002e-05
683.252	0.0	0.0	1.48911875e-05
683.392	0.0	0.0	1.5905750000000003e-05
683.612	0.0	0.0	1.679890625e-05
683.562	0.0	0.0	1.6601375e-05
683.592	0.0	0.0	1.6730875e-05
683.732	0.0	0.0	1.4291812500000002e-05
683.952	0.0	0.0	9.780531250000001e-06
683.902	0.0	0.0	1.0854375000000002e-05
683.932	0.0	0.0	1.0262000000000001e-05
684.062	0.0	0.0	6.066156250000002e-06
684.282	0.0	0.0	-1.1184250000000002e-06
684.232	0.0	0.0	5.66278125e-07
684.262	0.0	0.0	-4.62809375e-07
684.402	0.0	0.0	-4.40628125e-06
684.622	0.0	0.0	-1.049540625e-05
684.572	0.0	0.0	-9.14440625e-06
684.602	0.0	0.0	-1.0023781250000003e-05
684.742	0.0	0.0	-1.1576250000000001e-05
684.962	0.0	0.0	-1.3526187500000002e-05
684.912	0.0	0.0	-1.3060687500000001e-05
684.942	0.0	0.0	-1.3315750000000002e-05
685.072	0.0	0.0	-1.22766875e-05
685.292	0.0	0.0	-9.853375000000001e-06
685.242	0.0	0.0	-1.04234375e-05
685.272	0.0	0.0	-1.0077375000000001e-05
685.412	0.0	0.0	-7.2237812500000006e-06
685.632	0.0	0.0	-2.3410625000000003e-06
685.582	0.0	0.0	-3.4278125000000005e-06
685.612	0.0	0.0	-2.7249687500000005e-06
685.752	0.0	0.0	2.3207187500000004e-07
685.972	0.0	0.0	4.8866562500000005e-06
685.922	0.0	0.0	3.772125e-06
685.952	0.0	0.0	4.3785e-06
686.082	0.0	0.0	6.273312500000001e-06
686.302	0.0	0.0	8.9700625e-06
686.252	0.0	0.0	8.33371875e-06
686.282	0.0	0.0	8.717406250000001e-06
686.422	0.0	0.0	9.04246875e-06
686.642	0.0	0.0	9.17721875e-06
686.592	0.0	0.0	9.14703125e-06
686.622	0.0	0.0	9.166500000000001e-06
686.762	0.0	0.0	7.7161875e-06
686.982	0.0	0.0	5.0666875e-06
686.932	0.0	0.0	5.703031250000001e-06
686.962	0.0	0.0	5.35915625e-06
687.092	0.0	0.0	2.5440625000000003e-06
687.312	0.0	0.0	-2.37628125e-06
687.262	0.0	0.0	-1.211853125e-06
687.292	0.0	0.0	-1.9091406250000004e-06
687.432	0.0	0.0	-5.312343750000001e-06
687.652	0.0	0.0	-1.0793125000000002e-05
687.602	0.0	0.0	-9.5655e-06
687.632	0.0	0.0	-1.0348843750000001e-05
687.772	0.0	0.0	-1.2387812500000001e-05
687.992	0.0	0.0	-1.5287125e-05
687.942	0.0	0.0	-1.4588875e-05
687.972	0.0	0.0	-1.4963812500000001e-05
688.102	0.0	0.0	-1.4274093750000002e-05
688.322	0.0	0.0	-1.2292437500000002e-05
688.272	0.0	0.0	-1.276275e-05
688.302	0.0	0.0	-1.248296875e-05
688.442	0.0	0.0	-8.558812500000001e-06
688.662	0.0	0.0	-1.5707125e-06
688.612	0.0	0.0	-3.14103125e-06
688.642	0.0	0.0	-2.1458062500000003e-06
688.782	0.0	0.0	3.23815625e-06
689.002	0.0	0.0	1.200609375e-05
688.952	0.0	0.0	9.887937500000002e-06
688.982	0.0	0.0	1.10175625e-05
689.112	0.0	0.0	1.500996875e-05
689.332	0.0	0.0	2.090090625e-05
689.282	0.0	0.0	1.949828125e-05
689.312	0.0	0.0	2.0327343750000002e-05
689.452	0.0	0.0	2.057234375e-05
689.672	0.0	0.0	1.995590625e-05
689.622	0.0	0.0	2.0094812500000004e-05
689.652	0.0	0.0	2.00073125e-05
689.792	0.0	0.0	1.586571875e-05
690.012	0.0	0.0	8.389062500000001e-06
689.962	0.0	0.0	1.020053125e-05
689.982	0.0	0.0	9.240875000000002e-06
690.122	0.0	0.0	2.9616562500000003e-06
690.342	0.0	0.0	-7.71203125e-06
690.292	0.0	0.0	-5.16315625e-06
690.322	0.0	0.0	-6.659843750000001e-06
690.462	0.0	0.0	-1.2260718750000002e-05
690.682	0.0	0.0	-2.081975e-05
690.632	0.0	0.0	-1.888403125e-05
690.662	0.0	0.0	-2.0094593750000004e-05
690.802	0.0	0.0	-2.1758625000000004e-05
691.022	0.0	0.0	-2.34784375e-05
690.972	0.0	0.0	-2.3060625000000003e-05
690.992	0.0	0.0	-2.32815625e-05
691.132	0.0	0.0	-2.0540843750000003e-05
691.352	0.0	0.0	-1.4746156250000003e-05
691.302	0.0	0.0	-1.6134125000000004e-05
691.332	0.0	0.0	-1.5324531250000003e-05
691.472	0.0	0.0	-9.272375e-06
691.692	0.0	0.0	1.054615625e-06
691.642	0.0	0.0	-1.288240625e-06
691.672	0.0	0.0	1.672453125e-07
691.812	0.0	0.0	6.119968750000001e-06
692.032	0.0	0.0	1.5428656250000002e-05
691.982	0.0	0.0	1.3160000000000001e-05
692.002	0.0	0.0	1.4345625000000002e-05
692.142	0.0	0.0	1.734709375e-05
692.362	0.0	0.0	2.1141093750000005e-05
692.312	0.0	0.0	2.0229781250000004e-05
692.342	0.0	0.0	2.075784375e-05
692.482	0.0	0.0	1.95059375e-05
692.702	0.0	0.0	1.641303125e-05
692.652	0.0	0.0	1.7116968750000002e-05
692.682	0.0	0.0	1.668253125e-05
692.822	0.0	0.0	1.2192687500000002e-05
693.042	0.0	0.0	4.41634375e-06
692.992	0.0	0.0	6.316843750000001e-06
693.012	0.0	0.0	5.330281250000001e-06
693.152	0.0	0.0	3.84715625e-07
693.372	0.0	0.0	-7.610312500000001e-06
693.322	0.0	0.0	-5.68421875e-06
693.352	0.0	0.0	-6.79328125e-06
693.492	0.0	0.0	-9.9225e-06
693.712	0.0	0.0	-1.4307781250000001e-05
693.662	0.0	0.0	-1.3306562500000001e-05
693.692	0.0	0.0	-1.3920375000000001e-05
693.832	0.0	0.0	-1.3834843750000001e-05
694.052	0.0	0.0	-1.2961156250000001e-05
694.002	0.0	0.0	-1.3175312500000002e-05
694.022	0.0	0.0	-1.3064843750000002e-05
694.162	0.0	0.0	-1.0671937500000003e-05
694.382	0.0	0.0	-6.1193125e-06
694.332	0.0	0.0	-7.2191875e-06
694.362	0.0	0.0	-6.590062500000001e-06
694.502	0.0	0.0	-3.4146875000000005e-06
694.722	0.0	0.0	1.728540625e-06
694.672	0.0	0.0	5.507468750000001e-07
694.702	0.0	0.0	1.268028125e-06
694.842	0.0	0.0	3.3166875e-06
695.062	0.0	0.0	6.258656250000001e-06
695.012	0.0	0.0	5.535687500000001e-06
695.032	0.0	0.0	5.90603125e-06
695.172	0.0	0.0	6.2796562500000005e-06
695.392	0.0	0.0	6.321656250000001e-06
695.342	0.0	0.0	6.31159375e-06
695.372	0.0	0.0	6.317281250000001e-06
695.512	0.0	0.0	5.44665625e-06
695.732	0.0	0.0	3.77825e-06
695.682	0.0	0.0	4.161281250000001e-06
695.712	0.0	0.0	3.9291875e-06
695.852	0.0	0.0	2.6425e-06
696.072	0.0	0.0	5.344718750000001e-07
696.022	0.0	0.0	1.0566718750000001e-06
696.042	0.0	0.0	7.935375000000001e-07
696.182	0.0	0.0	-7.2165625e-07
696.402	0.0	0.0	-3.2442812500000004e-06
696.352	0.0	0.0	-2.6420625000000004e-06
696.382	0.0	0.0	-2.99403125e-06
696.522	0.0	0.0	-4.623500000000001e-06
696.742	0.0	0.0	-7.218531250000001e-06
696.692	0.0	0.0	-6.583718750000001e-06
696.712	0.0	0.0	-6.908125e-06
696.852	0.0	0.0	-7.658218750000002e-06
697.072	0.0	0.0	-8.536500000000002e-06
697.022	0.0	0.0	-8.322125000000001e-06
697.052	0.0	0.0	-8.442437500000002e-06
697.192	0.0	0.0	-7.191625000000001e-06
697.412	0.0	0.0	-4.6143125e-06
697.362	0.0	0.0	-5.2093125e-06
697.392	0.0	0.0	-4.85340625e-06
697.532	0.0	0.0	-1.5923031250000002e-06
697.752	0.0	0.0	4.0451250000000005e-06
697.702	0.0	0.0	2.6490625e-06
697.722	0.0	0.0	3.3514687500000004e-06
697.862	0.0	0.0	7.0074375e-06
698.082	0.0	0.0	1.295875e-05
698.032	0.0	0.0	1.1505593750000002e-05
698.062	0.0	0.0	1.231715625e-05
698.202	0.0	0.0	1.4308875000000003e-05
698.422	0.0	0.0	1.6901499999999997e-05
698.372	0.0	0.0	1.630125e-05
698.402	0.0	0.0	1.665803125e-05
698.542	0.0	0.0	1.5186937500000003e-05
698.762	0.0	0.0	1.1980062500000001e-05
698.702	0.0	0.0	1.2776531250000001e-05
698.732	0.0	0.0	1.2378406250000002e-05
698.872	0.0	0.0	8.008875e-06
699.092	0.0	0.0	8.51659375e-09
699.042	0.0	0.0	1.96783125e-06
699.072	0.0	0.0	8.80665625e-07
699.212	0.0	0.0	-4.697e-06
699.432	0.0	0.0	-1.3757625000000002e-05
699.382	0.0	0.0	-1.165303125e-05
699.412	0.0	0.0	-1.2895968750000003e-05
699.552	0.0	0.0	-1.64101875e-05
699.772	0.0	0.0	-2.1384125000000003e-05
699.712	0.0	0.0	-2.014534375e-05
699.742	0.0	0.0	-2.0760468750000002e-05
699.882	0.0	0.0	-2.04343125e-05
700.102	0.0	0.0	-1.8515e-05
700.052	0.0	0.0	-1.898640625e-05
700.082	0.0	0.0	-1.872653125e-05
700.222	0.0	0.0	-1.4305156250000002e-05
700.442	0.0	0.0	-6.1775000000000006e-06
700.392	0.0	0.0	-8.071218750000001e-06
700.422	0.0	0.0	-6.960187500000001e-06
700.562	0.0	0.0	-8.574125000000002e-07
700.782	0.0	0.0	9.145937500000001e-06
700.722	0.0	0.0	6.647812500000001e-06
700.752	0.0	0.0	7.879812500000001e-06
700.892	0.0	0.0	1.2449281250000002e-05
701.112	0.0	0.0	1.914171875e-05
701.062	0.0	0.0	1.7493437500000004e-05
701.092	0.0	0.0	1.839621875e-05
701.232	0.0	0.0	1.925371875e-05
701.452	0.0	0.0	1.94705e-05
701.402	0.0	0.0	1.9419750000000003e-05
701.432	0.0	0.0	1.944928125e-05
701.572	0.0	0.0	1.6301906250000003e-05
701.792	0.0	0.0	1.0328281250000001e-05
701.732	0.0	0.0	1.1824093750000002e-05
701.762	0.0	0.0	1.109128125e-05
701.902	0.0	0.0	6.162187500000001e-06
702.122	0.0	0.0	-2.3016875000000003e-06
702.072	0.0	0.0	-2.1123156249999997e-07
702.102	0.0	0.0	-1.3488562500000002e-06
702.242	0.0	0.0	-5.706750000000001e-06
702.462	0.0	0.0	-1.2315843750000001e-05
702.412	0.0	0.0	-1.0766875000000002e-05
702.442	0.0	0.0	-1.1663750000000002e-05
702.582	0.0	0.0	-1.3207250000000001e-05
702.802	0.0	0.0	-1.48925e-05
702.742	0.0	0.0	-1.446921875e-05
702.772	0.0	0.0	-1.4675281250000002e-05
702.912	0.0	0.0	-1.3372843750000001e-05
703.132	0.0	0.0	-1.0277093750000002e-05
703.082	0.0	0.0	-1.1043812500000002e-05
703.102	0.0	0.0	-1.0629281250000002e-05
703.252	0.0	0.0	-7.41846875e-06
703.472	0.0	0.0	-1.8554156250000003e-06
703.422	0.0	0.0	-3.1631250000000003e-06
703.452	0.0	0.0	-2.41084375e-06
703.592	0.0	0.0	7.9095625e-07
703.812	0.0	0.0	5.80671875e-06
703.752	0.0	0.0	4.5436562500000005e-06
703.782	0.0	0.0	5.1541875000000005e-06
703.922	0.0	0.0	7.0385e-06
704.142	0.0	0.0	9.5554375e-06
704.082	0.0	0.0	8.93025e-06
704.112	0.0	0.0	9.266031250000001e-06
704.262	0.0	0.0	9.2955625e-06
704.482	0.0	0.0	8.7885e-06
704.432	0.0	0.0	8.908156250000003e-06
704.462	0.0	0.0	8.83990625e-06
704.602	0.0	0.0	7.156406250000001e-06
704.822	0.0	0.0	4.05453125e-06
704.762	0.0	0.0	4.837656250000001e-06
704.792	0.0	0.0	4.461625e-06
704.932	0.0	0.0	1.9052906250000004e-06
705.152	0.0	0.0	-2.498125e-06
705.092	0.0	0.0	-1.4013125e-06
705.122	0.0	0.0	-1.9866875e-06
705.262	0.0	0.0	-4.49815625e-06
705.492	0.0	0.0	-8.41159375e-06
705.442	0.0	0.0	-7.48628125e-06
705.472	0.0	0.0	-8.011718750000001e-06
705.612	0.0	0.0	-9.117718750000002e-06
705.832	0.0	0.0	-1.046325e-05
705.772	0.0	0.0	-1.012265625e-05
705.802	0.0	0.0	-1.02851875e-05
705.942	0.0	0.0	-9.45328125e-06
706.162	0.0	0.0	-7.378e-06
706.102	0.0	0.0	-7.8964375e-06
706.132	0.0	0.0	-7.62146875e-06
706.272	0.0	0.0	-4.98203125e-06
706.502	0.0	0.0	-2.813125e-07
706.452	0.0	0.0	-1.3961718750000002e-06
706.482	0.0	0.0	-7.6733125e-07
706.622	0.0	0.0	2.2439375000000003e-06
706.842	0.0	0.0	7.0684687500000005e-06
706.782	0.0	0.0	5.8436875000000005e-06
706.812	0.0	0.0	6.424250000000001e-06
706.952	0.0	0.0	8.2350625e-06
707.172	0.0	0.0	1.0638687500000001e-05
707.112	0.0	0.0	1.00366875e-05
707.142	0.0	0.0	1.0353875000000001e-05
707.282	0.0	0.0	1.0039750000000002e-05
707.512	0.0	0.0	8.861125e-06
707.462	0.0	0.0	9.141562500000001e-06
707.492	0.0	0.0	8.9845e-06
707.632	0.0	0.0	6.831125e-06
707.852	0.0	0.0	2.9419687500000007e-06
707.792	0.0	0.0	3.93203125e-06
707.822	0.0	0.0	3.465875e-06
707.962	0.0	0.0	8.995218750000001e-07
708.182	0.0	0.0	-3.320625e-06
708.122	0.0	0.0	-2.2607812500000004e-06
708.152	0.0	0.0	-2.8155312500000005e-06
708.292	0.0	0.0	-4.528125e-06
708.522	0.0	0.0	-6.9096562500000004e-06
708.472	0.0	0.0	-6.341562500000001e-06
708.502	0.0	0.0	-6.657875000000001e-06
708.642	0.0	0.0	-6.725250000000001e-06
708.862	0.0	0.0	-6.370875e-06
708.802	0.0	0.0	-6.4612187500000005e-06
708.832	0.0	0.0	-6.419000000000001e-06
708.972	0.0	0.0	-5.323062500000001e-06
709.192	0.0	0.0	-3.15175e-06
709.132	0.0	0.0	-3.6986250000000005e-06
709.162	0.0	0.0	-3.4142500000000004e-06
709.302	0.0	0.0	-1.93589375e-06
709.532	0.0	0.0	4.6910937500000006e-07
709.482	0.0	0.0	-1.0625125e-07
709.512	0.0	0.0	2.12008125e-07
709.652	0.0	0.0	1.30895625e-06
709.872	0.0	0.0	2.9264375e-06
709.812	0.0	0.0	2.5125625000000002e-06
709.842	0.0	0.0	2.7048437500000004e-06
709.982	0.0	0.0	3.3158125000000005e-06
710.202	0.0	0.0	4.12496875e-06
710.142	0.0	0.0	3.920656250000001e-06
710.172	0.0	0.0	4.0263125e-06
710.312	0.0	0.0	4.020625e-06
710.542	0.0	0.0	3.8136875000000004e-06
710.492	0.0	0.0	3.86334375e-06
710.522	0.0	0.0	3.836e-06
710.662	0.0	0.0	2.87546875e-06
710.882	0.0	0.0	1.0647875e-06
710.822	0.0	0.0	1.5315562500000002e-06
710.852	0.0	0.0	1.3182093750000004e-06
710.992	0.0	0.0	-4.227125e-07
711.212	0.0	0.0	-3.53565625e-06
711.152	0.0	0.0	-2.7608437500000004e-06
711.182	0.0	0.0	-3.1727500000000002e-06
711.322	0.0	0.0	-5.000625e-06
711.552	0.0	0.0	-7.86734375e-06
711.492	0.0	0.0	-7.137375e-06
711.522	0.0	0.0	-7.475781250000002e-06
711.662	0.0	0.0	-8.17446875e-06
711.882	0.0	0.0	-8.813218750000002e-06
711.822	0.0	0.0	-8.650906250000001e-06
711.852	0.0	0.0	-8.733812500000002e-06
711.992	0.0	0.0	-7.496125000000002e-06
712.222	0.0	0.0	-4.8706875e-06
712.172	0.0	0.0	-5.50353125e-06
712.202	0.0	0.0	-5.15965625e-06
712.342	0.0	0.0	-2.323125e-06
712.562	0.0	0.0	2.6188750000000004e-06
712.502	0.0	0.0	1.345203125e-06
712.532	0.0	0.0	1.9265531250000004e-06
712.672	0.0	0.0	4.89190625e-06
712.892	0.0	0.0	9.6508125e-06
712.832	0.0	0.0	8.440468750000001e-06
712.862	0.0	0.0	9.055375e-06
713.002	0.0	0.0	1.0621187500000002e-05
713.232	0.0	0.0	1.2559312500000001e-05
713.182	0.0	0.0	1.2090750000000001e-05
713.202	0.0	0.0	1.2343843750000002e-05
713.352	0.0	0.0	1.1381781250000002e-05
713.572	0.0	0.0	9.0916875e-06
713.512	0.0	0.0	9.68340625e-06
713.542	0.0	0.0	9.415218750000002e-06
713.682	0.0	0.0	6.468218750000001e-06
713.902	0.0	0.0	9.597437500000002e-07
713.842	0.0	0.0	2.3644687500000003e-06
713.872	0.0	0.0	1.6554343750000004e-06
714.012	0.0	0.0	-2.11360625e-06
714.242	0.0	0.0	-8.269406250000001e-06
714.192	0.0	0.0	-6.77709375e-06
714.212	0.0	0.0	-7.5779375e-06
714.362	0.0	0.0	-1.0095312500000002e-05
714.582	0.0	0.0	-1.3656343750000001e-05
714.522	0.0	0.0	-1.2733875000000002e-05
714.552	0.0	0.0	-1.3149281250000002e-05
714.692	0.0	0.0	-1.3276812500000002e-05
714.912	0.0	0.0	-1.247815625e-05
714.852	0.0	0.0	-1.268246875e-05
714.882	0.0	0.0	-1.2579875e-05
715.022	0.0	0.0	-1.0004531250000001e-05
715.252	0.0	0.0	-5.03628125e-06
715.192	0.0	0.0	-6.244218750000001e-06
715.222	0.0	0.0	-5.600218750000001e-06
715.372	0.0	0.0	-1.55299375e-06
715.592	0.0	0.0	5.258093750000001e-06
715.532	0.0	0.0	3.4890625000000005e-06
715.562	0.0	0.0	4.280718750000001e-06
715.702	0.0	0.0	7.835406250000002e-06
715.922	0.0	0.0	1.3277687500000002e-05
715.862	0.0	0.0	1.1882281250000002e-05
715.892	0.0	0.0	1.25776875e-05
716.032	0.0	0.0	1.3973750000000002e-05
716.262	0.0	0.0	1.5375718750000002e-05
716.202	0.0	0.0	1.5033812500000003e-05
716.232	0.0	0.0	1.5214937500000003e-05
716.372	0.0	0.0	1.3482218749999999e-05
716.602	0.0	0.0	9.769812500000002e-06
716.542	0.0	0.0	1.0736687500000001e-05
716.572	0.0	0.0	1.0306843750000002e-05
716.712	0.0	0.0	6.317937500000001e-06
716.932	0.0	0.0	-9.919e-07
716.872	0.0	0.0	8.872281250000001e-07
716.902	0.0	0.0	-4.326875000000001e-08
717.042	0.0	0.0	-4.824312500000001e-06
717.272	0.0	0.0	-1.256346875e-05
717.212	0.0	0.0	-1.0671281250000001e-05
717.242	0.0	0.0	-1.166725e-05
717.382	0.0	0.0	-1.4649031249999999e-05
717.612	0.0	0.0	-1.8749062500000004e-05
717.552	0.0	0.0	-1.7678718750000004e-05
717.582	0.0	0.0	-1.81514375e-05
717.722	0.0	0.0	-1.7872750000000003e-05
717.942	0.0	0.0	-1.6011625000000003e-05
717.882	0.0	0.0	-1.649134375e-05
717.912	0.0	0.0	-1.62553125e-05
718.052	0.0	0.0	-1.2254375000000002e-05
718.282	0.0	0.0	-4.64625e-06
718.222	0.0	0.0	-6.511312500000001e-06
718.252	0.0	0.0	-5.53590625e-06
718.392	0.0	0.0	3.716125000000001e-07
718.622	0.0	0.0	1.0262656250000001e-05
718.562	0.0	0.0	7.673750000000001e-06
718.592	0.0	0.0	8.809500000000001e-06
718.732	0.0	0.0	1.3693531250000002e-05
718.952	0.0	0.0	2.0999781250000002e-05
718.892	0.0	0.0	1.9111750000000002e-05
718.922	0.0	0.0	2.0034875000000002e-05
719.062	0.0	0.0	2.1372531250000003e-05
719.292	0.0	0.0	2.2128750000000004e-05
719.232	0.0	0.0	2.1942812500000004e-05
719.262	0.0	0.0	2.20390625e-05
719.402	0.0	0.0	1.8678843750000003e-05
719.632	0.0	0.0	1.1859093750000003e-05
719.572	0.0	0.0	1.364890625e-05
719.602	0.0	0.0	1.2868843750000003e-05
719.742	0.0	0.0	6.59246875e-06
719.962	0.0	0.0	-4.6554375000000004e-06
719.902	0.0	0.0	-1.741075e-06
719.932	0.0	0.0	-3.1567812500000004e-06
720.072	0.0	0.0	-9.732843750000002e-06
720.302	0.0	0.0	-2.007009375e-05
720.242	0.0	0.0	-1.7521875000000004e-05
720.272	0.0	0.0	-1.8837437500000003e-05
720.412	0.0	0.0	-2.1993125000000006e-05
720.642	0.0	0.0	-2.5803750000000002e-05
720.582	0.0	0.0	-2.4801875000000002e-05
720.612	0.0	0.0	-2.5235e-05
720.752	0.0	0.0	-2.3627187500000002e-05
720.972	0.0	0.0	-1.8965843750000005e-05
720.912	0.0	0.0	-2.0177062500000004e-05
720.942	0.0	0.0	-1.959234375e-05
721.082	0.0	0.0	-1.35550625e-05
721.312	0.0	0.0	-2.5092812500000007e-06
721.252	0.0	0.0	-5.2397187500000005e-06
721.282	0.0	0.0	-3.839281250000001e-06
721.422	0.0	0.0	3.367875e-06
721.652	0.0	0.0	1.5047375000000003e-05
721.592	0.0	0.0	1.1966937500000001e-05
721.622	0.0	0.0	1.3291906250000001e-05
721.752	0.0	0.0	1.8067218750000002e-05
721.982	0.0	0.0	2.4554687500000003e-05
721.922	0.0	0.0	2.2863750000000003e-05
721.952	0.0	0.0	2.3675312500000004e-05
722.092	0.0	0.0	2.3710312500000003e-05
722.322	0.0	0.0	2.1984375e-05
722.262	0.0	0.0	2.2410937500000002e-05
722.292	0.0	0.0	2.2194375e-05
722.432	0.0	0.0	1.75905625e-05
722.662	0.0	0.0	8.8361875e-06
722.602	0.0	0.0	1.1151e-05
722.632	0.0	0.0	1.01618125e-05
722.762	0.0	0.0	3.7918125000000003e-06
722.992	0.0	0.0	-7.074156250000001e-06
722.932	0.0	0.0	-4.23696875e-06
722.962	0.0	0.0	-5.5890625e-06
723.102	0.0	0.0	-1.0784593750000001e-05
723.332	0.0	0.0	-1.840103125e-05
723.272	0.0	0.0	-1.6507968749999998e-05
723.302	0.0	0.0	-1.746653125e-05
723.442	0.0	0.0	-1.8795875000000002e-05
723.672	0.0	0.0	-1.9585125e-05
723.612	0.0	0.0	-1.9376e-05
723.642	0.0	0.0	-1.94648125e-05
723.772	0.0	0.0	-1.707103125e-05
724.002	0.0	0.0	-1.1640125000000002e-05
723.942	0.0	0.0	-1.3061781250000003e-05
723.972	0.0	0.0	-1.2388468750000001e-05
724.112	0.0	0.0	-7.65296875e-06
724.342	0.0	0.0	5.5339375e-07
724.282	0.0	0.0	-1.4916781250000002e-06
724.312	0.0	0.0	-4.62678125e-07
724.452	0.0	0.0	3.7990312500000005e-06
724.682	0.0	0.0	1.0301375000000001e-05
724.622	0.0	0.0	8.573468750000001e-06
724.652	0.0	0.0	9.302125e-06
724.782	0.0	0.0	1.1267593750000002e-05
725.012	0.0	0.0	1.33608125e-05
724.952	0.0	0.0	1.2811312500000001e-05
724.982	0.0	0.0	1.3069875000000002e-05
725.122	0.0	0.0	1.222178125e-05
725.352	0.0	0.0	9.87065625e-06
725.292	0.0	0.0	1.0457781250000002e-05
725.322	0.0	0.0	1.016378125e-05
725.462	0.0	0.0	7.469437500000001e-06
725.692	0.0	0.0	2.6490625e-06
725.632	0.0	0.0	3.939031250000001e-06
725.652	0.0	0.0	3.4037500000000002e-06
725.792	0.0	0.0	5.096437500000001e-07
726.022	0.0	0.0	-4.158875e-06
725.962	0.0	0.0	-2.9502812500000003e-06
725.992	0.0	0.0	-3.53521875e-06
726.132	0.0	0.0	-5.4901875e-06
726.362	0.0	0.0	-8.20071875e-06
726.302	0.0	0.0	-7.483875000000001e-06
726.332	0.0	0.0	-7.7853125e-06
726.462	0.0	0.0	-8.20728125e-06
726.692	0.0	0.0	-8.22128125e-06
726.632	0.0	0.0	-8.2175625e-06
726.662	0.0	0.0	-8.219312500000002e-06
726.802	0.0	0.0	-7.03084375e-06
727.032	0.0	0.0	-4.561375e-06
726.972	0.0	0.0	-5.181093750000001e-06
727.002	0.0	0.0	-4.87440625e-06
727.142	0.0	0.0	-2.566375e-06
727.372	0.0	0.0	1.45945625e-06
727.312	0.0	0.0	3.8255000000000005e-07
727.332	0.0	0.0	8.288e-07
727.472	0.0	0.0	3.3085937500000004e-06
727.702	0.0	0.0	7.345843750000001e-06
727.642	0.0	0.0	6.279000000000001e-06
727.672	0.0	0.0	6.772500000000001e-06
727.812	0.0	0.0	8.418375e-06
728.042	0.0	0.0	1.0648312500000002e-05
727.982	0.0	0.0	1.0087218750000002e-05
728.012	0.0	0.0	1.0362843750000001e-05
728.152	0.0	0.0	1.0064468750000001e-05
728.382	0.0	0.0	8.883218750000001e-06
728.322	0.0	0.0	9.199968750000001e-06
728.342	0.0	0.0	9.06959375e-06
728.482	0.0	0.0	6.70075e-06
728.712	0.0	0.0	1.92259375e-06
728.652	0.0	0.0	3.18828125e-06
728.682	0.0	0.0	2.60640625e-06
728.822	0.0	0.0	-1.43465e-06
729.052	0.0	0.0	-8.433468750000001e-06
728.992	0.0	0.0	-6.667500000000001e-06
729.022	0.0	0.0	-7.529812500000001e-06
729.162	0.0	0.0	-1.1300406250000002e-05
729.392	0.0	0.0	-1.7117625000000002e-05
729.332	0.0	0.0	-1.555378125e-05
729.352	0.0	0.0	-1.61931875e-05
729.492	0.0	0.0	-1.759778125e-05
729.722	0.0	0.0	-1.8652375e-05
729.662	0.0	0.0	-1.8372375000000002e-05
729.692	0.0	0.0	-1.850034375e-05
729.832	0.0	0.0	-1.5764875e-05
730.062	0.0	0.0	-9.72890625e-06
730.002	0.0	0.0	-1.125578125e-05
730.032	0.0	0.0	-1.0514875e-05
730.172	0.0	0.0	-3.976437500000001e-06
730.402	0.0	0.0	7.7266875e-06
730.342	0.0	0.0	4.5729687500000004e-06
730.362	0.0	0.0	5.854187500000001e-06
730.502	0.0	0.0	1.324334375e-05
730.732	0.0	0.0	2.53903125e-05
730.672	0.0	0.0	2.21571875e-05
730.702	0.0	0.0	2.3625000000000005e-05
730.842	0.0	0.0	2.8089687500000002e-05
731.072	0.0	0.0	3.3744375e-05
731.012	0.0	0.0	3.2309375000000004e-05
731.042	0.0	0.0	3.3000625e-05
731.182	0.0	0.0	3.07825e-05
731.412	0.0	0.0	2.47428125e-05
731.352	0.0	0.0	2.6374687500000003e-05
731.372	0.0	0.0	2.571625e-05
731.512	0.0	0.0	1.7200968750000003e-05
731.742	0.0	0.0	5.454312500000001e-07
731.682	0.0	0.0	4.99034375e-06
731.712	0.0	0.0	2.9857187500000005e-06
731.852	0.0	0.0	-9.148125000000001e-06
732.082	0.0	0.0	-2.95225e-05
732.022	0.0	0.0	-2.4342500000000003e-05
732.052	0.0	0.0	-2.6823125000000006e-05
732.192	0.0	0.0	-3.5774375e-05
732.422	0.0	0.0	-4.85625e-05
732.362	0.0	0.0	-4.509968750000001e-05
732.382	0.0	0.0	-4.6488750000000004e-05
732.522	0.0	0.0	-4.732875e-05
732.752	0.0	0.0	-4.459656250000001e-05
732.692	0.0	0.0	-4.532718750000001e-05
732.722	0.0	0.0	-4.500125e-05
732.862	0.0	0.0	-3.5479062500000005e-05
733.092	0.0	0.0	-1.625728125e-05
733.032	0.0	0.0	-2.1158156250000002e-05
733.062	0.0	0.0	-1.8825187500000003e-05
733.202	0.0	0.0	-3.1250625000000003e-06
733.432	0.0	0.0	2.3810937500000005e-05
733.372	0.0	0.0	1.6494624999999998e-05
733.392	0.0	0.0	1.9404218750000003e-05
733.532	0.0	0.0	3.326968750000001e-05
733.762	0.0	0.0	5.42959375e-05
733.702	0.0	0.0	4.8678437500000004e-05
733.732	0.0	0.0	5.11984375e-05
733.872	0.0	0.0	5.605031250000001e-05
734.102	0.0	0.0	5.9747187500000005e-05
734.042	0.0	0.0	5.8791250000000004e-05
734.072	0.0	0.0	5.9230937499999995e-05
734.212	0.0	0.0	5.161187500000001e-05
734.442	0.0	0.0	0.0
734.382	0.0	0.0	3.912125000000001e-05
734.412	0.0	0.0	3.7113125e-05
734.552	0.0	0.0	0.0
