8732
0.0	0.0	0.0	0.0065745375
0.088	0.0	0.0	0.018333650000000003
0.173	0.0	0.0	0.029786125000000004
0.256	0.0	0.0	0.040844625
0.336	0.0	0.0	0.05161625
0.424	0.0	0.0	0.05714125000000001
0.51	0.0	0.0	0.06253237500000002
0.592	0.0	0.0	0.06773862500000001
0.673	0.0	0.0	0.07280675000000002
0.761	0.0	0.0	0.06974887500000002
0.846	0.0	0.0	0.066769625
0.929	0.0	0.0	0.06389025000000001
1.009	0.0	0.0	0.06108525
1.097	0.0	0.0	0.049625125000000006
1.182	0.0	0.0	0.03843275
1.265	0.0	0.0	0.02759525
1.346	0.0	0.0	0.017025925
1.434	0.0	0.0	0.0004449962500000001
1.519	0.0	0.0	-0.0157324375
1.602	0.0	0.0	-0.03137775
1.683	0.0	0.0	-0.04661825000000001
1.77	0.0	0.0	-0.061219125
1.856	0.0	0.0	-0.07547150000000001
1.938	0.0	0.0	-0.08927975
2.019	0.0	0.0	-0.10276500000000001
2.107	0.0	0.0	-0.10663675
2.192	0.0	0.0	-0.11042137500000002
2.275	0.0	0.0	-0.11409125000000002
2.356	0.0	0.0	-0.11766975000000002
2.443	0.0	0.0	-0.10496862500000001
2.529	0.0	0.0	-0.09256287500000002
2.611	0.0	0.0	-0.08053112500000001
2.692	0.0	0.0	-0.06877350000000002
2.779	0.0	0.0	-0.04170312500000001
2.865	0.0	0.0	-0.015209475
2.948	0.0	0.0	0.010504512500000002
3.029	0.0	0.0	0.035615
3.116	0.0	0.0	0.14382425000000001
3.201	0.0	0.0	0.2496025
3.284	0.0	0.0	0.35228250000000005
3.365	0.0	0.0	0.45273125000000003
3.452	0.0	0.0	0.49540125000000007
3.538	0.0	0.0	0.5372212500000001
3.621	0.0	0.0	0.5778937500000001
3.702	0.0	0.0	0.6177162500000001
3.789	0.0	0.0	0.5807837500000002
3.875	0.0	0.0	0.54461625
3.958	0.0	0.0	0.5094900000000001
4.039	0.0	0.0	0.4751500000000001
4.126	0.0	0.0	0.36624375
4.211	0.0	0.0	0.25961125
4.294	0.0	0.0	0.15583475
4.375	0.0	0.0	0.054125875000000004
4.462	0.0	0.0	-0.077356375
4.547	0.0	0.0	-0.20632475000000003
4.631	0.0	0.0	-0.33190375000000005
4.712	0.0	0.0	-0.454835
4.799	0.0	0.0	-0.53926125
4.884	0.0	0.0	-0.6219662500000002
4.967	0.0	0.0	-0.7025250000000001
5.048	0.0	0.0	-0.7815325
5.135	0.0	0.0	-0.7688887500000001
5.22	0.0	0.0	-0.7564787500000001
5.303	0.0	0.0	-0.7443662500000001
5.385	0.0	0.0	-0.7324662500000001
5.472	0.0	0.0	-0.6220512500000001
5.557	0.0	0.0	-0.5137400000000001
5.64	0.0	0.0	-0.40814875000000006
5.722	0.0	0.0	-0.3046825
5.809	0.0	0.0	-0.15109387500000002
5.894	0.0	0.0	-0.00033082000000000006
5.976	0.0	0.0	0.14686724999999998
6.058	0.0	0.0	0.29148625000000006
6.145	0.0	0.0	0.40936000000000006
6.23	0.0	0.0	0.5252362500000001
6.313	0.0	0.0	0.6384137500000001
6.395	0.0	0.0	0.7495087500000002
6.481	0.0	0.0	0.770015
6.566	0.0	0.0	0.7901175
6.649	0.0	0.0	0.809795
6.731	0.0	0.0	0.8291112500000001
6.817	0.0	0.0	0.7448975000000002
6.903	0.0	0.0	0.66198
6.986	0.0	0.0	0.58082625
7.068	0.0	0.0	0.5009687500000001
7.155	0.0	0.0	0.36129250000000007
7.24	0.0	0.0	0.22393250000000003
7.323	0.0	0.0	0.089641
7.405	0.0	0.0	-0.042315125
7.491	0.0	0.0	-0.16043325000000003
7.576	0.0	0.0	-0.27665375
7.659	0.0	0.0	-0.39046875000000003
7.741	0.0	0.0	-0.5026050000000001
7.827	0.0	0.0	-0.54329875
7.912	0.0	0.0	-0.5833975
7.996	0.0	0.0	-0.6227100000000001
8.078	0.0	0.0	-0.661385
8.164	0.0	0.0	-0.6173975
8.249	0.0	0.0	-0.5741112500000001
8.332	0.0	0.0	-0.53165375
8.414	0.0	0.0	-0.48983374999999996
8.5	0.0	0.0	-0.39784250000000004
8.585	0.0	0.0	-0.307105
8.669	0.0	0.0	-0.21802500000000002
8.751	0.0	0.0	-0.13020725000000002
8.837	0.0	0.0	-0.034459000000000004
8.922	0.0	0.0	0.059922875
9.005	0.0	0.0	0.15255800000000003
9.088	0.0	0.0	0.24388625
9.174	0.0	0.0	0.31809125000000005
9.258	0.0	0.0	0.39131875000000005
9.342	0.0	0.0	0.46325000000000005
9.424	0.0	0.0	0.5342250000000001
9.51	0.0	0.0	0.5635500000000001
9.595	0.0	0.0	0.5925137500000001
9.678	0.0	0.0	0.6209675000000001
9.761	0.0	0.0	0.6490600000000001
9.847	0.0	0.0	0.5937462500000001
9.931	0.0	0.0	0.5391337500000001
10.015	0.0	0.0	0.48541375000000003
10.097	0.0	0.0	0.4323525000000001
10.183	0.0	0.0	0.27282875
10.268	0.0	0.0	0.11521537500000002
10.351	0.0	0.0	-0.03992450000000001
10.434	0.0	0.0	-0.19323900000000005
10.52	0.0	0.0	-0.40674625000000003
10.604	0.0	0.0	-0.61784375
10.688	0.0	0.0	-0.8257750000000001
10.77	0.0	0.0	-1.0313475000000003
10.856	0.0	0.0	-1.177505
10.941	0.0	0.0	-1.32206875
11.024	0.0	0.0	-1.46455
11.107	0.0	0.0	-1.6054587500000004
11.193	0.0	0.0	-1.5543312500000004
11.277	0.0	0.0	-1.5037562500000003
11.361	0.0	0.0	-1.45386125
11.444	0.0	0.0	-1.40447625
11.529	0.0	0.0	-1.11044
11.614	0.0	0.0	-0.8193575000000001
11.697	0.0	0.0	-0.5321
11.78	0.0	0.0	-0.24764750000000002
11.866	0.0	0.0	0.18889975000000003
11.95	0.0	0.0	0.6212650000000001
12.034	0.0	0.0	1.04824125
12.117	0.0	0.0	1.4712225
12.202	0.0	0.0	1.8255450000000002
12.287	0.0	0.0	2.1766375
12.371	0.0	0.0	2.5236500000000004
12.453	0.0	0.0	2.867475
12.539	0.0	0.0	2.9014750000000005
12.623	0.0	0.0	2.9350500000000004
12.707	0.0	0.0	2.9684125000000003
12.79	0.0	0.0	3.0013500000000004
12.875	0.0	0.0	2.6112
12.96	0.0	0.0	2.2240250000000006
13.044	0.0	0.0	1.84112125
13.127	0.0	0.0	1.4611287500000003
13.212	0.0	0.0	0.7726500000000001
13.296	0.0	0.0	0.08947950000000002
13.38	0.0	0.0	-0.5868612500000001
13.463	0.0	0.0	-1.25814875
13.548	0.0	0.0	-1.9154750000000005
13.633	0.0	0.0	-2.5680625000000004
13.717	0.0	0.0	-3.2144875
13.8	0.0	0.0	-3.8566625000000005
13.885	0.0	0.0	-4.1072
13.969	0.0	0.0	-4.356037500000001
14.053	0.0	0.0	-4.6027499999999995
14.136	0.0	0.0	-4.847975
14.221	0.0	0.0	-4.480775000000001
14.306	0.0	0.0	-4.1157
14.39	0.0	0.0	-3.7536000000000005
14.473	0.0	0.0	-3.3938375000000005
14.558	0.0	0.0	-2.51175
14.642	0.0	0.0	-1.6349750000000003
14.726	0.0	0.0	-0.7645962500000001
14.81	0.0	0.0	0.10106712500000001
14.894	0.0	0.0	1.0925900000000002
14.979	0.0	0.0	2.0788450000000003
15.063	0.0	0.0	3.0585125000000004
15.146	0.0	0.0	4.033250000000001
15.231	0.0	0.0	4.615287500000001
15.315	0.0	0.0	5.194350000000001
15.399	0.0	0.0	5.770012500000001
15.483	0.0	0.0	6.343125000000001
15.567	0.0	0.0	6.158250000000001
15.652	0.0	0.0	5.974012500000001
15.736	0.0	0.0	5.7908375
15.819	0.0	0.0	5.608512500000001
15.904	0.0	0.0	4.676275
15.988	0.0	0.0	3.7478625
16.072	0.0	0.0	2.8237000000000005
16.156	0.0	0.0	1.9028737500000001
16.241	0.0	0.0	0.6457025000000001
16.325	0.0	0.0	-0.60721875
16.409	0.0	0.0	-1.8549550000000004
16.493	0.0	0.0	-3.0991000000000004
16.577	0.0	0.0	-4.0517375
16.661	0.0	0.0	-5.001825
16.745	0.0	0.0	-5.948300000000001
16.829	0.0	0.0	-6.892650000000001
16.914	0.0	0.0	-7.028225
16.998	0.0	0.0	-7.163375000000001
17.082	0.0	0.0	-7.2983125
17.166	0.0	0.0	-7.4330375
17.25	0.0	0.0	-6.637225000000001
17.334	0.0	0.0	-5.8431125
17.418	0.0	0.0	-5.050700000000001
17.502	0.0	0.0	-4.2593499999999995
17.587	0.0	0.0	-2.8978625000000005
17.671	0.0	0.0	-1.5381812500000003
17.755	0.0	0.0	-0.180754625
17.839	0.0	0.0	1.1752525000000003
17.923	0.0	0.0	2.4299375000000003
18.007	0.0	0.0	3.6832625000000005
18.091	0.0	0.0	4.935525
18.175	0.0	0.0	6.18715
18.26	0.0	0.0	6.699062500000001
18.344	0.0	0.0	7.2105500000000005
18.428	0.0	0.0	7.7220375
18.512	0.0	0.0	8.233525
18.596	0.0	0.0	7.736275
18.68	0.0	0.0	7.239025000000001
18.764	0.0	0.0	6.741562500000001
18.849	0.0	0.0	6.2441
18.933	0.0	0.0	4.9837625
19.017	0.0	0.0	3.7225750000000004
19.101	0.0	0.0	2.4605375000000005
19.185	0.0	0.0	1.1969912500000002
19.269	0.0	0.0	-0.19410812500000002
19.353	0.0	0.0	-1.5866525000000002
19.437	0.0	0.0	-2.9813750000000003
19.522	0.0	0.0	-4.37835
19.606	0.0	0.0	-5.209437500000001
19.69	0.0	0.0	-6.041800000000001
19.774	0.0	0.0	-6.8758625
19.858	0.0	0.0	-7.711412500000001
19.942	0.0	0.0	-7.5885875
20.026	0.0	0.0	-7.4653375
20.111	0.0	0.0	-7.341662500000001
20.195	0.0	0.0	-7.2177750000000005
20.279	0.0	0.0	-6.236875000000001
20.363	0.0	0.0	-5.2532125
20.447	0.0	0.0	-4.26615
20.532	0.0	0.0	-3.2761125
20.615	0.0	0.0	-1.9561262500000003
20.699	0.0	0.0	-0.6322937500000001
20.784	0.0	0.0	0.6970637500000001
20.868	0.0	0.0	2.030905
20.952	0.0	0.0	3.0283375000000006
21.036	0.0	0.0	4.029
21.12	0.0	0.0	5.034762500000001
21.205	0.0	0.0	6.0443500000000006
21.288	0.0	0.0	6.257700000000001
21.372	0.0	0.0	6.471900000000001
21.457	0.0	0.0	6.687375
21.541	0.0	0.0	6.903700000000001
21.625	0.0	0.0	6.291062500000001
21.709	0.0	0.0	5.6756625000000005
21.793	0.0	0.0	5.0564375
21.878	0.0	0.0	4.4342375
21.961	0.0	0.0	3.3628125000000004
22.045	0.0	0.0	2.2860750000000003
22.13	0.0	0.0	1.20204875
22.215	0.0	0.0	0.11226375000000001
22.298	0.0	0.0	-0.8592012500000001
22.382	0.0	0.0	-1.8359575000000004
22.466	0.0	0.0	-2.8198750000000006
22.551	0.0	0.0	-3.8097000000000003
22.634	0.0	0.0	-4.228325
22.718	0.0	0.0	-4.649500000000001
22.803	0.0	0.0	-5.0742875000000005
22.888	0.0	0.0	-5.501412500000001
22.971	0.0	0.0	-5.235362500000001
23.055	0.0	0.0	-4.9676125
23.139	0.0	0.0	-4.697525000000001
23.224	0.0	0.0	-4.425525
23.307	0.0	0.0	-3.6930375000000004
23.391	0.0	0.0	-2.9552375
23.476	0.0	0.0	-2.2106375
23.561	0.0	0.0	-1.4605337500000002
23.644	0.0	0.0	-0.6762600000000001
23.728	0.0	0.0	0.11393824999999999
23.812	0.0	0.0	0.9121137500000001
23.897	0.0	0.0	1.71649
23.98	0.0	0.0	2.1736625000000003
24.064	0.0	0.0	2.634575
24.149	0.0	0.0	3.1001625
24.234	0.0	0.0	3.5697875
24.317	0.0	0.0	3.5411000000000006
24.401	0.0	0.0	3.5124125
24.485	0.0	0.0	3.4833
24.571	0.0	0.0	3.4539750000000002
24.654	0.0	0.0	3.0455500000000004
24.737	0.0	0.0	2.6333000000000006
24.822	0.0	0.0	2.2163749999999998
24.907	0.0	0.0	1.7954762500000003
24.99	0.0	0.0	1.27829375
25.074	0.0	0.0	0.7562237500000001
25.158	0.0	0.0	0.22754500000000003
25.244	0.0	0.0	-0.30623375
25.327	0.0	0.0	-0.6634675000000001
25.41	0.0	0.0	-1.02425
25.495	0.0	0.0	-1.3898350000000002
25.58	0.0	0.0	-1.7591175
25.663	0.0	0.0	-1.82665
25.747	0.0	0.0	-1.8949050000000003
25.831	0.0	0.0	-1.9640950000000001
25.917	0.0	0.0	-2.0340075
26.0	0.0	0.0	-1.85793
26.083	0.0	0.0	-1.6799187500000001
26.168	0.0	0.0	-1.4993150000000002
26.254	0.0	0.0	-1.3166925
26.336	0.0	0.0	-1.05414875
26.42	0.0	0.0	-0.7885875000000001
26.504	0.0	0.0	-0.51901
26.59	0.0	0.0	-0.24633000000000002
26.673	0.0	0.0	-0.05395587500000001
26.756	0.0	0.0	0.140709
26.841	0.0	0.0	0.33847
26.927	0.0	0.0	0.5386237500000001
27.009	0.0	0.0	0.591175
27.093	0.0	0.0	0.644385
27.177	0.0	0.0	0.6984874999999999
27.263	0.0	0.0	0.7532487500000001
27.346	0.0	0.0	0.6980200000000001
27.429	0.0	0.0	0.6420475000000001
27.514	0.0	0.0	0.5851187500000001
27.6	0.0	0.0	0.52744625
27.682	0.0	0.0	0.44425250000000005
27.766	0.0	0.0	0.35995375
27.851	0.0	0.0	0.27414625000000004
27.937	0.0	0.0	0.187176375
28.019	0.0	0.0	0.12055762500000002
28.102	0.0	0.0	0.052995375000000004
28.187	0.0	0.0	-0.015842725000000002
28.273	0.0	0.0	-0.08567575000000001
28.355	0.0	0.0	-0.149270625
28.439	0.0	0.0	-0.21377500000000002
28.524	0.0	0.0	-0.27950125000000003
28.61	0.0	0.0	-0.34612000000000004
28.692	0.0	0.0	-0.39182875000000006
28.775	0.0	0.0	-0.4382175000000001
28.86	0.0	0.0	-0.48552000000000006
28.946	0.0	0.0	-0.5335875000000001
29.028	0.0	0.0	-0.5137825
29.112	0.0	0.0	-0.49365875000000004
29.197	0.0	0.0	-0.47313125
29.283	0.0	0.0	-0.4523062500000001
29.365	0.0	0.0	-0.35217625
29.448	0.0	0.0	-0.2505375
29.533	0.0	0.0	-0.146784375
29.619	0.0	0.0	-0.04131850000000001
29.701	0.0	0.0	0.09516175
29.784	0.0	0.0	0.23406875000000005
29.869	0.0	0.0	0.37612500000000004
29.956	0.0	0.0	0.5205825000000001
30.038	0.0	0.0	0.61423125
30.121	0.0	0.0	0.7094312500000001
30.207	0.0	0.0	0.80667125
30.293	0.0	0.0	0.9054412500000002
30.375	0.0	0.0	0.8927550000000001
30.458	0.0	0.0	0.87985625
30.543	0.0	0.0	0.8666600000000001
30.629	0.0	0.0	0.8532087500000001
30.711	0.0	0.0	0.7297037500000001
30.794	0.0	0.0	0.6038825000000001
30.879	0.0	0.0	0.47506500000000007
30.966	0.0	0.0	0.34403750000000005
31.048	0.0	0.0	0.170427125
31.13	0.0	0.0	-0.006272150000000001
31.215	0.0	0.0	-0.18725075000000002
31.302	0.0	0.0	-0.37162000000000006
31.384	0.0	0.0	-0.50456
31.467	0.0	0.0	-0.64019875
31.552	0.0	0.0	-0.7793650000000001
31.639	0.0	0.0	-0.92120875
31.721	0.0	0.0	-0.9432875000000001
31.804	0.0	0.0	-0.9657700000000001
31.889	0.0	0.0	-0.98882625
31.976	0.0	0.0	-1.0123075000000001
32.057	0.0	0.0	-0.91415375
32.14	0.0	0.0	-0.8140875
32.225	0.0	0.0	-0.7113225000000001
32.312	0.0	0.0	-0.60645375
32.393	0.0	0.0	-0.44202125000000003
32.477	0.0	0.0	-0.27406125
32.562	0.0	0.0	-0.10156862500000001
32.649	0.0	0.0	0.074287875
32.73	0.0	0.0	0.2185775
32.813	0.0	0.0	0.36579750000000005
32.898	0.0	0.0	0.517055
32.985	0.0	0.0	0.6715425
33.066	0.0	0.0	0.7264525000000002
33.149	0.0	0.0	0.78261625
33.235	0.0	0.0	0.8404375000000001
33.322	0.0	0.0	0.89949125
33.403	0.0	0.0	0.84643
33.486	0.0	0.0	0.7922
33.572	0.0	0.0	0.7364825000000002
33.659	0.0	0.0	0.6795962500000001
33.74	0.0	0.0	0.52923125
33.823	0.0	0.0	0.37548750000000003
33.908	0.0	0.0	0.21711125000000003
33.995	0.0	0.0	0.05511400000000001
34.076	0.0	0.0	0.015492312500000001
34.159	0.0	0.0	-0.025081375000000003
34.245	0.0	0.0	-0.06688437500000001
34.332	0.0	0.0	-0.109599
34.413	0.0	0.0	-0.12951875000000002
34.495	0.0	0.0	-0.14990175000000003
34.581	0.0	0.0	-0.17091587500000002
34.668	0.0	0.0	-0.192433625
34.749	0.0	0.0	-0.18730387500000004
34.832	0.0	0.0	-0.18204875
34.917	0.0	0.0	-0.17662362500000003
35.005	0.0	0.0	-0.17107737500000003
35.086	0.0	0.0	-0.148667125
35.168	0.0	0.0	-0.12571925
35.254	0.0	0.0	-0.10203187500000001
35.341	0.0	0.0	-0.07776437500000001
35.422	0.0	0.0	-0.052513000000000004
35.505	0.0	0.0	-0.026590125
35.59	0.0	0.0	0.0002149225
35.678	0.0	0.0	0.027688749999999998
35.759	0.0	0.0	0.043335125
35.842	0.0	0.0	0.059378875000000005
35.927	0.0	0.0	0.075945375
36.015	0.0	0.0	0.09290712500000002
36.095	0.0	0.0	0.094182125
36.178	0.0	0.0	0.095489
36.263	0.0	0.0	0.0968405
36.351	0.0	0.0	0.09823025
36.432	0.0	0.0	0.088720875
36.514	0.0	0.0	0.078948
36.6	0.0	0.0	0.06883299999999999
36.688	0.0	0.0	0.058465125
36.768	0.0	0.0	0.04591275
36.851	0.0	0.0	0.033024625
36.936	0.0	0.0	0.01967835
37.024	0.0	0.0	0.005974012500000001
37.104	0.0	0.0	-0.0029454625000000004
37.187	0.0	0.0	-0.012126525
37.273	0.0	0.0	-0.021649500000000002
37.361	0.0	0.0	-0.031433
37.442	0.0	0.0	-0.034176375
37.524	0.0	0.0	-0.03699625
37.61	0.0	0.0	-0.039918125000000006
37.698	0.0	0.0	-0.0429165
37.778	0.0	0.0	-0.040710750000000004
37.86	0.0	0.0	-0.03844125
37.946	0.0	0.0	-0.03608462500000001
38.034	0.0	0.0	-0.033662125
38.114	0.0	0.0	-0.028789500000000006
38.197	0.0	0.0	-0.023768125
38.283	0.0	0.0	-0.0185535875
38.371	0.0	0.0	-0.01319625
38.451	0.0	0.0	-0.0072315875
38.533	0.0	0.0	-0.00109133625
38.619	0.0	0.0	0.005287425000000001
38.707	0.0	0.0	0.011852612500000002
38.787	0.0	0.0	0.0172020875
38.87	0.0	0.0	0.022722625000000003
38.956	0.0	0.0	0.028468625
39.044	0.0	0.0	0.034382499999999996
39.124	0.0	0.0	0.036513875
39.207	0.0	0.0	0.038711125
39.293	0.0	0.0	0.040993375000000006
39.381	0.0	0.0	0.043341500000000005
39.461	0.0	0.0	0.04026662500000001
39.543	0.0	0.0	0.037096125
39.629	0.0	0.0	0.033793875
39.717	0.0	0.0	0.030389625000000003
39.797	0.0	0.0	0.022684375
39.879	0.0	0.0	0.014723275000000001
39.965	0.0	0.0	0.006430250000000001
40.054	0.0	0.0	-0.00211023125
40.134	0.0	0.0	-0.010886375000000002
40.216	0.0	0.0	-0.019944187500000002
40.302	0.0	0.0	-0.029384500000000004
40.39	0.0	0.0	-0.039123375
40.47	0.0	0.0	-0.044217000000000006
40.552	0.0	0.0	-0.049487
40.638	0.0	0.0	-0.054990750000000005
40.727	0.0	0.0	-0.060668750000000014
40.807	0.0	0.0	-0.058788125000000004
40.889	0.0	0.0	-0.05684162500000001
40.975	0.0	0.0	-0.054814375000000005
41.064	0.0	0.0	-0.052723375
41.143	0.0	0.0	-0.04421487500000001
41.226	0.0	0.0	-0.035417375
41.311	0.0	0.0	-0.026224625
41.4	0.0	0.0	-0.016725662500000002
41.48	0.0	0.0	-0.0055613375
41.562	0.0	0.0	0.0060029125
41.648	0.0	0.0	0.018087362500000002
41.737	0.0	0.0	0.030559625
41.816	0.0	0.0	0.03863675
41.898	0.0	0.0	0.046996500000000004
41.984	0.0	0.0	0.055738750000000004
42.073	0.0	0.0	0.0647785
42.152	0.0	0.0	0.065484
42.235	0.0	0.0	0.066215
42.321	0.0	0.0	0.066977875
42.41	0.0	0.0	0.067768375
42.489	0.0	0.0	0.06056037500000001
42.571	0.0	0.0	0.053093125000000005
42.657	0.0	0.0	0.04527737500000001
42.746	0.0	0.0	0.037187500000000005
42.825	0.0	0.0	0.025655125
42.907	0.0	0.0	0.013676500000000001
42.994	0.0	0.0	0.00111522125
43.083	0.0	0.0	-0.01188895
43.162	0.0	0.0	-0.0219215
43.245	0.0	0.0	-0.032327625000000006
43.331	0.0	0.0	-0.04322675000000001
43.42	0.0	0.0	-0.054497750000000005
43.499	0.0	0.0	-0.0579955
43.581	0.0	0.0	-0.061627125
43.667	0.0	0.0	-0.06543725
43.756	0.0	0.0	-0.06938762500000001
43.835	0.0	0.0	-0.064882625
43.917	0.0	0.0	-0.060197000000000014
44.004	0.0	0.0	-0.055279749999999996
44.093	0.0	0.0	-0.050188250000000004
44.172	0.0	0.0	-0.04033037500000001
44.254	0.0	0.0	-0.030090000000000002
44.34	0.0	0.0	-0.019334312500000003
44.429	0.0	0.0	-0.008179337500000002
44.508	0.0	0.0	0.0018441600000000003
44.59	0.0	0.0	0.012282075000000002
44.676	0.0	0.0	0.023264500000000004
44.766	0.0	0.0	0.03465875
44.845	0.0	0.0	0.039930875000000005
44.927	0.0	0.0	0.045413375000000006
45.014	0.0	0.0	0.051174250000000004
45.103	0.0	0.0	0.0571455
45.182	0.0	0.0	0.055553875
45.263	0.0	0.0	0.05389850000000001
45.35	0.0	0.0	0.052153875
45.439	0.0	0.0	0.05034337500000001
45.518	0.0	0.0	0.043464749999999996
45.6	0.0	0.0	0.036295
45.686	0.0	0.0	0.028744875000000003
45.776	0.0	0.0	0.020908512500000004
45.855	0.0	0.0	0.012802487500000001
45.936	0.0	0.0	0.004360287500000001
46.022	0.0	0.0	-0.0045353875
46.112	0.0	0.0	-0.0137825375
46.191	0.0	0.0	-0.019028950000000003
46.272	0.0	0.0	-0.024507625000000005
46.359	0.0	0.0	-0.03028975
46.449	0.0	0.0	-0.036301375000000004
46.528	0.0	0.0	-0.036649875000000005
46.61	0.0	0.0	-0.03701325
46.696	0.0	0.0	-0.03739575
46.786	0.0	0.0	-0.037793125000000004
46.864	0.0	0.0	-0.034057375
46.946	0.0	0.0	-0.030160125000000003
47.032	0.0	0.0	-0.026044
47.122	0.0	0.0	-0.021757875000000003
47.2	0.0	0.0	-0.016667862500000002
47.282	0.0	0.0	-0.011348137500000001
47.369	0.0	0.0	-0.005728362500000001
47.459	0.0	0.0	0.00011666887500000002
47.537	0.0	0.0	0.0037015375000000006
47.619	0.0	0.0	0.007446
47.705	0.0	0.0	0.011405300000000002
47.795	0.0	0.0	0.015531200000000002
47.873	0.0	0.0	0.016269000000000002
47.955	0.0	0.0	0.017041225000000004
48.042	0.0	0.0	0.0178582875
48.132	0.0	0.0	0.018708712500000002
48.21	0.0	0.0	0.017154700000000002
48.292	0.0	0.0	0.015530137500000003
48.378	0.0	0.0	0.013810375000000003
48.468	0.0	0.0	0.012017300000000002
48.546	0.0	0.0	0.009884225
48.628	0.0	0.0	0.0076483
48.715	0.0	0.0	0.0052778625
48.805	0.0	0.0	0.0028052125000000007
48.883	0.0	0.0	0.0015985950000000004
48.965	0.0	0.0	0.00033555875000000005
49.052	0.0	0.0	-0.0010019162500000001
49.142	0.0	0.0	-0.0023955125000000004
49.22	0.0	0.0	-0.0024361
49.301	0.0	0.0	-0.0024783875
49.388	0.0	0.0	-0.0025234375000000005
49.478	0.0	0.0	-0.0025704000000000005
49.556	0.0	0.0	-0.0027765250000000006
49.638	0.0	0.0	-0.0029930625
49.724	0.0	0.0	-0.0032225625000000006
49.815	0.0	0.0	-0.0034622625000000004
49.893	0.0	0.0	-0.003479475
49.974	0.0	0.0	-0.0034973250000000003
50.061	0.0	0.0	-0.0035164500000000004
50.151	0.0	0.0	-0.0035362125
50.229	0.0	0.0	-0.002439925
50.31	0.0	0.0	-0.0012877500000000003
50.397	0.0	0.0	-6.222000000000001e-05
50.488	0.0	0.0	0.0012189637500000002
50.566	0.0	0.0	0.0029847750000000003
50.648	0.0	0.0	0.0048384125
50.734	0.0	0.0	0.006807225000000001
50.825	0.0	0.0	0.008863587499999999
50.902	0.0	0.0	0.0100633625
50.984	0.0	0.0	0.011323487500000002
51.07	0.0	0.0	0.012665
51.161	0.0	0.0	0.014069412500000001
51.239	0.0	0.0	0.013637825000000001
51.32	0.0	0.0	0.013183712500000002
51.407	0.0	0.0	0.012700062500000001
51.498	0.0	0.0	0.012194525
51.575	0.0	0.0	0.010030425000000003
51.657	0.0	0.0	0.007755612500000001
51.743	0.0	0.0	0.0053322625000000005
51.834	0.0	0.0	0.0027939500000000003
51.911	0.0	0.0	-7.896075e-05
51.993	0.0	0.0	-0.0031065375
52.08	0.0	0.0	-0.0063371750000000004
52.171	0.0	0.0	-0.0097220875
52.249	0.0	0.0	-0.0117242625
52.33	0.0	0.0	-0.013831625000000002
52.417	0.0	0.0	-0.016077325000000003
52.508	0.0	0.0	-0.018428000000000003
52.585	0.0	0.0	-0.018371475
52.666	0.0	0.0	-0.0183121875
52.753	0.0	0.0	-0.018248862500000004
52.844	0.0	0.0	-0.0181821375
52.921	0.0	0.0	-0.016012512500000003
53.003	0.0	0.0	-0.013723250000000001
53.09	0.0	0.0	-0.011278225000000001
53.181	0.0	0.0	-0.0087159
53.258	0.0	0.0	-0.005550712500000001
53.339	0.0	0.0	-0.0022144625
53.426	0.0	0.0	0.0013510962500000003
53.517	0.0	0.0	0.0050938375
53.594	0.0	0.0	0.007622375
53.675	0.0	0.0	0.01029435
53.763	0.0	0.0	0.0131546
53.854	0.0	0.0	0.016158075
53.931	0.0	0.0	0.0167919625
54.013	0.0	0.0	0.017460912500000002
54.1	0.0	0.0	0.018175975
54.191	0.0	0.0	0.018926312500000004
54.268	0.0	0.0	0.017451987500000002
54.349	0.0	0.0	0.015894575
54.436	0.0	0.0	0.014226025000000002
54.527	0.0	0.0	0.012471837500000001
54.604	0.0	0.0	0.009752475
54.685	0.0	0.0	0.006875437500000001
54.772	0.0	0.0	0.0037929125
54.864	0.0	0.0	0.0005555812500000001
54.941	0.0	0.0	-0.0019830925000000003
55.022	0.0	0.0	-0.0046667125000000005
55.109	0.0	0.0	-0.007545025000000001
55.2	0.0	0.0	-0.010573575000000002
55.277	0.0	0.0	-0.011748487500000002
55.358	0.0	0.0	-0.012992887500000001
55.445	0.0	0.0	-0.014328025000000001
55.537	0.0	0.0	-0.015731375
55.614	0.0	0.0	-0.015123200000000003
55.695	0.0	0.0	-0.014479537500000002
55.781	0.0	0.0	-0.0137884875
55.873	0.0	0.0	-0.0130608875
55.95	0.0	0.0	-0.011137550000000001
56.031	0.0	0.0	-0.009097125000000001
56.118	0.0	0.0	-0.00690285
56.21	0.0	0.0	-0.004592125000000001
56.287	0.0	0.0	-0.0023610875
56.368	0.0	0.0	2.56275e-06
56.455	0.0	0.0	0.0025410750000000003
56.547	0.0	0.0	0.005211987500000001
56.623	0.0	0.0	0.006698425000000001
56.704	0.0	0.0	0.00827475
56.791	0.0	0.0	0.00997135
56.883	0.0	0.0	0.011760387500000002
56.959	0.0	0.0	0.011904675000000002
57.041	0.0	0.0	0.0120578875
57.128	0.0	0.0	0.012223000000000001
57.22	0.0	0.0	0.012396612500000001
57.296	0.0	0.0	0.011221275
57.377	0.0	0.0	0.0099739
57.464	0.0	0.0	0.0086306875
57.556	0.0	0.0	0.007213100000000001
57.632	0.0	0.0	0.0053165375
57.713	0.0	0.0	0.0032986375000000003
57.801	0.0	0.0	0.00112180875
57.893	0.0	0.0	-0.00117572
57.969	0.0	0.0	-0.002896375
58.05	0.0	0.0	-0.0047245125
58.138	0.0	0.0	-0.006694175000000001
58.23	0.0	0.0	-0.008770937500000001
58.306	0.0	0.0	-0.0094993875
58.387	0.0	0.0	-0.01027395
58.474	0.0	0.0	-0.011110350000000001
58.566	0.0	0.0	-0.01199435
58.642	0.0	0.0	-0.011402537500000002
58.723	0.0	0.0	-0.010772475000000002
58.811	0.0	0.0	-0.01009205
58.903	0.0	0.0	-0.0093735875
58.979	0.0	0.0	-0.007775162500000001
59.06	0.0	0.0	-0.006074100000000001
59.147	0.0	0.0	-0.0042361875
59.239	0.0	0.0	-0.002292875
59.315	0.0	0.0	-0.0005003312500000001
59.396	0.0	0.0	0.0014118712500000002
59.483	0.0	0.0	0.0034813875000000005
59.576	0.0	0.0	0.00567035
59.652	0.0	0.0	0.0067566499999999995
59.733	0.0	0.0	0.007913925
59.821	0.0	0.0	0.0091649125
59.913	0.0	0.0	0.010486662500000002
59.989	0.0	0.0	0.0103595875
60.069	0.0	0.0	0.010224225
60.157	0.0	0.0	0.010077387500000002
60.249	0.0	0.0	0.0099218375
60.325	0.0	0.0	0.0087458625
60.406	0.0	0.0	0.007489987500000001
60.493	0.0	0.0	0.006129350000000001
60.586	0.0	0.0	0.0046900875000000005
60.661	0.0	0.0	0.0031762375000000003
60.742	0.0	0.0	0.0015607275000000002
60.829	0.0	0.0	-0.000191131
60.922	0.0	0.0	-0.00204792625
60.998	0.0	0.0	-0.0030908125000000002
61.078	0.0	0.0	-0.0042058
61.166	0.0	0.0	-0.00541535
61.259	0.0	0.0	-0.006696087500000001
61.334	0.0	0.0	-0.006818487500000001
61.415	0.0	0.0	-0.006949387500000001
61.502	0.0	0.0	-0.007091125000000001
61.595	0.0	0.0	-0.0072417875
61.67	0.0	0.0	-0.0065875000000000005
61.751	0.0	0.0	-0.005886887500000001
61.839	0.0	0.0	-0.005125075000000001
61.932	0.0	0.0	-0.0043169375
62.008	0.0	0.0	-0.0034248625
62.088	0.0	0.0	-0.0024707375
62.176	0.0	0.0	-0.0014347787499999999
62.269	0.0	0.0	-0.00033685500000000005
62.344	0.0	0.0	0.00029384500000000004
62.425	0.0	0.0	0.00096906375
62.512	0.0	0.0	0.0017038250000000002
62.605	0.0	0.0	0.0024843375
62.68	0.0	0.0	0.0027678125000000003
62.761	0.0	0.0	0.0030719
62.849	0.0	0.0	0.0034027625
62.942	0.0	0.0	0.0037536
63.017	0.0	0.0	0.0037820750000000006
63.097	0.0	0.0	0.0038124625000000006
63.185	0.0	0.0	0.0038454000000000006
63.278	0.0	0.0	0.003880675
63.353	0.0	0.0	0.0034631125
63.434	0.0	0.0	0.0030149500000000006
63.522	0.0	0.0	0.0025257750000000005
63.615	0.0	0.0	0.00200602125
63.69	0.0	0.0	0.0009897400000000002
63.771	0.0	0.0	-0.00010036800000000001
63.859	0.0	0.0	-0.00128785625
63.952	0.0	0.0	-0.0025489375
64.027	0.0	0.0	-0.0037782500000000004
64.107	0.0	0.0	-0.0050983
64.195	0.0	0.0	-0.0065392625
64.288	0.0	0.0	-0.0080733
64.363	0.0	0.0	-0.008711437500000002
64.444	0.0	0.0	-0.009397599999999999
64.531	0.0	0.0	-0.010146875000000001
64.625	0.0	0.0	-0.010943325
64.7	0.0	0.0	-0.010286062500000002
64.78	0.0	0.0	-0.009579925000000001
64.868	0.0	0.0	-0.008808337500000001
64.961	0.0	0.0	-0.0079866
65.036	0.0	0.0	-0.006014175
65.116	0.0	0.0	-0.0038896000000000004
65.204	0.0	0.0	-0.0015647437500000002
65.298	0.0	0.0	0.000911965
65.373	0.0	0.0	0.0033394375
65.453	0.0	0.0	0.005950850000000001
65.541	0.0	0.0	0.008804725000000001
65.635	0.0	0.0	0.011841775
65.709	0.0	0.0	0.013345425
65.79	0.0	0.0	0.014964249999999998
65.877	0.0	0.0	0.01673735
65.971	0.0	0.0	0.018629025000000004
66.046	0.0	0.0	0.018144950000000003
66.126	0.0	0.0	0.017622837500000002
66.214	0.0	0.0	0.017051000000000004
66.308	0.0	0.0	0.0164417625
66.382	0.0	0.0	0.0139117375
66.462	0.0	0.0	0.0111853625
66.55	0.0	0.0	0.0081974
66.644	0.0	0.0	0.005008200000000001
66.718	0.0	0.0	0.0015558400000000002
66.799	0.0	0.0	-0.0021736625
66.887	0.0	0.0	-0.006267687500000001
66.981	0.0	0.0	-0.010638387500000002
67.056	0.0	0.0	-0.013227062500000001
67.136	0.0	0.0	-0.01601995
67.224	0.0	0.0	-0.0190818625
67.318	0.0	0.0	-0.022346500000000002
67.392	0.0	0.0	-0.022593000000000002
67.472	0.0	0.0	-0.022856500000000002
67.56	0.0	0.0	-0.023147624999999998
67.654	0.0	0.0	-0.02346
67.728	0.0	0.0	-0.021085525000000004
67.809	0.0	0.0	-0.018518525
67.897	0.0	0.0	-0.0156978
67.991	0.0	0.0	-0.012686250000000001
68.065	0.0	0.0	-0.0088346875
68.145	0.0	0.0	-0.004671600000000001
68.233	0.0	0.0	-9.266700000000001e-05
68.327	0.0	0.0	0.0048056875
68.401	0.0	0.0	0.0081903875
68.481	0.0	0.0	0.011855800000000001
68.57	0.0	0.0	0.015888837500000003
68.664	0.0	0.0	0.02019855
68.738	0.0	0.0	0.021371125000000005
68.818	0.0	0.0	0.022641875000000002
68.906	0.0	0.0	0.024038
69.0	0.0	0.0	0.025534
69.074	0.0	0.0	0.0239445
69.154	0.0	0.0	0.022221125
69.242	0.0	0.0	0.020319675
69.337	0.0	0.0	0.018284137500000002
69.411	0.0	0.0	0.0148169875
69.491	0.0	0.0	0.011061475000000001
69.58	0.0	0.0	0.006925375
69.674	0.0	0.0	0.0025013375000000003
69.748	0.0	0.0	-0.0009876362500000002
69.827	0.0	0.0	-0.004770837500000001
69.916	0.0	0.0	-0.0089464625
70.01	0.0	0.0	-0.0134234125
70.084	0.0	0.0	-0.015225412500000002
70.164	0.0	0.0	-0.017182325000000002
70.252	0.0	0.0	-0.019342600000000005
70.347	0.0	0.0	-0.021655875
70.421	0.0	0.0	-0.021032612500000006
70.5	0.0	0.0	-0.0203564375
70.588	0.0	0.0	-0.0196097125
70.683	0.0	0.0	-0.0188085875
70.757	0.0	0.0	-0.0163444375
70.837	0.0	0.0	-0.013663537500000003
70.925	0.0	0.0	-0.010697675000000002
71.02	0.0	0.0	-0.007515912500000002
71.094	0.0	0.0	-0.0046522625
71.174	0.0	0.0	-0.0015414537500000002
71.262	0.0	0.0	0.0018957125
71.357	0.0	0.0	0.005579612500000001
71.43	0.0	0.0	0.007369925000000001
71.51	0.0	0.0	0.00931685
71.598	0.0	0.0	0.011472662500000001
71.693	0.0	0.0	0.013788700000000001
71.766	0.0	0.0	0.0138437375
71.846	0.0	0.0	0.013903450000000001
71.935	0.0	0.0	0.0139695375
72.03	0.0	0.0	0.014040512500000001
72.103	0.0	0.0	0.012692625000000003
72.183	0.0	0.0	0.011225525000000002
72.271	0.0	0.0	0.0095999
72.366	0.0	0.0	0.0078525125
72.439	0.0	0.0	0.006090250000000001
72.519	0.0	0.0	0.0041673375
72.608	0.0	0.0	0.0020333062500000002
72.703	0.0	0.0	-0.00026097125
72.776	0.0	0.0	-0.00147341125
72.856	0.0	0.0	-0.0027943750000000004
72.945	0.0	0.0	-0.0042587125
73.04	0.0	0.0	-0.005831425000000001
73.113	0.0	0.0	-0.006078987500000001
73.192	0.0	0.0	-0.006349075000000001
73.281	0.0	0.0	-0.006649125
73.376	0.0	0.0	-0.006972125
73.449	0.0	0.0	-0.0064886875000000005
73.529	0.0	0.0	-0.005960412500000001
73.618	0.0	0.0	-0.0053737
73.713	0.0	0.0	-0.004743
73.786	0.0	0.0	-0.0040007375000000005
73.865	0.0	0.0	-0.0031904750000000003
73.954	0.0	0.0	-0.0022892625
74.049	0.0	0.0	-0.0013185625
74.122	0.0	0.0	-0.0005655687500000001
74.202	0.0	0.0	0.00025803875
74.29	0.0	0.0	0.0011742325
74.386	0.0	0.0	0.002160275
74.459	0.0	0.0	0.0028262500000000006
74.538	0.0	0.0	0.0035540625000000004
74.627	0.0	0.0	0.0043643250000000005
74.722	0.0	0.0	0.0052377000000000005
74.795	0.0	0.0	0.005512037500000001
74.874	0.0	0.0	0.005812725
74.963	0.0	0.0	0.006147837500000001
75.059	0.0	0.0	0.006509087500000001
75.132	0.0	0.0	0.00602395
75.212	0.0	0.0	0.0054931250000000015
75.3	0.0	0.0	0.00490195
75.396	0.0	0.0	0.0042653000000000005
75.468	0.0	0.0	0.0030410875000000006
75.548	0.0	0.0	0.0017001487499999999
75.636	0.0	0.0	0.00020369612500000002
75.732	0.0	0.0	-0.0014119350000000002
75.805	0.0	0.0	-0.0028281625
75.884	0.0	0.0	-0.00438175
75.973	0.0	0.0	-0.006115537500000001
76.069	0.0	0.0	-0.0079851125
76.141	0.0	0.0	-0.0087581875
76.221	0.0	0.0	-0.009605637500000002
76.309	0.0	0.0	-0.0105521125
76.405	0.0	0.0	-0.0115742375
76.477	0.0	0.0	-0.011114812500000001
76.557	0.0	0.0	-0.0106099125
76.646	0.0	0.0	-0.010045087500000001
76.742	0.0	0.0	-0.009435
76.815	0.0	0.0	-0.0078008750000000005
76.894	0.0	0.0	-0.006007800000000001
76.983	0.0	0.0	-0.004004775
77.079	0.0	0.0	-0.00184297
77.151	0.0	0.0	0.000188955
77.23	0.0	0.0	0.002421225
77.319	0.0	0.0	0.0049204375
77.415	0.0	0.0	0.0076242875
77.487	0.0	0.0	0.008996825
77.567	0.0	0.0	0.010507275
77.656	0.0	0.0	0.012198137500000001
77.752	0.0	0.0	0.014025000000000001
77.824	0.0	0.0	0.0139502
77.903	0.0	0.0	0.0138679625
77.992	0.0	0.0	0.01377595
78.088	0.0	0.0	0.0136762875
78.16	0.0	0.0	0.012118875000000001
78.239	0.0	0.0	0.010402512500000002
78.329	0.0	0.0	0.0084764125
78.425	0.0	0.0	0.006391362500000001
78.497	0.0	0.0	0.004101250000000001
78.577	0.0	0.0	0.00158042625
78.666	0.0	0.0	-0.0012445062500000001
78.762	0.0	0.0	-0.004299725000000001
78.834	0.0	0.0	-0.006150175000000001
78.913	0.0	0.0	-0.008189325
79.002	0.0	0.0	-0.010479862500000001
79.098	0.0	0.0	-0.012962712500000001
79.17	0.0	0.0	-0.0134514625
79.249	0.0	0.0	-0.013991
79.338	0.0	0.0	-0.014597050000000002
79.435	0.0	0.0	-0.015253250000000001
79.507	0.0	0.0	-0.014149950000000003
79.586	0.0	0.0	-0.0129333875
79.675	0.0	0.0	-0.011565950000000002
79.771	0.0	0.0	-0.0100827
79.843	0.0	0.0	-0.007971512500000002
79.922	0.0	0.0	-0.0056374125
80.011	0.0	0.0	-0.0030098500000000005
80.108	0.0	0.0	-0.00015978512500000003
80.18	0.0	0.0	0.0018921425000000003
80.259	0.0	0.0	0.0041575625
80.348	0.0	0.0	0.006704375
80.445	0.0	0.0	0.0094645375
80.516	0.0	0.0	0.010448200000000001
80.595	0.0	0.0	0.01153535
80.684	0.0	0.0	0.012760412500000002
80.781	0.0	0.0	0.014091087500000002
80.853	0.0	0.0	0.013594900000000002
80.932	0.0	0.0	0.0130455875
81.021	0.0	0.0	0.012426787500000001
81.118	0.0	0.0	0.011755287500000001
81.189	0.0	0.0	0.0101088375
81.268	0.0	0.0	0.0082872875
81.357	0.0	0.0	0.006232625
81.454	0.0	0.0	0.00399925
81.525	0.0	0.0	0.0020624187500000004
81.605	0.0	0.0	-8.450912500000002e-05
81.694	0.0	0.0	-0.0025068625
81.791	0.0	0.0	-0.005136975
81.862	0.0	0.0	-0.0064132500000000005
81.941	0.0	0.0	-0.007826375000000002
82.03	0.0	0.0	-0.00942225
82.127	0.0	0.0	-0.01115795
82.198	0.0	0.0	-0.0112231875
82.277	0.0	0.0	-0.011295437500000002
82.367	0.0	0.0	-0.011377250000000002
82.464	0.0	0.0	-0.0114662875
82.535	0.0	0.0	-0.0103838125
82.615	0.0	0.0	-0.009183825
82.704	0.0	0.0	-0.007828500000000002
82.801	0.0	0.0	-0.0063556625
82.872	0.0	0.0	-0.0047468250000000005
82.951	0.0	0.0	-0.0029609750000000002
83.04	0.0	0.0	-0.00093956875
83.137	0.0	0.0	0.0012623350000000003
83.208	0.0	0.0	0.0025984500000000004
83.287	0.0	0.0	0.0040840375
83.377	0.0	0.0	0.00576555
83.474	0.0	0.0	0.007594750000000001
83.545	0.0	0.0	0.0080492875
83.624	0.0	0.0	0.0085544
83.713	0.0	0.0	0.009126450000000001
83.81	0.0	0.0	0.009749925
83.881	0.0	0.0	0.00920125
83.96	0.0	0.0	0.008590100000000002
84.049	0.0	0.0	0.007896925
84.147	0.0	0.0	0.0071414875
84.218	0.0	0.0	0.005951912500000001
84.297	0.0	0.0	0.0046291
84.387	0.0	0.0	0.0031303375000000006
84.484	0.0	0.0	0.0014984437500000002
84.555	0.0	0.0	0.00031137625000000007
84.633	0.0	0.0	-0.0010104375
84.723	0.0	0.0	-0.0025115375
84.82	0.0	0.0	-0.0041499125
84.891	0.0	0.0	-0.0047818875
84.97	0.0	0.0	-0.005486750000000001
85.059	0.0	0.0	-0.006287237500000001
85.157	0.0	0.0	-0.007159550000000001
85.228	0.0	0.0	-0.007009312500000001
85.306	0.0	0.0	-0.006841650000000001
85.395	0.0	0.0	-0.006651250000000001
85.493	0.0	0.0	-0.006443425000000001
85.564	0.0	0.0	-0.0056960625000000015
85.642	0.0	0.0	-0.004861150000000001
85.732	0.0	0.0	-0.0039108500000000004
85.83	0.0	0.0	-0.002873
85.901	0.0	0.0	-0.0019737
85.98	0.0	0.0	-0.0009703387500000002
86.069	0.0	0.0	0.00017017212500000003
86.167	0.0	0.0	0.001414485
86.237	0.0	0.0	0.00200789125
86.316	0.0	0.0	0.0026707000000000002
86.405	0.0	0.0	0.0034259250000000007
86.503	0.0	0.0	0.0042517
86.573	0.0	0.0	0.0043194875
86.652	0.0	0.0	0.00439535
86.742	0.0	0.0	0.004481837500000001
86.84	0.0	0.0	0.004576187500000001
86.91	0.0	0.0	0.004196025
86.989	0.0	0.0	0.0037708125
87.078	0.0	0.0	0.0032858875000000005
87.176	0.0	0.0	0.0027554875000000006
87.246	0.0	0.0	0.0022136125000000004
87.325	0.0	0.0	0.0016067125
87.415	0.0	0.0	0.00091443
87.513	0.0	0.0	0.00015767712500000002
87.583	0.0	0.0	-0.00023919000000000002
87.661	0.0	0.0	-0.0006833575000000001
87.751	0.0	0.0	-0.0011904250000000002
87.849	0.0	0.0	-0.0017456449999999999
87.919	0.0	0.0	-0.0018450950000000004
87.998	0.0	0.0	-0.0019566575000000003
88.088	0.0	0.0	-0.00208422125
88.186	0.0	0.0	-0.002224025
88.256	0.0	0.0	-0.00207253375
88.335	0.0	0.0	-0.0019028950000000004
88.425	0.0	0.0	-0.0017092225000000004
88.523	0.0	0.0	-0.0014973175
88.593	0.0	0.0	-0.0012705162500000003
88.671	0.0	0.0	-0.0010160475
88.761	0.0	0.0	-0.0007248375
88.859	0.0	0.0	-0.00040549250000000003
88.929	0.0	0.0	-0.0002632875
89.008	0.0	0.0	-0.000103496
89.097	0.0	0.0	7.935387500000001e-05
89.196	0.0	0.0	0.00027960750000000003
89.266	0.0	0.0	0.0003028975
89.344	0.0	0.0	0.00032901375
89.434	0.0	0.0	0.00035895500000000005
89.532	0.0	0.0	0.00039178625
89.602	0.0	0.0	0.00040806375000000005
89.68	0.0	0.0	0.00042638125000000007
89.77	0.0	0.0	0.0004473975
89.869	0.0	0.0	0.00047045375000000006
89.939	0.0	0.0	0.00046847750000000003
90.017	0.0	0.0	0.00046628875000000007
90.107	0.0	0.0	0.00046376000000000007
90.206	0.0	0.0	0.00046097625
90.275	0.0	0.0	0.00034686375000000003
90.354	0.0	0.0	0.0002184075
90.443	0.0	0.0	7.09325e-05
90.542	0.0	0.0	-9.110937500000002e-05
90.612	0.0	0.0	-0.00028623750000000007
90.69	0.0	0.0	-0.000506175
90.78	0.0	0.0	-0.0007586674999999999
90.879	0.0	0.0	-0.0010357675
90.948	0.0	0.0	-0.0011853462500000002
91.027	0.0	0.0	-0.0013538375
91.116	0.0	0.0	-0.001547425
91.215	0.0	0.0	-0.0017602437500000003
91.284	0.0	0.0	-0.0017358912500000001
91.363	0.0	0.0	-0.00170839375
91.453	0.0	0.0	-0.0016767737500000001
91.552	0.0	0.0	-0.0016419875
91.622	0.0	0.0	-0.00140366875
91.7	0.0	0.0	-0.0011349412499999999
91.79	0.0	0.0	-0.0008261150000000001
91.889	0.0	0.0	-0.0004869225000000001
91.958	0.0	0.0	-0.00012789737500000002
92.036	0.0	0.0	0.00027746125000000004
92.126	0.0	0.0	0.0007444300000000001
92.225	0.0	0.0	0.0012584675000000003
92.294	0.0	0.0	0.00155611625
92.373	0.0	0.0	0.0018926737500000001
92.463	0.0	0.0	0.0022803375000000005
92.562	0.0	0.0	0.0027066125
92.631	0.0	0.0	0.0027588875
92.709	0.0	0.0	0.0028179625000000004
92.799	0.0	0.0	0.0028859625000000003
92.898	0.0	0.0	0.0029609750000000002
92.967	0.0	0.0	0.0026928000000000004
93.045	0.0	0.0	0.0023891375000000005
93.136	0.0	0.0	0.002038385
93.235	0.0	0.0	0.0016521237500000004
93.304	0.0	0.0	0.0011534075
93.382	0.0	0.0	0.0005892625000000001
93.473	0.0	0.0	-6.114900000000001e-05
93.572	0.0	0.0	-0.0007769
93.641	0.0	0.0	-0.0012686887500000003
93.719	0.0	0.0	-0.0018257362500000002
93.809	0.0	0.0	-0.0024694625
93.908	0.0	0.0	-0.0031796375
93.977	0.0	0.0	-0.003401062500000001
94.055	0.0	0.0	-0.0036522375
94.145	0.0	0.0	-0.0039423
94.245	0.0	0.0	-0.004262112500000001
94.314	0.0	0.0	-0.004054712500000001
94.392	0.0	0.0	-0.0038196875000000006
94.482	0.0	0.0	-0.0035476875000000005
94.581	0.0	0.0	-0.0032474250000000004
94.65	0.0	0.0	-0.0026649625000000005
94.728	0.0	0.0	-0.0020034075
94.818	0.0	0.0	-0.00123787625
94.918	0.0	0.0	-0.00039386875000000006
94.987	0.0	0.0	0.00029577875
95.064	0.0	0.0	0.0010785012500000002
95.154	0.0	0.0	0.0019849625
95.254	0.0	0.0	0.00298605
95.323	0.0	0.0	0.0034303875
95.401	0.0	0.0	0.003935925
95.491	0.0	0.0	0.004522425
95.591	0.0	0.0	0.005170125
95.66	0.0	0.0	0.005110837500000001
95.738	0.0	0.0	0.005043475
95.828	0.0	0.0	0.004965275000000001
95.928	0.0	0.0	0.0048792125000000006
95.996	0.0	0.0	0.004310775
96.074	0.0	0.0	0.003663925
96.164	0.0	0.0	0.00291295
96.264	0.0	0.0	0.0020823725
96.332	0.0	0.0	0.001266415
96.41	0.0	0.0	0.00033662125
96.501	0.0	0.0	-0.0007426450000000001
96.601	0.0	0.0	-0.00193477
96.669	0.0	0.0	-0.0025837875
96.747	0.0	0.0	-0.003322862500000001
96.837	0.0	0.0	-0.004181362500000001
96.937	0.0	0.0	-0.005131237500000001
97.005	0.0	0.0	-0.0052768
97.083	0.0	0.0	-0.005442975
97.174	0.0	0.0	-0.005636350000000001
97.274	0.0	0.0	-0.0058503375
97.342	0.0	0.0	-0.005408762500000001
97.42	0.0	0.0	-0.0049055625
97.511	0.0	0.0	-0.0043207625
97.611	0.0	0.0	-0.0036743375000000003
97.679	0.0	0.0	-0.002876825
97.757	0.0	0.0	-0.0019662625
97.847	0.0	0.0	-0.0009058237500000002
97.947	0.0	0.0	0.00026921625000000005
98.015	0.0	0.0	0.0010177050000000003
98.093	0.0	0.0	0.0018734000000000003
98.184	0.0	0.0	0.0028698125000000004
98.284	0.0	0.0	0.0039726875000000005
98.352	0.0	0.0	0.0042959
98.429	0.0	0.0	0.0046650125
98.52	0.0	0.0	0.005095325
98.62	0.0	0.0	0.0055726000000000005
98.688	0.0	0.0	0.0053363
98.766	0.0	0.0	0.005065575
98.856	0.0	0.0	0.004749587499999999
98.957	0.0	0.0	0.0043993875
99.025	0.0	0.0	0.0037612500000000003
99.103	0.0	0.0	0.0030313125
99.194	0.0	0.0	0.00218025
99.294	0.0	0.0	0.0012378975000000001
99.362	0.0	0.0	0.00055583625
99.439	0.0	0.0	-0.00022529250000000005
99.53	0.0	0.0	-0.0011380225
99.63	0.0	0.0	-0.0021513500000000002
99.698	0.0	0.0	-0.0025429875000000006
99.776	0.0	0.0	-0.0029920000000000003
99.866	0.0	0.0	-0.0035166625000000004
99.967	0.0	0.0	-0.004098275
100.035	0.0	0.0	-0.0040483375000000005
100.112	0.0	0.0	-0.0039909624999999995
100.202	0.0	0.0	-0.003924025
100.303	0.0	0.0	-0.0038494375
100.371	0.0	0.0	-0.0034537625
100.448	0.0	0.0	-0.0029994375000000004
100.539	0.0	0.0	-0.0024677625000000003
100.64	0.0	0.0	-0.0018777562500000003
100.707	0.0	0.0	-0.00138743375
100.785	0.0	0.0	-0.0008247337500000001
100.875	0.0	0.0	-0.000165835
100.976	0.0	0.0	0.000566525
101.043	0.0	0.0	0.0009092662500000001
101.121	0.0	0.0	0.0013036875
101.212	0.0	0.0	0.00176610875
101.313	0.0	0.0	0.002280125
101.381	0.0	0.0	0.00235875
101.458	0.0	0.0	0.0024490625000000003
101.549	0.0	0.0	0.002554675
101.65	0.0	0.0	0.002671975
101.717	0.0	0.0	0.0025096250000000006
101.794	0.0	0.0	0.0023228375
101.885	0.0	0.0	0.002103495
101.986	0.0	0.0	0.0018593750000000004
102.053	0.0	0.0	0.0015467662500000003
102.131	0.0	0.0	0.0011865362500000003
102.222	0.0	0.0	0.0007638100000000001
102.323	0.0	0.0	0.00029384500000000004
102.39	0.0	0.0	-6.021825e-05
102.467	0.0	0.0	-0.00046790375
102.558	0.0	0.0	-0.0009468150000000002
102.659	0.0	0.0	-0.0014801262500000003
102.726	0.0	0.0	-0.0017434137500000001
102.803	0.0	0.0	-0.002047395
102.895	0.0	0.0	-0.0024048625
102.996	0.0	0.0	-0.0028030875000000003
103.063	0.0	0.0	-0.0028262500000000006
103.141	0.0	0.0	-0.0028530250000000004
103.232	0.0	0.0	-0.0028844750000000005
103.333	0.0	0.0	-0.0029193250000000004
103.4	0.0	0.0	-0.0026260750000000003
103.477	0.0	0.0	-0.0022873500000000005
103.568	0.0	0.0	-0.0018886575000000001
103.669	0.0	0.0	-0.0014439375
103.736	0.0	0.0	-0.0009193175000000002
103.813	0.0	0.0	-0.0003128
103.904	0.0	0.0	0.00040130625
104.006	0.0	0.0	0.00119669375
104.073	0.0	0.0	0.0016992350000000003
104.15	0.0	0.0	0.0022799125000000004
104.241	0.0	0.0	0.0029641625000000004
104.342	0.0	0.0	0.0037274625000000006
104.409	0.0	0.0	0.003917012500000001
104.486	0.0	0.0	0.0041363125
104.577	0.0	0.0	0.00439535
104.679	0.0	0.0	0.0046841375
104.746	0.0	0.0	0.0044015125
104.823	0.0	0.0	0.004074475
104.914	0.0	0.0	0.0036892125000000005
105.016	0.0	0.0	0.0032597500000000005
105.082	0.0	0.0	0.0026041875
105.159	0.0	0.0	0.0018450950000000004
105.25	0.0	0.0	0.0009481962500000001
105.352	0.0	0.0	-5.3934625e-05
105.419	0.0	0.0	-0.0007655312500000002
105.496	0.0	0.0	-0.0015909875000000003
105.587	0.0	0.0	-0.0025659375000000005
105.689	0.0	0.0	-0.00365415
105.755	0.0	0.0	-0.004040475
105.832	0.0	0.0	-0.0044886375
105.923	0.0	0.0	-0.005018187500000001
106.025	0.0	0.0	-0.005610425000000001
106.091	0.0	0.0	-0.005452750000000001
106.169	0.0	0.0	-0.0052697875
106.26	0.0	0.0	-0.005052825
106.362	0.0	0.0	-0.004810575000000001
106.429	0.0	0.0	-0.004175200000000001
106.506	0.0	0.0	-0.0034378250000000003
106.597	0.0	0.0	-0.0025659375000000005
106.699	0.0	0.0	-0.00159215625
106.765	0.0	0.0	-0.00081134625
106.842	0.0	0.0	9.612437500000001e-05
106.933	0.0	0.0	0.00117174625
107.035	0.0	0.0	0.0023757500000000003
107.101	0.0	0.0	0.0029055125000000005
107.178	0.0	0.0	0.0035221875
107.27	0.0	0.0	0.0042527625
107.372	0.0	0.0	0.0050696125
107.438	0.0	0.0	0.005088950000000001
107.515	0.0	0.0	0.0051116875
107.606	0.0	0.0	0.0051384625000000005
107.708	0.0	0.0	0.005168425000000001
107.774	0.0	0.0	0.004701562500000001
107.851	0.0	0.0	0.0041575625
107.943	0.0	0.0	0.003511775
108.045	0.0	0.0	0.0027894875
108.111	0.0	0.0	0.0021117612500000005
108.188	0.0	0.0	0.0013225150000000002
108.279	0.0	0.0	0.00038505
108.381	0.0	0.0	-0.00066552875
108.447	0.0	0.0	-0.00119869125
108.524	0.0	0.0	-0.00182135875
108.615	0.0	0.0	-0.0025619000000000006
108.718	0.0	0.0	-0.0033917125
108.784	0.0	0.0	-0.00353855
108.861	0.0	0.0	-0.0037096125000000003
108.953	0.0	0.0	-0.003912762500000001
109.055	0.0	0.0	-0.004140350000000001
109.121	0.0	0.0	-0.0038896000000000004
109.197	0.0	0.0	-0.0035965625
109.289	0.0	0.0	-0.0032476375
109.391	0.0	0.0	-0.0028562125
109.457	0.0	0.0	-0.0023982750000000005
109.534	0.0	0.0	-0.0018626900000000002
109.625	0.0	0.0	-0.0012251475000000002
109.728	0.0	0.0	-0.0005105737500000001
109.794	0.0	0.0	-0.00010485387500000001
109.87	0.0	0.0	0.00036930375000000006
109.961	0.0	0.0	0.0009343412500000002
110.064	0.0	0.0	0.0015687175
110.13	0.0	0.0	0.00174817375
110.206	0.0	0.0	0.00195846375
110.298	0.0	0.0	0.0022093625
110.401	0.0	0.0	0.0024911375000000006
110.467	0.0	0.0	0.0024180375000000002
110.544	0.0	0.0	0.0023326125
110.635	0.0	0.0	0.0022306125000000005
110.738	0.0	0.0	0.0021164575
110.803	0.0	0.0	0.00188145375
110.88	0.0	0.0	0.0016060750000000002
110.971	0.0	0.0	0.0012771250000000003
111.074	0.0	0.0	0.0009072475000000001
111.139	0.0	0.0	0.0006281287500000001
111.216	0.0	0.0	0.00030056000000000006
111.308	0.0	0.0	-9.0641875e-05
111.411	0.0	0.0	-0.0005299325000000001
111.476	0.0	0.0	-0.00075210125
111.553	0.0	0.0	-0.00101262625
111.644	0.0	0.0	-0.00132410875
111.747	0.0	0.0	-0.0016744787500000003
111.812	0.0	0.0	-0.0017577150000000002
111.889	0.0	0.0	-0.00185561375
111.981	0.0	0.0	-0.0019728075
112.084	0.0	0.0	-0.0021046212500000004
112.149	0.0	0.0	-0.00199305875
112.226	0.0	0.0	-0.0018620737500000002
112.318	0.0	0.0	-0.0017054825
112.421	0.0	0.0	-0.00152949
112.486	0.0	0.0	-0.00124586625
112.562	0.0	0.0	-0.0009123687500000001
112.654	0.0	0.0	-0.0005126775
112.757	0.0	0.0	-6.24495e-05
112.822	0.0	0.0	0.00027223375
112.899	0.0	0.0	0.0006663575000000001
112.991	0.0	0.0	0.0011385325
113.094	0.0	0.0	0.0016696975
113.159	0.0	0.0	0.0018767150000000002
113.235	0.0	0.0	0.0021203887500000004
113.327	0.0	0.0	0.0024127250000000005
113.43	0.0	0.0	0.0027423125
113.495	0.0	0.0	0.0026932250000000005
113.572	0.0	0.0	0.0026356375000000003
113.664	0.0	0.0	0.0025663625
113.767	0.0	0.0	0.0024883749999999997
113.832	0.0	0.0	0.0021889625
113.908	0.0	0.0	0.0018359787500000003
114.0	0.0	0.0	0.0014120837500000002
114.103	0.0	0.0	0.0009340650000000002
114.168	0.0	0.0	0.0005310375
114.244	0.0	0.0	5.4791000000000004e-05
114.336	0.0	0.0	-0.0005178625000000001
114.44	0.0	0.0	-0.00116365
114.505	0.0	0.0	-0.0014603425000000003
114.581	0.0	0.0	-0.0018103512500000003
114.673	0.0	0.0	-0.0022306125000000005
114.777	0.0	0.0	-0.0027042750000000003
114.841	0.0	0.0	-0.0027397625000000004
114.918	0.0	0.0	-0.0027818375000000003
115.009	0.0	0.0	-0.0028324125000000005
115.113	0.0	0.0	-0.0028895750000000006
115.178	0.0	0.0	-0.0026543375000000003
115.254	0.0	0.0	-0.0023759625000000003
115.346	0.0	0.0	-0.0020410625000000003
115.45	0.0	0.0	-0.0016632587500000002
115.514	0.0	0.0	-0.0012895562500000002
115.591	0.0	0.0	-0.0008476412500000001
115.682	0.0	0.0	-0.00031515875000000005
115.786	0.0	0.0	0.00028638625000000005
115.85	0.0	0.0	0.0006066875
115.927	0.0	0.0	0.0009865100000000001
116.019	0.0	0.0	0.0014447237500000002
116.123	0.0	0.0	0.00196237375
116.188	0.0	0.0	0.0020802050000000003
116.264	0.0	0.0	0.0022197750000000002
116.356	0.0	0.0	0.0023876500000000003
116.46	0.0	0.0	0.0025774125000000004
116.524	0.0	0.0	0.002456075
116.6	0.0	0.0	0.0023122125000000003
116.692	0.0	0.0	0.002138175
116.796	0.0	0.0	0.00194159125
116.86	0.0	0.0	0.0016568412500000001
116.937	0.0	0.0	0.00131869
117.029	0.0	0.0	0.0009103925000000001
117.133	0.0	0.0	0.000449055
117.197	0.0	0.0	0.000139610375
117.273	0.0	0.0	-0.00022763000000000001
117.365	0.0	0.0	-0.0006715425000000001
117.469	0.0	0.0	-0.0011739775
117.533	0.0	0.0	-0.0013733237500000001
117.609	0.0	0.0	-0.0016104950000000002
117.702	0.0	0.0	-0.0018974975000000001
117.806	0.0	0.0	-0.0022223250000000003
117.87	0.0	0.0	-0.0022236
117.946	0.0	0.0	-0.0022250875000000003
118.039	0.0	0.0	-0.0022270000000000002
118.143	0.0	0.0	-0.0022291250000000006
118.207	0.0	0.0	-0.00202302125
118.283	0.0	0.0	-0.0017784337500000003
118.375	0.0	0.0	-0.0014831650000000003
118.479	0.0	0.0	-0.00114973125
118.542	0.0	0.0	-0.00082401125
118.612	0.0	0.0	-0.00043562500000000003
118.712	0.0	0.0	3.7002625e-05
118.812	0.0	0.0	0.0005750250000000001
118.872	0.0	0.0	0.0008813012500000002
118.952	0.0	0.0	0.0012491812500000001
119.042	0.0	0.0	0.00169708875
119.152	0.0	0.0	0.0022055375000000006
119.222	0.0	0.0	0.0023287875000000003
119.292	0.0	0.0	0.0024745625
119.392	0.0	0.0	0.0026496625000000003
119.492	0.0	0.0	0.0028462250000000004
119.552	0.0	0.0	0.00270555
119.632	0.0	0.0	0.0025378875
119.722	0.0	0.0	0.0023336750000000003
119.822	0.0	0.0	0.0021004775
119.882	0.0	0.0	0.0017446250000000003
119.962	0.0	0.0	0.0013141000000000001
120.052	0.0	0.0	0.0007874825
120.162	0.0	0.0	0.00018877225000000003
120.232	0.0	0.0	-0.00022182875
120.302	0.0	0.0	-0.0007077950000000001
120.402	0.0	0.0	-0.00129197875
120.502	0.0	0.0	-0.0019486250000000003
120.562	0.0	0.0	-0.0021787625
120.642	0.0	0.0	-0.0024531
120.732	0.0	0.0	-0.002788425
120.832	0.0	0.0	-0.0031719875000000004
120.892	0.0	0.0	-0.0031154625000000004
120.972	0.0	0.0	-0.003046825
121.062	0.0	0.0	-0.0029626750000000006
121.172	0.0	0.0	-0.0028668375000000003
121.242	0.0	0.0	-0.00253045
121.312	0.0	0.0	-0.0021311625
121.412	0.0	0.0	-0.00165053
121.512	0.0	0.0	-0.0011095900000000001
121.572	0.0	0.0	-0.00069115625
121.652	0.0	0.0	-0.000191029
121.742	0.0	0.0	0.00042136625000000004
121.842	0.0	0.0	0.00112240375
121.902	0.0	0.0	0.00143218625
121.982	0.0	0.0	0.0018086512500000004
122.072	0.0	0.0	0.0022709875
122.182	0.0	0.0	0.0027975624999999997
122.242	0.0	0.0	0.0028398500000000005
122.322	0.0	0.0	0.00289
122.422	0.0	0.0	0.0029507750000000005
122.522	0.0	0.0	0.0030189875000000005
122.582	0.0	0.0	0.00279225
122.662	0.0	0.0	0.002520675
122.752	0.0	0.0	0.0021874750000000004
122.852	0.0	0.0	0.0018054850000000003
122.912	0.0	0.0	0.0014367125000000003
122.992	0.0	0.0	0.0009875937500000002
123.082	0.0	0.0	0.0004350937500000001
123.192	0.0	0.0	-0.00019504525
123.252	0.0	0.0	-0.0005206675000000001
123.332	0.0	0.0	-0.0009084375000000001
123.422	0.0	0.0	-0.0013773187500000002
123.532	0.0	0.0	-0.0019060825
123.592	0.0	0.0	-0.00201875
123.672	0.0	0.0	-0.0021541125
123.762	0.0	0.0	-0.0023202875
123.862	0.0	0.0	-0.0025111125000000004
123.922	0.0	0.0	-0.00239615
124.002	0.0	0.0	-0.0022561125
124.092	0.0	0.0	-0.0020832437500000003
124.202	0.0	0.0	-0.0018859587500000001
124.262	0.0	0.0	-0.0016160412500000002
124.342	0.0	0.0	-0.0012939337500000002
124.432	0.0	0.0	-0.00090369875
124.542	0.0	0.0	-0.0004631650000000001
124.602	0.0	0.0	-0.00020588275000000002
124.672	0.0	0.0	0.00010368937500000001
124.772	0.0	0.0	0.0004850312500000001
124.872	0.0	0.0	0.0009229725
124.932	0.0	0.0	0.0010656025
125.012	0.0	0.0	0.001240065
125.102	0.0	0.0	0.0014555187500000003
125.212	0.0	0.0	0.0017017850000000004
125.272	0.0	0.0	0.0016787075
125.352	0.0	0.0	0.0016511037500000002
125.442	0.0	0.0	0.0016175925000000001
125.552	0.0	0.0	0.00157974625
125.612	0.0	0.0	0.00143269625
125.682	0.0	0.0	0.0012553862500000001
125.782	0.0	0.0	0.0010365325
125.882	0.0	0.0	0.0007849112500000001
125.942	0.0	0.0	0.00058694625
126.022	0.0	0.0	0.00034422875
126.112	0.0	0.0	4.39025e-05
126.222	0.0	0.0	-0.00029968875
126.282	0.0	0.0	-0.0004723025
126.362	0.0	0.0	-0.0006791712500000001
126.452	0.0	0.0	-0.00093075
126.562	0.0	0.0	-0.0012153725
126.622	0.0	0.0	-0.0012880262500000001
126.692	0.0	0.0	-0.0013758525000000003
126.792	0.0	0.0	-0.0014844400000000003
126.892	0.0	0.0	-0.0016094325000000002
126.952	0.0	0.0	-0.0015478287500000003
127.032	0.0	0.0	-0.0014721150000000002
127.122	0.0	0.0	-0.0013782537500000003
127.232	0.0	0.0	-0.00127077125
127.292	0.0	0.0	-0.00106371125
127.372	0.0	0.0	-0.0008151075000000001
127.462	0.0	0.0	-0.0005123375
127.572	0.0	0.0	-0.00016955587500000003
127.632	0.0	0.0	9.652812500000001e-05
127.702	0.0	0.0	0.0004196237500000001
127.792	0.0	0.0	0.00082112125
127.902	0.0	0.0	0.0012846475000000003
127.962	0.0	0.0	0.0015011637500000003
128.042	0.0	0.0	0.0017659600000000002
128.132	0.0	0.0	0.0020918075
128.242	0.0	0.0	0.002462025
128.302	0.0	0.0	0.002480725
128.372	0.0	0.0	0.0025036750000000003
128.472	0.0	0.0	0.0025317250000000003
128.572	0.0	0.0	0.0025642375
128.632	0.0	0.0	0.0023219875
128.712	0.0	0.0	0.0020230637500000003
128.802	0.0	0.0	0.0016510612500000002
128.912	0.0	0.0	0.00122419125
128.972	0.0	0.0	0.0007806825000000002
129.052	0.0	0.0	0.000246075
129.142	0.0	0.0	-0.00040742625000000004
129.252	0.0	0.0	-0.0011488387500000002
129.312	0.0	0.0	-0.0015529075000000002
129.382	0.0	0.0	-0.00204425
129.472	0.0	0.0	-0.0026551875000000004
129.582	0.0	0.0	-0.0033602625000000003
129.642	0.0	0.0	-0.0035153875000000006
129.722	0.0	0.0	-0.003707275
129.812	0.0	0.0	-0.0039463375
129.922	0.0	0.0	-0.004220675
129.982	0.0	0.0	-0.003974600000000001
130.062	0.0	0.0	-0.0036773125000000005
130.152	0.0	0.0	-0.0033130875000000003
130.262	0.0	0.0	-0.0028995625000000007
130.322	0.0	0.0	-0.0023511000000000005
130.392	0.0	0.0	-0.00168283
130.482	0.0	0.0	-0.00085019125
130.592	0.0	0.0	0.000111743125
130.652	0.0	0.0	0.0007322325
130.732	0.0	0.0	0.0015009512500000002
130.822	0.0	0.0	0.00246075
130.932	0.0	0.0	0.0035640500000000005
130.992	0.0	0.0	0.003927
131.072	0.0	0.0	0.0043662375
131.162	0.0	0.0	0.00490535
131.272	0.0	0.0	0.005518200000000001
131.332	0.0	0.0	0.005390700000000001
131.402	0.0	0.0	0.005234937500000001
131.492	0.0	0.0	0.005040712500000001
131.602	0.0	0.0	0.0048158875
131.662	0.0	0.0	0.0042312999999999995
131.742	0.0	0.0	0.0035051874999999996
131.832	0.0	0.0	0.0025969625000000006
131.942	0.0	0.0	0.001551845
132.002	0.0	0.0	0.00076153625
132.082	0.0	0.0	-0.00019733387500000003
132.172	0.0	0.0	-0.00137625625
132.282	0.0	0.0	-0.0027180875
132.342	0.0	0.0	-0.0032625125
132.412	0.0	0.0	-0.003929125
132.502	0.0	0.0	-0.004762975
132.612	0.0	0.0	-0.005728362500000001
132.672	0.0	0.0	-0.005781062500000001
132.752	0.0	0.0	-0.0058469375000000014
132.842	0.0	0.0	-0.005929175
132.952	0.0	0.0	-0.006024162500000001
133.012	0.0	0.0	-0.005518412500000001
133.092	0.0	0.0	-0.0049034375
133.182	0.0	0.0	-0.004145875
133.292	0.0	0.0	-0.0032829125000000004
133.352	0.0	0.0	-0.0025198250000000003
133.422	0.0	0.0	-0.00158331625
133.512	0.0	0.0	-0.00040953
133.622	0.0	0.0	0.0009507887500000002
133.682	0.0	0.0	0.0016220975
133.762	0.0	0.0	0.002459475
133.852	0.0	0.0	0.0035111375
133.962	0.0	0.0	0.004723875000000001
134.022	0.0	0.0	0.0049620875
134.102	0.0	0.0	0.005252362500000001
134.192	0.0	0.0	0.0056106375
134.302	0.0	0.0	0.0060190625
134.362	0.0	0.0	0.0057249625
134.432	0.0	0.0	0.005363075
134.522	0.0	0.0	0.004908537500000001
134.632	0.0	0.0	0.004381325000000001
134.692	0.0	0.0	0.0037349000000000006
134.772	0.0	0.0	0.0029267625000000005
134.862	0.0	0.0	0.00190961
134.972	0.0	0.0	0.00073565375
135.032	0.0	0.0	6.222000000000001e-05
135.112	0.0	0.0	-0.0007602612500000001
135.202	0.0	0.0	-0.0017773712500000001
135.312	0.0	0.0	-0.0029386625000000005
135.372	0.0	0.0	-0.00326995
135.442	0.0	0.0	-0.0036785875000000003
135.532	0.0	0.0	-0.004192625000000001
135.642	0.0	0.0	-0.004789750000000001
135.702	0.0	0.0	-0.0046892375
135.782	0.0	0.0	-0.004563225000000001
135.872	0.0	0.0	-0.0044044875
135.982	0.0	0.0	-0.0042211
136.042	0.0	0.0	-0.003767625
136.122	0.0	0.0	-0.0032125750000000005
136.212	0.0	0.0	-0.0025249250000000003
136.322	0.0	0.0	-0.001739185
136.382	0.0	0.0	-0.0012337537500000002
136.452	0.0	0.0	-0.0006091525
136.542	0.0	0.0	0.00017845537500000002
136.652	0.0	0.0	0.0010940775000000003
136.712	0.0	0.0	0.00143035875
136.792	0.0	0.0	0.0018527875000000002
136.882	0.0	0.0	0.002386375
136.992	0.0	0.0	0.0030034750000000002
137.052	0.0	0.0	0.0030336500000000006
137.132	0.0	0.0	0.0030708375000000005
137.222	0.0	0.0	0.0031169500000000003
137.332	0.0	0.0	0.00316965
137.392	0.0	0.0	0.0029424875
137.462	0.0	0.0	0.0026609250000000006
137.552	0.0	0.0	0.0023054125000000003
137.662	0.0	0.0	0.001891505
137.722	0.0	0.0	0.0015606425
137.792	0.0	0.0	0.00114403625
137.892	0.0	0.0	0.00061678125
138.002	0.0	0.0	6.352475000000001e-06
138.062	0.0	0.0	-0.00026392500000000003
138.142	0.0	0.0	-0.0005962325000000001
138.232	0.0	0.0	-0.0010095875
138.342	0.0	0.0	-0.0014829525000000002
138.402	0.0	0.0	-0.0015722450000000001
138.472	0.0	0.0	-0.0016831487500000005
138.562	0.0	0.0	-0.00182352625
138.672	0.0	0.0	-0.0019870662500000003
138.732	0.0	0.0	-0.0019072300000000004
138.802	0.0	0.0	-0.0018064625
138.902	0.0	0.0	-0.0016786862500000003
139.012	0.0	0.0	-0.0015305950000000003
139.072	0.0	0.0	-0.0013386225000000002
139.152	0.0	0.0	-0.0011020675000000001
139.242	0.0	0.0	-0.0008072450000000001
139.352	0.0	0.0	-0.00046928500000000006
139.412	0.0	0.0	-0.00027703625
139.482	0.0	0.0	-3.7763374999999997e-05
139.572	0.0	0.0	0.00026577375
139.682	0.0	0.0	0.0006197137500000001
139.742	0.0	0.0	0.0007444087500000002
139.812	0.0	0.0	0.0009021262500000001
139.912	0.0	0.0	0.0011025137499999999
140.022	0.0	0.0	0.0013349675000000002
140.082	0.0	0.0	0.0013415125
140.162	0.0	0.0	0.00134956625
140.252	0.0	0.0	0.0013596175000000002
140.362	0.0	0.0	0.0013711775
140.422	0.0	0.0	0.0012668400000000002
140.492	0.0	0.0	0.0011366625
140.582	0.0	0.0	0.0009712100000000001
140.692	0.0	0.0	0.0007780687500000001
140.752	0.0	0.0	0.000612765
140.822	0.0	0.0	0.00040317625
140.922	0.0	0.0	0.000136350625
141.032	0.0	0.0	-0.00017348712500000002
141.092	0.0	0.0	-0.00032344625
141.172	0.0	0.0	-0.000509065
141.262	0.0	0.0	-0.000741285
141.372	0.0	0.0	-0.0010080575
141.432	0.0	0.0	-0.0010639875000000001
141.502	0.0	0.0	-0.0011339425000000001
141.592	0.0	0.0	-0.0012230225
141.702	0.0	0.0	-0.0013271262500000002
141.762	0.0	0.0	-0.00127268375
141.832	0.0	0.0	-0.0012034937500000002
141.932	0.0	0.0	-0.00111522125
142.042	0.0	0.0	-0.00101262625
142.102	0.0	0.0	-0.0008682537500000001
142.182	0.0	0.0	-0.0006891800000000001
142.272	0.0	0.0	-0.0004648437500000001
142.382	0.0	0.0	-0.00020694525000000002
142.442	0.0	0.0	-5.0058625000000004e-05
142.512	0.0	0.0	0.00014713925
142.602	0.0	0.0	0.0003995
142.712	0.0	0.0	0.0006952787500000001
142.772	0.0	0.0	0.0008080737500000001
142.842	0.0	0.0	0.00095070375
142.942	0.0	0.0	0.0011312437500000001
143.052	0.0	0.0	0.0013394725000000001
143.112	0.0	0.0	0.00134744125
143.182	0.0	0.0	0.0013574075
143.272	0.0	0.0	0.001370115
143.382	0.0	0.0	0.00138496875
143.442	0.0	0.0	0.0012710475000000001
143.512	0.0	0.0	0.00112557
143.612	0.0	0.0	0.0009393350000000002
143.722	0.0	0.0	0.0007224575000000001
143.782	0.0	0.0	0.0005138250000000001
143.862	0.0	0.0	0.00025395875
143.952	0.0	0.0	-7.280037500000001e-05
144.062	0.0	0.0	-0.00044920375000000005
144.122	0.0	0.0	-0.0006460637500000001
144.192	0.0	0.0	-0.0008939025000000001
144.282	0.0	0.0	-0.00121122875
144.392	0.0	0.0	-0.0015830400000000002
144.452	0.0	0.0	-0.0016736925
144.522	0.0	0.0	-0.00178965375
144.622	0.0	0.0	-0.0019383187500000003
144.732	0.0	0.0	-0.0021116125
144.792	0.0	0.0	-0.00201588125
144.872	0.0	0.0	-0.0018963925000000002
144.962	0.0	0.0	-0.0017458575000000004
145.072	0.0	0.0	-0.00157226625
145.132	0.0	0.0	-0.0013213037500000003
145.202	0.0	0.0	-0.0010046575000000001
145.292	0.0	0.0	-0.0005983575
145.402	0.0	0.0	-0.000121839
145.462	0.0	0.0	0.00018479000000000002
145.532	0.0	0.0	0.0005780000000000001
145.632	0.0	0.0	0.0010830700000000002
145.742	0.0	0.0	0.0016722900000000003
145.802	0.0	0.0	0.0018749725000000003
145.882	0.0	0.0	0.0021286125000000004
145.972	0.0	0.0	0.0024486374999999998
146.082	0.0	0.0	0.0028181750000000005
146.142	0.0	0.0	0.00278545
146.212	0.0	0.0	0.0027442250000000003
146.302	0.0	0.0	0.0026911
146.412	0.0	0.0	0.0026286250000000008
146.472	0.0	0.0	0.002357475
146.542	0.0	0.0	0.0020088475000000004
146.642	0.0	0.0	0.0015602175000000002
146.752	0.0	0.0	0.0010363200000000003
146.812	0.0	0.0	0.0006346312500000001
146.892	0.0	0.0	0.000130880875
146.982	0.0	0.0	-0.00050628125
147.092	0.0	0.0	-0.00124246625
147.152	0.0	0.0	-0.00154578875
147.222	0.0	0.0	-0.0019304562500000002
147.312	0.0	0.0	-0.0024259000000000004
147.422	0.0	0.0	-0.0030083625000000003
147.482	0.0	0.0	-0.0030736000000000006
147.552	0.0	0.0	-0.0031577500000000004
147.652	0.0	0.0	-0.0032663375000000004
147.762	0.0	0.0	-0.0033929875000000007
147.822	0.0	0.0	-0.0031583875000000005
147.892	0.0	0.0	-0.00286365
147.992	0.0	0.0	-0.0024898625000000004
148.102	0.0	0.0	-0.0020577225000000003
148.162	0.0	0.0	-0.00165560875
148.232	0.0	0.0	-0.00114444
148.322	0.0	0.0	-0.00048462750000000007
148.432	0.0	0.0	0.00029159250000000003
148.492	0.0	0.0	0.0006832937500000001
148.562	0.0	0.0	0.00118932
148.662	0.0	0.0	0.0018430974999999999
148.772	0.0	0.0	0.0026080125000000004
148.832	0.0	0.0	0.0027894875
148.902	0.0	0.0	0.0030179250000000003
149.002	0.0	0.0	0.0033082000000000003
149.112	0.0	0.0	0.00364395
149.172	0.0	0.0	0.003519000000000001
149.242	0.0	0.0	0.003359625
149.332	0.0	0.0	0.0031537125
149.442	0.0	0.0	0.0029110375000000006
149.502	0.0	0.0	0.0025442625
149.572	0.0	0.0	0.00206958
149.672	0.0	0.0	0.00145500875
149.782	0.0	0.0	0.0007352075000000002
149.842	0.0	0.0	0.00029512000000000006
149.912	0.0	0.0	-0.000260695
150.012	0.0	0.0	-0.00096781
150.122	0.0	0.0	-0.00178727375
150.182	0.0	0.0	-0.00205578875
150.252	0.0	0.0	-0.0023989125
150.342	0.0	0.0	-0.0028434625000000003
150.452	0.0	0.0	-0.0033674875000000003
150.512	0.0	0.0	-0.0033604750000000004
150.582	0.0	0.0	-0.0033513375000000004
150.682	0.0	0.0	-0.0033396500000000004
150.792	0.0	0.0	-0.0033256250000000005
150.852	0.0	0.0	-0.0030340750000000002
150.922	0.0	0.0	-0.0026649625000000005
151.022	0.0	0.0	-0.0021942750000000003
151.132	0.0	0.0	-0.0016484050000000004
151.192	0.0	0.0	-0.0012463975
151.262	0.0	0.0	-0.00073144625
151.352	0.0	0.0	-6.2774625e-05
151.462	0.0	0.0	0.0007262187500000001
151.522	0.0	0.0	0.0010636475000000002
151.592	0.0	0.0	0.0015028212500000002
151.692	0.0	0.0	0.0020735325
151.802	0.0	0.0	0.0027431625000000005
151.862	0.0	0.0	0.0028492
151.932	0.0	0.0	0.0029837125
152.032	0.0	0.0	0.0031554125000000004
152.142	0.0	0.0	0.0033549499999999998
152.202	0.0	0.0	0.0031862250000000004
152.272	0.0	0.0	0.0029696875000000005
152.362	0.0	0.0	0.002688125
152.472	0.0	0.0	0.00235535
152.532	0.0	0.0	0.0020023875
152.602	0.0	0.0	0.001541985
152.702	0.0	0.0	0.0009424800000000001
152.812	0.0	0.0	0.00023831875000000004
152.872	0.0	0.0	-0.000131820125
152.942	0.0	0.0	-0.00060265
153.042	0.0	0.0	-0.0012051300000000002
153.152	0.0	0.0	-0.0019054025000000002
153.212	0.0	0.0	-0.0020905962500000004
153.282	0.0	0.0	-0.0023290000000000003
153.372	0.0	0.0	-0.0026398875000000002
153.482	0.0	0.0	-0.0030073
153.542	0.0	0.0	-0.0029467375000000007
153.612	0.0	0.0	-0.0028674750000000004
153.712	0.0	0.0	-0.0027639875000000005
153.822	0.0	0.0	-0.0026424375000000003
153.882	0.0	0.0	-0.0023632125000000006
153.952	0.0	0.0	-0.0020068925000000003
154.052	0.0	0.0	-0.0015501450000000002
154.162	0.0	0.0	-0.001018725
154.222	0.0	0.0	-0.0006911987500000001
154.292	0.0	0.0	-0.00026845125
154.382	0.0	0.0	0.00028381500000000003
154.492	0.0	0.0	0.0009373800000000001
154.552	0.0	0.0	0.0011723837500000002
154.622	0.0	0.0	0.0014805087500000002
154.722	0.0	0.0	0.0018833025
154.832	0.0	0.0	0.0023572625000000003
154.892	0.0	0.0	0.0023878625
154.962	0.0	0.0	0.0024269625
155.062	0.0	0.0	0.0024771125000000002
155.172	0.0	0.0	0.00253555
155.232	0.0	0.0	0.0023670375
155.302	0.0	0.0	0.002149225
155.392	0.0	0.0	0.00186394375
155.502	0.0	0.0	0.0015260475000000002
155.562	0.0	0.0	0.0012526025
155.632	0.0	0.0	0.0008931587500000002
155.732	0.0	0.0	0.00042238625000000005
155.842	0.0	0.0	-0.00013218987500000003
155.902	0.0	0.0	-0.000378165
155.972	0.0	0.0	-0.0006931750000000001
156.072	0.0	0.0	-0.0010984125000000002
156.182	0.0	0.0	-0.0015707149999999999
156.232	0.0	0.0	-0.0016611125000000003
156.312	0.0	0.0	-0.00177873125
156.402	0.0	0.0	-0.0019334312500000003
156.512	0.0	0.0	-0.00211724375
156.572	0.0	0.0	-0.00203687625
156.642	0.0	0.0	-0.0019318162500000001
156.742	0.0	0.0	-0.00179526375
156.852	0.0	0.0	-0.00163563375
156.912	0.0	0.0	-0.0014413662500000002
156.982	0.0	0.0	-0.0011900425
157.072	0.0	0.0	-0.0008608162500000002
157.182	0.0	0.0	-0.00047049625
157.242	0.0	0.0	-0.00025971750000000003
157.312	0.0	0.0	1.876205e-05
157.412	0.0	0.0	0.0003848375
157.522	0.0	0.0	0.0008168287500000002
157.582	0.0	0.0	0.0009475375000000001
157.652	0.0	0.0	0.0011157100000000002
157.752	0.0	0.0	0.0013328425
157.862	0.0	0.0	0.0015863975000000002
157.912	0.0	0.0	0.00157915125
157.992	0.0	0.0	0.0015697162500000002
158.082	0.0	0.0	0.0015573062500000001
158.192	0.0	0.0	0.0015425587500000001
158.252	0.0	0.0	0.001419245
158.322	0.0	0.0	0.0012560025000000002
158.422	0.0	0.0	0.0010411225
158.532	0.0	0.0	0.0007873337500000001
158.592	0.0	0.0	0.0006078349999999999
158.662	0.0	0.0	0.00037633750000000003
158.762	0.0	0.0	7.685275000000001e-05
158.872	0.0	0.0	-0.00027319
158.922	0.0	0.0	-0.00040895625
159.002	0.0	0.0	-0.0005862875000000001
159.092	0.0	0.0	-0.0008201650000000002
159.202	0.0	0.0	-0.0010982
159.262	0.0	0.0	-0.001141805
159.332	0.0	0.0	-0.0011996475
159.432	0.0	0.0	-0.0012759775000000004
159.542	0.0	0.0	-0.00136618375
159.602	0.0	0.0	-0.00129809875
159.672	0.0	0.0	-0.0012100812499999999
159.772	0.0	0.0	-0.0010959687500000002
159.882	0.0	0.0	-0.0009624975
159.932	0.0	0.0	-0.00082966375
160.002	0.0	0.0	-0.0006556687500000001
160.102	0.0	0.0	-0.00042576500000000004
160.212	0.0	0.0	-0.00015217337500000001
160.272	0.0	0.0	-1.5162725000000003e-05
160.342	0.0	0.0	0.00016712912500000003
160.442	0.0	0.0	0.00040806375000000005
160.552	0.0	0.0	0.0006931325
160.612	0.0	0.0	0.0007690162500000001
160.682	0.0	0.0	0.0008673612500000001
160.782	0.0	0.0	0.000995095
160.892	0.0	0.0	0.0011446737500000002
160.942	0.0	0.0	0.00112461375
161.012	0.0	0.0	0.001098285
161.112	0.0	0.0	0.0010633925
161.222	0.0	0.0	0.00102184875
161.272	0.0	0.0	0.0009255012500000001
161.352	0.0	0.0	0.0007969387500000001
161.452	0.0	0.0	0.0006267262500000001
161.562	0.0	0.0	0.00042512750000000003
161.622	0.0	0.0	0.00030070875000000005
161.692	0.0	0.0	0.000139032375
161.792	0.0	0.0	-7.1351125e-05
161.902	0.0	0.0	-0.00031796375000000003
161.952	0.0	0.0	-0.00039967000000000003
162.022	0.0	0.0	-0.0005072375000000001
162.122	0.0	0.0	-0.00064997375
162.232	0.0	0.0	-0.0008201225000000001
162.282	0.0	0.0	-0.00083200125
162.362	0.0	0.0	-0.00084789625
162.452	0.0	0.0	-0.0008689550000000001
162.572	0.0	0.0	-0.000893945
162.632	0.0	0.0	-0.00083463625
162.702	0.0	0.0	-0.0007573925
162.802	0.0	0.0	-0.0006566675000000001
162.912	0.0	0.0	-0.00053849625
162.962	0.0	0.0	-0.0004499475000000001
163.032	0.0	0.0	-0.00033305125
163.132	0.0	0.0	-0.000177633
163.242	0.0	0.0	7.8421e-06
163.292	0.0	0.0	8.740762500000001e-05
163.372	0.0	0.0	0.000194108125
163.462	0.0	0.0	0.00033594125000000006
163.582	0.0	0.0	0.0005042625000000001
163.642	0.0	0.0	0.0005421725
163.712	0.0	0.0	0.00059166375
163.812	0.0	0.0	0.0006563275
163.922	0.0	0.0	0.00073225375
163.972	0.0	0.0	0.0007149137500000001
164.042	0.0	0.0	0.0006919425000000001
164.142	0.0	0.0	0.0006613212500000001
164.252	0.0	0.0	0.0006247712500000001
164.302	0.0	0.0	0.000558875
164.382	0.0	0.0	0.0004702625
164.472	0.0	0.0	0.00035224000000000003
164.592	0.0	0.0	0.00021207287500000003
164.652	0.0	0.0	0.00011650950000000003
164.722	0.0	0.0	-8.589462500000002e-06
164.822	0.0	0.0	-0.0001723375
164.932	0.0	0.0	-0.00036484125000000006
164.982	0.0	0.0	-0.0004431475000000001
165.052	0.0	0.0	-0.0005471025000000001
165.152	0.0	0.0	-0.0006858437500000001
165.262	0.0	0.0	-0.0008517425
165.312	0.0	0.0	-0.0008748837500000001
165.392	0.0	0.0	-0.0009060787500000001
165.482	0.0	0.0	-0.0009476862500000002
165.602	0.0	0.0	-0.0009971774999999999
165.662	0.0	0.0	-0.000933895
165.732	0.0	0.0	-0.0008508712500000001
165.832	0.0	0.0	-0.0007419650000000001
165.942	0.0	0.0	-0.00061380625
165.992	0.0	0.0	-0.000486965
166.062	0.0	0.0	-0.00031813375000000005
166.162	0.0	0.0	-9.233337500000002e-05
166.272	0.0	0.0	0.00017791775000000002
166.322	0.0	0.0	0.0003178575
166.402	0.0	0.0	0.00050704625
166.492	0.0	0.0	0.0007600062500000001
166.612	0.0	0.0	0.0010610125
166.672	0.0	0.0	0.00113634375
166.742	0.0	0.0	0.001235475
166.842	0.0	0.0	0.0013657375
166.952	0.0	0.0	0.0015191625000000003
167.002	0.0	0.0	0.0014746437500000001
167.072	0.0	0.0	0.0014151862500000002
167.172	0.0	0.0	0.0013355412500000003
167.282	0.0	0.0	0.0012401075000000002
167.332	0.0	0.0	0.00108375
167.412	0.0	0.0	0.0008718450000000001
167.502	0.0	0.0	0.00058792375
167.622	0.0	0.0	0.00024977250000000006
167.682	0.0	0.0	4.693062500000001e-05
167.752	0.0	0.0	-0.0002206175
167.852	0.0	0.0	-0.0005729
167.962	0.0	0.0	-0.00098821
168.012	0.0	0.0	-0.0011183025000000002
168.082	0.0	0.0	-0.0012923825
168.182	0.0	0.0	-0.001526175
168.292	0.0	0.0	-0.00180652625
168.342	0.0	0.0	-0.00180129875
168.422	0.0	0.0	-0.0017942012500000003
168.512	0.0	0.0	-0.0017846600000000002
168.632	0.0	0.0	-0.0017732912500000003
168.692	0.0	0.0	-0.0016182725000000002
168.762	0.0	0.0	-0.0014132312500000001
168.862	0.0	0.0	-0.00114276125
168.972	0.0	0.0	-0.0008235862500000002
169.022	0.0	0.0	-0.0006091737500000001
169.092	0.0	0.0	-0.0003214275
169.192	0.0	0.0	6.5736875e-05
169.302	0.0	0.0	0.0005304425000000001
169.352	0.0	0.0	0.0007075612500000001
169.432	0.0	0.0	0.0009489612500000002
169.522	0.0	0.0	0.0012736187500000003
169.642	0.0	0.0	0.0016610062500000001
169.702	0.0	0.0	0.0017068212500000002
169.772	0.0	0.0	0.00176755375
169.872	0.0	0.0	0.001847815
169.982	0.0	0.0	0.0019426325000000003
170.032	0.0	0.0	0.0018384862500000002
170.102	0.0	0.0	0.0016983425
170.202	0.0	0.0	0.00150940875
170.312	0.0	0.0	0.00128241625
170.362	0.0	0.0	0.0010866187500000002
170.442	0.0	0.0	0.0008190812500000001
170.532	0.0	0.0	0.00045853250000000006
170.652	0.0	0.0	2.7920375000000003e-05
170.712	0.0	0.0	-0.000160902875
170.782	0.0	0.0	-0.0004117825000000001
170.882	0.0	0.0	-0.0007438775000000001
170.992	0.0	0.0	-0.0011364287500000001
171.042	0.0	0.0	-0.00121267375
171.112	0.0	0.0	-0.0013158637500000003
171.212	0.0	0.0	-0.0014556887500000002
171.322	0.0	0.0	-0.0016241375000000003
171.372	0.0	0.0	-0.001572415
171.452	0.0	0.0	-0.00150214125
171.542	0.0	0.0	-0.0014081950000000003
171.662	0.0	0.0	-0.0012968025
171.712	0.0	0.0	-0.0011611000000000002
171.782	0.0	0.0	-0.00097852
171.882	0.0	0.0	-0.0007321475
171.992	0.0	0.0	-0.00043596500000000007
172.042	0.0	0.0	-0.0002943975
172.122	0.0	0.0	-9.9894125e-05
172.212	0.0	0.0	0.000163189375
172.332	0.0	0.0	0.00047791250000000005
172.382	0.0	0.0	0.0005555600000000001
172.462	0.0	0.0	0.00065919625
172.552	0.0	0.0	0.0007969175
172.672	0.0	0.0	0.0009599900000000001
172.722	0.0	0.0	0.0009458375000000001
172.792	0.0	0.0	0.0009266487500000001
172.892	0.0	0.0	0.0009006387500000001
173.002	0.0	0.0	0.0008693162499999999
173.052	0.0	0.0	0.0007982987500000001
173.122	0.0	0.0	0.00070057
173.222	0.0	0.0	0.0005681612500000001
173.342	0.0	0.0	0.00040963625000000004
173.392	0.0	0.0	0.00033398625
173.472	0.0	0.0	0.00023270875000000002
173.562	0.0	0.0	9.788175000000002e-05
173.682	0.0	0.0	-6.192250000000002e-05
173.732	0.0	0.0	-9.344900000000002e-05
173.802	0.0	0.0	-0.000136308125
173.902	0.0	0.0	-0.00019452887500000002
174.012	0.0	0.0	-0.00026471125
174.062	0.0	0.0	-0.00025366125
174.132	0.0	0.0	-0.00023840375000000005
174.232	0.0	0.0	-0.00021768500000000001
174.352	0.0	0.0	-0.000192862875
174.402	0.0	0.0	-0.00016969825
174.482	0.0	0.0	-0.00013860312500000002
174.572	0.0	0.0	-9.71295e-05
174.692	0.0	0.0	-4.792512500000001e-05
174.742	0.0	0.0	-4.5251875000000005e-05
174.812	0.0	0.0	-4.1607500000000004e-05
174.912	0.0	0.0	-3.664775e-05
175.022	0.0	0.0	-3.0663750000000006e-05
175.072	0.0	0.0	-2.150925e-06
175.142	0.0	0.0	3.7315000000000004e-05
175.242	0.0	0.0	9.099037500000001e-05
175.362	0.0	0.0	0.00015536725
175.412	0.0	0.0	0.00019800112500000002
175.492	0.0	0.0	0.0002553825
175.582	0.0	0.0	0.00033205250000000006
175.702	0.0	0.0	0.00042310875000000004
175.752	0.0	0.0	0.00043979
175.822	0.0	0.0	0.00046257000000000004
175.922	0.0	0.0	0.00049365875
176.032	0.0	0.0	0.0005311862500000001
176.082	0.0	0.0	0.0004976537500000001
176.152	0.0	0.0	0.00045109500000000004
176.252	0.0	0.0	0.00038766375000000004
176.372	0.0	0.0	0.00031150375
176.422	0.0	0.0	0.00023241125
176.502	0.0	0.0	0.00012569800000000002
176.592	0.0	0.0	-1.72012375e-05
176.712	0.0	0.0	-0.00018706162500000003
176.762	0.0	0.0	-0.00026384
176.832	0.0	0.0	-0.00036909124999999997
176.932	0.0	0.0	-0.0005129537500000001
177.042	0.0	0.0	-0.00068686375
177.092	0.0	0.0	-0.0007195887500000001
177.162	0.0	0.0	-0.00076514875
177.262	0.0	0.0	-0.0008273475
177.382	0.0	0.0	-0.0009020837500000001
177.432	0.0	0.0	-0.0008623037500000001
177.512	0.0	0.0	-0.0008084775
177.602	0.0	0.0	-0.00073624875
177.722	0.0	0.0	-0.0006503350000000001
177.772	0.0	0.0	-0.00055987375
177.842	0.0	0.0	-0.00043549750000000003
177.932	0.0	0.0	-0.00026515750000000003
178.052	0.0	0.0	-5.907075e-05
178.102	0.0	0.0	3.9350750000000006e-05
178.172	0.0	0.0	0.00017674475000000004
178.272	0.0	0.0	0.0003646925
178.392	0.0	0.0	0.0005907499999999999
178.442	0.0	0.0	0.00064444875
178.522	0.0	0.0	0.000717315
178.612	0.0	0.0	0.0008152775000000002
178.732	0.0	0.0	0.0009319187500000002
178.782	0.0	0.0	0.000912135
178.852	0.0	0.0	0.0008848712500000002
178.942	0.0	0.0	0.0008474287499999999
179.062	0.0	0.0	0.0008021025
179.112	0.0	0.0	0.0007254962500000001
179.182	0.0	0.0	0.00061822625
179.282	0.0	0.0	0.0004711975
179.402	0.0	0.0	0.00029422750000000005
179.452	0.0	0.0	0.000201926
179.532	0.0	0.0	7.637037500000001e-05
179.622	0.0	0.0	-9.273500000000001e-05
179.742	0.0	0.0	-0.00029431250000000003
179.792	0.0	0.0	-0.00034703375
179.862	0.0	0.0	-0.000419985
179.952	0.0	0.0	-0.00052026375
180.072	0.0	0.0	-0.000641835
180.122	0.0	0.0	-0.0006400075000000001
180.192	0.0	0.0	-0.0006374575000000001
180.292	0.0	0.0	-0.0006339512500000001
180.412	0.0	0.0	-0.00062974375
180.462	0.0	0.0	-0.00058222875
180.542	0.0	0.0	-0.0005174162500000001
180.632	0.0	0.0	-0.0004299725000000001
180.752	0.0	0.0	-0.000325635
180.802	0.0	0.0	-0.00027170250000000003
180.872	0.0	0.0	-0.00019690462500000002
180.962	0.0	0.0	-9.384850000000001e-05
181.082	0.0	0.0	3.1192874999999996e-05
181.132	0.0	0.0	6.515037500000002e-05
181.202	0.0	0.0	0.000112958625
181.302	0.0	0.0	0.00017874862500000003
181.422	0.0	0.0	0.00025808125000000004
181.472	0.0	0.0	0.00026279875000000005
181.552	0.0	0.0	0.00026928
181.642	0.0	0.0	0.00027801375000000006
181.762	0.0	0.0	0.00028844750000000006
181.812	0.0	0.0	0.00027610125
181.882	0.0	0.0	0.00025891
181.972	0.0	0.0	0.000235195
182.092	0.0	0.0	0.00020639912500000003
182.142	0.0	0.0	0.00018477725000000001
182.212	0.0	0.0	0.00015424525000000002
182.312	0.0	0.0	0.00011214900000000003
182.432	0.0	0.0	6.1338125e-05
182.482	0.0	0.0	2.4535250000000002e-05
182.552	0.0	0.0	-2.5939875e-05
182.652	0.0	0.0	-9.432237500000002e-05
182.772	0.0	0.0	-0.00017605837500000003
182.822	0.0	0.0	-0.00021507125
182.892	0.0	0.0	-0.00026949250000000004
182.982	0.0	0.0	-0.00034478125000000004
183.102	0.0	0.0	-0.00043628375
183.152	0.0	0.0	-0.00045243375000000006
183.222	0.0	0.0	-0.00047527750000000003
183.322	0.0	0.0	-0.0005068550000000001
183.442	0.0	0.0	-0.0005449775
183.492	0.0	0.0	-0.00051235875
183.562	0.0	0.0	-0.0004674787500000001
183.662	0.0	0.0	-0.00040655500000000007
183.782	0.0	0.0	-0.0003336675
183.832	0.0	0.0	-0.00026010000000000003
183.902	0.0	0.0	-0.00015712462500000002
183.992	0.0	0.0	-1.4387525000000002e-05
184.112	0.0	0.0	0.000159275125
184.162	0.0	0.0	0.00024369500000000004
184.232	0.0	0.0	0.00036360875000000006
184.332	0.0	0.0	0.00052961375
184.452	0.0	0.0	0.00073029875
184.502	0.0	0.0	0.0007751787500000001
184.572	0.0	0.0	0.00083705875
184.672	0.0	0.0	0.0009212087500000001
184.792	0.0	0.0	0.0010219975
184.842	0.0	0.0	0.00099044125
184.912	0.0	0.0	0.0009461562500000001
185.002	0.0	0.0	0.0008846375
185.122	0.0	0.0	0.00080973125
185.172	0.0	0.0	0.0007058825000000001
185.242	0.0	0.0	0.00055796125
185.342	0.0	0.0	0.00035281375000000004
185.462	0.0	0.0	0.00010454575000000001
185.512	0.0	0.0	-2.9014750000000002e-05
185.582	0.0	0.0	-0.00021362625
185.682	0.0	0.0	-0.00046509875000000004
185.802	0.0	0.0	-0.0007664025000000002
185.852	0.0	0.0	-0.0008493625000000002
185.922	0.0	0.0	-0.000966535
186.012	0.0	0.0	-0.0011300750000000001
186.132	0.0	0.0	-0.0013297825
186.182	0.0	0.0	-0.0013210275
186.252	0.0	0.0	-0.0013086600000000001
186.352	0.0	0.0	-0.0012916175000000003
186.472	0.0	0.0	-0.0012711537500000002
186.522	0.0	0.0	-0.00116681625
186.592	0.0	0.0	-0.0010203825
186.682	0.0	0.0	-0.00081685
186.802	0.0	0.0	-0.00056882
186.852	0.0	0.0	-0.00041344
186.922	0.0	0.0	-0.00019083987500000002
187.022	0.0	0.0	0.00011904037500000002
187.142	0.0	0.0	0.00049467875
187.192	0.0	0.0	0.0006270875000000001
187.262	0.0	0.0	0.0008110912500000002
187.362	0.0	0.0	0.0010626275
187.482	0.0	0.0	0.00136456875
187.532	0.0	0.0	0.0013965500000000003
187.602	0.0	0.0	0.00144179125
187.692	0.0	0.0	0.0015049675000000002
187.812	0.0	0.0	0.0015820837500000002
187.862	0.0	0.0	0.0015002712500000002
187.932	0.0	0.0	0.0013828012500000002
188.032	0.0	0.0	0.0012190062500000002
188.152	0.0	0.0	0.0010203400000000002
188.202	0.0	0.0	0.0008548025000000001
188.272	0.0	0.0	0.000624155
188.372	0.0	0.0	0.00030818875
188.492	0.0	0.0	-7.143825e-05
188.542	0.0	0.0	-0.00022503750000000002
188.612	0.0	0.0	-0.00044302
188.702	0.0	0.0	-0.000748085
188.822	0.0	0.0	-0.0011207887500000002
188.872	0.0	0.0	-0.0011983300000000003
188.942	0.0	0.0	-0.0013099775
189.042	0.0	0.0	-0.0014659737500000002
189.162	0.0	0.0	-0.0016553537500000003
189.212	0.0	0.0	-0.0016117700000000002
189.282	0.0	0.0	-0.0015508462500000001
189.382	0.0	0.0	-0.0014672487500000002
189.502	0.0	0.0	-0.0013666937500000002
189.552	0.0	0.0	-0.00123046
189.622	0.0	0.0	-0.00103651125
189.712	0.0	0.0	-0.0007645537500000001
189.832	0.0	0.0	-0.00043197000000000005
189.882	0.0	0.0	-0.00026347875
189.952	0.0	0.0	-2.00687125e-05
190.052	0.0	0.0	0.00032059875
190.172	0.0	0.0	0.0007346125
190.222	0.0	0.0	0.0008544199999999999
190.292	0.0	0.0	0.00102231625
190.392	0.0	0.0	0.00125321875
190.512	0.0	0.0	0.0015311262500000001
190.562	0.0	0.0	0.0015375862500000002
190.632	0.0	0.0	0.0015467662500000003
190.722	0.0	0.0	0.00155968625
190.842	0.0	0.0	0.00157549625
190.892	0.0	0.0	0.0014717962500000001
190.962	0.0	0.0	0.0013215375000000002
191.062	0.0	0.0	0.0011108225000000002
191.182	0.0	0.0	0.000854505
191.232	0.0	0.0	0.0006842925000000001
191.302	0.0	0.0	0.00044503875
191.402	0.0	0.0	0.00011538749999999999
191.522	0.0	0.0	-0.00028175375
191.572	0.0	0.0	-0.00042109000000000005
191.642	0.0	0.0	-0.00062064875
191.732	0.0	0.0	-0.0009016375000000001
191.852	0.0	0.0	-0.00124586625
191.902	0.0	0.0	-0.00129928875
191.972	0.0	0.0	-0.0013769575
192.072	0.0	0.0	-0.00148607625
192.192	0.0	0.0	-0.0016189312500000002
192.242	0.0	0.0	-0.0015547987500000003
192.312	0.0	0.0	-0.00146440125
192.412	0.0	0.0	-0.0013396000000000003
192.532	0.0	0.0	-0.00118912875
192.582	0.0	0.0	-0.0010484325000000001
192.652	0.0	0.0	-0.00084628125
192.742	0.0	0.0	-0.0005610850000000001
192.862	0.0	0.0	-0.000211388625
192.912	0.0	0.0	-5.5621875e-05
192.982	0.0	0.0	0.00017143862500000002
193.082	0.0	0.0	0.00049113
193.202	0.0	0.0	0.0008806212500000001
193.252	0.0	0.0	0.0009760975
193.322	0.0	0.0	0.00111105625
193.422	0.0	0.0	0.00129775875
193.542	0.0	0.0	0.0015230937500000001
193.592	0.0	0.0	0.0015082187500000002
193.662	0.0	0.0	0.00148675625
193.752	0.0	0.0	0.0014564537500000004
193.872	0.0	0.0	0.0014192237500000003
193.922	0.0	0.0	0.0013067475
193.992	0.0	0.0	0.0011422725
194.092	0.0	0.0	0.0009102437500000001
194.212	0.0	0.0	0.0006273
194.262	0.0	0.0	0.00046684125
194.332	0.0	0.0	0.00023936
194.432	0.0	0.0	-7.5924125e-05
194.552	0.0	0.0	-0.00045676875
194.602	0.0	0.0	-0.0005733250000000001
194.672	0.0	0.0	-0.0007418375
194.762	0.0	0.0	-0.0009805175000000001
194.882	0.0	0.0	-0.001273725
194.932	0.0	0.0	-0.0013020087500000002
195.002	0.0	0.0	-0.0013434887500000004
195.102	0.0	0.0	-0.0014021175000000002
195.222	0.0	0.0	-0.00147366625
195.272	0.0	0.0	-0.0013958275
195.342	0.0	0.0	-0.001285115
195.442	0.0	0.0	-0.00113137125
195.562	0.0	0.0	-0.0009454975
195.612	0.0	0.0	-0.0008117712500000002
195.672	0.0	0.0	-0.0006178012500000002
195.772	0.0	0.0	-0.00034248625
195.892	0.0	0.0	-4.0103e-06
195.942	0.0	0.0	0.000126771125
196.012	0.0	0.0	0.00031919625000000003
196.112	0.0	0.0	0.0005917062500000001
196.232	0.0	0.0	0.0009245875
196.282	0.0	0.0	0.00098872
196.352	0.0	0.0	0.00108018
196.452	0.0	0.0	0.001207425
196.572	0.0	0.0	0.00136142375
196.622	0.0	0.0	0.0013287200000000002
196.682	0.0	0.0	0.0012811625000000001
196.782	0.0	0.0	0.00121352375
196.902	0.0	0.0	0.00113026625
196.952	0.0	0.0	0.00102333625
197.022	0.0	0.0	0.0008654912500000001
197.122	0.0	0.0	0.00064151625
197.242	0.0	0.0	0.00036768875000000006
197.292	0.0	0.0	0.00023695875
197.362	0.0	0.0	4.999487500000001e-05
197.462	0.0	0.0	-0.00021068312500000002
197.582	0.0	0.0	-0.0005264050000000001
197.632	0.0	0.0	-0.0006066237500000001
197.692	0.0	0.0	-0.0007237112500000001
197.792	0.0	0.0	-0.0008906087500000002
197.912	0.0	0.0	-0.00109613875
197.962	0.0	0.0	-0.0010993475
198.032	0.0	0.0	-0.0011041075000000002
198.132	0.0	0.0	-0.0011108650000000002
198.252	0.0	0.0	-0.0011191525000000002
198.302	0.0	0.0	-0.0010440125
198.372	0.0	0.0	-0.0009362325000000002
198.472	0.0	0.0	-0.0007856762500000001
198.592	0.0	0.0	-0.0006031387500000001
198.642	0.0	0.0	-0.0004997150000000001
198.702	0.0	0.0	-0.00034828750000000003
198.802	0.0	0.0	-0.000131990125
198.922	0.0	0.0	0.00013462300000000003
198.972	0.0	0.0	0.00022114875000000002
199.042	0.0	0.0	0.00034964750000000003
199.142	0.0	0.0	0.000532695
199.262	0.0	0.0	0.0007569037500000001
199.312	0.0	0.0	0.0007857825000000001
199.382	0.0	0.0	0.0008273262500000001
199.482	0.0	0.0	0.0008854875000000002
199.602	0.0	0.0	0.0009560587499999999
199.652	0.0	0.0	0.0009192537500000001
199.712	0.0	0.0	0.0008651725000000002
199.812	0.0	0.0	0.0007878012500000001
199.932	0.0	0.0	0.000692325
199.982	0.0	0.0	0.0006148050000000001
200.052	0.0	0.0	0.0004993112500000001
200.152	0.0	0.0	0.00033445375
200.272	0.0	0.0	0.00013236625
200.322	0.0	0.0	5.25895e-05
200.392	0.0	0.0	-6.2475e-05
200.492	0.0	0.0	-0.00022378375
200.612	0.0	0.0	-0.0004196025
200.662	0.0	0.0	-0.00045774625
200.722	0.0	0.0	-0.00051418625
200.822	0.0	0.0	-0.00059534
200.942	0.0	0.0	-0.0006957250000000001
200.992	0.0	0.0	-0.0006849087500000001
201.062	0.0	0.0	-0.00066892875
201.162	0.0	0.0	-0.0006462975000000001
201.282	0.0	0.0	-0.0006187575
201.332	0.0	0.0	-0.00057105125
201.392	0.0	0.0	-0.00050099
201.492	0.0	0.0	-0.00040062625000000004
201.612	0.0	0.0	-0.00027673875
201.662	0.0	0.0	-0.00021900250000000002
201.732	0.0	0.0	-0.000132461875
201.832	0.0	0.0	-8.454525e-06
201.952	0.0	0.0	0.00014379025000000004
202.002	0.0	0.0	0.00018453075000000004
202.072	0.0	0.0	0.00024363125
202.172	0.0	0.0	0.0003267825
202.292	0.0	0.0	0.00042789
202.342	0.0	0.0	0.0004334575
202.402	0.0	0.0	0.0004417025
202.502	0.0	0.0	0.00045358125
202.622	0.0	0.0	0.00046824375000000006
202.672	0.0	0.0	0.0004442525000000001
202.742	0.0	0.0	0.00040819125
202.842	0.0	0.0	0.00035644750000000003
202.962	0.0	0.0	0.00029288875
203.012	0.0	0.0	0.00025264125000000004
203.082	0.0	0.0	0.00019410175
203.182	0.0	0.0	0.00011155825
203.302	0.0	0.0	1.1088675000000001e-05
203.352	0.0	0.0	-2.2663125e-05
203.412	0.0	0.0	-7.284712500000002e-05
203.512	0.0	0.0	-0.00014520337500000002
203.632	0.0	0.0	-0.00023474875000000005
203.682	0.0	0.0	-0.00025221625
203.752	0.0	0.0	-0.000278545
203.852	0.0	0.0	-0.00031639125000000004
203.972	0.0	0.0	-0.00036292875000000003
204.022	0.0	0.0	-0.00035693625000000006
204.092	0.0	0.0	-0.00034818125
204.192	0.0	0.0	-0.00033583500000000004
204.312	0.0	0.0	-0.00032079
204.362	0.0	0.0	-0.00029446125000000007
204.422	0.0	0.0	-0.0002552125
204.522	0.0	0.0	-0.00019849412500000003
204.642	0.0	0.0	-0.00012823525
204.692	0.0	0.0	-8.930525e-05
204.762	0.0	0.0	-3.0421500000000003e-05
204.862	0.0	0.0	5.4408500000000006e-05
204.982	0.0	0.0	0.00015880550000000002
205.032	0.0	0.0	0.00019455225000000002
205.102	0.0	0.0	0.0002468825
205.202	0.0	0.0	0.00032096
205.322	0.0	0.0	0.0004112725
205.362	0.0	0.0	0.00042217375000000006
205.432	0.0	0.0	0.00043851500000000005
205.532	0.0	0.0	0.00046214500000000007
205.652	0.0	0.0	0.00049144875
205.702	0.0	0.0	0.0004684562500000001
205.772	0.0	0.0	0.0004335425000000001
205.872	0.0	0.0	0.00038313750000000004
205.992	0.0	0.0	0.00032106625000000004
206.042	0.0	0.0	0.0002671125
206.112	0.0	0.0	0.0001878755
206.212	0.0	0.0	7.550550000000001e-05
206.332	0.0	0.0	-6.1627125e-05
206.372	0.0	0.0	-0.00011722562500000001
206.442	0.0	0.0	-0.00020072537500000003
206.542	0.0	0.0	-0.00032185250000000003
206.662	0.0	0.0	-0.0004721537500000001
206.712	0.0	0.0	-0.0005039225
206.782	0.0	0.0	-0.0005522875000000001
206.882	0.0	0.0	-0.0006222212500000001
207.002	0.0	0.0	-0.0007084325000000001
207.052	0.0	0.0	-0.0006925587500000001
207.122	0.0	0.0	-0.0006691837500000001
207.222	0.0	0.0	-0.00063594875
207.342	0.0	0.0	-0.0005953612500000001
207.382	0.0	0.0	-0.00053705125
207.452	0.0	0.0	-0.0004491825
207.552	0.0	0.0	-0.0003214700000000001
207.672	0.0	0.0	-0.0001628515
207.722	0.0	0.0	-8.508925000000002e-05
207.792	0.0	0.0	3.3702500000000005e-05
207.892	0.0	0.0	0.00020585300000000004
208.012	0.0	0.0	0.00041824250000000005
208.062	0.0	0.0	0.00047665875000000007
208.132	0.0	0.0	0.0005629975
208.232	0.0	0.0	0.00068588625
208.352	0.0	0.0	0.0008361450000000002
208.392	0.0	0.0	0.00083905625
208.462	0.0	0.0	0.0008434550000000001
208.562	0.0	0.0	0.0008498725000000001
208.682	0.0	0.0	0.0008578412500000001
208.732	0.0	0.0	0.0008025275000000001
208.792	0.0	0.0	0.0007177187500000001
208.902	0.0	0.0	0.0005945750000000001
209.022	0.0	0.0	0.00044253125000000005
209.072	0.0	0.0	0.0003501575
209.142	0.0	0.0	0.00021324375000000002
209.242	0.0	0.0	1.78952625e-05
209.362	0.0	0.0	-0.00022110625000000002
209.402	0.0	0.0	-0.00029609750000000006
209.472	0.0	0.0	-0.00040984875
209.572	0.0	0.0	-0.0005758750000000001
209.692	0.0	0.0	-0.0007824462500000001
209.742	0.0	0.0	-0.0008084562500000001
209.802	0.0	0.0	-0.0008484700000000001
209.912	0.0	0.0	-0.00090667375
210.032	0.0	0.0	-0.0009786050000000002
210.082	0.0	0.0	-0.0009377625000000001
210.152	0.0	0.0	-0.0008770300000000001
210.252	0.0	0.0	-0.000790245
210.372	0.0	0.0	-0.0006839525000000001
210.412	0.0	0.0	-0.0006025650000000001
210.482	0.0	0.0	-0.0004786562500000001
210.582	0.0	0.0	-0.00029743625
210.702	0.0	0.0	-7.1784625e-05
210.742	0.0	0.0	1.36550375e-05
210.812	0.0	0.0	0.0001454945
210.922	0.0	0.0	0.00033768375
211.042	0.0	0.0	0.0005754075000000001
211.092	0.0	0.0	0.0006222850000000001
211.162	0.0	0.0	0.00069221875
211.262	0.0	0.0	0.00079237
211.382	0.0	0.0	0.0009151100000000001
211.422	0.0	0.0	0.0008998312500000001
211.492	0.0	0.0	0.0008764987500000001
211.592	0.0	0.0	0.0008423075
211.712	0.0	0.0	0.0007997012500000001
211.752	0.0	0.0	0.0007349737500000001
211.822	0.0	0.0	0.00063475875
211.922	0.0	0.0	0.00048838875
212.052	0.0	0.0	0.00030716874999999995
212.102	0.0	0.0	0.00022416625000000004
212.172	0.0	0.0	9.9957875e-05
212.272	0.0	0.0	-7.830200000000001e-05
212.392	0.0	0.0	-0.00029696875000000003
212.432	0.0	0.0	-0.00034996625
212.502	0.0	0.0	-0.00043122625
212.602	0.0	0.0	-0.000550545
212.722	0.0	0.0	-0.0006993800000000001
212.762	0.0	0.0	-0.00070543625
212.832	0.0	0.0	-0.00071482875
212.932	0.0	0.0	-0.0007285775000000001
213.062	0.0	0.0	-0.00074562
213.112	0.0	0.0	-0.0007028650000000001
213.182	0.0	0.0	-0.00063866875
213.282	0.0	0.0	-0.0005463375
213.402	0.0	0.0	-0.00043299
213.442	0.0	0.0	-0.0003712375
213.512	0.0	0.0	-0.00027622875000000004
213.612	0.0	0.0	-0.000136414375
213.732	0.0	0.0	3.8116125e-05
213.772	0.0	0.0	9.231425000000001e-05
213.842	0.0	0.0	0.00017680425000000003
213.942	0.0	0.0	0.00030070875000000005
214.072	0.0	0.0	0.00045434625000000003
214.122	0.0	0.0	0.00047642500000000005
214.192	0.0	0.0	0.00050968125
214.292	0.0	0.0	0.0005576000000000001
214.412	0.0	0.0	0.0006164837500000001
214.452	0.0	0.0	0.00059888875
214.522	0.0	0.0	0.00057173125
214.622	0.0	0.0	0.00053169625
214.742	0.0	0.0	0.00048165250000000006
214.782	0.0	0.0	0.0004360712500000001
214.852	0.0	0.0	0.00036477750000000006
214.952	0.0	0.0	0.00026001500000000005
215.082	0.0	0.0	0.00012999687499999998
215.132	0.0	0.0	7.650212500000001e-05
215.202	0.0	0.0	-4.2888875000000005e-06
215.302	0.0	0.0	-0.0001208615
215.422	0.0	0.0	-0.00026418
215.462	0.0	0.0	-0.00029631000000000004
215.532	0.0	0.0	-0.0003462475
215.632	0.0	0.0	-0.0004202825
215.752	0.0	0.0	-0.0005130175
215.792	0.0	0.0	-0.00051371875
215.862	0.0	0.0	-0.0005148025
215.972	0.0	0.0	-0.00051639625
216.092	0.0	0.0	-0.0005183725
216.132	0.0	0.0	-0.00048724125000000005
216.202	0.0	0.0	-0.000439195
216.302	0.0	0.0	-0.00036826250000000007
216.422	0.0	0.0	-0.00027960750000000003
216.462	0.0	0.0	-0.00023066875000000002
216.532	0.0	0.0	-0.00015358225
216.632	0.0	0.0	-3.9894750000000006e-05
216.762	0.0	0.0	0.00010140075000000001
216.812	0.0	0.0	0.00014600025
216.882	0.0	0.0	0.000213775
216.982	0.0	0.0	0.00031192875000000004
217.102	0.0	0.0	0.00043279875000000006
217.142	0.0	0.0	0.00044767375000000003
217.212	0.0	0.0	0.00047087875
217.312	0.0	0.0	0.00050526125
217.432	0.0	0.0	0.0005483137500000001
217.472	0.0	0.0	0.0005289124999999999
217.542	0.0	0.0	0.0004982912500000001
217.642	0.0	0.0	0.0004530500000000001
217.772	0.0	0.0	0.00039680125000000004
217.822	0.0	0.0	0.00035071
217.882	0.0	0.0	0.00028043625
217.992	0.0	0.0	0.00017845325000000002
218.112	0.0	0.0	5.2753125e-05
218.152	0.0	0.0	8.4084125e-06
218.222	0.0	0.0	-6.0951375000000006e-05
218.322	0.0	0.0	-0.00016400537500000002
218.442	0.0	0.0	-0.00029314375000000003
218.482	0.0	0.0	-0.00031749625000000004
218.552	0.0	0.0	-0.00035608625000000006
218.652	0.0	0.0	-0.00041318500000000005
218.782	0.0	0.0	-0.00048426625000000005
218.832	0.0	0.0	-0.00047629750000000005
218.892	0.0	0.0	-0.00046412125000000004
219.002	0.0	0.0	-0.00044642
219.122	0.0	0.0	-0.00042459625000000004
219.162	0.0	0.0	-0.00039291250000000004
219.232	0.0	0.0	-0.0003431662500000001
219.332	0.0	0.0	-0.00026908875000000005
219.452	0.0	0.0	-0.00017620712500000004
219.492	0.0	0.0	-0.000137434375
219.562	0.0	0.0	-7.578175000000001e-05
219.662	0.0	0.0	1.5651475e-05
219.792	0.0	0.0	0.00012955487500000001
219.842	0.0	0.0	0.000156861125
219.902	0.0	0.0	0.000198774625
220.012	0.0	0.0	0.000259845
220.132	0.0	0.0	0.00033521875
220.172	0.0	0.0	0.00033881000000000004
220.242	0.0	0.0	0.00034446250000000003
220.342	0.0	0.0	0.00035289875
220.462	0.0	0.0	0.00036348125
220.502	0.0	0.0	0.0003464600000000001
220.572	0.0	0.0	0.00031928125000000007
220.672	0.0	0.0	0.000278885
220.802	0.0	0.0	0.0002285225
220.842	0.0	0.0	0.00019682175000000003
220.912	0.0	0.0	0.000147995625
221.022	0.0	0.0	7.6718875e-05
221.142	0.0	0.0	-1.1354087500000001e-05
221.182	0.0	0.0	-4.3721875000000004e-05
221.252	0.0	0.0	-9.490675e-05
221.352	0.0	0.0	-0.00017142375000000001
221.472	0.0	0.0	-0.00026755875
221.512	0.0	0.0	-0.00029063625
221.582	0.0	0.0	-0.00032759
221.682	0.0	0.0	-0.00038264875000000007
221.812	0.0	0.0	-0.0004513075
221.852	0.0	0.0	-0.00044907625000000005
221.922	0.0	0.0	-0.00044559125000000004
222.022	0.0	0.0	-0.00044051250000000006
222.152	0.0	0.0	-0.0004342225
222.192	0.0	0.0	-0.00040041375
222.262	0.0	0.0	-0.00034673625
222.362	0.0	0.0	-0.0002663475
222.482	0.0	0.0	-0.00016526550000000003
222.522	0.0	0.0	-0.00010684075
222.592	0.0	0.0	-1.29329625e-05
222.692	0.0	0.0	0.00012716850000000002
222.822	0.0	0.0	0.0003021325
222.862	0.0	0.0	0.00035899750000000007
222.932	0.0	0.0	0.00044718500000000006
223.032	0.0	0.0	0.0005764275
223.162	0.0	0.0	0.0007363975
223.202	0.0	0.0	0.0007527175
223.272	0.0	0.0	0.0007787062500000001
223.372	0.0	0.0	0.0008177000000000001
223.492	0.0	0.0	0.0008667875000000001
223.532	0.0	0.0	0.00082562625
223.602	0.0	0.0	0.00075924125
223.702	0.0	0.0	0.0006599825000000001
223.832	0.0	0.0	0.000535925
223.872	0.0	0.0	0.0004428287500000001
223.942	0.0	0.0	0.00029801
224.042	0.0	0.0	8.531237500000002e-05
224.172	0.0	0.0	-0.00017815362500000004
224.212	0.0	0.0	-0.0002708525
224.282	0.0	0.0	-0.00041907125000000006
224.382	0.0	0.0	-0.0006420262500000002
224.502	0.0	0.0	-0.0009228025000000001
224.542	0.0	0.0	-0.0009718900000000002
224.612	0.0	0.0	-0.0010513862500000002
224.712	0.0	0.0	-0.0011704500000000002
224.842	0.0	0.0	-0.0013193487500000002
224.882	0.0	0.0	-0.00128537
224.952	0.0	0.0	-0.00123233
225.052	0.0	0.0	-0.0011542787500000002
225.182	0.0	0.0	-0.00105750625
225.222	0.0	0.0	-0.00095350875
225.292	0.0	0.0	-0.00078659
225.392	0.0	0.0	-0.00053501125
225.512	0.0	0.0	-0.00021787625000000002
225.552	0.0	0.0	-8.450700000000001e-05
225.622	0.0	0.0	0.000132243
225.722	0.0	0.0	0.00045755500000000006
225.852	0.0	0.0	0.0008647687500000001
225.892	0.0	0.0	0.0009604575000000001
225.962	0.0	0.0	0.0011103550000000002
226.062	0.0	0.0	0.0013313762500000003
226.192	0.0	0.0	0.0016056075000000002
226.232	0.0	0.0	0.00160329125
226.302	0.0	0.0	0.0015995725
226.402	0.0	0.0	0.0015939625000000002
226.522	0.0	0.0	0.0015868650000000002
226.562	0.0	0.0	0.00148427
226.632	0.0	0.0	0.0013169475000000003
226.732	0.0	0.0	0.001065305
226.862	0.0	0.0	0.0007500400000000001
226.902	0.0	0.0	0.000585395
226.972	0.0	0.0	0.0003265912500000001
227.072	0.0	0.0	-5.5760000000000015e-05
227.202	0.0	0.0	-0.0005305700000000001
227.242	0.0	0.0	-0.0006600887500000001
227.312	0.0	0.0	-0.0008695712500000002
227.402	0.0	0.0	-0.0011866000000000001
227.532	0.0	0.0	-0.0015868862500000001
227.572	0.0	0.0	-0.0016273037500000003
227.642	0.0	0.0	-0.0016934975
227.742	0.0	0.0	-0.001793245
227.872	0.0	0.0	-0.0019183012500000002
227.912	0.0	0.0	-0.001837445
227.982	0.0	0.0	-0.0017099025000000003
228.082	0.0	0.0	-0.0015210962500000003
228.212	0.0	0.0	-0.0012864750000000002
228.252	0.0	0.0	-0.0011332625
228.322	0.0	0.0	-0.0008845312500000001
228.412	0.0	0.0	-0.0005073012500000001
228.542	0.0	0.0	-3.063825e-05
228.582	0.0	0.0	0.000130090375
228.652	0.0	0.0	0.00039422999999999997
228.752	0.0	0.0	0.0007930075
228.882	0.0	0.0	0.0012934025
228.922	0.0	0.0	0.0013812075000000001
228.992	0.0	0.0	0.0015200762500000003
229.092	0.0	0.0	0.0017259675
229.222	0.0	0.0	0.0019819875000000003
229.262	0.0	0.0	0.0019487312499999999
229.322	0.0	0.0	0.0018943100000000004
229.422	0.0	0.0	0.0018113287500000003
229.552	0.0	0.0	0.0017062475000000003
229.592	0.0	0.0	0.0015685050000000002
229.662	0.0	0.0	0.0013442325000000003
229.762	0.0	0.0	0.0010083762500000001
229.892	0.0	0.0	0.00058975125
229.932	0.0	0.0	0.00042387375
230.002	0.0	0.0	0.00015460862499999998
230.092	0.0	0.0	-0.00025410750000000006
230.222	0.0	0.0	-0.000770865
230.262	0.0	0.0	-0.0008913100000000001
230.332	0.0	0.0	-0.00109069875
230.432	0.0	0.0	-0.00139287375
230.562	0.0	0.0	-0.0017725900000000003
230.602	0.0	0.0	-0.0017866362500000002
230.672	0.0	0.0	-0.0018089912500000001
230.772	0.0	0.0	-0.00184226875
230.902	0.0	0.0	-0.0018837062500000003
230.942	0.0	0.0	-0.0017893562500000003
231.002	0.0	0.0	-0.00163461375
231.102	0.0	0.0	-0.0013985900000000001
231.232	0.0	0.0	-0.00109975125
231.272	0.0	0.0	-0.00094190625
231.342	0.0	0.0	-0.000679915
231.442	0.0	0.0	-0.00028224250000000005
231.572	0.0	0.0	0.00021783375000000005
231.612	0.0	0.0	0.00036628625000000004
231.682	0.0	0.0	0.0006035212500000001
231.782	0.0	0.0	0.00095729125
231.912	0.0	0.0	0.0013982500000000002
231.952	0.0	0.0	0.0014540525000000001
232.012	0.0	0.0	0.0015459587500000003
232.112	0.0	0.0	0.0016864000000000002
232.242	0.0	0.0	0.0018643687500000002
232.282	0.0	0.0	0.0018129012500000003
232.352	0.0	0.0	0.00172713625
232.452	0.0	0.0	0.0015966825
232.582	0.0	0.0	0.0014325262500000002
232.622	0.0	0.0	0.0012918725
232.692	0.0	0.0	0.00106626125
232.792	0.0	0.0	0.0007291937500000001
232.922	0.0	0.0	0.00030869875000000003
232.962	0.0	0.0	0.00016357400000000002
233.022	0.0	0.0	-7.6336375e-05
233.122	0.0	0.0	-0.0004437212500000001
233.252	0.0	0.0	-0.00090969125
233.292	0.0	0.0	-0.0010028937500000002
233.362	0.0	0.0	-0.0011588050000000002
233.462	0.0	0.0	-0.0013964012500000003
233.592	0.0	0.0	-0.0016956437500000002
233.632	0.0	0.0	-0.0016882275
233.702	0.0	0.0	-0.0016762850000000002
233.802	0.0	0.0	-0.0016584350000000002
233.932	0.0	0.0	-0.0016361437500000003
233.972	0.0	0.0	-0.0015379050000000002
234.032	0.0	0.0	-0.0013748537500000001
234.132	0.0	0.0	-0.0011246775
234.262	0.0	0.0	-0.0008071175000000002
234.302	0.0	0.0	-0.0006618950000000001
234.372	0.0	0.0	-0.00041805125
234.472	0.0	0.0	-4.570875e-05
234.602	0.0	0.0	0.00042361875000000005
234.642	0.0	0.0	0.0005490575000000001
234.712	0.0	0.0	0.0007517400000000001
234.812	0.0	0.0	0.0010557425
234.942	0.0	0.0	0.0014356287500000002
234.982	0.0	0.0	0.001471265
235.042	0.0	0.0	0.00153068
235.142	0.0	0.0	0.0016220337500000002
235.272	0.0	0.0	0.0017381012500000002
235.312	0.0	0.0	0.0016752012500000004
235.382	0.0	0.0	0.001569185
235.482	0.0	0.0	0.0014069625000000003
235.612	0.0	0.0	0.001202325
235.652	0.0	0.0	0.0010627337500000002
235.722	0.0	0.0	0.0008363575
235.822	0.0	0.0	0.00049612375
235.952	0.0	0.0	7.06435e-05
235.992	0.0	0.0	-6.328887500000001e-05
236.052	0.0	0.0	-0.00028736375000000005
236.152	0.0	0.0	-0.0006326337500000001
236.282	0.0	0.0	-0.001071595
236.322	0.0	0.0	-0.0011480525000000003
236.392	0.0	0.0	-0.00127744375
236.492	0.0	0.0	-0.0014758125000000003
236.622	0.0	0.0	-0.001726265
236.662	0.0	0.0	-0.0017019337500000001
236.732	0.0	0.0	-0.001662345
236.832	0.0	0.0	-0.0016027175000000002
236.962	0.0	0.0	-0.0015280875000000002
237.002	0.0	0.0	-0.0014201375000000003
237.062	0.0	0.0	-0.0012388112500000001
237.162	0.0	0.0	-0.0009588425000000001
237.292	0.0	0.0	-0.0006026075000000001
237.332	0.0	0.0	-0.0004567900000000001
237.402	0.0	0.0	-0.00020903837500000003
237.502	0.0	0.0	0.00017155125000000002
237.632	0.0	0.0	0.00065239625
237.672	0.0	0.0	0.0007677837500000001
237.742	0.0	0.0	0.0009563137500000001
237.842	0.0	0.0	0.00124076625
237.972	0.0	0.0	0.0015970650000000002
238.012	0.0	0.0	0.00161655125
238.072	0.0	0.0	0.00164944625
238.172	0.0	0.0	0.00170031875
238.302	0.0	0.0	0.0017651100000000003
238.342	0.0	0.0	0.0016850400000000003
238.412	0.0	0.0	0.0015484025000000001
238.512	0.0	0.0	0.00133813375
238.642	0.0	0.0	0.0010722325
238.682	0.0	0.0	0.00092210125
238.752	0.0	0.0	0.0006758987500000001
238.852	0.0	0.0	0.00030368375
238.982	0.0	0.0	-0.00016294075
239.022	0.0	0.0	-0.00029424875
239.082	0.0	0.0	-0.0005166087500000001
239.182	0.0	0.0	-0.0008614112500000002
239.312	0.0	0.0	-0.0013007975000000002
239.352	0.0	0.0	-0.0013624437500000001
239.422	0.0	0.0	-0.00146801375
239.522	0.0	0.0	-0.0016308100000000001
239.652	0.0	0.0	-0.0018368500000000001
239.692	0.0	0.0	-0.0017913112500000002
239.762	0.0	0.0	-0.0017163837500000002
239.862	0.0	0.0	-0.001602845
239.992	0.0	0.0	-0.0014604062500000001
240.032	0.0	0.0	-0.0013381762500000003
240.092	0.0	0.0	-0.00113030875
240.192	0.0	0.0	-0.00080733
240.322	0.0	0.0	-0.00039539875
240.362	0.0	0.0	-0.00024877375
240.432	0.0	0.0	3.4199750000000002e-06
240.532	0.0	0.0	0.00039314625000000006
240.662	0.0	0.0	0.0008866775000000001
240.702	0.0	0.0	0.0009870412500000002
240.772	0.0	0.0	0.00115287625
240.872	0.0	0.0	0.0014046250000000003
241.002	0.0	0.0	0.0017206975000000004
241.042	0.0	0.0	0.0017192100000000003
241.102	0.0	0.0	0.0017166812500000004
241.202	0.0	0.0	0.00171272875
241.332	0.0	0.0	0.0017076925000000002
241.372	0.0	0.0	0.0016118125000000002
241.442	0.0	0.0	0.0014462325000000002
241.542	0.0	0.0	0.0011898300000000002
241.672	0.0	0.0	0.0008648750000000001
241.712	0.0	0.0	0.00071499875
241.782	0.0	0.0	0.0004664162500000001
241.882	0.0	0.0	8.831075000000001e-05
242.012	0.0	0.0	-0.00038681375000000005
242.052	0.0	0.0	-0.00050118125
242.112	0.0	0.0	-0.0006972975000000001
242.212	0.0	0.0	-0.00100327625
242.342	0.0	0.0	-0.0013941275000000002
242.382	0.0	0.0	-0.0014313150000000003
242.452	0.0	0.0	-0.0014957875000000001
242.552	0.0	0.0	-0.0015958325
242.682	0.0	0.0	-0.0017226950000000002
242.722	0.0	0.0	-0.0016600712500000002
242.792	0.0	0.0	-0.0015557762500000003
242.892	0.0	0.0	-0.0013968262500000002
243.022	0.0	0.0	-0.00119694875
243.062	0.0	0.0	-0.0010779700000000001
243.122	0.0	0.0	-0.00087309875
243.222	0.0	0.0	-0.0005527975
243.352	0.0	0.0	-0.00014332275000000002
243.392	0.0	0.0	-1.9431637499999998e-05
243.452	0.0	0.0	0.00019625650000000002
243.562	0.0	0.0	0.0005315900000000001
243.692	0.0	0.0	0.0009572275
243.732	0.0	0.0	0.0010264175000000001
243.802	0.0	0.0	0.00114195375
243.902	0.0	0.0	0.0013182862500000002
244.032	0.0	0.0	0.0015401787500000002
244.072	0.0	0.0	0.00152041625
244.132	0.0	0.0	0.0014860337500000001
244.232	0.0	0.0	0.0014320375
244.362	0.0	0.0	0.0013628262500000002
244.402	0.0	0.0	0.0012688587500000001
244.472	0.0	0.0	0.001106955
244.572	0.0	0.0	0.0008573100000000001
244.702	0.0	0.0	0.0005424700000000001
244.742	0.0	0.0	0.00042833625
244.802	0.0	0.0	0.00023179500000000003
244.902	0.0	0.0	-7.571587500000002e-05
245.032	0.0	0.0	-0.00046911500000000004
245.072	0.0	0.0	-0.0005542850000000001
245.132	0.0	0.0	-0.0007037575000000001
245.242	0.0	0.0	-0.0009370187500000001
245.372	0.0	0.0	-0.00123352
245.412	0.0	0.0	-0.0012494575000000002
245.482	0.0	0.0	-0.0012762962500000002
245.582	0.0	0.0	-0.0013174150000000002
245.712	0.0	0.0	-0.0013692225000000002
245.752	0.0	0.0	-0.0013126337500000002
245.812	0.0	0.0	-0.0012140550000000001
245.912	0.0	0.0	-0.0010591
246.042	0.0	0.0	-0.0008605825000000001
246.082	0.0	0.0	-0.0007585825
246.142	0.0	0.0	-0.0005789987500000001
246.252	0.0	0.0	-0.00029832875
246.382	0.0	0.0	5.865212500000001e-05
246.422	0.0	0.0	0.00016154675000000003
246.492	0.0	0.0	0.00033532500000000003
246.592	0.0	0.0	0.0006020975000000001
246.722	0.0	0.0	0.0009385700000000001
246.762	0.0	0.0	0.0009849375000000001
246.822	0.0	0.0	0.0010660487499999998
246.922	0.0	0.0	0.0011938250000000001
247.052	0.0	0.0	0.00135764125
247.092	0.0	0.0	0.0013329912500000003
247.152	0.0	0.0	0.0012894075
247.262	0.0	0.0	0.00122113125
247.392	0.0	0.0	0.00113421875
247.432	0.0	0.0	0.00104152625
247.502	0.0	0.0	0.0008843400000000002
247.602	0.0	0.0	0.0006425575
247.732	0.0	0.0	0.00033738625000000004
247.772	0.0	0.0	0.00022984
247.832	0.0	0.0	4.0936e-05
247.932	0.0	0.0	-0.000257295
248.062	0.0	0.0	-0.0006399437500000001
248.102	0.0	0.0	-0.0007213525
248.162	0.0	0.0	-0.0008658737500000001
248.272	0.0	0.0	-0.00109269625
248.402	0.0	0.0	-0.0013816325000000002
248.442	0.0	0.0	-0.001391705
248.512	0.0	0.0	-0.0014088750000000002
248.612	0.0	0.0	-0.00143533125
248.742	0.0	0.0	-0.0014687575
248.782	0.0	0.0	-0.0013996737500000002
248.842	0.0	0.0	-0.00127774125
248.942	0.0	0.0	-0.0010848975000000002
249.072	0.0	0.0	-0.0008372500000000001
249.112	0.0	0.0	-0.0007144250000000001
249.172	0.0	0.0	-0.0004954225
249.282	0.0	0.0	-0.00015107687500000002
249.412	0.0	0.0	0.00028791625
249.452	0.0	0.0	0.00041099625000000004
249.522	0.0	0.0	0.00062132875
249.622	0.0	0.0	0.0009461987500000001
249.752	0.0	0.0	0.0013568975
249.792	0.0	0.0	0.0014064950000000002
249.852	0.0	0.0	0.0014944062500000003
249.952	0.0	0.0	0.0016337637500000001
250.082	0.0	0.0	0.0018128375000000003
250.122	0.0	0.0	0.00176717125
250.182	0.0	0.0	0.0016854225
250.292	0.0	0.0	0.00155658375
250.422	0.0	0.0	0.0013922362500000001
250.462	0.0	0.0	0.001257745
250.532	0.0	0.0	0.0010269487500000002
250.632	0.0	0.0	0.0006697575
250.762	0.0	0.0	0.00021787625000000002
250.802	0.0	0.0	7.287687500000001e-05
250.862	0.0	0.0	-0.000185234125
250.962	0.0	0.0	-0.000595255
251.092	0.0	0.0	-0.0011225525
251.132	0.0	0.0	-0.0012198775
251.192	0.0	0.0	-0.00139487125
251.302	0.0	0.0	-0.0016711637500000003
251.432	0.0	0.0	-0.002023935
251.472	0.0	0.0	-0.0020147975
251.542	0.0	0.0	-0.0019990512500000003
251.642	0.0	0.0	-0.001974635
251.772	0.0	0.0	-0.00194371625
251.812	0.0	0.0	-0.0018317925
251.872	0.0	0.0	-0.0016316387500000002
251.972	0.0	0.0	-0.00131301625
252.102	0.0	0.0	-0.000902955
252.142	0.0	0.0	-0.0007327850000000001
252.202	0.0	0.0	-0.000425425
252.312	0.0	0.0	6.079412500000001e-05
252.442	0.0	0.0	0.0006820612500000002
252.482	0.0	0.0	0.0008316825000000001
252.552	0.0	0.0	0.0010905287500000002
252.652	0.0	0.0	0.0014927062500000002
252.782	0.0	0.0	0.0020023237500000003
252.822	0.0	0.0	0.0020419125
252.882	0.0	0.0	0.0021130362500000003
252.982	0.0	0.0	0.0022265750000000006
253.112	0.0	0.0	0.0023725625
253.152	0.0	0.0	0.0022879875
253.212	0.0	0.0	0.00213435
253.322	0.0	0.0	0.00189067625
253.452	0.0	0.0	0.0015791937500000003
253.492	0.0	0.0	0.0013961037500000001
253.552	0.0	0.0	0.001078055
253.662	0.0	0.0	0.00058290875
253.792	0.0	0.0	-4.5009625000000005e-05
253.832	0.0	0.0	-0.00021651625000000004
253.892	0.0	0.0	-0.00052598
253.992	0.0	0.0	-0.00102065875
254.122	0.0	0.0	-0.0016583075000000003
254.162	0.0	0.0	-0.0017510000000000002
254.222	0.0	0.0	-0.00191987375
254.332	0.0	0.0	-0.0021881125000000005
254.462	0.0	0.0	-0.0025313
254.502	0.0	0.0	-0.0024885875000000006
254.562	0.0	0.0	-0.0024137875000000003
254.672	0.0	0.0	-0.0022969125
254.802	0.0	0.0	-0.0021490125000000002
254.832	0.0	0.0	-0.0019995187500000005
254.902	0.0	0.0	-0.0017286875
255.002	0.0	0.0	-0.0012948900000000001
255.132	0.0	0.0	-0.00073525
255.172	0.0	0.0	-0.0005426187500000001
255.232	0.0	0.0	-0.000190026
255.342	0.0	0.0	0.00037113125000000005
255.472	0.0	0.0	0.001089785
255.512	0.0	0.0	0.0012334350000000002
255.572	0.0	0.0	0.0014850775000000002
255.682	0.0	0.0	0.0018784362500000001
255.812	0.0	0.0	0.0023780875000000003
255.842	0.0	0.0	0.0023904125000000003
255.912	0.0	0.0	0.00241315
256.012	0.0	0.0	0.0024494875000000004
256.142	0.0	0.0	0.0024966625000000004
256.182	0.0	0.0	0.002381275
256.242	0.0	0.0	0.0021694125000000005
256.352	0.0	0.0	0.0018314525000000003
256.482	0.0	0.0	0.00139831375
256.522	0.0	0.0	0.0012013475
256.582	0.0	0.0	0.0008549087500000001
256.692	0.0	0.0	0.00031229
256.822	0.0	0.0	-0.00037742125000000005
256.852	0.0	0.0	-0.00053632875
256.922	0.0	0.0	-0.0008270712500000002
257.022	0.0	0.0	-0.0012947200000000003
257.152	0.0	0.0	-0.0018989
257.192	0.0	0.0	-0.0019618425000000003
257.252	0.0	0.0	-0.00207805875
257.362	0.0	0.0	-0.0022637625000000005
257.492	0.0	0.0	-0.002501975
257.532	0.0	0.0	-0.002431
257.592	0.0	0.0	-0.0023058375
257.702	0.0	0.0	-0.0021094449999999997
257.832	0.0	0.0	-0.0018595237500000001
257.862	0.0	0.0	-0.0017058650000000002
257.932	0.0	0.0	-0.0014234525
258.032	0.0	0.0	-0.0009682137500000001
258.162	0.0	0.0	-0.00037961
258.202	0.0	0.0	-0.00020947825000000003
258.262	0.0	0.0	0.00010613950000000002
258.372	0.0	0.0	0.00061151125
258.502	0.0	0.0	0.0012601675000000001
258.542	0.0	0.0	0.0013649725
258.602	0.0	0.0	0.00155071875
258.712	0.0	0.0	0.0018426937500000003
258.842	0.0	0.0	0.0022142500000000005
258.872	0.0	0.0	0.0021991625
258.942	0.0	0.0	0.0021709000000000003
259.042	0.0	0.0	0.0021252125
259.172	0.0	0.0	0.00206603125
259.212	0.0	0.0	0.0019466700000000002
259.272	0.0	0.0	0.0017278162500000002
259.382	0.0	0.0	0.001380315
259.512	0.0	0.0	0.000937125
259.542	0.0	0.0	0.00078397625
259.612	0.0	0.0	0.00050249875
259.712	0.0	0.0	4.8422375000000004e-05
259.842	0.0	0.0	-0.00053907
259.872	0.0	0.0	-0.00065892
259.942	0.0	0.0	-0.0008832350000000001
260.052	0.0	0.0	-0.00124378375
260.182	0.0	0.0	-0.0017071825000000002
260.222	0.0	0.0	-0.0017368475000000003
260.282	0.0	0.0	-0.0017898450000000004
260.392	0.0	0.0	-0.0018734637500000002
260.522	0.0	0.0	-0.0019800537500000003
260.552	0.0	0.0	-0.00191179875
260.622	0.0	0.0	-0.0017847662500000002
260.722	0.0	0.0	-0.0015788537500000003
260.852	0.0	0.0	-0.00131206
260.882	0.0	0.0	-0.00118339125
260.952	0.0	0.0	-0.000941715
261.052	0.0	0.0	-0.00055267
261.192	0.0	0.0	-5.234725e-05
261.232	0.0	0.0	7.7445625e-05
261.292	0.0	0.0	0.00031033500000000007
261.402	0.0	0.0	0.0006785125
261.532	0.0	0.0	0.00114815875
261.562	0.0	0.0	0.0012052150000000001
261.632	0.0	0.0	0.0013119112500000001
261.732	0.0	0.0	0.001485205
261.862	0.0	0.0	0.0017099237500000002
261.892	0.0	0.0	0.0016825537500000003
261.962	0.0	0.0	0.0016309375000000002
262.062	0.0	0.0	0.0015476587500000002
262.202	0.0	0.0	0.0014404950000000002
262.242	0.0	0.0	0.0013391962500000003
262.302	0.0	0.0	0.0011566162500000002
262.412	0.0	0.0	0.0008674037500000001
262.542	0.0	0.0	0.00049820625
262.572	0.0	0.0	0.0003884075
262.642	0.0	0.0	0.000182059375
262.742	0.0	0.0	-0.0001538075
262.872	0.0	0.0	-0.0005896025
262.902	0.0	0.0	-0.00066671875
262.972	0.0	0.0	-0.0008129400000000001
263.072	0.0	0.0	-0.00104926125
263.212	0.0	0.0	-0.0013536250000000002
263.252	0.0	0.0	-0.0013606162500000001
263.312	0.0	0.0	-0.0013732812500000004
263.422	0.0	0.0	-0.0013933625000000002
263.552	0.0	0.0	-0.00141901125
263.582	0.0	0.0	-0.0013592775000000003
263.652	0.0	0.0	-0.0012464400000000001
263.752	0.0	0.0	-0.0010623725000000002
263.882	0.0	0.0	-0.0008233950000000001
263.912	0.0	0.0	-0.0007267287500000001
263.982	0.0	0.0	-0.0005426187500000001
264.082	0.0	0.0	-0.00024443875
264.222	0.0	0.0	0.000139893
264.262	0.0	0.0	0.00022933000000000003
264.322	0.0	0.0	0.00039191375000000007
264.432	0.0	0.0	0.000650505
264.562	0.0	0.0	0.00098113375
264.592	0.0	0.0	0.00101322125
264.662	0.0	0.0	0.0010741025
264.762	0.0	0.0	0.0011736375000000001
264.892	0.0	0.0	0.0013029650000000001
264.922	0.0	0.0	0.00127255625
264.992	0.0	0.0	0.00121433125
265.092	0.0	0.0	0.0011198537500000001
265.232	0.0	0.0	0.0009980062500000002
265.272	0.0	0.0	0.00091636375
265.332	0.0	0.0	0.0007672525000000001
265.442	0.0	0.0	0.0005296350000000001
265.572	0.0	0.0	0.00022559000000000001
265.602	0.0	0.0	0.000143975125
265.672	0.0	0.0	-1.1690050000000002e-05
265.772	0.0	0.0	-0.00026666624999999996
265.902	0.0	0.0	-0.0005982512500000001
265.932	0.0	0.0	-0.0006500587500000001
266.002	0.0	0.0	-0.0007497212500000002
266.102	0.0	0.0	-0.0009117525000000001
266.242	0.0	0.0	-0.0011209375000000002
266.282	0.0	0.0	-0.0011164325000000003
266.342	0.0	0.0	-0.0011081662500000001
266.452	0.0	0.0	-0.00109497
266.582	0.0	0.0	-0.0010780975000000003
266.612	0.0	0.0	-0.0010245900000000001
266.672	0.0	0.0	-0.0009220800000000001
266.782	0.0	0.0	-0.00075378
266.912	0.0	0.0	-0.0005347775
266.942	0.0	0.0	-0.0004568325
267.012	0.0	0.0	-0.00030619125
267.112	0.0	0.0	-6.074312500000001e-05
267.252	0.0	0.0	0.0002563175
267.292	0.0	0.0	0.00032285125000000006
267.352	0.0	0.0	0.00044544249999999995
267.462	0.0	0.0	0.0006416225000000001
267.592	0.0	0.0	0.0008930100000000001
267.622	0.0	0.0	0.00091066875
267.682	0.0	0.0	0.00094466875
267.792	0.0	0.0	0.0010005987500000002
267.922	0.0	0.0	0.0010734225
267.952	0.0	0.0	0.0010405275
268.022	0.0	0.0	0.0009766500000000001
268.122	0.0	0.0	0.0008723337500000001
268.262	0.0	0.0	0.0007375025000000001
268.302	0.0	0.0	0.0006665912500000001
268.362	0.0	0.0	0.0005353300000000001
268.472	0.0	0.0	0.00032487000000000005
268.602	0.0	0.0	5.4980125e-05
268.632	0.0	0.0	-9.76565e-06
268.692	0.0	0.0	-0.00013510750000000001
268.802	0.0	0.0	-0.00034172125000000005
268.932	0.0	0.0	-0.00061100125
268.962	0.0	0.0	-0.0006463187499999999
269.032	0.0	0.0	-0.0007152325000000001
269.132	0.0	0.0	-0.000827985
269.272	0.0	0.0	-0.0009738662500000001
269.312	0.0	0.0	-0.0009608187500000001
269.372	0.0	0.0	-0.0009365725000000002
269.482	0.0	0.0	-0.00089762125
269.612	0.0	0.0	-0.00084762
269.642	0.0	0.0	-0.0007979800000000001
269.702	0.0	0.0	-0.00070139875
269.812	0.0	0.0	-0.0005418537500000001
269.942	0.0	0.0	-0.00033375250000000005
269.972	0.0	0.0	-0.00026976874999999997
270.042	0.0	0.0	-0.000144319375
270.142	0.0	0.0	6.1363625e-05
270.282	0.0	0.0	0.0003276325
270.312	0.0	0.0	0.0003758275000000001
270.382	0.0	0.0	0.00046586375
270.492	0.0	0.0	0.00061083125
270.622	0.0	0.0	0.0007969812500000001
270.652	0.0	0.0	0.0008029525000000001
270.712	0.0	0.0	0.0008146187500000001
270.822	0.0	0.0	0.000833935
270.952	0.0	0.0	0.0008591375
270.982	0.0	0.0	0.0008256475
271.052	0.0	0.0	0.0007596237500000001
271.152	0.0	0.0	0.0006511850000000001
271.292	0.0	0.0	0.0005106800000000001
271.322	0.0	0.0	0.00045209375
271.392	0.0	0.0	0.0003421675
271.492	0.0	0.0	0.00016483200000000004
271.632	0.0	0.0	-6.308487500000001e-05
271.662	0.0	0.0	-0.000110177
271.722	0.0	0.0	-0.000202756875
271.832	0.0	0.0	-0.00035632000000000003
271.962	0.0	0.0	-0.0005569199999999999
271.992	0.0	0.0	-0.000576725
272.062	0.0	0.0	-0.0006159737500000001
272.162	0.0	0.0	-0.0006805737500000001
272.302	0.0	0.0	-0.0007643200000000001
272.332	0.0	0.0	-0.0007465337500000002
272.402	0.0	0.0	-0.0007130225000000002
272.502	0.0	0.0	-0.0006588137500000001
272.642	0.0	0.0	-0.000589135
272.672	0.0	0.0	-0.00054848375
272.732	0.0	0.0	-0.00046815875
272.842	0.0	0.0	-0.00033464500000000006
272.972	0.0	0.0	-0.000160112375
273.002	0.0	0.0	-0.00011475425000000001
273.072	0.0	0.0	-2.4463000000000003e-05
273.172	0.0	0.0	0.0001244655
273.312	0.0	0.0	0.0003176875
273.342	0.0	0.0	0.00034633250000000004
273.412	0.0	0.0	0.00040054125000000006
273.512	0.0	0.0	0.0004883037500000001
273.652	0.0	0.0	0.00060122625
273.682	0.0	0.0	0.00059888875
273.742	0.0	0.0	0.000594235
273.852	0.0	0.0	0.0005864575000000001
273.982	0.0	0.0	0.0005762787500000001
274.012	0.0	0.0	0.000547995
274.082	0.0	0.0	0.0004924475000000001
274.182	0.0	0.0	0.00040158250000000005
274.322	0.0	0.0	0.00028443125
274.352	0.0	0.0	0.00024796625
274.412	0.0	0.0	0.000175882
274.522	0.0	0.0	5.596187500000001e-05
274.652	0.0	0.0	-0.00010089287500000001
274.682	0.0	0.0	-0.000129601625
274.752	0.0	0.0	-0.00018731875
274.852	0.0	0.0	-0.00028288
274.992	0.0	0.0	-0.00040704375000000004
275.022	0.0	0.0	-0.0004150762500000001
275.092	0.0	0.0	-0.0004304400000000001
275.192	0.0	0.0	-0.00045540875000000007
275.332	0.0	0.0	-0.00048758125000000004
275.362	0.0	0.0	-0.0004734925
275.422	0.0	0.0	-0.00044523000000000007
275.532	0.0	0.0	-0.00039801250000000006
275.662	0.0	0.0	-0.00033615375
275.692	0.0	0.0	-0.00030878375000000007
275.762	0.0	0.0	-0.00025357625
275.862	0.0	0.0	-0.00016201
276.002	0.0	0.0	-4.298662500000001e-05
276.032	0.0	0.0	-1.5086225000000001e-05
276.102	0.0	0.0	3.8437000000000005e-05
276.202	0.0	0.0	0.000125598125
276.342	0.0	0.0	0.00023800000000000004
276.372	0.0	0.0	0.00025068625000000005
276.432	0.0	0.0	0.0002762075
276.542	0.0	0.0	0.00031898375000000004
276.672	0.0	0.0	0.00037504125000000003
276.702	0.0	0.0	0.00037070625000000003
276.772	0.0	0.0	0.00036188750000000003
276.872	0.0	0.0	0.00034724625000000003
277.012	0.0	0.0	0.00032820625
277.042	0.0	0.0	0.00030878375000000007
277.112	0.0	0.0	0.00027131999999999997
277.212	0.0	0.0	0.00021020075000000003
277.352	0.0	0.0	0.00013132075000000002
277.382	0.0	0.0	0.00010967337500000002
277.442	0.0	0.0	6.581975000000001e-05
277.542	0.0	0.0	-7.7979e-06
277.682	0.0	0.0	-0.00010435449999999999
277.712	0.0	0.0	-0.00012057462500000002
277.782	0.0	0.0	-0.000153646
277.882	0.0	0.0	-0.00020871537500000002
278.022	0.0	0.0	-0.00028039375
278.052	0.0	0.0	-0.00028360250000000005
278.122	0.0	0.0	-0.00028982875000000004
278.222	0.0	0.0	-0.00029998625
278.362	0.0	0.0	-0.0003130975000000001
278.392	0.0	0.0	-0.00030272750000000004
278.452	0.0	0.0	-0.00028160500000000004
278.552	0.0	0.0	-0.00024605375
278.692	0.0	0.0	-0.00019938875
278.722	0.0	0.0	-0.00018027437500000004
278.782	0.0	0.0	-0.00014108512500000004
278.892	0.0	0.0	-7.5698875e-05
279.032	0.0	0.0	9.4764375e-06
279.062	0.0	0.0	2.9252750000000002e-05
279.132	0.0	0.0	6.7745e-05
279.232	0.0	0.0	0.000130815
279.372	0.0	0.0	0.00021232787500000003
279.402	0.0	0.0	0.00022129750000000003
279.462	0.0	0.0	0.0002396575
279.562	0.0	0.0	0.00027059750000000003
279.702	0.0	0.0	0.00031124875
279.732	0.0	0.0	0.00030678625
279.792	0.0	0.0	0.00029760625000000004
279.902	0.0	0.0	0.00028226375000000003
280.042	0.0	0.0	0.0002622675
280.072	0.0	0.0	0.00024469375
280.142	0.0	0.0	0.00021031550000000004
280.242	0.0	0.0	0.00015386487500000003
280.382	0.0	0.0	8.085625e-05
280.412	0.0	0.0	6.09195e-05
280.472	0.0	0.0	1.9858125000000004e-05
280.572	0.0	0.0	-4.9510375000000005e-05
280.712	0.0	0.0	-0.00014068987500000002
280.742	0.0	0.0	-0.000155581875
280.802	0.0	0.0	-0.00018643475
280.912	0.0	0.0	-0.0002381275
281.052	0.0	0.0	-0.00030555375
281.082	0.0	0.0	-0.000307105
281.152	0.0	0.0	-0.00031014375000000007
281.252	0.0	0.0	-0.00031513750000000006
281.392	0.0	0.0	-0.0003215975
281.422	0.0	0.0	-0.00030912375
281.482	0.0	0.0	-0.00028328375000000004
281.582	0.0	0.0	-0.00023950875000000002
281.722	0.0	0.0	-0.00018195950000000002
281.752	0.0	0.0	-0.00016067125
281.812	0.0	0.0	-0.000116328875
281.922	0.0	0.0	-4.1883750000000004e-05
282.062	0.0	0.0	5.529887500000001e-05
282.092	0.0	0.0	7.5796625e-05
282.162	0.0	0.0	0.00011629275
282.262	0.0	0.0	0.00018304750000000002
282.402	0.0	0.0	0.00026951375
282.432	0.0	0.0	0.00027678125000000006
282.492	0.0	0.0	0.0002919325
282.592	0.0	0.0	0.00031762375000000004
282.732	0.0	0.0	0.00035145375000000004
282.762	0.0	0.0	0.00034354875000000004
282.822	0.0	0.0	0.00032701625000000005
282.932	0.0	0.0	0.0002992
283.072	0.0	0.0	0.0002628625
283.102	0.0	0.0	0.00024201625
283.172	0.0	0.0	0.00020058512500000002
283.272	0.0	0.0	0.00013216012500000002
283.412	0.0	0.0	4.3471125e-05
283.442	0.0	0.0	2.2960625e-05
283.502	0.0	0.0	-2.0001350000000005e-05
283.602	0.0	0.0	-9.3041e-05
283.742	0.0	0.0	-0.00018925675000000002
283.772	0.0	0.0	-0.00020187075
283.832	0.0	0.0	-0.00022843750000000002
283.942	0.0	0.0	-0.00027321125000000007
284.082	0.0	0.0	-0.00033175500000000004
284.112	0.0	0.0	-0.00032948125
284.182	0.0	0.0	-0.00032493375000000005
284.282	0.0	0.0	-0.00031743250000000004
284.422	0.0	0.0	-0.00030767875
284.452	0.0	0.0	-0.00029297375
284.512	0.0	0.0	-0.00026203375000000004
284.612	0.0	0.0	-0.000209304
284.752	0.0	0.0	-0.0001397995
284.782	0.0	0.0	-0.00011920612500000001
284.842	0.0	0.0	-7.559687500000001e-05
284.952	0.0	0.0	-1.93581125e-06
285.092	0.0	0.0	9.442650000000001e-05
285.122	0.0	0.0	0.00011145625
285.192	0.0	0.0	0.00014561775
285.292	0.0	0.0	0.00020227662500000004
285.432	0.0	0.0	0.00027582500000000005
285.462	0.0	0.0	0.00027960750000000003
285.522	0.0	0.0	0.00028761875000000005
285.622	0.0	0.0	0.00030128250000000006
285.762	0.0	0.0	0.00031932375000000003
285.792	0.0	0.0	0.0003097825
285.852	0.0	0.0	0.0002894675
285.962	0.0	0.0	0.00025504250000000004
286.102	0.0	0.0	0.00021000950000000002
286.132	0.0	0.0	0.00019025762500000001
286.202	0.0	0.0	0.000150426625
286.302	0.0	0.0	8.423500000000001e-05
286.442	0.0	0.0	-1.74794e-06
286.472	0.0	0.0	-1.9740399999999998e-05
286.532	0.0	0.0	-5.8084750000000007e-05
286.632	0.0	0.0	-0.000123692
286.772	0.0	0.0	-0.00021030275000000003
286.802	0.0	0.0	-0.0002205325
286.862	0.0	0.0	-0.00024244125000000004
286.972	0.0	0.0	-0.00027958625
287.112	0.0	0.0	-0.0003282700000000001
287.142	0.0	0.0	-0.00032448750000000005
287.212	0.0	0.0	-0.00031685875000000003
287.312	0.0	0.0	-0.0003041725
287.452	0.0	0.0	-0.00028766125
287.482	0.0	0.0	-0.00027219125
287.542	0.0	0.0	-0.00023874374999999999
287.642	0.0	0.0	-0.00018126250000000002
287.782	0.0	0.0	-0.00010520024999999999
287.812	0.0	0.0	-8.2409625e-05
287.872	0.0	0.0	-3.4333625e-05
287.982	0.0	0.0	4.6509875000000005e-05
288.122	0.0	0.0	0.00015177175000000002
288.152	0.0	0.0	0.00016907350000000003
288.212	0.0	0.0	0.00020595075000000003
288.312	0.0	0.0	0.00026911
288.452	0.0	0.0	0.00035251625000000007
288.482	0.0	0.0	0.00035649
288.542	0.0	0.0	0.00036509625
288.652	0.0	0.0	0.0003797375
288.792	0.0	0.0	0.00039896875
288.822	0.0	0.0	0.00038447625000000005
288.882	0.0	0.0	0.00035487500000000005
288.992	0.0	0.0	0.000305405
289.132	0.0	0.0	0.00024099625000000003
289.162	0.0	0.0	0.00021617625000000003
289.222	0.0	0.0	0.00016241375
289.322	0.0	0.0	6.990825e-05
289.462	0.0	0.0	-5.244075e-05
289.492	0.0	0.0	-7.861012500000001e-05
289.552	0.0	0.0	-0.00013551550000000001
289.662	0.0	0.0	-0.00023256000000000004
289.802	0.0	0.0	-0.00035993250000000004
289.832	0.0	0.0	-0.00037372375
289.892	0.0	0.0	-0.00040207125
290.002	0.0	0.0	-0.0004495225
290.142	0.0	0.0	-0.0005113387500000001
290.172	0.0	0.0	-0.0005034125
290.232	0.0	0.0	-0.00048615750000000004
290.332	0.0	0.0	-0.00045638625000000006
290.472	0.0	0.0	-0.0004169675
290.502	0.0	0.0	-0.00038978875000000005
290.562	0.0	0.0	-0.00033031000000000005
290.672	0.0	0.0	-0.00022867125
290.812	0.0	0.0	-9.5193625e-05
290.842	0.0	0.0	-5.893475000000001e-05
290.902	0.0	0.0	1.599615e-05
291.012	0.0	0.0	0.00014171412500000002
291.152	0.0	0.0	0.00030555375
291.182	0.0	0.0	0.00032820625
291.242	0.0	0.0	0.00037780375000000005
291.342	0.0	0.0	0.000463505
291.482	0.0	0.0	0.00057704375
291.512	0.0	0.0	0.0005774262500000001
291.572	0.0	0.0	0.0005782975
291.682	0.0	0.0	0.00057976375
291.822	0.0	0.0	0.00058171875
291.852	0.0	0.0	0.0005551562500000001
291.912	0.0	0.0	0.00049997
292.022	0.0	0.0	0.00040717125000000004
292.162	0.0	0.0	0.00028617375
292.192	0.0	0.0	0.00024909250000000003
292.252	0.0	0.0	0.00016733312500000002
292.352	0.0	0.0	2.57635e-05
292.492	0.0	0.0	-0.00016186975000000002
292.522	0.0	0.0	-0.00019551275
292.582	0.0	0.0	-0.00026996
292.692	0.0	0.0	-0.00039771500000000004
292.832	0.0	0.0	-0.0005657175
292.862	0.0	0.0	-0.00057780875
292.922	0.0	0.0	-0.00060305375
293.032	0.0	0.0	-0.000645575
293.172	0.0	0.0	-0.0007010800000000001
293.202	0.0	0.0	-0.00068427125
293.262	0.0	0.0	-0.0006469987500000001
293.362	0.0	0.0	-0.0005822924999999999
293.502	0.0	0.0	-0.0004964850000000001
293.532	0.0	0.0	-0.00045789500000000005
293.592	0.0	0.0	-0.00037198125000000005
293.702	0.0	0.0	-0.00022427249999999998
293.842	0.0	0.0	-2.9869e-05
293.872	0.0	0.0	1.42661875e-05
293.932	0.0	0.0	0.000106974625
294.042	0.0	0.0	0.00026347875
294.182	0.0	0.0	0.0004678825000000001
294.212	0.0	0.0	0.00049013125
294.272	0.0	0.0	0.0005397925
294.372	0.0	0.0	0.0006261525000000001
294.512	0.0	0.0	0.000740775
294.542	0.0	0.0	0.0007341237500000002
294.602	0.0	0.0	0.00071920625
294.712	0.0	0.0	0.0006934937499999999
294.852	0.0	0.0	0.0006596425000000002
294.882	0.0	0.0	0.0006231775000000001
294.942	0.0	0.0	0.00054614625
295.052	0.0	0.0	0.00041586250000000003
295.192	0.0	0.0	0.00024558625000000003
295.222	0.0	0.0	0.00020289925000000001
295.282	0.0	0.0	0.00010702562500000001
295.382	0.0	0.0	-6.0069500000000005e-05
295.522	0.0	0.0	-0.0002819875
295.552	0.0	0.0	-0.00031513750000000006
295.612	0.0	0.0	-0.00038983125
295.722	0.0	0.0	-0.0005187975
295.862	0.0	0.0	-0.0006887337500000001
295.892	0.0	0.0	-0.0006944075000000001
295.952	0.0	0.0	-0.0007064775
296.062	0.0	0.0	-0.00072692
296.202	0.0	0.0	-0.0007536737500000001
296.232	0.0	0.0	-0.0007298525000000002
296.292	0.0	0.0	-0.00067602625
296.392	0.0	0.0	-0.0005820162500000001
296.532	0.0	0.0	-0.000457045
296.562	0.0	0.0	-0.00041452375
296.622	0.0	0.0	-0.0003181125
296.732	0.0	0.0	-0.00015134250000000004
296.872	0.0	0.0	6.8605625e-05
296.902	0.0	0.0	0.00011087400000000001
296.962	0.0	0.0	0.00020115887500000003
297.072	0.0	0.0	0.00035449250000000004
297.212	0.0	0.0	0.0005551987500000001
297.242	0.0	0.0	0.0005714975
297.302	0.0	0.0	0.0006086
297.402	0.0	0.0	0.00067351875
297.542	0.0	0.0	0.0007598575
297.572	0.0	0.0	0.00074678875
297.632	0.0	0.0	0.0007170175
297.742	0.0	0.0	0.0006653800000000001
297.882	0.0	0.0	0.0005972525
297.912	0.0	0.0	0.000558195
297.972	0.0	0.0	0.0004743
298.082	0.0	0.0	0.00033152125
298.222	0.0	0.0	0.00014450637500000002
298.252	0.0	0.0	0.00010513437499999999
298.312	0.0	0.0	1.49874125e-05
298.412	0.0	0.0	-0.00014313150000000002
298.552	0.0	0.0	-0.00035357875000000005
298.582	0.0	0.0	-0.00037944000000000004
298.642	0.0	0.0	-0.00043877
298.752	0.0	0.0	-0.0005418537500000001
298.892	0.0	0.0	-0.0006779812500000001
298.922	0.0	0.0	-0.0006763875
298.982	0.0	0.0	-0.0006729662500000001
299.092	0.0	0.0	-0.0006671225000000001
299.232	0.0	0.0	-0.0006594512500000001
299.262	0.0	0.0	-0.0006338450000000001
299.322	0.0	0.0	-0.00057479125
299.422	0.0	0.0	-0.00047100625000000003
299.562	0.0	0.0	-0.000332775
299.592	0.0	0.0	-0.00029484375
299.652	0.0	0.0	-0.00020723000000000003
299.762	0.0	0.0	-5.47315e-05
299.902	0.0	0.0	0.000146797125
299.932	0.0	0.0	0.000179547625
299.992	0.0	0.0	0.00025070750000000003
300.102	0.0	0.0	0.00037232125000000003
300.242	0.0	0.0	0.0005318237500000001
300.272	0.0	0.0	0.0005401962500000001
300.332	0.0	0.0	0.00055961875
300.432	0.0	0.0	0.00059383125
300.572	0.0	0.0	0.00063943375
300.602	0.0	0.0	0.0006237087500000001
300.662	0.0	0.0	0.0005871587500000001
300.772	0.0	0.0	0.0005233875
300.912	0.0	0.0	0.00043908875000000006
300.942	0.0	0.0	0.0004053225
301.002	0.0	0.0	0.00033154250000000005
301.112	0.0	0.0	0.00020521762500000002
301.252	0.0	0.0	3.9403875e-05
301.282	0.0	0.0	9.993875000000001e-06
301.332	0.0	0.0	-5.868825e-05
301.442	0.0	0.0	-0.00017993437500000002
301.582	0.0	0.0	-0.00034163625000000006
301.612	0.0	0.0	-0.0003571700000000001
301.672	0.0	0.0	-0.00039352875
301.782	0.0	0.0	-0.000457045
301.922	0.0	0.0	-0.00054111
301.952	0.0	0.0	-0.0005346925000000001
302.012	0.0	0.0	-0.00052056125
302.122	0.0	0.0	-0.0004963575000000001
302.262	0.0	0.0	-0.00046456750000000005
302.292	0.0	0.0	-0.0004432112500000001
302.342	0.0	0.0	-0.000392615
302.452	0.0	0.0	-0.00030283375000000006
302.592	0.0	0.0	-0.00018283287500000001
302.622	0.0	0.0	-0.00015522062500000002
302.682	0.0	0.0	-9.175537500000001e-05
302.792	0.0	0.0	1.82169875e-05
302.932	0.0	0.0	0.000162879125
302.962	0.0	0.0	0.00018032750000000002
303.012	0.0	0.0	0.00022108500000000004
303.122	0.0	0.0	0.00029310125
303.262	0.0	0.0	0.00038919375
303.292	0.0	0.0	0.00039102125000000005
303.352	0.0	0.0	0.00039535625000000006
303.462	0.0	0.0	0.00040296375000000004
303.602	0.0	0.0	0.00041303625000000007
303.632	0.0	0.0	0.00039862875000000003
303.692	0.0	0.0	0.0003666262500000001
303.802	0.0	0.0	0.0003115462500000001
303.942	0.0	0.0	0.00023910500000000004
303.962	0.0	0.0	0.00021987375
304.022	0.0	0.0	0.00017413525000000002
304.132	0.0	0.0	9.294325000000001e-05
304.272	0.0	0.0	-1.5540975e-05
304.302	0.0	0.0	-3.1996125000000005e-05
304.362	0.0	0.0	-7.116200000000001e-05
304.472	0.0	0.0	-0.00013999500000000002
304.612	0.0	0.0	-0.00023124250000000003
304.642	0.0	0.0	-0.00023742625000000003
304.702	0.0	0.0	-0.00025126000000000006
304.812	0.0	0.0	-0.00027510250000000006
304.952	0.0	0.0	-0.00030648875000000004
304.972	0.0	0.0	-0.00030092125
305.032	0.0	0.0	-0.00028757625
305.142	0.0	0.0	-0.00026381875
305.282	0.0	0.0	-0.00023205000000000003
305.312	0.0	0.0	-0.00021923625000000002
305.372	0.0	0.0	-0.000188547
305.482	0.0	0.0	-0.000134480625
305.622	0.0	0.0	-6.2757625e-05
305.652	0.0	0.0	-4.833950000000001e-05
305.712	0.0	0.0	-1.59477e-05
305.822	0.0	0.0	4.005625e-05
305.962	0.0	0.0	0.00011379800000000001
305.982	0.0	0.0	0.00012181350000000002
306.042	0.0	0.0	0.00014113825
306.152	0.0	0.0	0.00017559300000000004
306.292	0.0	0.0	0.00022170125000000001
306.322	0.0	0.0	0.00022225374999999999
306.382	0.0	0.0	0.000223635
306.492	0.0	0.0	0.00022607875
306.632	0.0	0.0	0.00022930875
306.662	0.0	0.0	0.00022102125000000001
306.722	0.0	0.0	0.00020232125000000002
306.832	0.0	0.0	0.00016991075000000002
306.972	0.0	0.0	0.00012720675
306.992	0.0	0.0	0.00011437600000000002
307.052	0.0	0.0	8.322350000000001e-05
307.162	0.0	0.0	2.7561250000000003e-05
307.302	0.0	0.0	-4.69625e-05
307.332	0.0	0.0	-6.0928000000000003e-05
307.392	0.0	0.0	-9.483662500000001e-05
307.502	0.0	0.0	-0.000154802
307.642	0.0	0.0	-0.00023445125000000003
307.672	0.0	0.0	-0.00024248375000000003
307.732	0.0	0.0	-0.0002607375
307.842	0.0	0.0	-0.0002924425
307.982	0.0	0.0	-0.00033422000000000004
308.002	0.0	0.0	-0.00032988500000000003
308.062	0.0	0.0	-0.00031928125000000007
308.172	0.0	0.0	-0.000300305
308.312	0.0	0.0	-0.00027488999999999997
308.342	0.0	0.0	-0.000257975
308.402	0.0	0.0	-0.00021664375000000002
308.512	0.0	0.0	-0.00014340775
308.652	0.0	0.0	-4.605087500000001e-05
308.682	0.0	0.0	-2.163675e-05
308.742	0.0	0.0	3.4238e-05
308.852	0.0	0.0	0.00013144187500000002
308.992	0.0	0.0	0.00025969625000000005
309.012	0.0	0.0	0.00027571875000000003
309.072	0.0	0.0	0.00031520125
309.182	0.0	0.0	0.00038604875000000004
309.322	0.0	0.0	0.00048101500000000006
309.342	0.0	0.0	0.00048148250000000004
309.412	0.0	0.0	0.0004826087500000001
309.522	0.0	0.0	0.00048460625000000003
309.662	0.0	0.0	0.0004872625
309.692	0.0	0.0	0.00046658625000000004
309.752	0.0	0.0	0.00041896500000000004
309.862	0.0	0.0	0.00033596250000000004
310.002	0.0	0.0	0.00022635500000000002
310.022	0.0	0.0	0.000196636875
310.082	0.0	0.0	0.000122924875
310.192	0.0	0.0	-9.6413375e-06
310.332	0.0	0.0	-0.00018748875000000002
310.352	0.0	0.0	-0.00021556
310.422	0.0	0.0	-0.00028515375000000005
310.522	0.0	0.0	-0.00040897750000000005
310.672	0.0	0.0	-0.0005738137500000001
310.702	0.0	0.0	-0.0005840350000000001
310.762	0.0	0.0	-0.0006077075
310.872	0.0	0.0	-0.00064908125
311.012	0.0	0.0	-0.0007037362500000001
311.032	0.0	0.0	-0.0006882875
311.092	0.0	0.0	-0.0006496975
311.202	0.0	0.0	-0.00058014625
311.342	0.0	0.0	-0.000486795
311.362	0.0	0.0	-0.00045069125000000006
311.432	0.0	0.0	-0.00036057000000000005
311.532	0.0	0.0	-0.00019990512500000005
311.682	0.0	0.0	1.4094912500000002e-05
311.712	0.0	0.0	5.645487500000001e-05
311.772	0.0	0.0	0.000155254625
311.882	0.0	0.0	0.00032818500000000004
312.022	0.0	0.0	0.00055685625
312.042	0.0	0.0	0.0005778300000000001
312.102	0.0	0.0	0.0006306575
312.212	0.0	0.0	0.0007260912500000001
312.352	0.0	0.0	0.0008542712500000002
312.372	0.0	0.0	0.0008464725
312.442	0.0	0.0	0.00082688
312.542	0.0	0.0	0.0007918812500000001
312.692	0.0	0.0	0.0007452375
312.722	0.0	0.0	0.0007063500000000001
312.782	0.0	0.0	0.0006150600000000001
312.892	0.0	0.0	0.00045492000000000004
313.032	0.0	0.0	0.00024307875000000002
313.052	0.0	0.0	0.00019827525
313.112	0.0	0.0	8.468125000000002e-05
313.222	0.0	0.0	-0.00012093587500000002
313.362	0.0	0.0	-0.0003973325
313.382	0.0	0.0	-0.00043218250000000004
313.452	0.0	0.0	-0.00052039125
313.552	0.0	0.0	-0.0006783212500000002
313.702	0.0	0.0	-0.00088893
313.732	0.0	0.0	-0.0008936475
313.792	0.0	0.0	-0.0009047400000000001
313.902	0.0	0.0	-0.00092426875
314.042	0.0	0.0	-0.00095013
314.062	0.0	0.0	-0.0009222925000000001
314.122	0.0	0.0	-0.00085119
314.232	0.0	0.0	-0.0007221812500000001
314.372	0.0	0.0	-0.0005486750000000001
314.392	0.0	0.0	-0.0004994812500000001
314.452	0.0	0.0	-0.00037406375000000004
314.562	0.0	0.0	-0.00014902625000000002
314.712	0.0	0.0	0.00015129787500000003
314.742	0.0	0.0	0.00020040875000000002
314.802	0.0	0.0	0.00031719875
314.912	0.0	0.0	0.0005229200000000001
315.052	0.0	0.0	0.0007954512500000001
315.072	0.0	0.0	0.00081325875
315.132	0.0	0.0	0.000859095
315.242	0.0	0.0	0.0009424162500000002
315.382	0.0	0.0	0.00105457375
315.402	0.0	0.0	0.001037085
315.462	0.0	0.0	0.0009921625000000002
315.572	0.0	0.0	0.0009113912500000001
315.722	0.0	0.0	0.0008035475000000001
315.752	0.0	0.0	0.0007538012500000001
315.812	0.0	0.0	0.0006347375000000001
315.922	0.0	0.0	0.00042461749999999997
316.062	0.0	0.0	0.00014604275000000002
316.082	0.0	0.0	9.712525e-05
316.142	0.0	0.0	-2.9760625000000006e-05
316.252	0.0	0.0	-0.00026092875000000005
316.392	0.0	0.0	-0.00057228375
316.412	0.0	0.0	-0.00060407375
316.472	0.0	0.0	-0.00068626875
316.582	0.0	0.0	-0.0008344025000000002
316.732	0.0	0.0	-0.00103234625
316.762	0.0	0.0	-0.0010283725
316.822	0.0	0.0	-0.0010188525000000002
316.932	0.0	0.0	-0.00100200125
317.072	0.0	0.0	-0.00097964625
317.092	0.0	0.0	-0.0009450512500000001
317.152	0.0	0.0	-0.0008537612500000001
317.262	0.0	0.0	-0.0006865450000000001
317.402	0.0	0.0	-0.00046087000000000005
317.422	0.0	0.0	-0.00040725625
317.492	0.0	0.0	-0.00027138375
317.592	0.0	0.0	-2.8696000000000004e-05
317.742	0.0	0.0	0.00029371750000000004
317.762	0.0	0.0	0.00033392250000000007
317.822	0.0	0.0	0.00043823875
317.932	0.0	0.0	0.00062849
318.072	0.0	0.0	0.0008848712500000002
318.092	0.0	0.0	0.0008963675000000001
318.152	0.0	0.0	0.0009265212500000001
318.262	0.0	0.0	0.0009810700000000001
318.412	0.0	0.0	0.00105406375
318.442	0.0	0.0	0.001027905
318.502	0.0	0.0	0.0009641125
318.612	0.0	0.0	0.0008509137500000002
318.752	0.0	0.0	0.0007005912500000001
318.772	0.0	0.0	0.0006560087500000001
318.832	0.0	0.0	0.00053794375
318.942	0.0	0.0	0.00032157625
319.082	0.0	0.0	2.9641625000000003e-05
319.102	0.0	0.0	-1.6835950000000003e-05
319.162	0.0	0.0	-0.00013949987500000001
319.272	0.0	0.0	-0.00036173875000000005
319.422	0.0	0.0	-0.0006592387500000001
319.442	0.0	0.0	-0.0006849087500000001
319.512	0.0	0.0	-0.0007478937500000001
319.622	0.0	0.0	-0.0008599237500000001
319.762	0.0	0.0	-0.00100880125
319.782	0.0	0.0	-0.0009993875000000002
319.842	0.0	0.0	-0.00097420625
319.952	0.0	0.0	-0.0009279875000000001
320.092	0.0	0.0	-0.00086557625
320.112	0.0	0.0	-0.00082813375
320.172	0.0	0.0	-0.0007285562500000001
320.282	0.0	0.0	-0.00054776125
320.432	0.0	0.0	-0.00030559625
320.452	0.0	0.0	-0.00025519124999999997
320.522	0.0	0.0	-0.00013060675000000003
320.622	0.0	0.0	9.1389875e-05
320.772	0.0	0.0	0.00038662250000000005
320.792	0.0	0.0	0.0004173075
320.852	0.0	0.0	0.0004999275000000001
320.962	0.0	0.0	0.0006519500000000001
321.102	0.0	0.0	0.0008573737500000002
321.122	0.0	0.0	0.0008608800000000002
321.182	0.0	0.0	0.0008703150000000001
321.292	0.0	0.0	0.0008874850000000001
321.442	0.0	0.0	0.0009104987500000001
321.462	0.0	0.0	0.00088213
321.532	0.0	0.0	0.0008115375000000001
321.632	0.0	0.0	0.0006854825000000001
321.782	0.0	0.0	0.0005177350000000001
321.802	0.0	0.0	0.00047840125
321.862	0.0	0.0	0.00037172625000000004
321.972	0.0	0.0	0.00017498737500000003
322.112	0.0	0.0	-9.101375e-05
322.132	0.0	0.0	-0.000127221625
322.192	0.0	0.0	-0.00022501625
322.302	0.0	0.0	-0.00040330375
322.452	0.0	0.0	-0.00064243
322.472	0.0	0.0	-0.000657645
322.542	0.0	0.0	-0.0006957462500000001
322.642	0.0	0.0	-0.0007639375000000001
322.792	0.0	0.0	-0.0008547175
322.812	0.0	0.0	-0.0008417975000000001
322.872	0.0	0.0	-0.00080645875
322.982	0.0	0.0	-0.0007411575
323.122	0.0	0.0	-0.0006527787500000001
323.142	0.0	0.0	-0.00061988375
323.202	0.0	0.0	-0.0005302937500000001
323.312	0.0	0.0	-0.0003666475
323.462	0.0	0.0	-0.00014699475000000002
323.482	0.0	0.0	-0.00010812425000000001
323.552	0.0	0.0	-1.0035100000000002e-05
323.652	0.0	0.0	0.000165858375
323.802	0.0	0.0	0.00040024375
323.822	0.0	0.0	0.00042024
323.882	0.0	0.0	0.00047538375000000005
323.992	0.0	0.0	0.000577575
324.132	0.0	0.0	0.0007158912500000002
324.152	0.0	0.0	0.00071359625
324.212	0.0	0.0	0.0007072637500000001
324.322	0.0	0.0	0.0006956612500000001
324.472	0.0	0.0	0.0006801062500000001
324.492	0.0	0.0	0.0006546912500000001
324.552	0.0	0.0	0.0005901125
324.662	0.0	0.0	0.0004740875
324.812	0.0	0.0	0.00031936625000000005
324.832	0.0	0.0	0.00028951000000000004
324.892	0.0	0.0	0.000206428875
325.002	0.0	0.0	5.220275000000001e-05
325.142	0.0	0.0	-0.000156720875
325.162	0.0	0.0	-0.00018105000000000004
325.222	0.0	0.0	-0.00024834875
325.332	0.0	0.0	-0.00037179000000000004
325.482	0.0	0.0	-0.00053768875
325.502	0.0	0.0	-0.00054444625
325.562	0.0	0.0	-0.0005617650000000001
325.672	0.0	0.0	-0.0005929600000000001
325.822	0.0	0.0	-0.0006345675000000001
325.842	0.0	0.0	-0.00062186
325.902	0.0	0.0	-0.00058618125
326.002	0.0	0.0	-0.0005198175000000001
326.152	0.0	0.0	-0.0004298662500000001
326.172	0.0	0.0	-0.00040468500000000006
326.232	0.0	0.0	-0.00033445375
326.342	0.0	0.0	-0.00020533875
326.492	0.0	0.0	-3.1719875e-05
326.512	0.0	0.0	-4.9297875e-06
326.572	0.0	0.0	6.4160125e-05
326.682	0.0	0.0	0.00018882962500000003
326.832	0.0	0.0	0.00035527875000000003
326.852	0.0	0.0	0.00036692375000000005
326.912	0.0	0.0	0.00039990375000000005
327.012	0.0	0.0	0.00046138
327.162	0.0	0.0	0.000544765
327.182	0.0	0.0	0.00054009
327.242	0.0	0.0	0.0005269575
327.352	0.0	0.0	0.00050275375
327.502	0.0	0.0	0.0004701775
327.522	0.0	0.0	0.00044984125000000006
327.582	0.0	0.0	0.00039701375000000003
327.692	0.0	0.0	0.00030149500000000004
327.842	0.0	0.0	0.00017389512500000002
327.862	0.0	0.0	0.00015231575
327.922	0.0	0.0	9.071625000000001e-05
328.022	0.0	0.0	-2.4380125000000002e-05
328.172	0.0	0.0	-0.000180601625
328.192	0.0	0.0	-0.00019680687500000003
328.252	0.0	0.0	-0.00024273874999999998
328.362	0.0	0.0	-0.00032754750000000003
328.512	0.0	0.0	-0.00044174500000000006
328.532	0.0	0.0	-0.000444295
328.592	0.0	0.0	-0.00045098875
328.702	0.0	0.0	-0.00046310125
328.852	0.0	0.0	-0.0004792937500000001
328.872	0.0	0.0	-0.00046798875
328.932	0.0	0.0	-0.00043541250000000005
329.032	0.0	0.0	-0.00037442500000000006
329.182	0.0	0.0	-0.00029157125
329.202	0.0	0.0	-0.00027138375
329.262	0.0	0.0	-0.00021371125
329.372	0.0	0.0	-0.00010698100000000002
329.522	0.0	0.0	3.680925e-05
329.542	0.0	0.0	5.756625000000001e-05
329.602	0.0	0.0	0.00011231687500000001
329.712	0.0	0.0	0.00021172437500000001
329.862	0.0	0.0	0.0003447175000000001
329.882	0.0	0.0	0.00035300500000000004
329.942	0.0	0.0	0.00037710250000000004
330.042	0.0	0.0	0.0004223437500000001
330.192	0.0	0.0	0.0004838200000000001
330.212	0.0	0.0	0.00047831625000000004
330.272	0.0	0.0	0.0004624
330.382	0.0	0.0	0.00043290500000000003
330.532	0.0	0.0	0.00039314625000000006
330.552	0.0	0.0	0.00037378750000000005
330.612	0.0	0.0	0.00032234125
330.722	0.0	0.0	0.00022871375000000003
330.872	0.0	0.0	0.00010340675
330.892	0.0	0.0	8.304287500000001e-05
330.952	0.0	0.0	2.33325e-05
331.052	0.0	0.0	-8.896737500000001e-05
331.202	0.0	0.0	-0.00024167625
331.222	0.0	0.0	-0.00025693375
331.282	0.0	0.0	-0.00030126125
331.392	0.0	0.0	-0.00038362625000000006
331.542	0.0	0.0	-0.0004947425
331.562	0.0	0.0	-0.00049591125
331.622	0.0	0.0	-0.00049905625
331.732	0.0	0.0	-0.0005047725000000001
331.882	0.0	0.0	-0.0005124225000000001
331.902	0.0	0.0	-0.0004989925
331.962	0.0	0.0	-0.00045878749999999995
332.062	0.0	0.0	-0.00038277625000000007
332.212	0.0	0.0	-0.00027920375
332.232	0.0	0.0	-0.00025429875
332.292	0.0	0.0	-0.00018363825
332.402	0.0	0.0	-5.353512500000001e-05
332.552	0.0	0.0	0.00012097625
332.572	0.0	0.0	0.00014239625
332.632	0.0	0.0	0.000205238875
332.732	0.0	0.0	0.00032353125000000003
332.882	0.0	0.0	0.0004845
332.902	0.0	0.0	0.00049378625
332.962	0.0	0.0	0.0005212412500000001
333.072	0.0	0.0	0.0005724750000000001
333.222	0.0	0.0	0.0006416650000000001
333.242	0.0	0.0	0.0006310825000000002
333.302	0.0	0.0	0.00060237375
333.412	0.0	0.0	0.0005498650000000001
333.562	0.0	0.0	0.0004794425
333.582	0.0	0.0	0.0004559187500000001
333.642	0.0	0.0	0.00038522000000000003
333.742	0.0	0.0	0.00025147250000000004
333.892	0.0	0.0	6.92835e-05
333.912	0.0	0.0	4.052162500000001e-05
333.972	0.0	0.0	-4.508825e-05
334.082	0.0	0.0	-0.00020502637500000004
334.232	0.0	0.0	-0.00042115375
334.252	0.0	0.0	-0.000441235
334.312	0.0	0.0	-0.000496145
334.422	0.0	0.0	-0.0005968275
334.572	0.0	0.0	-0.0007319350000000001
334.592	0.0	0.0	-0.0007298312500000001
334.652	0.0	0.0	-0.00072345625
334.752	0.0	0.0	-0.000711365
334.902	0.0	0.0	-0.0006948750000000001
334.922	0.0	0.0	-0.00067201
334.982	0.0	0.0	-0.00060335125
335.092	0.0	0.0	-0.00047481000000000004
335.242	0.0	0.0	-0.00030098500000000003
335.262	0.0	0.0	-0.000264265
335.322	0.0	0.0	-0.000163057625
335.432	0.0	0.0	2.2888375000000004e-05
335.582	0.0	0.0	0.0002725525
335.602	0.0	0.0	0.0002982225
335.662	0.0	0.0	0.0003768687500000001
335.762	0.0	0.0	0.0005262775000000001
335.912	0.0	0.0	0.000730065
335.932	0.0	0.0	0.0007372475000000001
335.992	0.0	0.0	0.0007590075000000001
336.102	0.0	0.0	0.0007998287500000001
336.252	0.0	0.0	0.0008550787500000001
336.272	0.0	0.0	0.0008357200000000001
336.332	0.0	0.0	0.0007819362500000001
336.442	0.0	0.0	0.0006829325
336.592	0.0	0.0	0.0005499075
336.612	0.0	0.0	0.0005178625000000001
336.662	0.0	0.0	0.00041881625000000005
336.772	0.0	0.0	0.00023020125
336.922	0.0	0.0	-2.7221250000000003e-05
336.942	0.0	0.0	-6.115325e-05
337.002	0.0	0.0	-0.000164923375
337.112	0.0	0.0	-0.00036001750000000003
337.262	0.0	0.0	-0.000624155
337.282	0.0	0.0	-0.00064283375
337.342	0.0	0.0	-0.0006951300000000001
337.452	0.0	0.0	-0.0007916687500000001
337.602	0.0	0.0	-0.00092142125
337.622	0.0	0.0	-0.0009132400000000002
337.672	0.0	0.0	-0.0008876762500000001
337.782	0.0	0.0	-0.00083888625
337.932	0.0	0.0	-0.00077224625
337.952	0.0	0.0	-0.0007420925
338.012	0.0	0.0	-0.0006489962500000001
338.122	0.0	0.0	-0.00047362
338.272	0.0	0.0	-0.00023602375
338.292	0.0	0.0	-0.00019508350000000004
338.352	0.0	0.0	-7.944100000000001e-05
338.462	0.0	0.0	0.00013437012500000002
338.612	0.0	0.0	0.00042200375000000004
338.632	0.0	0.0	0.0004459100000000001
338.682	0.0	0.0	0.0005213475000000001
338.792	0.0	0.0	0.0006656137500000002
338.942	0.0	0.0	0.0008627712500000001
338.962	0.0	0.0	0.0008643225000000001
339.022	0.0	0.0	0.000869125
339.132	0.0	0.0	0.0008781987500000002
339.282	0.0	0.0	0.0008905025
339.302	0.0	0.0	0.0008650237500000001
339.362	0.0	0.0	0.0007924125
339.472	0.0	0.0	0.00065787875
339.622	0.0	0.0	0.00047678624999999996
339.642	0.0	0.0	0.00044336
339.692	0.0	0.0	0.00033683375000000007
339.802	0.0	0.0	0.00013266375000000003
339.952	0.0	0.0	-0.000146533625
339.972	0.0	0.0	-0.00017702525
340.032	0.0	0.0	-0.00027293500000000003
340.142	0.0	0.0	-0.00045441
340.292	0.0	0.0	-0.00070054875
340.312	0.0	0.0	-0.0007124275000000001
340.372	0.0	0.0	-0.0007465762500000001
340.482	0.0	0.0	-0.0008099862500000001
340.632	0.0	0.0	-0.0008953900000000001
340.652	0.0	0.0	-0.0008827887500000001
340.702	0.0	0.0	-0.0008422225000000001
340.812	0.0	0.0	-0.0007643412500000001
340.962	0.0	0.0	-0.00065775125
340.982	0.0	0.0	-0.0006277675000000001
341.042	0.0	0.0	-0.0005325675
341.152	0.0	0.0	-0.00035209125000000005
341.302	0.0	0.0	-0.000107127625
341.322	0.0	0.0	-7.2107625e-05
341.382	0.0	0.0	2.9363250000000004e-05
341.492	0.0	0.0	0.00021815250000000006
341.642	0.0	0.0	0.0004726212500000001
341.662	0.0	0.0	0.0004893025000000001
341.712	0.0	0.0	0.00054355375
341.822	0.0	0.0	0.0006479762500000001
341.972	0.0	0.0	0.0007909462500000001
341.992	0.0	0.0	0.0007873125
342.052	0.0	0.0	0.0007756250000000001
342.162	0.0	0.0	0.0007534400000000002
342.312	0.0	0.0	0.0007233075000000001
342.332	0.0	0.0	0.00069853
342.392	0.0	0.0	0.0006261312500000001
342.502	0.0	0.0	0.00049110875
342.652	0.0	0.0	0.00030903875
342.672	0.0	0.0	0.00028190250000000006
342.722	0.0	0.0	0.000192718375
342.832	0.0	0.0	2.0657125e-05
342.982	0.0	0.0	-0.00021507125
343.002	0.0	0.0	-0.00023647000000000002
343.062	0.0	0.0	-0.00030572375
343.172	0.0	0.0	-0.00043760125
343.322	0.0	0.0	-0.0006168237500000001
343.342	0.0	0.0	-0.00062145625
343.402	0.0	0.0	-0.00063509875
343.512	0.0	0.0	-0.0006605987500000001
343.662	0.0	0.0	-0.0006950237500000002
343.682	0.0	0.0	-0.00068221
343.732	0.0	0.0	-0.00063964625
343.842	0.0	0.0	-0.0005573662500000001
343.992	0.0	0.0	-0.00044455000000000004
344.012	0.0	0.0	-0.00042098375000000003
344.072	0.0	0.0	-0.00034386750000000004
344.182	0.0	0.0	-0.00019671975
344.332	0.0	0.0	3.3630250000000003e-06
344.352	0.0	0.0	2.7546375000000006e-05
344.412	0.0	0.0	9.9481875e-05
344.522	0.0	0.0	0.00023417500000000004
344.672	0.0	0.0	0.0004160537500000001
344.692	0.0	0.0	0.00042512750000000003
344.742	0.0	0.0	0.0004556
344.852	0.0	0.0	0.0005146325000000001
345.002	0.0	0.0	0.0005956374999999999
345.022	0.0	0.0	0.0005898787500000001
345.082	0.0	0.0	0.00057088125
345.192	0.0	0.0	0.000534565
345.342	0.0	0.0	0.00048513749999999997
345.362	0.0	0.0	0.0004658212500000001
345.422	0.0	0.0	0.00040785125
345.532	0.0	0.0	0.00029909375
345.682	0.0	0.0	0.00015213937500000002
345.702	0.0	0.0	0.00013382612500000002
345.752	0.0	0.0	7.1682625e-05
345.862	0.0	0.0	-4.9011e-05
346.012	0.0	0.0	-0.00021466750000000002
346.032	0.0	0.0	-0.00022714125000000002
346.092	0.0	0.0	-0.00026874875000000006
346.202	0.0	0.0	-0.0003484787500000001
346.352	0.0	0.0	-0.00045702375000000007
346.372	0.0	0.0	-0.0004571725
346.432	0.0	0.0	-0.0004576825
346.542	0.0	0.0	-0.0004586387500000001
346.692	0.0	0.0	-0.000459935
346.712	0.0	0.0	-0.00044984125000000006
346.762	0.0	0.0	-0.00041475750000000003
346.872	0.0	0.0	-0.0003462687500000001
347.022	0.0	0.0	-0.00025208874999999996
347.042	0.0	0.0	-0.0002354925
347.102	0.0	0.0	-0.00018176187500000004
347.212	0.0	0.0	-7.9732125e-05
347.362	0.0	0.0	5.840775000000001e-05
347.382	0.0	0.0	7.073912500000002e-05
347.432	0.0	0.0	0.000112627125
347.542	0.0	0.0	0.00019404862500000002
347.692	0.0	0.0	0.0003058725
347.712	0.0	0.0	0.00031025000000000003
347.772	0.0	0.0	0.00032518875000000006
347.882	0.0	0.0	0.00035391875000000003
348.032	0.0	0.0	0.0003930825
348.052	0.0	0.0	0.00038702625000000004
348.112	0.0	0.0	0.0003684325
348.222	0.0	0.0	0.00033337
348.372	0.0	0.0	0.00028587625
348.392	0.0	0.0	0.0002750175
348.442	0.0	0.0	0.00023700125000000003
348.552	0.0	0.0	0.00016273462500000001
348.702	0.0	0.0	6.063475000000001e-05
348.722	0.0	0.0	4.874325000000001e-05
348.782	0.0	0.0	7.924125000000001e-06
348.892	0.0	0.0	-7.0734875e-05
349.042	0.0	0.0	-0.000178000625
349.062	0.0	0.0	-0.00018549337500000003
349.122	0.0	0.0	-0.000208753625
349.232	0.0	0.0	-0.00025272625
349.382	0.0	0.0	-0.00031229
349.402	0.0	0.0	-0.00031127000000000005
349.452	0.0	0.0	-0.00030759375
349.562	0.0	0.0	-0.00030041125
349.712	0.0	0.0	-0.00029053
349.732	0.0	0.0	-0.00028281625000000006
349.782	0.0	0.0	-0.00025604125
349.902	0.0	0.0	-0.000204357
350.052	0.0	0.0	-0.00013383037499999998
350.072	0.0	0.0	-0.00012217687500000002
350.132	0.0	0.0	-8.565237500000002e-05
350.242	0.0	0.0	-1.64489875e-05
350.392	0.0	0.0	7.733725e-05
350.412	0.0	0.0	8.4849125e-05
350.462	0.0	0.0	0.00011171975
350.572	0.0	0.0	0.000164447375
350.722	0.0	0.0	0.00023702250000000004
350.742	0.0	0.0	0.00023919000000000002
350.792	0.0	0.0	0.00024673375
350.912	0.0	0.0	0.00026135375
351.062	0.0	0.0	0.0002813075
351.082	0.0	0.0	0.0002762075
351.142	0.0	0.0	0.00026003625000000003
351.252	0.0	0.0	0.00022935125
351.402	0.0	0.0	0.00018772250000000004
351.422	0.0	0.0	0.00017953275
351.472	0.0	0.0	0.000149886875
351.582	0.0	0.0	9.158325000000001e-05
351.732	0.0	0.0	1.12741875e-05
351.752	0.0	0.0	2.5349125e-06
351.802	0.0	0.0	-2.8462250000000003e-05
351.922	0.0	0.0	-8.85785e-05
352.072	0.0	0.0	-0.00017070550000000003
352.092	0.0	0.0	-0.00017581400000000002
352.152	0.0	0.0	-0.00019213825
352.262	0.0	0.0	-0.00022318875000000004
352.412	0.0	0.0	-0.00026534875
352.432	0.0	0.0	-0.000263755
352.482	0.0	0.0	-0.000257975
352.592	0.0	0.0	-0.00024656375
352.742	0.0	0.0	-0.00023083875000000004
352.762	0.0	0.0	-0.00022391125000000004
352.812	0.0	0.0	-0.00019902325
352.932	0.0	0.0	-0.00015065825
353.082	0.0	0.0	-8.454525e-05
353.102	0.0	0.0	-7.465975e-05
353.162	0.0	0.0	-4.2769875000000004e-05
353.272	0.0	0.0	1.8037e-05
353.422	0.0	0.0	0.00010059962500000001
353.432	0.0	0.0	0.000106451875
353.492	0.0	0.0	0.000128156625
353.602	0.0	0.0	0.00017102850000000002
353.752	0.0	0.0	0.00023015875
353.772	0.0	0.0	0.00023103000000000002
353.822	0.0	0.0	0.00023421750000000003
353.942	0.0	0.0	0.00024042250000000004
354.092	0.0	0.0	0.0002489225
354.112	0.0	0.0	0.00024344000000000004
354.172	0.0	0.0	0.00022556875
354.282	0.0	0.0	0.000191434875
354.432	0.0	0.0	0.00014505887500000002
354.442	0.0	0.0	0.00013761075000000002
354.502	0.0	0.0	0.00010963725
354.612	0.0	0.0	5.4264e-05
354.762	0.0	0.0	-2.2153125e-05
354.782	0.0	0.0	-2.9382375000000003e-05
354.832	0.0	0.0	-5.5915125e-05
354.952	0.0	0.0	-0.00010769925000000002
355.102	0.0	0.0	-0.00017857650000000001
355.122	0.0	0.0	-0.00018196587500000002
355.182	0.0	0.0	-0.000193126375
355.292	0.0	0.0	-0.00021449750000000005
355.442	0.0	0.0	-0.00024354625
355.452	0.0	0.0	-0.00024123000000000002
355.512	0.0	0.0	-0.00023241125
355.622	0.0	0.0	-0.0002149225
355.772	0.0	0.0	-0.00019078675
355.792	0.0	0.0	-0.00018419287500000001
355.842	0.0	0.0	-0.00015970650000000003
355.962	0.0	0.0	-0.00011181112500000002
356.112	0.0	0.0	-4.6220875e-05
356.132	0.0	0.0	-3.7774e-05
356.192	0.0	0.0	-9.692975e-06
356.302	0.0	0.0	4.4197875000000004e-05
356.452	0.0	0.0	0.000117501875
356.462	0.0	0.0	0.00012186875
356.522	0.0	0.0	0.00013868175
356.632	0.0	0.0	0.00017211012500000005
356.782	0.0	0.0	0.00021830125000000004
356.802	0.0	0.0	0.00021811
356.852	0.0	0.0	0.00021740875000000003
356.972	0.0	0.0	0.00021604874999999997
357.122	0.0	0.0	0.00021417875
357.142	0.0	0.0	0.000208621875
357.202	0.0	0.0	0.000189938875
357.312	0.0	0.0	0.00015401150000000002
357.462	0.0	0.0	0.00010510887500000001
357.472	0.0	0.0	9.853625000000001e-05
357.532	0.0	0.0	7.289387500000001e-05
357.642	0.0	0.0	2.1794000000000002e-05
357.792	0.0	0.0	-4.885162500000001e-05
357.812	0.0	0.0	-5.4691125000000004e-05
357.862	0.0	0.0	-7.6893125e-05
357.982	0.0	0.0	-0.0001205045
358.132	0.0	0.0	-0.00018030412500000004
358.152	0.0	0.0	-0.000182356875
358.212	0.0	0.0	-0.00018932050000000002
358.322	0.0	0.0	-0.000202742
358.472	0.0	0.0	-0.00022102125000000001
358.482	0.0	0.0	-0.00021828
358.542	0.0	0.0	-0.00020743187500000003
358.652	0.0	0.0	-0.00018576962500000004
358.802	0.0	0.0	-0.00015580287500000002
358.812	0.0	0.0	-0.00014960850000000003
358.872	0.0	0.0	-0.00012576600000000003
358.992	0.0	0.0	-7.883325e-05
359.142	0.0	0.0	-1.4440649999999999e-05
359.162	0.0	0.0	-7.130862500000001e-06
359.212	0.0	0.0	1.7950087500000002e-05
359.332	0.0	0.0	6.6387125e-05
359.482	0.0	0.0	0.000132398125
359.492	0.0	0.0	0.00013568550000000003
359.552	0.0	0.0	0.00014885200000000002
359.662	0.0	0.0	0.00017520625000000002
359.812	0.0	0.0	0.00021168825
359.822	0.0	0.0	0.000210738375
359.882	0.0	0.0	0.00020703875
359.992	0.0	0.0	0.000199739375
360.152	0.0	0.0	0.00018971787500000003
360.172	0.0	0.0	0.00018401862499999998
360.222	0.0	0.0	0.00016430075000000002
360.342	0.0	0.0	0.00012615700000000003
360.492	0.0	0.0	7.4154e-05
360.502	0.0	0.0	6.8231625e-05
360.562	0.0	0.0	4.377500000000001e-05
360.672	0.0	0.0	-5.4512625000000006e-06
360.822	0.0	0.0	-7.372050000000001e-05
360.842	0.0	0.0	-7.896287500000002e-05
360.892	0.0	0.0	-9.866800000000001e-05
361.012	0.0	0.0	-0.00013717725000000002
361.162	0.0	0.0	-0.00018975825000000003
361.172	0.0	0.0	-0.00019072937500000002
361.232	0.0	0.0	-0.000194626625
361.342	0.0	0.0	-0.00020243175000000003
361.492	0.0	0.0	-0.00021324375000000002
361.502	0.0	0.0	-0.00020987562500000002
361.562	0.0	0.0	-0.00019643075000000003
361.672	0.0	0.0	-0.00016979812500000002
361.832	0.0	0.0	-0.00013319500000000001
361.852	0.0	0.0	-0.000126106
361.902	0.0	0.0	-0.000101062875
362.022	0.0	0.0	-5.2423750000000015e-05
362.172	0.0	0.0	1.3970812500000001e-05
362.182	0.0	0.0	1.94830625e-05
362.242	0.0	0.0	4.2387375000000005e-05
362.352	0.0	0.0	8.851050000000001e-05
362.502	0.0	0.0	0.00015245600000000003
362.512	0.0	0.0	0.000155312
362.572	0.0	0.0	0.00016682737500000003
362.682	0.0	0.0	0.000189675375
362.842	0.0	0.0	0.00022108500000000004
362.862	0.0	0.0	0.00021913000000000002
362.912	0.0	0.0	0.00021216425000000001
363.032	0.0	0.0	0.000198596125
363.182	0.0	0.0	0.00018006187500000002
363.192	0.0	0.0	0.00017510425000000004
363.252	0.0	0.0	0.00015421125000000002
363.362	0.0	0.0	0.00011204487500000001
363.512	0.0	0.0	5.3547875e-05
363.522	0.0	0.0	4.713462500000001e-05
363.582	0.0	0.0	2.092275e-05
363.692	0.0	0.0	-3.119075e-05
363.852	0.0	0.0	-0.00010288825000000001
363.872	0.0	0.0	-0.00010783100000000002
363.922	0.0	0.0	-0.000125678875
364.042	0.0	0.0	-0.000160494875
364.192	0.0	0.0	-0.000208077875
364.202	0.0	0.0	-0.000208188375
364.262	0.0	0.0	-0.00020866225
364.372	0.0	0.0	-0.00020962487500000005
364.522	0.0	0.0	-0.00021095724999999998
364.532	0.0	0.0	-0.00020691975
364.592	0.0	0.0	-0.00019020662500000002
364.702	0.0	0.0	-0.000156903625
364.862	0.0	0.0	-0.00011105675
364.882	0.0	0.0	-0.000103955
364.932	0.0	0.0	-7.800662500000001e-05
365.052	0.0	0.0	-2.7282875000000004e-05
365.202	0.0	0.0	4.2083500000000005e-05
365.212	0.0	0.0	4.687325e-05
365.272	0.0	0.0	6.766637500000002e-05
365.382	0.0	0.0	0.00010981362500000001
365.532	0.0	0.0	0.00016835525
365.542	0.0	0.0	0.00017013387500000002
365.602	0.0	0.0	0.000177592625
365.712	0.0	0.0	0.00019248887500000002
365.872	0.0	0.0	0.00021301000000000002
365.892	0.0	0.0	0.0002102135
365.942	0.0	0.0	0.0001998775
366.062	0.0	0.0	0.00017963050000000002
366.212	0.0	0.0	0.00015192475000000002
366.222	0.0	0.0	0.00014711375000000002
366.282	0.0	0.0	0.00012592537500000003
366.392	0.0	0.0	8.2875e-05
366.542	0.0	0.0	2.30435e-05
366.552	0.0	0.0	1.76211375e-05
366.612	0.0	0.0	-5.455725e-06
366.722	0.0	0.0	-5.163325000000001e-05
366.882	0.0	0.0	-0.00011528125000000001
366.902	0.0	0.0	-0.00011876200000000001
366.952	0.0	0.0	-0.00013178825
367.072	0.0	0.0	-0.00015735837499999999
367.222	0.0	0.0	-0.00019236775000000002
367.232	0.0	0.0	-0.00019173025
367.292	0.0	0.0	-0.00018888062500000002
367.402	0.0	0.0	-0.00018307725000000003
367.552	0.0	0.0	-0.00017500650000000002
367.562	0.0	0.0	-0.00017111137500000001
367.622	0.0	0.0	-0.00015430475
367.732	0.0	0.0	-0.000120600125
367.892	0.0	0.0	-7.411787500000001e-05
367.912	0.0	0.0	-6.812962500000001e-05
367.962	0.0	0.0	-4.5460125000000004e-05
368.082	0.0	0.0	-8.627075000000002e-07
368.232	0.0	0.0	6.0235250000000006e-05
368.242	0.0	0.0	6.386262500000002e-05
368.302	0.0	0.0	8.0344125e-05
368.412	0.0	0.0	0.00011397862500000001
368.562	0.0	0.0	0.00016077750000000003
368.572	0.0	0.0	0.00016172100000000003
368.632	0.0	0.0	0.00016585200000000002
368.742	0.0	0.0	0.0001741565
368.902	0.0	0.0	0.00018561450000000002
368.912	0.0	0.0	0.00018269475
368.972	0.0	0.0	0.00017150237500000002
369.092	0.0	0.0	0.000149436375
369.242	0.0	0.0	0.000119189125
369.252	0.0	0.0	0.0001148435
369.312	0.0	0.0	9.4785625e-05
369.422	0.0	0.0	5.376250000000001e-05
369.572	0.0	0.0	-3.3528250000000004e-06
369.582	0.0	0.0	-8.1277e-06
369.642	0.0	0.0	-2.9335625000000003e-05
369.752	0.0	0.0	-7.205025000000001e-05
369.912	0.0	0.0	-0.0001310275
369.922	0.0	0.0	-0.00013393875
369.982	0.0	0.0	-0.000145231
370.092	0.0	0.0	-0.0001675435
370.252	0.0	0.0	-0.00019814987500000003
370.262	0.0	0.0	-0.00019720212500000002
370.322	0.0	0.0	-0.00019275662500000003
370.432	0.0	0.0	-0.00018364675000000002
370.582	0.0	0.0	-0.00017095412500000003
370.592	0.0	0.0	-0.00016671475
370.652	0.0	0.0	-0.000147600375
370.762	0.0	0.0	-0.00010901887500000002
370.922	0.0	0.0	-5.571962500000001e-05
370.932	0.0	0.0	-4.925537500000001e-05
370.992	0.0	0.0	-2.3851000000000003e-05
371.102	0.0	0.0	2.6445625000000005e-05
371.262	0.0	0.0	9.547837500000002e-05
371.272	0.0	0.0	9.926512500000001e-05
371.332	0.0	0.0	0.000117319125
371.442	0.0	0.0	0.00015441525000000004
371.592	0.0	0.0	0.00020612500000000004
371.602	0.0	0.0	0.000206734875
371.662	0.0	0.0	0.000209525
371.772	0.0	0.0	0.0002151775
371.932	0.0	0.0	0.00022297625
371.942	0.0	0.0	0.00021889625
372.002	0.0	0.0	0.00020267400000000002
372.112	0.0	0.0	0.000170490875
372.272	0.0	0.0	0.00012629300000000003
372.282	0.0	0.0	0.00012082325000000002
372.332	0.0	0.0	9.4301125e-05
372.452	0.0	0.0	3.9688625e-05
372.602	0.0	0.0	-3.648200000000001e-05
372.612	0.0	0.0	-4.213025000000001e-05
372.672	0.0	0.0	-6.837825e-05
372.782	0.0	0.0	-0.00012158612500000001
372.942	0.0	0.0	-0.00019518125000000003
372.952	0.0	0.0	-0.00019799475000000004
373.012	0.0	0.0	-0.000209335875
373.122	0.0	0.0	-0.00023188000000000004
373.282	0.0	0.0	-0.00026288375000000004
373.292	0.0	0.0	-0.0002609075
373.342	0.0	0.0	-0.00025123875
373.462	0.0	0.0	-0.00023128500000000002
373.612	0.0	0.0	-0.00020343262500000002
373.622	0.0	0.0	-0.000197627125
373.682	0.0	0.0	-0.00017023375
373.792	0.0	0.0	-0.00011458637500000001
373.952	0.0	0.0	-3.757000000000001e-05
373.962	0.0	0.0	-2.9735125e-05
374.022	0.0	0.0	2.2705625e-06
374.132	0.0	0.0	6.6045e-05
374.292	0.0	0.0	0.00015373312500000002
374.302	0.0	0.0	0.00015754750000000002
374.352	0.0	0.0	0.00017668525000000002
374.472	0.0	0.0	0.00021628250000000005
374.622	0.0	0.0	0.00027155375
374.632	0.0	0.0	0.00027117125000000004
374.692	0.0	0.0	0.00026932250000000007
374.802	0.0	0.0	0.00026556125
374.962	0.0	0.0	0.00026033375000000006
374.972	0.0	0.0	0.00025457500000000005
375.032	0.0	0.0	0.00023079625000000002
375.142	0.0	0.0	0.00018331312500000004
375.302	0.0	0.0	0.00011800975
375.312	0.0	0.0	0.00011190462500000001
375.362	0.0	0.0	8.000837500000002e-05
375.472	0.0	0.0	1.36682125e-05
375.632	0.0	0.0	-7.914137500000001e-05
375.642	0.0	0.0	-8.510837500000002e-05
375.702	0.0	0.0	-0.0001123955
375.812	0.0	0.0	-0.00016742875000000002
375.972	0.0	0.0	-0.0002432275
375.982	0.0	0.0	-0.00024463
376.032	0.0	0.0	-0.00025170625
376.152	0.0	0.0	-0.00026636875000000005
376.302	0.0	0.0	-0.0002868325
376.312	0.0	0.0	-0.00028364500000000007
376.372	0.0	0.0	-0.00026789875
376.482	0.0	0.0	-0.00023572625000000004
376.642	0.0	0.0	-0.00019113950000000004
376.652	0.0	0.0	-0.00018370200000000002
376.712	0.0	0.0	-0.000152201
376.822	0.0	0.0	-8.907362500000002e-05
376.982	0.0	0.0	-2.1386e-06
376.992	0.0	0.0	3.4556750000000006e-06
377.042	0.0	0.0	3.2920500000000004e-05
377.152	0.0	0.0	9.423525000000001e-05
377.312	0.0	0.0	0.0001799875
377.322	0.0	0.0	0.000183117625
377.382	0.0	0.0	0.00019879162500000002
377.492	0.0	0.0	0.00023088125000000003
377.652	0.0	0.0	0.0002754
377.662	0.0	0.0	0.00027376375
377.722	0.0	0.0	0.00026673000000000007
377.832	0.0	0.0	0.00025259875
377.992	0.0	0.0	0.00023313375000000002
378.002	0.0	0.0	0.00022862875000000005
378.052	0.0	0.0	0.000204431375
378.162	0.0	0.0	0.00015397750000000003
378.322	0.0	0.0	8.337012500000003e-05
378.332	0.0	0.0	7.7299e-05
378.392	0.0	0.0	4.635900000000001e-05
378.502	0.0	0.0	-1.7131962500000002e-05
378.662	0.0	0.0	-0.00010523637500000001
378.672	0.0	0.0	-0.00011022375
378.732	0.0	0.0	-0.00013193912500000001
378.842	0.0	0.0	-0.00017564825000000001
379.002	0.0	0.0	-0.00023591750000000002
379.012	0.0	0.0	-0.00023627875000000002
379.062	0.0	0.0	-0.00023825500000000004
379.172	0.0	0.0	-0.00024239875000000004
379.332	0.0	0.0	-0.00024822125000000005
379.342	0.0	0.0	-0.00024484250000000006
379.402	0.0	0.0	-0.00022735375
379.512	0.0	0.0	-0.00019140725000000002
379.672	0.0	0.0	-0.000141484625
379.682	0.0	0.0	-0.00013504162500000002
379.742	0.0	0.0	-0.00010657300000000001
379.852	0.0	0.0	-4.9149125e-05
380.012	0.0	0.0	3.0070875000000002e-05
380.022	0.0	0.0	3.4314500000000005e-05
380.072	0.0	0.0	5.799125000000001e-05
380.182	0.0	0.0	0.00010759725000000001
380.342	0.0	0.0	0.00017709749999999998
380.352	0.0	0.0	0.00017897175000000003
380.412	0.0	0.0	0.00018887
380.522	0.0	0.0	0.00020926787500000001
380.682	0.0	0.0	0.00023761749999999998
380.692	0.0	0.0	0.0002354925
380.752	0.0	0.0	0.000226015
380.862	0.0	0.0	0.00020685175000000001
381.022	0.0	0.0	0.00018039975000000004
381.032	0.0	0.0	0.00017648975
381.082	0.0	0.0	0.000154230375
381.192	0.0	0.0	0.000107488875
381.352	0.0	0.0	4.196662500000001e-05
381.362	0.0	0.0	3.716625e-05
381.422	0.0	0.0	1.13545125e-05
381.532	0.0	0.0	-4.1956e-05
381.692	0.0	0.0	-0.00011606325000000002
381.702	0.0	0.0	-0.000119614125
381.762	0.0	0.0	-0.000135772625
381.872	0.0	0.0	-0.00016850825
382.032	0.0	0.0	-0.00021371125
382.042	0.0	0.0	-0.00021352000000000003
382.092	0.0	0.0	-0.00021242775000000002
382.202	0.0	0.0	-0.000210109375
382.362	0.0	0.0	-0.00020685812500000002
382.372	0.0	0.0	-0.00020367912500000003
382.432	0.0	0.0	-0.00018626900000000003
382.542	0.0	0.0	-0.000150231125
382.702	0.0	0.0	-0.00010010450000000001
382.712	0.0	0.0	-9.4551875e-05
382.772	0.0	0.0	-6.888187500000001e-05
382.882	0.0	0.0	-1.67656125e-05
383.042	0.0	0.0	5.525637500000001e-05
383.052	0.0	0.0	5.8641500000000004e-05
383.102	0.0	0.0	7.874612500000002e-05
383.212	0.0	0.0	0.00012115262500000002
383.372	0.0	0.0	0.00018066750000000003
383.382	0.0	0.0	0.00018187237500000002
383.442	0.0	0.0	0.000188591625
383.552	0.0	0.0	0.000202527375
383.712	0.0	0.0	0.000221935
383.722	0.0	0.0	0.00021951250000000003
383.782	0.0	0.0	0.00020820112500000002
383.892	0.0	0.0	0.000185181
384.052	0.0	0.0	0.00015334850000000002
384.062	0.0	0.0	0.000149623375
384.112	0.0	0.0	0.00012701975
384.222	0.0	0.0	7.923700000000001e-05
384.382	0.0	0.0	1.2138000000000001e-05
384.392	0.0	0.0	7.759225e-06
384.452	0.0	0.0	-1.7155125e-05
384.562	0.0	0.0	-6.895200000000001e-05
384.722	0.0	0.0	-0.000141076625
384.732	0.0	0.0	-0.000144030375
384.792	0.0	0.0	-0.000158110625
384.902	0.0	0.0	-0.0001868215
385.062	0.0	0.0	-0.00022654625
385.072	0.0	0.0	-0.00022593000000000003
385.122	0.0	0.0	-0.00022210500000000003
385.232	0.0	0.0	-0.00021398750000000002
385.392	0.0	0.0	-0.00020258475000000002
385.402	0.0	0.0	-0.00019909125
385.452	0.0	0.0	-0.000178816625
385.572	0.0	0.0	-0.00013657375
385.732	0.0	0.0	-7.77155e-05
385.742	0.0	0.0	-7.2099125e-05
385.802	0.0	0.0	-4.4869375000000006e-05
385.912	0.0	0.0	1.07678e-05
386.072	0.0	0.0	8.779225e-05
386.082	0.0	0.0	9.0833125e-05
386.132	0.0	0.0	0.00011013874999999999
386.242	0.0	0.0	0.000151136375
386.402	0.0	0.0	0.00020877275000000004
386.412	0.0	0.0	0.00020937837500000002
386.462	0.0	0.0	0.0002129675
386.582	0.0	0.0	0.0002204475
386.742	0.0	0.0	0.00023088125000000003
386.752	0.0	0.0	0.0002278
386.812	0.0	0.0	0.00021254250000000003
386.922	0.0	0.0	0.000181305
387.082	0.0	0.0	0.00013804000000000003
387.092	0.0	0.0	0.000134217125
387.142	0.0	0.0	0.00010936950000000001
387.252	0.0	0.0	5.648250000000001e-05
387.412	0.0	0.0	-1.7911625000000005e-05
387.422	0.0	0.0	-2.1910875000000002e-05
387.472	0.0	0.0	-4.6093375000000007e-05
387.592	0.0	0.0	-9.670025000000002e-05
387.752	0.0	0.0	-0.00016728850000000004
387.762	0.0	0.0	-0.00016939225
387.822	0.0	0.0	-0.00017993862500000003
387.932	0.0	0.0	-0.000201579625
388.092	0.0	0.0	-0.00023158250000000004
388.102	0.0	0.0	-0.00023041375000000004
388.152	0.0	0.0	-0.00022276375000000002
388.262	0.0	0.0	-0.00020639275
388.422	0.0	0.0	-0.00018336625
388.432	0.0	0.0	-0.000179789875
388.482	0.0	0.0	-0.00015769625
388.602	0.0	0.0	-0.00011136487500000001
388.762	0.0	0.0	-4.670112500000001e-05
388.772	0.0	0.0	-4.1707375000000005e-05
388.832	0.0	0.0	-1.62622e-05
388.942	0.0	0.0	3.606975e-05
389.102	0.0	0.0	0.000108647
389.112	0.0	0.0	0.000110867625
389.162	0.0	0.0	0.000126018875
389.272	0.0	0.0	0.000158416625
389.432	0.0	0.0	0.00020404250000000002
389.442	0.0	0.0	0.000203951125
389.492	0.0	0.0	0.00020336675000000003
389.612	0.0	0.0	0.000202140625
389.772	0.0	0.0	0.000200427875
389.782	0.0	0.0	0.00019722550000000002
389.842	0.0	0.0	0.00018068237500000004
389.952	0.0	0.0	0.000146605875
390.112	0.0	0.0	9.932675000000002e-05
390.122	0.0	0.0	9.623275000000001e-05
390.172	0.0	0.0	7.3862875e-05
390.282	0.0	0.0	2.57635e-05
390.442	0.0	0.0	-4.210050000000001e-05
390.452	0.0	0.0	-4.5396375e-05
390.502	0.0	0.0	-6.488050000000001e-05
390.622	0.0	0.0	-0.0001054425
390.782	0.0	0.0	-0.00016178687500000003
390.792	0.0	0.0	-0.00016265175000000002
390.842	0.0	0.0	-0.000168574125
390.952	0.0	0.0	-0.00018124975000000004
391.112	0.0	0.0	-0.00019910825
391.122	0.0	0.0	-0.00019768662500000003
391.172	0.0	0.0	-0.00018831750000000003
391.292	0.0	0.0	-0.00016854012500000005
391.452	0.0	0.0	-0.00014089600000000003
391.462	0.0	0.0	-0.00013706250000000003
391.522	0.0	0.0	-0.00011656900000000002
391.632	0.0	0.0	-7.417737500000001e-05
391.792	0.0	0.0	-1.529745e-05
391.802	0.0	0.0	-1.25389875e-05
391.852	0.0	0.0	7.6336375e-06
391.962	0.0	0.0	5.102975000000001e-05
392.122	0.0	0.0	0.00011223612500000002
392.132	0.0	0.0	0.00011403387500000002
392.182	0.0	0.0	0.00012609537500000002
392.302	0.0	0.0	0.00015159325
392.462	0.0	0.0	0.000187252875
392.472	0.0	0.0	0.000186725875
392.532	0.0	0.0	0.00018386350000000002
392.642	0.0	0.0	0.0001779305
392.802	0.0	0.0	0.000169683375
392.812	0.0	0.0	0.00016763275000000004
392.862	0.0	0.0	0.000152224375
392.972	0.0	0.0	0.00011900000000000002
393.132	0.0	0.0	7.211400000000001e-05
393.142	0.0	0.0	6.89435e-05
393.192	0.0	0.0	4.7162250000000004e-05
393.312	0.0	0.0	1.01626e-06
393.472	0.0	0.0	-6.355875e-05
393.482	0.0	0.0	-6.66485e-05
393.542	0.0	0.0	-8.3782375e-05
393.652	0.0	0.0	-0.0001193825
393.812	0.0	0.0	-0.00016888437500000002
393.822	0.0	0.0	-0.000169360375
393.872	0.0	0.0	-0.00017303025
393.982	0.0	0.0	-0.00018096287500000003
394.142	0.0	0.0	-0.00019216375000000004
394.152	0.0	0.0	-0.00019056575
394.202	0.0	0.0	-0.000179313875
394.322	0.0	0.0	-0.00015542675
394.482	0.0	0.0	-0.00012197925000000002
394.492	0.0	0.0	-0.000118184
394.542	0.0	0.0	-9.672787500000001e-05
394.662	0.0	0.0	-5.205400000000001e-05
394.822	0.0	0.0	1.0105012500000002e-05
394.832	0.0	0.0	1.2589775000000001e-05
394.882	0.0	0.0	3.2378625000000004e-05
394.992	0.0	0.0	7.524200000000001e-05
395.152	0.0	0.0	0.000135798125
395.162	0.0	0.0	0.000137204875
395.212	0.0	0.0	0.00014736237500000002
395.332	0.0	0.0	0.00016897787500000003
395.492	0.0	0.0	0.000199259125
395.502	0.0	0.0	0.00019826037500000004
395.552	0.0	0.0	0.00019250162500000003
395.672	0.0	0.0	0.00018048050000000001
395.832	0.0	0.0	0.00016374825000000002
395.842	0.0	0.0	0.000161582875
395.892	0.0	0.0	0.00014379875
396.002	0.0	0.0	0.00010519175
396.162	0.0	0.0	5.061537500000001e-05
396.172	0.0	0.0	4.7583e-05
396.222	0.0	0.0	2.5111125000000003e-05
396.342	0.0	0.0	-2.2816125000000005e-05
396.502	0.0	0.0	-8.999375e-05
396.512	0.0	0.0	-9.2609625e-05
396.562	0.0	0.0	-0.000108001
396.682	0.0	0.0	-0.00014018625000000002
396.842	0.0	0.0	-0.000185017375
396.852	0.0	0.0	-0.00018508325000000003
396.902	0.0	0.0	-0.00018564637500000002
397.012	0.0	0.0	-0.00018687037500000002
397.172	0.0	0.0	-0.00018860225
397.182	0.0	0.0	-0.00018675775000000005
397.232	0.0	0.0	-0.00017271575
397.352	0.0	0.0	-0.00014270650000000002
397.512	0.0	0.0	-0.00010061662500000001
397.522	0.0	0.0	-9.6970125e-05
397.572	0.0	0.0	-7.507837500000001e-05
397.692	0.0	0.0	-2.9193250000000007e-05
397.852	0.0	0.0	3.47565e-05
397.862	0.0	0.0	3.675825000000001e-05
397.912	0.0	0.0	5.426824999999999e-05
398.022	0.0	0.0	9.245450000000001e-05
398.182	0.0	0.0	0.00014649962500000002
398.192	0.0	0.0	0.00014731562500000002
398.242	0.0	0.0	0.00015369912500000002
398.362	0.0	0.0	0.00016737775000000003
398.522	0.0	0.0	0.00018657075
398.532	0.0	0.0	0.00018518737500000003
398.582	0.0	0.0	0.00017671075000000002
398.702	0.0	0.0	0.00015890750000000002
398.862	0.0	0.0	0.000134079
398.872	0.0	0.0	0.00013214525000000002
398.922	0.0	0.0	0.000114654375
399.032	0.0	0.0	7.6421375e-05
399.192	0.0	0.0	2.2280625e-05
399.202	0.0	0.0	1.9900200000000003e-05
399.252	0.0	0.0	7.350375000000001e-07
399.372	0.0	0.0	-4.0409000000000006e-05
399.532	0.0	0.0	-9.817500000000001e-05
399.542	0.0	0.0	-9.9926e-05
399.592	0.0	0.0	-0.00011090375000000002
399.712	0.0	0.0	-0.00013401100000000002
399.872	0.0	0.0	-0.00016625150000000003
399.882	0.0	0.0	-0.000166028375
399.932	0.0	0.0	-0.00016394800000000002
400.042	0.0	0.0	-0.000159385625
400.202	0.0	0.0	-0.00015292137500000003
400.212	0.0	0.0	-0.00015126812500000002
400.262	0.0	0.0	-0.00013755550000000001
400.382	0.0	0.0	-0.00010804987500000001
400.542	0.0	0.0	-6.660175e-05
400.552	0.0	0.0	-6.3650125e-05
400.602	0.0	0.0	-4.472487500000001e-05
400.722	0.0	0.0	-4.8044125e-06
400.882	0.0	0.0	5.092987500000001e-05
400.892	0.0	0.0	5.238550000000001e-05
400.942	0.0	0.0	6.654012500000001e-05
401.052	0.0	0.0	9.7624625e-05
401.212	0.0	0.0	0.000141688625
401.222	0.0	0.0	0.00014216675
401.272	0.0	0.0	0.00014625737500000003
401.392	0.0	0.0	0.000155074
401.552	0.0	0.0	0.00016746912500000002
401.562	0.0	0.0	0.00016607937499999999
401.612	0.0	0.0	0.000156954625
401.732	0.0	0.0	0.000137668125
401.892	0.0	0.0	0.000110723125
401.902	0.0	0.0	0.00010900187500000001
401.952	0.0	0.0	9.162575e-05
402.062	0.0	0.0	5.338000000000001e-05
402.222	0.0	0.0	-8.6634125e-07
402.232	0.0	0.0	-3.0485250000000006e-06
402.282	0.0	0.0	-2.2299750000000003e-05
402.402	0.0	0.0	-6.390300000000001e-05
402.562	0.0	0.0	-0.000122410625
402.572	0.0	0.0	-0.00012404687500000003
402.622	0.0	0.0	-0.00013502462500000002
402.742	0.0	0.0	-0.00015828275000000003
402.902	0.0	0.0	-0.00019079100000000002
402.902	0.0	0.0	-0.00019046800000000003
402.962	0.0	0.0	-0.000187085
403.072	0.0	0.0	-0.00017961987500000003
403.232	0.0	0.0	-0.00016902675
403.242	0.0	0.0	-0.00016710150000000002
403.292	0.0	0.0	-0.00014955325
403.412	0.0	0.0	-0.00011154762500000002
403.572	0.0	0.0	-5.8069875e-05
403.582	0.0	0.0	-5.452325000000001e-05
403.632	0.0	0.0	-3.0147375e-05
403.752	0.0	0.0	2.1613375000000004e-05
403.912	0.0	0.0	9.3999375e-05
403.912	0.0	0.0	9.564625000000002e-05
403.972	0.0	0.0	0.000113664125
404.082	0.0	0.0	0.00015350575000000003
404.242	0.0	0.0	0.000210079625
404.252	0.0	0.0	0.00021045575000000006
404.302	0.0	0.0	0.00021400875000000003
404.422	0.0	0.0	0.00022170125000000001
404.582	0.0	0.0	0.00023253875000000003
404.592	0.0	0.0	0.00023032875000000003
404.642	0.0	0.0	0.00021481625000000006
404.762	0.0	0.0	0.00018184475
404.922	0.0	0.0	0.000135711
404.922	0.0	0.0	0.00013351800000000003
404.982	0.0	0.0	0.00010703625000000001
405.092	0.0	0.0	4.8144000000000005e-05
405.252	0.0	0.0	-3.5629875e-05
405.262	0.0	0.0	-3.8881125000000005e-05
405.312	0.0	0.0	-6.653587500000001e-05
405.432	0.0	0.0	-0.00012598275000000003
405.592	0.0	0.0	-0.000209250875
405.592	0.0	0.0	-0.0002103835
405.652	0.0	0.0	-0.00022284875000000003
405.762	0.0	0.0	-0.00025041
405.922	0.0	0.0	-0.00028959499999999997
405.932	0.0	0.0	-0.00028868125000000003
405.982	0.0	0.0	-0.000279395
406.102	0.0	0.0	-0.000259165
406.262	0.0	0.0	-0.00023066875000000002
406.272	0.0	0.0	-0.00022669500000000004
406.322	0.0	0.0	-0.00019735300000000002
406.442	0.0	0.0	-0.000134693125
406.602	0.0	0.0	-4.693700000000001e-05
406.602	0.0	0.0	-4.420850000000001e-05
406.662	0.0	0.0	-1.058165e-05
406.772	0.0	0.0	6.4232375e-05
406.932	0.0	0.0	0.00017062475000000004
406.942	0.0	0.0	0.00017295800000000002
406.992	0.0	0.0	0.00019718725
407.112	0.0	0.0	0.00025009125
407.272	0.0	0.0	0.00032467875
407.282	0.0	0.0	0.00032463625000000003
407.332	0.0	0.0	0.00032438125000000003
407.452	0.0	0.0	0.0003238075000000001
407.612	0.0	0.0	0.0003230212500000001
407.612	0.0	0.0	0.0003210875
407.662	0.0	0.0	0.00029614
407.782	0.0	0.0	0.000240465
407.942	0.0	0.0	0.000161272625
407.942	0.0	0.0	0.000157481625
408.002	0.0	0.0	0.000116558375
408.122	0.0	0.0	2.700875e-05
408.282	0.0	0.0	-9.93225e-05
408.292	0.0	0.0	-0.000104016625
408.342	0.0	0.0	-0.00014043487500000002
408.462	0.0	0.0	-0.0002185775
408.622	0.0	0.0	-0.00032812125
408.622	0.0	0.0	-0.0003289925
408.672	0.0	0.0	-0.0003409137500000001
408.792	0.0	0.0	-0.00036753999999999997
408.952	0.0	0.0	-0.00040545
408.952	0.0	0.0	-0.00040377125
409.012	0.0	0.0	-0.0003847737500000001
409.122	0.0	0.0	-0.0003431662500000001
409.292	0.0	0.0	-0.00028441
409.302	0.0	0.0	-0.00027892750000000006
409.352	0.0	0.0	-0.00023511000000000002
409.472	0.0	0.0	-0.00014092362500000002
409.632	0.0	0.0	-8.777525e-06
409.632	0.0	0.0	-5.670350000000001e-06
409.682	0.0	0.0	3.90745e-05
409.802	0.0	0.0	0.00013931500000000002
409.962	0.0	0.0	0.00028209375000000006
409.962	0.0	0.0	0.00028443125
410.022	0.0	0.0	0.00031167375
410.132	0.0	0.0	0.00037157750000000006
410.302	0.0	0.0	0.0004561737500000001
410.312	0.0	0.0	0.0004552175
410.362	0.0	0.0	0.00044737625
410.482	0.0	0.0	0.00043046125
410.642	0.0	0.0	0.00040674625000000007
410.642	0.0	0.0	0.00040421750000000007
410.692	0.0	0.0	0.000365755
410.812	0.0	0.0	0.0002794162500000001
410.972	0.0	0.0	0.00015634475000000003
410.972	0.0	0.0	0.00015190562500000003
411.032	0.0	0.0	9.7441875e-05
411.142	0.0	0.0	-2.253775e-05
411.312	0.0	0.0	-0.00019207025000000003
411.322	0.0	0.0	-0.00019705975
411.372	0.0	0.0	-0.0002393175
411.492	0.0	0.0	-0.00033060749999999997
411.652	0.0	0.0	-0.00045878749999999995
411.652	0.0	0.0	-0.00045923375
411.702	0.0	0.0	-0.00046648
411.822	0.0	0.0	-0.00048282125
411.982	0.0	0.0	-0.00050611125
411.982	0.0	0.0	-0.00050364625
412.042	0.0	0.0	-0.0004720262500000001
412.152	0.0	0.0	-0.00040222
412.322	0.0	0.0	-0.000303535
412.332	0.0	0.0	-0.00029699000000000007
412.382	0.0	0.0	-0.0002396575
412.502	0.0	0.0	-0.00011560637500000001
412.662	0.0	0.0	5.872012500000001e-05
412.662	0.0	0.0	6.166325e-05
412.712	0.0	0.0	0.00011275675
412.832	0.0	0.0	0.00022801250000000002
412.992	0.0	0.0	0.00039246625000000004
412.992	0.0	0.0	0.00039422999999999997
413.052	0.0	0.0	0.00041826375000000003
413.162	0.0	0.0	0.00047138875000000003
413.332	0.0	0.0	0.00054657125
413.342	0.0	0.0	0.00054448875
413.392	0.0	0.0	0.0005258525
413.512	0.0	0.0	0.00048541375
413.672	0.0	0.0	0.0004285487500000001
413.672	0.0	0.0	0.0004259137500000001
413.722	0.0	0.0	0.00037678375000000004
413.842	0.0	0.0	0.00026571
414.002	0.0	0.0	0.0001071425
414.002	0.0	0.0	0.00010296687500000002
414.062	0.0	0.0	4.358587500000001e-05
414.172	0.0	0.0	-8.81025e-05
414.342	0.0	0.0	-0.00027448625000000003
414.352	0.0	0.0	-0.0002785875
414.402	0.0	0.0	-0.00031681625000000007
414.522	0.0	0.0	-0.00039992500000000003
414.682	0.0	0.0	-0.00051682125
414.682	0.0	0.0	-0.00051673625
414.732	0.0	0.0	-0.0005148025
414.852	0.0	0.0	-0.0005104037500000001
415.012	0.0	0.0	-0.00050411375
415.012	0.0	0.0	-0.0005014575
415.072	0.0	0.0	-0.00046148625
415.182	0.0	0.0	-0.00037261875
415.352	0.0	0.0	-0.00024677625
415.362	0.0	0.0	-0.00024074125000000002
415.412	0.0	0.0	-0.00018225275
415.532	0.0	0.0	-5.4839875e-05
415.692	0.0	0.0	0.00012449737500000002
415.692	0.0	0.0	0.000126520375
415.742	0.0	0.0	0.000170816
415.862	0.0	0.0	0.0002714475
416.022	0.0	0.0	0.00041524625000000006
416.022	0.0	0.0	0.000416075
416.082	0.0	0.0	0.00042942
416.192	0.0	0.0	0.00045912750000000005
416.362	0.0	0.0	0.000501245
416.372	0.0	0.0	0.0004986950000000001
416.422	0.0	0.0	0.00047319500000000004
416.542	0.0	0.0	0.00041749875
416.702	0.0	0.0	0.000339065
416.702	0.0	0.0	0.00033711
416.752	0.0	0.0	0.00029031750000000007
416.872	0.0	0.0	0.00018379762500000003
417.032	0.0	0.0	3.147762500000001e-05
417.032	0.0	0.0	2.8638625000000002e-05
417.092	0.0	0.0	-1.9472650000000004e-05
417.202	0.0	0.0	-0.000126885875
417.372	0.0	0.0	-0.00027916125
417.382	0.0	0.0	-0.00028149875
417.432	0.0	0.0	-0.00030580875
417.552	0.0	0.0	-0.00035901875000000005
417.712	0.0	0.0	-0.00043398875000000005
417.712	0.0	0.0	-0.00043364874999999995
417.762	0.0	0.0	-0.00042440500000000004
417.882	0.0	0.0	-0.00040332500000000006
418.042	0.0	0.0	-0.00037315000000000004
418.042	0.0	0.0	-0.00037115250000000003
418.102	0.0	0.0	-0.00033511250000000005
418.212	0.0	0.0	-0.0002544475
418.382	0.0	0.0	-0.00014002049999999999
418.382	0.0	0.0	-0.00013591500000000002
418.442	0.0	0.0	-9.191262500000002e-05
418.562	0.0	0.0	4.545800000000001e-06
418.722	0.0	0.0	0.00014051350000000002
418.722	0.0	0.0	0.00014131462500000002
418.772	0.0	0.0	0.00016931150000000001
418.892	0.0	0.0	0.00023358
419.052	0.0	0.0	0.00032567750000000003
419.052	0.0	0.0	0.00032589
419.112	0.0	0.0	0.00032907750000000006
419.222	0.0	0.0	0.00033611125
419.392	0.0	0.0	0.00034603500000000007
419.392	0.0	0.0	0.00034524875
419.442	0.0	0.0	0.00032397750000000004
419.562	0.0	0.0	0.00027535749999999995
419.722	0.0	0.0	0.000205799875
419.722	0.0	0.0	0.00020413175
419.772	0.0	0.0	0.0001692605
419.892	0.0	0.0	9.0905375e-05
420.062	0.0	0.0	-2.0339862500000006e-05
420.062	0.0	0.0	-2.2979750000000003e-05
420.122	0.0	0.0	-5.355425e-05
420.232	0.0	0.0	-0.0001208615
420.402	0.0	0.0	-0.00021583625000000002
420.402	0.0	0.0	-0.00021615500000000002
420.452	0.0	0.0	-0.00022750250000000004
420.572	0.0	0.0	-0.00025357625
420.732	0.0	0.0	-0.0002909125
420.732	0.0	0.0	-0.00029046625000000005
420.782	0.0	0.0	-0.0002804575
420.902	0.0	0.0	-0.00025789
421.072	0.0	0.0	-0.00022586625000000003
421.072	0.0	0.0	-0.00022372
421.132	0.0	0.0	-0.000197642
421.242	0.0	0.0	-0.00014011187500000003
421.412	0.0	0.0	-5.888375000000001e-05
421.412	0.0	0.0	-5.8269625000000004e-05
421.462	0.0	0.0	-3.1390500000000004e-05
421.582	0.0	0.0	3.048525e-05
421.742	0.0	0.0	0.000119180625
421.742	0.0	0.0	0.0001199095
421.792	0.0	0.0	0.00013763412500000002
421.912	0.0	0.0	0.000177618125
422.082	0.0	0.0	0.00023445125000000003
422.082	0.0	0.0	0.00023440875000000003
422.142	0.0	0.0	0.00023394125000000005
422.252	0.0	0.0	0.00023292125
422.422	0.0	0.0	0.00023147625000000002
422.422	0.0	0.0	0.00023115750000000002
422.472	0.0	0.0	0.00021460375000000002
422.592	0.0	0.0	0.000176402625
422.752	0.0	0.0	0.0001216095
422.752	0.0	0.0	0.00012064900000000002
422.802	0.0	0.0	9.491950000000001e-05
422.922	0.0	0.0	3.6747625e-05
423.092	0.0	0.0	-4.5970125000000004e-05
423.092	0.0	0.0	-4.7640375000000004e-05
423.152	0.0	0.0	-6.9884875e-05
423.262	0.0	0.0	-0.00011918700000000002
423.432	0.0	0.0	-0.000188867875
423.432	0.0	0.0	-0.000188978375
423.482	0.0	0.0	-0.000196537
423.602	0.0	0.0	-0.00021400875000000003
423.762	0.0	0.0	-0.00023910500000000004
423.762	0.0	0.0	-0.000238765
423.812	0.0	0.0	-0.000228905
423.932	0.0	0.0	-0.000206573375
424.102	0.0	0.0	-0.000174794
424.102	0.0	0.0	-0.00017310250000000002
424.162	0.0	0.0	-0.00014939175
424.272	0.0	0.0	-9.673e-05
424.442	0.0	0.0	-2.2255125e-05
424.442	0.0	0.0	-2.1995875000000002e-05
424.492	0.0	0.0	2.6061e-06
424.612	0.0	0.0	5.963600000000001e-05
424.772	0.0	0.0	0.00014151437500000002
424.772	0.0	0.0	0.000141984
424.822	0.0	0.0	0.00015787687500000002
424.942	0.0	0.0	0.000193976375
425.112	0.0	0.0	0.0002453525
425.112	0.0	0.0	0.00024520375000000003
425.172	0.0	0.0	0.00024276
425.282	0.0	0.0	0.0002373625
425.452	0.0	0.0	0.00022971250000000006
425.452	0.0	0.0	0.000229585
425.502	0.0	0.0	0.00021047912500000003
425.612	0.0	0.0	0.00016606025000000002
425.782	0.0	0.0	0.00010225500000000002
425.782	0.0	0.0	0.00010151762500000001
425.832	0.0	0.0	7.2743e-05
425.952	0.0	0.0	7.242425000000001e-06
426.122	0.0	0.0	-8.603912500000001e-05
426.122	0.0	0.0	-8.756700000000001e-05
426.182	0.0	0.0	-0.000111496625
426.292	0.0	0.0	-0.00016488725
426.462	0.0	0.0	-0.000240465
426.462	0.0	0.0	-0.00024048625000000002
426.512	0.0	0.0	-0.00024669125000000003
426.622	0.0	0.0	-0.00026114125000000003
426.792	0.0	0.0	-0.00028192375000000004
426.792	0.0	0.0	-0.00028160500000000004
426.842	0.0	0.0	-0.00026683625000000004
426.962	0.0	0.0	-0.00023313375000000002
427.132	0.0	0.0	-0.00018513425000000002
427.132	0.0	0.0	-0.00018330887500000003
427.192	0.0	0.0	-0.000152870375
427.302	0.0	0.0	-8.480875e-05
427.472	0.0	0.0	1.1596125e-05
427.472	0.0	0.0	1.1545550000000002e-05
427.522	0.0	0.0	4.1018875000000006e-05
427.632	0.0	0.0	0.00010983275000000001
427.802	0.0	0.0	0.00020878975000000003
427.802	0.0	0.0	0.000209085125
427.852	0.0	0.0	0.00022563250000000003
427.972	0.0	0.0	0.00026345750000000004
428.142	0.0	0.0	0.00031736875000000004
428.142	0.0	0.0	0.00031696500000000005
428.202	0.0	0.0	0.00030965500000000004
428.312	0.0	0.0	0.00029327125000000004
428.482	0.0	0.0	0.000270045
428.482	0.0	0.0	0.00027008749999999997
428.532	0.0	0.0	0.000243185
428.642	0.0	0.0	0.00018000025000000002
428.812	0.0	0.0	8.907575e-05
428.812	0.0	0.0	8.856575e-05
428.862	0.0	0.0	5.1975375e-05
428.982	0.0	0.0	-3.1887750000000007e-05
429.152	0.0	0.0	-0.00015150825000000002
429.152	0.0	0.0	-0.000152934125
429.212	0.0	0.0	-0.00018013625000000004
429.322	0.0	0.0	-0.00024123000000000002
429.492	0.0	0.0	-0.00032786625000000004
429.492	0.0	0.0	-0.00032761125000000004
429.542	0.0	0.0	-0.00033094750000000006
429.652	0.0	0.0	-0.0003382575
429.822	0.0	0.0	-0.00034875500000000007
429.822	0.0	0.0	-0.00034852125000000005
429.872	0.0	0.0	-0.00032533750000000004
429.992	0.0	0.0	-0.00027208500000000004
430.162	0.0	0.0	-0.00019608862500000002
430.162	0.0	0.0	-0.00019414212500000003
430.212	0.0	0.0	-0.00015406887500000002
430.332	0.0	0.0	-6.386050000000001e-05
430.502	0.0	0.0	6.4121875e-05
430.502	0.0	0.0	6.3586375e-05
430.552	0.0	0.0	9.855537500000001e-05
430.662	0.0	0.0	0.00018068237500000004
430.832	0.0	0.0	0.00029896625000000004
430.832	0.0	0.0	0.0002990725
430.882	0.0	0.0	0.0003145425
431.002	0.0	0.0	0.0003501787500000001
431.172	0.0	0.0	0.00040105125
431.172	0.0	0.0	0.00040037125000000004
431.222	0.0	0.0	0.0003854325
431.342	0.0	0.0	0.0003517300000000001
431.512	0.0	0.0	0.00030389625000000004
431.512	0.0	0.0	0.00030415125000000004
431.562	0.0	0.0	0.0002679625
431.672	0.0	0.0	0.00018164075000000001
431.842	0.0	0.0	5.725812500000001e-05
431.842	0.0	0.0	5.7166750000000006e-05
431.892	0.0	0.0	1.30736375e-05
432.012	0.0	0.0	-8.8669875e-05
432.182	0.0	0.0	-0.00023402625
432.182	0.0	0.0	-0.00023517375
432.232	0.0	0.0	-0.00026333
432.352	0.0	0.0	-0.000326995
432.522	0.0	0.0	-0.00041743500000000007
432.522	0.0	0.0	-0.00041684000000000003
432.572	0.0	0.0	-0.00041490625
432.682	0.0	0.0	-0.00040876500000000006
432.852	0.0	0.0	-0.00039994625
432.852	0.0	0.0	-0.00039994625
432.902	0.0	0.0	-0.0003671575
433.022	0.0	0.0	-0.0002912100000000001
433.192	0.0	0.0	-0.000182658625
433.192	0.0	0.0	-0.00018082687500000003
433.242	0.0	0.0	-0.000132495875
433.362	0.0	0.0	-2.3020125000000002e-05
433.532	0.0	0.0	0.00013251500000000001
433.532	0.0	0.0	0.00013105725000000002
433.582	0.0	0.0	0.0001683255
433.692	0.0	0.0	0.00025625375
433.862	0.0	0.0	0.00038324375000000006
433.862	0.0	0.0	0.00038337125000000006
433.912	0.0	0.0	0.00039442125000000003
434.032	0.0	0.0	0.0004197725
434.202	0.0	0.0	0.00045579125
434.202	0.0	0.0	0.00045555750000000005
434.252	0.0	0.0	0.00043447750000000007
434.362	0.0	0.0	0.00038286125
434.532	0.0	0.0	0.00030842250000000004
434.532	0.0	0.0	0.00030863500000000003
434.582	0.0	0.0	0.00026292625
434.702	0.0	0.0	0.00015625125000000002
434.872	0.0	0.0	3.6292875000000005e-06
434.872	0.0	0.0	2.1838625000000003e-06
434.922	0.0	0.0	-4.505425000000001e-05
435.042	0.0	0.0	-0.00015251125000000004
435.212	0.0	0.0	-0.00030534125
435.212	0.0	0.0	-0.0003038325
435.262	0.0	0.0	-0.00032765375000000005
435.372	0.0	0.0	-0.00038252125
435.542	0.0	0.0	-0.00046176250000000006
435.542	0.0	0.0	-0.00046146500000000004
435.592	0.0	0.0	-0.00045198750000000006
435.712	0.0	0.0	-0.00042893125
435.882	0.0	0.0	-0.00039593000000000007
435.882	0.0	0.0	-0.0003948675000000001
435.932	0.0	0.0	-0.00035487500000000005
436.052	0.0	0.0	-0.0002637125
436.222	0.0	0.0	-0.000133991875
436.222	0.0	0.0	-0.000135424125
436.272	0.0	0.0	-8.911400000000001e-05
436.382	0.0	0.0	2.207875e-05
436.552	0.0	0.0	0.00018270325000000002
436.552	0.0	0.0	0.000181889375
436.602	0.0	0.0	0.00021683500000000005
436.722	0.0	0.0	0.00029777625
436.892	0.0	0.0	0.00041367375
436.892	0.0	0.0	0.00041375875
436.942	0.0	0.0	0.0004172012500000001
437.062	0.0	0.0	0.00042502125
437.232	0.0	0.0	0.00043619875000000004
437.232	0.0	0.0	0.00043605
437.282	0.0	0.0	0.00041018875
437.392	0.0	0.0	0.0003453125
437.562	0.0	0.0	0.00025153625
437.562	0.0	0.0	0.00025213125000000003
437.612	0.0	0.0	0.00020672
437.732	0.0	0.0	9.977300000000002e-05
437.902	0.0	0.0	-5.3467125e-05
437.902	0.0	0.0	-5.4238500000000006e-05
437.952	0.0	0.0	-9.5049125e-05
438.072	0.0	0.0	-0.00018851937500000002
438.242	0.0	0.0	-0.00032166125
438.242	0.0	0.0	-0.00031987625
438.292	0.0	0.0	-0.00033570750000000004
438.402	0.0	0.0	-0.00037094000000000005
438.572	0.0	0.0	-0.0004218975
438.572	0.0	0.0	-0.00042151499999999996
438.622	0.0	0.0	-0.00040672500000000003
438.742	0.0	0.0	-0.00037026
438.912	0.0	0.0	-0.00031798500000000007
438.912	0.0	0.0	-0.00031741125000000006
438.962	0.0	0.0	-0.00027894875000000004
439.082	0.0	0.0	-0.00019065712500000004
439.252	0.0	0.0	-6.482100000000001e-05
439.252	0.0	0.0	-6.6663375e-05
439.302	0.0	0.0	-2.8186e-05
439.412	0.0	0.0	6.44725e-05
439.582	0.0	0.0	0.0001985345
439.582	0.0	0.0	0.00019736787500000002
439.632	0.0	0.0	0.00022163750000000004
439.752	0.0	0.0	0.00027746125000000004
439.922	0.0	0.0	0.00035753125
439.922	0.0	0.0	0.00035748875000000003
439.972	0.0	0.0	0.00035383375000000005
440.092	0.0	0.0	0.00034539750000000006
440.262	0.0	0.0	0.00033339125
440.262	0.0	0.0	0.0003335825000000001
440.312	0.0	0.0	0.00030903875
440.422	0.0	0.0	0.00024703125
440.592	0.0	0.0	0.000157256375
440.592	0.0	0.0	0.00015814462500000003
440.642	0.0	0.0	0.00012254025
440.762	0.0	0.0	3.806937500000001e-05
440.932	0.0	0.0	-8.314700000000002e-05
440.932	0.0	0.0	-8.334037500000002e-05
440.982	0.0	0.0	-0.00011062537500000001
441.102	0.0	0.0	-0.00017353812500000003
441.272	0.0	0.0	-0.00026330875000000006
441.272	0.0	0.0	-0.00026177875
441.322	0.0	0.0	-0.00026862125
441.432	0.0	0.0	-0.00028226375000000003
441.602	0.0	0.0	-0.000302005
441.602	0.0	0.0	-0.00030179250000000006
441.652	0.0	0.0	-0.000286875
441.772	0.0	0.0	-0.000249815
441.942	0.0	0.0	-0.000196611375
441.942	0.0	0.0	-0.00019652425000000004
441.992	0.0	0.0	-0.00016814062500000002
442.112	0.0	0.0	-0.00010254400000000001
442.282	0.0	0.0	-8.906300000000001e-06
442.282	0.0	0.0	-1.0610125000000002e-05
442.332	0.0	0.0	1.3854150000000002e-05
442.442	0.0	0.0	7.2638875e-05
442.612	0.0	0.0	0.0001578195
442.612	0.0	0.0	0.00015677187500000002
442.662	0.0	0.0	0.000168871625
442.782	0.0	0.0	0.000196118375
442.952	0.0	0.0	0.00023525875
442.952	0.0	0.0	0.00023523750000000005
443.002	0.0	0.0	0.00022875625
443.122	0.0	0.0	0.00021369
443.292	0.0	0.0	0.00019216587500000003
443.292	0.0	0.0	0.00019258237500000003
443.332	0.0	0.0	0.00017543362500000004
443.452	0.0	0.0	0.00013191575
443.622	0.0	0.0	6.882025000000001e-05
443.622	0.0	0.0	6.967237500000001e-05
443.672	0.0	0.0	4.8930250000000005e-05
443.792	0.0	0.0	-4.252125e-07
443.962	0.0	0.0	-7.136175000000001e-05
443.962	0.0	0.0	-7.1257625e-05
444.012	0.0	0.0	-8.4292375e-05
444.132	0.0	0.0	-0.00011445887500000001
444.302	0.0	0.0	-0.00015756875000000003
444.302	0.0	0.0	-0.00015668262500000003
444.342	0.0	0.0	-0.0001576495
444.462	0.0	0.0	-0.00015786200000000001
444.632	0.0	0.0	-0.00015817012500000003
444.632	0.0	0.0	-0.00015816587500000001
444.682	0.0	0.0	-0.00014811675000000001
444.802	0.0	0.0	-0.00012300775000000002
444.972	0.0	0.0	-8.6897625e-05
444.972	0.0	0.0	-8.699325000000002e-05
445.022	0.0	0.0	-7.1963125e-05
445.142	0.0	0.0	-3.6898500000000006e-05
445.312	0.0	0.0	1.3235562500000002e-05
445.312	0.0	0.0	1.21458625e-05
445.352	0.0	0.0	2.3523750000000003e-05
445.472	0.0	0.0	5.0668500000000005e-05
445.642	0.0	0.0	9.006175e-05
445.642	0.0	0.0	8.943487500000001e-05
445.692	0.0	0.0	9.384850000000001e-05
445.812	0.0	0.0	0.00010336850000000001
445.982	0.0	0.0	0.00011706625000000001
445.982	0.0	0.0	0.00011701525000000001
446.032	0.0	0.0	0.00011261225
446.152	0.0	0.0	0.000102087125
446.322	0.0	0.0	8.7029375e-05
446.322	0.0	0.0	8.737362500000002e-05
446.362	0.0	0.0	7.8372125e-05
446.482	0.0	0.0	5.5366875000000005e-05
446.652	0.0	0.0	2.1964000000000002e-05
446.652	0.0	0.0	2.2533500000000004e-05
446.702	0.0	0.0	1.18167e-05
446.822	0.0	0.0	-1.3869025000000002e-05
446.992	0.0	0.0	-5.0842750000000004e-05
446.992	0.0	0.0	-5.0657875e-05
447.042	0.0	0.0	-5.78255e-05
447.162	0.0	0.0	-7.443025000000001e-05
447.332	0.0	0.0	-9.819625000000001e-05
447.332	0.0	0.0	-9.76225e-05
447.372	0.0	0.0	-9.838112500000001e-05
447.492	0.0	0.0	-9.8882625e-05
447.662	0.0	0.0	-9.960725000000001e-05
447.662	0.0	0.0	-9.959450000000002e-05
447.712	0.0	0.0	-9.303250000000001e-05
447.832	0.0	0.0	-7.627475000000001e-05
448.002	0.0	0.0	-5.2141125e-05
448.002	0.0	0.0	-5.22835e-05
448.052	0.0	0.0	-4.0685250000000005e-05
448.172	0.0	0.0	-1.3312912500000002e-05
448.342	0.0	0.0	2.5876125000000003e-05
448.342	0.0	0.0	2.48285e-05
448.382	0.0	0.0	3.5090125000000007e-05
448.502	0.0	0.0	6.0173625000000004e-05
448.672	0.0	0.0	9.667475000000001e-05
448.672	0.0	0.0	9.6154125e-05
448.722	0.0	0.0	0.000100990625
448.842	0.0	0.0	0.00011172187500000002
449.012	0.0	0.0	0.000127098375
449.012	0.0	0.0	0.00012672862500000002
449.052	0.0	0.0	0.00012300775000000002
449.172	0.0	0.0	0.00011203425000000001
449.342	0.0	0.0	9.608400000000001e-05
449.342	0.0	0.0	9.641125000000001e-05
449.392	0.0	0.0	8.444962500000001e-05
449.512	0.0	0.0	5.4412750000000005e-05
449.682	0.0	0.0	1.1115662500000002e-05
449.682	0.0	0.0	1.1467562500000001e-05
449.732	0.0	0.0	-3.3235e-06
449.852	0.0	0.0	-3.8247875e-05
450.022	0.0	0.0	-8.8300125e-05
450.022	0.0	0.0	-8.694012500000002e-05
450.062	0.0	0.0	-9.6353875e-05
450.182	0.0	0.0	-0.00011833487500000001
450.352	0.0	0.0	-0.00015030975
450.352	0.0	0.0	-0.0001496255
450.402	0.0	0.0	-0.000149206875
450.522	0.0	0.0	-0.0001463445
450.692	0.0	0.0	-0.00014221775
450.692	0.0	0.0	-0.000142256
450.742	0.0	0.0	-0.00013027100000000003
450.862	0.0	0.0	-0.00010119037500000002
451.032	0.0	0.0	-5.9489375000000005e-05
451.032	0.0	0.0	-6.0670875e-05
451.072	0.0	0.0	-4.444862500000001e-05
451.192	0.0	0.0	-3.095275e-06
451.362	0.0	0.0	5.709450000000001e-05
451.362	0.0	0.0	5.5736625e-05
451.412	0.0	0.0	7.052237499999999e-05
451.532	0.0	0.0	0.00010560400000000001
451.702	0.0	0.0	0.000156223625
451.702	0.0	0.0	0.00015569237500000005
451.752	0.0	0.0	0.00015986587500000003
451.872	0.0	0.0	0.00016879512500000003
452.042	0.0	0.0	0.000181604625
452.032	0.0	0.0	0.00018122637500000004
452.082	0.0	0.0	0.00017351475000000003
452.202	0.0	0.0	0.0001511045
452.372	0.0	0.0	0.00011847087500000001
452.372	0.0	0.0	0.00011924650000000001
452.422	0.0	0.0	0.000101181875
452.542	0.0	0.0	5.569837500000001e-05
452.712	0.0	0.0	-9.963487500000001e-06
452.712	0.0	0.0	-9.1997625e-06
452.762	0.0	0.0	-2.8585500000000003e-05
452.882	0.0	0.0	-7.451525000000002e-05
453.052	0.0	0.0	-0.0001404455
453.042	0.0	0.0	-0.000138424625
453.092	0.0	0.0	-0.00014873937500000002
453.212	0.0	0.0	-0.00017188700000000002
453.382	0.0	0.0	-0.00020561287500000004
453.382	0.0	0.0	-0.00020477137500000001
453.432	0.0	0.0	-0.00020116950000000002
453.552	0.0	0.0	-0.00018939912500000002
453.722	0.0	0.0	-0.00017240125
453.722	0.0	0.0	-0.00017261800000000003
453.772	0.0	0.0	-0.00015503575000000002
453.892	0.0	0.0	-0.00011192162500000001
454.062	0.0	0.0	-5.000337500000001e-05
454.052	0.0	0.0	-5.197325e-05
454.102	0.0	0.0	-3.12035e-05
454.222	0.0	0.0	2.1660125000000005e-05
454.392	0.0	0.0	9.871900000000001e-05
454.392	0.0	0.0	9.670875000000001e-05
454.442	0.0	0.0	0.00011320087500000001
454.562	0.0	0.0	0.00015183975000000003
454.732	0.0	0.0	0.00020766987500000003
454.732	0.0	0.0	0.00020689212500000004
454.782	0.0	0.0	0.00020874725
454.902	0.0	0.0	0.00021143537500000004
455.072	0.0	0.0	0.00021530500000000003
455.062	0.0	0.0	0.0002151775
455.112	0.0	0.0	0.00020316700000000003
455.232	0.0	0.0	0.00016878875000000005
455.402	0.0	0.0	0.00011865150000000001
455.402	0.0	0.0	0.00012001787500000001
455.442	0.0	0.0	9.7433375e-05
455.572	0.0	0.0	4.043025000000001e-05
455.742	0.0	0.0	-4.1983625000000004e-05
455.742	0.0	0.0	-4.073837500000001e-05
455.792	0.0	0.0	-6.205425e-05
455.912	0.0	0.0	-0.00011255275000000001
456.082	0.0	0.0	-0.00018515125
456.072	0.0	0.0	-0.000182675625
456.122	0.0	0.0	-0.00019176000000000002
456.242	0.0	0.0	-0.000210632125
456.412	0.0	0.0	-0.00023817000000000006
456.412	0.0	0.0	-0.00023738375
456.452	0.0	0.0	-0.0002299675
456.582	0.0	0.0	-0.00020781862500000002
456.752	0.0	0.0	-0.000175769375
456.752	0.0	0.0	-0.00017629
456.802	0.0	0.0	-0.00015474887500000002
456.922	0.0	0.0	-0.00010151125000000002
457.092	0.0	0.0	-2.4939000000000003e-05
457.082	0.0	0.0	-2.7637750000000005e-05
457.132	0.0	0.0	-5.1788375e-06
457.252	0.0	0.0	5.1665125e-05
457.422	0.0	0.0	0.000134650625
457.412	0.0	0.0	0.000132198375
457.462	0.0	0.0	0.00014733474999999998
457.592	0.0	0.0	0.000181897875
457.762	0.0	0.0	0.0002319225
457.762	0.0	0.0	0.00023105125000000003
457.812	0.0	0.0	0.00022933000000000003
457.932	0.0	0.0	0.00022276375000000002
458.102	0.0	0.0	0.00021328625
458.092	0.0	0.0	0.00021362625
458.142	0.0	0.0	0.000198628
458.262	0.0	0.0	0.000156121625
458.432	0.0	0.0	9.403550000000001e-05
458.422	0.0	0.0	9.594375000000001e-05
458.472	0.0	0.0	7.26325e-05
458.592	0.0	0.0	1.3896012500000001e-05
458.772	0.0	0.0	-7.114925000000001e-05
458.772	0.0	0.0	-6.957037499999999e-05
458.822	0.0	0.0	-8.84085e-05
458.942	0.0	0.0	-0.00013271687499999998
459.112	0.0	0.0	-0.00019650937500000003
459.102	0.0	0.0	-0.0001941145
459.152	0.0	0.0	-0.0001995885
459.272	0.0	0.0	-0.00020858575000000005
459.442	0.0	0.0	-0.00022172250000000005
459.432	0.0	0.0	-0.00022131875
459.482	0.0	0.0	-0.00021120800000000003
459.602	0.0	0.0	-0.00018211887500000002
459.782	0.0	0.0	-0.00013998225
459.782	0.0	0.0	-0.000140813125
459.832	0.0	0.0	-0.00012007950000000002
459.952	0.0	0.0	-6.86375e-05
460.122	0.0	0.0	5.465925000000001e-06
460.112	0.0	0.0	2.6003625e-06
460.162	0.0	0.0	2.1279750000000002e-05
460.282	0.0	0.0	6.784275000000002e-05
460.452	0.0	0.0	0.00013591925000000003
460.442	0.0	0.0	0.000133671
460.492	0.0	0.0	0.00014354375
460.612	0.0	0.0	0.00016477462500000001
460.792	0.0	0.0	0.0001955425
460.792	0.0	0.0	0.00019490075000000003
460.842	0.0	0.0	0.00019020450000000003
460.962	0.0	0.0	0.000176313375
461.132	0.0	0.0	0.00015629375000000001
461.122	0.0	0.0	0.00015709062500000003
461.172	0.0	0.0	0.000143435375
461.292	0.0	0.0	0.000105281
461.462	0.0	0.0	4.946575000000001e-05
461.452	0.0	0.0	5.137187500000001e-05
461.502	0.0	0.0	3.402337500000001e-05
461.622	0.0	0.0	-9.283487500000001e-06
461.802	0.0	0.0	-7.208e-05
461.802	0.0	0.0	-7.0700875e-05
461.852	0.0	0.0	-8.205050000000001e-05
461.972	0.0	0.0	-0.00010817737500000001
462.142	0.0	0.0	-0.00014584937500000003
462.132	0.0	0.0	-0.00014430875
462.182	0.0	0.0	-0.00014546475
462.302	0.0	0.0	-0.00014431300000000003
462.472	0.0	0.0	-0.00014262575
462.462	0.0	0.0	-0.00014268525
462.512	0.0	0.0	-0.00013395150000000003
462.632	0.0	0.0	-0.000109448125
462.812	0.0	0.0	-7.390112500000001e-05
462.812	0.0	0.0	-7.4715e-05
462.862	0.0	0.0	-6.129987500000001e-05
462.982	0.0	0.0	-2.8103125000000007e-05
463.152	0.0	0.0	1.97797125e-05
463.142	0.0	0.0	1.76938125e-05
463.192	0.0	0.0	2.786725e-05
463.312	0.0	0.0	5.251937500000001e-05
463.482	0.0	0.0	8.8655e-05
463.472	0.0	0.0	8.752449999999999e-05
463.522	0.0	0.0	9.114762500000001e-05
463.652	0.0	0.0	9.800075000000001e-05
463.822	0.0	0.0	0.00010789475
463.812	0.0	0.0	0.000107491
463.862	0.0	0.0	0.00010403575
463.982	0.0	0.0	9.2465125e-05
464.152	0.0	0.0	7.552250000000001e-05
464.142	0.0	0.0	7.6157875e-05
464.192	0.0	0.0	6.780025e-05
464.312	0.0	0.0	4.567900000000001e-05
464.492	0.0	0.0	1.35568625e-05
464.492	0.0	0.0	1.4359900000000003e-05
464.542	0.0	0.0	5.7672500000000006e-06
464.662	0.0	0.0	-1.5025662500000002e-05
464.832	0.0	0.0	-4.5047875000000004e-05
464.822	0.0	0.0	-4.373037500000001e-05
464.872	0.0	0.0	-4.846275e-05
464.992	0.0	0.0	-5.8898625000000014e-05
465.162	0.0	0.0	-7.419225000000001e-05
465.152	0.0	0.0	-7.360575000000001e-05
465.202	0.0	0.0	-7.330825e-05
465.322	0.0	0.0	-7.075825e-05
465.502	0.0	0.0	-6.70565e-05
465.502	0.0	0.0	-6.715425000000002e-05
465.542	0.0	0.0	-6.211375e-05
465.672	0.0	0.0	-4.8830375000000004e-05
465.842	0.0	0.0	-2.9639500000000006e-05
465.832	0.0	0.0	-3.0504375e-05
465.882	0.0	0.0	-2.4099625e-05
466.002	0.0	0.0	-7.038212500000001e-06
466.172	0.0	0.0	1.7978137500000002e-05
466.162	0.0	0.0	1.69904375e-05
466.212	0.0	0.0	2.2803375e-05
466.332	0.0	0.0	3.6807125000000004e-05
466.512	0.0	0.0	5.7160375e-05
466.512	0.0	0.0	5.660575000000001e-05
466.552	0.0	0.0	5.868825e-05
466.682	0.0	0.0	6.282775e-05
466.852	0.0	0.0	6.881175e-05
466.842	0.0	0.0	6.85355e-05
466.892	0.0	0.0	6.6387125e-05
467.012	0.0	0.0	5.885400000000001e-05
467.182	0.0	0.0	4.7804000000000005e-05
467.172	0.0	0.0	4.8252375000000004e-05
467.222	0.0	0.0	4.214087500000001e-05
467.342	0.0	0.0	2.5574375000000002e-05
467.522	0.0	0.0	1.4873937500000001e-06
467.512	0.0	0.0	2.1713250000000003e-06
467.562	0.0	0.0	-4.992900000000001e-06
467.692	0.0	0.0	-2.2661000000000002e-05
467.862	0.0	0.0	-4.8209875000000006e-05
467.852	0.0	0.0	-4.700287500000001e-05
467.902	0.0	0.0	-5.1378250000000006e-05
468.022	0.0	0.0	-6.129775e-05
468.192	0.0	0.0	-7.585825000000001e-05
468.182	0.0	0.0	-7.525050000000001e-05
468.232	0.0	0.0	-7.483612500000002e-05
468.352	0.0	0.0	-7.1827125e-05
468.532	0.0	0.0	-6.7449625e-05
468.522	0.0	0.0	-6.757925000000002e-05
468.572	0.0	0.0	-6.184387500000001e-05
468.702	0.0	0.0	-4.6454624999999996e-05
468.872	0.0	0.0	-2.418675e-05
468.862	0.0	0.0	-2.5264125000000003e-05
468.912	0.0	0.0	-1.7865300000000003e-05
469.032	0.0	0.0	2.0959512500000003e-06
469.202	0.0	0.0	3.1405375e-05
469.192	0.0	0.0	3.0149500000000003e-05
469.242	0.0	0.0	3.657125e-05
469.362	0.0	0.0	5.1911625000000015e-05
469.542	0.0	0.0	7.423899999999999e-05
469.532	0.0	0.0	7.355474999999999e-05
469.582	0.0	0.0	7.5023125e-05
469.702	0.0	0.0	7.719062500000001e-05
469.882	0.0	0.0	8.032925e-05
469.872	0.0	0.0	8.017412500000001e-05
469.922	0.0	0.0	7.6642375e-05
470.042	0.0	0.0	6.48975e-05
470.212	0.0	0.0	4.764675000000001e-05
470.202	0.0	0.0	4.840537500000001e-05
470.252	0.0	0.0	4.0861625000000004e-05
470.372	0.0	0.0	2.0556187500000004e-05
470.552	0.0	0.0	-9.011487500000001e-06
470.542	0.0	0.0	-8.0726625e-06
470.592	0.0	0.0	-1.5565412500000003e-05
470.712	0.0	0.0	-3.3823625e-05
470.892	0.0	0.0	-6.0265000000000007e-05
470.882	0.0	0.0	-5.892625000000001e-05
470.932	0.0	0.0	-6.252387500000001e-05
471.052	0.0	0.0	-6.97765e-05
471.222	0.0	0.0	-8.04355e-05
471.212	0.0	0.0	-7.995312500000001e-05
471.262	0.0	0.0	-7.819575e-05
471.382	0.0	0.0	-7.144675e-05
471.562	0.0	0.0	-6.1614375e-05
471.552	0.0	0.0	-6.1937375e-05
471.602	0.0	0.0	-5.549650000000001e-05
471.722	0.0	0.0	-3.8335e-05
471.902	0.0	0.0	-1.3465487500000001e-05
471.892	0.0	0.0	-1.47519625e-05
471.942	0.0	0.0	-7.77495e-06
472.062	0.0	0.0	1.0650712500000002e-05
472.232	0.0	0.0	3.774637500000001e-05
472.222	0.0	0.0	3.6492625000000005e-05
472.272	0.0	0.0	4.1543750000000004e-05
472.392	0.0	0.0	5.3084625e-05
472.572	0.0	0.0	6.990825e-05
472.562	0.0	0.0	6.9336625e-05
472.612	0.0	0.0	6.952575000000001e-05
472.732	0.0	0.0	6.84505e-05
472.912	0.0	0.0	6.689075000000002e-05
472.902	0.0	0.0	6.69715e-05
472.952	0.0	0.0	6.314862500000001e-05
473.072	0.0	0.0	5.092775000000001e-05
473.242	0.0	0.0	3.295025e-05
473.232	0.0	0.0	3.3800250000000006e-05
473.282	0.0	0.0	2.7125625000000005e-05
473.402	0.0	0.0	9.290075000000001e-06
473.582	0.0	0.0	-1.67209875e-05
473.572	0.0	0.0	-1.58080875e-05
473.622	0.0	0.0	-2.18705e-05
473.742	0.0	0.0	-3.6535125000000004e-05
473.922	0.0	0.0	-5.780425e-05
473.912	0.0	0.0	-5.6656750000000006e-05
473.962	0.0	0.0	-5.9251375e-05
474.072	0.0	0.0	-6.40135e-05
474.252	0.0	0.0	-7.1023875e-05
474.242	0.0	0.0	-7.0683875e-05
474.292	0.0	0.0	-6.8612e-05
474.412	0.0	0.0	-6.1163875e-05
474.592	0.0	0.0	-5.0296625000000004e-05
474.582	0.0	0.0	-5.068975000000001e-05
474.632	0.0	0.0	-4.445712500000001e-05
474.752	0.0	0.0	-2.77015e-05
474.932	0.0	0.0	-3.3891625e-06
474.922	0.0	0.0	-4.7270625e-06
474.972	0.0	0.0	2.0703874999999997e-06
475.082	0.0	0.0	2.0208750000000005e-05
475.262	0.0	0.0	4.6920000000000005e-05
475.252	0.0	0.0	4.5596125000000004e-05
475.302	0.0	0.0	5.0600500000000005e-05
475.422	0.0	0.0	6.2052125e-05
475.602	0.0	0.0	7.876950000000001e-05
475.592	0.0	0.0	7.814475000000001e-05
475.642	0.0	0.0	7.8023625e-05
475.762	0.0	0.0	7.586674999999999e-05
475.942	0.0	0.0	7.273875e-05
475.932	0.0	0.0	7.291300000000001e-05
475.982	0.0	0.0	6.8155125e-05
476.092	0.0	0.0	5.2799875e-05
476.272	0.0	0.0	3.0175e-05
476.262	0.0	0.0	3.1320375000000004e-05
476.312	0.0	0.0	2.2913875000000003e-05
476.432	0.0	0.0	1.4135712500000002e-07
476.612	0.0	0.0	-3.3116000000000006e-05
476.602	0.0	0.0	-3.1838875e-05
476.652	0.0	0.0	-3.9518625000000007e-05
476.772	0.0	0.0	-5.816550000000001e-05
476.952	0.0	0.0	-8.5248625e-05
476.942	0.0	0.0	-8.3697375e-05
476.992	0.0	0.0	-8.665112500000001e-05
477.102	0.0	0.0	-9.139200000000001e-05
477.282	0.0	0.0	-9.838325000000001e-05
477.272	0.0	0.0	-9.8022e-05
477.322	0.0	0.0	-9.429687500000002e-05
477.442	0.0	0.0	-8.1379e-05
477.622	0.0	0.0	-6.250475000000001e-05
477.612	0.0	0.0	-6.3246375e-05
477.662	0.0	0.0	-5.373700000000001e-05
477.782	0.0	0.0	-2.8056375e-05
477.962	0.0	0.0	9.258625000000001e-06
477.952	0.0	0.0	7.0278000000000016e-06
477.992	0.0	0.0	1.6766250000000002e-05
478.112	0.0	0.0	4.268275e-05
478.292	0.0	0.0	8.094550000000001e-05
478.282	0.0	0.0	7.9115875e-05
478.332	0.0	0.0	8.544625000000001e-05
478.452	0.0	0.0	9.925450000000002e-05
478.632	0.0	0.0	0.00011933575
478.622	0.0	0.0	0.00011819037500000001
478.672	0.0	0.0	0.00011733825
478.782	0.0	0.0	0.00011057437500000001
478.962	0.0	0.0	0.000100595375
478.952	0.0	0.0	0.000101135125
479.002	0.0	0.0	9.249062500000001e-05
479.122	0.0	0.0	6.646150000000001e-05
479.302	0.0	0.0	2.8396375000000003e-05
479.292	0.0	0.0	2.9968875000000002e-05
479.342	0.0	0.0	1.72335375e-05
479.462	0.0	0.0	-1.5935375e-05
479.642	0.0	0.0	-6.4175e-05
479.632	0.0	0.0	-6.12765e-05
479.672	0.0	0.0	-7.100262500000002e-05
479.792	0.0	0.0	-9.463687500000002e-05
479.972	0.0	0.0	-0.00012951875
479.962	0.0	0.0	-0.00012760837500000002
480.012	0.0	0.0	-0.000130175375
480.132	0.0	0.0	-0.0001323025
480.312	0.0	0.0	-0.000135415625
480.302	0.0	0.0	-0.00013528175000000002
480.352	0.0	0.0	-0.00012781875
480.472	0.0	0.0	-0.000105074875
480.652	0.0	0.0	-7.197800000000001e-05
480.642	0.0	0.0	-7.400312500000002e-05
480.682	0.0	0.0	-6.148050000000001e-05
480.802	0.0	0.0	-2.4813625000000004e-05
480.982	0.0	0.0	2.93335e-05
480.972	0.0	0.0	2.6311750000000004e-05
481.022	0.0	0.0	3.9879875e-05
481.142	0.0	0.0	7.423050000000001e-05
481.322	0.0	0.0	0.000124510125
481.312	0.0	0.0	0.0001223235
481.362	0.0	0.0	0.000128870625
481.482	0.0	0.0	0.000142028625
481.662	0.0	0.0	0.0001611855
481.652	0.0	0.0	0.00015999125
481.692	0.0	0.0	0.00015693762500000003
481.812	0.0	0.0	0.000141967
481.992	0.0	0.0	0.00011984787499999999
481.982	0.0	0.0	0.00012110587499999999
482.032	0.0	0.0	0.00010836650000000002
482.152	0.0	0.0	7.0658375e-05
482.332	0.0	0.0	1.5437275000000004e-05
482.322	0.0	0.0	1.7900150000000002e-05
482.372	0.0	0.0	1.6866550000000003e-06
482.492	0.0	0.0	-4.012637500000001e-05
482.672	0.0	0.0	-0.00010102675
482.662	0.0	0.0	-9.716775000000001e-05
482.702	0.0	0.0	-0.000108015875
482.822	0.0	0.0	-0.0001328805
483.002	0.0	0.0	-0.00016963025000000005
482.992	0.0	0.0	-0.000167498875
483.042	0.0	0.0	-0.00016833400000000002
483.162	0.0	0.0	-0.000164039375
483.342	0.0	0.0	-0.000157745125
483.332	0.0	0.0	-0.000158032
483.382	0.0	0.0	-0.00014698837500000002
483.502	0.0	0.0	-0.000114025375
483.682	0.0	0.0	-6.598974999999999e-05
483.672	0.0	0.0	-6.908587500000002e-05
483.712	0.0	0.0	-5.350325e-05
483.832	0.0	0.0	-8.673187500000001e-06
484.012	0.0	0.0	5.7621500000000004e-05
484.002	0.0	0.0	5.3705125000000004e-05
484.052	0.0	0.0	6.8563125e-05
484.172	0.0	0.0	0.00010510887500000001
484.352	0.0	0.0	0.00015867375
484.342	0.0	0.0	0.00015616837500000003
484.392	0.0	0.0	0.00016141925
484.512	0.0	0.0	0.00016989375000000005
484.692	0.0	0.0	0.00018225062500000004
484.682	0.0	0.0	0.000181441
484.722	0.0	0.0	0.00017582675000000003
484.842	0.0	0.0	0.00015254950000000001
485.022	0.0	0.0	0.00011810750000000001
485.012	0.0	0.0	0.00012017937500000002
485.062	0.0	0.0	0.00010464350000000002
485.182	0.0	0.0	5.9293875e-05
485.362	0.0	0.0	-7.212887500000002e-06
485.352	0.0	0.0	-4.0307e-06
485.402	0.0	0.0	-2.1587875000000005e-05
485.522	0.0	0.0	-6.63425e-05
485.702	0.0	0.0	-0.000131620375
485.692	0.0	0.0	-0.00012727475
485.732	0.0	0.0	-0.00013767874999999998
485.852	0.0	0.0	-0.00015983825000000001
486.032	0.0	0.0	-0.000192637625
486.022	0.0	0.0	-0.00019062737500000004
486.072	0.0	0.0	-0.000189346
486.192	0.0	0.0	-0.00017816212500000004
486.372	0.0	0.0	-0.00016175712500000002
486.362	0.0	0.0	-0.000162560375
486.412	0.0	0.0	-0.000148790375
486.532	0.0	0.0	-0.000108100875
486.712	0.0	0.0	-4.8719875000000006e-05
486.702	0.0	0.0	-5.273825000000001e-05
486.742	0.0	0.0	-3.5173e-05
486.862	0.0	0.0	1.4853962500000003e-05
487.042	0.0	0.0	8.893762500000002e-05
487.032	0.0	0.0	8.432e-05
487.082	0.0	0.0	9.979e-05
487.202	0.0	0.0	0.00013697112500000002
487.382	0.0	0.0	0.0001915475
487.372	0.0	0.0	0.000188819
487.422	0.0	0.0	0.00019273750000000002
487.542	0.0	0.0	0.00019650725
487.722	0.0	0.0	0.00020200675
487.712	0.0	0.0	0.0002016285
487.752	0.0	0.0	0.000193474875
487.872	0.0	0.0	0.000161672125
488.052	0.0	0.0	0.000114552375
488.042	0.0	0.0	0.000117540125
488.092	0.0	0.0	9.8593625e-05
488.212	0.0	0.0	4.3441375000000006e-05
488.392	0.0	0.0	-3.7550875000000005e-05
488.382	0.0	0.0	-3.3415625e-05
488.432	0.0	0.0	-5.3635000000000004e-05
488.552	0.0	0.0	-0.000104930375
488.732	0.0	0.0	-0.00017985787500000004
488.722	0.0	0.0	-0.00017462825000000003
488.762	0.0	0.0	-0.000185642125
488.882	0.0	0.0	-0.00020741275000000004
489.062	0.0	0.0	-0.00023967875000000002
489.052	0.0	0.0	-0.00023759625000000002
489.102	0.0	0.0	-0.00023389875000000003
489.222	0.0	0.0	-0.00021373250000000004
489.402	0.0	0.0	-0.000184127
489.392	0.0	0.0	-0.00018566975000000003
489.442	0.0	0.0	-0.00016682525000000003
489.562	0.0	0.0	-0.00011120125
489.742	0.0	0.0	-2.9909375000000004e-05
489.732	0.0	0.0	-3.566812500000001e-05
489.772	0.0	0.0	-1.3004150000000002e-05
489.892	0.0	0.0	5.1242250000000006e-05
490.072	0.0	0.0	0.00014651662500000001
490.062	0.0	0.0	0.00014027125000000003
490.112	0.0	0.0	0.000158909625
490.232	0.0	0.0	0.00020249550000000003
490.412	0.0	0.0	0.00026656000000000005
490.402	0.0	0.0	0.00026316
490.452	0.0	0.0	0.000265625
490.572	0.0	0.0	0.0002626075
490.752	0.0	0.0	0.00025820875
490.742	0.0	0.0	0.0002585275
490.782	0.0	0.0	0.00024524625000000005
490.902	0.0	0.0	0.00019553612500000002
491.082	0.0	0.0	0.00012177525000000001
491.072	0.0	0.0	0.00012669037500000001
491.112	0.0	0.0	0.0001000705
491.242	0.0	0.0	2.3058375000000004e-05
491.422	0.0	0.0	-9.019775000000002e-05
491.412	0.0	0.0	-8.407775e-05
491.462	0.0	0.0	-0.00011017487500000002
491.582	0.0	0.0	-0.0001753465
491.762	0.0	0.0	-0.00027066125
491.752	0.0	0.0	-0.00026356374999999995
491.792	0.0	0.0	-0.00027571875000000003
491.912	0.0	0.0	-0.00029558750000000005
492.092	0.0	0.0	-0.00032510375
492.082	0.0	0.0	-0.00032325500000000005
492.132	0.0	0.0	-0.00031396875
492.252	0.0	0.0	-0.00027574
492.432	0.0	0.0	-0.0002197675
492.422	0.0	0.0	-0.00022378375
492.462	0.0	0.0	-0.000199229375
492.582	0.0	0.0	-0.00012016875000000002
492.762	0.0	0.0	-2.8118000000000003e-06
492.752	0.0	0.0	-1.0886162500000002e-05
492.792	0.0	0.0	2.0985862500000003e-05
492.922	0.0	0.0	0.00010687262500000001
493.102	0.0	0.0	0.00023328250000000006
493.092	0.0	0.0	0.00022620625000000004
493.142	0.0	0.0	0.00024735
493.262	0.0	0.0	0.00029395125
493.442	0.0	0.0	0.000362185
493.432	0.0	0.0	0.00035708500000000004
493.472	0.0	0.0	0.00035795625
493.592	0.0	0.0	0.00034136
493.772	0.0	0.0	0.00031671000000000005
493.762	0.0	0.0	0.00031843125
493.802	0.0	0.0	0.00029599125
493.932	0.0	0.0	0.00022063875000000004
494.112	0.0	0.0	0.00010970525000000003
494.102	0.0	0.0	0.00011603987500000002
494.152	0.0	0.0	8.048437500000002e-05
494.272	0.0	0.0	-1.7171275e-05
494.452	0.0	0.0	-0.00016020375000000002
494.442	0.0	0.0	-0.00014936837500000003
494.482	0.0	0.0	-0.00017797300000000003
494.602	0.0	0.0	-0.00024868875000000004
494.782	0.0	0.0	-0.00035379125000000003
494.772	0.0	0.0	-0.00034637500000000006
494.812	0.0	0.0	-0.00035655375000000005
494.942	0.0	0.0	-0.00036666875000000005
495.122	0.0	0.0	-0.00038156500000000005
495.112	0.0	0.0	-0.00038069375
495.162	0.0	0.0	-0.00036399125000000006
495.282	0.0	0.0	-0.00030481
495.462	0.0	0.0	-0.00021806750000000005
495.452	0.0	0.0	-0.00022471875
495.492	0.0	0.0	-0.00019379575000000004
495.612	0.0	0.0	-9.624549999999999e-05
495.792	0.0	0.0	4.8807e-05
495.782	0.0	0.0	3.8422125e-05
495.822	0.0	0.0	7.364612500000001e-05
495.952	0.0	0.0	0.0001655715
496.132	0.0	0.0	0.00030104875000000003
496.122	0.0	0.0	0.0002930375
496.172	0.0	0.0	0.00031205625000000004
496.292	0.0	0.0	0.00034949875
496.472	0.0	0.0	0.00040438750000000004
496.462	0.0	0.0	0.00040011625000000003
496.502	0.0	0.0	0.00039607875000000005
496.622	0.0	0.0	0.00036227000000000004
496.802	0.0	0.0	0.00031199250000000004
496.792	0.0	0.0	0.0003156475
496.832	0.0	0.0	0.000287895
496.962	0.0	0.0	0.00019792250000000004
497.142	0.0	0.0	6.5246e-05
497.132	0.0	0.0	7.324237500000001e-05
497.182	0.0	0.0	3.5974125e-05
497.302	0.0	0.0	-6.437687500000001e-05
497.482	0.0	0.0	-0.00021156925000000002
497.472	0.0	0.0	-0.00019995612500000004
497.512	0.0	0.0	-0.00022635500000000002
497.632	0.0	0.0	-0.0002870875
497.812	0.0	0.0	-0.00037746375
497.802	0.0	0.0	-0.00037079125000000007
497.842	0.0	0.0	-0.00037589125000000003
497.972	0.0	0.0	-0.00036996250000000005
498.152	0.0	0.0	-0.00036120750000000006
498.142	0.0	0.0	-0.00036173875000000005
498.192	0.0	0.0	-0.0003409137500000001
498.312	0.0	0.0	-0.0002706825
498.492	0.0	0.0	-0.00016763700000000002
498.482	0.0	0.0	-0.000175875625
498.522	0.0	0.0	-0.00014444900000000003
498.642	0.0	0.0	-4.8286375000000004e-05
498.822	0.0	0.0	9.49025e-05
498.812	0.0	0.0	8.419887500000001e-05
498.852	0.0	0.0	0.00011547249999999999
498.982	0.0	0.0	0.00019374900000000003
499.162	0.0	0.0	0.00030927250000000004
499.152	0.0	0.0	0.00030206875000000005
499.202	0.0	0.0	0.00031498875
499.322	0.0	0.0	0.00033494250000000003
499.502	0.0	0.0	0.00036424625
499.492	0.0	0.0	0.00036186625000000005
499.532	0.0	0.0	0.00035379125000000003
499.652	0.0	0.0	0.0003100375
499.832	0.0	0.0	0.00024486375
499.822	0.0	0.0	0.00024979375000000004
499.862	0.0	0.0	0.00022265750000000003
499.992	0.0	0.0	0.00013741100000000002
500.172	0.0	0.0	1.15317375e-05
500.162	0.0	0.0	1.95143e-05
500.212	0.0	0.0	-1.18031e-05
500.332	0.0	0.0	-9.391862500000001e-05
500.512	0.0	0.0	-0.00021454000000000002
500.502	0.0	0.0	-0.00020464175000000002
500.542	0.0	0.0	-0.00022382625000000003
500.662	0.0	0.0	-0.00026322375
500.842	0.0	0.0	-0.00032191625
500.832	0.0	0.0	-0.00031741125000000006
500.872	0.0	0.0	-0.00031722
501.002	0.0	0.0	-0.0002989875
501.182	0.0	0.0	-0.00027208500000000004
501.172	0.0	0.0	-0.00027382750000000004
501.212	0.0	0.0	-0.00025393750000000004
501.342	0.0	0.0	-0.0001895415
501.522	0.0	0.0	-9.490037500000002e-05
501.502	0.0	0.0	-0.000102758625
501.552	0.0	0.0	-7.7469e-05
501.672	0.0	0.0	-2.8407e-06
501.852	0.0	0.0	0.00010843662500000001
501.842	0.0	0.0	9.976875000000001e-05
501.882	0.0	0.0	0.00012154362500000001
502.012	0.0	0.0	0.0001728645
502.192	0.0	0.0	0.00024871
502.182	0.0	0.0	0.0002437375
502.222	0.0	0.0	0.00024966625
502.352	0.0	0.0	0.00025304500000000003
502.532	0.0	0.0	0.00025801750000000004
502.512	0.0	0.0	0.0002575925
502.562	0.0	0.0	0.0002486675
502.682	0.0	0.0	0.00020824575000000003
502.862	0.0	0.0	0.0001479425
502.852	0.0	0.0	0.00015270462500000003
502.892	0.0	0.0	0.000132092125
503.022	0.0	0.0	6.941525e-05
503.202	0.0	0.0	-2.3258125000000002e-05
503.192	0.0	0.0	-1.7091587500000003e-05
503.232	0.0	0.0	-3.7723e-05
503.362	0.0	0.0	-9.000650000000001e-05
503.542	0.0	0.0	-0.00016691025000000002
503.522	0.0	0.0	-0.00016036525
503.572	0.0	0.0	-0.00017114750000000003
503.692	0.0	0.0	-0.00018969025
503.872	0.0	0.0	-0.00021736625
503.862	0.0	0.0	-0.00021515625
503.902	0.0	0.0	-0.00021239375
504.032	0.0	0.0	-0.0001925505
504.212	0.0	0.0	-0.00016319787500000002
504.202	0.0	0.0	-0.00016518050000000002
504.242	0.0	0.0	-0.000150583875
504.372	0.0	0.0	-0.00010457762500000001
504.552	0.0	0.0	-3.6877250000000003e-05
504.532	0.0	0.0	-4.270825000000001e-05
504.582	0.0	0.0	-2.6126875000000004e-05
504.702	0.0	0.0	2.1439125e-05
504.882	0.0	0.0	9.2463e-05
504.872	0.0	0.0	8.67085e-05
504.912	0.0	0.0	9.96625e-05
505.042	0.0	0.0	0.000128696375
505.222	0.0	0.0	0.00017166175
505.212	0.0	0.0	0.000168714375
505.252	0.0	0.0	0.000170901
505.382	0.0	0.0	0.000168096
505.562	0.0	0.0	0.00016396712500000004
505.542	0.0	0.0	0.00016432625000000002
505.592	0.0	0.0	0.00015719262500000003
505.712	0.0	0.0	0.00012688800000000002
505.892	0.0	0.0	8.161912500000001e-05
505.882	0.0	0.0	8.5333625e-05
505.922	0.0	0.0	7.0839e-05
506.052	0.0	0.0	2.6932250000000003e-05
506.232	0.0	0.0	-3.807575e-05
506.222	0.0	0.0	-3.3564375000000005e-05
506.262	0.0	0.0	-4.7770000000000005e-05
506.392	0.0	0.0	-8.3705875e-05
506.572	0.0	0.0	-0.000136629
506.552	0.0	0.0	-0.000131886
506.602	0.0	0.0	-0.00013914925
506.722	0.0	0.0	-0.00015073262500000002
506.902	0.0	0.0	-0.00016806412500000004
506.892	0.0	0.0	-0.000166708375
506.932	0.0	0.0	-0.000163486875
507.062	0.0	0.0	-0.00014553275000000001
507.242	0.0	0.0	-0.00011907224999999999
507.222	0.0	0.0	-0.00012136725000000002
507.272	0.0	0.0	-0.00011042350000000002
507.392	0.0	0.0	-7.1610375e-05
507.572	0.0	0.0	-1.3603825e-05
507.552	0.0	0.0	-1.8487075000000003e-05
507.602	0.0	0.0	-3.1632750000000006e-06
507.722	0.0	0.0	4.0179500000000004e-05
507.912	0.0	0.0	0.00010440550000000002
507.902	0.0	0.0	9.982400000000001e-05
507.942	0.0	0.0	0.00011116299999999999
508.072	0.0	0.0	0.00013665449999999998
508.252	0.0	0.0	0.000174233
508.232	0.0	0.0	0.000170856375
508.282	0.0	0.0	0.00017315775000000002
508.402	0.0	0.0	0.00016819800000000002
508.582	0.0	0.0	0.00016077962500000002
508.562	0.0	0.0	0.000161408625
508.612	0.0	0.0	0.00015246662500000002
508.732	0.0	0.0	0.00011769312500000002
508.922	0.0	0.0	6.614487500000001e-05
508.912	0.0	0.0	6.987425e-05
508.952	0.0	0.0	5.3445875e-05
509.082	0.0	0.0	5.091075e-06
509.262	0.0	0.0	-6.621925000000001e-05
509.242	0.0	0.0	-5.9738e-05
509.292	0.0	0.0	-7.432187500000001e-05
509.412	0.0	0.0	-0.00011211075000000001
509.592	0.0	0.0	-0.000168659125
509.572	0.0	0.0	-0.00016380562500000002
509.622	0.0	0.0	-0.00017082875000000002
509.742	0.0	0.0	-0.00017999812500000002
509.932	0.0	0.0	-0.00019360025000000002
509.922	0.0	0.0	-0.00019260150000000002
509.962	0.0	0.0	-0.000186730125
510.092	0.0	0.0	-0.00016032487500000002
510.272	0.0	0.0	-0.000121365125
510.252	0.0	0.0	-0.00012494575000000002
510.302	0.0	0.0	-0.00011106737500000002
510.422	0.0	0.0	-6.24665e-05
510.602	0.0	0.0	1.029095e-05
510.582	0.0	0.0	3.970775e-06
510.632	0.0	0.0	2.179825e-05
510.752	0.0	0.0	7.0947375e-05
510.942	0.0	0.0	0.00014387100000000003
510.932	0.0	0.0	0.00013844375000000001
510.972	0.0	0.0	0.00014991875
511.102	0.0	0.0	0.00017338937500000002
511.282	0.0	0.0	0.00020803537500000004
511.262	0.0	0.0	0.000204816
511.312	0.0	0.0	0.00020520487500000004
511.432	0.0	0.0	0.000191692
511.612	0.0	0.0	0.00017145137500000003
511.592	0.0	0.0	0.00017323000000000005
511.642	0.0	0.0	0.00016100275000000003
511.762	0.0	0.0	0.00011590600000000001
511.952	0.0	0.0	4.8962125000000005e-05
511.942	0.0	0.0	5.401112500000001e-05
511.982	0.0	0.0	3.5158125000000007e-05
512.112	0.0	0.0	-1.8927162499999998e-05
512.292	0.0	0.0	-9.8801875e-05
512.272	0.0	0.0	-9.129850000000001e-05
512.322	0.0	0.0	-0.000106230875
512.442	0.0	0.0	-0.00014213700000000003
512.622	0.0	0.0	-0.00019593775000000002
512.602	0.0	0.0	-0.00019115437500000004
512.652	0.0	0.0	-0.000196228875
512.772	0.0	0.0	-0.00019749325000000003
512.962	0.0	0.0	-0.00019937387500000003
512.952	0.0	0.0	-0.000199229375
512.992	0.0	0.0	-0.00019054025000000003
513.122	0.0	0.0	-0.00015559887500000004
513.302	0.0	0.0	-0.000103972
513.282	0.0	0.0	-0.00010887437500000001
513.322	0.0	0.0	-9.328750000000001e-05
513.452	0.0	0.0	-4.1018875000000006e-05
513.632	0.0	0.0	3.7332e-05
513.612	0.0	0.0	3.0287625e-05
513.662	0.0	0.0	4.7738125000000005e-05
513.782	0.0	0.0	9.360625000000002e-05
513.972	0.0	0.0	0.000161752875
513.962	0.0	0.0	0.00015647437500000003
514.002	0.0	0.0	0.00016564587500000002
514.132	0.0	0.0	0.00018119662500000003
514.312	0.0	0.0	0.00020418487500000002
514.292	0.0	0.0	0.00020197912500000001
514.332	0.0	0.0	0.00020000712500000003
514.462	0.0	0.0	0.00017932025000000002
514.642	0.0	0.0	0.00014829737500000003
514.622	0.0	0.0	0.000151119375
514.672	0.0	0.0	0.000137740375
514.792	0.0	0.0	9.069925000000001e-05
514.982	0.0	0.0	2.0776125000000004e-05
514.972	0.0	0.0	2.6262875000000004e-05
515.012	0.0	0.0	8.5410125e-06
515.142	0.0	0.0	-4.0825500000000004e-05
515.322	0.0	0.0	-0.00011382987500000001
515.302	0.0	0.0	-0.00010675362500000001
515.342	0.0	0.0	-0.00011934
515.472	0.0	0.0	-0.00014695862500000003
515.652	0.0	0.0	-0.00018840037500000002
515.632	0.0	0.0	-0.00018459025000000002
515.682	0.0	0.0	-0.000187082875
515.802	0.0	0.0	-0.0001811435
515.992	0.0	0.0	-0.000172312
515.982	0.0	0.0	-0.00017301537500000002
516.022	0.0	0.0	-0.00016329562500000004
516.152	0.0	0.0	-0.0001265565
516.332	0.0	0.0	-7.2196875e-05
516.312	0.0	0.0	-7.752212500000001e-05
516.352	0.0	0.0	-6.27215e-05
516.482	0.0	0.0	-1.4621700000000001e-05
516.662	0.0	0.0	5.7579e-05
516.642	0.0	0.0	5.0866125000000006e-05
516.692	0.0	0.0	6.594725e-05
516.812	0.0	0.0	0.000104054875
517.002	0.0	0.0	0.00016074775000000002
516.982	0.0	0.0	0.00015618537500000003
517.032	0.0	0.0	0.00016280475000000002
517.162	0.0	0.0	0.0001712665
517.342	0.0	0.0	0.000183793375
517.322	0.0	0.0	0.0001825545
517.362	0.0	0.0	0.0001791375
517.492	0.0	0.0	0.00015521
517.672	0.0	0.0	0.00011927625000000002
517.652	0.0	0.0	0.000122652875
517.702	0.0	0.0	0.00010932275
517.822	0.0	0.0	6.348225000000002e-05
518.012	0.0	0.0	-4.7489500000000005e-06
517.992	0.0	0.0	8.118775000000001e-07
518.042	0.0	0.0	-1.5561587500000003e-05
518.162	0.0	0.0	-6.0519999999999997e-05
518.352	0.0	0.0	-0.00012709625000000002
518.332	0.0	0.0	-0.00012044287500000002
518.372	0.0	0.0	-0.00013138450000000002
518.502	0.0	0.0	-0.00015370975
518.682	0.0	0.0	-0.00018725075000000004
518.662	0.0	0.0	-0.00018406537500000004
518.712	0.0	0.0	-0.00018493875000000004
518.832	0.0	0.0	-0.00017416925000000004
519.022	0.0	0.0	-0.00015812975000000003
519.002	0.0	0.0	-0.00015945362500000002
519.052	0.0	0.0	-0.00014860975
519.172	0.0	0.0	-0.00010862150000000001
519.362	0.0	0.0	-4.9376500000000004e-05
519.342	0.0	0.0	-5.535625e-05
519.382	0.0	0.0	-4.0043500000000004e-05
519.512	0.0	0.0	9.1806375e-06
519.692	0.0	0.0	8.316825e-05
519.672	0.0	0.0	7.606650000000001e-05
519.722	0.0	0.0	9.091600000000001e-05
519.842	0.0	0.0	0.000127404375
520.032	0.0	0.0	0.00018176187500000004
520.012	0.0	0.0	0.00017722075
520.062	0.0	0.0	0.00018263737500000003
520.182	0.0	0.0	0.00018636250000000004
520.372	0.0	0.0	0.00019188325
520.352	0.0	0.0	0.00019132012500000002
520.392	0.0	0.0	0.00018614150000000003
520.522	0.0	0.0	0.00015546925000000002
520.702	0.0	0.0	0.00010934612500000001
520.682	0.0	0.0	0.00011382137500000001
520.732	0.0	0.0	9.8355625e-05
520.852	0.0	0.0	4.5997750000000005e-05
521.042	0.0	0.0	-3.2036500000000004e-05
521.022	0.0	0.0	-2.5461750000000004e-05
521.072	0.0	0.0	-4.315025e-05
521.192	0.0	0.0	-9.069712500000002e-05
521.382	0.0	0.0	-0.000161191875
521.362	0.0	0.0	-0.00015383725000000002
521.402	0.0	0.0	-0.000164651375
521.532	0.0	0.0	-0.00018372112500000004
521.712	0.0	0.0	-0.0002124405
521.692	0.0	0.0	-0.00020976725000000003
521.742	0.0	0.0	-0.00020825850000000002
521.862	0.0	0.0	-0.00018918025000000003
522.052	0.0	0.0	-0.000160873125
522.032	0.0	0.0	-0.000163744
522.072	0.0	0.0	-0.00015196300000000002
522.202	0.0	0.0	-0.00010419087499999999
522.382	0.0	0.0	-3.232125e-05
522.362	0.0	0.0	-3.9442125e-05
522.412	0.0	0.0	-2.0979912500000003e-05
522.532	0.0	0.0	3.4248625000000004e-05
522.722	0.0	0.0	0.00011663062500000001
522.702	0.0	0.0	0.00010953525
522.752	0.0	0.0	0.00012433375
522.872	0.0	0.0	0.00015794912500000002
523.062	0.0	0.0	0.00020783562500000004
523.042	0.0	0.0	0.00020261875000000004
523.082	0.0	0.0	0.000207117375
523.212	0.0	0.0	0.00020314150000000003
523.392	0.0	0.0	0.0001971575
523.372	0.0	0.0	0.00019775462500000001
523.422	0.0	0.0	0.00018907612500000003
523.542	0.0	0.0	0.00014936837500000003
523.732	0.0	0.0	9.011912500000001e-05
523.712	0.0	0.0	9.5282875e-05
523.762	0.0	0.0	7.7615625e-05
523.882	0.0	0.0	2.2463375e-05
524.072	0.0	0.0	-5.9417125000000006e-05
524.052	0.0	0.0	-5.0776875e-05
524.092	0.0	0.0	-6.697362500000001e-05
524.212	0.0	0.0	-0.00010937375
524.402	0.0	0.0	-0.00017323637500000003
524.382	0.0	0.0	-0.00016680825
524.432	0.0	0.0	-0.00017539750000000002
524.552	0.0	0.0	-0.00018614150000000003
524.742	0.0	0.0	-0.000202181
524.722	0.0	0.0	-0.00020076787500000002
524.772	0.0	0.0	-0.000196292625
524.892	0.0	0.0	-0.00017004250000000003
525.082	0.0	0.0	-0.00013105300000000003
525.062	0.0	0.0	-0.00013520525
525.102	0.0	0.0	-0.00012272725
525.222	0.0	0.0	-7.5367375e-05
525.412	0.0	0.0	-4.0022250000000005e-06
525.392	0.0	0.0	-1.1255700000000001e-05
525.442	0.0	0.0	5.1565250000000006e-06
525.562	0.0	0.0	5.1235875e-05
525.752	0.0	0.0	0.000120056125
525.732	0.0	0.0	0.00011392124999999999
525.782	0.0	0.0	0.000124748125
525.902	0.0	0.0	0.00014588975000000002
526.092	0.0	0.0	0.00017730787500000003
526.072	0.0	0.0	0.00017393125000000003
526.112	0.0	0.0	0.00017532312500000003
526.232	0.0	0.0	0.00016386937500000002
526.422	0.0	0.0	0.00014659950000000003
526.402	0.0	0.0	0.00014837175000000002
526.442	0.0	0.0	0.00013947862499999998
526.572	0.0	0.0	0.00010320912500000001
526.762	0.0	0.0	4.901525000000001e-05
526.742	0.0	0.0	5.3900625000000005e-05
526.792	0.0	0.0	4.0001000000000005e-05
526.912	0.0	0.0	-1.0835375e-06
527.102	0.0	0.0	-6.21605e-05
527.082	0.0	0.0	-5.5536875e-05
527.122	0.0	0.0	-6.650187499999999e-05
527.242	0.0	0.0	-9.189562500000001e-05
527.432	0.0	0.0	-0.0001301945
527.412	0.0	0.0	-0.00012622500000000002
527.452	0.0	0.0	-0.00013025612500000002
527.582	0.0	0.0	-0.000130574875
527.772	0.0	0.0	-0.00013104875
527.752	0.0	0.0	-0.00013100624999999998
527.802	0.0	0.0	-0.000126154875
527.922	0.0	0.0	-0.000103598
528.112	0.0	0.0	-7.004850000000001e-05
528.092	0.0	0.0	-7.372050000000001e-05
528.132	0.0	0.0	-6.48465e-05
528.252	0.0	0.0	-3.3959625e-05
528.442	0.0	0.0	1.2644600000000001e-05
528.422	0.0	0.0	7.7696375e-06
528.462	0.0	0.0	1.73423375e-05
528.592	0.0	0.0	4.1860375e-05
528.782	0.0	0.0	7.852725e-05
528.762	0.0	0.0	7.515062500000001e-05
528.812	0.0	0.0	7.9991375e-05
528.932	0.0	0.0	8.6812625e-05
529.122	0.0	0.0	9.696162500000002e-05
529.102	0.0	0.0	9.5839625e-05
529.142	0.0	0.0	9.518937500000002e-05
529.262	0.0	0.0	8.451975e-05
529.452	0.0	0.0	6.8414375e-05
529.432	0.0	0.0	7.0114375e-05
529.472	0.0	0.0	6.456175e-05
529.602	0.0	0.0	4.420425e-05
529.792	0.0	0.0	1.3748112500000002e-05
529.772	0.0	0.0	1.658265e-05
529.822	0.0	0.0	9.803050000000003e-06
529.942	0.0	0.0	-8.786450000000001e-06
530.132	0.0	0.0	-3.646075e-05
530.112	0.0	0.0	-3.3377375e-05
530.152	0.0	0.0	-3.7865374999999997e-05
530.272	0.0	0.0	-4.645675e-05
530.462	0.0	0.0	-5.9429874999999997e-05
530.442	0.0	0.0	-5.80465e-05
530.482	0.0	0.0	-5.889650000000001e-05
530.612	0.0	0.0	-5.6046875e-05
530.802	0.0	0.0	-5.1782e-05
530.782	0.0	0.0	-5.218362500000001e-05
530.832	0.0	0.0	-4.949337500000001e-05
530.952	0.0	0.0	-3.858150000000001e-05
531.142	0.0	0.0	-2.2329500000000004e-05
531.122	0.0	0.0	-2.4154875000000003e-05
531.162	0.0	0.0	-2.0329025000000003e-05
531.282	0.0	0.0	-7.917537500000001e-06
531.472	0.0	0.0	1.0834737500000002e-05
531.452	0.0	0.0	8.817900000000002e-06
531.492	0.0	0.0	1.2488837500000002e-05
531.622	0.0	0.0	2.1456125000000005e-05
531.812	0.0	0.0	3.4881875e-05
531.792	0.0	0.0	3.3606875000000003e-05
531.842	0.0	0.0	3.531112500000001e-05
531.962	0.0	0.0	3.7376625e-05
532.152	0.0	0.0	4.0451500000000004e-05
532.132	0.0	0.0	4.0103000000000006e-05
532.172	0.0	0.0	3.968650000000001e-05
532.292	0.0	0.0	3.4867000000000003e-05
532.482	0.0	0.0	2.7580375000000006e-05
532.462	0.0	0.0	2.8370875e-05
532.502	0.0	0.0	2.5829375000000002e-05
532.632	0.0	0.0	1.6217362500000002e-05
532.822	0.0	0.0	1.8161312500000001e-06
532.802	0.0	0.0	3.1985500000000005e-06
532.852	0.0	0.0	-2.2684375e-07
532.972	0.0	0.0	-1.019235e-05
533.162	0.0	0.0	-2.5047375000000002e-05
533.142	0.0	0.0	-2.33495e-05
533.182	0.0	0.0	-2.592075e-05
533.302	0.0	0.0	-3.1501e-05
533.492	0.0	0.0	-3.9939375000000004e-05
533.472	0.0	0.0	-3.9015000000000005e-05
533.512	0.0	0.0	-3.9663125000000005e-05
533.642	0.0	0.0	-3.8126750000000006e-05
533.832	0.0	0.0	-3.582325000000001e-05
533.812	0.0	0.0	-3.6046375000000006e-05
533.862	0.0	0.0	-3.4144500000000005e-05
533.982	0.0	0.0	-2.5863375000000002e-05
534.172	0.0	0.0	-1.35133e-05
534.152	0.0	0.0	-1.4936837500000002e-05
534.192	0.0	0.0	-1.1864087500000001e-05
534.312	0.0	0.0	-1.1516225e-06
534.502	0.0	0.0	1.5054987500000002e-05
534.482	0.0	0.0	1.3264675000000002e-05
534.522	0.0	0.0	1.65016875e-05
534.652	0.0	0.0	2.46585e-05
534.842	0.0	0.0	3.689000000000001e-05
534.822	0.0	0.0	3.569150000000001e-05
534.872	0.0	0.0	3.7128e-05
534.992	0.0	0.0	3.8320125e-05
535.182	0.0	0.0	4.009875e-05
535.162	0.0	0.0	3.9892625000000013e-05
535.202	0.0	0.0	3.9193500000000003e-05
535.322	0.0	0.0	3.321162500000001e-05
535.512	0.0	0.0	2.4159125000000002e-05
535.492	0.0	0.0	2.51685e-05
535.532	0.0	0.0	2.235925e-05
535.662	0.0	0.0	1.2070000000000001e-05
535.852	0.0	0.0	-3.3640875000000005e-06
535.832	0.0	0.0	-1.8413337500000003e-06
535.882	0.0	0.0	-5.221550000000001e-06
536.002	0.0	0.0	-1.4583875000000001e-05
536.192	0.0	0.0	-2.8555750000000002e-05
536.172	0.0	0.0	-2.6900375e-05
536.212	0.0	0.0	-2.9152875000000005e-05
536.332	0.0	0.0	-3.32435e-05
536.522	0.0	0.0	-3.9442125e-05
536.502	0.0	0.0	-3.8774875e-05
536.542	0.0	0.0	-3.8908750000000006e-05
536.672	0.0	0.0	-3.6023000000000004e-05
536.862	0.0	0.0	-3.1711375e-05
536.842	0.0	0.0	-3.2208625000000004e-05
536.882	0.0	0.0	-3.0421500000000003e-05
537.002	0.0	0.0	-2.1883250000000004e-05
537.192	0.0	0.0	-8.954537500000001e-06
537.172	0.0	0.0	-1.042185e-05
537.212	0.0	0.0	-7.0955874999999994e-06
537.342	0.0	0.0	3.8071499999999996e-06
537.532	0.0	0.0	2.01745375e-05
537.512	0.0	0.0	1.8529787500000003e-05
537.552	0.0	0.0	2.1715375000000004e-05
537.682	0.0	0.0	2.966925e-05
537.872	0.0	0.0	4.154587500000001e-05
537.852	0.0	0.0	4.0137e-05
537.892	0.0	0.0	4.1681875e-05
538.012	0.0	0.0	4.261050000000001e-05
538.202	0.0	0.0	4.4019375000000006e-05
538.182	0.0	0.0	4.3860000000000004e-05
538.222	0.0	0.0	4.2757125000000006e-05
538.352	0.0	0.0	3.5272875000000004e-05
538.542	0.0	0.0	2.403375e-05
538.522	0.0	0.0	2.5174875000000003e-05
538.562	0.0	0.0	2.1526250000000004e-05
538.692	0.0	0.0	8.4286e-06
538.882	0.0	0.0	-1.1144350000000001e-05
538.862	0.0	0.0	-8.8011125e-06
538.902	0.0	0.0	-1.2903850000000002e-05
539.022	0.0	0.0	-2.5230125000000003e-05
539.212	0.0	0.0	-4.3915250000000006e-05
539.192	0.0	0.0	-4.1766875e-05
539.232	0.0	0.0	-4.4809875000000004e-05
539.362	0.0	0.0	-5.0184000000000006e-05
539.552	0.0	0.0	-5.8261125000000005e-05
539.532	0.0	0.0	-5.743237500000001e-05
539.572	0.0	0.0	-5.720712500000001e-05
539.702	0.0	0.0	-5.16375e-05
539.892	0.0	0.0	-4.3309625000000005e-05
539.872	0.0	0.0	-4.431475e-05
539.912	0.0	0.0	-4.1327e-05
540.032	0.0	0.0	-2.7208500000000002e-05
540.222	0.0	0.0	-5.7972125e-06
540.202	0.0	0.0	-8.279850000000002e-06
540.242	0.0	0.0	-3.0935750000000003e-06
540.372	0.0	0.0	1.3388775000000001e-05
540.562	0.0	0.0	3.8162875000000005e-05
540.542	0.0	0.0	3.5602250000000006e-05
540.582	0.0	0.0	4.0007375000000004e-05
540.712	0.0	0.0	4.9882250000000005e-05
540.902	0.0	0.0	6.465312500000001e-05
540.882	0.0	0.0	6.28575e-05
540.922	0.0	0.0	6.439600000000001e-05
541.042	0.0	0.0	6.252387500000001e-05
541.232	0.0	0.0	5.968487500000001e-05
541.212	0.0	0.0	6.001637500000001e-05
541.252	0.0	0.0	5.756625000000001e-05
541.382	0.0	0.0	4.4465625000000005e-05
541.572	0.0	0.0	2.476475e-05
541.552	0.0	0.0	2.6819624999999998e-05
541.592	0.0	0.0	2.1507125e-05
541.722	0.0	0.0	3.8354125e-06
541.912	0.0	0.0	-2.2607875000000002e-05
541.892	0.0	0.0	-1.9365975e-05
541.932	0.0	0.0	-2.4382250000000002e-05
542.052	0.0	0.0	-3.747012500000001e-05
542.242	0.0	0.0	-5.733675e-05
542.222	0.0	0.0	-5.4995000000000005e-05
542.262	0.0	0.0	-5.7736249999999995e-05
542.392	0.0	0.0	-6.0245875000000004e-05
542.582	0.0	0.0	-6.401987500000001e-05
542.562	0.0	0.0	-6.36225e-05
542.602	0.0	0.0	-6.2322e-05
542.732	0.0	0.0	-5.2982625000000005e-05
542.922	0.0	0.0	-3.900225e-05
542.902	0.0	0.0	-4.072775e-05
542.942	0.0	0.0	-3.692612500000001e-05
543.062	0.0	0.0	-2.1341375e-05
543.252	0.0	0.0	2.3258125000000003e-06
543.232	0.0	0.0	-4.861362500000001e-07
543.272	0.0	0.0	4.5876625e-06
543.402	0.0	0.0	1.8995162500000005e-05
543.592	0.0	0.0	4.0678875000000006e-05
543.572	0.0	0.0	3.8375375000000004e-05
543.612	0.0	0.0	4.173075000000001e-05
543.742	0.0	0.0	4.759150000000001e-05
543.932	0.0	0.0	5.6369875e-05
543.912	0.0	0.0	5.527762500000001e-05
543.952	0.0	0.0	5.5772750000000006e-05
544.072	0.0	0.0	5.121675000000001e-05
544.262	0.0	0.0	4.4293500000000005e-05
544.242	0.0	0.0	4.512225000000001e-05
544.282	0.0	0.0	4.244050000000001e-05
544.412	0.0	0.0	3.0464000000000002e-05
544.602	0.0	0.0	1.2429975000000001e-05
544.582	0.0	0.0	1.43633e-05
544.622	0.0	0.0	1.0159625000000002e-05
544.752	0.0	0.0	-2.649875e-06
544.942	0.0	0.0	-2.1842875000000002e-05
544.922	0.0	0.0	-1.9435675000000003e-05
544.962	0.0	0.0	-2.2790625000000003e-05
545.082	0.0	0.0	-3.0181375e-05
545.272	0.0	0.0	-4.1412e-05
545.252	0.0	0.0	-4.005625e-05
545.292	0.0	0.0	-4.132275000000001e-05
545.422	0.0	0.0	-4.073837500000001e-05
545.612	0.0	0.0	-3.98565e-05
545.592	0.0	0.0	-3.9952125e-05
545.632	0.0	0.0	-3.8545375000000004e-05
545.762	0.0	0.0	-3.1046250000000005e-05
545.952	0.0	0.0	-1.9806275e-05
545.932	0.0	0.0	-2.1226200000000004e-05
545.972	0.0	0.0	-1.8574200000000003e-05
546.092	0.0	0.0	-8.80005e-06
546.282	0.0	0.0	6.0615625000000005e-06
546.262	0.0	0.0	4.2534e-06
546.302	0.0	0.0	7.1967375e-06
546.432	0.0	0.0	1.47651375e-05
546.622	0.0	0.0	2.6169375000000002e-05
546.602	0.0	0.0	2.4926250000000002e-05
546.642	0.0	0.0	2.6503000000000004e-05
546.772	0.0	0.0	2.8428250000000003e-05
546.962	0.0	0.0	3.1316125e-05
546.942	0.0	0.0	3.09485e-05
546.982	0.0	0.0	3.086137500000001e-05
547.102	0.0	0.0	2.7193625000000002e-05
547.292	0.0	0.0	2.1613375000000004e-05
547.272	0.0	0.0	2.2297625000000003e-05
547.312	0.0	0.0	2.0586787500000003e-05
547.442	0.0	0.0	1.3638250000000001e-05
547.632	0.0	0.0	3.16285e-06
547.612	0.0	0.0	4.315662500000001e-06
547.652	0.0	0.0	2.0448875e-06
547.782	0.0	0.0	-4.5247625e-06
547.972	0.0	0.0	-1.4380937500000002e-05
547.952	0.0	0.0	-1.3117412500000002e-05
547.992	0.0	0.0	-1.4777675000000002e-05
548.112	0.0	0.0	-1.80474125e-05
548.302	0.0	0.0	-2.3024375e-05
548.282	0.0	0.0	-2.2408125e-05
548.322	0.0	0.0	-2.2882000000000002e-05
548.452	0.0	0.0	-2.1908750000000003e-05
548.642	0.0	0.0	-2.0439950000000004e-05
548.622	0.0	0.0	-2.0602937500000005e-05
548.662	0.0	0.0	-1.9690887500000004e-05
548.792	0.0	0.0	-1.5228387500000002e-05
548.982	0.0	0.0	-8.5306e-06
548.962	0.0	0.0	-9.395475000000002e-06
548.992	0.0	0.0	-7.865050000000002e-06
549.122	0.0	0.0	-2.2682249999999998e-06
549.312	0.0	0.0	6.252387500000001e-06
549.292	0.0	0.0	5.1915875e-06
549.332	0.0	0.0	6.890950000000001e-06
549.462	0.0	0.0	1.1355362500000002e-05
549.652	0.0	0.0	1.80914e-05
549.632	0.0	0.0	1.733915e-05
549.672	0.0	0.0	1.8294125e-05
549.802	0.0	0.0	1.9514725000000003e-05
549.992	0.0	0.0	2.134775e-05
549.962	0.0	0.0	2.110635e-05
550.002	0.0	0.0	2.1057475e-05
550.132	0.0	0.0	1.8500462499999998e-05
550.322	0.0	0.0	1.4602362500000002e-05
550.302	0.0	0.0	1.5072625e-05
550.342	0.0	0.0	1.3748325e-05
550.472	0.0	0.0	8.1325875e-06
550.662	0.0	0.0	-3.04725e-07
550.642	0.0	0.0	7.7913125e-07
550.672	0.0	0.0	-1.0396775e-06
550.802	0.0	0.0	-7.252625000000001e-06
550.992	0.0	0.0	-1.6715887500000003e-05
550.972	0.0	0.0	-1.5518875e-05
551.012	0.0	0.0	-1.7284325e-05
551.142	0.0	0.0	-2.1386e-05
551.332	0.0	0.0	-2.757825e-05
551.312	0.0	0.0	-2.6874875e-05
551.352	0.0	0.0	-2.7452875e-05
551.482	0.0	0.0	-2.6679375000000006e-05
551.672	0.0	0.0	-2.5519125000000003e-05
551.642	0.0	0.0	-2.5672125000000003e-05
551.682	0.0	0.0	-2.4841250000000002e-05
551.812	0.0	0.0	-1.8831325000000002e-05
552.002	0.0	0.0	-9.6706625e-06
551.982	0.0	0.0	-1.0833887500000002e-05
552.022	0.0	0.0	-8.382275000000001e-06
552.152	0.0	0.0	1.0299237500000003e-06
552.342	0.0	0.0	1.5247512500000002e-05
552.322	0.0	0.0	1.3620825000000002e-05
552.362	0.0	0.0	1.65373875e-05
552.492	0.0	0.0	2.4637250000000002e-05
552.682	0.0	0.0	3.68135e-05
552.652	0.0	0.0	3.51985e-05
552.692	0.0	0.0	3.70515e-05
552.822	0.0	0.0	3.920837500000001e-05
553.012	0.0	0.0	4.25e-05
552.992	0.0	0.0	4.2079250000000005e-05
553.032	0.0	0.0	4.167125e-05
553.162	0.0	0.0	3.5510875000000004e-05
553.352	0.0	0.0	2.6201250000000006e-05
553.332	0.0	0.0	2.7276500000000002e-05
553.372	0.0	0.0	2.4222875e-05
553.502	0.0	0.0	1.16018625e-05
553.692	0.0	0.0	-7.377362500000001e-06
553.662	0.0	0.0	-4.844575e-06
553.702	0.0	0.0	-8.781775000000001e-06
553.832	0.0	0.0	-2.1791875000000002e-05
554.022	0.0	0.0	-4.1635125e-05
554.002	0.0	0.0	-3.9078750000000006e-05
554.042	0.0	0.0	-4.253825e-05
554.172	0.0	0.0	-4.9370125000000005e-05
554.362	0.0	0.0	-5.9695500000000005e-05
554.342	0.0	0.0	-5.8494875e-05
554.382	0.0	0.0	-5.9021875e-05
554.512	0.0	0.0	-5.4659250000000004e-05
554.702	0.0	0.0	-4.809300000000001e-05
554.672	0.0	0.0	-4.8977e-05
554.712	0.0	0.0	-4.6599125e-05
554.842	0.0	0.0	-3.244875e-05
555.032	0.0	0.0	-1.0851525000000001e-05
555.012	0.0	0.0	-1.3654612500000002e-05
555.052	0.0	0.0	-8.4983e-06
555.182	0.0	0.0	9.610525e-06
555.372	0.0	0.0	3.6998375e-05
555.352	0.0	0.0	3.378962500000001e-05
555.392	0.0	0.0	3.8876875e-05
555.522	0.0	0.0	5.1206125000000006e-05
555.712	0.0	0.0	6.976587500000001e-05
555.682	0.0	0.0	6.7254125e-05
555.722	0.0	0.0	6.9748875e-05
555.852	0.0	0.0	6.9587375e-05
556.042	0.0	0.0	6.9340875e-05
556.012	0.0	0.0	6.937275e-05
556.062	0.0	0.0	6.760900000000001e-05
556.192	0.0	0.0	5.404725000000001e-05
556.382	0.0	0.0	3.352825e-05
556.362	0.0	0.0	3.5952875000000004e-05
556.402	0.0	0.0	3.043425e-05
556.532	0.0	0.0	9.797525e-06
556.722	0.0	0.0	-2.1277625000000003e-05
556.692	0.0	0.0	-1.70456875e-05
556.732	0.0	0.0	-2.3007375000000004e-05
556.862	0.0	0.0	-4.0147625000000003e-05
557.052	0.0	0.0	-6.63255e-05
557.022	0.0	0.0	-6.287875000000002e-05
557.072	0.0	0.0	-6.7003375e-05
557.192	0.0	0.0	-7.240087500000001e-05
557.392	0.0	0.0	-8.056937500000001e-05
557.372	0.0	0.0	-7.9596125e-05
557.412	0.0	0.0	-7.911800000000001e-05
557.542	0.0	0.0	-6.927712500000001e-05
557.732	0.0	0.0	-5.4453125000000004e-05
557.702	0.0	0.0	-5.6484625000000006e-05
557.742	0.0	0.0	-5.2510875000000004e-05
557.872	0.0	0.0	-3.2814250000000005e-05
558.062	0.0	0.0	-2.7166000000000004e-06
558.032	0.0	0.0	-6.7067125000000005e-06
558.082	0.0	0.0	-1.9540862500000002e-07
558.202	0.0	0.0	2.0293962500000003e-05
558.402	0.0	0.0	5.1323e-05
558.382	0.0	0.0	4.7600000000000005e-05
558.422	0.0	0.0	5.284662500000001e-05
558.552	0.0	0.0	6.3339875e-05
558.742	0.0	0.0	7.915625e-05
558.712	0.0	0.0	7.697387500000001e-05
558.752	0.0	0.0	7.875675000000001e-05
558.882	0.0	0.0	7.4593875e-05
559.072	0.0	0.0	6.8227375e-05
559.042	0.0	0.0	6.9077375e-05
559.092	0.0	0.0	6.621925000000001e-05
559.212	0.0	0.0	4.9582625000000004e-05
559.412	0.0	0.0	2.4380125000000002e-05
559.392	0.0	0.0	2.7427375000000003e-05
559.432	0.0	0.0	2.1447625e-05
559.562	0.0	0.0	9.29305e-07
559.752	0.0	0.0	-3.0007125000000005e-05
559.722	0.0	0.0	-2.5708250000000002e-05
559.762	0.0	0.0	-3.1337375e-05
559.892	0.0	0.0	-4.5509e-05
560.082	0.0	0.0	-6.7181875e-05
560.052	0.0	0.0	-6.426850000000001e-05
560.102	0.0	0.0	-6.738800000000001e-05
560.222	0.0	0.0	-6.9132625e-05
560.422	0.0	0.0	-7.178037500000001e-05
560.402	0.0	0.0	-7.145737500000001e-05
560.442	0.0	0.0	-7.016112500000001e-05
560.572	0.0	0.0	-5.8645750000000003e-05
560.762	0.0	0.0	-4.1278125e-05
560.732	0.0	0.0	-4.3707e-05
560.772	0.0	0.0	-3.9595125000000005e-05
560.902	0.0	0.0	-2.1211750000000002e-05
561.092	0.0	0.0	6.913475000000001e-06
561.062	0.0	0.0	3.1069625000000004e-06
561.112	0.0	0.0	8.894825000000002e-06
561.232	0.0	0.0	2.59505e-05
561.432	0.0	0.0	5.181175e-05
561.412	0.0	0.0	4.863912500000001e-05
561.452	0.0	0.0	5.2795625e-05
561.582	0.0	0.0	5.989950000000001e-05
561.772	0.0	0.0	7.062012500000001e-05
561.742	0.0	0.0	6.911137500000002e-05
561.782	0.0	0.0	7.0108e-05
561.912	0.0	0.0	6.43535e-05
562.102	0.0	0.0	5.554750000000001e-05
562.072	0.0	0.0	5.674812500000001e-05
562.112	0.0	0.0	5.371362500000001e-05
562.242	0.0	0.0	3.761675e-05
562.442	0.0	0.0	1.3196462500000002e-05
562.422	0.0	0.0	1.6215875e-05
562.462	0.0	0.0	1.0669837500000002e-05
562.592	0.0	0.0	-7.9086125e-06
562.782	0.0	0.0	-3.5957125000000003e-05
562.752	0.0	0.0	-3.1983375e-05
562.792	0.0	0.0	-3.6998375e-05
562.922	0.0	0.0	-4.8998250000000005e-05
563.112	0.0	0.0	-6.7371e-05
563.082	0.0	0.0	-6.485075e-05
563.122	0.0	0.0	-6.735612500000001e-05
563.252	0.0	0.0	-6.72265e-05
563.452	0.0	0.0	-6.7031e-05
563.432	0.0	0.0	-6.705437499999999e-05
563.472	0.0	0.0	-6.531825e-05
563.602	0.0	0.0	-5.2502375000000006e-05
563.792	0.0	0.0	-3.314575000000001e-05
563.762	0.0	0.0	-3.5906125e-05
563.802	0.0	0.0	-3.1541375e-05
563.932	0.0	0.0	-1.2580212500000003e-05
564.122	0.0	0.0	1.6466412500000003e-05
564.092	0.0	0.0	1.2455475000000003e-05
564.132	0.0	0.0	1.8277125e-05
564.262	0.0	0.0	3.483725e-05
564.462	0.0	0.0	5.9978125e-05
564.442	0.0	0.0	5.6831000000000005e-05
564.482	0.0	0.0	6.0673e-05
564.612	0.0	0.0	6.59345e-05
564.802	0.0	0.0	7.388200000000001e-05
564.772	0.0	0.0	7.273025000000001e-05
564.812	0.0	0.0	7.3221125e-05
564.942	0.0	0.0	6.485287500000001e-05
565.132	0.0	0.0	5.202e-05
565.102	0.0	0.0	5.3743375e-05
565.152	0.0	0.0	4.987375000000001e-05
565.272	0.0	0.0	3.1726250000000005e-05
565.472	0.0	0.0	4.293987500000001e-06
565.442	0.0	0.0	8.184862500000001e-06
565.482	0.0	0.0	2.7648375000000003e-06
565.612	0.0	0.0	-1.5450450000000004e-05
565.802	0.0	0.0	-4.336487500000001e-05
565.772	0.0	0.0	-3.9454875e-05
565.812	0.0	0.0	-4.441037500000001e-05
565.942	0.0	0.0	-5.435962500000001e-05
566.142	0.0	0.0	-6.947475e-05
566.122	0.0	0.0	-6.7555875e-05
566.162	0.0	0.0	-6.902425000000001e-05
566.292	0.0	0.0	-6.550312499999999e-05
566.482	0.0	0.0	-6.0177875000000004e-05
566.452	0.0	0.0	-6.0949250000000006e-05
566.492	0.0	0.0	-5.9077125000000006e-05
566.622	0.0	0.0	-4.5043625000000005e-05
566.812	0.0	0.0	-2.3525875000000003e-05
566.782	0.0	0.0	-2.654975e-05
566.822	0.0	0.0	-2.1740875000000002e-05
566.952	0.0	0.0	-4.455487500000001e-06
567.152	0.0	0.0	2.1813125e-05
567.122	0.0	0.0	1.84537125e-05
567.172	0.0	0.0	2.3222000000000002e-05
567.302	0.0	0.0	3.446962500000001e-05
567.492	0.0	0.0	5.1484500000000005e-05
567.462	0.0	0.0	4.9002500000000004e-05
567.502	0.0	0.0	5.1518500000000005e-05
567.632	0.0	0.0	5.1969e-05
567.822	0.0	0.0	5.266175e-05
567.792	0.0	0.0	5.256400000000001e-05
567.832	0.0	0.0	5.1758625000000005e-05
567.962	0.0	0.0	4.2816625e-05
568.162	0.0	0.0	2.9220875e-05
568.132	0.0	0.0	3.0971875e-05
568.182	0.0	0.0	2.7716375000000003e-05
568.302	0.0	0.0	1.54846625e-05
568.502	0.0	0.0	-3.0262125e-06
568.472	0.0	0.0	-3.095062500000001e-07
568.512	0.0	0.0	-3.6509625e-06
568.642	0.0	0.0	-1.2114625000000003e-05
568.832	0.0	0.0	-2.510475e-05
568.802	0.0	0.0	-2.3256000000000006e-05
568.842	0.0	0.0	-2.5259875000000004e-05
568.972	0.0	0.0	-2.6828125000000003e-05
569.172	0.0	0.0	-2.92145e-05
569.142	0.0	0.0	-2.8904250000000007e-05
569.192	0.0	0.0	-2.870025e-05
569.312	0.0	0.0	-2.4429000000000003e-05
569.512	0.0	0.0	-1.7964112500000004e-05
569.482	0.0	0.0	-1.8918875e-05
569.522	0.0	0.0	-1.75705625e-05
569.652	0.0	0.0	-1.2066387500000001e-05
569.842	0.0	0.0	-3.6152625000000003e-06
569.812	0.0	0.0	-4.8256625e-06
569.852	0.0	0.0	-3.310962500000001e-06
569.982	0.0	0.0	-1.56695375e-07
570.182	0.0	0.0	4.643125e-06
570.152	0.0	0.0	4.016250000000001e-06
570.202	0.0	0.0	4.7984625e-06
570.322	0.0	0.0	6.1110750000000015e-06
570.522	0.0	0.0	8.099225e-06
570.492	0.0	0.0	7.803850000000002e-06
570.532	0.0	0.0	8.211000000000002e-06
570.662	0.0	0.0	9.825575000000001e-06
570.852	0.0	0.0	1.2305450000000001e-05
570.822	0.0	0.0	1.1948025e-05
570.862	0.0	0.0	1.2206850000000002e-05
570.992	0.0	0.0	1.11598625e-05
571.192	0.0	0.0	9.5661125e-06
571.162	0.0	0.0	9.775637500000001e-06
571.212	0.0	0.0	8.916287500000002e-06
571.332	0.0	0.0	3.3203125000000002e-06
571.532	0.0	0.0	-5.1588625000000015e-06
571.502	0.0	0.0	-3.891725e-06
571.542	0.0	0.0	-5.672687500000001e-06
571.672	0.0	0.0	-1.3353925000000001e-05
571.862	0.0	0.0	-2.5157875000000003e-05
571.832	0.0	0.0	-2.3445125000000002e-05
571.872	0.0	0.0	-2.5606250000000002e-05
572.002	0.0	0.0	-3.0476750000000003e-05
572.202	0.0	0.0	-3.7893000000000005e-05
572.172	0.0	0.0	-3.6911250000000003e-05
572.212	0.0	0.0	-3.75955e-05
572.342	0.0	0.0	-3.4979625e-05
572.542	0.0	0.0	-3.1014375e-05
572.512	0.0	0.0	-3.160937500000001e-05
572.552	0.0	0.0	-3.036625e-05
572.682	0.0	0.0	-2.0353462500000005e-05
572.872	0.0	0.0	-4.95975e-06
572.842	0.0	0.0	-7.206087500000001e-06
572.882	0.0	0.0	-3.7767625000000003e-06
573.012	0.0	0.0	9.4092875e-06
573.212	0.0	0.0	2.949925e-05
573.182	0.0	0.0	2.682175e-05
573.222	0.0	0.0	3.0466125000000005e-05
573.352	0.0	0.0	3.9151000000000005e-05
573.552	0.0	0.0	5.231962500000001e-05
573.522	0.0	0.0	5.0328500000000004e-05
573.562	0.0	0.0	5.2258e-05
573.682	0.0	0.0	5.126137500000001e-05
573.882	0.0	0.0	4.972925000000001e-05
573.852	0.0	0.0	4.9954500000000004e-05
573.892	0.0	0.0	4.8779375e-05
574.022	0.0	0.0	3.791637500000001e-05
574.222	0.0	0.0	2.1362625e-05
574.192	0.0	0.0	2.3585375000000005e-05
574.232	0.0	0.0	1.9716175000000004e-05
574.362	0.0	0.0	4.639300000000001e-06
574.562	0.0	0.0	-1.8232925e-05
574.532	0.0	0.0	-1.4754087500000002e-05
574.572	0.0	0.0	-1.89006e-05
574.692	0.0	0.0	-3.0024124999999998e-05
574.892	0.0	0.0	-4.7138875e-05
574.862	0.0	0.0	-4.461012500000001e-05
574.902	0.0	0.0	-4.730250000000001e-05
575.032	0.0	0.0	-4.921075e-05
575.232	0.0	0.0	-5.212200000000001e-05
575.202	0.0	0.0	-5.172887500000001e-05
575.242	0.0	0.0	-5.1269875e-05
575.372	0.0	0.0	-4.329900000000001e-05
575.572	0.0	0.0	-3.1201375e-05
575.542	0.0	0.0	-3.3052250000000005e-05
575.582	0.0	0.0	-3.0481000000000002e-05
575.702	0.0	0.0	-1.8018087500000002e-05
575.902	0.0	0.0	1.16498875e-06
575.872	0.0	0.0	-1.6855712500000001e-06
575.912	0.0	0.0	2.031075e-06
576.042	0.0	0.0	1.2469925000000002e-05
576.242	0.0	0.0	2.8394250000000003e-05
576.212	0.0	0.0	2.6228875e-05
576.252	0.0	0.0	2.8721500000000003e-05
576.382	0.0	0.0	3.1864375000000004e-05
576.582	0.0	0.0	3.6635000000000004e-05
576.552	0.0	0.0	3.590187500000001e-05
576.592	0.0	0.0	3.6407625e-05
576.712	0.0	0.0	3.229575000000001e-05
576.912	0.0	0.0	2.5963250000000003e-05
576.882	0.0	0.0	2.6908875e-05
576.922	0.0	0.0	2.5359750000000004e-05
577.052	0.0	0.0	1.7892500000000002e-05
577.252	0.0	0.0	6.496125e-06
577.222	0.0	0.0	8.055875e-06
577.262	0.0	0.0	5.9094125000000006e-06
577.392	0.0	0.0	1.8190425000000002e-07
577.592	0.0	0.0	-8.517850000000002e-06
577.562	0.0	0.0	-7.1716625e-06
577.602	0.0	0.0	-8.588187500000001e-06
577.722	0.0	0.0	-9.910150000000002e-06
577.922	0.0	0.0	-1.1946537500000003e-05
577.892	0.0	0.0	-1.1640325000000001e-05
577.932	0.0	0.0	-1.1808412500000001e-05
578.062	0.0	0.0	-1.00501875e-05
578.262	0.0	0.0	-7.3661e-06
578.232	0.0	0.0	-7.73585e-06
578.272	0.0	0.0	-7.212462500000001e-06
578.402	0.0	0.0	-5.6786375e-06
578.602	0.0	0.0	-3.347725e-06
578.572	0.0	0.0	-3.7104625000000002e-06
578.612	0.0	0.0	-3.2493375e-06
578.732	0.0	0.0	-1.3155237500000001e-06
578.932	0.0	0.0	1.6644487500000001e-06
578.902	0.0	0.0	1.2136937500000001e-06
578.942	0.0	0.0	1.9909975000000003e-06
579.072	0.0	0.0	6.273637500000001e-06
579.272	0.0	0.0	1.2814387500000001e-05
579.242	0.0	0.0	1.190935e-05
579.282	0.0	0.0	1.3190725000000002e-05
579.412	0.0	0.0	1.7012962500000002e-05
579.612	0.0	0.0	2.2822500000000004e-05
579.582	0.0	0.0	2.1904500000000003e-05
579.622	0.0	0.0	2.280125e-05
579.742	0.0	0.0	2.2348625000000003e-05
579.942	0.0	0.0	2.1647375e-05
579.912	0.0	0.0	2.1751500000000003e-05
579.952	0.0	0.0	2.1087437500000003e-05
580.082	0.0	0.0	1.4494837500000001e-05
580.282	0.0	0.0	4.468237500000001e-06
580.252	0.0	0.0	6.02055e-06
580.292	0.0	0.0	3.9637625e-06
580.412	0.0	0.0	-6.076650000000001e-06
580.612	0.0	0.0	-2.1556e-05
580.582	0.0	0.0	-1.9184925e-05
580.622	0.0	0.0	-2.2157375e-05
580.752	0.0	0.0	-3.0504375e-05
580.952	0.0	0.0	-4.3265e-05
580.922	0.0	0.0	-4.1477875e-05
580.962	0.0	0.0	-4.3326625e-05
581.092	0.0	0.0	-4.397900000000001e-05
581.292	0.0	0.0	-4.4971375e-05
581.262	0.0	0.0	-4.4814125000000004e-05
581.302	0.0	0.0	-4.4584625e-05
581.422	0.0	0.0	-3.5963499999999995e-05
581.622	0.0	0.0	-2.2661000000000002e-05
581.592	0.0	0.0	-2.470525e-05
581.632	0.0	0.0	-2.1613375000000004e-05
581.762	0.0	0.0	-6.697150000000001e-06
581.962	0.0	0.0	1.61064375e-05
581.932	0.0	0.0	1.2891737500000002e-05
581.972	0.0	0.0	1.7333200000000002e-05
582.102	0.0	0.0	3.0685e-05
582.302	0.0	0.0	5.1002125000000006e-05
582.272	0.0	0.0	4.7776375000000004e-05
582.312	0.0	0.0	5.119125e-05
582.432	0.0	0.0	5.560275e-05
582.632	0.0	0.0	6.241125000000001e-05
582.602	0.0	0.0	6.1359375e-05
582.642	0.0	0.0	6.1897e-05
582.772	0.0	0.0	5.432562500000001e-05
582.972	0.0	0.0	4.274437500000001e-05
582.942	0.0	0.0	4.438700000000001e-05
582.982	0.0	0.0	4.1278125e-05
583.112	0.0	0.0	2.4909250000000002e-05
583.312	0.0	0.0	-1.0088862500000003e-08
583.282	0.0	0.0	3.969075000000001e-06
583.322	0.0	0.0	-6.800637500000001e-07
583.442	0.0	0.0	-1.7305149999999998e-05
583.642	0.0	0.0	-4.2973875000000004e-05
583.612	0.0	0.0	-3.898525000000001e-05
583.652	0.0	0.0	-4.355825e-05
583.782	0.0	0.0	-5.244925000000001e-05
583.982	0.0	0.0	-6.605350000000001e-05
583.952	0.0	0.0	-6.411125000000001e-05
583.992	0.0	0.0	-6.5711375e-05
584.122	0.0	0.0	-6.179712500000001e-05
584.322	0.0	0.0	-5.5834375e-05
584.292	0.0	0.0	-5.6790625000000007e-05
584.322	0.0	0.0	-5.529887500000001e-05
584.452	0.0	0.0	-4.1237750000000003e-05
584.652	0.0	0.0	-1.951685e-05
584.622	0.0	0.0	-2.2909625e-05
584.662	0.0	0.0	-1.84161e-05
584.792	0.0	0.0	-1.118005e-06
584.992	0.0	0.0	2.5359750000000004e-05
584.962	0.0	0.0	2.1558125e-05
585.002	0.0	0.0	2.6322375e-05
585.132	0.0	0.0	3.7623125000000004e-05
585.332	0.0	0.0	5.4839875e-05
585.302	0.0	0.0	5.2060375e-05
585.332	0.0	0.0	5.4850500000000006e-05
585.462	0.0	0.0	5.5128875000000005e-05
585.662	0.0	0.0	5.5562375000000014e-05
585.632	0.0	0.0	5.549437500000001e-05
585.672	0.0	0.0	5.495675e-05
585.802	0.0	0.0	4.512225000000001e-05
586.002	0.0	0.0	3.0062375000000004e-05
585.972	0.0	0.0	3.2238375000000005e-05
586.012	0.0	0.0	2.89e-05
586.142	0.0	0.0	1.48739375e-05
586.342	0.0	0.0	-6.5048375e-06
586.312	0.0	0.0	-3.0357750000000006e-06
586.342	0.0	0.0	-6.862900000000001e-06
586.472	0.0	0.0	-1.75423e-05
586.672	0.0	0.0	-3.4051e-05
586.642	0.0	0.0	-3.1443625e-05
586.682	0.0	0.0	-3.423587500000001e-05
586.812	0.0	0.0	-3.7355374999999996e-05
587.012	0.0	0.0	-4.21345e-05
586.982	0.0	0.0	-4.1439625000000004e-05
587.022	0.0	0.0	-4.1739250000000005e-05
587.152	0.0	0.0	-3.682412500000001e-05
587.352	0.0	0.0	-2.9331375000000003e-05
587.322	0.0	0.0	-3.055325e-05
587.352	0.0	0.0	-2.9048750000000005e-05
587.482	0.0	0.0	-2.00270625e-05
587.682	0.0	0.0	-6.0758e-06
587.652	0.0	0.0	-8.292175000000002e-06
587.692	0.0	0.0	-5.578125000000001e-06
587.822	0.0	0.0	3.1588125e-06
588.022	0.0	0.0	1.65484375e-05
587.992	0.0	0.0	1.4590675e-05
588.032	0.0	0.0	1.6916062500000003e-05
588.162	0.0	0.0	2.1602750000000003e-05
588.362	0.0	0.0	2.8753375000000003e-05
588.332	0.0	0.0	2.7580375000000006e-05
588.362	0.0	0.0	2.8736375000000007e-05
588.492	0.0	0.0	2.8152e-05
588.692	0.0	0.0	2.7251000000000004e-05
588.662	0.0	0.0	2.7395500000000002e-05
588.702	0.0	0.0	2.6953500000000002e-05
588.832	0.0	0.0	2.1551750000000002e-05
589.032	0.0	0.0	1.32678625e-05
589.002	0.0	0.0	1.4486125000000002e-05
589.042	0.0	0.0	1.2645237500000001e-05
589.172	0.0	0.0	4.4731250000000005e-06
589.372	0.0	0.0	-7.998925e-06
589.342	0.0	0.0	-5.9429875000000005e-06
589.372	0.0	0.0	-8.1967625e-06
589.502	0.0	0.0	-1.5586025e-05
589.702	0.0	0.0	-2.70215e-05
589.672	0.0	0.0	-2.51855e-05
589.712	0.0	0.0	-2.7183000000000004e-05
589.842	0.0	0.0	-3.0253625000000003e-05
590.042	0.0	0.0	-3.4962625e-05
590.012	0.0	0.0	-3.426562500000001e-05
590.052	0.0	0.0	-3.4686375e-05
590.182	0.0	0.0	-3.0963375e-05
590.382	0.0	0.0	-2.5276875e-05
590.352	0.0	0.0	-2.6218250000000003e-05
590.382	0.0	0.0	-2.505375e-05
590.512	0.0	0.0	-1.59309125e-05
590.712	0.0	0.0	-1.8070362499999998e-06
590.682	0.0	0.0	-4.087437500000001e-06
590.722	0.0	0.0	-1.2736400000000002e-06
590.852	0.0	0.0	9.318125000000002e-06
591.052	0.0	0.0	2.5570125000000003e-05
591.022	0.0	0.0	2.3151875000000003e-05
591.062	0.0	0.0	2.6014250000000006e-05
591.192	0.0	0.0	3.22235e-05
591.392	0.0	0.0	4.1705250000000005e-05
591.362	0.0	0.0	4.012637500000001e-05
591.392	0.0	0.0	4.1669125000000006e-05
591.522	0.0	0.0	4.0100875000000006e-05
591.722	0.0	0.0	3.7669875e-05
591.692	0.0	0.0	3.8065125e-05
591.732	0.0	0.0	3.723425000000001e-05
591.862	0.0	0.0	2.8203000000000004e-05
592.062	0.0	0.0	1.43395e-05
592.032	0.0	0.0	1.64145625e-05
592.072	0.0	0.0	1.35014e-05
592.202	0.0	0.0	1.439985e-06
592.402	0.0	0.0	-1.69900125e-05
592.372	0.0	0.0	-1.3904725e-05
592.402	0.0	0.0	-1.71702125e-05
592.532	0.0	0.0	-2.6152375000000002e-05
592.732	0.0	0.0	-4.0071125000000005e-05
592.702	0.0	0.0	-3.77995e-05
592.742	0.0	0.0	-4.014975e-05
592.872	0.0	0.0	-4.1854e-05
593.072	0.0	0.0	-4.4472000000000004e-05
593.042	0.0	0.0	-4.4078875e-05
593.082	0.0	0.0	-4.4013e-05
593.212	0.0	0.0	-3.7185374999999996e-05
593.412	0.0	0.0	-2.6747375000000002e-05
593.382	0.0	0.0	-2.8502625e-05
593.412	0.0	0.0	-2.6534875000000004e-05
593.542	0.0	0.0	-1.45811125e-05
593.742	0.0	0.0	3.9474e-06
593.712	0.0	0.0	9.080975000000002e-07
593.752	0.0	0.0	4.471e-06
593.882	0.0	0.0	1.6433900000000002e-05
594.082	0.0	0.0	3.481175000000001e-05
594.052	0.0	0.0	3.2032250000000005e-05
594.092	0.0	0.0	3.5187875e-05
594.222	0.0	0.0	4.0946625e-05
594.422	0.0	0.0	4.9752625000000004e-05
594.392	0.0	0.0	4.8252375000000004e-05
594.422	0.0	0.0	4.9710125000000005e-05
594.552	0.0	0.0	4.629100000000001e-05
594.752	0.0	0.0	4.0987000000000006e-05
594.722	0.0	0.0	4.1837000000000006e-05
594.762	0.0	0.0	4.0368625e-05
594.892	0.0	0.0	2.86195e-05
595.092	0.0	0.0	1.06417875e-05
595.062	0.0	0.0	1.3650787500000002e-05
595.092	0.0	0.0	1.0393800000000002e-05
595.222	0.0	0.0	-4.0394125e-06
595.422	0.0	0.0	-2.642225e-05
595.392	0.0	0.0	-2.2707750000000003e-05
595.432	0.0	0.0	-2.6840875000000004e-05
595.562	0.0	0.0	-3.7440375000000007e-05
595.762	0.0	0.0	-5.3732750000000005e-05
595.732	0.0	0.0	-5.1244375000000005e-05
595.772	0.0	0.0	-5.3766750000000005e-05
595.902	0.0	0.0	-5.431712500000001e-05
596.102	0.0	0.0	-5.5158625e-05
596.072	0.0	0.0	-5.501625e-05
596.102	0.0	0.0	-5.5039625e-05
596.232	0.0	0.0	-4.4996875e-05
596.432	0.0	0.0	-2.9412125e-05
596.402	0.0	0.0	-3.2004625000000004e-05
596.442	0.0	0.0	-2.8785250000000004e-05
596.572	0.0	0.0	-1.2273575000000002e-05
596.772	0.0	0.0	1.311805e-05
596.742	0.0	0.0	9.216337500000001e-06
596.782	0.0	0.0	1.39729375e-05
596.912	0.0	0.0	2.8428250000000003e-05
597.112	0.0	0.0	5.0558000000000006e-05
597.082	0.0	0.0	4.6764875e-05
597.112	0.0	0.0	5.0604750000000004e-05
597.242	0.0	0.0	5.564950000000001e-05
597.442	0.0	0.0	6.3478e-05
597.412	0.0	0.0	6.216900000000001e-05
597.442	0.0	0.0	6.322725e-05
597.582	0.0	0.0	5.623387500000001e-05
597.782	0.0	0.0	4.5475e-05
597.752	0.0	0.0	4.713675e-05
597.792	0.0	0.0	4.4576125000000003e-05
597.922	0.0	0.0	2.8766125e-05
598.122	0.0	0.0	4.552387500000001e-06
598.092	0.0	0.0	8.7220625e-06
598.122	0.0	0.0	4.4299875e-06
598.252	0.0	0.0	-1.2079137500000002e-05
598.452	0.0	0.0	-3.7716625000000006e-05
598.422	0.0	0.0	-3.340925000000001e-05
598.452	0.0	0.0	-3.8043875e-05
598.592	0.0	0.0	-4.7778500000000003e-05
598.792	0.0	0.0	-6.2761875e-05
598.762	0.0	0.0	-6.0435000000000013e-05
598.802	0.0	0.0	-6.2638625e-05
598.932	0.0	0.0	-6.036275e-05
599.132	0.0	0.0	-5.687987500000001e-05
599.102	0.0	0.0	-5.7481250000000005e-05
599.132	0.0	0.0	-5.681187500000001e-05
599.262	0.0	0.0	-4.396412500000001e-05
599.462	0.0	0.0	-2.4004000000000003e-05
599.432	0.0	0.0	-2.7374250000000003e-05
599.462	0.0	0.0	-2.3438750000000003e-05
599.602	0.0	0.0	-5.427037500000001e-06
599.802	0.0	0.0	2.2304000000000002e-05
599.772	0.0	0.0	1.7971125e-05
599.812	0.0	0.0	2.3054125000000002e-05
599.942	0.0	0.0	3.7344750000000005e-05
600.142	0.0	0.0	5.9251375e-05
600.102	0.0	0.0	5.5441250000000004e-05
600.142	0.0	0.0	5.9262e-05
600.272	0.0	0.0	6.29e-05
600.472	0.0	0.0	6.855887500000002e-05
600.442	0.0	0.0	6.7598375e-05
600.472	0.0	0.0	6.828262499999999e-05
600.612	0.0	0.0	5.886037500000001e-05
600.812	0.0	0.0	4.434662500000001e-05
600.782	0.0	0.0	4.662675e-05
600.822	0.0	0.0	4.339675e-05
600.952	0.0	0.0	2.4531000000000003e-05
601.152	0.0	0.0	-4.3972625e-06
601.112	0.0	0.0	6.5711375e-07
601.152	0.0	0.0	-4.411925e-06
601.282	0.0	0.0	-2.3630000000000002e-05
601.482	0.0	0.0	-5.3509625e-05
601.452	0.0	0.0	-4.8413875000000006e-05
601.482	0.0	0.0	-5.3794375e-05
601.622	0.0	0.0	-6.4296125e-05
601.822	0.0	0.0	-8.047800000000001e-05
601.792	0.0	0.0	-7.792375000000002e-05
601.832	0.0	0.0	-8.024212500000001e-05
601.962	0.0	0.0	-7.532275e-05
602.162	0.0	0.0	-6.777687500000001e-05
602.122	0.0	0.0	-6.910075000000001e-05
602.162	0.0	0.0	-6.778325000000002e-05
602.292	0.0	0.0	-4.949762500000001e-05
602.492	0.0	0.0	-2.10279375e-05
602.462	0.0	0.0	-2.5908000000000003e-05
602.492	0.0	0.0	-2.04363375e-05
602.632	0.0	0.0	3.3757750000000003e-06
602.832	0.0	0.0	4.0079625e-05
602.802	0.0	0.0	3.4252875e-05
602.842	0.0	0.0	4.0844625e-05
602.972	0.0	0.0	5.7506750000000006e-05
603.172	0.0	0.0	8.307687500000002e-05
603.132	0.0	0.0	7.856550000000001e-05
603.172	0.0	0.0	8.301525000000002e-05
603.302	0.0	0.0	8.402675000000001e-05
603.502	0.0	0.0	8.551000000000001e-05
603.472	0.0	0.0	8.525500000000001e-05
603.502	0.0	0.0	8.515725e-05
603.642	0.0	0.0	6.95895e-05
603.842	0.0	0.0	4.5583375000000006e-05
603.812	0.0	0.0	4.941475000000001e-05
603.852	0.0	0.0	4.4529375000000006e-05
603.982	0.0	0.0	2.0386400000000002e-05
604.182	0.0	0.0	-1.6675725000000002e-05
604.142	0.0	0.0	-1.010735e-05
604.182	0.0	0.0	-1.6536749999999997e-05
604.312	0.0	0.0	-3.6541499999999996e-05
604.512	0.0	0.0	-6.764725e-05
604.482	0.0	0.0	-6.226462500000001e-05
604.512	0.0	0.0	-6.778325000000002e-05
604.652	0.0	0.0	-7.439837500000001e-05
604.852	0.0	0.0	-8.460475e-05
604.822	0.0	0.0	-8.2966375e-05
604.862	0.0	0.0	-8.419462500000001e-05
604.992	0.0	0.0	-7.431337500000001e-05
605.192	0.0	0.0	-5.913875e-05
605.152	0.0	0.0	-6.183962500000001e-05
605.192	0.0	0.0	-5.9217375000000005e-05
605.322	0.0	0.0	-3.962912500000001e-05
605.522	0.0	0.0	-9.0021375e-06
605.482	0.0	0.0	-1.43290875e-05
605.522	0.0	0.0	-8.64535e-06
605.662	0.0	0.0	1.0815825e-05
605.862	0.0	0.0	4.0848875000000006e-05
605.832	0.0	0.0	3.6003875e-05
605.872	0.0	0.0	4.1210125e-05
606.002	0.0	0.0	5.039862500000001e-05
606.202	0.0	0.0	6.4515e-05
606.162	0.0	0.0	6.199050000000002e-05
606.202	0.0	0.0	6.44215e-05
606.332	0.0	0.0	6.06305e-05
606.532	0.0	0.0	5.4519000000000004e-05
606.492	0.0	0.0	5.558575e-05
606.532	0.0	0.0	5.43065e-05
606.662	0.0	0.0	4.127387500000001e-05
606.872	0.0	0.0	2.1151825e-05
606.842	0.0	0.0	2.4414125000000002e-05
606.872	0.0	0.0	2.0632687500000002e-05
607.012	0.0	0.0	6.651887500000001e-06
607.212	0.0	0.0	-1.48359e-05
607.172	0.0	0.0	-1.0974350000000001e-05
607.212	0.0	0.0	-1.4664837500000002e-05
607.342	0.0	0.0	-2.2488875000000002e-05
607.542	0.0	0.0	-3.4563125e-05
607.502	0.0	0.0	-3.2442375000000005e-05
607.542	0.0	0.0	-3.4556750000000004e-05
607.672	0.0	0.0	-3.4112625e-05
607.882	0.0	0.0	-3.342625e-05
607.852	0.0	0.0	-3.3538875e-05
607.882	0.0	0.0	-3.3207375e-05
608.022	0.0	0.0	-2.694075e-05
608.222	0.0	0.0	-1.73045125e-05
608.182	0.0	0.0	-1.90440375e-05
608.222	0.0	0.0	-1.7394612500000002e-05
608.352	0.0	0.0	-1.05006875e-05
608.552	0.0	0.0	2.6441375e-07
608.512	0.0	0.0	-1.6349325000000002e-06
608.552	0.0	0.0	3.1156750000000007e-07
608.682	0.0	0.0	4.289525e-06
608.892	0.0	0.0	1.04352375e-05
608.862	0.0	0.0	9.4301125e-06
608.892	0.0	0.0	1.04437375e-05
609.032	0.0	0.0	1.0702775e-05
609.232	0.0	0.0	1.1101000000000001e-05
609.192	0.0	0.0	1.1028112500000001e-05
609.232	0.0	0.0	1.1095900000000002e-05
609.362	0.0	0.0	9.612437500000002e-06
609.562	0.0	0.0	7.241787500000001e-06
609.522	0.0	0.0	7.6510625e-06
609.562	0.0	0.0	7.202475000000001e-06
609.702	0.0	0.0	5.281900000000001e-06
609.902	0.0	0.0	2.326875e-06
609.862	0.0	0.0	2.8577000000000006e-06
609.902	0.0	0.0	2.3555625000000003e-06
610.032	0.0	0.0	-2.2752375e-07
610.232	0.0	0.0	-4.273375e-06
610.192	0.0	0.0	-3.5519375000000003e-06
610.232	0.0	0.0	-4.2944125e-06
610.362	0.0	0.0	-7.0173875e-06
610.572	0.0	0.0	-1.1227012500000002e-05
610.542	0.0	0.0	-1.0531925000000002e-05
610.572	0.0	0.0	-1.125145e-05
610.712	0.0	0.0	-1.2087637500000002e-05
610.912	0.0	0.0	-1.3374750000000003e-05
610.872	0.0	0.0	-1.3139512500000001e-05
610.912	0.0	0.0	-1.33579625e-05
611.042	0.0	0.0	-1.1382987500000002e-05
611.242	0.0	0.0	-8.209512499999999e-06
611.202	0.0	0.0	-8.7764625e-06
611.242	0.0	0.0	-8.184650000000001e-06
611.372	0.0	0.0	-4.1125125e-06
611.582	0.0	0.0	2.1853499999999998e-06
611.552	0.0	0.0	1.1400625000000002e-06
611.582	0.0	0.0	2.2831000000000002e-06
611.722	0.0	0.0	5.9085625e-06
611.922	0.0	0.0	1.1490512500000002e-05
611.882	0.0	0.0	1.0466050000000001e-05
611.922	0.0	0.0	1.1409762500000001e-05
612.052	0.0	0.0	1.2571925e-05
612.252	0.0	0.0	1.4299125e-05
612.212	0.0	0.0	1.3989300000000002e-05
612.252	0.0	0.0	1.42925375e-05
612.382	0.0	0.0	1.25976375e-05
612.592	0.0	0.0	9.9756e-06
612.562	0.0	0.0	1.0412925000000002e-05
612.592	0.0	0.0	9.8957e-06
612.732	0.0	0.0	6.6765375e-06
612.932	0.0	0.0	1.7176587500000002e-06
612.892	0.0	0.0	2.6318125e-06
612.932	0.0	0.0	1.7962200000000002e-06
613.062	0.0	0.0	-1.3687975000000002e-06
613.262	0.0	0.0	-6.312100000000001e-06
613.222	0.0	0.0	-5.420662500000001e-06
613.262	0.0	0.0	-6.3165625000000006e-06
613.392	0.0	0.0	-8.8444625e-06
613.602	0.0	0.0	-1.2757012500000001e-05
613.572	0.0	0.0	-1.2101025000000002e-05
613.602	0.0	0.0	-1.27761375e-05
613.742	0.0	0.0	-1.36223125e-05
613.942	0.0	0.0	-1.4926212500000002e-05
613.902	0.0	0.0	-1.4684600000000002e-05
613.942	0.0	0.0	-1.4903687500000002e-05
614.072	0.0	0.0	-1.2641625e-05
614.272	0.0	0.0	-8.973025e-06
614.232	0.0	0.0	-9.637512500000001e-06
614.272	0.0	0.0	-8.973875e-06
614.402	0.0	0.0	-2.7191500000000005e-06
614.612	0.0	0.0	6.9670250000000004e-06
614.582	0.0	0.0	5.335237500000001e-06
614.612	0.0	0.0	7.1232125e-06
614.752	0.0	0.0	1.4760250000000002e-05
614.952	0.0	0.0	2.653275e-05
614.912	0.0	0.0	2.4344e-05
614.952	0.0	0.0	2.6313875000000004e-05
615.082	0.0	0.0	3.0738125e-05
615.282	0.0	0.0	3.75105e-05
615.242	0.0	0.0	3.627800000000001e-05
615.282	0.0	0.0	3.7499874999999995e-05
615.412	0.0	0.0	3.432725e-05
615.622	0.0	0.0	2.9386625000000003e-05
615.582	0.0	0.0	3.0223875000000002e-05
615.622	0.0	0.0	2.91805e-05
615.762	0.0	0.0	1.79483875e-05
615.962	0.0	0.0	6.2587625e-07
615.922	0.0	0.0	3.8619749999999996e-06
615.962	0.0	0.0	9.720387500000001e-07
616.092	0.0	0.0	-1.3190300000000001e-05
616.292	0.0	0.0	-3.549387500000001e-05
616.252	0.0	0.0	-3.1416e-05
616.292	0.0	0.0	-3.5425875e-05
616.422	0.0	0.0	-4.5387875000000005e-05
616.632	0.0	0.0	-6.079200000000001e-05
616.592	0.0	0.0	-5.8171875e-05
616.632	0.0	0.0	-6.076650000000001e-05
616.772	0.0	0.0	-5.919187500000001e-05
616.972	0.0	0.0	-5.676300000000001e-05
616.932	0.0	0.0	-5.721775e-05
616.972	0.0	0.0	-5.681400000000001e-05
617.102	0.0	0.0	-4.360075000000001e-05
617.302	0.0	0.0	-2.2297625000000003e-05
617.262	0.0	0.0	-2.620975e-05
617.302	0.0	0.0	-2.2391125e-05
617.432	0.0	0.0	-2.11520375e-06
617.642	0.0	0.0	2.9382375000000003e-05
617.602	0.0	0.0	2.3997625000000004e-05
617.642	0.0	0.0	2.9607625000000003e-05
617.772	0.0	0.0	4.5681125e-05
617.982	0.0	0.0	7.048625e-05
617.942	0.0	0.0	6.581125e-05
617.982	0.0	0.0	6.9923125e-05
618.112	0.0	0.0	7.33635e-05
618.312	0.0	0.0	7.803425000000001e-05
618.272	0.0	0.0	7.717362500000001e-05
618.312	0.0	0.0	7.800662500000001e-05
618.442	0.0	0.0	6.5694375e-05
618.652	0.0	0.0	4.638875000000001e-05
618.612	0.0	0.0	4.9705875000000006e-05
618.652	0.0	0.0	4.6129500000000006e-05
618.782	0.0	0.0	2.4214375000000005e-05
618.992	0.0	0.0	-9.621575e-06
618.952	0.0	0.0	-3.2185250000000002e-06
618.992	0.0	0.0	-8.806425e-06
619.122	0.0	0.0	-2.862375e-05
619.322	0.0	0.0	-5.953825e-05
619.282	0.0	0.0	-5.3811375e-05
619.322	0.0	0.0	-5.9315125000000006e-05
619.452	0.0	0.0	-6.7602625e-05
619.662	0.0	0.0	-8.025275000000002e-05
619.622	0.0	0.0	-7.806825e-05
619.662	0.0	0.0	-8.017625000000002e-05
619.792	0.0	0.0	-7.2403e-05
620.002	0.0	0.0	-6.039887500000001e-05
619.962	0.0	0.0	-6.2679e-05
619.992	0.0	0.0	-6.070275000000001e-05
620.132	0.0	0.0	-4.2759250000000006e-05
620.332	0.0	0.0	-1.3986325e-05
620.292	0.0	0.0	-1.9339200000000003e-05
620.332	0.0	0.0	-1.423325e-05
620.462	0.0	0.0	5.369025000000001e-06
620.672	0.0	0.0	3.5804125e-05
620.632	0.0	0.0	3.0527750000000006e-05
620.672	0.0	0.0	3.5884875e-05
620.802	0.0	0.0	4.63845e-05
621.012	0.0	0.0	6.260675e-05
620.972	0.0	0.0	5.9510625e-05
621.002	0.0	0.0	6.217112500000001e-05
621.142	0.0	0.0	6.023100000000001e-05
621.342	0.0	0.0	5.634225000000001e-05
621.302	0.0	0.0	5.7069000000000005e-05
621.342	0.0	0.0	5.63805e-05
621.472	0.0	0.0	4.416387500000001e-05
621.682	0.0	0.0	2.496875e-05
621.642	0.0	0.0	2.8311375000000003e-05
621.682	0.0	0.0	2.4890125000000003e-05
621.812	0.0	0.0	1.0438e-05
622.022	0.0	0.0	-1.1900850000000001e-05
621.982	0.0	0.0	-7.619612500000001e-06
622.012	0.0	0.0	-1.12712125e-05
622.152	0.0	0.0	-2.040085e-05
622.352	0.0	0.0	-3.434e-05
622.312	0.0	0.0	-3.1724125e-05
622.352	0.0	0.0	-3.4182750000000004e-05
622.482	0.0	0.0	-3.4909499999999995e-05
622.692	0.0	0.0	-3.5810500000000006e-05
622.652	0.0	0.0	-3.565325e-05
622.692	0.0	0.0	-3.5787125000000003e-05
622.822	0.0	0.0	-2.973725e-05
623.032	0.0	0.0	-2.03840625e-05
622.992	0.0	0.0	-2.2195625000000003e-05
623.022	0.0	0.0	-2.0678375e-05
623.152	0.0	0.0	-1.3217287500000002e-05
623.362	0.0	0.0	-1.3858612500000002e-06
623.322	0.0	0.0	-3.561925e-06
623.362	0.0	0.0	-1.4542225000000003e-06
623.492	0.0	0.0	3.4697e-06
623.702	0.0	0.0	1.1047875000000001e-05
623.662	0.0	0.0	9.6030875e-06
623.692	0.0	0.0	1.0832612500000001e-05
623.822	0.0	0.0	1.1638625e-05
624.032	0.0	0.0	1.2608262500000002e-05
623.992	0.0	0.0	1.2424662500000002e-05
624.032	0.0	0.0	1.2594662500000002e-05
624.162	0.0	0.0	1.0596950000000002e-05
624.372	0.0	0.0	7.402650000000001e-06
624.332	0.0	0.0	7.965774999999999e-06
624.372	0.0	0.0	7.4035e-06
624.502	0.0	0.0	5.1433500000000005e-06
624.712	0.0	0.0	1.64604625e-06
624.672	0.0	0.0	2.3236875000000003e-06
624.702	0.0	0.0	1.7572475000000002e-06
624.832	0.0	0.0	7.007612500000001e-07
625.042	0.0	0.0	-8.603062500000001e-07
625.002	0.0	0.0	-5.639962500000001e-07
625.042	0.0	0.0	-8.368462500000001e-07
625.172	0.0	0.0	-1.17215e-06
625.382	0.0	0.0	-1.66831625e-06
625.342	0.0	0.0	-1.58042625e-06
625.382	0.0	0.0	-1.6675300000000001e-06
625.512	0.0	0.0	-1.9062312500000001e-06
625.722	0.0	0.0	-2.27545e-06
625.682	0.0	0.0	-2.2036250000000004e-06
625.712	0.0	0.0	-2.263125e-06
625.842	0.0	0.0	-1.9622675e-06
626.052	0.0	0.0	-1.4438100000000001e-06
626.012	0.0	0.0	-1.5426437500000002e-06
626.052	0.0	0.0	-1.4523100000000001e-06
626.182	0.0	0.0	-8.319374999999999e-07
626.392	0.0	0.0	1.44128125e-07
626.352	0.0	0.0	-2.9565125e-08
626.392	0.0	0.0	1.41242375e-07
626.522	0.0	0.0	7.695900000000002e-07
626.732	0.0	0.0	1.74256375e-06
626.692	0.0	0.0	1.5524825000000002e-06
626.722	0.0	0.0	1.7090100000000003e-06
626.852	0.0	0.0	2.8264625000000003e-06
627.062	0.0	0.0	4.6261250000000005e-06
627.022	0.0	0.0	4.2816625e-06
627.062	0.0	0.0	4.59425e-06
627.192	0.0	0.0	5.3256750000000005e-06
627.402	0.0	0.0	6.444487500000001e-06
627.362	0.0	0.0	6.244525e-06
627.402	0.0	0.0	6.4396e-06
627.532	0.0	0.0	4.9385e-06
627.742	0.0	0.0	2.58995e-06
627.702	0.0	0.0	3.0506500000000006e-06
627.732	0.0	0.0	2.6741000000000004e-06
627.862	0.0	0.0	-1.3723462500000002e-06
628.072	0.0	0.0	-7.9679e-06
628.032	0.0	0.0	-6.7001250000000005e-06
628.072	0.0	0.0	-7.841675e-06
628.202	0.0	0.0	-1.29537875e-05
628.412	0.0	0.0	-2.0948037500000003e-05
628.372	0.0	0.0	-1.9512600000000004e-05
628.412	0.0	0.0	-2.0902775e-05
628.542	0.0	0.0	-2.3066875000000003e-05
628.752	0.0	0.0	-2.6381875000000004e-05
628.712	0.0	0.0	-2.5729499999999998e-05
628.742	0.0	0.0	-2.6258625000000005e-05
628.872	0.0	0.0	-2.2811875000000003e-05
629.082	0.0	0.0	-1.6854012500000002e-05
629.042	0.0	0.0	-1.80040625e-05
629.082	0.0	0.0	-1.6976200000000002e-05
629.212	0.0	0.0	-7.341662500000001e-06
629.422	0.0	0.0	7.9492e-06
629.382	0.0	0.0	5.191375000000001e-06
629.422	0.0	0.0	7.8414625e-06
629.552	0.0	0.0	1.899155e-05
629.762	0.0	0.0	3.6301375e-05
629.722	0.0	0.0	3.2878e-05
629.752	0.0	0.0	3.563412500000001e-05
629.882	0.0	0.0	4.1800875000000007e-05
630.092	0.0	0.0	5.1004250000000006e-05
630.052	0.0	0.0	4.921925000000001e-05
630.092	0.0	0.0	5.0802375e-05
630.222	0.0	0.0	4.6920000000000005e-05
630.432	0.0	0.0	4.0341000000000006e-05
630.392	0.0	0.0	4.1533125000000006e-05
630.432	0.0	0.0	4.039625000000001e-05
630.562	0.0	0.0	2.6617750000000004e-05
630.772	0.0	0.0	5.052825000000001e-06
630.732	0.0	0.0	9.334487500000001e-06
630.762	0.0	0.0	5.912387500000001e-06
630.892	0.0	0.0	-1.0654750000000002e-05
631.102	0.0	0.0	-3.7009000000000004e-05
631.062	0.0	0.0	-3.1881375e-05
631.102	0.0	0.0	-3.6397e-05
631.232	0.0	0.0	-4.7778500000000003e-05
631.442	0.0	0.0	-6.517587500000001e-05
631.402	0.0	0.0	-6.201175000000001e-05
631.442	0.0	0.0	-6.5008e-05
631.572	0.0	0.0	-6.359700000000001e-05
631.782	0.0	0.0	-6.110862500000001e-05
631.742	0.0	0.0	-6.1605875e-05
631.772	0.0	0.0	-6.121062500000002e-05
631.902	0.0	0.0	-4.8229e-05
632.112	0.0	0.0	-2.6560375000000002e-05
632.072	0.0	0.0	-3.079550000000001e-05
632.102	0.0	0.0	-2.7093750000000005e-05
632.242	0.0	0.0	-7.757525e-06
632.452	0.0	0.0	2.2699250000000005e-05
632.412	0.0	0.0	1.7133662500000002e-05
632.452	0.0	0.0	2.2361375e-05
632.582	0.0	0.0	3.7070625000000006e-05
632.792	0.0	0.0	5.976775000000001e-05
632.752	0.0	0.0	5.52245e-05
632.782	0.0	0.0	5.8800875e-05
632.912	0.0	0.0	6.199262500000001e-05
633.122	0.0	0.0	6.574962500000002e-05
633.082	0.0	0.0	6.501225e-05
633.112	0.0	0.0	6.5651875e-05
633.252	0.0	0.0	5.583225000000001e-05
633.462	0.0	0.0	3.9729000000000005e-05
633.422	0.0	0.0	4.268487500000001e-05
633.462	0.0	0.0	3.992875e-05
633.592	0.0	0.0	2.3290000000000002e-05
633.802	0.0	0.0	-2.7435875000000003e-06
633.762	0.0	0.0	2.4864625e-06
633.792	0.0	0.0	-1.6017825000000001e-06
633.922	0.0	0.0	-1.5491037500000004e-05
634.132	0.0	0.0	-3.7049375e-05
634.092	0.0	0.0	-3.2803625e-05
634.122	0.0	0.0	-3.6462875e-05
634.262	0.0	0.0	-4.1469375000000005e-05
634.472	0.0	0.0	-4.8664625e-05
634.432	0.0	0.0	-4.733862500000001e-05
634.472	0.0	0.0	-4.856475e-05
634.602	0.0	0.0	-4.329900000000001e-05
634.812	0.0	0.0	-3.4782e-05
634.772	0.0	0.0	-3.6499e-05
634.802	0.0	0.0	-3.5166625000000005e-05
634.932	0.0	0.0	-2.5262e-05
635.142	0.0	0.0	-9.1185875e-06
635.102	0.0	0.0	-1.2311825000000001e-05
635.132	0.0	0.0	-9.581199999999999e-06
635.272	0.0	0.0	-9.1075375e-07
635.482	0.0	0.0	1.2486287500000002e-05
635.442	0.0	0.0	1.0005987500000003e-05
635.482	0.0	0.0	1.22835625e-05
635.612	0.0	0.0	1.4951287500000003e-05
635.822	0.0	0.0	1.887425e-05
635.782	0.0	0.0	1.8079925e-05
635.812	0.0	0.0	1.8691925e-05
635.942	0.0	0.0	1.6322337500000004e-05
636.152	0.0	0.0	1.1983087500000001e-05
636.112	0.0	0.0	1.2844775000000001e-05
636.142	0.0	0.0	1.21131375e-05
636.282	0.0	0.0	8.377600000000001e-06
636.492	0.0	0.0	2.4775375000000005e-06
636.452	0.0	0.0	3.5744625e-06
636.492	0.0	0.0	2.5746500000000004e-06
636.622	0.0	0.0	1.29877875e-06
636.832	0.0	0.0	-5.819100000000001e-07
636.792	0.0	0.0	-1.99662875e-07
636.822	0.0	0.0	-4.9195875e-07
636.952	0.0	0.0	-3.3917125000000005e-06
637.162	0.0	0.0	-8.181887500000001e-06
637.122	0.0	0.0	-7.226912499999999e-06
637.152	0.0	0.0	-8.031862500000001e-06
637.292	0.0	0.0	-1.18041625e-05
637.502	0.0	0.0	-1.77465125e-05
637.462	0.0	0.0	-1.6638325e-05
637.502	0.0	0.0	-1.76426e-05
637.632	0.0	0.0	-1.7823862499999998e-05
637.842	0.0	0.0	-1.7947325e-05
637.802	0.0	0.0	-1.79220375e-05
637.832	0.0	0.0	-1.79411625e-05
637.962	0.0	0.0	-1.2788462500000002e-05
638.172	0.0	0.0	-3.934225e-06
638.132	0.0	0.0	-5.666525000000001e-06
638.162	0.0	0.0	-4.162662500000001e-06
638.302	0.0	0.0	5.158225000000001e-06
638.512	0.0	0.0	1.9887025000000003e-05
638.472	0.0	0.0	1.6908837500000002e-05
638.502	0.0	0.0	1.91808875e-05
638.632	0.0	0.0	2.6874875e-05
638.842	0.0	0.0	3.879825e-05
638.802	0.0	0.0	3.6399125000000004e-05
638.832	0.0	0.0	3.83945e-05
638.972	0.0	0.0	3.9297625e-05
639.182	0.0	0.0	4.011787500000001e-05
639.142	0.0	0.0	3.9962750000000006e-05
639.182	0.0	0.0	4.0100875000000006e-05
639.312	0.0	0.0	3.204075e-05
639.522	0.0	0.0	1.906295e-05
639.482	0.0	0.0	2.1728125e-05
639.512	0.0	0.0	1.9729137500000003e-05
639.642	0.0	0.0	6.9209125e-06
639.852	0.0	0.0	-1.3926187500000001e-05
639.812	0.0	0.0	-9.7263375e-06
639.842	0.0	0.0	-1.3198587500000002e-05
639.982	0.0	0.0	-2.4953875000000003e-05
640.192	0.0	0.0	-4.3169375000000005e-05
640.152	0.0	0.0	-3.9729000000000005e-05
640.192	0.0	0.0	-4.278050000000001e-05
640.322	0.0	0.0	-4.6299500000000006e-05
640.532	0.0	0.0	-5.1342125e-05
640.492	0.0	0.0	-5.0302999999999996e-05
640.522	0.0	0.0	-5.1076500000000005e-05
640.652	0.0	0.0	-4.50755e-05
640.862	0.0	0.0	-3.4289e-05
640.822	0.0	0.0	-3.6471375e-05
640.852	0.0	0.0	-3.468000000000001e-05
640.992	0.0	0.0	-2.1381750000000002e-05
641.202	0.0	0.0	-7.091762500000001e-09
641.162	0.0	0.0	-4.0593875000000004e-06
641.202	0.0	0.0	-4.919375000000001e-07
641.332	0.0	0.0	1.2686887500000001e-05
641.542	0.0	0.0	3.318187500000001e-05
641.502	0.0	0.0	2.8942500000000003e-05
641.532	0.0	0.0	3.2076875e-05
641.662	0.0	0.0	3.869837500000001e-05
641.872	0.0	0.0	4.8222625e-05
641.832	0.0	0.0	4.628887500000001e-05
641.862	0.0	0.0	4.786350000000001e-05
642.002	0.0	0.0	4.496075000000001e-05
642.212	0.0	0.0	3.954625e-05
642.172	0.0	0.0	4.0576875000000006e-05
642.202	0.0	0.0	3.9675875e-05
642.342	0.0	0.0	2.9237875000000005e-05
642.552	0.0	0.0	1.255025e-05
642.512	0.0	0.0	1.6015275e-05
642.542	0.0	0.0	1.34725e-05
642.672	0.0	0.0	1.70544e-06
642.882	0.0	0.0	-1.7063962500000002e-05
642.842	0.0	0.0	-1.323875e-05
642.872	0.0	0.0	-1.63338125e-05
643.012	0.0	0.0	-2.4303625e-05
643.222	0.0	0.0	-3.6352375e-05
643.182	0.0	0.0	-3.4048875000000004e-05
643.212	0.0	0.0	-3.6046375000000006e-05
643.352	0.0	0.0	-3.638000000000001e-05
643.562	0.0	0.0	-3.6426750000000005e-05
643.522	0.0	0.0	-3.641825e-05
643.552	0.0	0.0	-3.6424625e-05
643.682	0.0	0.0	-3.0417250000000004e-05
643.892	0.0	0.0	-1.9988175000000005e-05
643.852	0.0	0.0	-2.2121250000000004e-05
643.882	0.0	0.0	-2.0407862500000002e-05
644.022	0.0	0.0	-1.0843875000000001e-05
644.232	0.0	0.0	4.4159625000000005e-06
644.192	0.0	0.0	1.4872875000000001e-06
644.222	0.0	0.0	4.0092375e-06
644.362	0.0	0.0	1.2092525e-05
644.572	0.0	0.0	2.4582000000000003e-05
644.532	0.0	0.0	2.1970375e-05
644.562	0.0	0.0	2.3859500000000004e-05
644.692	0.0	0.0	2.7142625000000002e-05
644.902	0.0	0.0	3.159875e-05
644.862	0.0	0.0	3.0682875e-05
644.892	0.0	0.0	3.1413875e-05
645.032	0.0	0.0	2.8596125000000004e-05
645.242	0.0	0.0	2.3572625000000004e-05
645.202	0.0	0.0	2.4541625e-05
645.232	0.0	0.0	2.3712875000000003e-05
645.372	0.0	0.0	1.6373550000000002e-05
645.582	0.0	0.0	4.6310125e-06
645.542	0.0	0.0	7.096225e-06
645.572	0.0	0.0	5.3258875e-06
645.702	0.0	0.0	-2.6018500000000003e-06
645.912	0.0	0.0	-1.5220312500000003e-05
645.872	0.0	0.0	-1.2619100000000001e-05
645.902	0.0	0.0	-1.4679287500000003e-05
646.042	0.0	0.0	-1.9793525e-05
646.252	0.0	0.0	-2.74635e-05
646.212	0.0	0.0	-2.5980250000000003e-05
646.242	0.0	0.0	-2.7240375000000003e-05
646.382	0.0	0.0	-2.6817500000000002e-05
646.592	0.0	0.0	-2.5759250000000002e-05
646.552	0.0	0.0	-2.5982375000000002e-05
646.582	0.0	0.0	-2.5823000000000003e-05
646.712	0.0	0.0	-2.0792275000000002e-05
646.922	0.0	0.0	-1.210315e-05
646.882	0.0	0.0	-1.39011125e-05
646.912	0.0	0.0	-1.24871375e-05
647.052	0.0	0.0	-5.088950000000001e-06
647.262	0.0	0.0	6.706925000000001e-06
647.222	0.0	0.0	4.415537500000001e-06
647.252	0.0	0.0	6.346100000000001e-06
647.392	0.0	0.0	1.1982875000000002e-05
647.602	0.0	0.0	2.06331125e-05
647.562	0.0	0.0	1.88037e-05
647.592	0.0	0.0	2.0098675e-05
647.722	0.0	0.0	2.1579375e-05
647.932	0.0	0.0	2.3239000000000002e-05
647.892	0.0	0.0	2.2892625e-05
647.922	0.0	0.0	2.31625e-05
648.062	0.0	0.0	2.0077850000000003e-05
648.272	0.0	0.0	1.4749412499999999e-05
648.232	0.0	0.0	1.5788537500000002e-05
648.262	0.0	0.0	1.4919412500000002e-05
648.402	0.0	0.0	9.3621125e-06
648.612	0.0	0.0	5.072375000000001e-07
648.572	0.0	0.0	2.3865875e-06
648.602	0.0	0.0	1.0656237500000002e-06
648.732	0.0	0.0	-3.9372e-06
648.942	0.0	0.0	-1.1754012500000002e-05
648.902	0.0	0.0	-1.0124562500000002e-05
648.932	0.0	0.0	-1.1387875000000001e-05
649.072	0.0	0.0	-1.3994825000000002e-05
649.282	0.0	0.0	-1.77826375e-05
649.242	0.0	0.0	-1.7041012500000003e-05
649.272	0.0	0.0	-1.7656837500000003e-05
649.412	0.0	0.0	-1.6937737499999998e-05
649.622	0.0	0.0	-1.5545225e-05
649.572	0.0	0.0	-1.5841662500000002e-05
649.612	0.0	0.0	-1.56346875e-05
649.742	0.0	0.0	-1.2182625000000003e-05
649.952	0.0	0.0	-6.2528125000000005e-06
649.912	0.0	0.0	-7.493387500000001e-06
649.942	0.0	0.0	-6.5382e-06
650.082	0.0	0.0	-9.232274999999999e-07
650.292	0.0	0.0	8.109000000000001e-06
650.252	0.0	0.0	6.333775000000001e-06
650.282	0.0	0.0	7.797262500000001e-06
650.422	0.0	0.0	1.32614875e-05
650.632	0.0	0.0	2.1774875000000002e-05
650.582	0.0	0.0	1.9954387500000002e-05
650.622	0.0	0.0	2.12153625e-05
650.752	0.0	0.0	2.3683125000000002e-05
650.962	0.0	0.0	2.7059750000000005e-05
650.922	0.0	0.0	2.6352125e-05
650.952	0.0	0.0	2.6894000000000004e-05
651.092	0.0	0.0	2.380425e-05
651.302	0.0	0.0	1.8272237500000004e-05
651.262	0.0	0.0	1.9363850000000003e-05
651.292	0.0	0.0	1.84702875e-05
651.432	0.0	0.0	9.993450000000002e-06
651.642	0.0	0.0	-3.7189625000000002e-06
651.592	0.0	0.0	-7.77325e-07
651.632	0.0	0.0	-2.8013875000000004e-06
651.762	0.0	0.0	-1.2646512500000003e-05
651.972	0.0	0.0	-2.8475e-05
651.932	0.0	0.0	-2.513875e-05
651.962	0.0	0.0	-2.7671750000000005e-05
652.102	0.0	0.0	-3.396175e-05
652.312	0.0	0.0	-4.3309625000000005e-05
652.272	0.0	0.0	-4.145875e-05
652.302	0.0	0.0	-4.296537500000001e-05
652.442	0.0	0.0	-4.082125e-05
652.652	0.0	0.0	-3.6692375000000006e-05
652.602	0.0	0.0	-3.7587000000000005e-05
652.642	0.0	0.0	-3.6981375e-05
652.772	0.0	0.0	-2.7102250000000003e-05
652.982	0.0	0.0	-9.980912500000002e-06
652.942	0.0	0.0	-1.3525837500000003e-05
652.972	0.0	0.0	-1.0755475e-05
653.112	0.0	0.0	3.4750125000000006e-06
653.322	0.0	0.0	2.6105625000000005e-05
653.272	0.0	0.0	2.1275500000000003e-05
653.312	0.0	0.0	2.4590500000000005e-05
653.442	0.0	0.0	3.522825e-05
653.652	0.0	0.0	5.1420750000000004e-05
653.612	0.0	0.0	4.7980375000000004e-05
653.642	0.0	0.0	5.0558000000000006e-05
653.782	0.0	0.0	5.187550000000001e-05
653.992	0.0	0.0	5.265112500000001e-05
653.952	0.0	0.0	5.249600000000001e-05
653.982	0.0	0.0	5.2621375e-05
654.122	0.0	0.0	4.2939875000000004e-05
654.332	0.0	0.0	2.6745250000000006e-05
654.282	0.0	0.0	3.0253625000000003e-05
654.322	0.0	0.0	2.7884250000000003e-05
654.452	0.0	0.0	1.2769975000000001e-05
654.662	0.0	0.0	-1.2187087500000001e-05
654.612	0.0	0.0	-6.876500000000001e-06
654.652	0.0	0.0	-1.0833887500000002e-05
654.792	0.0	0.0	-2.4643625e-05
655.002	0.0	0.0	-4.6008375e-05
654.962	0.0	0.0	-4.1732875000000007e-05
654.992	0.0	0.0	-4.5141375e-05
655.132	0.0	0.0	-4.9784500000000004e-05
655.342	0.0	0.0	-5.609362500000001e-05
655.292	0.0	0.0	-5.4723000000000004e-05
655.322	0.0	0.0	-5.5643125000000004e-05
655.462	0.0	0.0	-4.9918375000000005e-05
655.672	0.0	0.0	-3.885987500000001e-05
655.622	0.0	0.0	-4.122075000000001e-05
655.662	0.0	0.0	-3.947400000000001e-05
655.802	0.0	0.0	-2.5946250000000003e-05
656.012	0.0	0.0	-3.7361750000000007e-06
655.972	0.0	0.0	-8.1976125e-06
656.002	0.0	0.0	-4.665650000000001e-06
656.142	0.0	0.0	8.871025000000002e-06
656.352	0.0	0.0	3.0005000000000005e-05
656.302	0.0	0.0	2.5395875000000004e-05
656.332	0.0	0.0	2.8464375000000003e-05
656.472	0.0	0.0	3.5479000000000004e-05
656.682	0.0	0.0	4.530925e-05
656.632	0.0	0.0	4.3203375000000005e-05
656.672	0.0	0.0	4.475037500000001e-05
656.802	0.0	0.0	4.2519125000000006e-05
657.022	0.0	0.0	3.7708125e-05
656.982	0.0	0.0	3.867925e-05
657.012	0.0	0.0	3.791637500000001e-05
657.152	0.0	0.0	2.8704500000000003e-05
657.362	0.0	0.0	1.3570887500000002e-05
657.312	0.0	0.0	1.688185e-05
657.342	0.0	0.0	1.46928875e-05
657.482	0.0	0.0	4.534325000000001e-06
657.692	0.0	0.0	-1.17331875e-05
657.642	0.0	0.0	-8.234587500000002e-06
657.682	0.0	0.0	-1.0787775000000002e-05
657.812	0.0	0.0	-1.7300687500000004e-05
658.032	0.0	0.0	-2.6925875000000004e-05
657.992	0.0	0.0	-2.4977250000000002e-05
658.022	0.0	0.0	-2.6496625e-05
658.162	0.0	0.0	-2.6687874999999997e-05
658.372	0.0	0.0	-2.6288375000000002e-05
658.322	0.0	0.0	-2.6377624999999998e-05
658.352	0.0	0.0	-2.632025e-05
658.492	0.0	0.0	-2.2021375000000004e-05
658.702	0.0	0.0	-1.43176125e-05
658.652	0.0	0.0	-1.59802125e-05
658.692	0.0	0.0	-1.4775125000000002e-05
658.822	0.0	0.0	-8.643862500000001e-06
659.042	0.0	0.0	1.1892987500000001e-06
659.002	0.0	0.0	-8.084350000000001e-07
659.032	0.0	0.0	7.3977625e-07
659.172	0.0	0.0	5.5443375000000005e-06
659.382	0.0	0.0	1.2901512500000001e-05
659.332	0.0	0.0	1.1280775e-05
659.362	0.0	0.0	1.2337325000000001e-05
659.502	0.0	0.0	1.4522462500000001e-05
659.712	0.0	0.0	1.7456449999999998e-05
659.662	0.0	0.0	1.6821075000000002e-05
659.702	0.0	0.0	1.7278375000000002e-05
659.832	0.0	0.0	1.635995e-05
660.052	0.0	0.0	1.4454887500000002e-05
660.012	0.0	0.0	1.4843337500000002e-05
660.042	0.0	0.0	1.454435e-05
660.182	0.0	0.0	1.06685625e-05
660.392	0.0	0.0	4.25595e-06
660.342	0.0	0.0	5.6735375e-06
660.372	0.0	0.0	4.755962500000001e-06
660.512	0.0	0.0	-5.967637500000002e-07
660.722	0.0	0.0	-9.403975e-06
660.672	0.0	0.0	-7.4899875e-06
660.712	0.0	0.0	-8.858275000000001e-06
660.842	0.0	0.0	-1.3602975e-05
661.062	0.0	0.0	-2.0918500000000003e-05
661.022	0.0	0.0	-1.9421225e-05
661.052	0.0	0.0	-2.0565325000000003e-05
661.192	0.0	0.0	-2.1658e-05
661.402	0.0	0.0	-2.2911750000000003e-05
661.352	0.0	0.0	-2.2633375000000004e-05
661.382	0.0	0.0	-2.2811875000000003e-05
661.522	0.0	0.0	-1.9442475e-05
661.732	0.0	0.0	-1.31297375e-05
661.682	0.0	0.0	-1.45063125e-05
661.722	0.0	0.0	-1.3529025e-05
661.852	0.0	0.0	-6.497612500000001e-06
662.072	0.0	0.0	5.086825e-06
662.032	0.0	0.0	2.70725e-06
662.062	0.0	0.0	4.5128625e-06
662.202	0.0	0.0	1.1420812500000002e-05
662.412	0.0	0.0	2.2204125e-05
662.362	0.0	0.0	1.9804150000000002e-05
662.392	0.0	0.0	2.1335e-05
662.532	0.0	0.0	2.4528875000000003e-05
662.742	0.0	0.0	2.876825e-05
662.692	0.0	0.0	2.784175e-05
662.732	0.0	0.0	2.8496250000000004e-05
662.862	0.0	0.0	2.6001500000000005e-05
663.082	0.0	0.0	2.1157137500000004e-05
663.042	0.0	0.0	2.2155250000000004e-05
663.072	0.0	0.0	2.1403e-05
663.212	0.0	0.0	1.4370312500000001e-05
663.422	0.0	0.0	2.7865125e-06
663.372	0.0	0.0	5.3728500000000006e-06
663.402	0.0	0.0	3.7332000000000005e-06
663.542	0.0	0.0	-3.9267875e-06
663.752	0.0	0.0	-1.6209925e-05
663.702	0.0	0.0	-1.3512875000000002e-05
663.742	0.0	0.0	-1.5401575000000003e-05
663.872	0.0	0.0	-2.0177725e-05
664.092	0.0	0.0	-2.714475e-05
664.052	0.0	0.0	-2.5701875e-05
664.082	0.0	0.0	-2.6781375000000002e-05
664.222	0.0	0.0	-2.6075875e-05
664.432	0.0	0.0	-2.4246250000000002e-05
664.382	0.0	0.0	-2.4656375e-05
664.412	0.0	0.0	-2.4397125000000002e-05
664.552	0.0	0.0	-1.9316037500000002e-05
664.762	0.0	0.0	-1.0270975e-05
664.712	0.0	0.0	-1.22638e-05
664.752	0.0	0.0	-1.08776625e-05
664.882	0.0	0.0	-3.6928250000000005e-06
665.102	0.0	0.0	7.887150000000001e-06
665.052	0.0	0.0	5.482287500000001e-06
665.092	0.0	0.0	7.269200000000001e-06
665.232	0.0	0.0	1.266075e-05
665.442	0.0	0.0	2.08505e-05
665.392	0.0	0.0	1.9010037500000002e-05
665.422	0.0	0.0	2.0160725e-05
665.562	0.0	0.0	2.1579375e-05
665.772	0.0	0.0	2.2918125000000002e-05
665.722	0.0	0.0	2.2622750000000003e-05
665.762	0.0	0.0	2.282675e-05
665.892	0.0	0.0	1.9751875000000005e-05
666.112	0.0	0.0	1.41620625e-05
666.062	0.0	0.0	1.5327199999999998e-05
666.102	0.0	0.0	1.4467425000000002e-05
666.232	0.0	0.0	8.6906125e-06
666.452	0.0	0.0	-7.210975e-07
666.402	0.0	0.0	1.4010125000000003e-06
666.432	0.0	0.0	8.338712500000001e-08
666.572	0.0	0.0	-5.404725e-06
666.782	0.0	0.0	-1.4044337500000001e-05
666.732	0.0	0.0	-1.21280125e-05
666.772	0.0	0.0	-1.344275e-05
666.902	0.0	0.0	-1.6354637500000004e-05
667.122	0.0	0.0	-2.04431375e-05
667.072	0.0	0.0	-1.9588887500000004e-05
667.112	0.0	0.0	-2.02157625e-05
667.242	0.0	0.0	-1.90893e-05
667.462	0.0	0.0	-1.675605e-05
667.412	0.0	0.0	-1.7286875e-05
667.442	0.0	0.0	-1.69628125e-05
667.582	0.0	0.0	-1.27854875e-05
667.792	0.0	0.0	-5.4108875e-06
667.742	0.0	0.0	-7.019725000000001e-06
667.782	0.0	0.0	-5.8839125000000006e-06
667.912	0.0	0.0	-2.88235e-07
668.132	0.0	0.0	8.660225000000002e-06
668.082	0.0	0.0	6.652737500000001e-06
668.112	0.0	0.0	7.8962875e-06
668.252	0.0	0.0	1.1992437500000003e-05
668.462	0.0	0.0	1.81455875e-05
668.412	0.0	0.0	1.6770075000000002e-05
668.442	0.0	0.0	1.7701675000000002e-05
668.582	0.0	0.0	1.84269375e-05
668.802	0.0	0.0	1.8927375e-05
668.752	0.0	0.0	1.8821975000000002e-05
668.792	0.0	0.0	1.88982625e-05
668.922	0.0	0.0	1.5781312500000002e-05
669.142	0.0	0.0	1.03323875e-05
669.092	0.0	0.0	1.1571687500000002e-05
669.122	0.0	0.0	1.081625e-05
669.262	0.0	0.0	5.766187500000001e-06
669.472	0.0	0.0	-2.7180875000000003e-06
669.422	0.0	0.0	-8.194e-07
669.452	0.0	0.0	-2.0987562500000005e-06
669.592	0.0	0.0	-6.8488750000000006e-06
669.812	0.0	0.0	-1.4209875000000001e-05
669.762	0.0	0.0	-1.2655650000000001e-05
669.802	0.0	0.0	-1.37736125e-05
669.932	0.0	0.0	-1.56172625e-05
670.152	0.0	0.0	-1.8061437500000002e-05
670.102	0.0	0.0	-1.7503837500000003e-05
670.132	0.0	0.0	-1.7841500000000002e-05
670.272	0.0	0.0	-1.63193625e-05
670.482	0.0	0.0	-1.3073425000000001e-05
670.432	0.0	0.0	-1.3802087500000004e-05
670.462	0.0	0.0	-1.33144e-05
670.602	0.0	0.0	-9.2074125e-06
670.822	0.0	0.0	-2.3005250000000003e-06
670.772	0.0	0.0	-3.7640125000000008e-06
670.812	0.0	0.0	-2.7185125000000003e-06
670.942	0.0	0.0	1.5304675e-06
671.162	0.0	0.0	8.2001625e-06
671.112	0.0	0.0	6.673562500000001e-06
671.142	0.0	0.0	7.5915625e-06
671.282	0.0	0.0	9.924387500000002e-06
671.492	0.0	0.0	1.3145250000000003e-05
671.442	0.0	0.0	1.2419775000000001e-05
671.472	0.0	0.0	1.2902150000000001e-05
671.612	0.0	0.0	1.2483950000000001e-05
671.832	0.0	0.0	1.1299262500000001e-05
671.782	0.0	0.0	1.15512875e-05
671.822	0.0	0.0	1.1372575000000002e-05
671.952	0.0	0.0	8.859125e-06
672.172	0.0	0.0	4.599562500000001e-06
672.122	0.0	0.0	5.577700000000001e-06
672.152	0.0	0.0	4.993537500000001e-06
672.282	0.0	0.0	2.0629925e-06
672.502	0.0	0.0	-2.6887625000000003e-06
672.452	0.0	0.0	-1.6149150000000002e-06
672.482	0.0	0.0	-2.3241125e-06
672.622	0.0	0.0	-4.520725000000001e-06
672.842	0.0	0.0	-7.8108625e-06
672.792	0.0	0.0	-7.1087624999999995e-06
672.832	0.0	0.0	-7.603462500000001e-06
672.962	0.0	0.0	-8.295362500000001e-06
673.182	0.0	0.0	-9.1432375e-06
673.132	0.0	0.0	-8.947950000000001e-06
673.162	0.0	0.0	-9.0637625e-06
673.292	0.0	0.0	-8.240750000000002e-06
673.512	0.0	0.0	-6.5456375000000006e-06
673.462	0.0	0.0	-6.929837500000001e-06
673.492	0.0	0.0	-6.6778125e-06
673.632	0.0	0.0	-4.2582875e-06
673.852	0.0	0.0	-1.3945525e-07
673.802	0.0	0.0	-1.02125375e-06
673.842	0.0	0.0	-4.0411125e-07
673.972	0.0	0.0	2.8366625000000002e-06
674.192	0.0	0.0	8.0586375e-06
674.142	0.0	0.0	6.85185e-06
674.172	0.0	0.0	7.5626625e-06
674.302	0.0	0.0	1.00884375e-05
674.522	0.0	0.0	1.3912162500000001e-05
674.472	0.0	0.0	1.30424e-05
674.502	0.0	0.0	1.3608925000000003e-05
674.642	0.0	0.0	1.37578875e-05
674.862	0.0	0.0	1.3479300000000002e-05
674.812	0.0	0.0	1.3539225000000002e-05
674.852	0.0	0.0	1.3497575e-05
674.982	0.0	0.0	1.0455e-05
675.202	0.0	0.0	5.134637500000001e-06
675.152	0.0	0.0	6.3679875e-06
675.182	0.0	0.0	5.646550000000001e-06
675.312	0.0	0.0	7.775375e-07
675.532	0.0	0.0	-7.4521625e-06
675.482	0.0	0.0	-5.5740875000000005e-06
675.512	0.0	0.0	-6.789375000000001e-06
675.652	0.0	0.0	-1.1341975000000002e-05
675.872	0.0	0.0	-1.8383375000000003e-05
675.822	0.0	0.0	-1.68654875e-05
675.862	0.0	0.0	-1.7913325000000002e-05
675.992	0.0	0.0	-1.9229125000000004e-05
676.212	0.0	0.0	-2.0721087500000003e-05
676.162	0.0	0.0	-2.0374075000000004e-05
676.192	0.0	0.0	-2.0575737500000003e-05
676.322	0.0	0.0	-1.7928200000000002e-05
676.542	0.0	0.0	-1.26384375e-05
676.492	0.0	0.0	-1.3849474999999998e-05
676.522	0.0	0.0	-1.30710875e-05
676.662	0.0	0.0	-7.204387500000001e-06
676.882	0.0	0.0	2.6575250000000004e-06
676.832	0.0	0.0	5.24535e-07
676.872	0.0	0.0	1.98713e-06
677.002	0.0	0.0	7.854425e-06
677.222	0.0	0.0	1.7044412500000003e-05
677.172	0.0	0.0	1.49007125e-05
677.202	0.0	0.0	1.6137675e-05
677.332	0.0	0.0	1.90351125e-05
677.552	0.0	0.0	2.2816125000000005e-05
677.502	0.0	0.0	2.1947e-05
677.532	0.0	0.0	2.2501625000000003e-05
677.672	0.0	0.0	2.0885562500000003e-05
677.892	0.0	0.0	1.73733625e-05
677.842	0.0	0.0	1.8135600000000003e-05
677.872	0.0	0.0	1.76164625e-05
678.012	0.0	0.0	1.24148875e-05
678.232	0.0	0.0	3.6233374999999998e-06
678.182	0.0	0.0	5.6803375000000006e-06
678.212	0.0	0.0	4.501387500000001e-06
678.342	0.0	0.0	-1.2607625000000002e-06
678.562	0.0	0.0	-1.05618875e-05
678.512	0.0	0.0	-8.419037500000001e-06
678.542	0.0	0.0	-9.7781875e-06
678.682	0.0	0.0	-1.348865e-05
678.902	0.0	0.0	-1.882835e-05
678.852	0.0	0.0	-1.76657625e-05
678.882	0.0	0.0	-1.8452225e-05
679.022	0.0	0.0	-1.82692625e-05
679.242	0.0	0.0	-1.72754e-05
679.192	0.0	0.0	-1.75085125e-05
679.222	0.0	0.0	-1.73759125e-05
679.352	0.0	0.0	-1.4107662500000001e-05
679.572	0.0	0.0	-8.058425e-06
679.522	0.0	0.0	-9.456675e-06
679.552	0.0	0.0	-8.575650000000001e-06
679.692	0.0	0.0	-3.7655e-06
679.912	0.0	0.0	4.087650000000001e-06
679.862	0.0	0.0	2.3719250000000006e-06
679.892	0.0	0.0	3.524737500000001e-06
680.032	0.0	0.0	7.352712500000001e-06
680.252	0.0	0.0	1.3172025e-05
680.202	0.0	0.0	1.1802037500000002e-05
680.232	0.0	0.0	1.2576812500000002e-05
680.362	0.0	0.0	1.39640125e-05
680.582	0.0	0.0	1.5480625000000004e-05
680.532	0.0	0.0	1.5128937500000001e-05
680.562	0.0	0.0	1.53490875e-05
680.702	0.0	0.0	1.3747475e-05
680.922	0.0	0.0	1.0569112500000001e-05
680.872	0.0	0.0	1.126505e-05
680.902	0.0	0.0	1.07998875e-05
681.042	0.0	0.0	6.985087500000001e-06
681.262	0.0	0.0	5.85055e-07
681.212	0.0	0.0	2.1042387500000003e-06
681.242	0.0	0.0	1.2593600000000001e-06
681.372	0.0	0.0	-2.9240000000000003e-06
681.592	0.0	0.0	-9.6902125e-06
681.542	0.0	0.0	-8.1461875e-06
681.572	0.0	0.0	-9.140262500000002e-06
681.712	0.0	0.0	-1.19014875e-05
681.932	0.0	0.0	-1.59045625e-05
681.882	0.0	0.0	-1.49668e-05
681.912	0.0	0.0	-1.5495712500000002e-05
682.042	0.0	0.0	-1.54268625e-05
682.262	0.0	0.0	-1.4510775000000002e-05
682.212	0.0	0.0	-1.47247625e-05
682.242	0.0	0.0	-1.4592587500000002e-05
682.382	0.0	0.0	-1.1411250000000002e-05
682.602	0.0	0.0	-5.6981875e-06
682.552	0.0	0.0	-6.957250000000001e-06
682.582	0.0	0.0	-6.126587500000001e-06
682.722	0.0	0.0	-1.4124875000000002e-06
682.942	0.0	0.0	6.279375e-06
682.892	0.0	0.0	4.454e-06
682.922	0.0	0.0	5.467625e-06
683.052	0.0	0.0	9.25055e-06
683.272	0.0	0.0	1.4981675e-05
683.222	0.0	0.0	1.3641862500000003e-05
683.252	0.0	0.0	1.4465725000000001e-05
683.392	0.0	0.0	1.5451300000000002e-05
683.612	0.0	0.0	1.63189375e-05
683.562	0.0	0.0	1.612705e-05
683.592	0.0	0.0	1.625285e-05
683.732	0.0	0.0	1.3883475000000002e-05
683.952	0.0	0.0	9.5010875e-06
683.902	0.0	0.0	1.0544250000000002e-05
683.932	0.0	0.0	9.9688e-06
684.062	0.0	0.0	5.8928375000000015e-06
684.282	0.0	0.0	-1.0864700000000001e-06
684.232	0.0	0.0	5.500987500000001e-07
684.262	0.0	0.0	-4.4958625e-07
684.402	0.0	0.0	-4.2803875e-06
684.622	0.0	0.0	-1.01955375e-05
684.572	0.0	0.0	-8.8831375e-06
684.602	0.0	0.0	-9.737387500000002e-06
684.742	0.0	0.0	-1.1245500000000001e-05
684.962	0.0	0.0	-1.3139725000000002e-05
684.912	0.0	0.0	-1.2687525e-05
684.942	0.0	0.0	-1.2935300000000001e-05
685.072	0.0	0.0	-1.1925925e-05
685.292	0.0	0.0	-9.57185e-06
685.242	0.0	0.0	-1.0125625e-05
685.272	0.0	0.0	-9.789450000000002e-06
685.412	0.0	0.0	-7.0173875e-06
685.632	0.0	0.0	-2.274175e-06
685.582	0.0	0.0	-3.3298750000000005e-06
685.612	0.0	0.0	-2.6471125000000005e-06
685.752	0.0	0.0	2.2544125000000005e-07
685.972	0.0	0.0	4.7470375000000005e-06
685.922	0.0	0.0	3.66435e-06
685.952	0.0	0.0	4.2534e-06
686.082	0.0	0.0	6.094075000000001e-06
686.302	0.0	0.0	8.713775000000001e-06
686.252	0.0	0.0	8.095612500000002e-06
686.282	0.0	0.0	8.4683375e-06
686.422	0.0	0.0	8.7841125e-06
686.642	0.0	0.0	8.915012500000001e-06
686.592	0.0	0.0	8.8856875e-06
686.622	0.0	0.0	8.904600000000001e-06
686.762	0.0	0.0	7.495725000000001e-06
686.982	0.0	0.0	4.9219249999999995e-06
686.932	0.0	0.0	5.5400875000000005e-06
686.962	0.0	0.0	5.2060375e-06
687.092	0.0	0.0	2.471375e-06
687.312	0.0	0.0	-2.3083875e-06
687.262	0.0	0.0	-1.17722875e-06
687.292	0.0	0.0	-1.8545937500000002e-06
687.432	0.0	0.0	-5.160562500000001e-06
687.652	0.0	0.0	-1.0484750000000002e-05
687.602	0.0	0.0	-9.292199999999999e-06
687.632	0.0	0.0	-1.0053162500000001e-05
687.772	0.0	0.0	-1.2033875000000002e-05
687.992	0.0	0.0	-1.485035e-05
687.942	0.0	0.0	-1.4172050000000001e-05
687.972	0.0	0.0	-1.4536275000000002e-05
688.102	0.0	0.0	-1.3866262500000002e-05
688.322	0.0	0.0	-1.1941225000000002e-05
688.272	0.0	0.0	-1.23981e-05
688.302	0.0	0.0	-1.21263125e-05
688.442	0.0	0.0	-8.314275000000001e-06
688.662	0.0	0.0	-1.525835e-06
688.612	0.0	0.0	-3.0512875000000003e-06
688.642	0.0	0.0	-2.0844975e-06
688.782	0.0	0.0	3.1456375e-06
689.002	0.0	0.0	1.1663062500000001e-05
688.952	0.0	0.0	9.605425000000001e-06
688.982	0.0	0.0	1.0702775e-05
689.112	0.0	0.0	1.45811125e-05
689.332	0.0	0.0	2.03037375e-05
689.282	0.0	0.0	1.89411875e-05
689.312	0.0	0.0	1.9746562500000002e-05
689.452	0.0	0.0	1.9984562500000003e-05
689.672	0.0	0.0	1.93857375e-05
689.622	0.0	0.0	1.9520675000000003e-05
689.652	0.0	0.0	1.9435675000000003e-05
689.792	0.0	0.0	1.54124125e-05
690.012	0.0	0.0	8.149375000000002e-06
689.962	0.0	0.0	9.9090875e-06
689.982	0.0	0.0	8.976850000000002e-06
690.122	0.0	0.0	2.8770375000000002e-06
690.342	0.0	0.0	-7.491687500000001e-06
690.292	0.0	0.0	-5.0156375e-06
690.322	0.0	0.0	-6.469562500000001e-06
690.462	0.0	0.0	-1.1910412500000003e-05
690.682	0.0	0.0	-2.02249e-05
690.632	0.0	0.0	-1.8344487500000003e-05
690.662	0.0	0.0	-1.9520462500000005e-05
690.802	0.0	0.0	-2.113695e-05
691.022	0.0	0.0	-2.2807625e-05
690.972	0.0	0.0	-2.2401750000000003e-05
690.992	0.0	0.0	-2.2616375000000004e-05
691.132	0.0	0.0	-1.9953962500000003e-05
691.352	0.0	0.0	-1.4324837500000003e-05
691.302	0.0	0.0	-1.567315e-05
691.332	0.0	0.0	-1.4886687500000002e-05
691.472	0.0	0.0	-9.00745e-06
691.692	0.0	0.0	1.0244837500000002e-06
691.642	0.0	0.0	-1.25143375e-06
691.672	0.0	0.0	1.6246687500000002e-07
691.812	0.0	0.0	5.945112500000001e-06
692.032	0.0	0.0	1.4987837500000002e-05
691.982	0.0	0.0	1.2784000000000002e-05
692.002	0.0	0.0	1.3935750000000001e-05
692.142	0.0	0.0	1.68514625e-05
692.362	0.0	0.0	2.0537062500000004e-05
692.312	0.0	0.0	1.9651787500000003e-05
692.342	0.0	0.0	2.01647625e-05
692.482	0.0	0.0	1.8948625000000002e-05
692.702	0.0	0.0	1.59440875e-05
692.652	0.0	0.0	1.66279125e-05
692.682	0.0	0.0	1.62058875e-05
692.822	0.0	0.0	1.1844325000000001e-05
693.042	0.0	0.0	4.2901625e-06
692.992	0.0	0.0	6.136362500000001e-06
693.012	0.0	0.0	5.177987500000001e-06
693.152	0.0	0.0	3.7372375e-07
693.372	0.0	0.0	-7.392875000000001e-06
693.322	0.0	0.0	-5.5218125e-06
693.352	0.0	0.0	-6.5991875e-06
693.492	0.0	0.0	-9.639e-06
693.712	0.0	0.0	-1.3898987500000001e-05
693.662	0.0	0.0	-1.2926375000000002e-05
693.692	0.0	0.0	-1.352265e-05
693.832	0.0	0.0	-1.3439562500000002e-05
694.052	0.0	0.0	-1.25908375e-05
694.002	0.0	0.0	-1.2798875000000002e-05
694.022	0.0	0.0	-1.2691562500000001e-05
694.162	0.0	0.0	-1.0367025000000003e-05
694.382	0.0	0.0	-5.944475e-06
694.332	0.0	0.0	-7.012925e-06
694.362	0.0	0.0	-6.401775000000001e-06
694.502	0.0	0.0	-3.3171250000000004e-06
694.722	0.0	0.0	1.67915375e-06
694.672	0.0	0.0	5.350112500000001e-07
694.702	0.0	0.0	1.2317987500000001e-06
694.842	0.0	0.0	3.221925e-06
695.062	0.0	0.0	6.079837500000001e-06
695.012	0.0	0.0	5.377525000000001e-06
695.032	0.0	0.0	5.7372875e-06
695.172	0.0	0.0	6.1002375000000006e-06
695.392	0.0	0.0	6.141037500000001e-06
695.342	0.0	0.0	6.1312625e-06
695.372	0.0	0.0	6.136787500000001e-06
695.512	0.0	0.0	5.2910375e-06
695.732	0.0	0.0	3.6703000000000002e-06
695.682	0.0	0.0	4.0423875000000004e-06
695.712	0.0	0.0	3.816925000000001e-06
695.852	0.0	0.0	2.567e-06
696.072	0.0	0.0	5.1920125e-07
696.022	0.0	0.0	1.0264812500000002e-06
696.042	0.0	0.0	7.708650000000001e-07
696.182	0.0	0.0	-7.010375e-07
696.402	0.0	0.0	-3.1515875000000004e-06
696.352	0.0	0.0	-2.566575e-06
696.382	0.0	0.0	-2.9084875e-06
696.522	0.0	0.0	-4.491400000000001e-06
696.742	0.0	0.0	-7.012287500000001e-06
696.692	0.0	0.0	-6.3956125e-06
696.712	0.0	0.0	-6.71075e-06
696.852	0.0	0.0	-7.439412500000001e-06
697.072	0.0	0.0	-8.292600000000003e-06
697.022	0.0	0.0	-8.08435e-06
697.052	0.0	0.0	-8.201225000000002e-06
697.192	0.0	0.0	-6.986150000000001e-06
697.412	0.0	0.0	-4.482475e-06
697.362	0.0	0.0	-5.060475e-06
697.392	0.0	0.0	-4.7147375e-06
697.532	0.0	0.0	-1.5468087500000004e-06
697.752	0.0	0.0	3.92955e-06
697.702	0.0	0.0	2.573375e-06
697.722	0.0	0.0	3.2557125e-06
697.862	0.0	0.0	6.807225e-06
698.082	0.0	0.0	1.2588500000000002e-05
698.032	0.0	0.0	1.1176862500000002e-05
698.062	0.0	0.0	1.1965237500000001e-05
698.202	0.0	0.0	1.3900050000000003e-05
698.422	0.0	0.0	1.64186e-05
698.372	0.0	0.0	1.58355e-05
698.402	0.0	0.0	1.61820875e-05
698.542	0.0	0.0	1.4753025000000003e-05
698.762	0.0	0.0	1.1637775000000002e-05
698.702	0.0	0.0	1.2411487500000002e-05
698.732	0.0	0.0	1.2024737500000001e-05
698.872	0.0	0.0	7.78005e-06
699.092	0.0	0.0	8.2732625e-09
699.042	0.0	0.0	1.9116075e-06
699.072	0.0	0.0	8.555037500000001e-07
699.212	0.0	0.0	-4.5628e-06
699.432	0.0	0.0	-1.336455e-05
699.382	0.0	0.0	-1.1320087500000001e-05
699.412	0.0	0.0	-1.2527512500000002e-05
699.552	0.0	0.0	-1.5941325e-05
699.772	0.0	0.0	-2.0773150000000003e-05
699.712	0.0	0.0	-1.95697625e-05
699.742	0.0	0.0	-2.01673125e-05
699.882	0.0	0.0	-1.9850475e-05
700.102	0.0	0.0	-1.7986e-05
700.052	0.0	0.0	-1.84439375e-05
700.082	0.0	0.0	-1.8191487500000003e-05
700.222	0.0	0.0	-1.38964375e-05
700.442	0.0	0.0	-6.001000000000001e-06
700.392	0.0	0.0	-7.840612500000002e-06
700.422	0.0	0.0	-6.761325e-06
700.562	0.0	0.0	-8.329150000000002e-07
700.782	0.0	0.0	8.884625000000001e-06
700.722	0.0	0.0	6.457875000000001e-06
700.752	0.0	0.0	7.654675000000001e-06
700.892	0.0	0.0	1.2093587500000001e-05
701.112	0.0	0.0	1.85948125e-05
701.062	0.0	0.0	1.6993625000000005e-05
701.092	0.0	0.0	1.78706125e-05
701.232	0.0	0.0	1.8703612500000003e-05
701.452	0.0	0.0	1.89142e-05
701.402	0.0	0.0	1.8864900000000003e-05
701.432	0.0	0.0	1.88935875e-05
701.572	0.0	0.0	1.58361375e-05
701.792	0.0	0.0	1.0033187500000002e-05
701.732	0.0	0.0	1.1486262500000001e-05
701.762	0.0	0.0	1.07743875e-05
701.902	0.0	0.0	5.986125e-06
702.122	0.0	0.0	-2.235925e-06
702.072	0.0	0.0	-2.05196375e-07
702.102	0.0	0.0	-1.3103175000000001e-06
702.242	0.0	0.0	-5.543700000000001e-06
702.462	0.0	0.0	-1.1963962500000002e-05
702.412	0.0	0.0	-1.0459250000000002e-05
702.442	0.0	0.0	-1.1330500000000001e-05
702.582	0.0	0.0	-1.28299e-05
702.802	0.0	0.0	-1.4466999999999999e-05
702.742	0.0	0.0	-1.40558125e-05
702.772	0.0	0.0	-1.4255987500000001e-05
702.912	0.0	0.0	-1.29907625e-05
703.132	0.0	0.0	-9.983462500000001e-06
703.082	0.0	0.0	-1.0728275000000002e-05
703.102	0.0	0.0	-1.03255875e-05
703.252	0.0	0.0	-7.2065125e-06
703.472	0.0	0.0	-1.8024037500000004e-06
703.422	0.0	0.0	-3.0727500000000004e-06
703.452	0.0	0.0	-2.3419625e-06
703.592	0.0	0.0	7.683575000000001e-07
703.812	0.0	0.0	5.6408125e-06
703.752	0.0	0.0	4.413837500000001e-06
703.782	0.0	0.0	5.006925000000001e-06
703.922	0.0	0.0	6.8374e-06
704.142	0.0	0.0	9.282425e-06
704.082	0.0	0.0	8.675100000000001e-06
704.112	0.0	0.0	9.0012875e-06
704.262	0.0	0.0	9.029975000000002e-06
704.482	0.0	0.0	8.5374e-06
704.432	0.0	0.0	8.653637500000002e-06
704.462	0.0	0.0	8.587337500000001e-06
704.602	0.0	0.0	6.9519375e-06
704.822	0.0	0.0	3.9386875e-06
704.762	0.0	0.0	4.6994375e-06
704.792	0.0	0.0	4.33415e-06
704.932	0.0	0.0	1.8508537500000003e-06
705.152	0.0	0.0	-2.42675e-06
705.092	0.0	0.0	-1.3612750000000002e-06
705.122	0.0	0.0	-1.929925e-06
705.262	0.0	0.0	-4.3696375000000006e-06
705.492	0.0	0.0	-8.1712625e-06
705.442	0.0	0.0	-7.272387500000001e-06
705.472	0.0	0.0	-7.7828125e-06
705.612	0.0	0.0	-8.857212500000001e-06
705.832	0.0	0.0	-1.01643e-05
705.772	0.0	0.0	-9.8334375e-06
705.802	0.0	0.0	-9.991325e-06
705.942	0.0	0.0	-9.1831875e-06
706.162	0.0	0.0	-7.167200000000001e-06
706.102	0.0	0.0	-7.670825e-06
706.132	0.0	0.0	-7.403712500000001e-06
706.272	0.0	0.0	-4.8396875e-06
706.502	0.0	0.0	-2.73275e-07
706.452	0.0	0.0	-1.3562812500000002e-06
706.482	0.0	0.0	-7.454075000000001e-07
706.622	0.0	0.0	2.1798250000000003e-06
706.842	0.0	0.0	6.8665125e-06
706.782	0.0	0.0	5.676725000000001e-06
706.812	0.0	0.0	6.240700000000001e-06
706.952	0.0	0.0	7.999774999999999e-06
707.172	0.0	0.0	1.0334725000000001e-05
707.112	0.0	0.0	9.749925000000001e-06
707.142	0.0	0.0	1.0058050000000001e-05
707.282	0.0	0.0	9.752900000000003e-06
707.512	0.0	0.0	8.607950000000001e-06
707.462	0.0	0.0	8.880375000000002e-06
707.492	0.0	0.0	8.727800000000001e-06
707.632	0.0	0.0	6.63595e-06
707.852	0.0	0.0	2.8579125000000007e-06
707.792	0.0	0.0	3.8196875e-06
707.822	0.0	0.0	3.3668500000000002e-06
707.962	0.0	0.0	8.738212500000001e-07
708.182	0.0	0.0	-3.2257500000000004e-06
708.122	0.0	0.0	-2.1961875000000002e-06
708.152	0.0	0.0	-2.7350875000000003e-06
708.292	0.0	0.0	-4.39875e-06
708.522	0.0	0.0	-6.712237500000001e-06
708.472	0.0	0.0	-6.160375000000001e-06
708.502	0.0	0.0	-6.467650000000001e-06
708.642	0.0	0.0	-6.533100000000001e-06
708.862	0.0	0.0	-6.188850000000001e-06
708.802	0.0	0.0	-6.2766125e-06
708.832	0.0	0.0	-6.2356e-06
708.972	0.0	0.0	-5.170975000000001e-06
709.192	0.0	0.0	-3.0617000000000003e-06
709.132	0.0	0.0	-3.5929500000000005e-06
709.162	0.0	0.0	-3.3167000000000004e-06
709.302	0.0	0.0	-1.8805824999999999e-06
709.532	0.0	0.0	4.5570625000000005e-07
709.482	0.0	0.0	-1.032155e-07
709.512	0.0	0.0	2.0595075e-07
709.652	0.0	0.0	1.2715575e-06
709.872	0.0	0.0	2.842825e-06
709.812	0.0	0.0	2.4407750000000004e-06
709.842	0.0	0.0	2.6275625000000004e-06
709.982	0.0	0.0	3.2210750000000003e-06
710.202	0.0	0.0	4.0071125e-06
710.142	0.0	0.0	3.8086375000000003e-06
710.172	0.0	0.0	3.911275e-06
710.312	0.0	0.0	3.90575e-06
710.542	0.0	0.0	3.7047250000000003e-06
710.492	0.0	0.0	3.7529625e-06
710.522	0.0	0.0	3.7264e-06
710.662	0.0	0.0	2.7933125e-06
710.882	0.0	0.0	1.034365e-06
710.822	0.0	0.0	1.4877975000000002e-06
710.852	0.0	0.0	1.2805462500000003e-06
710.992	0.0	0.0	-4.10635e-07
711.212	0.0	0.0	-3.4346375e-06
711.152	0.0	0.0	-2.6819625000000002e-06
711.182	0.0	0.0	-3.0821e-06
711.322	0.0	0.0	-4.85775e-06
711.552	0.0	0.0	-7.642562500000001e-06
711.492	0.0	0.0	-6.9334500000000005e-06
711.522	0.0	0.0	-7.262187500000001e-06
711.662	0.0	0.0	-7.9409125e-06
711.882	0.0	0.0	-8.561412500000002e-06
711.822	0.0	0.0	-8.403737500000001e-06
711.852	0.0	0.0	-8.484275000000001e-06
711.992	0.0	0.0	-7.2819500000000015e-06
712.222	0.0	0.0	-4.731525e-06
712.172	0.0	0.0	-5.346287500000001e-06
712.202	0.0	0.0	-5.0122375e-06
712.342	0.0	0.0	-2.25675e-06
712.562	0.0	0.0	2.5440500000000002e-06
712.502	0.0	0.0	1.30676875e-06
712.532	0.0	0.0	1.8715087500000004e-06
712.672	0.0	0.0	4.7521375e-06
712.892	0.0	0.0	9.375075e-06
712.832	0.0	0.0	8.1993125e-06
712.862	0.0	0.0	8.79665e-06
713.002	0.0	0.0	1.0317725000000003e-05
713.232	0.0	0.0	1.2200475000000001e-05
713.182	0.0	0.0	1.1745300000000001e-05
713.202	0.0	0.0	1.1991162500000002e-05
713.352	0.0	0.0	1.1056587500000003e-05
713.572	0.0	0.0	8.831925000000001e-06
713.512	0.0	0.0	9.4067375e-06
713.542	0.0	0.0	9.146212500000001e-06
713.682	0.0	0.0	6.283412500000001e-06
713.902	0.0	0.0	9.323225000000001e-07
713.842	0.0	0.0	2.2969125e-06
713.872	0.0	0.0	1.6081362500000003e-06
714.012	0.0	0.0	-2.0532175e-06
714.242	0.0	0.0	-8.0331375e-06
714.192	0.0	0.0	-6.5834625e-06
714.212	0.0	0.0	-7.3614249999999996e-06
714.362	0.0	0.0	-9.806875000000001e-06
714.582	0.0	0.0	-1.3266162500000003e-05
714.522	0.0	0.0	-1.2370050000000002e-05
714.552	0.0	0.0	-1.2773587500000002e-05
714.692	0.0	0.0	-1.2897475000000001e-05
714.912	0.0	0.0	-1.2121637500000002e-05
714.852	0.0	0.0	-1.2320112500000002e-05
714.882	0.0	0.0	-1.2220450000000001e-05
715.022	0.0	0.0	-9.718687500000001e-06
715.252	0.0	0.0	-4.8923875e-06
715.192	0.0	0.0	-6.0658125000000005e-06
715.222	0.0	0.0	-5.440212500000001e-06
715.372	0.0	0.0	-1.5086225000000001e-06
715.592	0.0	0.0	5.107862500000001e-06
715.532	0.0	0.0	3.3893750000000005e-06
715.562	0.0	0.0	4.158412500000001e-06
715.702	0.0	0.0	7.611537500000001e-06
715.922	0.0	0.0	1.2898325000000002e-05
715.862	0.0	0.0	1.1542787500000002e-05
715.892	0.0	0.0	1.2218325000000001e-05
716.032	0.0	0.0	1.35745e-05
716.262	0.0	0.0	1.49364125e-05
716.202	0.0	0.0	1.4604275000000002e-05
716.232	0.0	0.0	1.4780225000000003e-05
716.372	0.0	0.0	1.30970125e-05
716.602	0.0	0.0	9.490675e-06
716.542	0.0	0.0	1.0429925000000002e-05
716.572	0.0	0.0	1.0012362500000002e-05
716.712	0.0	0.0	6.137425000000002e-06
716.932	0.0	0.0	-9.635600000000001e-07
716.872	0.0	0.0	8.618787500000002e-07
716.902	0.0	0.0	-4.20325e-08
717.042	0.0	0.0	-4.686475e-06
717.272	0.0	0.0	-1.22045125e-05
717.212	0.0	0.0	-1.03663875e-05
717.242	0.0	0.0	-1.13339e-05
717.382	0.0	0.0	-1.42304875e-05
717.612	0.0	0.0	-1.8213375000000002e-05
717.552	0.0	0.0	-1.7173612500000002e-05
717.582	0.0	0.0	-1.7632825e-05
717.722	0.0	0.0	-1.73621e-05
717.942	0.0	0.0	-1.555415e-05
717.882	0.0	0.0	-1.60201625e-05
717.912	0.0	0.0	-1.5790875e-05
718.052	0.0	0.0	-1.1904250000000002e-05
718.282	0.0	0.0	-4.5135e-06
718.222	0.0	0.0	-6.325275000000001e-06
718.252	0.0	0.0	-5.3777375e-06
718.392	0.0	0.0	3.609950000000001e-07
718.622	0.0	0.0	9.969437500000002e-06
718.562	0.0	0.0	7.454500000000001e-06
718.592	0.0	0.0	8.5578e-06
718.732	0.0	0.0	1.3302287500000002e-05
718.952	0.0	0.0	2.0399787500000003e-05
718.892	0.0	0.0	1.85657e-05
718.922	0.0	0.0	1.9462450000000002e-05
719.062	0.0	0.0	2.0761887500000004e-05
719.292	0.0	0.0	2.1496500000000003e-05
719.232	0.0	0.0	2.1315875000000002e-05
719.262	0.0	0.0	2.1409375000000004e-05
719.402	0.0	0.0	1.81451625e-05
719.632	0.0	0.0	1.1520262500000001e-05
719.572	0.0	0.0	1.32589375e-05
719.602	0.0	0.0	1.2501162500000002e-05
719.742	0.0	0.0	6.4041125e-06
719.962	0.0	0.0	-4.522425e-06
719.902	0.0	0.0	-1.69133e-06
719.932	0.0	0.0	-3.0665875000000004e-06
720.072	0.0	0.0	-9.454762500000002e-06
720.302	0.0	0.0	-1.9496662500000003e-05
720.242	0.0	0.0	-1.7021250000000002e-05
720.272	0.0	0.0	-1.8299225000000004e-05
720.412	0.0	0.0	-2.1364750000000006e-05
720.642	0.0	0.0	-2.50665e-05
720.582	0.0	0.0	-2.4093250000000002e-05
720.612	0.0	0.0	-2.4514000000000003e-05
720.752	0.0	0.0	-2.2952125000000002e-05
720.972	0.0	0.0	-1.8423962500000003e-05
720.912	0.0	0.0	-1.9600575e-05
720.942	0.0	0.0	-1.90325625e-05
721.082	0.0	0.0	-1.3167775e-05
721.312	0.0	0.0	-2.4375875000000006e-06
721.252	0.0	0.0	-5.0900125e-06
721.282	0.0	0.0	-3.7295875000000007e-06
721.422	0.0	0.0	3.2716500000000003e-06
721.652	0.0	0.0	1.4617450000000002e-05
721.592	0.0	0.0	1.1625025000000001e-05
721.622	0.0	0.0	1.29121375e-05
721.752	0.0	0.0	1.7551012500000003e-05
721.982	0.0	0.0	2.3853125000000006e-05
721.922	0.0	0.0	2.22105e-05
721.952	0.0	0.0	2.2998875000000003e-05
722.092	0.0	0.0	2.3032875000000003e-05
722.322	0.0	0.0	2.135625e-05
722.262	0.0	0.0	2.1770625000000003e-05
722.292	0.0	0.0	2.156025e-05
722.432	0.0	0.0	1.7087975e-05
722.662	0.0	0.0	8.583724999999999e-06
722.602	0.0	0.0	1.08324e-05
722.632	0.0	0.0	9.871475e-06
722.762	0.0	0.0	3.6834750000000003e-06
722.992	0.0	0.0	-6.872037500000001e-06
722.932	0.0	0.0	-4.1159125e-06
722.962	0.0	0.0	-5.429375e-06
723.102	0.0	0.0	-1.0476462500000001e-05
723.332	0.0	0.0	-1.78752875e-05
723.272	0.0	0.0	-1.60363125e-05
723.302	0.0	0.0	-1.69674875e-05
723.442	0.0	0.0	-1.8258850000000002e-05
723.672	0.0	0.0	-1.9025550000000003e-05
723.612	0.0	0.0	-1.8822399999999998e-05
723.642	0.0	0.0	-1.8908675000000002e-05
723.772	0.0	0.0	-1.65832875e-05
724.002	0.0	0.0	-1.1307550000000002e-05
723.942	0.0	0.0	-1.2688587500000002e-05
723.972	0.0	0.0	-1.20345125e-05
724.112	0.0	0.0	-7.4343125e-06
724.342	0.0	0.0	5.375825e-07
724.282	0.0	0.0	-1.44905875e-06
724.312	0.0	0.0	-4.4945874999999997e-07
724.452	0.0	0.0	3.6904875000000005e-06
724.682	0.0	0.0	1.0007050000000001e-05
724.622	0.0	0.0	8.3285125e-06
724.652	0.0	0.0	9.03635e-06
724.782	0.0	0.0	1.0945662500000002e-05
725.012	0.0	0.0	1.2979075e-05
724.952	0.0	0.0	1.2445275000000003e-05
724.982	0.0	0.0	1.2696450000000001e-05
725.122	0.0	0.0	1.1872587500000001e-05
725.352	0.0	0.0	9.5886375e-06
725.292	0.0	0.0	1.0158987500000001e-05
725.322	0.0	0.0	9.8733875e-06
725.462	0.0	0.0	7.2560250000000005e-06
725.692	0.0	0.0	2.573375e-06
725.632	0.0	0.0	3.8264875000000005e-06
725.652	0.0	0.0	3.3065e-06
725.792	0.0	0.0	4.950825e-07
726.022	0.0	0.0	-4.04005e-06
725.962	0.0	0.0	-2.8659875e-06
725.992	0.0	0.0	-3.4342125e-06
726.132	0.0	0.0	-5.333325e-06
726.362	0.0	0.0	-7.9664125e-06
726.302	0.0	0.0	-7.270050000000001e-06
726.332	0.0	0.0	-7.562875000000001e-06
726.462	0.0	0.0	-7.972787500000002e-06
726.692	0.0	0.0	-7.986387500000001e-06
726.632	0.0	0.0	-7.982775e-06
726.662	0.0	0.0	-7.984475000000001e-06
726.802	0.0	0.0	-6.829962500000001e-06
727.032	0.0	0.0	-4.43105e-06
726.972	0.0	0.0	-5.033062500000001e-06
727.002	0.0	0.0	-4.7351375e-06
727.142	0.0	0.0	-2.49305e-06
727.372	0.0	0.0	1.4177575e-06
727.312	0.0	0.0	3.7162000000000004e-07
727.332	0.0	0.0	8.0512e-07
727.472	0.0	0.0	3.2140625e-06
727.702	0.0	0.0	7.135962500000001e-06
727.642	0.0	0.0	6.099600000000001e-06
727.672	0.0	0.0	6.579000000000001e-06
727.812	0.0	0.0	8.17785e-06
728.042	0.0	0.0	1.0344075000000003e-05
727.982	0.0	0.0	9.799012500000003e-06
728.012	0.0	0.0	1.00667625e-05
728.152	0.0	0.0	9.7769125e-06
728.382	0.0	0.0	8.6294125e-06
728.322	0.0	0.0	8.9371125e-06
728.342	0.0	0.0	8.8104625e-06
728.482	0.0	0.0	6.5093000000000005e-06
728.712	0.0	0.0	1.8676625e-06
728.652	0.0	0.0	3.0971875e-06
728.682	0.0	0.0	2.5319375000000004e-06
728.822	0.0	0.0	-1.3936600000000003e-06
729.052	0.0	0.0	-8.1925125e-06
728.992	0.0	0.0	-6.477000000000001e-06
729.022	0.0	0.0	-7.314675000000001e-06
729.162	0.0	0.0	-1.0977537500000002e-05
729.392	0.0	0.0	-1.6628550000000002e-05
729.332	0.0	0.0	-1.51093875e-05
729.352	0.0	0.0	-1.5730525e-05
729.492	0.0	0.0	-1.7094987499999997e-05
729.722	0.0	0.0	-1.8119449999999998e-05
729.662	0.0	0.0	-1.7847450000000005e-05
729.692	0.0	0.0	-1.7971762500000004e-05
729.832	0.0	0.0	-1.531445e-05
730.062	0.0	0.0	-9.4509375e-06
730.002	0.0	0.0	-1.09341875e-05
730.032	0.0	0.0	-1.021445e-05
730.172	0.0	0.0	-3.862825000000001e-06
730.402	0.0	0.0	7.505925e-06
730.342	0.0	0.0	4.442312500000001e-06
730.362	0.0	0.0	5.686925000000001e-06
730.502	0.0	0.0	1.28649625e-05
730.732	0.0	0.0	2.4664875000000003e-05
730.672	0.0	0.0	2.1524125e-05
730.702	0.0	0.0	2.2950000000000002e-05
730.842	0.0	0.0	2.7287125000000003e-05
731.072	0.0	0.0	3.2780250000000005e-05
731.012	0.0	0.0	3.1386250000000005e-05
731.042	0.0	0.0	3.205775e-05
731.182	0.0	0.0	2.9903e-05
731.412	0.0	0.0	2.4035875000000003e-05
731.352	0.0	0.0	2.5621125000000003e-05
731.372	0.0	0.0	2.49815e-05
731.512	0.0	0.0	1.6709512500000004e-05
731.742	0.0	0.0	5.298475e-07
731.682	0.0	0.0	4.8477625e-06
731.712	0.0	0.0	2.9004125000000007e-06
731.852	0.0	0.0	-8.886750000000001e-06
732.082	0.0	0.0	-2.8679e-05
732.022	0.0	0.0	-2.3647000000000002e-05
732.052	0.0	0.0	-2.6056750000000004e-05
732.192	0.0	0.0	-3.475225e-05
732.422	0.0	0.0	-4.7175e-05
732.362	0.0	0.0	-4.3811125000000007e-05
732.382	0.0	0.0	-4.51605e-05
732.522	0.0	0.0	-4.59765e-05
732.752	0.0	0.0	-4.332237500000001e-05
732.692	0.0	0.0	-4.403212500000001e-05
732.722	0.0	0.0	-4.3715500000000005e-05
732.862	0.0	0.0	-3.4465375e-05
733.092	0.0	0.0	-1.57927875e-05
733.032	0.0	0.0	-2.0553637500000002e-05
733.062	0.0	0.0	-1.8287325000000002e-05
733.202	0.0	0.0	-3.0357750000000006e-06
733.432	0.0	0.0	2.3130625000000004e-05
733.372	0.0	0.0	1.602335e-05
733.392	0.0	0.0	1.88498125e-05
733.532	0.0	0.0	3.231912500000001e-05
733.762	0.0	0.0	5.2744625000000005e-05
733.702	0.0	0.0	4.7287625000000006e-05
733.732	0.0	0.0	4.9735625e-05
733.872	0.0	0.0	5.444887500000001e-05
734.102	0.0	0.0	5.8040125e-05
734.042	0.0	0.0	5.7111500000000004e-05
734.072	0.0	0.0	5.7538625e-05
734.212	0.0	0.0	5.013725000000001e-05
734.442	0.0	0.0	0.0
734.382	0.0	0.0	3.800350000000001e-05
734.412	0.0	0.0	3.605275e-05
734.552	0.0	0.0	0.0
