8732
0.0	0.0	0.0	0.005414325
0.088	0.0	0.0	0.015098300000000002
0.173	0.0	0.0	0.024529750000000003
0.256	0.0	0.0	0.03363675000000001
0.336	0.0	0.0	0.042507500000000004
0.424	0.0	0.0	0.04705750000000001
0.51	0.0	0.0	0.05149725000000001
0.592	0.0	0.0	0.05578475000000001
0.673	0.0	0.0	0.05995850000000001
0.761	0.0	0.0	0.05744025000000001
0.846	0.0	0.0	0.054986749999999994
0.929	0.0	0.0	0.05261550000000001
1.009	0.0	0.0	0.0503055
1.097	0.0	0.0	0.04086775
1.182	0.0	0.0	0.031650500000000005
1.265	0.0	0.0	0.022725500000000003
1.346	0.0	0.0	0.014021350000000002
1.434	0.0	0.0	0.00036646750000000005
1.519	0.0	0.0	-0.012956125
1.602	0.0	0.0	-0.025840500000000002
1.683	0.0	0.0	-0.0383915
1.77	0.0	0.0	-0.05041575
1.856	0.0	0.0	-0.062153000000000014
1.938	0.0	0.0	-0.0735245
2.019	0.0	0.0	-0.08463000000000001
2.107	0.0	0.0	-0.08781850000000001
2.192	0.0	0.0	-0.09093525000000002
2.275	0.0	0.0	-0.09395750000000001
2.356	0.0	0.0	-0.0969045
2.443	0.0	0.0	-0.08644475
2.529	0.0	0.0	-0.07622825000000001
2.611	0.0	0.0	-0.06631975000000001
2.692	0.0	0.0	-0.05663700000000001
2.779	0.0	0.0	-0.034343750000000006
2.865	0.0	0.0	-0.01252545
2.948	0.0	0.0	0.008650775000000003
3.029	0.0	0.0	0.029330000000000002
3.116	0.0	0.0	0.11844350000000001
3.201	0.0	0.0	0.20555500000000002
3.284	0.0	0.0	0.29011500000000007
3.365	0.0	0.0	0.37283750000000004
3.452	0.0	0.0	0.40797750000000005
3.538	0.0	0.0	0.4424175000000001
3.621	0.0	0.0	0.47591250000000007
3.702	0.0	0.0	0.5087075000000001
3.789	0.0	0.0	0.4782925000000001
3.875	0.0	0.0	0.44850750000000006
3.958	0.0	0.0	0.41958000000000006
4.039	0.0	0.0	0.39130000000000004
4.126	0.0	0.0	0.3016125
4.211	0.0	0.0	0.2137975
4.294	0.0	0.0	0.1283345
4.375	0.0	0.0	0.04457425
4.462	0.0	0.0	-0.06370525
4.547	0.0	0.0	-0.16991450000000002
4.631	0.0	0.0	-0.27333250000000003
4.712	0.0	0.0	-0.37457
4.799	0.0	0.0	-0.4440975
4.884	0.0	0.0	-0.5122075000000001
4.967	0.0	0.0	-0.57855
5.048	0.0	0.0	-0.643615
5.135	0.0	0.0	-0.6332025000000001
5.22	0.0	0.0	-0.6229825
5.303	0.0	0.0	-0.6130075
5.385	0.0	0.0	-0.6032075000000001
5.472	0.0	0.0	-0.5122775
5.557	0.0	0.0	-0.42308000000000007
5.64	0.0	0.0	-0.33612250000000005
5.722	0.0	0.0	-0.250915
5.809	0.0	0.0	-0.12443025000000002
5.894	0.0	0.0	-0.00027244000000000004
5.976	0.0	0.0	0.12094949999999999
6.058	0.0	0.0	0.24004750000000002
6.145	0.0	0.0	0.3371200000000001
6.23	0.0	0.0	0.43254750000000003
6.313	0.0	0.0	0.5257525000000001
6.395	0.0	0.0	0.6172425000000001
6.481	0.0	0.0	0.6341300000000001
6.566	0.0	0.0	0.6506850000000001
6.649	0.0	0.0	0.6668900000000001
6.731	0.0	0.0	0.6827975000000001
6.817	0.0	0.0	0.6134450000000001
6.903	0.0	0.0	0.5451600000000001
6.986	0.0	0.0	0.4783275
7.068	0.0	0.0	0.41256250000000005
7.155	0.0	0.0	0.29753500000000005
7.24	0.0	0.0	0.18441500000000002
7.323	0.0	0.0	0.073822
7.405	0.0	0.0	-0.03484775
7.491	0.0	0.0	-0.1321215
7.576	0.0	0.0	-0.2278325
7.659	0.0	0.0	-0.32156250000000003
7.741	0.0	0.0	-0.41391000000000006
7.827	0.0	0.0	-0.4474225
7.912	0.0	0.0	-0.480445
7.996	0.0	0.0	-0.51282
8.078	0.0	0.0	-0.54467
8.164	0.0	0.0	-0.508445
8.249	0.0	0.0	-0.47279750000000004
8.332	0.0	0.0	-0.43783250000000007
8.414	0.0	0.0	-0.4033925
8.5	0.0	0.0	-0.32763500000000007
8.585	0.0	0.0	-0.25291
8.669	0.0	0.0	-0.17955000000000002
8.751	0.0	0.0	-0.10722950000000002
8.837	0.0	0.0	-0.028378
8.922	0.0	0.0	0.04934825
9.005	0.0	0.0	0.12563600000000003
9.088	0.0	0.0	0.20084749999999998
9.174	0.0	0.0	0.2619575
9.258	0.0	0.0	0.32226250000000006
9.342	0.0	0.0	0.38150000000000006
9.424	0.0	0.0	0.43995
9.51	0.0	0.0	0.46410000000000007
9.595	0.0	0.0	0.4879525
9.678	0.0	0.0	0.5113850000000001
9.761	0.0	0.0	0.5345200000000001
9.847	0.0	0.0	0.4889675000000001
9.931	0.0	0.0	0.44399250000000007
10.015	0.0	0.0	0.39975250000000007
10.097	0.0	0.0	0.35605500000000007
10.183	0.0	0.0	0.2246825
10.268	0.0	0.0	0.09488325000000002
10.351	0.0	0.0	-0.032879000000000005
10.434	0.0	0.0	-0.15913800000000003
10.52	0.0	0.0	-0.33496750000000003
10.604	0.0	0.0	-0.5088125
10.688	0.0	0.0	-0.68005
10.77	0.0	0.0	-0.8493450000000002
10.856	0.0	0.0	-0.9697100000000001
10.941	0.0	0.0	-1.0887625
11.024	0.0	0.0	-1.2061000000000002
11.107	0.0	0.0	-1.3221425000000002
11.193	0.0	0.0	-1.2800375000000002
11.277	0.0	0.0	-1.2383875000000002
11.361	0.0	0.0	-1.1972975000000001
11.444	0.0	0.0	-1.1566275
11.529	0.0	0.0	-0.9144800000000001
11.614	0.0	0.0	-0.6747650000000001
11.697	0.0	0.0	-0.43820000000000003
11.78	0.0	0.0	-0.20394500000000002
11.866	0.0	0.0	0.15556450000000002
11.95	0.0	0.0	0.51163
12.034	0.0	0.0	0.8632575
12.117	0.0	0.0	1.2115950000000002
12.202	0.0	0.0	1.50339
12.287	0.0	0.0	1.792525
12.371	0.0	0.0	2.0783000000000005
12.453	0.0	0.0	2.3614500000000005
12.539	0.0	0.0	2.38945
12.623	0.0	0.0	2.4171000000000005
12.707	0.0	0.0	2.4445750000000004
12.79	0.0	0.0	2.4717000000000002
12.875	0.0	0.0	2.1504000000000003
12.96	0.0	0.0	1.8315500000000005
13.044	0.0	0.0	1.5162175
13.127	0.0	0.0	1.2032825000000003
13.212	0.0	0.0	0.6363000000000001
13.296	0.0	0.0	0.073689
13.38	0.0	0.0	-0.48329750000000005
13.463	0.0	0.0	-1.0361225
13.548	0.0	0.0	-1.5774500000000002
13.633	0.0	0.0	-2.114875
13.717	0.0	0.0	-2.647225
13.8	0.0	0.0	-3.1760750000000004
13.885	0.0	0.0	-3.3824
13.969	0.0	0.0	-3.5873250000000008
14.053	0.0	0.0	-3.7904999999999998
14.136	0.0	0.0	-3.9924500000000003
14.221	0.0	0.0	-3.6900500000000007
14.306	0.0	0.0	-3.3894000000000006
14.39	0.0	0.0	-3.0912
14.473	0.0	0.0	-2.794925
14.558	0.0	0.0	-2.0685000000000002
14.642	0.0	0.0	-1.3464500000000001
14.726	0.0	0.0	-0.6296675
14.81	0.0	0.0	0.08323175000000001
14.894	0.0	0.0	0.8997800000000001
14.979	0.0	0.0	1.7119900000000001
15.063	0.0	0.0	2.5187750000000007
15.146	0.0	0.0	3.3215000000000003
15.231	0.0	0.0	3.8008250000000006
15.315	0.0	0.0	4.2777
15.399	0.0	0.0	4.751775000000001
15.483	0.0	0.0	5.223750000000001
15.567	0.0	0.0	5.0715
15.652	0.0	0.0	4.9197750000000005
15.736	0.0	0.0	4.768925
15.819	0.0	0.0	4.618775000000001
15.904	0.0	0.0	3.8510500000000003
15.988	0.0	0.0	3.086475
16.072	0.0	0.0	2.3254
16.156	0.0	0.0	1.5670725
16.241	0.0	0.0	0.531755
16.325	0.0	0.0	-0.5000625
16.409	0.0	0.0	-1.5276100000000001
16.493	0.0	0.0	-2.5522
16.577	0.0	0.0	-3.336725
16.661	0.0	0.0	-4.11915
16.745	0.0	0.0	-4.898600000000001
16.829	0.0	0.0	-5.6763
16.914	0.0	0.0	-5.7879499999999995
16.998	0.0	0.0	-5.89925
17.082	0.0	0.0	-6.010375
17.166	0.0	0.0	-6.121325
17.25	0.0	0.0	-5.46595
17.334	0.0	0.0	-4.811975
17.418	0.0	0.0	-4.159400000000001
17.502	0.0	0.0	-3.5077
17.587	0.0	0.0	-2.3864750000000003
17.671	0.0	0.0	-1.2667375
17.755	0.0	0.0	-0.14885674999999998
17.839	0.0	0.0	0.9678550000000001
17.923	0.0	0.0	2.0011250000000005
18.007	0.0	0.0	3.0332750000000006
18.091	0.0	0.0	4.06455
18.175	0.0	0.0	5.0953
18.26	0.0	0.0	5.516875000000001
18.344	0.0	0.0	5.9381
18.428	0.0	0.0	6.359325
18.512	0.0	0.0	6.780550000000001
18.596	0.0	0.0	6.37105
18.68	0.0	0.0	5.961550000000001
18.764	0.0	0.0	5.551875000000001
18.849	0.0	0.0	5.1422
18.933	0.0	0.0	4.1042749999999995
19.017	0.0	0.0	3.0656500000000007
19.101	0.0	0.0	2.0263250000000004
19.185	0.0	0.0	0.9857575000000001
19.269	0.0	0.0	-0.15985375000000002
19.353	0.0	0.0	-1.3066550000000001
19.437	0.0	0.0	-2.4552500000000004
19.522	0.0	0.0	-3.6057
19.606	0.0	0.0	-4.290125000000001
19.69	0.0	0.0	-4.975600000000001
19.774	0.0	0.0	-5.662475
19.858	0.0	0.0	-6.350575
19.942	0.0	0.0	-6.249425
20.026	0.0	0.0	-6.147925
20.111	0.0	0.0	-6.046075
20.195	0.0	0.0	-5.944050000000001
20.279	0.0	0.0	-5.13625
20.363	0.0	0.0	-4.326175
20.447	0.0	0.0	-3.5133
20.532	0.0	0.0	-2.697975
20.615	0.0	0.0	-1.6109275000000003
20.699	0.0	0.0	-0.5207125
20.784	0.0	0.0	0.5740525000000001
20.868	0.0	0.0	1.67251
20.952	0.0	0.0	2.4939250000000004
21.036	0.0	0.0	3.318
21.12	0.0	0.0	4.146275000000001
21.205	0.0	0.0	4.9777000000000005
21.288	0.0	0.0	5.1534
21.372	0.0	0.0	5.3298000000000005
21.457	0.0	0.0	5.507250000000001
21.541	0.0	0.0	5.6854000000000005
21.625	0.0	0.0	5.180875
21.709	0.0	0.0	4.674075
21.793	0.0	0.0	4.164125
21.878	0.0	0.0	3.651725
21.961	0.0	0.0	2.7693750000000006
22.045	0.0	0.0	1.8826500000000002
22.13	0.0	0.0	0.9899225
22.215	0.0	0.0	0.0924525
22.298	0.0	0.0	-0.7075775000000002
22.382	0.0	0.0	-1.5119650000000004
22.466	0.0	0.0	-2.3222500000000004
22.551	0.0	0.0	-3.1374000000000004
22.634	0.0	0.0	-3.48215
22.718	0.0	0.0	-3.829
22.803	0.0	0.0	-4.178825
22.888	0.0	0.0	-4.530575000000001
22.971	0.0	0.0	-4.311475000000001
23.055	0.0	0.0	-4.090975
23.139	0.0	0.0	-3.868550000000001
23.224	0.0	0.0	-3.6445500000000006
23.307	0.0	0.0	-3.0413250000000005
23.391	0.0	0.0	-2.433725
23.476	0.0	0.0	-1.820525
23.561	0.0	0.0	-1.2027925000000002
23.644	0.0	0.0	-0.5569200000000001
23.728	0.0	0.0	0.0938315
23.812	0.0	0.0	0.7511525
23.897	0.0	0.0	1.41358
23.98	0.0	0.0	1.7900750000000003
24.064	0.0	0.0	2.16965
24.149	0.0	0.0	2.553075
24.234	0.0	0.0	2.939825
24.317	0.0	0.0	2.916200000000001
24.401	0.0	0.0	2.892575
24.485	0.0	0.0	2.8686
24.571	0.0	0.0	2.84445
24.654	0.0	0.0	2.5081000000000007
24.737	0.0	0.0	2.1686000000000005
24.822	0.0	0.0	1.8252499999999998
24.907	0.0	0.0	1.4786275000000004
24.99	0.0	0.0	1.0527125000000002
25.074	0.0	0.0	0.6227725000000001
25.158	0.0	0.0	0.18739
25.244	0.0	0.0	-0.25219250000000004
25.327	0.0	0.0	-0.5463850000000001
25.41	0.0	0.0	-0.8435
25.495	0.0	0.0	-1.14457
25.58	0.0	0.0	-1.448685
25.663	0.0	0.0	-1.5043
25.747	0.0	0.0	-1.5605100000000003
25.831	0.0	0.0	-1.61749
25.917	0.0	0.0	-1.675065
26.0	0.0	0.0	-1.53006
26.083	0.0	0.0	-1.3834625000000003
26.168	0.0	0.0	-1.23473
26.254	0.0	0.0	-1.084335
26.336	0.0	0.0	-0.8681225
26.42	0.0	0.0	-0.649425
26.504	0.0	0.0	-0.42742
26.59	0.0	0.0	-0.20286
26.673	0.0	0.0	-0.04443425000000001
26.756	0.0	0.0	0.115878
26.841	0.0	0.0	0.27874
26.927	0.0	0.0	0.44357250000000004
27.009	0.0	0.0	0.48685
27.093	0.0	0.0	0.53067
27.177	0.0	0.0	0.575225
27.263	0.0	0.0	0.6203225000000001
27.346	0.0	0.0	0.5748400000000001
27.429	0.0	0.0	0.5287450000000001
27.514	0.0	0.0	0.4818625000000001
27.6	0.0	0.0	0.4343675
27.682	0.0	0.0	0.36585500000000004
27.766	0.0	0.0	0.29643250000000004
27.851	0.0	0.0	0.2257675
27.937	0.0	0.0	0.15414525
28.019	0.0	0.0	0.09928275
28.102	0.0	0.0	0.04364325000000001
28.187	0.0	0.0	-0.013046950000000002
28.273	0.0	0.0	-0.07055650000000001
28.355	0.0	0.0	-0.12292875
28.439	0.0	0.0	-0.17605
28.524	0.0	0.0	-0.2301775
28.61	0.0	0.0	-0.28504000000000007
28.692	0.0	0.0	-0.32268250000000004
28.775	0.0	0.0	-0.36088500000000007
28.86	0.0	0.0	-0.39984000000000003
28.946	0.0	0.0	-0.43942500000000007
29.028	0.0	0.0	-0.423115
29.112	0.0	0.0	-0.40654250000000003
29.197	0.0	0.0	-0.3896375
29.283	0.0	0.0	-0.3724875000000001
29.365	0.0	0.0	-0.29002750000000005
29.448	0.0	0.0	-0.206325
29.533	0.0	0.0	-0.12088125
29.619	0.0	0.0	-0.034027
29.701	0.0	0.0	0.07836850000000001
29.784	0.0	0.0	0.19276250000000006
29.869	0.0	0.0	0.30975
29.956	0.0	0.0	0.42871500000000007
30.038	0.0	0.0	0.5058375
30.121	0.0	0.0	0.5842375000000001
30.207	0.0	0.0	0.6643175
30.293	0.0	0.0	0.7456575000000001
30.375	0.0	0.0	0.7352100000000001
30.458	0.0	0.0	0.7245875
30.543	0.0	0.0	0.71372
30.629	0.0	0.0	0.7026425000000001
30.711	0.0	0.0	0.6009325000000001
30.794	0.0	0.0	0.49731500000000006
30.879	0.0	0.0	0.3912300000000001
30.966	0.0	0.0	0.28332500000000005
31.048	0.0	0.0	0.14035175000000003
31.13	0.0	0.0	-0.005165300000000001
31.215	0.0	0.0	-0.15420650000000002
31.302	0.0	0.0	-0.3060400000000001
31.384	0.0	0.0	-0.41552
31.467	0.0	0.0	-0.5272225
31.552	0.0	0.0	-0.64183
31.639	0.0	0.0	-0.7586425
31.721	0.0	0.0	-0.776825
31.804	0.0	0.0	-0.79534
31.889	0.0	0.0	-0.8143275000000001
31.976	0.0	0.0	-0.8336650000000001
32.057	0.0	0.0	-0.7528325
32.14	0.0	0.0	-0.670425
32.225	0.0	0.0	-0.5857950000000001
32.312	0.0	0.0	-0.49943250000000006
32.393	0.0	0.0	-0.36401750000000005
32.477	0.0	0.0	-0.2256975
32.562	0.0	0.0	-0.08364475000000002
32.649	0.0	0.0	0.06117825
32.73	0.0	0.0	0.18000500000000003
32.813	0.0	0.0	0.30124500000000004
32.898	0.0	0.0	0.4258100000000001
32.985	0.0	0.0	0.553035
33.066	0.0	0.0	0.5982550000000001
33.149	0.0	0.0	0.6445075
33.235	0.0	0.0	0.692125
33.322	0.0	0.0	0.7407575
33.403	0.0	0.0	0.69706
33.486	0.0	0.0	0.6524000000000001
33.572	0.0	0.0	0.6065150000000001
33.659	0.0	0.0	0.5596675000000001
33.74	0.0	0.0	0.4358375
33.823	0.0	0.0	0.309225
33.908	0.0	0.0	0.17879750000000003
33.995	0.0	0.0	0.045388000000000005
34.076	0.0	0.0	0.012758375
34.159	0.0	0.0	-0.02065525
34.245	0.0	0.0	-0.055081250000000005
34.332	0.0	0.0	-0.090258
34.413	0.0	0.0	-0.10666250000000001
34.495	0.0	0.0	-0.12344850000000002
34.581	0.0	0.0	-0.14075425000000003
34.668	0.0	0.0	-0.15847475
34.749	0.0	0.0	-0.15425025000000003
34.832	0.0	0.0	-0.14992250000000001
34.917	0.0	0.0	-0.14545475000000002
35.005	0.0	0.0	-0.14088725000000002
35.086	0.0	0.0	-0.12243175000000002
35.168	0.0	0.0	-0.10353350000000001
35.254	0.0	0.0	-0.08402625
35.341	0.0	0.0	-0.06404125000000001
35.422	0.0	0.0	-0.043246
35.505	0.0	0.0	-0.02189775
35.59	0.0	0.0	0.000176995
35.678	0.0	0.0	0.0228025
35.759	0.0	0.0	0.035687750000000004
35.842	0.0	0.0	0.048900250000000006
35.927	0.0	0.0	0.06254325
36.015	0.0	0.0	0.07651175000000002
36.095	0.0	0.0	0.07756175
36.178	0.0	0.0	0.07863800000000001
36.263	0.0	0.0	0.079751
36.351	0.0	0.0	0.08089550000000001
36.432	0.0	0.0	0.07306425000000001
36.514	0.0	0.0	0.065016
36.6	0.0	0.0	0.05668599999999999
36.688	0.0	0.0	0.048147749999999996
36.768	0.0	0.0	0.0378105
36.851	0.0	0.0	0.02719675
36.936	0.0	0.0	0.0162057
37.024	0.0	0.0	0.004919775000000001
37.104	0.0	0.0	-0.0024256750000000004
37.187	0.0	0.0	-0.00998655
37.273	0.0	0.0	-0.017829
37.361	0.0	0.0	-0.025886
37.442	0.0	0.0	-0.02814525
37.524	0.0	0.0	-0.0304675
37.61	0.0	0.0	-0.03287375000000001
37.698	0.0	0.0	-0.035343000000000006
37.778	0.0	0.0	-0.0335265
37.86	0.0	0.0	-0.031657500000000005
37.946	0.0	0.0	-0.029716750000000007
38.034	0.0	0.0	-0.027721750000000003
38.114	0.0	0.0	-0.023709000000000004
38.197	0.0	0.0	-0.01957375
38.283	0.0	0.0	-0.015279425000000001
38.371	0.0	0.0	-0.0108675
38.451	0.0	0.0	-0.005955425
38.533	0.0	0.0	-0.0008987474999999999
38.619	0.0	0.0	0.004354350000000001
38.707	0.0	0.0	0.009760975000000002
38.787	0.0	0.0	0.014166425000000002
38.87	0.0	0.0	0.01871275
38.956	0.0	0.0	0.02344475
39.044	0.0	0.0	0.028315
39.124	0.0	0.0	0.03007025
39.207	0.0	0.0	0.03187975
39.293	0.0	0.0	0.033759250000000005
39.381	0.0	0.0	0.035693
39.461	0.0	0.0	0.03316075000000001
39.543	0.0	0.0	0.03054975
39.629	0.0	0.0	0.02783025
39.717	0.0	0.0	0.02502675
39.797	0.0	0.0	0.01868125
39.879	0.0	0.0	0.01212505
39.965	0.0	0.0	0.005295500000000001
40.054	0.0	0.0	-0.0017378375
40.134	0.0	0.0	-0.008965250000000001
40.216	0.0	0.0	-0.016424625
40.302	0.0	0.0	-0.024199000000000002
40.39	0.0	0.0	-0.03221925
40.47	0.0	0.0	-0.03641400000000001
40.552	0.0	0.0	-0.040754000000000005
40.638	0.0	0.0	-0.0452865
40.727	0.0	0.0	-0.04996250000000001
40.807	0.0	0.0	-0.048413750000000005
40.889	0.0	0.0	-0.046810750000000005
40.975	0.0	0.0	-0.04514125
41.064	0.0	0.0	-0.04341925
41.143	0.0	0.0	-0.03641225000000001
41.226	0.0	0.0	-0.029167250000000002
41.311	0.0	0.0	-0.02159675
41.4	0.0	0.0	-0.013774075
41.48	0.0	0.0	-0.004579925
41.562	0.0	0.0	0.004943575
41.648	0.0	0.0	0.014895475000000002
41.737	0.0	0.0	0.025166749999999998
41.816	0.0	0.0	0.0318185
41.898	0.0	0.0	0.038703
41.984	0.0	0.0	0.045902500000000006
42.073	0.0	0.0	0.053347
42.152	0.0	0.0	0.053928
42.235	0.0	0.0	0.05453
42.321	0.0	0.0	0.055158250000000006
42.41	0.0	0.0	0.055809250000000005
42.489	0.0	0.0	0.04987325000000001
42.571	0.0	0.0	0.043723750000000006
42.657	0.0	0.0	0.03728725000000001
42.746	0.0	0.0	0.030625000000000003
42.825	0.0	0.0	0.02112775
42.907	0.0	0.0	0.011263000000000002
42.994	0.0	0.0	0.0009184175
43.083	0.0	0.0	-0.009790900000000002
43.162	0.0	0.0	-0.018053
43.245	0.0	0.0	-0.026622750000000004
43.331	0.0	0.0	-0.035598500000000005
43.42	0.0	0.0	-0.044880500000000004
43.499	0.0	0.0	-0.047761
43.581	0.0	0.0	-0.05075175
43.667	0.0	0.0	-0.05388950000000001
43.756	0.0	0.0	-0.057142750000000006
43.835	0.0	0.0	-0.05343275
43.917	0.0	0.0	-0.04957400000000001
44.004	0.0	0.0	-0.045524499999999996
44.093	0.0	0.0	-0.0413315
44.172	0.0	0.0	-0.03321325000000001
44.254	0.0	0.0	-0.02478
44.34	0.0	0.0	-0.015922375000000002
44.429	0.0	0.0	-0.006735925000000001
44.508	0.0	0.0	0.0015187200000000003
44.59	0.0	0.0	0.010114650000000001
44.676	0.0	0.0	0.019159000000000002
44.766	0.0	0.0	0.028542500000000002
44.845	0.0	0.0	0.032884250000000004
44.927	0.0	0.0	0.03739925
45.014	0.0	0.0	0.04214350000000001
45.103	0.0	0.0	0.047061
45.182	0.0	0.0	0.04575025
45.263	0.0	0.0	0.04438700000000001
45.35	0.0	0.0	0.04295025
45.439	0.0	0.0	0.04145925
45.518	0.0	0.0	0.0357945
45.6	0.0	0.0	0.029890000000000003
45.686	0.0	0.0	0.023672250000000002
45.776	0.0	0.0	0.017218775000000006
45.855	0.0	0.0	0.010543225000000002
45.936	0.0	0.0	0.003590825
46.022	0.0	0.0	-0.003735025
46.112	0.0	0.0	-0.011350325
46.191	0.0	0.0	-0.0156709
46.272	0.0	0.0	-0.020182750000000003
46.359	0.0	0.0	-0.0249445
46.449	0.0	0.0	-0.02989525
46.528	0.0	0.0	-0.030182250000000004
46.61	0.0	0.0	-0.030481499999999998
46.696	0.0	0.0	-0.030796499999999997
46.786	0.0	0.0	-0.031123750000000006
46.864	0.0	0.0	-0.02804725
46.946	0.0	0.0	-0.024837750000000002
47.032	0.0	0.0	-0.021448000000000002
47.122	0.0	0.0	-0.017918250000000004
47.2	0.0	0.0	-0.013726475
47.282	0.0	0.0	-0.009345525
47.369	0.0	0.0	-0.0047174750000000005
47.459	0.0	0.0	9.608025e-05
47.537	0.0	0.0	0.003048325
47.619	0.0	0.0	0.006132
47.705	0.0	0.0	0.009392600000000001
47.795	0.0	0.0	0.0127904
47.873	0.0	0.0	0.013398
47.955	0.0	0.0	0.014033950000000002
48.042	0.0	0.0	0.014706825000000001
48.132	0.0	0.0	0.015407175
48.21	0.0	0.0	0.014127400000000002
48.292	0.0	0.0	0.012789525000000001
48.378	0.0	0.0	0.011373250000000001
48.468	0.0	0.0	0.009896600000000002
48.546	0.0	0.0	0.00813995
48.628	0.0	0.0	0.0062986000000000006
48.715	0.0	0.0	0.004346475000000001
48.805	0.0	0.0	0.0023101750000000002
48.883	0.0	0.0	0.0013164900000000002
48.965	0.0	0.0	0.00027634250000000007
49.052	0.0	0.0	-0.0008251075
49.142	0.0	0.0	-0.0019727750000000004
49.22	0.0	0.0	-0.0020062
49.301	0.0	0.0	-0.002041025
49.388	0.0	0.0	-0.002078125
49.478	0.0	0.0	-0.0021168000000000003
49.556	0.0	0.0	-0.0022865500000000005
49.638	0.0	0.0	-0.002464875
49.724	0.0	0.0	-0.0026538750000000004
49.815	0.0	0.0	-0.0028512750000000003
49.893	0.0	0.0	-0.00286545
49.974	0.0	0.0	-0.0028801500000000006
50.061	0.0	0.0	-0.0028959000000000003
50.151	0.0	0.0	-0.002912175
50.229	0.0	0.0	-0.00200935
50.31	0.0	0.0	-0.0010605000000000002
50.397	0.0	0.0	-5.1240000000000004e-05
50.488	0.0	0.0	0.0010038525000000001
50.566	0.0	0.0	0.0024580500000000003
50.648	0.0	0.0	0.003984575000000001
50.734	0.0	0.0	0.00560595
50.825	0.0	0.0	0.007299424999999999
50.902	0.0	0.0	0.008287475
50.984	0.0	0.0	0.009325225000000001
51.07	0.0	0.0	0.01043
51.161	0.0	0.0	0.011586575000000002
51.239	0.0	0.0	0.01123115
51.32	0.0	0.0	0.010857175
51.407	0.0	0.0	0.010458875000000001
51.498	0.0	0.0	0.01004255
51.575	0.0	0.0	0.008260350000000001
51.657	0.0	0.0	0.006386975000000001
51.743	0.0	0.0	0.004391275000000001
51.834	0.0	0.0	0.0023009000000000003
51.911	0.0	0.0	-6.502649999999999e-05
51.993	0.0	0.0	-0.002558325
52.08	0.0	0.0	-0.005218850000000001
52.171	0.0	0.0	-0.008006425000000001
52.249	0.0	0.0	-0.009655275
52.33	0.0	0.0	-0.011390750000000002
52.417	0.0	0.0	-0.013240150000000003
52.508	0.0	0.0	-0.015176000000000002
52.585	0.0	0.0	-0.015129450000000003
52.666	0.0	0.0	-0.015080625
52.753	0.0	0.0	-0.015028475000000003
52.844	0.0	0.0	-0.014973525000000001
52.921	0.0	0.0	-0.013186775000000001
53.003	0.0	0.0	-0.0113015
53.09	0.0	0.0	-0.00928795
53.181	0.0	0.0	-0.007177800000000001
53.258	0.0	0.0	-0.004571175000000001
53.339	0.0	0.0	-0.001823675
53.426	0.0	0.0	0.0011126675
53.517	0.0	0.0	0.004194925
53.594	0.0	0.0	0.00627725
53.675	0.0	0.0	0.008477700000000001
53.763	0.0	0.0	0.010833200000000001
53.854	0.0	0.0	0.013306650000000001
53.931	0.0	0.0	0.013828675
54.013	0.0	0.0	0.014379575000000002
54.1	0.0	0.0	0.014968450000000001
54.191	0.0	0.0	0.015586375000000003
54.268	0.0	0.0	0.014372225000000002
54.349	0.0	0.0	0.013089650000000001
54.436	0.0	0.0	0.011715550000000002
54.527	0.0	0.0	0.010270925
54.604	0.0	0.0	0.00803145
54.685	0.0	0.0	0.0056621250000000005
54.772	0.0	0.0	0.003123575
54.864	0.0	0.0	0.00045753750000000006
54.941	0.0	0.0	-0.0016331350000000002
55.022	0.0	0.0	-0.0038431750000000008
55.109	0.0	0.0	-0.006213550000000001
55.2	0.0	0.0	-0.00870765
55.277	0.0	0.0	-0.009675225000000003
55.358	0.0	0.0	-0.010700025
55.445	0.0	0.0	-0.01179955
55.537	0.0	0.0	-0.01295525
55.614	0.0	0.0	-0.012454400000000003
55.695	0.0	0.0	-0.011924325000000003
55.781	0.0	0.0	-0.011355225
55.873	0.0	0.0	-0.010756025
55.95	0.0	0.0	-0.0091721
56.031	0.0	0.0	-0.00749175
56.118	0.0	0.0	-0.005684700000000001
56.21	0.0	0.0	-0.0037817500000000004
56.287	0.0	0.0	-0.001944425
56.368	0.0	0.0	2.1105e-06
56.455	0.0	0.0	0.00209265
56.547	0.0	0.0	0.004292225
56.623	0.0	0.0	0.005516350000000001
56.704	0.0	0.0	0.0068145
56.791	0.0	0.0	0.0082117
56.883	0.0	0.0	0.009685025000000002
56.959	0.0	0.0	0.009803850000000001
57.041	0.0	0.0	0.009930025
57.128	0.0	0.0	0.010066
57.22	0.0	0.0	0.010208975000000002
57.296	0.0	0.0	0.00924105
57.377	0.0	0.0	0.0082138
57.464	0.0	0.0	0.007107625
57.556	0.0	0.0	0.005940200000000001
57.632	0.0	0.0	0.004378325
57.713	0.0	0.0	0.0027165250000000004
57.801	0.0	0.0	0.0009238425000000001
57.893	0.0	0.0	-0.0009682400000000001
57.969	0.0	0.0	-0.0023852500000000002
58.05	0.0	0.0	-0.003890775
58.138	0.0	0.0	-0.005512850000000001
58.23	0.0	0.0	-0.007223125
58.306	0.0	0.0	-0.007823025
58.387	0.0	0.0	-0.0084609
58.474	0.0	0.0	-0.009149700000000002
58.566	0.0	0.0	-0.009877700000000001
58.642	0.0	0.0	-0.009390325000000001
58.723	0.0	0.0	-0.008871450000000001
58.811	0.0	0.0	-0.0083111
58.903	0.0	0.0	-0.007719425
58.979	0.0	0.0	-0.006403075000000001
59.06	0.0	0.0	-0.005002200000000001
59.147	0.0	0.0	-0.003488625
59.239	0.0	0.0	-0.0018882500000000002
59.315	0.0	0.0	-0.00041203750000000003
59.396	0.0	0.0	0.0011627175000000001
59.483	0.0	0.0	0.0028670250000000005
59.576	0.0	0.0	0.0046697
59.652	0.0	0.0	0.0055642999999999995
59.733	0.0	0.0	0.006517350000000001
59.821	0.0	0.0	0.007547575000000001
59.913	0.0	0.0	0.008636075000000002
59.989	0.0	0.0	0.008531425
60.069	0.0	0.0	0.00841995
60.157	0.0	0.0	0.008299025000000002
60.249	0.0	0.0	0.008170925
60.325	0.0	0.0	0.007202475
60.406	0.0	0.0	0.006168225000000001
60.493	0.0	0.0	0.0050477000000000005
60.586	0.0	0.0	0.003862425
60.661	0.0	0.0	0.002615725
60.742	0.0	0.0	0.0012853050000000003
60.829	0.0	0.0	-0.000157402
60.922	0.0	0.0	-0.0016865275
60.998	0.0	0.0	-0.002545375
61.078	0.0	0.0	-0.0034636
61.166	0.0	0.0	-0.0044597000000000005
61.259	0.0	0.0	-0.005514425000000001
61.334	0.0	0.0	-0.005615225000000001
61.415	0.0	0.0	-0.0057230250000000005
61.502	0.0	0.0	-0.005839750000000001
61.595	0.0	0.0	-0.005963825000000001
61.67	0.0	0.0	-0.005425000000000001
61.751	0.0	0.0	-0.004848025000000001
61.839	0.0	0.0	-0.004220650000000001
61.932	0.0	0.0	-0.0035551249999999997
62.008	0.0	0.0	-0.002820475
62.088	0.0	0.0	-0.0020347250000000002
62.176	0.0	0.0	-0.0011815825
62.269	0.0	0.0	-0.00027741
62.344	0.0	0.0	0.00024199000000000003
62.425	0.0	0.0	0.0007980525
62.512	0.0	0.0	0.0014031500000000001
62.605	0.0	0.0	0.002045925
62.68	0.0	0.0	0.002279375
62.761	0.0	0.0	0.0025298
62.849	0.0	0.0	0.002802275
62.942	0.0	0.0	0.0030912
63.017	0.0	0.0	0.0031146500000000005
63.097	0.0	0.0	0.0031396750000000006
63.185	0.0	0.0	0.0031668000000000004
63.278	0.0	0.0	0.00319585
63.353	0.0	0.0	0.002851975
63.434	0.0	0.0	0.0024829000000000006
63.522	0.0	0.0	0.0020800500000000004
63.615	0.0	0.0	0.0016520175
63.69	0.0	0.0	0.0008150800000000001
63.771	0.0	0.0	-8.2656e-05
63.859	0.0	0.0	-0.0010605875
63.952	0.0	0.0	-0.0020991250000000003
64.027	0.0	0.0	-0.0031115
64.107	0.0	0.0	-0.0041986
64.195	0.0	0.0	-0.005385275
64.288	0.0	0.0	-0.0066486
64.363	0.0	0.0	-0.007174125000000002
64.444	0.0	0.0	-0.0077392
64.531	0.0	0.0	-0.00835625
64.625	0.0	0.0	-0.00901215
64.7	0.0	0.0	-0.008470875000000003
64.78	0.0	0.0	-0.00788935
64.868	0.0	0.0	-0.007253925000000001
64.961	0.0	0.0	-0.0065772
65.036	0.0	0.0	-0.00495285
65.116	0.0	0.0	-0.0032032000000000007
65.204	0.0	0.0	-0.0012886125000000001
65.298	0.0	0.0	0.0007510300000000001
65.373	0.0	0.0	0.002750125
65.453	0.0	0.0	0.0049007
65.541	0.0	0.0	0.007250950000000001
65.635	0.0	0.0	0.009752050000000002
65.709	0.0	0.0	0.01099035
65.79	0.0	0.0	0.0123235
65.877	0.0	0.0	0.013783700000000001
65.971	0.0	0.0	0.015341550000000002
66.046	0.0	0.0	0.014942900000000002
66.126	0.0	0.0	0.014512925000000003
66.214	0.0	0.0	0.014042000000000002
66.308	0.0	0.0	0.013540275
66.382	0.0	0.0	0.011456725
66.462	0.0	0.0	0.009211475
66.55	0.0	0.0	0.0067508
66.644	0.0	0.0	0.004124400000000001
66.718	0.0	0.0	0.00128128
66.799	0.0	0.0	-0.001790075
66.887	0.0	0.0	-0.005161625
66.981	0.0	0.0	-0.008761025000000002
67.056	0.0	0.0	-0.010892875000000002
67.136	0.0	0.0	-0.0131929
67.224	0.0	0.0	-0.015714475
67.318	0.0	0.0	-0.018403000000000003
67.392	0.0	0.0	-0.018606
67.472	0.0	0.0	-0.018823000000000003
67.56	0.0	0.0	-0.01906275
67.654	0.0	0.0	-0.019320000000000004
67.728	0.0	0.0	-0.017364550000000003
67.809	0.0	0.0	-0.015250550000000002
67.897	0.0	0.0	-0.012927600000000001
67.991	0.0	0.0	-0.0104475
68.065	0.0	0.0	-0.007275625000000001
68.145	0.0	0.0	-0.0038472000000000003
68.233	0.0	0.0	-7.631400000000002e-05
68.327	0.0	0.0	0.003957625
68.401	0.0	0.0	0.006745025
68.481	0.0	0.0	0.0097636
68.57	0.0	0.0	0.013084925
68.664	0.0	0.0	0.0166341
68.738	0.0	0.0	0.017599750000000004
68.818	0.0	0.0	0.018646250000000003
68.906	0.0	0.0	0.019796
69.0	0.0	0.0	0.021028
69.074	0.0	0.0	0.019719
69.154	0.0	0.0	0.018299750000000004
69.242	0.0	0.0	0.01673385
69.337	0.0	0.0	0.015057525
69.411	0.0	0.0	0.012202225
69.491	0.0	0.0	0.009109450000000002
69.58	0.0	0.0	0.00570325
69.674	0.0	0.0	0.002059925
69.748	0.0	0.0	-0.0008133475
69.827	0.0	0.0	-0.003928925000000001
69.916	0.0	0.0	-0.007367675000000001
70.01	0.0	0.0	-0.011054575
70.084	0.0	0.0	-0.012538575000000001
70.164	0.0	0.0	-0.01415015
70.252	0.0	0.0	-0.015929200000000004
70.347	0.0	0.0	-0.01783425
70.421	0.0	0.0	-0.017320975000000002
70.5	0.0	0.0	-0.016764125
70.588	0.0	0.0	-0.016149175
70.683	0.0	0.0	-0.015489425000000001
70.757	0.0	0.0	-0.013460125
70.837	0.0	0.0	-0.011252325000000002
70.925	0.0	0.0	-0.008809850000000001
71.02	0.0	0.0	-0.006189575000000001
71.094	0.0	0.0	-0.003831275
71.174	0.0	0.0	-0.0012694325000000002
71.262	0.0	0.0	0.0015611750000000001
71.357	0.0	0.0	0.004594975
71.43	0.0	0.0	0.006069350000000001
71.51	0.0	0.0	0.0076727
71.598	0.0	0.0	0.009448075000000002
71.693	0.0	0.0	0.0113554
71.766	0.0	0.0	0.011400725
71.846	0.0	0.0	0.0114499
71.935	0.0	0.0	0.011504325000000001
72.03	0.0	0.0	0.011562775
72.103	0.0	0.0	0.010452750000000002
72.183	0.0	0.0	0.009244550000000002
72.271	0.0	0.0	0.007905800000000001
72.366	0.0	0.0	0.006466775000000001
72.439	0.0	0.0	0.005015500000000001
72.519	0.0	0.0	0.0034319249999999997
72.608	0.0	0.0	0.0016744875
72.703	0.0	0.0	-0.0002149175
72.776	0.0	0.0	-0.0012133975
72.856	0.0	0.0	-0.0023012500000000003
72.945	0.0	0.0	-0.003507175
73.04	0.0	0.0	-0.00480235
73.113	0.0	0.0	-0.005006225
73.192	0.0	0.0	-0.005228650000000001
73.281	0.0	0.0	-0.00547575
73.376	0.0	0.0	-0.00574175
73.449	0.0	0.0	-0.005343625
73.529	0.0	0.0	-0.004908575000000001
73.618	0.0	0.0	-0.0044254
73.713	0.0	0.0	-0.003906
73.786	0.0	0.0	-0.003294725
73.865	0.0	0.0	-0.0026274500000000004
73.954	0.0	0.0	-0.001885275
74.049	0.0	0.0	-0.001085875
74.122	0.0	0.0	-0.00046576250000000005
74.202	0.0	0.0	0.0002125025
74.29	0.0	0.0	0.000967015
74.386	0.0	0.0	0.0017790500000000001
74.459	0.0	0.0	0.0023275000000000006
74.538	0.0	0.0	0.0029268750000000002
74.627	0.0	0.0	0.0035941500000000004
74.722	0.0	0.0	0.0043134
74.795	0.0	0.0	0.004539325
74.874	0.0	0.0	0.004786950000000001
74.963	0.0	0.0	0.005062925000000001
75.059	0.0	0.0	0.005360425000000001
75.132	0.0	0.0	0.004960900000000001
75.212	0.0	0.0	0.004523750000000001
75.3	0.0	0.0	0.0040369
75.396	0.0	0.0	0.0035126000000000003
75.468	0.0	0.0	0.0025044250000000002
75.548	0.0	0.0	0.0014001225
75.636	0.0	0.0	0.00016774975000000003
75.732	0.0	0.0	-0.00116277
75.805	0.0	0.0	-0.0023290750000000003
75.884	0.0	0.0	-0.0036085
75.973	0.0	0.0	-0.005036325000000001
76.069	0.0	0.0	-0.006575975
76.141	0.0	0.0	-0.007212625
76.221	0.0	0.0	-0.007910525000000002
76.309	0.0	0.0	-0.008689974999999999
76.405	0.0	0.0	-0.009531725000000001
76.477	0.0	0.0	-0.009153375000000002
76.557	0.0	0.0	-0.008737575000000001
76.646	0.0	0.0	-0.008272425000000002
76.742	0.0	0.0	-0.007770000000000001
76.815	0.0	0.0	-0.00642425
76.894	0.0	0.0	-0.0049476
76.983	0.0	0.0	-0.0032980500000000003
77.079	0.0	0.0	-0.00151774
77.151	0.0	0.0	0.00015561
77.23	0.0	0.0	0.00199395
77.319	0.0	0.0	0.004052125
77.415	0.0	0.0	0.006278825
77.487	0.0	0.0	0.007409150000000001
77.567	0.0	0.0	0.00865305
77.656	0.0	0.0	0.010045525
77.752	0.0	0.0	0.011550000000000001
77.824	0.0	0.0	0.0114884
77.903	0.0	0.0	0.011420675
77.992	0.0	0.0	0.011344900000000002
78.088	0.0	0.0	0.011262825
78.16	0.0	0.0	0.009980250000000001
78.239	0.0	0.0	0.008566775000000002
78.329	0.0	0.0	0.006980575
78.425	0.0	0.0	0.005263475
78.497	0.0	0.0	0.0033775000000000003
78.577	0.0	0.0	0.0013015275000000002
78.666	0.0	0.0	-0.0010248875
78.762	0.0	0.0	-0.0035409500000000006
78.834	0.0	0.0	-0.005064850000000001
78.913	0.0	0.0	-0.006744150000000001
79.002	0.0	0.0	-0.008630475000000002
79.098	0.0	0.0	-0.010675175000000002
79.17	0.0	0.0	-0.011077675
79.249	0.0	0.0	-0.011522
79.338	0.0	0.0	-0.012021100000000002
79.435	0.0	0.0	-0.0125615
79.507	0.0	0.0	-0.011652900000000002
79.586	0.0	0.0	-0.010651025
79.675	0.0	0.0	-0.009524900000000003
79.771	0.0	0.0	-0.0083034
79.843	0.0	0.0	-0.006564775000000002
79.922	0.0	0.0	-0.004642575
80.011	0.0	0.0	-0.0024787000000000003
80.108	0.0	0.0	-0.00013158775000000002
80.18	0.0	0.0	0.0015582350000000003
80.259	0.0	0.0	0.003423875
80.348	0.0	0.0	0.00552125
80.445	0.0	0.0	0.007794325
80.516	0.0	0.0	0.008604400000000002
80.595	0.0	0.0	0.0094997
80.684	0.0	0.0	0.010508575000000001
80.781	0.0	0.0	0.011604425000000002
80.853	0.0	0.0	0.0111958
80.932	0.0	0.0	0.010743425000000001
81.021	0.0	0.0	0.010233825
81.118	0.0	0.0	0.009680825
81.189	0.0	0.0	0.008324925
81.268	0.0	0.0	0.006824825
81.357	0.0	0.0	0.00513275
81.454	0.0	0.0	0.0032935
81.525	0.0	0.0	0.0016984625000000001
81.605	0.0	0.0	-6.959575000000001e-05
81.694	0.0	0.0	-0.002064475
81.791	0.0	0.0	-0.00423045
81.862	0.0	0.0	-0.005281500000000001
81.941	0.0	0.0	-0.006445250000000001
82.03	0.0	0.0	-0.007759500000000001
82.127	0.0	0.0	-0.0091889
82.198	0.0	0.0	-0.009242625
82.277	0.0	0.0	-0.009302125000000001
82.367	0.0	0.0	-0.009369500000000003
82.464	0.0	0.0	-0.009442825
82.535	0.0	0.0	-0.008551375
82.615	0.0	0.0	-0.007563149999999999
82.704	0.0	0.0	-0.006447000000000001
82.801	0.0	0.0	-0.005234075
82.872	0.0	0.0	-0.00390915
82.951	0.0	0.0	-0.0024384500000000004
83.04	0.0	0.0	-0.0007737625000000001
83.137	0.0	0.0	0.00103957
83.208	0.0	0.0	0.0021399000000000006
83.287	0.0	0.0	0.003363325
83.377	0.0	0.0	0.004748100000000001
83.474	0.0	0.0	0.0062545000000000005
83.545	0.0	0.0	0.0066288250000000005
83.624	0.0	0.0	0.0070447999999999995
83.713	0.0	0.0	0.007515900000000001
83.81	0.0	0.0	0.00802935
83.881	0.0	0.0	0.007577499999999999
83.96	0.0	0.0	0.007074200000000001
84.049	0.0	0.0	0.006503350000000001
84.147	0.0	0.0	0.0058812249999999995
84.218	0.0	0.0	0.004901575
84.297	0.0	0.0	0.0038122
84.387	0.0	0.0	0.0025779250000000004
84.484	0.0	0.0	0.0012340125000000002
84.555	0.0	0.0	0.00025642750000000005
84.633	0.0	0.0	-0.0008321250000000001
84.723	0.0	0.0	-0.002068325
84.82	0.0	0.0	-0.0034175750000000004
84.891	0.0	0.0	-0.003938025
84.97	0.0	0.0	-0.004518500000000001
85.059	0.0	0.0	-0.005177725
85.157	0.0	0.0	-0.0058961000000000005
85.228	0.0	0.0	-0.005772375000000001
85.306	0.0	0.0	-0.005634300000000001
85.395	0.0	0.0	-0.005477500000000001
85.493	0.0	0.0	-0.005306350000000001
85.564	0.0	0.0	-0.004690875000000001
85.642	0.0	0.0	-0.0040033000000000004
85.732	0.0	0.0	-0.0032207
85.83	0.0	0.0	-0.002366
85.901	0.0	0.0	-0.0016254000000000002
85.98	0.0	0.0	-0.0007991025000000002
86.069	0.0	0.0	0.00014014175000000002
86.167	0.0	0.0	0.00116487
86.237	0.0	0.0	0.0016535575
86.316	0.0	0.0	0.0021994000000000002
86.405	0.0	0.0	0.0028213500000000002
86.503	0.0	0.0	0.0035014
86.573	0.0	0.0	0.0035572250000000002
86.652	0.0	0.0	0.0036197000000000004
86.742	0.0	0.0	0.0036909250000000007
86.84	0.0	0.0	0.0037686250000000007
86.91	0.0	0.0	0.00345555
86.989	0.0	0.0	0.003105375
87.078	0.0	0.0	0.0027060250000000004
87.176	0.0	0.0	0.0022692250000000006
87.246	0.0	0.0	0.0018229750000000003
87.325	0.0	0.0	0.001323175
87.415	0.0	0.0	0.0007530600000000001
87.513	0.0	0.0	0.00012985175
87.583	0.0	0.0	-0.00019698
87.661	0.0	0.0	-0.000562765
87.751	0.0	0.0	-0.00098035
87.849	0.0	0.0	-0.0014375899999999999
87.919	0.0	0.0	-0.0015194900000000003
87.998	0.0	0.0	-0.001611365
88.088	0.0	0.0	-0.0017164175000000002
88.186	0.0	0.0	-0.00183155
88.256	0.0	0.0	-0.0017067925000000001
88.335	0.0	0.0	-0.0015670900000000001
88.425	0.0	0.0	-0.0014075950000000002
88.523	0.0	0.0	-0.001233085
88.593	0.0	0.0	-0.0010463075000000002
88.671	0.0	0.0	-0.000836745
88.761	0.0	0.0	-0.000596925
88.859	0.0	0.0	-0.00033393500000000005
88.929	0.0	0.0	-0.000216825
89.008	0.0	0.0	-8.5232e-05
89.097	0.0	0.0	6.535025e-05
89.196	0.0	0.0	0.000230265
89.266	0.0	0.0	0.000249445
89.344	0.0	0.0	0.00027095250000000004
89.434	0.0	0.0	0.0002956100000000001
89.532	0.0	0.0	0.00032264749999999997
89.602	0.0	0.0	0.00033605250000000005
89.68	0.0	0.0	0.0003511375
89.77	0.0	0.0	0.000368445
89.869	0.0	0.0	0.0003874325
89.939	0.0	0.0	0.000385805
90.017	0.0	0.0	0.00038400250000000005
90.107	0.0	0.0	0.00038192000000000006
90.206	0.0	0.0	0.0003796275
90.275	0.0	0.0	0.0002856525
90.354	0.0	0.0	0.000179865
90.443	0.0	0.0	5.8415e-05
90.542	0.0	0.0	-7.503125000000001e-05
90.612	0.0	0.0	-0.00023572500000000005
90.69	0.0	0.0	-0.00041685
90.78	0.0	0.0	-0.000624785
90.879	0.0	0.0	-0.0008529850000000001
90.948	0.0	0.0	-0.0009761675000000001
91.027	0.0	0.0	-0.0011149250000000001
91.116	0.0	0.0	-0.00127435
91.215	0.0	0.0	-0.0014496125000000002
91.284	0.0	0.0	-0.0014295575
91.363	0.0	0.0	-0.0014069125
91.453	0.0	0.0	-0.0013808725000000002
91.552	0.0	0.0	-0.001352225
91.622	0.0	0.0	-0.0011559625000000001
91.7	0.0	0.0	-0.0009346574999999999
91.79	0.0	0.0	-0.00068033
91.889	0.0	0.0	-0.0004009950000000001
91.958	0.0	0.0	-0.00010532725000000001
92.036	0.0	0.0	0.00022849750000000004
92.126	0.0	0.0	0.0006130600000000001
92.225	0.0	0.0	0.0010363850000000001
92.294	0.0	0.0	0.0012815075
92.373	0.0	0.0	0.0015586725000000003
92.463	0.0	0.0	0.0018779250000000003
92.562	0.0	0.0	0.0022289750000000002
92.631	0.0	0.0	0.002272025
92.709	0.0	0.0	0.0023206750000000003
92.799	0.0	0.0	0.002376675
92.898	0.0	0.0	0.0024384500000000004
92.967	0.0	0.0	0.0022176000000000006
93.045	0.0	0.0	0.0019675250000000004
93.136	0.0	0.0	0.0016786700000000002
93.235	0.0	0.0	0.0013605725000000002
93.304	0.0	0.0	0.0009498649999999999
93.382	0.0	0.0	0.000485275
93.473	0.0	0.0	-5.035800000000001e-05
93.572	0.0	0.0	-0.0006398
93.641	0.0	0.0	-0.0010448025000000002
93.719	0.0	0.0	-0.0015035475000000002
93.809	0.0	0.0	-0.0020336750000000004
93.908	0.0	0.0	-0.002618525
93.977	0.0	0.0	-0.0028008750000000004
94.055	0.0	0.0	-0.003007725
94.145	0.0	0.0	-0.0032466
94.245	0.0	0.0	-0.0035099750000000007
94.314	0.0	0.0	-0.0033391750000000006
94.392	0.0	0.0	-0.0031456250000000004
94.482	0.0	0.0	-0.002921625
94.581	0.0	0.0	-0.0026743500000000003
94.65	0.0	0.0	-0.002194675
94.728	0.0	0.0	-0.0016498650000000001
94.818	0.0	0.0	-0.0010194275
94.918	0.0	0.0	-0.0003243625000000001
94.987	0.0	0.0	0.0002435825
95.064	0.0	0.0	0.0008881775000000001
95.154	0.0	0.0	0.0016346750000000001
95.254	0.0	0.0	0.0024591
95.323	0.0	0.0	0.002825025
95.401	0.0	0.0	0.00324135
95.491	0.0	0.0	0.0037243500000000004
95.591	0.0	0.0	0.00425775
95.66	0.0	0.0	0.0042089250000000005
95.738	0.0	0.0	0.00415345
95.828	0.0	0.0	0.00408905
95.928	0.0	0.0	0.0040181750000000006
95.996	0.0	0.0	0.0035500500000000003
96.074	0.0	0.0	0.0030173500000000002
96.164	0.0	0.0	0.0023989000000000003
96.264	0.0	0.0	0.0017148950000000001
96.332	0.0	0.0	0.00104293
96.41	0.0	0.0	0.0002772175
96.501	0.0	0.0	-0.0006115900000000001
96.601	0.0	0.0	-0.00159334
96.669	0.0	0.0	-0.002127825
96.747	0.0	0.0	-0.0027364750000000004
96.837	0.0	0.0	-0.0034434750000000005
96.937	0.0	0.0	-0.004225725000000001
97.005	0.0	0.0	-0.0043456
97.083	0.0	0.0	-0.004482450000000001
97.174	0.0	0.0	-0.004641700000000001
97.274	0.0	0.0	-0.004817925
97.342	0.0	0.0	-0.004454275000000001
97.42	0.0	0.0	-0.004039875
97.511	0.0	0.0	-0.003558275
97.611	0.0	0.0	-0.003025925
97.679	0.0	0.0	-0.00236915
97.757	0.0	0.0	-0.001619275
97.847	0.0	0.0	-0.0007459725000000001
97.947	0.0	0.0	0.00022170750000000003
98.015	0.0	0.0	0.0008381100000000002
98.093	0.0	0.0	0.0015428000000000004
98.184	0.0	0.0	0.002363375
98.284	0.0	0.0	0.0032716250000000002
98.352	0.0	0.0	0.0035378000000000002
98.429	0.0	0.0	0.0038417750000000004
98.52	0.0	0.0	0.004196150000000001
98.62	0.0	0.0	0.004589200000000001
98.688	0.0	0.0	0.0043946
98.766	0.0	0.0	0.004171650000000001
98.856	0.0	0.0	0.003911425
98.957	0.0	0.0	0.003623025
99.025	0.0	0.0	0.0030975
99.103	0.0	0.0	0.002496375
99.194	0.0	0.0	0.0017955
99.294	0.0	0.0	0.0010194450000000001
99.362	0.0	0.0	0.00045774749999999995
99.439	0.0	0.0	-0.00018553500000000002
99.53	0.0	0.0	-0.000937195
99.63	0.0	0.0	-0.0017717000000000002
99.698	0.0	0.0	-0.0020942250000000003
99.776	0.0	0.0	-0.0024640000000000005
99.866	0.0	0.0	-0.002896075
99.967	0.0	0.0	-0.00337505
100.035	0.0	0.0	-0.0033339250000000006
100.112	0.0	0.0	-0.0032866749999999998
100.202	0.0	0.0	-0.00323155
100.303	0.0	0.0	-0.0031701249999999998
100.371	0.0	0.0	-0.0028442750000000003
100.448	0.0	0.0	-0.0024701250000000005
100.539	0.0	0.0	-0.002032275
100.64	0.0	0.0	-0.0015463875000000004
100.707	0.0	0.0	-0.0011425925000000002
100.785	0.0	0.0	-0.0006791925000000001
100.875	0.0	0.0	-0.00013657
100.976	0.0	0.0	0.00046655000000000004
101.043	0.0	0.0	0.0007488075
101.121	0.0	0.0	0.001073625
101.212	0.0	0.0	0.0014544425
101.313	0.0	0.0	0.0018777499999999999
101.381	0.0	0.0	0.0019425000000000002
101.458	0.0	0.0	0.002016875
101.549	0.0	0.0	0.00210385
101.65	0.0	0.0	0.00220045
101.717	0.0	0.0	0.0020667500000000004
101.794	0.0	0.0	0.0019129250000000002
101.885	0.0	0.0	0.00173229
101.986	0.0	0.0	0.0015312500000000003
102.053	0.0	0.0	0.0012738075000000002
102.131	0.0	0.0	0.0009771475000000002
102.222	0.0	0.0	0.0006290200000000001
102.323	0.0	0.0	0.00024199000000000003
102.39	0.0	0.0	-4.95915e-05
102.467	0.0	0.0	-0.0003853325
102.558	0.0	0.0	-0.0007797300000000001
102.659	0.0	0.0	-0.0012189275000000002
102.726	0.0	0.0	-0.0014357525
102.803	0.0	0.0	-0.0016860900000000001
102.895	0.0	0.0	-0.001980475
102.996	0.0	0.0	-0.0023084250000000002
103.063	0.0	0.0	-0.0023275000000000006
103.141	0.0	0.0	-0.0023495500000000006
103.232	0.0	0.0	-0.0023754500000000003
103.333	0.0	0.0	-0.0024041500000000003
103.4	0.0	0.0	-0.0021626500000000003
103.477	0.0	0.0	-0.0018837000000000003
103.568	0.0	0.0	-0.001555365
103.669	0.0	0.0	-0.001189125
103.736	0.0	0.0	-0.0007570850000000002
103.813	0.0	0.0	-0.0002576
103.904	0.0	0.0	0.00033048750000000003
104.006	0.0	0.0	0.0009855125
104.073	0.0	0.0	0.0013993700000000003
104.15	0.0	0.0	0.0018775750000000003
104.241	0.0	0.0	0.002441075
104.342	0.0	0.0	0.0030696750000000004
104.409	0.0	0.0	0.003225775
104.486	0.0	0.0	0.003406375
104.577	0.0	0.0	0.0036197000000000004
104.679	0.0	0.0	0.0038575250000000005
104.746	0.0	0.0	0.0036247750000000007
104.823	0.0	0.0	0.0033554500000000003
104.914	0.0	0.0	0.003038175
105.016	0.0	0.0	0.0026845000000000003
105.082	0.0	0.0	0.002144625
105.159	0.0	0.0	0.0015194900000000003
105.25	0.0	0.0	0.0007808675000000001
105.352	0.0	0.0	-4.441675e-05
105.419	0.0	0.0	-0.0006304375000000001
105.496	0.0	0.0	-0.0013102250000000004
105.587	0.0	0.0	-0.0021131250000000004
105.689	0.0	0.0	-0.0030093
105.755	0.0	0.0	-0.00332745
105.832	0.0	0.0	-0.003696525
105.923	0.0	0.0	-0.004132625000000001
106.025	0.0	0.0	-0.0046203500000000005
106.091	0.0	0.0	-0.0044905000000000014
106.169	0.0	0.0	-0.004339825
106.26	0.0	0.0	-0.004161150000000001
106.362	0.0	0.0	-0.003961650000000001
106.429	0.0	0.0	-0.0034384000000000007
106.506	0.0	0.0	-0.00283115
106.597	0.0	0.0	-0.0021131250000000004
106.699	0.0	0.0	-0.0013111875
106.765	0.0	0.0	-0.0006681675000000001
106.842	0.0	0.0	7.916125e-05
106.933	0.0	0.0	0.0009649675
107.035	0.0	0.0	0.0019565
107.101	0.0	0.0	0.002392775
107.178	0.0	0.0	0.0029006250000000004
107.27	0.0	0.0	0.003502275
107.372	0.0	0.0	0.004174975
107.438	0.0	0.0	0.004190900000000001
107.515	0.0	0.0	0.004209625
107.606	0.0	0.0	0.004231675000000001
107.708	0.0	0.0	0.004256350000000001
107.774	0.0	0.0	0.0038718750000000008
107.851	0.0	0.0	0.003423875
107.943	0.0	0.0	0.0028920499999999997
108.045	0.0	0.0	0.002297225
108.111	0.0	0.0	0.0017390975000000004
108.188	0.0	0.0	0.0010891300000000002
108.279	0.0	0.0	0.0003171
108.381	0.0	0.0	-0.0005480825
108.447	0.0	0.0	-0.0009871575000000002
108.524	0.0	0.0	-0.0014999425
108.615	0.0	0.0	-0.0021098000000000002
108.718	0.0	0.0	-0.002793175
108.784	0.0	0.0	-0.0029141
108.861	0.0	0.0	-0.0030549750000000006
108.953	0.0	0.0	-0.0032222750000000006
109.055	0.0	0.0	-0.0034097000000000008
109.121	0.0	0.0	-0.0032032000000000007
109.197	0.0	0.0	-0.002961875
109.289	0.0	0.0	-0.002674525
109.391	0.0	0.0	-0.0023521749999999998
109.457	0.0	0.0	-0.0019750500000000003
109.534	0.0	0.0	-0.0015339800000000001
109.625	0.0	0.0	-0.001008945
109.728	0.0	0.0	-0.00042047250000000003
109.794	0.0	0.0	-8.635025000000002e-05
109.87	0.0	0.0	0.00030413250000000004
109.961	0.0	0.0	0.0007694575000000001
110.064	0.0	0.0	0.001291885
110.13	0.0	0.0	0.0014396725
110.206	0.0	0.0	0.0016128525000000003
110.298	0.0	0.0	0.0018194749999999999
110.401	0.0	0.0	0.0020515250000000002
110.467	0.0	0.0	0.001991325
110.544	0.0	0.0	0.0019209750000000001
110.635	0.0	0.0	0.0018369750000000002
110.738	0.0	0.0	0.001742965
110.803	0.0	0.0	0.0015494325
110.88	0.0	0.0	0.00132265
110.971	0.0	0.0	0.0010517500000000002
111.074	0.0	0.0	0.0007471450000000001
111.139	0.0	0.0	0.0005172825
111.216	0.0	0.0	0.00024752000000000004
111.308	0.0	0.0	-7.464625000000001e-05
111.411	0.0	0.0	-0.000436415
111.476	0.0	0.0	-0.0006193775
111.553	0.0	0.0	-0.0008339275
111.644	0.0	0.0	-0.0010904425000000002
111.747	0.0	0.0	-0.0013789825000000001
111.812	0.0	0.0	-0.00144753
111.889	0.0	0.0	-0.0015281525
111.981	0.0	0.0	-0.001624665
112.084	0.0	0.0	-0.0017332175000000002
112.149	0.0	0.0	-0.0016413425
112.226	0.0	0.0	-0.0015334725
112.318	0.0	0.0	-0.001404515
112.421	0.0	0.0	-0.0012595800000000002
112.486	0.0	0.0	-0.0010260075000000002
112.562	0.0	0.0	-0.0007513625000000001
112.654	0.0	0.0	-0.000422205
112.757	0.0	0.0	-5.1429e-05
112.822	0.0	0.0	0.00022419250000000002
112.899	0.0	0.0	0.0005487650000000001
112.991	0.0	0.0	0.000937615
113.094	0.0	0.0	0.001375045
113.159	0.0	0.0	0.00154553
113.235	0.0	0.0	0.0017462025000000003
113.327	0.0	0.0	0.0019869500000000003
113.43	0.0	0.0	0.002258375
113.495	0.0	0.0	0.00221795
113.572	0.0	0.0	0.0021705250000000004
113.664	0.0	0.0	0.002113475
113.767	0.0	0.0	0.00204925
113.832	0.0	0.0	0.0018026750000000003
113.908	0.0	0.0	0.0015119825000000002
114.0	0.0	0.0	0.0011628925000000002
114.103	0.0	0.0	0.0007692300000000001
114.168	0.0	0.0	0.000437325
114.244	0.0	0.0	4.5122000000000006e-05
114.336	0.0	0.0	-0.00042647500000000005
114.44	0.0	0.0	-0.0009582999999999999
114.505	0.0	0.0	-0.001202635
114.581	0.0	0.0	-0.0014908775000000002
114.673	0.0	0.0	-0.0018369750000000002
114.777	0.0	0.0	-0.0022270500000000004
114.841	0.0	0.0	-0.0022562750000000003
114.918	0.0	0.0	-0.002290925
115.009	0.0	0.0	-0.0023325750000000004
115.113	0.0	0.0	-0.0023796500000000005
115.178	0.0	0.0	-0.0021859250000000005
115.254	0.0	0.0	-0.001956675
115.346	0.0	0.0	-0.001680875
115.45	0.0	0.0	-0.0013697425000000001
115.514	0.0	0.0	-0.0010619875
115.591	0.0	0.0	-0.0006980575000000001
115.682	0.0	0.0	-0.00025954250000000004
115.786	0.0	0.0	0.00023584750000000003
115.85	0.0	0.0	0.000499625
115.927	0.0	0.0	0.0008124200000000001
116.019	0.0	0.0	0.0011897725000000001
116.123	0.0	0.0	0.0016160725
116.188	0.0	0.0	0.0017131100000000001
116.264	0.0	0.0	0.0018280500000000003
116.356	0.0	0.0	0.0019663000000000003
116.46	0.0	0.0	0.0021225750000000007
116.524	0.0	0.0	0.00202265
116.6	0.0	0.0	0.0019041750000000001
116.692	0.0	0.0	0.00176085
116.796	0.0	0.0	0.0015989575
116.86	0.0	0.0	0.0013644575
116.937	0.0	0.0	0.00108598
117.029	0.0	0.0	0.0007497350000000001
117.133	0.0	0.0	0.00036981
117.197	0.0	0.0	0.00011497324999999999
117.273	0.0	0.0	-0.00018746
117.365	0.0	0.0	-0.000553035
117.469	0.0	0.0	-0.000966805
117.533	0.0	0.0	-0.0011309725
117.609	0.0	0.0	-0.0013262900000000002
117.702	0.0	0.0	-0.001562645
117.806	0.0	0.0	-0.0018301500000000002
117.87	0.0	0.0	-0.0018312
117.946	0.0	0.0	-0.0018324250000000004
118.039	0.0	0.0	-0.0018340000000000001
118.143	0.0	0.0	-0.0018357500000000004
118.207	0.0	0.0	-0.0016660175000000003
118.283	0.0	0.0	-0.0014645925000000004
118.375	0.0	0.0	-0.0012214300000000001
118.479	0.0	0.0	-0.0009468375000000001
118.542	0.0	0.0	-0.0006785975
118.612	0.0	0.0	-0.00035875
118.712	0.0	0.0	3.047275e-05
118.812	0.0	0.0	0.00047355000000000005
118.872	0.0	0.0	0.0007257775000000001
118.952	0.0	0.0	0.0010287375
119.042	0.0	0.0	0.0013976025000000001
119.152	0.0	0.0	0.0018163250000000004
119.222	0.0	0.0	0.0019178250000000002
119.292	0.0	0.0	0.002037875
119.392	0.0	0.0	0.0021820750000000003
119.492	0.0	0.0	0.00234395
119.552	0.0	0.0	0.0022281000000000002
119.632	0.0	0.0	0.002090025
119.722	0.0	0.0	0.0019218500000000001
119.822	0.0	0.0	0.001729805
119.882	0.0	0.0	0.00143675
119.962	0.0	0.0	0.0010822000000000002
120.052	0.0	0.0	0.000648515
120.162	0.0	0.0	0.00015545950000000002
120.232	0.0	0.0	-0.0001826825
120.302	0.0	0.0	-0.0005828900000000001
120.402	0.0	0.0	-0.0010639825000000002
120.502	0.0	0.0	-0.0016047500000000003
120.562	0.0	0.0	-0.0017942750000000001
120.642	0.0	0.0	-0.0020202
120.732	0.0	0.0	-0.0022963500000000004
120.832	0.0	0.0	-0.0026122250000000006
120.892	0.0	0.0	-0.0025656750000000003
120.972	0.0	0.0	-0.00250915
121.062	0.0	0.0	-0.0024398500000000004
121.172	0.0	0.0	-0.0023609250000000003
121.242	0.0	0.0	-0.0020839
121.312	0.0	0.0	-0.0017550749999999998
121.412	0.0	0.0	-0.0013592600000000002
121.512	0.0	0.0	-0.0009137800000000001
121.572	0.0	0.0	-0.0005691875
121.652	0.0	0.0	-0.00015731800000000001
121.742	0.0	0.0	0.00034700750000000004
121.842	0.0	0.0	0.0009243325
121.902	0.0	0.0	0.0011794475
121.982	0.0	0.0	0.0014894775000000003
122.072	0.0	0.0	0.001870225
122.182	0.0	0.0	0.002303875
122.242	0.0	0.0	0.0023387000000000004
122.322	0.0	0.0	0.00238
122.422	0.0	0.0	0.0024300500000000004
122.522	0.0	0.0	0.0024862250000000003
122.582	0.0	0.0	0.0022995000000000003
122.662	0.0	0.0	0.00207585
122.752	0.0	0.0	0.0018014500000000004
122.852	0.0	0.0	0.0014868700000000002
122.912	0.0	0.0	0.0011831750000000003
122.992	0.0	0.0	0.0008133125000000002
123.082	0.0	0.0	0.00035831250000000007
123.192	0.0	0.0	-0.00016062550000000002
123.252	0.0	0.0	-0.00042878500000000005
123.332	0.0	0.0	-0.0007481250000000001
123.422	0.0	0.0	-0.0011342625000000002
123.532	0.0	0.0	-0.001569715
123.592	0.0	0.0	-0.0016625
123.672	0.0	0.0	-0.001773975
123.762	0.0	0.0	-0.0019108250000000001
123.862	0.0	0.0	-0.002067975
123.922	0.0	0.0	-0.0019733000000000003
124.002	0.0	0.0	-0.001857975
124.092	0.0	0.0	-0.0017156125000000002
124.202	0.0	0.0	-0.0015531425000000001
124.262	0.0	0.0	-0.0013308575000000001
124.342	0.0	0.0	-0.0010655925000000001
124.432	0.0	0.0	-0.0007442225
124.542	0.0	0.0	-0.00038143000000000004
124.602	0.0	0.0	-0.0001695505
124.672	0.0	0.0	8.539125e-05
124.772	0.0	0.0	0.00039943750000000005
124.872	0.0	0.0	0.000760095
124.932	0.0	0.0	0.000877555
125.012	0.0	0.0	0.00102123
125.102	0.0	0.0	0.0011986625000000002
125.212	0.0	0.0	0.0014014700000000001
125.272	0.0	0.0	0.001382465
125.352	0.0	0.0	0.0013597325000000002
125.442	0.0	0.0	0.0013321350000000001
125.552	0.0	0.0	0.0013009675
125.612	0.0	0.0	0.0011798675000000002
125.682	0.0	0.0	0.0010338475
125.782	0.0	0.0	0.000853615
125.882	0.0	0.0	0.0006463975000000001
125.942	0.0	0.0	0.00048336749999999996
126.022	0.0	0.0	0.0002834825
126.112	0.0	0.0	3.6155e-05
126.222	0.0	0.0	-0.0002468025
126.282	0.0	0.0	-0.000388955
126.362	0.0	0.0	-0.0005593175000000001
126.452	0.0	0.0	-0.0007665
126.562	0.0	0.0	-0.0010008950000000001
126.622	0.0	0.0	-0.0010607275000000002
126.692	0.0	0.0	-0.0011330550000000002
126.792	0.0	0.0	-0.0012224800000000002
126.892	0.0	0.0	-0.0013254150000000001
126.952	0.0	0.0	-0.0012746825000000002
127.032	0.0	0.0	-0.0012123300000000002
127.122	0.0	0.0	-0.0011350325000000002
127.232	0.0	0.0	-0.0010465175
127.292	0.0	0.0	-0.0008759975
127.372	0.0	0.0	-0.0006712650000000001
127.462	0.0	0.0	-0.000421925
127.572	0.0	0.0	-0.00013963425
127.632	0.0	0.0	7.949375000000002e-05
127.702	0.0	0.0	0.0003455725000000001
127.792	0.0	0.0	0.0006762175
127.902	0.0	0.0	0.0010579450000000002
127.962	0.0	0.0	0.0012362525000000001
128.042	0.0	0.0	0.0014543200000000003
128.132	0.0	0.0	0.001722665
128.242	0.0	0.0	0.0020275500000000004
128.302	0.0	0.0	0.00204295
128.372	0.0	0.0	0.00206185
128.472	0.0	0.0	0.0020849500000000003
128.572	0.0	0.0	0.002111725
128.632	0.0	0.0	0.001912225
128.712	0.0	0.0	0.0016660525
128.802	0.0	0.0	0.0013596975000000002
128.912	0.0	0.0	0.0010081575000000001
128.972	0.0	0.0	0.0006429150000000001
129.052	0.0	0.0	0.00020265
129.142	0.0	0.0	-0.0003355275
129.252	0.0	0.0	-0.0009461025
129.312	0.0	0.0	-0.0012788650000000001
129.382	0.0	0.0	-0.0016835
129.472	0.0	0.0	-0.002186625
129.582	0.0	0.0	-0.002767275
129.642	0.0	0.0	-0.0028950250000000003
129.722	0.0	0.0	-0.00305305
129.812	0.0	0.0	-0.0032499250000000003
129.922	0.0	0.0	-0.00347585
129.982	0.0	0.0	-0.0032732000000000004
130.062	0.0	0.0	-0.0030283750000000007
130.152	0.0	0.0	-0.002728425
130.262	0.0	0.0	-0.0023878750000000002
130.322	0.0	0.0	-0.0019362000000000003
130.392	0.0	0.0	-0.00138586
130.482	0.0	0.0	-0.0007001575
130.592	0.0	0.0	9.202375000000001e-05
130.652	0.0	0.0	0.000603015
130.732	0.0	0.0	0.0012360775000000003
130.822	0.0	0.0	0.0020265
130.932	0.0	0.0	0.0029351000000000004
130.992	0.0	0.0	0.003234
131.072	0.0	0.0	0.003595725
131.162	0.0	0.0	0.0040397
131.272	0.0	0.0	0.0045444000000000005
131.332	0.0	0.0	0.004439400000000001
131.402	0.0	0.0	0.004311125000000001
131.492	0.0	0.0	0.004151175
131.602	0.0	0.0	0.003966025000000001
131.662	0.0	0.0	0.0034845999999999996
131.742	0.0	0.0	0.002886625
131.832	0.0	0.0	0.0021386750000000005
131.942	0.0	0.0	0.0012779900000000001
132.002	0.0	0.0	0.0006271474999999999
132.082	0.0	0.0	-0.00016251025000000002
132.172	0.0	0.0	-0.0011333875000000002
132.282	0.0	0.0	-0.002238425
132.342	0.0	0.0	-0.002686775
132.412	0.0	0.0	-0.00323575
132.502	0.0	0.0	-0.00392245
132.612	0.0	0.0	-0.0047174750000000005
132.672	0.0	0.0	-0.004760875
132.752	0.0	0.0	-0.004815125000000001
132.842	0.0	0.0	-0.00488285
132.952	0.0	0.0	-0.0049610750000000006
133.012	0.0	0.0	-0.004544575000000001
133.092	0.0	0.0	-0.004038125
133.182	0.0	0.0	-0.00341425
133.292	0.0	0.0	-0.002703575
133.352	0.0	0.0	-0.00207515
133.422	0.0	0.0	-0.0013039075
133.512	0.0	0.0	-0.00033726000000000003
133.622	0.0	0.0	0.0007830025000000002
133.682	0.0	0.0	0.001335845
133.762	0.0	0.0	0.0020254500000000003
133.852	0.0	0.0	0.002891525
133.962	0.0	0.0	0.0038902500000000005
134.022	0.0	0.0	0.004086425
134.102	0.0	0.0	0.0043254750000000005
134.192	0.0	0.0	0.004620525
134.302	0.0	0.0	0.0049568749999999995
134.362	0.0	0.0	0.004714675
134.432	0.0	0.0	0.00441665
134.522	0.0	0.0	0.004042325
134.632	0.0	0.0	0.0036081500000000005
134.692	0.0	0.0	0.0030758000000000005
134.772	0.0	0.0	0.0024102750000000004
134.862	0.0	0.0	0.00157262
134.972	0.0	0.0	0.0006058325
135.032	0.0	0.0	5.1240000000000004e-05
135.112	0.0	0.0	-0.0006260975000000001
135.202	0.0	0.0	-0.0014637175000000002
135.312	0.0	0.0	-0.0024200750000000007
135.372	0.0	0.0	-0.0026929000000000002
135.442	0.0	0.0	-0.0030294250000000005
135.532	0.0	0.0	-0.0034527500000000005
135.642	0.0	0.0	-0.003944500000000001
135.702	0.0	0.0	-0.0038617250000000003
135.782	0.0	0.0	-0.0037579500000000004
135.872	0.0	0.0	-0.0036272250000000004
135.982	0.0	0.0	-0.0034762000000000005
136.042	0.0	0.0	-0.00310275
136.122	0.0	0.0	-0.0026456500000000003
136.212	0.0	0.0	-0.00207935
136.322	0.0	0.0	-0.00143227
136.382	0.0	0.0	-0.0010160325000000002
136.452	0.0	0.0	-0.0005016549999999999
136.542	0.0	0.0	0.00014696325
136.652	0.0	0.0	0.0009010050000000002
136.712	0.0	0.0	0.0011779425000000001
136.792	0.0	0.0	0.0015258250000000002
136.882	0.0	0.0	0.00196525
136.992	0.0	0.0	0.0024734500000000003
137.052	0.0	0.0	0.0024983
137.132	0.0	0.0	0.0025289250000000004
137.222	0.0	0.0	0.0025669
137.332	0.0	0.0	0.0026103000000000003
137.392	0.0	0.0	0.002423225
137.462	0.0	0.0	0.0021913500000000003
137.552	0.0	0.0	0.0018985750000000004
137.662	0.0	0.0	0.00155771
137.722	0.0	0.0	0.001285235
137.792	0.0	0.0	0.0009421475000000001
137.892	0.0	0.0	0.0005079375
138.002	0.0	0.0	5.2314500000000005e-06
138.062	0.0	0.0	-0.00021735000000000002
138.142	0.0	0.0	-0.0004910150000000001
138.232	0.0	0.0	-0.000831425
138.342	0.0	0.0	-0.0012212550000000003
138.402	0.0	0.0	-0.00129479
138.472	0.0	0.0	-0.0013861225000000002
138.562	0.0	0.0	-0.0015017275
138.672	0.0	0.0	-0.0016364075
138.732	0.0	0.0	-0.0015706600000000002
138.802	0.0	0.0	-0.001487675
138.902	0.0	0.0	-0.0013824475000000001
139.012	0.0	0.0	-0.0012604900000000002
139.072	0.0	0.0	-0.0011023950000000002
139.152	0.0	0.0	-0.000907585
139.242	0.0	0.0	-0.0006647900000000001
139.352	0.0	0.0	-0.0003864700000000001
139.412	0.0	0.0	-0.00022814750000000003
139.482	0.0	0.0	-3.109925e-05
139.572	0.0	0.0	0.00021887249999999998
139.682	0.0	0.0	0.0005103525
139.742	0.0	0.0	0.0006130425000000001
139.812	0.0	0.0	0.0007429275000000001
139.912	0.0	0.0	0.0009079524999999999
140.022	0.0	0.0	0.001099385
140.082	0.0	0.0	0.0011047750000000001
140.162	0.0	0.0	0.0011114075000000002
140.252	0.0	0.0	0.0011196850000000003
140.362	0.0	0.0	0.001129205
140.422	0.0	0.0	0.0010432800000000002
140.492	0.0	0.0	0.0009360750000000001
140.582	0.0	0.0	0.0007998200000000001
140.692	0.0	0.0	0.0006407625000000001
140.752	0.0	0.0	0.00050463
140.822	0.0	0.0	0.00033202750000000005
140.922	0.0	0.0	0.00011228875
141.032	0.0	0.0	-0.00014287175000000002
141.092	0.0	0.0	-0.0002663675
141.172	0.0	0.0	-0.00041923
141.262	0.0	0.0	-0.00061047
141.372	0.0	0.0	-0.0008301650000000001
141.432	0.0	0.0	-0.0008762250000000001
141.502	0.0	0.0	-0.000933835
141.592	0.0	0.0	-0.001007195
141.702	0.0	0.0	-0.0010929275000000002
141.762	0.0	0.0	-0.0010480925
141.832	0.0	0.0	-0.0009911125000000001
141.932	0.0	0.0	-0.0009184175
142.042	0.0	0.0	-0.0008339275
142.102	0.0	0.0	-0.0007150325000000001
142.182	0.0	0.0	-0.00056756
142.272	0.0	0.0	-0.00038281250000000007
142.382	0.0	0.0	-0.00017042550000000002
142.442	0.0	0.0	-4.122475e-05
142.512	0.0	0.0	0.0001211735
142.602	0.0	0.0	0.00032900000000000003
142.712	0.0	0.0	0.0005725825
142.772	0.0	0.0	0.0006654725
142.842	0.0	0.0	0.0007829325
142.942	0.0	0.0	0.0009316125
143.052	0.0	0.0	0.0011030950000000001
143.112	0.0	0.0	0.0011096575
143.182	0.0	0.0	0.001117865
143.272	0.0	0.0	0.00112833
143.382	0.0	0.0	0.0011405625
143.442	0.0	0.0	0.001046745
143.512	0.0	0.0	0.00092694
143.612	0.0	0.0	0.0007735700000000001
143.722	0.0	0.0	0.000594965
143.782	0.0	0.0	0.00042315000000000007
143.862	0.0	0.0	0.0002091425
143.952	0.0	0.0	-5.995325000000001e-05
144.062	0.0	0.0	-0.0003699325
144.122	0.0	0.0	-0.0005320525
144.192	0.0	0.0	-0.0007361550000000001
144.282	0.0	0.0	-0.0009974825
144.392	0.0	0.0	-0.0013036800000000002
144.452	0.0	0.0	-0.001378335
144.522	0.0	0.0	-0.0014738325000000002
144.622	0.0	0.0	-0.0015962625000000002
144.732	0.0	0.0	-0.0017389749999999998
144.792	0.0	0.0	-0.0016601375
144.872	0.0	0.0	-0.0015617350000000003
144.962	0.0	0.0	-0.0014377650000000001
145.072	0.0	0.0	-0.0012948075
145.132	0.0	0.0	-0.0010881325
145.202	0.0	0.0	-0.000827365
145.292	0.0	0.0	-0.000492765
145.402	0.0	0.0	-0.000100338
145.462	0.0	0.0	0.00015218000000000002
145.532	0.0	0.0	0.0004760000000000001
145.632	0.0	0.0	0.0008919400000000001
145.742	0.0	0.0	0.0013771800000000004
145.802	0.0	0.0	0.001544095
145.882	0.0	0.0	0.0017529750000000001
145.972	0.0	0.0	0.002016525
146.082	0.0	0.0	0.0023208500000000006
146.142	0.0	0.0	0.0022938999999999998
146.212	0.0	0.0	0.00225995
146.302	0.0	0.0	0.0022161999999999998
146.412	0.0	0.0	0.0021647500000000004
146.472	0.0	0.0	0.00194145
146.542	0.0	0.0	0.0016543450000000002
146.642	0.0	0.0	0.0012848850000000002
146.752	0.0	0.0	0.0008534400000000002
146.812	0.0	0.0	0.0005226375
146.892	0.0	0.0	0.00010778425
146.982	0.0	0.0	-0.00041693750000000004
147.092	0.0	0.0	-0.0010232075
147.152	0.0	0.0	-0.0012730025
147.222	0.0	0.0	-0.0015897875000000002
147.312	0.0	0.0	-0.0019978000000000005
147.422	0.0	0.0	-0.0024774750000000002
147.482	0.0	0.0	-0.0025312000000000004
147.552	0.0	0.0	-0.0026005000000000004
147.652	0.0	0.0	-0.0026899250000000006
147.762	0.0	0.0	-0.002794225000000001
147.822	0.0	0.0	-0.0026010250000000007
147.892	0.0	0.0	-0.0023583
147.992	0.0	0.0	-0.0020504750000000004
148.102	0.0	0.0	-0.0016945950000000001
148.162	0.0	0.0	-0.0013634425
148.232	0.0	0.0	-0.00094248
148.322	0.0	0.0	-0.0003991050000000001
148.432	0.0	0.0	0.00024013500000000004
148.492	0.0	0.0	0.0005627125000000001
148.562	0.0	0.0	0.00097944
148.662	0.0	0.0	0.0015178449999999999
148.772	0.0	0.0	0.002147775
148.832	0.0	0.0	0.002297225
148.902	0.0	0.0	0.0024853500000000003
149.002	0.0	0.0	0.0027244
149.112	0.0	0.0	0.0030009
149.172	0.0	0.0	0.0028980000000000004
149.242	0.0	0.0	0.00276675
149.332	0.0	0.0	0.002597175
149.442	0.0	0.0	0.0023973250000000005
149.502	0.0	0.0	0.002095275
149.572	0.0	0.0	0.0017043600000000002
149.672	0.0	0.0	0.0011982425000000001
149.782	0.0	0.0	0.0006054650000000001
149.842	0.0	0.0	0.00024304000000000003
149.912	0.0	0.0	-0.00021469000000000002
150.012	0.0	0.0	-0.0007970200000000001
150.122	0.0	0.0	-0.0014718725
150.182	0.0	0.0	-0.0016930025
150.252	0.0	0.0	-0.0019755750000000002
150.342	0.0	0.0	-0.002341675
150.452	0.0	0.0	-0.0027732250000000003
150.512	0.0	0.0	-0.0027674500000000003
150.582	0.0	0.0	-0.0027599250000000003
150.682	0.0	0.0	-0.0027503000000000007
150.792	0.0	0.0	-0.0027387500000000003
150.852	0.0	0.0	-0.0024986500000000003
150.922	0.0	0.0	-0.002194675
151.022	0.0	0.0	-0.0018070500000000001
151.132	0.0	0.0	-0.0013575100000000001
151.192	0.0	0.0	-0.001026445
151.262	0.0	0.0	-0.0006023675
151.352	0.0	0.0	-5.1696750000000006e-05
151.462	0.0	0.0	0.0005980625000000001
151.522	0.0	0.0	0.0008759450000000002
151.592	0.0	0.0	0.0012376175000000003
151.692	0.0	0.0	0.0017076150000000002
151.802	0.0	0.0	0.002259075
151.862	0.0	0.0	0.0023464000000000002
151.932	0.0	0.0	0.0024571750000000002
152.032	0.0	0.0	0.002598575
152.142	0.0	0.0	0.0027629
152.202	0.0	0.0	0.0026239500000000003
152.272	0.0	0.0	0.0024456250000000007
152.362	0.0	0.0	0.00221375
152.472	0.0	0.0	0.0019397000000000001
152.532	0.0	0.0	0.0016490250000000001
152.602	0.0	0.0	0.0012698700000000002
152.702	0.0	0.0	0.00077616
152.812	0.0	0.0	0.00019626250000000003
152.872	0.0	0.0	-0.00010855775000000001
152.942	0.0	0.0	-0.0004963
153.042	0.0	0.0	-0.0009924600000000001
153.152	0.0	0.0	-0.001569155
153.212	0.0	0.0	-0.0017216675000000002
153.282	0.0	0.0	-0.0019180000000000004
153.372	0.0	0.0	-0.002174025
153.482	0.0	0.0	-0.0024766000000000002
153.542	0.0	0.0	-0.0024267250000000002
153.612	0.0	0.0	-0.00236145
153.712	0.0	0.0	-0.002276225
153.822	0.0	0.0	-0.002176125
153.882	0.0	0.0	-0.0019461750000000003
153.952	0.0	0.0	-0.0016527350000000002
154.052	0.0	0.0	-0.0012765900000000002
154.162	0.0	0.0	-0.0008389500000000001
154.222	0.0	0.0	-0.0005692225000000001
154.292	0.0	0.0	-0.00022107749999999998
154.382	0.0	0.0	0.00023373000000000003
154.492	0.0	0.0	0.0007719600000000001
154.552	0.0	0.0	0.0009654925000000001
154.622	0.0	0.0	0.0012192425000000003
154.722	0.0	0.0	0.0015509550000000001
154.832	0.0	0.0	0.0019412750000000001
154.892	0.0	0.0	0.001966475
154.962	0.0	0.0	0.001998675
155.062	0.0	0.0	0.0020399750000000003
155.172	0.0	0.0	0.0020881000000000003
155.232	0.0	0.0	0.0019493249999999998
155.302	0.0	0.0	0.00176995
155.392	0.0	0.0	0.0015350125
155.502	0.0	0.0	0.001256745
155.562	0.0	0.0	0.001031555
155.632	0.0	0.0	0.0007355425000000001
155.732	0.0	0.0	0.00034784750000000004
155.842	0.0	0.0	-0.00010886225000000002
155.902	0.0	0.0	-0.00031143
155.972	0.0	0.0	-0.00057085
156.072	0.0	0.0	-0.0009045750000000001
156.182	0.0	0.0	-0.00129353
156.232	0.0	0.0	-0.0013679750000000004
156.312	0.0	0.0	-0.0014648375
156.402	0.0	0.0	-0.0015922375000000002
156.512	0.0	0.0	-0.0017436125
156.572	0.0	0.0	-0.0016774275
156.642	0.0	0.0	-0.0015909075
156.742	0.0	0.0	-0.0014784525
156.852	0.0	0.0	-0.0013469925000000002
156.912	0.0	0.0	-0.0011870075000000003
156.982	0.0	0.0	-0.0009800350000000002
157.072	0.0	0.0	-0.0007089075000000001
157.182	0.0	0.0	-0.0003874675
157.242	0.0	0.0	-0.000213885
157.312	0.0	0.0	1.54511e-05
157.412	0.0	0.0	0.000316925
157.522	0.0	0.0	0.0006726825000000001
157.582	0.0	0.0	0.0007803250000000001
157.652	0.0	0.0	0.0009188200000000001
157.752	0.0	0.0	0.001097635
157.862	0.0	0.0	0.001306445
157.912	0.0	0.0	0.0013004775000000001
157.992	0.0	0.0	0.0012927075
158.082	0.0	0.0	0.0012824875
158.192	0.0	0.0	0.0012703425000000002
158.252	0.0	0.0	0.00116879
158.322	0.0	0.0	0.001034355
158.422	0.0	0.0	0.000857395
158.532	0.0	0.0	0.0006483925000000001
158.592	0.0	0.0	0.00050057
158.662	0.0	0.0	0.00030992500000000007
158.762	0.0	0.0	6.32905e-05
158.872	0.0	0.0	-0.00022498
158.922	0.0	0.0	-0.0003367875
159.002	0.0	0.0	-0.0004828250000000001
159.092	0.0	0.0	-0.0006754300000000001
159.202	0.0	0.0	-0.0009044
159.262	0.0	0.0	-0.00094031
159.332	0.0	0.0	-0.000987945
159.432	0.0	0.0	-0.0010508050000000001
159.542	0.0	0.0	-0.0011250925
159.602	0.0	0.0	-0.0010690225
159.672	0.0	0.0	-0.0009965375
159.772	0.0	0.0	-0.0009025625
159.882	0.0	0.0	-0.000792645
159.932	0.0	0.0	-0.0006832525
160.002	0.0	0.0	-0.0005399625000000001
160.102	0.0	0.0	-0.00035063
160.212	0.0	0.0	-0.00012531925000000001
160.272	0.0	0.0	-1.2486950000000002e-05
160.342	0.0	0.0	0.00013763575000000003
160.442	0.0	0.0	0.00033605250000000005
160.552	0.0	0.0	0.000570815
160.612	0.0	0.0	0.0006333075
160.682	0.0	0.0	0.0007142975
160.782	0.0	0.0	0.00081949
160.892	0.0	0.0	0.0009426725000000001
160.942	0.0	0.0	0.0009261525
161.012	0.0	0.0	0.0009044700000000001
161.112	0.0	0.0	0.000875735
161.222	0.0	0.0	0.0008415225
161.272	0.0	0.0	0.0007621775000000001
161.352	0.0	0.0	0.0006563025000000001
161.452	0.0	0.0	0.0005161275000000001
161.562	0.0	0.0	0.000350105
161.622	0.0	0.0	0.0002476425
161.692	0.0	0.0	0.00011449724999999999
161.792	0.0	0.0	-5.875975e-05
161.902	0.0	0.0	-0.00026185250000000003
161.952	0.0	0.0	-0.00032914
162.022	0.0	0.0	-0.00041772500000000003
162.122	0.0	0.0	-0.0005352725
162.232	0.0	0.0	-0.0006753950000000001
162.282	0.0	0.0	-0.0006851775
162.362	0.0	0.0	-0.0006982675
162.452	0.0	0.0	-0.0007156100000000001
162.572	0.0	0.0	-0.0007361900000000001
162.632	0.0	0.0	-0.0006873475
162.702	0.0	0.0	-0.000623735
162.802	0.0	0.0	-0.000540785
162.912	0.0	0.0	-0.0004434675000000001
162.962	0.0	0.0	-0.00037054500000000006
163.032	0.0	0.0	-0.0002742775
163.132	0.0	0.0	-0.00014628600000000003
163.242	0.0	0.0	6.458200000000001e-06
163.292	0.0	0.0	7.198275e-05
163.372	0.0	0.0	0.00015985375
163.462	0.0	0.0	0.00027665750000000004
163.582	0.0	0.0	0.00041527500000000005
163.642	0.0	0.0	0.000446495
163.712	0.0	0.0	0.00048725250000000004
163.812	0.0	0.0	0.0005405049999999999
163.922	0.0	0.0	0.0006030325
163.972	0.0	0.0	0.0005887525000000001
164.042	0.0	0.0	0.0005698350000000001
164.142	0.0	0.0	0.0005446175
164.252	0.0	0.0	0.0005145175000000001
164.302	0.0	0.0	0.00046025
164.382	0.0	0.0	0.000387275
164.472	0.0	0.0	0.00029008
164.592	0.0	0.0	0.00017464825000000002
164.652	0.0	0.0	9.594900000000001e-05
164.722	0.0	0.0	-7.073675000000001e-06
164.822	0.0	0.0	-0.00014192500000000002
164.932	0.0	0.0	-0.0003004575000000001
164.982	0.0	0.0	-0.00036494500000000004
165.052	0.0	0.0	-0.00045055500000000005
165.152	0.0	0.0	-0.0005648125000000001
165.262	0.0	0.0	-0.000701435
165.312	0.0	0.0	-0.0007204925
165.392	0.0	0.0	-0.0007461825
165.482	0.0	0.0	-0.0007804475000000001
165.602	0.0	0.0	-0.000821205
165.662	0.0	0.0	-0.00076909
165.732	0.0	0.0	-0.0007007175000000001
165.832	0.0	0.0	-0.00061103
165.942	0.0	0.0	-0.0005054875
165.992	0.0	0.0	-0.00040103000000000003
166.062	0.0	0.0	-0.00026199250000000007
166.162	0.0	0.0	-7.603925000000001e-05
166.272	0.0	0.0	0.0001465205
166.322	0.0	0.0	0.000261765
166.402	0.0	0.0	0.0004175675
166.492	0.0	0.0	0.0006258875000000001
166.612	0.0	0.0	0.000873775
166.672	0.0	0.0	0.0009358124999999999
166.742	0.0	0.0	0.00101745
166.842	0.0	0.0	0.001124725
166.952	0.0	0.0	0.0012510750000000001
167.002	0.0	0.0	0.0012144125
167.072	0.0	0.0	0.0011654475000000002
167.172	0.0	0.0	0.0010998575000000003
167.282	0.0	0.0	0.0010212650000000002
167.332	0.0	0.0	0.0008925000000000001
167.412	0.0	0.0	0.0007179900000000002
167.502	0.0	0.0	0.0004841725
167.622	0.0	0.0	0.00020569500000000004
167.682	0.0	0.0	3.8648750000000005e-05
167.752	0.0	0.0	-0.000181685
167.852	0.0	0.0	-0.0004718
167.962	0.0	0.0	-0.00081382
168.012	0.0	0.0	-0.0009209550000000001
168.082	0.0	0.0	-0.0010643150000000001
168.182	0.0	0.0	-0.00125685
168.292	0.0	0.0	-0.0014877275
168.342	0.0	0.0	-0.0014834225
168.422	0.0	0.0	-0.0014775775000000003
168.512	0.0	0.0	-0.0014697200000000003
168.632	0.0	0.0	-0.0014603575000000002
168.692	0.0	0.0	-0.0013326950000000003
168.762	0.0	0.0	-0.0011638375
168.862	0.0	0.0	-0.0009410975000000001
168.972	0.0	0.0	-0.0006782475
169.022	0.0	0.0	-0.0005016725
169.092	0.0	0.0	-0.000264705
169.192	0.0	0.0	5.413625e-05
169.302	0.0	0.0	0.00043683500000000006
169.352	0.0	0.0	0.0005826975
169.432	0.0	0.0	0.0007814975000000001
169.522	0.0	0.0	0.0010488625000000002
169.642	0.0	0.0	0.0013678875
169.702	0.0	0.0	0.0014056175
169.772	0.0	0.0	0.0014556325
169.872	0.0	0.0	0.00152173
169.982	0.0	0.0	0.001599815
170.032	0.0	0.0	0.0015140475
170.102	0.0	0.0	0.001398635
170.202	0.0	0.0	0.0012430425
170.312	0.0	0.0	0.0010561075
170.362	0.0	0.0	0.0008948625000000001
170.442	0.0	0.0	0.0006745375000000002
170.532	0.0	0.0	0.00037761500000000004
170.652	0.0	0.0	2.2993250000000002e-05
170.712	0.0	0.0	-0.00013250825000000002
170.782	0.0	0.0	-0.0003391150000000001
170.882	0.0	0.0	-0.000612605
170.992	0.0	0.0	-0.0009358825
171.042	0.0	0.0	-0.0009986725
171.112	0.0	0.0	-0.0010836525000000002
171.212	0.0	0.0	-0.0011988025000000003
171.322	0.0	0.0	-0.0013375250000000002
171.372	0.0	0.0	-0.0012949300000000001
171.452	0.0	0.0	-0.0012370575000000001
171.542	0.0	0.0	-0.0011596900000000001
171.662	0.0	0.0	-0.0010679550000000002
171.712	0.0	0.0	-0.0009562000000000001
171.782	0.0	0.0	-0.00080584
171.882	0.0	0.0	-0.000602945
171.992	0.0	0.0	-0.00035903000000000004
172.042	0.0	0.0	-0.00024244500000000001
172.122	0.0	0.0	-8.226575000000001e-05
172.212	0.0	0.0	0.00013439125
172.332	0.0	0.0	0.000393575
172.382	0.0	0.0	0.0004575200000000001
172.462	0.0	0.0	0.0005428675
172.552	0.0	0.0	0.0006562849999999999
172.672	0.0	0.0	0.0007905800000000001
172.722	0.0	0.0	0.0007789250000000001
172.792	0.0	0.0	0.0007631225
172.892	0.0	0.0	0.0007417025000000001
173.002	0.0	0.0	0.0007159075
173.052	0.0	0.0	0.0006574225000000001
173.122	0.0	0.0	0.00057694
173.222	0.0	0.0	0.0004678975
173.342	0.0	0.0	0.0003373475
173.392	0.0	0.0	0.0002750475
173.472	0.0	0.0	0.00019164250000000001
173.562	0.0	0.0	8.06085e-05
173.682	0.0	0.0	-5.099500000000001e-05
173.732	0.0	0.0	-7.695800000000002e-05
173.802	0.0	0.0	-0.00011225375000000001
173.902	0.0	0.0	-0.00016020025000000002
174.012	0.0	0.0	-0.0002179975
174.062	0.0	0.0	-0.0002088975
174.132	0.0	0.0	-0.00019633250000000002
174.232	0.0	0.0	-0.00017927
174.352	0.0	0.0	-0.00015882825
174.402	0.0	0.0	-0.0001397515
174.482	0.0	0.0	-0.00011414375000000002
174.572	0.0	0.0	-7.998900000000001e-05
174.692	0.0	0.0	-3.9467750000000005e-05
174.742	0.0	0.0	-3.726625e-05
174.812	0.0	0.0	-3.4265000000000005e-05
174.912	0.0	0.0	-3.01805e-05
175.022	0.0	0.0	-2.5252500000000003e-05
175.072	0.0	0.0	-1.77135e-06
175.142	0.0	0.0	3.073e-05
175.242	0.0	0.0	7.493325000000001e-05
175.362	0.0	0.0	0.0001279495
175.412	0.0	0.0	0.00016305975
175.492	0.0	0.0	0.000210315
175.582	0.0	0.0	0.00027345500000000003
175.702	0.0	0.0	0.00034844250000000003
175.752	0.0	0.0	0.00036218000000000003
175.822	0.0	0.0	0.00038094
175.922	0.0	0.0	0.00040654250000000003
176.032	0.0	0.0	0.00043744750000000005
176.082	0.0	0.0	0.0004098325
176.152	0.0	0.0	0.00037149000000000004
176.252	0.0	0.0	0.0003192525000000001
176.372	0.0	0.0	0.0002565325
176.422	0.0	0.0	0.0001913975
176.502	0.0	0.0	0.000103516
176.592	0.0	0.0	-1.4165725e-05
176.712	0.0	0.0	-0.00015405075000000002
176.762	0.0	0.0	-0.00021728
176.832	0.0	0.0	-0.0003039575
176.932	0.0	0.0	-0.00042243250000000005
177.042	0.0	0.0	-0.0005656525000000001
177.092	0.0	0.0	-0.0005926025000000001
177.162	0.0	0.0	-0.0006301225000000001
177.262	0.0	0.0	-0.000681345
177.382	0.0	0.0	-0.0007428925
177.432	0.0	0.0	-0.0007101325000000001
177.512	0.0	0.0	-0.000665805
177.602	0.0	0.0	-0.0006063225
177.722	0.0	0.0	-0.0005355700000000001
177.772	0.0	0.0	-0.00046107250000000004
177.842	0.0	0.0	-0.00035864500000000005
177.932	0.0	0.0	-0.00021836500000000001
178.052	0.0	0.0	-4.86465e-05
178.102	0.0	0.0	3.24065e-05
178.172	0.0	0.0	0.00014555450000000003
178.272	0.0	0.0	0.00030033500000000004
178.392	0.0	0.0	0.00048649999999999995
178.442	0.0	0.0	0.0005307225
178.522	0.0	0.0	0.00059073
178.612	0.0	0.0	0.0006714050000000001
178.732	0.0	0.0	0.0007674625000000001
178.782	0.0	0.0	0.00075117
178.852	0.0	0.0	0.0007287175000000002
178.942	0.0	0.0	0.0006978825
179.062	0.0	0.0	0.0006605550000000001
179.112	0.0	0.0	0.0005974675000000001
179.182	0.0	0.0	0.0005091275
179.282	0.0	0.0	0.000388045
179.402	0.0	0.0	0.00024230500000000006
179.452	0.0	0.0	0.000166292
179.532	0.0	0.0	6.289325e-05
179.622	0.0	0.0	-7.637000000000002e-05
179.742	0.0	0.0	-0.00024237500000000002
179.792	0.0	0.0	-0.0002857925
179.862	0.0	0.0	-0.00034587
179.952	0.0	0.0	-0.0004284525
180.072	0.0	0.0	-0.00052857
180.122	0.0	0.0	-0.0005270650000000002
180.192	0.0	0.0	-0.0005249650000000001
180.292	0.0	0.0	-0.0005220775000000001
180.412	0.0	0.0	-0.0005186125000000001
180.462	0.0	0.0	-0.0004794825
180.542	0.0	0.0	-0.00042610750000000007
180.632	0.0	0.0	-0.00035409500000000007
180.752	0.0	0.0	-0.00026817000000000003
180.802	0.0	0.0	-0.00022375500000000002
180.872	0.0	0.0	-0.00016215675000000004
180.962	0.0	0.0	-7.728700000000001e-05
181.082	0.0	0.0	2.568825e-05
181.132	0.0	0.0	5.3653250000000014e-05
181.202	0.0	0.0	9.302475e-05
181.302	0.0	0.0	0.00014720475000000002
181.422	0.0	0.0	0.0002125375
181.472	0.0	0.0	0.00021642250000000003
181.552	0.0	0.0	0.00022176000000000002
181.642	0.0	0.0	0.00022895250000000005
181.762	0.0	0.0	0.00023754500000000003
181.812	0.0	0.0	0.0002273775
181.882	0.0	0.0	0.00021322000000000002
181.972	0.0	0.0	0.00019369
182.092	0.0	0.0	0.00016997575
182.142	0.0	0.0	0.00015216950000000002
182.212	0.0	0.0	0.00012702550000000002
182.312	0.0	0.0	9.235800000000001e-05
182.432	0.0	0.0	5.051375000000001e-05
182.482	0.0	0.0	2.02055e-05
182.552	0.0	0.0	-2.136225e-05
182.652	0.0	0.0	-7.767725000000001e-05
182.772	0.0	0.0	-0.00014498925000000002
182.822	0.0	0.0	-0.0001771175
182.892	0.0	0.0	-0.000221935
182.982	0.0	0.0	-0.0002839375
183.102	0.0	0.0	-0.0003592925
183.152	0.0	0.0	-0.00037259250000000005
183.222	0.0	0.0	-0.000391405
183.322	0.0	0.0	-0.00041741
183.442	0.0	0.0	-0.00044880500000000004
183.492	0.0	0.0	-0.00042194250000000003
183.562	0.0	0.0	-0.0003849825000000001
183.662	0.0	0.0	-0.00033481000000000006
183.782	0.0	0.0	-0.00027478500000000005
183.832	0.0	0.0	-0.00021420000000000003
183.902	0.0	0.0	-0.00012939675
183.992	0.0	0.0	-1.1848550000000002e-05
184.112	0.0	0.0	0.00013116775
184.162	0.0	0.0	0.00020069000000000003
184.232	0.0	0.0	0.0002994425000000001
184.332	0.0	0.0	0.00043615250000000004
184.452	0.0	0.0	0.0006014225000000001
184.502	0.0	0.0	0.0006383825
184.572	0.0	0.0	0.0006893425000000001
184.672	0.0	0.0	0.0007586425000000001
184.792	0.0	0.0	0.000841645
184.842	0.0	0.0	0.0008156575
184.912	0.0	0.0	0.0007791875
185.002	0.0	0.0	0.000728525
185.122	0.0	0.0	0.0006668375
185.172	0.0	0.0	0.0005813150000000001
185.242	0.0	0.0	0.0004594975
185.342	0.0	0.0	0.00029055250000000003
185.462	0.0	0.0	8.60965e-05
185.512	0.0	0.0	-2.3894500000000003e-05
185.582	0.0	0.0	-0.0001759275
185.682	0.0	0.0	-0.00038302250000000007
185.802	0.0	0.0	-0.0006311550000000001
185.852	0.0	0.0	-0.0006994750000000001
185.922	0.0	0.0	-0.00079597
186.012	0.0	0.0	-0.0009306500000000001
186.132	0.0	0.0	-0.001095115
186.182	0.0	0.0	-0.0010879050000000001
186.252	0.0	0.0	-0.0010777200000000001
186.352	0.0	0.0	-0.0010636850000000002
186.472	0.0	0.0	-0.0010468325
186.522	0.0	0.0	-0.0009609075000000001
186.592	0.0	0.0	-0.000840315
186.682	0.0	0.0	-0.0006727
186.802	0.0	0.0	-0.00046844000000000003
186.852	0.0	0.0	-0.00034048
186.922	0.0	0.0	-0.00015716225000000003
187.022	0.0	0.0	9.803325e-05
187.142	0.0	0.0	0.0004073825
187.192	0.0	0.0	0.000516425
187.262	0.0	0.0	0.0006679575000000001
187.362	0.0	0.0	0.0008751049999999999
187.482	0.0	0.0	0.0011237625000000001
187.532	0.0	0.0	0.0011501000000000003
187.602	0.0	0.0	0.0011873575
187.692	0.0	0.0	0.0012393850000000002
187.812	0.0	0.0	0.0013028925000000001
187.862	0.0	0.0	0.0012355175000000002
187.932	0.0	0.0	0.0011387775
188.032	0.0	0.0	0.0010038875000000001
188.152	0.0	0.0	0.0008402800000000001
188.202	0.0	0.0	0.000703955
188.272	0.0	0.0	0.0005140100000000001
188.372	0.0	0.0	0.00025380250000000003
188.492	0.0	0.0	-5.88315e-05
188.542	0.0	0.0	-0.00018532500000000002
188.612	0.0	0.0	-0.00036484
188.702	0.0	0.0	-0.00061607
188.822	0.0	0.0	-0.0009230025000000001
188.872	0.0	0.0	-0.0009868600000000002
188.942	0.0	0.0	-0.0010788050000000002
189.042	0.0	0.0	-0.0012072725
189.162	0.0	0.0	-0.0013632325000000002
189.212	0.0	0.0	-0.0013273400000000002
189.282	0.0	0.0	-0.0012771675
189.382	0.0	0.0	-0.0012083225000000001
189.502	0.0	0.0	-0.0011255125000000001
189.552	0.0	0.0	-0.00101332
189.622	0.0	0.0	-0.0008535975000000001
189.712	0.0	0.0	-0.0006296325
189.832	0.0	0.0	-0.00035574
189.882	0.0	0.0	-0.0002169825
189.952	0.0	0.0	-1.6527174999999998e-05
190.052	0.0	0.0	0.0002640225
190.172	0.0	0.0	0.000604975
190.222	0.0	0.0	0.00070364
190.292	0.0	0.0	0.0008419075
190.392	0.0	0.0	0.0010320625
190.512	0.0	0.0	0.0012609275
190.562	0.0	0.0	0.0012662475000000002
190.632	0.0	0.0	0.0012738075000000002
190.722	0.0	0.0	0.0012844475
190.842	0.0	0.0	0.0012974675000000002
190.892	0.0	0.0	0.0012120675000000002
190.962	0.0	0.0	0.0010883250000000002
191.062	0.0	0.0	0.0009147950000000001
191.182	0.0	0.0	0.00070371
191.232	0.0	0.0	0.0005635350000000001
191.302	0.0	0.0	0.0003665025
191.402	0.0	0.0	9.502499999999999e-05
191.522	0.0	0.0	-0.0002320325
191.572	0.0	0.0	-0.00034678000000000004
191.642	0.0	0.0	-0.0005111225
191.732	0.0	0.0	-0.0007425250000000002
191.852	0.0	0.0	-0.0010260075000000002
191.902	0.0	0.0	-0.0010700025000000002
191.972	0.0	0.0	-0.001133965
192.072	0.0	0.0	-0.0012238275000000002
192.192	0.0	0.0	-0.0013332375000000003
192.242	0.0	0.0	-0.0012804225000000002
192.312	0.0	0.0	-0.0012059775000000002
192.412	0.0	0.0	-0.0011032000000000004
192.532	0.0	0.0	-0.0009792825
192.582	0.0	0.0	-0.0008634150000000002
192.652	0.0	0.0	-0.0006969375
192.742	0.0	0.0	-0.0004620700000000001
192.862	0.0	0.0	-0.00017408475
192.912	0.0	0.0	-4.580625e-05
192.982	0.0	0.0	0.00014118475000000002
193.082	0.0	0.0	0.00040446000000000004
193.202	0.0	0.0	0.0007252175000000001
193.252	0.0	0.0	0.0008038450000000001
193.322	0.0	0.0	0.0009149875000000001
193.422	0.0	0.0	0.0010687424999999999
193.542	0.0	0.0	0.0012543125
193.592	0.0	0.0	0.0012420625000000001
193.662	0.0	0.0	0.0012243875000000001
193.752	0.0	0.0	0.0011994325000000002
193.872	0.0	0.0	0.0011687725000000002
193.922	0.0	0.0	0.0010761450000000001
193.992	0.0	0.0	0.000940695
194.092	0.0	0.0	0.0007496125
194.212	0.0	0.0	0.0005166000000000001
194.262	0.0	0.0	0.0003844575
194.332	0.0	0.0	0.00019712
194.432	0.0	0.0	-6.252575e-05
194.552	0.0	0.0	-0.0003761625
194.602	0.0	0.0	-0.00047215000000000007
194.672	0.0	0.0	-0.000610925
194.762	0.0	0.0	-0.0008074850000000001
194.882	0.0	0.0	-0.00104895
194.932	0.0	0.0	-0.0010722425000000001
195.002	0.0	0.0	-0.0011064025000000002
195.102	0.0	0.0	-0.0011546850000000001
195.222	0.0	0.0	-0.0012136075000000002
195.272	0.0	0.0	-0.0011495049999999999
195.342	0.0	0.0	-0.0010583300000000001
195.442	0.0	0.0	-0.0009317174999999999
195.562	0.0	0.0	-0.000778645
195.612	0.0	0.0	-0.0006685175000000002
195.672	0.0	0.0	-0.0005087775000000001
195.772	0.0	0.0	-0.0002820475
195.892	0.0	0.0	-3.3026000000000004e-06
195.942	0.0	0.0	0.00010439975000000001
196.012	0.0	0.0	0.0002628675
196.112	0.0	0.0	0.00048728750000000005
196.232	0.0	0.0	0.000761425
196.282	0.0	0.0	0.00081424
196.352	0.0	0.0	0.0008895600000000001
196.452	0.0	0.0	0.0009943500000000002
196.572	0.0	0.0	0.0011211725
196.622	0.0	0.0	0.0010942400000000002
196.682	0.0	0.0	0.0010550750000000002
196.782	0.0	0.0	0.0009993725
196.902	0.0	0.0	0.0009308075
196.952	0.0	0.0	0.0008427475
197.022	0.0	0.0	0.0007127575
197.122	0.0	0.0	0.0005283075000000001
197.242	0.0	0.0	0.0003028025
197.292	0.0	0.0	0.0001951425
197.362	0.0	0.0	4.117225000000001e-05
197.462	0.0	0.0	-0.00017350375000000002
197.582	0.0	0.0	-0.00043351000000000007
197.632	0.0	0.0	-0.0004995725000000001
197.692	0.0	0.0	-0.0005959975000000001
197.792	0.0	0.0	-0.0007334425000000001
197.912	0.0	0.0	-0.0009027025
197.962	0.0	0.0	-0.0009053450000000001
198.032	0.0	0.0	-0.0009092650000000001
198.132	0.0	0.0	-0.00091483
198.252	0.0	0.0	-0.0009216550000000002
198.302	0.0	0.0	-0.0008597749999999999
198.372	0.0	0.0	-0.0007710150000000001
198.472	0.0	0.0	-0.0006470275000000001
198.592	0.0	0.0	-0.0004967025000000001
198.642	0.0	0.0	-0.00041153
198.702	0.0	0.0	-0.00028682500000000005
198.802	0.0	0.0	-0.00010869775
198.922	0.0	0.0	0.00011086600000000002
198.972	0.0	0.0	0.0001821225
199.042	0.0	0.0	0.00028794500000000006
199.142	0.0	0.0	0.00043869000000000004
199.262	0.0	0.0	0.0006233325
199.312	0.0	0.0	0.0006471150000000001
199.382	0.0	0.0	0.0006813275
199.482	0.0	0.0	0.0007292250000000002
199.602	0.0	0.0	0.0007873425
199.652	0.0	0.0	0.0007570325000000001
199.712	0.0	0.0	0.0007124950000000001
199.812	0.0	0.0	0.0006487775000000001
199.932	0.0	0.0	0.00057015
199.982	0.0	0.0	0.00050631
200.052	0.0	0.0	0.00041119750000000004
200.152	0.0	0.0	0.0002754325
200.272	0.0	0.0	0.0001090075
200.322	0.0	0.0	4.3309e-05
200.392	0.0	0.0	-5.145e-05
200.492	0.0	0.0	-0.00018429250000000002
200.612	0.0	0.0	-0.000345555
200.662	0.0	0.0	-0.0003769675
200.722	0.0	0.0	-0.0004234475
200.822	0.0	0.0	-0.0004902800000000001
200.942	0.0	0.0	-0.00057295
200.992	0.0	0.0	-0.0005640425
201.062	0.0	0.0	-0.0005508825
201.162	0.0	0.0	-0.0005322450000000001
201.282	0.0	0.0	-0.000509565
201.332	0.0	0.0	-0.0004702775
201.392	0.0	0.0	-0.00041258
201.492	0.0	0.0	-0.0003299275
201.612	0.0	0.0	-0.0002279025
201.662	0.0	0.0	-0.00018035500000000002
201.732	0.0	0.0	-0.00010908625000000001
201.832	0.0	0.0	-6.962550000000001e-06
201.952	0.0	0.0	0.00011841550000000002
202.002	0.0	0.0	0.00015196650000000002
202.072	0.0	0.0	0.0002006375
202.172	0.0	0.0	0.000269115
202.292	0.0	0.0	0.00035238
202.342	0.0	0.0	0.000356965
202.402	0.0	0.0	0.000363755
202.502	0.0	0.0	0.0003735375
202.622	0.0	0.0	0.00038561250000000003
202.672	0.0	0.0	0.00036585500000000005
202.742	0.0	0.0	0.0003361575
202.842	0.0	0.0	0.00029354500000000004
202.962	0.0	0.0	0.0002412025
203.012	0.0	0.0	0.00020805750000000005
203.082	0.0	0.0	0.0001598485
203.182	0.0	0.0	9.18715e-05
203.302	0.0	0.0	9.13185e-06
203.352	0.0	0.0	-1.866375e-05
203.412	0.0	0.0	-5.9991750000000014e-05
203.512	0.0	0.0	-0.00011957925
203.632	0.0	0.0	-0.00019332250000000004
203.682	0.0	0.0	-0.00020770750000000002
203.752	0.0	0.0	-0.00022939
203.852	0.0	0.0	-0.00026055750000000003
203.972	0.0	0.0	-0.0002988825
204.022	0.0	0.0	-0.0002939475000000001
204.092	0.0	0.0	-0.00028673749999999997
204.192	0.0	0.0	-0.00027657000000000007
204.312	0.0	0.0	-0.00026418000000000004
204.362	0.0	0.0	-0.00024249750000000005
204.422	0.0	0.0	-0.000210175
204.522	0.0	0.0	-0.00016346575000000002
204.642	0.0	0.0	-0.0001056055
204.692	0.0	0.0	-7.35455e-05
204.762	0.0	0.0	-2.5053000000000002e-05
204.862	0.0	0.0	4.4807000000000007e-05
204.982	0.0	0.0	0.000130781
205.032	0.0	0.0	0.00016021950000000003
205.102	0.0	0.0	0.000203315
205.202	0.0	0.0	0.00026432
205.322	0.0	0.0	0.000338695
205.362	0.0	0.0	0.00034767250000000005
205.432	0.0	0.0	0.00036113000000000003
205.532	0.0	0.0	0.0003805900000000001
205.652	0.0	0.0	0.0004047225
205.702	0.0	0.0	0.0003857875000000001
205.772	0.0	0.0	0.00035703500000000007
205.872	0.0	0.0	0.00031552500000000004
205.992	0.0	0.0	0.00026440750000000004
206.042	0.0	0.0	0.00021997500000000002
206.112	0.0	0.0	0.00015472100000000003
206.212	0.0	0.0	6.2181e-05
206.332	0.0	0.0	-5.075175e-05
206.372	0.0	0.0	-9.653875e-05
206.442	0.0	0.0	-0.00016530325000000003
206.542	0.0	0.0	-0.00026505500000000004
206.662	0.0	0.0	-0.00038883250000000004
206.712	0.0	0.0	-0.00041499500000000003
206.782	0.0	0.0	-0.00045482500000000006
206.882	0.0	0.0	-0.0005124175000000001
207.002	0.0	0.0	-0.0005834150000000001
207.052	0.0	0.0	-0.0005703425
207.122	0.0	0.0	-0.0005510925000000002
207.222	0.0	0.0	-0.0005237225000000001
207.342	0.0	0.0	-0.0004902975000000001
207.382	0.0	0.0	-0.0004422775
207.452	0.0	0.0	-0.000369915
207.552	0.0	0.0	-0.00026474000000000007
207.672	0.0	0.0	-0.000134113
207.722	0.0	0.0	-7.007350000000001e-05
207.792	0.0	0.0	2.7755e-05
207.892	0.0	0.0	0.00016952600000000003
208.012	0.0	0.0	0.00034443500000000003
208.062	0.0	0.0	0.0003925425
208.132	0.0	0.0	0.00046364500000000005
208.232	0.0	0.0	0.0005648475
208.352	0.0	0.0	0.0006885900000000002
208.392	0.0	0.0	0.0006909875
208.462	0.0	0.0	0.00069461
208.562	0.0	0.0	0.0006998950000000001
208.682	0.0	0.0	0.0007064575000000001
208.732	0.0	0.0	0.000660905
208.792	0.0	0.0	0.0005910625000000001
208.902	0.0	0.0	0.00048965
209.022	0.0	0.0	0.0003644375
209.072	0.0	0.0	0.000288365
209.142	0.0	0.0	0.00017561250000000002
209.242	0.0	0.0	1.4737275e-05
209.362	0.0	0.0	-0.0001820875
209.402	0.0	0.0	-0.00024384500000000005
209.472	0.0	0.0	-0.00033752250000000005
209.572	0.0	0.0	-0.00047425000000000006
209.692	0.0	0.0	-0.0006443675000000001
209.742	0.0	0.0	-0.0006657875000000001
209.802	0.0	0.0	-0.0006987400000000001
209.912	0.0	0.0	-0.0007466725
210.032	0.0	0.0	-0.0008059100000000002
210.082	0.0	0.0	-0.0007722750000000001
210.152	0.0	0.0	-0.0007222600000000001
210.252	0.0	0.0	-0.00065079
210.372	0.0	0.0	-0.000563255
210.412	0.0	0.0	-0.0004962300000000001
210.482	0.0	0.0	-0.00039418750000000006
210.582	0.0	0.0	-0.0002449475
210.702	0.0	0.0	-5.911675e-05
210.742	0.0	0.0	1.1245324999999999e-05
210.812	0.0	0.0	0.00011981900000000001
210.922	0.0	0.0	0.00027809250000000003
211.042	0.0	0.0	0.00047386500000000007
211.092	0.0	0.0	0.0005124700000000001
211.162	0.0	0.0	0.0005700625
211.262	0.0	0.0	0.0006525400000000001
211.382	0.0	0.0	0.0007536200000000001
211.422	0.0	0.0	0.0007410375000000001
211.492	0.0	0.0	0.0007218225000000002
211.592	0.0	0.0	0.000693665
211.712	0.0	0.0	0.0006585775
211.752	0.0	0.0	0.0006052725000000002
211.822	0.0	0.0	0.0005227425
211.922	0.0	0.0	0.0004022025
212.052	0.0	0.0	0.0002529625
212.102	0.0	0.0	0.00018460750000000005
212.172	0.0	0.0	8.231825e-05
212.272	0.0	0.0	-6.4484e-05
212.392	0.0	0.0	-0.0002445625
212.432	0.0	0.0	-0.0002882075
212.502	0.0	0.0	-0.0003551275
212.602	0.0	0.0	-0.00045339
212.722	0.0	0.0	-0.00057596
212.762	0.0	0.0	-0.0005809475
212.832	0.0	0.0	-0.0005886825
212.932	0.0	0.0	-0.000600005
213.062	0.0	0.0	-0.00061404
213.112	0.0	0.0	-0.00057883
213.182	0.0	0.0	-0.0005259625
213.282	0.0	0.0	-0.000449925
213.402	0.0	0.0	-0.00035658
213.442	0.0	0.0	-0.000305725
213.512	0.0	0.0	-0.00022748250000000005
213.612	0.0	0.0	-0.00011234125
213.732	0.0	0.0	3.1389750000000006e-05
213.772	0.0	0.0	7.602350000000002e-05
213.842	0.0	0.0	0.00014560350000000002
213.942	0.0	0.0	0.0002476425
214.072	0.0	0.0	0.0003741675
214.122	0.0	0.0	0.0003923500000000001
214.192	0.0	0.0	0.0004197375
214.292	0.0	0.0	0.00045920000000000005
214.412	0.0	0.0	0.0005076925000000001
214.452	0.0	0.0	0.0004932025
214.522	0.0	0.0	0.0004708375
214.622	0.0	0.0	0.0004378675
214.742	0.0	0.0	0.00039665500000000004
214.782	0.0	0.0	0.0003591175000000001
214.852	0.0	0.0	0.000300405
214.952	0.0	0.0	0.00021413000000000004
215.082	0.0	0.0	0.00010705624999999999
215.132	0.0	0.0	6.300175e-05
215.202	0.0	0.0	-3.5320250000000003e-06
215.302	0.0	0.0	-9.953300000000001e-05
215.422	0.0	0.0	-0.00021756
215.462	0.0	0.0	-0.00024402
215.532	0.0	0.0	-0.000285145
215.632	0.0	0.0	-0.00034611500000000003
215.752	0.0	0.0	-0.000422485
215.792	0.0	0.0	-0.0004230625
215.862	0.0	0.0	-0.000423955
215.972	0.0	0.0	-0.0004252675
216.092	0.0	0.0	-0.000426895
216.132	0.0	0.0	-0.00040125750000000003
216.202	0.0	0.0	-0.00036169
216.302	0.0	0.0	-0.0003032750000000001
216.422	0.0	0.0	-0.000230265
216.462	0.0	0.0	-0.00018996250000000002
216.532	0.0	0.0	-0.00012647950000000001
216.632	0.0	0.0	-3.285450000000001e-05
216.762	0.0	0.0	8.350650000000002e-05
216.812	0.0	0.0	0.00012023550000000001
216.882	0.0	0.0	0.00017605000000000002
216.982	0.0	0.0	0.00025688250000000006
217.102	0.0	0.0	0.00035642250000000007
217.142	0.0	0.0	0.0003686725
217.212	0.0	0.0	0.00038778250000000004
217.312	0.0	0.0	0.0004160975
217.432	0.0	0.0	0.00045155250000000004
217.472	0.0	0.0	0.00043557499999999995
217.542	0.0	0.0	0.00041035750000000004
217.642	0.0	0.0	0.00037310000000000007
217.772	0.0	0.0	0.00032677750000000005
217.822	0.0	0.0	0.00028882
217.882	0.0	0.0	0.0002309475
217.992	0.0	0.0	0.00014696150000000004
218.112	0.0	0.0	4.344375e-05
218.152	0.0	0.0	6.9245750000000005e-06
218.222	0.0	0.0	-5.019525000000001e-05
218.322	0.0	0.0	-0.00013506325000000002
218.442	0.0	0.0	-0.00024141250000000005
218.482	0.0	0.0	-0.00026146750000000004
218.552	0.0	0.0	-0.0002932475
218.652	0.0	0.0	-0.00034027000000000005
218.782	0.0	0.0	-0.0003988075
218.832	0.0	0.0	-0.00039224500000000005
218.892	0.0	0.0	-0.0003822175
219.002	0.0	0.0	-0.00036763999999999997
219.122	0.0	0.0	-0.0003496675000000001
219.162	0.0	0.0	-0.00032357500000000005
219.232	0.0	0.0	-0.00028260750000000005
219.332	0.0	0.0	-0.00022160250000000006
219.452	0.0	0.0	-0.00014511175000000003
219.492	0.0	0.0	-0.00011318125
219.562	0.0	0.0	-6.240850000000001e-05
219.662	0.0	0.0	1.2889449999999999e-05
219.792	0.0	0.0	0.00010669225
219.842	0.0	0.0	0.00012917975
219.902	0.0	0.0	0.00016369675
220.012	0.0	0.0	0.00021399
220.132	0.0	0.0	0.00027606250000000005
220.172	0.0	0.0	0.00027902000000000005
220.242	0.0	0.0	0.000283675
220.342	0.0	0.0	0.00029062250000000005
220.462	0.0	0.0	0.0002993375
220.502	0.0	0.0	0.00028532000000000004
220.572	0.0	0.0	0.00026293750000000004
220.672	0.0	0.0	0.00022967
220.802	0.0	0.0	0.000188195
220.842	0.0	0.0	0.00016208850000000002
220.912	0.0	0.0	0.00012187875
221.022	0.0	0.0	6.318025e-05
221.142	0.0	0.0	-9.350425000000001e-06
221.182	0.0	0.0	-3.6006250000000004e-05
221.252	0.0	0.0	-7.81585e-05
221.352	0.0	0.0	-0.00014117250000000002
221.472	0.0	0.0	-0.00022034249999999998
221.512	0.0	0.0	-0.0002393475
221.582	0.0	0.0	-0.00026978
221.682	0.0	0.0	-0.00031512250000000004
221.812	0.0	0.0	-0.00037166499999999997
221.852	0.0	0.0	-0.00036982750000000004
221.922	0.0	0.0	-0.0003669575
222.022	0.0	0.0	-0.000362775
222.152	0.0	0.0	-0.00035759500000000005
222.192	0.0	0.0	-0.0003297525
222.262	0.0	0.0	-0.00028554750000000004
222.362	0.0	0.0	-0.00021934500000000002
222.482	0.0	0.0	-0.00013610100000000002
222.522	0.0	0.0	-8.79865e-05
222.592	0.0	0.0	-1.0650675e-05
222.692	0.0	0.0	0.00010472700000000002
222.822	0.0	0.0	0.000248815
222.862	0.0	0.0	0.00029564500000000003
222.932	0.0	0.0	0.00036827
223.032	0.0	0.0	0.000474705
223.162	0.0	0.0	0.0006064449999999999
223.202	0.0	0.0	0.000619885
223.272	0.0	0.0	0.0006412875000000001
223.372	0.0	0.0	0.0006734
223.492	0.0	0.0	0.0007138250000000001
223.532	0.0	0.0	0.0006799275
223.602	0.0	0.0	0.0006252575
223.702	0.0	0.0	0.0005435150000000001
223.832	0.0	0.0	0.00044135
223.872	0.0	0.0	0.0003646825
223.942	0.0	0.0	0.00024542
224.042	0.0	0.0	7.025725e-05
224.172	0.0	0.0	-0.00014671475000000003
224.212	0.0	0.0	-0.000223055
224.282	0.0	0.0	-0.00034511750000000004
224.382	0.0	0.0	-0.0005287275000000001
224.502	0.0	0.0	-0.0007599550000000001
224.542	0.0	0.0	-0.0008003800000000002
224.612	0.0	0.0	-0.0008658475000000001
224.712	0.0	0.0	-0.0009639000000000001
224.842	0.0	0.0	-0.0010865225
224.882	0.0	0.0	-0.00105854
224.952	0.0	0.0	-0.00101486
225.052	0.0	0.0	-0.0009505825000000001
225.182	0.0	0.0	-0.0008708874999999999
225.222	0.0	0.0	-0.0007852425
225.292	0.0	0.0	-0.00064778
225.392	0.0	0.0	-0.0004405975
225.512	0.0	0.0	-0.00017942750000000002
225.552	0.0	0.0	-6.9594e-05
225.622	0.0	0.0	0.00010890599999999999
225.722	0.0	0.0	0.00037681000000000005
225.852	0.0	0.0	0.0007121625000000001
225.892	0.0	0.0	0.000790965
225.962	0.0	0.0	0.00091441
226.062	0.0	0.0	0.0010964275000000002
226.192	0.0	0.0	0.001322265
226.232	0.0	0.0	0.0013203575
226.302	0.0	0.0	0.001317295
226.402	0.0	0.0	0.0013126750000000001
226.522	0.0	0.0	0.0013068300000000001
226.562	0.0	0.0	0.0012223400000000001
226.632	0.0	0.0	0.0010845450000000001
226.732	0.0	0.0	0.00087731
226.862	0.0	0.0	0.00061768
226.902	0.0	0.0	0.00048208999999999996
226.972	0.0	0.0	0.00026895750000000007
227.072	0.0	0.0	-4.592000000000001e-05
227.202	0.0	0.0	-0.00043694000000000003
227.242	0.0	0.0	-0.0005436025000000001
227.312	0.0	0.0	-0.0007161175000000001
227.402	0.0	0.0	-0.0009772000000000001
227.532	0.0	0.0	-0.0013068475
227.572	0.0	0.0	-0.0013401325000000001
227.642	0.0	0.0	-0.001394645
227.742	0.0	0.0	-0.00147679
227.872	0.0	0.0	-0.0015797775
227.912	0.0	0.0	-0.0015131900000000002
227.982	0.0	0.0	-0.0014081550000000001
228.082	0.0	0.0	-0.0012526675000000002
228.212	0.0	0.0	-0.0010594500000000002
228.252	0.0	0.0	-0.000933275
228.322	0.0	0.0	-0.0007284375000000001
228.412	0.0	0.0	-0.0004177775000000001
228.542	0.0	0.0	-2.52315e-05
228.582	0.0	0.0	0.00010713325
228.652	0.0	0.0	0.00032466
228.752	0.0	0.0	0.0006530650000000001
228.882	0.0	0.0	0.001065155
228.922	0.0	0.0	0.0011374650000000003
228.992	0.0	0.0	0.0012518275000000002
229.092	0.0	0.0	0.001421385
229.222	0.0	0.0	0.0016322250000000002
229.262	0.0	0.0	0.0016048375
229.322	0.0	0.0	0.0015600200000000003
229.422	0.0	0.0	0.0014916825000000004
229.552	0.0	0.0	0.0014051450000000002
229.592	0.0	0.0	0.0012917100000000002
229.662	0.0	0.0	0.0011070150000000003
229.762	0.0	0.0	0.0008304275000000001
229.892	0.0	0.0	0.0004856775
229.932	0.0	0.0	0.0003490725
230.002	0.0	0.0	0.00012732475
230.092	0.0	0.0	-0.00020926500000000004
230.222	0.0	0.0	-0.00063483
230.262	0.0	0.0	-0.00073402
230.332	0.0	0.0	-0.0008982225
230.432	0.0	0.0	-0.0011470725
230.562	0.0	0.0	-0.0014597800000000001
230.602	0.0	0.0	-0.0014713475000000002
230.672	0.0	0.0	-0.0014897575000000001
230.772	0.0	0.0	-0.0015171625
230.902	0.0	0.0	-0.0015512875
230.942	0.0	0.0	-0.0014735875000000001
231.002	0.0	0.0	-0.0013461525000000002
231.102	0.0	0.0	-0.0011517800000000003
231.232	0.0	0.0	-0.0009056775
231.272	0.0	0.0	-0.0007756875
231.342	0.0	0.0	-0.0005599299999999999
231.442	0.0	0.0	-0.00023243500000000002
231.572	0.0	0.0	0.00017939250000000004
231.612	0.0	0.0	0.00030164750000000006
231.682	0.0	0.0	0.0004970175
231.782	0.0	0.0	0.0007883575
231.912	0.0	0.0	0.0011515000000000002
231.952	0.0	0.0	0.001197455
232.012	0.0	0.0	0.0012731425000000003
232.112	0.0	0.0	0.0013888000000000001
232.242	0.0	0.0	0.0015353625000000001
232.282	0.0	0.0	0.0014929775
232.352	0.0	0.0	0.0014223475
232.452	0.0	0.0	0.001314915
232.582	0.0	0.0	0.0011797275000000002
232.622	0.0	0.0	0.001063895
232.692	0.0	0.0	0.0008780975
232.792	0.0	0.0	0.0006005125
232.922	0.0	0.0	0.00025422250000000003
232.962	0.0	0.0	0.000134708
233.022	0.0	0.0	-6.286525e-05
233.122	0.0	0.0	-0.00036541750000000005
233.252	0.0	0.0	-0.0007491575
233.292	0.0	0.0	-0.0008259125000000001
233.362	0.0	0.0	-0.0009543100000000001
233.462	0.0	0.0	-0.0011499775000000001
233.592	0.0	0.0	-0.0013964125
233.632	0.0	0.0	-0.0013903049999999999
233.702	0.0	0.0	-0.0013804700000000002
233.802	0.0	0.0	-0.00136577
233.932	0.0	0.0	-0.0013474125000000003
233.972	0.0	0.0	-0.0012665100000000002
234.032	0.0	0.0	-0.0011322325000000001
234.132	0.0	0.0	-0.000926205
234.262	0.0	0.0	-0.0006646850000000001
234.302	0.0	0.0	-0.00054509
234.372	0.0	0.0	-0.0003442775
234.472	0.0	0.0	-3.7642500000000004e-05
234.602	0.0	0.0	0.00034886250000000003
234.642	0.0	0.0	0.0004521650000000001
234.712	0.0	0.0	0.0006190800000000002
234.812	0.0	0.0	0.000869435
234.942	0.0	0.0	0.0011822825000000002
234.982	0.0	0.0	0.00121163
235.042	0.0	0.0	0.00126056
235.142	0.0	0.0	0.0013357925000000003
235.272	0.0	0.0	0.0014313775000000003
235.312	0.0	0.0	0.0013795775000000003
235.382	0.0	0.0	0.00129227
235.482	0.0	0.0	0.001158675
235.612	0.0	0.0	0.00099015
235.652	0.0	0.0	0.0008751925000000002
235.722	0.0	0.0	0.0006887649999999999
235.822	0.0	0.0	0.0004085725
235.952	0.0	0.0	5.8177e-05
235.992	0.0	0.0	-5.2120250000000006e-05
236.052	0.0	0.0	-0.00023665250000000002
236.152	0.0	0.0	-0.0005209925000000001
236.282	0.0	0.0	-0.0008824900000000001
236.322	0.0	0.0	-0.0009454550000000002
236.392	0.0	0.0	-0.0010520125000000001
236.492	0.0	0.0	-0.0012153750000000003
236.622	0.0	0.0	-0.0014216300000000001
236.662	0.0	0.0	-0.0014015925
236.732	0.0	0.0	-0.00136899
236.832	0.0	0.0	-0.0013198850000000002
236.962	0.0	0.0	-0.001258425
237.002	0.0	0.0	-0.0011695250000000003
237.062	0.0	0.0	-0.0010201975
237.162	0.0	0.0	-0.000789635
237.292	0.0	0.0	-0.0004962650000000001
237.332	0.0	0.0	-0.00037618000000000005
237.402	0.0	0.0	-0.00017214925000000003
237.502	0.0	0.0	0.00014127750000000002
237.632	0.0	0.0	0.0005372675000000001
237.672	0.0	0.0	0.0006322925000000001
237.742	0.0	0.0	0.0007875525000000001
237.842	0.0	0.0	0.0010218075
237.972	0.0	0.0	0.0013152300000000001
238.012	0.0	0.0	0.0013312775
238.072	0.0	0.0	0.0013583675
238.172	0.0	0.0	0.0014002625
238.302	0.0	0.0	0.00145362
238.342	0.0	0.0	0.00138768
238.412	0.0	0.0	0.001275155
238.512	0.0	0.0	0.0011019925
238.642	0.0	0.0	0.000883015
238.682	0.0	0.0	0.0007593775
238.752	0.0	0.0	0.0005566225000000001
238.852	0.0	0.0	0.0002500925
238.982	0.0	0.0	-0.00013418650000000001
239.022	0.0	0.0	-0.00024232249999999998
239.082	0.0	0.0	-0.0004254425000000001
239.182	0.0	0.0	-0.0007093975000000001
239.312	0.0	0.0	-0.0010712450000000002
239.352	0.0	0.0	-0.0011220125
239.422	0.0	0.0	-0.0012089525
239.522	0.0	0.0	-0.00134302
239.652	0.0	0.0	-0.0015127
239.692	0.0	0.0	-0.0014751975
239.762	0.0	0.0	-0.0014134925000000003
239.862	0.0	0.0	-0.00131999
239.992	0.0	0.0	-0.0012026875
240.032	0.0	0.0	-0.0011020275000000002
240.092	0.0	0.0	-0.0009308425
240.192	0.0	0.0	-0.00066486
240.322	0.0	0.0	-0.00032562250000000003
240.362	0.0	0.0	-0.0002048725
240.432	0.0	0.0	2.8164500000000004e-06
240.532	0.0	0.0	0.00032376750000000004
240.662	0.0	0.0	0.000730205
240.702	0.0	0.0	0.0008128575000000001
240.772	0.0	0.0	0.0009494275
240.872	0.0	0.0	0.0011567500000000002
241.002	0.0	0.0	0.0014170450000000005
241.042	0.0	0.0	0.0014158200000000001
241.102	0.0	0.0	0.0014137375000000002
241.202	0.0	0.0	0.0014104825
241.332	0.0	0.0	0.0014063350000000003
241.372	0.0	0.0	0.001327375
241.442	0.0	0.0	0.0011910150000000001
241.542	0.0	0.0	0.0009798600000000001
241.672	0.0	0.0	0.00071225
241.712	0.0	0.0	0.0005888225
241.782	0.0	0.0	0.0003841075
241.882	0.0	0.0	7.27265e-05
242.012	0.0	0.0	-0.0003185525
242.052	0.0	0.0	-0.0004127375
242.112	0.0	0.0	-0.000574245
242.212	0.0	0.0	-0.0008262275000000001
242.342	0.0	0.0	-0.0011481050000000002
242.382	0.0	0.0	-0.0011787300000000002
242.452	0.0	0.0	-0.001231825
242.552	0.0	0.0	-0.001314215
242.682	0.0	0.0	-0.0014186900000000002
242.722	0.0	0.0	-0.0013671175000000001
242.792	0.0	0.0	-0.0012812275000000002
242.892	0.0	0.0	-0.0011503275000000002
243.022	0.0	0.0	-0.0009857225
243.062	0.0	0.0	-0.00088774
243.122	0.0	0.0	-0.0007190225000000001
243.222	0.0	0.0	-0.000455245
243.352	0.0	0.0	-0.00011803050000000001
243.392	0.0	0.0	-1.6002525e-05
243.452	0.0	0.0	0.000161623
243.562	0.0	0.0	0.00043778
243.692	0.0	0.0	0.000788305
243.732	0.0	0.0	0.0008452850000000001
243.802	0.0	0.0	0.0009404325
243.902	0.0	0.0	0.0010856475
244.032	0.0	0.0	0.0012683825000000001
244.072	0.0	0.0	0.0012521075
244.132	0.0	0.0	0.0012237925000000002
244.232	0.0	0.0	0.0011793250000000002
244.362	0.0	0.0	0.0011223275000000002
244.402	0.0	0.0	0.0010449425000000003
244.472	0.0	0.0	0.00091161
244.572	0.0	0.0	0.0007060200000000001
244.702	0.0	0.0	0.00044674000000000005
244.742	0.0	0.0	0.0003527475
244.802	0.0	0.0	0.00019089
244.902	0.0	0.0	-6.235425000000001e-05
245.032	0.0	0.0	-0.00038633000000000005
245.072	0.0	0.0	-0.00045647000000000005
245.132	0.0	0.0	-0.0005795650000000001
245.242	0.0	0.0	-0.0007716625000000002
245.372	0.0	0.0	-0.00101584
245.412	0.0	0.0	-0.0010289650000000002
245.482	0.0	0.0	-0.0010510675000000003
245.582	0.0	0.0	-0.0010849300000000002
245.712	0.0	0.0	-0.0011275950000000001
245.752	0.0	0.0	-0.0010809925
245.812	0.0	0.0	-0.00099981
245.912	0.0	0.0	-0.0008722000000000002
246.042	0.0	0.0	-0.0007087150000000001
246.082	0.0	0.0	-0.0006247150000000001
246.142	0.0	0.0	-0.00047682250000000007
246.252	0.0	0.0	-0.0002456825
246.382	0.0	0.0	4.830175000000001e-05
246.422	0.0	0.0	0.00013303850000000002
246.492	0.0	0.0	0.00027615
246.592	0.0	0.0	0.0004958450000000001
246.722	0.0	0.0	0.0007729400000000002
246.762	0.0	0.0	0.0008111250000000001
246.822	0.0	0.0	0.0008779224999999999
246.922	0.0	0.0	0.0009831500000000001
247.052	0.0	0.0	0.0011180575000000002
247.092	0.0	0.0	0.0010977575000000002
247.152	0.0	0.0	0.001061865
247.262	0.0	0.0	0.0010056375
247.392	0.0	0.0	0.0009340625000000001
247.432	0.0	0.0	0.0008577274999999999
247.502	0.0	0.0	0.0007282800000000001
247.602	0.0	0.0	0.0005291650000000001
247.732	0.0	0.0	0.0002778475000000001
247.772	0.0	0.0	0.00018928
247.832	0.0	0.0	3.3712e-05
247.932	0.0	0.0	-0.00021189
248.062	0.0	0.0	-0.0005270125
248.102	0.0	0.0	-0.000594055
248.162	0.0	0.0	-0.0007130725000000001
248.272	0.0	0.0	-0.0008998675000000001
248.402	0.0	0.0	-0.0011378150000000001
248.442	0.0	0.0	-0.00114611
248.512	0.0	0.0	-0.00116025
248.612	0.0	0.0	-0.0011820375
248.742	0.0	0.0	-0.0012095650000000001
248.782	0.0	0.0	-0.0011526725000000002
248.842	0.0	0.0	-0.0010522575
248.942	0.0	0.0	-0.0008934450000000001
249.072	0.0	0.0	-0.0006895
249.112	0.0	0.0	-0.0005883500000000001
249.172	0.0	0.0	-0.000407995
249.282	0.0	0.0	-0.00012441625000000003
249.412	0.0	0.0	0.00023710750000000003
249.452	0.0	0.0	0.0003384675
249.522	0.0	0.0	0.0005116825
249.622	0.0	0.0	0.0007792225
249.752	0.0	0.0	0.0011174450000000001
249.792	0.0	0.0	0.0011582900000000002
249.852	0.0	0.0	0.0012306875000000002
249.952	0.0	0.0	0.0013454525000000002
250.082	0.0	0.0	0.0014929250000000002
250.122	0.0	0.0	0.0014553175
250.182	0.0	0.0	0.001387995
250.292	0.0	0.0	0.0012818925
250.422	0.0	0.0	0.0011465475
250.462	0.0	0.0	0.00103579
250.532	0.0	0.0	0.0008457225000000001
250.632	0.0	0.0	0.0005515650000000001
250.762	0.0	0.0	0.00017942750000000002
250.802	0.0	0.0	6.001625000000001e-05
250.862	0.0	0.0	-0.00015254575
250.962	0.0	0.0	-0.00049021
251.092	0.0	0.0	-0.000924455
251.132	0.0	0.0	-0.001004605
251.192	0.0	0.0	-0.0011487175000000002
251.302	0.0	0.0	-0.0013762525000000003
251.432	0.0	0.0	-0.0016667700000000001
251.472	0.0	0.0	-0.0016592450000000002
251.542	0.0	0.0	-0.0016462775000000002
251.642	0.0	0.0	-0.0016261700000000001
251.772	0.0	0.0	-0.0016007075
251.812	0.0	0.0	-0.001508535
251.872	0.0	0.0	-0.0013437025000000002
251.972	0.0	0.0	-0.0010813075
252.102	0.0	0.0	-0.00074361
252.142	0.0	0.0	-0.0006034700000000002
252.202	0.0	0.0	-0.00035035
252.312	0.0	0.0	5.006575000000001e-05
252.442	0.0	0.0	0.0005616975000000001
252.482	0.0	0.0	0.000684915
252.552	0.0	0.0	0.0008980825000000001
252.652	0.0	0.0	0.0012292875
252.782	0.0	0.0	0.0016489725000000002
252.822	0.0	0.0	0.001681575
252.882	0.0	0.0	0.0017401475000000002
252.982	0.0	0.0	0.0018336500000000005
253.112	0.0	0.0	0.0019538750000000003
253.152	0.0	0.0	0.0018842250000000002
253.212	0.0	0.0	0.0017577000000000003
253.322	0.0	0.0	0.0015570275
253.452	0.0	0.0	0.0013005125000000004
253.492	0.0	0.0	0.0011497325000000003
253.552	0.0	0.0	0.00088781
253.662	0.0	0.0	0.0004800425
253.792	0.0	0.0	-3.7066750000000006e-05
253.832	0.0	0.0	-0.00017830750000000003
253.892	0.0	0.0	-0.00043316
253.992	0.0	0.0	-0.0008405425000000001
254.122	0.0	0.0	-0.0013656650000000003
254.162	0.0	0.0	-0.0014420000000000001
254.222	0.0	0.0	-0.0015810725
254.332	0.0	0.0	-0.0018019750000000004
254.462	0.0	0.0	-0.0020846000000000003
254.502	0.0	0.0	-0.0020494250000000006
254.562	0.0	0.0	-0.0019878250000000004
254.672	0.0	0.0	-0.0018915750000000002
254.802	0.0	0.0	-0.0017697750000000003
254.832	0.0	0.0	-0.0016466625000000003
254.902	0.0	0.0	-0.001423625
255.002	0.0	0.0	-0.0010663800000000002
255.132	0.0	0.0	-0.0006055
255.172	0.0	0.0	-0.0004468625000000001
255.232	0.0	0.0	-0.000156492
255.342	0.0	0.0	0.00030563750000000005
255.472	0.0	0.0	0.0008974699999999999
255.512	0.0	0.0	0.0010157700000000003
255.572	0.0	0.0	0.001223005
255.682	0.0	0.0	0.0015469475
255.812	0.0	0.0	0.001958425
255.842	0.0	0.0	0.001968575
255.912	0.0	0.0	0.0019873
256.012	0.0	0.0	0.0020172250000000005
256.142	0.0	0.0	0.0020560750000000005
256.182	0.0	0.0	0.00196105
256.242	0.0	0.0	0.0017865750000000003
256.352	0.0	0.0	0.0015082550000000002
256.482	0.0	0.0	0.0011515524999999999
256.522	0.0	0.0	0.000989345
256.582	0.0	0.0	0.0007040425000000001
256.692	0.0	0.0	0.00025718000000000003
256.822	0.0	0.0	-0.0003108175000000001
256.852	0.0	0.0	-0.00044168250000000005
256.922	0.0	0.0	-0.0006811175000000001
257.022	0.0	0.0	-0.0010662400000000002
257.152	0.0	0.0	-0.0015638000000000002
257.192	0.0	0.0	-0.0016156350000000002
257.252	0.0	0.0	-0.0017113425
257.362	0.0	0.0	-0.0018642750000000003
257.492	0.0	0.0	-0.00206045
257.532	0.0	0.0	-0.0020020000000000003
257.592	0.0	0.0	-0.001898925
257.702	0.0	0.0	-0.0017371899999999998
257.832	0.0	0.0	-0.0015313725
257.862	0.0	0.0	-0.0014048300000000001
257.932	0.0	0.0	-0.001172255
258.032	0.0	0.0	-0.0007973525
258.162	0.0	0.0	-0.00031262
258.202	0.0	0.0	-0.00017251150000000004
258.262	0.0	0.0	8.740900000000002e-05
258.372	0.0	0.0	0.0005035975
258.502	0.0	0.0	0.0010377850000000003
258.542	0.0	0.0	0.001124095
258.602	0.0	0.0	0.0012770625
258.712	0.0	0.0	0.0015175125000000001
258.842	0.0	0.0	0.0018235000000000003
258.872	0.0	0.0	0.001811075
258.942	0.0	0.0	0.0017878000000000002
259.042	0.0	0.0	0.001750175
259.172	0.0	0.0	0.0017014375
259.212	0.0	0.0	0.0016031400000000003
259.272	0.0	0.0	0.0014229075000000001
259.382	0.0	0.0	0.0011367299999999999
259.512	0.0	0.0	0.00077175
259.542	0.0	0.0	0.0006456275
259.612	0.0	0.0	0.00041382250000000006
259.712	0.0	0.0	3.987725e-05
259.842	0.0	0.0	-0.00044394
259.872	0.0	0.0	-0.00054264
259.942	0.0	0.0	-0.0007273700000000001
260.052	0.0	0.0	-0.0010242925
260.182	0.0	0.0	-0.0014059150000000002
260.222	0.0	0.0	-0.0014303450000000004
260.282	0.0	0.0	-0.0014739900000000003
260.392	0.0	0.0	-0.0015428525000000001
260.522	0.0	0.0	-0.0016306325
260.552	0.0	0.0	-0.0015744225
260.622	0.0	0.0	-0.0014698075000000002
260.722	0.0	0.0	-0.0013002325000000003
260.852	0.0	0.0	-0.00108052
260.882	0.0	0.0	-0.0009745575
260.952	0.0	0.0	-0.00077553
261.052	0.0	0.0	-0.00045514
261.192	0.0	0.0	-4.3109500000000005e-05
261.232	0.0	0.0	6.377875e-05
261.292	0.0	0.0	0.00025557000000000005
261.402	0.0	0.0	0.0005587750000000001
261.532	0.0	0.0	0.0009455425
261.562	0.0	0.0	0.0009925300000000001
261.632	0.0	0.0	0.0010803975
261.732	0.0	0.0	0.00122311
261.862	0.0	0.0	0.0014081725
261.892	0.0	0.0	0.0013856325
261.962	0.0	0.0	0.0013431250000000001
262.062	0.0	0.0	0.0012745425000000002
262.202	0.0	0.0	0.00118629
262.242	0.0	0.0	0.0011028675000000002
262.302	0.0	0.0	0.0009525075000000002
262.412	0.0	0.0	0.0007143325000000001
262.542	0.0	0.0	0.00041028750000000007
262.572	0.0	0.0	0.000319865
262.642	0.0	0.0	0.00014993125000000002
262.742	0.0	0.0	-0.000126665
262.872	0.0	0.0	-0.000485555
262.902	0.0	0.0	-0.0005490625000000001
262.972	0.0	0.0	-0.0006694800000000001
263.072	0.0	0.0	-0.0008640975
263.212	0.0	0.0	-0.00111475
263.252	0.0	0.0	-0.0011205075000000001
263.312	0.0	0.0	-0.0011309375000000002
263.422	0.0	0.0	-0.001147475
263.552	0.0	0.0	-0.0011685975000000001
263.582	0.0	0.0	-0.0011194050000000002
263.652	0.0	0.0	-0.0010264800000000002
263.752	0.0	0.0	-0.0008748950000000001
263.882	0.0	0.0	-0.0006780900000000001
263.912	0.0	0.0	-0.0005984825000000001
263.982	0.0	0.0	-0.0004468625000000001
264.082	0.0	0.0	-0.0002013025
264.222	0.0	0.0	0.00011520600000000001
264.262	0.0	0.0	0.00018886
264.322	0.0	0.0	0.00032275250000000005
264.432	0.0	0.0	0.00053571
264.562	0.0	0.0	0.0008079925
264.592	0.0	0.0	0.0008344175
264.662	0.0	0.0	0.000884555
264.762	0.0	0.0	0.0009665250000000001
264.892	0.0	0.0	0.0010730300000000002
264.922	0.0	0.0	0.0010479875000000002
264.992	0.0	0.0	0.0010000375
265.092	0.0	0.0	0.0009222325000000001
265.232	0.0	0.0	0.0008218875
265.272	0.0	0.0	0.0007546525
265.332	0.0	0.0	0.0006318550000000002
265.442	0.0	0.0	0.00043617000000000005
265.572	0.0	0.0	0.00018578
265.602	0.0	0.0	0.00011856775
265.672	0.0	0.0	-9.627100000000001e-06
265.772	0.0	0.0	-0.00021960749999999998
265.902	0.0	0.0	-0.0004926775000000001
265.932	0.0	0.0	-0.0005353425
266.002	0.0	0.0	-0.0006174175
266.102	0.0	0.0	-0.000750855
266.242	0.0	0.0	-0.0009231250000000001
266.282	0.0	0.0	-0.0009194150000000001
266.342	0.0	0.0	-0.0009126075000000001
266.452	0.0	0.0	-0.00090174
266.582	0.0	0.0	-0.0008878450000000002
266.612	0.0	0.0	-0.0008437800000000001
266.672	0.0	0.0	-0.0007593600000000002
266.782	0.0	0.0	-0.0006207599999999999
266.912	0.0	0.0	-0.00044040500000000005
266.942	0.0	0.0	-0.000376215
267.012	0.0	0.0	-0.00025215750000000004
267.112	0.0	0.0	-5.002375000000001e-05
267.252	0.0	0.0	0.000211085
267.292	0.0	0.0	0.00026587750000000004
267.352	0.0	0.0	0.000366835
267.462	0.0	0.0	0.0005283950000000001
267.592	0.0	0.0	0.0007354200000000001
267.622	0.0	0.0	0.0007499625
267.682	0.0	0.0	0.0007779624999999999
267.792	0.0	0.0	0.0008240225000000002
267.922	0.0	0.0	0.000883995
267.952	0.0	0.0	0.000856905
268.022	0.0	0.0	0.0008043000000000001
268.122	0.0	0.0	0.0007183925
268.262	0.0	0.0	0.0006073550000000001
268.302	0.0	0.0	0.0005489575
268.362	0.0	0.0	0.00044086000000000006
268.472	0.0	0.0	0.00026754000000000003
268.602	0.0	0.0	4.5277750000000005e-05
268.632	0.0	0.0	-8.042300000000001e-06
268.692	0.0	0.0	-0.00011126500000000001
268.802	0.0	0.0	-0.00028141750000000007
268.932	0.0	0.0	-0.0005031775
268.962	0.0	0.0	-0.0005322625
269.032	0.0	0.0	-0.000589015
269.132	0.0	0.0	-0.00068187
269.272	0.0	0.0	-0.0008020075
269.312	0.0	0.0	-0.0007912625000000001
269.372	0.0	0.0	-0.0007712950000000001
269.482	0.0	0.0	-0.0007392175000000001
269.612	0.0	0.0	-0.00069804
269.642	0.0	0.0	-0.0006571600000000002
269.702	0.0	0.0	-0.0005776225
269.812	0.0	0.0	-0.00044623250000000003
269.942	0.0	0.0	-0.000274855
269.972	0.0	0.0	-0.00022216249999999999
270.042	0.0	0.0	-0.00011885125000000001
270.142	0.0	0.0	5.053475e-05
270.282	0.0	0.0	0.000269815
270.312	0.0	0.0	0.00030950500000000007
270.382	0.0	0.0	0.0003836525
270.492	0.0	0.0	0.0005030375000000001
270.622	0.0	0.0	0.0006563375000000001
270.652	0.0	0.0	0.0006612550000000001
270.712	0.0	0.0	0.0006708625
270.822	0.0	0.0	0.00068677
270.952	0.0	0.0	0.0007075250000000001
270.982	0.0	0.0	0.000679945
271.052	0.0	0.0	0.0006255725000000001
271.152	0.0	0.0	0.0005362700000000001
271.292	0.0	0.0	0.00042056000000000005
271.322	0.0	0.0	0.00037231250000000003
271.392	0.0	0.0	0.000281785
271.492	0.0	0.0	0.00013574400000000003
271.632	0.0	0.0	-5.1952250000000004e-05
271.662	0.0	0.0	-9.0734e-05
271.722	0.0	0.0	-0.00016697625000000003
271.832	0.0	0.0	-0.00029344000000000006
271.962	0.0	0.0	-0.00045863999999999996
271.992	0.0	0.0	-0.0004749500000000001
272.062	0.0	0.0	-0.0005072725
272.162	0.0	0.0	-0.0005604725000000001
272.302	0.0	0.0	-0.00062944
272.332	0.0	0.0	-0.0006147925000000001
272.402	0.0	0.0	-0.0005871950000000001
272.502	0.0	0.0	-0.0005425525
272.642	0.0	0.0	-0.00048517
272.672	0.0	0.0	-0.0004516925000000001
272.732	0.0	0.0	-0.0003855425
272.842	0.0	0.0	-0.00027559000000000004
272.972	0.0	0.0	-0.00013185725
273.002	0.0	0.0	-9.450350000000001e-05
273.072	0.0	0.0	-2.0146e-05
273.172	0.0	0.0	0.000102501
273.312	0.0	0.0	0.00026162500000000003
273.342	0.0	0.0	0.000285215
273.412	0.0	0.0	0.0003298575000000001
273.512	0.0	0.0	0.00040213250000000004
273.652	0.0	0.0	0.0004951275000000001
273.682	0.0	0.0	0.0004932025
273.742	0.0	0.0	0.00048937
273.852	0.0	0.0	0.0004829650000000001
273.982	0.0	0.0	0.00047458250000000004
274.012	0.0	0.0	0.00045128999999999997
274.082	0.0	0.0	0.00040554500000000005
274.182	0.0	0.0	0.00033071500000000003
274.322	0.0	0.0	0.0002342375
274.352	0.0	0.0	0.0002042075
274.412	0.0	0.0	0.000144844
274.522	0.0	0.0	4.608625000000001e-05
274.652	0.0	0.0	-8.308825e-05
274.682	0.0	0.0	-0.00010673075
274.752	0.0	0.0	-0.00015426250000000002
274.852	0.0	0.0	-0.00023296
274.992	0.0	0.0	-0.00033521250000000005
275.022	0.0	0.0	-0.00034182750000000007
275.092	0.0	0.0	-0.00035448000000000006
275.192	0.0	0.0	-0.0003750425
275.332	0.0	0.0	-0.00040153750000000005
275.362	0.0	0.0	-0.000389935
275.422	0.0	0.0	-0.0003666600000000001
275.532	0.0	0.0	-0.00032777500000000004
275.662	0.0	0.0	-0.00027683250000000003
275.692	0.0	0.0	-0.00025429250000000005
275.762	0.0	0.0	-0.00020882750000000003
275.862	0.0	0.0	-0.00013342
276.002	0.0	0.0	-3.5400750000000005e-05
276.032	0.0	0.0	-1.2423950000000002e-05
276.102	0.0	0.0	3.1654000000000006e-05
276.202	0.0	0.0	0.00010343375
276.342	0.0	0.0	0.00019600000000000002
276.372	0.0	0.0	0.00020644750000000002
276.432	0.0	0.0	0.000227465
276.542	0.0	0.0	0.00026269250000000003
276.672	0.0	0.0	0.0003088575
276.702	0.0	0.0	0.0003052875
276.772	0.0	0.0	0.00029802500000000005
276.872	0.0	0.0	0.0002859675
277.012	0.0	0.0	0.00027028750000000003
277.042	0.0	0.0	0.00025429250000000005
277.112	0.0	0.0	0.00022344
277.212	0.0	0.0	0.00017310650000000003
277.352	0.0	0.0	0.00010814650000000001
277.382	0.0	0.0	9.031925000000002e-05
277.442	0.0	0.0	5.4204500000000006e-05
277.542	0.0	0.0	-6.421800000000001e-06
277.682	0.0	0.0	-8.593899999999999e-05
277.712	0.0	0.0	-9.929675000000002e-05
277.782	0.0	0.0	-0.000126532
277.882	0.0	0.0	-0.00017188325
278.022	0.0	0.0	-0.0002309125
278.052	0.0	0.0	-0.00023355500000000004
278.122	0.0	0.0	-0.00023868250000000002
278.222	0.0	0.0	-0.00024704750000000003
278.362	0.0	0.0	-0.00025784500000000004
278.392	0.0	0.0	-0.000249305
278.452	0.0	0.0	-0.00023191000000000002
278.552	0.0	0.0	-0.00020263250000000002
278.692	0.0	0.0	-0.0001642025
278.722	0.0	0.0	-0.00014846125000000002
278.782	0.0	0.0	-0.00011618775000000003
278.892	0.0	0.0	-6.234025e-05
279.032	0.0	0.0	7.804125e-06
279.062	0.0	0.0	2.4090500000000003e-05
279.132	0.0	0.0	5.579e-05
279.232	0.0	0.0	0.00010773
279.372	0.0	0.0	0.00017485825000000004
279.402	0.0	0.0	0.00018224500000000004
279.462	0.0	0.0	0.000197365
279.562	0.0	0.0	0.00022284500000000003
279.702	0.0	0.0	0.00025632249999999997
279.732	0.0	0.0	0.0002526475
279.792	0.0	0.0	0.0002450875
279.902	0.0	0.0	0.00023245250000000002
280.042	0.0	0.0	0.00021598500000000003
280.072	0.0	0.0	0.0002015125
280.142	0.0	0.0	0.00017320100000000002
280.242	0.0	0.0	0.00012671225000000002
280.382	0.0	0.0	6.658750000000001e-05
280.412	0.0	0.0	5.0169e-05
280.472	0.0	0.0	1.6353750000000002e-05
280.572	0.0	0.0	-4.077325e-05
280.712	0.0	0.0	-0.00011586225000000003
280.742	0.0	0.0	-0.00012812625
280.802	0.0	0.0	-0.00015353450000000002
280.912	0.0	0.0	-0.00019610500000000002
281.052	0.0	0.0	-0.0002516325
281.082	0.0	0.0	-0.00025291
281.152	0.0	0.0	-0.00025541250000000006
281.252	0.0	0.0	-0.00025952500000000003
281.392	0.0	0.0	-0.00026484500000000004
281.422	0.0	0.0	-0.0002545725
281.482	0.0	0.0	-0.00023329250000000002
281.582	0.0	0.0	-0.00019724250000000001
281.722	0.0	0.0	-0.00014984900000000002
281.752	0.0	0.0	-0.0001323175
281.812	0.0	0.0	-9.580025e-05
281.922	0.0	0.0	-3.44925e-05
282.062	0.0	0.0	4.5540250000000005e-05
282.092	0.0	0.0	6.242075e-05
282.162	0.0	0.0	9.577050000000001e-05
282.262	0.0	0.0	0.00015074500000000003
282.402	0.0	0.0	0.0002219525
282.432	0.0	0.0	0.00022793750000000003
282.492	0.0	0.0	0.00024041500000000004
282.592	0.0	0.0	0.0002615725
282.732	0.0	0.0	0.0002894325
282.762	0.0	0.0	0.0002829225
282.822	0.0	0.0	0.00026930750000000005
282.932	0.0	0.0	0.0002464
283.072	0.0	0.0	0.000216475
283.102	0.0	0.0	0.00019930750000000003
283.172	0.0	0.0	0.00016518775000000003
283.272	0.0	0.0	0.00010883775000000001
283.412	0.0	0.0	3.579975e-05
283.442	0.0	0.0	1.890875e-05
283.502	0.0	0.0	-1.6471700000000004e-05
283.602	0.0	0.0	-7.6622e-05
283.742	0.0	0.0	-0.00015585850000000002
283.772	0.0	0.0	-0.0001662465
283.832	0.0	0.0	-0.00018812500000000003
283.942	0.0	0.0	-0.00022499750000000004
284.082	0.0	0.0	-0.00027321
284.112	0.0	0.0	-0.00027133750000000003
284.182	0.0	0.0	-0.00026759250000000004
284.282	0.0	0.0	-0.00026141500000000003
284.422	0.0	0.0	-0.0002533825
284.452	0.0	0.0	-0.0002412725
284.512	0.0	0.0	-0.00021579250000000003
284.612	0.0	0.0	-0.000172368
284.752	0.0	0.0	-0.000115129
284.782	0.0	0.0	-9.816975000000001e-05
284.842	0.0	0.0	-6.225625000000001e-05
284.952	0.0	0.0	-1.5941975000000002e-06
285.092	0.0	0.0	7.776300000000001e-05
285.122	0.0	0.0	9.17875e-05
285.192	0.0	0.0	0.0001199205
285.292	0.0	0.0	0.00016658075000000003
285.432	0.0	0.0	0.00022715000000000002
285.462	0.0	0.0	0.000230265
285.522	0.0	0.0	0.00023686250000000002
285.622	0.0	0.0	0.00024811500000000003
285.762	0.0	0.0	0.0002629725
285.792	0.0	0.0	0.000255115
285.852	0.0	0.0	0.00023838500000000003
285.962	0.0	0.0	0.00021003500000000002
286.102	0.0	0.0	0.00017294900000000001
286.132	0.0	0.0	0.00015668275000000001
286.202	0.0	0.0	0.00012388075
286.302	0.0	0.0	6.937000000000001e-05
286.442	0.0	0.0	-1.43948e-06
286.472	0.0	0.0	-1.62568e-05
286.532	0.0	0.0	-4.7834500000000004e-05
286.632	0.0	0.0	-0.000101864
286.772	0.0	0.0	-0.00017319050000000002
286.802	0.0	0.0	-0.000181615
286.862	0.0	0.0	-0.0001996575
286.972	0.0	0.0	-0.00023024749999999997
287.112	0.0	0.0	-0.00027034000000000004
287.142	0.0	0.0	-0.00026722500000000006
287.212	0.0	0.0	-0.0002609425
287.312	0.0	0.0	-0.00025049500000000005
287.452	0.0	0.0	-0.0002368975
287.482	0.0	0.0	-0.0002241575
287.542	0.0	0.0	-0.0001966125
287.642	0.0	0.0	-0.00014927500000000004
287.782	0.0	0.0	-8.66355e-05
287.812	0.0	0.0	-6.786675e-05
287.872	0.0	0.0	-2.8274750000000002e-05
287.982	0.0	0.0	3.8302250000000004e-05
288.122	0.0	0.0	0.0001249885
288.152	0.0	0.0	0.000139237
288.212	0.0	0.0	0.00016960650000000002
288.312	0.0	0.0	0.00022161999999999998
288.452	0.0	0.0	0.0002903075
288.482	0.0	0.0	0.00029358
288.542	0.0	0.0	0.00030066749999999997
288.652	0.0	0.0	0.000312725
288.792	0.0	0.0	0.0003285625
288.822	0.0	0.0	0.00031662750000000005
288.882	0.0	0.0	0.00029225000000000003
288.992	0.0	0.0	0.00025151000000000004
289.132	0.0	0.0	0.00019846750000000003
289.162	0.0	0.0	0.00017802750000000004
289.222	0.0	0.0	0.0001337525
289.322	0.0	0.0	5.75715e-05
289.462	0.0	0.0	-4.31865e-05
289.492	0.0	0.0	-6.473775e-05
289.552	0.0	0.0	-0.00011160100000000002
289.662	0.0	0.0	-0.00019152000000000004
289.802	0.0	0.0	-0.000296415
289.832	0.0	0.0	-0.0003077725
289.892	0.0	0.0	-0.00033111750000000003
290.002	0.0	0.0	-0.000370195
290.142	0.0	0.0	-0.0004211025000000001
290.172	0.0	0.0	-0.00041457500000000003
290.232	0.0	0.0	-0.000400365
290.332	0.0	0.0	-0.00037584750000000007
290.472	0.0	0.0	-0.000343385
290.502	0.0	0.0	-0.00032100250000000004
290.562	0.0	0.0	-0.00027202000000000004
290.672	0.0	0.0	-0.00018831750000000003
290.812	0.0	0.0	-7.839475000000001e-05
290.842	0.0	0.0	-4.85345e-05
290.902	0.0	0.0	1.3173300000000001e-05
291.012	0.0	0.0	0.00011670575000000003
291.152	0.0	0.0	0.0002516325
291.182	0.0	0.0	0.00027028750000000003
291.242	0.0	0.0	0.00031113250000000005
291.342	0.0	0.0	0.00038171
291.482	0.0	0.0	0.00047521250000000004
291.512	0.0	0.0	0.00047552750000000006
291.572	0.0	0.0	0.00047624500000000003
291.682	0.0	0.0	0.0004774525
291.822	0.0	0.0	0.0004790625
291.852	0.0	0.0	0.0004571875000000001
291.912	0.0	0.0	0.00041174
292.022	0.0	0.0	0.0003353175
292.162	0.0	0.0	0.0002356725
292.192	0.0	0.0	0.000205135
292.252	0.0	0.0	0.00013780375000000002
292.352	0.0	0.0	2.1217000000000004e-05
292.492	0.0	0.0	-0.0001333045
292.522	0.0	0.0	-0.0001610105
292.582	0.0	0.0	-0.00022232
292.692	0.0	0.0	-0.00032753000000000003
292.832	0.0	0.0	-0.00046588500000000003
292.862	0.0	0.0	-0.0004758425
292.922	0.0	0.0	-0.0004966325000000001
293.032	0.0	0.0	-0.00053165
293.172	0.0	0.0	-0.0005773600000000001
293.202	0.0	0.0	-0.0005635175
293.262	0.0	0.0	-0.0005328225
293.362	0.0	0.0	-0.00047953499999999995
293.502	0.0	0.0	-0.00040887000000000003
293.532	0.0	0.0	-0.00037709
293.592	0.0	0.0	-0.00030633750000000007
293.702	0.0	0.0	-0.000184695
293.842	0.0	0.0	-2.4598e-05
293.872	0.0	0.0	1.1748625e-05
293.932	0.0	0.0	8.809675e-05
294.042	0.0	0.0	0.0002169825
294.182	0.0	0.0	0.0003853150000000001
294.212	0.0	0.0	0.0004036375
294.272	0.0	0.0	0.0004445350000000001
294.372	0.0	0.0	0.0005156550000000001
294.512	0.0	0.0	0.00061005
294.542	0.0	0.0	0.0006045725000000001
294.602	0.0	0.0	0.0005922875
294.712	0.0	0.0	0.0005711125
294.852	0.0	0.0	0.0005432350000000001
294.882	0.0	0.0	0.0005132050000000001
294.942	0.0	0.0	0.0004497675
295.052	0.0	0.0	0.000342475
295.192	0.0	0.0	0.00020224750000000002
295.222	0.0	0.0	0.0001670935
295.282	0.0	0.0	8.813875e-05
295.382	0.0	0.0	-4.9469000000000004e-05
295.522	0.0	0.0	-0.000232225
295.552	0.0	0.0	-0.00025952500000000003
295.612	0.0	0.0	-0.00032103750000000004
295.722	0.0	0.0	-0.00042724500000000003
295.862	0.0	0.0	-0.0005671925000000002
295.892	0.0	0.0	-0.0005718650000000001
295.952	0.0	0.0	-0.000581805
296.062	0.0	0.0	-0.0005986400000000001
296.202	0.0	0.0	-0.0006206725000000001
296.232	0.0	0.0	-0.0006010550000000001
296.292	0.0	0.0	-0.0005567275000000001
296.392	0.0	0.0	-0.00047930750000000006
296.532	0.0	0.0	-0.00037639
296.562	0.0	0.0	-0.0003413725
296.622	0.0	0.0	-0.000261975
296.732	0.0	0.0	-0.00012463500000000003
296.872	0.0	0.0	5.649875e-05
296.902	0.0	0.0	9.1308e-05
296.962	0.0	0.0	0.00016566025000000001
297.072	0.0	0.0	0.00029193500000000006
297.212	0.0	0.0	0.00045722250000000003
297.242	0.0	0.0	0.000470645
297.302	0.0	0.0	0.0005012
297.402	0.0	0.0	0.0005546625000000001
297.542	0.0	0.0	0.000625765
297.572	0.0	0.0	0.0006150025000000001
297.632	0.0	0.0	0.000590485
297.742	0.0	0.0	0.0005479600000000001
297.882	0.0	0.0	0.000491855
297.912	0.0	0.0	0.00045969
297.972	0.0	0.0	0.0003906
298.082	0.0	0.0	0.0002730175
298.222	0.0	0.0	0.00011900525000000001
298.252	0.0	0.0	8.658125e-05
298.312	0.0	0.0	1.2342575000000001e-05
298.412	0.0	0.0	-0.00011787300000000001
298.552	0.0	0.0	-0.0002911825
298.582	0.0	0.0	-0.00031248000000000007
298.642	0.0	0.0	-0.00036134
298.752	0.0	0.0	-0.00044623250000000003
298.892	0.0	0.0	-0.0005583375000000001
298.922	0.0	0.0	-0.0005570250000000001
298.982	0.0	0.0	-0.0005542075000000001
299.092	0.0	0.0	-0.000549395
299.232	0.0	0.0	-0.0005430775
299.262	0.0	0.0	-0.0005219900000000001
299.322	0.0	0.0	-0.00047335750000000005
299.422	0.0	0.0	-0.0003878875
299.562	0.0	0.0	-0.00027405
299.592	0.0	0.0	-0.00024281250000000003
299.652	0.0	0.0	-0.00017066000000000002
299.762	0.0	0.0	-4.507300000000001e-05
299.902	0.0	0.0	0.00012089175000000002
299.932	0.0	0.0	0.00014786275
299.992	0.0	0.0	0.00020646500000000002
300.102	0.0	0.0	0.00030661750000000003
300.242	0.0	0.0	0.0004379725000000001
300.272	0.0	0.0	0.0004448675000000001
300.332	0.0	0.0	0.00046086250000000004
300.432	0.0	0.0	0.0004890375000000001
300.572	0.0	0.0	0.0005265925
300.602	0.0	0.0	0.0005136425000000001
300.662	0.0	0.0	0.00048354250000000006
300.772	0.0	0.0	0.00043102500000000003
300.912	0.0	0.0	0.00036160250000000005
300.942	0.0	0.0	0.000333795
301.002	0.0	0.0	0.00027303500000000003
301.112	0.0	0.0	0.00016900275000000003
301.252	0.0	0.0	3.245025000000001e-05
301.282	0.0	0.0	8.230250000000001e-06
301.332	0.0	0.0	-4.83315e-05
301.442	0.0	0.0	-0.00014818125000000003
301.582	0.0	0.0	-0.00028134750000000005
301.612	0.0	0.0	-0.00029414
301.672	0.0	0.0	-0.0003240825
301.782	0.0	0.0	-0.00037639
301.922	0.0	0.0	-0.00044562
301.952	0.0	0.0	-0.00044033500000000003
302.012	0.0	0.0	-0.0004286975
302.122	0.0	0.0	-0.00040876500000000006
302.262	0.0	0.0	-0.000382585
302.292	0.0	0.0	-0.0003649975000000001
302.342	0.0	0.0	-0.00032333000000000004
302.452	0.0	0.0	-0.00024939250000000004
302.592	0.0	0.0	-0.00015056825000000002
302.622	0.0	0.0	-0.00012782875
302.682	0.0	0.0	-7.556325000000001e-05
302.792	0.0	0.0	1.5002225e-05
302.932	0.0	0.0	0.00013413575
302.962	0.0	0.0	0.00014850500000000003
303.012	0.0	0.0	0.00018207000000000002
303.122	0.0	0.0	0.0002413775
303.262	0.0	0.0	0.0003205125
303.292	0.0	0.0	0.0003220175
303.352	0.0	0.0	0.0003255875
303.462	0.0	0.0	0.0003318525
303.602	0.0	0.0	0.0003401475
303.632	0.0	0.0	0.0003282825
303.692	0.0	0.0	0.0003019275000000001
303.802	0.0	0.0	0.00025656750000000003
303.942	0.0	0.0	0.00019691
303.962	0.0	0.0	0.00018107249999999998
304.022	0.0	0.0	0.0001434055
304.132	0.0	0.0	7.654150000000002e-05
304.272	0.0	0.0	-1.2798450000000001e-05
304.302	0.0	0.0	-2.6349750000000003e-05
304.362	0.0	0.0	-5.8604e-05
304.472	0.0	0.0	-0.00011529000000000002
304.612	0.0	0.0	-0.00019043500000000003
304.642	0.0	0.0	-0.00019552750000000004
304.702	0.0	0.0	-0.00020692000000000003
304.812	0.0	0.0	-0.00022655500000000003
304.952	0.0	0.0	-0.00025240250000000005
304.972	0.0	0.0	-0.0002478175
305.032	0.0	0.0	-0.00023682749999999998
305.142	0.0	0.0	-0.00021726250000000003
305.282	0.0	0.0	-0.0001911
305.312	0.0	0.0	-0.0001805475
305.372	0.0	0.0	-0.000155274
305.482	0.0	0.0	-0.00011074875
305.622	0.0	0.0	-5.168275000000001e-05
305.652	0.0	0.0	-3.9809000000000005e-05
305.712	0.0	0.0	-1.31334e-05
305.822	0.0	0.0	3.29875e-05
305.962	0.0	0.0	9.371600000000001e-05
305.982	0.0	0.0	0.00010031700000000002
306.042	0.0	0.0	0.0001162315
306.152	0.0	0.0	0.00014460600000000003
306.292	0.0	0.0	0.00018257750000000002
306.322	0.0	0.0	0.0001830325
306.382	0.0	0.0	0.00018417
306.492	0.0	0.0	0.0001861825
306.632	0.0	0.0	0.0001888425
306.662	0.0	0.0	0.0001820175
306.722	0.0	0.0	0.00016661750000000002
306.832	0.0	0.0	0.00013992650000000002
306.972	0.0	0.0	0.00010475850000000001
306.992	0.0	0.0	9.419200000000001e-05
307.052	0.0	0.0	6.853700000000001e-05
307.162	0.0	0.0	2.26975e-05
307.302	0.0	0.0	-3.8675000000000005e-05
307.332	0.0	0.0	-5.0176e-05
307.392	0.0	0.0	-7.810075e-05
307.502	0.0	0.0	-0.000127484
307.642	0.0	0.0	-0.0001930775
307.672	0.0	0.0	-0.00019969250000000002
307.732	0.0	0.0	-0.000214725
307.842	0.0	0.0	-0.000240835
307.982	0.0	0.0	-0.00027524
308.002	0.0	0.0	-0.00027167
308.062	0.0	0.0	-0.00026293750000000004
308.172	0.0	0.0	-0.00024731000000000004
308.312	0.0	0.0	-0.00022637999999999998
308.342	0.0	0.0	-0.00021245000000000001
308.402	0.0	0.0	-0.00017841250000000003
308.512	0.0	0.0	-0.00011810049999999999
308.652	0.0	0.0	-3.792425e-05
308.682	0.0	0.0	-1.78185e-05
308.742	0.0	0.0	2.8196000000000002e-05
308.852	0.0	0.0	0.00010824625000000002
308.992	0.0	0.0	0.00021386750000000003
309.012	0.0	0.0	0.00022706250000000002
309.072	0.0	0.0	0.00025957750000000005
309.182	0.0	0.0	0.0003179225
309.322	0.0	0.0	0.00039613
309.342	0.0	0.0	0.000396515
309.412	0.0	0.0	0.0003974425000000001
309.522	0.0	0.0	0.0003990875
309.662	0.0	0.0	0.000401275
309.692	0.0	0.0	0.0003842475
309.752	0.0	0.0	0.00034503
309.862	0.0	0.0	0.00027667500000000004
310.002	0.0	0.0	0.00018641000000000003
310.022	0.0	0.0	0.00016193625
310.082	0.0	0.0	0.00010123225000000001
310.192	0.0	0.0	-7.939925e-06
310.332	0.0	0.0	-0.00015440250000000002
310.352	0.0	0.0	-0.00017752000000000002
310.422	0.0	0.0	-0.00023483250000000004
310.522	0.0	0.0	-0.000336805
310.672	0.0	0.0	-0.00047255250000000006
310.702	0.0	0.0	-0.00048097000000000005
310.762	0.0	0.0	-0.0005004650000000001
310.872	0.0	0.0	-0.0005345375
311.012	0.0	0.0	-0.0005795475000000001
311.032	0.0	0.0	-0.000566825
311.092	0.0	0.0	-0.000535045
311.202	0.0	0.0	-0.00047776750000000004
311.342	0.0	0.0	-0.00040089
311.362	0.0	0.0	-0.00037115750000000006
311.432	0.0	0.0	-0.00029694000000000004
311.532	0.0	0.0	-0.00016462775000000002
311.682	0.0	0.0	1.1607575000000002e-05
311.712	0.0	0.0	4.6492250000000005e-05
311.772	0.0	0.0	0.00012785675000000002
311.882	0.0	0.0	0.00027027
312.022	0.0	0.0	0.0004585875
312.042	0.0	0.0	0.00047586000000000004
312.102	0.0	0.0	0.000519365
312.212	0.0	0.0	0.0005979575
312.352	0.0	0.0	0.0007035175000000001
312.372	0.0	0.0	0.000697095
312.442	0.0	0.0	0.00068096
312.542	0.0	0.0	0.0006521375000000001
312.692	0.0	0.0	0.0006137250000000001
312.722	0.0	0.0	0.0005817000000000001
312.782	0.0	0.0	0.00050652
312.892	0.0	0.0	0.00037464000000000003
313.032	0.0	0.0	0.0002001825
313.052	0.0	0.0	0.0001632855
313.112	0.0	0.0	6.973750000000001e-05
313.222	0.0	0.0	-9.959425000000003e-05
313.362	0.0	0.0	-0.000327215
313.382	0.0	0.0	-0.00035591500000000005
313.452	0.0	0.0	-0.0004285575
313.552	0.0	0.0	-0.0005586175000000001
313.702	0.0	0.0	-0.0007320600000000001
313.732	0.0	0.0	-0.000735945
313.792	0.0	0.0	-0.0007450800000000002
313.902	0.0	0.0	-0.0007611625000000001
314.042	0.0	0.0	-0.00078246
314.062	0.0	0.0	-0.000759535
314.122	0.0	0.0	-0.00070098
314.232	0.0	0.0	-0.0005947375000000001
314.372	0.0	0.0	-0.00045185000000000006
314.392	0.0	0.0	-0.0004113375
314.452	0.0	0.0	-0.0003080525
314.562	0.0	0.0	-0.0001227275
314.712	0.0	0.0	0.00012459825000000002
314.742	0.0	0.0	0.00016504250000000002
314.802	0.0	0.0	0.00026122250000000004
314.912	0.0	0.0	0.00043064000000000004
315.052	0.0	0.0	0.0006550775000000001
315.072	0.0	0.0	0.0006697425
315.132	0.0	0.0	0.0007074900000000001
315.242	0.0	0.0	0.0007761075000000001
315.382	0.0	0.0	0.0008684725000000001
315.402	0.0	0.0	0.0008540700000000001
315.462	0.0	0.0	0.0008170750000000001
315.572	0.0	0.0	0.0007505575000000001
315.722	0.0	0.0	0.0006617450000000001
315.752	0.0	0.0	0.0006207775
315.812	0.0	0.0	0.0005227250000000001
315.922	0.0	0.0	0.00034968499999999997
316.062	0.0	0.0	0.0001202705
316.082	0.0	0.0	7.998550000000001e-05
316.142	0.0	0.0	-2.4508750000000005e-05
316.252	0.0	0.0	-0.00021488250000000001
316.392	0.0	0.0	-0.00047129249999999995
316.412	0.0	0.0	-0.0004974725000000001
316.472	0.0	0.0	-0.0005651625000000001
316.582	0.0	0.0	-0.0006871550000000002
316.732	0.0	0.0	-0.0008501674999999999
316.762	0.0	0.0	-0.000846895
316.822	0.0	0.0	-0.0008390550000000001
316.932	0.0	0.0	-0.0008251775000000001
317.072	0.0	0.0	-0.0008067675
317.092	0.0	0.0	-0.0007782775000000001
317.152	0.0	0.0	-0.0007030975
317.262	0.0	0.0	-0.0005653900000000001
317.402	0.0	0.0	-0.00037954000000000004
317.422	0.0	0.0	-0.00033538750000000004
317.492	0.0	0.0	-0.0002234925
317.592	0.0	0.0	-2.3632000000000003e-05
317.742	0.0	0.0	0.00024188500000000003
317.762	0.0	0.0	0.00027499500000000005
317.822	0.0	0.0	0.00036090250000000003
317.932	0.0	0.0	0.00051758
318.072	0.0	0.0	0.0007287175000000002
318.092	0.0	0.0	0.0007381850000000001
318.152	0.0	0.0	0.0007630175000000001
318.262	0.0	0.0	0.00080794
318.412	0.0	0.0	0.0008680525000000001
318.442	0.0	0.0	0.00084651
318.502	0.0	0.0	0.000793975
318.612	0.0	0.0	0.0007007525000000001
318.752	0.0	0.0	0.0005769575000000001
318.772	0.0	0.0	0.0005402425
318.832	0.0	0.0	0.0004430125
318.942	0.0	0.0	0.0002648275
319.082	0.0	0.0	2.4410750000000003e-05
319.102	0.0	0.0	-1.3864900000000003e-05
319.162	0.0	0.0	-0.00011488225
319.272	0.0	0.0	-0.00029790250000000007
319.422	0.0	0.0	-0.0005429025000000001
319.442	0.0	0.0	-0.0005640425
319.512	0.0	0.0	-0.0006159125
319.622	0.0	0.0	-0.0007081725
319.762	0.0	0.0	-0.0008307775
319.782	0.0	0.0	-0.0008230250000000002
319.842	0.0	0.0	-0.0008022875
319.952	0.0	0.0	-0.0007642250000000001
320.092	0.0	0.0	-0.0007128275
320.112	0.0	0.0	-0.0006819925
320.172	0.0	0.0	-0.0005999875
320.282	0.0	0.0	-0.0004510975
320.432	0.0	0.0	-0.0002516675
320.452	0.0	0.0	-0.0002101575
320.522	0.0	0.0	-0.00010755850000000002
320.622	0.0	0.0	7.526225e-05
320.772	0.0	0.0	0.000318395
320.792	0.0	0.0	0.00034366500000000005
320.852	0.0	0.0	0.00041170500000000006
320.962	0.0	0.0	0.0005369000000000001
321.102	0.0	0.0	0.0007060725000000001
321.122	0.0	0.0	0.0007089600000000001
321.182	0.0	0.0	0.0007167300000000001
321.292	0.0	0.0	0.0007308700000000001
321.442	0.0	0.0	0.0007498225
321.462	0.0	0.0	0.00072646
321.532	0.0	0.0	0.0006683250000000001
321.632	0.0	0.0	0.000564515
321.782	0.0	0.0	0.00042637
321.802	0.0	0.0	0.0003939775
321.862	0.0	0.0	0.0003061275
321.972	0.0	0.0	0.00014410725000000004
322.112	0.0	0.0	-7.49525e-05
322.132	0.0	0.0	-0.00010477075000000001
322.192	0.0	0.0	-0.00018530750000000001
322.302	0.0	0.0	-0.0003321325
322.452	0.0	0.0	-0.00052906
322.472	0.0	0.0	-0.00054159
322.542	0.0	0.0	-0.0005729675
322.642	0.0	0.0	-0.000629125
322.792	0.0	0.0	-0.000703885
322.812	0.0	0.0	-0.0006932450000000001
322.872	0.0	0.0	-0.0006641425
322.982	0.0	0.0	-0.0006103650000000001
323.122	0.0	0.0	-0.0005375825
323.142	0.0	0.0	-0.0005104925
323.202	0.0	0.0	-0.0004367125
323.312	0.0	0.0	-0.00030194499999999997
323.462	0.0	0.0	-0.00012105450000000002
323.482	0.0	0.0	-8.90435e-05
323.552	0.0	0.0	-8.264200000000001e-06
323.652	0.0	0.0	0.00013658925
323.802	0.0	0.0	0.0003296125
323.822	0.0	0.0	0.00034608
323.882	0.0	0.0	0.0003914925
323.992	0.0	0.0	0.00047565
324.132	0.0	0.0	0.0005895575000000001
324.152	0.0	0.0	0.0005876675
324.212	0.0	0.0	0.0005824525000000001
324.322	0.0	0.0	0.0005728975
324.472	0.0	0.0	0.0005600875000000001
324.492	0.0	0.0	0.0005391575
324.552	0.0	0.0	0.00048597500000000004
324.662	0.0	0.0	0.000390425
324.812	0.0	0.0	0.00026300750000000006
324.832	0.0	0.0	0.00023842
324.892	0.0	0.0	0.00017000025
325.002	0.0	0.0	4.299050000000001e-05
325.142	0.0	0.0	-0.00012906425
325.162	0.0	0.0	-0.00014910000000000002
325.222	0.0	0.0	-0.00020452249999999999
325.332	0.0	0.0	-0.00030618
325.482	0.0	0.0	-0.0004428025
325.502	0.0	0.0	-0.0004483675
325.562	0.0	0.0	-0.0004626300000000001
325.672	0.0	0.0	-0.0004883200000000001
325.822	0.0	0.0	-0.0005225850000000001
325.842	0.0	0.0	-0.00051212
325.902	0.0	0.0	-0.0004827375
326.002	0.0	0.0	-0.00042808500000000003
326.152	0.0	0.0	-0.0003540075000000001
326.172	0.0	0.0	-0.00033327000000000004
326.232	0.0	0.0	-0.0002754325
326.342	0.0	0.0	-0.0001691025
326.492	0.0	0.0	-2.6122250000000002e-05
326.512	0.0	0.0	-4.059825e-06
326.572	0.0	0.0	5.283775e-05
326.682	0.0	0.0	0.00015550675000000004
326.832	0.0	0.0	0.0002925825
326.852	0.0	0.0	0.00030217250000000003
326.912	0.0	0.0	0.00032933250000000006
327.012	0.0	0.0	0.00037996000000000004
327.162	0.0	0.0	0.00044863000000000005
327.182	0.0	0.0	0.00044478000000000003
327.242	0.0	0.0	0.000433965
327.352	0.0	0.0	0.00041403250000000006
327.502	0.0	0.0	0.000387205
327.522	0.0	0.0	0.00037045750000000004
327.582	0.0	0.0	0.00032695250000000004
327.692	0.0	0.0	0.00024829
327.842	0.0	0.0	0.00014320775000000002
327.862	0.0	0.0	0.0001254365
327.922	0.0	0.0	7.470750000000001e-05
328.022	0.0	0.0	-2.0077750000000003e-05
328.172	0.0	0.0	-0.00014873075
328.192	0.0	0.0	-0.00016207625000000002
328.252	0.0	0.0	-0.0001999025
328.362	0.0	0.0	-0.000269745
328.512	0.0	0.0	-0.00036379
328.532	0.0	0.0	-0.00036589
328.592	0.0	0.0	-0.0003714025
328.702	0.0	0.0	-0.00038137749999999997
328.852	0.0	0.0	-0.00039471250000000003
328.872	0.0	0.0	-0.0003854025
328.932	0.0	0.0	-0.00035857500000000003
329.032	0.0	0.0	-0.00030835000000000004
329.182	0.0	0.0	-0.00024011749999999999
329.202	0.0	0.0	-0.0002234925
329.262	0.0	0.0	-0.0001759975
329.372	0.0	0.0	-8.810200000000002e-05
329.522	0.0	0.0	3.03135e-05
329.542	0.0	0.0	4.74075e-05
329.602	0.0	0.0	9.249625000000002e-05
329.712	0.0	0.0	0.00017436125
329.862	0.0	0.0	0.00028388500000000005
329.882	0.0	0.0	0.00029071
329.942	0.0	0.0	0.00031055500000000006
330.042	0.0	0.0	0.00034781250000000003
330.192	0.0	0.0	0.00039844000000000007
330.212	0.0	0.0	0.00039390750000000004
330.272	0.0	0.0	0.0003808
330.382	0.0	0.0	0.00035651
330.532	0.0	0.0	0.00032376750000000004
330.552	0.0	0.0	0.000307825
330.612	0.0	0.0	0.00026545750000000004
330.722	0.0	0.0	0.0001883525
330.872	0.0	0.0	8.515850000000001e-05
330.892	0.0	0.0	6.838825e-05
330.952	0.0	0.0	1.9214999999999998e-05
331.052	0.0	0.0	-7.326725e-05
331.202	0.0	0.0	-0.00019902749999999998
331.222	0.0	0.0	-0.0002115925
331.282	0.0	0.0	-0.00024809750000000003
331.392	0.0	0.0	-0.0003159275000000001
331.542	0.0	0.0	-0.00040743500000000005
331.562	0.0	0.0	-0.0004083975
331.622	0.0	0.0	-0.0004109875
331.732	0.0	0.0	-0.00041569500000000005
331.882	0.0	0.0	-0.0004219950000000001
331.902	0.0	0.0	-0.000410935
331.962	0.0	0.0	-0.000377825
332.062	0.0	0.0	-0.0003152275
332.212	0.0	0.0	-0.0002299325
332.232	0.0	0.0	-0.0002094225
332.292	0.0	0.0	-0.0001512315
332.402	0.0	0.0	-4.4087750000000005e-05
332.552	0.0	0.0	9.962750000000001e-05
332.572	0.0	0.0	0.0001172675
332.632	0.0	0.0	0.00016902025
332.732	0.0	0.0	0.0002664375
332.882	0.0	0.0	0.00039900000000000005
332.902	0.0	0.0	0.00040664750000000006
332.962	0.0	0.0	0.0004292575
333.072	0.0	0.0	0.0004714500000000001
333.222	0.0	0.0	0.0005284300000000001
333.242	0.0	0.0	0.0005197150000000001
333.302	0.0	0.0	0.0004960725
333.412	0.0	0.0	0.00045283000000000004
333.562	0.0	0.0	0.000394835
333.582	0.0	0.0	0.0003754625000000001
333.642	0.0	0.0	0.00031724000000000005
333.742	0.0	0.0	0.00020709500000000002
333.892	0.0	0.0	5.7057000000000006e-05
333.912	0.0	0.0	3.3370750000000006e-05
333.972	0.0	0.0	-3.71315e-05
334.082	0.0	0.0	-0.00016884525000000002
334.232	0.0	0.0	-0.0003468325
334.252	0.0	0.0	-0.00036337
334.312	0.0	0.0	-0.00040859
334.422	0.0	0.0	-0.000491505
334.572	0.0	0.0	-0.0006027700000000001
334.592	0.0	0.0	-0.0006010375000000001
334.652	0.0	0.0	-0.0005957875
334.752	0.0	0.0	-0.0005858300000000001
334.902	0.0	0.0	-0.0005722500000000001
334.922	0.0	0.0	-0.00055342
334.982	0.0	0.0	-0.0004968775
335.092	0.0	0.0	-0.00039102
335.242	0.0	0.0	-0.00024787
335.262	0.0	0.0	-0.00021763000000000002
335.322	0.0	0.0	-0.00013428274999999998
335.432	0.0	0.0	1.8849250000000006e-05
335.582	0.0	0.0	0.00022445500000000003
335.602	0.0	0.0	0.000245595
335.662	0.0	0.0	0.00031036250000000007
335.762	0.0	0.0	0.00043340500000000004
335.912	0.0	0.0	0.00060123
335.932	0.0	0.0	0.000607145
335.992	0.0	0.0	0.0006250650000000001
336.102	0.0	0.0	0.0006586825000000001
336.252	0.0	0.0	0.0007041825000000002
336.272	0.0	0.0	0.00068824
336.332	0.0	0.0	0.0006439475
336.442	0.0	0.0	0.000562415
336.592	0.0	0.0	0.000452865
336.612	0.0	0.0	0.00042647500000000005
336.662	0.0	0.0	0.00034490750000000004
336.772	0.0	0.0	0.0001895775
336.922	0.0	0.0	-2.24175e-05
336.942	0.0	0.0	-5.03615e-05
337.002	0.0	0.0	-0.00013581925
337.112	0.0	0.0	-0.00029648500000000003
337.262	0.0	0.0	-0.0005140100000000001
337.282	0.0	0.0	-0.0005293925
337.342	0.0	0.0	-0.00057246
337.452	0.0	0.0	-0.0006519625
337.602	0.0	0.0	-0.0007588175
337.622	0.0	0.0	-0.0007520800000000001
337.672	0.0	0.0	-0.0007310275000000001
337.782	0.0	0.0	-0.0006908475
337.932	0.0	0.0	-0.0006359675
337.952	0.0	0.0	-0.0006111350000000001
338.012	0.0	0.0	-0.0005344675000000001
338.122	0.0	0.0	-0.00039004
338.272	0.0	0.0	-0.0001943725
338.292	0.0	0.0	-0.00016065700000000003
338.352	0.0	0.0	-6.542200000000001e-05
338.462	0.0	0.0	0.00011065775000000002
338.612	0.0	0.0	0.0003475325
338.632	0.0	0.0	0.0003672200000000001
338.682	0.0	0.0	0.00042934500000000003
338.792	0.0	0.0	0.0005481525000000001
338.942	0.0	0.0	0.0007105175000000001
338.962	0.0	0.0	0.0007117950000000001
339.022	0.0	0.0	0.00071575
339.132	0.0	0.0	0.0007232225000000001
339.282	0.0	0.0	0.000733355
339.302	0.0	0.0	0.0007123725000000001
339.362	0.0	0.0	0.0006525750000000001
339.472	0.0	0.0	0.0005417824999999999
339.622	0.0	0.0	0.0003926475
339.642	0.0	0.0	0.00036512000000000003
339.692	0.0	0.0	0.00027739250000000007
339.802	0.0	0.0	0.00010925250000000001
339.952	0.0	0.0	-0.00012067475000000002
339.972	0.0	0.0	-0.0001457855
340.032	0.0	0.0	-0.00022477
340.142	0.0	0.0	-0.00037422
340.292	0.0	0.0	-0.0005769225000000001
340.312	0.0	0.0	-0.0005867050000000001
340.372	0.0	0.0	-0.0006148275
340.482	0.0	0.0	-0.0006670475000000001
340.632	0.0	0.0	-0.0007373800000000002
340.652	0.0	0.0	-0.0007270025000000001
340.702	0.0	0.0	-0.000693595
340.812	0.0	0.0	-0.0006294575
340.962	0.0	0.0	-0.0005416775
340.982	0.0	0.0	-0.000516985
341.042	0.0	0.0	-0.000438585
341.152	0.0	0.0	-0.00028995750000000004
341.302	0.0	0.0	-8.822275e-05
341.322	0.0	0.0	-5.938275000000001e-05
341.382	0.0	0.0	2.4181500000000006e-05
341.492	0.0	0.0	0.00017965500000000003
341.642	0.0	0.0	0.00038921750000000003
341.662	0.0	0.0	0.0004029550000000001
341.712	0.0	0.0	0.00044763250000000006
341.822	0.0	0.0	0.0005336275
341.972	0.0	0.0	0.0006513675000000001
341.992	0.0	0.0	0.000648375
342.052	0.0	0.0	0.0006387500000000001
342.162	0.0	0.0	0.0006204800000000001
342.312	0.0	0.0	0.0005956650000000001
342.332	0.0	0.0	0.00057526
342.392	0.0	0.0	0.0005156375000000001
342.502	0.0	0.0	0.0004044425
342.652	0.0	0.0	0.0002545025
342.672	0.0	0.0	0.00023215500000000003
342.722	0.0	0.0	0.00015870925000000002
342.832	0.0	0.0	1.7011750000000002e-05
342.982	0.0	0.0	-0.0001771175
343.002	0.0	0.0	-0.00019474
343.062	0.0	0.0	-0.00025177250000000005
343.172	0.0	0.0	-0.0003603775
343.322	0.0	0.0	-0.0005079725
343.342	0.0	0.0	-0.0005117875
343.402	0.0	0.0	-0.0005230225
343.512	0.0	0.0	-0.0005440225000000001
343.662	0.0	0.0	-0.0005723725000000001
343.682	0.0	0.0	-0.0005618200000000001
343.732	0.0	0.0	-0.0005267675
343.842	0.0	0.0	-0.00045900750000000005
343.992	0.0	0.0	-0.0003661
344.012	0.0	0.0	-0.0003466925
344.072	0.0	0.0	-0.00028318500000000003
344.182	0.0	0.0	-0.0001620045
344.332	0.0	0.0	2.76955e-06
344.352	0.0	0.0	2.2685250000000004e-05
344.412	0.0	0.0	8.192625e-05
344.522	0.0	0.0	0.00019285000000000005
344.672	0.0	0.0	0.0003426325000000001
344.692	0.0	0.0	0.000350105
344.742	0.0	0.0	0.0003752
344.852	0.0	0.0	0.000423815
345.002	0.0	0.0	0.000490525
345.022	0.0	0.0	0.00048578250000000004
345.082	0.0	0.0	0.0004701375
345.192	0.0	0.0	0.00044023
345.342	0.0	0.0	0.00039952499999999997
345.362	0.0	0.0	0.00038361750000000006
345.422	0.0	0.0	0.0003358775
345.532	0.0	0.0	0.0002463125
345.682	0.0	0.0	0.00012529125
345.702	0.0	0.0	0.00011020975000000001
345.752	0.0	0.0	5.9032750000000005e-05
345.862	0.0	0.0	-4.0362000000000004e-05
346.012	0.0	0.0	-0.000176785
346.032	0.0	0.0	-0.0001870575
346.092	0.0	0.0	-0.00022132250000000004
346.202	0.0	0.0	-0.00028698250000000003
346.352	0.0	0.0	-0.0003763725000000001
346.372	0.0	0.0	-0.000376495
346.432	0.0	0.0	-0.000376915
346.542	0.0	0.0	-0.00037770250000000006
346.692	0.0	0.0	-0.00037877
346.712	0.0	0.0	-0.00037045750000000004
346.762	0.0	0.0	-0.000341565
346.872	0.0	0.0	-0.00028516250000000005
347.022	0.0	0.0	-0.0002076025
347.042	0.0	0.0	-0.000193935
347.102	0.0	0.0	-0.00014968625000000003
347.212	0.0	0.0	-6.566175e-05
347.362	0.0	0.0	4.8100500000000005e-05
347.382	0.0	0.0	5.825575000000001e-05
347.432	0.0	0.0	9.275175e-05
347.542	0.0	0.0	0.00015980475
347.692	0.0	0.0	0.000251895
347.712	0.0	0.0	0.00025550000000000003
347.772	0.0	0.0	0.00026780250000000004
347.882	0.0	0.0	0.0002914625
348.032	0.0	0.0	0.000323715
348.052	0.0	0.0	0.00031872750000000005
348.112	0.0	0.0	0.000303415
348.222	0.0	0.0	0.00027454
348.372	0.0	0.0	0.0002354275
348.392	0.0	0.0	0.00022648500000000004
348.442	0.0	0.0	0.00019517750000000003
348.552	0.0	0.0	0.00013401675
348.702	0.0	0.0	4.993450000000001e-05
348.722	0.0	0.0	4.01415e-05
348.782	0.0	0.0	6.525750000000001e-06
348.892	0.0	0.0	-5.825225e-05
349.042	0.0	0.0	-0.00014658875000000003
349.062	0.0	0.0	-0.00015275925000000004
349.122	0.0	0.0	-0.00017191475
349.232	0.0	0.0	-0.00020812750000000002
349.382	0.0	0.0	-0.00025718000000000003
349.402	0.0	0.0	-0.00025634000000000003
349.452	0.0	0.0	-0.0002533125
349.562	0.0	0.0	-0.0002473975
349.712	0.0	0.0	-0.00023926
349.732	0.0	0.0	-0.00023290750000000003
349.782	0.0	0.0	-0.0002108575
349.902	0.0	0.0	-0.000168294
350.052	0.0	0.0	-0.00011021324999999999
350.072	0.0	0.0	-0.00010061625000000002
350.132	0.0	0.0	-7.053725000000001e-05
350.242	0.0	0.0	-1.3546225000000001e-05
350.392	0.0	0.0	6.36895e-05
350.412	0.0	0.0	6.987575e-05
350.462	0.0	0.0	9.20045e-05
350.572	0.0	0.0	0.00013542725
350.722	0.0	0.0	0.00019519500000000003
350.742	0.0	0.0	0.00019698
350.792	0.0	0.0	0.0002031925
350.912	0.0	0.0	0.00021523250000000002
351.062	0.0	0.0	0.000231665
351.082	0.0	0.0	0.000227465
351.142	0.0	0.0	0.00021414750000000002
351.252	0.0	0.0	0.0001888775
351.402	0.0	0.0	0.00015459500000000002
351.422	0.0	0.0	0.0001478505
351.472	0.0	0.0	0.00012343625
351.582	0.0	0.0	7.542150000000002e-05
351.732	0.0	0.0	9.284625000000001e-06
351.752	0.0	0.0	2.087575e-06
351.802	0.0	0.0	-2.34395e-05
351.922	0.0	0.0	-7.2947e-05
352.072	0.0	0.0	-0.00014058100000000003
352.092	0.0	0.0	-0.00014478800000000002
352.152	0.0	0.0	-0.0001582315
352.262	0.0	0.0	-0.00018380250000000003
352.412	0.0	0.0	-0.00021852249999999997
352.432	0.0	0.0	-0.00021721
352.482	0.0	0.0	-0.00021245000000000001
352.592	0.0	0.0	-0.0002030525
352.742	0.0	0.0	-0.00019010250000000005
352.762	0.0	0.0	-0.00018439750000000002
352.812	0.0	0.0	-0.0001639015
352.932	0.0	0.0	-0.0001240715
353.082	0.0	0.0	-6.96255e-05
353.102	0.0	0.0	-6.14845e-05
353.162	0.0	0.0	-3.5222250000000007e-05
353.272	0.0	0.0	1.4854e-05
353.422	0.0	0.0	8.284675000000001e-05
353.432	0.0	0.0	8.766625e-05
353.492	0.0	0.0	0.00010554075000000001
353.602	0.0	0.0	0.00014084700000000002
353.752	0.0	0.0	0.00018954250000000002
353.772	0.0	0.0	0.00019026
353.822	0.0	0.0	0.000192885
353.942	0.0	0.0	0.00019799500000000002
354.092	0.0	0.0	0.00020499500000000003
354.112	0.0	0.0	0.00020048000000000003
354.172	0.0	0.0	0.00018576250000000002
354.282	0.0	0.0	0.00015765225000000002
354.432	0.0	0.0	0.00011946025000000002
354.442	0.0	0.0	0.00011332650000000001
354.502	0.0	0.0	9.02895e-05
354.612	0.0	0.0	4.4688e-05
354.762	0.0	0.0	-1.8243750000000003e-05
354.782	0.0	0.0	-2.4197250000000003e-05
354.832	0.0	0.0	-4.604775e-05
354.952	0.0	0.0	-8.869350000000001e-05
355.102	0.0	0.0	-0.000147063
355.122	0.0	0.0	-0.00014985425000000002
355.182	0.0	0.0	-0.00015904525
355.292	0.0	0.0	-0.00017664500000000004
355.442	0.0	0.0	-0.0002005675
355.452	0.0	0.0	-0.00019866000000000003
355.512	0.0	0.0	-0.0001913975
355.622	0.0	0.0	-0.000176995
355.772	0.0	0.0	-0.0001571185
355.792	0.0	0.0	-0.00015168825
355.842	0.0	0.0	-0.000131523
355.962	0.0	0.0	-9.207975000000001e-05
356.112	0.0	0.0	-3.8064250000000004e-05
356.132	0.0	0.0	-3.1108e-05
356.192	0.0	0.0	-7.98245e-06
356.302	0.0	0.0	3.6398250000000003e-05
356.452	0.0	0.0	9.676624999999999e-05
356.462	0.0	0.0	0.00010036250000000001
356.522	0.0	0.0	0.0001142085
356.632	0.0	0.0	0.00014173775000000003
356.782	0.0	0.0	0.00017977750000000003
356.802	0.0	0.0	0.00017962000000000002
356.852	0.0	0.0	0.00017904250000000003
356.972	0.0	0.0	0.0001779225
357.122	0.0	0.0	0.0001763825
357.142	0.0	0.0	0.00017180625
357.202	0.0	0.0	0.00015642025000000003
357.312	0.0	0.0	0.00012683300000000002
357.462	0.0	0.0	8.656025e-05
357.472	0.0	0.0	8.114750000000001e-05
357.532	0.0	0.0	6.003025000000001e-05
357.642	0.0	0.0	1.7948e-05
357.792	0.0	0.0	-4.0230750000000004e-05
357.812	0.0	0.0	-4.503975e-05
357.862	0.0	0.0	-6.332375e-05
357.982	0.0	0.0	-9.9239e-05
358.132	0.0	0.0	-0.00014848575000000002
358.152	0.0	0.0	-0.00015017625
358.212	0.0	0.0	-0.000155911
358.322	0.0	0.0	-0.00016696400000000002
358.472	0.0	0.0	-0.0001820175
358.482	0.0	0.0	-0.00017976
358.542	0.0	0.0	-0.00017082625
358.652	0.0	0.0	-0.00015298675000000001
358.802	0.0	0.0	-0.00012830825000000002
358.812	0.0	0.0	-0.00012320700000000001
358.872	0.0	0.0	-0.00010357200000000002
358.992	0.0	0.0	-6.49215e-05
359.142	0.0	0.0	-1.18923e-05
359.162	0.0	0.0	-5.872475000000002e-06
359.212	0.0	0.0	1.4782425000000001e-05
359.332	0.0	0.0	5.4671750000000004e-05
359.482	0.0	0.0	0.00010903375000000001
359.492	0.0	0.0	0.00011174100000000003
359.552	0.0	0.0	0.00012258400000000002
359.662	0.0	0.0	0.00014428750000000003
359.812	0.0	0.0	0.0001743315
359.822	0.0	0.0	0.00017354925
359.882	0.0	0.0	0.0001705025
359.992	0.0	0.0	0.00016449125
360.152	0.0	0.0	0.00015623825
360.172	0.0	0.0	0.00015154475
360.222	0.0	0.0	0.0001353065
360.342	0.0	0.0	0.00010389400000000002
360.492	0.0	0.0	6.1068e-05
360.502	0.0	0.0	5.619075e-05
360.562	0.0	0.0	3.605e-05
360.672	0.0	0.0	-4.489275e-06
360.822	0.0	0.0	-6.071100000000001e-05
360.842	0.0	0.0	-6.502825000000002e-05
360.892	0.0	0.0	-8.125600000000001e-05
361.012	0.0	0.0	-0.00011296950000000002
361.162	0.0	0.0	-0.00015627150000000002
361.172	0.0	0.0	-0.00015707125000000003
361.232	0.0	0.0	-0.00016028075000000002
361.342	0.0	0.0	-0.0001667085
361.492	0.0	0.0	-0.00017561250000000002
361.502	0.0	0.0	-0.00017283875
361.562	0.0	0.0	-0.00016176650000000002
361.672	0.0	0.0	-0.00013983375000000003
361.832	0.0	0.0	-0.00010969
361.852	0.0	0.0	-0.000103852
361.902	0.0	0.0	-8.322825e-05
362.022	0.0	0.0	-4.317250000000001e-05
362.172	0.0	0.0	1.1505375e-05
362.182	0.0	0.0	1.6044875e-05
362.242	0.0	0.0	3.490725000000001e-05
362.352	0.0	0.0	7.289100000000002e-05
362.502	0.0	0.0	0.00012555200000000002
362.512	0.0	0.0	0.000127904
362.572	0.0	0.0	0.00013738725000000002
362.682	0.0	0.0	0.00015620325000000003
362.842	0.0	0.0	0.00018207000000000002
362.862	0.0	0.0	0.00018046000000000002
362.912	0.0	0.0	0.0001747235
363.032	0.0	0.0	0.00016354975000000001
363.182	0.0	0.0	0.00014828625
363.192	0.0	0.0	0.00014420350000000004
363.252	0.0	0.0	0.0001269975
363.362	0.0	0.0	9.227225e-05
363.512	0.0	0.0	4.409825e-05
363.522	0.0	0.0	3.881675000000001e-05
363.582	0.0	0.0	1.72305e-05
363.692	0.0	0.0	-2.5686500000000002e-05
363.852	0.0	0.0	-8.473150000000001e-05
363.872	0.0	0.0	-8.880200000000001e-05
363.922	0.0	0.0	-0.00010350025
364.042	0.0	0.0	-0.00013217225
364.192	0.0	0.0	-0.00017135825
364.202	0.0	0.0	-0.00017144925
364.262	0.0	0.0	-0.0001718395
364.372	0.0	0.0	-0.00017263225000000004
364.522	0.0	0.0	-0.0001737295
364.532	0.0	0.0	-0.0001704045
364.592	0.0	0.0	-0.00015664075000000003
364.702	0.0	0.0	-0.00012921475
364.862	0.0	0.0	-9.14585e-05
364.882	0.0	0.0	-8.561e-05
364.932	0.0	0.0	-6.424075e-05
365.052	0.0	0.0	-2.2468250000000003e-05
365.202	0.0	0.0	3.4657000000000004e-05
365.212	0.0	0.0	3.86015e-05
365.272	0.0	0.0	5.572525000000001e-05
365.382	0.0	0.0	9.043475000000001e-05
365.532	0.0	0.0	0.00013864550000000002
365.542	0.0	0.0	0.00014011025000000002
365.602	0.0	0.0	0.00014625275000000002
365.712	0.0	0.0	0.00015852025000000002
365.872	0.0	0.0	0.00017542000000000002
365.892	0.0	0.0	0.000173117
365.942	0.0	0.0	0.00016460500000000001
366.062	0.0	0.0	0.00014793100000000002
366.212	0.0	0.0	0.00012511450000000002
366.222	0.0	0.0	0.00012115250000000003
366.282	0.0	0.0	0.00010370325000000002
366.392	0.0	0.0	6.825e-05
366.542	0.0	0.0	1.8976999999999998e-05
366.552	0.0	0.0	1.4511525e-05
366.612	0.0	0.0	-4.492950000000001e-06
366.722	0.0	0.0	-4.25215e-05
366.882	0.0	0.0	-9.493750000000001e-05
366.902	0.0	0.0	-9.7804e-05
366.952	0.0	0.0	-0.0001085315
367.072	0.0	0.0	-0.00012958925
367.222	0.0	0.0	-0.0001584205
367.232	0.0	0.0	-0.0001578955
367.292	0.0	0.0	-0.00015554875000000002
367.402	0.0	0.0	-0.00015076950000000004
367.552	0.0	0.0	-0.00014412300000000002
367.562	0.0	0.0	-0.00014091525
367.622	0.0	0.0	-0.0001270745
367.732	0.0	0.0	-9.931775000000001e-05
367.892	0.0	0.0	-6.103825e-05
367.912	0.0	0.0	-5.6106750000000006e-05
367.962	0.0	0.0	-3.7437750000000006e-05
368.082	0.0	0.0	-7.104650000000001e-07
368.232	0.0	0.0	4.9605500000000005e-05
368.242	0.0	0.0	5.259275000000001e-05
368.302	0.0	0.0	6.616575000000001e-05
368.412	0.0	0.0	9.386475e-05
368.562	0.0	0.0	0.00013240500000000004
368.572	0.0	0.0	0.00013318200000000003
368.632	0.0	0.0	0.000136584
368.742	0.0	0.0	0.000143423
368.902	0.0	0.0	0.000152859
368.912	0.0	0.0	0.00015045450000000001
368.972	0.0	0.0	0.00014123725000000003
369.092	0.0	0.0	0.00012306525
369.242	0.0	0.0	9.815575e-05
369.252	0.0	0.0	9.4577e-05
369.312	0.0	0.0	7.805875e-05
369.422	0.0	0.0	4.4275000000000006e-05
369.572	0.0	0.0	-2.7611500000000002e-06
369.582	0.0	0.0	-6.6934e-06
369.642	0.0	0.0	-2.415875e-05
369.752	0.0	0.0	-5.933550000000001e-05
369.912	0.0	0.0	-0.000107905
369.922	0.0	0.0	-0.0001103025
369.982	0.0	0.0	-0.00011960200000000001
370.092	0.0	0.0	-0.000137977
370.252	0.0	0.0	-0.00016318225000000003
370.262	0.0	0.0	-0.00016240175000000002
370.322	0.0	0.0	-0.00015874075000000003
370.432	0.0	0.0	-0.0001512385
370.582	0.0	0.0	-0.00014078575000000003
370.592	0.0	0.0	-0.0001372945
370.652	0.0	0.0	-0.00012155325
370.762	0.0	0.0	-8.978025000000002e-05
370.922	0.0	0.0	-4.588675000000001e-05
370.932	0.0	0.0	-4.056325e-05
370.992	0.0	0.0	-1.9642000000000003e-05
371.102	0.0	0.0	2.1778750000000002e-05
371.262	0.0	0.0	7.862925000000001e-05
371.272	0.0	0.0	8.174775000000001e-05
371.332	0.0	0.0	9.661575e-05
371.442	0.0	0.0	0.00012716550000000003
371.592	0.0	0.0	0.00016975000000000003
371.602	0.0	0.0	0.00017025225
371.662	0.0	0.0	0.00017255000000000002
371.772	0.0	0.0	0.000177205
371.932	0.0	0.0	0.0001836275
371.942	0.0	0.0	0.00018026750000000002
372.002	0.0	0.0	0.000166908
372.112	0.0	0.0	0.00014040424999999998
372.272	0.0	0.0	0.00010400600000000002
372.282	0.0	0.0	9.950150000000002e-05
372.332	0.0	0.0	7.765975000000001e-05
372.452	0.0	0.0	3.268475e-05
372.602	0.0	0.0	-3.0044000000000006e-05
372.612	0.0	0.0	-3.469550000000001e-05
372.672	0.0	0.0	-5.6311500000000005e-05
372.782	0.0	0.0	-0.00010012975
372.942	0.0	0.0	-0.00016073750000000002
372.952	0.0	0.0	-0.00016305450000000002
373.012	0.0	0.0	-0.00017239425
373.122	0.0	0.0	-0.00019096000000000003
373.282	0.0	0.0	-0.00021649250000000005
373.292	0.0	0.0	-0.000214865
373.342	0.0	0.0	-0.00020690250000000003
373.462	0.0	0.0	-0.00019047
373.612	0.0	0.0	-0.00016753275000000003
373.622	0.0	0.0	-0.00016275175
373.682	0.0	0.0	-0.0001401925
373.792	0.0	0.0	-9.436525000000001e-05
373.952	0.0	0.0	-3.0940000000000005e-05
373.962	0.0	0.0	-2.448775e-05
374.022	0.0	0.0	1.869875e-06
374.132	0.0	0.0	5.439e-05
374.292	0.0	0.0	0.00012660375000000002
374.302	0.0	0.0	0.000129745
374.352	0.0	0.0	0.00014550550000000002
374.472	0.0	0.0	0.00017811500000000004
374.622	0.0	0.0	0.00022363249999999998
374.632	0.0	0.0	0.0002233175
374.692	0.0	0.0	0.00022179500000000005
374.802	0.0	0.0	0.00021869750000000002
374.962	0.0	0.0	0.00021439250000000002
374.972	0.0	0.0	0.00020965000000000003
375.032	0.0	0.0	0.00019006750000000002
375.142	0.0	0.0	0.00015096375000000004
375.302	0.0	0.0	9.71845e-05
375.312	0.0	0.0	9.215675000000002e-05
375.362	0.0	0.0	6.588925000000002e-05
375.472	0.0	0.0	1.1256174999999999e-05
375.632	0.0	0.0	-6.517525000000002e-05
375.642	0.0	0.0	-7.008925000000002e-05
375.702	0.0	0.0	-9.2561e-05
375.812	0.0	0.0	-0.0001378825
375.972	0.0	0.0	-0.000200305
375.982	0.0	0.0	-0.00020146
376.032	0.0	0.0	-0.00020728750000000002
376.152	0.0	0.0	-0.00021936250000000003
376.302	0.0	0.0	-0.00023621500000000001
376.312	0.0	0.0	-0.00023359000000000005
376.372	0.0	0.0	-0.00022062250000000002
376.482	0.0	0.0	-0.00019412750000000006
376.642	0.0	0.0	-0.000157409
376.652	0.0	0.0	-0.000151284
376.712	0.0	0.0	-0.00012534200000000002
376.822	0.0	0.0	-7.335475000000001e-05
376.982	0.0	0.0	-1.7612e-06
376.992	0.0	0.0	2.8458500000000005e-06
377.042	0.0	0.0	2.7111000000000005e-05
377.152	0.0	0.0	7.760550000000001e-05
377.312	0.0	0.0	0.00014822499999999998
377.322	0.0	0.0	0.00015080275
377.382	0.0	0.0	0.00016371075
377.492	0.0	0.0	0.0001901375
377.652	0.0	0.0	0.0002268
377.662	0.0	0.0	0.0002254525
377.722	0.0	0.0	0.00021966000000000005
377.832	0.0	0.0	0.00020802250000000002
377.992	0.0	0.0	0.0001919925
378.002	0.0	0.0	0.00018828250000000002
378.052	0.0	0.0	0.00016835525
378.162	0.0	0.0	0.00012680500000000002
378.322	0.0	0.0	6.865775000000002e-05
378.332	0.0	0.0	6.3658e-05
378.392	0.0	0.0	3.8178000000000006e-05
378.502	0.0	0.0	-1.4108675000000001e-05
378.662	0.0	0.0	-8.666525000000002e-05
378.672	0.0	0.0	-9.077250000000001e-05
378.732	0.0	0.0	-0.00010865575000000002
378.842	0.0	0.0	-0.00014465150000000002
379.002	0.0	0.0	-0.00019428500000000001
379.012	0.0	0.0	-0.0001945825
379.062	0.0	0.0	-0.00019621000000000002
379.172	0.0	0.0	-0.00019962250000000006
379.332	0.0	0.0	-0.00020441750000000004
379.342	0.0	0.0	-0.00020163500000000003
379.402	0.0	0.0	-0.00018723250000000002
379.512	0.0	0.0	-0.0001576295
379.672	0.0	0.0	-0.00011651675
379.682	0.0	0.0	-0.00011121075000000003
379.742	0.0	0.0	-8.7766e-05
379.852	0.0	0.0	-4.0475750000000006e-05
380.012	0.0	0.0	2.476425e-05
380.022	0.0	0.0	2.8259e-05
380.072	0.0	0.0	4.7757500000000005e-05
380.182	0.0	0.0	8.86095e-05
380.342	0.0	0.0	0.000145845
380.352	0.0	0.0	0.00014738850000000001
380.412	0.0	0.0	0.00015554000000000002
380.522	0.0	0.0	0.00017233825
380.682	0.0	0.0	0.000195685
380.692	0.0	0.0	0.000193935
380.752	0.0	0.0	0.00018613
380.862	0.0	0.0	0.0001703485
381.022	0.0	0.0	0.00014856450000000002
381.032	0.0	0.0	0.0001453445
381.082	0.0	0.0	0.00012701325000000002
381.192	0.0	0.0	8.852025e-05
381.352	0.0	0.0	3.4560750000000006e-05
381.362	0.0	0.0	3.06075e-05
381.422	0.0	0.0	9.350775e-06
381.532	0.0	0.0	-3.4552000000000004e-05
381.692	0.0	0.0	-9.558150000000003e-05
381.702	0.0	0.0	-9.850575e-05
381.762	0.0	0.0	-0.00011181275000000002
381.872	0.0	0.0	-0.0001387715
382.032	0.0	0.0	-0.0001759975
382.042	0.0	0.0	-0.00017584000000000002
382.092	0.0	0.0	-0.0001749405
382.202	0.0	0.0	-0.00017303125
382.362	0.0	0.0	-0.00017035375000000003
382.372	0.0	0.0	-0.00016773575
382.432	0.0	0.0	-0.00015339800000000004
382.542	0.0	0.0	-0.00012371975
382.702	0.0	0.0	-8.2439e-05
382.712	0.0	0.0	-7.786625000000001e-05
382.772	0.0	0.0	-5.672625e-05
382.882	0.0	0.0	-1.3806975e-05
383.042	0.0	0.0	4.550525e-05
383.052	0.0	0.0	4.8293e-05
383.102	0.0	0.0	6.484975000000001e-05
383.212	0.0	0.0	9.977275000000002e-05
383.372	0.0	0.0	0.00014878500000000002
383.382	0.0	0.0	0.00014977725
383.442	0.0	0.0	0.00015531075000000001
383.552	0.0	0.0	0.00016678725
383.712	0.0	0.0	0.00018277000000000001
383.722	0.0	0.0	0.00018077500000000004
383.782	0.0	0.0	0.00017145975000000004
383.892	0.0	0.0	0.000152502
384.052	0.0	0.0	0.00012628700000000002
384.062	0.0	0.0	0.00012321925
384.112	0.0	0.0	0.00010460450000000001
384.222	0.0	0.0	6.525400000000001e-05
384.382	0.0	0.0	9.996e-06
384.392	0.0	0.0	6.3899500000000005e-06
384.452	0.0	0.0	-1.412775e-05
384.562	0.0	0.0	-5.678400000000001e-05
384.722	0.0	0.0	-0.00011618075
384.732	0.0	0.0	-0.00011861325
384.792	0.0	0.0	-0.00013020875
384.902	0.0	0.0	-0.00015385300000000002
385.062	0.0	0.0	-0.00018656749999999999
385.072	0.0	0.0	-0.00018606000000000002
385.122	0.0	0.0	-0.00018291000000000002
385.232	0.0	0.0	-0.00017622500000000001
385.392	0.0	0.0	-0.00016683450000000002
385.402	0.0	0.0	-0.0001639575
385.452	0.0	0.0	-0.00014726075
385.572	0.0	0.0	-0.00011247250000000001
385.732	0.0	0.0	-6.4001e-05
385.742	0.0	0.0	-5.937575e-05
385.802	0.0	0.0	-3.695125000000001e-05
385.912	0.0	0.0	8.867600000000001e-06
386.072	0.0	0.0	7.229950000000001e-05
386.082	0.0	0.0	7.480375000000001e-05
386.132	0.0	0.0	9.07025e-05
386.242	0.0	0.0	0.00012446525
386.402	0.0	0.0	0.00017193050000000005
386.412	0.0	0.0	0.00017242925000000002
386.462	0.0	0.0	0.000175385
386.582	0.0	0.0	0.00018154500000000002
386.742	0.0	0.0	0.0001901375
386.752	0.0	0.0	0.0001876
386.812	0.0	0.0	0.00017503500000000003
386.922	0.0	0.0	0.00014931
387.082	0.0	0.0	0.00011368000000000002
387.092	0.0	0.0	0.00011053175
387.142	0.0	0.0	9.006900000000001e-05
387.252	0.0	0.0	4.6515000000000004e-05
387.412	0.0	0.0	-1.4750750000000003e-05
387.422	0.0	0.0	-1.8044250000000003e-05
387.472	0.0	0.0	-3.7959250000000004e-05
387.592	0.0	0.0	-7.963550000000001e-05
387.752	0.0	0.0	-0.000137767
387.762	0.0	0.0	-0.0001394995
387.822	0.0	0.0	-0.00014818475000000003
387.932	0.0	0.0	-0.00016600675000000002
388.092	0.0	0.0	-0.00019071500000000002
388.102	0.0	0.0	-0.00018975250000000002
388.152	0.0	0.0	-0.00018345250000000003
388.262	0.0	0.0	-0.0001699705
388.422	0.0	0.0	-0.0001510075
388.432	0.0	0.0	-0.00014806225
388.482	0.0	0.0	-0.00012986750000000002
388.602	0.0	0.0	-9.171225000000001e-05
388.762	0.0	0.0	-3.8459750000000004e-05
388.772	0.0	0.0	-3.4347250000000006e-05
388.832	0.0	0.0	-1.33924e-05
388.942	0.0	0.0	2.97045e-05
389.102	0.0	0.0	8.9474e-05
389.112	0.0	0.0	9.130275000000001e-05
389.162	0.0	0.0	0.00010378025
389.272	0.0	0.0	0.00013046075
389.432	0.0	0.0	0.000168035
389.442	0.0	0.0	0.00016795975
389.492	0.0	0.0	0.00016747850000000002
389.612	0.0	0.0	0.00016646875
389.772	0.0	0.0	0.00016505825
389.782	0.0	0.0	0.000162421
389.842	0.0	0.0	0.00014879725000000002
389.952	0.0	0.0	0.00012073425
390.112	0.0	0.0	8.179850000000001e-05
390.122	0.0	0.0	7.925050000000001e-05
390.172	0.0	0.0	6.0828250000000005e-05
390.282	0.0	0.0	2.1217000000000004e-05
390.442	0.0	0.0	-3.467100000000001e-05
390.452	0.0	0.0	-3.7385250000000006e-05
390.502	0.0	0.0	-5.343100000000001e-05
390.622	0.0	0.0	-8.6835e-05
390.782	0.0	0.0	-0.00013323625000000004
390.792	0.0	0.0	-0.00013394850000000003
390.842	0.0	0.0	-0.00013882575
390.952	0.0	0.0	-0.00014926450000000003
391.112	0.0	0.0	-0.00016397150000000001
391.122	0.0	0.0	-0.00016280075
391.172	0.0	0.0	-0.00015508500000000004
391.292	0.0	0.0	-0.00013879775000000003
391.452	0.0	0.0	-0.00011603200000000002
391.462	0.0	0.0	-0.00011287500000000002
391.522	0.0	0.0	-9.599800000000001e-05
391.632	0.0	0.0	-6.108725000000001e-05
391.792	0.0	0.0	-1.25979e-05
391.802	0.0	0.0	-1.0326225e-05
391.852	0.0	0.0	6.286525000000001e-06
391.962	0.0	0.0	4.202450000000001e-05
392.122	0.0	0.0	9.242975e-05
392.132	0.0	0.0	9.391025000000002e-05
392.182	0.0	0.0	0.00010384325000000002
392.302	0.0	0.0	0.0001248415
392.462	0.0	0.0	0.00015420825
392.472	0.0	0.0	0.00015377425
392.532	0.0	0.0	0.00015141700000000002
392.642	0.0	0.0	0.000146531
392.802	0.0	0.0	0.00013973925
392.812	0.0	0.0	0.00013805050000000003
392.862	0.0	0.0	0.00012536125
392.972	0.0	0.0	9.800000000000001e-05
393.132	0.0	0.0	5.9388e-05
393.142	0.0	0.0	5.6777e-05
393.192	0.0	0.0	3.88395e-05
393.312	0.0	0.0	8.369200000000001e-07
393.472	0.0	0.0	-5.23425e-05
393.482	0.0	0.0	-5.4887e-05
393.542	0.0	0.0	-6.899725000000001e-05
393.652	0.0	0.0	-9.8315e-05
393.812	0.0	0.0	-0.00013908125000000002
393.822	0.0	0.0	-0.00013947325000000002
393.872	0.0	0.0	-0.0001424955
393.982	0.0	0.0	-0.00014902825000000003
394.142	0.0	0.0	-0.0001582525
394.152	0.0	0.0	-0.0001569365
394.202	0.0	0.0	-0.00014767025
394.322	0.0	0.0	-0.0001279985
394.482	0.0	0.0	-0.00010045350000000002
394.492	0.0	0.0	-9.732800000000001e-05
394.542	0.0	0.0	-7.965825e-05
394.662	0.0	0.0	-4.286800000000001e-05
394.822	0.0	0.0	8.321775000000002e-06
394.832	0.0	0.0	1.0368050000000001e-05
394.882	0.0	0.0	2.6664750000000002e-05
394.992	0.0	0.0	6.1964e-05
395.152	0.0	0.0	0.00011183375000000001
395.162	0.0	0.0	0.00011299225000000001
395.212	0.0	0.0	0.00012135725000000003
395.332	0.0	0.0	0.00013915825000000002
395.492	0.0	0.0	0.00016409575
395.502	0.0	0.0	0.00016327325000000002
395.552	0.0	0.0	0.00015853075000000003
395.672	0.0	0.0	0.000148631
395.832	0.0	0.0	0.00013485150000000002
395.842	0.0	0.0	0.00013306825000000002
395.892	0.0	0.0	0.0001184225
396.002	0.0	0.0	8.66285e-05
396.162	0.0	0.0	4.1683250000000004e-05
396.172	0.0	0.0	3.9186e-05
396.222	0.0	0.0	2.067975e-05
396.342	0.0	0.0	-1.8789750000000004e-05
396.502	0.0	0.0	-7.411249999999999e-05
396.512	0.0	0.0	-7.626675e-05
396.562	0.0	0.0	-8.8942e-05
396.682	0.0	0.0	-0.00011544750000000002
396.842	0.0	0.0	-0.00015236725000000002
396.852	0.0	0.0	-0.00015242150000000003
396.902	0.0	0.0	-0.00015288525000000001
397.012	0.0	0.0	-0.00015389325000000003
397.172	0.0	0.0	-0.00015531950000000002
397.182	0.0	0.0	-0.00015380050000000003
397.232	0.0	0.0	-0.00014223650000000002
397.352	0.0	0.0	-0.000117523
397.512	0.0	0.0	-8.286075e-05
397.522	0.0	0.0	-7.985775e-05
397.572	0.0	0.0	-6.182925000000001e-05
397.692	0.0	0.0	-2.4041500000000004e-05
397.852	0.0	0.0	2.8623e-05
397.862	0.0	0.0	3.0271500000000003e-05
397.912	0.0	0.0	4.46915e-05
398.022	0.0	0.0	7.613900000000001e-05
398.182	0.0	0.0	0.00012064675000000001
398.192	0.0	0.0	0.00012131875
398.242	0.0	0.0	0.00012657575
398.362	0.0	0.0	0.00013784050000000003
398.522	0.0	0.0	0.0001536465
398.532	0.0	0.0	0.00015250725000000003
398.582	0.0	0.0	0.0001455265
398.702	0.0	0.0	0.00013086500000000003
398.862	0.0	0.0	0.00011041800000000001
398.872	0.0	0.0	0.00010882550000000001
398.922	0.0	0.0	9.442125e-05
399.032	0.0	0.0	6.293525e-05
399.192	0.0	0.0	1.834875e-05
399.202	0.0	0.0	1.6388400000000004e-05
399.252	0.0	0.0	6.053250000000001e-07
399.372	0.0	0.0	-3.3278e-05
399.532	0.0	0.0	-8.085000000000001e-05
399.542	0.0	0.0	-8.2292e-05
399.592	0.0	0.0	-9.133250000000001e-05
399.712	0.0	0.0	-0.00011036200000000001
399.872	0.0	0.0	-0.00013691300000000004
399.882	0.0	0.0	-0.00013672925000000002
399.932	0.0	0.0	-0.000135016
400.042	0.0	0.0	-0.00013125875000000002
400.202	0.0	0.0	-0.00012593525000000004
400.212	0.0	0.0	-0.00012457375
400.262	0.0	0.0	-0.000113281
400.382	0.0	0.0	-8.898225e-05
400.542	0.0	0.0	-5.484850000000001e-05
400.552	0.0	0.0	-5.241775000000001e-05
400.602	0.0	0.0	-3.6832250000000006e-05
400.722	0.0	0.0	-3.956575e-06
400.882	0.0	0.0	4.194225e-05
400.892	0.0	0.0	4.3141000000000006e-05
400.942	0.0	0.0	5.479775000000001e-05
401.052	0.0	0.0	8.039675e-05
401.212	0.0	0.0	0.00011668475
401.222	0.0	0.0	0.00011707850000000001
401.272	0.0	0.0	0.00012044725000000001
401.392	0.0	0.0	0.000127708
401.552	0.0	0.0	0.00013791575000000002
401.562	0.0	0.0	0.00013677125
401.612	0.0	0.0	0.00012925675
401.732	0.0	0.0	0.00011337375000000001
401.892	0.0	0.0	9.118375000000001e-05
401.902	0.0	0.0	8.976625e-05
401.952	0.0	0.0	7.545650000000001e-05
402.062	0.0	0.0	4.3960000000000006e-05
402.222	0.0	0.0	-7.134575e-07
402.232	0.0	0.0	-2.5105500000000005e-06
402.282	0.0	0.0	-1.8364500000000003e-05
402.402	0.0	0.0	-5.262600000000001e-05
402.562	0.0	0.0	-0.00010080875000000001
402.572	0.0	0.0	-0.00010215625000000002
402.622	0.0	0.0	-0.00011119675000000001
402.742	0.0	0.0	-0.00013035050000000003
402.902	0.0	0.0	-0.00015712200000000002
402.902	0.0	0.0	-0.00015685600000000003
402.962	0.0	0.0	-0.00015407000000000002
403.072	0.0	0.0	-0.00014792225000000002
403.232	0.0	0.0	-0.0001391985
403.242	0.0	0.0	-0.00013761300000000003
403.292	0.0	0.0	-0.0001231615
403.412	0.0	0.0	-9.186275000000001e-05
403.572	0.0	0.0	-4.782225e-05
403.582	0.0	0.0	-4.4901500000000004e-05
403.632	0.0	0.0	-2.482725e-05
403.752	0.0	0.0	1.779925e-05
403.912	0.0	0.0	7.741125e-05
403.912	0.0	0.0	7.876750000000001e-05
403.972	0.0	0.0	9.360575000000001e-05
404.082	0.0	0.0	0.00012641650000000003
404.242	0.0	0.0	0.00017300675
404.252	0.0	0.0	0.00017331650000000003
404.302	0.0	0.0	0.00017624250000000002
404.422	0.0	0.0	0.00018257750000000002
404.582	0.0	0.0	0.00019150250000000003
404.592	0.0	0.0	0.00018968250000000003
404.642	0.0	0.0	0.00017690750000000003
404.762	0.0	0.0	0.0001497545
404.922	0.0	0.0	0.00011176199999999999
404.922	0.0	0.0	0.00010995600000000002
404.982	0.0	0.0	8.814750000000002e-05
405.092	0.0	0.0	3.9648000000000004e-05
405.252	0.0	0.0	-2.9342250000000002e-05
405.262	0.0	0.0	-3.2019750000000005e-05
405.312	0.0	0.0	-5.479425000000001e-05
405.432	0.0	0.0	-0.00010375050000000001
405.592	0.0	0.0	-0.00017232425
405.592	0.0	0.0	-0.000173257
405.652	0.0	0.0	-0.00018352250000000004
405.762	0.0	0.0	-0.00020622000000000001
405.922	0.0	0.0	-0.00023848999999999997
405.932	0.0	0.0	-0.00023773750000000003
405.982	0.0	0.0	-0.00023009000000000001
406.102	0.0	0.0	-0.00021343000000000002
406.262	0.0	0.0	-0.00018996250000000002
406.272	0.0	0.0	-0.00018669000000000002
406.322	0.0	0.0	-0.00016252600000000002
406.442	0.0	0.0	-0.00011092375
406.602	0.0	0.0	-3.8654000000000006e-05
406.602	0.0	0.0	-3.6407000000000006e-05
406.662	0.0	0.0	-8.7143e-06
406.772	0.0	0.0	5.289725e-05
406.932	0.0	0.0	0.0001405145
406.942	0.0	0.0	0.00014243600000000002
406.992	0.0	0.0	0.00016238950000000001
407.112	0.0	0.0	0.0002059575
407.272	0.0	0.0	0.0002673825
407.282	0.0	0.0	0.00026734750000000004
407.332	0.0	0.0	0.00026713750000000004
407.452	0.0	0.0	0.000266665
407.612	0.0	0.0	0.0002660175000000001
407.612	0.0	0.0	0.00026442500000000004
407.662	0.0	0.0	0.00024388000000000003
407.782	0.0	0.0	0.00019803000000000003
407.942	0.0	0.0	0.00013281274999999999
407.942	0.0	0.0	0.00012969075
408.002	0.0	0.0	9.598925e-05
408.122	0.0	0.0	2.22425e-05
408.282	0.0	0.0	-8.179500000000001e-05
408.292	0.0	0.0	-8.566075e-05
408.342	0.0	0.0	-0.00011565225000000001
408.462	0.0	0.0	-0.000180005
408.622	0.0	0.0	-0.0002702175
408.622	0.0	0.0	-0.00027093500000000003
408.672	0.0	0.0	-0.00028075250000000006
408.792	0.0	0.0	-0.00030268
408.952	0.0	0.0	-0.0003339
408.952	0.0	0.0	-0.0003325175
409.012	0.0	0.0	-0.00031687250000000006
409.122	0.0	0.0	-0.00028260750000000005
409.292	0.0	0.0	-0.00023422000000000002
409.302	0.0	0.0	-0.00022970500000000002
409.352	0.0	0.0	-0.00019362000000000003
409.472	0.0	0.0	-0.00011605475000000002
409.632	0.0	0.0	-7.22855e-06
409.632	0.0	0.0	-4.6697e-06
409.682	0.0	0.0	3.2179000000000005e-05
409.802	0.0	0.0	0.00011473000000000001
409.962	0.0	0.0	0.00023231250000000004
409.962	0.0	0.0	0.0002342375
410.022	0.0	0.0	0.0002566725
410.132	0.0	0.0	0.00030600500000000004
410.302	0.0	0.0	0.0003756725
410.312	0.0	0.0	0.000374885
410.362	0.0	0.0	0.0003684275
410.482	0.0	0.0	0.0003544975
410.642	0.0	0.0	0.0003349675000000001
410.642	0.0	0.0	0.00033288500000000005
410.692	0.0	0.0	0.00030121
410.812	0.0	0.0	0.00023010750000000005
410.972	0.0	0.0	0.00012875450000000003
410.972	0.0	0.0	0.00012509875
411.032	0.0	0.0	8.024625e-05
411.142	0.0	0.0	-1.85605e-05
411.312	0.0	0.0	-0.00015817550000000002
411.322	0.0	0.0	-0.00016228450000000001
411.372	0.0	0.0	-0.000197085
411.492	0.0	0.0	-0.000272265
411.652	0.0	0.0	-0.000377825
411.652	0.0	0.0	-0.0003781925
411.702	0.0	0.0	-0.00038416000000000004
411.822	0.0	0.0	-0.0003976175
411.982	0.0	0.0	-0.0004167975
411.982	0.0	0.0	-0.00041476750000000003
412.042	0.0	0.0	-0.00038872750000000007
412.152	0.0	0.0	-0.00033124
412.322	0.0	0.0	-0.00024997
412.332	0.0	0.0	-0.00024458000000000005
412.382	0.0	0.0	-0.000197365
412.502	0.0	0.0	-9.520525000000001e-05
412.662	0.0	0.0	4.835775000000001e-05
412.662	0.0	0.0	5.07815e-05
412.712	0.0	0.0	9.28585e-05
412.832	0.0	0.0	0.000187775
412.992	0.0	0.0	0.00032320750000000006
412.992	0.0	0.0	0.00032466
413.052	0.0	0.0	0.00034445250000000004
413.162	0.0	0.0	0.0003882025
413.332	0.0	0.0	0.00045011750000000005
413.342	0.0	0.0	0.00044840250000000004
413.392	0.0	0.0	0.000433055
413.512	0.0	0.0	0.0003997525
413.672	0.0	0.0	0.00035292250000000004
413.672	0.0	0.0	0.0003507525
413.722	0.0	0.0	0.00031029250000000005
413.842	0.0	0.0	0.00021882000000000002
414.002	0.0	0.0	8.8235e-05
414.002	0.0	0.0	8.479625000000002e-05
414.062	0.0	0.0	3.589425000000001e-05
414.172	0.0	0.0	-7.2555e-05
414.342	0.0	0.0	-0.0002260475
414.352	0.0	0.0	-0.00022942500000000003
414.402	0.0	0.0	-0.00026090750000000006
414.522	0.0	0.0	-0.00032935000000000006
414.682	0.0	0.0	-0.0004256175
414.682	0.0	0.0	-0.00042554750000000003
414.732	0.0	0.0	-0.000423955
414.852	0.0	0.0	-0.0004203325000000001
415.012	0.0	0.0	-0.0004151525
415.012	0.0	0.0	-0.000412965
415.072	0.0	0.0	-0.0003800475
415.182	0.0	0.0	-0.00030686250000000004
415.352	0.0	0.0	-0.00020322750000000003
415.362	0.0	0.0	-0.0001982575
415.412	0.0	0.0	-0.0001500905
415.532	0.0	0.0	-4.516225e-05
415.692	0.0	0.0	0.00010252725
415.692	0.0	0.0	0.00010419325
415.742	0.0	0.0	0.00014067200000000002
415.862	0.0	0.0	0.00022354500000000004
416.022	0.0	0.0	0.00034196750000000005
416.022	0.0	0.0	0.00034265
416.082	0.0	0.0	0.00035364
416.192	0.0	0.0	0.000378105
416.362	0.0	0.0	0.00041279
416.372	0.0	0.0	0.00041069
416.422	0.0	0.0	0.00038969000000000005
416.542	0.0	0.0	0.00034382250000000004
416.702	0.0	0.0	0.00027923
416.702	0.0	0.0	0.00027762
416.752	0.0	0.0	0.00023908500000000005
416.872	0.0	0.0	0.00015136275000000003
417.032	0.0	0.0	2.5922750000000005e-05
417.032	0.0	0.0	2.358475e-05
417.092	0.0	0.0	-1.60363e-05
417.202	0.0	0.0	-0.00010449425
417.372	0.0	0.0	-0.00022989750000000002
417.382	0.0	0.0	-0.00023182250000000003
417.432	0.0	0.0	-0.0002518425
417.552	0.0	0.0	-0.00029566250000000004
417.712	0.0	0.0	-0.0003574025
417.712	0.0	0.0	-0.0003571225
417.762	0.0	0.0	-0.00034951000000000003
417.882	0.0	0.0	-0.0003321500000000001
418.042	0.0	0.0	-0.00030730000000000004
418.042	0.0	0.0	-0.000305655
418.102	0.0	0.0	-0.000275975
418.212	0.0	0.0	-0.000209545
418.382	0.0	0.0	-0.000115311
418.382	0.0	0.0	-0.00011193000000000001
418.442	0.0	0.0	-7.569275000000002e-05
418.562	0.0	0.0	3.7436000000000005e-06
418.722	0.0	0.0	0.00011571700000000002
418.722	0.0	0.0	0.00011637675000000001
418.772	0.0	0.0	0.000139433
418.892	0.0	0.0	0.00019236
419.052	0.0	0.0	0.000268205
419.052	0.0	0.0	0.00026838000000000003
419.112	0.0	0.0	0.00027100500000000005
419.222	0.0	0.0	0.0002767975
419.392	0.0	0.0	0.00028497000000000006
419.392	0.0	0.0	0.0002843225
419.442	0.0	0.0	0.000266805
419.562	0.0	0.0	0.00022676499999999997
419.722	0.0	0.0	0.00016948225000000002
419.722	0.0	0.0	0.0001681085
419.772	0.0	0.0	0.000139391
419.892	0.0	0.0	7.486325000000001e-05
420.062	0.0	0.0	-1.6750475000000003e-05
420.062	0.0	0.0	-1.8924500000000005e-05
420.122	0.0	0.0	-4.41035e-05
420.232	0.0	0.0	-9.953300000000001e-05
420.402	0.0	0.0	-0.0001777475
420.402	0.0	0.0	-0.00017801
420.452	0.0	0.0	-0.00018735500000000005
420.572	0.0	0.0	-0.00020882750000000003
420.732	0.0	0.0	-0.00023957499999999998
420.732	0.0	0.0	-0.00023920750000000002
420.782	0.0	0.0	-0.00023096500000000002
420.902	0.0	0.0	-0.00021238
421.072	0.0	0.0	-0.00018600750000000003
421.072	0.0	0.0	-0.00018424
421.132	0.0	0.0	-0.000162764
421.242	0.0	0.0	-0.00011538625000000001
421.412	0.0	0.0	-4.8492500000000004e-05
421.412	0.0	0.0	-4.798675e-05
421.462	0.0	0.0	-2.5851e-05
421.582	0.0	0.0	2.5105500000000002e-05
421.742	0.0	0.0	9.814875000000001e-05
421.742	0.0	0.0	9.8749e-05
421.792	0.0	0.0	0.00011334575
421.912	0.0	0.0	0.00014627375000000003
422.082	0.0	0.0	0.0001930775
422.082	0.0	0.0	0.00019304250000000005
422.142	0.0	0.0	0.00019265750000000006
422.252	0.0	0.0	0.0001918175
422.422	0.0	0.0	0.00019062750000000002
422.422	0.0	0.0	0.000190365
422.472	0.0	0.0	0.0001767325
422.592	0.0	0.0	0.00014527274999999999
422.752	0.0	0.0	0.000100149
422.752	0.0	0.0	9.9358e-05
422.802	0.0	0.0	7.816900000000002e-05
422.922	0.0	0.0	3.0262750000000004e-05
423.092	0.0	0.0	-3.785775e-05
423.092	0.0	0.0	-3.9233250000000006e-05
423.152	0.0	0.0	-5.755225e-05
423.262	0.0	0.0	-9.815400000000001e-05
423.432	0.0	0.0	-0.00015553825
423.432	0.0	0.0	-0.00015562925000000001
423.482	0.0	0.0	-0.000161854
423.602	0.0	0.0	-0.00017624250000000002
423.762	0.0	0.0	-0.00019691
423.762	0.0	0.0	-0.00019663
423.812	0.0	0.0	-0.00018851000000000002
423.932	0.0	0.0	-0.00017011925
424.102	0.0	0.0	-0.00014394800000000003
424.102	0.0	0.0	-0.00014255500000000002
424.162	0.0	0.0	-0.00012302850000000002
424.272	0.0	0.0	-7.966e-05
424.442	0.0	0.0	-1.832775e-05
424.442	0.0	0.0	-1.8114250000000004e-05
424.492	0.0	0.0	2.1462e-06
424.612	0.0	0.0	4.911200000000001e-05
424.772	0.0	0.0	0.00011654125000000001
424.772	0.0	0.0	0.000116928
424.822	0.0	0.0	0.00013001625
424.942	0.0	0.0	0.00015974525
425.112	0.0	0.0	0.00020205500000000003
425.112	0.0	0.0	0.0002019325
425.172	0.0	0.0	0.00019992
425.282	0.0	0.0	0.00019547500000000002
425.452	0.0	0.0	0.00018917500000000003
425.452	0.0	0.0	0.00018907
425.502	0.0	0.0	0.00017333575000000003
425.612	0.0	0.0	0.00013675550000000002
425.782	0.0	0.0	8.421000000000001e-05
425.782	0.0	0.0	8.360275000000002e-05
425.832	0.0	0.0	5.9906e-05
425.952	0.0	0.0	5.964350000000002e-06
426.122	0.0	0.0	-7.085575000000001e-05
426.122	0.0	0.0	-7.211400000000001e-05
426.182	0.0	0.0	-9.182075000000001e-05
426.292	0.0	0.0	-0.0001357895
426.462	0.0	0.0	-0.00019803000000000003
426.462	0.0	0.0	-0.0001980475
426.512	0.0	0.0	-0.00020315750000000001
426.622	0.0	0.0	-0.0002150575
426.792	0.0	0.0	-0.00023217250000000003
426.792	0.0	0.0	-0.00023191000000000002
426.842	0.0	0.0	-0.00021974750000000002
426.962	0.0	0.0	-0.0001919925
427.132	0.0	0.0	-0.00015246350000000002
427.132	0.0	0.0	-0.00015096025
427.192	0.0	0.0	-0.00012589325
427.302	0.0	0.0	-6.984250000000001e-05
427.472	0.0	0.0	9.549750000000001e-06
427.472	0.0	0.0	9.508100000000001e-06
427.522	0.0	0.0	3.378025e-05
427.632	0.0	0.0	9.045050000000001e-05
427.802	0.0	0.0	0.00017194450000000003
427.802	0.0	0.0	0.00017218775
427.852	0.0	0.0	0.00018581500000000004
427.972	0.0	0.0	0.00021696500000000003
428.142	0.0	0.0	0.00026136250000000007
428.142	0.0	0.0	0.00026103000000000004
428.202	0.0	0.0	0.00025501
428.312	0.0	0.0	0.00024151750000000002
428.482	0.0	0.0	0.00022239000000000002
428.482	0.0	0.0	0.000222425
428.532	0.0	0.0	0.00020027
428.642	0.0	0.0	0.00014823550000000001
428.812	0.0	0.0	7.33565e-05
428.812	0.0	0.0	7.29365e-05
428.862	0.0	0.0	4.280325e-05
428.982	0.0	0.0	-2.6260500000000004e-05
429.152	0.0	0.0	-0.0001247715
429.152	0.0	0.0	-0.00012594575
429.212	0.0	0.0	-0.00014834750000000002
429.322	0.0	0.0	-0.00019866000000000003
429.492	0.0	0.0	-0.0002700075
429.492	0.0	0.0	-0.00026979750000000007
429.542	0.0	0.0	-0.000272545
429.652	0.0	0.0	-0.000278565
429.822	0.0	0.0	-0.00028721000000000004
429.822	0.0	0.0	-0.00028701750000000004
429.872	0.0	0.0	-0.000267925
429.992	0.0	0.0	-0.00022407000000000004
430.162	0.0	0.0	-0.00016148475000000003
430.162	0.0	0.0	-0.00015988175000000002
430.212	0.0	0.0	-0.00012688025
430.332	0.0	0.0	-5.2591000000000005e-05
430.502	0.0	0.0	5.280625e-05
430.502	0.0	0.0	5.236525e-05
430.552	0.0	0.0	8.116325000000001e-05
430.662	0.0	0.0	0.00014879725000000002
430.832	0.0	0.0	0.00024620750000000003
430.832	0.0	0.0	0.000246295
430.882	0.0	0.0	0.000259035
431.002	0.0	0.0	0.00028838250000000007
431.172	0.0	0.0	0.00033027750000000003
431.172	0.0	0.0	0.00032971750000000005
431.222	0.0	0.0	0.000317415
431.342	0.0	0.0	0.00028966000000000007
431.512	0.0	0.0	0.00025026750000000004
431.512	0.0	0.0	0.00025047750000000004
431.562	0.0	0.0	0.000220675
431.672	0.0	0.0	0.0001495865
431.842	0.0	0.0	4.7153750000000006e-05
431.842	0.0	0.0	4.707850000000001e-05
431.892	0.0	0.0	1.0766525000000001e-05
432.012	0.0	0.0	-7.302225000000001e-05
432.182	0.0	0.0	-0.00019272750000000002
432.182	0.0	0.0	-0.0001936725
432.232	0.0	0.0	-0.00021685999999999998
432.352	0.0	0.0	-0.00026929000000000005
432.522	0.0	0.0	-0.0003437700000000001
432.522	0.0	0.0	-0.00034328000000000006
432.572	0.0	0.0	-0.0003416875
432.682	0.0	0.0	-0.0003366300000000001
432.852	0.0	0.0	-0.0003293675
432.852	0.0	0.0	-0.0003293675
432.902	0.0	0.0	-0.000302365
433.022	0.0	0.0	-0.00023982000000000005
433.192	0.0	0.0	-0.00015042475
433.192	0.0	0.0	-0.00014891625000000003
433.242	0.0	0.0	-0.00010911425
433.362	0.0	0.0	-1.8957750000000003e-05
433.532	0.0	0.0	0.00010913000000000001
433.532	0.0	0.0	0.00010792950000000001
433.582	0.0	0.0	0.000138621
433.692	0.0	0.0	0.0002110325
433.862	0.0	0.0	0.0003156125
433.862	0.0	0.0	0.00031571750000000003
433.912	0.0	0.0	0.0003248175
434.032	0.0	0.0	0.00034569500000000003
434.202	0.0	0.0	0.00037535750000000005
434.202	0.0	0.0	0.000375165
434.252	0.0	0.0	0.00035780500000000005
434.362	0.0	0.0	0.00031529750000000004
434.532	0.0	0.0	0.000253995
434.532	0.0	0.0	0.00025417
434.582	0.0	0.0	0.0002165275
434.702	0.0	0.0	0.0001286775
434.872	0.0	0.0	2.988825e-06
434.872	0.0	0.0	1.7984750000000002e-06
434.922	0.0	0.0	-3.710350000000001e-05
435.042	0.0	0.0	-0.00012559750000000003
435.212	0.0	0.0	-0.0002514575
435.212	0.0	0.0	-0.000250215
435.262	0.0	0.0	-0.0002698325
435.372	0.0	0.0	-0.0003150175
435.542	0.0	0.0	-0.000380275
435.542	0.0	0.0	-0.00038003
435.592	0.0	0.0	-0.000372225
435.712	0.0	0.0	-0.0003532375
435.882	0.0	0.0	-0.00032606000000000003
435.882	0.0	0.0	-0.0003251850000000001
435.932	0.0	0.0	-0.00029225000000000003
436.052	0.0	0.0	-0.000217175
436.222	0.0	0.0	-0.00011034625
436.222	0.0	0.0	-0.00011152575
436.272	0.0	0.0	-7.338800000000001e-05
436.382	0.0	0.0	1.81825e-05
436.552	0.0	0.0	0.00015046150000000002
436.552	0.0	0.0	0.00014979125
436.602	0.0	0.0	0.00017857000000000002
436.722	0.0	0.0	0.0002452275
436.892	0.0	0.0	0.0003406725
436.892	0.0	0.0	0.0003407425
436.942	0.0	0.0	0.0003435775000000001
437.062	0.0	0.0	0.0003500175
437.232	0.0	0.0	0.00035922250000000003
437.232	0.0	0.0	0.0003591
437.282	0.0	0.0	0.0003378025
437.392	0.0	0.0	0.000284375
437.562	0.0	0.0	0.0002071475
437.562	0.0	0.0	0.00020763750000000003
437.612	0.0	0.0	0.00017024
437.732	0.0	0.0	8.216600000000001e-05
437.902	0.0	0.0	-4.403175e-05
437.902	0.0	0.0	-4.4667000000000004e-05
437.952	0.0	0.0	-7.827575e-05
438.072	0.0	0.0	-0.00015525125
438.242	0.0	0.0	-0.0002648975
438.242	0.0	0.0	-0.0002634275
438.292	0.0	0.0	-0.00027646500000000004
438.402	0.0	0.0	-0.00030548000000000006
438.572	0.0	0.0	-0.000347445
438.572	0.0	0.0	-0.00034712999999999996
438.622	0.0	0.0	-0.00033495000000000004
438.742	0.0	0.0	-0.00030492000000000003
438.912	0.0	0.0	-0.0002618700000000001
438.912	0.0	0.0	-0.0002613975
438.962	0.0	0.0	-0.00022972250000000003
439.082	0.0	0.0	-0.00015701175000000002
439.252	0.0	0.0	-5.338200000000001e-05
439.252	0.0	0.0	-5.489925e-05
439.302	0.0	0.0	-2.3212e-05
439.412	0.0	0.0	5.3095e-05
439.582	0.0	0.0	0.000163499
439.582	0.0	0.0	0.00016253825000000003
439.632	0.0	0.0	0.00018252500000000003
439.752	0.0	0.0	0.00022849750000000004
439.922	0.0	0.0	0.0002944375
439.922	0.0	0.0	0.0002944025
439.972	0.0	0.0	0.0002913925000000001
440.092	0.0	0.0	0.00028444500000000003
440.262	0.0	0.0	0.00027455750000000004
440.262	0.0	0.0	0.00027471500000000003
440.312	0.0	0.0	0.0002545025
440.422	0.0	0.0	0.00020343750000000003
440.592	0.0	0.0	0.00012950525
440.592	0.0	0.0	0.00013023675000000003
440.642	0.0	0.0	0.0001009155
440.762	0.0	0.0	3.135125000000001e-05
440.932	0.0	0.0	-6.847400000000001e-05
440.932	0.0	0.0	-6.863325000000001e-05
440.982	0.0	0.0	-9.110325e-05
441.102	0.0	0.0	-0.00014291375000000003
441.272	0.0	0.0	-0.00021684250000000003
441.272	0.0	0.0	-0.00021558249999999998
441.322	0.0	0.0	-0.00022121750000000001
441.432	0.0	0.0	-0.00023245250000000002
441.602	0.0	0.0	-0.00024871
441.602	0.0	0.0	-0.00024853500000000003
441.652	0.0	0.0	-0.00023625
441.772	0.0	0.0	-0.00020573
441.942	0.0	0.0	-0.00016191525000000003
441.942	0.0	0.0	-0.0001618435
441.992	0.0	0.0	-0.00013846875000000003
442.112	0.0	0.0	-8.444800000000002e-05
442.282	0.0	0.0	-7.334600000000001e-06
442.282	0.0	0.0	-8.737750000000003e-06
442.332	0.0	0.0	1.1409300000000003e-05
442.442	0.0	0.0	5.9820250000000004e-05
442.612	0.0	0.0	0.00012996900000000002
442.612	0.0	0.0	0.00012910625
442.662	0.0	0.0	0.00013907075000000002
442.782	0.0	0.0	0.00016150925
442.952	0.0	0.0	0.0001937425
442.952	0.0	0.0	0.00019372500000000003
443.002	0.0	0.0	0.0001883875
443.122	0.0	0.0	0.00017598
443.292	0.0	0.0	0.00015825425000000004
443.292	0.0	0.0	0.00015859725000000002
443.332	0.0	0.0	0.00014447475000000002
443.452	0.0	0.0	0.00010863650000000002
443.622	0.0	0.0	5.667550000000001e-05
443.622	0.0	0.0	5.737725000000001e-05
443.672	0.0	0.0	4.029550000000001e-05
443.792	0.0	0.0	-3.50175e-07
443.962	0.0	0.0	-5.876850000000001e-05
443.962	0.0	0.0	-5.8682749999999996e-05
444.012	0.0	0.0	-6.941725000000001e-05
444.132	0.0	0.0	-9.426025e-05
444.302	0.0	0.0	-0.00012976250000000002
444.302	0.0	0.0	-0.00012903275000000002
444.342	0.0	0.0	-0.000129829
444.462	0.0	0.0	-0.000130004
444.632	0.0	0.0	-0.00013025775
444.632	0.0	0.0	-0.00013025425
444.682	0.0	0.0	-0.00012197850000000001
444.802	0.0	0.0	-0.00010130050000000002
444.972	0.0	0.0	-7.156275e-05
444.972	0.0	0.0	-7.164150000000001e-05
445.022	0.0	0.0	-5.926375e-05
445.142	0.0	0.0	-3.0387000000000002e-05
445.312	0.0	0.0	1.0899875e-05
445.312	0.0	0.0	1.0002475e-05
445.352	0.0	0.0	1.93725e-05
445.472	0.0	0.0	4.1727e-05
445.642	0.0	0.0	7.41685e-05
445.642	0.0	0.0	7.365225000000001e-05
445.692	0.0	0.0	7.728700000000001e-05
445.812	0.0	0.0	8.5127e-05
445.982	0.0	0.0	9.640750000000001e-05
445.982	0.0	0.0	9.636550000000001e-05
446.032	0.0	0.0	9.27395e-05
446.152	0.0	0.0	8.407175e-05
446.322	0.0	0.0	7.167125e-05
446.322	0.0	0.0	7.195475000000001e-05
446.362	0.0	0.0	6.454175e-05
446.482	0.0	0.0	4.5596250000000006e-05
446.652	0.0	0.0	1.8088e-05
446.652	0.0	0.0	1.8557000000000005e-05
446.702	0.0	0.0	9.7314e-06
446.822	0.0	0.0	-1.1421550000000002e-05
446.992	0.0	0.0	-4.18705e-05
446.992	0.0	0.0	-4.171825e-05
447.042	0.0	0.0	-4.7621e-05
447.162	0.0	0.0	-6.129550000000001e-05
447.332	0.0	0.0	-8.086750000000002e-05
447.332	0.0	0.0	-8.0395e-05
447.372	0.0	0.0	-8.101975e-05
447.492	0.0	0.0	-8.143275e-05
447.662	0.0	0.0	-8.20295e-05
447.662	0.0	0.0	-8.201900000000002e-05
447.712	0.0	0.0	-7.661500000000001e-05
447.832	0.0	0.0	-6.28145e-05
448.002	0.0	0.0	-4.293975e-05
448.002	0.0	0.0	-4.3057e-05
448.052	0.0	0.0	-3.3505500000000006e-05
448.172	0.0	0.0	-1.0963575000000001e-05
448.342	0.0	0.0	2.1309750000000004e-05
448.342	0.0	0.0	2.0447e-05
448.382	0.0	0.0	2.8897750000000003e-05
448.502	0.0	0.0	4.9554750000000005e-05
448.672	0.0	0.0	7.961450000000002e-05
448.672	0.0	0.0	7.918574999999999e-05
448.722	0.0	0.0	8.316875000000001e-05
448.842	0.0	0.0	9.200625000000002e-05
449.012	0.0	0.0	0.00010466925
449.012	0.0	0.0	0.00010436475
449.052	0.0	0.0	0.00010130050000000002
449.172	0.0	0.0	9.22635e-05
449.342	0.0	0.0	7.9128e-05
449.342	0.0	0.0	7.939750000000002e-05
449.392	0.0	0.0	6.954675000000001e-05
449.512	0.0	0.0	4.48105e-05
449.682	0.0	0.0	9.154075000000003e-06
449.682	0.0	0.0	9.443875000000001e-06
449.732	0.0	0.0	-2.737e-06
449.852	0.0	0.0	-3.1498250000000006e-05
450.022	0.0	0.0	-7.271775e-05
450.022	0.0	0.0	-7.159775000000001e-05
450.062	0.0	0.0	-7.935025000000001e-05
450.182	0.0	0.0	-9.745225e-05
450.352	0.0	0.0	-0.0001237845
450.352	0.0	0.0	-0.00012322100000000002
450.402	0.0	0.0	-0.00012287625
450.522	0.0	0.0	-0.000120519
450.692	0.0	0.0	-0.0001171205
450.692	0.0	0.0	-0.000117152
450.742	0.0	0.0	-0.00010728200000000002
450.862	0.0	0.0	-8.333325000000001e-05
451.032	0.0	0.0	-4.899125e-05
451.032	0.0	0.0	-4.996425e-05
451.072	0.0	0.0	-3.660475e-05
451.192	0.0	0.0	-2.54905e-06
451.362	0.0	0.0	4.7019000000000005e-05
451.362	0.0	0.0	4.5900749999999996e-05
451.412	0.0	0.0	5.807725e-05
451.532	0.0	0.0	8.696800000000001e-05
451.702	0.0	0.0	0.00012865475
451.702	0.0	0.0	0.00012821725000000003
451.752	0.0	0.0	0.00013165425000000001
451.872	0.0	0.0	0.00013900775
452.042	0.0	0.0	0.00014955675
452.032	0.0	0.0	0.00014924525000000003
452.082	0.0	0.0	0.00014289450000000003
452.202	0.0	0.0	0.000124439
452.372	0.0	0.0	9.756425000000001e-05
452.372	0.0	0.0	9.820300000000001e-05
452.422	0.0	0.0	8.332625000000001e-05
452.542	0.0	0.0	4.586925000000001e-05
452.712	0.0	0.0	-8.205225e-06
452.712	0.0	0.0	-7.5762750000000006e-06
452.762	0.0	0.0	-2.3541e-05
452.882	0.0	0.0	-6.136550000000001e-05
453.052	0.0	0.0	-0.000115661
453.042	0.0	0.0	-0.00011399675000000001
453.092	0.0	0.0	-0.00012249125000000002
453.212	0.0	0.0	-0.000141554
453.382	0.0	0.0	-0.00016932825000000003
453.382	0.0	0.0	-0.00016863525000000002
453.432	0.0	0.0	-0.00016566900000000002
453.552	0.0	0.0	-0.00015597575000000002
453.722	0.0	0.0	-0.0001419775
453.722	0.0	0.0	-0.00014215600000000003
453.772	0.0	0.0	-0.00012767650000000002
453.892	0.0	0.0	-9.217075000000002e-05
454.062	0.0	0.0	-4.1179250000000004e-05
454.052	0.0	0.0	-4.280150000000001e-05
454.102	0.0	0.0	-2.5697e-05
454.222	0.0	0.0	1.7837750000000004e-05
454.392	0.0	0.0	8.1298e-05
454.392	0.0	0.0	7.96425e-05
454.442	0.0	0.0	9.322425e-05
454.562	0.0	0.0	0.00012504450000000003
454.732	0.0	0.0	0.00017102225000000003
454.732	0.0	0.0	0.00017038175000000003
454.782	0.0	0.0	0.0001719095
454.902	0.0	0.0	0.00017412325000000002
455.072	0.0	0.0	0.00017731000000000002
455.062	0.0	0.0	0.000177205
455.112	0.0	0.0	0.000167314
455.232	0.0	0.0	0.00013900250000000003
455.402	0.0	0.0	9.7713e-05
455.402	0.0	0.0	9.883825000000001e-05
455.442	0.0	0.0	8.023925e-05
455.572	0.0	0.0	3.329550000000001e-05
455.742	0.0	0.0	-3.457475e-05
455.742	0.0	0.0	-3.3549250000000004e-05
455.792	0.0	0.0	-5.1103499999999996e-05
455.912	0.0	0.0	-9.269050000000002e-05
456.082	0.0	0.0	-0.0001524775
456.072	0.0	0.0	-0.00015043875
456.122	0.0	0.0	-0.00015792
456.242	0.0	0.0	-0.00017346175
456.412	0.0	0.0	-0.00019614000000000003
456.412	0.0	0.0	-0.0001954925
456.452	0.0	0.0	-0.000189385
456.582	0.0	0.0	-0.00017114475
456.752	0.0	0.0	-0.00014475125000000001
456.752	0.0	0.0	-0.00014518000000000002
456.802	0.0	0.0	-0.00012744025000000002
456.922	0.0	0.0	-8.359750000000001e-05
457.092	0.0	0.0	-2.0538000000000002e-05
457.082	0.0	0.0	-2.2760500000000003e-05
457.132	0.0	0.0	-4.2649250000000005e-06
457.252	0.0	0.0	4.254775e-05
457.422	0.0	0.0	0.00011088875
457.412	0.0	0.0	0.00010886925000000001
457.462	0.0	0.0	0.0001213345
457.592	0.0	0.0	0.00014979825
457.762	0.0	0.0	0.000190995
457.762	0.0	0.0	0.00019027750000000002
457.812	0.0	0.0	0.00018886
457.932	0.0	0.0	0.00018345250000000003
458.102	0.0	0.0	0.0001756475
458.092	0.0	0.0	0.0001759275
458.142	0.0	0.0	0.000163576
458.262	0.0	0.0	0.00012857074999999998
458.432	0.0	0.0	7.7441e-05
458.422	0.0	0.0	7.901250000000002e-05
458.472	0.0	0.0	5.9815e-05
458.592	0.0	0.0	1.1443775e-05
458.772	0.0	0.0	-5.859350000000001e-05
458.772	0.0	0.0	-5.729325e-05
458.822	0.0	0.0	-7.280700000000001e-05
458.942	0.0	0.0	-0.00010929625
459.112	0.0	0.0	-0.00016183125
459.102	0.0	0.0	-0.00015985900000000002
459.152	0.0	0.0	-0.000164367
459.272	0.0	0.0	-0.00017177650000000004
459.442	0.0	0.0	-0.00018259500000000002
459.432	0.0	0.0	-0.00018226250000000002
459.482	0.0	0.0	-0.00017393600000000002
459.602	0.0	0.0	-0.00014998025000000003
459.782	0.0	0.0	-0.0001152795
459.782	0.0	0.0	-0.00011596375
459.832	0.0	0.0	-9.888900000000001e-05
459.952	0.0	0.0	-5.6525e-05
460.122	0.0	0.0	4.5013500000000005e-06
460.112	0.0	0.0	2.141475e-06
460.162	0.0	0.0	1.75245e-05
460.282	0.0	0.0	5.587050000000001e-05
460.452	0.0	0.0	0.00011193350000000002
460.442	0.0	0.0	0.00011008200000000001
460.492	0.0	0.0	0.00011821250000000001
460.612	0.0	0.0	0.00013569675000000002
460.792	0.0	0.0	0.00016103500000000002
460.792	0.0	0.0	0.00016050650000000005
460.842	0.0	0.0	0.00015663900000000003
460.962	0.0	0.0	0.00014519925
461.132	0.0	0.0	0.00012871250000000002
461.122	0.0	0.0	0.00012936875000000002
461.172	0.0	0.0	0.00011812325
461.292	0.0	0.0	8.6702e-05
461.462	0.0	0.0	4.0736500000000005e-05
461.452	0.0	0.0	4.230625000000001e-05
461.502	0.0	0.0	2.8019250000000005e-05
461.622	0.0	0.0	-7.645225000000001e-06
461.802	0.0	0.0	-5.936e-05
461.802	0.0	0.0	-5.822425e-05
461.852	0.0	0.0	-6.757100000000001e-05
461.972	0.0	0.0	-8.908725000000001e-05
462.142	0.0	0.0	-0.00012011125000000002
462.132	0.0	0.0	-0.0001188425
462.182	0.0	0.0	-0.0001197945
462.302	0.0	0.0	-0.00011884600000000002
462.472	0.0	0.0	-0.0001174565
462.462	0.0	0.0	-0.00011750550000000002
462.512	0.0	0.0	-0.00011031300000000001
462.632	0.0	0.0	-9.013375000000001e-05
462.812	0.0	0.0	-6.0859750000000006e-05
462.812	0.0	0.0	-6.153e-05
462.862	0.0	0.0	-5.0482250000000006e-05
462.982	0.0	0.0	-2.3143750000000004e-05
463.152	0.0	0.0	1.6289174999999998e-05
463.142	0.0	0.0	1.4571375e-05
463.192	0.0	0.0	2.29495e-05
463.312	0.0	0.0	4.325125000000001e-05
463.482	0.0	0.0	7.301000000000001e-05
463.472	0.0	0.0	7.2079e-05
463.522	0.0	0.0	7.506275e-05
463.652	0.0	0.0	8.07065e-05
463.822	0.0	0.0	8.885450000000001e-05
463.812	0.0	0.0	8.8522e-05
463.862	0.0	0.0	8.56765e-05
463.982	0.0	0.0	7.614775e-05
464.152	0.0	0.0	6.2195e-05
464.142	0.0	0.0	6.271825e-05
464.192	0.0	0.0	5.5835500000000004e-05
464.312	0.0	0.0	3.7618000000000005e-05
464.492	0.0	0.0	1.1164475e-05
464.492	0.0	0.0	1.1825800000000001e-05
464.542	0.0	0.0	4.7495e-06
464.662	0.0	0.0	-1.2374075e-05
464.832	0.0	0.0	-3.709825e-05
464.822	0.0	0.0	-3.6013250000000006e-05
464.872	0.0	0.0	-3.9910500000000004e-05
464.992	0.0	0.0	-4.850475000000001e-05
465.162	0.0	0.0	-6.109950000000001e-05
465.152	0.0	0.0	-6.0616500000000005e-05
465.202	0.0	0.0	-6.03715e-05
465.322	0.0	0.0	-5.8271500000000006e-05
465.502	0.0	0.0	-5.5223e-05
465.502	0.0	0.0	-5.530350000000001e-05
465.542	0.0	0.0	-5.115250000000001e-05
465.672	0.0	0.0	-4.021325e-05
465.842	0.0	0.0	-2.4409000000000003e-05
465.832	0.0	0.0	-2.5121250000000003e-05
465.882	0.0	0.0	-1.984675e-05
466.002	0.0	0.0	-5.7961750000000005e-06
466.172	0.0	0.0	1.4805525000000001e-05
466.162	0.0	0.0	1.3992125e-05
466.212	0.0	0.0	1.877925e-05
466.332	0.0	0.0	3.0311750000000003e-05
466.512	0.0	0.0	4.7073250000000005e-05
466.512	0.0	0.0	4.661650000000001e-05
466.552	0.0	0.0	4.83315e-05
466.682	0.0	0.0	5.1740500000000004e-05
466.852	0.0	0.0	5.66685e-05
466.842	0.0	0.0	5.6441000000000004e-05
466.892	0.0	0.0	5.4671750000000004e-05
467.012	0.0	0.0	4.8468000000000004e-05
467.182	0.0	0.0	3.936800000000001e-05
467.172	0.0	0.0	3.973725e-05
467.222	0.0	0.0	3.470425000000001e-05
467.342	0.0	0.0	2.106125e-05
467.522	0.0	0.0	1.2249125000000001e-06
467.512	0.0	0.0	1.7881500000000002e-06
467.562	0.0	0.0	-4.1118e-06
467.692	0.0	0.0	-1.8662000000000002e-05
467.862	0.0	0.0	-3.9702250000000004e-05
467.852	0.0	0.0	-3.870825000000001e-05
467.902	0.0	0.0	-4.23115e-05
468.022	0.0	0.0	-5.04805e-05
468.192	0.0	0.0	-6.24715e-05
468.182	0.0	0.0	-6.197100000000001e-05
468.232	0.0	0.0	-6.162975000000001e-05
468.352	0.0	0.0	-5.915175000000001e-05
468.532	0.0	0.0	-5.554675e-05
468.522	0.0	0.0	-5.565350000000001e-05
468.572	0.0	0.0	-5.0930250000000006e-05
468.702	0.0	0.0	-3.825675e-05
468.872	0.0	0.0	-1.9918500000000003e-05
468.862	0.0	0.0	-2.080575e-05
468.912	0.0	0.0	-1.4712600000000002e-05
469.032	0.0	0.0	1.7260775000000004e-06
469.202	0.0	0.0	2.586325e-05
469.192	0.0	0.0	2.4829000000000002e-05
469.242	0.0	0.0	3.0117500000000004e-05
469.362	0.0	0.0	4.275075000000001e-05
469.542	0.0	0.0	6.1138e-05
469.532	0.0	0.0	6.0574499999999994e-05
469.582	0.0	0.0	6.178375e-05
469.702	0.0	0.0	6.356875e-05
469.882	0.0	0.0	6.615350000000001e-05
469.872	0.0	0.0	6.602575e-05
469.922	0.0	0.0	6.311725e-05
470.042	0.0	0.0	5.3445e-05
470.212	0.0	0.0	3.923850000000001e-05
470.202	0.0	0.0	3.9863250000000005e-05
470.252	0.0	0.0	3.365075e-05
470.372	0.0	0.0	1.6928625e-05
470.552	0.0	0.0	-7.421225000000001e-06
470.542	0.0	0.0	-6.648075e-06
470.592	0.0	0.0	-1.2818575000000001e-05
470.712	0.0	0.0	-2.785475e-05
470.892	0.0	0.0	-4.9630000000000004e-05
470.882	0.0	0.0	-4.8527500000000006e-05
470.932	0.0	0.0	-5.1490250000000014e-05
471.052	0.0	0.0	-5.7463e-05
471.222	0.0	0.0	-6.6241e-05
471.212	0.0	0.0	-6.584375000000001e-05
471.262	0.0	0.0	-6.43965e-05
471.382	0.0	0.0	-5.883850000000001e-05
471.562	0.0	0.0	-5.0741250000000005e-05
471.552	0.0	0.0	-5.100725e-05
471.602	0.0	0.0	-4.5703000000000006e-05
471.722	0.0	0.0	-3.157e-05
471.902	0.0	0.0	-1.1089225e-05
471.892	0.0	0.0	-1.2148675e-05
471.942	0.0	0.0	-6.402900000000001e-06
472.062	0.0	0.0	8.771175000000002e-06
472.232	0.0	0.0	3.108525e-05
472.222	0.0	0.0	3.0052750000000005e-05
472.272	0.0	0.0	3.42125e-05
472.392	0.0	0.0	4.371675e-05
472.572	0.0	0.0	5.75715e-05
472.562	0.0	0.0	5.7100750000000004e-05
472.612	0.0	0.0	5.72565e-05
472.732	0.0	0.0	5.6371000000000006e-05
472.912	0.0	0.0	5.508650000000001e-05
472.902	0.0	0.0	5.5153000000000005e-05
472.952	0.0	0.0	5.2004750000000004e-05
473.072	0.0	0.0	4.194050000000001e-05
473.242	0.0	0.0	2.71355e-05
473.232	0.0	0.0	2.7835500000000005e-05
473.282	0.0	0.0	2.2338750000000004e-05
473.402	0.0	0.0	7.650650000000001e-06
473.582	0.0	0.0	-1.3770224999999999e-05
473.572	0.0	0.0	-1.3018425e-05
473.622	0.0	0.0	-1.8011e-05
473.742	0.0	0.0	-3.0087750000000003e-05
473.922	0.0	0.0	-4.7603500000000006e-05
473.912	0.0	0.0	-4.665850000000001e-05
473.962	0.0	0.0	-4.879525e-05
474.072	0.0	0.0	-5.271700000000001e-05
474.252	0.0	0.0	-5.849025e-05
474.242	0.0	0.0	-5.8210250000000004e-05
474.292	0.0	0.0	-5.6504e-05
474.412	0.0	0.0	-5.037025e-05
474.592	0.0	0.0	-4.1420750000000005e-05
474.582	0.0	0.0	-4.174450000000001e-05
474.632	0.0	0.0	-3.6611750000000004e-05
474.752	0.0	0.0	-2.2813e-05
474.932	0.0	0.0	-2.7910749999999998e-06
474.922	0.0	0.0	-3.892875e-06
474.972	0.0	0.0	1.7050249999999998e-06
475.082	0.0	0.0	1.6642500000000002e-05
475.262	0.0	0.0	3.864e-05
475.252	0.0	0.0	3.754975e-05
475.302	0.0	0.0	4.1671e-05
475.422	0.0	0.0	5.110175e-05
475.602	0.0	0.0	6.4869e-05
475.592	0.0	0.0	6.435450000000001e-05
475.642	0.0	0.0	6.425475e-05
475.762	0.0	0.0	6.24785e-05
475.942	0.0	0.0	5.9902500000000005e-05
475.932	0.0	0.0	6.0046000000000014e-05
475.982	0.0	0.0	5.6127750000000005e-05
476.092	0.0	0.0	4.3482250000000005e-05
476.272	0.0	0.0	2.485e-05
476.262	0.0	0.0	2.5793250000000006e-05
476.312	0.0	0.0	1.8870250000000005e-05
476.432	0.0	0.0	1.1641175e-07
476.612	0.0	0.0	-2.7272000000000002e-05
476.602	0.0	0.0	-2.622025e-05
476.652	0.0	0.0	-3.2544750000000004e-05
476.772	0.0	0.0	-4.790100000000001e-05
476.952	0.0	0.0	-7.020475e-05
476.942	0.0	0.0	-6.892725e-05
476.992	0.0	0.0	-7.135975000000002e-05
477.102	0.0	0.0	-7.526400000000002e-05
477.282	0.0	0.0	-8.102150000000002e-05
477.272	0.0	0.0	-8.072400000000001e-05
477.322	0.0	0.0	-7.765625000000001e-05
477.442	0.0	0.0	-6.7018e-05
477.622	0.0	0.0	-5.14745e-05
477.612	0.0	0.0	-5.2085250000000004e-05
477.662	0.0	0.0	-4.4254000000000014e-05
477.782	0.0	0.0	-2.310525e-05
477.962	0.0	0.0	7.624750000000002e-06
477.952	0.0	0.0	5.787600000000001e-06
477.992	0.0	0.0	1.3807500000000001e-05
478.112	0.0	0.0	3.51505e-05
478.292	0.0	0.0	6.666100000000002e-05
478.282	0.0	0.0	6.515425000000001e-05
478.332	0.0	0.0	7.036750000000001e-05
478.452	0.0	0.0	8.173900000000001e-05
478.632	0.0	0.0	9.82765e-05
478.622	0.0	0.0	9.733325e-05
478.672	0.0	0.0	9.66315e-05
478.782	0.0	0.0	9.106125e-05
478.962	0.0	0.0	8.284325000000001e-05
478.952	0.0	0.0	8.328775e-05
479.002	0.0	0.0	7.616875000000002e-05
479.122	0.0	0.0	5.4733000000000006e-05
479.302	0.0	0.0	2.338525e-05
479.292	0.0	0.0	2.468025e-05
479.342	0.0	0.0	1.4192325e-05
479.462	0.0	0.0	-1.312325e-05
479.642	0.0	0.0	-5.2850000000000004e-05
479.632	0.0	0.0	-5.0463e-05
479.672	0.0	0.0	-5.847275000000001e-05
479.792	0.0	0.0	-7.793625000000001e-05
479.972	0.0	0.0	-0.00010666250000000001
479.962	0.0	0.0	-0.00010508925000000003
480.012	0.0	0.0	-0.00010720325
480.132	0.0	0.0	-0.000108955
480.312	0.0	0.0	-0.00011151875000000001
480.302	0.0	0.0	-0.00011140850000000002
480.352	0.0	0.0	-0.0001052625
480.472	0.0	0.0	-8.653225000000001e-05
480.652	0.0	0.0	-5.9276000000000006e-05
480.642	0.0	0.0	-6.0943750000000014e-05
480.682	0.0	0.0	-5.0631000000000004e-05
480.802	0.0	0.0	-2.0434750000000003e-05
480.982	0.0	0.0	2.4157e-05
480.972	0.0	0.0	2.1668500000000004e-05
481.022	0.0	0.0	3.2842250000000006e-05
481.142	0.0	0.0	6.113100000000001e-05
481.322	0.0	0.0	0.00010253775000000001
481.312	0.0	0.0	0.000100737
481.362	0.0	0.0	0.00010612875000000001
481.482	0.0	0.0	0.00011696475000000001
481.662	0.0	0.0	0.00013274100000000002
481.652	0.0	0.0	0.00013175750000000001
481.692	0.0	0.0	0.00012924275000000002
481.812	0.0	0.0	0.000116914
481.992	0.0	0.0	9.869825e-05
481.982	0.0	0.0	9.973425e-05
482.032	0.0	0.0	8.924300000000003e-05
482.152	0.0	0.0	5.8189250000000005e-05
482.332	0.0	0.0	1.2713050000000002e-05
482.322	0.0	0.0	1.47413e-05
482.372	0.0	0.0	1.3890100000000002e-06
482.492	0.0	0.0	-3.3045250000000003e-05
482.672	0.0	0.0	-8.319849999999999e-05
482.662	0.0	0.0	-8.00205e-05
482.702	0.0	0.0	-8.895425e-05
482.822	0.0	0.0	-0.000109431
483.002	0.0	0.0	-0.00013969550000000002
482.992	0.0	0.0	-0.00013794025
483.042	0.0	0.0	-0.00013862800000000002
483.162	0.0	0.0	-0.00013509125000000003
483.342	0.0	0.0	-0.00012990775
483.332	0.0	0.0	-0.000130144
483.382	0.0	0.0	-0.00012104925
483.502	0.0	0.0	-9.390325e-05
483.682	0.0	0.0	-5.4344499999999994e-05
483.672	0.0	0.0	-5.689425000000001e-05
483.712	0.0	0.0	-4.4061500000000005e-05
483.832	0.0	0.0	-7.142625000000001e-06
484.012	0.0	0.0	4.745300000000001e-05
484.002	0.0	0.0	4.422775e-05
484.052	0.0	0.0	5.646375e-05
484.172	0.0	0.0	8.656025e-05
484.352	0.0	0.0	0.0001306725
484.342	0.0	0.0	0.00012860925000000005
484.392	0.0	0.0	0.00013293350000000002
484.512	0.0	0.0	0.00013991250000000002
484.692	0.0	0.0	0.00015008875000000003
484.682	0.0	0.0	0.00014942200000000002
484.722	0.0	0.0	0.00014479850000000003
484.842	0.0	0.0	0.000125629
485.022	0.0	0.0	9.726500000000001e-05
485.012	0.0	0.0	9.897125000000002e-05
485.062	0.0	0.0	8.617700000000001e-05
485.182	0.0	0.0	4.883025e-05
485.362	0.0	0.0	-5.940025000000001e-06
485.352	0.0	0.0	-3.3194000000000004e-06
485.402	0.0	0.0	-1.7778250000000002e-05
485.522	0.0	0.0	-5.463500000000001e-05
485.702	0.0	0.0	-0.00010839325000000001
485.692	0.0	0.0	-0.00010481450000000001
485.732	0.0	0.0	-0.00011338249999999999
485.852	0.0	0.0	-0.0001316315
486.032	0.0	0.0	-0.00015864275
486.022	0.0	0.0	-0.00015698725
486.072	0.0	0.0	-0.000155932
486.192	0.0	0.0	-0.00014672175000000003
486.372	0.0	0.0	-0.00013321175000000003
486.362	0.0	0.0	-0.00013387325
486.412	0.0	0.0	-0.00012253325
486.532	0.0	0.0	-8.902425e-05
486.712	0.0	0.0	-4.0122250000000004e-05
486.702	0.0	0.0	-4.3431500000000006e-05
486.742	0.0	0.0	-2.8966e-05
486.862	0.0	0.0	1.2232675000000002e-05
487.042	0.0	0.0	7.324275000000001e-05
487.032	0.0	0.0	6.944e-05
487.082	0.0	0.0	8.218e-05
487.202	0.0	0.0	0.00011279975000000001
487.382	0.0	0.0	0.000157745
487.372	0.0	0.0	0.000155498
487.422	0.0	0.0	0.00015872500000000002
487.542	0.0	0.0	0.0001618295
487.722	0.0	0.0	0.0001663585
487.712	0.0	0.0	0.000166047
487.752	0.0	0.0	0.00015933225000000002
487.872	0.0	0.0	0.00013314175000000002
488.052	0.0	0.0	9.433725e-05
488.042	0.0	0.0	9.679775000000001e-05
488.092	0.0	0.0	8.119475000000001e-05
488.212	0.0	0.0	3.5775250000000006e-05
488.392	0.0	0.0	-3.092425e-05
488.382	0.0	0.0	-2.7518749999999998e-05
488.432	0.0	0.0	-4.4170000000000006e-05
488.552	0.0	0.0	-8.641325e-05
488.732	0.0	0.0	-0.00014811825
488.722	0.0	0.0	-0.00014381150000000002
488.762	0.0	0.0	-0.00015288175000000001
488.882	0.0	0.0	-0.00017081050000000003
489.062	0.0	0.0	-0.00019738250000000002
489.052	0.0	0.0	-0.00019566750000000002
489.102	0.0	0.0	-0.00019262250000000002
489.222	0.0	0.0	-0.00017601500000000001
489.402	0.0	0.0	-0.000151634
489.392	0.0	0.0	-0.00015290450000000002
489.442	0.0	0.0	-0.00013738550000000002
489.562	0.0	0.0	-9.15775e-05
489.742	0.0	0.0	-2.4631250000000002e-05
489.732	0.0	0.0	-2.9373750000000003e-05
489.772	0.0	0.0	-1.0709300000000001e-05
489.892	0.0	0.0	4.219950000000001e-05
490.072	0.0	0.0	0.00012066075000000001
490.062	0.0	0.0	0.00011551750000000002
490.112	0.0	0.0	0.00013086675
490.232	0.0	0.0	0.00016676100000000003
490.412	0.0	0.0	0.00021952000000000004
490.402	0.0	0.0	0.00021672
490.452	0.0	0.0	0.00021875
490.572	0.0	0.0	0.00021626500000000002
490.752	0.0	0.0	0.0002126425
490.742	0.0	0.0	0.000212905
490.782	0.0	0.0	0.00020196750000000003
490.902	0.0	0.0	0.00016102975000000002
491.082	0.0	0.0	0.0001002855
491.072	0.0	0.0	0.00010433325000000001
491.112	0.0	0.0	8.241100000000001e-05
491.242	0.0	0.0	1.898925e-05
491.422	0.0	0.0	-7.428050000000001e-05
491.412	0.0	0.0	-6.92405e-05
491.462	0.0	0.0	-9.073225000000002e-05
491.582	0.0	0.0	-0.000144403
491.762	0.0	0.0	-0.00022289749999999998
491.752	0.0	0.0	-0.00021705249999999998
491.792	0.0	0.0	-0.00022706250000000002
491.912	0.0	0.0	-0.00024342500000000002
492.092	0.0	0.0	-0.0002677325
492.082	0.0	0.0	-0.00026621000000000007
492.132	0.0	0.0	-0.0002585625
492.252	0.0	0.0	-0.00022708
492.432	0.0	0.0	-0.00018098500000000002
492.422	0.0	0.0	-0.00018429250000000002
492.462	0.0	0.0	-0.00016407124999999999
492.582	0.0	0.0	-9.896250000000001e-05
492.762	0.0	0.0	-2.3156000000000003e-06
492.752	0.0	0.0	-8.965075000000002e-06
492.792	0.0	0.0	1.7282475e-05
492.922	0.0	0.0	8.801275000000001e-05
493.102	0.0	0.0	0.00019211500000000003
493.092	0.0	0.0	0.00018628750000000002
493.142	0.0	0.0	0.00020370000000000002
493.262	0.0	0.0	0.00024207750000000003
493.442	0.0	0.0	0.00029827
493.432	0.0	0.0	0.00029407000000000006
493.472	0.0	0.0	0.0002947875
493.592	0.0	0.0	0.00028112
493.772	0.0	0.0	0.00026082000000000004
493.762	0.0	0.0	0.0002622375
493.802	0.0	0.0	0.0002437575
493.932	0.0	0.0	0.0001817025
494.112	0.0	0.0	9.034550000000001e-05
494.102	0.0	0.0	9.556225000000001e-05
494.152	0.0	0.0	6.628125000000002e-05
494.272	0.0	0.0	-1.414105e-05
494.452	0.0	0.0	-0.0001319325
494.442	0.0	0.0	-0.00012300925000000002
494.482	0.0	0.0	-0.00014656600000000002
494.602	0.0	0.0	-0.00020480250000000003
494.782	0.0	0.0	-0.0002913575
494.772	0.0	0.0	-0.0002852500000000001
494.812	0.0	0.0	-0.0002936325
494.942	0.0	0.0	-0.00030196250000000003
495.122	0.0	0.0	-0.00031423000000000003
495.112	0.0	0.0	-0.0003135125
495.162	0.0	0.0	-0.00029975750000000006
495.282	0.0	0.0	-0.00025102
495.462	0.0	0.0	-0.00017958500000000004
495.452	0.0	0.0	-0.0001850625
495.492	0.0	0.0	-0.00015959650000000003
495.612	0.0	0.0	-7.9261e-05
495.792	0.0	0.0	4.0194e-05
495.782	0.0	0.0	3.164175e-05
495.822	0.0	0.0	6.0649750000000007e-05
495.952	0.0	0.0	0.000136353
496.132	0.0	0.0	0.00024792250000000004
496.122	0.0	0.0	0.00024132500000000002
496.172	0.0	0.0	0.00025698750000000003
496.292	0.0	0.0	0.00028782250000000003
496.472	0.0	0.0	0.00033302500000000003
496.462	0.0	0.0	0.00032950750000000005
496.502	0.0	0.0	0.00032618250000000006
496.622	0.0	0.0	0.00029834
496.802	0.0	0.0	0.000256935
496.792	0.0	0.0	0.00025994500000000003
496.832	0.0	0.0	0.00023709
496.962	0.0	0.0	0.00016299500000000003
497.142	0.0	0.0	5.373200000000001e-05
497.132	0.0	0.0	6.031725e-05
497.182	0.0	0.0	2.962575e-05
497.302	0.0	0.0	-5.3016250000000006e-05
497.482	0.0	0.0	-0.00017423350000000002
497.472	0.0	0.0	-0.00016466975000000003
497.512	0.0	0.0	-0.00018641000000000003
497.632	0.0	0.0	-0.00023642500000000001
497.812	0.0	0.0	-0.00031085250000000003
497.802	0.0	0.0	-0.00030535750000000003
497.842	0.0	0.0	-0.0003095575
497.972	0.0	0.0	-0.0003046750000000001
498.152	0.0	0.0	-0.000297465
498.142	0.0	0.0	-0.00029790250000000007
498.192	0.0	0.0	-0.00028075250000000006
498.312	0.0	0.0	-0.00022291500000000002
498.492	0.0	0.0	-0.000138054
498.482	0.0	0.0	-0.00014483874999999998
498.522	0.0	0.0	-0.00011895800000000002
498.642	0.0	0.0	-3.976525000000001e-05
498.822	0.0	0.0	7.8155e-05
498.812	0.0	0.0	6.934025e-05
498.852	0.0	0.0	9.5095e-05
498.982	0.0	0.0	0.00015955800000000002
499.162	0.0	0.0	0.00025469500000000004
499.152	0.0	0.0	0.00024876250000000004
499.202	0.0	0.0	0.0002594025
499.322	0.0	0.0	0.00027583500000000004
499.502	0.0	0.0	0.0002999675
499.492	0.0	0.0	0.00029800750000000004
499.532	0.0	0.0	0.0002913575
499.652	0.0	0.0	0.000255325
499.832	0.0	0.0	0.0002016525
499.822	0.0	0.0	0.00020571250000000002
499.862	0.0	0.0	0.000183365
499.992	0.0	0.0	0.00011316200000000001
500.172	0.0	0.0	9.496725e-06
500.162	0.0	0.0	1.60706e-05
500.212	0.0	0.0	-9.7202e-06
500.332	0.0	0.0	-7.734475000000001e-05
500.512	0.0	0.0	-0.00017668000000000002
500.502	0.0	0.0	-0.00016852850000000002
500.542	0.0	0.0	-0.0001843275
500.662	0.0	0.0	-0.00021677250000000004
500.842	0.0	0.0	-0.0002651075
500.832	0.0	0.0	-0.0002613975
500.872	0.0	0.0	-0.00026124000000000004
501.002	0.0	0.0	-0.000246225
501.182	0.0	0.0	-0.00022407000000000004
501.172	0.0	0.0	-0.00022550500000000003
501.212	0.0	0.0	-0.00020912500000000003
501.342	0.0	0.0	-0.000156093
501.522	0.0	0.0	-7.815325000000001e-05
501.502	0.0	0.0	-8.462475e-05
501.552	0.0	0.0	-6.3798e-05
501.672	0.0	0.0	-2.3394e-06
501.852	0.0	0.0	8.930075000000001e-05
501.842	0.0	0.0	8.21625e-05
501.882	0.0	0.0	0.00010009475
502.012	0.0	0.0	0.00014235900000000002
502.192	0.0	0.0	0.00020482
502.182	0.0	0.0	0.00020072500000000001
502.222	0.0	0.0	0.0002056075
502.352	0.0	0.0	0.00020839000000000003
502.532	0.0	0.0	0.00021248500000000002
502.512	0.0	0.0	0.00021213500000000001
502.562	0.0	0.0	0.00020478500000000003
502.682	0.0	0.0	0.00017149650000000005
502.862	0.0	0.0	0.000121835
502.852	0.0	0.0	0.00012575675000000002
502.892	0.0	0.0	0.00010878175
503.022	0.0	0.0	5.716550000000001e-05
503.202	0.0	0.0	-1.9153750000000003e-05
503.192	0.0	0.0	-1.4075425000000003e-05
503.232	0.0	0.0	-3.1066e-05
503.362	0.0	0.0	-7.412300000000001e-05
503.542	0.0	0.0	-0.0001374555
503.522	0.0	0.0	-0.0001320655
503.572	0.0	0.0	-0.000140945
503.692	0.0	0.0	-0.00015621550000000003
503.872	0.0	0.0	-0.0001790075
503.862	0.0	0.0	-0.0001771875
503.902	0.0	0.0	-0.0001749125
504.032	0.0	0.0	-0.000158571
504.212	0.0	0.0	-0.00013439825000000001
504.202	0.0	0.0	-0.000136031
504.242	0.0	0.0	-0.00012401025
504.372	0.0	0.0	-8.612275000000001e-05
504.552	0.0	0.0	-3.03695e-05
504.532	0.0	0.0	-3.517150000000001e-05
504.582	0.0	0.0	-2.1516250000000003e-05
504.702	0.0	0.0	1.765575e-05
504.882	0.0	0.0	7.6146e-05
504.872	0.0	0.0	7.1407e-05
504.912	0.0	0.0	8.2075e-05
505.042	0.0	0.0	0.00010598525
505.222	0.0	0.0	0.00014136850000000001
505.212	0.0	0.0	0.00013894125000000001
505.252	0.0	0.0	0.00014074200000000002
505.382	0.0	0.0	0.00013843200000000002
505.562	0.0	0.0	0.00013503175000000001
505.542	0.0	0.0	0.0001353275
505.592	0.0	0.0	0.00012945275000000005
505.712	0.0	0.0	0.00010449600000000001
505.892	0.0	0.0	6.721575000000001e-05
505.882	0.0	0.0	7.027475000000001e-05
505.922	0.0	0.0	5.8338e-05
506.052	0.0	0.0	2.21795e-05
506.232	0.0	0.0	-3.13565e-05
506.222	0.0	0.0	-2.7641250000000006e-05
506.262	0.0	0.0	-3.934e-05
506.392	0.0	0.0	-6.893425e-05
506.572	0.0	0.0	-0.00011251800000000001
506.552	0.0	0.0	-0.00010861200000000001
506.602	0.0	0.0	-0.00011459350000000001
506.722	0.0	0.0	-0.00012413275
506.902	0.0	0.0	-0.00013840575
506.892	0.0	0.0	-0.00013728925
506.932	0.0	0.0	-0.00013463625000000002
507.062	0.0	0.0	-0.00011985050000000002
507.242	0.0	0.0	-9.80595e-05
507.222	0.0	0.0	-9.994950000000001e-05
507.272	0.0	0.0	-9.093700000000001e-05
507.392	0.0	0.0	-5.897325000000001e-05
507.572	0.0	0.0	-1.1203150000000001e-05
507.552	0.0	0.0	-1.5224650000000002e-05
507.602	0.0	0.0	-2.6050500000000006e-06
507.722	0.0	0.0	3.308900000000001e-05
507.912	0.0	0.0	8.598100000000002e-05
507.902	0.0	0.0	8.220800000000001e-05
507.942	0.0	0.0	9.1546e-05
508.072	0.0	0.0	0.00011253899999999999
508.252	0.0	0.0	0.00014348600000000002
508.232	0.0	0.0	0.00014070525
508.282	0.0	0.0	0.00014260050000000003
508.402	0.0	0.0	0.000138516
508.582	0.0	0.0	0.00013240675000000002
508.562	0.0	0.0	0.00013292475000000002
508.612	0.0	0.0	0.00012556075000000002
508.732	0.0	0.0	9.692375e-05
508.922	0.0	0.0	5.447225000000001e-05
508.912	0.0	0.0	5.75435e-05
508.952	0.0	0.0	4.401425e-05
509.082	0.0	0.0	4.1926499999999996e-06
509.262	0.0	0.0	-5.453350000000001e-05
509.242	0.0	0.0	-4.9196e-05
509.292	0.0	0.0	-6.120625e-05
509.412	0.0	0.0	-9.23265e-05
509.592	0.0	0.0	-0.00013889575
509.572	0.0	0.0	-0.00013489875000000003
509.622	0.0	0.0	-0.0001406825
509.742	0.0	0.0	-0.00014823375000000001
509.932	0.0	0.0	-0.00015943550000000002
509.922	0.0	0.0	-0.000158613
509.962	0.0	0.0	-0.00015377775
510.092	0.0	0.0	-0.00013203225000000003
510.272	0.0	0.0	-9.994775e-05
510.252	0.0	0.0	-0.0001028965
510.302	0.0	0.0	-9.146725000000001e-05
510.422	0.0	0.0	-5.1443e-05
510.602	0.0	0.0	8.4749e-06
510.582	0.0	0.0	3.27005e-06
510.632	0.0	0.0	1.7951500000000003e-05
510.752	0.0	0.0	5.8427250000000005e-05
510.942	0.0	0.0	0.00011848200000000002
510.932	0.0	0.0	0.00011401250000000001
510.972	0.0	0.0	0.00012346250000000003
511.102	0.0	0.0	0.00014279125
511.282	0.0	0.0	0.00017132325000000003
511.262	0.0	0.0	0.000168672
511.312	0.0	0.0	0.00016899225000000003
511.432	0.0	0.0	0.000157864
511.612	0.0	0.0	0.00014119525000000002
511.592	0.0	0.0	0.00014266000000000002
511.642	0.0	0.0	0.0001325905
511.762	0.0	0.0	9.545200000000001e-05
511.952	0.0	0.0	4.032175e-05
511.942	0.0	0.0	4.4479750000000004e-05
511.982	0.0	0.0	2.8953750000000004e-05
512.112	0.0	0.0	-1.5587075e-05
512.292	0.0	0.0	-8.136625e-05
512.272	0.0	0.0	-7.518700000000001e-05
512.322	0.0	0.0	-8.748425000000001e-05
512.442	0.0	0.0	-0.00011705400000000002
512.622	0.0	0.0	-0.0001613605
512.602	0.0	0.0	-0.00015742125
512.652	0.0	0.0	-0.00016160025
512.772	0.0	0.0	-0.00016264150000000002
512.962	0.0	0.0	-0.00016419025000000002
512.952	0.0	0.0	-0.00016407124999999999
512.992	0.0	0.0	-0.00015691550000000005
513.122	0.0	0.0	-0.00012814025000000003
513.302	0.0	0.0	-8.5624e-05
513.282	0.0	0.0	-8.966125000000001e-05
513.322	0.0	0.0	-7.682500000000001e-05
513.452	0.0	0.0	-3.378025e-05
513.632	0.0	0.0	3.0744e-05
513.612	0.0	0.0	2.494275e-05
513.662	0.0	0.0	3.9313750000000006e-05
513.782	0.0	0.0	7.708750000000001e-05
513.972	0.0	0.0	0.00013320825
513.962	0.0	0.0	0.00012886125
514.002	0.0	0.0	0.00013641425000000002
514.132	0.0	0.0	0.00014922075000000002
514.312	0.0	0.0	0.00016815225000000003
514.292	0.0	0.0	0.00016633575
514.332	0.0	0.0	0.00016471175000000004
514.462	0.0	0.0	0.0001476755
514.642	0.0	0.0	0.00012212725000000004
514.622	0.0	0.0	0.00012445125
514.672	0.0	0.0	0.00011343325
514.792	0.0	0.0	7.46935e-05
514.982	0.0	0.0	1.7109750000000003e-05
514.972	0.0	0.0	2.162825e-05
515.012	0.0	0.0	7.033774999999999e-06
515.142	0.0	0.0	-3.3621e-05
515.322	0.0	0.0	-9.374225e-05
515.302	0.0	0.0	-8.791475000000001e-05
515.342	0.0	0.0	-9.828000000000001e-05
515.472	0.0	0.0	-0.00012102475000000002
515.652	0.0	0.0	-0.00015515325
515.632	0.0	0.0	-0.0001520155
515.682	0.0	0.0	-0.00015406825
515.802	0.0	0.0	-0.000149177
515.992	0.0	0.0	-0.00014190400000000002
515.982	0.0	0.0	-0.00014248325
516.022	0.0	0.0	-0.00013447875000000003
516.152	0.0	0.0	-0.000104223
516.332	0.0	0.0	-5.945625e-05
516.312	0.0	0.0	-6.384175000000001e-05
516.352	0.0	0.0	-5.1653e-05
516.482	0.0	0.0	-1.20414e-05
516.662	0.0	0.0	4.7418e-05
516.642	0.0	0.0	4.188975e-05
516.692	0.0	0.0	5.4309500000000006e-05
516.812	0.0	0.0	8.569225e-05
517.002	0.0	0.0	0.00013238050000000004
516.982	0.0	0.0	0.00012862325000000002
517.032	0.0	0.0	0.0001340745
517.162	0.0	0.0	0.00014104299999999998
517.342	0.0	0.0	0.00015135925000000003
517.322	0.0	0.0	0.000150339
517.362	0.0	0.0	0.000147525
517.492	0.0	0.0	0.00012782
517.672	0.0	0.0	9.822750000000001e-05
517.652	0.0	0.0	0.00010100825
517.702	0.0	0.0	9.00305e-05
517.822	0.0	0.0	5.227950000000001e-05
518.012	0.0	0.0	-3.9109e-06
517.992	0.0	0.0	6.686050000000002e-07
518.042	0.0	0.0	-1.2815425000000001e-05
518.162	0.0	0.0	-4.984e-05
518.352	0.0	0.0	-0.00010466750000000003
518.332	0.0	0.0	-9.918825000000002e-05
518.372	0.0	0.0	-0.00010819900000000001
518.502	0.0	0.0	-0.00012658450000000001
518.682	0.0	0.0	-0.00015420650000000003
518.662	0.0	0.0	-0.00015158325000000003
518.712	0.0	0.0	-0.00015230250000000003
518.832	0.0	0.0	-0.00014343350000000003
519.022	0.0	0.0	-0.00013022450000000003
519.002	0.0	0.0	-0.00013131475
519.052	0.0	0.0	-0.0001223845
519.172	0.0	0.0	-8.9453e-05
519.362	0.0	0.0	-4.066300000000001e-05
519.342	0.0	0.0	-4.55875e-05
519.382	0.0	0.0	-3.2977e-05
519.512	0.0	0.0	7.560525e-06
519.692	0.0	0.0	6.849150000000001e-05
519.672	0.0	0.0	6.2643e-05
519.722	0.0	0.0	7.4872e-05
519.842	0.0	0.0	0.00010492125000000001
520.032	0.0	0.0	0.00014968625000000003
520.012	0.0	0.0	0.0001459465
520.062	0.0	0.0	0.00015040725
520.182	0.0	0.0	0.00015347500000000003
520.372	0.0	0.0	0.0001580215
520.352	0.0	0.0	0.00015755775000000002
520.392	0.0	0.0	0.000153293
520.522	0.0	0.0	0.0001280335
520.702	0.0	0.0	9.004975000000002e-05
520.682	0.0	0.0	9.373525000000001e-05
520.732	0.0	0.0	8.099875e-05
520.852	0.0	0.0	3.7880500000000004e-05
521.042	0.0	0.0	-2.6383e-05
521.022	0.0	0.0	-2.09685e-05
521.072	0.0	0.0	-3.5535500000000006e-05
521.192	0.0	0.0	-7.469175e-05
521.382	0.0	0.0	-0.00013274625
521.362	0.0	0.0	-0.00012668950000000001
521.402	0.0	0.0	-0.00013559525
521.532	0.0	0.0	-0.00015129975000000001
521.712	0.0	0.0	-0.00017495099999999999
521.692	0.0	0.0	-0.00017274950000000004
521.742	0.0	0.0	-0.000171507
521.862	0.0	0.0	-0.00015579550000000003
522.052	0.0	0.0	-0.00013248375
522.032	0.0	0.0	-0.000134848
522.072	0.0	0.0	-0.00012514600000000002
522.202	0.0	0.0	-8.580425e-05
522.382	0.0	0.0	-2.6617500000000004e-05
522.362	0.0	0.0	-3.248175e-05
522.412	0.0	0.0	-1.7277575000000004e-05
522.532	0.0	0.0	2.820475e-05
522.722	0.0	0.0	9.604875000000001e-05
522.702	0.0	0.0	9.02055e-05
522.752	0.0	0.0	0.00010239250000000001
522.872	0.0	0.0	0.00013007575000000002
523.062	0.0	0.0	0.00017115875000000002
523.042	0.0	0.0	0.00016686250000000002
523.082	0.0	0.0	0.00017056725000000003
523.212	0.0	0.0	0.00016729300000000003
523.392	0.0	0.0	0.000162365
523.372	0.0	0.0	0.00016285675000000003
523.422	0.0	0.0	0.00015570975
523.542	0.0	0.0	0.00012300925000000002
523.732	0.0	0.0	7.421575000000002e-05
523.712	0.0	0.0	7.846825e-05
523.762	0.0	0.0	6.391875e-05
523.882	0.0	0.0	1.849925e-05
524.072	0.0	0.0	-4.893175e-05
524.052	0.0	0.0	-4.181625e-05
524.092	0.0	0.0	-5.5154750000000006e-05
524.212	0.0	0.0	-9.00725e-05
524.402	0.0	0.0	-0.00014266525000000002
524.382	0.0	0.0	-0.00013737150000000002
524.432	0.0	0.0	-0.00014444500000000002
524.552	0.0	0.0	-0.000153293
524.742	0.0	0.0	-0.000166502
524.722	0.0	0.0	-0.00016533825000000004
524.772	0.0	0.0	-0.00016165275000000002
524.892	0.0	0.0	-0.00014003500000000002
525.082	0.0	0.0	-0.00010792600000000002
525.062	0.0	0.0	-0.0001113455
525.102	0.0	0.0	-0.0001010695
525.222	0.0	0.0	-6.206725e-05
525.412	0.0	0.0	-3.29595e-06
525.392	0.0	0.0	-9.269400000000001e-06
525.442	0.0	0.0	4.24655e-06
525.562	0.0	0.0	4.219425e-05
525.752	0.0	0.0	9.886975e-05
525.732	0.0	0.0	9.38175e-05
525.782	0.0	0.0	0.00010273375
525.902	0.0	0.0	0.00012014450000000001
526.092	0.0	0.0	0.00014601825000000001
526.072	0.0	0.0	0.0001432375
526.112	0.0	0.0	0.00014438375000000003
526.232	0.0	0.0	0.00013495125000000002
526.422	0.0	0.0	0.00012072900000000002
526.402	0.0	0.0	0.00012218850000000002
526.442	0.0	0.0	0.00011486474999999999
526.572	0.0	0.0	8.499575000000001e-05
526.762	0.0	0.0	4.0365500000000005e-05
526.742	0.0	0.0	4.438875e-05
526.792	0.0	0.0	3.2942000000000004e-05
526.912	0.0	0.0	-8.92325e-07
527.102	0.0	0.0	-5.1191e-05
527.082	0.0	0.0	-4.573625e-05
527.122	0.0	0.0	-5.4766249999999994e-05
527.242	0.0	0.0	-7.567875e-05
527.432	0.0	0.0	-0.00010721899999999999
527.412	0.0	0.0	-0.00010395
527.452	0.0	0.0	-0.00010726975000000002
527.582	0.0	0.0	-0.00010753224999999999
527.772	0.0	0.0	-0.0001079225
527.752	0.0	0.0	-0.00010788749999999999
527.802	0.0	0.0	-0.00010389225
527.922	0.0	0.0	-8.531600000000001e-05
528.112	0.0	0.0	-5.7687000000000005e-05
528.092	0.0	0.0	-6.071100000000001e-05
528.132	0.0	0.0	-5.3403000000000004e-05
528.252	0.0	0.0	-2.796675e-05
528.442	0.0	0.0	1.04132e-05
528.422	0.0	0.0	6.398525000000001e-06
528.462	0.0	0.0	1.4281925000000001e-05
528.592	0.0	0.0	3.4473250000000004e-05
528.782	0.0	0.0	6.466950000000001e-05
528.762	0.0	0.0	6.188875000000001e-05
528.812	0.0	0.0	6.587525e-05
528.932	0.0	0.0	7.149275000000001e-05
529.122	0.0	0.0	7.985075000000001e-05
529.102	0.0	0.0	7.892675000000001e-05
529.142	0.0	0.0	7.839125e-05
529.262	0.0	0.0	6.96045e-05
529.452	0.0	0.0	5.634125e-05
529.432	0.0	0.0	5.7741250000000006e-05
529.472	0.0	0.0	5.3168500000000004e-05
529.602	0.0	0.0	3.6403500000000005e-05
529.792	0.0	0.0	1.1321975000000001e-05
529.772	0.0	0.0	1.3656299999999998e-05
529.822	0.0	0.0	8.073100000000002e-06
529.942	0.0	0.0	-7.235900000000001e-06
530.132	0.0	0.0	-3.00265e-05
530.112	0.0	0.0	-2.748725e-05
530.152	0.0	0.0	-3.118325e-05
530.272	0.0	0.0	-3.8258500000000006e-05
530.462	0.0	0.0	-4.894225e-05
530.442	0.0	0.0	-4.7803e-05
530.482	0.0	0.0	-4.8503000000000006e-05
530.612	0.0	0.0	-4.615625e-05
530.802	0.0	0.0	-4.2644e-05
530.782	0.0	0.0	-4.2974750000000004e-05
530.832	0.0	0.0	-4.075925000000001e-05
530.952	0.0	0.0	-3.177300000000001e-05
531.142	0.0	0.0	-1.8389000000000003e-05
531.122	0.0	0.0	-1.9892250000000003e-05
531.162	0.0	0.0	-1.6741550000000002e-05
531.282	0.0	0.0	-6.520325000000001e-06
531.472	0.0	0.0	8.922725000000002e-06
531.452	0.0	0.0	7.261800000000001e-06
531.492	0.0	0.0	1.0284925000000002e-05
531.622	0.0	0.0	1.766975e-05
531.812	0.0	0.0	2.8726250000000003e-05
531.792	0.0	0.0	2.767625e-05
531.842	0.0	0.0	2.9079750000000006e-05
531.962	0.0	0.0	3.078075e-05
532.152	0.0	0.0	3.3313000000000004e-05
532.132	0.0	0.0	3.3026000000000005e-05
532.172	0.0	0.0	3.2683000000000005e-05
532.292	0.0	0.0	2.8714000000000003e-05
532.482	0.0	0.0	2.2713250000000005e-05
532.462	0.0	0.0	2.3364250000000003e-05
532.502	0.0	0.0	2.1271250000000004e-05
532.632	0.0	0.0	1.3355475000000003e-05
532.822	0.0	0.0	1.4956375e-06
532.802	0.0	0.0	2.6341000000000003e-06
532.852	0.0	0.0	-1.868125e-07
532.972	0.0	0.0	-8.3937e-06
533.162	0.0	0.0	-2.062725e-05
533.142	0.0	0.0	-1.9229000000000002e-05
533.182	0.0	0.0	-2.1346500000000003e-05
533.302	0.0	0.0	-2.5942e-05
533.492	0.0	0.0	-3.2891250000000005e-05
533.472	0.0	0.0	-3.2130000000000006e-05
533.512	0.0	0.0	-3.266375e-05
533.642	0.0	0.0	-3.13985e-05
533.832	0.0	0.0	-2.9501500000000005e-05
533.812	0.0	0.0	-2.9685250000000005e-05
533.862	0.0	0.0	-2.8119000000000006e-05
533.982	0.0	0.0	-2.129925e-05
534.172	0.0	0.0	-1.11286e-05
534.152	0.0	0.0	-1.2300925000000001e-05
534.192	0.0	0.0	-9.770425000000002e-06
534.312	0.0	0.0	-9.48395e-07
534.502	0.0	0.0	1.2398225000000001e-05
534.482	0.0	0.0	1.0923850000000002e-05
534.522	0.0	0.0	1.3589625000000001e-05
534.652	0.0	0.0	2.0307e-05
534.842	0.0	0.0	3.0380000000000004e-05
534.822	0.0	0.0	2.9393000000000005e-05
534.872	0.0	0.0	3.0576e-05
534.992	0.0	0.0	3.155775e-05
535.182	0.0	0.0	3.3022500000000004e-05
535.162	0.0	0.0	3.285275000000001e-05
535.202	0.0	0.0	3.2277e-05
535.322	0.0	0.0	2.7350750000000006e-05
535.512	0.0	0.0	1.989575e-05
535.492	0.0	0.0	2.0727e-05
535.532	0.0	0.0	1.84135e-05
535.662	0.0	0.0	9.940000000000001e-06
535.852	0.0	0.0	-2.7704250000000002e-06
535.832	0.0	0.0	-1.5163925000000003e-06
535.882	0.0	0.0	-4.3001000000000006e-06
536.002	0.0	0.0	-1.201025e-05
536.192	0.0	0.0	-2.35165e-05
536.172	0.0	0.0	-2.215325e-05
536.212	0.0	0.0	-2.4008250000000002e-05
536.332	0.0	0.0	-2.7377000000000002e-05
536.522	0.0	0.0	-3.248175e-05
536.502	0.0	0.0	-3.193225e-05
536.542	0.0	0.0	-3.2042500000000004e-05
536.672	0.0	0.0	-2.9666000000000004e-05
536.862	0.0	0.0	-2.611525e-05
536.842	0.0	0.0	-2.6524750000000004e-05
536.882	0.0	0.0	-2.5053000000000002e-05
537.002	0.0	0.0	-1.8021500000000004e-05
537.192	0.0	0.0	-7.374325000000001e-06
537.172	0.0	0.0	-8.5827e-06
537.212	0.0	0.0	-5.843425e-06
537.342	0.0	0.0	3.1353e-06
537.532	0.0	0.0	1.6614325000000003e-05
537.512	0.0	0.0	1.5259825e-05
537.552	0.0	0.0	1.7883250000000002e-05
537.682	0.0	0.0	2.44335e-05
537.872	0.0	0.0	3.4214250000000005e-05
537.852	0.0	0.0	3.3054e-05
537.892	0.0	0.0	3.432625e-05
538.012	0.0	0.0	3.509100000000001e-05
538.202	0.0	0.0	3.6251250000000006e-05
538.182	0.0	0.0	3.6120000000000007e-05
538.222	0.0	0.0	3.5211750000000004e-05
538.352	0.0	0.0	2.904825e-05
538.542	0.0	0.0	1.97925e-05
538.522	0.0	0.0	2.0732250000000005e-05
538.562	0.0	0.0	1.7727500000000003e-05
538.692	0.0	0.0	6.9412e-06
538.882	0.0	0.0	-9.1777e-06
538.862	0.0	0.0	-7.247975000000001e-06
538.902	0.0	0.0	-1.0626700000000001e-05
539.022	0.0	0.0	-2.0777750000000003e-05
539.212	0.0	0.0	-3.6165500000000005e-05
539.192	0.0	0.0	-3.4396250000000005e-05
539.232	0.0	0.0	-3.6902250000000004e-05
539.362	0.0	0.0	-4.1328e-05
539.552	0.0	0.0	-4.797975e-05
539.532	0.0	0.0	-4.729725000000001e-05
539.572	0.0	0.0	-4.711175000000001e-05
539.702	0.0	0.0	-4.2525000000000004e-05
539.892	0.0	0.0	-3.5666750000000005e-05
539.872	0.0	0.0	-3.64945e-05
539.912	0.0	0.0	-3.4034e-05
540.032	0.0	0.0	-2.2407000000000004e-05
540.222	0.0	0.0	-4.774175000000001e-06
540.202	0.0	0.0	-6.818700000000001e-06
540.242	0.0	0.0	-2.54765e-06
540.372	0.0	0.0	1.1026050000000001e-05
540.562	0.0	0.0	3.142825e-05
540.542	0.0	0.0	2.9319500000000003e-05
540.582	0.0	0.0	3.294725e-05
540.712	0.0	0.0	4.1079500000000005e-05
540.902	0.0	0.0	5.324375e-05
540.882	0.0	0.0	5.176500000000001e-05
540.922	0.0	0.0	5.3032e-05
541.042	0.0	0.0	5.1490250000000014e-05
541.232	0.0	0.0	4.915225000000001e-05
541.212	0.0	0.0	4.9425250000000006e-05
541.252	0.0	0.0	4.74075e-05
541.382	0.0	0.0	3.6618750000000006e-05
541.572	0.0	0.0	2.0394500000000003e-05
541.552	0.0	0.0	2.208675e-05
541.592	0.0	0.0	1.771175e-05
541.722	0.0	0.0	3.158575e-06
541.912	0.0	0.0	-1.861825e-05
541.892	0.0	0.0	-1.594845e-05
541.932	0.0	0.0	-2.00795e-05
542.052	0.0	0.0	-3.0857750000000005e-05
542.242	0.0	0.0	-4.72185e-05
542.222	0.0	0.0	-4.529000000000001e-05
542.262	0.0	0.0	-4.75475e-05
542.392	0.0	0.0	-4.961425e-05
542.582	0.0	0.0	-5.2722250000000005e-05
542.562	0.0	0.0	-5.2395e-05
542.602	0.0	0.0	-5.1324e-05
542.732	0.0	0.0	-4.363275e-05
542.922	0.0	0.0	-3.21195e-05
542.902	0.0	0.0	-3.35405e-05
542.942	0.0	0.0	-3.0409750000000005e-05
543.062	0.0	0.0	-1.757525e-05
543.252	0.0	0.0	1.9153750000000003e-06
543.232	0.0	0.0	-4.0034750000000005e-07
543.272	0.0	0.0	3.7780750000000002e-06
543.402	0.0	0.0	1.5643075000000004e-05
543.592	0.0	0.0	3.3500250000000005e-05
543.572	0.0	0.0	3.160325e-05
543.612	0.0	0.0	3.436650000000001e-05
543.742	0.0	0.0	3.919300000000001e-05
543.932	0.0	0.0	4.642225e-05
543.912	0.0	0.0	4.552275000000001e-05
543.952	0.0	0.0	4.5930500000000003e-05
544.072	0.0	0.0	4.217850000000001e-05
544.262	0.0	0.0	3.6477e-05
544.242	0.0	0.0	3.715950000000001e-05
544.282	0.0	0.0	3.495100000000001e-05
544.412	0.0	0.0	2.5088e-05
544.602	0.0	0.0	1.0236450000000001e-05
544.582	0.0	0.0	1.18286e-05
544.622	0.0	0.0	8.36675e-06
544.752	0.0	0.0	-2.18225e-06
544.942	0.0	0.0	-1.7988250000000002e-05
544.922	0.0	0.0	-1.6005850000000002e-05
544.962	0.0	0.0	-1.8768750000000002e-05
545.082	0.0	0.0	-2.485525e-05
545.272	0.0	0.0	-3.4104e-05
545.252	0.0	0.0	-3.29875e-05
545.292	0.0	0.0	-3.4030500000000006e-05
545.422	0.0	0.0	-3.3549250000000004e-05
545.612	0.0	0.0	-3.2823e-05
545.592	0.0	0.0	-3.290175e-05
545.632	0.0	0.0	-3.174325e-05
545.762	0.0	0.0	-2.5567500000000002e-05
545.952	0.0	0.0	-1.631105e-05
545.932	0.0	0.0	-1.7480400000000003e-05
545.972	0.0	0.0	-1.52964e-05
546.092	0.0	0.0	-7.2471000000000005e-06
546.282	0.0	0.0	4.991875e-06
546.262	0.0	0.0	3.5028e-06
546.302	0.0	0.0	5.926725e-06
546.432	0.0	0.0	1.2159525e-05
546.622	0.0	0.0	2.155125e-05
546.602	0.0	0.0	2.0527500000000003e-05
546.642	0.0	0.0	2.1826000000000004e-05
546.772	0.0	0.0	2.34115e-05
546.962	0.0	0.0	2.5789749999999998e-05
546.942	0.0	0.0	2.5487e-05
546.982	0.0	0.0	2.5415250000000004e-05
547.102	0.0	0.0	2.239475e-05
547.292	0.0	0.0	1.779925e-05
547.272	0.0	0.0	1.8362750000000003e-05
547.312	0.0	0.0	1.6953825000000002e-05
547.442	0.0	0.0	1.12315e-05
547.632	0.0	0.0	2.6047e-06
547.612	0.0	0.0	3.5540750000000004e-06
547.652	0.0	0.0	1.6840250000000002e-06
547.782	0.0	0.0	-3.726275e-06
547.972	0.0	0.0	-1.1843125000000002e-05
547.952	0.0	0.0	-1.0802575e-05
547.992	0.0	0.0	-1.2169850000000002e-05
548.112	0.0	0.0	-1.4862574999999999e-05
548.302	0.0	0.0	-1.896125e-05
548.282	0.0	0.0	-1.8453750000000003e-05
548.322	0.0	0.0	-1.8844e-05
548.452	0.0	0.0	-1.8042500000000002e-05
548.642	0.0	0.0	-1.6832900000000003e-05
548.622	0.0	0.0	-1.6967125000000004e-05
548.662	0.0	0.0	-1.6216025000000004e-05
548.792	0.0	0.0	-1.2541025000000002e-05
548.982	0.0	0.0	-7.0252e-06
548.962	0.0	0.0	-7.737450000000002e-06
548.992	0.0	0.0	-6.477100000000001e-06
549.122	0.0	0.0	-1.8679499999999998e-06
549.312	0.0	0.0	5.149025000000001e-06
549.292	0.0	0.0	4.275425000000001e-06
549.332	0.0	0.0	5.6749000000000005e-06
549.462	0.0	0.0	9.351475000000002e-06
549.652	0.0	0.0	1.4898800000000002e-05
549.632	0.0	0.0	1.42793e-05
549.672	0.0	0.0	1.506575e-05
549.802	0.0	0.0	1.6070950000000002e-05
549.992	0.0	0.0	1.75805e-05
549.962	0.0	0.0	1.73817e-05
550.002	0.0	0.0	1.734145e-05
550.132	0.0	0.0	1.5235674999999999e-05
550.322	0.0	0.0	1.2025475e-05
550.302	0.0	0.0	1.241275e-05
550.342	0.0	0.0	1.1322150000000001e-05
550.472	0.0	0.0	6.6974250000000005e-06
550.662	0.0	0.0	-2.5095e-07
550.642	0.0	0.0	6.416375e-07
550.672	0.0	0.0	-8.562050000000001e-07
550.802	0.0	0.0	-5.9727500000000005e-06
550.992	0.0	0.0	-1.3766025000000002e-05
550.972	0.0	0.0	-1.278025e-05
551.012	0.0	0.0	-1.423415e-05
551.142	0.0	0.0	-1.7612e-05
551.332	0.0	0.0	-2.27115e-05
551.312	0.0	0.0	-2.213225e-05
551.352	0.0	0.0	-2.260825e-05
551.482	0.0	0.0	-2.1971250000000004e-05
551.672	0.0	0.0	-2.1015750000000003e-05
551.642	0.0	0.0	-2.1141750000000005e-05
551.682	0.0	0.0	-2.0457500000000002e-05
551.812	0.0	0.0	-1.550815e-05
552.002	0.0	0.0	-7.964075e-06
551.982	0.0	0.0	-8.922025000000002e-06
552.022	0.0	0.0	-6.903050000000001e-06
552.152	0.0	0.0	8.481725000000002e-07
552.342	0.0	0.0	1.2556775000000001e-05
552.322	0.0	0.0	1.1217150000000002e-05
552.362	0.0	0.0	1.3619025e-05
552.492	0.0	0.0	2.0289500000000003e-05
552.682	0.0	0.0	3.0317000000000005e-05
552.652	0.0	0.0	2.8987e-05
552.692	0.0	0.0	3.0513e-05
552.822	0.0	0.0	3.2289250000000006e-05
553.012	0.0	0.0	3.5000000000000004e-05
552.992	0.0	0.0	3.46535e-05
553.032	0.0	0.0	3.43175e-05
553.162	0.0	0.0	2.9244250000000004e-05
553.352	0.0	0.0	2.1577500000000005e-05
553.332	0.0	0.0	2.2463e-05
553.372	0.0	0.0	1.994825e-05
553.502	0.0	0.0	9.554475000000001e-06
553.692	0.0	0.0	-6.0754750000000005e-06
553.662	0.0	0.0	-3.98965e-06
553.702	0.0	0.0	-7.232050000000001e-06
553.832	0.0	0.0	-1.794625e-05
554.022	0.0	0.0	-3.4287750000000004e-05
554.002	0.0	0.0	-3.2182500000000006e-05
554.042	0.0	0.0	-3.50315e-05
554.172	0.0	0.0	-4.0657750000000006e-05
554.362	0.0	0.0	-4.9161e-05
554.342	0.0	0.0	-4.8172249999999996e-05
554.382	0.0	0.0	-4.860625e-05
554.512	0.0	0.0	-4.5013500000000005e-05
554.702	0.0	0.0	-3.960600000000001e-05
554.672	0.0	0.0	-4.0334e-05
554.712	0.0	0.0	-3.8375749999999996e-05
554.842	0.0	0.0	-2.67225e-05
555.032	0.0	0.0	-8.93655e-06
555.012	0.0	0.0	-1.1244975000000002e-05
555.052	0.0	0.0	-6.998599999999999e-06
555.182	0.0	0.0	7.91455e-06
555.372	0.0	0.0	3.046925e-05
555.352	0.0	0.0	2.7826750000000006e-05
555.392	0.0	0.0	3.2016250000000004e-05
555.522	0.0	0.0	4.216975000000001e-05
555.712	0.0	0.0	5.7454250000000006e-05
555.682	0.0	0.0	5.5385750000000004e-05
555.722	0.0	0.0	5.744025e-05
555.852	0.0	0.0	5.730725e-05
556.042	0.0	0.0	5.710425e-05
556.012	0.0	0.0	5.71305e-05
556.062	0.0	0.0	5.5678000000000005e-05
556.192	0.0	0.0	4.4509500000000005e-05
556.382	0.0	0.0	2.76115e-05
556.362	0.0	0.0	2.9608250000000002e-05
556.402	0.0	0.0	2.50635e-05
556.532	0.0	0.0	8.068550000000001e-06
556.722	0.0	0.0	-1.752275e-05
556.692	0.0	0.0	-1.4037625000000001e-05
556.732	0.0	0.0	-1.8947250000000004e-05
556.862	0.0	0.0	-3.306275e-05
557.052	0.0	0.0	-5.4621e-05
557.022	0.0	0.0	-5.178250000000001e-05
557.072	0.0	0.0	-5.517925e-05
557.192	0.0	0.0	-5.9624250000000014e-05
557.392	0.0	0.0	-6.635125e-05
557.372	0.0	0.0	-6.554975e-05
557.412	0.0	0.0	-6.515600000000001e-05
557.542	0.0	0.0	-5.7051750000000005e-05
557.732	0.0	0.0	-4.484375e-05
557.702	0.0	0.0	-4.6516750000000005e-05
557.742	0.0	0.0	-4.324425e-05
557.872	0.0	0.0	-2.7023500000000003e-05
558.062	0.0	0.0	-2.2372000000000004e-06
558.032	0.0	0.0	-5.523175e-06
558.082	0.0	0.0	-1.6092475e-07
558.202	0.0	0.0	1.6712675000000005e-05
558.402	0.0	0.0	4.2266000000000005e-05
558.382	0.0	0.0	3.9200000000000004e-05
558.422	0.0	0.0	4.352075000000001e-05
558.552	0.0	0.0	5.2162250000000004e-05
558.742	0.0	0.0	6.51875e-05
558.712	0.0	0.0	6.339025e-05
558.752	0.0	0.0	6.48585e-05
558.882	0.0	0.0	6.143025e-05
559.072	0.0	0.0	5.6187250000000007e-05
559.042	0.0	0.0	5.6887249999999996e-05
559.092	0.0	0.0	5.453350000000001e-05
559.212	0.0	0.0	4.083275e-05
559.412	0.0	0.0	2.0077750000000003e-05
559.392	0.0	0.0	2.2587250000000003e-05
559.432	0.0	0.0	1.766275e-05
559.562	0.0	0.0	7.6531e-07
559.752	0.0	0.0	-2.4711750000000006e-05
559.722	0.0	0.0	-2.1171500000000002e-05
559.762	0.0	0.0	-2.580725e-05
559.892	0.0	0.0	-3.7477999999999996e-05
560.082	0.0	0.0	-5.532625e-05
560.052	0.0	0.0	-5.2927e-05
560.102	0.0	0.0	-5.5496000000000005e-05
560.222	0.0	0.0	-5.693275e-05
560.422	0.0	0.0	-5.9113250000000005e-05
560.402	0.0	0.0	-5.8847250000000005e-05
560.442	0.0	0.0	-5.777975000000001e-05
560.572	0.0	0.0	-4.829650000000001e-05
560.762	0.0	0.0	-3.399375e-05
560.732	0.0	0.0	-3.5994e-05
560.772	0.0	0.0	-3.2607750000000006e-05
560.902	0.0	0.0	-1.74685e-05
561.092	0.0	0.0	5.6934500000000005e-06
561.062	0.0	0.0	2.558675e-06
561.112	0.0	0.0	7.325150000000001e-06
561.232	0.0	0.0	2.1371000000000003e-05
561.432	0.0	0.0	4.26685e-05
561.412	0.0	0.0	4.005575000000001e-05
561.452	0.0	0.0	4.347875e-05
561.582	0.0	0.0	4.932900000000001e-05
561.772	0.0	0.0	5.815775000000001e-05
561.742	0.0	0.0	5.691525000000001e-05
561.782	0.0	0.0	5.7736e-05
561.912	0.0	0.0	5.299700000000001e-05
562.102	0.0	0.0	4.5745e-05
562.072	0.0	0.0	4.6733750000000006e-05
562.112	0.0	0.0	4.423475000000001e-05
562.242	0.0	0.0	3.09785e-05
562.442	0.0	0.0	1.0867675000000001e-05
562.422	0.0	0.0	1.335425e-05
562.462	0.0	0.0	8.786925000000002e-06
562.592	0.0	0.0	-6.512975e-06
562.782	0.0	0.0	-2.9611750000000003e-05
562.752	0.0	0.0	-2.633925e-05
562.792	0.0	0.0	-3.046925e-05
562.922	0.0	0.0	-4.03515e-05
563.112	0.0	0.0	-5.5482e-05
563.082	0.0	0.0	-5.3406500000000004e-05
563.122	0.0	0.0	-5.5469750000000005e-05
563.252	0.0	0.0	-5.5363e-05
563.452	0.0	0.0	-5.5202000000000004e-05
563.432	0.0	0.0	-5.5221249999999996e-05
563.472	0.0	0.0	-5.379150000000001e-05
563.602	0.0	0.0	-4.3237250000000003e-05
563.792	0.0	0.0	-2.7296500000000005e-05
563.762	0.0	0.0	-2.9569750000000003e-05
563.802	0.0	0.0	-2.5975250000000002e-05
563.932	0.0	0.0	-1.0360175000000001e-05
564.122	0.0	0.0	1.3560575000000002e-05
564.092	0.0	0.0	1.0257450000000001e-05
564.132	0.0	0.0	1.5051749999999999e-05
564.262	0.0	0.0	2.8689500000000004e-05
564.462	0.0	0.0	4.9393750000000005e-05
564.442	0.0	0.0	4.6802000000000004e-05
564.482	0.0	0.0	4.9966e-05
564.612	0.0	0.0	5.4299e-05
564.802	0.0	0.0	6.0844e-05
564.772	0.0	0.0	5.98955e-05
564.812	0.0	0.0	6.029975e-05
564.942	0.0	0.0	5.3408250000000005e-05
565.132	0.0	0.0	4.2839999999999996e-05
565.102	0.0	0.0	4.425925e-05
565.152	0.0	0.0	4.107250000000001e-05
565.272	0.0	0.0	2.6127500000000004e-05
565.472	0.0	0.0	3.5362250000000006e-06
565.442	0.0	0.0	6.740475000000001e-06
565.482	0.0	0.0	2.2769250000000002e-06
565.612	0.0	0.0	-1.2723900000000002e-05
565.802	0.0	0.0	-3.5712250000000004e-05
565.772	0.0	0.0	-3.2492250000000004e-05
565.812	0.0	0.0	-3.657325000000001e-05
565.942	0.0	0.0	-4.476675000000001e-05
566.142	0.0	0.0	-5.7214500000000006e-05
566.122	0.0	0.0	-5.563425e-05
566.162	0.0	0.0	-5.6843500000000006e-05
566.292	0.0	0.0	-5.394374999999999e-05
566.482	0.0	0.0	-4.955825e-05
566.452	0.0	0.0	-5.0193500000000007e-05
566.492	0.0	0.0	-4.8651750000000004e-05
566.622	0.0	0.0	-3.7094750000000006e-05
566.812	0.0	0.0	-1.9374250000000002e-05
566.782	0.0	0.0	-2.18645e-05
566.822	0.0	0.0	-1.790425e-05
566.952	0.0	0.0	-3.6692250000000004e-06
567.152	0.0	0.0	1.7963750000000002e-05
567.122	0.0	0.0	1.5197175e-05
567.172	0.0	0.0	1.9124000000000002e-05
567.302	0.0	0.0	2.8386750000000004e-05
567.492	0.0	0.0	4.2399000000000005e-05
567.462	0.0	0.0	4.0355e-05
567.502	0.0	0.0	4.2427000000000006e-05
567.632	0.0	0.0	4.2798e-05
567.822	0.0	0.0	4.33685e-05
567.792	0.0	0.0	4.3288e-05
567.832	0.0	0.0	4.262475e-05
567.962	0.0	0.0	3.5260749999999996e-05
568.162	0.0	0.0	2.4064250000000003e-05
568.132	0.0	0.0	2.550625e-05
568.182	0.0	0.0	2.2825250000000003e-05
568.302	0.0	0.0	1.2752075e-05
568.502	0.0	0.0	-2.492175e-06
568.472	0.0	0.0	-2.5488750000000006e-07
568.512	0.0	0.0	-3.0066750000000003e-06
568.642	0.0	0.0	-9.976750000000002e-06
568.832	0.0	0.0	-2.06745e-05
568.802	0.0	0.0	-1.9152000000000002e-05
568.842	0.0	0.0	-2.0802250000000002e-05
568.972	0.0	0.0	-2.2093750000000005e-05
569.172	0.0	0.0	-2.4058999999999998e-05
569.142	0.0	0.0	-2.3803500000000003e-05
569.192	0.0	0.0	-2.36355e-05
569.312	0.0	0.0	-2.0118000000000003e-05
569.512	0.0	0.0	-1.4793975000000003e-05
569.482	0.0	0.0	-1.558025e-05
569.522	0.0	0.0	-1.4469875e-05
569.652	0.0	0.0	-9.937025e-06
569.842	0.0	0.0	-2.9772750000000002e-06
569.812	0.0	0.0	-3.9740750000000006e-06
569.852	0.0	0.0	-2.7266750000000005e-06
569.982	0.0	0.0	-1.2904324999999998e-07
570.182	0.0	0.0	3.82375e-06
570.152	0.0	0.0	3.3075000000000005e-06
570.202	0.0	0.0	3.951675e-06
570.322	0.0	0.0	5.032650000000001e-06
570.522	0.0	0.0	6.66995e-06
570.492	0.0	0.0	6.426700000000001e-06
570.532	0.0	0.0	6.762000000000001e-06
570.662	0.0	0.0	8.09165e-06
570.852	0.0	0.0	1.0133900000000001e-05
570.822	0.0	0.0	9.83955e-06
570.862	0.0	0.0	1.0052700000000001e-05
570.992	0.0	0.0	9.190475e-06
571.192	0.0	0.0	7.877975000000001e-06
571.162	0.0	0.0	8.050525000000002e-06
571.212	0.0	0.0	7.342825000000001e-06
571.332	0.0	0.0	2.734375e-06
571.532	0.0	0.0	-4.248475000000001e-06
571.502	0.0	0.0	-3.20495e-06
571.542	0.0	0.0	-4.671625000000001e-06
571.672	0.0	0.0	-1.099735e-05
571.862	0.0	0.0	-2.071825e-05
571.832	0.0	0.0	-1.930775e-05
571.872	0.0	0.0	-2.1087500000000004e-05
572.002	0.0	0.0	-2.50985e-05
572.202	0.0	0.0	-3.1206e-05
572.172	0.0	0.0	-3.03975e-05
572.212	0.0	0.0	-3.0961000000000004e-05
572.342	0.0	0.0	-2.880675e-05
572.542	0.0	0.0	-2.554125e-05
572.512	0.0	0.0	-2.6031250000000006e-05
572.552	0.0	0.0	-2.50075e-05
572.682	0.0	0.0	-1.6761675000000004e-05
572.872	0.0	0.0	-4.0845e-06
572.842	0.0	0.0	-5.934425e-06
572.882	0.0	0.0	-3.110275e-06
573.012	0.0	0.0	7.748825000000001e-06
573.212	0.0	0.0	2.42935e-05
573.182	0.0	0.0	2.20885e-05
573.222	0.0	0.0	2.508975e-05
573.352	0.0	0.0	3.2242e-05
573.552	0.0	0.0	4.3086750000000006e-05
573.522	0.0	0.0	4.1447000000000005e-05
573.562	0.0	0.0	4.3036e-05
573.682	0.0	0.0	4.2215250000000005e-05
573.882	0.0	0.0	4.095350000000001e-05
573.852	0.0	0.0	4.113900000000001e-05
573.892	0.0	0.0	4.0171249999999996e-05
574.022	0.0	0.0	3.1225250000000004e-05
574.222	0.0	0.0	1.7592750000000002e-05
574.192	0.0	0.0	1.9423250000000004e-05
574.232	0.0	0.0	1.6236850000000004e-05
574.362	0.0	0.0	3.8206e-06
574.562	0.0	0.0	-1.5015350000000002e-05
574.532	0.0	0.0	-1.2150425000000003e-05
574.572	0.0	0.0	-1.55652e-05
574.692	0.0	0.0	-2.472575e-05
574.892	0.0	0.0	-3.882025e-05
574.862	0.0	0.0	-3.673775000000001e-05
574.902	0.0	0.0	-3.895500000000001e-05
575.032	0.0	0.0	-4.05265e-05
575.232	0.0	0.0	-4.2924000000000004e-05
575.202	0.0	0.0	-4.260025000000001e-05
575.242	0.0	0.0	-4.222225e-05
575.372	0.0	0.0	-3.5658e-05
575.572	0.0	0.0	-2.569525e-05
575.542	0.0	0.0	-2.7219500000000006e-05
575.582	0.0	0.0	-2.5102e-05
575.702	0.0	0.0	-1.4838425000000002e-05
575.902	0.0	0.0	9.594025e-07
575.872	0.0	0.0	-1.3881175e-06
575.912	0.0	0.0	1.67265e-06
576.042	0.0	0.0	1.0269350000000002e-05
576.242	0.0	0.0	2.3383500000000004e-05
576.212	0.0	0.0	2.160025e-05
576.252	0.0	0.0	2.3653000000000002e-05
576.382	0.0	0.0	2.6241250000000002e-05
576.582	0.0	0.0	3.017e-05
576.552	0.0	0.0	2.9566250000000005e-05
576.592	0.0	0.0	2.998275e-05
576.712	0.0	0.0	2.6596500000000005e-05
576.912	0.0	0.0	2.1381500000000002e-05
576.882	0.0	0.0	2.2160250000000002e-05
576.922	0.0	0.0	2.0884500000000003e-05
577.052	0.0	0.0	1.4735e-05
577.252	0.0	0.0	5.34975e-06
577.222	0.0	0.0	6.63425e-06
577.262	0.0	0.0	4.866575000000001e-06
577.392	0.0	0.0	1.4980350000000002e-07
577.592	0.0	0.0	-7.014700000000001e-06
577.562	0.0	0.0	-5.906075e-06
577.602	0.0	0.0	-7.072625000000001e-06
577.722	0.0	0.0	-8.161300000000001e-06
577.922	0.0	0.0	-9.838325000000002e-06
577.892	0.0	0.0	-9.58615e-06
577.932	0.0	0.0	-9.724575000000002e-06
578.062	0.0	0.0	-8.276625e-06
578.262	0.0	0.0	-6.0662e-06
578.232	0.0	0.0	-6.3707e-06
578.272	0.0	0.0	-5.939675e-06
578.402	0.0	0.0	-4.676525e-06
578.602	0.0	0.0	-2.7569500000000003e-06
578.572	0.0	0.0	-3.055675e-06
578.612	0.0	0.0	-2.675925e-06
578.732	0.0	0.0	-1.0833725e-06
578.932	0.0	0.0	1.3707225000000002e-06
578.902	0.0	0.0	9.995125e-07
578.942	0.0	0.0	1.6396450000000001e-06
579.072	0.0	0.0	5.1665250000000005e-06
579.272	0.0	0.0	1.0553025e-05
579.242	0.0	0.0	9.807700000000001e-06
579.282	0.0	0.0	1.086295e-05
579.412	0.0	0.0	1.4010675000000003e-05
579.612	0.0	0.0	1.8795000000000006e-05
579.582	0.0	0.0	1.8039000000000005e-05
579.622	0.0	0.0	1.87775e-05
579.742	0.0	0.0	1.840475e-05
579.942	0.0	0.0	1.782725e-05
579.912	0.0	0.0	1.7913000000000003e-05
579.952	0.0	0.0	1.7366125e-05
580.082	0.0	0.0	1.1936925000000001e-05
580.282	0.0	0.0	3.6797250000000006e-06
580.252	0.0	0.0	4.958100000000001e-06
580.292	0.0	0.0	3.2642749999999998e-06
580.412	0.0	0.0	-5.0043000000000005e-06
580.612	0.0	0.0	-1.7752000000000002e-05
580.582	0.0	0.0	-1.5799350000000003e-05
580.622	0.0	0.0	-1.824725e-05
580.752	0.0	0.0	-2.5121250000000003e-05
580.952	0.0	0.0	-3.563e-05
580.922	0.0	0.0	-3.415825e-05
580.962	0.0	0.0	-3.568075e-05
581.092	0.0	0.0	-3.6218000000000005e-05
581.292	0.0	0.0	-3.7035250000000004e-05
581.262	0.0	0.0	-3.690575e-05
581.302	0.0	0.0	-3.6716750000000004e-05
581.422	0.0	0.0	-2.9616999999999998e-05
581.622	0.0	0.0	-1.8662000000000002e-05
581.592	0.0	0.0	-2.03455e-05
581.632	0.0	0.0	-1.779925e-05
581.762	0.0	0.0	-5.515300000000001e-06
581.962	0.0	0.0	1.3264125000000002e-05
581.932	0.0	0.0	1.0616725000000001e-05
581.972	0.0	0.0	1.4274400000000002e-05
582.102	0.0	0.0	2.5270000000000004e-05
582.302	0.0	0.0	4.2001750000000005e-05
582.272	0.0	0.0	3.934525e-05
582.312	0.0	0.0	4.2157500000000004e-05
582.432	0.0	0.0	4.57905e-05
582.632	0.0	0.0	5.139750000000001e-05
582.602	0.0	0.0	5.053125e-05
582.642	0.0	0.0	5.0974e-05
582.772	0.0	0.0	4.473875e-05
582.972	0.0	0.0	3.520125000000001e-05
582.942	0.0	0.0	3.655400000000001e-05
582.982	0.0	0.0	3.399375e-05
583.112	0.0	0.0	2.05135e-05
583.312	0.0	0.0	-8.308475000000002e-09
583.282	0.0	0.0	3.2686500000000005e-06
583.322	0.0	0.0	-5.600525000000001e-07
583.442	0.0	0.0	-1.4251299999999999e-05
583.642	0.0	0.0	-3.539025e-05
583.612	0.0	0.0	-3.2105500000000006e-05
583.652	0.0	0.0	-3.5871500000000004e-05
583.782	0.0	0.0	-4.319350000000001e-05
583.982	0.0	0.0	-5.4397e-05
583.952	0.0	0.0	-5.279750000000001e-05
583.992	0.0	0.0	-5.411525e-05
584.122	0.0	0.0	-5.089175e-05
584.322	0.0	0.0	-4.598125e-05
584.292	0.0	0.0	-4.676875e-05
584.322	0.0	0.0	-4.5540250000000005e-05
584.452	0.0	0.0	-3.39605e-05
584.652	0.0	0.0	-1.60727e-05
584.622	0.0	0.0	-1.886675e-05
584.662	0.0	0.0	-1.51662e-05
584.792	0.0	0.0	-9.207100000000001e-07
584.992	0.0	0.0	2.0884500000000003e-05
584.962	0.0	0.0	1.775375e-05
585.002	0.0	0.0	2.167725e-05
585.132	0.0	0.0	3.098375e-05
585.332	0.0	0.0	4.516225e-05
585.302	0.0	0.0	4.287325e-05
585.332	0.0	0.0	4.5171000000000005e-05
585.462	0.0	0.0	4.540025e-05
585.662	0.0	0.0	4.5757250000000006e-05
585.632	0.0	0.0	4.5701250000000006e-05
585.672	0.0	0.0	4.52585e-05
585.802	0.0	0.0	3.715950000000001e-05
586.002	0.0	0.0	2.4757250000000004e-05
585.972	0.0	0.0	2.6549250000000003e-05
586.012	0.0	0.0	2.38e-05
586.142	0.0	0.0	1.2249125e-05
586.342	0.0	0.0	-5.356925e-06
586.312	0.0	0.0	-2.5000500000000003e-06
586.342	0.0	0.0	-5.651800000000001e-06
586.472	0.0	0.0	-1.44466e-05
586.672	0.0	0.0	-2.8042e-05
586.642	0.0	0.0	-2.589475e-05
586.682	0.0	0.0	-2.8194250000000005e-05
586.812	0.0	0.0	-3.076325e-05
587.012	0.0	0.0	-3.4699e-05
586.982	0.0	0.0	-3.412675e-05
587.022	0.0	0.0	-3.4373500000000006e-05
587.152	0.0	0.0	-3.0325750000000004e-05
587.352	0.0	0.0	-2.4155250000000002e-05
587.322	0.0	0.0	-2.5161500000000003e-05
587.352	0.0	0.0	-2.3922500000000007e-05
587.482	0.0	0.0	-1.6492875e-05
587.682	0.0	0.0	-5.0036e-06
587.652	0.0	0.0	-6.828850000000001e-06
587.692	0.0	0.0	-4.593750000000001e-06
587.822	0.0	0.0	2.601375e-06
588.022	0.0	0.0	1.3628125000000003e-05
587.992	0.0	0.0	1.2015850000000001e-05
588.032	0.0	0.0	1.3930875000000002e-05
588.162	0.0	0.0	1.7790500000000002e-05
588.362	0.0	0.0	2.3679250000000002e-05
588.332	0.0	0.0	2.2713250000000005e-05
588.362	0.0	0.0	2.3665250000000005e-05
588.492	0.0	0.0	2.3184e-05
588.692	0.0	0.0	2.2442000000000003e-05
588.662	0.0	0.0	2.2561000000000003e-05
588.702	0.0	0.0	2.2197e-05
588.832	0.0	0.0	1.77485e-05
589.032	0.0	0.0	1.0926475e-05
589.002	0.0	0.0	1.1929750000000002e-05
589.042	0.0	0.0	1.0413725e-05
589.172	0.0	0.0	3.68375e-06
589.372	0.0	0.0	-6.5873500000000006e-06
589.342	0.0	0.0	-4.8942250000000006e-06
589.372	0.0	0.0	-6.750275e-06
589.502	0.0	0.0	-1.283555e-05
589.702	0.0	0.0	-2.2253e-05
589.672	0.0	0.0	-2.0741000000000004e-05
589.712	0.0	0.0	-2.2386000000000006e-05
589.842	0.0	0.0	-2.491475e-05
590.042	0.0	0.0	-2.879275e-05
590.012	0.0	0.0	-2.8218750000000005e-05
590.052	0.0	0.0	-2.856525e-05
590.182	0.0	0.0	-2.549925e-05
590.382	0.0	0.0	-2.0816250000000003e-05
590.352	0.0	0.0	-2.15915e-05
590.382	0.0	0.0	-2.0632500000000003e-05
590.512	0.0	0.0	-1.3119575000000002e-05
590.712	0.0	0.0	-1.4881475e-06
590.682	0.0	0.0	-3.3661250000000007e-06
590.722	0.0	0.0	-1.0488800000000001e-06
590.852	0.0	0.0	7.673750000000001e-06
591.052	0.0	0.0	2.1057750000000003e-05
591.022	0.0	0.0	1.9066250000000004e-05
591.062	0.0	0.0	2.1423500000000002e-05
591.192	0.0	0.0	2.6537e-05
591.392	0.0	0.0	3.4345500000000005e-05
591.362	0.0	0.0	3.3045250000000003e-05
591.392	0.0	0.0	3.4315750000000004e-05
591.522	0.0	0.0	3.3024250000000005e-05
591.722	0.0	0.0	3.1022250000000006e-05
591.692	0.0	0.0	3.134775e-05
591.732	0.0	0.0	3.06635e-05
591.862	0.0	0.0	2.3226000000000004e-05
592.062	0.0	0.0	1.1809000000000002e-05
592.032	0.0	0.0	1.3517875e-05
592.072	0.0	0.0	1.11188e-05
592.202	0.0	0.0	1.18587e-06
592.402	0.0	0.0	-1.3991774999999999e-05
592.372	0.0	0.0	-1.145095e-05
592.402	0.0	0.0	-1.4140175000000002e-05
592.532	0.0	0.0	-2.153725e-05
592.732	0.0	0.0	-3.2999750000000005e-05
592.702	0.0	0.0	-3.1129e-05
592.742	0.0	0.0	-3.30645e-05
592.872	0.0	0.0	-3.4468e-05
593.072	0.0	0.0	-3.6624e-05
593.042	0.0	0.0	-3.6300250000000005e-05
593.082	0.0	0.0	-3.6246000000000005e-05
593.212	0.0	0.0	-3.062325e-05
593.412	0.0	0.0	-2.202725e-05
593.382	0.0	0.0	-2.347275e-05
593.412	0.0	0.0	-2.1852250000000004e-05
593.542	0.0	0.0	-1.2007975e-05
593.742	0.0	0.0	3.2508e-06
593.712	0.0	0.0	7.478450000000001e-07
593.752	0.0	0.0	3.682e-06
593.882	0.0	0.0	1.3533800000000002e-05
594.082	0.0	0.0	2.8668500000000005e-05
594.052	0.0	0.0	2.6379500000000004e-05
594.092	0.0	0.0	2.8978250000000003e-05
594.222	0.0	0.0	3.372075e-05
594.422	0.0	0.0	4.097275e-05
594.392	0.0	0.0	3.973725e-05
594.422	0.0	0.0	4.093775e-05
594.552	0.0	0.0	3.8122000000000005e-05
594.752	0.0	0.0	3.3754e-05
594.722	0.0	0.0	3.4454000000000006e-05
594.762	0.0	0.0	3.324475e-05
594.892	0.0	0.0	2.3569e-05
595.092	0.0	0.0	8.763825e-06
595.062	0.0	0.0	1.1241825000000003e-05
595.092	0.0	0.0	8.559600000000002e-06
595.222	0.0	0.0	-3.326575e-06
595.422	0.0	0.0	-2.17595e-05
595.392	0.0	0.0	-1.87005e-05
595.432	0.0	0.0	-2.210425e-05
595.562	0.0	0.0	-3.0833250000000005e-05
595.762	0.0	0.0	-4.42505e-05
595.732	0.0	0.0	-4.220125e-05
595.772	0.0	0.0	-4.4278500000000006e-05
595.902	0.0	0.0	-4.473175000000001e-05
596.102	0.0	0.0	-4.5424749999999996e-05
596.072	0.0	0.0	-4.53075e-05
596.102	0.0	0.0	-4.5326750000000004e-05
596.232	0.0	0.0	-3.7056249999999996e-05
596.432	0.0	0.0	-2.422175e-05
596.402	0.0	0.0	-2.635675e-05
596.442	0.0	0.0	-2.3705500000000005e-05
596.572	0.0	0.0	-1.0107650000000001e-05
596.772	0.0	0.0	1.0803100000000002e-05
596.742	0.0	0.0	7.589925000000001e-06
596.782	0.0	0.0	1.1507125e-05
596.912	0.0	0.0	2.34115e-05
597.112	0.0	0.0	4.1636000000000006e-05
597.082	0.0	0.0	3.8512250000000004e-05
597.112	0.0	0.0	4.16745e-05
597.242	0.0	0.0	4.5829000000000005e-05
597.442	0.0	0.0	5.2276e-05
597.412	0.0	0.0	5.119800000000001e-05
597.442	0.0	0.0	5.20695e-05
597.582	0.0	0.0	4.6310250000000006e-05
597.782	0.0	0.0	3.745e-05
597.752	0.0	0.0	3.88185e-05
597.792	0.0	0.0	3.670975e-05
597.922	0.0	0.0	2.368975e-05
598.122	0.0	0.0	3.7490250000000005e-06
598.092	0.0	0.0	7.182875e-06
598.122	0.0	0.0	3.648225e-06
598.252	0.0	0.0	-9.947525000000001e-06
598.452	0.0	0.0	-3.106075e-05
598.422	0.0	0.0	-2.7513500000000007e-05
598.452	0.0	0.0	-3.1330250000000004e-05
598.592	0.0	0.0	-3.9347e-05
598.792	0.0	0.0	-5.1686250000000003e-05
598.762	0.0	0.0	-4.9770000000000006e-05
598.802	0.0	0.0	-5.1584750000000004e-05
598.932	0.0	0.0	-4.97105e-05
599.132	0.0	0.0	-4.684225000000001e-05
599.102	0.0	0.0	-4.7337500000000005e-05
599.132	0.0	0.0	-4.6786250000000006e-05
599.262	0.0	0.0	-3.620575000000001e-05
599.462	0.0	0.0	-1.9768000000000005e-05
599.432	0.0	0.0	-2.2543500000000002e-05
599.462	0.0	0.0	-1.93025e-05
599.602	0.0	0.0	-4.469325000000001e-06
599.802	0.0	0.0	1.8368e-05
599.772	0.0	0.0	1.479975e-05
599.812	0.0	0.0	1.898575e-05
599.942	0.0	0.0	3.0754500000000005e-05
600.142	0.0	0.0	4.879525e-05
600.102	0.0	0.0	4.565750000000001e-05
600.142	0.0	0.0	4.8804e-05
600.272	0.0	0.0	5.18e-05
600.472	0.0	0.0	5.646025000000001e-05
600.442	0.0	0.0	5.566925000000001e-05
600.472	0.0	0.0	5.623275e-05
600.612	0.0	0.0	4.8473250000000006e-05
600.812	0.0	0.0	3.652075000000001e-05
600.782	0.0	0.0	3.83985e-05
600.822	0.0	0.0	3.5738500000000004e-05
600.952	0.0	0.0	2.0202000000000004e-05
601.152	0.0	0.0	-3.6212750000000003e-06
601.112	0.0	0.0	5.411525000000001e-07
601.152	0.0	0.0	-3.63335e-06
601.282	0.0	0.0	-1.9460000000000003e-05
601.482	0.0	0.0	-4.4066750000000006e-05
601.452	0.0	0.0	-3.987025e-05
601.482	0.0	0.0	-4.430125e-05
601.622	0.0	0.0	-5.294975e-05
601.822	0.0	0.0	-6.627600000000001e-05
601.792	0.0	0.0	-6.417250000000002e-05
601.832	0.0	0.0	-6.608175000000002e-05
601.962	0.0	0.0	-6.203050000000001e-05
602.162	0.0	0.0	-5.581625000000001e-05
602.122	0.0	0.0	-5.690650000000001e-05
602.162	0.0	0.0	-5.582150000000001e-05
602.292	0.0	0.0	-4.0762750000000005e-05
602.492	0.0	0.0	-1.7317125e-05
602.462	0.0	0.0	-2.1336e-05
602.492	0.0	0.0	-1.6829925e-05
602.632	0.0	0.0	2.78005e-06
602.832	0.0	0.0	3.300675e-05
602.802	0.0	0.0	2.820825e-05
602.842	0.0	0.0	3.363675e-05
602.972	0.0	0.0	4.7358500000000004e-05
603.172	0.0	0.0	6.841625000000001e-05
603.132	0.0	0.0	6.4701e-05
603.172	0.0	0.0	6.836550000000001e-05
603.302	0.0	0.0	6.91985e-05
603.502	0.0	0.0	7.042000000000002e-05
603.472	0.0	0.0	7.021000000000001e-05
603.502	0.0	0.0	7.01295e-05
603.642	0.0	0.0	5.7308999999999996e-05
603.842	0.0	0.0	3.7539250000000005e-05
603.812	0.0	0.0	4.069450000000001e-05
603.852	0.0	0.0	3.6671250000000006e-05
603.982	0.0	0.0	1.67888e-05
604.182	0.0	0.0	-1.373295e-05
604.142	0.0	0.0	-8.323700000000001e-06
604.182	0.0	0.0	-1.3618499999999998e-05
604.312	0.0	0.0	-3.0092999999999998e-05
604.512	0.0	0.0	-5.57095e-05
604.482	0.0	0.0	-5.127675000000001e-05
604.512	0.0	0.0	-5.582150000000001e-05
604.652	0.0	0.0	-6.126925e-05
604.852	0.0	0.0	-6.96745e-05
604.822	0.0	0.0	-6.832525e-05
604.862	0.0	0.0	-6.933675000000001e-05
604.992	0.0	0.0	-6.119925000000001e-05
605.192	0.0	0.0	-4.8702499999999997e-05
605.152	0.0	0.0	-5.0926750000000005e-05
605.192	0.0	0.0	-4.8767250000000006e-05
605.322	0.0	0.0	-3.263575000000001e-05
605.522	0.0	0.0	-7.413525000000001e-06
605.482	0.0	0.0	-1.1800425e-05
605.522	0.0	0.0	-7.1197e-06
605.662	0.0	0.0	8.90715e-06
605.862	0.0	0.0	3.364025e-05
605.832	0.0	0.0	2.965025e-05
605.872	0.0	0.0	3.393775e-05
606.002	0.0	0.0	4.1504750000000006e-05
606.202	0.0	0.0	5.313e-05
606.162	0.0	0.0	5.105100000000001e-05
606.202	0.0	0.0	5.3053e-05
606.332	0.0	0.0	4.9931e-05
606.532	0.0	0.0	4.4898e-05
606.492	0.0	0.0	4.5776500000000005e-05
606.532	0.0	0.0	4.4723e-05
606.662	0.0	0.0	3.399025000000001e-05
606.872	0.0	0.0	1.741915e-05
606.842	0.0	0.0	2.0105750000000003e-05
606.872	0.0	0.0	1.6991625e-05
607.012	0.0	0.0	5.478025000000001e-06
607.212	0.0	0.0	-1.22178e-05
607.172	0.0	0.0	-9.037700000000002e-06
607.212	0.0	0.0	-1.2076925000000001e-05
607.342	0.0	0.0	-1.8520250000000003e-05
607.542	0.0	0.0	-2.846375e-05
607.502	0.0	0.0	-2.6717250000000002e-05
607.542	0.0	0.0	-2.8458500000000002e-05
607.672	0.0	0.0	-2.809275e-05
607.882	0.0	0.0	-2.75275e-05
607.852	0.0	0.0	-2.762025e-05
607.882	0.0	0.0	-2.734725e-05
608.022	0.0	0.0	-2.2186500000000002e-05
608.222	0.0	0.0	-1.4250775e-05
608.182	0.0	0.0	-1.5683325e-05
608.222	0.0	0.0	-1.4324975000000001e-05
608.352	0.0	0.0	-8.647625e-06
608.552	0.0	0.0	2.1775250000000002e-07
608.512	0.0	0.0	-1.3464150000000001e-06
608.552	0.0	0.0	2.56585e-07
608.682	0.0	0.0	3.53255e-06
608.892	0.0	0.0	8.593725e-06
608.862	0.0	0.0	7.765975e-06
608.892	0.0	0.0	8.600725e-06
609.032	0.0	0.0	8.81405e-06
609.232	0.0	0.0	9.142e-06
609.192	0.0	0.0	9.081975e-06
609.232	0.0	0.0	9.137800000000003e-06
609.362	0.0	0.0	7.916125000000002e-06
609.562	0.0	0.0	5.9638250000000005e-06
609.522	0.0	0.0	6.300875e-06
609.562	0.0	0.0	5.931450000000001e-06
609.702	0.0	0.0	4.3498e-06
609.902	0.0	0.0	1.91625e-06
609.862	0.0	0.0	2.3534e-06
609.902	0.0	0.0	1.939875e-06
610.032	0.0	0.0	-1.873725e-07
610.232	0.0	0.0	-3.5192500000000007e-06
610.192	0.0	0.0	-2.9251250000000002e-06
610.232	0.0	0.0	-3.536575e-06
610.362	0.0	0.0	-5.779025e-06
610.572	0.0	0.0	-9.245775e-06
610.542	0.0	0.0	-8.673350000000002e-06
610.572	0.0	0.0	-9.2659e-06
610.712	0.0	0.0	-9.954525000000003e-06
610.912	0.0	0.0	-1.1014500000000001e-05
610.872	0.0	0.0	-1.0820775000000001e-05
610.912	0.0	0.0	-1.1000675000000001e-05
611.042	0.0	0.0	-9.374225000000001e-06
611.242	0.0	0.0	-6.760775e-06
611.202	0.0	0.0	-7.227675000000001e-06
611.242	0.0	0.0	-6.7403000000000005e-06
611.372	0.0	0.0	-3.386775e-06
611.582	0.0	0.0	1.7997e-06
611.552	0.0	0.0	9.388750000000002e-07
611.582	0.0	0.0	1.8802e-06
611.722	0.0	0.0	4.865875e-06
611.922	0.0	0.0	9.462775000000002e-06
611.882	0.0	0.0	8.619100000000002e-06
611.922	0.0	0.0	9.396275e-06
612.052	0.0	0.0	1.035335e-05
612.252	0.0	0.0	1.177575e-05
612.212	0.0	0.0	1.1520600000000001e-05
612.252	0.0	0.0	1.1770325e-05
612.382	0.0	0.0	1.0374525e-05
612.592	0.0	0.0	8.2152e-06
612.562	0.0	0.0	8.575350000000003e-06
612.592	0.0	0.0	8.1494e-06
612.732	0.0	0.0	5.4983249999999996e-06
612.932	0.0	0.0	1.4145425000000002e-06
612.892	0.0	0.0	2.167375e-06
612.932	0.0	0.0	1.47924e-06
613.062	0.0	0.0	-1.1272450000000002e-06
613.262	0.0	0.0	-5.1982000000000005e-06
613.222	0.0	0.0	-4.464075000000001e-06
613.262	0.0	0.0	-5.201875000000001e-06
613.392	0.0	0.0	-7.283675000000001e-06
613.602	0.0	0.0	-1.0505775000000002e-05
613.572	0.0	0.0	-9.965550000000002e-06
613.602	0.0	0.0	-1.0521525e-05
613.742	0.0	0.0	-1.1218374999999999e-05
613.942	0.0	0.0	-1.2292175000000002e-05
613.902	0.0	0.0	-1.2093200000000001e-05
613.942	0.0	0.0	-1.2273625e-05
614.072	0.0	0.0	-1.041075e-05
614.272	0.0	0.0	-7.38955e-06
614.232	0.0	0.0	-7.936775e-06
614.272	0.0	0.0	-7.39025e-06
614.402	0.0	0.0	-2.2393000000000003e-06
614.612	0.0	0.0	5.737550000000001e-06
614.582	0.0	0.0	4.393725000000001e-06
614.612	0.0	0.0	5.866175e-06
614.752	0.0	0.0	1.2155500000000002e-05
614.952	0.0	0.0	2.18505e-05
614.912	0.0	0.0	2.0048000000000002e-05
614.952	0.0	0.0	2.167025e-05
615.082	0.0	0.0	2.5313749999999998e-05
615.282	0.0	0.0	3.0891e-05
615.242	0.0	0.0	2.9876000000000003e-05
615.282	0.0	0.0	3.088225e-05
615.412	0.0	0.0	2.8269500000000004e-05
615.622	0.0	0.0	2.420075e-05
615.582	0.0	0.0	2.489025e-05
615.622	0.0	0.0	2.4031e-05
615.762	0.0	0.0	1.4781025000000001e-05
615.962	0.0	0.0	5.154275000000001e-07
615.922	0.0	0.0	3.1804499999999998e-06
615.962	0.0	0.0	8.005025000000001e-07
616.092	0.0	0.0	-1.08626e-05
616.292	0.0	0.0	-2.9230250000000004e-05
616.252	0.0	0.0	-2.5872e-05
616.292	0.0	0.0	-2.917425e-05
616.422	0.0	0.0	-3.7378250000000004e-05
616.632	0.0	0.0	-5.006400000000001e-05
616.592	0.0	0.0	-4.790625e-05
616.632	0.0	0.0	-5.004300000000001e-05
616.772	0.0	0.0	-4.874625000000001e-05
616.972	0.0	0.0	-4.674600000000001e-05
616.932	0.0	0.0	-4.7120500000000004e-05
616.972	0.0	0.0	-4.678800000000001e-05
617.102	0.0	0.0	-3.5906500000000006e-05
617.302	0.0	0.0	-1.8362750000000003e-05
617.262	0.0	0.0	-2.1584500000000003e-05
617.302	0.0	0.0	-1.8439750000000002e-05
617.432	0.0	0.0	-1.7419325e-06
617.642	0.0	0.0	2.4197250000000003e-05
617.602	0.0	0.0	1.9762750000000003e-05
617.642	0.0	0.0	2.4382750000000003e-05
617.772	0.0	0.0	3.7619750000000005e-05
617.982	0.0	0.0	5.80475e-05
617.942	0.0	0.0	5.4197500000000004e-05
617.982	0.0	0.0	5.7583750000000006e-05
618.112	0.0	0.0	6.041700000000001e-05
618.312	0.0	0.0	6.426350000000001e-05
618.272	0.0	0.0	6.355475e-05
618.312	0.0	0.0	6.424075e-05
618.442	0.0	0.0	5.4101250000000007e-05
618.652	0.0	0.0	3.8202500000000006e-05
618.612	0.0	0.0	4.093425000000001e-05
618.652	0.0	0.0	3.7989000000000005e-05
618.782	0.0	0.0	1.994125e-05
618.992	0.0	0.0	-7.92365e-06
618.952	0.0	0.0	-2.65055e-06
618.992	0.0	0.0	-7.25235e-06
619.122	0.0	0.0	-2.35725e-05
619.322	0.0	0.0	-4.9031500000000007e-05
619.282	0.0	0.0	-4.431525e-05
619.322	0.0	0.0	-4.884775e-05
619.452	0.0	0.0	-5.567275e-05
619.662	0.0	0.0	-6.609050000000001e-05
619.622	0.0	0.0	-6.429149999999999e-05
619.662	0.0	0.0	-6.60275e-05
619.792	0.0	0.0	-5.9626e-05
620.002	0.0	0.0	-4.9740250000000005e-05
619.962	0.0	0.0	-5.1618000000000006e-05
619.992	0.0	0.0	-4.999050000000001e-05
620.132	0.0	0.0	-3.5213500000000004e-05
620.332	0.0	0.0	-1.151815e-05
620.292	0.0	0.0	-1.59264e-05
620.332	0.0	0.0	-1.17215e-05
620.462	0.0	0.0	4.421550000000001e-06
620.672	0.0	0.0	2.948575e-05
620.632	0.0	0.0	2.5140500000000004e-05
620.672	0.0	0.0	2.9552249999999998e-05
620.802	0.0	0.0	3.8199000000000005e-05
621.012	0.0	0.0	5.15585e-05
620.972	0.0	0.0	4.900875e-05
621.002	0.0	0.0	5.119975000000001e-05
621.142	0.0	0.0	4.960200000000001e-05
621.342	0.0	0.0	4.639950000000001e-05
621.302	0.0	0.0	4.6998e-05
621.342	0.0	0.0	4.6430999999999996e-05
621.472	0.0	0.0	3.637025000000001e-05
621.682	0.0	0.0	2.0562500000000002e-05
621.642	0.0	0.0	2.331525e-05
621.682	0.0	0.0	2.0497750000000002e-05
621.812	0.0	0.0	8.596e-06
622.022	0.0	0.0	-9.800700000000001e-06
621.982	0.0	0.0	-6.274975e-06
622.012	0.0	0.0	-9.282175e-06
622.152	0.0	0.0	-1.68007e-05
622.352	0.0	0.0	-2.828e-05
622.312	0.0	0.0	-2.612575e-05
622.352	0.0	0.0	-2.81505e-05
622.482	0.0	0.0	-2.8749e-05
622.692	0.0	0.0	-2.9491000000000006e-05
622.652	0.0	0.0	-2.93615e-05
622.692	0.0	0.0	-2.947175e-05
622.822	0.0	0.0	-2.44895e-05
623.032	0.0	0.0	-1.6786875e-05
622.992	0.0	0.0	-1.8278750000000002e-05
623.022	0.0	0.0	-1.702925e-05
623.152	0.0	0.0	-1.0884825000000003e-05
623.362	0.0	0.0	-1.1412975000000002e-06
623.322	0.0	0.0	-2.9333500000000005e-06
623.362	0.0	0.0	-1.1975950000000003e-06
623.492	0.0	0.0	2.8574e-06
623.702	0.0	0.0	9.09825e-06
623.662	0.0	0.0	7.908425e-06
623.692	0.0	0.0	8.920975e-06
623.822	0.0	0.0	9.58475e-06
624.032	0.0	0.0	1.0383275000000001e-05
623.992	0.0	0.0	1.0232075000000001e-05
624.032	0.0	0.0	1.0372075000000002e-05
624.162	0.0	0.0	8.726900000000003e-06
624.372	0.0	0.0	6.0963e-06
624.332	0.0	0.0	6.56005e-06
624.372	0.0	0.0	6.097e-06
624.502	0.0	0.0	4.2357e-06
624.712	0.0	0.0	1.3555675e-06
624.672	0.0	0.0	1.9136250000000002e-06
624.702	0.0	0.0	1.4471450000000003e-06
624.832	0.0	0.0	5.770975e-07
625.042	0.0	0.0	-7.084875e-07
625.002	0.0	0.0	-4.6446750000000007e-07
625.042	0.0	0.0	-6.891675000000001e-07
625.172	0.0	0.0	-9.653e-07
625.382	0.0	0.0	-1.3739075000000002e-06
625.342	0.0	0.0	-1.3015275000000002e-06
625.382	0.0	0.0	-1.37326e-06
625.512	0.0	0.0	-1.5698375e-06
625.722	0.0	0.0	-1.8739e-06
625.682	0.0	0.0	-1.8147500000000003e-06
625.712	0.0	0.0	-1.86375e-06
625.842	0.0	0.0	-1.615985e-06
626.052	0.0	0.0	-1.18902e-06
626.012	0.0	0.0	-1.2704125000000002e-06
626.052	0.0	0.0	-1.19602e-06
626.182	0.0	0.0	-6.85125e-07
626.392	0.0	0.0	1.1869375e-07
626.352	0.0	0.0	-2.434775e-08
626.392	0.0	0.0	1.1631724999999999e-07
626.522	0.0	0.0	6.337800000000001e-07
626.732	0.0	0.0	1.4350525e-06
626.692	0.0	0.0	1.2785150000000003e-06
626.722	0.0	0.0	1.4074200000000002e-06
626.852	0.0	0.0	2.3276750000000005e-06
627.062	0.0	0.0	3.8097500000000002e-06
627.022	0.0	0.0	3.526075e-06
627.062	0.0	0.0	3.7835000000000003e-06
627.192	0.0	0.0	4.3858500000000005e-06
627.402	0.0	0.0	5.307225000000001e-06
627.362	0.0	0.0	5.1425500000000004e-06
627.402	0.0	0.0	5.3032e-06
627.532	0.0	0.0	4.067e-06
627.742	0.0	0.0	2.1329000000000004e-06
627.702	0.0	0.0	2.5123000000000005e-06
627.732	0.0	0.0	2.2022000000000003e-06
627.862	0.0	0.0	-1.1301675e-06
628.072	0.0	0.0	-6.5618000000000004e-06
628.032	0.0	0.0	-5.51775e-06
628.072	0.0	0.0	-6.45785e-06
628.202	0.0	0.0	-1.0667825000000001e-05
628.412	0.0	0.0	-1.7251325e-05
628.372	0.0	0.0	-1.6069200000000005e-05
628.412	0.0	0.0	-1.7214049999999998e-05
628.542	0.0	0.0	-1.8996250000000003e-05
628.752	0.0	0.0	-2.1726250000000006e-05
628.712	0.0	0.0	-2.1189e-05
628.742	0.0	0.0	-2.1624750000000003e-05
628.872	0.0	0.0	-1.8786250000000003e-05
629.082	0.0	0.0	-1.3879775000000002e-05
629.042	0.0	0.0	-1.4826875e-05
629.082	0.0	0.0	-1.3980400000000001e-05
629.212	0.0	0.0	-6.046075000000001e-06
629.422	0.0	0.0	6.5464e-06
629.382	0.0	0.0	4.27525e-06
629.422	0.0	0.0	6.457675000000001e-06
629.552	0.0	0.0	1.56401e-05
629.762	0.0	0.0	2.9895250000000005e-05
629.722	0.0	0.0	2.7076e-05
629.752	0.0	0.0	2.9345750000000003e-05
629.882	0.0	0.0	3.4424250000000005e-05
630.092	0.0	0.0	4.2003500000000005e-05
630.052	0.0	0.0	4.053350000000001e-05
630.092	0.0	0.0	4.183725e-05
630.222	0.0	0.0	3.864e-05
630.432	0.0	0.0	3.322200000000001e-05
630.392	0.0	0.0	3.420375000000001e-05
630.432	0.0	0.0	3.3267500000000006e-05
630.562	0.0	0.0	2.19205e-05
630.772	0.0	0.0	4.161150000000001e-06
630.732	0.0	0.0	7.687225e-06
630.762	0.0	0.0	4.869025e-06
630.892	0.0	0.0	-8.7745e-06
631.102	0.0	0.0	-3.0478000000000002e-05
631.062	0.0	0.0	-2.625525e-05
631.102	0.0	0.0	-2.9973999999999998e-05
631.232	0.0	0.0	-3.9347e-05
631.442	0.0	0.0	-5.3674250000000005e-05
631.402	0.0	0.0	-5.1068500000000014e-05
631.442	0.0	0.0	-5.3536000000000004e-05
631.572	0.0	0.0	-5.2374000000000004e-05
631.782	0.0	0.0	-5.0324750000000006e-05
631.742	0.0	0.0	-5.073425e-05
631.772	0.0	0.0	-5.040875000000001e-05
631.902	0.0	0.0	-3.9718e-05
632.112	0.0	0.0	-2.1873250000000003e-05
632.072	0.0	0.0	-2.5361000000000003e-05
632.102	0.0	0.0	-2.2312500000000004e-05
632.242	0.0	0.0	-6.38855e-06
632.452	0.0	0.0	1.8693500000000003e-05
632.412	0.0	0.0	1.4110075e-05
632.452	0.0	0.0	1.8415250000000003e-05
632.582	0.0	0.0	3.052875000000001e-05
632.792	0.0	0.0	4.922050000000001e-05
632.752	0.0	0.0	4.5478999999999996e-05
632.782	0.0	0.0	4.842425e-05
632.912	0.0	0.0	5.1052750000000003e-05
633.122	0.0	0.0	5.414675000000001e-05
633.082	0.0	0.0	5.35395e-05
633.112	0.0	0.0	5.4066250000000004e-05
633.252	0.0	0.0	4.59795e-05
633.462	0.0	0.0	3.2718e-05
633.422	0.0	0.0	3.515225e-05
633.462	0.0	0.0	3.28825e-05
633.592	0.0	0.0	1.9180000000000003e-05
633.802	0.0	0.0	-2.2594250000000004e-06
633.762	0.0	0.0	2.047675e-06
633.792	0.0	0.0	-1.3191150000000002e-06
633.922	0.0	0.0	-1.2757325000000002e-05
634.132	0.0	0.0	-3.0511250000000004e-05
634.092	0.0	0.0	-2.701475e-05
634.122	0.0	0.0	-3.002825e-05
634.262	0.0	0.0	-3.415125e-05
634.472	0.0	0.0	-4.0076750000000006e-05
634.432	0.0	0.0	-3.898475e-05
634.472	0.0	0.0	-3.9994500000000005e-05
634.602	0.0	0.0	-3.5658e-05
634.812	0.0	0.0	-2.8644e-05
634.772	0.0	0.0	-3.0058e-05
634.802	0.0	0.0	-2.8960750000000006e-05
634.932	0.0	0.0	-2.0804e-05
635.142	0.0	0.0	-7.5094250000000005e-06
635.102	0.0	0.0	-1.0139150000000001e-05
635.132	0.0	0.0	-7.8904e-06
635.272	0.0	0.0	-7.500325e-07
635.482	0.0	0.0	1.0282825000000001e-05
635.442	0.0	0.0	8.240225000000001e-06
635.482	0.0	0.0	1.0115875e-05
635.612	0.0	0.0	1.2312825000000004e-05
635.822	0.0	0.0	1.55435e-05
635.782	0.0	0.0	1.4889350000000002e-05
635.812	0.0	0.0	1.539335e-05
635.942	0.0	0.0	1.3441925000000003e-05
636.152	0.0	0.0	9.868425000000002e-06
636.112	0.0	0.0	1.0578050000000001e-05
636.142	0.0	0.0	9.975525000000001e-06
636.282	0.0	0.0	6.899200000000001e-06
636.492	0.0	0.0	2.0403250000000002e-06
636.452	0.0	0.0	2.9436750000000002e-06
636.492	0.0	0.0	2.1203000000000003e-06
636.622	0.0	0.0	1.0695825e-06
636.832	0.0	0.0	-4.7922e-07
636.792	0.0	0.0	-1.6442825e-07
636.822	0.0	0.0	-4.051425e-07
636.952	0.0	0.0	-2.7931750000000006e-06
637.162	0.0	0.0	-6.738025000000001e-06
637.122	0.0	0.0	-5.951575e-06
637.152	0.0	0.0	-6.614475000000001e-06
637.292	0.0	0.0	-9.721074999999999e-06
637.502	0.0	0.0	-1.4614775000000001e-05
637.462	0.0	0.0	-1.3702150000000002e-05
637.502	0.0	0.0	-1.45292e-05
637.632	0.0	0.0	-1.4678474999999998e-05
637.842	0.0	0.0	-1.478015e-05
637.802	0.0	0.0	-1.4759325000000001e-05
637.832	0.0	0.0	-1.4775075e-05
637.962	0.0	0.0	-1.0531675000000001e-05
638.172	0.0	0.0	-3.2399499999999998e-06
638.132	0.0	0.0	-4.666550000000001e-06
638.162	0.0	0.0	-3.4280750000000006e-06
638.302	0.0	0.0	4.2479500000000006e-06
638.512	0.0	0.0	1.6377550000000004e-05
638.472	0.0	0.0	1.3924925000000001e-05
638.502	0.0	0.0	1.5796025e-05
638.632	0.0	0.0	2.213225e-05
638.842	0.0	0.0	3.19515e-05
638.802	0.0	0.0	2.9975750000000002e-05
638.832	0.0	0.0	3.1619e-05
638.972	0.0	0.0	3.236275e-05
639.182	0.0	0.0	3.303825000000001e-05
639.142	0.0	0.0	3.29105e-05
639.182	0.0	0.0	3.3024250000000005e-05
639.312	0.0	0.0	2.6386500000000002e-05
639.522	0.0	0.0	1.56989e-05
639.482	0.0	0.0	1.789375e-05
639.512	0.0	0.0	1.6247525000000005e-05
639.642	0.0	0.0	5.699575e-06
639.852	0.0	0.0	-1.1468625000000002e-05
639.812	0.0	0.0	-8.009925e-06
639.842	0.0	0.0	-1.0869425000000001e-05
639.982	0.0	0.0	-2.0550250000000002e-05
640.192	0.0	0.0	-3.555125e-05
640.152	0.0	0.0	-3.2718e-05
640.192	0.0	0.0	-3.5231e-05
640.322	0.0	0.0	-3.8129e-05
640.532	0.0	0.0	-4.228175e-05
640.492	0.0	0.0	-4.1426e-05
640.522	0.0	0.0	-4.2063e-05
640.652	0.0	0.0	-3.7121e-05
640.862	0.0	0.0	-2.8238000000000003e-05
640.822	0.0	0.0	-3.0035250000000004e-05
640.852	0.0	0.0	-2.8560000000000004e-05
640.992	0.0	0.0	-1.7608500000000003e-05
641.202	0.0	0.0	-5.8402750000000005e-09
641.162	0.0	0.0	-3.343025e-06
641.202	0.0	0.0	-4.0512500000000005e-07
641.332	0.0	0.0	1.0448025e-05
641.542	0.0	0.0	2.7326250000000003e-05
641.502	0.0	0.0	2.3835000000000005e-05
641.532	0.0	0.0	2.6416250000000003e-05
641.662	0.0	0.0	3.186925000000001e-05
641.872	0.0	0.0	3.971275e-05
641.832	0.0	0.0	3.812025000000001e-05
641.862	0.0	0.0	3.9417000000000006e-05
642.002	0.0	0.0	3.70265e-05
642.212	0.0	0.0	3.2567499999999996e-05
642.172	0.0	0.0	3.3416250000000004e-05
642.202	0.0	0.0	3.267425e-05
642.342	0.0	0.0	2.4078250000000003e-05
642.552	0.0	0.0	1.0335500000000001e-05
642.512	0.0	0.0	1.318905e-05
642.542	0.0	0.0	1.1095000000000001e-05
642.672	0.0	0.0	1.40448e-06
642.882	0.0	0.0	-1.4052675000000002e-05
642.842	0.0	0.0	-1.09025e-05
642.872	0.0	0.0	-1.3451375e-05
643.012	0.0	0.0	-2.001475e-05
643.222	0.0	0.0	-2.9937250000000002e-05
643.182	0.0	0.0	-2.8040250000000003e-05
643.212	0.0	0.0	-2.9685250000000005e-05
643.352	0.0	0.0	-2.9960000000000005e-05
643.562	0.0	0.0	-2.9998500000000004e-05
643.522	0.0	0.0	-2.9991500000000002e-05
643.552	0.0	0.0	-2.999675e-05
643.682	0.0	0.0	-2.5049500000000005e-05
643.892	0.0	0.0	-1.6460850000000004e-05
643.852	0.0	0.0	-1.8217500000000003e-05
643.882	0.0	0.0	-1.6806475e-05
644.022	0.0	0.0	-8.930250000000001e-06
644.232	0.0	0.0	3.636675e-06
644.192	0.0	0.0	1.2248250000000002e-06
644.222	0.0	0.0	3.301725e-06
644.362	0.0	0.0	9.95855e-06
644.572	0.0	0.0	2.0244000000000005e-05
644.532	0.0	0.0	1.809325e-05
644.562	0.0	0.0	1.9649e-05
644.692	0.0	0.0	2.2352750000000004e-05
644.902	0.0	0.0	2.6022500000000004e-05
644.862	0.0	0.0	2.5268250000000003e-05
644.892	0.0	0.0	2.5870250000000002e-05
645.032	0.0	0.0	2.3549750000000003e-05
645.242	0.0	0.0	1.9412750000000005e-05
645.202	0.0	0.0	2.0210750000000003e-05
645.232	0.0	0.0	1.952825e-05
645.372	0.0	0.0	1.34841e-05
645.582	0.0	0.0	3.813775e-06
645.542	0.0	0.0	5.84395e-06
645.572	0.0	0.0	4.386025e-06
645.702	0.0	0.0	-2.1427000000000003e-06
645.912	0.0	0.0	-1.2534375000000001e-05
645.872	0.0	0.0	-1.0392200000000002e-05
645.902	0.0	0.0	-1.2088825000000002e-05
646.042	0.0	0.0	-1.630055e-05
646.252	0.0	0.0	-2.2617e-05
646.212	0.0	0.0	-2.1395500000000002e-05
646.242	0.0	0.0	-2.243325e-05
646.382	0.0	0.0	-2.2085000000000003e-05
646.592	0.0	0.0	-2.1213500000000003e-05
646.552	0.0	0.0	-2.1397250000000003e-05
646.582	0.0	0.0	-2.1266000000000003e-05
646.712	0.0	0.0	-1.7123050000000002e-05
646.922	0.0	0.0	-9.9673e-06
646.882	0.0	0.0	-1.1447975000000001e-05
646.912	0.0	0.0	-1.0283524999999999e-05
647.052	0.0	0.0	-4.190900000000001e-06
647.262	0.0	0.0	5.52335e-06
647.222	0.0	0.0	3.6363250000000007e-06
647.252	0.0	0.0	5.226200000000001e-06
647.392	0.0	0.0	9.868250000000002e-06
647.602	0.0	0.0	1.6991975e-05
647.562	0.0	0.0	1.5485400000000003e-05
647.592	0.0	0.0	1.655185e-05
647.722	0.0	0.0	1.777125e-05
647.932	0.0	0.0	1.9138000000000002e-05
647.892	0.0	0.0	1.885275e-05
647.922	0.0	0.0	1.9075000000000003e-05
648.062	0.0	0.0	1.6534700000000003e-05
648.272	0.0	0.0	1.2146575e-05
648.232	0.0	0.0	1.3002325000000001e-05
648.262	0.0	0.0	1.2286575000000002e-05
648.402	0.0	0.0	7.709975e-06
648.612	0.0	0.0	4.177250000000001e-07
648.572	0.0	0.0	1.9654250000000003e-06
648.602	0.0	0.0	8.775725000000002e-07
648.732	0.0	0.0	-3.2424e-06
648.942	0.0	0.0	-9.679775000000002e-06
648.902	0.0	0.0	-8.337875000000002e-06
648.932	0.0	0.0	-9.378250000000001e-06
649.072	0.0	0.0	-1.1525150000000001e-05
649.282	0.0	0.0	-1.4644525000000002e-05
649.242	0.0	0.0	-1.4033775000000003e-05
649.272	0.0	0.0	-1.4540925000000003e-05
649.412	0.0	0.0	-1.3948725e-05
649.622	0.0	0.0	-1.280195e-05
649.572	0.0	0.0	-1.3046075000000002e-05
649.612	0.0	0.0	-1.2875625000000001e-05
649.742	0.0	0.0	-1.0032750000000001e-05
649.952	0.0	0.0	-5.149375e-06
649.912	0.0	0.0	-6.171025000000001e-06
649.942	0.0	0.0	-5.3844000000000005e-06
650.082	0.0	0.0	-7.60305e-07
650.292	0.0	0.0	6.678000000000001e-06
650.252	0.0	0.0	5.216050000000001e-06
650.282	0.0	0.0	6.421275000000001e-06
650.422	0.0	0.0	1.0921225e-05
650.632	0.0	0.0	1.793225e-05
650.582	0.0	0.0	1.6433025000000002e-05
650.622	0.0	0.0	1.7471475000000002e-05
650.752	0.0	0.0	1.950375e-05
650.962	0.0	0.0	2.2284500000000003e-05
650.922	0.0	0.0	2.170175e-05
650.952	0.0	0.0	2.2148000000000005e-05
651.092	0.0	0.0	1.96035e-05
651.302	0.0	0.0	1.5047725000000002e-05
651.262	0.0	0.0	1.59467e-05
651.292	0.0	0.0	1.5210825000000002e-05
651.432	0.0	0.0	8.229900000000002e-06
651.642	0.0	0.0	-3.0626750000000003e-06
651.592	0.0	0.0	-6.4015e-07
651.632	0.0	0.0	-2.307025e-06
651.762	0.0	0.0	-1.0414775000000002e-05
651.972	0.0	0.0	-2.345e-05
651.932	0.0	0.0	-2.07025e-05
651.962	0.0	0.0	-2.2788500000000004e-05
652.102	0.0	0.0	-2.79685e-05
652.312	0.0	0.0	-3.5666750000000005e-05
652.272	0.0	0.0	-3.41425e-05
652.302	0.0	0.0	-3.538325000000001e-05
652.442	0.0	0.0	-3.36175e-05
652.652	0.0	0.0	-3.0217250000000003e-05
652.602	0.0	0.0	-3.0954e-05
652.642	0.0	0.0	-3.0455250000000003e-05
652.772	0.0	0.0	-2.2319500000000002e-05
652.982	0.0	0.0	-8.219575000000002e-06
652.942	0.0	0.0	-1.1138925000000001e-05
652.972	0.0	0.0	-8.857450000000001e-06
653.112	0.0	0.0	2.8617750000000002e-06
653.322	0.0	0.0	2.149875e-05
653.272	0.0	0.0	1.7521000000000004e-05
653.312	0.0	0.0	2.0251000000000003e-05
653.442	0.0	0.0	2.9011499999999998e-05
653.652	0.0	0.0	4.23465e-05
653.612	0.0	0.0	3.951325e-05
653.642	0.0	0.0	4.1636000000000006e-05
653.782	0.0	0.0	4.2721000000000007e-05
653.992	0.0	0.0	4.335975000000001e-05
653.952	0.0	0.0	4.3232e-05
653.982	0.0	0.0	4.333525e-05
654.122	0.0	0.0	3.536225e-05
654.332	0.0	0.0	2.2025500000000005e-05
654.282	0.0	0.0	2.491475e-05
654.322	0.0	0.0	2.29635e-05
654.452	0.0	0.0	1.051645e-05
654.662	0.0	0.0	-1.0036425000000001e-05
654.612	0.0	0.0	-5.663000000000001e-06
654.652	0.0	0.0	-8.922025000000002e-06
654.792	0.0	0.0	-2.029475e-05
655.002	0.0	0.0	-3.788925e-05
654.962	0.0	0.0	-3.4368250000000004e-05
654.992	0.0	0.0	-3.717525e-05
655.132	0.0	0.0	-4.0999000000000005e-05
655.342	0.0	0.0	-4.619475000000001e-05
655.292	0.0	0.0	-4.5066000000000005e-05
655.322	0.0	0.0	-4.582375e-05
655.462	0.0	0.0	-4.1109250000000006e-05
655.672	0.0	0.0	-3.200225000000001e-05
655.622	0.0	0.0	-3.3946500000000004e-05
655.662	0.0	0.0	-3.250800000000001e-05
655.802	0.0	0.0	-2.13675e-05
656.012	0.0	0.0	-3.076850000000001e-06
655.972	0.0	0.0	-6.750975e-06
656.002	0.0	0.0	-3.8423000000000005e-06
656.142	0.0	0.0	7.3055500000000016e-06
656.352	0.0	0.0	2.4710000000000002e-05
656.302	0.0	0.0	2.091425e-05
656.332	0.0	0.0	2.3441250000000002e-05
656.472	0.0	0.0	2.9218e-05
656.682	0.0	0.0	3.73135e-05
656.632	0.0	0.0	3.557925e-05
656.672	0.0	0.0	3.6853250000000005e-05
656.802	0.0	0.0	3.501575000000001e-05
657.022	0.0	0.0	3.105375e-05
656.982	0.0	0.0	3.18535e-05
657.012	0.0	0.0	3.1225250000000004e-05
657.152	0.0	0.0	2.3639000000000002e-05
657.362	0.0	0.0	1.1176025000000001e-05
657.312	0.0	0.0	1.3902700000000002e-05
657.342	0.0	0.0	1.2100025e-05
657.482	0.0	0.0	3.7341500000000005e-06
657.692	0.0	0.0	-9.662625000000001e-06
657.642	0.0	0.0	-6.781425000000001e-06
657.682	0.0	0.0	-8.884050000000002e-06
657.812	0.0	0.0	-1.4247625000000002e-05
658.032	0.0	0.0	-2.2174250000000002e-05
657.992	0.0	0.0	-2.0569500000000004e-05
658.022	0.0	0.0	-2.182075e-05
658.162	0.0	0.0	-2.197825e-05
658.372	0.0	0.0	-2.164925e-05
658.322	0.0	0.0	-2.1722749999999998e-05
658.352	0.0	0.0	-2.16755e-05
658.492	0.0	0.0	-1.8135250000000006e-05
658.702	0.0	0.0	-1.1790975000000001e-05
658.652	0.0	0.0	-1.3160175e-05
658.692	0.0	0.0	-1.2167750000000002e-05
658.822	0.0	0.0	-7.118475000000001e-06
659.042	0.0	0.0	9.794225e-07
659.002	0.0	0.0	-6.657700000000001e-07
659.032	0.0	0.0	6.092275e-07
659.172	0.0	0.0	4.565925e-06
659.382	0.0	0.0	1.0624775000000002e-05
659.332	0.0	0.0	9.290050000000001e-06
659.362	0.0	0.0	1.0160150000000001e-05
659.502	0.0	0.0	1.1959675e-05
659.712	0.0	0.0	1.4375899999999999e-05
659.662	0.0	0.0	1.3852650000000002e-05
659.702	0.0	0.0	1.4229250000000001e-05
659.832	0.0	0.0	1.34729e-05
660.052	0.0	0.0	1.1904025000000002e-05
660.012	0.0	0.0	1.2223925000000002e-05
660.042	0.0	0.0	1.19777e-05
660.182	0.0	0.0	8.785875000000002e-06
660.392	0.0	0.0	3.5049e-06
660.342	0.0	0.0	4.672325e-06
660.372	0.0	0.0	3.916675e-06
660.512	0.0	0.0	-4.914525000000001e-07
660.722	0.0	0.0	-7.74445e-06
660.672	0.0	0.0	-6.1682250000000006e-06
660.712	0.0	0.0	-7.2950500000000006e-06
660.842	0.0	0.0	-1.120245e-05
661.062	0.0	0.0	-1.7227000000000003e-05
661.022	0.0	0.0	-1.5993950000000003e-05
661.052	0.0	0.0	-1.6936150000000002e-05
661.192	0.0	0.0	-1.7836e-05
661.402	0.0	0.0	-1.88685e-05
661.352	0.0	0.0	-1.8639250000000003e-05
661.382	0.0	0.0	-1.8786250000000003e-05
661.522	0.0	0.0	-1.601145e-05
661.732	0.0	0.0	-1.0812724999999999e-05
661.682	0.0	0.0	-1.1946375e-05
661.722	0.0	0.0	-1.114155e-05
661.852	0.0	0.0	-5.350975000000001e-06
662.072	0.0	0.0	4.18915e-06
662.032	0.0	0.0	2.2295e-06
662.062	0.0	0.0	3.7164750000000003e-06
662.202	0.0	0.0	9.405375000000001e-06
662.412	0.0	0.0	1.8285750000000004e-05
662.362	0.0	0.0	1.6309300000000003e-05
662.392	0.0	0.0	1.757e-05
662.532	0.0	0.0	2.020025e-05
662.742	0.0	0.0	2.36915e-05
662.692	0.0	0.0	2.2928500000000002e-05
662.732	0.0	0.0	2.3467500000000005e-05
662.862	0.0	0.0	2.1413000000000007e-05
663.082	0.0	0.0	1.7423525000000002e-05
663.042	0.0	0.0	1.8245500000000003e-05
663.072	0.0	0.0	1.7626000000000004e-05
663.212	0.0	0.0	1.1834375000000001e-05
663.422	0.0	0.0	2.294775e-06
663.372	0.0	0.0	4.4247e-06
663.402	0.0	0.0	3.0744000000000006e-06
663.542	0.0	0.0	-3.2338250000000003e-06
663.752	0.0	0.0	-1.334935e-05
663.702	0.0	0.0	-1.1128250000000003e-05
663.742	0.0	0.0	-1.2683650000000002e-05
663.872	0.0	0.0	-1.661695e-05
664.092	0.0	0.0	-2.23545e-05
664.052	0.0	0.0	-2.116625e-05
664.082	0.0	0.0	-2.2055250000000002e-05
664.222	0.0	0.0	-2.147425e-05
664.432	0.0	0.0	-1.99675e-05
664.382	0.0	0.0	-2.030525e-05
664.412	0.0	0.0	-2.009175e-05
664.552	0.0	0.0	-1.5907325e-05
664.762	0.0	0.0	-8.45845e-06
664.712	0.0	0.0	-1.00996e-05
664.752	0.0	0.0	-8.958075e-06
664.882	0.0	0.0	-3.0411500000000005e-06
665.102	0.0	0.0	6.4953e-06
665.052	0.0	0.0	4.514825000000001e-06
665.092	0.0	0.0	5.986400000000001e-06
665.232	0.0	0.0	1.0426500000000001e-05
665.442	0.0	0.0	1.7171000000000002e-05
665.392	0.0	0.0	1.5655325e-05
665.422	0.0	0.0	1.660295e-05
665.562	0.0	0.0	1.777125e-05
665.772	0.0	0.0	1.8873750000000002e-05
665.722	0.0	0.0	1.86305e-05
665.762	0.0	0.0	1.87985e-05
665.892	0.0	0.0	1.6266250000000004e-05
666.112	0.0	0.0	1.1662875000000001e-05
666.062	0.0	0.0	1.26224e-05
666.102	0.0	0.0	1.191435e-05
666.232	0.0	0.0	7.156975e-06
666.452	0.0	0.0	-5.93845e-07
666.402	0.0	0.0	1.1537750000000002e-06
666.432	0.0	0.0	6.867175e-08
666.572	0.0	0.0	-4.45095e-06
666.782	0.0	0.0	-1.1565925000000002e-05
666.732	0.0	0.0	-9.987775000000001e-06
666.772	0.0	0.0	-1.10705e-05
666.902	0.0	0.0	-1.3468525000000002e-05
667.122	0.0	0.0	-1.6835525e-05
667.072	0.0	0.0	-1.6132025000000002e-05
667.112	0.0	0.0	-1.6648275000000003e-05
667.242	0.0	0.0	-1.57206e-05
667.462	0.0	0.0	-1.3799100000000001e-05
667.412	0.0	0.0	-1.4236250000000001e-05
667.442	0.0	0.0	-1.3969375e-05
667.582	0.0	0.0	-1.0529225e-05
667.792	0.0	0.0	-4.456025e-06
667.742	0.0	0.0	-5.780950000000001e-06
667.782	0.0	0.0	-4.845575000000001e-06
667.912	0.0	0.0	-2.3737000000000001e-07
668.132	0.0	0.0	7.131950000000001e-06
668.082	0.0	0.0	5.478725000000001e-06
668.112	0.0	0.0	6.502825000000001e-06
668.252	0.0	0.0	9.876125000000002e-06
668.462	0.0	0.0	1.4943425000000002e-05
668.412	0.0	0.0	1.3810650000000003e-05
668.442	0.0	0.0	1.4577850000000001e-05
668.582	0.0	0.0	1.5175125e-05
668.802	0.0	0.0	1.558725e-05
668.752	0.0	0.0	1.550045e-05
668.792	0.0	0.0	1.5563275e-05
668.922	0.0	0.0	1.2996375000000001e-05
669.142	0.0	0.0	8.509025e-06
669.092	0.0	0.0	9.529625000000001e-06
669.122	0.0	0.0	8.9075e-06
669.262	0.0	0.0	4.748625000000001e-06
669.472	0.0	0.0	-2.2384250000000005e-06
669.422	0.0	0.0	-6.748e-07
669.452	0.0	0.0	-1.7283875000000002e-06
669.592	0.0	0.0	-5.640250000000001e-06
669.812	0.0	0.0	-1.1702250000000001e-05
669.762	0.0	0.0	-1.0422300000000002e-05
669.802	0.0	0.0	-1.1342975e-05
669.932	0.0	0.0	-1.2861275000000002e-05
670.152	0.0	0.0	-1.4874125e-05
670.102	0.0	0.0	-1.4414925000000002e-05
670.132	0.0	0.0	-1.4693000000000001e-05
670.272	0.0	0.0	-1.3439475e-05
670.482	0.0	0.0	-1.076635e-05
670.432	0.0	0.0	-1.1366425000000002e-05
670.462	0.0	0.0	-1.09648e-05
670.602	0.0	0.0	-7.582575000000001e-06
670.822	0.0	0.0	-1.8945500000000004e-06
670.772	0.0	0.0	-3.0997750000000003e-06
670.812	0.0	0.0	-2.2387750000000004e-06
670.942	0.0	0.0	1.260385e-06
671.162	0.0	0.0	6.7530750000000006e-06
671.112	0.0	0.0	5.495875e-06
671.142	0.0	0.0	6.251875e-06
671.282	0.0	0.0	8.173025000000001e-06
671.492	0.0	0.0	1.0825500000000003e-05
671.442	0.0	0.0	1.0228050000000001e-05
671.472	0.0	0.0	1.0625300000000001e-05
671.612	0.0	0.0	1.02809e-05
671.832	0.0	0.0	9.305275000000002e-06
671.782	0.0	0.0	9.512825e-06
671.822	0.0	0.0	9.365650000000002e-06
671.952	0.0	0.0	7.29575e-06
672.172	0.0	0.0	3.7878750000000006e-06
672.122	0.0	0.0	4.593400000000001e-06
672.152	0.0	0.0	4.1123250000000005e-06
672.282	0.0	0.0	1.698935e-06
672.502	0.0	0.0	-2.2142750000000005e-06
672.452	0.0	0.0	-1.3299300000000002e-06
672.482	0.0	0.0	-1.913975e-06
672.622	0.0	0.0	-3.7229500000000005e-06
672.842	0.0	0.0	-6.432475000000001e-06
672.792	0.0	0.0	-5.854275e-06
672.832	0.0	0.0	-6.261675000000001e-06
672.962	0.0	0.0	-6.8314750000000005e-06
673.182	0.0	0.0	-7.529725e-06
673.132	0.0	0.0	-7.368900000000001e-06
673.162	0.0	0.0	-7.464275000000001e-06
673.292	0.0	0.0	-6.786500000000002e-06
673.512	0.0	0.0	-5.390525e-06
673.462	0.0	0.0	-5.706925e-06
673.492	0.0	0.0	-5.499375e-06
673.632	0.0	0.0	-3.506825e-06
673.852	0.0	0.0	-1.1484550000000001e-07
673.802	0.0	0.0	-8.410325e-07
673.842	0.0	0.0	-3.3279750000000005e-07
673.972	0.0	0.0	2.3360750000000003e-06
674.192	0.0	0.0	6.636525000000001e-06
674.142	0.0	0.0	5.6427e-06
674.172	0.0	0.0	6.2280750000000005e-06
674.302	0.0	0.0	8.308125000000001e-06
674.522	0.0	0.0	1.1457075e-05
674.472	0.0	0.0	1.07408e-05
674.502	0.0	0.0	1.1207350000000002e-05
674.642	0.0	0.0	1.1330025e-05
674.862	0.0	0.0	1.11006e-05
674.812	0.0	0.0	1.1149950000000003e-05
674.852	0.0	0.0	1.111565e-05
674.982	0.0	0.0	8.61e-06
675.202	0.0	0.0	4.228525000000001e-06
675.152	0.0	0.0	5.244225e-06
675.182	0.0	0.0	4.6501000000000014e-06
675.312	0.0	0.0	6.40325e-07
675.532	0.0	0.0	-6.137075000000001e-06
675.482	0.0	0.0	-4.590425000000001e-06
675.512	0.0	0.0	-5.591250000000002e-06
675.652	0.0	0.0	-9.340450000000001e-06
675.872	0.0	0.0	-1.513925e-05
675.822	0.0	0.0	-1.3889224999999999e-05
675.862	0.0	0.0	-1.475215e-05
675.992	0.0	0.0	-1.583575e-05
676.212	0.0	0.0	-1.7064425000000004e-05
676.162	0.0	0.0	-1.6778650000000002e-05
676.192	0.0	0.0	-1.6944725000000002e-05
676.322	0.0	0.0	-1.47644e-05
676.542	0.0	0.0	-1.0408125000000001e-05
676.492	0.0	0.0	-1.140545e-05
676.522	0.0	0.0	-1.0764425e-05
676.662	0.0	0.0	-5.933025000000001e-06
676.882	0.0	0.0	2.1885500000000004e-06
676.832	0.0	0.0	4.3197e-07
676.872	0.0	0.0	1.6364599999999999e-06
677.002	0.0	0.0	6.4683500000000005e-06
677.222	0.0	0.0	1.4036575000000002e-05
677.172	0.0	0.0	1.2271175e-05
677.202	0.0	0.0	1.328985e-05
677.332	0.0	0.0	1.5675975000000002e-05
677.552	0.0	0.0	1.8789750000000004e-05
677.502	0.0	0.0	1.8074e-05
677.532	0.0	0.0	1.8530750000000002e-05
677.672	0.0	0.0	1.7199875000000003e-05
677.892	0.0	0.0	1.4307475e-05
677.842	0.0	0.0	1.4935200000000002e-05
677.872	0.0	0.0	1.4507675000000002e-05
678.012	0.0	0.0	1.0224025e-05
678.232	0.0	0.0	2.983925e-06
678.182	0.0	0.0	4.677925000000001e-06
678.212	0.0	0.0	3.7070250000000003e-06
678.342	0.0	0.0	-1.0382750000000002e-06
678.562	0.0	0.0	-8.698025e-06
678.512	0.0	0.0	-6.933325e-06
678.542	0.0	0.0	-8.052625e-06
678.682	0.0	0.0	-1.11083e-05
678.902	0.0	0.0	-1.5505700000000003e-05
678.852	0.0	0.0	-1.4548275000000001e-05
678.882	0.0	0.0	-1.5195950000000001e-05
679.022	0.0	0.0	-1.5045275e-05
679.242	0.0	0.0	-1.42268e-05
679.192	0.0	0.0	-1.4418775000000002e-05
679.222	0.0	0.0	-1.4309575000000003e-05
679.352	0.0	0.0	-1.1618075000000001e-05
679.572	0.0	0.0	-6.63635e-06
679.522	0.0	0.0	-7.78785e-06
679.552	0.0	0.0	-7.062300000000002e-06
679.692	0.0	0.0	-3.1010000000000005e-06
679.912	0.0	0.0	3.3663000000000003e-06
679.862	0.0	0.0	1.9533500000000005e-06
679.892	0.0	0.0	2.9027250000000007e-06
680.032	0.0	0.0	6.055175000000001e-06
680.252	0.0	0.0	1.0847550000000001e-05
680.202	0.0	0.0	9.719325000000002e-06
680.232	0.0	0.0	1.0357375000000002e-05
680.362	0.0	0.0	1.1499775e-05
680.582	0.0	0.0	1.2748750000000002e-05
680.532	0.0	0.0	1.2459125e-05
680.562	0.0	0.0	1.2640425000000002e-05
680.702	0.0	0.0	1.132145e-05
680.922	0.0	0.0	8.703975e-06
680.872	0.0	0.0	9.2771e-06
680.902	0.0	0.0	8.894025000000002e-06
681.042	0.0	0.0	5.752425000000001e-06
681.262	0.0	0.0	4.8181e-07
681.212	0.0	0.0	1.7329025000000001e-06
681.242	0.0	0.0	1.0371200000000001e-06
681.372	0.0	0.0	-2.408e-06
681.592	0.0	0.0	-7.980175e-06
681.542	0.0	0.0	-6.708625e-06
681.572	0.0	0.0	-7.5272750000000016e-06
681.712	0.0	0.0	-9.801225e-06
681.932	0.0	0.0	-1.3097875000000002e-05
681.882	0.0	0.0	-1.2325600000000001e-05
681.912	0.0	0.0	-1.2761175e-05
682.042	0.0	0.0	-1.2704475e-05
682.262	0.0	0.0	-1.1950050000000003e-05
682.212	0.0	0.0	-1.2126275000000001e-05
682.242	0.0	0.0	-1.2017425000000001e-05
682.382	0.0	0.0	-9.397500000000003e-06
682.602	0.0	0.0	-4.692625e-06
682.552	0.0	0.0	-5.729500000000001e-06
682.582	0.0	0.0	-5.045425000000001e-06
682.722	0.0	0.0	-1.1632250000000002e-06
682.942	0.0	0.0	5.17125e-06
682.892	0.0	0.0	3.668e-06
682.922	0.0	0.0	4.50275e-06
683.052	0.0	0.0	7.6181e-06
683.272	0.0	0.0	1.2337849999999999e-05
683.222	0.0	0.0	1.1234475000000002e-05
683.252	0.0	0.0	1.1912950000000001e-05
683.392	0.0	0.0	1.2724600000000002e-05
683.612	0.0	0.0	1.3439125e-05
683.562	0.0	0.0	1.32811e-05
683.592	0.0	0.0	1.3384700000000002e-05
683.732	0.0	0.0	1.1433450000000001e-05
683.952	0.0	0.0	7.824425000000001e-06
683.902	0.0	0.0	8.683500000000002e-06
683.932	0.0	0.0	8.2096e-06
684.062	0.0	0.0	4.852925000000001e-06
684.282	0.0	0.0	-8.947400000000001e-07
684.232	0.0	0.0	4.530225000000001e-07
684.262	0.0	0.0	-3.702475e-07
684.402	0.0	0.0	-3.5250249999999998e-06
684.622	0.0	0.0	-8.396325000000001e-06
684.572	0.0	0.0	-7.3155250000000006e-06
684.602	0.0	0.0	-8.019025000000002e-06
684.742	0.0	0.0	-9.261e-06
684.962	0.0	0.0	-1.0820950000000002e-05
684.912	0.0	0.0	-1.044855e-05
684.942	0.0	0.0	-1.0652600000000002e-05
685.072	0.0	0.0	-9.82135e-06
685.292	0.0	0.0	-7.882700000000002e-06
685.242	0.0	0.0	-8.33875e-06
685.272	0.0	0.0	-8.061900000000002e-06
685.412	0.0	0.0	-5.779025e-06
685.632	0.0	0.0	-1.8728500000000002e-06
685.582	0.0	0.0	-2.7422500000000003e-06
685.612	0.0	0.0	-2.1799750000000002e-06
685.752	0.0	0.0	1.8565750000000002e-07
685.972	0.0	0.0	3.909325000000001e-06
685.922	0.0	0.0	3.0177e-06
685.952	0.0	0.0	3.5028e-06
686.082	0.0	0.0	5.018650000000001e-06
686.302	0.0	0.0	7.1760500000000005e-06
686.252	0.0	0.0	6.666975000000001e-06
686.282	0.0	0.0	6.973925e-06
686.422	0.0	0.0	7.233975e-06
686.642	0.0	0.0	7.3417750000000005e-06
686.592	0.0	0.0	7.317624999999999e-06
686.622	0.0	0.0	7.333200000000001e-06
686.762	0.0	0.0	6.172950000000001e-06
686.982	0.0	0.0	4.05335e-06
686.932	0.0	0.0	4.562425000000001e-06
686.962	0.0	0.0	4.2873250000000005e-06
687.092	0.0	0.0	2.03525e-06
687.312	0.0	0.0	-1.9010250000000001e-06
687.262	0.0	0.0	-9.694825e-07
687.292	0.0	0.0	-1.5273125000000002e-06
687.432	0.0	0.0	-4.249875000000001e-06
687.652	0.0	0.0	-8.6345e-06
687.602	0.0	0.0	-7.6524e-06
687.632	0.0	0.0	-8.279075000000002e-06
687.772	0.0	0.0	-9.91025e-06
687.992	0.0	0.0	-1.2229699999999999e-05
687.942	0.0	0.0	-1.16711e-05
687.972	0.0	0.0	-1.1971050000000001e-05
688.102	0.0	0.0	-1.1419275000000001e-05
688.322	0.0	0.0	-9.833950000000001e-06
688.272	0.0	0.0	-1.0210200000000001e-05
688.302	0.0	0.0	-9.986375000000001e-06
688.442	0.0	0.0	-6.847050000000001e-06
688.662	0.0	0.0	-1.25657e-06
688.612	0.0	0.0	-2.512825e-06
688.642	0.0	0.0	-1.716645e-06
688.782	0.0	0.0	2.590525e-06
689.002	0.0	0.0	9.604875e-06
688.952	0.0	0.0	7.910350000000001e-06
688.982	0.0	0.0	8.81405e-06
689.112	0.0	0.0	1.2007975e-05
689.332	0.0	0.0	1.6720725e-05
689.282	0.0	0.0	1.5598625000000002e-05
689.312	0.0	0.0	1.6261875000000003e-05
689.452	0.0	0.0	1.6457875000000002e-05
689.672	0.0	0.0	1.5964725e-05
689.622	0.0	0.0	1.6075850000000003e-05
689.652	0.0	0.0	1.6005850000000002e-05
689.792	0.0	0.0	1.2692575e-05
690.012	0.0	0.0	6.711250000000001e-06
689.962	0.0	0.0	8.160425e-06
689.982	0.0	0.0	7.392700000000001e-06
690.122	0.0	0.0	2.369325e-06
690.342	0.0	0.0	-6.169625000000001e-06
690.292	0.0	0.0	-4.1305250000000006e-06
690.322	0.0	0.0	-5.327875e-06
690.462	0.0	0.0	-9.808575000000001e-06
690.682	0.0	0.0	-1.66558e-05
690.632	0.0	0.0	-1.5107225000000002e-05
690.662	0.0	0.0	-1.6075675000000004e-05
690.802	0.0	0.0	-1.74069e-05
691.022	0.0	0.0	-1.8782750000000002e-05
690.972	0.0	0.0	-1.8448500000000005e-05
690.992	0.0	0.0	-1.8625250000000003e-05
691.132	0.0	0.0	-1.6432675000000004e-05
691.352	0.0	0.0	-1.1796925000000002e-05
691.302	0.0	0.0	-1.2907300000000001e-05
691.332	0.0	0.0	-1.2259625000000002e-05
691.472	0.0	0.0	-7.4179e-06
691.692	0.0	0.0	8.436925000000002e-07
691.642	0.0	0.0	-1.0305925e-06
691.672	0.0	0.0	1.3379625e-07
691.812	0.0	0.0	4.895975e-06
692.032	0.0	0.0	1.2342925000000002e-05
691.982	0.0	0.0	1.0528000000000002e-05
692.002	0.0	0.0	1.1476500000000001e-05
692.142	0.0	0.0	1.3877675000000001e-05
692.362	0.0	0.0	1.6912875000000004e-05
692.312	0.0	0.0	1.6183825000000004e-05
692.342	0.0	0.0	1.6606275000000002e-05
692.482	0.0	0.0	1.5604750000000003e-05
692.702	0.0	0.0	1.3130425000000002e-05
692.652	0.0	0.0	1.3693575e-05
692.682	0.0	0.0	1.3346025e-05
692.822	0.0	0.0	9.754150000000002e-06
693.042	0.0	0.0	3.5330749999999996e-06
692.992	0.0	0.0	5.053475000000001e-06
693.012	0.0	0.0	4.264225000000001e-06
693.152	0.0	0.0	3.077725e-07
693.372	0.0	0.0	-6.0882500000000005e-06
693.322	0.0	0.0	-4.547375000000001e-06
693.352	0.0	0.0	-5.4346250000000005e-06
693.492	0.0	0.0	-7.938000000000001e-06
693.712	0.0	0.0	-1.1446225e-05
693.662	0.0	0.0	-1.0645250000000001e-05
693.692	0.0	0.0	-1.11363e-05
693.832	0.0	0.0	-1.1067875000000001e-05
694.052	0.0	0.0	-1.0368925e-05
694.002	0.0	0.0	-1.0540250000000001e-05
694.022	0.0	0.0	-1.0451875000000002e-05
694.162	0.0	0.0	-8.537550000000001e-06
694.382	0.0	0.0	-4.89545e-06
694.332	0.0	0.0	-5.7753500000000005e-06
694.362	0.0	0.0	-5.2720500000000015e-06
694.502	0.0	0.0	-2.73175e-06
694.722	0.0	0.0	1.3828325e-06
694.672	0.0	0.0	4.4059750000000005e-07
694.702	0.0	0.0	1.0144225e-06
694.842	0.0	0.0	2.6533499999999998e-06
695.062	0.0	0.0	5.006925000000001e-06
695.012	0.0	0.0	4.428550000000001e-06
695.032	0.0	0.0	4.724825e-06
695.172	0.0	0.0	5.023725000000001e-06
695.392	0.0	0.0	5.057325000000001e-06
695.342	0.0	0.0	5.049275e-06
695.372	0.0	0.0	5.053825000000001e-06
695.512	0.0	0.0	4.357325e-06
695.732	0.0	0.0	3.0226000000000005e-06
695.682	0.0	0.0	3.3290250000000003e-06
695.712	0.0	0.0	3.1433500000000006e-06
695.852	0.0	0.0	2.1140000000000004e-06
696.072	0.0	0.0	4.2757750000000006e-07
696.022	0.0	0.0	8.453375000000002e-07
696.042	0.0	0.0	6.348300000000001e-07
696.182	0.0	0.0	-5.77325e-07
696.402	0.0	0.0	-2.5954250000000007e-06
696.352	0.0	0.0	-2.11365e-06
696.382	0.0	0.0	-2.3952250000000004e-06
696.522	0.0	0.0	-3.698800000000001e-06
696.742	0.0	0.0	-5.774825000000001e-06
696.692	0.0	0.0	-5.2669750000000005e-06
696.712	0.0	0.0	-5.5265e-06
696.852	0.0	0.0	-6.1265750000000016e-06
697.072	0.0	0.0	-6.8292000000000015e-06
697.022	0.0	0.0	-6.657700000000001e-06
697.052	0.0	0.0	-6.753950000000002e-06
697.192	0.0	0.0	-5.753300000000001e-06
697.412	0.0	0.0	-3.69145e-06
697.362	0.0	0.0	-4.16745e-06
697.392	0.0	0.0	-3.882725e-06
697.532	0.0	0.0	-1.2738425000000002e-06
697.752	0.0	0.0	3.2361000000000002e-06
697.702	0.0	0.0	2.11925e-06
697.722	0.0	0.0	2.681175e-06
697.862	0.0	0.0	5.60595e-06
698.082	0.0	0.0	1.0367000000000001e-05
698.032	0.0	0.0	9.204475000000001e-06
698.062	0.0	0.0	9.853725e-06
698.202	0.0	0.0	1.1447100000000001e-05
698.422	0.0	0.0	1.3521199999999999e-05
698.372	0.0	0.0	1.3041e-05
698.402	0.0	0.0	1.3326425e-05
698.542	0.0	0.0	1.2149550000000001e-05
698.762	0.0	0.0	9.584050000000002e-06
698.702	0.0	0.0	1.0221225000000001e-05
698.732	0.0	0.0	9.902725000000001e-06
698.872	0.0	0.0	6.4071e-06
699.092	0.0	0.0	6.813275e-09
699.042	0.0	0.0	1.574265e-06
699.072	0.0	0.0	7.045325e-07
699.212	0.0	0.0	-3.7576e-06
699.432	0.0	0.0	-1.1006100000000001e-05
699.382	0.0	0.0	-9.322425e-06
699.412	0.0	0.0	-1.0316775000000001e-05
699.552	0.0	0.0	-1.312815e-05
699.772	0.0	0.0	-1.7107300000000005e-05
699.712	0.0	0.0	-1.6116275e-05
699.742	0.0	0.0	-1.6608375e-05
699.882	0.0	0.0	-1.634745e-05
700.102	0.0	0.0	-1.4812000000000002e-05
700.052	0.0	0.0	-1.5189125000000002e-05
700.082	0.0	0.0	-1.4981225000000002e-05
700.222	0.0	0.0	-1.1444125000000001e-05
700.442	0.0	0.0	-4.942000000000001e-06
700.392	0.0	0.0	-6.456975000000001e-06
700.422	0.0	0.0	-5.56815e-06
700.562	0.0	0.0	-6.859300000000002e-07
700.782	0.0	0.0	7.316750000000001e-06
700.722	0.0	0.0	5.318250000000001e-06
700.752	0.0	0.0	6.303850000000001e-06
700.892	0.0	0.0	9.959425e-06
701.112	0.0	0.0	1.5313375e-05
701.062	0.0	0.0	1.3994750000000004e-05
701.092	0.0	0.0	1.4716975e-05
701.232	0.0	0.0	1.5402975e-05
701.452	0.0	0.0	1.55764e-05
701.402	0.0	0.0	1.55358e-05
701.432	0.0	0.0	1.5559425e-05
701.572	0.0	0.0	1.3041525e-05
701.792	0.0	0.0	8.262625000000001e-06
701.732	0.0	0.0	9.459275000000001e-06
701.762	0.0	0.0	8.873025000000001e-06
701.902	0.0	0.0	4.9297500000000005e-06
702.122	0.0	0.0	-1.8413500000000002e-06
702.072	0.0	0.0	-1.6898524999999998e-07
702.102	0.0	0.0	-1.0790850000000002e-06
702.242	0.0	0.0	-4.5654e-06
702.462	0.0	0.0	-9.852675000000001e-06
702.412	0.0	0.0	-8.613500000000001e-06
702.442	0.0	0.0	-9.331000000000001e-06
702.582	0.0	0.0	-1.0565800000000001e-05
702.802	0.0	0.0	-1.1914e-05
702.742	0.0	0.0	-1.1575375e-05
702.772	0.0	0.0	-1.1740225000000002e-05
702.912	0.0	0.0	-1.0698275e-05
703.132	0.0	0.0	-8.221675000000001e-06
703.082	0.0	0.0	-8.835050000000003e-06
703.102	0.0	0.0	-8.503425e-06
703.252	0.0	0.0	-5.934775e-06
703.472	0.0	0.0	-1.4843325000000003e-06
703.422	0.0	0.0	-2.5305000000000006e-06
703.452	0.0	0.0	-1.928675e-06
703.592	0.0	0.0	6.327650000000001e-07
703.812	0.0	0.0	4.645375e-06
703.752	0.0	0.0	3.6349250000000006e-06
703.782	0.0	0.0	4.123350000000001e-06
703.922	0.0	0.0	5.6307999999999995e-06
704.142	0.0	0.0	7.64435e-06
704.082	0.0	0.0	7.1442e-06
704.112	0.0	0.0	7.4128250000000005e-06
704.262	0.0	0.0	7.436450000000001e-06
704.482	0.0	0.0	7.0308000000000005e-06
704.432	0.0	0.0	7.126525000000001e-06
704.462	0.0	0.0	7.071925e-06
704.602	0.0	0.0	5.7251250000000005e-06
704.822	0.0	0.0	3.2436250000000002e-06
704.762	0.0	0.0	3.8701250000000005e-06
704.792	0.0	0.0	3.5693e-06
704.932	0.0	0.0	1.5242325000000003e-06
705.152	0.0	0.0	-1.9985e-06
705.092	0.0	0.0	-1.12105e-06
705.122	0.0	0.0	-1.58935e-06
705.262	0.0	0.0	-3.5985250000000004e-06
705.492	0.0	0.0	-6.729275e-06
705.442	0.0	0.0	-5.989025000000001e-06
705.472	0.0	0.0	-6.409375000000001e-06
705.612	0.0	0.0	-7.294175000000001e-06
705.832	0.0	0.0	-8.3706e-06
705.772	0.0	0.0	-8.098125e-06
705.802	0.0	0.0	-8.22815e-06
705.942	0.0	0.0	-7.562625e-06
706.162	0.0	0.0	-5.9024000000000004e-06
706.102	0.0	0.0	-6.31715e-06
706.132	0.0	0.0	-6.097175000000001e-06
706.272	0.0	0.0	-3.9856250000000005e-06
706.502	0.0	0.0	-2.2505e-07
706.452	0.0	0.0	-1.1169375000000001e-06
706.482	0.0	0.0	-6.13865e-07
706.622	0.0	0.0	1.7951500000000003e-06
706.842	0.0	0.0	5.654775e-06
706.782	0.0	0.0	4.674950000000001e-06
706.812	0.0	0.0	5.1394e-06
706.952	0.0	0.0	6.5880499999999995e-06
707.172	0.0	0.0	8.510950000000002e-06
707.112	0.0	0.0	8.029350000000001e-06
707.142	0.0	0.0	8.283100000000002e-06
707.282	0.0	0.0	8.031800000000002e-06
707.512	0.0	0.0	7.088900000000001e-06
707.462	0.0	0.0	7.3132500000000015e-06
707.492	0.0	0.0	7.1876000000000004e-06
707.632	0.0	0.0	5.4649e-06
707.852	0.0	0.0	2.3535750000000006e-06
707.792	0.0	0.0	3.145625e-06
707.822	0.0	0.0	2.7727e-06
707.962	0.0	0.0	7.196175e-07
708.182	0.0	0.0	-2.6565000000000003e-06
708.122	0.0	0.0	-1.8086250000000002e-06
708.152	0.0	0.0	-2.2524250000000003e-06
708.292	0.0	0.0	-3.6225e-06
708.522	0.0	0.0	-5.5277250000000005e-06
708.472	0.0	0.0	-5.073250000000001e-06
708.502	0.0	0.0	-5.326300000000001e-06
708.642	0.0	0.0	-5.3802000000000014e-06
708.862	0.0	0.0	-5.096700000000001e-06
708.802	0.0	0.0	-5.168975000000001e-06
708.832	0.0	0.0	-5.1352e-06
708.972	0.0	0.0	-4.258450000000001e-06
709.192	0.0	0.0	-2.5214e-06
709.132	0.0	0.0	-2.9589e-06
709.162	0.0	0.0	-2.7314000000000002e-06
709.302	0.0	0.0	-1.5487149999999999e-06
709.532	0.0	0.0	3.752875e-07
709.482	0.0	0.0	-8.5001e-08
709.512	0.0	0.0	1.696065e-07
709.652	0.0	0.0	1.047165e-06
709.872	0.0	0.0	2.3411500000000004e-06
709.812	0.0	0.0	2.0100500000000003e-06
709.842	0.0	0.0	2.163875e-06
709.982	0.0	0.0	2.6526500000000003e-06
710.202	0.0	0.0	3.299975e-06
710.142	0.0	0.0	3.1365250000000004e-06
710.172	0.0	0.0	3.22105e-06
710.312	0.0	0.0	3.2165e-06
710.542	0.0	0.0	3.05095e-06
710.492	0.0	0.0	3.090675e-06
710.522	0.0	0.0	3.0688e-06
710.662	0.0	0.0	2.300375e-06
710.882	0.0	0.0	8.5183e-07
710.822	0.0	0.0	1.2252450000000003e-06
710.852	0.0	0.0	1.0545675000000003e-06
710.992	0.0	0.0	-3.3817e-07
711.212	0.0	0.0	-2.828525e-06
711.152	0.0	0.0	-2.2086750000000005e-06
711.182	0.0	0.0	-2.5382e-06
711.322	0.0	0.0	-4.0005e-06
711.552	0.0	0.0	-6.293875000000001e-06
711.492	0.0	0.0	-5.709900000000001e-06
711.522	0.0	0.0	-5.980625000000002e-06
711.662	0.0	0.0	-6.539575e-06
711.882	0.0	0.0	-7.050575000000001e-06
711.822	0.0	0.0	-6.9207250000000006e-06
711.852	0.0	0.0	-6.987050000000001e-06
711.992	0.0	0.0	-5.996900000000002e-06
712.222	0.0	0.0	-3.89655e-06
712.172	0.0	0.0	-4.4028250000000005e-06
712.202	0.0	0.0	-4.1277249999999995e-06
712.342	0.0	0.0	-1.8584999999999999e-06
712.562	0.0	0.0	2.0951000000000005e-06
712.502	0.0	0.0	1.0761625e-06
712.532	0.0	0.0	1.5412425000000002e-06
712.672	0.0	0.0	3.913525e-06
712.892	0.0	0.0	7.72065e-06
712.832	0.0	0.0	6.752375000000001e-06
712.862	0.0	0.0	7.2443e-06
713.002	0.0	0.0	8.496950000000002e-06
713.232	0.0	0.0	1.0047450000000002e-05
713.182	0.0	0.0	9.6726e-06
713.202	0.0	0.0	9.875075000000001e-06
713.352	0.0	0.0	9.105425000000001e-06
713.572	0.0	0.0	7.27335e-06
713.512	0.0	0.0	7.746725e-06
713.542	0.0	0.0	7.532175000000001e-06
713.682	0.0	0.0	5.174575000000001e-06
713.902	0.0	0.0	7.677950000000002e-07
713.842	0.0	0.0	1.8915750000000002e-06
713.872	0.0	0.0	1.3243475000000001e-06
714.012	0.0	0.0	-1.6908850000000002e-06
714.242	0.0	0.0	-6.6155250000000005e-06
714.192	0.0	0.0	-5.421675e-06
714.212	0.0	0.0	-6.06235e-06
714.362	0.0	0.0	-8.07625e-06
714.582	0.0	0.0	-1.0925075000000001e-05
714.522	0.0	0.0	-1.0187100000000003e-05
714.552	0.0	0.0	-1.0519425000000001e-05
714.692	0.0	0.0	-1.0621450000000001e-05
714.912	0.0	0.0	-9.982525000000001e-06
714.852	0.0	0.0	-1.0145975e-05
714.882	0.0	0.0	-1.00639e-05
715.022	0.0	0.0	-8.003625e-06
715.252	0.0	0.0	-4.029025e-06
715.192	0.0	0.0	-4.9953750000000004e-06
715.222	0.0	0.0	-4.480175000000001e-06
715.372	0.0	0.0	-1.242395e-06
715.592	0.0	0.0	4.206475000000001e-06
715.532	0.0	0.0	2.79125e-06
715.562	0.0	0.0	3.4245750000000006e-06
715.702	0.0	0.0	6.268325000000001e-06
715.922	0.0	0.0	1.0622150000000001e-05
715.862	0.0	0.0	9.505825000000001e-06
715.892	0.0	0.0	1.006215e-05
716.032	0.0	0.0	1.1179000000000001e-05
716.262	0.0	0.0	1.2300575e-05
716.202	0.0	0.0	1.2027050000000002e-05
716.232	0.0	0.0	1.2171950000000001e-05
716.372	0.0	0.0	1.0785775e-05
716.602	0.0	0.0	7.81585e-06
716.542	0.0	0.0	8.589350000000001e-06
716.572	0.0	0.0	8.245475000000003e-06
716.712	0.0	0.0	5.054350000000001e-06
716.932	0.0	0.0	-7.9352e-07
716.872	0.0	0.0	7.097825000000001e-07
716.902	0.0	0.0	-3.4615e-08
717.042	0.0	0.0	-3.85945e-06
717.272	0.0	0.0	-1.0050775e-05
717.212	0.0	0.0	-8.537025000000001e-06
717.242	0.0	0.0	-9.3338e-06
717.382	0.0	0.0	-1.1719225e-05
717.612	0.0	0.0	-1.4999250000000002e-05
717.552	0.0	0.0	-1.4142975000000002e-05
717.582	0.0	0.0	-1.452115e-05
717.722	0.0	0.0	-1.4298200000000001e-05
717.942	0.0	0.0	-1.2809300000000001e-05
717.882	0.0	0.0	-1.3193075e-05
717.912	0.0	0.0	-1.300425e-05
718.052	0.0	0.0	-9.803500000000002e-06
718.282	0.0	0.0	-3.7169999999999997e-06
718.222	0.0	0.0	-5.2090500000000006e-06
718.252	0.0	0.0	-4.4287250000000005e-06
718.392	0.0	0.0	2.9729000000000004e-07
718.622	0.0	0.0	8.210125000000001e-06
718.562	0.0	0.0	6.139000000000001e-06
718.592	0.0	0.0	7.0476e-06
718.732	0.0	0.0	1.0954825e-05
718.952	0.0	0.0	1.6799825000000003e-05
718.892	0.0	0.0	1.5289400000000003e-05
718.922	0.0	0.0	1.6027900000000003e-05
719.062	0.0	0.0	1.7098025000000003e-05
719.292	0.0	0.0	1.7703000000000003e-05
719.232	0.0	0.0	1.7554250000000002e-05
719.262	0.0	0.0	1.763125e-05
719.402	0.0	0.0	1.4943075000000001e-05
719.632	0.0	0.0	9.487275000000001e-06
719.572	0.0	0.0	1.0919125e-05
719.602	0.0	0.0	1.0295075e-05
719.742	0.0	0.0	5.273975e-06
719.962	0.0	0.0	-3.72435e-06
719.902	0.0	0.0	-1.39286e-06
719.932	0.0	0.0	-2.5254250000000005e-06
720.072	0.0	0.0	-7.786275000000002e-06
720.302	0.0	0.0	-1.6056075000000002e-05
720.242	0.0	0.0	-1.4017500000000003e-05
720.272	0.0	0.0	-1.5069950000000003e-05
720.412	0.0	0.0	-1.7594500000000002e-05
720.642	0.0	0.0	-2.0643e-05
720.582	0.0	0.0	-1.98415e-05
720.612	0.0	0.0	-2.0188e-05
720.752	0.0	0.0	-1.890175e-05
720.972	0.0	0.0	-1.5172675000000003e-05
720.912	0.0	0.0	-1.614165e-05
720.942	0.0	0.0	-1.5673875e-05
721.082	0.0	0.0	-1.084405e-05
721.312	0.0	0.0	-2.0074250000000005e-06
721.252	0.0	0.0	-4.191775e-06
721.282	0.0	0.0	-3.071425000000001e-06
721.422	0.0	0.0	2.6943e-06
721.652	0.0	0.0	1.2037900000000002e-05
721.592	0.0	0.0	9.573550000000001e-06
721.622	0.0	0.0	1.0633525e-05
721.752	0.0	0.0	1.4453775000000002e-05
721.982	0.0	0.0	1.9643750000000003e-05
721.922	0.0	0.0	1.8291e-05
721.952	0.0	0.0	1.8940250000000002e-05
722.092	0.0	0.0	1.8968250000000003e-05
722.322	0.0	0.0	1.75875e-05
722.262	0.0	0.0	1.792875e-05
722.292	0.0	0.0	1.7755500000000003e-05
722.432	0.0	0.0	1.4072450000000001e-05
722.662	0.0	0.0	7.0689499999999995e-06
722.602	0.0	0.0	8.920800000000001e-06
722.632	0.0	0.0	8.12945e-06
722.762	0.0	0.0	3.0334500000000006e-06
722.992	0.0	0.0	-5.659325000000001e-06
722.932	0.0	0.0	-3.389575e-06
722.962	0.0	0.0	-4.471250000000001e-06
723.102	0.0	0.0	-8.627675e-06
723.332	0.0	0.0	-1.4720825e-05
723.272	0.0	0.0	-1.3206375e-05
723.302	0.0	0.0	-1.3973225e-05
723.442	0.0	0.0	-1.5036700000000001e-05
723.672	0.0	0.0	-1.56681e-05
723.612	0.0	0.0	-1.55008e-05
723.642	0.0	0.0	-1.5571850000000002e-05
723.772	0.0	0.0	-1.3656825e-05
724.002	0.0	0.0	-9.312100000000002e-06
723.942	0.0	0.0	-1.0449425000000002e-05
723.972	0.0	0.0	-9.910775000000002e-06
724.112	0.0	0.0	-6.122375e-06
724.342	0.0	0.0	4.4271499999999995e-07
724.282	0.0	0.0	-1.1933425e-06
724.312	0.0	0.0	-3.7014249999999997e-07
724.452	0.0	0.0	3.0392250000000005e-06
724.682	0.0	0.0	8.241100000000001e-06
724.622	0.0	0.0	6.858775000000001e-06
724.652	0.0	0.0	7.4417e-06
724.782	0.0	0.0	9.014075000000002e-06
725.012	0.0	0.0	1.068865e-05
724.952	0.0	0.0	1.0249050000000001e-05
724.982	0.0	0.0	1.0455900000000001e-05
725.122	0.0	0.0	9.777425e-06
725.352	0.0	0.0	7.896525e-06
725.292	0.0	0.0	8.366225000000001e-06
725.322	0.0	0.0	8.131024999999999e-06
725.462	0.0	0.0	5.975550000000001e-06
725.692	0.0	0.0	2.11925e-06
725.632	0.0	0.0	3.1512250000000005e-06
725.652	0.0	0.0	2.723e-06
725.792	0.0	0.0	4.07715e-07
726.022	0.0	0.0	-3.3271000000000003e-06
725.962	0.0	0.0	-2.3602250000000003e-06
725.992	0.0	0.0	-2.8281750000000002e-06
726.132	0.0	0.0	-4.39215e-06
726.362	0.0	0.0	-6.560575e-06
726.302	0.0	0.0	-5.987100000000001e-06
726.332	0.0	0.0	-6.228250000000001e-06
726.462	0.0	0.0	-6.565825000000001e-06
726.692	0.0	0.0	-6.577025000000001e-06
726.632	0.0	0.0	-6.57405e-06
726.662	0.0	0.0	-6.5754500000000016e-06
726.802	0.0	0.0	-5.6246750000000005e-06
727.032	0.0	0.0	-3.6491e-06
726.972	0.0	0.0	-4.144875000000001e-06
727.002	0.0	0.0	-3.899525e-06
727.142	0.0	0.0	-2.0531e-06
727.372	0.0	0.0	1.1675650000000001e-06
727.312	0.0	0.0	3.0604e-07
727.332	0.0	0.0	6.6304e-07
727.472	0.0	0.0	2.6468750000000004e-06
727.702	0.0	0.0	5.876675000000001e-06
727.642	0.0	0.0	5.023200000000001e-06
727.672	0.0	0.0	5.418000000000001e-06
727.812	0.0	0.0	6.7347e-06
728.042	0.0	0.0	8.518650000000002e-06
727.982	0.0	0.0	8.069775000000002e-06
728.012	0.0	0.0	8.290275000000001e-06
728.152	0.0	0.0	8.051575000000001e-06
728.382	0.0	0.0	7.106575000000001e-06
728.322	0.0	0.0	7.359975000000001e-06
728.342	0.0	0.0	7.255675e-06
728.482	0.0	0.0	5.3606e-06
728.712	0.0	0.0	1.538075e-06
728.652	0.0	0.0	2.550625e-06
728.682	0.0	0.0	2.0851250000000002e-06
728.822	0.0	0.0	-1.1477200000000002e-06
729.052	0.0	0.0	-6.746775e-06
728.992	0.0	0.0	-5.334e-06
729.022	0.0	0.0	-6.023850000000002e-06
729.162	0.0	0.0	-9.040325e-06
729.392	0.0	0.0	-1.3694100000000002e-05
729.332	0.0	0.0	-1.2443025000000001e-05
729.352	0.0	0.0	-1.295455e-05
729.492	0.0	0.0	-1.4078224999999999e-05
729.722	0.0	0.0	-1.4921899999999999e-05
729.662	0.0	0.0	-1.4697900000000004e-05
729.692	0.0	0.0	-1.4800275000000003e-05
729.832	0.0	0.0	-1.26119e-05
730.062	0.0	0.0	-7.783125e-06
730.002	0.0	0.0	-9.004625e-06
730.032	0.0	0.0	-8.4119e-06
730.172	0.0	0.0	-3.1811500000000005e-06
730.402	0.0	0.0	6.18135e-06
730.342	0.0	0.0	3.6583750000000004e-06
730.362	0.0	0.0	4.683350000000001e-06
730.502	0.0	0.0	1.0594675e-05
730.732	0.0	0.0	2.0312250000000002e-05
730.672	0.0	0.0	1.7725750000000002e-05
730.702	0.0	0.0	1.8900000000000002e-05
730.842	0.0	0.0	2.247175e-05
731.072	0.0	0.0	2.6995500000000003e-05
731.012	0.0	0.0	2.5847500000000006e-05
731.042	0.0	0.0	2.6400500000000002e-05
731.182	0.0	0.0	2.4626e-05
731.412	0.0	0.0	1.979425e-05
731.352	0.0	0.0	2.1099750000000004e-05
731.372	0.0	0.0	2.0573e-05
731.512	0.0	0.0	1.3760775000000002e-05
731.742	0.0	0.0	4.3634500000000003e-07
731.682	0.0	0.0	3.992275e-06
731.712	0.0	0.0	2.3885750000000003e-06
731.852	0.0	0.0	-7.318500000000001e-06
732.082	0.0	0.0	-2.3618000000000003e-05
732.022	0.0	0.0	-1.9474e-05
732.052	0.0	0.0	-2.1458500000000005e-05
732.192	0.0	0.0	-2.86195e-05
732.422	0.0	0.0	-3.885e-05
732.362	0.0	0.0	-3.607975e-05
732.382	0.0	0.0	-3.7191000000000004e-05
732.522	0.0	0.0	-3.7863e-05
732.752	0.0	0.0	-3.567725000000001e-05
732.692	0.0	0.0	-3.626175000000001e-05
732.722	0.0	0.0	-3.6001e-05
732.862	0.0	0.0	-2.8383250000000003e-05
733.092	0.0	0.0	-1.3005825000000002e-05
733.032	0.0	0.0	-1.6926525e-05
733.062	0.0	0.0	-1.5060150000000002e-05
733.202	0.0	0.0	-2.5000500000000003e-06
733.432	0.0	0.0	1.9048750000000003e-05
733.372	0.0	0.0	1.31957e-05
733.392	0.0	0.0	1.5523375000000003e-05
733.532	0.0	0.0	2.6615750000000007e-05
733.762	0.0	0.0	4.343675e-05
733.702	0.0	0.0	3.8942750000000006e-05
733.732	0.0	0.0	4.095875e-05
733.872	0.0	0.0	4.484025000000001e-05
734.102	0.0	0.0	4.779775e-05
734.042	0.0	0.0	4.7033e-05
734.072	0.0	0.0	4.738475e-05
734.212	0.0	0.0	4.128950000000001e-05
734.442	0.0	0.0	0.0
734.382	0.0	0.0	3.129700000000001e-05
734.412	0.0	0.0	2.96905e-05
734.552	0.0	0.0	0.0
