8732
0.0	0.0	0.0	0.00715464375
0.088	0.0	0.0	0.019951325000000002
0.173	0.0	0.0	0.0324143125
0.256	0.0	0.0	0.044448562500000004
0.336	0.0	0.0	0.05617062500000001
0.424	0.0	0.0	0.06218312500000001
0.51	0.0	0.0	0.06804993750000002
0.592	0.0	0.0	0.07371556250000001
0.673	0.0	0.0	0.07923087500000002
0.761	0.0	0.0	0.07590318750000001
0.846	0.0	0.0	0.0726610625
0.929	0.0	0.0	0.06952762500000001
1.009	0.0	0.0	0.066475125
1.097	0.0	0.0	0.054003812500000005
1.182	0.0	0.0	0.041823875
1.265	0.0	0.0	0.030030125
1.346	0.0	0.0	0.018528212500000002
1.434	0.0	0.0	0.0004842606250000001
1.519	0.0	0.0	-0.01712059375
1.602	0.0	0.0	-0.03414637500000001
1.683	0.0	0.0	-0.05073162500000001
1.77	0.0	0.0	-0.0666208125
1.856	0.0	0.0	-0.08213075000000002
1.938	0.0	0.0	-0.097157375
2.019	0.0	0.0	-0.11183250000000002
2.107	0.0	0.0	-0.116045875
2.192	0.0	0.0	-0.12016443750000003
2.275	0.0	0.0	-0.12415812500000002
2.356	0.0	0.0	-0.12805237500000002
2.443	0.0	0.0	-0.11423056250000001
2.529	0.0	0.0	-0.10073018750000001
2.611	0.0	0.0	-0.08763681250000002
2.692	0.0	0.0	-0.07484175000000001
2.779	0.0	0.0	-0.04538281250000001
2.865	0.0	0.0	-0.0165514875
2.948	0.0	0.0	0.011431381250000002
3.029	0.0	0.0	0.0387575
3.116	0.0	0.0	0.15651462500000002
3.201	0.0	0.0	0.27162625
3.284	0.0	0.0	0.3833662500000001
3.365	0.0	0.0	0.492678125
3.452	0.0	0.0	0.5391131250000001
3.538	0.0	0.0	0.5846231250000001
3.621	0.0	0.0	0.628884375
3.702	0.0	0.0	0.6722206250000001
3.789	0.0	0.0	0.6320293750000001
3.875	0.0	0.0	0.592670625
3.958	0.0	0.0	0.5544450000000001
4.039	0.0	0.0	0.5170750000000001
4.126	0.0	0.0	0.398559375
4.211	0.0	0.0	0.282518125
4.294	0.0	0.0	0.169584875
4.375	0.0	0.0	0.0589016875
4.462	0.0	0.0	-0.08418193750000001
4.547	0.0	0.0	-0.22452987500000005
4.631	0.0	0.0	-0.36118937500000003
4.712	0.0	0.0	-0.4949675
4.799	0.0	0.0	-0.586843125
4.884	0.0	0.0	-0.6768456250000001
4.967	0.0	0.0	-0.7645125
5.048	0.0	0.0	-0.85049125
5.135	0.0	0.0	-0.8367318750000001
5.22	0.0	0.0	-0.823226875
5.303	0.0	0.0	-0.8100456250000001
5.385	0.0	0.0	-0.7970956250000001
5.472	0.0	0.0	-0.6769381250000001
5.557	0.0	0.0	-0.5590700000000001
5.64	0.0	0.0	-0.44416187500000004
5.722	0.0	0.0	-0.33156625
5.809	0.0	0.0	-0.16442568750000003
5.894	0.0	0.0	-0.00036001000000000007
5.976	0.0	0.0	0.15982612499999999
6.058	0.0	0.0	0.31720562500000005
6.145	0.0	0.0	0.4454800000000001
6.23	0.0	0.0	0.5715806250000001
6.313	0.0	0.0	0.6947443750000001
6.395	0.0	0.0	0.8156418750000002
6.481	0.0	0.0	0.8379575
6.566	0.0	0.0	0.8598337500000001
6.649	0.0	0.0	0.8812475000000001
6.731	0.0	0.0	0.9022681250000001
6.817	0.0	0.0	0.8106237500000002
6.903	0.0	0.0	0.7203900000000001
6.986	0.0	0.0	0.632075625
7.068	0.0	0.0	0.5451718750000001
7.155	0.0	0.0	0.3931712500000001
7.24	0.0	0.0	0.24369125000000003
7.323	0.0	0.0	0.0975505
7.405	0.0	0.0	-0.0460488125
7.491	0.0	0.0	-0.174589125
7.576	0.0	0.0	-0.301064375
7.659	0.0	0.0	-0.42492187500000006
7.741	0.0	0.0	-0.5469525000000001
7.827	0.0	0.0	-0.591236875
7.912	0.0	0.0	-0.63487375
7.996	0.0	0.0	-0.677655
8.078	0.0	0.0	-0.7197425000000001
8.164	0.0	0.0	-0.67187375
8.249	0.0	0.0	-0.624768125
8.332	0.0	0.0	-0.578564375
8.414	0.0	0.0	-0.533054375
8.5	0.0	0.0	-0.43294625000000003
8.585	0.0	0.0	-0.3342025
8.669	0.0	0.0	-0.23726250000000002
8.751	0.0	0.0	-0.14169612500000003
8.837	0.0	0.0	-0.037499500000000005
8.922	0.0	0.0	0.0652101875
9.005	0.0	0.0	0.16601900000000003
9.088	0.0	0.0	0.265405625
9.174	0.0	0.0	0.34615812500000004
9.258	0.0	0.0	0.42584687500000007
9.342	0.0	0.0	0.504125
9.424	0.0	0.0	0.5813625
9.51	0.0	0.0	0.6132750000000001
9.595	0.0	0.0	0.644794375
9.678	0.0	0.0	0.6757587500000001
9.761	0.0	0.0	0.7063300000000001
9.847	0.0	0.0	0.6461356250000001
9.931	0.0	0.0	0.5867043750000001
10.015	0.0	0.0	0.5282443750000001
10.097	0.0	0.0	0.4705012500000001
10.183	0.0	0.0	0.296901875
10.268	0.0	0.0	0.12538143750000003
10.351	0.0	0.0	-0.04344725000000001
10.434	0.0	0.0	-0.21028950000000005
10.52	0.0	0.0	-0.44263562500000003
10.604	0.0	0.0	-0.672359375
10.688	0.0	0.0	-0.8986375000000001
10.77	0.0	0.0	-1.1223487500000002
10.856	0.0	0.0	-1.2814025000000002
10.941	0.0	0.0	-1.438721875
11.024	0.0	0.0	-1.5937750000000002
11.107	0.0	0.0	-1.7471168750000003
11.193	0.0	0.0	-1.6914781250000004
11.277	0.0	0.0	-1.6364406250000003
11.361	0.0	0.0	-1.5821431250000002
11.444	0.0	0.0	-1.528400625
11.529	0.0	0.0	-1.20842
11.614	0.0	0.0	-0.8916537500000001
11.697	0.0	0.0	-0.5790500000000001
11.78	0.0	0.0	-0.26949875
11.866	0.0	0.0	0.20556737500000002
11.95	0.0	0.0	0.6760825
12.034	0.0	0.0	1.1407331250000001
12.117	0.0	0.0	1.6010362500000002
12.202	0.0	0.0	1.9866225000000002
12.287	0.0	0.0	2.36869375
12.371	0.0	0.0	2.7463250000000006
12.453	0.0	0.0	3.1204875000000003
12.539	0.0	0.0	3.1574875000000002
12.623	0.0	0.0	3.1940250000000003
12.707	0.0	0.0	3.2303312500000008
12.79	0.0	0.0	3.266175
12.875	0.0	0.0	2.8416
12.96	0.0	0.0	2.4202625000000006
13.044	0.0	0.0	2.003573125
13.127	0.0	0.0	1.5900518750000003
13.212	0.0	0.0	0.840825
13.296	0.0	0.0	0.09737475000000001
13.38	0.0	0.0	-0.6386431250000001
13.463	0.0	0.0	-1.3691618749999999
13.548	0.0	0.0	-2.0844875000000003
13.633	0.0	0.0	-2.7946562500000005
13.717	0.0	0.0	-3.49811875
13.8	0.0	0.0	-4.19695625
13.885	0.0	0.0	-4.4696
13.969	0.0	0.0	-4.740393750000001
14.053	0.0	0.0	-5.008875
14.136	0.0	0.0	-5.2757375
14.221	0.0	0.0	-4.876137500000001
14.306	0.0	0.0	-4.47885
14.39	0.0	0.0	-4.0848
14.473	0.0	0.0	-3.6932937500000005
14.558	0.0	0.0	-2.7333750000000006
14.642	0.0	0.0	-1.7792375000000002
14.726	0.0	0.0	-0.832060625
14.81	0.0	0.0	0.10998481250000001
14.894	0.0	0.0	1.1889950000000002
14.979	0.0	0.0	2.2622725
15.063	0.0	0.0	3.3283812500000005
15.146	0.0	0.0	4.389125
15.231	0.0	0.0	5.022518750000001
15.315	0.0	0.0	5.652675000000001
15.399	0.0	0.0	6.279131250000001
15.483	0.0	0.0	6.9028125000000005
15.567	0.0	0.0	6.701625
15.652	0.0	0.0	6.50113125
15.736	0.0	0.0	6.301793750000001
15.819	0.0	0.0	6.103381250000001
15.904	0.0	0.0	5.0888875
15.988	0.0	0.0	4.07855625
16.072	0.0	0.0	3.0728500000000003
16.156	0.0	0.0	2.070774375
16.241	0.0	0.0	0.70267625
16.325	0.0	0.0	-0.6607968750000001
16.409	0.0	0.0	-2.0186275000000005
16.493	0.0	0.0	-3.3725500000000004
16.577	0.0	0.0	-4.40924375
16.661	0.0	0.0	-5.443162500000001
16.745	0.0	0.0	-6.47315
16.829	0.0	0.0	-7.500825000000001
16.914	0.0	0.0	-7.6483625
16.998	0.0	0.0	-7.795437500000001
17.082	0.0	0.0	-7.94228125
17.166	0.0	0.0	-8.08889375
17.25	0.0	0.0	-7.222862500000001
17.334	0.0	0.0	-6.358681250000001
17.418	0.0	0.0	-5.4963500000000005
17.502	0.0	0.0	-4.635175
17.587	0.0	0.0	-3.1535562500000003
17.671	0.0	0.0	-1.6739031250000003
17.755	0.0	0.0	-0.19670356249999998
17.839	0.0	0.0	1.2789512500000002
17.923	0.0	0.0	2.6443437500000004
18.007	0.0	0.0	4.0082562500000005
18.091	0.0	0.0	5.3710125
18.175	0.0	0.0	6.7330749999999995
18.26	0.0	0.0	7.290156250000001
18.344	0.0	0.0	7.846775000000001
18.428	0.0	0.0	8.403393750000001
18.512	0.0	0.0	8.960012500000001
18.596	0.0	0.0	8.4188875
18.68	0.0	0.0	7.877762500000001
18.764	0.0	0.0	7.3364062500000005
18.849	0.0	0.0	6.795050000000001
18.933	0.0	0.0	5.42350625
19.017	0.0	0.0	4.0510375000000005
19.101	0.0	0.0	2.6776437500000005
19.185	0.0	0.0	1.3026081250000001
19.269	0.0	0.0	-0.21123531250000002
19.353	0.0	0.0	-1.7266512500000002
19.437	0.0	0.0	-3.2444375000000005
19.522	0.0	0.0	-4.764675
19.606	0.0	0.0	-5.669093750000001
19.69	0.0	0.0	-6.574900000000001
19.774	0.0	0.0	-7.48255625
19.858	0.0	0.0	-8.391831250000001
19.942	0.0	0.0	-8.25816875
20.026	0.0	0.0	-8.12404375
20.111	0.0	0.0	-7.989456250000001
20.195	0.0	0.0	-7.854637500000001
20.279	0.0	0.0	-6.787187500000001
20.363	0.0	0.0	-5.7167312500000005
20.447	0.0	0.0	-4.642575
20.532	0.0	0.0	-3.56518125
20.615	0.0	0.0	-2.1287256250000004
20.699	0.0	0.0	-0.6880843750000001
20.784	0.0	0.0	0.7585693750000001
20.868	0.0	0.0	2.2101025
20.952	0.0	0.0	3.2955437500000007
21.036	0.0	0.0	4.3845
21.12	0.0	0.0	5.479006250000001
21.205	0.0	0.0	6.577675000000001
21.288	0.0	0.0	6.809850000000001
21.372	0.0	0.0	7.042950000000001
21.457	0.0	0.0	7.2774375000000004
21.541	0.0	0.0	7.51285
21.625	0.0	0.0	6.84615625
21.709	0.0	0.0	6.17645625
21.793	0.0	0.0	5.502593750000001
21.878	0.0	0.0	4.82549375
21.961	0.0	0.0	3.6595312500000006
22.045	0.0	0.0	2.4877875
22.13	0.0	0.0	1.308111875
22.215	0.0	0.0	0.12216937500000001
22.298	0.0	0.0	-0.9350131250000002
22.382	0.0	0.0	-1.9979537500000004
22.466	0.0	0.0	-3.0686875000000002
22.551	0.0	0.0	-4.14585
22.634	0.0	0.0	-4.6014125
22.718	0.0	0.0	-5.05975
22.803	0.0	0.0	-5.52201875
22.888	0.0	0.0	-5.986831250000001
22.971	0.0	0.0	-5.6973062500000005
23.055	0.0	0.0	-5.405931250000001
23.139	0.0	0.0	-5.1120125000000005
23.224	0.0	0.0	-4.8160125
23.307	0.0	0.0	-4.01889375
23.391	0.0	0.0	-3.21599375
23.476	0.0	0.0	-2.40569375
23.561	0.0	0.0	-1.5894043750000002
23.644	0.0	0.0	-0.7359300000000001
23.728	0.0	0.0	0.123991625
23.812	0.0	0.0	0.992594375
23.897	0.0	0.0	1.8679450000000002
23.98	0.0	0.0	2.3654562500000003
24.064	0.0	0.0	2.8670375
24.149	0.0	0.0	3.37370625
24.234	0.0	0.0	3.88476875
24.317	0.0	0.0	3.8535500000000007
24.401	0.0	0.0	3.82233125
24.485	0.0	0.0	3.79065
24.571	0.0	0.0	3.7587375000000005
24.654	0.0	0.0	3.3142750000000007
24.737	0.0	0.0	2.8656500000000005
24.822	0.0	0.0	2.4119374999999996
24.907	0.0	0.0	1.9539006250000004
24.99	0.0	0.0	1.3910843750000002
25.074	0.0	0.0	0.8229493750000001
25.158	0.0	0.0	0.24762250000000002
25.244	0.0	0.0	-0.33325437500000005
25.327	0.0	0.0	-0.7220087500000001
25.41	0.0	0.0	-1.1146250000000002
25.495	0.0	0.0	-1.5124675
25.58	0.0	0.0	-1.91433375
25.663	0.0	0.0	-1.9878250000000002
25.747	0.0	0.0	-2.0621025000000004
25.831	0.0	0.0	-2.1373975
25.917	0.0	0.0	-2.21347875
26.0	0.0	0.0	-2.021865
26.083	0.0	0.0	-1.8281468750000003
26.168	0.0	0.0	-1.6316075
26.254	0.0	0.0	-1.43287125
26.336	0.0	0.0	-1.147161875
26.42	0.0	0.0	-0.8581687500000001
26.504	0.0	0.0	-0.564805
26.59	0.0	0.0	-0.268065
26.673	0.0	0.0	-0.05871668750000001
26.756	0.0	0.0	0.1531245
26.841	0.0	0.0	0.368335
26.927	0.0	0.0	0.5861493750000001
27.009	0.0	0.0	0.6433375
27.093	0.0	0.0	0.7012425
27.177	0.0	0.0	0.76011875
27.263	0.0	0.0	0.8197118750000001
27.346	0.0	0.0	0.7596100000000001
27.429	0.0	0.0	0.6986987500000001
27.514	0.0	0.0	0.636746875
27.6	0.0	0.0	0.573985625
27.682	0.0	0.0	0.48345125000000005
27.766	0.0	0.0	0.391714375
27.851	0.0	0.0	0.29833562500000005
27.937	0.0	0.0	0.20369193750000003
28.019	0.0	0.0	0.13119506250000001
28.102	0.0	0.0	0.057671437500000006
28.187	0.0	0.0	-0.017240612500000002
28.273	0.0	0.0	-0.09323537500000001
28.355	0.0	0.0	-0.1624415625
28.439	0.0	0.0	-0.23263750000000002
28.524	0.0	0.0	-0.30416312500000003
28.61	0.0	0.0	-0.37666000000000005
28.692	0.0	0.0	-0.42640187500000004
28.775	0.0	0.0	-0.4768837500000001
28.86	0.0	0.0	-0.52836
28.946	0.0	0.0	-0.5806687500000001
29.028	0.0	0.0	-0.5591162500000001
29.112	0.0	0.0	-0.537216875
29.197	0.0	0.0	-0.5148781250000001
29.283	0.0	0.0	-0.4922156250000001
29.365	0.0	0.0	-0.383250625
29.448	0.0	0.0	-0.27264375
29.533	0.0	0.0	-0.15973593749999998
29.619	0.0	0.0	-0.044964250000000004
29.701	0.0	0.0	0.10355837500000001
29.784	0.0	0.0	0.25472187500000004
29.869	0.0	0.0	0.4093125
29.956	0.0	0.0	0.56651625
30.038	0.0	0.0	0.668428125
30.121	0.0	0.0	0.7720281250000001
30.207	0.0	0.0	0.877848125
30.293	0.0	0.0	0.9853331250000001
30.375	0.0	0.0	0.9715275000000001
30.458	0.0	0.0	0.957490625
30.543	0.0	0.0	0.9431300000000001
30.629	0.0	0.0	0.9284918750000001
30.711	0.0	0.0	0.7940893750000001
30.794	0.0	0.0	0.6571662500000001
30.879	0.0	0.0	0.5169825000000001
30.966	0.0	0.0	0.37439375
31.048	0.0	0.0	0.18546481250000002
31.13	0.0	0.0	-0.006825575000000001
31.215	0.0	0.0	-0.20377287500000005
31.302	0.0	0.0	-0.4044100000000001
31.384	0.0	0.0	-0.54908
31.467	0.0	0.0	-0.696686875
31.552	0.0	0.0	-0.8481325000000001
31.639	0.0	0.0	-1.002491875
31.721	0.0	0.0	-1.0265187500000001
31.804	0.0	0.0	-1.050985
31.889	0.0	0.0	-1.076075625
31.976	0.0	0.0	-1.1016287500000002
32.057	0.0	0.0	-0.994814375
32.14	0.0	0.0	-0.88591875
32.225	0.0	0.0	-0.7740862500000001
32.312	0.0	0.0	-0.659964375
32.393	0.0	0.0	-0.48102312500000005
32.477	0.0	0.0	-0.298243125
32.562	0.0	0.0	-0.11053056250000001
32.649	0.0	0.0	0.08084268750000001
32.73	0.0	0.0	0.23786375
32.813	0.0	0.0	0.39807375000000006
32.898	0.0	0.0	0.5626775
32.985	0.0	0.0	0.73079625
33.066	0.0	0.0	0.7905512500000001
33.149	0.0	0.0	0.851670625
33.235	0.0	0.0	0.9145937500000001
33.322	0.0	0.0	0.978858125
33.403	0.0	0.0	0.921115
33.486	0.0	0.0	0.8621000000000001
33.572	0.0	0.0	0.8014662500000002
33.659	0.0	0.0	0.7395606250000001
33.74	0.0	0.0	0.575928125
33.823	0.0	0.0	0.40861875000000003
33.908	0.0	0.0	0.23626812500000002
33.995	0.0	0.0	0.05997700000000001
34.076	0.0	0.0	0.01685928125
34.159	0.0	0.0	-0.0272944375
34.245	0.0	0.0	-0.07278593750000001
34.332	0.0	0.0	-0.11926950000000001
34.413	0.0	0.0	-0.140946875
34.495	0.0	0.0	-0.16312837500000002
34.581	0.0	0.0	-0.18599668750000004
34.668	0.0	0.0	-0.2094130625
34.749	0.0	0.0	-0.20383068750000002
34.832	0.0	0.0	-0.19811187500000002
34.917	0.0	0.0	-0.19220806250000003
35.005	0.0	0.0	-0.1861724375
35.086	0.0	0.0	-0.1617848125
35.168	0.0	0.0	-0.136812125
35.254	0.0	0.0	-0.1110346875
35.341	0.0	0.0	-0.08462593750000001
35.422	0.0	0.0	-0.0571465
35.505	0.0	0.0	-0.0289363125
35.59	0.0	0.0	0.00023388625
35.678	0.0	0.0	0.030131875
35.759	0.0	0.0	0.0471588125
35.842	0.0	0.0	0.06461818750000001
35.927	0.0	0.0	0.0826464375
36.015	0.0	0.0	0.10110481250000003
36.095	0.0	0.0	0.1024923125
36.178	0.0	0.0	0.1039145
36.263	0.0	0.0	0.10538525
36.351	0.0	0.0	0.10689762500000001
36.432	0.0	0.0	0.09654918750000001
36.514	0.0	0.0	0.085914
36.6	0.0	0.0	0.07490649999999999
36.688	0.0	0.0	0.0636238125
36.768	0.0	0.0	0.049963875
36.851	0.0	0.0	0.0359385625
36.936	0.0	0.0	0.021414675
37.024	0.0	0.0	0.006501131250000001
37.104	0.0	0.0	-0.0032053562500000002
37.187	0.0	0.0	-0.0131965125
37.273	0.0	0.0	-0.02355975
37.361	0.0	0.0	-0.0342065
37.442	0.0	0.0	-0.0371919375
37.524	0.0	0.0	-0.040260625
37.61	0.0	0.0	-0.04344031250000001
37.698	0.0	0.0	-0.04670325
37.778	0.0	0.0	-0.044302875000000005
37.86	0.0	0.0	-0.041833125000000006
37.946	0.0	0.0	-0.03926856250000001
38.034	0.0	0.0	-0.0366323125
38.114	0.0	0.0	-0.03132975
38.197	0.0	0.0	-0.0258653125
38.283	0.0	0.0	-0.02019066875
38.371	0.0	0.0	-0.014360625
38.451	0.0	0.0	-0.00786966875
38.533	0.0	0.0	-0.001187630625
38.619	0.0	0.0	0.005753962500000001
38.707	0.0	0.0	0.012898431250000002
38.787	0.0	0.0	0.01871991875
38.87	0.0	0.0	0.0247275625
38.956	0.0	0.0	0.030980562500000003
39.044	0.0	0.0	0.03741625
39.124	0.0	0.0	0.0397356875
39.207	0.0	0.0	0.0421268125
39.293	0.0	0.0	0.0446104375
39.381	0.0	0.0	0.04716575
39.461	0.0	0.0	0.043819562500000006
39.543	0.0	0.0	0.040369312500000004
39.629	0.0	0.0	0.0367756875
39.717	0.0	0.0	0.033071062500000005
39.797	0.0	0.0	0.0246859375
39.879	0.0	0.0	0.0160223875
39.965	0.0	0.0	0.006997625000000001
40.054	0.0	0.0	-0.002296428125
40.134	0.0	0.0	-0.011846937500000002
40.216	0.0	0.0	-0.021703968750000004
40.302	0.0	0.0	-0.031977250000000006
40.39	0.0	0.0	-0.0425754375
40.47	0.0	0.0	-0.04811850000000001
40.552	0.0	0.0	-0.053853500000000006
40.638	0.0	0.0	-0.059842875000000004
40.727	0.0	0.0	-0.06602187500000001
40.807	0.0	0.0	-0.0639753125
40.889	0.0	0.0	-0.061857062500000004
40.975	0.0	0.0	-0.05965093750000001
41.064	0.0	0.0	-0.0573754375
41.143	0.0	0.0	-0.048116187500000004
41.226	0.0	0.0	-0.038542437500000006
41.311	0.0	0.0	-0.028538562500000003
41.4	0.0	0.0	-0.01820145625
41.48	0.0	0.0	-0.0060520437500000005
41.562	0.0	0.0	0.00653258125
41.648	0.0	0.0	0.01968330625
41.737	0.0	0.0	0.0332560625
41.816	0.0	0.0	0.042045875
41.898	0.0	0.0	0.05114325
41.984	0.0	0.0	0.060656875000000006
42.073	0.0	0.0	0.07049425000000001
42.152	0.0	0.0	0.071262
42.235	0.0	0.0	0.0720575
42.321	0.0	0.0	0.0728876875
42.41	0.0	0.0	0.0737479375
42.489	0.0	0.0	0.06590393750000001
42.571	0.0	0.0	0.05777781250000001
42.657	0.0	0.0	0.04927243750000001
42.746	0.0	0.0	0.040468750000000005
42.825	0.0	0.0	0.0279188125
42.907	0.0	0.0	0.014883250000000002
42.994	0.0	0.0	0.001213623125
43.083	0.0	0.0	-0.012937975
43.162	0.0	0.0	-0.023855750000000002
43.245	0.0	0.0	-0.035180062500000005
43.331	0.0	0.0	-0.047040875
43.42	0.0	0.0	-0.05930637500000001
43.499	0.0	0.0	-0.06311275
43.581	0.0	0.0	-0.0670648125
43.667	0.0	0.0	-0.071211125
43.756	0.0	0.0	-0.0755100625
43.835	0.0	0.0	-0.0706075625
43.917	0.0	0.0	-0.06550850000000001
44.004	0.0	0.0	-0.060157375
44.093	0.0	0.0	-0.054616625
44.172	0.0	0.0	-0.04388893750000001
44.254	0.0	0.0	-0.032745
44.34	0.0	0.0	-0.02104028125
44.429	0.0	0.0	-0.008901043750000002
44.508	0.0	0.0	0.0020068800000000004
44.59	0.0	0.0	0.013365787500000002
44.676	0.0	0.0	0.025317250000000003
44.766	0.0	0.0	0.037716875000000004
44.845	0.0	0.0	0.043454187500000005
44.927	0.0	0.0	0.049420437500000004
45.014	0.0	0.0	0.055689625000000006
45.103	0.0	0.0	0.06218775
45.182	0.0	0.0	0.0604556875
45.263	0.0	0.0	0.05865425000000001
45.35	0.0	0.0	0.056755687500000006
45.439	0.0	0.0	0.054785437500000006
45.518	0.0	0.0	0.047299875
45.6	0.0	0.0	0.039497500000000005
45.686	0.0	0.0	0.0312811875
45.776	0.0	0.0	0.022753381250000006
45.855	0.0	0.0	0.013932118750000002
45.936	0.0	0.0	0.004745018750000001
46.022	0.0	0.0	-0.00493556875
46.112	0.0	0.0	-0.01499864375
46.191	0.0	0.0	-0.020707975
46.272	0.0	0.0	-0.026670062500000005
46.359	0.0	0.0	-0.032962375
46.449	0.0	0.0	-0.0395044375
46.528	0.0	0.0	-0.03988368750000001
46.61	0.0	0.0	-0.040279125
46.696	0.0	0.0	-0.040695375
46.786	0.0	0.0	-0.041127812500000006
46.864	0.0	0.0	-0.037062437499999996
46.946	0.0	0.0	-0.032821312500000005
47.032	0.0	0.0	-0.028342000000000003
47.122	0.0	0.0	-0.023677687500000003
47.2	0.0	0.0	-0.01813855625
47.282	0.0	0.0	-0.01234944375
47.369	0.0	0.0	-0.006233806250000001
47.459	0.0	0.0	0.00012696318750000002
47.537	0.0	0.0	0.00402814375
47.619	0.0	0.0	0.008103
47.705	0.0	0.0	0.012411650000000002
47.795	0.0	0.0	0.016901600000000003
47.873	0.0	0.0	0.0177045
47.955	0.0	0.0	0.018544862500000002
48.042	0.0	0.0	0.01943401875
48.132	0.0	0.0	0.020359481250000002
48.21	0.0	0.0	0.018668350000000004
48.292	0.0	0.0	0.016900443750000004
48.378	0.0	0.0	0.015028937500000002
48.468	0.0	0.0	0.013077650000000001
48.546	0.0	0.0	0.0107563625
48.628	0.0	0.0	0.008323150000000001
48.715	0.0	0.0	0.00574355625
48.805	0.0	0.0	0.0030527312500000007
48.883	0.0	0.0	0.0017396475000000004
48.965	0.0	0.0	0.0003651668750000001
49.052	0.0	0.0	-0.001090320625
49.142	0.0	0.0	-0.0026068812500000004
49.22	0.0	0.0	-0.0026510500000000003
49.301	0.0	0.0	-0.0026970687500000004
49.388	0.0	0.0	-0.0027460937500000003
49.478	0.0	0.0	-0.0027972
49.556	0.0	0.0	-0.0030215125000000007
49.638	0.0	0.0	-0.00325715625
49.724	0.0	0.0	-0.0035069062500000005
49.815	0.0	0.0	-0.0037677562500000004
49.893	0.0	0.0	-0.0037864875
49.974	0.0	0.0	-0.0038059125000000004
50.061	0.0	0.0	-0.0038267250000000004
50.151	0.0	0.0	-0.00384823125
50.229	0.0	0.0	-0.0026552125000000003
50.31	0.0	0.0	-0.0014013750000000003
50.397	0.0	0.0	-6.771000000000001e-05
50.488	0.0	0.0	0.0013265193750000002
50.566	0.0	0.0	0.0032481375000000005
50.648	0.0	0.0	0.005265331250000001
50.734	0.0	0.0	0.007407862500000001
50.825	0.0	0.0	0.00964566875
50.902	0.0	0.0	0.01095130625
50.984	0.0	0.0	0.012322618750000002
51.07	0.0	0.0	0.0137825
51.161	0.0	0.0	0.015310831250000002
51.239	0.0	0.0	0.014841162500000001
51.32	0.0	0.0	0.014346981250000002
51.407	0.0	0.0	0.013820656250000002
51.498	0.0	0.0	0.0132705125
51.575	0.0	0.0	0.010915462500000002
51.657	0.0	0.0	0.008439931250000001
51.743	0.0	0.0	0.005802756250000001
51.834	0.0	0.0	0.0030404750000000004
51.911	0.0	0.0	-8.592787499999999e-05
51.993	0.0	0.0	-0.0033806437500000005
52.08	0.0	0.0	-0.006896337500000001
52.171	0.0	0.0	-0.01057991875
52.249	0.0	0.0	-0.012758756250000001
52.33	0.0	0.0	-0.015052062500000001
52.417	0.0	0.0	-0.017495912500000002
52.508	0.0	0.0	-0.020054000000000002
52.585	0.0	0.0	-0.019992487500000003
52.666	0.0	0.0	-0.01992796875
52.753	0.0	0.0	-0.019859056250000003
52.844	0.0	0.0	-0.019786443750000004
52.921	0.0	0.0	-0.017425381250000004
53.003	0.0	0.0	-0.014934125000000001
53.09	0.0	0.0	-0.012273362500000001
53.181	0.0	0.0	-0.00948495
53.258	0.0	0.0	-0.006040481250000001
53.339	0.0	0.0	-0.00240985625
53.426	0.0	0.0	0.0014703106250000002
53.517	0.0	0.0	0.00554329375
53.594	0.0	0.0	0.0082949375
53.675	0.0	0.0	0.011202675
53.763	0.0	0.0	0.014315300000000001
53.854	0.0	0.0	0.017583787500000003
53.931	0.0	0.0	0.01827360625
54.013	0.0	0.0	0.019001581250000003
54.1	0.0	0.0	0.019779737500000002
54.191	0.0	0.0	0.020596281250000004
54.268	0.0	0.0	0.018991868750000005
54.349	0.0	0.0	0.0172970375
54.436	0.0	0.0	0.015481262500000002
54.527	0.0	0.0	0.01357229375
54.604	0.0	0.0	0.0106129875
54.685	0.0	0.0	0.007482093750000001
54.772	0.0	0.0	0.00412758125
54.864	0.0	0.0	0.000604603125
54.941	0.0	0.0	-0.0021580712500000004
55.022	0.0	0.0	-0.005078481250000001
55.109	0.0	0.0	-0.008210762500000001
55.2	0.0	0.0	-0.011506537500000002
55.277	0.0	0.0	-0.012785118750000003
55.358	0.0	0.0	-0.014139318750000001
55.445	0.0	0.0	-0.0155922625
55.537	0.0	0.0	-0.0171194375
55.614	0.0	0.0	-0.016457600000000003
55.695	0.0	0.0	-0.015757143750000004
55.781	0.0	0.0	-0.015005118750000001
55.873	0.0	0.0	-0.01421331875
55.95	0.0	0.0	-0.012120275000000002
56.031	0.0	0.0	-0.0098998125
56.118	0.0	0.0	-0.007511925000000001
56.21	0.0	0.0	-0.0049973125
56.287	0.0	0.0	-0.00256941875
56.368	0.0	0.0	2.788875e-06
56.455	0.0	0.0	0.0027652875
56.547	0.0	0.0	0.0056718687500000005
56.623	0.0	0.0	0.007289462500000001
56.704	0.0	0.0	0.009004875
56.791	0.0	0.0	0.010851175000000001
56.883	0.0	0.0	0.012798068750000002
56.959	0.0	0.0	0.012955087500000002
57.041	0.0	0.0	0.01312181875
57.128	0.0	0.0	0.0133015
57.22	0.0	0.0	0.013490431250000002
57.296	0.0	0.0	0.0122113875
57.377	0.0	0.0	0.01085395
57.464	0.0	0.0	0.00939221875
57.556	0.0	0.0	0.007849550000000002
57.632	0.0	0.0	0.0057856437500000005
57.713	0.0	0.0	0.00358969375
57.801	0.0	0.0	0.0012207918750000001
57.893	0.0	0.0	-0.00127946
57.969	0.0	0.0	-0.0031519375000000002
58.05	0.0	0.0	-0.00514138125
58.138	0.0	0.0	-0.007284837500000001
58.23	0.0	0.0	-0.00954484375
58.306	0.0	0.0	-0.01033756875
58.387	0.0	0.0	-0.011180475
58.474	0.0	0.0	-0.012090675000000002
58.566	0.0	0.0	-0.013052675000000001
58.642	0.0	0.0	-0.012408643750000002
58.723	0.0	0.0	-0.011722987500000002
58.811	0.0	0.0	-0.010982525
58.903	0.0	0.0	-0.010200668750000001
58.979	0.0	0.0	-0.00846120625
59.06	0.0	0.0	-0.006610050000000001
59.147	0.0	0.0	-0.00460996875
59.239	0.0	0.0	-0.0024951875
59.315	0.0	0.0	-0.0005444781250000001
59.396	0.0	0.0	0.001536448125
59.483	0.0	0.0	0.003788568750000001
59.576	0.0	0.0	0.0061706750000000005
59.652	0.0	0.0	0.0073528249999999995
59.733	0.0	0.0	0.0086122125
59.821	0.0	0.0	0.009973581250000002
59.913	0.0	0.0	0.011411956250000002
59.989	0.0	0.0	0.01127366875
60.069	0.0	0.0	0.0111263625
60.157	0.0	0.0	0.01096656875
60.249	0.0	0.0	0.01079729375
60.325	0.0	0.0	0.00951755625
60.406	0.0	0.0	0.008150868750000002
60.493	0.0	0.0	0.006670175000000001
60.586	0.0	0.0	0.00510391875
60.661	0.0	0.0	0.00345649375
60.742	0.0	0.0	0.0016984387500000003
60.829	0.0	0.0	-0.0002079955
60.922	0.0	0.0	-0.002228625625
60.998	0.0	0.0	-0.00336353125
61.078	0.0	0.0	-0.0045769
61.166	0.0	0.0	-0.0058931750000000005
61.259	0.0	0.0	-0.007286918750000001
61.334	0.0	0.0	-0.007420118750000001
61.415	0.0	0.0	-0.007562568750000001
61.502	0.0	0.0	-0.0077168125000000014
61.595	0.0	0.0	-0.007880768750000001
61.67	0.0	0.0	-0.007168750000000001
61.751	0.0	0.0	-0.006406318750000001
61.839	0.0	0.0	-0.005577287500000001
61.932	0.0	0.0	-0.00469784375
62.008	0.0	0.0	-0.00372705625
62.088	0.0	0.0	-0.00268874375
62.176	0.0	0.0	-0.001561376875
62.269	0.0	0.0	-0.00036657750000000005
62.344	0.0	0.0	0.0003197725
62.425	0.0	0.0	0.001054569375
62.512	0.0	0.0	0.0018541625
62.605	0.0	0.0	0.0027035437499999997
62.68	0.0	0.0	0.00301203125
62.761	0.0	0.0	0.00334295
62.849	0.0	0.0	0.00370300625
62.942	0.0	0.0	0.0040848
63.017	0.0	0.0	0.004115787500000001
63.097	0.0	0.0	0.004148856250000001
63.185	0.0	0.0	0.0041847
63.278	0.0	0.0	0.0042230875
63.353	0.0	0.0	0.00376868125
63.434	0.0	0.0	0.0032809750000000006
63.522	0.0	0.0	0.0027486375000000006
63.615	0.0	0.0	0.002183023125
63.69	0.0	0.0	0.00107707
63.771	0.0	0.0	-0.00010922400000000001
63.859	0.0	0.0	-0.0014014906250000001
63.952	0.0	0.0	-0.0027738437500000003
64.027	0.0	0.0	-0.004111625
64.107	0.0	0.0	-0.005548150000000001
64.195	0.0	0.0	-0.00711625625
64.288	0.0	0.0	-0.00878565
64.363	0.0	0.0	-0.009480093750000002
64.444	0.0	0.0	-0.0102268
64.531	0.0	0.0	-0.011042187500000002
64.625	0.0	0.0	-0.0119089125
64.7	0.0	0.0	-0.011193656250000003
64.78	0.0	0.0	-0.010425212500000001
64.868	0.0	0.0	-0.009585543750000002
64.961	0.0	0.0	-0.0086913
65.036	0.0	0.0	-0.0065448375
65.116	0.0	0.0	-0.004232800000000001
65.204	0.0	0.0	-0.0017028093750000002
65.298	0.0	0.0	0.0009924325
65.373	0.0	0.0	0.00363409375
65.453	0.0	0.0	0.006475925
65.541	0.0	0.0	0.009581612500000001
65.635	0.0	0.0	0.012886637500000001
65.709	0.0	0.0	0.0145229625
65.79	0.0	0.0	0.016284625
65.877	0.0	0.0	0.018214175000000003
65.971	0.0	0.0	0.020272762500000003
66.046	0.0	0.0	0.019745975000000002
66.126	0.0	0.0	0.01917779375
66.214	0.0	0.0	0.018555500000000003
66.308	0.0	0.0	0.01789250625
66.382	0.0	0.0	0.01513924375
66.462	0.0	0.0	0.01217230625
66.55	0.0	0.0	0.0089207
66.644	0.0	0.0	0.005450100000000001
66.718	0.0	0.0	0.00169312
66.799	0.0	0.0	-0.00236545625
66.887	0.0	0.0	-0.00682071875
66.981	0.0	0.0	-0.011577068750000002
67.056	0.0	0.0	-0.014394156250000002
67.136	0.0	0.0	-0.017433475
67.224	0.0	0.0	-0.02076555625
67.318	0.0	0.0	-0.024318250000000003
67.392	0.0	0.0	-0.0245865
67.472	0.0	0.0	-0.024873250000000003
67.56	0.0	0.0	-0.0251900625
67.654	0.0	0.0	-0.025530000000000004
67.728	0.0	0.0	-0.022946012500000005
67.809	0.0	0.0	-0.020152512500000004
67.897	0.0	0.0	-0.0170829
67.991	0.0	0.0	-0.013805625000000002
68.065	0.0	0.0	-0.009614218750000002
68.145	0.0	0.0	-0.0050838
68.233	0.0	0.0	-0.00010084350000000002
68.327	0.0	0.0	0.00522971875
68.401	0.0	0.0	0.008913068750000001
68.481	0.0	0.0	0.012901900000000001
68.57	0.0	0.0	0.017290793750000002
68.664	0.0	0.0	0.021980775
68.738	0.0	0.0	0.023256812500000005
68.818	0.0	0.0	0.024639687500000004
68.906	0.0	0.0	0.026159
69.0	0.0	0.0	0.027787000000000003
69.074	0.0	0.0	0.02605725
69.154	0.0	0.0	0.024181812500000004
69.242	0.0	0.0	0.0221125875
69.337	0.0	0.0	0.01989744375
69.411	0.0	0.0	0.01612436875
69.491	0.0	0.0	0.012037487500000001
69.58	0.0	0.0	0.007536437500000001
69.674	0.0	0.0	0.0027220437500000004
69.748	0.0	0.0	-0.0010747806250000001
69.827	0.0	0.0	-0.005191793750000001
69.916	0.0	0.0	-0.009735856250000001
70.01	0.0	0.0	-0.014607831250000002
70.084	0.0	0.0	-0.016568831250000002
70.164	0.0	0.0	-0.0186984125
70.252	0.0	0.0	-0.021049300000000003
70.347	0.0	0.0	-0.023566687500000003
70.421	0.0	0.0	-0.022888431250000004
70.5	0.0	0.0	-0.02215259375
70.588	0.0	0.0	-0.021339981250000004
70.683	0.0	0.0	-0.02046816875
70.757	0.0	0.0	-0.01778659375
70.837	0.0	0.0	-0.014869143750000003
70.925	0.0	0.0	-0.011641587500000002
71.02	0.0	0.0	-0.008179081250000001
71.094	0.0	0.0	-0.00506275625
71.174	0.0	0.0	-0.0016774643750000003
71.262	0.0	0.0	0.00206298125
71.357	0.0	0.0	0.006071931250000001
71.43	0.0	0.0	0.008020212500000002
71.51	0.0	0.0	0.010138925
71.598	0.0	0.0	0.012484956250000002
71.693	0.0	0.0	0.01500535
71.766	0.0	0.0	0.01506524375
71.846	0.0	0.0	0.015130225
71.935	0.0	0.0	0.015202143750000001
72.03	0.0	0.0	0.015279381250000001
72.103	0.0	0.0	0.013812562500000002
72.183	0.0	0.0	0.012216012500000002
72.271	0.0	0.0	0.01044695
72.366	0.0	0.0	0.008545381250000001
72.439	0.0	0.0	0.006627625000000002
72.519	0.0	0.0	0.0045350437499999995
72.608	0.0	0.0	0.002212715625
72.703	0.0	0.0	-0.000283998125
72.776	0.0	0.0	-0.001603418125
72.856	0.0	0.0	-0.0030409375000000002
72.945	0.0	0.0	-0.00463448125
73.04	0.0	0.0	-0.006345962500000001
73.113	0.0	0.0	-0.00661536875
73.192	0.0	0.0	-0.0069092875000000015
73.281	0.0	0.0	-0.007235812499999999
73.376	0.0	0.0	-0.0075873125
73.449	0.0	0.0	-0.007061218750000001
73.529	0.0	0.0	-0.00648633125
73.618	0.0	0.0	-0.005847850000000001
73.713	0.0	0.0	-0.0051615
73.786	0.0	0.0	-0.004353743750000001
73.865	0.0	0.0	-0.0034719875000000003
73.954	0.0	0.0	-0.00249125625
74.049	0.0	0.0	-0.0014349062500000002
74.122	0.0	0.0	-0.0006154718750000001
74.202	0.0	0.0	0.000280806875
74.29	0.0	0.0	0.00127784125
74.386	0.0	0.0	0.0023508875
74.459	0.0	0.0	0.0030756250000000007
74.538	0.0	0.0	0.0038676562500000004
74.627	0.0	0.0	0.0047494125
74.722	0.0	0.0	0.00569985
74.795	0.0	0.0	0.00599839375
74.874	0.0	0.0	0.0063256125
74.963	0.0	0.0	0.006690293750000001
75.059	0.0	0.0	0.007083418750000001
75.132	0.0	0.0	0.006555475000000001
75.212	0.0	0.0	0.005977812500000001
75.3	0.0	0.0	0.005334475000000001
75.396	0.0	0.0	0.004641650000000001
75.468	0.0	0.0	0.0033094187500000006
75.548	0.0	0.0	0.0018501618749999999
75.636	0.0	0.0	0.00022166931250000002
75.732	0.0	0.0	-0.0015365175000000002
75.805	0.0	0.0	-0.0030777062500000002
75.884	0.0	0.0	-0.004768375
75.973	0.0	0.0	-0.006655143750000001
76.069	0.0	0.0	-0.008689681250000001
76.141	0.0	0.0	-0.00953096875
76.221	0.0	0.0	-0.01045319375
76.309	0.0	0.0	-0.01148318125
76.405	0.0	0.0	-0.01259549375
76.477	0.0	0.0	-0.012095531250000001
76.557	0.0	0.0	-0.011546081250000001
76.646	0.0	0.0	-0.010931418750000001
76.742	0.0	0.0	-0.0102675
76.815	0.0	0.0	-0.0084891875
76.894	0.0	0.0	-0.0065379
76.983	0.0	0.0	-0.0043581375
77.079	0.0	0.0	-0.002005585
77.151	0.0	0.0	0.0002056275
77.23	0.0	0.0	0.0026348625
77.319	0.0	0.0	0.005354593750000001
77.415	0.0	0.0	0.008297018750000001
77.487	0.0	0.0	0.0097906625
77.567	0.0	0.0	0.0114343875
77.656	0.0	0.0	0.01327444375
77.752	0.0	0.0	0.015262500000000002
77.824	0.0	0.0	0.0151811
77.903	0.0	0.0	0.01509160625
77.992	0.0	0.0	0.014991475
78.088	0.0	0.0	0.014883018750000001
78.16	0.0	0.0	0.013188187500000002
78.239	0.0	0.0	0.011320381250000002
78.329	0.0	0.0	0.00922433125
78.425	0.0	0.0	0.00695530625
78.497	0.0	0.0	0.004463125000000001
78.577	0.0	0.0	0.0017198756250000002
78.666	0.0	0.0	-0.0013543156250000001
78.762	0.0	0.0	-0.004679112500000001
78.834	0.0	0.0	-0.006692837500000001
78.913	0.0	0.0	-0.0089119125
79.002	0.0	0.0	-0.011404556250000001
79.098	0.0	0.0	-0.014106481250000002
79.17	0.0	0.0	-0.01463835625
79.249	0.0	0.0	-0.0152255
79.338	0.0	0.0	-0.015885025
79.435	0.0	0.0	-0.016599125
79.507	0.0	0.0	-0.015398475000000003
79.586	0.0	0.0	-0.01407456875
79.675	0.0	0.0	-0.012586475000000003
79.771	0.0	0.0	-0.01097235
79.843	0.0	0.0	-0.008674881250000002
79.922	0.0	0.0	-0.00613483125
80.011	0.0	0.0	-0.003275425
80.108	0.0	0.0	-0.00017388381250000004
80.18	0.0	0.0	0.0020590962500000006
80.259	0.0	0.0	0.00452440625
80.348	0.0	0.0	0.0072959375
80.445	0.0	0.0	0.01029964375
80.516	0.0	0.0	0.011370100000000001
80.595	0.0	0.0	0.012553175
80.684	0.0	0.0	0.013886331250000002
80.781	0.0	0.0	0.015334418750000002
80.853	0.0	0.0	0.014794450000000002
80.932	0.0	0.0	0.014196668750000002
81.021	0.0	0.0	0.013523268750000001
81.118	0.0	0.0	0.01279251875
81.189	0.0	0.0	0.011000793750000001
81.268	0.0	0.0	0.00901851875
81.357	0.0	0.0	0.0067825625
81.454	0.0	0.0	0.004352125
81.525	0.0	0.0	0.0022443968750000005
81.605	0.0	0.0	-9.196581250000001e-05
81.694	0.0	0.0	-0.0027280562500000003
81.791	0.0	0.0	-0.0055902375
81.862	0.0	0.0	-0.006979125000000001
81.941	0.0	0.0	-0.008516937500000002
82.03	0.0	0.0	-0.010253625
82.127	0.0	0.0	-0.012142475
82.198	0.0	0.0	-0.012213468750000001
82.277	0.0	0.0	-0.012292093750000002
82.367	0.0	0.0	-0.012381125000000003
82.464	0.0	0.0	-0.01247801875
82.535	0.0	0.0	-0.01130003125
82.615	0.0	0.0	-0.009994162499999999
82.704	0.0	0.0	-0.00851925
82.801	0.0	0.0	-0.00691645625
82.872	0.0	0.0	-0.0051656625
82.951	0.0	0.0	-0.0032222375000000004
83.04	0.0	0.0	-0.001022471875
83.137	0.0	0.0	0.0013737175000000002
83.208	0.0	0.0	0.0028277250000000006
83.287	0.0	0.0	0.00444439375
83.377	0.0	0.0	0.006274275
83.474	0.0	0.0	0.008264875000000001
83.545	0.0	0.0	0.00875951875
83.624	0.0	0.0	0.0093092
83.713	0.0	0.0	0.009931725
83.81	0.0	0.0	0.010610212499999999
83.881	0.0	0.0	0.010013125
83.96	0.0	0.0	0.009348050000000002
84.049	0.0	0.0	0.008593712500000001
84.147	0.0	0.0	0.00777161875
84.218	0.0	0.0	0.006477081250000001
84.297	0.0	0.0	0.00503755
84.387	0.0	0.0	0.0034065437500000006
84.484	0.0	0.0	0.0016306593750000003
84.555	0.0	0.0	0.0003388506250000001
84.633	0.0	0.0	-0.00109959375
84.723	0.0	0.0	-0.00273314375
84.82	0.0	0.0	-0.004516081250000001
84.891	0.0	0.0	-0.00520381875
84.97	0.0	0.0	-0.005970875000000001
85.059	0.0	0.0	-0.006841993750000001
85.157	0.0	0.0	-0.007791275
85.228	0.0	0.0	-0.007627781250000001
85.306	0.0	0.0	-0.007445325000000001
85.395	0.0	0.0	-0.007238125000000001
85.493	0.0	0.0	-0.0070119625000000015
85.564	0.0	0.0	-0.006198656250000001
85.642	0.0	0.0	-0.005290075000000001
85.732	0.0	0.0	-0.004255925
85.83	0.0	0.0	-0.0031265000000000004
85.901	0.0	0.0	-0.00214785
85.98	0.0	0.0	-0.0010559568750000002
86.069	0.0	0.0	0.0001851873125
86.167	0.0	0.0	0.0015392925
86.237	0.0	0.0	0.002185058125
86.316	0.0	0.0	0.0029063500000000003
86.405	0.0	0.0	0.0037282125000000004
86.503	0.0	0.0	0.00462685
86.573	0.0	0.0	0.004700618750000001
86.652	0.0	0.0	0.004783175000000001
86.742	0.0	0.0	0.004877293750000001
86.84	0.0	0.0	0.004979968750000001
86.91	0.0	0.0	0.0045662624999999995
86.989	0.0	0.0	0.00410353125
87.078	0.0	0.0	0.0035758187500000006
87.176	0.0	0.0	0.0029986187500000007
87.246	0.0	0.0	0.0024089312500000003
87.325	0.0	0.0	0.00174848125
87.415	0.0	0.0	0.0009951150000000002
87.513	0.0	0.0	0.00017158981250000002
87.583	0.0	0.0	-0.000260295
87.661	0.0	0.0	-0.0007436537500000001
87.751	0.0	0.0	-0.0012954625000000002
87.849	0.0	0.0	-0.0018996725
87.919	0.0	0.0	-0.0020078975000000004
87.998	0.0	0.0	-0.00212930375
88.088	0.0	0.0	-0.0022681231250000003
88.186	0.0	0.0	-0.0024202625
88.256	0.0	0.0	-0.002255404375
88.335	0.0	0.0	-0.0020707975000000003
88.425	0.0	0.0	-0.0018600362500000003
88.523	0.0	0.0	-0.00162943375
88.593	0.0	0.0	-0.0013826206250000003
88.671	0.0	0.0	-0.00110569875
88.761	0.0	0.0	-0.00078879375
88.859	0.0	0.0	-0.00044127125000000006
88.929	0.0	0.0	-0.00028651875
89.008	0.0	0.0	-0.000112628
89.097	0.0	0.0	8.635568750000001e-05
89.196	0.0	0.0	0.00030427875000000004
89.266	0.0	0.0	0.00032962375
89.344	0.0	0.0	0.00035804437500000004
89.434	0.0	0.0	0.00039062750000000006
89.532	0.0	0.0	0.000426355625
89.602	0.0	0.0	0.000444069375
89.68	0.0	0.0	0.00046400312500000004
89.77	0.0	0.0	0.00048687375
89.869	0.0	0.0	0.0005119643750000001
89.939	0.0	0.0	0.0005098137500000001
90.017	0.0	0.0	0.0005074318750000001
90.107	0.0	0.0	0.0005046800000000001
90.206	0.0	0.0	0.000501650625
90.275	0.0	0.0	0.00037746937500000003
90.354	0.0	0.0	0.00023767875
90.443	0.0	0.0	7.719125e-05
90.542	0.0	0.0	-9.914843750000001e-05
90.612	0.0	0.0	-0.0003114937500000001
90.69	0.0	0.0	-0.0005508375
90.78	0.0	0.0	-0.00082560875
90.879	0.0	0.0	-0.00112715875
90.948	0.0	0.0	-0.0012899356250000002
91.027	0.0	0.0	-0.0014732937500000001
91.116	0.0	0.0	-0.0016839625
91.215	0.0	0.0	-0.0019155593750000003
91.284	0.0	0.0	-0.001889058125
91.363	0.0	0.0	-0.001859134375
91.453	0.0	0.0	-0.0018247243750000002
91.552	0.0	0.0	-0.00178686875
91.622	0.0	0.0	-0.0015275218750000002
91.7	0.0	0.0	-0.001235083125
91.79	0.0	0.0	-0.0008990075000000001
91.889	0.0	0.0	-0.0005298862500000001
91.958	0.0	0.0	-0.00013918243750000002
92.036	0.0	0.0	0.00030194312500000003
92.126	0.0	0.0	0.0008101150000000001
92.225	0.0	0.0	0.0013695087500000002
92.294	0.0	0.0	0.001693420625
92.373	0.0	0.0	0.0020596743750000003
92.463	0.0	0.0	0.0024815437500000006
92.562	0.0	0.0	0.00294543125
92.631	0.0	0.0	0.00300231875
92.709	0.0	0.0	0.0030666062500000002
92.799	0.0	0.0	0.00314060625
92.898	0.0	0.0	0.0032222375000000004
92.967	0.0	0.0	0.0029304000000000005
93.045	0.0	0.0	0.0025999437500000004
93.136	0.0	0.0	0.0022182425
93.235	0.0	0.0	0.0017978993750000004
93.304	0.0	0.0	0.0012551787499999998
93.382	0.0	0.0	0.0006412562500000001
93.473	0.0	0.0	-6.654450000000001e-05
93.572	0.0	0.0	-0.00084545
93.641	0.0	0.0	-0.0013806318750000002
93.719	0.0	0.0	-0.0019868306250000003
93.809	0.0	0.0	-0.0026873562500000004
93.908	0.0	0.0	-0.0034601937500000003
93.977	0.0	0.0	-0.003701156250000001
94.055	0.0	0.0	-0.00397449375
94.145	0.0	0.0	-0.00429015
94.245	0.0	0.0	-0.004638181250000001
94.314	0.0	0.0	-0.004412481250000001
94.392	0.0	0.0	-0.004156718750000001
94.482	0.0	0.0	-0.0038607187500000004
94.581	0.0	0.0	-0.0035339625000000005
94.65	0.0	0.0	-0.0029001062500000003
94.728	0.0	0.0	-0.00218017875
94.818	0.0	0.0	-0.001347100625
94.918	0.0	0.0	-0.0004286218750000001
94.987	0.0	0.0	0.000321876875
95.064	0.0	0.0	0.001173663125
95.154	0.0	0.0	0.00216010625
95.254	0.0	0.0	0.003249525
95.323	0.0	0.0	0.0037330687500000004
95.401	0.0	0.0	0.0042832125
95.491	0.0	0.0	0.0049214625
95.591	0.0	0.0	0.0056263125
95.66	0.0	0.0	0.00556179375
95.738	0.0	0.0	0.005488487500000001
95.828	0.0	0.0	0.0054033875000000006
95.928	0.0	0.0	0.0053097312500000006
95.996	0.0	0.0	0.0046911375
96.074	0.0	0.0	0.0039872125
96.164	0.0	0.0	0.0031699750000000002
96.264	0.0	0.0	0.00226611125
96.332	0.0	0.0	0.0013781575
96.41	0.0	0.0	0.000366323125
96.501	0.0	0.0	-0.0008081725000000001
96.601	0.0	0.0	-0.002105485
96.669	0.0	0.0	-0.00281176875
96.747	0.0	0.0	-0.0036160562500000006
96.837	0.0	0.0	-0.00455030625
96.937	0.0	0.0	-0.005583993750000001
97.005	0.0	0.0	-0.0057424
97.083	0.0	0.0	-0.0059232375
97.174	0.0	0.0	-0.006133675000000001
97.274	0.0	0.0	-0.00636654375
97.342	0.0	0.0	-0.005886006250000001
97.42	0.0	0.0	-0.00533840625
97.511	0.0	0.0	-0.00470200625
97.611	0.0	0.0	-0.003998543750000001
97.679	0.0	0.0	-0.0031306625
97.757	0.0	0.0	-0.0021397562500000003
97.847	0.0	0.0	-0.0009857493750000002
97.947	0.0	0.0	0.00029297062500000003
98.015	0.0	0.0	0.0011075025000000002
98.093	0.0	0.0	0.0020387000000000005
98.184	0.0	0.0	0.0031230312500000004
98.284	0.0	0.0	0.00432321875
98.352	0.0	0.0	0.004674950000000001
98.429	0.0	0.0	0.005076631250000001
98.52	0.0	0.0	0.0055449125000000005
98.62	0.0	0.0	0.006064300000000001
98.688	0.0	0.0	0.0058071500000000005
98.766	0.0	0.0	0.0055125375
98.856	0.0	0.0	0.00516866875
98.957	0.0	0.0	0.00478756875
99.025	0.0	0.0	0.004093125
99.103	0.0	0.0	0.00329878125
99.194	0.0	0.0	0.002372625
99.294	0.0	0.0	0.0013471237500000002
99.362	0.0	0.0	0.0006048806249999999
99.439	0.0	0.0	-0.00024517125000000006
99.53	0.0	0.0	-0.0012384362500000002
99.63	0.0	0.0	-0.002341175
99.698	0.0	0.0	-0.0027673687500000006
99.776	0.0	0.0	-0.003256
99.866	0.0	0.0	-0.0038269562500000006
99.967	0.0	0.0	-0.004459887500000001
100.035	0.0	0.0	-0.004405543750000001
100.112	0.0	0.0	-0.00434310625
100.202	0.0	0.0	-0.0042702625
100.303	0.0	0.0	-0.00418909375
100.371	0.0	0.0	-0.0037585062500000003
100.448	0.0	0.0	-0.0032640937500000005
100.539	0.0	0.0	-0.00268550625
100.64	0.0	0.0	-0.002043440625
100.707	0.0	0.0	-0.0015098543750000002
100.785	0.0	0.0	-0.0008975043750000002
100.875	0.0	0.0	-0.0001804675
100.976	0.0	0.0	0.0006165125000000001
101.043	0.0	0.0	0.000989495625
101.121	0.0	0.0	0.00141871875
101.212	0.0	0.0	0.0019219418750000001
101.313	0.0	0.0	0.0024813125
101.381	0.0	0.0	0.002566875
101.458	0.0	0.0	0.0026651562500000004
101.549	0.0	0.0	0.0027800875000000003
101.65	0.0	0.0	0.0029077375000000003
101.717	0.0	0.0	0.0027310625000000004
101.794	0.0	0.0	0.00252779375
101.885	0.0	0.0	0.0022890975
101.986	0.0	0.0	0.0020234375000000005
102.053	0.0	0.0	0.0016832456250000004
102.131	0.0	0.0	0.0012912306250000003
102.222	0.0	0.0	0.0008312050000000001
102.323	0.0	0.0	0.0003197725
102.39	0.0	0.0	-6.5531625e-05
102.467	0.0	0.0	-0.0005091893750000001
102.558	0.0	0.0	-0.0010303575000000001
102.659	0.0	0.0	-0.0016107256250000002
102.726	0.0	0.0	-0.001897244375
102.803	0.0	0.0	-0.0022280475
102.895	0.0	0.0	-0.00261705625
102.996	0.0	0.0	-0.0030504187500000005
103.063	0.0	0.0	-0.0030756250000000007
103.141	0.0	0.0	-0.0031047625000000007
103.232	0.0	0.0	-0.0031389875000000004
103.333	0.0	0.0	-0.0031769125000000002
103.4	0.0	0.0	-0.0028577875000000007
103.477	0.0	0.0	-0.002489175
103.568	0.0	0.0	-0.00205530375
103.669	0.0	0.0	-0.00157134375
103.736	0.0	0.0	-0.0010004337500000003
103.813	0.0	0.0	-0.0003404
103.904	0.0	0.0	0.000436715625
104.006	0.0	0.0	0.001302284375
104.073	0.0	0.0	0.0018491675000000003
104.15	0.0	0.0	0.0024810812500000003
104.241	0.0	0.0	0.0032257062500000004
104.342	0.0	0.0	0.00405635625
104.409	0.0	0.0	0.00426263125
104.486	0.0	0.0	0.00450128125
104.577	0.0	0.0	0.004783175000000001
104.679	0.0	0.0	0.005097443750000001
104.746	0.0	0.0	0.004789881250000001
104.823	0.0	0.0	0.0044339875
104.914	0.0	0.0	0.00401473125
105.016	0.0	0.0	0.0035473750000000006
105.082	0.0	0.0	0.00283396875
105.159	0.0	0.0	0.0020078975000000004
105.25	0.0	0.0	0.0010318606250000002
105.352	0.0	0.0	-5.86935625e-05
105.419	0.0	0.0	-0.0008330781250000002
105.496	0.0	0.0	-0.0017313687500000003
105.587	0.0	0.0	-0.0027923437500000006
105.689	0.0	0.0	-0.0039765749999999996
105.755	0.0	0.0	-0.0043969875
105.832	0.0	0.0	-0.00488469375
105.923	0.0	0.0	-0.0054609687500000005
106.025	0.0	0.0	-0.006105462500000001
106.091	0.0	0.0	-0.005933875000000002
106.169	0.0	0.0	-0.005734768750000001
106.26	0.0	0.0	-0.0054986625
106.362	0.0	0.0	-0.0052350375
106.429	0.0	0.0	-0.004543600000000001
106.506	0.0	0.0	-0.0037411625000000003
106.597	0.0	0.0	-0.0027923437500000006
106.699	0.0	0.0	-0.001732640625
106.765	0.0	0.0	-0.000882935625
106.842	0.0	0.0	0.00010460593750000001
106.933	0.0	0.0	0.001275135625
107.035	0.0	0.0	0.002585375
107.101	0.0	0.0	0.0031618812500000004
107.178	0.0	0.0	0.0038329687500000004
107.27	0.0	0.0	0.00462800625
107.372	0.0	0.0	0.00551693125
107.438	0.0	0.0	0.0055379750000000005
107.515	0.0	0.0	0.00556271875
107.606	0.0	0.0	0.005591856250000001
107.708	0.0	0.0	0.005624462500000001
107.774	0.0	0.0	0.005116406250000001
107.851	0.0	0.0	0.00452440625
107.943	0.0	0.0	0.0038216375
108.045	0.0	0.0	0.00303561875
108.111	0.0	0.0	0.0022980931250000006
108.188	0.0	0.0	0.0014392075000000002
108.279	0.0	0.0	0.000419025
108.381	0.0	0.0	-0.0007242518750000001
108.447	0.0	0.0	-0.001304458125
108.524	0.0	0.0	-0.001982066875
108.615	0.0	0.0	-0.0027879500000000004
108.718	0.0	0.0	-0.00369098125
108.784	0.0	0.0	-0.0038507750000000003
108.861	0.0	0.0	-0.00403693125
108.953	0.0	0.0	-0.004258006250000001
109.055	0.0	0.0	-0.004505675000000001
109.121	0.0	0.0	-0.004232800000000001
109.197	0.0	0.0	-0.00391390625
109.289	0.0	0.0	-0.00353419375
109.391	0.0	0.0	-0.00310823125
109.457	0.0	0.0	-0.0026098875000000006
109.534	0.0	0.0	-0.0020270450000000003
109.625	0.0	0.0	-0.0013332487500000002
109.728	0.0	0.0	-0.000555624375
109.794	0.0	0.0	-0.00011410568750000001
109.87	0.0	0.0	0.0004018893750000001
109.961	0.0	0.0	0.0010167831250000002
110.064	0.0	0.0	0.00170713375
110.13	0.0	0.0	0.0019024243750000002
110.206	0.0	0.0	0.002131269375
110.298	0.0	0.0	0.00240430625
110.401	0.0	0.0	0.0027109437500000004
110.467	0.0	0.0	0.00263139375
110.544	0.0	0.0	0.00253843125
110.635	0.0	0.0	0.0024274312500000006
110.738	0.0	0.0	0.0023032037500000002
110.803	0.0	0.0	0.002047464375
110.88	0.0	0.0	0.0017477875000000002
110.971	0.0	0.0	0.0013898125000000002
111.074	0.0	0.0	0.0009872987500000002
111.139	0.0	0.0	0.0006835518750000001
111.216	0.0	0.0	0.00032708000000000005
111.308	0.0	0.0	-9.86396875e-05
111.411	0.0	0.0	-0.00057669125
111.476	0.0	0.0	-0.000818463125
111.553	0.0	0.0	-0.0011019756250000002
111.644	0.0	0.0	-0.0014409418750000002
111.747	0.0	0.0	-0.0018222268750000003
111.812	0.0	0.0	-0.0019128075000000003
111.889	0.0	0.0	-0.002019344375
111.981	0.0	0.0	-0.00214687875
112.084	0.0	0.0	-0.0022903231250000003
112.149	0.0	0.0	-0.002168916875
112.226	0.0	0.0	-0.0020263743750000003
112.318	0.0	0.0	-0.00185596625
112.421	0.0	0.0	-0.001664445
112.486	0.0	0.0	-0.001355795625
112.562	0.0	0.0	-0.0009928718750000002
112.654	0.0	0.0	-0.00055791375
112.757	0.0	0.0	-6.795975e-05
112.822	0.0	0.0	0.00029625437500000005
112.899	0.0	0.0	0.0007251537500000001
112.991	0.0	0.0	0.0012389912500000001
113.094	0.0	0.0	0.0018170237500000001
113.159	0.0	0.0	0.0020423075
113.235	0.0	0.0	0.002307481875
113.327	0.0	0.0	0.0026256125000000004
113.43	0.0	0.0	0.00298428125
113.495	0.0	0.0	0.0029308625000000004
113.572	0.0	0.0	0.0028681937500000003
113.664	0.0	0.0	0.0027928062500000004
113.767	0.0	0.0	0.0027079375
113.832	0.0	0.0	0.0023821062500000005
113.908	0.0	0.0	0.0019979768750000002
114.0	0.0	0.0	0.0015366793750000002
114.103	0.0	0.0	0.0010164825000000001
114.168	0.0	0.0	0.00057789375
114.244	0.0	0.0	5.962550000000001e-05
114.336	0.0	0.0	-0.0005635562500000001
114.44	0.0	0.0	-0.001266325
114.505	0.0	0.0	-0.0015891962500000003
114.581	0.0	0.0	-0.0019700881250000004
114.673	0.0	0.0	-0.0024274312500000006
114.777	0.0	0.0	-0.0029428875000000005
114.841	0.0	0.0	-0.0029815062500000004
114.918	0.0	0.0	-0.0030272937500000004
115.009	0.0	0.0	-0.0030823312500000005
115.113	0.0	0.0	-0.0031445375000000004
115.178	0.0	0.0	-0.0028885437500000004
115.254	0.0	0.0	-0.00258560625
115.346	0.0	0.0	-0.00222115625
115.45	0.0	0.0	-0.0018100168750000002
115.514	0.0	0.0	-0.001403340625
115.591	0.0	0.0	-0.0009224331250000001
115.682	0.0	0.0	-0.0003429668750000001
115.786	0.0	0.0	0.00031165562500000003
115.85	0.0	0.0	0.00066021875
115.927	0.0	0.0	0.0010735550000000001
116.019	0.0	0.0	0.001572199375
116.123	0.0	0.0	0.002135524375
116.188	0.0	0.0	0.0022637525
116.264	0.0	0.0	0.0024156375
116.356	0.0	0.0	0.0025983250000000003
116.46	0.0	0.0	0.0028048312500000006
116.524	0.0	0.0	0.0026727875
116.6	0.0	0.0	0.00251623125
116.692	0.0	0.0	0.0023268375
116.796	0.0	0.0	0.002112908125
116.86	0.0	0.0	0.0018030331250000003
116.937	0.0	0.0	0.001435045
117.029	0.0	0.0	0.00099072125
117.133	0.0	0.0	0.0004886775
117.197	0.0	0.0	0.00015192893749999998
117.273	0.0	0.0	-0.000247715
117.365	0.0	0.0	-0.0007307962500000001
117.469	0.0	0.0	-0.00127756375
117.533	0.0	0.0	-0.001494499375
117.609	0.0	0.0	-0.0017525975000000002
117.702	0.0	0.0	-0.0020649237500000002
117.806	0.0	0.0	-0.0024184125
117.87	0.0	0.0	-0.0024198
117.946	0.0	0.0	-0.0024214187500000007
118.039	0.0	0.0	-0.0024235000000000003
118.143	0.0	0.0	-0.0024258125000000005
118.207	0.0	0.0	-0.0022015231250000003
118.283	0.0	0.0	-0.0019353543750000005
118.375	0.0	0.0	-0.0016140325000000002
118.479	0.0	0.0	-0.001251178125
118.542	0.0	0.0	-0.0008967181250000001
118.612	0.0	0.0	-0.00047406250000000004
118.712	0.0	0.0	4.02675625e-05
118.812	0.0	0.0	0.0006257625
118.872	0.0	0.0	0.0009590631250000002
118.952	0.0	0.0	0.001359403125
119.042	0.0	0.0	0.0018468318750000001
119.152	0.0	0.0	0.0024001437500000005
119.222	0.0	0.0	0.00253426875
119.292	0.0	0.0	0.0026929062500000004
119.392	0.0	0.0	0.0028834562500000007
119.492	0.0	0.0	0.0030973625000000004
119.552	0.0	0.0	0.0029442750000000005
119.632	0.0	0.0	0.00276181875
119.722	0.0	0.0	0.0025395875000000004
119.822	0.0	0.0	0.00228581375
119.882	0.0	0.0	0.0018985625000000003
119.962	0.0	0.0	0.0014300500000000002
120.052	0.0	0.0	0.00085696625
120.162	0.0	0.0	0.00020542862500000004
120.232	0.0	0.0	-0.000241401875
120.302	0.0	0.0	-0.0007702475000000001
120.402	0.0	0.0	-0.0014059768750000002
120.502	0.0	0.0	-0.0021205625000000005
120.562	0.0	0.0	-0.00237100625
120.642	0.0	0.0	-0.00266955
120.732	0.0	0.0	-0.0030344625
120.832	0.0	0.0	-0.0034518687500000003
120.892	0.0	0.0	-0.0033903562500000005
120.972	0.0	0.0	-0.0033156625
121.062	0.0	0.0	-0.0032240875000000002
121.172	0.0	0.0	-0.0031197937500000005
121.242	0.0	0.0	-0.0027537250000000003
121.312	0.0	0.0	-0.0023192062499999997
121.412	0.0	0.0	-0.0017961650000000002
121.512	0.0	0.0	-0.001207495
121.572	0.0	0.0	-0.000752140625
121.652	0.0	0.0	-0.0002078845
121.742	0.0	0.0	0.0004585456250000001
121.842	0.0	0.0	0.001221439375
121.902	0.0	0.0	0.0015585556250000002
121.982	0.0	0.0	0.0019682381250000006
122.072	0.0	0.0	0.0024713687500000003
122.182	0.0	0.0	0.00304440625
122.242	0.0	0.0	0.0030904250000000004
122.322	0.0	0.0	0.0031450000000000002
122.422	0.0	0.0	0.003211137500000001
122.522	0.0	0.0	0.0032853687500000004
122.582	0.0	0.0	0.003038625
122.662	0.0	0.0	0.0027430875
122.752	0.0	0.0	0.0023804875000000003
122.852	0.0	0.0	0.0019647925000000005
122.912	0.0	0.0	0.0015634812500000003
122.992	0.0	0.0	0.0010747343750000002
123.082	0.0	0.0	0.0004734843750000001
123.192	0.0	0.0	-0.00021225512500000002
123.252	0.0	0.0	-0.0005666087500000001
123.332	0.0	0.0	-0.00098859375
123.422	0.0	0.0	-0.0014988468750000003
123.532	0.0	0.0	-0.0020742662500000003
123.592	0.0	0.0	-0.002196875
123.672	0.0	0.0	-0.0023441812499999997
123.762	0.0	0.0	-0.00252501875
123.862	0.0	0.0	-0.0027326812500000006
123.922	0.0	0.0	-0.002607575
124.002	0.0	0.0	-0.00245518125
124.092	0.0	0.0	-0.0022670593750000003
124.202	0.0	0.0	-0.0020523668750000003
124.262	0.0	0.0	-0.001758633125
124.342	0.0	0.0	-0.001408104375
124.432	0.0	0.0	-0.000983436875
124.542	0.0	0.0	-0.0005040325000000001
124.602	0.0	0.0	-0.00022404887500000002
124.672	0.0	0.0	0.0001128384375
124.772	0.0	0.0	0.0005278281250000001
124.872	0.0	0.0	0.00100441125
124.932	0.0	0.0	0.00115962625
125.012	0.0	0.0	0.0013494825000000001
125.102	0.0	0.0	0.0015839468750000003
125.212	0.0	0.0	0.0018519425000000003
125.272	0.0	0.0	0.00182682875
125.352	0.0	0.0	0.0017967893750000003
125.442	0.0	0.0	0.00176032125
125.552	0.0	0.0	0.001719135625
125.612	0.0	0.0	0.0015591106250000002
125.682	0.0	0.0	0.001366155625
125.782	0.0	0.0	0.00112799125
125.882	0.0	0.0	0.0008541681250000001
125.942	0.0	0.0	0.000638735625
126.022	0.0	0.0	0.00037460187500000004
126.112	0.0	0.0	4.777625e-05
126.222	0.0	0.0	-0.000326131875
126.282	0.0	0.0	-0.0005139762500000001
126.362	0.0	0.0	-0.0007390981250000001
126.452	0.0	0.0	-0.001012875
126.562	0.0	0.0	-0.00132261125
126.622	0.0	0.0	-0.0014016756250000001
126.692	0.0	0.0	-0.0014972512500000003
126.792	0.0	0.0	-0.0016154200000000002
126.892	0.0	0.0	-0.0017514412500000002
126.952	0.0	0.0	-0.0016844018750000003
127.032	0.0	0.0	-0.0016020075
127.122	0.0	0.0	-0.0014998643750000003
127.232	0.0	0.0	-0.0013828981250000002
127.292	0.0	0.0	-0.001157568125
127.372	0.0	0.0	-0.0008870287500000001
127.462	0.0	0.0	-0.00055754375
127.572	0.0	0.0	-0.0001845166875
127.632	0.0	0.0	0.00010504531250000002
127.702	0.0	0.0	0.0004566493750000001
127.792	0.0	0.0	0.000893573125
127.902	0.0	0.0	0.0013979987500000002
127.962	0.0	0.0	0.0016336193750000002
128.042	0.0	0.0	0.0019217800000000003
128.132	0.0	0.0	0.00227637875
128.242	0.0	0.0	0.0026792625
128.302	0.0	0.0	0.0026996125000000003
128.372	0.0	0.0	0.0027245875000000003
128.472	0.0	0.0	0.0027551125000000007
128.572	0.0	0.0	0.00279049375
128.632	0.0	0.0	0.0025268687500000003
128.712	0.0	0.0	0.0022015693750000002
128.802	0.0	0.0	0.0017967431250000003
128.912	0.0	0.0	0.001332208125
128.972	0.0	0.0	0.0008495662500000001
129.052	0.0	0.0	0.00026778749999999997
129.142	0.0	0.0	-0.000443375625
129.252	0.0	0.0	-0.0012502068750000002
129.312	0.0	0.0	-0.0016899287500000003
129.382	0.0	0.0	-0.002224625
129.472	0.0	0.0	-0.0028894687500000005
129.582	0.0	0.0	-0.0036567562500000005
129.642	0.0	0.0	-0.0038255687500000006
129.722	0.0	0.0	-0.0040343875
129.812	0.0	0.0	-0.00429454375
129.922	0.0	0.0	-0.0045930875
129.982	0.0	0.0	-0.004325300000000001
130.062	0.0	0.0	-0.004001781250000001
130.152	0.0	0.0	-0.0036054187500000005
130.262	0.0	0.0	-0.0031554062500000007
130.322	0.0	0.0	-0.0025585500000000006
130.392	0.0	0.0	-0.001831315
130.482	0.0	0.0	-0.0009252081250000001
130.592	0.0	0.0	0.00012160281250000001
130.652	0.0	0.0	0.00079684125
130.732	0.0	0.0	0.0016333881250000003
130.822	0.0	0.0	0.0026778749999999997
130.932	0.0	0.0	0.0038785250000000007
130.992	0.0	0.0	0.0042735
131.072	0.0	0.0	0.00475149375
131.162	0.0	0.0	0.005338175
131.272	0.0	0.0	0.0060051
131.332	0.0	0.0	0.005866350000000001
131.402	0.0	0.0	0.005696843750000001
131.492	0.0	0.0	0.00548548125
131.602	0.0	0.0	0.00524081875
131.662	0.0	0.0	0.004604649999999999
131.742	0.0	0.0	0.0038144687499999997
131.832	0.0	0.0	0.002826106250000001
131.942	0.0	0.0	0.0016887725
132.002	0.0	0.0	0.000828730625
132.082	0.0	0.0	-0.0002147456875
132.172	0.0	0.0	-0.0014976906250000002
132.282	0.0	0.0	-0.00295791875
132.342	0.0	0.0	-0.0035503812500000003
132.412	0.0	0.0	-0.0042758125
132.502	0.0	0.0	-0.0051832375
132.612	0.0	0.0	-0.006233806250000001
132.672	0.0	0.0	-0.006291156250000001
132.752	0.0	0.0	-0.006362843750000001
132.842	0.0	0.0	-0.0064523375
132.952	0.0	0.0	-0.006555706250000001
133.012	0.0	0.0	-0.006005331250000001
133.092	0.0	0.0	-0.0053360937500000006
133.182	0.0	0.0	-0.0045116875
133.292	0.0	0.0	-0.0035725812500000003
133.352	0.0	0.0	-0.0027421625000000004
133.422	0.0	0.0	-0.0017230206250000001
133.512	0.0	0.0	-0.00044566500000000004
133.622	0.0	0.0	0.0010346818750000002
133.682	0.0	0.0	0.00176522375
133.762	0.0	0.0	0.0026764875
133.852	0.0	0.0	0.00382094375
133.962	0.0	0.0	0.0051406875
134.022	0.0	0.0	0.0053999187500000006
134.102	0.0	0.0	0.00571580625
134.192	0.0	0.0	0.00610569375
134.302	0.0	0.0	0.0065501562499999996
134.362	0.0	0.0	0.00623010625
134.432	0.0	0.0	0.0058362875000000005
134.522	0.0	0.0	0.0053416437500000006
134.632	0.0	0.0	0.004767912500000001
134.692	0.0	0.0	0.004064450000000001
134.772	0.0	0.0	0.0031850062500000005
134.862	0.0	0.0	0.0020781050000000002
134.972	0.0	0.0	0.000800564375
135.032	0.0	0.0	6.771000000000001e-05
135.112	0.0	0.0	-0.0008273431250000001
135.202	0.0	0.0	-0.0019341981250000002
135.312	0.0	0.0	-0.003197956250000001
135.372	0.0	0.0	-0.003558475
135.442	0.0	0.0	-0.00400316875
135.532	0.0	0.0	-0.004562562500000001
135.642	0.0	0.0	-0.005212375000000001
135.702	0.0	0.0	-0.005102993750000001
135.782	0.0	0.0	-0.0049658625
135.872	0.0	0.0	-0.00479311875
135.982	0.0	0.0	-0.00459355
136.042	0.0	0.0	-0.0041000625
136.122	0.0	0.0	-0.0034960375000000006
136.212	0.0	0.0	-0.0027477125000000004
136.322	0.0	0.0	-0.0018926425
136.382	0.0	0.0	-0.0013426143750000002
136.452	0.0	0.0	-0.00066290125
136.542	0.0	0.0	0.0001942014375
136.652	0.0	0.0	0.0011906137500000003
136.712	0.0	0.0	0.0015565668750000003
136.792	0.0	0.0	0.0020162687500000004
136.882	0.0	0.0	0.0025969375000000003
136.992	0.0	0.0	0.0032684875000000006
137.052	0.0	0.0	0.0033013250000000004
137.132	0.0	0.0	0.0033417937500000005
137.222	0.0	0.0	0.003391975
137.332	0.0	0.0	0.003449325
137.392	0.0	0.0	0.00320211875
137.462	0.0	0.0	0.0028957125000000005
137.552	0.0	0.0	0.0025088312500000003
137.662	0.0	0.0	0.0020584025
137.722	0.0	0.0	0.0016983462500000002
137.792	0.0	0.0	0.001244980625
137.892	0.0	0.0	0.000671203125
138.002	0.0	0.0	6.912987500000001e-06
138.062	0.0	0.0	-0.0002872125
138.142	0.0	0.0	-0.0006488412500000001
138.232	0.0	0.0	-0.00109866875
138.342	0.0	0.0	-0.0016138012500000003
138.402	0.0	0.0	-0.0017109725
138.472	0.0	0.0	-0.0018316618750000005
138.562	0.0	0.0	-0.0019844256250000003
138.672	0.0	0.0	-0.0021623956250000002
138.732	0.0	0.0	-0.0020755150000000004
138.802	0.0	0.0	-0.00196585625
138.902	0.0	0.0	-0.0018268056250000002
139.012	0.0	0.0	-0.0016656475000000003
139.072	0.0	0.0	-0.0014567362500000002
139.152	0.0	0.0	-0.00119930875
139.242	0.0	0.0	-0.0008784725000000001
139.352	0.0	0.0	-0.0005106925
139.412	0.0	0.0	-0.000301480625
139.482	0.0	0.0	-4.10954375e-05
139.572	0.0	0.0	0.000289224375
139.682	0.0	0.0	0.0006743943750000001
139.742	0.0	0.0	0.0008100918750000002
139.812	0.0	0.0	0.0009817256250000002
139.912	0.0	0.0	0.001199794375
140.022	0.0	0.0	0.0014527587500000002
140.082	0.0	0.0	0.00145988125
140.162	0.0	0.0	0.001468645625
140.252	0.0	0.0	0.0014795837500000003
140.362	0.0	0.0	0.0014921637500000002
140.422	0.0	0.0	0.00137862
140.492	0.0	0.0	0.00123695625
140.582	0.0	0.0	0.0010569050000000001
140.692	0.0	0.0	0.0008467218750000001
140.752	0.0	0.0	0.0006668325000000001
140.822	0.0	0.0	0.000438750625
140.922	0.0	0.0	0.0001483815625
141.032	0.0	0.0	-0.00018879481250000003
141.092	0.0	0.0	-0.000351985625
141.172	0.0	0.0	-0.0005539825
141.262	0.0	0.0	-0.0008066925
141.372	0.0	0.0	-0.00109700375
141.432	0.0	0.0	-0.00115786875
141.502	0.0	0.0	-0.00123399625
141.592	0.0	0.0	-0.00133093625
141.702	0.0	0.0	-0.0014442256250000003
141.762	0.0	0.0	-0.001384979375
141.832	0.0	0.0	-0.0013096843750000002
141.932	0.0	0.0	-0.001213623125
142.042	0.0	0.0	-0.0011019756250000002
142.102	0.0	0.0	-0.000944864375
142.182	0.0	0.0	-0.0007499900000000001
142.272	0.0	0.0	-0.0005058593750000001
142.382	0.0	0.0	-0.000225205125
142.442	0.0	0.0	-5.4475562500000005e-05
142.512	0.0	0.0	0.000160122125
142.602	0.0	0.0	0.00043475
142.712	0.0	0.0	0.0007566268750000001
142.772	0.0	0.0	0.0008793743750000001
142.842	0.0	0.0	0.001034589375
142.942	0.0	0.0	0.001231059375
143.052	0.0	0.0	0.0014576612500000002
143.112	0.0	0.0	0.0014663331250000002
143.182	0.0	0.0	0.00147717875
143.272	0.0	0.0	0.0014910075
143.382	0.0	0.0	0.001507171875
143.442	0.0	0.0	0.00138319875
143.512	0.0	0.0	0.001224885
143.612	0.0	0.0	0.0010222175000000001
143.722	0.0	0.0	0.0007862037500000001
143.782	0.0	0.0	0.0005591625
143.862	0.0	0.0	0.000276366875
143.952	0.0	0.0	-7.922393750000002e-05
144.062	0.0	0.0	-0.000488839375
144.122	0.0	0.0	-0.0007030693750000001
144.192	0.0	0.0	-0.0009727762500000002
144.282	0.0	0.0	-0.001318101875
144.392	0.0	0.0	-0.0017227200000000003
144.452	0.0	0.0	-0.00182137125
144.522	0.0	0.0	-0.0019475643750000002
144.622	0.0	0.0	-0.002109346875
144.732	0.0	0.0	-0.00229793125
144.792	0.0	0.0	-0.002193753125
144.872	0.0	0.0	-0.0020637212500000004
144.962	0.0	0.0	-0.0018999037500000004
145.072	0.0	0.0	-0.001710995625
145.132	0.0	0.0	-0.0014378893750000002
145.202	0.0	0.0	-0.00109330375
145.292	0.0	0.0	-0.0006511537500000001
145.402	0.0	0.0	-0.0001325895
145.462	0.0	0.0	0.000201095
145.532	0.0	0.0	0.0006290000000000001
145.632	0.0	0.0	0.0011786350000000001
145.742	0.0	0.0	0.0018198450000000005
145.802	0.0	0.0	0.00204041125
145.882	0.0	0.0	0.00231643125
145.972	0.0	0.0	0.00266469375
146.082	0.0	0.0	0.0030668375000000004
146.142	0.0	0.0	0.003031225
146.212	0.0	0.0	0.0029863625
146.302	0.0	0.0	0.00292855
146.412	0.0	0.0	0.0028605625000000007
146.472	0.0	0.0	0.0025654874999999997
146.542	0.0	0.0	0.0021860987500000005
146.642	0.0	0.0	0.0016978837500000001
146.752	0.0	0.0	0.0011277600000000002
146.812	0.0	0.0	0.000690628125
146.892	0.0	0.0	0.0001424291875
146.982	0.0	0.0	-0.000550953125
147.092	0.0	0.0	-0.001352095625
147.152	0.0	0.0	-0.001682181875
147.222	0.0	0.0	-0.002100790625
147.312	0.0	0.0	-0.0026399500000000003
147.422	0.0	0.0	-0.0032738062500000005
147.482	0.0	0.0	-0.0033448000000000006
147.552	0.0	0.0	-0.003436375
147.652	0.0	0.0	-0.0035545437500000003
147.762	0.0	0.0	-0.003692368750000001
147.822	0.0	0.0	-0.0034370687500000006
147.892	0.0	0.0	-0.003116325
147.992	0.0	0.0	-0.0027095562500000004
148.102	0.0	0.0	-0.00223928625
148.162	0.0	0.0	-0.0018016918750000002
148.232	0.0	0.0	-0.00124542
148.322	0.0	0.0	-0.0005273887500000001
148.432	0.0	0.0	0.00031732125000000005
148.492	0.0	0.0	0.0007435843750000001
148.562	0.0	0.0	0.00129426
148.662	0.0	0.0	0.00200572375
148.772	0.0	0.0	0.0028381312500000005
148.832	0.0	0.0	0.00303561875
148.902	0.0	0.0	0.0032842125000000005
149.002	0.0	0.0	0.0036001
149.112	0.0	0.0	0.003965475
149.172	0.0	0.0	0.003829500000000001
149.242	0.0	0.0	0.0036560625000000005
149.332	0.0	0.0	0.0034319812500000005
149.442	0.0	0.0	0.0031678937500000007
149.502	0.0	0.0	0.00276875625
149.572	0.0	0.0	0.0022521900000000003
149.672	0.0	0.0	0.0015833918750000002
149.782	0.0	0.0	0.0008000787500000001
149.842	0.0	0.0	0.0003211600000000001
149.912	0.0	0.0	-0.0002836975
150.012	0.0	0.0	-0.0010532050000000002
150.122	0.0	0.0	-0.0019449743750000002
150.182	0.0	0.0	-0.002237181875
150.252	0.0	0.0	-0.0026105812500000006
150.342	0.0	0.0	-0.0030943562500000002
150.452	0.0	0.0	-0.00366461875
150.512	0.0	0.0	-0.0036569875
150.582	0.0	0.0	-0.0036470437500000005
150.682	0.0	0.0	-0.0036343250000000007
150.792	0.0	0.0	-0.0036190625000000003
150.852	0.0	0.0	-0.0033017875
150.922	0.0	0.0	-0.0029001062500000003
151.022	0.0	0.0	-0.0023878875
151.132	0.0	0.0	-0.0017938525000000002
151.192	0.0	0.0	-0.00135637375
151.262	0.0	0.0	-0.000795985625
151.352	0.0	0.0	-6.831356250000001e-05
151.462	0.0	0.0	0.0007902968750000001
151.522	0.0	0.0	0.0011574987500000001
151.592	0.0	0.0	0.0016354231250000001
151.692	0.0	0.0	0.00225649125
151.802	0.0	0.0	0.0029852062500000005
151.862	0.0	0.0	0.0031006000000000002
151.932	0.0	0.0	0.00324698125
152.032	0.0	0.0	0.0034338312500000003
152.142	0.0	0.0	0.003650975
152.202	0.0	0.0	0.0034673625000000005
152.272	0.0	0.0	0.0032317187500000006
152.362	0.0	0.0	0.0029253125
152.472	0.0	0.0	0.002563175
152.532	0.0	0.0	0.00217906875
152.602	0.0	0.0	0.0016780425000000002
152.702	0.0	0.0	0.0010256400000000002
152.812	0.0	0.0	0.00025934687500000006
152.872	0.0	0.0	-0.0001434513125
152.942	0.0	0.0	-0.0006558250000000001
153.042	0.0	0.0	-0.0013114650000000002
153.152	0.0	0.0	-0.0020735262500000003
153.212	0.0	0.0	-0.0022750606250000003
153.282	0.0	0.0	-0.0025345000000000003
153.372	0.0	0.0	-0.00287281875
153.482	0.0	0.0	-0.00327265
153.542	0.0	0.0	-0.0032067437500000007
153.612	0.0	0.0	-0.0031204875000000005
153.712	0.0	0.0	-0.0030078687500000004
153.822	0.0	0.0	-0.00287559375
153.882	0.0	0.0	-0.0025717312500000006
153.952	0.0	0.0	-0.00218397125
154.052	0.0	0.0	-0.0016869225000000004
154.162	0.0	0.0	-0.0011086125
154.222	0.0	0.0	-0.0007521868750000001
154.292	0.0	0.0	-0.000292138125
154.382	0.0	0.0	0.0003088575
154.492	0.0	0.0	0.0010200900000000002
154.552	0.0	0.0	0.0012758293750000003
154.622	0.0	0.0	0.0016111418750000004
154.722	0.0	0.0	0.00204947625
154.832	0.0	0.0	0.0025652562500000004
154.892	0.0	0.0	0.00259855625
154.962	0.0	0.0	0.00264110625
155.062	0.0	0.0	0.0026956812500000004
155.172	0.0	0.0	0.0027592750000000003
155.232	0.0	0.0	0.0025758937499999997
155.302	0.0	0.0	0.0023388625
155.392	0.0	0.0	0.002028409375
155.502	0.0	0.0	0.00166069875
155.562	0.0	0.0	0.00136312625
155.632	0.0	0.0	0.0009719668750000002
155.732	0.0	0.0	0.00045965562500000005
155.842	0.0	0.0	-0.0001438536875
155.902	0.0	0.0	-0.0004115325
155.972	0.0	0.0	-0.0007543375000000001
156.072	0.0	0.0	-0.00119533125
156.182	0.0	0.0	-0.0017093075
156.232	0.0	0.0	-0.0018076812500000005
156.312	0.0	0.0	-0.001935678125
156.402	0.0	0.0	-0.0021040281250000003
156.512	0.0	0.0	-0.002304059375
156.572	0.0	0.0	-0.002216600625
156.642	0.0	0.0	-0.0021022706250000004
156.742	0.0	0.0	-0.001953669375
156.852	0.0	0.0	-0.001779954375
156.912	0.0	0.0	-0.0015685456250000003
156.982	0.0	0.0	-0.00129504625
157.072	0.0	0.0	-0.0009367706250000002
157.182	0.0	0.0	-0.000512010625
157.242	0.0	0.0	-0.00028263375
157.312	0.0	0.0	2.0417525e-05
157.412	0.0	0.0	0.00041879375
157.522	0.0	0.0	0.0008889018750000002
157.582	0.0	0.0	0.00103114375
157.652	0.0	0.0	0.0012141550000000002
157.752	0.0	0.0	0.00145044625
157.862	0.0	0.0	0.0017263737500000003
157.912	0.0	0.0	0.0017184881250000002
157.992	0.0	0.0	0.0017082206250000002
158.082	0.0	0.0	0.0016947156250000002
158.192	0.0	0.0	0.001678666875
158.252	0.0	0.0	0.0015444725
158.322	0.0	0.0	0.00136682625
158.422	0.0	0.0	0.00113298625
158.532	0.0	0.0	0.0008568043750000001
158.592	0.0	0.0	0.0006614675
158.662	0.0	0.0	0.00040954375000000004
158.762	0.0	0.0	8.363387500000002e-05
158.872	0.0	0.0	-0.000297295
158.922	0.0	0.0	-0.00044504062500000006
159.002	0.0	0.0	-0.0006380187500000001
159.092	0.0	0.0	-0.0008925325000000002
159.202	0.0	0.0	-0.0011951
159.262	0.0	0.0	-0.0012425525
159.332	0.0	0.0	-0.00130549875
159.432	0.0	0.0	-0.0013885637500000002
159.542	0.0	0.0	-0.001486729375
159.602	0.0	0.0	-0.001412636875
159.672	0.0	0.0	-0.001316853125
159.772	0.0	0.0	-0.0011926718750000002
159.882	0.0	0.0	-0.00104742375
159.932	0.0	0.0	-0.0009028693750000001
160.002	0.0	0.0	-0.0007135218750000001
160.102	0.0	0.0	-0.0004633325
160.212	0.0	0.0	-0.0001656004375
160.272	0.0	0.0	-1.6500612500000003e-05
160.342	0.0	0.0	0.00018187581250000002
160.442	0.0	0.0	0.000444069375
160.552	0.0	0.0	0.00075429125
160.612	0.0	0.0	0.0008368706250000001
160.682	0.0	0.0	0.000943893125
160.782	0.0	0.0	0.0010828975
160.892	0.0	0.0	0.0012456743750000002
160.942	0.0	0.0	0.001223844375
161.012	0.0	0.0	0.0011951925000000003
161.112	0.0	0.0	0.00115722125
161.222	0.0	0.0	0.001112011875
161.272	0.0	0.0	0.001007163125
161.352	0.0	0.0	0.0008672568750000001
161.452	0.0	0.0	0.0006820256250000002
161.562	0.0	0.0	0.00046263875
161.622	0.0	0.0	0.00032724187500000006
161.692	0.0	0.0	0.0001512999375
161.792	0.0	0.0	-7.76468125e-05
161.902	0.0	0.0	-0.00034601937500000006
161.952	0.0	0.0	-0.000434935
162.022	0.0	0.0	-0.0005519937500000001
162.122	0.0	0.0	-0.0007073243750000001
162.232	0.0	0.0	-0.00089248625
162.282	0.0	0.0	-0.000905413125
162.362	0.0	0.0	-0.000922710625
162.452	0.0	0.0	-0.0009456275000000002
162.572	0.0	0.0	-0.0009728225000000001
162.632	0.0	0.0	-0.000908280625
162.702	0.0	0.0	-0.0008242212500000001
162.802	0.0	0.0	-0.0007146087500000001
162.912	0.0	0.0	-0.0005860106250000001
162.962	0.0	0.0	-0.0004896487500000001
163.032	0.0	0.0	-0.000362438125
163.132	0.0	0.0	-0.00019330650000000003
163.242	0.0	0.0	8.534050000000002e-06
163.292	0.0	0.0	9.51200625e-05
163.372	0.0	0.0	0.0002112353125
163.462	0.0	0.0	0.00036558312500000004
163.582	0.0	0.0	0.00054875625
163.642	0.0	0.0	0.00059001125
163.712	0.0	0.0	0.0006438693750000001
163.812	0.0	0.0	0.00071423875
163.922	0.0	0.0	0.0007968643750000001
163.972	0.0	0.0	0.0007779943750000001
164.042	0.0	0.0	0.0007529962500000001
164.142	0.0	0.0	0.000719673125
164.252	0.0	0.0	0.0006798981250000001
164.302	0.0	0.0	0.0006081875
164.382	0.0	0.0	0.00051175625
164.472	0.0	0.0	0.00038332000000000004
164.592	0.0	0.0	0.00023078518750000002
164.652	0.0	0.0	0.00012678975000000002
164.722	0.0	0.0	-9.347356250000002e-06
164.822	0.0	0.0	-0.00018754375000000002
164.932	0.0	0.0	-0.0003970331250000001
164.982	0.0	0.0	-0.0004822487500000001
165.052	0.0	0.0	-0.0005953762500000001
165.152	0.0	0.0	-0.0007463593750000002
165.262	0.0	0.0	-0.0009268962500000001
165.312	0.0	0.0	-0.000952079375
165.392	0.0	0.0	-0.000986026875
165.482	0.0	0.0	-0.0010313056250000003
165.602	0.0	0.0	-0.00108516375
165.662	0.0	0.0	-0.0010162975
165.732	0.0	0.0	-0.000925948125
165.832	0.0	0.0	-0.0008074325000000001
165.942	0.0	0.0	-0.000667965625
165.992	0.0	0.0	-0.0005299325000000001
166.062	0.0	0.0	-0.00034620437500000004
166.162	0.0	0.0	-0.00010048043750000001
166.272	0.0	0.0	0.00019361637500000002
166.322	0.0	0.0	0.00034590375000000004
166.402	0.0	0.0	0.0005517856249999999
166.492	0.0	0.0	0.0008270656250000001
166.612	0.0	0.0	0.00115463125
166.672	0.0	0.0	0.0012366093749999999
166.742	0.0	0.0	0.0013444875
166.842	0.0	0.0	0.0014862437500000002
166.952	0.0	0.0	0.0016532062500000002
167.002	0.0	0.0	0.0016047593750000001
167.072	0.0	0.0	0.0015400556250000003
167.172	0.0	0.0	0.0014533831250000003
167.282	0.0	0.0	0.0013495287500000003
167.332	0.0	0.0	0.001179375
167.412	0.0	0.0	0.0009487725000000001
167.502	0.0	0.0	0.000639799375
167.622	0.0	0.0	0.00027181125000000003
167.682	0.0	0.0	5.107156250000001e-05
167.752	0.0	0.0	-0.00024008375000000002
167.852	0.0	0.0	-0.00062345
167.962	0.0	0.0	-0.001075405
168.012	0.0	0.0	-0.0012169762500000001
168.082	0.0	0.0	-0.00140641625
168.182	0.0	0.0	-0.0016608375
168.292	0.0	0.0	-0.001965925625
168.342	0.0	0.0	-0.001960236875
168.422	0.0	0.0	-0.0019525131250000003
168.512	0.0	0.0	-0.0019421300000000002
168.632	0.0	0.0	-0.0019297581250000003
168.692	0.0	0.0	-0.0017610612500000003
168.762	0.0	0.0	-0.0015379281250000002
168.862	0.0	0.0	-0.001243593125
168.972	0.0	0.0	-0.0008962556250000001
169.022	0.0	0.0	-0.0006629243750000001
169.092	0.0	0.0	-0.00034978875
169.192	0.0	0.0	7.15371875e-05
169.302	0.0	0.0	0.0005772462500000001
169.352	0.0	0.0	0.0007699931250000001
169.432	0.0	0.0	0.0010326931250000003
169.522	0.0	0.0	0.0013859968750000002
169.642	0.0	0.0	0.0018075656250000002
169.702	0.0	0.0	0.0018574231250000001
169.772	0.0	0.0	0.001923514375
169.872	0.0	0.0	0.0020108575
169.982	0.0	0.0	0.0021140412500000004
170.032	0.0	0.0	0.0020007056250000003
170.102	0.0	0.0	0.00184819625
170.202	0.0	0.0	0.001642591875
170.312	0.0	0.0	0.0013955706250000002
170.362	0.0	0.0	0.001182496875
170.442	0.0	0.0	0.0008913531250000002
170.532	0.0	0.0	0.00049899125
170.652	0.0	0.0	3.03839375e-05
170.712	0.0	0.0	-0.00017510018750000004
170.782	0.0	0.0	-0.00044811625000000006
170.882	0.0	0.0	-0.00080951375
170.992	0.0	0.0	-0.0012367018750000002
171.042	0.0	0.0	-0.001319674375
171.112	0.0	0.0	-0.0014319693750000002
171.212	0.0	0.0	-0.0015841318750000003
171.322	0.0	0.0	-0.0017674437500000003
171.372	0.0	0.0	-0.0017111575
171.452	0.0	0.0	-0.0016346831250000002
171.542	0.0	0.0	-0.0015324475000000003
171.662	0.0	0.0	-0.00141122625
171.712	0.0	0.0	-0.0012635500000000002
171.782	0.0	0.0	-0.0010648600000000002
171.882	0.0	0.0	-0.00079674875
171.992	0.0	0.0	-0.00047443250000000006
172.042	0.0	0.0	-0.00032037375000000003
172.122	0.0	0.0	-0.0001087083125
172.212	0.0	0.0	0.0001775884375
172.332	0.0	0.0	0.00052008125
172.382	0.0	0.0	0.0006045800000000001
172.462	0.0	0.0	0.000717360625
172.552	0.0	0.0	0.00086723375
172.672	0.0	0.0	0.0010446950000000002
172.722	0.0	0.0	0.0010292937500000002
172.792	0.0	0.0	0.001008411875
172.892	0.0	0.0	0.000980106875
173.002	0.0	0.0	0.000946020625
173.052	0.0	0.0	0.0008687368750000001
173.122	0.0	0.0	0.000762385
173.222	0.0	0.0	0.000618293125
173.342	0.0	0.0	0.00044578062500000005
173.392	0.0	0.0	0.00036345562500000005
173.472	0.0	0.0	0.00025324187500000005
173.562	0.0	0.0	0.00010651837500000002
173.682	0.0	0.0	-6.738625000000001e-05
173.732	0.0	0.0	-0.00010169450000000001
173.802	0.0	0.0	-0.0001483353125
173.902	0.0	0.0	-0.00021169318750000003
174.012	0.0	0.0	-0.00028806812500000004
174.062	0.0	0.0	-0.000276043125
174.132	0.0	0.0	-0.00025943937500000005
174.232	0.0	0.0	-0.0002368925
174.352	0.0	0.0	-0.0002098801875
174.402	0.0	0.0	-0.00018467162500000002
174.482	0.0	0.0	-0.00015083281250000003
174.572	0.0	0.0	-0.00010569975
174.692	0.0	0.0	-5.2153812500000006e-05
174.742	0.0	0.0	-4.92446875e-05
174.812	0.0	0.0	-4.527875000000001e-05
174.912	0.0	0.0	-3.9881375e-05
175.022	0.0	0.0	-3.3369375000000004e-05
175.072	0.0	0.0	-2.3407125e-06
175.142	0.0	0.0	4.06075e-05
175.242	0.0	0.0	9.901893750000001e-05
175.362	0.0	0.0	0.000169076125
175.412	0.0	0.0	0.00021547181250000002
175.492	0.0	0.0	0.00027791625
175.582	0.0	0.0	0.0003613512500000001
175.702	0.0	0.0	0.00046044187500000005
175.752	0.0	0.0	0.000478595
175.822	0.0	0.0	0.0005033850000000001
175.922	0.0	0.0	0.0005372168750000001
176.032	0.0	0.0	0.0005780556250000001
176.082	0.0	0.0	0.000541564375
176.152	0.0	0.0	0.0004908975000000001
176.252	0.0	0.0	0.0004218693750000001
176.372	0.0	0.0	0.00033898937500000006
176.422	0.0	0.0	0.000252918125
176.502	0.0	0.0	0.000136789
176.592	0.0	0.0	-1.8718993750000003e-05
176.712	0.0	0.0	-0.0002035670625
176.762	0.0	0.0	-0.00028712000000000003
176.832	0.0	0.0	-0.000401658125
176.932	0.0	0.0	-0.000558214375
177.042	0.0	0.0	-0.0007474693750000001
177.092	0.0	0.0	-0.0007830818750000001
177.162	0.0	0.0	-0.0008326618750000001
177.262	0.0	0.0	-0.0009003487500000001
177.382	0.0	0.0	-0.000981679375
177.432	0.0	0.0	-0.0009383893750000001
177.512	0.0	0.0	-0.0008798137499999999
177.602	0.0	0.0	-0.0008012118750000001
177.722	0.0	0.0	-0.0007077175000000001
177.772	0.0	0.0	-0.0006092743750000001
177.842	0.0	0.0	-0.00047392375000000005
177.932	0.0	0.0	-0.00028855375
178.052	0.0	0.0	-6.4282875e-05
178.102	0.0	0.0	4.2822875000000005e-05
178.172	0.0	0.0	0.00019233987500000003
178.272	0.0	0.0	0.00039687125
178.392	0.0	0.0	0.000642875
178.442	0.0	0.0	0.000701311875
178.522	0.0	0.0	0.0007806075000000001
178.612	0.0	0.0	0.0008872137500000002
178.732	0.0	0.0	0.0010141468750000002
178.782	0.0	0.0	0.0009926175
178.852	0.0	0.0	0.0009629481250000002
178.942	0.0	0.0	0.000922201875
179.062	0.0	0.0	0.00087287625
179.112	0.0	0.0	0.0007895106250000001
179.182	0.0	0.0	0.000672775625
179.282	0.0	0.0	0.00051277375
179.402	0.0	0.0	0.00032018875000000004
179.452	0.0	0.0	0.000219743
179.532	0.0	0.0	8.310893750000001e-05
179.622	0.0	0.0	-0.00010091750000000002
179.742	0.0	0.0	-0.00032028125000000004
179.792	0.0	0.0	-0.000377654375
179.862	0.0	0.0	-0.0004570425
179.952	0.0	0.0	-0.0005661693750000001
180.072	0.0	0.0	-0.0006984675
180.122	0.0	0.0	-0.0006964787500000002
180.192	0.0	0.0	-0.0006937037500000001
180.292	0.0	0.0	-0.0006898881250000001
180.412	0.0	0.0	-0.0006853093750000001
180.462	0.0	0.0	-0.000633601875
180.542	0.0	0.0	-0.0005630706250000001
180.632	0.0	0.0	-0.0004679112500000001
180.752	0.0	0.0	-0.0003543675
180.802	0.0	0.0	-0.00029567625
180.872	0.0	0.0	-0.00021427856250000004
180.962	0.0	0.0	-0.00010212925000000001
181.082	0.0	0.0	3.39451875e-05
181.132	0.0	0.0	7.089893750000002e-05
181.202	0.0	0.0	0.0001229255625
181.302	0.0	0.0	0.00019452056250000003
181.422	0.0	0.0	0.000280853125
181.472	0.0	0.0	0.00028598687500000004
181.552	0.0	0.0	0.00029304
181.642	0.0	0.0	0.00030254437500000004
181.762	0.0	0.0	0.00031389875000000005
181.812	0.0	0.0	0.000300463125
181.882	0.0	0.0	0.000281755
181.972	0.0	0.0	0.00025594750000000003
182.092	0.0	0.0	0.00022461081250000004
182.142	0.0	0.0	0.00020108112500000002
182.212	0.0	0.0	0.00016785512500000003
182.312	0.0	0.0	0.00012204450000000002
182.432	0.0	0.0	6.675031250000001e-05
182.482	0.0	0.0	2.6700125e-05
182.552	0.0	0.0	-2.82286875e-05
182.652	0.0	0.0	-0.00010264493750000001
182.772	0.0	0.0	-0.00019159293750000003
182.822	0.0	0.0	-0.000234048125
182.892	0.0	0.0	-0.00029327125000000004
182.982	0.0	0.0	-0.00037520312500000005
183.102	0.0	0.0	-0.000474779375
183.152	0.0	0.0	-0.0004923543750000001
183.222	0.0	0.0	-0.00051721375
183.322	0.0	0.0	-0.0005515775
183.442	0.0	0.0	-0.00059306375
183.492	0.0	0.0	-0.0005575668750000001
183.562	0.0	0.0	-0.0005087268750000001
183.662	0.0	0.0	-0.0004424275000000001
183.782	0.0	0.0	-0.00036310875000000005
183.832	0.0	0.0	-0.00028305
183.902	0.0	0.0	-0.0001709885625
183.992	0.0	0.0	-1.5657012500000004e-05
184.112	0.0	0.0	0.0001733288125
184.162	0.0	0.0	0.00026519750000000006
184.232	0.0	0.0	0.00039569187500000007
184.332	0.0	0.0	0.000576344375
184.452	0.0	0.0	0.0007947368750000001
184.502	0.0	0.0	0.000843576875
184.572	0.0	0.0	0.0009109168750000001
184.672	0.0	0.0	0.001002491875
184.792	0.0	0.0	0.00111217375
184.842	0.0	0.0	0.001077833125
184.912	0.0	0.0	0.001029640625
185.002	0.0	0.0	0.0009626937500000001
185.122	0.0	0.0	0.0008811781250000001
185.172	0.0	0.0	0.0007681662500000001
185.242	0.0	0.0	0.0006071931250000001
185.342	0.0	0.0	0.000383944375
185.462	0.0	0.0	0.00011377037500000001
185.512	0.0	0.0	-3.1574875000000007e-05
185.582	0.0	0.0	-0.000232475625
185.682	0.0	0.0	-0.0005061368750000001
185.802	0.0	0.0	-0.0008340262500000002
185.852	0.0	0.0	-0.0009243062500000001
185.922	0.0	0.0	-0.0010518175
186.012	0.0	0.0	-0.0012297875000000002
186.132	0.0	0.0	-0.0014471162500000001
186.182	0.0	0.0	-0.00143758875
186.252	0.0	0.0	-0.0014241300000000002
186.352	0.0	0.0	-0.0014055837500000002
186.472	0.0	0.0	-0.001383314375
186.522	0.0	0.0	-0.001269770625
186.592	0.0	0.0	-0.00111041625
186.682	0.0	0.0	-0.000888925
186.802	0.0	0.0	-0.00061901
186.852	0.0	0.0	-0.00044992000000000003
186.922	0.0	0.0	-0.00020767868750000003
187.022	0.0	0.0	0.00012954393750000002
187.142	0.0	0.0	0.000538326875
187.192	0.0	0.0	0.00068241875
187.262	0.0	0.0	0.0008826581250000002
187.362	0.0	0.0	0.00115638875
187.482	0.0	0.0	0.0014849718750000003
187.532	0.0	0.0	0.0015197750000000003
187.602	0.0	0.0	0.0015690081250000001
187.692	0.0	0.0	0.0016377587500000003
187.812	0.0	0.0	0.0017216793750000003
187.862	0.0	0.0	0.0016326481250000001
187.932	0.0	0.0	0.0015048131250000002
188.032	0.0	0.0	0.0013265656250000001
188.152	0.0	0.0	0.0011103700000000003
188.202	0.0	0.0	0.0009302262500000001
188.272	0.0	0.0	0.0006792275000000001
188.372	0.0	0.0	0.000335381875
188.492	0.0	0.0	-7.774162500000001e-05
188.542	0.0	0.0	-0.00024489375
188.612	0.0	0.0	-0.00048211
188.702	0.0	0.0	-0.0008140925
188.822	0.0	0.0	-0.0012196818750000002
188.872	0.0	0.0	-0.0013040650000000003
188.942	0.0	0.0	-0.0014255637500000002
189.042	0.0	0.0	-0.0015953243750000002
189.162	0.0	0.0	-0.0018014143750000003
189.212	0.0	0.0	-0.0017539850000000002
189.282	0.0	0.0	-0.001687685625
189.382	0.0	0.0	-0.0015967118750000002
189.502	0.0	0.0	-0.0014872843750000002
189.552	0.0	0.0	-0.0013390300000000002
189.622	0.0	0.0	-0.0011279681250000002
189.712	0.0	0.0	-0.0008320143750000001
189.832	0.0	0.0	-0.000470085
189.882	0.0	0.0	-0.00028672687500000003
189.952	0.0	0.0	-2.183948125e-05
190.052	0.0	0.0	0.000348886875
190.172	0.0	0.0	0.0007994312500000001
190.222	0.0	0.0	0.0009298099999999999
190.292	0.0	0.0	0.001112520625
190.392	0.0	0.0	0.001363796875
190.512	0.0	0.0	0.001666225625
190.562	0.0	0.0	0.0016732556250000001
190.632	0.0	0.0	0.0016832456250000004
190.722	0.0	0.0	0.001697305625
190.842	0.0	0.0	0.0017145106250000001
190.892	0.0	0.0	0.001601660625
190.962	0.0	0.0	0.0014381437500000003
191.062	0.0	0.0	0.0012088362500000001
191.182	0.0	0.0	0.0009299025
191.232	0.0	0.0	0.0007446712500000001
191.302	0.0	0.0	0.000484306875
191.402	0.0	0.0	0.00012556874999999999
191.522	0.0	0.0	-0.000306614375
191.572	0.0	0.0	-0.00045824500000000003
191.642	0.0	0.0	-0.0006754118750000001
191.732	0.0	0.0	-0.0009811937500000003
191.852	0.0	0.0	-0.001355795625
191.902	0.0	0.0	-0.0014139318750000002
191.972	0.0	0.0	-0.00149845375
192.072	0.0	0.0	-0.0016172006250000002
192.192	0.0	0.0	-0.0017617781250000002
192.242	0.0	0.0	-0.0016919868750000003
192.312	0.0	0.0	-0.0015936131250000002
192.412	0.0	0.0	-0.0014578000000000004
192.532	0.0	0.0	-0.001294051875
192.582	0.0	0.0	-0.0011409412500000002
192.652	0.0	0.0	-0.000920953125
192.742	0.0	0.0	-0.0006105925000000001
192.862	0.0	0.0	-0.00023004056250000002
192.912	0.0	0.0	-6.05296875e-05
192.982	0.0	0.0	0.00018656556250000003
193.082	0.0	0.0	0.000534465
193.202	0.0	0.0	0.0009583231250000001
193.252	0.0	0.0	0.00106222375
193.322	0.0	0.0	0.001209090625
193.422	0.0	0.0	0.0014122668749999999
193.542	0.0	0.0	0.001657484375
193.592	0.0	0.0	0.0016412968750000002
193.662	0.0	0.0	0.001617940625
193.752	0.0	0.0	0.0015849643750000004
193.872	0.0	0.0	0.0015444493750000003
193.922	0.0	0.0	0.00142204875
193.992	0.0	0.0	0.00124306125
194.092	0.0	0.0	0.000990559375
194.212	0.0	0.0	0.00068265
194.262	0.0	0.0	0.000508033125
194.332	0.0	0.0	0.00026048
194.432	0.0	0.0	-8.262331250000001e-05
194.552	0.0	0.0	-0.0004970718749999999
194.602	0.0	0.0	-0.0006239125000000001
194.672	0.0	0.0	-0.0008072937500000001
194.762	0.0	0.0	-0.0010670337500000003
194.882	0.0	0.0	-0.0013861125
194.932	0.0	0.0	-0.0014168918750000002
195.002	0.0	0.0	-0.0014620318750000003
195.102	0.0	0.0	-0.0015258337500000001
195.222	0.0	0.0	-0.0016036956250000001
195.272	0.0	0.0	-0.00151898875
195.342	0.0	0.0	-0.0013985075000000002
195.442	0.0	0.0	-0.001231198125
195.562	0.0	0.0	-0.00102892375
195.612	0.0	0.0	-0.0008833981250000001
195.672	0.0	0.0	-0.0006723131250000002
195.772	0.0	0.0	-0.000372705625
195.892	0.0	0.0	-4.36415e-06
195.942	0.0	0.0	0.0001379568125
196.012	0.0	0.0	0.000347360625
196.112	0.0	0.0	0.000643915625
196.232	0.0	0.0	0.00100616875
196.282	0.0	0.0	0.0010759600000000002
196.352	0.0	0.0	0.0011754900000000002
196.452	0.0	0.0	0.0013139625
196.572	0.0	0.0	0.0014815493750000002
196.622	0.0	0.0	0.0014459600000000003
196.682	0.0	0.0	0.0013942062500000001
196.782	0.0	0.0	0.001320599375
196.902	0.0	0.0	0.001229995625
196.952	0.0	0.0	0.001113630625
197.022	0.0	0.0	0.0009418581250000001
197.122	0.0	0.0	0.0006981206250000001
197.242	0.0	0.0	0.00040013187500000005
197.292	0.0	0.0	0.000257866875
197.362	0.0	0.0	5.440618750000001e-05
197.462	0.0	0.0	-0.00022927281250000004
197.582	0.0	0.0	-0.0005728525000000001
197.632	0.0	0.0	-0.0006601493750000001
197.692	0.0	0.0	-0.0007875681250000001
197.792	0.0	0.0	-0.0009691918750000002
197.912	0.0	0.0	-0.001192856875
197.962	0.0	0.0	-0.0011963487500000001
198.032	0.0	0.0	-0.0012015287500000001
198.132	0.0	0.0	-0.0012088825
198.252	0.0	0.0	-0.0012179012500000003
198.302	0.0	0.0	-0.00113613125
198.372	0.0	0.0	-0.0010188412500000002
198.472	0.0	0.0	-0.0008550006250000001
198.592	0.0	0.0	-0.0006563568750000002
198.642	0.0	0.0	-0.0005438075000000001
198.702	0.0	0.0	-0.00037901875000000005
198.802	0.0	0.0	-0.00014363631250000002
198.922	0.0	0.0	0.00014650150000000003
198.972	0.0	0.0	0.00024066187500000003
199.042	0.0	0.0	0.00038049875000000004
199.142	0.0	0.0	0.0005796975000000001
199.262	0.0	0.0	0.0008236893750000001
199.312	0.0	0.0	0.0008551162500000001
199.382	0.0	0.0	0.000900325625
199.482	0.0	0.0	0.0009636187500000002
199.602	0.0	0.0	0.001040416875
199.652	0.0	0.0	0.0010003643750000001
199.712	0.0	0.0	0.0009415112500000001
199.812	0.0	0.0	0.0008573131250000001
199.932	0.0	0.0	0.0007534125
199.982	0.0	0.0	0.0006690525
200.052	0.0	0.0	0.0005433681250000001
200.152	0.0	0.0	0.000363964375
200.272	0.0	0.0	0.000144045625
200.322	0.0	0.0	5.722975e-05
200.392	0.0	0.0	-6.79875e-05
200.492	0.0	0.0	-0.00024352937500000003
200.612	0.0	0.0	-0.00045662625
200.662	0.0	0.0	-0.000498135625
200.722	0.0	0.0	-0.000559555625
200.822	0.0	0.0	-0.00064787
200.942	0.0	0.0	-0.0007571125000000001
200.992	0.0	0.0	-0.000745341875
201.062	0.0	0.0	-0.000727951875
201.162	0.0	0.0	-0.0007033237500000001
201.282	0.0	0.0	-0.00067335375
201.332	0.0	0.0	-0.000621438125
201.392	0.0	0.0	-0.0005451950000000001
201.492	0.0	0.0	-0.000435975625
201.612	0.0	0.0	-0.000301156875
201.662	0.0	0.0	-0.00023832625000000003
201.732	0.0	0.0	-0.0001441496875
201.832	0.0	0.0	-9.2005125e-06
201.952	0.0	0.0	0.00015647762500000002
202.002	0.0	0.0	0.00020081287500000003
202.072	0.0	0.0	0.000265128125
202.172	0.0	0.0	0.00035561625000000004
202.292	0.0	0.0	0.00046564500000000005
202.342	0.0	0.0	0.00047170375
202.402	0.0	0.0	0.00048067625
202.502	0.0	0.0	0.000493603125
202.622	0.0	0.0	0.000509559375
202.672	0.0	0.0	0.00048345125000000006
202.742	0.0	0.0	0.000444208125
202.842	0.0	0.0	0.00038789875000000006
202.962	0.0	0.0	0.000318731875
203.012	0.0	0.0	0.00027493312500000003
203.082	0.0	0.0	0.000211228375
203.182	0.0	0.0	0.000121401625
203.302	0.0	0.0	1.2067087500000001e-05
203.352	0.0	0.0	-2.46628125e-05
203.412	0.0	0.0	-7.927481250000002e-05
203.512	0.0	0.0	-0.00015801543750000002
203.632	0.0	0.0	-0.00025546187500000004
203.682	0.0	0.0	-0.000274470625
203.752	0.0	0.0	-0.0003031225
203.852	0.0	0.0	-0.000344308125
203.972	0.0	0.0	-0.000394951875
204.022	0.0	0.0	-0.0003884306250000001
204.092	0.0	0.0	-0.000378903125
204.192	0.0	0.0	-0.0003654675000000001
204.312	0.0	0.0	-0.000349095
204.362	0.0	0.0	-0.00032044312500000005
204.422	0.0	0.0	-0.00027773125
204.522	0.0	0.0	-0.00021600831250000003
204.642	0.0	0.0	-0.000139550125
204.692	0.0	0.0	-9.7185125e-05
204.762	0.0	0.0	-3.310575e-05
204.862	0.0	0.0	5.920925000000001e-05
204.982	0.0	0.0	0.00017281775
205.032	0.0	0.0	0.00021171862500000003
205.102	0.0	0.0	0.00026866625
205.202	0.0	0.0	0.00034928000000000004
205.322	0.0	0.0	0.00044756125000000005
205.362	0.0	0.0	0.00045942437500000007
205.432	0.0	0.0	0.00047720750000000006
205.532	0.0	0.0	0.0005029225000000001
205.652	0.0	0.0	0.000534811875
205.702	0.0	0.0	0.0005097906250000001
205.772	0.0	0.0	0.0004717962500000001
205.872	0.0	0.0	0.00041694375000000006
205.992	0.0	0.0	0.00034939562500000006
206.042	0.0	0.0	0.00029068125
206.112	0.0	0.0	0.00020445275000000003
206.212	0.0	0.0	8.216775000000001e-05
206.332	0.0	0.0	-6.70648125e-05
206.372	0.0	0.0	-0.0001275690625
206.442	0.0	0.0	-0.00021843643750000003
206.542	0.0	0.0	-0.00035025125
206.662	0.0	0.0	-0.000513814375
206.712	0.0	0.0	-0.0005483862500000001
206.782	0.0	0.0	-0.0006010187500000001
206.882	0.0	0.0	-0.0006771231250000001
207.002	0.0	0.0	-0.0007709412500000001
207.052	0.0	0.0	-0.000753666875
207.122	0.0	0.0	-0.0007282293750000002
207.222	0.0	0.0	-0.0006920618750000001
207.342	0.0	0.0	-0.0006478931250000001
207.382	0.0	0.0	-0.000584438125
207.452	0.0	0.0	-0.00048881625
207.552	0.0	0.0	-0.00034983500000000005
207.672	0.0	0.0	-0.00017722075
207.722	0.0	0.0	-9.259712500000002e-05
207.792	0.0	0.0	3.667625e-05
207.892	0.0	0.0	0.00022401650000000004
208.012	0.0	0.0	0.00045514625000000005
208.062	0.0	0.0	0.0005187168750000001
208.132	0.0	0.0	0.00061267375
208.232	0.0	0.0	0.000746405625
208.352	0.0	0.0	0.0009099225000000002
208.392	0.0	0.0	0.000913090625
208.462	0.0	0.0	0.0009178775000000001
208.562	0.0	0.0	0.0009248612500000001
208.682	0.0	0.0	0.0009335331250000001
208.732	0.0	0.0	0.0008733387500000001
208.792	0.0	0.0	0.0007810468750000002
208.902	0.0	0.0	0.0006470375000000001
209.022	0.0	0.0	0.00048157812500000007
209.072	0.0	0.0	0.00038105375
209.142	0.0	0.0	0.00023205937500000003
209.242	0.0	0.0	1.947425625e-05
209.362	0.0	0.0	-0.000240615625
209.402	0.0	0.0	-0.00032222375000000005
209.472	0.0	0.0	-0.00044601187500000004
209.572	0.0	0.0	-0.0006266875000000001
209.692	0.0	0.0	-0.0008514856250000001
209.742	0.0	0.0	-0.0008797906250000002
209.802	0.0	0.0	-0.0009233350000000002
209.912	0.0	0.0	-0.0009866743750000001
210.032	0.0	0.0	-0.0010649525000000003
210.082	0.0	0.0	-0.00102050625
210.152	0.0	0.0	-0.0009544150000000001
210.252	0.0	0.0	-0.0008599725
210.372	0.0	0.0	-0.0007443012500000001
210.412	0.0	0.0	-0.0006557325000000001
210.482	0.0	0.0	-0.0005208906250000001
210.582	0.0	0.0	-0.000323680625
210.702	0.0	0.0	-7.81185625e-05
210.742	0.0	0.0	1.485989375e-05
210.812	0.0	0.0	0.00015833225000000002
210.922	0.0	0.0	0.000367479375
211.042	0.0	0.0	0.0006261787500000001
211.092	0.0	0.0	0.0006771925000000001
211.162	0.0	0.0	0.0007532968750000001
211.262	0.0	0.0	0.0008622850000000001
211.382	0.0	0.0	0.0009958550000000001
211.422	0.0	0.0	0.000979228125
211.492	0.0	0.0	0.0009538368750000002
211.592	0.0	0.0	0.00091662875
211.712	0.0	0.0	0.0008702631250000001
211.752	0.0	0.0	0.0007998243750000002
211.822	0.0	0.0	0.000690766875
211.922	0.0	0.0	0.0005314818750000001
212.052	0.0	0.0	0.000334271875
212.102	0.0	0.0	0.00024394562500000005
212.172	0.0	0.0	0.00010877768750000001
212.272	0.0	0.0	-8.521100000000001e-05
212.392	0.0	0.0	-0.000323171875
212.432	0.0	0.0	-0.000380845625
212.502	0.0	0.0	-0.000469275625
212.602	0.0	0.0	-0.0005991225000000001
212.722	0.0	0.0	-0.0007610900000000001
212.762	0.0	0.0	-0.0007676806250000001
212.832	0.0	0.0	-0.000777901875
212.932	0.0	0.0	-0.00079286375
213.062	0.0	0.0	-0.00081141
213.112	0.0	0.0	-0.0007648825000000001
213.182	0.0	0.0	-0.0006950218750000001
213.282	0.0	0.0	-0.00059454375
213.402	0.0	0.0	-0.00047119500000000004
213.442	0.0	0.0	-0.00040399375000000005
213.512	0.0	0.0	-0.00030060187500000003
213.612	0.0	0.0	-0.0001484509375
213.732	0.0	0.0	4.1479312500000005e-05
213.772	0.0	0.0	0.00010045962500000002
213.842	0.0	0.0	0.00019240462500000002
213.942	0.0	0.0	0.00032724187500000006
214.072	0.0	0.0	0.000494435625
214.122	0.0	0.0	0.0005184625000000001
214.192	0.0	0.0	0.000554653125
214.292	0.0	0.0	0.0006068000000000001
214.412	0.0	0.0	0.0006708793750000001
214.452	0.0	0.0	0.000651731875
214.522	0.0	0.0	0.000622178125
214.622	0.0	0.0	0.000578610625
214.742	0.0	0.0	0.00052415125
214.782	0.0	0.0	0.00047454812500000013
214.852	0.0	0.0	0.00039696375000000005
214.952	0.0	0.0	0.00028295750000000003
215.082	0.0	0.0	0.0001414671875
215.132	0.0	0.0	8.32523125e-05
215.202	0.0	0.0	-4.667318750000001e-06
215.302	0.0	0.0	-0.00013152575
215.422	0.0	0.0	-0.00028749
215.462	0.0	0.0	-0.00032245500000000003
215.532	0.0	0.0	-0.00037679875
215.632	0.0	0.0	-0.00045736625000000004
215.752	0.0	0.0	-0.00055828375
215.792	0.0	0.0	-0.000559046875
215.862	0.0	0.0	-0.00056022625
215.972	0.0	0.0	-0.000561960625
216.092	0.0	0.0	-0.00056411125
216.132	0.0	0.0	-0.000530233125
216.202	0.0	0.0	-0.00047794750000000006
216.302	0.0	0.0	-0.0004007562500000001
216.422	0.0	0.0	-0.00030427875000000004
216.462	0.0	0.0	-0.000251021875
216.532	0.0	0.0	-0.00016713362500000002
216.632	0.0	0.0	-4.341487500000001e-05
216.762	0.0	0.0	0.00011034787500000002
216.812	0.0	0.0	0.000158882625
216.882	0.0	0.0	0.0002326375
216.982	0.0	0.0	0.000339451875
217.102	0.0	0.0	0.0004709868750000001
217.142	0.0	0.0	0.000487174375
217.212	0.0	0.0	0.000512426875
217.312	0.0	0.0	0.000549843125
217.432	0.0	0.0	0.0005966943750000001
217.472	0.0	0.0	0.0005755812499999999
217.542	0.0	0.0	0.000542258125
217.642	0.0	0.0	0.0004930250000000001
217.772	0.0	0.0	0.00043181312500000006
217.822	0.0	0.0	0.000381655
217.882	0.0	0.0	0.000305180625
217.992	0.0	0.0	0.00019419912500000003
218.112	0.0	0.0	5.74078125e-05
218.152	0.0	0.0	9.15033125e-06
218.222	0.0	0.0	-6.632943750000001e-05
218.322	0.0	0.0	-0.00017847643750000004
218.442	0.0	0.0	-0.00031900937500000005
218.482	0.0	0.0	-0.00034551062500000004
218.552	0.0	0.0	-0.00038750562500000006
218.652	0.0	0.0	-0.00044964250000000005
218.782	0.0	0.0	-0.000526995625
218.832	0.0	0.0	-0.00051832375
218.892	0.0	0.0	-0.000505073125
219.002	0.0	0.0	-0.00048581
219.122	0.0	0.0	-0.0004620606250000001
219.162	0.0	0.0	-0.00042758125000000004
219.232	0.0	0.0	-0.0003734456250000001
219.332	0.0	0.0	-0.00029283187500000004
219.452	0.0	0.0	-0.00019175481250000004
219.492	0.0	0.0	-0.0001495609375
219.562	0.0	0.0	-8.246837500000002e-05
219.662	0.0	0.0	1.70324875e-05
219.792	0.0	0.0	0.0001409861875
219.842	0.0	0.0	0.0001707018125
219.902	0.0	0.0	0.00021631356250000002
220.012	0.0	0.0	0.0002827725
220.132	0.0	0.0	0.00036479687500000005
220.172	0.0	0.0	0.0003687050000000001
220.242	0.0	0.0	0.00037485625000000005
220.342	0.0	0.0	0.000384036875
220.462	0.0	0.0	0.00039555312500000003
220.502	0.0	0.0	0.0003770300000000001
220.572	0.0	0.0	0.00034745312500000005
220.672	0.0	0.0	0.0003034925
220.802	0.0	0.0	0.00024868625
220.842	0.0	0.0	0.00021418837500000002
220.912	0.0	0.0	0.00016105406250000001
221.022	0.0	0.0	8.348818750000001e-05
221.142	0.0	0.0	-1.2355918750000001e-05
221.182	0.0	0.0	-4.7579687500000004e-05
221.252	0.0	0.0	-0.000103280875
221.352	0.0	0.0	-0.00018654937500000004
221.472	0.0	0.0	-0.00029116687499999996
221.512	0.0	0.0	-0.000316280625
221.582	0.0	0.0	-0.000356495
221.682	0.0	0.0	-0.0004164118750000001
221.812	0.0	0.0	-0.00049112875
221.852	0.0	0.0	-0.000488700625
221.922	0.0	0.0	-0.00048490812500000003
222.022	0.0	0.0	-0.00047938125000000005
222.152	0.0	0.0	-0.00047253625000000005
222.192	0.0	0.0	-0.000435744375
222.262	0.0	0.0	-0.00037733062500000004
222.362	0.0	0.0	-0.00028984875000000003
222.482	0.0	0.0	-0.00017984775000000003
222.522	0.0	0.0	-0.000116267875
222.592	0.0	0.0	-1.407410625e-05
222.692	0.0	0.0	0.00013838925000000002
222.822	0.0	0.0	0.00032879125
222.862	0.0	0.0	0.00039067375000000006
222.932	0.0	0.0	0.0004866425000000001
223.032	0.0	0.0	0.00062728875
223.162	0.0	0.0	0.00080137375
223.202	0.0	0.0	0.00081913375
223.272	0.0	0.0	0.0008474156250000001
223.372	0.0	0.0	0.0008898500000000001
223.492	0.0	0.0	0.0009432687500000001
223.532	0.0	0.0	0.000898475625
223.602	0.0	0.0	0.000826233125
223.702	0.0	0.0	0.00071821625
223.832	0.0	0.0	0.0005832125
223.872	0.0	0.0	0.00048190187500000005
223.942	0.0	0.0	0.000324305
224.042	0.0	0.0	9.283993750000002e-05
224.172	0.0	0.0	-0.00019387306250000003
224.212	0.0	0.0	-0.00029475125000000003
224.282	0.0	0.0	-0.00045604812500000006
224.382	0.0	0.0	-0.0006986756250000002
224.502	0.0	0.0	-0.00100422625
224.542	0.0	0.0	-0.0010576450000000003
224.612	0.0	0.0	-0.001144155625
224.712	0.0	0.0	-0.001273725
224.842	0.0	0.0	-0.001435761875
224.882	0.0	0.0	-0.001398785
224.952	0.0	0.0	-0.001341065
225.052	0.0	0.0	-0.0012561268750000002
225.182	0.0	0.0	-0.001150815625
225.222	0.0	0.0	-0.001037641875
225.292	0.0	0.0	-0.000855995
225.392	0.0	0.0	-0.0005822181250000001
225.512	0.0	0.0	-0.000237100625
225.552	0.0	0.0	-9.196350000000001e-05
225.622	0.0	0.0	0.0001439115
225.722	0.0	0.0	0.0004979275000000001
225.852	0.0	0.0	0.0009410718750000001
225.892	0.0	0.0	0.00104520375
225.962	0.0	0.0	0.0012083275
226.062	0.0	0.0	0.0014488506250000003
226.192	0.0	0.0	0.0017472787500000002
226.232	0.0	0.0	0.001744758125
226.302	0.0	0.0	0.0017407112500000001
226.402	0.0	0.0	0.0017346062500000002
226.522	0.0	0.0	0.0017268825
226.562	0.0	0.0	0.001615235
226.632	0.0	0.0	0.0014331487500000002
226.732	0.0	0.0	0.0011593025
226.862	0.0	0.0	0.0008162200000000001
226.902	0.0	0.0	0.0006370474999999999
226.972	0.0	0.0	0.0003554081250000001
227.072	0.0	0.0	-6.0680000000000015e-05
227.202	0.0	0.0	-0.000577385
227.242	0.0	0.0	-0.0007183318750000001
227.312	0.0	0.0	-0.0009462981250000002
227.402	0.0	0.0	-0.0012913
227.532	0.0	0.0	-0.001726905625
227.572	0.0	0.0	-0.0017708893750000003
227.642	0.0	0.0	-0.00184292375
227.742	0.0	0.0	-0.0019514724999999998
227.872	0.0	0.0	-0.002087563125
227.912	0.0	0.0	-0.0019995725
227.982	0.0	0.0	-0.0018607762500000003
228.082	0.0	0.0	-0.0016553106250000002
228.212	0.0	0.0	-0.0013999875000000003
228.252	0.0	0.0	-0.00123325625
228.322	0.0	0.0	-0.0009625781250000001
228.412	0.0	0.0	-0.0005520631250000001
228.542	0.0	0.0	-3.3341625e-05
228.582	0.0	0.0	0.0001415689375
228.652	0.0	0.0	0.000429015
228.752	0.0	0.0	0.0008629787500000001
228.882	0.0	0.0	0.00140752625
228.922	0.0	0.0	0.0015030787500000002
228.992	0.0	0.0	0.0016542006250000003
229.092	0.0	0.0	0.00187825875
229.222	0.0	0.0	0.00215686875
229.262	0.0	0.0	0.002120678125
229.322	0.0	0.0	0.0020614550000000002
229.422	0.0	0.0	0.0019711518750000004
229.552	0.0	0.0	0.0018567987500000003
229.592	0.0	0.0	0.0017069025000000003
229.662	0.0	0.0	0.0014628412500000002
229.762	0.0	0.0	0.001097350625
229.892	0.0	0.0	0.0006417881250000001
229.932	0.0	0.0	0.000461274375
230.002	0.0	0.0	0.0001682505625
230.092	0.0	0.0	-0.00027652875000000004
230.222	0.0	0.0	-0.0008388825000000001
230.262	0.0	0.0	-0.0009699550000000001
230.332	0.0	0.0	-0.001186936875
230.432	0.0	0.0	-0.001515774375
230.562	0.0	0.0	-0.0019289950000000004
230.602	0.0	0.0	-0.0019442806250000004
230.672	0.0	0.0	-0.001968608125
230.772	0.0	0.0	-0.002004821875
230.902	0.0	0.0	-0.0020499156250000003
230.942	0.0	0.0	-0.0019472406250000004
231.002	0.0	0.0	-0.0017788443750000001
231.102	0.0	0.0	-0.0015219950000000002
231.232	0.0	0.0	-0.001196788125
231.272	0.0	0.0	-0.001025015625
231.342	0.0	0.0	-0.0007399075
231.442	0.0	0.0	-0.00030714625000000003
231.572	0.0	0.0	0.00023705437500000004
231.612	0.0	0.0	0.00039860562500000006
231.682	0.0	0.0	0.0006567731250000001
231.782	0.0	0.0	0.001041758125
231.912	0.0	0.0	0.0015216250000000002
231.952	0.0	0.0	0.00158235125
232.012	0.0	0.0	0.0016823668750000002
232.112	0.0	0.0	0.0018352000000000002
232.242	0.0	0.0	0.002028871875
232.282	0.0	0.0	0.0019728631250000004
232.352	0.0	0.0	0.001879530625
232.452	0.0	0.0	0.0017375662500000002
232.582	0.0	0.0	0.0015589256250000002
232.622	0.0	0.0	0.00140586125
232.692	0.0	0.0	0.001160343125
232.792	0.0	0.0	0.0007935343750000001
232.922	0.0	0.0	0.00033593687500000003
232.962	0.0	0.0	0.00017800700000000002
233.022	0.0	0.0	-8.30719375e-05
233.122	0.0	0.0	-0.0004828731250000001
233.252	0.0	0.0	-0.000989958125
233.292	0.0	0.0	-0.0010913843750000002
233.362	0.0	0.0	-0.0012610525
233.462	0.0	0.0	-0.0015196131250000003
233.592	0.0	0.0	-0.0018452593750000002
233.632	0.0	0.0	-0.00183718875
233.702	0.0	0.0	-0.0018241925000000003
233.802	0.0	0.0	-0.0018047675000000003
233.932	0.0	0.0	-0.0017805093750000002
233.972	0.0	0.0	-0.0016736025000000001
234.032	0.0	0.0	-0.0014961643750000002
234.132	0.0	0.0	-0.0012239137500000001
234.262	0.0	0.0	-0.0008783337500000002
234.302	0.0	0.0	-0.0007202975000000001
234.372	0.0	0.0	-0.000454938125
234.472	0.0	0.0	-4.9741875000000004e-05
234.602	0.0	0.0	0.00046099687500000006
234.642	0.0	0.0	0.0005975037500000001
234.712	0.0	0.0	0.0008180700000000002
234.812	0.0	0.0	0.00114889625
234.942	0.0	0.0	0.0015623018750000003
234.982	0.0	0.0	0.0016010825000000002
235.042	0.0	0.0	0.00166574
235.142	0.0	0.0	0.0017651543750000004
235.272	0.0	0.0	0.0018914631250000003
235.312	0.0	0.0	0.0018230131250000004
235.382	0.0	0.0	0.0017076425
235.482	0.0	0.0	0.0015311062500000003
235.612	0.0	0.0	0.0013084124999999999
235.652	0.0	0.0	0.0011565043750000003
235.722	0.0	0.0	0.00091015375
235.822	0.0	0.0	0.000539899375
235.952	0.0	0.0	7.687675e-05
235.992	0.0	0.0	-6.887318750000001e-05
236.052	0.0	0.0	-0.00031271937500000006
236.152	0.0	0.0	-0.0006884543750000001
236.282	0.0	0.0	-0.0011661475000000001
236.322	0.0	0.0	-0.0012493512500000002
236.392	0.0	0.0	-0.0013901593750000002
236.492	0.0	0.0	-0.0016060312500000003
236.622	0.0	0.0	-0.0018785825000000001
236.662	0.0	0.0	-0.001852104375
236.732	0.0	0.0	-0.0018090225
236.832	0.0	0.0	-0.0017441337500000002
236.962	0.0	0.0	-0.0016629187500000002
237.002	0.0	0.0	-0.0015454437500000003
237.062	0.0	0.0	-0.001348118125
237.162	0.0	0.0	-0.00104344625
237.292	0.0	0.0	-0.00065577875
237.332	0.0	0.0	-0.0004970950000000001
237.402	0.0	0.0	-0.00022748293750000004
237.502	0.0	0.0	0.00018668812500000003
237.632	0.0	0.0	0.000709960625
237.672	0.0	0.0	0.0008355293750000001
237.742	0.0	0.0	0.0010406943750000002
237.842	0.0	0.0	0.001350245625
237.972	0.0	0.0	0.0017379825
238.012	0.0	0.0	0.001759188125
238.072	0.0	0.0	0.0017949856250000001
238.172	0.0	0.0	0.001850346875
238.302	0.0	0.0	0.0019208550000000002
238.342	0.0	0.0	0.0018337200000000003
238.412	0.0	0.0	0.00168502625
238.512	0.0	0.0	0.001456204375
238.642	0.0	0.0	0.0011668412500000001
238.682	0.0	0.0	0.001003463125
238.752	0.0	0.0	0.0007355368750000001
238.852	0.0	0.0	0.00033047937499999997
238.982	0.0	0.0	-0.000177317875
239.022	0.0	0.0	-0.00032021187499999996
239.082	0.0	0.0	-0.0005621918750000002
239.182	0.0	0.0	-0.0009374181250000001
239.312	0.0	0.0	-0.00141557375
239.352	0.0	0.0	-0.0014826593750000001
239.422	0.0	0.0	-0.001597544375
239.522	0.0	0.0	-0.0017747050000000001
239.652	0.0	0.0	-0.0019989250000000004
239.692	0.0	0.0	-0.001949368125
239.762	0.0	0.0	-0.0018678293750000003
239.862	0.0	0.0	-0.0017442725000000002
239.992	0.0	0.0	-0.0015892656250000002
240.032	0.0	0.0	-0.0014562506250000002
240.092	0.0	0.0	-0.001230041875
240.192	0.0	0.0	-0.000878565
240.322	0.0	0.0	-0.000430286875
240.362	0.0	0.0	-0.000270724375
240.432	0.0	0.0	3.7217375000000004e-06
240.532	0.0	0.0	0.00042783562500000005
240.662	0.0	0.0	0.00096491375
240.702	0.0	0.0	0.0010741331250000003
240.772	0.0	0.0	0.0012546006250000001
240.872	0.0	0.0	0.0015285625000000004
241.002	0.0	0.0	0.0018725237500000005
241.042	0.0	0.0	0.0018709050000000004
241.102	0.0	0.0	0.0018681531250000004
241.202	0.0	0.0	0.0018638518750000001
241.332	0.0	0.0	0.0018583712500000002
241.372	0.0	0.0	0.0017540312500000002
241.442	0.0	0.0	0.0015738412500000002
241.542	0.0	0.0	0.0012948150000000002
241.672	0.0	0.0	0.0009411875000000001
241.712	0.0	0.0	0.0007780868750000001
241.782	0.0	0.0	0.000507570625
241.882	0.0	0.0	9.610287500000001e-05
242.012	0.0	0.0	-0.00042094437500000005
242.052	0.0	0.0	-0.000545403125
242.112	0.0	0.0	-0.0007588237500000001
242.212	0.0	0.0	-0.001091800625
242.342	0.0	0.0	-0.0015171387500000002
242.382	0.0	0.0	-0.0015576075000000003
242.452	0.0	0.0	-0.0016277687500000002
242.552	0.0	0.0	-0.00173664125
242.682	0.0	0.0	-0.0018746975000000004
242.722	0.0	0.0	-0.0018065481250000002
242.792	0.0	0.0	-0.0016930506250000003
242.892	0.0	0.0	-0.0015200756250000004
243.022	0.0	0.0	-0.001302561875
243.062	0.0	0.0	-0.0011730850000000001
243.122	0.0	0.0	-0.000950136875
243.222	0.0	0.0	-0.00060157375
243.352	0.0	0.0	-0.000155968875
243.392	0.0	0.0	-2.114619375e-05
243.452	0.0	0.0	0.00021357325000000003
243.562	0.0	0.0	0.000578495
243.692	0.0	0.0	0.00104168875
243.732	0.0	0.0	0.00111698375
243.802	0.0	0.0	0.001242714375
243.902	0.0	0.0	0.0014346056250000001
244.032	0.0	0.0	0.0016760768750000003
244.072	0.0	0.0	0.001654570625
244.132	0.0	0.0	0.0016171543750000002
244.232	0.0	0.0	0.0015583937500000002
244.362	0.0	0.0	0.0014830756250000003
244.402	0.0	0.0	0.0013808168750000002
244.472	0.0	0.0	0.0012046275
244.572	0.0	0.0	0.0009329550000000002
244.702	0.0	0.0	0.0005903350000000001
244.742	0.0	0.0	0.00046613062500000003
244.802	0.0	0.0	0.0002522475
244.902	0.0	0.0	-8.23966875e-05
245.032	0.0	0.0	-0.0005105075000000001
245.072	0.0	0.0	-0.0006031925000000001
245.132	0.0	0.0	-0.0007658537500000001
245.242	0.0	0.0	-0.0010196968750000002
245.372	0.0	0.0	-0.0013423600000000001
245.412	0.0	0.0	-0.0013597037500000003
245.482	0.0	0.0	-0.0013889106250000002
245.582	0.0	0.0	-0.0014336575000000002
245.712	0.0	0.0	-0.0014900362500000002
245.752	0.0	0.0	-0.001428454375
245.812	0.0	0.0	-0.0013211775000000002
245.912	0.0	0.0	-0.0011525500000000002
246.042	0.0	0.0	-0.0009365162500000001
246.082	0.0	0.0	-0.0008255162500000001
246.142	0.0	0.0	-0.000630086875
246.252	0.0	0.0	-0.000324651875
246.382	0.0	0.0	6.382731250000001e-05
246.422	0.0	0.0	0.00017580087500000002
246.492	0.0	0.0	0.0003649125
246.592	0.0	0.0	0.0006552237500000001
246.722	0.0	0.0	0.001021385
246.762	0.0	0.0	0.00107184375
246.822	0.0	0.0	0.0011601118749999999
246.922	0.0	0.0	0.0012991625000000001
247.052	0.0	0.0	0.0014774331250000002
247.092	0.0	0.0	0.001450608125
247.152	0.0	0.0	0.00140317875
247.262	0.0	0.0	0.001328878125
247.392	0.0	0.0	0.0012342968750000002
247.432	0.0	0.0	0.0011334256249999999
247.502	0.0	0.0	0.0009623700000000002
247.602	0.0	0.0	0.0006992537500000001
247.732	0.0	0.0	0.0003671556250000001
247.772	0.0	0.0	0.00025012
247.832	0.0	0.0	4.4548e-05
247.932	0.0	0.0	-0.0002799975
248.062	0.0	0.0	-0.0006964093750000001
248.102	0.0	0.0	-0.0007850012500000001
248.162	0.0	0.0	-0.0009422743750000001
248.272	0.0	0.0	-0.0011891106250000003
248.402	0.0	0.0	-0.0015035412500000003
248.442	0.0	0.0	-0.0015145025
248.512	0.0	0.0	-0.0015331875000000003
248.612	0.0	0.0	-0.0015619781250000003
248.742	0.0	0.0	-0.00159835375
248.782	0.0	0.0	-0.0015231743750000002
248.842	0.0	0.0	-0.001390483125
248.942	0.0	0.0	-0.0011806237500000003
249.072	0.0	0.0	-0.000911125
249.112	0.0	0.0	-0.0007774625000000001
249.172	0.0	0.0	-0.00053913625
249.282	0.0	0.0	-0.00016440718750000002
249.412	0.0	0.0	0.00031332062500000007
249.452	0.0	0.0	0.000447260625
249.522	0.0	0.0	0.000676151875
249.622	0.0	0.0	0.0010296868750000001
249.752	0.0	0.0	0.00147662375
249.792	0.0	0.0	0.0015305975000000002
249.852	0.0	0.0	0.0016262656250000003
249.952	0.0	0.0	0.0017779193750000002
250.082	0.0	0.0	0.00197279375
250.122	0.0	0.0	0.001923098125
250.182	0.0	0.0	0.00183413625
250.292	0.0	0.0	0.001693929375
250.422	0.0	0.0	0.0015150806250000001
250.462	0.0	0.0	0.0013687225000000001
250.532	0.0	0.0	0.0011175618750000002
250.632	0.0	0.0	0.00072885375
250.762	0.0	0.0	0.000237100625
250.802	0.0	0.0	7.93071875e-05
250.862	0.0	0.0	-0.0002015783125
250.962	0.0	0.0	-0.0006477775
251.092	0.0	0.0	-0.00122160125
251.132	0.0	0.0	-0.00132751375
251.192	0.0	0.0	-0.0015179481250000002
251.302	0.0	0.0	-0.0018186193750000005
251.432	0.0	0.0	-0.0022025175000000004
251.472	0.0	0.0	-0.0021925737500000002
251.542	0.0	0.0	-0.0021754381250000004
251.642	0.0	0.0	-0.0021488675000000002
251.772	0.0	0.0	-0.0021152206250000002
251.812	0.0	0.0	-0.00199342125
251.872	0.0	0.0	-0.001775606875
251.972	0.0	0.0	-0.0014288706250000002
252.102	0.0	0.0	-0.0009826275
252.142	0.0	0.0	-0.0007974425000000002
252.202	0.0	0.0	-0.0004629625
252.312	0.0	0.0	6.615831250000001e-05
252.442	0.0	0.0	0.0007422431250000001
252.482	0.0	0.0	0.0009050662500000001
252.552	0.0	0.0	0.0011867518750000002
252.652	0.0	0.0	0.0016244156250000003
252.782	0.0	0.0	0.0021789993750000003
252.822	0.0	0.0	0.00222208125
252.882	0.0	0.0	0.002299480625
252.982	0.0	0.0	0.0024230375000000005
253.112	0.0	0.0	0.00258190625
253.152	0.0	0.0	0.00248986875
253.212	0.0	0.0	0.002322675
253.322	0.0	0.0	0.002057500625
253.452	0.0	0.0	0.0017185343750000003
253.492	0.0	0.0	0.0015192893750000003
253.552	0.0	0.0	0.0011731775
253.662	0.0	0.0	0.0006343418749999999
253.792	0.0	0.0	-4.8981062500000005e-05
253.832	0.0	0.0	-0.00023562062500000005
253.892	0.0	0.0	-0.00057239
253.992	0.0	0.0	-0.001110716875
254.122	0.0	0.0	-0.0018046287500000002
254.162	0.0	0.0	-0.0019055
254.222	0.0	0.0	-0.002089274375
254.332	0.0	0.0	-0.0023811812500000003
254.462	0.0	0.0	-0.0027546500000000004
254.502	0.0	0.0	-0.0027081687500000004
254.562	0.0	0.0	-0.0026267687500000007
254.672	0.0	0.0	-0.00249958125
254.802	0.0	0.0	-0.00233863125
254.832	0.0	0.0	-0.0021759468750000006
254.902	0.0	0.0	-0.00188121875
255.002	0.0	0.0	-0.001409145
255.132	0.0	0.0	-0.0008001250000000001
255.172	0.0	0.0	-0.0005904968750000001
255.232	0.0	0.0	-0.000206793
255.342	0.0	0.0	0.000403878125
255.472	0.0	0.0	0.0011859425
255.512	0.0	0.0	0.0013422675000000002
255.572	0.0	0.0	0.00161611375
255.682	0.0	0.0	0.002044180625
255.812	0.0	0.0	0.0025879187500000003
255.842	0.0	0.0	0.00260133125
255.912	0.0	0.0	0.0026260750000000003
256.012	0.0	0.0	0.0026656187500000003
256.142	0.0	0.0	0.0027169562500000003
256.182	0.0	0.0	0.0025913875
256.242	0.0	0.0	0.00236083125
256.352	0.0	0.0	0.0019930512500000003
256.482	0.0	0.0	0.0015216943749999999
256.522	0.0	0.0	0.00130734875
256.582	0.0	0.0	0.0009303418750000001
256.692	0.0	0.0	0.000339845
256.822	0.0	0.0	-0.0004107231250000001
256.852	0.0	0.0	-0.000583651875
256.922	0.0	0.0	-0.0009000481250000002
257.022	0.0	0.0	-0.0014089600000000003
257.152	0.0	0.0	-0.00206645
257.192	0.0	0.0	-0.0021349462500000003
257.252	0.0	0.0	-0.002261416875
257.362	0.0	0.0	-0.00246350625
257.492	0.0	0.0	-0.0027227375000000004
257.532	0.0	0.0	-0.0026455000000000003
257.592	0.0	0.0	-0.00250929375
257.702	0.0	0.0	-0.0022955725
257.832	0.0	0.0	-0.0020235993750000003
257.862	0.0	0.0	-0.0018563825000000003
257.932	0.0	0.0	-0.00154905125
258.032	0.0	0.0	-0.001053644375
258.162	0.0	0.0	-0.00041310500000000004
258.202	0.0	0.0	-0.00022796162500000005
258.262	0.0	0.0	0.00011550475000000002
258.372	0.0	0.0	0.000665468125
258.502	0.0	0.0	0.0013713587500000003
258.542	0.0	0.0	0.0014854112500000002
258.602	0.0	0.0	0.001687546875
258.712	0.0	0.0	0.002005284375
258.842	0.0	0.0	0.0024096250000000003
258.872	0.0	0.0	0.00239320625
258.942	0.0	0.0	0.0023624500000000003
259.042	0.0	0.0	0.00231273125
259.172	0.0	0.0	0.002248328125
259.212	0.0	0.0	0.002118435
259.272	0.0	0.0	0.0018802706250000002
259.382	0.0	0.0	0.0015021074999999999
259.512	0.0	0.0	0.0010198124999999999
259.542	0.0	0.0	0.000853150625
259.612	0.0	0.0	0.0005468368750000001
259.712	0.0	0.0	5.26949375e-05
259.842	0.0	0.0	-0.000586635
259.872	0.0	0.0	-0.00071706
259.942	0.0	0.0	-0.0009611675000000001
260.052	0.0	0.0	-0.001353529375
260.182	0.0	0.0	-0.0018578162500000003
260.222	0.0	0.0	-0.0018900987500000005
260.282	0.0	0.0	-0.0019477725000000003
260.392	0.0	0.0	-0.0020387693750000004
260.522	0.0	0.0	-0.0021547643750000002
260.552	0.0	0.0	-0.002080486875
260.622	0.0	0.0	-0.0019422456250000003
260.722	0.0	0.0	-0.0017181643750000003
260.852	0.0	0.0	-0.0014278300000000002
260.882	0.0	0.0	-0.001287808125
260.952	0.0	0.0	-0.0010248075
261.052	0.0	0.0	-0.000601435
261.192	0.0	0.0	-5.6966125000000005e-05
261.232	0.0	0.0	8.42790625e-05
261.292	0.0	0.0	0.0003377175000000001
261.402	0.0	0.0	0.0007383812500000001
261.532	0.0	0.0	0.001249466875
261.562	0.0	0.0	0.0013115575
261.632	0.0	0.0	0.001427668125
261.732	0.0	0.0	0.0016162525
261.862	0.0	0.0	0.0018607993750000002
261.892	0.0	0.0	0.0018310143750000002
261.962	0.0	0.0	0.0017748437500000002
262.062	0.0	0.0	0.0016842168750000003
262.202	0.0	0.0	0.0015675975000000002
262.242	0.0	0.0	0.001457360625
262.302	0.0	0.0	0.0012586706250000002
262.412	0.0	0.0	0.0009439393750000001
262.542	0.0	0.0	0.000542165625
262.572	0.0	0.0	0.00042267875000000005
262.642	0.0	0.0	0.00019812343750000001
262.742	0.0	0.0	-0.00016737875000000002
262.872	0.0	0.0	-0.0006416262499999999
262.902	0.0	0.0	-0.0007255468750000001
262.972	0.0	0.0	-0.0008846700000000002
263.072	0.0	0.0	-0.0011418431250000002
263.212	0.0	0.0	-0.0014730625000000002
263.252	0.0	0.0	-0.0014806706250000002
263.312	0.0	0.0	-0.0014944531250000003
263.422	0.0	0.0	-0.0015163062500000001
263.552	0.0	0.0	-0.0015442181250000001
263.582	0.0	0.0	-0.0014792137500000003
263.652	0.0	0.0	-0.00135642
263.752	0.0	0.0	-0.0011561112500000001
263.882	0.0	0.0	-0.0008960475000000001
263.912	0.0	0.0	-0.000790851875
263.982	0.0	0.0	-0.0005904968750000001
264.082	0.0	0.0	-0.00026600687500000003
264.222	0.0	0.0	0.00015223650000000002
264.262	0.0	0.0	0.00024956500000000004
264.322	0.0	0.0	0.00042649437500000005
264.432	0.0	0.0	0.0007079025
264.562	0.0	0.0	0.001067704375
264.592	0.0	0.0	0.001102623125
264.662	0.0	0.0	0.00116887625
264.762	0.0	0.0	0.00127719375
264.892	0.0	0.0	0.0014179325000000002
264.922	0.0	0.0	0.0013848406250000001
264.992	0.0	0.0	0.001321478125
265.092	0.0	0.0	0.0012186643750000002
265.232	0.0	0.0	0.001086065625
265.272	0.0	0.0	0.000997219375
265.332	0.0	0.0	0.0008349512500000002
265.442	0.0	0.0	0.0005763675
265.572	0.0	0.0	0.000245495
265.602	0.0	0.0	0.0001566788125
265.672	0.0	0.0	-1.2721525000000002e-05
265.772	0.0	0.0	-0.000290195625
265.902	0.0	0.0	-0.0006510381250000001
265.932	0.0	0.0	-0.000707416875
266.002	0.0	0.0	-0.0008158731250000001
266.102	0.0	0.0	-0.0009922012500000001
266.242	0.0	0.0	-0.0012198437500000002
266.282	0.0	0.0	-0.0012149412500000003
266.342	0.0	0.0	-0.0012059456250000003
266.452	0.0	0.0	-0.001191585
266.582	0.0	0.0	-0.0011732237500000002
266.612	0.0	0.0	-0.0011149950000000001
266.672	0.0	0.0	-0.0010034400000000002
266.782	0.0	0.0	-0.00082029
266.912	0.0	0.0	-0.00058196375
266.942	0.0	0.0	-0.00049714125
267.012	0.0	0.0	-0.00033320812500000003
267.112	0.0	0.0	-6.610281250000002e-05
267.252	0.0	0.0	0.00027893374999999997
267.292	0.0	0.0	0.000351338125
267.352	0.0	0.0	0.00048474624999999996
267.462	0.0	0.0	0.0006982362500000002
267.592	0.0	0.0	0.0009718050000000002
267.622	0.0	0.0	0.000991021875
267.682	0.0	0.0	0.001028021875
267.792	0.0	0.0	0.0010888868750000003
267.922	0.0	0.0	0.00116813625
267.952	0.0	0.0	0.0011323387500000001
268.022	0.0	0.0	0.001062825
268.122	0.0	0.0	0.0009493043750000001
268.262	0.0	0.0	0.0008025762500000001
268.302	0.0	0.0	0.0007254081250000001
268.362	0.0	0.0	0.0005825650000000001
268.472	0.0	0.0	0.00035353500000000004
268.602	0.0	0.0	5.98313125e-05
268.632	0.0	0.0	-1.0627325e-05
268.692	0.0	0.0	-0.00014702875000000001
268.802	0.0	0.0	-0.00037187312500000004
268.932	0.0	0.0	-0.000664913125
268.962	0.0	0.0	-0.000703346875
269.032	0.0	0.0	-0.00077834125
269.132	0.0	0.0	-0.0009010425000000001
269.272	0.0	0.0	-0.001059795625
269.312	0.0	0.0	-0.0010455968750000002
269.372	0.0	0.0	-0.0010192112500000002
269.482	0.0	0.0	-0.000976823125
269.612	0.0	0.0	-0.00092241
269.642	0.0	0.0	-0.0008683900000000001
269.702	0.0	0.0	-0.000763286875
269.812	0.0	0.0	-0.0005896643750000001
269.942	0.0	0.0	-0.00036320125000000004
269.972	0.0	0.0	-0.000293571875
270.042	0.0	0.0	-0.0001570534375
270.142	0.0	0.0	6.67780625e-05
270.282	0.0	0.0	0.00035654125
270.312	0.0	0.0	0.0004089887500000001
270.382	0.0	0.0	0.000506969375
270.492	0.0	0.0	0.000664728125
270.622	0.0	0.0	0.0008673031250000001
270.652	0.0	0.0	0.0008738012500000001
270.712	0.0	0.0	0.000886496875
270.822	0.0	0.0	0.0009075175
270.952	0.0	0.0	0.0009349437500000001
270.982	0.0	0.0	0.0008984987500000001
271.052	0.0	0.0	0.0008266493750000001
271.152	0.0	0.0	0.0007086425000000002
271.292	0.0	0.0	0.0005557400000000001
271.322	0.0	0.0	0.000491984375
271.392	0.0	0.0	0.00037235874999999997
271.492	0.0	0.0	0.00017937600000000003
271.632	0.0	0.0	-6.86511875e-05
271.662	0.0	0.0	-0.0001198985
271.722	0.0	0.0	-0.0002206471875
271.832	0.0	0.0	-0.00038776000000000007
271.962	0.0	0.0	-0.00060606
271.992	0.0	0.0	-0.0006276125000000001
272.062	0.0	0.0	-0.000670324375
272.162	0.0	0.0	-0.0007406243750000001
272.302	0.0	0.0	-0.0008317600000000001
272.332	0.0	0.0	-0.0008124043750000002
272.402	0.0	0.0	-0.0007759362500000002
272.502	0.0	0.0	-0.0007169443750000001
272.642	0.0	0.0	-0.0006411175
272.672	0.0	0.0	-0.000596879375
272.732	0.0	0.0	-0.0005094668750000001
272.842	0.0	0.0	-0.0003641725
272.972	0.0	0.0	-0.00017423993750000002
273.002	0.0	0.0	-0.00012487962500000002
273.072	0.0	0.0	-2.6621500000000003e-05
273.172	0.0	0.0	0.00013544775
273.312	0.0	0.0	0.00034571875
273.342	0.0	0.0	0.00037689125000000005
273.412	0.0	0.0	0.00043588312500000007
273.512	0.0	0.0	0.0005313893750000001
273.652	0.0	0.0	0.0006542756250000001
273.682	0.0	0.0	0.000651731875
273.742	0.0	0.0	0.0006466675
273.852	0.0	0.0	0.0006382037500000001
273.982	0.0	0.0	0.0006271268750000001
274.012	0.0	0.0	0.0005963475
274.082	0.0	0.0	0.0005358987500000001
274.182	0.0	0.0	0.00043701625000000006
274.322	0.0	0.0	0.000309528125
274.352	0.0	0.0	0.000269845625
274.412	0.0	0.0	0.000191401
274.522	0.0	0.0	6.089968750000001e-05
274.652	0.0	0.0	-0.00010979518750000001
274.682	0.0	0.0	-0.0001410370625
274.752	0.0	0.0	-0.000203846875
274.852	0.0	0.0	-0.00030784
274.992	0.0	0.0	-0.00044295937500000006
275.022	0.0	0.0	-0.0004517006250000001
275.092	0.0	0.0	-0.0004684200000000001
275.192	0.0	0.0	-0.0004955918750000001
275.332	0.0	0.0	-0.0005306031250000001
275.362	0.0	0.0	-0.0005152712500000001
275.422	0.0	0.0	-0.0004845150000000001
275.532	0.0	0.0	-0.00043313125000000004
275.662	0.0	0.0	-0.000365814375
275.692	0.0	0.0	-0.0003360293750000001
275.762	0.0	0.0	-0.000275950625
275.862	0.0	0.0	-0.000176305
276.002	0.0	0.0	-4.67795625e-05
276.032	0.0	0.0	-1.6417362500000004e-05
276.102	0.0	0.0	4.182850000000001e-05
276.202	0.0	0.0	0.0001366803125
276.342	0.0	0.0	0.000259
276.372	0.0	0.0	0.00027280562500000004
276.432	0.0	0.0	0.00030057875
276.542	0.0	0.0	0.000347129375
276.672	0.0	0.0	0.000408133125
276.702	0.0	0.0	0.000403415625
276.772	0.0	0.0	0.00039381875000000003
276.872	0.0	0.0	0.000377885625
277.012	0.0	0.0	0.00035716562500000005
277.042	0.0	0.0	0.0003360293750000001
277.112	0.0	0.0	0.00029526
277.212	0.0	0.0	0.00022874787500000004
277.352	0.0	0.0	0.000142907875
277.382	0.0	0.0	0.00011935043750000003
277.442	0.0	0.0	7.162737500000002e-05
277.542	0.0	0.0	-8.485950000000001e-06
277.682	0.0	0.0	-0.00011356225
277.712	0.0	0.0	-0.00013121356250000003
277.782	0.0	0.0	-0.00016720300000000002
277.882	0.0	0.0	-0.0002271314375
278.022	0.0	0.0	-0.000305134375
278.052	0.0	0.0	-0.00030862625
278.122	0.0	0.0	-0.000315401875
278.222	0.0	0.0	-0.000326455625
278.362	0.0	0.0	-0.00034072375000000006
278.392	0.0	0.0	-0.00032943875
278.452	0.0	0.0	-0.00030645250000000003
278.552	0.0	0.0	-0.00026776437500000005
278.692	0.0	0.0	-0.00021698187500000002
278.722	0.0	0.0	-0.00019618093750000003
278.782	0.0	0.0	-0.00015353381250000003
278.892	0.0	0.0	-8.23781875e-05
279.032	0.0	0.0	1.0312593750000001e-05
279.062	0.0	0.0	3.1833875000000005e-05
279.132	0.0	0.0	7.37225e-05
279.232	0.0	0.0	0.0001423575
279.372	0.0	0.0	0.00023106268750000005
279.402	0.0	0.0	0.00024082375000000005
279.462	0.0	0.0	0.00026080375000000003
279.562	0.0	0.0	0.00029447375000000005
279.702	0.0	0.0	0.000338711875
279.732	0.0	0.0	0.000333855625
279.792	0.0	0.0	0.00032386562500000005
279.902	0.0	0.0	0.00030716937500000006
280.042	0.0	0.0	0.00028540875
280.072	0.0	0.0	0.000266284375
280.142	0.0	0.0	0.00022887275000000004
280.242	0.0	0.0	0.00016744118750000004
280.382	0.0	0.0	8.799062500000001e-05
280.412	0.0	0.0	6.629475e-05
280.472	0.0	0.0	2.1610312500000003e-05
280.572	0.0	0.0	-5.38789375e-05
280.712	0.0	0.0	-0.00015310368750000002
280.742	0.0	0.0	-0.0001693096875
280.802	0.0	0.0	-0.00020288487500000002
280.912	0.0	0.0	-0.00025913875
281.052	0.0	0.0	-0.00033251437500000003
281.082	0.0	0.0	-0.00033420250000000003
281.152	0.0	0.0	-0.00033750937500000007
281.252	0.0	0.0	-0.00034294375000000005
281.392	0.0	0.0	-0.00034997375000000004
281.422	0.0	0.0	-0.000336399375
281.482	0.0	0.0	-0.000308279375
281.582	0.0	0.0	-0.000260641875
281.722	0.0	0.0	-0.00019801475000000003
281.752	0.0	0.0	-0.000174848125
281.812	0.0	0.0	-0.0001265931875
281.922	0.0	0.0	-4.5579375000000004e-05
282.062	0.0	0.0	6.017818750000001e-05
282.092	0.0	0.0	8.24845625e-05
282.162	0.0	0.0	0.000126553875
282.262	0.0	0.0	0.00019919875000000002
282.402	0.0	0.0	0.000293294375
282.432	0.0	0.0	0.00030120312500000004
282.492	0.0	0.0	0.00031769125
282.592	0.0	0.0	0.00034564937500000003
282.732	0.0	0.0	0.000382464375
282.762	0.0	0.0	0.00037386187500000004
282.822	0.0	0.0	0.0003558706250000001
282.932	0.0	0.0	0.0003256
283.072	0.0	0.0	0.00028605625
283.102	0.0	0.0	0.000263370625
283.172	0.0	0.0	0.00021828381250000003
283.272	0.0	0.0	0.0001438213125
283.412	0.0	0.0	4.73068125e-05
283.442	0.0	0.0	2.4986562500000003e-05
283.502	0.0	0.0	-2.1766175000000003e-05
283.602	0.0	0.0	-0.0001012505
283.742	0.0	0.0	-0.00020595587500000002
283.772	0.0	0.0	-0.000219682875
283.832	0.0	0.0	-0.00024859375
283.942	0.0	0.0	-0.00029731812500000007
284.082	0.0	0.0	-0.00036102750000000005
284.112	0.0	0.0	-0.000358553125
284.182	0.0	0.0	-0.00035360437500000006
284.282	0.0	0.0	-0.00034544125
284.422	0.0	0.0	-0.000334826875
284.452	0.0	0.0	-0.000318824375
284.512	0.0	0.0	-0.00028515437500000005
284.612	0.0	0.0	-0.000227772
284.752	0.0	0.0	-0.00015213475
284.782	0.0	0.0	-0.00012972431250000003
284.842	0.0	0.0	-8.226718750000001e-05
284.952	0.0	0.0	-2.1066181250000003e-06
285.092	0.0	0.0	0.00010275825000000001
285.122	0.0	0.0	0.000121290625
285.192	0.0	0.0	0.000158466375
285.292	0.0	0.0	0.00022012456250000004
285.432	0.0	0.0	0.00030016250000000004
285.462	0.0	0.0	0.00030427875000000004
285.522	0.0	0.0	0.00031299687500000004
285.622	0.0	0.0	0.00032786625000000004
285.762	0.0	0.0	0.00034749937500000005
285.792	0.0	0.0	0.00033711625
285.852	0.0	0.0	0.00031500875000000007
285.962	0.0	0.0	0.00027754625
286.102	0.0	0.0	0.00022853975000000003
286.132	0.0	0.0	0.00020704506250000002
286.202	0.0	0.0	0.0001636995625
286.302	0.0	0.0	9.166750000000001e-05
286.442	0.0	0.0	-1.90217e-06
286.472	0.0	0.0	-2.14822e-05
286.532	0.0	0.0	-6.320987500000001e-05
286.632	0.0	0.0	-0.000134606
286.772	0.0	0.0	-0.00022885887500000002
286.802	0.0	0.0	-0.00023999125
286.862	0.0	0.0	-0.00026383312500000004
286.972	0.0	0.0	-0.00030425562499999996
287.112	0.0	0.0	-0.00035723500000000007
287.142	0.0	0.0	-0.00035311875000000007
287.212	0.0	0.0	-0.00034481687500000004
287.312	0.0	0.0	-0.00033101125
287.452	0.0	0.0	-0.000313043125
287.482	0.0	0.0	-0.000296208125
287.542	0.0	0.0	-0.00025980937499999997
287.642	0.0	0.0	-0.00019725625000000004
287.782	0.0	0.0	-0.00011448262499999999
287.812	0.0	0.0	-8.96810625e-05
287.872	0.0	0.0	-3.73630625e-05
287.982	0.0	0.0	5.06136875e-05
288.122	0.0	0.0	0.000165163375
288.152	0.0	0.0	0.00018399175000000003
288.212	0.0	0.0	0.00022412287500000002
288.312	0.0	0.0	0.00029285499999999996
288.452	0.0	0.0	0.00038362062500000004
288.482	0.0	0.0	0.000387945
288.542	0.0	0.0	0.000397310625
288.652	0.0	0.0	0.00041324375
288.792	0.0	0.0	0.00043417187500000004
288.822	0.0	0.0	0.00041840062500000003
288.882	0.0	0.0	0.00038618750000000003
288.992	0.0	0.0	0.0003323525
289.132	0.0	0.0	0.00026226062500000005
289.162	0.0	0.0	0.00023525062500000005
289.222	0.0	0.0	0.000176744375
289.322	0.0	0.0	7.6076625e-05
289.462	0.0	0.0	-5.7067875e-05
289.492	0.0	0.0	-8.554631250000001e-05
289.552	0.0	0.0	-0.00014747275000000004
289.662	0.0	0.0	-0.00025308000000000004
289.802	0.0	0.0	-0.00039169125000000003
289.832	0.0	0.0	-0.000406699375
289.892	0.0	0.0	-0.00043754812500000005
290.002	0.0	0.0	-0.00048918625
290.142	0.0	0.0	-0.0005564568750000001
290.172	0.0	0.0	-0.00054783125
290.232	0.0	0.0	-0.0005290537500000001
290.332	0.0	0.0	-0.000496655625
290.472	0.0	0.0	-0.00045375875
290.502	0.0	0.0	-0.00042418187500000006
290.562	0.0	0.0	-0.00035945500000000006
290.672	0.0	0.0	-0.000248848125
290.812	0.0	0.0	-0.00010359306250000002
290.842	0.0	0.0	-6.4134875e-05
290.902	0.0	0.0	1.7407575e-05
291.012	0.0	0.0	0.00015421831250000002
291.152	0.0	0.0	0.00033251437500000003
291.182	0.0	0.0	0.00035716562500000005
291.242	0.0	0.0	0.00041113937500000006
291.342	0.0	0.0	0.0005044025
291.482	0.0	0.0	0.000627959375
291.512	0.0	0.0	0.000628375625
291.572	0.0	0.0	0.00062932375
291.682	0.0	0.0	0.000630919375
291.822	0.0	0.0	0.000633046875
291.852	0.0	0.0	0.0006041406250000001
291.912	0.0	0.0	0.000544085
292.022	0.0	0.0	0.00044309812500000005
292.162	0.0	0.0	0.000311424375
292.192	0.0	0.0	0.00027107125000000004
292.252	0.0	0.0	0.00018209781250000002
292.352	0.0	0.0	2.8036750000000002e-05
292.492	0.0	0.0	-0.00017615237500000002
292.522	0.0	0.0	-0.000212763875
292.582	0.0	0.0	-0.00029378
292.692	0.0	0.0	-0.00043280750000000007
292.832	0.0	0.0	-0.00061563375
292.862	0.0	0.0	-0.0006287918749999999
292.922	0.0	0.0	-0.0006562643750000001
293.032	0.0	0.0	-0.0007025375
293.172	0.0	0.0	-0.0007629400000000001
293.202	0.0	0.0	-0.000744648125
293.262	0.0	0.0	-0.0007040868750000001
293.362	0.0	0.0	-0.0006336712499999999
293.502	0.0	0.0	-0.0005402925
293.532	0.0	0.0	-0.0004982975
293.592	0.0	0.0	-0.00040480312500000006
293.702	0.0	0.0	-0.00024406124999999998
293.842	0.0	0.0	-3.25045e-05
293.872	0.0	0.0	1.552496875e-05
293.932	0.0	0.0	0.00011641356250000001
294.042	0.0	0.0	0.00028672687500000003
294.182	0.0	0.0	0.0005091662500000001
294.212	0.0	0.0	0.000533378125
294.272	0.0	0.0	0.0005874212500000001
294.372	0.0	0.0	0.0006814012500000001
294.512	0.0	0.0	0.0008061375
294.542	0.0	0.0	0.0007988993750000002
294.602	0.0	0.0	0.000782665625
294.712	0.0	0.0	0.000754684375
294.852	0.0	0.0	0.0007178462500000002
294.882	0.0	0.0	0.0006781637500000001
294.942	0.0	0.0	0.000594335625
295.052	0.0	0.0	0.00045255625000000004
295.192	0.0	0.0	0.00026725562500000004
295.222	0.0	0.0	0.00022080212500000002
295.282	0.0	0.0	0.00011646906250000001
295.382	0.0	0.0	-6.536975e-05
295.522	0.0	0.0	-0.00030686875
295.552	0.0	0.0	-0.00034294375000000005
295.612	0.0	0.0	-0.000424228125
295.722	0.0	0.0	-0.0005645737500000001
295.862	0.0	0.0	-0.0007495043750000001
295.892	0.0	0.0	-0.0007556787500000001
295.952	0.0	0.0	-0.0007688137500000001
296.062	0.0	0.0	-0.0007910600000000001
296.202	0.0	0.0	-0.0008201743750000001
296.232	0.0	0.0	-0.0007942512500000001
296.292	0.0	0.0	-0.0007356756250000001
296.392	0.0	0.0	-0.0006333706250000001
296.532	0.0	0.0	-0.0004973725
296.562	0.0	0.0	-0.000451099375
296.622	0.0	0.0	-0.00034618125
296.732	0.0	0.0	-0.00016469625000000004
296.872	0.0	0.0	7.46590625e-05
296.902	0.0	0.0	0.00012065700000000001
296.962	0.0	0.0	0.00021890818750000004
297.072	0.0	0.0	0.00038577125000000006
297.212	0.0	0.0	0.000604186875
297.242	0.0	0.0	0.0006219237500000001
297.302	0.0	0.0	0.0006623
297.402	0.0	0.0	0.000732946875
297.542	0.0	0.0	0.0008269037500000001
297.572	0.0	0.0	0.0008126818750000001
297.632	0.0	0.0	0.00078028375
297.742	0.0	0.0	0.0007240900000000002
297.882	0.0	0.0	0.00064995125
297.912	0.0	0.0	0.0006074475
297.972	0.0	0.0	0.00051615
298.082	0.0	0.0	0.00036077312500000004
298.222	0.0	0.0	0.0001572569375
298.252	0.0	0.0	0.00011441093749999999
298.312	0.0	0.0	1.630983125e-05
298.412	0.0	0.0	-0.00015576075000000002
298.552	0.0	0.0	-0.000384776875
298.582	0.0	0.0	-0.00041292000000000005
298.642	0.0	0.0	-0.000477485
298.752	0.0	0.0	-0.0005896643750000001
298.892	0.0	0.0	-0.000737803125
298.922	0.0	0.0	-0.0007360687500000001
298.982	0.0	0.0	-0.0007323456250000001
299.092	0.0	0.0	-0.0007259862500000001
299.232	0.0	0.0	-0.0007176381250000001
299.262	0.0	0.0	-0.0006897725000000001
299.322	0.0	0.0	-0.000625508125
299.422	0.0	0.0	-0.0005125656250000001
299.562	0.0	0.0	-0.0003621375
299.592	0.0	0.0	-0.000320859375
299.652	0.0	0.0	-0.00022551500000000003
299.762	0.0	0.0	-5.9560750000000004e-05
299.902	0.0	0.0	0.00015974981250000002
299.932	0.0	0.0	0.0001953900625
299.992	0.0	0.0	0.00027282875
300.102	0.0	0.0	0.00040517312500000003
300.242	0.0	0.0	0.0005787493750000001
300.272	0.0	0.0	0.0005878606250000002
300.332	0.0	0.0	0.0006089968750000001
300.432	0.0	0.0	0.0006462281250000001
300.572	0.0	0.0	0.0006958543750000001
300.602	0.0	0.0	0.000678741875
300.662	0.0	0.0	0.0006389668750000001
300.772	0.0	0.0	0.00056956875
300.912	0.0	0.0	0.00047783187500000004
300.942	0.0	0.0	0.00044108625
301.002	0.0	0.0	0.00036079625
301.112	0.0	0.0	0.00022332506250000002
301.252	0.0	0.0	4.288068750000001e-05
301.282	0.0	0.0	1.08756875e-05
301.332	0.0	0.0	-6.386662500000001e-05
301.442	0.0	0.0	-0.00019581093750000003
301.582	0.0	0.0	-0.00037178062500000005
301.612	0.0	0.0	-0.00038868500000000005
301.672	0.0	0.0	-0.000428251875
301.782	0.0	0.0	-0.0004973725
301.922	0.0	0.0	-0.000588855
301.952	0.0	0.0	-0.0005818712500000001
302.012	0.0	0.0	-0.000566493125
302.122	0.0	0.0	-0.0005401537500000001
302.262	0.0	0.0	-0.0005055587500000001
302.292	0.0	0.0	-0.0004823181250000001
302.342	0.0	0.0	-0.0004272575
302.452	0.0	0.0	-0.00032955437500000004
302.592	0.0	0.0	-0.0001989651875
302.622	0.0	0.0	-0.0001689165625
302.682	0.0	0.0	-9.985143750000002e-05
302.792	0.0	0.0	1.982436875e-05
302.932	0.0	0.0	0.0001772508125
302.962	0.0	0.0	0.00019623875
303.012	0.0	0.0	0.00024059250000000004
303.122	0.0	0.0	0.000318963125
303.262	0.0	0.0	0.000423534375
303.292	0.0	0.0	0.00042552312500000007
303.352	0.0	0.0	0.0004302406250000001
303.462	0.0	0.0	0.000438519375
303.602	0.0	0.0	0.00044948062500000004
303.632	0.0	0.0	0.000433801875
303.692	0.0	0.0	0.0003989756250000001
303.802	0.0	0.0	0.00033903562500000006
303.942	0.0	0.0	0.0002602025
303.962	0.0	0.0	0.000239274375
304.022	0.0	0.0	0.00018950012500000001
304.132	0.0	0.0	0.00010114412500000002
304.272	0.0	0.0	-1.6912237500000003e-05
304.302	0.0	0.0	-3.4819312500000005e-05
304.362	0.0	0.0	-7.7441e-05
304.472	0.0	0.0	-0.00015234750000000003
304.612	0.0	0.0	-0.00025164625000000004
304.642	0.0	0.0	-0.00025837562500000003
304.702	0.0	0.0	-0.00027343000000000007
304.812	0.0	0.0	-0.00029937625000000005
304.952	0.0	0.0	-0.00033353187500000006
304.972	0.0	0.0	-0.000327473125
305.032	0.0	0.0	-0.000312950625
305.142	0.0	0.0	-0.000287096875
305.282	0.0	0.0	-0.000252525
305.312	0.0	0.0	-0.000238580625
305.372	0.0	0.0	-0.0002051835
305.482	0.0	0.0	-0.0001463465625
305.622	0.0	0.0	-6.82950625e-05
305.652	0.0	0.0	-5.2604750000000005e-05
305.712	0.0	0.0	-1.7354850000000002e-05
305.822	0.0	0.0	4.3590625000000004e-05
305.962	0.0	0.0	0.00012383900000000002
305.982	0.0	0.0	0.00013256175000000002
306.042	0.0	0.0	0.000153591625
306.152	0.0	0.0	0.00019108650000000004
306.292	0.0	0.0	0.00024126312500000004
306.322	0.0	0.0	0.000241864375
306.382	0.0	0.0	0.0002433675
306.492	0.0	0.0	0.000246026875
306.632	0.0	0.0	0.000249541875
306.662	0.0	0.0	0.00024052312500000002
306.722	0.0	0.0	0.000220173125
306.832	0.0	0.0	0.00018490287500000003
306.972	0.0	0.0	0.00013843087500000001
306.992	0.0	0.0	0.000124468
307.052	0.0	0.0	9.056675000000001e-05
307.162	0.0	0.0	2.9993125000000004e-05
307.302	0.0	0.0	-5.1106250000000006e-05
307.332	0.0	0.0	-6.630400000000001e-05
307.392	0.0	0.0	-0.00010320456250000001
307.502	0.0	0.0	-0.000168461
307.642	0.0	0.0	-0.000255138125
307.672	0.0	0.0	-0.00026387937500000003
307.732	0.0	0.0	-0.00028374375
307.842	0.0	0.0	-0.00031824625
307.982	0.0	0.0	-0.00036371000000000005
308.002	0.0	0.0	-0.00035899250000000004
308.062	0.0	0.0	-0.00034745312500000005
308.172	0.0	0.0	-0.0003268025
308.312	0.0	0.0	-0.000299145
308.342	0.0	0.0	-0.00028073750000000004
308.402	0.0	0.0	-0.00023575937500000004
308.512	0.0	0.0	-0.000156061375
308.652	0.0	0.0	-5.0114187500000005e-05
308.682	0.0	0.0	-2.3545875e-05
308.742	0.0	0.0	3.7259000000000004e-05
308.852	0.0	0.0	0.00014303968750000001
308.992	0.0	0.0	0.00028261062500000003
309.012	0.0	0.0	0.000300046875
309.072	0.0	0.0	0.000343013125
309.182	0.0	0.0	0.00042011187500000006
309.322	0.0	0.0	0.0005234575
309.342	0.0	0.0	0.00052396625
309.412	0.0	0.0	0.0005251918750000001
309.522	0.0	0.0	0.000527365625
309.662	0.0	0.0	0.00053025625
309.692	0.0	0.0	0.000507755625
309.752	0.0	0.0	0.00045593250000000005
309.862	0.0	0.0	0.00036560625000000007
310.002	0.0	0.0	0.0002463275
310.022	0.0	0.0	0.00021398718750000002
310.082	0.0	0.0	0.00013377118750000001
310.192	0.0	0.0	-1.049204375e-05
310.332	0.0	0.0	-0.00020403187500000003
310.352	0.0	0.0	-0.00023458000000000002
310.422	0.0	0.0	-0.00031031437500000003
310.522	0.0	0.0	-0.00044506375000000003
310.672	0.0	0.0	-0.0006244443750000001
310.702	0.0	0.0	-0.0006355675000000001
310.762	0.0	0.0	-0.00066132875
310.872	0.0	0.0	-0.0007063531250000001
311.012	0.0	0.0	-0.0007658306250000001
311.032	0.0	0.0	-0.00074901875
311.092	0.0	0.0	-0.0007070237500000001
311.202	0.0	0.0	-0.000631335625
311.342	0.0	0.0	-0.0005297475
311.362	0.0	0.0	-0.0004904581250000001
311.432	0.0	0.0	-0.00039238500000000003
311.532	0.0	0.0	-0.00021754381250000003
311.682	0.0	0.0	1.5338581250000003e-05
311.712	0.0	0.0	6.143618750000001e-05
311.772	0.0	0.0	0.00016895356250000004
311.882	0.0	0.0	0.0003571425
312.022	0.0	0.0	0.000605990625
312.042	0.0	0.0	0.0006288150000000001
312.102	0.0	0.0	0.00068630375
312.212	0.0	0.0	0.000790158125
312.352	0.0	0.0	0.0009296481250000002
312.372	0.0	0.0	0.0009211612500000001
312.442	0.0	0.0	0.0008998400000000001
312.542	0.0	0.0	0.0008617531250000001
312.692	0.0	0.0	0.00081099375
312.722	0.0	0.0	0.0007686750000000001
312.782	0.0	0.0	0.0006693300000000001
312.892	0.0	0.0	0.0004950600000000001
313.032	0.0	0.0	0.00026452687500000004
313.052	0.0	0.0	0.00021577012500000002
313.112	0.0	0.0	9.215312500000001e-05
313.222	0.0	0.0	-0.00013160668750000003
313.362	0.0	0.0	-0.00043239125
313.382	0.0	0.0	-0.00047031625000000006
313.452	0.0	0.0	-0.000566308125
313.552	0.0	0.0	-0.0007381731250000001
313.702	0.0	0.0	-0.0009673650000000001
313.732	0.0	0.0	-0.0009724987500000001
313.792	0.0	0.0	-0.0009845700000000001
313.902	0.0	0.0	-0.001005821875
314.042	0.0	0.0	-0.001033965
314.062	0.0	0.0	-0.0010036712500000001
314.122	0.0	0.0	-0.000926295
314.232	0.0	0.0	-0.0007859031250000001
314.372	0.0	0.0	-0.0005970875000000001
314.392	0.0	0.0	-0.000543553125
314.452	0.0	0.0	-0.000407069375
314.562	0.0	0.0	-0.00016217562500000002
314.712	0.0	0.0	0.00016464768750000002
314.742	0.0	0.0	0.00021809187500000004
314.802	0.0	0.0	0.000345186875
314.912	0.0	0.0	0.00056906
315.052	0.0	0.0	0.0008656381250000001
315.072	0.0	0.0	0.000885016875
315.132	0.0	0.0	0.0009348975
315.242	0.0	0.0	0.001025570625
315.382	0.0	0.0	0.001147624375
315.402	0.0	0.0	0.0011285925
315.462	0.0	0.0	0.0010797062500000002
315.572	0.0	0.0	0.000991808125
315.722	0.0	0.0	0.0008744487500000001
315.752	0.0	0.0	0.0008203131250000001
315.812	0.0	0.0	0.0006907437500000001
315.922	0.0	0.0	0.00046208375
316.062	0.0	0.0	0.00015892887500000002
316.082	0.0	0.0	0.00010569512500000001
316.142	0.0	0.0	-3.238656250000001e-05
316.252	0.0	0.0	-0.00028395187500000003
316.392	0.0	0.0	-0.000622779375
316.412	0.0	0.0	-0.0006573743750000001
316.472	0.0	0.0	-0.000746821875
316.582	0.0	0.0	-0.0009080262500000002
316.732	0.0	0.0	-0.001123435625
316.762	0.0	0.0	-0.00111911125
316.822	0.0	0.0	-0.0011087512500000001
316.932	0.0	0.0	-0.001090413125
317.072	0.0	0.0	-0.001066085625
317.092	0.0	0.0	-0.0010284381250000002
317.152	0.0	0.0	-0.000929093125
317.262	0.0	0.0	-0.0007471225000000001
317.402	0.0	0.0	-0.000501535
317.422	0.0	0.0	-0.00044319062500000004
317.492	0.0	0.0	-0.000295329375
317.592	0.0	0.0	-3.122800000000001e-05
317.742	0.0	0.0	0.00031963375000000003
317.762	0.0	0.0	0.0003633862500000001
317.822	0.0	0.0	0.000476906875
317.932	0.0	0.0	0.000683945
318.072	0.0	0.0	0.0009629481250000002
318.092	0.0	0.0	0.0009754587500000002
318.152	0.0	0.0	0.0010082731250000002
318.262	0.0	0.0	0.001067635
318.412	0.0	0.0	0.0011470693750000001
318.442	0.0	0.0	0.0011186025
318.502	0.0	0.0	0.00104918125
318.612	0.0	0.0	0.0009259943750000002
318.752	0.0	0.0	0.0007624081250000002
318.772	0.0	0.0	0.000713891875
318.832	0.0	0.0	0.000585409375
318.942	0.0	0.0	0.000349950625
319.082	0.0	0.0	3.22570625e-05
319.102	0.0	0.0	-1.8321475000000002e-05
319.162	0.0	0.0	-0.0001518086875
319.272	0.0	0.0	-0.00039365687500000007
319.422	0.0	0.0	-0.000717406875
319.442	0.0	0.0	-0.000745341875
319.512	0.0	0.0	-0.0008138843750000001
319.622	0.0	0.0	-0.0009357993750000001
319.762	0.0	0.0	-0.0010978131250000002
319.782	0.0	0.0	-0.0010875687500000002
319.842	0.0	0.0	-0.001060165625
319.952	0.0	0.0	-0.0010098687500000002
320.092	0.0	0.0	-0.0009419506250000001
320.112	0.0	0.0	-0.0009012043750000001
320.172	0.0	0.0	-0.0007928406250000001
320.282	0.0	0.0	-0.000596093125
320.432	0.0	0.0	-0.000332560625
320.452	0.0	0.0	-0.000277708125
320.522	0.0	0.0	-0.00014213087500000002
320.622	0.0	0.0	9.94536875e-05
320.772	0.0	0.0	0.00042073625000000004
320.792	0.0	0.0	0.00045412875
320.852	0.0	0.0	0.0005440387500000001
320.962	0.0	0.0	0.0007094750000000001
321.102	0.0	0.0	0.0009330243750000002
321.122	0.0	0.0	0.0009368400000000002
321.182	0.0	0.0	0.0009471075000000002
321.292	0.0	0.0	0.0009657925000000001
321.442	0.0	0.0	0.0009908368750000001
321.462	0.0	0.0	0.000959965
321.532	0.0	0.0	0.0008831437500000001
321.632	0.0	0.0	0.0007459662500000001
321.782	0.0	0.0	0.0005634175
321.802	0.0	0.0	0.000520613125
321.862	0.0	0.0	0.00040452562500000003
321.972	0.0	0.0	0.00019042743750000003
322.112	0.0	0.0	-9.9044375e-05
322.132	0.0	0.0	-0.0001384470625
322.192	0.0	0.0	-0.000244870625
322.302	0.0	0.0	-0.00043888937500000005
322.452	0.0	0.0	-0.000699115
322.472	0.0	0.0	-0.0007156725
322.542	0.0	0.0	-0.0007571356250000001
322.642	0.0	0.0	-0.00083134375
322.792	0.0	0.0	-0.00093013375
322.812	0.0	0.0	-0.0009160737500000001
322.872	0.0	0.0	-0.000877616875
322.982	0.0	0.0	-0.00080655375
323.122	0.0	0.0	-0.0007103768750000001
323.142	0.0	0.0	-0.000674579375
323.202	0.0	0.0	-0.0005770843750000001
323.312	0.0	0.0	-0.00039899875
323.462	0.0	0.0	-0.00015996487500000002
323.482	0.0	0.0	-0.00011766462500000001
323.552	0.0	0.0	-1.0920550000000002e-05
323.652	0.0	0.0	0.0001804929375
323.802	0.0	0.0	0.000435559375
323.822	0.0	0.0	0.00045732
323.882	0.0	0.0	0.000517329375
323.992	0.0	0.0	0.0006285374999999999
324.132	0.0	0.0	0.0007790581250000002
324.152	0.0	0.0	0.000776560625
324.212	0.0	0.0	0.0007696693750000001
324.322	0.0	0.0	0.000757043125
324.472	0.0	0.0	0.0007401156250000002
324.492	0.0	0.0	0.0007124581250000001
324.552	0.0	0.0	0.0006421812500000001
324.662	0.0	0.0	0.00051591875
324.812	0.0	0.0	0.00034754562500000004
324.832	0.0	0.0	0.000315055
324.892	0.0	0.0	0.0002246431875
325.002	0.0	0.0	5.680887500000001e-05
325.142	0.0	0.0	-0.00017054918750000002
325.162	0.0	0.0	-0.00019702500000000003
325.222	0.0	0.0	-0.000270261875
325.332	0.0	0.0	-0.00040459500000000005
325.482	0.0	0.0	-0.000585131875
325.502	0.0	0.0	-0.000592485625
325.562	0.0	0.0	-0.0006113325000000001
325.672	0.0	0.0	-0.0006452800000000001
325.822	0.0	0.0	-0.0006905587500000001
325.842	0.0	0.0	-0.00067673
325.902	0.0	0.0	-0.000637903125
326.002	0.0	0.0	-0.00056568375
326.152	0.0	0.0	-0.0004677956250000001
326.172	0.0	0.0	-0.00044039250000000007
326.232	0.0	0.0	-0.000363964375
326.342	0.0	0.0	-0.000223456875
326.492	0.0	0.0	-3.45186875e-05
326.512	0.0	0.0	-5.36476875e-06
326.572	0.0	0.0	6.98213125e-05
326.682	0.0	0.0	0.00020549106250000002
326.832	0.0	0.0	0.000386626875
326.852	0.0	0.0	0.000399299375
326.912	0.0	0.0	0.00043518937500000007
327.012	0.0	0.0	0.0005020900000000001
327.162	0.0	0.0	0.0005928325
327.182	0.0	0.0	0.0005877450000000001
327.242	0.0	0.0	0.0005734537500000001
327.352	0.0	0.0	0.000547114375
327.502	0.0	0.0	0.00051166375
327.522	0.0	0.0	0.000489533125
327.582	0.0	0.0	0.00043204437500000005
327.692	0.0	0.0	0.0003280975
327.842	0.0	0.0	0.00018923881250000003
327.862	0.0	0.0	0.000165755375
327.922	0.0	0.0	9.872062500000001e-05
328.022	0.0	0.0	-2.6531312500000006e-05
328.172	0.0	0.0	-0.0001965370625
328.192	0.0	0.0	-0.0002141721875
328.252	0.0	0.0	-0.000264156875
328.362	0.0	0.0	-0.00035644875
328.512	0.0	0.0	-0.00048072250000000006
328.532	0.0	0.0	-0.0004834975
328.592	0.0	0.0	-0.000490781875
328.702	0.0	0.0	-0.000503963125
328.852	0.0	0.0	-0.0005215843750000001
328.872	0.0	0.0	-0.000509281875
328.932	0.0	0.0	-0.00047383125000000006
329.032	0.0	0.0	-0.00040746250000000004
329.182	0.0	0.0	-0.00031729812499999997
329.202	0.0	0.0	-0.000295329375
329.262	0.0	0.0	-0.00023256812500000002
329.372	0.0	0.0	-0.00011642050000000002
329.522	0.0	0.0	4.0057125e-05
329.542	0.0	0.0	6.2645625e-05
329.602	0.0	0.0	0.00012222718750000002
329.712	0.0	0.0	0.0002304059375
329.862	0.0	0.0	0.0003751337500000001
329.882	0.0	0.0	0.0003841525
329.942	0.0	0.0	0.00041037625000000003
330.042	0.0	0.0	0.00045960937500000006
330.192	0.0	0.0	0.0005265100000000001
330.212	0.0	0.0	0.0005205206250000001
330.272	0.0	0.0	0.0005032
330.382	0.0	0.0	0.0004711025
330.532	0.0	0.0	0.00042783562500000005
330.552	0.0	0.0	0.00040676875000000004
330.612	0.0	0.0	0.000350783125
330.722	0.0	0.0	0.000248894375
330.872	0.0	0.0	0.00011253087500000001
330.892	0.0	0.0	9.037018750000001e-05
330.952	0.0	0.0	2.539125e-05
331.052	0.0	0.0	-9.68174375e-05
331.202	0.0	0.0	-0.000263000625
331.222	0.0	0.0	-0.000279604375
331.282	0.0	0.0	-0.00032784312500000007
331.392	0.0	0.0	-0.0004174756250000001
331.542	0.0	0.0	-0.00053839625
331.562	0.0	0.0	-0.000539668125
331.622	0.0	0.0	-0.000543090625
331.732	0.0	0.0	-0.0005493112500000001
331.882	0.0	0.0	-0.0005576362500000001
331.902	0.0	0.0	-0.0005430212500000001
331.962	0.0	0.0	-0.00049926875
332.062	0.0	0.0	-0.00041655062500000007
332.212	0.0	0.0	-0.000303839375
332.232	0.0	0.0	-0.000276736875
332.292	0.0	0.0	-0.000199841625
332.402	0.0	0.0	-5.825881250000001e-05
332.552	0.0	0.0	0.00013165062500000003
332.572	0.0	0.0	0.000154960625
332.632	0.0	0.0	0.0002233481875
332.732	0.0	0.0	0.000352078125
332.882	0.0	0.0	0.00052725
332.902	0.0	0.0	0.0005373556250000001
332.962	0.0	0.0	0.000567233125
333.072	0.0	0.0	0.0006229875000000001
333.222	0.0	0.0	0.0006982825000000001
333.242	0.0	0.0	0.0006867662500000002
333.302	0.0	0.0	0.000655524375
333.412	0.0	0.0	0.0005983825
333.562	0.0	0.0	0.00052174625
333.582	0.0	0.0	0.0004961468750000001
333.642	0.0	0.0	0.00041921000000000005
333.742	0.0	0.0	0.00027366125
333.892	0.0	0.0	7.539675e-05
333.912	0.0	0.0	4.409706250000001e-05
333.972	0.0	0.0	-4.9066625000000004e-05
334.082	0.0	0.0	-0.00022311693750000003
334.232	0.0	0.0	-0.000458314375
334.252	0.0	0.0	-0.00048016750000000005
334.312	0.0	0.0	-0.0005399225
334.422	0.0	0.0	-0.0006494887500000001
334.572	0.0	0.0	-0.0007965175000000001
334.592	0.0	0.0	-0.0007942281250000001
334.652	0.0	0.0	-0.0007872906250000001
334.752	0.0	0.0	-0.0007741325
334.902	0.0	0.0	-0.0007561875000000001
334.922	0.0	0.0	-0.000731305
334.982	0.0	0.0	-0.000656588125
335.092	0.0	0.0	-0.000516705
335.242	0.0	0.0	-0.0003275425
335.262	0.0	0.0	-0.00028758250000000005
335.322	0.0	0.0	-0.0001774450625
335.432	0.0	0.0	2.4907937500000005e-05
335.582	0.0	0.0	0.00029660125000000005
335.602	0.0	0.0	0.00032453625000000003
335.662	0.0	0.0	0.0004101218750000001
335.762	0.0	0.0	0.00057271375
335.912	0.0	0.0	0.0007944825000000001
335.932	0.0	0.0	0.00080229875
335.992	0.0	0.0	0.00082597875
336.102	0.0	0.0	0.0008704018750000001
336.252	0.0	0.0	0.0009305268750000002
336.272	0.0	0.0	0.0009094600000000001
336.332	0.0	0.0	0.0008509306250000001
336.442	0.0	0.0	0.00074319125
336.592	0.0	0.0	0.0005984287500000001
336.612	0.0	0.0	0.0005635562500000001
336.662	0.0	0.0	0.0004557706250000001
336.772	0.0	0.0	0.000250513125
336.922	0.0	0.0	-2.9623125000000003e-05
336.942	0.0	0.0	-6.6549125e-05
337.002	0.0	0.0	-0.0001794754375
337.112	0.0	0.0	-0.00039178375
337.262	0.0	0.0	-0.0006792275000000001
337.282	0.0	0.0	-0.000699554375
337.342	0.0	0.0	-0.0007564650000000001
337.452	0.0	0.0	-0.000861521875
337.602	0.0	0.0	-0.001002723125
337.622	0.0	0.0	-0.00099382
337.672	0.0	0.0	-0.0009660006250000002
337.782	0.0	0.0	-0.000912905625
337.932	0.0	0.0	-0.000840385625
337.952	0.0	0.0	-0.0008075712500000001
338.012	0.0	0.0	-0.0007062606250000001
338.122	0.0	0.0	-0.00051541
338.272	0.0	0.0	-0.000256849375
338.292	0.0	0.0	-0.00021229675000000004
338.352	0.0	0.0	-8.645050000000002e-05
338.462	0.0	0.0	0.00014622631250000003
338.612	0.0	0.0	0.00045923937500000003
338.632	0.0	0.0	0.0004852550000000001
338.682	0.0	0.0	0.0005673487500000001
338.792	0.0	0.0	0.0007243443750000002
338.942	0.0	0.0	0.0009388981250000001
338.962	0.0	0.0	0.0009405862500000001
339.022	0.0	0.0	0.0009458125
339.132	0.0	0.0	0.0009556868750000002
339.282	0.0	0.0	0.00096907625
339.302	0.0	0.0	0.0009413493750000001
339.362	0.0	0.0	0.00086233125
339.472	0.0	0.0	0.000715926875
339.622	0.0	0.0	0.000518855625
339.642	0.0	0.0	0.00048248000000000003
339.692	0.0	0.0	0.0003665543750000001
339.802	0.0	0.0	0.00014436937500000003
339.952	0.0	0.0	-0.00015946306250000004
339.972	0.0	0.0	-0.000192645125
340.032	0.0	0.0	-0.0002970175
340.142	0.0	0.0	-0.000494505
340.292	0.0	0.0	-0.000762361875
340.312	0.0	0.0	-0.0007752887500000001
340.372	0.0	0.0	-0.000812450625
340.482	0.0	0.0	-0.0008814556250000002
340.632	0.0	0.0	-0.0009743950000000002
340.652	0.0	0.0	-0.0009606818750000001
340.702	0.0	0.0	-0.00091653625
340.812	0.0	0.0	-0.000831783125
340.962	0.0	0.0	-0.000715788125
340.982	0.0	0.0	-0.00068315875
341.042	0.0	0.0	-0.00057955875
341.152	0.0	0.0	-0.000383158125
341.302	0.0	0.0	-0.0001165800625
341.322	0.0	0.0	-7.847006250000001e-05
341.382	0.0	0.0	3.195412500000001e-05
341.492	0.0	0.0	0.00023740125000000004
341.642	0.0	0.0	0.0005143231250000001
341.662	0.0	0.0	0.0005324762500000001
341.712	0.0	0.0	0.0005915143750000001
341.822	0.0	0.0	0.0007051506250000001
341.972	0.0	0.0	0.0008607356250000001
341.992	0.0	0.0	0.00085678125
342.052	0.0	0.0	0.0008440625000000001
342.162	0.0	0.0	0.0008199200000000001
342.312	0.0	0.0	0.0007871287500000002
342.332	0.0	0.0	0.000760165
342.392	0.0	0.0	0.0006813781250000001
342.502	0.0	0.0	0.0005344418750000001
342.652	0.0	0.0	0.000336306875
342.672	0.0	0.0	0.00030677625000000006
342.722	0.0	0.0	0.00020972293750000002
342.832	0.0	0.0	2.2479812500000002e-05
342.982	0.0	0.0	-0.000234048125
343.002	0.0	0.0	-0.00025733500000000003
343.062	0.0	0.0	-0.000332699375
343.172	0.0	0.0	-0.000476213125
343.322	0.0	0.0	-0.0006712493750000001
343.342	0.0	0.0	-0.0006762906250000001
343.402	0.0	0.0	-0.000691136875
343.512	0.0	0.0	-0.000718886875
343.662	0.0	0.0	-0.0007563493750000001
343.682	0.0	0.0	-0.000742405
343.732	0.0	0.0	-0.000696085625
343.842	0.0	0.0	-0.0006065456250000001
343.992	0.0	0.0	-0.00048377500000000004
344.012	0.0	0.0	-0.000458129375
344.072	0.0	0.0	-0.00037420875000000004
344.182	0.0	0.0	-0.00021407737499999998
344.332	0.0	0.0	3.6597625000000004e-06
344.352	0.0	0.0	2.9976937500000007e-05
344.412	0.0	0.0	0.00010825968750000001
344.522	0.0	0.0	0.00025483750000000006
344.672	0.0	0.0	0.0004527643750000001
344.692	0.0	0.0	0.00046263875
344.742	0.0	0.0	0.0004958
344.852	0.0	0.0	0.00056004125
345.002	0.0	0.0	0.00064819375
345.022	0.0	0.0	0.0006419268750000001
345.082	0.0	0.0	0.000621253125
345.192	0.0	0.0	0.0005817325
345.342	0.0	0.0	0.0005279437499999999
345.362	0.0	0.0	0.0005069231250000001
345.422	0.0	0.0	0.00044383812500000004
345.532	0.0	0.0	0.00032548437500000004
345.682	0.0	0.0	0.00016556343750000001
345.702	0.0	0.0	0.0001456343125
345.752	0.0	0.0	7.80075625e-05
345.862	0.0	0.0	-5.3335500000000005e-05
346.012	0.0	0.0	-0.00023360875000000002
346.032	0.0	0.0	-0.000247183125
346.092	0.0	0.0	-0.00029246187500000007
346.202	0.0	0.0	-0.00037922687500000006
346.352	0.0	0.0	-0.0004973493750000001
346.372	0.0	0.0	-0.00049751125
346.432	0.0	0.0	-0.00049806625
346.542	0.0	0.0	-0.0004991068750000001
346.692	0.0	0.0	-0.0005005175
346.712	0.0	0.0	-0.000489533125
346.762	0.0	0.0	-0.00045135375
346.872	0.0	0.0	-0.0003768218750000001
347.022	0.0	0.0	-0.00027433187499999997
347.042	0.0	0.0	-0.00025627125
347.102	0.0	0.0	-0.00019779968750000004
347.212	0.0	0.0	-8.67673125e-05
347.362	0.0	0.0	6.356137500000002e-05
347.382	0.0	0.0	7.698081250000002e-05
347.432	0.0	0.0	0.0001225648125
347.542	0.0	0.0	0.00021117056250000003
347.692	0.0	0.0	0.00033286125000000003
347.712	0.0	0.0	0.00033762500000000003
347.772	0.0	0.0	0.00035388187500000004
347.882	0.0	0.0	0.00038514687500000003
348.032	0.0	0.0	0.00042776625000000003
348.052	0.0	0.0	0.00042117562500000003
348.112	0.0	0.0	0.00040094125
348.222	0.0	0.0	0.000362785
348.372	0.0	0.0	0.000311100625
348.392	0.0	0.0	0.00029928375000000005
348.442	0.0	0.0	0.000257913125
348.552	0.0	0.0	0.00017709356250000002
348.702	0.0	0.0	6.598487500000001e-05
348.722	0.0	0.0	5.3044125000000004e-05
348.782	0.0	0.0	8.623312500000002e-06
348.892	0.0	0.0	-7.69761875e-05
349.042	0.0	0.0	-0.0001937065625
349.062	0.0	0.0	-0.00020186043750000004
349.122	0.0	0.0	-0.0002271730625
349.232	0.0	0.0	-0.000275025625
349.382	0.0	0.0	-0.000339845
349.402	0.0	0.0	-0.00033873500000000006
349.452	0.0	0.0	-0.00033473437499999996
349.562	0.0	0.0	-0.00032691812500000003
349.712	0.0	0.0	-0.00031616500000000003
349.732	0.0	0.0	-0.000307770625
349.782	0.0	0.0	-0.000278633125
349.902	0.0	0.0	-0.00022238850000000002
350.052	0.0	0.0	-0.00014563893749999998
350.072	0.0	0.0	-0.00013295718750000002
350.132	0.0	0.0	-9.320993750000002e-05
350.242	0.0	0.0	-1.7900368750000002e-05
350.392	0.0	0.0	8.4161125e-05
350.412	0.0	0.0	9.233581250000001e-05
350.462	0.0	0.0	0.00012157737500000001
350.572	0.0	0.0	0.00017895743750000003
350.722	0.0	0.0	0.00025793625000000004
350.742	0.0	0.0	0.000260295
350.792	0.0	0.0	0.000268504375
350.912	0.0	0.0	0.00028441437500000005
351.062	0.0	0.0	0.00030612875
351.082	0.0	0.0	0.00030057875
351.142	0.0	0.0	0.000282980625
351.252	0.0	0.0	0.000249588125
351.402	0.0	0.0	0.00020428625000000003
351.422	0.0	0.0	0.00019537387500000001
351.472	0.0	0.0	0.00016311218750000002
351.582	0.0	0.0	9.966412500000002e-05
351.732	0.0	0.0	1.226896875e-05
351.752	0.0	0.0	2.75858125e-06
351.802	0.0	0.0	-3.0973625e-05
351.922	0.0	0.0	-9.639425e-05
352.072	0.0	0.0	-0.00018576775000000002
352.092	0.0	0.0	-0.00019132700000000003
352.152	0.0	0.0	-0.000209091625
352.262	0.0	0.0	-0.00024288187500000005
352.412	0.0	0.0	-0.000288761875
352.432	0.0	0.0	-0.0002870275
352.482	0.0	0.0	-0.00028073750000000004
352.592	0.0	0.0	-0.000268319375
352.742	0.0	0.0	-0.00025120687500000005
352.762	0.0	0.0	-0.00024366812500000004
352.812	0.0	0.0	-0.00021658412500000001
352.932	0.0	0.0	-0.00016395162499999999
353.082	0.0	0.0	-9.2005125e-05
353.102	0.0	0.0	-8.1247375e-05
353.162	0.0	0.0	-4.65436875e-05
353.272	0.0	0.0	1.96285e-05
353.422	0.0	0.0	0.00010947606250000001
353.432	0.0	0.0	0.0001158446875
353.492	0.0	0.0	0.0001394645625
353.602	0.0	0.0	0.00018611925000000003
353.752	0.0	0.0	0.00025046687500000005
353.772	0.0	0.0	0.000251415
353.822	0.0	0.0	0.00025488375
353.942	0.0	0.0	0.00026163625
354.092	0.0	0.0	0.00027088625
354.112	0.0	0.0	0.00026492000000000003
354.172	0.0	0.0	0.000245471875
354.282	0.0	0.0	0.0002083261875
354.432	0.0	0.0	0.00015785818750000002
354.442	0.0	0.0	0.000149752875
354.502	0.0	0.0	0.000119311125
354.612	0.0	0.0	5.9052e-05
354.762	0.0	0.0	-2.41078125e-05
354.782	0.0	0.0	-3.1974937500000004e-05
354.832	0.0	0.0	-6.0848812500000003e-05
354.952	0.0	0.0	-0.00011720212500000002
355.102	0.0	0.0	-0.00019433325000000002
355.122	0.0	0.0	-0.0001980216875
355.182	0.0	0.0	-0.00021016693750000001
355.292	0.0	0.0	-0.00023342375000000006
355.442	0.0	0.0	-0.000265035625
355.452	0.0	0.0	-0.000262515
355.512	0.0	0.0	-0.000252918125
355.622	0.0	0.0	-0.00023388625
355.772	0.0	0.0	-0.000207620875
355.792	0.0	0.0	-0.0002004451875
355.842	0.0	0.0	-0.00017379825000000002
355.962	0.0	0.0	-0.00012167681250000002
356.112	0.0	0.0	-5.0299187500000004e-05
356.132	0.0	0.0	-4.1107e-05
356.192	0.0	0.0	-1.0548237500000001e-05
356.302	0.0	0.0	4.80976875e-05
356.452	0.0	0.0	0.0001278696875
356.462	0.0	0.0	0.000132621875
356.522	0.0	0.0	0.00015091837499999999
356.632	0.0	0.0	0.00018729631250000004
356.782	0.0	0.0	0.00023756312500000003
356.802	0.0	0.0	0.00023735500000000002
356.852	0.0	0.0	0.00023659187500000003
356.972	0.0	0.0	0.00023511187499999998
357.122	0.0	0.0	0.000233076875
357.142	0.0	0.0	0.0002270296875
357.202	0.0	0.0	0.00020669818750000002
357.312	0.0	0.0	0.00016760075000000005
357.462	0.0	0.0	0.00011438318750000002
357.472	0.0	0.0	0.00010723062500000001
357.532	0.0	0.0	7.932568750000002e-05
357.642	0.0	0.0	2.3717000000000003e-05
357.792	0.0	0.0	-5.3162062500000005e-05
357.812	0.0	0.0	-5.95168125e-05
357.862	0.0	0.0	-8.36778125e-05
357.982	0.0	0.0	-0.00013113725
358.132	0.0	0.0	-0.00019621331250000004
358.152	0.0	0.0	-0.00019844718750000002
358.212	0.0	0.0	-0.00020602525
358.322	0.0	0.0	-0.00022063100000000002
358.472	0.0	0.0	-0.00024052312500000002
358.482	0.0	0.0	-0.00023754
358.542	0.0	0.0	-0.00022573468750000002
358.652	0.0	0.0	-0.00020216106250000004
358.802	0.0	0.0	-0.0001695501875
358.812	0.0	0.0	-0.00016280925000000004
358.872	0.0	0.0	-0.000136863
358.992	0.0	0.0	-8.5789125e-05
359.142	0.0	0.0	-1.5714825e-05
359.162	0.0	0.0	-7.760056250000002e-06
359.212	0.0	0.0	1.9533918750000002e-05
359.332	0.0	0.0	7.22448125e-05
359.482	0.0	0.0	0.00014408031250000001
359.492	0.0	0.0	0.00014765775000000002
359.552	0.0	0.0	0.000161986
359.662	0.0	0.0	0.00019066562500000001
359.812	0.0	0.0	0.000230366625
359.822	0.0	0.0	0.0002293329375
359.882	0.0	0.0	0.00022530687500000001
359.992	0.0	0.0	0.00021736343750000003
360.152	0.0	0.0	0.00020645768750000002
360.172	0.0	0.0	0.0002002555625
360.222	0.0	0.0	0.00017879787500000002
360.342	0.0	0.0	0.00013728850000000004
360.492	0.0	0.0	8.0697e-05
360.502	0.0	0.0	7.42520625e-05
360.562	0.0	0.0	4.7637500000000006e-05
360.672	0.0	0.0	-5.93225625e-06
360.822	0.0	0.0	-8.022525000000002e-05
360.842	0.0	0.0	-8.593018750000002e-05
360.892	0.0	0.0	-0.000107374
361.012	0.0	0.0	-0.000149281125
361.162	0.0	0.0	-0.00020650162500000002
361.172	0.0	0.0	-0.00020755843750000003
361.232	0.0	0.0	-0.0002117995625
361.342	0.0	0.0	-0.00022029337500000003
361.492	0.0	0.0	-0.00023205937500000003
361.502	0.0	0.0	-0.0002283940625
361.562	0.0	0.0	-0.00021376287500000002
361.672	0.0	0.0	-0.00018478031250000003
361.832	0.0	0.0	-0.00014494750000000001
361.852	0.0	0.0	-0.000137233
361.902	0.0	0.0	-0.00010998018750000001
362.022	0.0	0.0	-5.7049375000000015e-05
362.172	0.0	0.0	1.5203531250000002e-05
362.182	0.0	0.0	2.120215625e-05
362.242	0.0	0.0	4.612743750000001e-05
362.352	0.0	0.0	9.632025000000002e-05
362.502	0.0	0.0	0.000165908
362.512	0.0	0.0	0.000169016
362.572	0.0	0.0	0.00018154743750000004
362.682	0.0	0.0	0.00020641143750000003
362.842	0.0	0.0	0.00024059250000000004
362.862	0.0	0.0	0.00023846500000000004
362.912	0.0	0.0	0.00023088462500000002
363.032	0.0	0.0	0.00021611931250000002
363.182	0.0	0.0	0.00019594968750000002
363.192	0.0	0.0	0.00019055462500000003
363.252	0.0	0.0	0.00016781812500000001
363.362	0.0	0.0	0.00012193118750000002
363.512	0.0	0.0	5.8272687500000004e-05
363.522	0.0	0.0	5.129356250000001e-05
363.582	0.0	0.0	2.2768875e-05
363.692	0.0	0.0	-3.3942875e-05
363.852	0.0	0.0	-0.000111966625
363.872	0.0	0.0	-0.00011734550000000002
363.922	0.0	0.0	-0.0001367681875
364.042	0.0	0.0	-0.0001746561875
364.192	0.0	0.0	-0.00022643768750000003
364.202	0.0	0.0	-0.0002265579375
364.262	0.0	0.0	-0.000227073625
364.372	0.0	0.0	-0.00022812118750000006
364.522	0.0	0.0	-0.000229571125
364.532	0.0	0.0	-0.000225177375
364.592	0.0	0.0	-0.00020698956250000004
364.702	0.0	0.0	-0.00017074806250000002
364.862	0.0	0.0	-0.00012085587500000001
364.882	0.0	0.0	-0.0001131275
364.932	0.0	0.0	-8.488956250000001e-05
365.052	0.0	0.0	-2.9690187500000005e-05
365.202	0.0	0.0	4.5796750000000005e-05
365.212	0.0	0.0	5.1009125e-05
365.272	0.0	0.0	7.363693750000002e-05
365.382	0.0	0.0	0.00011950306250000002
365.532	0.0	0.0	0.00018321012500000002
365.542	0.0	0.0	0.00018514568750000002
365.602	0.0	0.0	0.0001932625625
365.712	0.0	0.0	0.00020947318750000001
365.872	0.0	0.0	0.00023180500000000005
365.892	0.0	0.0	0.00022876175
365.942	0.0	0.0	0.00021751375
366.062	0.0	0.0	0.00019548025000000002
366.212	0.0	0.0	0.000165329875
366.222	0.0	0.0	0.00016009437500000002
366.282	0.0	0.0	0.00013703643750000003
366.392	0.0	0.0	9.01875e-05
366.542	0.0	0.0	2.507675e-05
366.552	0.0	0.0	1.9175943750000002e-05
366.612	0.0	0.0	-5.9371125e-06
366.722	0.0	0.0	-5.618912500000001e-05
366.882	0.0	0.0	-0.00012545312500000002
366.902	0.0	0.0	-0.00012924100000000002
366.952	0.0	0.0	-0.000143416625
367.072	0.0	0.0	-0.0001712429375
367.222	0.0	0.0	-0.000209341375
367.232	0.0	0.0	-0.000208647625
367.292	0.0	0.0	-0.00020554656250000003
367.402	0.0	0.0	-0.00019923112500000003
367.552	0.0	0.0	-0.00019044825000000002
367.562	0.0	0.0	-0.0001862094375
367.622	0.0	0.0	-0.00016791987500000002
367.732	0.0	0.0	-0.0001312413125
367.892	0.0	0.0	-8.06576875e-05
367.912	0.0	0.0	-7.41410625e-05
367.962	0.0	0.0	-4.9471312500000006e-05
368.082	0.0	0.0	-9.388287500000002e-07
368.232	0.0	0.0	6.555012500000001e-05
368.242	0.0	0.0	6.949756250000002e-05
368.302	0.0	0.0	8.743331250000001e-05
368.412	0.0	0.0	0.00012403556250000002
368.562	0.0	0.0	0.00017496375000000005
368.572	0.0	0.0	0.00017599050000000004
368.632	0.0	0.0	0.00018048600000000002
368.742	0.0	0.0	0.00018952325
368.902	0.0	0.0	0.00020199225000000002
368.912	0.0	0.0	0.000198814875
368.972	0.0	0.0	0.00018663493750000002
369.092	0.0	0.0	0.0001626219375
369.242	0.0	0.0	0.00012970581249999998
369.252	0.0	0.0	0.00012497675
369.312	0.0	0.0	0.0001031490625
369.422	0.0	0.0	5.850625000000001e-05
369.572	0.0	0.0	-3.6486625000000002e-06
369.582	0.0	0.0	-8.84485e-06
369.642	0.0	0.0	-3.19240625e-05
369.752	0.0	0.0	-7.8407625e-05
369.912	0.0	0.0	-0.00014258875
369.922	0.0	0.0	-0.000145756875
369.982	0.0	0.0	-0.00015804550000000003
370.092	0.0	0.0	-0.00018232675
370.252	0.0	0.0	-0.00021563368750000003
370.262	0.0	0.0	-0.00021460231250000001
370.322	0.0	0.0	-0.00020976456250000004
370.432	0.0	0.0	-0.000199850875
370.582	0.0	0.0	-0.00018603831250000002
370.592	0.0	0.0	-0.00018142487500000002
370.652	0.0	0.0	-0.0001606239375
370.762	0.0	0.0	-0.00011863818750000002
370.922	0.0	0.0	-6.0636062500000015e-05
370.932	0.0	0.0	-5.3601437500000004e-05
370.992	0.0	0.0	-2.5955500000000002e-05
371.102	0.0	0.0	2.8779062500000004e-05
371.262	0.0	0.0	0.00010390293750000002
371.272	0.0	0.0	0.00010802381250000001
371.332	0.0	0.0	0.0001276708125
371.442	0.0	0.0	0.00016804012500000004
371.592	0.0	0.0	0.00022431250000000004
371.602	0.0	0.0	0.0002249761875
371.662	0.0	0.0	0.00022801250000000002
371.772	0.0	0.0	0.00023416375
371.932	0.0	0.0	0.000242650625
371.942	0.0	0.0	0.000238210625
372.002	0.0	0.0	0.000220557
372.112	0.0	0.0	0.00018553418749999999
372.272	0.0	0.0	0.0001374365
372.282	0.0	0.0	0.00013148412500000003
372.332	0.0	0.0	0.00010262181250000001
372.452	0.0	0.0	4.31905625e-05
372.602	0.0	0.0	-3.9701000000000005e-05
372.612	0.0	0.0	-4.5847625000000006e-05
372.672	0.0	0.0	-7.4411625e-05
372.782	0.0	0.0	-0.00013231431250000002
372.942	0.0	0.0	-0.00021240312500000002
372.952	0.0	0.0	-0.00021546487500000004
373.012	0.0	0.0	-0.0002278066875
373.122	0.0	0.0	-0.00025234000000000004
373.282	0.0	0.0	-0.00028607937500000003
373.292	0.0	0.0	-0.00028392875
373.342	0.0	0.0	-0.00027340687500000005
373.462	0.0	0.0	-0.00025169250000000004
373.612	0.0	0.0	-0.00022138256250000003
373.622	0.0	0.0	-0.0002150648125
373.682	0.0	0.0	-0.000185254375
373.792	0.0	0.0	-0.0001246969375
373.952	0.0	0.0	-4.0885000000000006e-05
373.962	0.0	0.0	-3.23588125e-05
374.022	0.0	0.0	2.47090625e-06
374.132	0.0	0.0	7.18725e-05
374.292	0.0	0.0	0.00016729781250000004
374.302	0.0	0.0	0.00017144875
374.352	0.0	0.0	0.000192275125
374.472	0.0	0.0	0.00023536625000000004
374.622	0.0	0.0	0.000295514375
374.632	0.0	0.0	0.00029509812500000003
374.692	0.0	0.0	0.00029308625000000005
374.802	0.0	0.0	0.000288993125
374.962	0.0	0.0	0.00028330437500000003
374.972	0.0	0.0	0.0002770375
375.032	0.0	0.0	0.000251160625
375.142	0.0	0.0	0.00019948781250000004
375.302	0.0	0.0	0.000128422375
375.312	0.0	0.0	0.00012177856250000003
375.362	0.0	0.0	8.706793750000002e-05
375.472	0.0	0.0	1.487423125e-05
375.632	0.0	0.0	-8.612443750000002e-05
375.642	0.0	0.0	-9.261793750000002e-05
375.702	0.0	0.0	-0.00012231275
375.812	0.0	0.0	-0.00018220187500000003
375.972	0.0	0.0	-0.00026468875
375.982	0.0	0.0	-0.00026621500000000004
376.032	0.0	0.0	-0.000273915625
376.152	0.0	0.0	-0.000289871875
376.302	0.0	0.0	-0.00031214125
376.312	0.0	0.0	-0.0003086725000000001
376.372	0.0	0.0	-0.00029153687500000004
376.482	0.0	0.0	-0.00025652562500000007
376.642	0.0	0.0	-0.00020800475000000003
376.652	0.0	0.0	-0.00019991100000000002
376.712	0.0	0.0	-0.0001656305
376.822	0.0	0.0	-9.693306250000001e-05
376.982	0.0	0.0	-2.3273e-06
376.992	0.0	0.0	3.7605875000000004e-06
377.042	0.0	0.0	3.582525000000001e-05
377.152	0.0	0.0	0.00010255012500000001
377.312	0.0	0.0	0.00019586875
377.322	0.0	0.0	0.0001992750625
377.382	0.0	0.0	0.0002163320625
377.492	0.0	0.0	0.00025125312500000004
377.652	0.0	0.0	0.0002997
377.662	0.0	0.0	0.00029791937499999997
377.722	0.0	0.0	0.00029026500000000005
377.832	0.0	0.0	0.00027488687500000004
377.992	0.0	0.0	0.000253704375
378.002	0.0	0.0	0.000248801875
378.052	0.0	0.0	0.0002224694375
378.162	0.0	0.0	0.00016756375
378.322	0.0	0.0	9.072631250000002e-05
378.332	0.0	0.0	8.41195e-05
378.392	0.0	0.0	5.0449500000000005e-05
378.502	0.0	0.0	-1.864360625e-05
378.662	0.0	0.0	-0.00011452193750000002
378.672	0.0	0.0	-0.000119949375
378.732	0.0	0.0	-0.0001435808125
378.842	0.0	0.0	-0.00019114662500000003
379.002	0.0	0.0	-0.00025673375
379.012	0.0	0.0	-0.000257126875
379.062	0.0	0.0	-0.00025927750000000004
379.172	0.0	0.0	-0.00026378687500000004
379.332	0.0	0.0	-0.00027012312500000003
379.342	0.0	0.0	-0.0002664462500000001
379.402	0.0	0.0	-0.000247414375
379.512	0.0	0.0	-0.000208296125
379.672	0.0	0.0	-0.00015396856250000002
379.682	0.0	0.0	-0.00014695706250000002
379.742	0.0	0.0	-0.00011597650000000001
379.852	0.0	0.0	-5.3485812500000006e-05
380.012	0.0	0.0	3.27241875e-05
380.022	0.0	0.0	3.7342250000000007e-05
380.072	0.0	0.0	6.310812500000001e-05
380.182	0.0	0.0	0.00011709112500000001
380.342	0.0	0.0	0.00019272375
380.352	0.0	0.0	0.00019476337500000002
380.412	0.0	0.0	0.00020553500000000002
380.522	0.0	0.0	0.0002277326875
380.682	0.0	0.0	0.00025858375
380.692	0.0	0.0	0.00025627125
380.752	0.0	0.0	0.0002459575
380.862	0.0	0.0	0.000225103375
381.022	0.0	0.0	0.00019631737500000004
381.032	0.0	0.0	0.00019206237500000002
381.082	0.0	0.0	0.00016783893750000004
381.192	0.0	0.0	0.0001169731875
381.352	0.0	0.0	4.566956250000001e-05
381.362	0.0	0.0	4.0445625e-05
381.422	0.0	0.0	1.235638125e-05
381.532	0.0	0.0	-4.565800000000001e-05
381.692	0.0	0.0	-0.00012630412500000003
381.702	0.0	0.0	-0.0001301683125
381.762	0.0	0.0	-0.00014775256250000002
381.872	0.0	0.0	-0.000183376625
382.032	0.0	0.0	-0.00023256812500000002
382.042	0.0	0.0	-0.00023236000000000003
382.092	0.0	0.0	-0.00023117137500000003
382.202	0.0	0.0	-0.0002286484375
382.362	0.0	0.0	-0.00022511031250000002
382.372	0.0	0.0	-0.00022165081250000003
382.432	0.0	0.0	-0.00020270450000000004
382.542	0.0	0.0	-0.00016348681250000002
382.702	0.0	0.0	-0.00010893725000000001
382.712	0.0	0.0	-0.0001028946875
382.772	0.0	0.0	-7.49596875e-05
382.882	0.0	0.0	-1.824493125e-05
383.042	0.0	0.0	6.0131937500000005e-05
383.052	0.0	0.0	6.381575000000001e-05
383.102	0.0	0.0	8.569431250000002e-05
383.212	0.0	0.0	0.00013184256250000002
383.372	0.0	0.0	0.00019660875
383.382	0.0	0.0	0.0001979199375
383.442	0.0	0.0	0.0002052320625
383.552	0.0	0.0	0.0002203974375
383.712	0.0	0.0	0.00024151750000000002
383.722	0.0	0.0	0.00023888125000000004
383.782	0.0	0.0	0.00022657181250000004
383.892	0.0	0.0	0.00020152050000000002
384.052	0.0	0.0	0.00016687925000000002
384.062	0.0	0.0	0.0001628254375
384.112	0.0	0.0	0.000138227375
384.222	0.0	0.0	8.622850000000001e-05
384.382	0.0	0.0	1.3209000000000002e-05
384.392	0.0	0.0	8.443862500000001e-06
384.452	0.0	0.0	-1.86688125e-05
384.562	0.0	0.0	-7.503600000000002e-05
384.722	0.0	0.0	-0.00015352456250000002
384.732	0.0	0.0	-0.0001567389375
384.792	0.0	0.0	-0.00017206156250000002
384.902	0.0	0.0	-0.00020330575000000002
385.062	0.0	0.0	-0.000246535625
385.072	0.0	0.0	-0.000245865
385.122	0.0	0.0	-0.00024170250000000003
385.232	0.0	0.0	-0.00023286875000000002
385.392	0.0	0.0	-0.00022045987500000003
385.402	0.0	0.0	-0.00021665812500000001
385.452	0.0	0.0	-0.00019459456250000003
385.572	0.0	0.0	-0.00014862437500000002
385.732	0.0	0.0	-8.457275e-05
385.742	0.0	0.0	-7.84608125e-05
385.802	0.0	0.0	-4.882843750000001e-05
385.912	0.0	0.0	1.17179e-05
386.072	0.0	0.0	9.553862500000002e-05
386.082	0.0	0.0	9.884781250000002e-05
386.132	0.0	0.0	0.000119856875
386.242	0.0	0.0	0.0001644719375
386.402	0.0	0.0	0.00022719387500000005
386.412	0.0	0.0	0.0002278529375
386.462	0.0	0.0	0.00023175875
386.582	0.0	0.0	0.00023989875
386.742	0.0	0.0	0.00025125312500000004
386.752	0.0	0.0	0.0002479
386.812	0.0	0.0	0.00023129625000000006
386.922	0.0	0.0	0.0001973025
387.082	0.0	0.0	0.00015022000000000004
387.092	0.0	0.0	0.0001460598125
387.142	0.0	0.0	0.00011901975
387.252	0.0	0.0	6.146625e-05
387.412	0.0	0.0	-1.9492062500000003e-05
387.422	0.0	0.0	-2.3844187500000004e-05
387.472	0.0	0.0	-5.016043750000001e-05
387.592	0.0	0.0	-0.00010523262500000002
387.752	0.0	0.0	-0.00018204925000000002
387.762	0.0	0.0	-0.000184338625
387.822	0.0	0.0	-0.00019581556250000004
387.932	0.0	0.0	-0.00021936606250000002
388.092	0.0	0.0	-0.00025201625000000007
388.102	0.0	0.0	-0.00025074437500000003
388.152	0.0	0.0	-0.00024241937500000003
388.262	0.0	0.0	-0.000224603875
388.422	0.0	0.0	-0.000199545625
388.432	0.0	0.0	-0.0001956536875
388.482	0.0	0.0	-0.00017161062500000002
388.602	0.0	0.0	-0.00012119118750000002
388.762	0.0	0.0	-5.0821812500000006e-05
388.772	0.0	0.0	-4.538743750000001e-05
388.832	0.0	0.0	-1.76971e-05
388.942	0.0	0.0	3.9252375e-05
389.102	0.0	0.0	0.00011823350000000001
389.112	0.0	0.0	0.00012065006250000001
389.162	0.0	0.0	0.0001371381875
389.272	0.0	0.0	0.0001723945625
389.432	0.0	0.0	0.00022204625000000003
389.442	0.0	0.0	0.00022194681250000003
389.492	0.0	0.0	0.00022131087500000003
389.612	0.0	0.0	0.0002199765625
389.772	0.0	0.0	0.0002181126875
389.782	0.0	0.0	0.00021462775000000002
389.842	0.0	0.0	0.00019662493750000003
389.952	0.0	0.0	0.00015954168750000001
390.112	0.0	0.0	0.00010809087500000002
390.122	0.0	0.0	0.00010472387500000002
390.172	0.0	0.0	8.038018750000001e-05
390.282	0.0	0.0	2.8036750000000002e-05
390.442	0.0	0.0	-4.5815250000000005e-05
390.452	0.0	0.0	-4.9401937500000005e-05
390.502	0.0	0.0	-7.060525000000001e-05
390.622	0.0	0.0	-0.00011474625
390.782	0.0	0.0	-0.00017606218750000003
390.792	0.0	0.0	-0.00017700337500000003
390.842	0.0	0.0	-0.0001834483125
390.952	0.0	0.0	-0.00019724237500000003
391.112	0.0	0.0	-0.00021667662500000003
391.122	0.0	0.0	-0.00021512956250000002
391.172	0.0	0.0	-0.00020493375000000004
391.292	0.0	0.0	-0.00018341131250000005
391.452	0.0	0.0	-0.00015332800000000002
391.462	0.0	0.0	-0.00014915625
391.522	0.0	0.0	-0.0001268545
391.632	0.0	0.0	-8.07224375e-05
391.792	0.0	0.0	-1.6647225e-05
391.802	0.0	0.0	-1.3645368750000001e-05
391.852	0.0	0.0	8.30719375e-06
391.962	0.0	0.0	5.553237500000001e-05
392.122	0.0	0.0	0.0001221393125
392.132	0.0	0.0	0.00012409568750000003
392.182	0.0	0.0	0.00013722143750000002
392.302	0.0	0.0	0.000164969125
392.462	0.0	0.0	0.00020377518750000002
392.472	0.0	0.0	0.00020320168749999999
392.532	0.0	0.0	0.00020008675000000002
392.642	0.0	0.0	0.00019363025
392.802	0.0	0.0	0.0001846554375
392.812	0.0	0.0	0.00018242387500000005
392.862	0.0	0.0	0.0001656559375
392.972	0.0	0.0	0.0001295
393.132	0.0	0.0	7.8477e-05
393.142	0.0	0.0	7.502675000000001e-05
393.192	0.0	0.0	5.1323625000000006e-05
393.312	0.0	0.0	1.1059300000000003e-06
393.472	0.0	0.0	-6.916687500000001e-05
393.482	0.0	0.0	-7.252925e-05
393.542	0.0	0.0	-9.11749375e-05
393.652	0.0	0.0	-0.00012991625
393.812	0.0	0.0	-0.00018378593750000002
393.822	0.0	0.0	-0.00018430393750000002
393.872	0.0	0.0	-0.000188297625
393.982	0.0	0.0	-0.00019693018750000004
394.142	0.0	0.0	-0.00020911937500000003
394.152	0.0	0.0	-0.000207380375
394.202	0.0	0.0	-0.00019513568750000003
394.322	0.0	0.0	-0.000169140875
394.482	0.0	0.0	-0.00013274212500000003
394.492	0.0	0.0	-0.000128612
394.542	0.0	0.0	-0.0001052626875
394.662	0.0	0.0	-5.664700000000001e-05
394.822	0.0	0.0	1.0996631250000001e-05
394.832	0.0	0.0	1.3700637500000002e-05
394.882	0.0	0.0	3.5235562500000006e-05
394.992	0.0	0.0	8.188100000000001e-05
395.152	0.0	0.0	0.00014778031250000002
395.162	0.0	0.0	0.00014931118750000002
395.212	0.0	0.0	0.00016036493750000002
395.332	0.0	0.0	0.00018388768750000003
395.492	0.0	0.0	0.0002168408125
395.502	0.0	0.0	0.00021575393750000003
395.552	0.0	0.0	0.00020948706250000003
395.672	0.0	0.0	0.00019640525
395.832	0.0	0.0	0.000178196625
395.842	0.0	0.0	0.0001758401875
395.892	0.0	0.0	0.000156486875
396.002	0.0	0.0	0.000114473375
396.162	0.0	0.0	5.508143750000001e-05
396.172	0.0	0.0	5.1781500000000006e-05
396.222	0.0	0.0	2.73268125e-05
396.342	0.0	0.0	-2.4829312500000007e-05
396.502	0.0	0.0	-9.7934375e-05
396.512	0.0	0.0	-0.0001007810625
396.562	0.0	0.0	-0.0001175305
396.682	0.0	0.0	-0.00015255562500000002
396.842	0.0	0.0	-0.00020134243750000004
396.852	0.0	0.0	-0.00020141412500000004
396.902	0.0	0.0	-0.00020202693750000003
397.012	0.0	0.0	-0.00020335893750000002
397.172	0.0	0.0	-0.00020524362500000002
397.182	0.0	0.0	-0.00020323637500000005
397.232	0.0	0.0	-0.000187955375
397.352	0.0	0.0	-0.00015529825
397.512	0.0	0.0	-0.00010949456250000001
397.522	0.0	0.0	-0.0001055263125
397.572	0.0	0.0	-8.17029375e-05
397.692	0.0	0.0	-3.176912500000001e-05
397.852	0.0	0.0	3.7823250000000004e-05
397.862	0.0	0.0	4.000162500000001e-05
397.912	0.0	0.0	5.9056624999999995e-05
398.022	0.0	0.0	0.00010061225000000001
398.182	0.0	0.0	0.0001594260625
398.192	0.0	0.0	0.00016031406250000002
398.242	0.0	0.0	0.0001672608125
398.362	0.0	0.0	0.00018214637500000002
398.522	0.0	0.0	0.00020303287500000002
398.532	0.0	0.0	0.00020152743750000002
398.582	0.0	0.0	0.00019230287500000002
398.702	0.0	0.0	0.00017292875000000002
398.862	0.0	0.0	0.0001459095
398.872	0.0	0.0	0.000143805125
398.922	0.0	0.0	0.0001247709375
399.032	0.0	0.0	8.31644375e-05
399.192	0.0	0.0	2.42465625e-05
399.202	0.0	0.0	2.1656100000000004e-05
399.252	0.0	0.0	7.998937500000002e-07
399.372	0.0	0.0	-4.3974500000000004e-05
399.532	0.0	0.0	-0.00010683750000000002
399.542	0.0	0.0	-0.00010874300000000001
399.592	0.0	0.0	-0.00012068937500000002
399.712	0.0	0.0	-0.0001458355
399.872	0.0	0.0	-0.00018092075000000003
399.882	0.0	0.0	-0.0001806779375
399.932	0.0	0.0	-0.00017841400000000003
400.042	0.0	0.0	-0.00017344906250000002
400.202	0.0	0.0	-0.00016641443750000002
400.212	0.0	0.0	-0.0001646153125
400.262	0.0	0.0	-0.00014969275
400.382	0.0	0.0	-0.0001175836875
400.542	0.0	0.0	-7.247837500000001e-05
400.552	0.0	0.0	-6.926631250000001e-05
400.602	0.0	0.0	-4.8671187500000005e-05
400.722	0.0	0.0	-5.228331250000001e-06
400.882	0.0	0.0	5.5423687500000005e-05
400.892	0.0	0.0	5.700775000000001e-05
400.942	0.0	0.0	7.24113125e-05
401.052	0.0	0.0	0.0001062385625
401.212	0.0	0.0	0.0001541905625
401.222	0.0	0.0	0.00015471087500000001
401.272	0.0	0.0	0.00015916243750000003
401.392	0.0	0.0	0.000168757
401.552	0.0	0.0	0.00018224581250000002
401.562	0.0	0.0	0.0001807334375
401.612	0.0	0.0	0.0001708035625
401.732	0.0	0.0	0.00014981531250000003
401.892	0.0	0.0	0.0001204928125
401.902	0.0	0.0	0.0001186196875
401.952	0.0	0.0	9.971037500000001e-05
402.062	0.0	0.0	5.809000000000001e-05
402.222	0.0	0.0	-9.427831250000001e-07
402.232	0.0	0.0	-3.3175125000000005e-06
402.282	0.0	0.0	-2.4267375000000002e-05
402.402	0.0	0.0	-6.954150000000001e-05
402.562	0.0	0.0	-0.00013321156250000002
402.572	0.0	0.0	-0.00013499218750000002
402.622	0.0	0.0	-0.00014693856250000002
402.742	0.0	0.0	-0.00017224887500000004
402.902	0.0	0.0	-0.00020762550000000003
402.902	0.0	0.0	-0.00020727400000000002
402.962	0.0	0.0	-0.0002035925
403.072	0.0	0.0	-0.00019546868750000004
403.232	0.0	0.0	-0.000183940875
403.242	0.0	0.0	-0.00018184575000000002
403.292	0.0	0.0	-0.000162749125
403.412	0.0	0.0	-0.00012139006250000002
403.572	0.0	0.0	-6.319368750000001e-05
403.582	0.0	0.0	-5.933412500000001e-05
403.632	0.0	0.0	-3.28074375e-05
403.752	0.0	0.0	2.3520437500000002e-05
403.912	0.0	0.0	0.0001022934375
403.912	0.0	0.0	0.00010408562500000001
403.972	0.0	0.0	0.0001236933125
404.082	0.0	0.0	0.00016705037500000001
404.242	0.0	0.0	0.0002286160625
404.252	0.0	0.0	0.00022902537500000004
404.302	0.0	0.0	0.00023289187500000004
404.422	0.0	0.0	0.00024126312500000004
404.582	0.0	0.0	0.000253056875
404.592	0.0	0.0	0.00025065187500000004
404.642	0.0	0.0	0.00023377062500000006
404.762	0.0	0.0	0.000197889875
404.922	0.0	0.0	0.0001476855
404.922	0.0	0.0	0.00014529900000000002
404.982	0.0	0.0	0.00011648062500000002
405.092	0.0	0.0	5.2392e-05
405.252	0.0	0.0	-3.87736875e-05
405.262	0.0	0.0	-4.23118125e-05
405.312	0.0	0.0	-7.240668750000002e-05
405.432	0.0	0.0	-0.00013709887500000002
405.592	0.0	0.0	-0.0002277141875
405.592	0.0	0.0	-0.00022894675
405.652	0.0	0.0	-0.00024251187500000005
405.762	0.0	0.0	-0.00027250500000000003
405.922	0.0	0.0	-0.00031514749999999995
405.932	0.0	0.0	-0.00031415312500000006
405.982	0.0	0.0	-0.0003040475
406.102	0.0	0.0	-0.0002820325
406.262	0.0	0.0	-0.000251021875
406.272	0.0	0.0	-0.00024669750000000005
406.322	0.0	0.0	-0.00021476650000000003
406.442	0.0	0.0	-0.0001465778125
406.602	0.0	0.0	-5.107850000000001e-05
406.602	0.0	0.0	-4.810925000000001e-05
406.662	0.0	0.0	-1.1515325000000001e-05
406.772	0.0	0.0	6.98999375e-05
406.932	0.0	0.0	0.00018567987500000004
406.942	0.0	0.0	0.00018821900000000002
406.992	0.0	0.0	0.00021458612500000002
407.112	0.0	0.0	0.00027215812500000003
407.272	0.0	0.0	0.000353326875
407.282	0.0	0.0	0.00035328062500000003
407.332	0.0	0.0	0.00035300312500000005
407.452	0.0	0.0	0.00035237875000000007
407.612	0.0	0.0	0.00035152312500000006
407.612	0.0	0.0	0.00034941875000000003
407.662	0.0	0.0	0.00032227000000000004
407.782	0.0	0.0	0.0002616825
407.942	0.0	0.0	0.0001755025625
407.942	0.0	0.0	0.0001713770625
408.002	0.0	0.0	0.0001268429375
408.122	0.0	0.0	2.9391875e-05
408.282	0.0	0.0	-0.00010808625000000001
408.292	0.0	0.0	-0.0001131945625
408.342	0.0	0.0	-0.0001528261875
408.462	0.0	0.0	-0.00023786375
408.622	0.0	0.0	-0.000357073125
408.622	0.0	0.0	-0.00035802125
408.672	0.0	0.0	-0.00037099437500000005
408.792	0.0	0.0	-0.00039997
408.952	0.0	0.0	-0.000441225
408.952	0.0	0.0	-0.000439398125
409.012	0.0	0.0	-0.00041872437500000006
409.122	0.0	0.0	-0.0003734456250000001
409.292	0.0	0.0	-0.000309505
409.302	0.0	0.0	-0.00030353875000000005
409.352	0.0	0.0	-0.00025585500000000004
409.472	0.0	0.0	-0.00015335806250000003
409.632	0.0	0.0	-9.5520125e-06
409.632	0.0	0.0	-6.170675e-06
409.682	0.0	0.0	4.252225e-05
409.802	0.0	0.0	0.0001516075
409.962	0.0	0.0	0.0003069843750000001
409.962	0.0	0.0	0.000309528125
410.022	0.0	0.0	0.000339174375
410.132	0.0	0.0	0.00040436375
410.302	0.0	0.0	0.0004964243750000001
410.312	0.0	0.0	0.00049538375
410.362	0.0	0.0	0.00048685062500000004
410.482	0.0	0.0	0.000468443125
410.642	0.0	0.0	0.0004426356250000001
410.642	0.0	0.0	0.00043988375000000006
410.692	0.0	0.0	0.00039802749999999997
410.812	0.0	0.0	0.0003040706250000001
410.972	0.0	0.0	0.00017013987500000003
410.972	0.0	0.0	0.00016530906250000003
411.032	0.0	0.0	0.0001060396875
411.142	0.0	0.0	-2.4526375e-05
411.312	0.0	0.0	-0.00020901762500000003
411.322	0.0	0.0	-0.00021444737500000003
411.372	0.0	0.0	-0.00026043375
411.492	0.0	0.0	-0.00035977875
411.652	0.0	0.0	-0.00049926875
411.652	0.0	0.0	-0.0004997543750000001
411.702	0.0	0.0	-0.0005076400000000001
411.822	0.0	0.0	-0.0005254231250000001
411.982	0.0	0.0	-0.000550768125
411.982	0.0	0.0	-0.000548085625
412.042	0.0	0.0	-0.0005136756250000001
412.152	0.0	0.0	-0.00043771
412.322	0.0	0.0	-0.0003303175
412.332	0.0	0.0	-0.0003231950000000001
412.382	0.0	0.0	-0.00026080375000000003
412.502	0.0	0.0	-0.00012580693750000003
412.662	0.0	0.0	6.390131250000001e-05
412.662	0.0	0.0	6.7104125e-05
412.712	0.0	0.0	0.000122705875
412.832	0.0	0.0	0.00024813125
412.992	0.0	0.0	0.00042709562500000005
412.992	0.0	0.0	0.000429015
413.052	0.0	0.0	0.0004551693750000001
413.162	0.0	0.0	0.000512981875
413.332	0.0	0.0	0.000594798125
413.342	0.0	0.0	0.0005925318750000001
413.392	0.0	0.0	0.00057225125
413.512	0.0	0.0	0.000528244375
413.672	0.0	0.0	0.00046636187500000007
413.672	0.0	0.0	0.0004634943750000001
413.722	0.0	0.0	0.00041002937500000003
413.842	0.0	0.0	0.00028915500000000003
414.002	0.0	0.0	0.00011659625000000001
414.002	0.0	0.0	0.00011205218750000003
414.062	0.0	0.0	4.743168750000001e-05
414.172	0.0	0.0	-9.587625e-05
414.342	0.0	0.0	-0.000298705625
414.352	0.0	0.0	-0.00030316875
414.402	0.0	0.0	-0.00034477062500000004
414.522	0.0	0.0	-0.00043521250000000004
414.682	0.0	0.0	-0.000562423125
414.682	0.0	0.0	-0.0005623306250000001
414.732	0.0	0.0	-0.00056022625
414.852	0.0	0.0	-0.0005554393750000001
415.012	0.0	0.0	-0.000548594375
415.012	0.0	0.0	-0.00054570375
415.072	0.0	0.0	-0.000502205625
415.182	0.0	0.0	-0.000405496875
415.352	0.0	0.0	-0.00026855062500000005
415.362	0.0	0.0	-0.000261983125
415.412	0.0	0.0	-0.000198333875
415.532	0.0	0.0	-5.9678687500000004e-05
415.692	0.0	0.0	0.00013548243750000002
415.692	0.0	0.0	0.0001376839375
415.742	0.0	0.0	0.00018588800000000002
415.862	0.0	0.0	0.00029539875000000003
416.022	0.0	0.0	0.00045188562500000007
416.022	0.0	0.0	0.0004527875
416.082	0.0	0.0	0.00046731
416.192	0.0	0.0	0.00049963875
416.362	0.0	0.0	0.0005454725
416.372	0.0	0.0	0.0005426975
416.422	0.0	0.0	0.0005149475
416.542	0.0	0.0	0.00045433687500000004
416.702	0.0	0.0	0.00036898249999999997
416.702	0.0	0.0	0.000366855
416.752	0.0	0.0	0.00031593375000000005
416.872	0.0	0.0	0.00020001506250000002
417.032	0.0	0.0	3.4255062500000004e-05
417.032	0.0	0.0	3.1165562500000006e-05
417.092	0.0	0.0	-2.1190825000000002e-05
417.202	0.0	0.0	-0.00013808168749999999
417.372	0.0	0.0	-0.00030379312500000005
417.382	0.0	0.0	-0.000306336875
417.432	0.0	0.0	-0.000332791875
417.552	0.0	0.0	-0.00039069687500000003
417.712	0.0	0.0	-0.00047228187500000004
417.712	0.0	0.0	-0.00047191187499999996
417.762	0.0	0.0	-0.00046185250000000007
417.882	0.0	0.0	-0.0004389125000000001
418.042	0.0	0.0	-0.00040607500000000004
418.042	0.0	0.0	-0.00040390125000000005
418.102	0.0	0.0	-0.00036468125000000003
418.212	0.0	0.0	-0.00027689875
418.382	0.0	0.0	-0.00015237525
418.382	0.0	0.0	-0.0001479075
418.442	0.0	0.0	-0.00010002256250000001
418.562	0.0	0.0	4.946900000000001e-06
418.722	0.0	0.0	0.00015291175000000003
418.722	0.0	0.0	0.0001537835625
418.772	0.0	0.0	0.00018425075
418.892	0.0	0.0	0.00025419
419.052	0.0	0.0	0.00035441375
419.052	0.0	0.0	0.000354645
419.112	0.0	0.0	0.00035811375000000006
419.222	0.0	0.0	0.00036576812500000003
419.392	0.0	0.0	0.0003765675000000001
419.392	0.0	0.0	0.000375711875
419.442	0.0	0.0	0.00035256375000000006
419.562	0.0	0.0	0.00029965374999999997
419.722	0.0	0.0	0.0002239586875
419.722	0.0	0.0	0.000222143375
419.772	0.0	0.0	0.00018419525
419.892	0.0	0.0	9.892643750000001e-05
420.062	0.0	0.0	-2.2134556250000005e-05
420.062	0.0	0.0	-2.5007375000000006e-05
420.122	0.0	0.0	-5.8279625e-05
420.232	0.0	0.0	-0.00013152575
420.402	0.0	0.0	-0.00023488062500000002
420.402	0.0	0.0	-0.00023522750000000002
420.452	0.0	0.0	-0.00024757625000000003
420.572	0.0	0.0	-0.000275950625
420.732	0.0	0.0	-0.00031658125
420.732	0.0	0.0	-0.00031609562500000007
420.782	0.0	0.0	-0.00030520375
420.902	0.0	0.0	-0.000280645
421.072	0.0	0.0	-0.00024579562500000004
421.072	0.0	0.0	-0.00024346000000000003
421.132	0.0	0.0	-0.000215081
421.242	0.0	0.0	-0.00015247468750000004
421.412	0.0	0.0	-6.407937500000001e-05
421.412	0.0	0.0	-6.34110625e-05
421.462	0.0	0.0	-3.416025e-05
421.582	0.0	0.0	3.3175125e-05
421.742	0.0	0.0	0.0001296965625
421.742	0.0	0.0	0.00013048975
421.792	0.0	0.0	0.0001497783125
421.912	0.0	0.0	0.0001932903125
422.082	0.0	0.0	0.000255138125
422.082	0.0	0.0	0.00025509187500000007
422.142	0.0	0.0	0.00025458312500000005
422.252	0.0	0.0	0.000253473125
422.422	0.0	0.0	0.00025190062500000005
422.422	0.0	0.0	0.00025155375000000005
422.472	0.0	0.0	0.00023353937500000002
422.592	0.0	0.0	0.0001919675625
422.752	0.0	0.0	0.00013233975
422.752	0.0	0.0	0.00013129450000000001
422.802	0.0	0.0	0.00010329475000000002
422.922	0.0	0.0	3.99900625e-05
423.092	0.0	0.0	-5.00263125e-05
423.092	0.0	0.0	-5.1843937500000006e-05
423.152	0.0	0.0	-7.60511875e-05
423.262	0.0	0.0	-0.0001297035
423.432	0.0	0.0	-0.00020553268750000001
423.432	0.0	0.0	-0.0002056529375
423.482	0.0	0.0	-0.0002138785
423.602	0.0	0.0	-0.00023289187500000004
423.762	0.0	0.0	-0.0002602025
423.762	0.0	0.0	-0.0002598325
423.812	0.0	0.0	-0.0002491025
423.932	0.0	0.0	-0.0002248004375
424.102	0.0	0.0	-0.000190217
424.102	0.0	0.0	-0.00018837625000000003
424.162	0.0	0.0	-0.00016257337500000002
424.272	0.0	0.0	-0.00010526500000000002
424.442	0.0	0.0	-2.4218812500000004e-05
424.442	0.0	0.0	-2.3936687500000003e-05
424.492	0.0	0.0	2.83605e-06
424.612	0.0	0.0	6.489800000000001e-05
424.772	0.0	0.0	0.00015400093750000002
424.772	0.0	0.0	0.00015451200000000001
424.822	0.0	0.0	0.0001718071875
424.942	0.0	0.0	0.0002110919375
425.112	0.0	0.0	0.00026700125000000003
425.112	0.0	0.0	0.000266839375
425.172	0.0	0.0	0.00026418000000000004
425.282	0.0	0.0	0.00025830625
425.452	0.0	0.0	0.00024998125000000006
425.452	0.0	0.0	0.0002498425
425.502	0.0	0.0	0.00022905081250000004
425.612	0.0	0.0	0.00018071262500000002
425.782	0.0	0.0	0.00011127750000000002
425.782	0.0	0.0	0.00011047506250000001
425.832	0.0	0.0	7.91615e-05
425.952	0.0	0.0	7.881462500000001e-06
426.122	0.0	0.0	-9.363081250000002e-05
426.122	0.0	0.0	-9.52935e-05
426.182	0.0	0.0	-0.0001213345625
426.292	0.0	0.0	-0.000179436125
426.462	0.0	0.0	-0.0002616825
426.462	0.0	0.0	-0.000261705625
426.512	0.0	0.0	-0.000268458125
426.622	0.0	0.0	-0.000284183125
426.792	0.0	0.0	-0.00030679937500000003
426.792	0.0	0.0	-0.00030645250000000003
426.842	0.0	0.0	-0.000290380625
426.962	0.0	0.0	-0.000253704375
427.132	0.0	0.0	-0.00020146962500000002
427.132	0.0	0.0	-0.00019948318750000004
427.192	0.0	0.0	-0.00016635893750000002
427.302	0.0	0.0	-9.2291875e-05
427.472	0.0	0.0	1.26193125e-05
427.472	0.0	0.0	1.2564275000000003e-05
427.522	0.0	0.0	4.4638187500000005e-05
427.632	0.0	0.0	0.00011952387500000001
427.802	0.0	0.0	0.00022721237500000004
427.802	0.0	0.0	0.0002275338125
427.852	0.0	0.0	0.00024554125000000003
427.972	0.0	0.0	0.00028670375000000006
428.142	0.0	0.0	0.00034537187500000005
428.142	0.0	0.0	0.00034493250000000006
428.202	0.0	0.0	0.00033697750000000003
428.312	0.0	0.0	0.00031914812500000004
428.482	0.0	0.0	0.00029387250000000004
428.482	0.0	0.0	0.00029391875
428.532	0.0	0.0	0.0002646425
428.642	0.0	0.0	0.00019588262500000003
428.812	0.0	0.0	9.6935375e-05
428.812	0.0	0.0	9.6380375e-05
428.862	0.0	0.0	5.65614375e-05
428.982	0.0	0.0	-3.4701375000000005e-05
429.152	0.0	0.0	-0.00016487662500000002
429.152	0.0	0.0	-0.0001664283125
429.212	0.0	0.0	-0.00019603062500000003
429.322	0.0	0.0	-0.000262515
429.492	0.0	0.0	-0.000356795625
429.492	0.0	0.0	-0.00035651812500000005
429.542	0.0	0.0	-0.00036014875000000006
429.652	0.0	0.0	-0.00036810375000000003
429.822	0.0	0.0	-0.00037952750000000006
429.822	0.0	0.0	-0.00037927312500000006
429.872	0.0	0.0	-0.00035404375
429.992	0.0	0.0	-0.0002960925000000001
430.162	0.0	0.0	-0.00021339056250000002
430.162	0.0	0.0	-0.00021127231250000003
430.212	0.0	0.0	-0.0001676631875
430.332	0.0	0.0	-6.949525e-05
430.502	0.0	0.0	6.97796875e-05
430.502	0.0	0.0	6.91969375e-05
430.552	0.0	0.0	0.00010725143750000001
430.662	0.0	0.0	0.00019662493750000003
430.832	0.0	0.0	0.00032534562500000005
430.832	0.0	0.0	0.00032546125
430.882	0.0	0.0	0.00034229625000000005
431.002	0.0	0.0	0.0003810768750000001
431.172	0.0	0.0	0.000436438125
431.172	0.0	0.0	0.00043569812500000003
431.222	0.0	0.0	0.00041944125000000003
431.342	0.0	0.0	0.0003827650000000001
431.512	0.0	0.0	0.00033071062500000006
431.512	0.0	0.0	0.00033098812500000004
431.562	0.0	0.0	0.00029160625
431.672	0.0	0.0	0.00019766787500000003
431.842	0.0	0.0	6.23103125e-05
431.842	0.0	0.0	6.221087500000002e-05
431.892	0.0	0.0	1.4227193750000001e-05
432.012	0.0	0.0	-9.64936875e-05
432.182	0.0	0.0	-0.000254675625
432.182	0.0	0.0	-0.000255924375
432.232	0.0	0.0	-0.00028656499999999996
432.352	0.0	0.0	-0.0003558475
432.522	0.0	0.0	-0.00045426750000000007
432.522	0.0	0.0	-0.00045362000000000006
432.572	0.0	0.0	-0.000451515625
432.682	0.0	0.0	-0.0004448325000000001
432.852	0.0	0.0	-0.000435235625
432.852	0.0	0.0	-0.000435235625
432.902	0.0	0.0	-0.00039955375
433.022	0.0	0.0	-0.0003169050000000001
433.192	0.0	0.0	-0.00019877556250000002
433.192	0.0	0.0	-0.00019678218750000004
433.242	0.0	0.0	-0.0001441866875
433.362	0.0	0.0	-2.5051312500000003e-05
433.532	0.0	0.0	0.00014420750000000002
433.532	0.0	0.0	0.00014262112500000002
433.582	0.0	0.0	0.00018317775
433.692	0.0	0.0	0.000278864375
433.862	0.0	0.0	0.000417059375
433.862	0.0	0.0	0.000417198125
433.912	0.0	0.0	0.000429223125
434.032	0.0	0.0	0.00045681125000000003
434.202	0.0	0.0	0.0004960081250000001
434.202	0.0	0.0	0.0004957537500000001
434.252	0.0	0.0	0.0004728137500000001
434.362	0.0	0.0	0.000416643125
434.532	0.0	0.0	0.00033563625000000003
434.532	0.0	0.0	0.0003358675
434.582	0.0	0.0	0.000286125625
434.702	0.0	0.0	0.00017003812500000003
434.872	0.0	0.0	3.9495187500000005e-06
434.872	0.0	0.0	2.37655625e-06
434.922	0.0	0.0	-4.902962500000001e-05
435.042	0.0	0.0	-0.00016596812500000002
435.212	0.0	0.0	-0.000332283125
435.212	0.0	0.0	-0.00033064125
435.262	0.0	0.0	-0.00035656437500000004
435.372	0.0	0.0	-0.00041627312500000003
435.542	0.0	0.0	-0.0005025062500000001
435.542	0.0	0.0	-0.0005021825000000001
435.592	0.0	0.0	-0.00049186875
435.712	0.0	0.0	-0.000466778125
435.882	0.0	0.0	-0.00043086500000000006
435.882	0.0	0.0	-0.0004297087500000001
435.932	0.0	0.0	-0.00038618750000000003
436.052	0.0	0.0	-0.00028698125000000004
436.222	0.0	0.0	-0.0001458146875
436.222	0.0	0.0	-0.0001473733125
436.272	0.0	0.0	-9.697700000000002e-05
436.382	0.0	0.0	2.4026875e-05
436.552	0.0	0.0	0.00019882412500000002
436.552	0.0	0.0	0.00019793843750000003
436.602	0.0	0.0	0.00023596750000000005
436.722	0.0	0.0	0.000324050625
436.892	0.0	0.0	0.00045017437500000004
436.892	0.0	0.0	0.00045026687500000003
436.942	0.0	0.0	0.0004540131250000001
437.062	0.0	0.0	0.000462523125
437.232	0.0	0.0	0.00047468687500000007
437.232	0.0	0.0	0.000474525
437.282	0.0	0.0	0.000446381875
437.392	0.0	0.0	0.00037578125000000003
437.562	0.0	0.0	0.000273730625
437.562	0.0	0.0	0.000274378125
437.612	0.0	0.0	0.00022496000000000001
437.732	0.0	0.0	0.00010857650000000002
437.902	0.0	0.0	-5.8184812499999996e-05
437.902	0.0	0.0	-5.902425000000001e-05
437.952	0.0	0.0	-0.00010343581250000001
438.072	0.0	0.0	-0.0002051534375
438.242	0.0	0.0	-0.000350043125
438.242	0.0	0.0	-0.000348100625
438.292	0.0	0.0	-0.0003653287500000001
438.402	0.0	0.0	-0.00040367000000000007
438.572	0.0	0.0	-0.00045912375
438.572	0.0	0.0	-0.0004587075
438.622	0.0	0.0	-0.00044261250000000006
438.742	0.0	0.0	-0.00040293
438.912	0.0	0.0	-0.0003460425000000001
438.912	0.0	0.0	-0.00034541812500000005
438.962	0.0	0.0	-0.000303561875
439.082	0.0	0.0	-0.00020747981250000003
439.252	0.0	0.0	-7.05405e-05
439.252	0.0	0.0	-7.25454375e-05
439.302	0.0	0.0	-3.0673e-05
439.412	0.0	0.0	7.016125e-05
439.582	0.0	0.0	0.00021605225
439.582	0.0	0.0	0.00021478268750000005
439.632	0.0	0.0	0.00024119375000000005
439.752	0.0	0.0	0.00030194312500000003
439.922	0.0	0.0	0.000389078125
439.922	0.0	0.0	0.000389031875
439.972	0.0	0.0	0.0003850543750000001
440.092	0.0	0.0	0.0003758737500000001
440.262	0.0	0.0	0.00036280812500000004
440.262	0.0	0.0	0.00036301625000000005
440.312	0.0	0.0	0.000336306875
440.422	0.0	0.0	0.000268828125
440.592	0.0	0.0	0.0001711319375
440.592	0.0	0.0	0.00017209856250000003
440.642	0.0	0.0	0.000133352625
440.762	0.0	0.0	4.142843750000001e-05
440.932	0.0	0.0	-9.048350000000002e-05
440.932	0.0	0.0	-9.069393750000002e-05
440.982	0.0	0.0	-0.00012038643750000001
441.102	0.0	0.0	-0.00018885031250000003
441.272	0.0	0.0	-0.00028654187500000005
441.272	0.0	0.0	-0.00028487687499999996
441.322	0.0	0.0	-0.00029232312500000003
441.432	0.0	0.0	-0.00030716937500000006
441.602	0.0	0.0	-0.0003286525
441.602	0.0	0.0	-0.00032842125000000005
441.652	0.0	0.0	-0.0003121875
441.772	0.0	0.0	-0.00027185750000000003
441.942	0.0	0.0	-0.00021395943750000002
441.942	0.0	0.0	-0.00021386462500000002
441.992	0.0	0.0	-0.00018297656250000003
442.112	0.0	0.0	-0.00011159200000000001
442.282	0.0	0.0	-9.692150000000002e-06
442.282	0.0	0.0	-1.1546312500000002e-05
442.332	0.0	0.0	1.5076575000000002e-05
442.442	0.0	0.0	7.90481875e-05
442.612	0.0	0.0	0.00017174475
442.612	0.0	0.0	0.0001706046875
442.662	0.0	0.0	0.0001837720625
442.782	0.0	0.0	0.0002134229375
442.952	0.0	0.0	0.000256016875
442.952	0.0	0.0	0.00025599375
443.002	0.0	0.0	0.000248940625
443.122	0.0	0.0	0.000232545
443.292	0.0	0.0	0.00020912168750000004
443.292	0.0	0.0	0.00020957493750000002
443.332	0.0	0.0	0.00019091306250000004
443.452	0.0	0.0	0.00014355537500000004
443.622	0.0	0.0	7.489262500000001e-05
443.622	0.0	0.0	7.581993750000001e-05
443.672	0.0	0.0	5.3247625e-05
443.792	0.0	0.0	-4.6273125e-07
443.962	0.0	0.0	-7.765837500000001e-05
443.962	0.0	0.0	-7.75450625e-05
444.012	0.0	0.0	-9.172993750000001e-05
444.132	0.0	0.0	-0.00012455818750000002
444.302	0.0	0.0	-0.00017147187500000003
444.302	0.0	0.0	-0.00017050756250000003
444.342	0.0	0.0	-0.00017155975000000001
444.462	0.0	0.0	-0.00017179100000000002
444.632	0.0	0.0	-0.00017212631250000004
444.632	0.0	0.0	-0.0001721216875
444.682	0.0	0.0	-0.00016118587500000002
444.802	0.0	0.0	-0.00013386137500000003
444.972	0.0	0.0	-9.456506250000001e-05
444.972	0.0	0.0	-9.466912500000001e-05
445.022	0.0	0.0	-7.831281250000001e-05
445.142	0.0	0.0	-4.0154250000000006e-05
445.312	0.0	0.0	1.4403406250000002e-05
445.312	0.0	0.0	1.321755625e-05
445.352	0.0	0.0	2.5599375000000003e-05
445.472	0.0	0.0	5.513925e-05
445.642	0.0	0.0	9.8008375e-05
445.642	0.0	0.0	9.732618750000002e-05
445.692	0.0	0.0	0.00010212925000000001
445.812	0.0	0.0	0.00011248925
445.982	0.0	0.0	0.000127395625
445.982	0.0	0.0	0.000127340125
446.032	0.0	0.0	0.000122548625
446.152	0.0	0.0	0.00011109481250000001
446.322	0.0	0.0	9.47084375e-05
446.322	0.0	0.0	9.508306250000002e-05
446.362	0.0	0.0	8.52873125e-05
446.482	0.0	0.0	6.025218750000001e-05
446.652	0.0	0.0	2.3902000000000003e-05
446.652	0.0	0.0	2.4521750000000006e-05
446.702	0.0	0.0	1.285935e-05
446.822	0.0	0.0	-1.5092762500000003e-05
446.992	0.0	0.0	-5.5328875e-05
446.992	0.0	0.0	-5.51276875e-05
447.042	0.0	0.0	-6.292775e-05
447.162	0.0	0.0	-8.099762500000002e-05
447.332	0.0	0.0	-0.00010686062500000001
447.332	0.0	0.0	-0.00010623625000000001
447.372	0.0	0.0	-0.0001070618125
447.492	0.0	0.0	-0.0001076075625
447.662	0.0	0.0	-0.00010839612500000001
447.662	0.0	0.0	-0.00010838225000000001
447.712	0.0	0.0	-0.00010124125
447.832	0.0	0.0	-8.300487500000001e-05
448.002	0.0	0.0	-5.6741812500000004e-05
448.002	0.0	0.0	-5.6896750000000004e-05
448.052	0.0	0.0	-4.427512500000001e-05
448.172	0.0	0.0	-1.4487581250000002e-05
448.342	0.0	0.0	2.8159312500000004e-05
448.342	0.0	0.0	2.701925e-05
448.382	0.0	0.0	3.818631250000001e-05
448.502	0.0	0.0	6.54830625e-05
448.672	0.0	0.0	0.00010520487500000002
448.672	0.0	0.0	0.0001046383125
448.722	0.0	0.0	0.0001099015625
448.842	0.0	0.0	0.00012157968750000003
449.012	0.0	0.0	0.0001383129375
449.012	0.0	0.0	0.00013791056250000001
449.052	0.0	0.0	0.00013386137500000003
449.172	0.0	0.0	0.000121919625
449.342	0.0	0.0	0.000104562
449.342	0.0	0.0	0.00010491812500000002
449.392	0.0	0.0	9.190106250000001e-05
449.512	0.0	0.0	5.9213875000000004e-05
449.682	0.0	0.0	1.2096456250000002e-05
449.682	0.0	0.0	1.2479406250000002e-05
449.732	0.0	0.0	-3.61675e-06
449.852	0.0	0.0	-4.1622687500000006e-05
450.022	0.0	0.0	-9.60913125e-05
450.022	0.0	0.0	-9.461131250000002e-05
450.062	0.0	0.0	-0.0001048556875
450.182	0.0	0.0	-0.0001287761875
450.352	0.0	0.0	-0.000163572375
450.352	0.0	0.0	-0.00016282775
450.402	0.0	0.0	-0.00016237218750000002
450.522	0.0	0.0	-0.00015925725
450.692	0.0	0.0	-0.000154766375
450.692	0.0	0.0	-0.000154808
450.742	0.0	0.0	-0.00014176550000000003
450.862	0.0	0.0	-0.00011011893750000001
451.032	0.0	0.0	-6.47384375e-05
451.032	0.0	0.0	-6.60241875e-05
451.072	0.0	0.0	-4.837056250000001e-05
451.192	0.0	0.0	-3.3683875e-06
451.362	0.0	0.0	6.213225000000001e-05
451.362	0.0	0.0	6.06545625e-05
451.412	0.0	0.0	7.67449375e-05
451.532	0.0	0.0	0.00011492200000000002
451.702	0.0	0.0	0.00017000806250000002
451.702	0.0	0.0	0.00016942993750000004
451.752	0.0	0.0	0.00017397168750000002
451.872	0.0	0.0	0.00018368881250000003
452.042	0.0	0.0	0.00019762856250000001
452.032	0.0	0.0	0.00019721693750000005
452.082	0.0	0.0	0.00018882487500000003
452.202	0.0	0.0	0.00016443725
452.372	0.0	0.0	0.0001289241875
452.372	0.0	0.0	0.00012976825
452.422	0.0	0.0	0.0001101096875
452.542	0.0	0.0	6.061293750000001e-05
452.712	0.0	0.0	-1.0842618750000001e-05
452.712	0.0	0.0	-1.0011506250000001e-05
452.762	0.0	0.0	-3.1107750000000004e-05
452.882	0.0	0.0	-8.109012500000001e-05
453.052	0.0	0.0	-0.00015283775
453.042	0.0	0.0	-0.0001506385625
453.092	0.0	0.0	-0.00016186343750000003
453.212	0.0	0.0	-0.0001870535
453.382	0.0	0.0	-0.00022375518750000002
453.382	0.0	0.0	-0.00022283943750000003
453.432	0.0	0.0	-0.00021891975000000002
453.552	0.0	0.0	-0.00020611081250000002
453.722	0.0	0.0	-0.000187613125
453.722	0.0	0.0	-0.00018784900000000002
453.772	0.0	0.0	-0.00016871537500000005
453.892	0.0	0.0	-0.00012179706250000002
454.062	0.0	0.0	-5.441543750000001e-05
454.052	0.0	0.0	-5.655912500000001e-05
454.102	0.0	0.0	-3.395675e-05
454.222	0.0	0.0	2.3571312500000007e-05
454.392	0.0	0.0	0.00010742950000000001
454.392	0.0	0.0	0.000105241875
454.442	0.0	0.0	0.0001231891875
454.562	0.0	0.0	0.00016523737500000004
454.732	0.0	0.0	0.00022599368750000006
454.732	0.0	0.0	0.00022514731250000003
454.782	0.0	0.0	0.000227166125
454.902	0.0	0.0	0.00023009143750000004
455.072	0.0	0.0	0.00023430250000000004
455.062	0.0	0.0	0.00023416375
455.112	0.0	0.0	0.0002210935
455.232	0.0	0.0	0.00018368187500000005
455.402	0.0	0.0	0.00012912075000000002
455.402	0.0	0.0	0.00013060768750000002
455.442	0.0	0.0	0.00010603043750000001
455.572	0.0	0.0	4.399762500000001e-05
455.742	0.0	0.0	-4.56880625e-05
455.742	0.0	0.0	-4.433293750000001e-05
455.792	0.0	0.0	-6.752962499999999e-05
455.912	0.0	0.0	-0.00012248387500000003
456.082	0.0	0.0	-0.000201488125
456.072	0.0	0.0	-0.00019879406250000002
456.122	0.0	0.0	-0.00020868000000000001
456.242	0.0	0.0	-0.0002292173125
456.412	0.0	0.0	-0.00025918500000000005
456.412	0.0	0.0	-0.000258329375
456.452	0.0	0.0	-0.00025025875
456.582	0.0	0.0	-0.00022615556250000002
456.752	0.0	0.0	-0.00019127843750000003
456.752	0.0	0.0	-0.000191845
456.802	0.0	0.0	-0.0001684031875
456.922	0.0	0.0	-0.00011046812500000002
457.092	0.0	0.0	-2.7139500000000003e-05
457.082	0.0	0.0	-3.0076375000000004e-05
457.132	0.0	0.0	-5.635793750000001e-06
457.252	0.0	0.0	5.6223812500000006e-05
457.422	0.0	0.0	0.0001465315625
457.412	0.0	0.0	0.00014386293750000002
457.462	0.0	0.0	0.000160334875
457.592	0.0	0.0	0.0001979476875
457.762	0.0	0.0	0.00025238625
457.762	0.0	0.0	0.00025143812500000003
457.812	0.0	0.0	0.00024956500000000004
457.932	0.0	0.0	0.00024241937500000003
458.102	0.0	0.0	0.000232105625
458.092	0.0	0.0	0.000232475625
458.142	0.0	0.0	0.000216154
458.262	0.0	0.0	0.00016989706249999998
458.432	0.0	0.0	0.00010233275000000001
458.422	0.0	0.0	0.00010440937500000002
458.472	0.0	0.0	7.904125000000001e-05
458.592	0.0	0.0	1.5122131250000001e-05
458.772	0.0	0.0	-7.7427125e-05
458.772	0.0	0.0	-7.57089375e-05
458.822	0.0	0.0	-9.620925e-05
458.942	0.0	0.0	-0.0001444271875
459.112	0.0	0.0	-0.00021384843750000003
459.102	0.0	0.0	-0.00021124225000000003
459.152	0.0	0.0	-0.00021719925
459.272	0.0	0.0	-0.00022699037500000004
459.442	0.0	0.0	-0.00024128625000000004
459.432	0.0	0.0	-0.00024084687500000002
459.482	0.0	0.0	-0.00022984400000000004
459.602	0.0	0.0	-0.00019818818750000003
459.782	0.0	0.0	-0.000152333625
459.782	0.0	0.0	-0.0001532378125
459.832	0.0	0.0	-0.00013067475000000001
459.952	0.0	0.0	-7.469375e-05
460.122	0.0	0.0	5.948212500000001e-06
460.112	0.0	0.0	2.82980625e-06
460.162	0.0	0.0	2.3157375e-05
460.282	0.0	0.0	7.382887500000001e-05
460.452	0.0	0.0	0.00014791212500000003
460.442	0.0	0.0	0.0001454655
460.492	0.0	0.0	0.000156209375
460.612	0.0	0.0	0.0001793135625
460.792	0.0	0.0	0.00021279625000000002
460.792	0.0	0.0	0.00021209787500000004
460.842	0.0	0.0	0.00020698725000000003
460.962	0.0	0.0	0.0001918704375
461.132	0.0	0.0	0.00017008437500000003
461.122	0.0	0.0	0.00017095156250000003
461.172	0.0	0.0	0.0001560914375
461.292	0.0	0.0	0.00011457049999999999
461.462	0.0	0.0	5.383037500000001e-05
461.452	0.0	0.0	5.590468750000001e-05
461.502	0.0	0.0	3.7025437500000006e-05
461.622	0.0	0.0	-1.010261875e-05
461.802	0.0	0.0	-7.844e-05
461.802	0.0	0.0	-7.69391875e-05
461.852	0.0	0.0	-8.929025000000001e-05
461.972	0.0	0.0	-0.00011772243750000001
462.142	0.0	0.0	-0.00015871843750000003
462.132	0.0	0.0	-0.00015704187500000002
462.182	0.0	0.0	-0.000158299875
462.302	0.0	0.0	-0.00015704650000000002
462.472	0.0	0.0	-0.00015521037500000002
462.462	0.0	0.0	-0.00015527512500000004
462.512	0.0	0.0	-0.00014577075000000002
462.632	0.0	0.0	-0.0001191053125
462.812	0.0	0.0	-8.04218125e-05
462.812	0.0	0.0	-8.130750000000001e-05
462.862	0.0	0.0	-6.67086875e-05
462.982	0.0	0.0	-3.0582812500000006e-05
463.152	0.0	0.0	2.152498125e-05
463.142	0.0	0.0	1.925503125e-05
463.192	0.0	0.0	3.0326125e-05
463.312	0.0	0.0	5.715343750000001e-05
463.482	0.0	0.0	9.64775e-05
463.472	0.0	0.0	9.524725e-05
463.522	0.0	0.0	9.919006250000001e-05
463.652	0.0	0.0	0.000106647875
463.822	0.0	0.0	0.00011741487500000001
463.812	0.0	0.0	0.0001169755
463.862	0.0	0.0	0.000113215375
463.982	0.0	0.0	0.00010062381250000001
464.152	0.0	0.0	8.218625e-05
464.142	0.0	0.0	8.28776875e-05
464.192	0.0	0.0	7.3782625e-05
464.312	0.0	0.0	4.97095e-05
464.492	0.0	0.0	1.475305625e-05
464.492	0.0	0.0	1.562695e-05
464.542	0.0	0.0	6.276125000000001e-06
464.662	0.0	0.0	-1.635145625e-05
464.832	0.0	0.0	-4.90226875e-05
464.822	0.0	0.0	-4.758893750000001e-05
464.872	0.0	0.0	-5.2738875e-05
464.992	0.0	0.0	-6.409556250000002e-05
465.162	0.0	0.0	-8.073862500000001e-05
465.152	0.0	0.0	-8.0100375e-05
465.202	0.0	0.0	-7.9776625e-05
465.322	0.0	0.0	-7.700162500000001e-05
465.502	0.0	0.0	-7.297325e-05
465.502	0.0	0.0	-7.307962500000002e-05
465.542	0.0	0.0	-6.759437500000001e-05
465.672	0.0	0.0	-5.3138937500000006e-05
465.842	0.0	0.0	-3.2254750000000005e-05
465.832	0.0	0.0	-3.3195937500000004e-05
465.882	0.0	0.0	-2.62260625e-05
466.002	0.0	0.0	-7.659231250000002e-06
466.172	0.0	0.0	1.9564443750000003e-05
466.162	0.0	0.0	1.848959375e-05
466.212	0.0	0.0	2.4815437500000002e-05
466.332	0.0	0.0	4.0054812500000006e-05
466.512	0.0	0.0	6.220393750000001e-05
466.512	0.0	0.0	6.160037500000001e-05
466.552	0.0	0.0	6.386662500000001e-05
466.682	0.0	0.0	6.8371375e-05
466.852	0.0	0.0	7.4883375e-05
466.842	0.0	0.0	7.458275000000001e-05
466.892	0.0	0.0	7.22448125e-05
467.012	0.0	0.0	6.4047e-05
467.182	0.0	0.0	5.2022000000000004e-05
467.172	0.0	0.0	5.25099375e-05
467.222	0.0	0.0	4.5859187500000006e-05
467.342	0.0	0.0	2.78309375e-05
467.522	0.0	0.0	1.6186343750000001e-06
467.512	0.0	0.0	2.3629125000000003e-06
467.562	0.0	0.0	-5.4334500000000005e-06
467.692	0.0	0.0	-2.4660500000000002e-05
467.862	0.0	0.0	-5.2463687500000006e-05
467.852	0.0	0.0	-5.1150187500000006e-05
467.902	0.0	0.0	-5.5911625000000004e-05
468.022	0.0	0.0	-6.6706375e-05
468.192	0.0	0.0	-8.255162500000001e-05
468.182	0.0	0.0	-8.189025000000001e-05
468.232	0.0	0.0	-8.143931250000002e-05
468.352	0.0	0.0	-7.816481250000001e-05
468.532	0.0	0.0	-7.34010625e-05
468.522	0.0	0.0	-7.354212500000001e-05
468.572	0.0	0.0	-6.73006875e-05
468.702	0.0	0.0	-5.05535625e-05
468.872	0.0	0.0	-2.6320875000000002e-05
468.862	0.0	0.0	-2.74933125e-05
468.912	0.0	0.0	-1.9441650000000004e-05
469.032	0.0	0.0	2.2808881250000005e-06
469.202	0.0	0.0	3.41764375e-05
469.192	0.0	0.0	3.280975e-05
469.242	0.0	0.0	3.979812500000001e-05
469.362	0.0	0.0	5.6492062500000015e-05
469.542	0.0	0.0	8.07895e-05
469.532	0.0	0.0	8.0044875e-05
469.582	0.0	0.0	8.164281250000001e-05
469.702	0.0	0.0	8.40015625e-05
469.882	0.0	0.0	8.741712500000001e-05
469.872	0.0	0.0	8.724831250000001e-05
469.922	0.0	0.0	8.34049375e-05
470.042	0.0	0.0	7.062375e-05
470.212	0.0	0.0	5.185087500000001e-05
470.202	0.0	0.0	5.267643750000001e-05
470.252	0.0	0.0	4.44670625e-05
470.372	0.0	0.0	2.2369968750000004e-05
470.552	0.0	0.0	-9.806618750000002e-06
470.542	0.0	0.0	-8.78495625e-06
470.592	0.0	0.0	-1.693883125e-05
470.712	0.0	0.0	-3.68080625e-05
470.892	0.0	0.0	-6.55825e-05
470.882	0.0	0.0	-6.412562500000001e-05
470.932	0.0	0.0	-6.804068750000001e-05
471.052	0.0	0.0	-7.593325000000001e-05
471.222	0.0	0.0	-8.753275000000001e-05
471.212	0.0	0.0	-8.700781250000001e-05
471.262	0.0	0.0	-8.5095375e-05
471.382	0.0	0.0	-7.7750875e-05
471.562	0.0	0.0	-6.705093750000001e-05
471.552	0.0	0.0	-6.74024375e-05
471.602	0.0	0.0	-6.039325000000001e-05
471.722	0.0	0.0	-4.17175e-05
471.902	0.0	0.0	-1.4653618750000001e-05
471.892	0.0	0.0	-1.605360625e-05
471.942	0.0	0.0	-8.460975e-06
472.062	0.0	0.0	1.1590481250000002e-05
472.232	0.0	0.0	4.1076937500000006e-05
472.222	0.0	0.0	3.9712562500000004e-05
472.272	0.0	0.0	4.5209375e-05
472.392	0.0	0.0	5.77685625e-05
472.572	0.0	0.0	7.6076625e-05
472.562	0.0	0.0	7.54545625e-05
472.612	0.0	0.0	7.5660375e-05
472.732	0.0	0.0	7.449025e-05
472.912	0.0	0.0	7.279287500000002e-05
472.902	0.0	0.0	7.288075e-05
472.952	0.0	0.0	6.872056250000001e-05
473.072	0.0	0.0	5.542137500000001e-05
473.242	0.0	0.0	3.5857625e-05
473.232	0.0	0.0	3.6782625000000004e-05
473.282	0.0	0.0	2.9519062500000004e-05
473.402	0.0	0.0	1.01097875e-05
473.582	0.0	0.0	-1.819636875e-05
473.572	0.0	0.0	-1.720291875e-05
473.622	0.0	0.0	-2.3800250000000003e-05
473.742	0.0	0.0	-3.975881250000001e-05
473.922	0.0	0.0	-6.2904625e-05
473.912	0.0	0.0	-6.1655875e-05
473.962	0.0	0.0	-6.44794375e-05
474.072	0.0	0.0	-6.966175000000001e-05
474.252	0.0	0.0	-7.72906875e-05
474.242	0.0	0.0	-7.69206875e-05
474.292	0.0	0.0	-7.4666e-05
474.412	0.0	0.0	-6.65606875e-05
474.592	0.0	0.0	-5.473456250000001e-05
474.582	0.0	0.0	-5.5162375000000004e-05
474.632	0.0	0.0	-4.8379812500000005e-05
474.752	0.0	0.0	-3.0145750000000002e-05
474.932	0.0	0.0	-3.68820625e-06
474.922	0.0	0.0	-5.14415625e-06
474.972	0.0	0.0	2.25306875e-06
475.082	0.0	0.0	2.1991875000000004e-05
475.262	0.0	0.0	5.106e-05
475.252	0.0	0.0	4.9619312500000005e-05
475.302	0.0	0.0	5.5065250000000006e-05
475.422	0.0	0.0	6.75273125e-05
475.602	0.0	0.0	8.571975000000001e-05
475.592	0.0	0.0	8.503987500000001e-05
475.642	0.0	0.0	8.49080625e-05
475.762	0.0	0.0	8.2560875e-05
475.942	0.0	0.0	7.915687500000001e-05
475.932	0.0	0.0	7.934650000000002e-05
475.982	0.0	0.0	7.41688125e-05
476.092	0.0	0.0	5.74586875e-05
476.272	0.0	0.0	3.2837500000000005e-05
476.262	0.0	0.0	3.408393750000001e-05
476.312	0.0	0.0	2.4935687500000005e-05
476.432	0.0	0.0	1.538298125e-07
476.612	0.0	0.0	-3.6038e-05
476.602	0.0	0.0	-3.46481875e-05
476.652	0.0	0.0	-4.30055625e-05
476.772	0.0	0.0	-6.329775000000001e-05
476.952	0.0	0.0	-9.277056250000001e-05
476.942	0.0	0.0	-9.10824375e-05
476.992	0.0	0.0	-9.429681250000001e-05
477.102	0.0	0.0	-9.945600000000002e-05
477.282	0.0	0.0	-0.00010706412500000002
477.272	0.0	0.0	-0.00010667100000000001
477.322	0.0	0.0	-0.00010261718750000002
477.442	0.0	0.0	-8.85595e-05
477.622	0.0	0.0	-6.801987500000001e-05
477.612	0.0	0.0	-6.88269375e-05
477.662	0.0	0.0	-5.847850000000001e-05
477.782	0.0	0.0	-3.0531937500000004e-05
477.962	0.0	0.0	1.0075562500000001e-05
477.952	0.0	0.0	7.647900000000002e-06
477.992	0.0	0.0	1.8245625000000002e-05
478.112	0.0	0.0	4.6448875e-05
478.292	0.0	0.0	8.808775000000001e-05
478.282	0.0	0.0	8.60966875e-05
478.332	0.0	0.0	9.2985625e-05
478.452	0.0	0.0	0.00010801225000000001
478.632	0.0	0.0	0.000129865375
478.622	0.0	0.0	0.00012861893750000002
478.672	0.0	0.0	0.000127691625
478.782	0.0	0.0	0.00012033093750000002
478.962	0.0	0.0	0.00010947143750000001
478.952	0.0	0.0	0.0001100588125
479.002	0.0	0.0	0.00010065156250000001
479.122	0.0	0.0	7.232575000000001e-05
479.302	0.0	0.0	3.09019375e-05
479.292	0.0	0.0	3.2613187500000004e-05
479.342	0.0	0.0	1.875414375e-05
479.462	0.0	0.0	-1.7341437500000002e-05
479.642	0.0	0.0	-6.983750000000001e-05
479.632	0.0	0.0	-6.668325e-05
479.672	0.0	0.0	-7.726756250000002e-05
479.792	0.0	0.0	-0.00010298718750000002
479.972	0.0	0.0	-0.000140946875
479.962	0.0	0.0	-0.00013886793750000003
480.012	0.0	0.0	-0.0001416614375
480.132	0.0	0.0	-0.00014397625
480.312	0.0	0.0	-0.0001473640625
480.302	0.0	0.0	-0.00014721837500000003
480.352	0.0	0.0	-0.000139096875
480.472	0.0	0.0	-0.0001143461875
480.652	0.0	0.0	-7.8329e-05
480.642	0.0	0.0	-8.053281250000001e-05
480.682	0.0	0.0	-6.690525000000001e-05
480.802	0.0	0.0	-2.7003062500000003e-05
480.982	0.0	0.0	3.192175e-05
480.972	0.0	0.0	2.8633375000000008e-05
481.022	0.0	0.0	4.3398687500000004e-05
481.142	0.0	0.0	8.078025000000001e-05
481.322	0.0	0.0	0.0001354963125
481.312	0.0	0.0	0.00013311675
481.362	0.0	0.0	0.00014024156250000002
481.482	0.0	0.0	0.0001545605625
481.662	0.0	0.0	0.00017540775000000002
481.652	0.0	0.0	0.000174108125
481.692	0.0	0.0	0.00017078506250000003
481.812	0.0	0.0	0.0001544935
481.992	0.0	0.0	0.0001304226875
481.982	0.0	0.0	0.0001317916875
482.032	0.0	0.0	0.00011792825000000003
482.152	0.0	0.0	7.68929375e-05
482.332	0.0	0.0	1.6799387500000003e-05
482.322	0.0	0.0	1.9479575e-05
482.372	0.0	0.0	1.8354775000000004e-06
482.492	0.0	0.0	-4.3666937500000006e-05
482.672	0.0	0.0	-0.000109940875
482.662	0.0	0.0	-0.00010574137500000001
482.702	0.0	0.0	-0.0001175466875
482.822	0.0	0.0	-0.00014460525000000002
483.002	0.0	0.0	-0.00018459762500000005
482.992	0.0	0.0	-0.0001822781875
483.042	0.0	0.0	-0.00018318700000000002
483.162	0.0	0.0	-0.00017851343750000003
483.342	0.0	0.0	-0.00017166381250000002
483.332	0.0	0.0	-0.000171976
483.382	0.0	0.0	-0.0001599579375
483.502	0.0	0.0	-0.00012408643750000002
483.682	0.0	0.0	-7.181237499999999e-05
483.672	0.0	0.0	-7.518168750000001e-05
483.712	0.0	0.0	-5.8224125000000006e-05
483.832	0.0	0.0	-9.43846875e-06
484.012	0.0	0.0	6.270575e-05
484.002	0.0	0.0	5.84438125e-05
484.052	0.0	0.0	7.46128125e-05
484.172	0.0	0.0	0.00011438318750000002
484.352	0.0	0.0	0.000172674375
484.342	0.0	0.0	0.00016994793750000004
484.392	0.0	0.0	0.000175662125
484.512	0.0	0.0	0.00018488437500000003
484.692	0.0	0.0	0.00019833156250000002
484.682	0.0	0.0	0.0001974505
484.722	0.0	0.0	0.00019134087500000005
484.842	0.0	0.0	0.00016600975000000001
485.022	0.0	0.0	0.00012852875000000003
485.012	0.0	0.0	0.00013078343750000003
485.062	0.0	0.0	0.00011387675000000002
485.182	0.0	0.0	6.45256875e-05
485.362	0.0	0.0	-7.849318750000001e-06
485.352	0.0	0.0	-4.386350000000001e-06
485.402	0.0	0.0	-2.3492687500000005e-05
485.522	0.0	0.0	-7.219625e-05
485.702	0.0	0.0	-0.0001432339375
485.692	0.0	0.0	-0.00013850487500000001
485.732	0.0	0.0	-0.00014982687499999999
485.852	0.0	0.0	-0.00017394162500000002
486.032	0.0	0.0	-0.0002096350625
486.022	0.0	0.0	-0.00020744743750000002
486.072	0.0	0.0	-0.00020605300000000001
486.192	0.0	0.0	-0.00019388231250000004
486.372	0.0	0.0	-0.00017602981250000002
486.362	0.0	0.0	-0.0001769039375
486.412	0.0	0.0	-0.0001619189375
486.532	0.0	0.0	-0.0001176391875
486.712	0.0	0.0	-5.3018687500000004e-05
486.702	0.0	0.0	-5.739162500000001e-05
486.742	0.0	0.0	-3.82765e-05
486.862	0.0	0.0	1.6164606250000003e-05
487.042	0.0	0.0	9.678506250000002e-05
487.032	0.0	0.0	9.176e-05
487.082	0.0	0.0	0.00010859500000000001
487.202	0.0	0.0	0.0001490568125
487.382	0.0	0.0	0.00020844875
487.372	0.0	0.0	0.0002054795
487.422	0.0	0.0	0.00020974375
487.542	0.0	0.0	0.00021384612500000003
487.722	0.0	0.0	0.00021983087500000001
487.712	0.0	0.0	0.00021941925000000003
487.752	0.0	0.0	0.00021054618750000002
487.872	0.0	0.0	0.0001759373125
488.052	0.0	0.0	0.00012465993750000002
488.042	0.0	0.0	0.0001279113125
488.092	0.0	0.0	0.00010729306250000001
488.212	0.0	0.0	4.727443750000001e-05
488.392	0.0	0.0	-4.08641875e-05
488.382	0.0	0.0	-3.63640625e-05
488.432	0.0	0.0	-5.8367500000000007e-05
488.552	0.0	0.0	-0.0001141889375
488.732	0.0	0.0	-0.00019572768750000002
488.722	0.0	0.0	-0.00019003662500000003
488.762	0.0	0.0	-0.00020202231250000002
488.882	0.0	0.0	-0.00022571387500000003
489.062	0.0	0.0	-0.000260826875
489.052	0.0	0.0	-0.000258560625
489.102	0.0	0.0	-0.000254536875
489.222	0.0	0.0	-0.00023259125000000004
489.402	0.0	0.0	-0.0002003735
489.392	0.0	0.0	-0.00020205237500000003
489.442	0.0	0.0	-0.000181545125
489.562	0.0	0.0	-0.000121013125
489.742	0.0	0.0	-3.25484375e-05
489.732	0.0	0.0	-3.8815312500000005e-05
489.772	0.0	0.0	-1.4151575000000002e-05
489.892	0.0	0.0	5.5763625000000004e-05
490.072	0.0	0.0	0.00015944456250000002
490.062	0.0	0.0	0.00015264812500000004
490.112	0.0	0.0	0.0001729310625
490.232	0.0	0.0	0.00022036275000000003
490.412	0.0	0.0	0.00029008000000000007
490.402	0.0	0.0	0.00028638000000000003
490.452	0.0	0.0	0.0002890625
490.572	0.0	0.0	0.00028577875
490.752	0.0	0.0	0.000280991875
490.742	0.0	0.0	0.00028133875
490.782	0.0	0.0	0.00026688562500000007
490.902	0.0	0.0	0.0002127893125
491.082	0.0	0.0	0.000132520125
491.072	0.0	0.0	0.00013786893750000002
491.112	0.0	0.0	0.00010890025000000001
491.242	0.0	0.0	2.5092937500000004e-05
491.422	0.0	0.0	-9.815637500000002e-05
491.412	0.0	0.0	-9.1496375e-05
491.462	0.0	0.0	-0.00011989618750000002
491.582	0.0	0.0	-0.00019081825000000002
491.762	0.0	0.0	-0.00029454312499999996
491.752	0.0	0.0	-0.00028681937499999997
491.792	0.0	0.0	-0.000300046875
491.912	0.0	0.0	-0.00032166875000000004
492.092	0.0	0.0	-0.00035378937500000004
492.082	0.0	0.0	-0.00035177750000000007
492.132	0.0	0.0	-0.000341671875
492.252	0.0	0.0	-0.00030007
492.432	0.0	0.0	-0.00023915875000000001
492.422	0.0	0.0	-0.00024352937500000003
492.462	0.0	0.0	-0.0002168084375
492.582	0.0	0.0	-0.000130771875
492.762	0.0	0.0	-3.0599e-06
492.752	0.0	0.0	-1.1846706250000002e-05
492.792	0.0	0.0	2.2837556250000002e-05
492.922	0.0	0.0	0.00011630256250000001
493.102	0.0	0.0	0.00025386625000000003
493.092	0.0	0.0	0.000246165625
493.142	0.0	0.0	0.000269175
493.262	0.0	0.0	0.00031988812500000004
493.442	0.0	0.0	0.0003941425
493.432	0.0	0.0	0.00038859250000000006
493.472	0.0	0.0	0.000389540625
493.592	0.0	0.0	0.00037148000000000004
493.772	0.0	0.0	0.000344655
493.762	0.0	0.0	0.000346528125
493.802	0.0	0.0	0.00032210812500000003
493.932	0.0	0.0	0.00024010687500000002
494.112	0.0	0.0	0.00011938512500000003
494.102	0.0	0.0	0.00012627868750000003
494.152	0.0	0.0	8.758593750000002e-05
494.272	0.0	0.0	-1.86863875e-05
494.452	0.0	0.0	-0.00017433937500000002
494.442	0.0	0.0	-0.00016254793750000002
494.482	0.0	0.0	-0.00019367650000000003
494.602	0.0	0.0	-0.00027063187500000005
494.782	0.0	0.0	-0.00038500812500000004
494.772	0.0	0.0	-0.00037693750000000005
494.812	0.0	0.0	-0.000388014375
494.942	0.0	0.0	-0.00039902187500000003
495.122	0.0	0.0	-0.00041523250000000003
495.112	0.0	0.0	-0.000414284375
495.162	0.0	0.0	-0.00039610812500000004
495.282	0.0	0.0	-0.000331705
495.462	0.0	0.0	-0.00023730875000000005
495.452	0.0	0.0	-0.000244546875
495.492	0.0	0.0	-0.00021089537500000003
495.612	0.0	0.0	-0.00010473775
495.792	0.0	0.0	5.31135e-05
495.782	0.0	0.0	4.1812312500000004e-05
495.822	0.0	0.0	8.014431250000001e-05
495.952	0.0	0.0	0.00018018075
496.132	0.0	0.0	0.00032761187500000003
496.122	0.0	0.0	0.00031889375000000004
496.172	0.0	0.0	0.00033959062500000007
496.292	0.0	0.0	0.000380336875
496.472	0.0	0.0	0.00044006875000000004
496.462	0.0	0.0	0.00043542062500000005
496.502	0.0	0.0	0.00043102687500000007
496.622	0.0	0.0	0.000394235
496.802	0.0	0.0	0.00033952125
496.792	0.0	0.0	0.00034349875
496.832	0.0	0.0	0.0003132975
496.962	0.0	0.0	0.00021538625000000006
497.142	0.0	0.0	7.100300000000001e-05
497.132	0.0	0.0	7.97049375e-05
497.182	0.0	0.0	3.91483125e-05
497.302	0.0	0.0	-7.00571875e-05
497.482	0.0	0.0	-0.00023023712500000001
497.472	0.0	0.0	-0.00021759931250000004
497.512	0.0	0.0	-0.0002463275
497.632	0.0	0.0	-0.00031241875
497.812	0.0	0.0	-0.00041076937500000003
497.802	0.0	0.0	-0.00040350812500000006
497.842	0.0	0.0	-0.00040905812500000006
497.972	0.0	0.0	-0.00040260625000000005
498.152	0.0	0.0	-0.00039307875000000003
498.142	0.0	0.0	-0.00039365687500000007
498.192	0.0	0.0	-0.00037099437500000005
498.312	0.0	0.0	-0.00029456625000000004
498.492	0.0	0.0	-0.00018242850000000003
498.482	0.0	0.0	-0.0001913940625
498.522	0.0	0.0	-0.00015719450000000002
498.642	0.0	0.0	-5.25469375e-05
498.822	0.0	0.0	0.00010327625000000001
498.812	0.0	0.0	9.162818750000001e-05
498.852	0.0	0.0	0.00012566125
498.982	0.0	0.0	0.00021084450000000002
499.162	0.0	0.0	0.00033656125000000006
499.152	0.0	0.0	0.00032872187500000005
499.202	0.0	0.0	0.00034278187500000004
499.322	0.0	0.0	0.00036449625000000005
499.502	0.0	0.0	0.000396385625
499.492	0.0	0.0	0.00039379562500000006
499.532	0.0	0.0	0.00038500812500000004
499.652	0.0	0.0	0.00033739375
499.832	0.0	0.0	0.000266469375
499.822	0.0	0.0	0.000271834375
499.862	0.0	0.0	0.00024230375
499.992	0.0	0.0	0.00014953550000000002
500.172	0.0	0.0	1.254924375e-05
500.162	0.0	0.0	2.123615e-05
500.212	0.0	0.0	-1.284455e-05
500.332	0.0	0.0	-0.0001022055625
500.512	0.0	0.0	-0.00023347000000000003
500.502	0.0	0.0	-0.00022269837500000003
500.542	0.0	0.0	-0.00024357562500000002
500.662	0.0	0.0	-0.00028644937500000005
500.842	0.0	0.0	-0.000350320625
500.832	0.0	0.0	-0.00034541812500000005
500.872	0.0	0.0	-0.00034521000000000004
501.002	0.0	0.0	-0.00032536875
501.182	0.0	0.0	-0.0002960925000000001
501.172	0.0	0.0	-0.00029798875000000005
501.212	0.0	0.0	-0.00027634375000000006
501.342	0.0	0.0	-0.00020626575
501.522	0.0	0.0	-0.00010327393750000002
501.502	0.0	0.0	-0.00011182556250000001
501.552	0.0	0.0	-8.430449999999999e-05
501.672	0.0	0.0	-3.09135e-06
501.852	0.0	0.0	0.00011800456250000002
501.842	0.0	0.0	0.000108571875
501.882	0.0	0.0	0.0001322680625
502.012	0.0	0.0	0.00018811725000000002
502.192	0.0	0.0	0.000270655
502.182	0.0	0.0	0.00026524375
502.222	0.0	0.0	0.000271695625
502.352	0.0	0.0	0.0002753725
502.532	0.0	0.0	0.00028078375000000004
502.512	0.0	0.0	0.00028032125
502.562	0.0	0.0	0.00027060875
502.682	0.0	0.0	0.00022662037500000004
502.862	0.0	0.0	0.00016099625
502.852	0.0	0.0	0.0001661785625
502.892	0.0	0.0	0.0001437473125
503.022	0.0	0.0	7.5540125e-05
503.202	0.0	0.0	-2.53103125e-05
503.192	0.0	0.0	-1.8599668750000004e-05
503.232	0.0	0.0	-4.10515e-05
503.362	0.0	0.0	-9.794825000000001e-05
503.542	0.0	0.0	-0.000181637625
503.522	0.0	0.0	-0.000174515125
503.572	0.0	0.0	-0.00018624875000000004
503.692	0.0	0.0	-0.00020642762500000002
503.872	0.0	0.0	-0.000236545625
503.862	0.0	0.0	-0.00023414062499999997
503.902	0.0	0.0	-0.00023113437500000002
504.032	0.0	0.0	-0.00020954025
504.212	0.0	0.0	-0.0001775976875
504.202	0.0	0.0	-0.00017975525
504.242	0.0	0.0	-0.0001638706875
504.372	0.0	0.0	-0.0001138050625
504.552	0.0	0.0	-4.0131125e-05
504.532	0.0	0.0	-4.647662500000001e-05
504.582	0.0	0.0	-2.8432187500000004e-05
504.702	0.0	0.0	2.33308125e-05
504.882	0.0	0.0	0.00010062149999999999
504.872	0.0	0.0	9.435925000000001e-05
504.912	0.0	0.0	0.00010845625
505.042	0.0	0.0	0.0001400519375
505.222	0.0	0.0	0.000186808375
505.212	0.0	0.0	0.0001836009375
505.252	0.0	0.0	0.0001859805
505.382	0.0	0.0	0.000182928
505.562	0.0	0.0	0.00017843481250000003
505.542	0.0	0.0	0.00017882562500000002
505.592	0.0	0.0	0.00017106256250000004
505.712	0.0	0.0	0.00013808400000000001
505.892	0.0	0.0	8.882081250000001e-05
505.882	0.0	0.0	9.28630625e-05
505.922	0.0	0.0	7.70895e-05
506.052	0.0	0.0	2.9308625e-05
506.232	0.0	0.0	-4.1435375e-05
506.222	0.0	0.0	-3.652593750000001e-05
506.262	0.0	0.0	-5.1985000000000005e-05
506.392	0.0	0.0	-9.10916875e-05
506.572	0.0	0.0	-0.0001486845
506.552	0.0	0.0	-0.00014352300000000003
506.602	0.0	0.0	-0.00015142712500000003
506.722	0.0	0.0	-0.00016403256250000002
506.902	0.0	0.0	-0.00018289331250000002
506.892	0.0	0.0	-0.0001814179375
506.932	0.0	0.0	-0.00017791218750000002
507.062	0.0	0.0	-0.000158373875
507.242	0.0	0.0	-0.000129578625
507.222	0.0	0.0	-0.00013207612500000003
507.272	0.0	0.0	-0.00012016675000000001
507.392	0.0	0.0	-7.792893750000001e-05
507.572	0.0	0.0	-1.48041625e-05
507.552	0.0	0.0	-2.0118287500000003e-05
507.602	0.0	0.0	-3.4423875000000007e-06
507.722	0.0	0.0	4.372475000000001e-05
507.912	0.0	0.0	0.00011361775000000002
507.902	0.0	0.0	0.00010863200000000001
507.942	0.0	0.0	0.0001209715
508.072	0.0	0.0	0.00014871224999999999
508.252	0.0	0.0	0.00018960650000000002
508.232	0.0	0.0	0.00018593193750000001
508.282	0.0	0.0	0.00018843637500000002
508.402	0.0	0.0	0.00018303900000000002
508.582	0.0	0.0	0.00017496606250000003
508.562	0.0	0.0	0.00017565056250000002
508.612	0.0	0.0	0.00016591956250000002
508.732	0.0	0.0	0.00012807781250000002
508.922	0.0	0.0	7.198118750000001e-05
508.912	0.0	0.0	7.6039625e-05
508.952	0.0	0.0	5.81616875e-05
509.082	0.0	0.0	5.5402875e-06
509.262	0.0	0.0	-7.2062125e-05
509.242	0.0	0.0	-6.5009e-05
509.292	0.0	0.0	-8.087968750000001e-05
509.412	0.0	0.0	-0.00012200287500000002
509.592	0.0	0.0	-0.0001835408125
509.572	0.0	0.0	-0.00017825906250000002
509.622	0.0	0.0	-0.000185901875
509.742	0.0	0.0	-0.00019588031250000003
509.932	0.0	0.0	-0.000210682625
509.922	0.0	0.0	-0.00020959575
509.962	0.0	0.0	-0.00020320631250000002
510.092	0.0	0.0	-0.00017447118750000003
510.272	0.0	0.0	-0.0001320738125
510.252	0.0	0.0	-0.000135970375
510.302	0.0	0.0	-0.00012086743750000002
510.422	0.0	0.0	-6.797825000000001e-05
510.602	0.0	0.0	1.1198975e-05
510.582	0.0	0.0	4.3211375e-06
510.632	0.0	0.0	2.3721625000000002e-05
510.752	0.0	0.0	7.720743750000001e-05
510.942	0.0	0.0	0.00015656550000000004
510.932	0.0	0.0	0.00015065937500000003
510.972	0.0	0.0	0.00016314687500000003
511.102	0.0	0.0	0.00018868843750000002
511.282	0.0	0.0	0.00022639143750000004
511.262	0.0	0.0	0.000222888
511.312	0.0	0.0	0.00022331118750000003
511.432	0.0	0.0	0.00020860600000000001
511.612	0.0	0.0	0.00018657943750000002
511.592	0.0	0.0	0.00018851500000000005
511.642	0.0	0.0	0.00017520887500000002
511.762	0.0	0.0	0.000126133
511.952	0.0	0.0	5.328231250000001e-05
511.942	0.0	0.0	5.877681250000001e-05
511.982	0.0	0.0	3.82603125e-05
512.112	0.0	0.0	-2.059720625e-05
512.292	0.0	0.0	-0.0001075196875
512.272	0.0	0.0	-9.935425000000002e-05
512.322	0.0	0.0	-0.00011560418750000001
512.442	0.0	0.0	-0.00015467850000000003
512.622	0.0	0.0	-0.000213226375
512.602	0.0	0.0	-0.00020802093750000003
512.652	0.0	0.0	-0.00021354318750000002
512.772	0.0	0.0	-0.00021491912500000004
512.962	0.0	0.0	-0.00021696568750000002
512.952	0.0	0.0	-0.0002168084375
512.992	0.0	0.0	-0.00020735262500000005
513.122	0.0	0.0	-0.00016932818750000004
513.302	0.0	0.0	-0.000113146
513.282	0.0	0.0	-0.00011848093750000001
513.322	0.0	0.0	-0.00010151875000000001
513.452	0.0	0.0	-4.4638187500000005e-05
513.632	0.0	0.0	4.062600000000001e-05
513.612	0.0	0.0	3.2960062500000004e-05
513.662	0.0	0.0	5.195031250000001e-05
513.782	0.0	0.0	0.00010186562500000001
513.972	0.0	0.0	0.00017602518750000002
513.962	0.0	0.0	0.00017028093750000002
514.002	0.0	0.0	0.00018026168750000002
514.132	0.0	0.0	0.00019718456250000002
514.312	0.0	0.0	0.00022220118750000003
514.292	0.0	0.0	0.0002198008125
514.332	0.0	0.0	0.00021765481250000005
514.462	0.0	0.0	0.000195142625
514.642	0.0	0.0	0.00016138243750000002
514.622	0.0	0.0	0.0001644534375
514.672	0.0	0.0	0.0001498939375
514.792	0.0	0.0	9.8702125e-05
514.982	0.0	0.0	2.2609312500000005e-05
514.972	0.0	0.0	2.8580187500000004e-05
515.012	0.0	0.0	9.29463125e-06
515.142	0.0	0.0	-4.4427750000000005e-05
515.322	0.0	0.0	-0.0001238736875
515.302	0.0	0.0	-0.00011617306250000002
515.342	0.0	0.0	-0.00012987
515.472	0.0	0.0	-0.00015992556250000003
515.652	0.0	0.0	-0.00020502393750000003
515.632	0.0	0.0	-0.00020087762500000002
515.682	0.0	0.0	-0.0002035901875
515.802	0.0	0.0	-0.00019712675
515.992	0.0	0.0	-0.000187516
515.982	0.0	0.0	-0.0001882814375
516.022	0.0	0.0	-0.00017770406250000004
516.152	0.0	0.0	-0.00013772325
516.332	0.0	0.0	-7.856718749999999e-05
516.312	0.0	0.0	-8.436231250000001e-05
516.352	0.0	0.0	-6.825575e-05
516.482	0.0	0.0	-1.591185e-05
516.662	0.0	0.0	6.265949999999999e-05
516.642	0.0	0.0	5.5354312500000004e-05
516.692	0.0	0.0	7.1766125e-05
516.812	0.0	0.0	0.00011323618750000001
517.002	0.0	0.0	0.00017493137500000004
516.982	0.0	0.0	0.00016996643750000003
517.032	0.0	0.0	0.00017716987500000002
517.162	0.0	0.0	0.00018637825
517.342	0.0	0.0	0.00020001043750000002
517.322	0.0	0.0	0.00019866225
517.362	0.0	0.0	0.00019494375
517.492	0.0	0.0	0.000168905
517.672	0.0	0.0	0.000129800625
517.652	0.0	0.0	0.00013347518750000002
517.702	0.0	0.0	0.000118968875
517.822	0.0	0.0	6.908362500000001e-05
518.012	0.0	0.0	-5.167975e-06
517.992	0.0	0.0	8.835137500000002e-07
518.042	0.0	0.0	-1.6934668750000002e-05
518.162	0.0	0.0	-6.586e-05
518.352	0.0	0.0	-0.00013831062500000002
518.332	0.0	0.0	-0.0001310701875
518.372	0.0	0.0	-0.00014297725
518.502	0.0	0.0	-0.000167272375
518.682	0.0	0.0	-0.00020377287500000004
518.662	0.0	0.0	-0.00020030643750000004
518.712	0.0	0.0	-0.00020125687500000003
518.832	0.0	0.0	-0.00018953712500000003
519.022	0.0	0.0	-0.00017208237500000002
519.002	0.0	0.0	-0.00017352306250000002
519.052	0.0	0.0	-0.000161722375
519.172	0.0	0.0	-0.00011820575000000001
519.362	0.0	0.0	-5.3733250000000006e-05
519.342	0.0	0.0	-6.0240625e-05
519.382	0.0	0.0	-4.357675e-05
519.512	0.0	0.0	9.99069375e-06
519.692	0.0	0.0	9.050662500000001e-05
519.672	0.0	0.0	8.277825e-05
519.722	0.0	0.0	9.893800000000001e-05
519.842	0.0	0.0	0.0001386459375
520.032	0.0	0.0	0.00019779968750000004
520.012	0.0	0.0	0.000192857875
520.062	0.0	0.0	0.00019875243750000002
520.182	0.0	0.0	0.00020280625000000004
520.372	0.0	0.0	0.00020881412500000003
520.352	0.0	0.0	0.00020820131250000003
520.392	0.0	0.0	0.00020256575000000002
520.522	0.0	0.0	0.000169187125
520.702	0.0	0.0	0.00011899431250000002
520.682	0.0	0.0	0.00012386443750000002
520.732	0.0	0.0	0.0001070340625
520.852	0.0	0.0	5.0056375e-05
521.042	0.0	0.0	-3.4863250000000005e-05
521.022	0.0	0.0	-2.7708375000000002e-05
521.072	0.0	0.0	-4.6957625e-05
521.192	0.0	0.0	-9.869981250000002e-05
521.382	0.0	0.0	-0.0001754146875
521.362	0.0	0.0	-0.00016741112500000003
521.402	0.0	0.0	-0.0001791794375
521.532	0.0	0.0	-0.00019993181250000004
521.712	0.0	0.0	-0.00023118525
521.692	0.0	0.0	-0.00022827612500000004
521.742	0.0	0.0	-0.00022663425
521.862	0.0	0.0	-0.00020587262500000003
522.052	0.0	0.0	-0.00017506781250000003
522.032	0.0	0.0	-0.000178192
522.072	0.0	0.0	-0.00016537150000000005
522.202	0.0	0.0	-0.0001133841875
522.382	0.0	0.0	-3.5173125000000006e-05
522.362	0.0	0.0	-4.2922312500000005e-05
522.412	0.0	0.0	-2.2831081250000003e-05
522.532	0.0	0.0	3.72705625e-05
522.722	0.0	0.0	0.00012692156250000003
522.702	0.0	0.0	0.00011920012500000001
522.752	0.0	0.0	0.000135304375
522.872	0.0	0.0	0.00017188581250000002
523.062	0.0	0.0	0.00022617406250000004
523.042	0.0	0.0	0.00022049687500000004
523.082	0.0	0.0	0.00022539243750000003
523.212	0.0	0.0	0.00022106575000000004
523.392	0.0	0.0	0.00021455375000000002
523.372	0.0	0.0	0.00021520356250000002
523.422	0.0	0.0	0.00020575931250000002
523.542	0.0	0.0	0.00016254793750000002
523.732	0.0	0.0	9.807081250000002e-05
523.712	0.0	0.0	0.0001036901875
523.762	0.0	0.0	8.44640625e-05
523.882	0.0	0.0	2.44454375e-05
524.072	0.0	0.0	-6.465981250000001e-05
524.052	0.0	0.0	-5.52571875e-05
524.092	0.0	0.0	-7.288306250000001e-05
524.212	0.0	0.0	-0.000119024375
524.402	0.0	0.0	-0.00018852193750000003
524.382	0.0	0.0	-0.00018152662500000002
524.432	0.0	0.0	-0.00019087375000000003
524.552	0.0	0.0	-0.00020256575000000002
524.742	0.0	0.0	-0.00022002050000000003
524.722	0.0	0.0	-0.00021848268750000003
524.772	0.0	0.0	-0.00021361256250000002
524.892	0.0	0.0	-0.00018504625000000002
525.082	0.0	0.0	-0.00014261650000000004
525.062	0.0	0.0	-0.000147135125
525.102	0.0	0.0	-0.000133556125
525.222	0.0	0.0	-8.201743750000001e-05
525.412	0.0	0.0	-4.3553625e-06
525.392	0.0	0.0	-1.2248850000000002e-05
525.442	0.0	0.0	5.6115125000000004e-06
525.562	0.0	0.0	5.5756687500000004e-05
525.752	0.0	0.0	0.00013064931250000001
525.732	0.0	0.0	0.000123973125
525.782	0.0	0.0	0.00013575531250000002
525.902	0.0	0.0	0.00015876237500000003
526.092	0.0	0.0	0.00019295268750000002
526.072	0.0	0.0	0.00018927812500000001
526.112	0.0	0.0	0.00019079281250000002
526.232	0.0	0.0	0.00017832843750000002
526.422	0.0	0.0	0.00015953475000000003
526.402	0.0	0.0	0.00016146337500000003
526.442	0.0	0.0	0.00015178556249999999
526.572	0.0	0.0	0.0001123158125
526.762	0.0	0.0	5.3340125e-05
526.742	0.0	0.0	5.8656562500000004e-05
526.792	0.0	0.0	4.3530500000000006e-05
526.912	0.0	0.0	-1.17914375e-06
527.102	0.0	0.0	-6.764525e-05
527.082	0.0	0.0	-6.04371875e-05
527.122	0.0	0.0	-7.236968749999999e-05
527.242	0.0	0.0	-0.00010000406250000001
527.432	0.0	0.0	-0.00014168225
527.412	0.0	0.0	-0.0001373625
527.452	0.0	0.0	-0.0001417493125
527.582	0.0	0.0	-0.00014209618749999999
527.772	0.0	0.0	-0.00014261187499999998
527.752	0.0	0.0	-0.00014256562499999998
527.802	0.0	0.0	-0.0001372861875
527.922	0.0	0.0	-0.000112739
528.112	0.0	0.0	-7.622925000000001e-05
528.092	0.0	0.0	-8.022525000000002e-05
528.132	0.0	0.0	-7.056825000000001e-05
528.252	0.0	0.0	-3.6956062500000004e-05
528.442	0.0	0.0	1.3760300000000001e-05
528.422	0.0	0.0	8.455193750000001e-06
528.462	0.0	0.0	1.887254375e-05
528.592	0.0	0.0	4.5553937500000004e-05
528.782	0.0	0.0	8.545612500000002e-05
528.762	0.0	0.0	8.178156250000001e-05
528.812	0.0	0.0	8.704943750000001e-05
528.932	0.0	0.0	9.44725625e-05
529.122	0.0	0.0	0.00010551706250000002
529.102	0.0	0.0	0.0001042960625
529.142	0.0	0.0	0.00010358843750000001
529.262	0.0	0.0	9.197737500000001e-05
529.452	0.0	0.0	7.44509375e-05
529.432	0.0	0.0	7.63009375e-05
529.472	0.0	0.0	7.025837500000001e-05
529.602	0.0	0.0	4.8104625e-05
529.792	0.0	0.0	1.4961181250000002e-05
529.772	0.0	0.0	1.8045824999999998e-05
529.822	0.0	0.0	1.0668025000000002e-05
529.942	0.0	0.0	-9.561725000000002e-06
530.132	0.0	0.0	-3.9677875e-05
530.112	0.0	0.0	-3.63224375e-05
530.152	0.0	0.0	-4.12064375e-05
530.272	0.0	0.0	-5.055587500000001e-05
530.462	0.0	0.0	-6.46736875e-05
530.442	0.0	0.0	-6.316825e-05
530.482	0.0	0.0	-6.409325000000002e-05
530.612	0.0	0.0	-6.0992187500000004e-05
530.802	0.0	0.0	-5.6351e-05
530.782	0.0	0.0	-5.678806250000001e-05
530.832	0.0	0.0	-5.386043750000001e-05
530.952	0.0	0.0	-4.198575000000001e-05
531.142	0.0	0.0	-2.4299750000000004e-05
531.122	0.0	0.0	-2.62861875e-05
531.162	0.0	0.0	-2.2122762500000002e-05
531.282	0.0	0.0	-8.616143750000002e-06
531.472	0.0	0.0	1.1790743750000002e-05
531.452	0.0	0.0	9.595950000000003e-06
531.492	0.0	0.0	1.3590793750000002e-05
531.622	0.0	0.0	2.3349312500000004e-05
531.812	0.0	0.0	3.7959687500000004e-05
531.792	0.0	0.0	3.65721875e-05
531.842	0.0	0.0	3.842681250000001e-05
531.962	0.0	0.0	4.06745625e-05
532.152	0.0	0.0	4.402075000000001e-05
532.132	0.0	0.0	4.3641500000000006e-05
532.172	0.0	0.0	4.3188250000000004e-05
532.292	0.0	0.0	3.794350000000001e-05
532.482	0.0	0.0	3.0013937500000007e-05
532.462	0.0	0.0	3.0874187500000006e-05
532.502	0.0	0.0	2.8108437500000003e-05
532.632	0.0	0.0	1.7648306250000004e-05
532.822	0.0	0.0	1.976378125e-06
532.802	0.0	0.0	3.4807750000000006e-06
532.852	0.0	0.0	-2.46859375e-07
532.972	0.0	0.0	-1.1091675e-05
533.162	0.0	0.0	-2.72574375e-05
533.142	0.0	0.0	-2.5409750000000002e-05
533.182	0.0	0.0	-2.8207875000000003e-05
533.302	0.0	0.0	-3.4280500000000005e-05
533.492	0.0	0.0	-4.346343750000001e-05
533.472	0.0	0.0	-4.245750000000001e-05
533.512	0.0	0.0	-4.3162812500000004e-05
533.642	0.0	0.0	-4.1490875000000004e-05
533.832	0.0	0.0	-3.898412500000001e-05
533.812	0.0	0.0	-3.922693750000001e-05
533.862	0.0	0.0	-3.715725000000001e-05
533.982	0.0	0.0	-2.8145437500000003e-05
534.172	0.0	0.0	-1.470565e-05
534.152	0.0	0.0	-1.6254793750000004e-05
534.192	0.0	0.0	-1.2910918750000002e-05
534.312	0.0	0.0	-1.25323625e-06
534.502	0.0	0.0	1.6383368750000003e-05
534.482	0.0	0.0	1.4435087500000003e-05
534.522	0.0	0.0	1.7957718750000002e-05
534.652	0.0	0.0	2.683425e-05
534.842	0.0	0.0	4.014500000000001e-05
534.822	0.0	0.0	3.8840750000000006e-05
534.872	0.0	0.0	4.0404e-05
534.992	0.0	0.0	4.1701312500000004e-05
535.182	0.0	0.0	4.3636875e-05
535.162	0.0	0.0	4.341256250000001e-05
535.202	0.0	0.0	4.265175000000001e-05
535.322	0.0	0.0	3.614206250000001e-05
535.512	0.0	0.0	2.6290812500000003e-05
535.492	0.0	0.0	2.7389250000000002e-05
535.532	0.0	0.0	2.4332125000000002e-05
535.662	0.0	0.0	1.3135000000000002e-05
535.852	0.0	0.0	-3.6609187500000004e-06
535.832	0.0	0.0	-2.0038043750000005e-06
535.882	0.0	0.0	-5.682275000000001e-06
536.002	0.0	0.0	-1.58706875e-05
536.192	0.0	0.0	-3.1075375e-05
536.172	0.0	0.0	-2.92739375e-05
536.212	0.0	0.0	-3.17251875e-05
536.332	0.0	0.0	-3.6176750000000006e-05
536.522	0.0	0.0	-4.2922312500000005e-05
536.502	0.0	0.0	-4.21961875e-05
536.542	0.0	0.0	-4.234187500000001e-05
536.672	0.0	0.0	-3.920150000000001e-05
536.862	0.0	0.0	-3.4509437500000005e-05
536.842	0.0	0.0	-3.505056250000001e-05
536.882	0.0	0.0	-3.310575e-05
537.002	0.0	0.0	-2.3814125000000005e-05
537.192	0.0	0.0	-9.744643750000001e-06
537.172	0.0	0.0	-1.1341425e-05
537.212	0.0	0.0	-7.72166875e-06
537.342	0.0	0.0	4.143075e-06
537.532	0.0	0.0	2.1954643750000003e-05
537.512	0.0	0.0	2.0164768750000003e-05
537.552	0.0	0.0	2.3631437500000005e-05
537.682	0.0	0.0	3.2287125e-05
537.872	0.0	0.0	4.521168750000001e-05
537.852	0.0	0.0	4.36785e-05
537.892	0.0	0.0	4.53596875e-05
538.012	0.0	0.0	4.637025000000001e-05
538.202	0.0	0.0	4.790343750000001e-05
538.182	0.0	0.0	4.7730000000000005e-05
538.222	0.0	0.0	4.652981250000001e-05
538.352	0.0	0.0	3.83851875e-05
538.542	0.0	0.0	2.6154375e-05
538.522	0.0	0.0	2.7396187500000003e-05
538.562	0.0	0.0	2.3425625000000003e-05
538.692	0.0	0.0	9.1723e-06
538.882	0.0	0.0	-1.2127675e-05
538.862	0.0	0.0	-9.577681250000002e-06
538.902	0.0	0.0	-1.4042425000000001e-05
539.022	0.0	0.0	-2.7456312500000004e-05
539.212	0.0	0.0	-4.7790125000000004e-05
539.192	0.0	0.0	-4.54521875e-05
539.232	0.0	0.0	-4.8763687500000005e-05
539.362	0.0	0.0	-5.4612000000000005e-05
539.552	0.0	0.0	-6.34018125e-05
539.532	0.0	0.0	-6.249993750000001e-05
539.572	0.0	0.0	-6.225481250000001e-05
539.702	0.0	0.0	-5.619375e-05
539.892	0.0	0.0	-4.713106250000001e-05
539.872	0.0	0.0	-4.8224875000000005e-05
539.912	0.0	0.0	-4.49735e-05
540.032	0.0	0.0	-2.9609250000000005e-05
540.222	0.0	0.0	-6.308731250000001e-06
540.202	0.0	0.0	-9.010425000000001e-06
540.242	0.0	0.0	-3.3665375000000004e-06
540.372	0.0	0.0	1.45701375e-05
540.562	0.0	0.0	4.153018750000001e-05
540.542	0.0	0.0	3.874362500000001e-05
540.582	0.0	0.0	4.35374375e-05
540.712	0.0	0.0	5.4283625000000005e-05
540.902	0.0	0.0	7.03578125e-05
540.882	0.0	0.0	6.840375000000001e-05
540.922	0.0	0.0	7.0078e-05
541.042	0.0	0.0	6.804068750000001e-05
541.232	0.0	0.0	6.49511875e-05
541.212	0.0	0.0	6.53119375e-05
541.252	0.0	0.0	6.2645625e-05
541.382	0.0	0.0	4.838906250000001e-05
541.572	0.0	0.0	2.6949875000000003e-05
541.552	0.0	0.0	2.91860625e-05
541.592	0.0	0.0	2.34048125e-05
541.722	0.0	0.0	4.17383125e-06
541.912	0.0	0.0	-2.4602687500000003e-05
541.892	0.0	0.0	-2.10747375e-05
541.932	0.0	0.0	-2.6533625e-05
542.052	0.0	0.0	-4.07763125e-05
542.242	0.0	0.0	-6.2395875e-05
542.222	0.0	0.0	-5.9847500000000006e-05
542.262	0.0	0.0	-6.2830625e-05
542.392	0.0	0.0	-6.55616875e-05
542.582	0.0	0.0	-6.966868750000002e-05
542.562	0.0	0.0	-6.923625e-05
542.602	0.0	0.0	-6.7821e-05
542.732	0.0	0.0	-5.765756250000001e-05
542.922	0.0	0.0	-4.2443625e-05
542.902	0.0	0.0	-4.4321375000000004e-05
542.942	0.0	0.0	-4.0184312500000005e-05
543.062	0.0	0.0	-2.32244375e-05
543.252	0.0	0.0	2.53103125e-06
543.232	0.0	0.0	-5.290306250000001e-07
543.272	0.0	0.0	4.99245625e-06
543.402	0.0	0.0	2.0671206250000005e-05
543.592	0.0	0.0	4.426818750000001e-05
543.572	0.0	0.0	4.17614375e-05
543.612	0.0	0.0	4.541287500000001e-05
543.742	0.0	0.0	5.179075000000001e-05
543.932	0.0	0.0	6.13436875e-05
543.912	0.0	0.0	6.015506250000001e-05
543.952	0.0	0.0	6.0693875000000003e-05
544.072	0.0	0.0	5.573587500000001e-05
544.262	0.0	0.0	4.8201750000000007e-05
544.242	0.0	0.0	4.910362500000001e-05
544.282	0.0	0.0	4.618525000000001e-05
544.412	0.0	0.0	3.3152000000000004e-05
544.602	0.0	0.0	1.3526737500000001e-05
544.582	0.0	0.0	1.5630650000000003e-05
544.622	0.0	0.0	1.1056062500000002e-05
544.752	0.0	0.0	-2.8836875e-06
544.942	0.0	0.0	-2.37701875e-05
544.922	0.0	0.0	-2.1150587500000003e-05
544.962	0.0	0.0	-2.4801562500000004e-05
545.082	0.0	0.0	-3.28444375e-05
545.272	0.0	0.0	-4.5066e-05
545.252	0.0	0.0	-4.3590625000000004e-05
545.292	0.0	0.0	-4.496887500000001e-05
545.422	0.0	0.0	-4.433293750000001e-05
545.612	0.0	0.0	-4.3373250000000004e-05
545.592	0.0	0.0	-4.34773125e-05
545.632	0.0	0.0	-4.19464375e-05
545.762	0.0	0.0	-3.3785625e-05
545.952	0.0	0.0	-2.15538875e-05
545.932	0.0	0.0	-2.3099100000000004e-05
545.972	0.0	0.0	-2.02131e-05
546.092	0.0	0.0	-9.576525e-06
546.282	0.0	0.0	6.5964062500000005e-06
546.262	0.0	0.0	4.6287e-06
546.302	0.0	0.0	7.83174375e-06
546.432	0.0	0.0	1.606794375e-05
546.622	0.0	0.0	2.8478437500000004e-05
546.602	0.0	0.0	2.7125625000000002e-05
546.642	0.0	0.0	2.8841500000000005e-05
546.772	0.0	0.0	3.0936625000000006e-05
546.962	0.0	0.0	3.40793125e-05
546.942	0.0	0.0	3.367925e-05
546.982	0.0	0.0	3.358443750000001e-05
547.102	0.0	0.0	2.9593062500000004e-05
547.292	0.0	0.0	2.3520437500000002e-05
547.272	0.0	0.0	2.4265062500000003e-05
547.312	0.0	0.0	2.2403268750000002e-05
547.442	0.0	0.0	1.4841625e-05
547.632	0.0	0.0	3.441925e-06
547.612	0.0	0.0	4.696456250000001e-06
547.652	0.0	0.0	2.22531875e-06
547.782	0.0	0.0	-4.92400625e-06
547.972	0.0	0.0	-1.5649843750000002e-05
547.952	0.0	0.0	-1.4274831250000001e-05
547.992	0.0	0.0	-1.60815875e-05
548.112	0.0	0.0	-1.963983125e-05
548.302	0.0	0.0	-2.50559375e-05
548.282	0.0	0.0	-2.4385312500000003e-05
548.322	0.0	0.0	-2.4901e-05
548.452	0.0	0.0	-2.3841875000000005e-05
548.642	0.0	0.0	-2.2243475000000003e-05
548.622	0.0	0.0	-2.2420843750000005e-05
548.662	0.0	0.0	-2.1428318750000002e-05
548.792	0.0	0.0	-1.6572068750000003e-05
548.982	0.0	0.0	-9.2833e-06
548.962	0.0	0.0	-1.0224487500000001e-05
548.992	0.0	0.0	-8.559025000000002e-06
549.122	0.0	0.0	-2.4683625e-06
549.312	0.0	0.0	6.804068750000001e-06
549.292	0.0	0.0	5.649668750000001e-06
549.332	0.0	0.0	7.498975000000001e-06
549.462	0.0	0.0	1.2357306250000003e-05
549.652	0.0	0.0	1.96877e-05
549.632	0.0	0.0	1.8869075e-05
549.672	0.0	0.0	1.99083125e-05
549.802	0.0	0.0	2.1236612500000004e-05
549.992	0.0	0.0	2.3231375e-05
549.962	0.0	0.0	2.2968675e-05
550.002	0.0	0.0	2.29154875e-05
550.132	0.0	0.0	2.013285625e-05
550.322	0.0	0.0	1.5890806250000003e-05
550.302	0.0	0.0	1.6402562500000002e-05
550.342	0.0	0.0	1.4961412500000001e-05
550.472	0.0	0.0	8.85016875e-06
550.662	0.0	0.0	-3.316125e-07
550.642	0.0	0.0	8.47878125e-07
550.672	0.0	0.0	-1.1314137500000002e-06
550.802	0.0	0.0	-7.8925625e-06
550.992	0.0	0.0	-1.8190818750000002e-05
550.972	0.0	0.0	-1.68881875e-05
551.012	0.0	0.0	-1.88094125e-05
551.142	0.0	0.0	-2.3273000000000002e-05
551.332	0.0	0.0	-3.0011625e-05
551.312	0.0	0.0	-2.9246187500000004e-05
551.352	0.0	0.0	-2.9875187500000004e-05
551.482	0.0	0.0	-2.9033437500000005e-05
551.672	0.0	0.0	-2.7770812500000003e-05
551.642	0.0	0.0	-2.7937312500000005e-05
551.682	0.0	0.0	-2.7033125000000002e-05
551.812	0.0	0.0	-2.0492912500000002e-05
552.002	0.0	0.0	-1.052395625e-05
551.982	0.0	0.0	-1.1789818750000001e-05
552.022	0.0	0.0	-9.1218875e-06
552.152	0.0	0.0	1.1207993750000003e-06
552.342	0.0	0.0	1.6592881250000002e-05
552.322	0.0	0.0	1.4822662500000002e-05
552.362	0.0	0.0	1.799656875e-05
552.492	0.0	0.0	2.6811125000000003e-05
552.682	0.0	0.0	4.0061750000000007e-05
552.652	0.0	0.0	3.8304249999999995e-05
552.692	0.0	0.0	4.032075e-05
552.822	0.0	0.0	4.266793750000001e-05
553.012	0.0	0.0	4.6250000000000006e-05
552.992	0.0	0.0	4.5792125e-05
553.032	0.0	0.0	4.5348125e-05
553.162	0.0	0.0	3.864418750000001e-05
553.352	0.0	0.0	2.8513125000000005e-05
553.332	0.0	0.0	2.968325e-05
553.372	0.0	0.0	2.63601875e-05
553.502	0.0	0.0	1.262555625e-05
553.692	0.0	0.0	-8.028306250000001e-06
553.662	0.0	0.0	-5.272037500000001e-06
553.702	0.0	0.0	-9.556637500000002e-06
553.832	0.0	0.0	-2.37146875e-05
554.022	0.0	0.0	-4.53088125e-05
554.002	0.0	0.0	-4.2526875000000006e-05
554.042	0.0	0.0	-4.6291625000000004e-05
554.172	0.0	0.0	-5.3726312500000005e-05
554.362	0.0	0.0	-6.496275e-05
554.342	0.0	0.0	-6.36561875e-05
554.382	0.0	0.0	-6.42296875e-05
554.512	0.0	0.0	-5.9482125000000006e-05
554.702	0.0	0.0	-5.233650000000001e-05
554.672	0.0	0.0	-5.32985e-05
554.712	0.0	0.0	-5.07108125e-05
554.842	0.0	0.0	-3.5311875e-05
555.032	0.0	0.0	-1.18090125e-05
555.012	0.0	0.0	-1.4859431250000003e-05
555.052	0.0	0.0	-9.248149999999999e-06
555.182	0.0	0.0	1.04585125e-05
555.372	0.0	0.0	4.0262937499999996e-05
555.352	0.0	0.0	3.6771062500000005e-05
555.392	0.0	0.0	4.23071875e-05
555.522	0.0	0.0	5.572431250000001e-05
555.712	0.0	0.0	7.592168750000001e-05
555.682	0.0	0.0	7.31883125e-05
555.722	0.0	0.0	7.59031875e-05
555.852	0.0	0.0	7.57274375e-05
556.042	0.0	0.0	7.545918749999999e-05
556.012	0.0	0.0	7.549387499999999e-05
556.062	0.0	0.0	7.35745e-05
556.192	0.0	0.0	5.881612500000001e-05
556.382	0.0	0.0	3.6486625e-05
556.362	0.0	0.0	3.9125187500000005e-05
556.402	0.0	0.0	3.3119625e-05
556.532	0.0	0.0	1.0662012500000001e-05
556.722	0.0	0.0	-2.3155062500000002e-05
556.692	0.0	0.0	-1.8549718750000003e-05
556.732	0.0	0.0	-2.5037437500000005e-05
556.862	0.0	0.0	-4.36900625e-05
557.052	0.0	0.0	-7.217775e-05
557.022	0.0	0.0	-6.842687500000001e-05
557.072	0.0	0.0	-7.29154375e-05
557.192	0.0	0.0	-7.878918750000002e-05
557.392	0.0	0.0	-8.767843750000001e-05
557.372	0.0	0.0	-8.66193125e-05
557.412	0.0	0.0	-8.609900000000002e-05
557.542	0.0	0.0	-7.53898125e-05
557.732	0.0	0.0	-5.9257812500000005e-05
557.702	0.0	0.0	-6.14685625e-05
557.742	0.0	0.0	-5.71441875e-05
557.872	0.0	0.0	-3.5709625e-05
558.062	0.0	0.0	-2.9563000000000004e-06
558.032	0.0	0.0	-7.29848125e-06
558.082	0.0	0.0	-2.1265056250000002e-07
558.202	0.0	0.0	2.2084606250000004e-05
558.402	0.0	0.0	5.5851500000000006e-05
558.382	0.0	0.0	5.1800000000000005e-05
558.422	0.0	0.0	5.750956250000001e-05
558.552	0.0	0.0	6.89286875e-05
558.742	0.0	0.0	8.614062500000001e-05
558.712	0.0	0.0	8.37656875e-05
558.752	0.0	0.0	8.570587500000001e-05
558.882	0.0	0.0	8.11756875e-05
559.072	0.0	0.0	7.424743750000001e-05
559.042	0.0	0.0	7.517243749999999e-05
559.092	0.0	0.0	7.2062125e-05
559.212	0.0	0.0	5.39575625e-05
559.412	0.0	0.0	2.6531312500000006e-05
559.392	0.0	0.0	2.9847437500000004e-05
559.432	0.0	0.0	2.3340062499999998e-05
559.562	0.0	0.0	1.0113025e-06
559.752	0.0	0.0	-3.265481250000001e-05
559.722	0.0	0.0	-2.7976625000000004e-05
559.762	0.0	0.0	-3.41024375e-05
559.892	0.0	0.0	-4.9524499999999997e-05
560.082	0.0	0.0	-7.31096875e-05
560.052	0.0	0.0	-6.993925000000001e-05
560.102	0.0	0.0	-7.333400000000001e-05
560.222	0.0	0.0	-7.52325625e-05
560.422	0.0	0.0	-7.811393750000001e-05
560.402	0.0	0.0	-7.77624375e-05
560.442	0.0	0.0	-7.635181250000001e-05
560.572	0.0	0.0	-6.3820375e-05
560.762	0.0	0.0	-4.49203125e-05
560.732	0.0	0.0	-4.75635e-05
560.772	0.0	0.0	-4.3088812500000004e-05
560.902	0.0	0.0	-2.3083375e-05
561.092	0.0	0.0	7.523487500000001e-06
561.062	0.0	0.0	3.3811062500000006e-06
561.112	0.0	0.0	9.679662500000002e-06
561.232	0.0	0.0	2.824025e-05
561.432	0.0	0.0	5.6383375000000005e-05
561.412	0.0	0.0	5.293081250000001e-05
561.452	0.0	0.0	5.7454062500000004e-05
561.582	0.0	0.0	6.518475000000002e-05
561.772	0.0	0.0	7.685131250000001e-05
561.742	0.0	0.0	7.520943750000002e-05
561.782	0.0	0.0	7.6294e-05
561.912	0.0	0.0	7.003175e-05
562.102	0.0	0.0	6.0448750000000006e-05
562.072	0.0	0.0	6.17553125e-05
562.112	0.0	0.0	5.845306250000001e-05
562.242	0.0	0.0	4.0935875e-05
562.442	0.0	0.0	1.4360856250000002e-05
562.422	0.0	0.0	1.76466875e-05
562.462	0.0	0.0	1.1611293750000001e-05
562.592	0.0	0.0	-8.60643125e-06
562.782	0.0	0.0	-3.9129812500000004e-05
562.752	0.0	0.0	-3.48054375e-05
562.792	0.0	0.0	-4.0262937499999996e-05
562.922	0.0	0.0	-5.3321625e-05
563.112	0.0	0.0	-7.33155e-05
563.082	0.0	0.0	-7.0572875e-05
563.122	0.0	0.0	-7.329931250000002e-05
563.252	0.0	0.0	-7.315825e-05
563.452	0.0	0.0	-7.294550000000001e-05
563.432	0.0	0.0	-7.29709375e-05
563.472	0.0	0.0	-7.1081625e-05
563.602	0.0	0.0	-5.713493750000001e-05
563.792	0.0	0.0	-3.6070375000000004e-05
563.762	0.0	0.0	-3.9074312500000004e-05
563.802	0.0	0.0	-3.4324437500000006e-05
563.932	0.0	0.0	-1.3690231250000002e-05
564.122	0.0	0.0	1.7919331250000004e-05
564.092	0.0	0.0	1.3554487500000003e-05
564.132	0.0	0.0	1.9889812499999998e-05
564.262	0.0	0.0	3.7911125000000005e-05
564.462	0.0	0.0	6.52703125e-05
564.442	0.0	0.0	6.184550000000001e-05
564.482	0.0	0.0	6.60265e-05
564.612	0.0	0.0	7.175225e-05
564.802	0.0	0.0	8.0401e-05
564.772	0.0	0.0	7.9147625e-05
564.812	0.0	0.0	7.968181249999999e-05
564.942	0.0	0.0	7.05751875e-05
565.132	0.0	0.0	5.661e-05
565.102	0.0	0.0	5.848543750000001e-05
565.152	0.0	0.0	5.427437500000001e-05
565.272	0.0	0.0	3.4525625e-05
565.472	0.0	0.0	4.672868750000001e-06
565.442	0.0	0.0	8.907056250000002e-06
565.482	0.0	0.0	3.0087937500000003e-06
565.612	0.0	0.0	-1.6813725000000003e-05
565.802	0.0	0.0	-4.7191187500000006e-05
565.772	0.0	0.0	-4.29361875e-05
565.812	0.0	0.0	-4.832893750000001e-05
565.942	0.0	0.0	-5.915606250000001e-05
566.142	0.0	0.0	-7.5604875e-05
566.122	0.0	0.0	-7.35166875e-05
566.162	0.0	0.0	-7.511462500000001e-05
566.292	0.0	0.0	-7.128281249999999e-05
566.482	0.0	0.0	-6.548768750000001e-05
566.452	0.0	0.0	-6.6327125e-05
566.492	0.0	0.0	-6.428981250000001e-05
566.622	0.0	0.0	-4.901806250000001e-05
566.812	0.0	0.0	-2.5601687500000002e-05
566.782	0.0	0.0	-2.8892375000000003e-05
566.822	0.0	0.0	-2.36591875e-05
566.952	0.0	0.0	-4.84861875e-06
567.152	0.0	0.0	2.3737812500000003e-05
567.122	0.0	0.0	2.0081981250000002e-05
567.172	0.0	0.0	2.5271000000000002e-05
567.302	0.0	0.0	3.751106250000001e-05
567.492	0.0	0.0	5.602725000000001e-05
567.462	0.0	0.0	5.332625000000001e-05
567.502	0.0	0.0	5.606425000000001e-05
567.632	0.0	0.0	5.65545e-05
567.822	0.0	0.0	5.7308375e-05
567.792	0.0	0.0	5.7202000000000006e-05
567.832	0.0	0.0	5.63255625e-05
567.962	0.0	0.0	4.65945625e-05
568.162	0.0	0.0	3.17991875e-05
568.132	0.0	0.0	3.37046875e-05
568.182	0.0	0.0	3.0161937500000006e-05
568.302	0.0	0.0	1.685095625e-05
568.502	0.0	0.0	-3.29323125e-06
568.472	0.0	0.0	-3.368156250000001e-07
568.512	0.0	0.0	-3.9731062500000006e-06
568.642	0.0	0.0	-1.3183562500000003e-05
568.832	0.0	0.0	-2.7319875e-05
568.802	0.0	0.0	-2.5308000000000006e-05
568.842	0.0	0.0	-2.7488687500000002e-05
568.972	0.0	0.0	-2.9195312500000006e-05
569.172	0.0	0.0	-3.179225e-05
569.142	0.0	0.0	-3.1454625000000004e-05
569.192	0.0	0.0	-3.1232625000000005e-05
569.312	0.0	0.0	-2.6584500000000003e-05
569.512	0.0	0.0	-1.9549181250000003e-05
569.482	0.0	0.0	-2.0588187500000003e-05
569.522	0.0	0.0	-1.912090625e-05
569.652	0.0	0.0	-1.3131068750000002e-05
569.842	0.0	0.0	-3.93425625e-06
569.812	0.0	0.0	-5.25145625e-06
569.852	0.0	0.0	-3.6031062500000007e-06
569.982	0.0	0.0	-1.705214375e-07
570.182	0.0	0.0	5.052812499999999e-06
570.152	0.0	0.0	4.370625000000001e-06
570.202	0.0	0.0	5.22185625e-06
570.322	0.0	0.0	6.650287500000001e-06
570.522	0.0	0.0	8.813862500000001e-06
570.492	0.0	0.0	8.492425000000002e-06
570.532	0.0	0.0	8.935500000000001e-06
570.662	0.0	0.0	1.06925375e-05
570.852	0.0	0.0	1.3391225000000002e-05
570.822	0.0	0.0	1.30022625e-05
570.862	0.0	0.0	1.3283925000000002e-05
570.992	0.0	0.0	1.2144556250000001e-05
571.192	0.0	0.0	1.0410181250000001e-05
571.162	0.0	0.0	1.0638193750000002e-05
571.212	0.0	0.0	9.703018750000001e-06
571.332	0.0	0.0	3.61328125e-06
571.532	0.0	0.0	-5.614056250000001e-06
571.502	0.0	0.0	-4.2351125e-06
571.542	0.0	0.0	-6.173218750000001e-06
571.672	0.0	0.0	-1.4532212500000002e-05
571.862	0.0	0.0	-2.7377687500000003e-05
571.832	0.0	0.0	-2.5513812500000004e-05
571.872	0.0	0.0	-2.7865625000000005e-05
572.002	0.0	0.0	-3.3165875000000005e-05
572.202	0.0	0.0	-4.1236500000000004e-05
572.172	0.0	0.0	-4.0168125e-05
572.212	0.0	0.0	-4.091275000000001e-05
572.342	0.0	0.0	-3.80660625e-05
572.542	0.0	0.0	-3.37509375e-05
572.512	0.0	0.0	-3.4398437500000005e-05
572.552	0.0	0.0	-3.3045625e-05
572.682	0.0	0.0	-2.2149356250000007e-05
572.872	0.0	0.0	-5.397375e-06
572.842	0.0	0.0	-7.841918750000002e-06
572.882	0.0	0.0	-4.11000625e-06
573.012	0.0	0.0	1.023951875e-05
573.212	0.0	0.0	3.2102125e-05
573.182	0.0	0.0	2.9188375e-05
573.222	0.0	0.0	3.3154312500000006e-05
573.352	0.0	0.0	4.2605500000000004e-05
573.552	0.0	0.0	5.6936062500000006e-05
573.522	0.0	0.0	5.476925000000001e-05
573.562	0.0	0.0	5.6869e-05
573.682	0.0	0.0	5.578443750000001e-05
573.882	0.0	0.0	5.411712500000001e-05
573.852	0.0	0.0	5.436225e-05
573.892	0.0	0.0	5.30834375e-05
574.022	0.0	0.0	4.1261937500000005e-05
574.222	0.0	0.0	2.32475625e-05
574.192	0.0	0.0	2.5666437500000005e-05
574.232	0.0	0.0	2.1455837500000005e-05
574.362	0.0	0.0	5.04865e-06
574.562	0.0	0.0	-1.9841712500000004e-05
574.532	0.0	0.0	-1.6055918750000003e-05
574.572	0.0	0.0	-2.05683e-05
574.692	0.0	0.0	-3.26733125e-05
574.892	0.0	0.0	-5.1298187500000005e-05
574.862	0.0	0.0	-4.854631250000001e-05
574.902	0.0	0.0	-5.147625000000001e-05
575.032	0.0	0.0	-5.3552875000000005e-05
575.232	0.0	0.0	-5.672100000000001e-05
575.202	0.0	0.0	-5.629318750000001e-05
575.242	0.0	0.0	-5.57936875e-05
575.372	0.0	0.0	-4.711950000000001e-05
575.572	0.0	0.0	-3.39544375e-05
575.542	0.0	0.0	-3.596862500000001e-05
575.582	0.0	0.0	-3.3170500000000004e-05
575.702	0.0	0.0	-1.9607918750000002e-05
575.902	0.0	0.0	1.267781875e-06
575.872	0.0	0.0	-1.834298125e-06
575.912	0.0	0.0	2.2102875000000002e-06
576.042	0.0	0.0	1.3570212500000002e-05
576.242	0.0	0.0	3.0899625000000007e-05
576.212	0.0	0.0	2.85431875e-05
576.252	0.0	0.0	3.125575e-05
576.382	0.0	0.0	3.4675937500000004e-05
576.582	0.0	0.0	3.9867500000000004e-05
576.552	0.0	0.0	3.9069687500000006e-05
576.592	0.0	0.0	3.96200625e-05
576.712	0.0	0.0	3.514537500000001e-05
576.912	0.0	0.0	2.8254125000000003e-05
576.882	0.0	0.0	2.92831875e-05
576.922	0.0	0.0	2.7597375000000003e-05
577.052	0.0	0.0	1.947125e-05
577.252	0.0	0.0	7.0693125e-06
577.222	0.0	0.0	8.766687500000001e-06
577.262	0.0	0.0	6.430831250000001e-06
577.392	0.0	0.0	1.9795462500000004e-07
577.592	0.0	0.0	-9.269425000000001e-06
577.562	0.0	0.0	-7.80445625e-06
577.602	0.0	0.0	-9.345968750000001e-06
577.722	0.0	0.0	-1.0784575000000002e-05
577.922	0.0	0.0	-1.3000643750000004e-05
577.892	0.0	0.0	-1.2667412500000001e-05
577.932	0.0	0.0	-1.2850331250000002e-05
578.062	0.0	0.0	-1.093696875e-05
578.262	0.0	0.0	-8.01605e-06
578.232	0.0	0.0	-8.418424999999999e-06
578.272	0.0	0.0	-7.84885625e-06
578.402	0.0	0.0	-6.179693750000001e-06
578.602	0.0	0.0	-3.6431125000000003e-06
578.572	0.0	0.0	-4.03785625e-06
578.612	0.0	0.0	-3.53604375e-06
578.732	0.0	0.0	-1.4315993750000001e-06
578.932	0.0	0.0	1.8113118750000003e-06
578.902	0.0	0.0	1.320784375e-06
578.942	0.0	0.0	2.1666737500000002e-06
579.072	0.0	0.0	6.827193750000001e-06
579.272	0.0	0.0	1.3945068750000001e-05
579.242	0.0	0.0	1.2960175e-05
579.282	0.0	0.0	1.4354612500000002e-05
579.412	0.0	0.0	1.851410625e-05
579.612	0.0	0.0	2.4836250000000005e-05
579.582	0.0	0.0	2.3837250000000003e-05
579.622	0.0	0.0	2.4813125000000003e-05
579.742	0.0	0.0	2.4320562500000003e-05
579.942	0.0	0.0	2.3557437500000002e-05
579.912	0.0	0.0	2.3670750000000004e-05
579.952	0.0	0.0	2.2948093750000003e-05
580.082	0.0	0.0	1.5773793750000003e-05
580.282	0.0	0.0	4.862493750000001e-06
580.252	0.0	0.0	6.5517750000000005e-06
580.292	0.0	0.0	4.31350625e-06
580.412	0.0	0.0	-6.612825000000001e-06
580.612	0.0	0.0	-2.3458000000000005e-05
580.582	0.0	0.0	-2.0877712500000003e-05
580.622	0.0	0.0	-2.4112437500000002e-05
580.752	0.0	0.0	-3.3195937500000004e-05
580.952	0.0	0.0	-4.70825e-05
580.922	0.0	0.0	-4.51376875e-05
580.962	0.0	0.0	-4.71495625e-05
581.092	0.0	0.0	-4.7859500000000005e-05
581.292	0.0	0.0	-4.89394375e-05
581.262	0.0	0.0	-4.87683125e-05
581.302	0.0	0.0	-4.85185625e-05
581.422	0.0	0.0	-3.913675e-05
581.622	0.0	0.0	-2.4660500000000002e-05
581.592	0.0	0.0	-2.6885125e-05
581.632	0.0	0.0	-2.3520437500000002e-05
581.762	0.0	0.0	-7.288075000000001e-06
581.962	0.0	0.0	1.7527593750000003e-05
581.932	0.0	0.0	1.4029243750000003e-05
581.972	0.0	0.0	1.88626e-05
582.102	0.0	0.0	3.33925e-05
582.302	0.0	0.0	5.550231250000001e-05
582.272	0.0	0.0	5.1991937500000005e-05
582.312	0.0	0.0	5.5708125000000005e-05
582.432	0.0	0.0	6.0508875e-05
582.632	0.0	0.0	6.791812500000001e-05
582.602	0.0	0.0	6.67734375e-05
582.642	0.0	0.0	6.73585e-05
582.772	0.0	0.0	5.911906250000001e-05
582.972	0.0	0.0	4.6515937500000006e-05
582.942	0.0	0.0	4.830350000000001e-05
582.982	0.0	0.0	4.49203125e-05
583.112	0.0	0.0	2.7107125000000002e-05
583.312	0.0	0.0	-1.0979056250000002e-08
583.282	0.0	0.0	4.3192875e-06
583.322	0.0	0.0	-7.400693750000001e-07
583.442	0.0	0.0	-1.8832074999999997e-05
583.642	0.0	0.0	-4.676568750000001e-05
583.612	0.0	0.0	-4.242512500000001e-05
583.652	0.0	0.0	-4.7401625000000005e-05
583.782	0.0	0.0	-5.707712500000001e-05
583.982	0.0	0.0	-7.188175000000001e-05
583.952	0.0	0.0	-6.976812500000002e-05
583.992	0.0	0.0	-7.150943750000001e-05
584.122	0.0	0.0	-6.72498125e-05
584.322	0.0	0.0	-6.07609375e-05
584.292	0.0	0.0	-6.18015625e-05
584.322	0.0	0.0	-6.017818750000001e-05
584.452	0.0	0.0	-4.4876375e-05
584.652	0.0	0.0	-2.1238925e-05
584.622	0.0	0.0	-2.49310625e-05
584.662	0.0	0.0	-2.004105e-05
584.792	0.0	0.0	-1.2166525000000002e-06
584.992	0.0	0.0	2.7597375000000003e-05
584.962	0.0	0.0	2.34603125e-05
585.002	0.0	0.0	2.86449375e-05
585.132	0.0	0.0	4.09428125e-05
585.332	0.0	0.0	5.9678687500000004e-05
585.302	0.0	0.0	5.66539375e-05
585.332	0.0	0.0	5.969025000000001e-05
585.462	0.0	0.0	5.99931875e-05
585.662	0.0	0.0	6.046493750000001e-05
585.632	0.0	0.0	6.0390937500000004e-05
585.672	0.0	0.0	5.9805875e-05
585.802	0.0	0.0	4.910362500000001e-05
586.002	0.0	0.0	3.271493750000001e-05
585.972	0.0	0.0	3.50829375e-05
586.012	0.0	0.0	3.145e-05
586.142	0.0	0.0	1.618634375e-05
586.342	0.0	0.0	-7.07879375e-06
586.312	0.0	0.0	-3.3036375000000005e-06
586.342	0.0	0.0	-7.468450000000001e-06
586.472	0.0	0.0	-1.909015e-05
586.672	0.0	0.0	-3.7055500000000005e-05
586.642	0.0	0.0	-3.4218062500000004e-05
586.682	0.0	0.0	-3.725668750000001e-05
586.812	0.0	0.0	-4.0651437499999994e-05
587.012	0.0	0.0	-4.585225e-05
586.982	0.0	0.0	-4.5096062500000004e-05
587.022	0.0	0.0	-4.542212500000001e-05
587.152	0.0	0.0	-4.0073312500000006e-05
587.352	0.0	0.0	-3.1919437500000004e-05
587.322	0.0	0.0	-3.3249125e-05
587.352	0.0	0.0	-3.1611875000000006e-05
587.482	0.0	0.0	-2.179415625e-05
587.682	0.0	0.0	-6.6119e-06
587.652	0.0	0.0	-9.0238375e-06
587.692	0.0	0.0	-6.070312500000001e-06
587.822	0.0	0.0	3.43753125e-06
588.022	0.0	0.0	1.8008593750000004e-05
587.992	0.0	0.0	1.5878087500000002e-05
588.032	0.0	0.0	1.8408656250000004e-05
588.162	0.0	0.0	2.3508875000000003e-05
588.362	0.0	0.0	3.12904375e-05
588.332	0.0	0.0	3.0013937500000007e-05
588.362	0.0	0.0	3.127193750000001e-05
588.492	0.0	0.0	3.0636e-05
588.692	0.0	0.0	2.9655500000000004e-05
588.662	0.0	0.0	2.9812750000000004e-05
588.702	0.0	0.0	2.9331750000000003e-05
588.832	0.0	0.0	2.3453375e-05
589.032	0.0	0.0	1.443855625e-05
589.002	0.0	0.0	1.5764312500000002e-05
589.042	0.0	0.0	1.376099375e-05
589.172	0.0	0.0	4.8678125e-06
589.372	0.0	0.0	-8.7047125e-06
589.342	0.0	0.0	-6.4673687500000005e-06
589.372	0.0	0.0	-8.920006250000001e-06
589.502	0.0	0.0	-1.69612625e-05
589.702	0.0	0.0	-2.940575e-05
589.672	0.0	0.0	-2.7407750000000002e-05
589.712	0.0	0.0	-2.9581500000000005e-05
589.842	0.0	0.0	-3.2923062500000004e-05
590.042	0.0	0.0	-3.80475625e-05
590.012	0.0	0.0	-3.72890625e-05
590.052	0.0	0.0	-3.7746937499999995e-05
590.182	0.0	0.0	-3.36954375e-05
590.382	0.0	0.0	-2.7507187500000002e-05
590.352	0.0	0.0	-2.8531625e-05
590.382	0.0	0.0	-2.7264375e-05
590.512	0.0	0.0	-1.7336581250000003e-05
590.712	0.0	0.0	-1.966480625e-06
590.682	0.0	0.0	-4.448093750000001e-06
590.722	0.0	0.0	-1.3860200000000003e-06
590.852	0.0	0.0	1.0140312500000001e-05
591.052	0.0	0.0	2.7826312500000002e-05
591.022	0.0	0.0	2.5194687500000004e-05
591.062	0.0	0.0	2.8309625000000006e-05
591.192	0.0	0.0	3.5066750000000004e-05
591.392	0.0	0.0	4.5385125e-05
591.362	0.0	0.0	4.3666937500000006e-05
591.392	0.0	0.0	4.5345812500000006e-05
591.522	0.0	0.0	4.36391875e-05
591.722	0.0	0.0	4.09936875e-05
591.692	0.0	0.0	4.14238125e-05
591.732	0.0	0.0	4.0519625000000006e-05
591.862	0.0	0.0	3.069150000000001e-05
592.062	0.0	0.0	1.560475e-05
592.032	0.0	0.0	1.786290625e-05
592.072	0.0	0.0	1.4692699999999999e-05
592.202	0.0	0.0	1.5670425e-06
592.402	0.0	0.0	-1.848913125e-05
592.372	0.0	0.0	-1.51316125e-05
592.402	0.0	0.0	-1.8685231250000002e-05
592.532	0.0	0.0	-2.84599375e-05
592.732	0.0	0.0	-4.360681250000001e-05
592.702	0.0	0.0	-4.113475e-05
592.742	0.0	0.0	-4.369237500000001e-05
592.872	0.0	0.0	-4.5547e-05
593.072	0.0	0.0	-4.8396e-05
593.042	0.0	0.0	-4.79681875e-05
593.082	0.0	0.0	-4.7896500000000005e-05
593.212	0.0	0.0	-4.04664375e-05
593.412	0.0	0.0	-2.9107437500000005e-05
593.382	0.0	0.0	-3.10175625e-05
593.412	0.0	0.0	-2.8876187500000006e-05
593.542	0.0	0.0	-1.586768125e-05
593.742	0.0	0.0	4.2957e-06
593.712	0.0	0.0	9.8822375e-07
593.752	0.0	0.0	4.8655e-06
593.882	0.0	0.0	1.7883950000000003e-05
594.082	0.0	0.0	3.788337500000001e-05
594.052	0.0	0.0	3.485862500000001e-05
594.092	0.0	0.0	3.82926875e-05
594.222	0.0	0.0	4.45595625e-05
594.422	0.0	0.0	5.41425625e-05
594.392	0.0	0.0	5.25099375e-05
594.422	0.0	0.0	5.40963125e-05
594.552	0.0	0.0	5.0375500000000006e-05
594.752	0.0	0.0	4.460350000000001e-05
594.722	0.0	0.0	4.55285e-05
594.762	0.0	0.0	4.39305625e-05
594.892	0.0	0.0	3.1144750000000004e-05
595.092	0.0	0.0	1.158076875e-05
595.062	0.0	0.0	1.4855268750000003e-05
595.092	0.0	0.0	1.1310900000000002e-05
595.222	0.0	0.0	-4.39583125e-06
595.422	0.0	0.0	-2.8753625e-05
595.392	0.0	0.0	-2.4711375e-05
595.432	0.0	0.0	-2.9209187500000004e-05
595.562	0.0	0.0	-4.074393750000001e-05
595.762	0.0	0.0	-5.8473875e-05
595.732	0.0	0.0	-5.576593750000001e-05
595.772	0.0	0.0	-5.851087500000001e-05
595.902	0.0	0.0	-5.910981250000001e-05
596.102	0.0	0.0	-6.00255625e-05
596.072	0.0	0.0	-5.9870625000000004e-05
596.102	0.0	0.0	-5.9896062500000005e-05
596.232	0.0	0.0	-4.89671875e-05
596.432	0.0	0.0	-3.20073125e-05
596.402	0.0	0.0	-3.48285625e-05
596.442	0.0	0.0	-3.1325125000000004e-05
596.572	0.0	0.0	-1.3356537500000001e-05
596.772	0.0	0.0	1.4275525000000001e-05
596.742	0.0	0.0	1.002954375e-05
596.782	0.0	0.0	1.520584375e-05
596.912	0.0	0.0	3.0936625000000006e-05
597.112	0.0	0.0	5.5019e-05
597.082	0.0	0.0	5.08911875e-05
597.112	0.0	0.0	5.5069875000000004e-05
597.242	0.0	0.0	6.055975000000001e-05
597.442	0.0	0.0	6.907900000000001e-05
597.412	0.0	0.0	6.765450000000001e-05
597.442	0.0	0.0	6.8806125e-05
597.582	0.0	0.0	6.11956875e-05
597.782	0.0	0.0	4.9487500000000003e-05
597.752	0.0	0.0	5.1295875e-05
597.792	0.0	0.0	4.8509312500000004e-05
597.922	0.0	0.0	3.13043125e-05
598.122	0.0	0.0	4.954068750000001e-06
598.092	0.0	0.0	9.491656250000001e-06
598.122	0.0	0.0	4.82086875e-06
598.252	0.0	0.0	-1.3144943750000001e-05
598.452	0.0	0.0	-4.1044562500000004e-05
598.422	0.0	0.0	-3.6357125000000006e-05
598.452	0.0	0.0	-4.14006875e-05
598.592	0.0	0.0	-5.199425e-05
598.792	0.0	0.0	-6.829968750000001e-05
598.762	0.0	0.0	-6.576750000000002e-05
598.802	0.0	0.0	-6.816556250000001e-05
598.932	0.0	0.0	-6.5688875e-05
599.132	0.0	0.0	-6.189868750000001e-05
599.102	0.0	0.0	-6.255312500000001e-05
599.132	0.0	0.0	-6.182468750000001e-05
599.262	0.0	0.0	-4.784331250000001e-05
599.462	0.0	0.0	-2.6122000000000005e-05
599.432	0.0	0.0	-2.9789625000000002e-05
599.462	0.0	0.0	-2.5506875000000003e-05
599.602	0.0	0.0	-5.905893750000001e-06
599.802	0.0	0.0	2.4272e-05
599.772	0.0	0.0	1.95568125e-05
599.812	0.0	0.0	2.5088312500000003e-05
599.942	0.0	0.0	4.0639875e-05
600.142	0.0	0.0	6.44794375e-05
600.102	0.0	0.0	6.033312500000001e-05
600.142	0.0	0.0	6.4491e-05
600.272	0.0	0.0	6.845e-05
600.472	0.0	0.0	7.460818750000001e-05
600.442	0.0	0.0	7.35629375e-05
600.472	0.0	0.0	7.43075625e-05
600.612	0.0	0.0	6.405393750000001e-05
600.812	0.0	0.0	4.825956250000001e-05
600.782	0.0	0.0	5.0740875000000006e-05
600.822	0.0	0.0	4.7225875e-05
600.952	0.0	0.0	2.6695500000000002e-05
601.152	0.0	0.0	-4.785256250000001e-06
601.112	0.0	0.0	7.150943750000001e-07
601.152	0.0	0.0	-4.8012125e-06
601.282	0.0	0.0	-2.5715000000000004e-05
601.482	0.0	0.0	-5.8231062500000006e-05
601.452	0.0	0.0	-5.2685687500000005e-05
601.482	0.0	0.0	-5.85409375e-05
601.622	0.0	0.0	-6.99693125e-05
601.822	0.0	0.0	-8.757900000000001e-05
601.792	0.0	0.0	-8.479937500000002e-05
601.832	0.0	0.0	-8.732231250000001e-05
601.962	0.0	0.0	-8.196887500000001e-05
602.162	0.0	0.0	-7.375718750000002e-05
602.122	0.0	0.0	-7.5197875e-05
602.162	0.0	0.0	-7.376412500000001e-05
602.292	0.0	0.0	-5.386506250000001e-05
602.492	0.0	0.0	-2.288334375e-05
602.462	0.0	0.0	-2.8194e-05
602.492	0.0	0.0	-2.223954375e-05
602.632	0.0	0.0	3.6736375000000004e-06
602.832	0.0	0.0	4.3616062500000005e-05
602.802	0.0	0.0	3.72751875e-05
602.842	0.0	0.0	4.44485625e-05
602.972	0.0	0.0	6.2580875e-05
603.172	0.0	0.0	9.040718750000001e-05
603.132	0.0	0.0	8.549775000000001e-05
603.172	0.0	0.0	9.034012500000002e-05
603.302	0.0	0.0	9.1440875e-05
603.502	0.0	0.0	9.305500000000002e-05
603.472	0.0	0.0	9.27775e-05
603.502	0.0	0.0	9.267112500000001e-05
603.642	0.0	0.0	7.572974999999999e-05
603.842	0.0	0.0	4.9605437500000004e-05
603.812	0.0	0.0	5.377487500000001e-05
603.852	0.0	0.0	4.84584375e-05
603.982	0.0	0.0	2.2185200000000002e-05
604.182	0.0	0.0	-1.8147112500000002e-05
604.142	0.0	0.0	-1.0999175000000001e-05
604.182	0.0	0.0	-1.7995875e-05
604.312	0.0	0.0	-3.976575e-05
604.512	0.0	0.0	-7.3616125e-05
604.482	0.0	0.0	-6.775856250000001e-05
604.512	0.0	0.0	-7.376412500000001e-05
604.652	0.0	0.0	-8.09629375e-05
604.852	0.0	0.0	-9.2069875e-05
604.822	0.0	0.0	-9.028693749999999e-05
604.862	0.0	0.0	-9.162356250000002e-05
604.992	0.0	0.0	-8.087043750000002e-05
605.192	0.0	0.0	-6.4356875e-05
605.152	0.0	0.0	-6.729606250000001e-05
605.192	0.0	0.0	-6.44424375e-05
605.322	0.0	0.0	-4.312581250000001e-05
605.522	0.0	0.0	-9.796443750000001e-06
605.482	0.0	0.0	-1.559341875e-05
605.522	0.0	0.0	-9.408174999999999e-06
605.662	0.0	0.0	1.17701625e-05
605.862	0.0	0.0	4.4453187500000006e-05
605.832	0.0	0.0	3.91806875e-05
605.872	0.0	0.0	4.48463125e-05
606.002	0.0	0.0	5.484556250000001e-05
606.202	0.0	0.0	7.020750000000001e-05
606.162	0.0	0.0	6.746025000000001e-05
606.202	0.0	0.0	7.010575e-05
606.332	0.0	0.0	6.598025e-05
606.532	0.0	0.0	5.932950000000001e-05
606.492	0.0	0.0	6.0490375000000004e-05
606.532	0.0	0.0	5.909825e-05
606.662	0.0	0.0	4.491568750000001e-05
606.872	0.0	0.0	2.3018162500000003e-05
606.842	0.0	0.0	2.6568312500000002e-05
606.872	0.0	0.0	2.2453218750000003e-05
607.012	0.0	0.0	7.2388187500000005e-06
607.212	0.0	0.0	-1.6144950000000002e-05
607.172	0.0	0.0	-1.1942675000000002e-05
607.212	0.0	0.0	-1.595879375e-05
607.342	0.0	0.0	-2.4473187500000004e-05
607.542	0.0	0.0	-3.7612812500000004e-05
607.502	0.0	0.0	-3.53049375e-05
607.542	0.0	0.0	-3.7605875000000004e-05
607.672	0.0	0.0	-3.7122562500000003e-05
607.882	0.0	0.0	-3.6375625e-05
607.852	0.0	0.0	-3.6498187500000005e-05
607.882	0.0	0.0	-3.61374375e-05
608.022	0.0	0.0	-2.9317875000000004e-05
608.222	0.0	0.0	-1.883138125e-05
608.182	0.0	0.0	-2.072439375e-05
608.222	0.0	0.0	-1.892943125e-05
608.352	0.0	0.0	-1.1427218750000001e-05
608.552	0.0	0.0	2.8774437500000005e-07
608.512	0.0	0.0	-1.77919125e-06
608.552	0.0	0.0	3.3905875000000004e-07
608.682	0.0	0.0	4.6680125e-06
608.892	0.0	0.0	1.135599375e-05
608.862	0.0	0.0	1.026218125e-05
608.892	0.0	0.0	1.136524375e-05
609.032	0.0	0.0	1.16471375e-05
609.232	0.0	0.0	1.20805e-05
609.192	0.0	0.0	1.2001181250000002e-05
609.232	0.0	0.0	1.2074950000000002e-05
609.362	0.0	0.0	1.0460593750000002e-05
609.562	0.0	0.0	7.88076875e-06
609.522	0.0	0.0	8.32615625e-06
609.562	0.0	0.0	7.837987500000001e-06
609.702	0.0	0.0	5.747950000000001e-06
609.902	0.0	0.0	2.5321875e-06
609.862	0.0	0.0	3.1098500000000004e-06
609.902	0.0	0.0	2.5634062500000003e-06
610.032	0.0	0.0	-2.4759937500000003e-07
610.232	0.0	0.0	-4.6504375000000005e-06
610.192	0.0	0.0	-3.865343750000001e-06
610.232	0.0	0.0	-4.67333125e-06
610.362	0.0	0.0	-7.63656875e-06
610.572	0.0	0.0	-1.2217631250000002e-05
610.542	0.0	0.0	-1.1461212500000002e-05
610.572	0.0	0.0	-1.2244225e-05
610.712	0.0	0.0	-1.3154193750000003e-05
610.912	0.0	0.0	-1.4554875000000002e-05
610.872	0.0	0.0	-1.4298881250000002e-05
610.912	0.0	0.0	-1.4536606250000001e-05
611.042	0.0	0.0	-1.2387368750000002e-05
611.242	0.0	0.0	-8.93388125e-06
611.202	0.0	0.0	-9.55085625e-06
611.242	0.0	0.0	-8.906825000000001e-06
611.372	0.0	0.0	-4.47538125e-06
611.582	0.0	0.0	2.378175e-06
611.552	0.0	0.0	1.2406562500000002e-06
611.582	0.0	0.0	2.48455e-06
611.722	0.0	0.0	6.4299062500000005e-06
611.922	0.0	0.0	1.2504381250000002e-05
611.882	0.0	0.0	1.1389525000000002e-05
611.922	0.0	0.0	1.2416506250000001e-05
612.052	0.0	0.0	1.3681212500000001e-05
612.252	0.0	0.0	1.55608125e-05
612.212	0.0	0.0	1.5223650000000001e-05
612.252	0.0	0.0	1.555364375e-05
612.382	0.0	0.0	1.370919375e-05
612.592	0.0	0.0	1.08558e-05
612.562	0.0	0.0	1.1331712500000003e-05
612.592	0.0	0.0	1.076885e-05
612.732	0.0	0.0	7.26564375e-06
612.932	0.0	0.0	1.8692168750000004e-06
612.892	0.0	0.0	2.86403125e-06
612.932	0.0	0.0	1.95471e-06
613.062	0.0	0.0	-1.4895737500000002e-06
613.262	0.0	0.0	-6.869050000000001e-06
613.222	0.0	0.0	-5.898956250000001e-06
613.262	0.0	0.0	-6.873906250000001e-06
613.392	0.0	0.0	-9.62485625e-06
613.602	0.0	0.0	-1.3882631250000002e-05
613.572	0.0	0.0	-1.31687625e-05
613.602	0.0	0.0	-1.390344375e-05
613.742	0.0	0.0	-1.482428125e-05
613.942	0.0	0.0	-1.624323125e-05
613.902	0.0	0.0	-1.59803e-05
613.942	0.0	0.0	-1.621871875e-05
614.072	0.0	0.0	-1.37570625e-05
614.272	0.0	0.0	-9.764762500000001e-06
614.232	0.0	0.0	-1.048788125e-05
614.272	0.0	0.0	-9.7656875e-06
614.402	0.0	0.0	-2.9590750000000005e-06
614.612	0.0	0.0	7.581762500000001e-06
614.582	0.0	0.0	5.805993750000001e-06
614.612	0.0	0.0	7.75173125e-06
614.752	0.0	0.0	1.6062625000000003e-05
614.952	0.0	0.0	2.8873875e-05
614.912	0.0	0.0	2.6492e-05
614.952	0.0	0.0	2.8635687500000003e-05
615.082	0.0	0.0	3.34503125e-05
615.282	0.0	0.0	4.0820249999999996e-05
615.242	0.0	0.0	3.9479000000000006e-05
615.282	0.0	0.0	4.08086875e-05
615.412	0.0	0.0	3.7356125e-05
615.622	0.0	0.0	3.19795625e-05
615.582	0.0	0.0	3.28906875e-05
615.622	0.0	0.0	3.175525e-05
615.762	0.0	0.0	1.9532068750000002e-05
615.962	0.0	0.0	6.811006250000001e-07
615.922	0.0	0.0	4.2027375e-06
615.962	0.0	0.0	1.0578068750000001e-06
616.092	0.0	0.0	-1.435415e-05
616.292	0.0	0.0	-3.862568750000001e-05
616.252	0.0	0.0	-3.4188e-05
616.292	0.0	0.0	-3.85516875e-05
616.422	0.0	0.0	-4.939268750000001e-05
616.632	0.0	0.0	-6.615600000000001e-05
616.592	0.0	0.0	-6.33046875e-05
616.632	0.0	0.0	-6.612825000000002e-05
616.772	0.0	0.0	-6.441468750000001e-05
616.972	0.0	0.0	-6.177150000000001e-05
616.932	0.0	0.0	-6.226637500000001e-05
616.972	0.0	0.0	-6.1827e-05
617.102	0.0	0.0	-4.744787500000001e-05
617.302	0.0	0.0	-2.4265062500000003e-05
617.262	0.0	0.0	-2.8522375e-05
617.302	0.0	0.0	-2.4366812500000003e-05
617.432	0.0	0.0	-2.301839375e-06
617.642	0.0	0.0	3.1974937500000004e-05
617.602	0.0	0.0	2.6115062500000004e-05
617.642	0.0	0.0	3.222006250000001e-05
617.772	0.0	0.0	4.9711812500000005e-05
617.982	0.0	0.0	7.6705625e-05
617.942	0.0	0.0	7.1618125e-05
617.982	0.0	0.0	7.609281250000001e-05
618.112	0.0	0.0	7.983675000000001e-05
618.312	0.0	0.0	8.491962500000001e-05
618.272	0.0	0.0	8.39830625e-05
618.312	0.0	0.0	8.488956250000001e-05
618.442	0.0	0.0	7.149093750000002e-05
618.652	0.0	0.0	5.048187500000001e-05
618.612	0.0	0.0	5.4091687500000005e-05
618.652	0.0	0.0	5.019975000000001e-05
618.782	0.0	0.0	2.6350937500000005e-05
618.992	0.0	0.0	-1.04705375e-05
618.952	0.0	0.0	-3.5025125000000004e-06
618.992	0.0	0.0	-9.5834625e-06
619.122	0.0	0.0	-3.1149375e-05
619.322	0.0	0.0	-6.4791625e-05
619.282	0.0	0.0	-5.8559437500000006e-05
619.322	0.0	0.0	-6.45488125e-05
619.452	0.0	0.0	-7.35675625e-05
619.662	0.0	0.0	-8.733387500000001e-05
619.622	0.0	0.0	-8.4956625e-05
619.662	0.0	0.0	-8.725062500000002e-05
619.792	0.0	0.0	-7.87915e-05
620.002	0.0	0.0	-6.57281875e-05
619.962	0.0	0.0	-6.82095e-05
619.992	0.0	0.0	-6.605887500000001e-05
620.132	0.0	0.0	-4.6532125e-05
620.332	0.0	0.0	-1.52204125e-05
620.292	0.0	0.0	-2.1045600000000004e-05
620.332	0.0	0.0	-1.5489125e-05
620.462	0.0	0.0	5.842762500000001e-06
620.672	0.0	0.0	3.8963312500000004e-05
620.632	0.0	0.0	3.3221375000000005e-05
620.672	0.0	0.0	3.90511875e-05
620.802	0.0	0.0	5.047725e-05
621.012	0.0	0.0	6.8130875e-05
620.972	0.0	0.0	6.47615625e-05
621.002	0.0	0.0	6.765681250000001e-05
621.142	0.0	0.0	6.554550000000002e-05
621.342	0.0	0.0	6.131362500000001e-05
621.302	0.0	0.0	6.210450000000001e-05
621.342	0.0	0.0	6.135525e-05
621.472	0.0	0.0	4.806068750000001e-05
621.682	0.0	0.0	2.7171875e-05
621.642	0.0	0.0	3.08094375e-05
621.682	0.0	0.0	2.7086312500000003e-05
621.812	0.0	0.0	1.1359000000000001e-05
622.022	0.0	0.0	-1.2950925000000002e-05
621.982	0.0	0.0	-8.29193125e-06
622.012	0.0	0.0	-1.226573125e-05
622.152	0.0	0.0	-2.2200925e-05
622.352	0.0	0.0	-3.737e-05
622.312	0.0	0.0	-3.45233125e-05
622.352	0.0	0.0	-3.7198875000000006e-05
622.482	0.0	0.0	-3.7989749999999997e-05
622.692	0.0	0.0	-3.897025000000001e-05
622.652	0.0	0.0	-3.8799125e-05
622.692	0.0	0.0	-3.89448125e-05
622.822	0.0	0.0	-3.2361125e-05
623.032	0.0	0.0	-2.218265625e-05
622.992	0.0	0.0	-2.41540625e-05
623.022	0.0	0.0	-2.25029375e-05
623.152	0.0	0.0	-1.4383518750000003e-05
623.362	0.0	0.0	-1.5081431250000003e-06
623.322	0.0	0.0	-3.8762125e-06
623.362	0.0	0.0	-1.5825362500000003e-06
623.492	0.0	0.0	3.77585e-06
623.702	0.0	0.0	1.2022687500000002e-05
623.662	0.0	0.0	1.045041875e-05
623.692	0.0	0.0	1.1788431250000001e-05
623.822	0.0	0.0	1.26655625e-05
624.032	0.0	0.0	1.3720756250000001e-05
623.992	0.0	0.0	1.3520956250000002e-05
624.032	0.0	0.0	1.3705956250000003e-05
624.162	0.0	0.0	1.1531975000000002e-05
624.372	0.0	0.0	8.055825000000002e-06
624.332	0.0	0.0	8.6686375e-06
624.372	0.0	0.0	8.05675e-06
624.502	0.0	0.0	5.597175e-06
624.712	0.0	0.0	1.791285625e-06
624.672	0.0	0.0	2.5287187500000005e-06
624.702	0.0	0.0	1.9122987500000002e-06
624.832	0.0	0.0	7.625931250000001e-07
625.042	0.0	0.0	-9.362156250000001e-07
625.002	0.0	0.0	-6.137606250000001e-07
625.042	0.0	0.0	-9.106856250000002e-07
625.172	0.0	0.0	-1.275575e-06
625.382	0.0	0.0	-1.8155206250000002e-06
625.342	0.0	0.0	-1.719875625e-06
625.382	0.0	0.0	-1.814665e-06
625.512	0.0	0.0	-2.0744281250000003e-06
625.722	0.0	0.0	-2.476225e-06
625.682	0.0	0.0	-2.3980625000000003e-06
625.712	0.0	0.0	-2.4628125e-06
625.842	0.0	0.0	-2.13540875e-06
626.052	0.0	0.0	-1.5712050000000002e-06
626.012	0.0	0.0	-1.6787593750000003e-06
626.052	0.0	0.0	-1.5804550000000002e-06
626.182	0.0	0.0	-9.053437499999999e-07
626.392	0.0	0.0	1.568453125e-07
626.352	0.0	0.0	-3.21738125e-08
626.392	0.0	0.0	1.537049375e-07
626.522	0.0	0.0	8.374950000000001e-07
626.732	0.0	0.0	1.8963193750000003e-06
626.692	0.0	0.0	1.6894662500000003e-06
626.722	0.0	0.0	1.8598050000000003e-06
626.852	0.0	0.0	3.0758562500000004e-06
627.062	0.0	0.0	5.0343125e-06
627.022	0.0	0.0	4.65945625e-06
627.062	0.0	0.0	4.9996250000000004e-06
627.192	0.0	0.0	5.795587500000001e-06
627.402	0.0	0.0	7.01311875e-06
627.362	0.0	0.0	6.7955125000000004e-06
627.402	0.0	0.0	7.007800000000001e-06
627.532	0.0	0.0	5.37425e-06
627.742	0.0	0.0	2.818475e-06
627.702	0.0	0.0	3.319825000000001e-06
627.732	0.0	0.0	2.91005e-06
627.862	0.0	0.0	-1.4934356250000001e-06
628.072	0.0	0.0	-8.67095e-06
628.032	0.0	0.0	-7.2913125e-06
628.072	0.0	0.0	-8.5335875e-06
628.202	0.0	0.0	-1.4096768750000001e-05
628.412	0.0	0.0	-2.2796393750000002e-05
628.372	0.0	0.0	-2.1234300000000004e-05
628.412	0.0	0.0	-2.27471375e-05
628.542	0.0	0.0	-2.5102187500000004e-05
628.752	0.0	0.0	-2.8709687500000006e-05
628.712	0.0	0.0	-2.799975e-05
628.742	0.0	0.0	-2.8575562500000005e-05
628.872	0.0	0.0	-2.4824687500000002e-05
629.082	0.0	0.0	-1.8341131250000003e-05
629.042	0.0	0.0	-1.959265625e-05
629.082	0.0	0.0	-1.84741e-05
629.212	0.0	0.0	-7.98945625e-06
629.422	0.0	0.0	8.6506e-06
629.382	0.0	0.0	5.6494375000000006e-06
629.422	0.0	0.0	8.53335625e-06
629.552	0.0	0.0	2.0667275e-05
629.762	0.0	0.0	3.950443750000001e-05
629.722	0.0	0.0	3.5779e-05
629.752	0.0	0.0	3.8778312500000005e-05
629.882	0.0	0.0	4.548918750000001e-05
630.092	0.0	0.0	5.5504625000000006e-05
630.052	0.0	0.0	5.356212500000001e-05
630.092	0.0	0.0	5.52849375e-05
630.222	0.0	0.0	5.106e-05
630.432	0.0	0.0	4.3900500000000004e-05
630.392	0.0	0.0	4.519781250000001e-05
630.432	0.0	0.0	4.396062500000001e-05
630.562	0.0	0.0	2.8966375000000003e-05
630.772	0.0	0.0	5.498662500000001e-06
630.732	0.0	0.0	1.0158118750000002e-05
630.762	0.0	0.0	6.434068750000001e-06
630.892	0.0	0.0	-1.1594875000000001e-05
631.102	0.0	0.0	-4.02745e-05
631.062	0.0	0.0	-3.4694437500000004e-05
631.102	0.0	0.0	-3.96085e-05
631.232	0.0	0.0	-5.199425e-05
631.442	0.0	0.0	-7.092668750000001e-05
631.402	0.0	0.0	-6.748337500000001e-05
631.442	0.0	0.0	-7.0744e-05
631.572	0.0	0.0	-6.92085e-05
631.782	0.0	0.0	-6.65005625e-05
631.742	0.0	0.0	-6.70416875e-05
631.772	0.0	0.0	-6.661156250000002e-05
631.902	0.0	0.0	-5.24845e-05
632.112	0.0	0.0	-2.8903937500000006e-05
632.072	0.0	0.0	-3.3512750000000005e-05
632.102	0.0	0.0	-2.9484375000000003e-05
632.242	0.0	0.0	-8.4420125e-06
632.452	0.0	0.0	2.4702125000000004e-05
632.412	0.0	0.0	1.864545625e-05
632.452	0.0	0.0	2.43344375e-05
632.582	0.0	0.0	4.034156250000001e-05
632.792	0.0	0.0	6.504137500000001e-05
632.752	0.0	0.0	6.009725e-05
632.782	0.0	0.0	6.39891875e-05
632.912	0.0	0.0	6.746256250000001e-05
633.122	0.0	0.0	7.155106250000001e-05
633.082	0.0	0.0	7.0748625e-05
633.112	0.0	0.0	7.14446875e-05
633.252	0.0	0.0	6.0758625000000006e-05
633.462	0.0	0.0	4.323450000000001e-05
633.422	0.0	0.0	4.645118750000001e-05
633.462	0.0	0.0	4.3451875e-05
633.592	0.0	0.0	2.5345000000000006e-05
633.802	0.0	0.0	-2.9856687500000004e-06
633.762	0.0	0.0	2.70585625e-06
633.792	0.0	0.0	-1.7431162500000002e-06
633.922	0.0	0.0	-1.685789375e-05
634.132	0.0	0.0	-4.03184375e-05
634.092	0.0	0.0	-3.5698062500000004e-05
634.122	0.0	0.0	-3.9680187499999996e-05
634.262	0.0	0.0	-4.5128437500000006e-05
634.472	0.0	0.0	-5.2958562500000006e-05
634.432	0.0	0.0	-5.1515562500000006e-05
634.472	0.0	0.0	-5.2849875e-05
634.602	0.0	0.0	-4.711950000000001e-05
634.812	0.0	0.0	-3.7851e-05
634.772	0.0	0.0	-3.97195e-05
634.802	0.0	0.0	-3.826956250000001e-05
634.932	0.0	0.0	-2.7491e-05
635.142	0.0	0.0	-9.923168750000001e-06
635.102	0.0	0.0	-1.33981625e-05
635.132	0.0	0.0	-1.04266e-05
635.272	0.0	0.0	-9.91114375e-07
635.482	0.0	0.0	1.3588018750000002e-05
635.442	0.0	0.0	1.0888868750000003e-05
635.482	0.0	0.0	1.336740625e-05
635.612	0.0	0.0	1.6270518750000002e-05
635.822	0.0	0.0	2.0539625e-05
635.782	0.0	0.0	1.9675212500000002e-05
635.812	0.0	0.0	2.0341212500000002e-05
635.942	0.0	0.0	1.7762543750000003e-05
636.152	0.0	0.0	1.3040418750000001e-05
636.112	0.0	0.0	1.3978137500000002e-05
636.142	0.0	0.0	1.3181943750000001e-05
636.282	0.0	0.0	9.1168e-06
636.492	0.0	0.0	2.6961437500000004e-06
636.452	0.0	0.0	3.88985625e-06
636.492	0.0	0.0	2.8018250000000005e-06
636.622	0.0	0.0	1.413376875e-06
636.832	0.0	0.0	-6.332550000000001e-07
636.792	0.0	0.0	-2.172801875e-07
636.822	0.0	0.0	-5.35366875e-07
636.952	0.0	0.0	-3.6909812500000007e-06
637.162	0.0	0.0	-8.90381875e-06
637.122	0.0	0.0	-7.86458125e-06
637.152	0.0	0.0	-8.740556250000001e-06
637.292	0.0	0.0	-1.284570625e-05
637.502	0.0	0.0	-1.9312381250000002e-05
637.462	0.0	0.0	-1.81064125e-05
637.502	0.0	0.0	-1.91993e-05
637.632	0.0	0.0	-1.939655625e-05
637.842	0.0	0.0	-1.95309125e-05
637.802	0.0	0.0	-1.950339375e-05
637.832	0.0	0.0	-1.952420625e-05
637.962	0.0	0.0	-1.3916856250000003e-05
638.172	0.0	0.0	-4.2813625e-06
638.132	0.0	0.0	-6.166512500000001e-06
638.162	0.0	0.0	-4.529956250000001e-06
638.302	0.0	0.0	5.6133625e-06
638.512	0.0	0.0	2.1641762500000004e-05
638.472	0.0	0.0	1.840079375e-05
638.502	0.0	0.0	2.0873318750000002e-05
638.632	0.0	0.0	2.9246187500000004e-05
638.842	0.0	0.0	4.2221625e-05
638.802	0.0	0.0	3.96108125e-05
638.832	0.0	0.0	4.178225e-05
638.972	0.0	0.0	4.27650625e-05
639.182	0.0	0.0	4.365768750000001e-05
639.142	0.0	0.0	4.348887500000001e-05
639.182	0.0	0.0	4.36391875e-05
639.312	0.0	0.0	3.4867875000000004e-05
639.522	0.0	0.0	2.0744975e-05
639.482	0.0	0.0	2.3645312500000003e-05
639.512	0.0	0.0	2.1469943750000004e-05
639.642	0.0	0.0	7.53158125e-06
639.852	0.0	0.0	-1.5154968750000003e-05
639.812	0.0	0.0	-1.058454375e-05
639.842	0.0	0.0	-1.4363168750000001e-05
639.982	0.0	0.0	-2.71556875e-05
640.192	0.0	0.0	-4.69784375e-05
640.152	0.0	0.0	-4.323450000000001e-05
640.192	0.0	0.0	-4.655525000000001e-05
640.322	0.0	0.0	-5.038475e-05
640.532	0.0	0.0	-5.58723125e-05
640.492	0.0	0.0	-5.47415e-05
640.522	0.0	0.0	-5.5583250000000004e-05
640.652	0.0	0.0	-4.905275e-05
640.862	0.0	0.0	-3.73145e-05
640.822	0.0	0.0	-3.9689437500000006e-05
640.852	0.0	0.0	-3.774000000000001e-05
640.992	0.0	0.0	-2.3268375000000004e-05
641.202	0.0	0.0	-7.71750625e-09
641.162	0.0	0.0	-4.41756875e-06
641.202	0.0	0.0	-5.353437500000001e-07
641.332	0.0	0.0	1.380631875e-05
641.542	0.0	0.0	3.610968750000001e-05
641.502	0.0	0.0	3.149625e-05
641.532	0.0	0.0	3.4907187500000006e-05
641.662	0.0	0.0	4.211293750000001e-05
641.872	0.0	0.0	5.24775625e-05
641.832	0.0	0.0	5.037318750000001e-05
641.862	0.0	0.0	5.208675000000001e-05
642.002	0.0	0.0	4.892787500000001e-05
642.212	0.0	0.0	4.3035625e-05
642.172	0.0	0.0	4.415718750000001e-05
642.202	0.0	0.0	4.3176687500000005e-05
642.342	0.0	0.0	3.18176875e-05
642.552	0.0	0.0	1.3657625000000001e-05
642.512	0.0	0.0	1.74283875e-05
642.542	0.0	0.0	1.4661250000000001e-05
642.672	0.0	0.0	1.85592e-06
642.882	0.0	0.0	-1.856960625e-05
642.842	0.0	0.0	-1.4406875e-05
642.872	0.0	0.0	-1.777503125e-05
643.012	0.0	0.0	-2.6448062500000003e-05
643.222	0.0	0.0	-3.95599375e-05
643.182	0.0	0.0	-3.70531875e-05
643.212	0.0	0.0	-3.922693750000001e-05
643.352	0.0	0.0	-3.9590000000000006e-05
643.562	0.0	0.0	-3.964087500000001e-05
643.522	0.0	0.0	-3.9631625000000004e-05
643.552	0.0	0.0	-3.9638562500000004e-05
643.682	0.0	0.0	-3.3101125e-05
643.892	0.0	0.0	-2.1751837500000003e-05
643.852	0.0	0.0	-2.4073125000000003e-05
643.882	0.0	0.0	-2.220855625e-05
644.022	0.0	0.0	-1.1800687500000003e-05
644.232	0.0	0.0	4.80560625e-06
644.192	0.0	0.0	1.61851875e-06
644.222	0.0	0.0	4.36299375e-06
644.362	0.0	0.0	1.31595125e-05
644.572	0.0	0.0	2.6751000000000005e-05
644.532	0.0	0.0	2.39089375e-05
644.562	0.0	0.0	2.5964750000000002e-05
644.692	0.0	0.0	2.9537562500000004e-05
644.902	0.0	0.0	3.4386875000000006e-05
644.862	0.0	0.0	3.339018750000001e-05
644.892	0.0	0.0	3.41856875e-05
645.032	0.0	0.0	3.11193125e-05
645.242	0.0	0.0	2.5652562500000003e-05
645.202	0.0	0.0	2.67070625e-05
645.232	0.0	0.0	2.5805187500000004e-05
645.372	0.0	0.0	1.7818275e-05
645.582	0.0	0.0	5.0396312500000005e-06
645.542	0.0	0.0	7.7223625e-06
645.572	0.0	0.0	5.79581875e-06
645.702	0.0	0.0	-2.831425e-06
645.912	0.0	0.0	-1.656328125e-05
645.872	0.0	0.0	-1.3732550000000001e-05
645.902	0.0	0.0	-1.5974518750000004e-05
646.042	0.0	0.0	-2.15400125e-05
646.252	0.0	0.0	-2.988675e-05
646.212	0.0	0.0	-2.8272625000000003e-05
646.242	0.0	0.0	-2.9643937500000002e-05
646.382	0.0	0.0	-2.9183750000000003e-05
646.592	0.0	0.0	-2.8032125000000004e-05
646.552	0.0	0.0	-2.8274937500000005e-05
646.582	0.0	0.0	-2.8101500000000002e-05
646.712	0.0	0.0	-2.26268875e-05
646.922	0.0	0.0	-1.3171075e-05
646.882	0.0	0.0	-1.5127681250000001e-05
646.912	0.0	0.0	-1.358894375e-05
647.052	0.0	0.0	-5.537975000000001e-06
647.262	0.0	0.0	7.298712500000001e-06
647.222	0.0	0.0	4.805143750000001e-06
647.252	0.0	0.0	6.9060500000000006e-06
647.392	0.0	0.0	1.3040187500000002e-05
647.602	0.0	0.0	2.2453681250000002e-05
647.562	0.0	0.0	2.046285e-05
647.592	0.0	0.0	2.18720875e-05
647.722	0.0	0.0	2.34834375e-05
647.932	0.0	0.0	2.5289500000000002e-05
647.892	0.0	0.0	2.49125625e-05
647.922	0.0	0.0	2.5206250000000003e-05
648.062	0.0	0.0	2.1849425000000003e-05
648.272	0.0	0.0	1.605083125e-05
648.232	0.0	0.0	1.7181643750000003e-05
648.262	0.0	0.0	1.6235831250000002e-05
648.402	0.0	0.0	1.018818125e-05
648.612	0.0	0.0	5.519937500000001e-07
648.572	0.0	0.0	2.5971687500000002e-06
648.602	0.0	0.0	1.1596493750000002e-06
648.732	0.0	0.0	-4.2846000000000004e-06
648.942	0.0	0.0	-1.2791131250000002e-05
648.902	0.0	0.0	-1.1017906250000002e-05
648.932	0.0	0.0	-1.2392687500000002e-05
649.072	0.0	0.0	-1.5229662500000002e-05
649.282	0.0	0.0	-1.935169375e-05
649.242	0.0	0.0	-1.8544631250000002e-05
649.272	0.0	0.0	-1.9214793750000002e-05
649.412	0.0	0.0	-1.843224375e-05
649.622	0.0	0.0	-1.69168625e-05
649.572	0.0	0.0	-1.7239456250000002e-05
649.612	0.0	0.0	-1.701421875e-05
649.742	0.0	0.0	-1.3257562500000002e-05
649.952	0.0	0.0	-6.80453125e-06
649.912	0.0	0.0	-8.154568750000001e-06
649.942	0.0	0.0	-7.115100000000001e-06
650.082	0.0	0.0	-1.00468875e-06
650.292	0.0	0.0	8.824500000000002e-06
650.252	0.0	0.0	6.892637500000001e-06
650.282	0.0	0.0	8.485256250000002e-06
650.422	0.0	0.0	1.443161875e-05
650.632	0.0	0.0	2.36961875e-05
650.582	0.0	0.0	2.171506875e-05
650.622	0.0	0.0	2.308730625e-05
650.752	0.0	0.0	2.5772812500000003e-05
650.962	0.0	0.0	2.9447375000000004e-05
650.922	0.0	0.0	2.86773125e-05
650.952	0.0	0.0	2.9267000000000006e-05
651.092	0.0	0.0	2.5904625e-05
651.302	0.0	0.0	1.9884493750000004e-05
651.262	0.0	0.0	2.1072425000000003e-05
651.292	0.0	0.0	2.010001875e-05
651.432	0.0	0.0	1.0875225000000002e-05
651.642	0.0	0.0	-4.04710625e-06
651.592	0.0	0.0	-8.459125e-07
651.632	0.0	0.0	-3.0485687500000003e-06
651.762	0.0	0.0	-1.3762381250000003e-05
651.972	0.0	0.0	-3.09875e-05
651.932	0.0	0.0	-2.7356875e-05
651.962	0.0	0.0	-3.0113375000000004e-05
652.102	0.0	0.0	-3.6958375e-05
652.312	0.0	0.0	-4.713106250000001e-05
652.272	0.0	0.0	-4.5116875e-05
652.302	0.0	0.0	-4.675643750000001e-05
652.442	0.0	0.0	-4.4423125e-05
652.652	0.0	0.0	-3.9929937500000005e-05
652.602	0.0	0.0	-4.09035e-05
652.642	0.0	0.0	-4.02444375e-05
652.772	0.0	0.0	-2.9493625000000003e-05
652.982	0.0	0.0	-1.0861581250000002e-05
652.942	0.0	0.0	-1.4719293750000003e-05
652.972	0.0	0.0	-1.17044875e-05
653.112	0.0	0.0	3.7816312500000004e-06
653.322	0.0	0.0	2.8409062500000003e-05
653.272	0.0	0.0	2.3152750000000003e-05
653.312	0.0	0.0	2.6760250000000005e-05
653.442	0.0	0.0	3.8336624999999997e-05
653.652	0.0	0.0	5.5957875e-05
653.612	0.0	0.0	5.2213937500000004e-05
653.642	0.0	0.0	5.5019e-05
653.782	0.0	0.0	5.6452750000000006e-05
653.992	0.0	0.0	5.729681250000001e-05
653.952	0.0	0.0	5.7128000000000006e-05
653.982	0.0	0.0	5.72644375e-05
654.122	0.0	0.0	4.67286875e-05
654.332	0.0	0.0	2.9105125000000005e-05
654.282	0.0	0.0	3.2923062500000004e-05
654.322	0.0	0.0	3.0344625000000003e-05
654.452	0.0	0.0	1.3896737500000001e-05
654.662	0.0	0.0	-1.3262418750000002e-05
654.612	0.0	0.0	-7.483250000000001e-06
654.652	0.0	0.0	-1.1789818750000001e-05
654.792	0.0	0.0	-2.68180625e-05
655.002	0.0	0.0	-5.00679375e-05
654.962	0.0	0.0	-4.541518750000001e-05
654.992	0.0	0.0	-4.91244375e-05
655.132	0.0	0.0	-5.417725000000001e-05
655.342	0.0	0.0	-6.104306250000001e-05
655.292	0.0	0.0	-5.955150000000001e-05
655.322	0.0	0.0	-6.0552812500000005e-05
655.462	0.0	0.0	-5.432293750000001e-05
655.672	0.0	0.0	-4.228868750000001e-05
655.622	0.0	0.0	-4.485787500000001e-05
655.662	0.0	0.0	-4.295700000000001e-05
655.802	0.0	0.0	-2.8235625000000003e-05
656.012	0.0	0.0	-4.065837500000001e-06
655.972	0.0	0.0	-8.92093125e-06
656.002	0.0	0.0	-5.0773250000000006e-06
656.142	0.0	0.0	9.653762500000001e-06
656.352	0.0	0.0	3.2652500000000006e-05
656.302	0.0	0.0	2.76366875e-05
656.332	0.0	0.0	3.09759375e-05
656.472	0.0	0.0	3.8609500000000004e-05
656.682	0.0	0.0	4.9307125e-05
656.632	0.0	0.0	4.70154375e-05
656.672	0.0	0.0	4.869893750000001e-05
656.802	0.0	0.0	4.627081250000001e-05
657.022	0.0	0.0	4.10353125e-05
656.982	0.0	0.0	4.2092125e-05
657.012	0.0	0.0	4.1261937500000005e-05
657.152	0.0	0.0	3.123725e-05
657.362	0.0	0.0	1.4768318750000002e-05
657.312	0.0	0.0	1.8371425000000003e-05
657.342	0.0	0.0	1.598931875e-05
657.482	0.0	0.0	4.934412500000001e-06
657.692	0.0	0.0	-1.2768468750000001e-05
657.642	0.0	0.0	-8.961168750000001e-06
657.682	0.0	0.0	-1.1739637500000001e-05
657.812	0.0	0.0	-1.8827218750000005e-05
658.032	0.0	0.0	-2.9301687500000004e-05
657.992	0.0	0.0	-2.7181125e-05
658.022	0.0	0.0	-2.88345625e-05
658.162	0.0	0.0	-2.9042687499999998e-05
658.372	0.0	0.0	-2.86079375e-05
658.322	0.0	0.0	-2.8705062499999998e-05
658.352	0.0	0.0	-2.8642624999999998e-05
658.492	0.0	0.0	-2.3964437500000006e-05
658.702	0.0	0.0	-1.5580931250000002e-05
658.652	0.0	0.0	-1.7390231250000002e-05
658.692	0.0	0.0	-1.6078812500000004e-05
658.822	0.0	0.0	-9.406556250000003e-06
659.042	0.0	0.0	1.294236875e-06
659.002	0.0	0.0	-8.797675000000001e-07
659.032	0.0	0.0	8.050506250000001e-07
659.172	0.0	0.0	6.0335437500000004e-06
659.382	0.0	0.0	1.4039881250000001e-05
659.332	0.0	0.0	1.22761375e-05
659.362	0.0	0.0	1.34259125e-05
659.502	0.0	0.0	1.580385625e-05
659.712	0.0	0.0	1.8996725e-05
659.662	0.0	0.0	1.83052875e-05
659.702	0.0	0.0	1.8802937500000002e-05
659.832	0.0	0.0	1.7803474999999998e-05
660.052	0.0	0.0	1.573031875e-05
660.012	0.0	0.0	1.6153043750000004e-05
660.042	0.0	0.0	1.5827675e-05
660.182	0.0	0.0	1.1609906250000001e-05
660.392	0.0	0.0	4.631475e-06
660.342	0.0	0.0	6.17414375e-06
660.372	0.0	0.0	5.1756062500000005e-06
660.512	0.0	0.0	-6.494193750000002e-07
660.722	0.0	0.0	-1.02337375e-05
660.672	0.0	0.0	-8.150868750000001e-06
660.712	0.0	0.0	-9.6398875e-06
660.842	0.0	0.0	-1.48032375e-05
661.062	0.0	0.0	-2.276425e-05
661.022	0.0	0.0	-2.11348625e-05
661.052	0.0	0.0	-2.2379912500000003e-05
661.192	0.0	0.0	-2.3569e-05
661.402	0.0	0.0	-2.4933375000000002e-05
661.352	0.0	0.0	-2.4630437500000003e-05
661.382	0.0	0.0	-2.4824687500000002e-05
661.522	0.0	0.0	-2.1157987500000002e-05
661.732	0.0	0.0	-1.428824375e-05
661.682	0.0	0.0	-1.578628125e-05
661.722	0.0	0.0	-1.47227625e-05
661.852	0.0	0.0	-7.070931250000001e-06
662.072	0.0	0.0	5.535662500000001e-06
662.032	0.0	0.0	2.946125e-06
662.062	0.0	0.0	4.911056250000001e-06
662.202	0.0	0.0	1.2428531250000002e-05
662.412	0.0	0.0	2.4163312500000004e-05
662.362	0.0	0.0	2.1551575000000004e-05
662.392	0.0	0.0	2.3217500000000003e-05
662.532	0.0	0.0	2.6693187500000003e-05
662.742	0.0	0.0	3.1306625e-05
662.692	0.0	0.0	3.0298375000000003e-05
662.732	0.0	0.0	3.1010625000000006e-05
662.862	0.0	0.0	2.8295750000000008e-05
663.082	0.0	0.0	2.3023943750000003e-05
663.042	0.0	0.0	2.4110125000000003e-05
663.072	0.0	0.0	2.3291500000000002e-05
663.212	0.0	0.0	1.5638281250000003e-05
663.422	0.0	0.0	3.03238125e-06
663.372	0.0	0.0	5.846925000000001e-06
663.402	0.0	0.0	4.062600000000001e-06
663.542	0.0	0.0	-4.273268750000001e-06
663.752	0.0	0.0	-1.7640212500000002e-05
663.702	0.0	0.0	-1.4705187500000004e-05
663.742	0.0	0.0	-1.6760537500000002e-05
663.872	0.0	0.0	-2.19581125e-05
664.092	0.0	0.0	-2.9539875e-05
664.052	0.0	0.0	-2.79696875e-05
664.082	0.0	0.0	-2.9144437500000004e-05
664.222	0.0	0.0	-2.83766875e-05
664.432	0.0	0.0	-2.6385625000000002e-05
664.382	0.0	0.0	-2.6831937500000002e-05
664.412	0.0	0.0	-2.6549812500000002e-05
664.552	0.0	0.0	-2.102039375e-05
664.762	0.0	0.0	-1.1177237500000001e-05
664.712	0.0	0.0	-1.33459e-05
664.752	0.0	0.0	-1.183745625e-05
664.882	0.0	0.0	-4.018662500000001e-06
665.102	0.0	0.0	8.583075e-06
665.052	0.0	0.0	5.9660187500000015e-06
665.092	0.0	0.0	7.9106e-06
665.232	0.0	0.0	1.3777875e-05
665.442	0.0	0.0	2.2690250000000002e-05
665.392	0.0	0.0	2.068739375e-05
665.422	0.0	0.0	2.19396125e-05
665.562	0.0	0.0	2.34834375e-05
665.772	0.0	0.0	2.4940312500000003e-05
665.722	0.0	0.0	2.4618875000000004e-05
665.762	0.0	0.0	2.4840875e-05
665.892	0.0	0.0	2.1494687500000005e-05
666.112	0.0	0.0	1.5411656250000002e-05
666.062	0.0	0.0	1.66796e-05
666.102	0.0	0.0	1.57439625e-05
666.232	0.0	0.0	9.45743125e-06
666.452	0.0	0.0	-7.8472375e-07
666.402	0.0	0.0	1.5246312500000003e-06
666.432	0.0	0.0	9.07448125e-08
666.572	0.0	0.0	-5.881612500000001e-06
666.782	0.0	0.0	-1.528354375e-05
666.732	0.0	0.0	-1.319813125e-05
666.772	0.0	0.0	-1.4628875e-05
666.902	0.0	0.0	-1.7797693750000002e-05
667.122	0.0	0.0	-2.224694375e-05
667.072	0.0	0.0	-2.1317318750000003e-05
667.112	0.0	0.0	-2.199950625e-05
667.242	0.0	0.0	-2.077365e-05
667.462	0.0	0.0	-1.8234525e-05
667.412	0.0	0.0	-1.8812187500000002e-05
667.442	0.0	0.0	-1.845953125e-05
667.582	0.0	0.0	-1.3913618750000001e-05
667.792	0.0	0.0	-5.8883187500000005e-06
667.742	0.0	0.0	-7.6391125e-06
667.782	0.0	0.0	-6.403081250000001e-06
667.912	0.0	0.0	-3.136675e-07
668.132	0.0	0.0	9.424362500000002e-06
668.082	0.0	0.0	7.239743750000001e-06
668.112	0.0	0.0	8.59301875e-06
668.252	0.0	0.0	1.3050593750000003e-05
668.462	0.0	0.0	1.974666875e-05
668.412	0.0	0.0	1.8249787500000002e-05
668.442	0.0	0.0	1.9263587500000002e-05
668.582	0.0	0.0	2.005284375e-05
668.802	0.0	0.0	2.05974375e-05
668.752	0.0	0.0	2.0482737500000002e-05
668.792	0.0	0.0	2.056575625e-05
668.922	0.0	0.0	1.7173781250000002e-05
669.142	0.0	0.0	1.124406875e-05
669.092	0.0	0.0	1.2592718750000002e-05
669.122	0.0	0.0	1.1770625e-05
669.262	0.0	0.0	6.274968750000001e-06
669.472	0.0	0.0	-2.9579187500000006e-06
669.422	0.0	0.0	-8.917000000000001e-07
669.452	0.0	0.0	-2.2839406250000006e-06
669.592	0.0	0.0	-7.453187500000001e-06
669.812	0.0	0.0	-1.54636875e-05
669.762	0.0	0.0	-1.3772325000000002e-05
669.802	0.0	0.0	-1.498893125e-05
669.932	0.0	0.0	-1.6995256250000002e-05
670.152	0.0	0.0	-1.9655093750000002e-05
670.102	0.0	0.0	-1.9048293750000003e-05
670.132	0.0	0.0	-1.941575e-05
670.272	0.0	0.0	-1.775930625e-05
670.482	0.0	0.0	-1.42269625e-05
670.432	0.0	0.0	-1.5019918750000003e-05
670.462	0.0	0.0	-1.4489200000000002e-05
670.602	0.0	0.0	-1.001983125e-05
670.822	0.0	0.0	-2.5035125000000007e-06
670.772	0.0	0.0	-4.096131250000001e-06
670.812	0.0	0.0	-2.9583812500000003e-06
670.942	0.0	0.0	1.6655087500000002e-06
671.162	0.0	0.0	8.923706250000001e-06
671.112	0.0	0.0	7.2624062500000006e-06
671.142	0.0	0.0	8.26140625e-06
671.282	0.0	0.0	1.0800068750000001e-05
671.492	0.0	0.0	1.4305125000000003e-05
671.442	0.0	0.0	1.3515637500000002e-05
671.472	0.0	0.0	1.4040575e-05
671.612	0.0	0.0	1.3585475e-05
671.832	0.0	0.0	1.2296256250000002e-05
671.782	0.0	0.0	1.257051875e-05
671.822	0.0	0.0	1.2376037500000002e-05
671.952	0.0	0.0	9.6408125e-06
672.172	0.0	0.0	5.005406250000001e-06
672.122	0.0	0.0	6.069850000000001e-06
672.152	0.0	0.0	5.434143750000001e-06
672.282	0.0	0.0	2.24502125e-06
672.502	0.0	0.0	-2.9260062500000005e-06
672.452	0.0	0.0	-1.7574075000000002e-06
672.482	0.0	0.0	-2.52918125e-06
672.622	0.0	0.0	-4.9196125e-06
672.842	0.0	0.0	-8.50005625e-06
672.792	0.0	0.0	-7.73600625e-06
672.832	0.0	0.0	-8.274356250000002e-06
672.962	0.0	0.0	-9.027306250000001e-06
673.182	0.0	0.0	-9.949993750000001e-06
673.132	0.0	0.0	-9.737475000000001e-06
673.162	0.0	0.0	-9.863506250000002e-06
673.292	0.0	0.0	-8.967875000000003e-06
673.512	0.0	0.0	-7.123193750000001e-06
673.462	0.0	0.0	-7.541293750000001e-06
673.492	0.0	0.0	-7.26703125e-06
673.632	0.0	0.0	-4.63401875e-06
673.852	0.0	0.0	-1.51760125e-07
673.802	0.0	0.0	-1.1113643750000001e-06
673.842	0.0	0.0	-4.3976812500000005e-07
673.972	0.0	0.0	3.08695625e-06
674.192	0.0	0.0	8.769693750000001e-06
674.142	0.0	0.0	7.456425e-06
674.172	0.0	0.0	8.229956250000001e-06
674.302	0.0	0.0	1.0978593750000001e-05
674.522	0.0	0.0	1.5139706250000002e-05
674.472	0.0	0.0	1.4193200000000002e-05
674.502	0.0	0.0	1.4809712500000002e-05
674.642	0.0	0.0	1.497181875e-05
674.862	0.0	0.0	1.466865e-05
674.812	0.0	0.0	1.4733862500000004e-05
674.852	0.0	0.0	1.46885375e-05
674.982	0.0	0.0	1.13775e-05
675.202	0.0	0.0	5.587693750000001e-06
675.152	0.0	0.0	6.92986875e-06
675.182	0.0	0.0	6.144775000000002e-06
675.312	0.0	0.0	8.4614375e-07
675.532	0.0	0.0	-8.10970625e-06
675.482	0.0	0.0	-6.065918750000001e-06
675.512	0.0	0.0	-7.388437500000002e-06
675.652	0.0	0.0	-1.2342737500000002e-05
675.872	0.0	0.0	-2.0005437500000003e-05
675.822	0.0	0.0	-1.835361875e-05
675.862	0.0	0.0	-1.94939125e-05
675.992	0.0	0.0	-2.0925812500000003e-05
676.212	0.0	0.0	-2.2549418750000004e-05
676.162	0.0	0.0	-2.2171787500000003e-05
676.192	0.0	0.0	-2.2391243750000005e-05
676.322	0.0	0.0	-1.95101e-05
676.542	0.0	0.0	-1.3753593750000001e-05
676.492	0.0	0.0	-1.5071487499999999e-05
676.522	0.0	0.0	-1.422441875e-05
676.662	0.0	0.0	-7.840068750000001e-06
676.882	0.0	0.0	2.8920125000000005e-06
676.832	0.0	0.0	5.708175000000001e-07
676.872	0.0	0.0	2.162465e-06
677.002	0.0	0.0	8.5474625e-06
677.222	0.0	0.0	1.8548331250000004e-05
677.172	0.0	0.0	1.621548125e-05
677.202	0.0	0.0	1.75615875e-05
677.332	0.0	0.0	2.071468125e-05
677.552	0.0	0.0	2.4829312500000007e-05
677.502	0.0	0.0	2.38835e-05
677.532	0.0	0.0	2.4487062500000002e-05
677.672	0.0	0.0	2.2728406250000003e-05
677.892	0.0	0.0	1.890630625e-05
677.842	0.0	0.0	1.97358e-05
677.872	0.0	0.0	1.9170856250000002e-05
678.012	0.0	0.0	1.351031875e-05
678.232	0.0	0.0	3.94304375e-06
678.182	0.0	0.0	6.1815437500000005e-06
678.212	0.0	0.0	4.89856875e-06
678.342	0.0	0.0	-1.3720062500000002e-06
678.562	0.0	0.0	-1.1493818750000001e-05
678.512	0.0	0.0	-9.16189375e-06
678.542	0.0	0.0	-1.064096875e-05
678.682	0.0	0.0	-1.4678825000000001e-05
678.902	0.0	0.0	-2.0489675000000003e-05
678.852	0.0	0.0	-1.922450625e-05
678.882	0.0	0.0	-2.0080362500000003e-05
679.022	0.0	0.0	-1.988125625e-05
679.242	0.0	0.0	-1.8799700000000002e-05
679.192	0.0	0.0	-1.9053381250000003e-05
679.222	0.0	0.0	-1.8909081250000002e-05
679.352	0.0	0.0	-1.535245625e-05
679.572	0.0	0.0	-8.7694625e-06
679.522	0.0	0.0	-1.02910875e-05
679.552	0.0	0.0	-9.332325000000002e-06
679.692	0.0	0.0	-4.097750000000001e-06
679.912	0.0	0.0	4.448325e-06
679.862	0.0	0.0	2.5812125000000004e-06
679.892	0.0	0.0	3.835743750000001e-06
680.032	0.0	0.0	8.001481250000002e-06
680.252	0.0	0.0	1.43342625e-05
680.202	0.0	0.0	1.2843393750000003e-05
680.232	0.0	0.0	1.3686531250000002e-05
680.362	0.0	0.0	1.519613125e-05
680.582	0.0	0.0	1.6846562500000003e-05
680.532	0.0	0.0	1.646384375e-05
680.562	0.0	0.0	1.6703418750000003e-05
680.702	0.0	0.0	1.4960487500000001e-05
680.922	0.0	0.0	1.150168125e-05
680.872	0.0	0.0	1.2259025e-05
680.902	0.0	0.0	1.1752818750000002e-05
681.042	0.0	0.0	7.601418750000002e-06
681.262	0.0	0.0	6.366775e-07
681.212	0.0	0.0	2.289906875e-06
681.242	0.0	0.0	1.3704800000000001e-06
681.372	0.0	0.0	-3.182e-06
681.592	0.0	0.0	-1.0545231249999999e-05
681.542	0.0	0.0	-8.86496875e-06
681.572	0.0	0.0	-9.946756250000001e-06
681.712	0.0	0.0	-1.2951618750000001e-05
681.932	0.0	0.0	-1.7307906250000003e-05
681.882	0.0	0.0	-1.6287400000000003e-05
681.912	0.0	0.0	-1.686298125e-05
682.042	0.0	0.0	-1.678805625e-05
682.262	0.0	0.0	-1.57911375e-05
682.212	0.0	0.0	-1.6024006250000003e-05
682.242	0.0	0.0	-1.588016875e-05
682.382	0.0	0.0	-1.2418125000000002e-05
682.602	0.0	0.0	-6.20096875e-06
682.552	0.0	0.0	-7.571125000000001e-06
682.582	0.0	0.0	-6.667168750000001e-06
682.722	0.0	0.0	-1.5371187500000001e-06
682.942	0.0	0.0	6.833437500000001e-06
682.892	0.0	0.0	4.8469999999999995e-06
682.922	0.0	0.0	5.950062500000001e-06
683.052	0.0	0.0	1.0066775e-05
683.272	0.0	0.0	1.63035875e-05
683.222	0.0	0.0	1.4845556250000003e-05
683.252	0.0	0.0	1.57421125e-05
683.392	0.0	0.0	1.6814650000000003e-05
683.612	0.0	0.0	1.7758843749999998e-05
683.562	0.0	0.0	1.7550025e-05
683.592	0.0	0.0	1.7686925000000003e-05
683.732	0.0	0.0	1.5108487500000002e-05
683.952	0.0	0.0	1.0339418750000001e-05
683.902	0.0	0.0	1.1474625000000002e-05
683.932	0.0	0.0	1.08484e-05
684.062	0.0	0.0	6.412793750000001e-06
684.282	0.0	0.0	-1.1823350000000002e-06
684.232	0.0	0.0	5.986368750000001e-07
684.262	0.0	0.0	-4.89255625e-07
684.402	0.0	0.0	-4.65806875e-06
684.622	0.0	0.0	-1.1095143750000001e-05
684.572	0.0	0.0	-9.66694375e-06
684.602	0.0	0.0	-1.0596568750000002e-05
684.742	0.0	0.0	-1.2237750000000002e-05
684.962	0.0	0.0	-1.4299112500000003e-05
684.912	0.0	0.0	-1.38070125e-05
684.942	0.0	0.0	-1.4076650000000002e-05
685.072	0.0	0.0	-1.2978212500000001e-05
685.292	0.0	0.0	-1.0416425e-05
685.242	0.0	0.0	-1.10190625e-05
685.272	0.0	0.0	-1.0653225000000002e-05
685.412	0.0	0.0	-7.63656875e-06
685.632	0.0	0.0	-2.4748375000000005e-06
685.582	0.0	0.0	-3.6236875000000005e-06
685.612	0.0	0.0	-2.8806812500000006e-06
685.752	0.0	0.0	2.4533312500000005e-07
685.972	0.0	0.0	5.16589375e-06
685.922	0.0	0.0	3.987675e-06
685.952	0.0	0.0	4.6287e-06
686.082	0.0	0.0	6.631787500000001e-06
686.302	0.0	0.0	9.4826375e-06
686.252	0.0	0.0	8.80993125e-06
686.282	0.0	0.0	9.21554375e-06
686.422	0.0	0.0	9.55918125e-06
686.642	0.0	0.0	9.701631250000001e-06
686.592	0.0	0.0	9.66971875e-06
686.622	0.0	0.0	9.690300000000001e-06
686.762	0.0	0.0	8.157112500000001e-06
686.982	0.0	0.0	5.3562125e-06
686.932	0.0	0.0	6.028918750000001e-06
686.962	0.0	0.0	5.66539375e-06
687.092	0.0	0.0	2.6894375e-06
687.312	0.0	0.0	-2.5120687500000004e-06
687.262	0.0	0.0	-1.281101875e-06
687.292	0.0	0.0	-2.0182343750000003e-06
687.432	0.0	0.0	-5.615906250000001e-06
687.652	0.0	0.0	-1.1409875e-05
687.602	0.0	0.0	-1.01121e-05
687.632	0.0	0.0	-1.0940206250000001e-05
687.772	0.0	0.0	-1.3095687500000001e-05
687.992	0.0	0.0	-1.6160675e-05
687.942	0.0	0.0	-1.5422525000000002e-05
687.972	0.0	0.0	-1.58188875e-05
688.102	0.0	0.0	-1.5089756250000003e-05
688.322	0.0	0.0	-1.2994862500000002e-05
688.272	0.0	0.0	-1.349205e-05
688.302	0.0	0.0	-1.3196281250000001e-05
688.442	0.0	0.0	-9.047887500000001e-06
688.662	0.0	0.0	-1.6604674999999999e-06
688.612	0.0	0.0	-3.3205187500000003e-06
688.642	0.0	0.0	-2.26842375e-06
688.782	0.0	0.0	3.42319375e-06
689.002	0.0	0.0	1.269215625e-05
688.952	0.0	0.0	1.04529625e-05
688.982	0.0	0.0	1.16471375e-05
689.112	0.0	0.0	1.586768125e-05
689.332	0.0	0.0	2.209524375e-05
689.282	0.0	0.0	2.061246875e-05
689.312	0.0	0.0	2.1488906250000002e-05
689.452	0.0	0.0	2.1747906250000004e-05
689.672	0.0	0.0	2.109624375e-05
689.622	0.0	0.0	2.1243087500000006e-05
689.652	0.0	0.0	2.1150587500000003e-05
689.792	0.0	0.0	1.677233125e-05
690.012	0.0	0.0	8.8684375e-06
689.962	0.0	0.0	1.078341875e-05
689.982	0.0	0.0	9.768925e-06
690.122	0.0	0.0	3.1308937500000004e-06
690.342	0.0	0.0	-8.15271875e-06
690.292	0.0	0.0	-5.45819375e-06
690.322	0.0	0.0	-7.040406250000001e-06
690.462	0.0	0.0	-1.2961331250000003e-05
690.682	0.0	0.0	-2.200945e-05
690.632	0.0	0.0	-1.996311875e-05
690.662	0.0	0.0	-2.1242856250000005e-05
690.802	0.0	0.0	-2.3001975000000003e-05
691.022	0.0	0.0	-2.48200625e-05
690.972	0.0	0.0	-2.4378375000000005e-05
690.992	0.0	0.0	-2.4611937500000003e-05
691.132	0.0	0.0	-2.1714606250000003e-05
691.352	0.0	0.0	-1.5588793750000004e-05
691.302	0.0	0.0	-1.7056075000000003e-05
691.332	0.0	0.0	-1.620021875e-05
691.472	0.0	0.0	-9.802224999999999e-06
691.692	0.0	0.0	1.1148793750000002e-06
691.642	0.0	0.0	-1.361854375e-06
691.672	0.0	0.0	1.7680218750000002e-07
691.812	0.0	0.0	6.4696812500000005e-06
692.032	0.0	0.0	1.6310293750000003e-05
691.982	0.0	0.0	1.3912000000000002e-05
692.002	0.0	0.0	1.5165375e-05
692.142	0.0	0.0	1.8338356250000002e-05
692.362	0.0	0.0	2.2349156250000005e-05
692.312	0.0	0.0	2.1385768750000004e-05
692.342	0.0	0.0	2.194400625e-05
692.482	0.0	0.0	2.06205625e-05
692.702	0.0	0.0	1.7350918750000003e-05
692.652	0.0	0.0	1.809508125e-05
692.682	0.0	0.0	1.763581875e-05
692.822	0.0	0.0	1.2889412500000002e-05
693.042	0.0	0.0	4.6687062499999995e-06
692.992	0.0	0.0	6.677806250000001e-06
693.012	0.0	0.0	5.63486875e-06
693.152	0.0	0.0	4.06699375e-07
693.372	0.0	0.0	-8.045187500000001e-06
693.322	0.0	0.0	-6.00903125e-06
693.352	0.0	0.0	-7.18146875e-06
693.492	0.0	0.0	-1.04895e-05
693.712	0.0	0.0	-1.5125368750000002e-05
693.662	0.0	0.0	-1.4066937500000002e-05
693.692	0.0	0.0	-1.4715825e-05
693.832	0.0	0.0	-1.4625406250000003e-05
694.052	0.0	0.0	-1.3701793750000001e-05
694.002	0.0	0.0	-1.39281875e-05
694.022	0.0	0.0	-1.3811406250000002e-05
694.162	0.0	0.0	-1.1281762500000002e-05
694.382	0.0	0.0	-6.4689875e-06
694.332	0.0	0.0	-7.631712500000001e-06
694.362	0.0	0.0	-6.966637500000001e-06
694.502	0.0	0.0	-3.6098125000000006e-06
694.722	0.0	0.0	1.827314375e-06
694.672	0.0	0.0	5.822181250000001e-07
694.702	0.0	0.0	1.340486875e-06
694.842	0.0	0.0	3.5062125e-06
695.062	0.0	0.0	6.616293750000001e-06
695.012	0.0	0.0	5.852012500000001e-06
695.032	0.0	0.0	6.24351875e-06
695.172	0.0	0.0	6.6384937500000005e-06
695.392	0.0	0.0	6.682893750000001e-06
695.342	0.0	0.0	6.67225625e-06
695.372	0.0	0.0	6.6782687500000004e-06
695.512	0.0	0.0	5.75789375e-06
695.732	0.0	0.0	3.9941500000000005e-06
695.682	0.0	0.0	4.39906875e-06
695.712	0.0	0.0	4.153712500000001e-06
695.852	0.0	0.0	2.7935000000000004e-06
696.072	0.0	0.0	5.650131250000001e-07
696.022	0.0	0.0	1.1170531250000002e-06
696.042	0.0	0.0	8.388825000000001e-07
696.182	0.0	0.0	-7.6289375e-07
696.402	0.0	0.0	-3.4296687500000007e-06
696.352	0.0	0.0	-2.7930375000000003e-06
696.382	0.0	0.0	-3.1651187500000005e-06
696.522	0.0	0.0	-4.887700000000001e-06
696.742	0.0	0.0	-7.631018750000002e-06
696.692	0.0	0.0	-6.9599312500000006e-06
696.712	0.0	0.0	-7.302875e-06
696.852	0.0	0.0	-8.095831250000002e-06
697.072	0.0	0.0	-9.024300000000003e-06
697.022	0.0	0.0	-8.797675e-06
697.052	0.0	0.0	-8.924862500000002e-06
697.192	0.0	0.0	-7.6025750000000015e-06
697.412	0.0	0.0	-4.8779875000000005e-06
697.362	0.0	0.0	-5.506987500000001e-06
697.392	0.0	0.0	-5.13074375e-06
697.532	0.0	0.0	-1.6832918750000003e-06
697.752	0.0	0.0	4.276275000000001e-06
697.702	0.0	0.0	2.8004375000000004e-06
697.722	0.0	0.0	3.54298125e-06
697.862	0.0	0.0	7.407862500000001e-06
698.082	0.0	0.0	1.3699250000000001e-05
698.032	0.0	0.0	1.216305625e-05
698.062	0.0	0.0	1.302099375e-05
698.202	0.0	0.0	1.5126525000000002e-05
698.422	0.0	0.0	1.7867299999999997e-05
698.372	0.0	0.0	1.723275e-05
698.402	0.0	0.0	1.7609918750000002e-05
698.542	0.0	0.0	1.60547625e-05
698.762	0.0	0.0	1.2664637500000003e-05
698.702	0.0	0.0	1.3506618750000002e-05
698.732	0.0	0.0	1.308574375e-05
698.872	0.0	0.0	8.466525000000001e-06
699.092	0.0	0.0	9.003256250000001e-09
699.042	0.0	0.0	2.08027875e-06
699.072	0.0	0.0	9.309893750000001e-07
699.212	0.0	0.0	-4.9654e-06
699.432	0.0	0.0	-1.4543775000000001e-05
699.382	0.0	0.0	-1.2318918750000001e-05
699.412	0.0	0.0	-1.3632881250000002e-05
699.552	0.0	0.0	-1.73479125e-05
699.772	0.0	0.0	-2.2606075000000005e-05
699.712	0.0	0.0	-2.129650625e-05
699.742	0.0	0.0	-2.194678125e-05
699.882	0.0	0.0	-2.16019875e-05
700.102	0.0	0.0	-1.9573e-05
700.052	0.0	0.0	-2.007134375e-05
700.082	0.0	0.0	-1.9796618750000002e-05
700.222	0.0	0.0	-1.5122593750000001e-05
700.442	0.0	0.0	-6.530500000000001e-06
700.392	0.0	0.0	-8.53243125e-06
700.422	0.0	0.0	-7.3579125e-06
700.562	0.0	0.0	-9.064075000000002e-07
700.782	0.0	0.0	9.6685625e-06
700.722	0.0	0.0	7.027687500000001e-06
700.752	0.0	0.0	8.330087500000001e-06
700.892	0.0	0.0	1.316066875e-05
701.112	0.0	0.0	2.023553125e-05
701.062	0.0	0.0	1.8493062500000005e-05
701.092	0.0	0.0	1.944743125e-05
701.232	0.0	0.0	2.0353931250000002e-05
701.452	0.0	0.0	2.05831e-05
701.402	0.0	0.0	2.0529450000000004e-05
701.432	0.0	0.0	2.056066875e-05
701.572	0.0	0.0	1.723344375e-05
701.792	0.0	0.0	1.0918468750000002e-05
701.732	0.0	0.0	1.249975625e-05
701.762	0.0	0.0	1.172506875e-05
701.902	0.0	0.0	6.5143125000000005e-06
702.122	0.0	0.0	-2.4332125000000003e-06
702.072	0.0	0.0	-2.2330193749999998e-07
702.102	0.0	0.0	-1.4259337500000002e-06
702.242	0.0	0.0	-6.032850000000001e-06
702.462	0.0	0.0	-1.3019606250000002e-05
702.412	0.0	0.0	-1.1382125e-05
702.442	0.0	0.0	-1.2330250000000001e-05
702.582	0.0	0.0	-1.3961950000000001e-05
702.802	0.0	0.0	-1.57435e-05
702.742	0.0	0.0	-1.529603125e-05
702.772	0.0	0.0	-1.551386875e-05
702.912	0.0	0.0	-1.413700625e-05
703.132	0.0	0.0	-1.0864356250000003e-05
703.082	0.0	0.0	-1.1674887500000003e-05
703.102	0.0	0.0	-1.1236668750000002e-05
703.252	0.0	0.0	-7.84238125e-06
703.472	0.0	0.0	-1.961439375e-06
703.422	0.0	0.0	-3.3438750000000007e-06
703.452	0.0	0.0	-2.54860625e-06
703.592	0.0	0.0	8.361537500000001e-07
703.812	0.0	0.0	6.13853125e-06
703.752	0.0	0.0	4.803293750000001e-06
703.782	0.0	0.0	5.448712500000001e-06
703.922	0.0	0.0	7.4407e-06
704.142	0.0	0.0	1.01014625e-05
704.082	0.0	0.0	9.44055e-06
704.112	0.0	0.0	9.795518750000001e-06
704.262	0.0	0.0	9.826737500000001e-06
704.482	0.0	0.0	9.2907e-06
704.432	0.0	0.0	9.417193750000001e-06
704.462	0.0	0.0	9.34504375e-06
704.602	0.0	0.0	7.565343750000001e-06
704.822	0.0	0.0	4.28621875e-06
704.762	0.0	0.0	5.114093750000001e-06
704.792	0.0	0.0	4.716575e-06
704.932	0.0	0.0	2.014164375e-06
705.152	0.0	0.0	-2.640875e-06
705.092	0.0	0.0	-1.4813875e-06
705.122	0.0	0.0	-2.1002125000000003e-06
705.262	0.0	0.0	-4.75519375e-06
705.492	0.0	0.0	-8.89225625e-06
705.442	0.0	0.0	-7.91406875e-06
705.472	0.0	0.0	-8.469531250000001e-06
705.612	0.0	0.0	-9.638731250000002e-06
705.832	0.0	0.0	-1.106115e-05
705.772	0.0	0.0	-1.0701093750000001e-05
705.802	0.0	0.0	-1.0872912500000001e-05
705.942	0.0	0.0	-9.99346875e-06
706.162	0.0	0.0	-7.7996e-06
706.102	0.0	0.0	-8.3476625e-06
706.132	0.0	0.0	-8.056981250000001e-06
706.272	0.0	0.0	-5.26671875e-06
706.502	0.0	0.0	-2.973875e-07
706.452	0.0	0.0	-1.4759531250000002e-06
706.482	0.0	0.0	-8.111787500000001e-07
706.622	0.0	0.0	2.3721625000000003e-06
706.842	0.0	0.0	7.472381250000001e-06
706.782	0.0	0.0	6.177612500000001e-06
706.812	0.0	0.0	6.791350000000001e-06
706.952	0.0	0.0	8.7056375e-06
707.172	0.0	0.0	1.1246612500000001e-05
707.112	0.0	0.0	1.0610212500000001e-05
707.142	0.0	0.0	1.0945525000000002e-05
707.282	0.0	0.0	1.0613450000000003e-05
707.512	0.0	0.0	9.367475000000001e-06
707.462	0.0	0.0	9.663937500000002e-06
707.492	0.0	0.0	9.497900000000001e-06
707.632	0.0	0.0	7.221475e-06
707.852	0.0	0.0	3.1100812500000005e-06
707.792	0.0	0.0	4.15671875e-06
707.822	0.0	0.0	3.6639250000000002e-06
707.962	0.0	0.0	9.509231250000001e-07
708.182	0.0	0.0	-3.5103750000000003e-06
708.122	0.0	0.0	-2.3899687500000003e-06
708.152	0.0	0.0	-2.9764187500000005e-06
708.292	0.0	0.0	-4.786875e-06
708.522	0.0	0.0	-7.3044937500000005e-06
708.472	0.0	0.0	-6.703937500000001e-06
708.502	0.0	0.0	-7.038325000000001e-06
708.642	0.0	0.0	-7.109550000000001e-06
708.862	0.0	0.0	-6.7349250000000006e-06
708.802	0.0	0.0	-6.83043125e-06
708.832	0.0	0.0	-6.7858e-06
708.972	0.0	0.0	-5.627237500000001e-06
709.192	0.0	0.0	-3.33185e-06
709.132	0.0	0.0	-3.909975000000001e-06
709.162	0.0	0.0	-3.6093500000000004e-06
709.302	0.0	0.0	-2.04651625e-06
709.532	0.0	0.0	4.95915625e-07
709.482	0.0	0.0	-1.1232275e-07
709.512	0.0	0.0	2.2412287500000002e-07
709.652	0.0	0.0	1.3837537500000001e-06
709.872	0.0	0.0	3.0936625000000005e-06
709.812	0.0	0.0	2.6561375000000004e-06
709.842	0.0	0.0	2.8594062500000005e-06
709.982	0.0	0.0	3.5052875000000005e-06
710.202	0.0	0.0	4.36068125e-06
710.142	0.0	0.0	4.144693750000001e-06
710.172	0.0	0.0	4.2563875e-06
710.312	0.0	0.0	4.250375e-06
710.542	0.0	0.0	4.0316125000000005e-06
710.492	0.0	0.0	4.08410625e-06
710.522	0.0	0.0	4.0552e-06
710.662	0.0	0.0	3.03978125e-06
710.882	0.0	0.0	1.1256325e-06
710.822	0.0	0.0	1.6190737500000004e-06
710.852	0.0	0.0	1.3935356250000002e-06
710.992	0.0	0.0	-4.468675e-07
711.212	0.0	0.0	-3.7376937500000002e-06
711.152	0.0	0.0	-2.9186062500000003e-06
711.182	0.0	0.0	-3.35405e-06
711.322	0.0	0.0	-5.286375000000001e-06
711.552	0.0	0.0	-8.31690625e-06
711.492	0.0	0.0	-7.545225000000001e-06
711.522	0.0	0.0	-7.902968750000002e-06
711.662	0.0	0.0	-8.64158125e-06
711.882	0.0	0.0	-9.31683125e-06
711.822	0.0	0.0	-9.145243750000001e-06
711.852	0.0	0.0	-9.232887500000002e-06
711.992	0.0	0.0	-7.924475000000002e-06
712.222	0.0	0.0	-5.1490125e-06
712.172	0.0	0.0	-5.8180187500000005e-06
712.202	0.0	0.0	-5.45449375e-06
712.342	0.0	0.0	-2.455875e-06
712.562	0.0	0.0	2.7685250000000003e-06
712.502	0.0	0.0	1.422071875e-06
712.532	0.0	0.0	2.0366418750000005e-06
712.672	0.0	0.0	5.17144375e-06
712.892	0.0	0.0	1.02022875e-05
712.832	0.0	0.0	8.92278125e-06
712.862	0.0	0.0	9.572825000000001e-06
713.002	0.0	0.0	1.1228112500000003e-05
713.232	0.0	0.0	1.3276987500000001e-05
713.182	0.0	0.0	1.278165e-05
713.202	0.0	0.0	1.304920625e-05
713.352	0.0	0.0	1.2032168750000003e-05
713.572	0.0	0.0	9.6112125e-06
713.512	0.0	0.0	1.0236743750000001e-05
713.542	0.0	0.0	9.953231250000002e-06
713.682	0.0	0.0	6.837831250000001e-06
713.902	0.0	0.0	1.01458625e-06
713.842	0.0	0.0	2.49958125e-06
713.872	0.0	0.0	1.7500306250000002e-06
714.012	0.0	0.0	-2.2343837500000003e-06
714.242	0.0	0.0	-8.741943750000001e-06
714.192	0.0	0.0	-7.16435625e-06
714.212	0.0	0.0	-8.010962499999999e-06
714.362	0.0	0.0	-1.0672187500000002e-05
714.582	0.0	0.0	-1.4436706250000002e-05
714.522	0.0	0.0	-1.3461525000000003e-05
714.552	0.0	0.0	-1.3900668750000002e-05
714.692	0.0	0.0	-1.4035487500000002e-05
714.912	0.0	0.0	-1.3191193750000001e-05
714.852	0.0	0.0	-1.3407181250000001e-05
714.882	0.0	0.0	-1.3298725e-05
715.022	0.0	0.0	-1.057621875e-05
715.252	0.0	0.0	-5.32406875e-06
715.192	0.0	0.0	-6.6010312500000005e-06
715.222	0.0	0.0	-5.920231250000001e-06
715.372	0.0	0.0	-1.64173625e-06
715.592	0.0	0.0	5.558556250000001e-06
715.532	0.0	0.0	3.6884375000000006e-06
715.562	0.0	0.0	4.525331250000001e-06
715.702	0.0	0.0	8.28314375e-06
715.922	0.0	0.0	1.4036412500000001e-05
715.862	0.0	0.0	1.256126875e-05
715.892	0.0	0.0	1.3296412500000001e-05
716.032	0.0	0.0	1.477225e-05
716.262	0.0	0.0	1.6254331250000002e-05
716.202	0.0	0.0	1.58928875e-05
716.232	0.0	0.0	1.6084362500000002e-05
716.372	0.0	0.0	1.425263125e-05
716.602	0.0	0.0	1.0328087500000001e-05
716.542	0.0	0.0	1.1350212500000001e-05
716.572	0.0	0.0	1.0895806250000002e-05
716.712	0.0	0.0	6.6789625000000015e-06
716.932	0.0	0.0	-1.04858e-06
716.872	0.0	0.0	9.379268750000001e-07
716.902	0.0	0.0	-4.5741250000000006e-08
717.042	0.0	0.0	-5.0999875e-06
717.272	0.0	0.0	-1.3281381250000002e-05
717.212	0.0	0.0	-1.128106875e-05
717.242	0.0	0.0	-1.233395e-05
717.382	0.0	0.0	-1.548611875e-05
717.612	0.0	0.0	-1.9820437500000003e-05
717.552	0.0	0.0	-1.868893125e-05
717.582	0.0	0.0	-1.9188662500000002e-05
717.722	0.0	0.0	-1.8894050000000003e-05
717.942	0.0	0.0	-1.6926575000000003e-05
717.882	0.0	0.0	-1.743370625e-05
717.912	0.0	0.0	-1.71841875e-05
718.052	0.0	0.0	-1.2954625000000001e-05
718.282	0.0	0.0	-4.91175e-06
718.222	0.0	0.0	-6.883387500000001e-06
718.252	0.0	0.0	-5.85224375e-06
718.392	0.0	0.0	3.9284750000000006e-07
718.622	0.0	0.0	1.0849093750000002e-05
718.562	0.0	0.0	8.112250000000002e-06
718.592	0.0	0.0	9.3129e-06
718.732	0.0	0.0	1.4476018750000001e-05
718.952	0.0	0.0	2.2199768750000003e-05
718.892	0.0	0.0	2.020385e-05
718.922	0.0	0.0	2.1179725e-05
719.062	0.0	0.0	2.2593818750000003e-05
719.292	0.0	0.0	2.3393250000000002e-05
719.232	0.0	0.0	2.3196687500000004e-05
719.262	0.0	0.0	2.3298437500000003e-05
719.402	0.0	0.0	1.974620625e-05
719.632	0.0	0.0	1.2536756250000002e-05
719.572	0.0	0.0	1.4428843750000001e-05
719.602	0.0	0.0	1.3604206250000001e-05
719.742	0.0	0.0	6.9691812500000005e-06
719.962	0.0	0.0	-4.9214625e-06
719.902	0.0	0.0	-1.8405649999999999e-06
719.932	0.0	0.0	-3.3371687500000004e-06
720.072	0.0	0.0	-1.0289006250000001e-05
720.302	0.0	0.0	-2.1216956250000002e-05
720.242	0.0	0.0	-1.8523125000000004e-05
720.272	0.0	0.0	-1.9913862500000003e-05
720.412	0.0	0.0	-2.3249875000000004e-05
720.642	0.0	0.0	-2.727825e-05
720.582	0.0	0.0	-2.6219125000000003e-05
720.612	0.0	0.0	-2.6677000000000002e-05
720.752	0.0	0.0	-2.49773125e-05
720.972	0.0	0.0	-2.0049606250000004e-05
720.912	0.0	0.0	-2.1330037500000003e-05
720.942	0.0	0.0	-2.071190625e-05
721.082	0.0	0.0	-1.43296375e-05
721.312	0.0	0.0	-2.6526687500000004e-06
721.252	0.0	0.0	-5.5391312500000005e-06
721.282	0.0	0.0	-4.058668750000001e-06
721.422	0.0	0.0	3.560325e-06
721.652	0.0	0.0	1.5907225e-05
721.592	0.0	0.0	1.2650762500000002e-05
721.622	0.0	0.0	1.4051443750000002e-05
721.752	0.0	0.0	1.9099631250000003e-05
721.982	0.0	0.0	2.5957812500000005e-05
721.922	0.0	0.0	2.417025e-05
721.952	0.0	0.0	2.50281875e-05
722.092	0.0	0.0	2.50651875e-05
722.322	0.0	0.0	2.3240625e-05
722.262	0.0	0.0	2.3691562500000003e-05
722.292	0.0	0.0	2.3462625000000003e-05
722.432	0.0	0.0	1.85957375e-05
722.662	0.0	0.0	9.3411125e-06
722.602	0.0	0.0	1.17882e-05
722.632	0.0	0.0	1.0742487500000002e-05
722.762	0.0	0.0	4.008487500000001e-06
722.992	0.0	0.0	-7.4783937500000015e-06
722.932	0.0	0.0	-4.47908125e-06
722.962	0.0	0.0	-5.9084375e-06
723.102	0.0	0.0	-1.1400856250000002e-05
723.332	0.0	0.0	-1.945251875e-05
723.272	0.0	0.0	-1.745128125e-05
723.302	0.0	0.0	-1.846461875e-05
723.442	0.0	0.0	-1.9869925000000003e-05
723.672	0.0	0.0	-2.0704275000000003e-05
723.612	0.0	0.0	-2.04832e-05
723.642	0.0	0.0	-2.0577087500000002e-05
723.772	0.0	0.0	-1.804651875e-05
724.002	0.0	0.0	-1.2305275000000002e-05
723.942	0.0	0.0	-1.3808168750000002e-05
723.972	0.0	0.0	-1.3096381250000001e-05
724.112	0.0	0.0	-8.09028125e-06
724.342	0.0	0.0	5.8501625e-07
724.282	0.0	0.0	-1.576916875e-06
724.312	0.0	0.0	-4.89116875e-07
724.452	0.0	0.0	4.016118750000001e-06
724.682	0.0	0.0	1.0890025e-05
724.622	0.0	0.0	9.063381250000002e-06
724.652	0.0	0.0	9.833675e-06
724.782	0.0	0.0	1.1911456250000001e-05
725.012	0.0	0.0	1.41242875e-05
724.952	0.0	0.0	1.3543387500000002e-05
724.982	0.0	0.0	1.3816725000000001e-05
725.122	0.0	0.0	1.292016875e-05
725.352	0.0	0.0	1.043469375e-05
725.292	0.0	0.0	1.1055368750000002e-05
725.322	0.0	0.0	1.074456875e-05
725.462	0.0	0.0	7.8962625e-06
725.692	0.0	0.0	2.8004375000000004e-06
725.632	0.0	0.0	4.164118750000001e-06
725.652	0.0	0.0	3.59825e-06
725.792	0.0	0.0	5.3876625e-07
726.022	0.0	0.0	-4.396525e-06
725.962	0.0	0.0	-3.1188687500000003e-06
725.992	0.0	0.0	-3.73723125e-06
726.132	0.0	0.0	-5.8039125000000005e-06
726.362	0.0	0.0	-8.66933125e-06
726.302	0.0	0.0	-7.911525e-06
726.332	0.0	0.0	-8.230187500000002e-06
726.462	0.0	0.0	-8.676268750000001e-06
726.692	0.0	0.0	-8.691068750000002e-06
726.632	0.0	0.0	-8.687137500000001e-06
726.662	0.0	0.0	-8.688987500000002e-06
726.802	0.0	0.0	-7.432606250000001e-06
727.032	0.0	0.0	-4.822025e-06
726.972	0.0	0.0	-5.477156250000001e-06
727.002	0.0	0.0	-5.15294375e-06
727.142	0.0	0.0	-2.713025e-06
727.372	0.0	0.0	1.54285375e-06
727.312	0.0	0.0	4.0441000000000006e-07
727.332	0.0	0.0	8.7616e-07
727.472	0.0	0.0	3.4976562500000003e-06
727.702	0.0	0.0	7.765606250000001e-06
727.642	0.0	0.0	6.637800000000001e-06
727.672	0.0	0.0	7.1595000000000015e-06
727.812	0.0	0.0	8.899425e-06
728.042	0.0	0.0	1.1256787500000003e-05
727.982	0.0	0.0	1.0663631250000003e-05
728.012	0.0	0.0	1.0955006250000001e-05
728.152	0.0	0.0	1.0639581250000001e-05
728.382	0.0	0.0	9.39083125e-06
728.322	0.0	0.0	9.725681250000001e-06
728.342	0.0	0.0	9.58785625e-06
728.482	0.0	0.0	7.08365e-06
728.712	0.0	0.0	2.0324562500000003e-06
728.652	0.0	0.0	3.37046875e-06
728.682	0.0	0.0	2.75534375e-06
728.822	0.0	0.0	-1.5166300000000002e-06
729.052	0.0	0.0	-8.91538125e-06
728.992	0.0	0.0	-7.0485e-06
729.022	0.0	0.0	-7.960087500000001e-06
729.162	0.0	0.0	-1.1946143750000002e-05
729.392	0.0	0.0	-1.8095775000000002e-05
729.332	0.0	0.0	-1.644256875e-05
729.352	0.0	0.0	-1.71185125e-05
729.492	0.0	0.0	-1.8603368749999998e-05
729.722	0.0	0.0	-1.9718225e-05
729.662	0.0	0.0	-1.9422225000000004e-05
729.692	0.0	0.0	-1.9557506250000002e-05
729.832	0.0	0.0	-1.6665725e-05
730.062	0.0	0.0	-1.028484375e-05
730.002	0.0	0.0	-1.189896875e-05
730.032	0.0	0.0	-1.1115725000000001e-05
730.172	0.0	0.0	-4.203662500000001e-06
730.402	0.0	0.0	8.1682125e-06
730.342	0.0	0.0	4.83428125e-06
730.362	0.0	0.0	6.188712500000001e-06
730.502	0.0	0.0	1.400010625e-05
730.732	0.0	0.0	2.6841187500000002e-05
730.672	0.0	0.0	2.34233125e-05
730.702	0.0	0.0	2.4975000000000004e-05
730.842	0.0	0.0	2.9694812500000003e-05
731.072	0.0	0.0	3.5672625e-05
731.012	0.0	0.0	3.4155625000000004e-05
731.042	0.0	0.0	3.4886375000000004e-05
731.182	0.0	0.0	3.25415e-05
731.412	0.0	0.0	2.6156687500000002e-05
731.352	0.0	0.0	2.7881812500000002e-05
731.372	0.0	0.0	2.7185750000000003e-05
731.512	0.0	0.0	1.8183881250000004e-05
731.742	0.0	0.0	5.7659875e-07
731.682	0.0	0.0	5.27550625e-06
731.712	0.0	0.0	3.1563312500000007e-06
731.852	0.0	0.0	-9.670875000000003e-06
732.082	0.0	0.0	-3.12095e-05
732.022	0.0	0.0	-2.5733500000000004e-05
732.052	0.0	0.0	-2.8355875000000006e-05
732.192	0.0	0.0	-3.7818625e-05
732.422	0.0	0.0	-5.13375e-05
732.362	0.0	0.0	-4.767681250000001e-05
732.382	0.0	0.0	-4.914525000000001e-05
732.522	0.0	0.0	-5.0033250000000004e-05
732.752	0.0	0.0	-4.714493750000001e-05
732.692	0.0	0.0	-4.791731250000001e-05
732.722	0.0	0.0	-4.757275e-05
732.862	0.0	0.0	-3.75064375e-05
733.092	0.0	0.0	-1.718626875e-05
733.032	0.0	0.0	-2.2367193750000003e-05
733.062	0.0	0.0	-1.9900912500000002e-05
733.202	0.0	0.0	-3.3036375000000005e-06
733.432	0.0	0.0	2.5171562500000002e-05
733.372	0.0	0.0	1.7437175e-05
733.392	0.0	0.0	2.0513031250000002e-05
733.532	0.0	0.0	3.517081250000001e-05
733.762	0.0	0.0	5.7398562500000004e-05
733.702	0.0	0.0	5.1460062500000006e-05
733.732	0.0	0.0	5.41240625e-05
733.872	0.0	0.0	5.925318750000001e-05
734.102	0.0	0.0	6.31613125e-05
734.042	0.0	0.0	6.215075e-05
734.072	0.0	0.0	6.26155625e-05
734.212	0.0	0.0	5.456112500000001e-05
734.442	0.0	0.0	0.0
734.382	0.0	0.0	4.135675000000001e-05
734.412	0.0	0.0	3.9233875e-05
734.552	0.0	0.0	0.0
