8732
0.0	0.0	0.0	0.0075413812500000005
0.088	0.0	0.0	0.021029775
0.173	0.0	0.0	0.03416643750000001
0.256	0.0	0.0	0.0468511875
0.336	0.0	0.0	0.059206875000000006
0.424	0.0	0.0	0.06554437500000002
0.51	0.0	0.0	0.07172831250000002
0.592	0.0	0.0	0.0777001875
0.673	0.0	0.0	0.08351362500000002
0.761	0.0	0.0	0.08000606250000002
0.846	0.0	0.0	0.07658868749999999
0.929	0.0	0.0	0.07328587500000001
1.009	0.0	0.0	0.070068375
1.097	0.0	0.0	0.056922937500000007
1.182	0.0	0.0	0.044084625
1.265	0.0	0.0	0.031653375000000004
1.346	0.0	0.0	0.0195297375
1.434	0.0	0.0	0.0005104368750000002
1.519	0.0	0.0	-0.01804603125
1.602	0.0	0.0	-0.035992125
1.683	0.0	0.0	-0.053473875000000004
1.77	0.0	0.0	-0.0702219375
1.856	0.0	0.0	-0.08657025000000002
1.938	0.0	0.0	-0.102409125
2.019	0.0	0.0	-0.11787750000000002
2.107	0.0	0.0	-0.12231862500000001
2.192	0.0	0.0	-0.12665981250000002
2.275	0.0	0.0	-0.130869375
2.356	0.0	0.0	-0.13497412500000003
2.443	0.0	0.0	-0.12040518750000001
2.529	0.0	0.0	-0.10617506250000001
2.611	0.0	0.0	-0.09237393750000002
2.692	0.0	0.0	-0.07888725
2.779	0.0	0.0	-0.04783593750000001
2.865	0.0	0.0	-0.0174461625
2.948	0.0	0.0	0.012049293750000002
3.029	0.0	0.0	0.0408525
3.116	0.0	0.0	0.16497487500000002
3.201	0.0	0.0	0.28630875
3.284	0.0	0.0	0.4040887500000001
3.365	0.0	0.0	0.5193093750000001
3.452	0.0	0.0	0.5682543750000001
3.538	0.0	0.0	0.616224375
3.621	0.0	0.0	0.6628781250000001
3.702	0.0	0.0	0.7085568750000002
3.789	0.0	0.0	0.6661931250000002
3.875	0.0	0.0	0.624706875
3.958	0.0	0.0	0.584415
4.039	0.0	0.0	0.5450250000000001
4.126	0.0	0.0	0.420103125
4.211	0.0	0.0	0.297789375
4.294	0.0	0.0	0.178751625
4.375	0.0	0.0	0.062085562500000004
4.462	0.0	0.0	-0.08873231250000001
4.547	0.0	0.0	-0.23666662500000002
4.631	0.0	0.0	-0.38071312500000004
4.712	0.0	0.0	-0.5217225
4.799	0.0	0.0	-0.6185643749999999
4.884	0.0	0.0	-0.7134318750000002
4.967	0.0	0.0	-0.8058375
5.048	0.0	0.0	-0.89646375
5.135	0.0	0.0	-0.881960625
5.22	0.0	0.0	-0.8677256250000001
5.303	0.0	0.0	-0.8538318750000001
5.385	0.0	0.0	-0.8401818750000001
5.472	0.0	0.0	-0.7135293750000001
5.557	0.0	0.0	-0.5892900000000001
5.64	0.0	0.0	-0.46817062500000006
5.722	0.0	0.0	-0.34948875
5.809	0.0	0.0	-0.17331356250000005
5.894	0.0	0.0	-0.0003794700000000001
5.976	0.0	0.0	0.168465375
6.058	0.0	0.0	0.334351875
6.145	0.0	0.0	0.4695600000000001
6.23	0.0	0.0	0.602476875
6.313	0.0	0.0	0.732298125
6.395	0.0	0.0	0.8597306250000002
6.481	0.0	0.0	0.8832525
6.566	0.0	0.0	0.9063112500000001
6.649	0.0	0.0	0.9288825
6.731	0.0	0.0	0.951039375
6.817	0.0	0.0	0.8544412500000002
6.903	0.0	0.0	0.7593300000000001
6.986	0.0	0.0	0.6662418750000001
7.068	0.0	0.0	0.574640625
7.155	0.0	0.0	0.4144237500000001
7.24	0.0	0.0	0.25686375000000006
7.323	0.0	0.0	0.1028235
7.405	0.0	0.0	-0.0485379375
7.491	0.0	0.0	-0.18402637500000002
7.576	0.0	0.0	-0.317338125
7.659	0.0	0.0	-0.44789062500000004
7.741	0.0	0.0	-0.5765175000000001
7.827	0.0	0.0	-0.623195625
7.912	0.0	0.0	-0.66919125
7.996	0.0	0.0	-0.7142850000000001
8.078	0.0	0.0	-0.7586475
8.164	0.0	0.0	-0.70819125
8.249	0.0	0.0	-0.658539375
8.332	0.0	0.0	-0.609838125
8.414	0.0	0.0	-0.5618681249999999
8.5	0.0	0.0	-0.4563487500000001
8.585	0.0	0.0	-0.3522675
8.669	0.0	0.0	-0.2500875
8.751	0.0	0.0	-0.149355375
8.837	0.0	0.0	-0.039526500000000006
8.922	0.0	0.0	0.0687350625
9.005	0.0	0.0	0.174993
9.088	0.0	0.0	0.279751875
9.174	0.0	0.0	0.36486937500000005
9.258	0.0	0.0	0.4488656250000001
9.342	0.0	0.0	0.531375
9.424	0.0	0.0	0.6127875
9.51	0.0	0.0	0.6464250000000001
9.595	0.0	0.0	0.679648125
9.678	0.0	0.0	0.7122862500000001
9.761	0.0	0.0	0.7445100000000001
9.847	0.0	0.0	0.6810618750000001
9.931	0.0	0.0	0.6184181250000002
10.015	0.0	0.0	0.556798125
10.097	0.0	0.0	0.49593375000000006
10.183	0.0	0.0	0.31295062500000004
10.268	0.0	0.0	0.13215881250000003
10.351	0.0	0.0	-0.04579575
10.434	0.0	0.0	-0.22165650000000003
10.52	0.0	0.0	-0.46656187500000007
10.604	0.0	0.0	-0.708703125
10.688	0.0	0.0	-0.9472125000000001
10.77	0.0	0.0	-1.1830162500000003
10.856	0.0	0.0	-1.3506675000000001
10.941	0.0	0.0	-1.5164906249999999
11.024	0.0	0.0	-1.6799250000000001
11.107	0.0	0.0	-1.8415556250000003
11.193	0.0	0.0	-1.7829093750000005
11.277	0.0	0.0	-1.7248968750000002
11.361	0.0	0.0	-1.6676643750000002
11.444	0.0	0.0	-1.611016875
11.529	0.0	0.0	-1.27374
11.614	0.0	0.0	-0.93985125
11.697	0.0	0.0	-0.6103500000000001
11.78	0.0	0.0	-0.28406625
11.866	0.0	0.0	0.21667912500000003
11.95	0.0	0.0	0.7126275
12.034	0.0	0.0	1.202394375
12.117	0.0	0.0	1.6875787500000001
12.202	0.0	0.0	2.0940075
12.287	0.0	0.0	2.49673125
12.371	0.0	0.0	2.8947750000000005
12.453	0.0	0.0	3.2891625
12.539	0.0	0.0	3.3281625000000004
12.623	0.0	0.0	3.3666750000000003
12.707	0.0	0.0	3.4049437500000006
12.79	0.0	0.0	3.4427250000000003
12.875	0.0	0.0	2.9952
12.96	0.0	0.0	2.5510875000000004
13.044	0.0	0.0	2.111874375
13.127	0.0	0.0	1.6760006250000004
13.212	0.0	0.0	0.886275
13.296	0.0	0.0	0.10263825000000001
13.38	0.0	0.0	-0.673164375
13.463	0.0	0.0	-1.443170625
13.548	0.0	0.0	-2.1971625000000006
13.633	0.0	0.0	-2.94571875
13.717	0.0	0.0	-3.6872062500000005
13.8	0.0	0.0	-4.423818750000001
13.885	0.0	0.0	-4.7112
13.969	0.0	0.0	-4.996631250000001
14.053	0.0	0.0	-5.279625
14.136	0.0	0.0	-5.560912500000001
14.221	0.0	0.0	-5.139712500000001
14.306	0.0	0.0	-4.720950000000001
14.39	0.0	0.0	-4.3056
14.473	0.0	0.0	-3.8929312500000006
14.558	0.0	0.0	-2.8811250000000004
14.642	0.0	0.0	-1.8754125000000001
14.726	0.0	0.0	-0.877036875
14.81	0.0	0.0	0.11592993750000001
14.894	0.0	0.0	1.253265
14.979	0.0	0.0	2.3845575
15.063	0.0	0.0	3.5082937500000004
15.146	0.0	0.0	4.626375
15.231	0.0	0.0	5.294006250000001
15.315	0.0	0.0	5.9582250000000005
15.399	0.0	0.0	6.6185437500000015
15.483	0.0	0.0	7.2759375
15.567	0.0	0.0	7.063875
15.652	0.0	0.0	6.852543750000001
15.736	0.0	0.0	6.6424312500000005
15.819	0.0	0.0	6.433293750000001
15.904	0.0	0.0	5.3639625
15.988	0.0	0.0	4.29901875
16.072	0.0	0.0	3.2389500000000004
16.156	0.0	0.0	2.1827081250000004
16.241	0.0	0.0	0.74065875
16.325	0.0	0.0	-0.696515625
16.409	0.0	0.0	-2.1277425000000005
16.493	0.0	0.0	-3.5548500000000005
16.577	0.0	0.0	-4.64758125
16.661	0.0	0.0	-5.7373875000000005
16.745	0.0	0.0	-6.823050000000001
16.829	0.0	0.0	-7.906275000000001
16.914	0.0	0.0	-8.0617875
16.998	0.0	0.0	-8.216812500000001
17.082	0.0	0.0	-8.371593749999999
17.166	0.0	0.0	-8.52613125
17.25	0.0	0.0	-7.6132875
17.334	0.0	0.0	-6.702393750000001
17.418	0.0	0.0	-5.793450000000001
17.502	0.0	0.0	-4.885725
17.587	0.0	0.0	-3.3240187500000005
17.671	0.0	0.0	-1.7643843750000003
17.755	0.0	0.0	-0.2073361875
17.839	0.0	0.0	1.3480837500000002
17.923	0.0	0.0	2.7872812500000004
18.007	0.0	0.0	4.2249187500000005
18.091	0.0	0.0	5.6613375
18.175	0.0	0.0	7.097025
18.26	0.0	0.0	7.68421875
18.344	0.0	0.0	8.270925
18.428	0.0	0.0	8.85763125
18.512	0.0	0.0	9.444337500000001
18.596	0.0	0.0	8.8739625
18.68	0.0	0.0	8.3035875
18.764	0.0	0.0	7.73296875
18.849	0.0	0.0	7.16235
18.933	0.0	0.0	5.71666875
19.017	0.0	0.0	4.270012500000001
19.101	0.0	0.0	2.8223812500000003
19.185	0.0	0.0	1.3730193750000002
19.269	0.0	0.0	-0.22265343750000002
19.353	0.0	0.0	-1.8199837500000002
19.437	0.0	0.0	-3.419812500000001
19.522	0.0	0.0	-5.022225
19.606	0.0	0.0	-5.97553125
19.69	0.0	0.0	-6.930300000000001
19.774	0.0	0.0	-7.88701875
19.858	0.0	0.0	-8.845443750000001
19.942	0.0	0.0	-8.70455625
20.026	0.0	0.0	-8.56318125
20.111	0.0	0.0	-8.421318750000001
20.195	0.0	0.0	-8.2792125
20.279	0.0	0.0	-7.154062500000001
20.363	0.0	0.0	-6.02574375
20.447	0.0	0.0	-4.893525
20.532	0.0	0.0	-3.75789375
20.615	0.0	0.0	-2.2437918750000003
20.699	0.0	0.0	-0.7252781250000001
20.784	0.0	0.0	0.7995731250000001
20.868	0.0	0.0	2.3295675
20.952	0.0	0.0	3.4736812500000007
21.036	0.0	0.0	4.6215
21.12	0.0	0.0	5.775168750000001
21.205	0.0	0.0	6.933225
21.288	0.0	0.0	7.177950000000001
21.372	0.0	0.0	7.42365
21.457	0.0	0.0	7.6708125
21.541	0.0	0.0	7.918950000000001
21.625	0.0	0.0	7.21621875
21.709	0.0	0.0	6.51031875
21.793	0.0	0.0	5.80003125
21.878	0.0	0.0	5.08633125
21.961	0.0	0.0	3.8573437500000005
22.045	0.0	0.0	2.6222625
22.13	0.0	0.0	1.378820625
22.215	0.0	0.0	0.12877312500000002
22.298	0.0	0.0	-0.9855543750000002
22.382	0.0	0.0	-2.1059512500000004
22.466	0.0	0.0	-3.2345625000000005
22.551	0.0	0.0	-4.36995
22.634	0.0	0.0	-4.8501375
22.718	0.0	0.0	-5.3332500000000005
22.803	0.0	0.0	-5.82050625
22.888	0.0	0.0	-6.31044375
22.971	0.0	0.0	-6.005268750000001
23.055	0.0	0.0	-5.698143750000001
23.139	0.0	0.0	-5.3883375000000004
23.224	0.0	0.0	-5.0763375
23.307	0.0	0.0	-4.236131250000001
23.391	0.0	0.0	-3.3898312500000003
23.476	0.0	0.0	-2.53573125
23.561	0.0	0.0	-1.6753181250000002
23.644	0.0	0.0	-0.77571
23.728	0.0	0.0	0.130693875
23.812	0.0	0.0	1.046248125
23.897	0.0	0.0	1.968915
23.98	0.0	0.0	2.4933187500000003
24.064	0.0	0.0	3.0220125
24.149	0.0	0.0	3.55606875
24.234	0.0	0.0	4.09475625
24.317	0.0	0.0	4.061850000000001
24.401	0.0	0.0	4.02894375
24.485	0.0	0.0	3.99555
24.571	0.0	0.0	3.9619125000000004
24.654	0.0	0.0	3.4934250000000007
24.737	0.0	0.0	3.020550000000001
24.822	0.0	0.0	2.5423125
24.907	0.0	0.0	2.0595168750000004
24.99	0.0	0.0	1.466278125
25.074	0.0	0.0	0.867433125
25.158	0.0	0.0	0.2610075
25.244	0.0	0.0	-0.35126812500000004
25.327	0.0	0.0	-0.7610362500000001
25.41	0.0	0.0	-1.1748750000000001
25.495	0.0	0.0	-1.5942225
25.58	0.0	0.0	-2.01781125
25.663	0.0	0.0	-2.095275
25.747	0.0	0.0	-2.1735675000000003
25.831	0.0	0.0	-2.2529325000000004
25.917	0.0	0.0	-2.3331262500000003
26.0	0.0	0.0	-2.131155
26.083	0.0	0.0	-1.9269656250000002
26.168	0.0	0.0	-1.7198025000000001
26.254	0.0	0.0	-1.5103237500000002
26.336	0.0	0.0	-1.209170625
26.42	0.0	0.0	-0.9045562500000001
26.504	0.0	0.0	-0.5953350000000001
26.59	0.0	0.0	-0.282555
26.673	0.0	0.0	-0.06189056250000001
26.756	0.0	0.0	0.1614015
26.841	0.0	0.0	0.388245
26.927	0.0	0.0	0.6178331250000001
27.009	0.0	0.0	0.6781125
27.093	0.0	0.0	0.7391475000000001
27.177	0.0	0.0	0.80120625
27.263	0.0	0.0	0.8640206250000002
27.346	0.0	0.0	0.8006700000000001
27.429	0.0	0.0	0.7364662500000002
27.514	0.0	0.0	0.6711656250000001
27.6	0.0	0.0	0.6050118750000001
27.682	0.0	0.0	0.50958375
27.766	0.0	0.0	0.41288812500000005
27.851	0.0	0.0	0.31446187500000006
27.937	0.0	0.0	0.21470231250000002
28.019	0.0	0.0	0.1382866875
28.102	0.0	0.0	0.060788812500000004
28.187	0.0	0.0	-0.018172537500000002
28.273	0.0	0.0	-0.09827512500000002
28.355	0.0	0.0	-0.1712221875
28.439	0.0	0.0	-0.24521250000000003
28.524	0.0	0.0	-0.320604375
28.61	0.0	0.0	-0.39702000000000004
28.692	0.0	0.0	-0.44945062500000005
28.775	0.0	0.0	-0.5026612500000001
28.86	0.0	0.0	-0.5569200000000001
28.946	0.0	0.0	-0.6120562500000001
29.028	0.0	0.0	-0.58933875
29.112	0.0	0.0	-0.566255625
29.197	0.0	0.0	-0.542709375
29.283	0.0	0.0	-0.5188218750000001
29.365	0.0	0.0	-0.40396687500000006
29.448	0.0	0.0	-0.28738125000000003
29.533	0.0	0.0	-0.1683703125
29.619	0.0	0.0	-0.047394750000000006
29.701	0.0	0.0	0.109156125
29.784	0.0	0.0	0.26849062500000004
29.869	0.0	0.0	0.43143750000000003
29.956	0.0	0.0	0.59713875
30.038	0.0	0.0	0.7045593750000001
30.121	0.0	0.0	0.8137593750000001
30.207	0.0	0.0	0.925299375
30.293	0.0	0.0	1.0385943750000002
30.375	0.0	0.0	1.0240425000000002
30.458	0.0	0.0	1.009246875
30.543	0.0	0.0	0.99411
30.629	0.0	0.0	0.9786806250000001
30.711	0.0	0.0	0.837013125
30.794	0.0	0.0	0.6926887500000001
30.879	0.0	0.0	0.5449275000000001
30.966	0.0	0.0	0.39463125000000004
31.048	0.0	0.0	0.19548993750000002
31.13	0.0	0.0	-0.007194525000000001
31.215	0.0	0.0	-0.21478762500000004
31.302	0.0	0.0	-0.4262700000000001
31.384	0.0	0.0	-0.57876
31.467	0.0	0.0	-0.7343456250000001
31.552	0.0	0.0	-0.8939775000000001
31.639	0.0	0.0	-1.056680625
31.721	0.0	0.0	-1.08200625
31.804	0.0	0.0	-1.107795
31.889	0.0	0.0	-1.134241875
31.976	0.0	0.0	-1.16117625
32.057	0.0	0.0	-1.048588125
32.14	0.0	0.0	-0.93380625
32.225	0.0	0.0	-0.8159287500000001
32.312	0.0	0.0	-0.6956381250000001
32.393	0.0	0.0	-0.5070243750000001
32.477	0.0	0.0	-0.31436437500000003
32.562	0.0	0.0	-0.11650518750000001
32.649	0.0	0.0	0.0852125625
32.73	0.0	0.0	0.25072125
32.813	0.0	0.0	0.41959125
32.898	0.0	0.0	0.5930925000000001
32.985	0.0	0.0	0.77029875
33.066	0.0	0.0	0.8332837500000001
33.149	0.0	0.0	0.897706875
33.235	0.0	0.0	0.96403125
33.322	0.0	0.0	1.031769375
33.403	0.0	0.0	0.970905
33.486	0.0	0.0	0.9087000000000001
33.572	0.0	0.0	0.8447887500000001
33.659	0.0	0.0	0.7795368750000001
33.74	0.0	0.0	0.607059375
33.823	0.0	0.0	0.43070625000000007
33.908	0.0	0.0	0.24903937500000004
33.995	0.0	0.0	0.06321900000000001
34.076	0.0	0.0	0.01777059375
34.159	0.0	0.0	-0.028769812500000002
34.245	0.0	0.0	-0.07672031250000001
34.332	0.0	0.0	-0.1257165
34.413	0.0	0.0	-0.148565625
34.495	0.0	0.0	-0.171946125
34.581	0.0	0.0	-0.19605056250000005
34.668	0.0	0.0	-0.2207326875
34.749	0.0	0.0	-0.21484856250000003
34.832	0.0	0.0	-0.20882062500000004
34.917	0.0	0.0	-0.2025976875
35.005	0.0	0.0	-0.19623581250000002
35.086	0.0	0.0	-0.17052993750000003
35.168	0.0	0.0	-0.14420737500000003
35.254	0.0	0.0	-0.11703656250000001
35.341	0.0	0.0	-0.0892003125
35.422	0.0	0.0	-0.060235500000000004
35.505	0.0	0.0	-0.030500437499999998
35.59	0.0	0.0	0.00024652875
35.678	0.0	0.0	0.031760625
35.759	0.0	0.0	0.0497079375
35.842	0.0	0.0	0.0681110625
35.927	0.0	0.0	0.0871138125
36.015	0.0	0.0	0.10656993750000002
36.095	0.0	0.0	0.1080324375
36.178	0.0	0.0	0.1095315
36.263	0.0	0.0	0.11108175
36.351	0.0	0.0	0.11267587500000001
36.432	0.0	0.0	0.1017680625
36.514	0.0	0.0	0.09055800000000001
36.6	0.0	0.0	0.0789555
36.688	0.0	0.0	0.0670629375
36.768	0.0	0.0	0.052664625
36.851	0.0	0.0	0.037881187499999996
36.936	0.0	0.0	0.022572225
37.024	0.0	0.0	0.006852543750000001
37.104	0.0	0.0	-0.0033786187500000004
37.187	0.0	0.0	-0.0139098375
37.273	0.0	0.0	-0.02483325
37.361	0.0	0.0	-0.0360555
37.442	0.0	0.0	-0.0392023125
37.524	0.0	0.0	-0.042436875000000006
37.61	0.0	0.0	-0.04578843750000001
37.698	0.0	0.0	-0.04922775000000001
37.778	0.0	0.0	-0.046697625000000006
37.86	0.0	0.0	-0.044094375000000005
37.946	0.0	0.0	-0.04139118750000001
38.034	0.0	0.0	-0.0386124375
38.114	0.0	0.0	-0.033023250000000004
38.197	0.0	0.0	-0.0272634375
38.283	0.0	0.0	-0.02128205625
38.371	0.0	0.0	-0.015136875000000001
38.451	0.0	0.0	-0.00829505625
38.533	0.0	0.0	-0.001251826875
38.619	0.0	0.0	0.006064987500000001
38.707	0.0	0.0	0.01359564375
38.787	0.0	0.0	0.01973180625
38.87	0.0	0.0	0.026064187500000002
38.956	0.0	0.0	0.0326551875
39.044	0.0	0.0	0.03943875
39.124	0.0	0.0	0.0418835625
39.207	0.0	0.0	0.044403937500000004
39.293	0.0	0.0	0.04702181250000001
39.381	0.0	0.0	0.04971525
39.461	0.0	0.0	0.04618818750000001
39.543	0.0	0.0	0.0425514375
39.629	0.0	0.0	0.0387635625
39.717	0.0	0.0	0.034858687500000006
39.797	0.0	0.0	0.0260203125
39.879	0.0	0.0	0.0168884625
39.965	0.0	0.0	0.007375875000000001
40.054	0.0	0.0	-0.0024205593750000003
40.134	0.0	0.0	-0.012487312500000002
40.216	0.0	0.0	-0.022877156250000003
40.302	0.0	0.0	-0.03370575000000001
40.39	0.0	0.0	-0.0448768125
40.47	0.0	0.0	-0.05071950000000001
40.552	0.0	0.0	-0.05676450000000001
40.638	0.0	0.0	-0.063077625
40.727	0.0	0.0	-0.06959062500000002
40.807	0.0	0.0	-0.0674334375
40.889	0.0	0.0	-0.0652006875
40.975	0.0	0.0	-0.0628753125
41.064	0.0	0.0	-0.0604768125
41.143	0.0	0.0	-0.05071706250000001
41.226	0.0	0.0	-0.040625812500000004
41.311	0.0	0.0	-0.030081187500000002
41.4	0.0	0.0	-0.01918531875
41.48	0.0	0.0	-0.006379181250000001
41.562	0.0	0.0	0.00688569375
41.648	0.0	0.0	0.020747268750000002
41.737	0.0	0.0	0.0350536875
41.816	0.0	0.0	0.044318625
41.898	0.0	0.0	0.05390775
41.984	0.0	0.0	0.06393562500000001
42.073	0.0	0.0	0.07430475
42.152	0.0	0.0	0.075114
42.235	0.0	0.0	0.0759525
42.321	0.0	0.0	0.07682756250000002
42.41	0.0	0.0	0.07773431250000001
42.489	0.0	0.0	0.0694663125
42.571	0.0	0.0	0.06090093750000001
42.657	0.0	0.0	0.051935812500000005
42.746	0.0	0.0	0.04265625000000001
42.825	0.0	0.0	0.0294279375
42.907	0.0	0.0	0.01568775
42.994	0.0	0.0	0.001279224375
43.083	0.0	0.0	-0.013637325
43.162	0.0	0.0	-0.02514525
43.245	0.0	0.0	-0.03708168750000001
43.331	0.0	0.0	-0.049583625000000006
43.42	0.0	0.0	-0.062512125
43.499	0.0	0.0	-0.06652425000000001
43.581	0.0	0.0	-0.0706899375
43.667	0.0	0.0	-0.075060375
43.756	0.0	0.0	-0.07959168750000001
43.835	0.0	0.0	-0.0744241875
43.917	0.0	0.0	-0.06904950000000001
44.004	0.0	0.0	-0.063409125
44.093	0.0	0.0	-0.057568875
44.172	0.0	0.0	-0.046261312500000006
44.254	0.0	0.0	-0.034515000000000004
44.34	0.0	0.0	-0.022177593750000002
44.429	0.0	0.0	-0.009382181250000001
44.508	0.0	0.0	0.00211536
44.59	0.0	0.0	0.014088262500000002
44.676	0.0	0.0	0.02668575
44.766	0.0	0.0	0.039755625
44.845	0.0	0.0	0.045803062500000005
44.927	0.0	0.0	0.0520918125
45.014	0.0	0.0	0.058699875000000006
45.103	0.0	0.0	0.06554925
45.182	0.0	0.0	0.0637235625
45.263	0.0	0.0	0.06182475000000001
45.35	0.0	0.0	0.059823562500000003
45.439	0.0	0.0	0.05774681250000001
45.518	0.0	0.0	0.049856625
45.6	0.0	0.0	0.0416325
45.686	0.0	0.0	0.0329720625
45.776	0.0	0.0	0.023983293750000006
45.855	0.0	0.0	0.014685206250000003
45.936	0.0	0.0	0.00500150625
46.022	0.0	0.0	-0.00520235625
46.112	0.0	0.0	-0.01580938125
46.191	0.0	0.0	-0.021827325
46.272	0.0	0.0	-0.028111687500000003
46.359	0.0	0.0	-0.034744125
46.449	0.0	0.0	-0.041639812500000005
46.528	0.0	0.0	-0.0420395625
46.61	0.0	0.0	-0.042456375
46.696	0.0	0.0	-0.042895125
46.786	0.0	0.0	-0.043350937500000006
46.864	0.0	0.0	-0.0390658125
46.946	0.0	0.0	-0.0345954375
47.032	0.0	0.0	-0.029874000000000005
47.122	0.0	0.0	-0.024957562500000002
47.2	0.0	0.0	-0.01911901875
47.282	0.0	0.0	-0.01301698125
47.369	0.0	0.0	-0.006570768750000002
47.459	0.0	0.0	0.00013382606250000002
47.537	0.0	0.0	0.004245881250000001
47.619	0.0	0.0	0.008541
47.705	0.0	0.0	0.013082550000000002
47.795	0.0	0.0	0.017815200000000003
47.873	0.0	0.0	0.0186615
47.955	0.0	0.0	0.019547287500000003
48.042	0.0	0.0	0.020484506250000003
48.132	0.0	0.0	0.02145999375
48.21	0.0	0.0	0.019677450000000003
48.292	0.0	0.0	0.017813981250000003
48.378	0.0	0.0	0.015841312500000003
48.468	0.0	0.0	0.013784550000000001
48.546	0.0	0.0	0.0113377875
48.628	0.0	0.0	0.008773050000000001
48.715	0.0	0.0	0.00605401875
48.805	0.0	0.0	0.003217743750000001
48.883	0.0	0.0	0.0018336825000000003
48.965	0.0	0.0	0.0003849056250000001
49.052	0.0	0.0	-0.0011492568750000002
49.142	0.0	0.0	-0.00274779375
49.22	0.0	0.0	-0.00279435
49.301	0.0	0.0	-0.0028428562500000002
49.388	0.0	0.0	-0.0028945312500000004
49.478	0.0	0.0	-0.0029484000000000003
49.556	0.0	0.0	-0.0031848375000000004
49.638	0.0	0.0	-0.00343321875
49.724	0.0	0.0	-0.0036964687500000005
49.815	0.0	0.0	-0.0039714187500000005
49.893	0.0	0.0	-0.0039911625
49.974	0.0	0.0	-0.004011637500000001
50.061	0.0	0.0	-0.004033575
50.151	0.0	0.0	-0.00405624375
50.229	0.0	0.0	-0.0027987375
50.31	0.0	0.0	-0.0014771250000000001
50.397	0.0	0.0	-7.137000000000002e-05
50.488	0.0	0.0	0.0013982231250000002
50.566	0.0	0.0	0.0034237125000000004
50.648	0.0	0.0	0.00554994375
50.734	0.0	0.0	0.007808287500000001
50.825	0.0	0.0	0.010167056249999999
50.902	0.0	0.0	0.011543268750000002
50.984	0.0	0.0	0.01298870625
51.07	0.0	0.0	0.0145275
51.161	0.0	0.0	0.016138443750000002
51.239	0.0	0.0	0.0156433875
51.32	0.0	0.0	0.015122493750000002
51.407	0.0	0.0	0.014567718750000002
51.498	0.0	0.0	0.0139878375
51.575	0.0	0.0	0.011505487500000001
51.657	0.0	0.0	0.008896143750000002
51.743	0.0	0.0	0.006116418750000001
51.834	0.0	0.0	0.003204825
51.911	0.0	0.0	-9.0572625e-05
51.993	0.0	0.0	-0.0035633812500000003
52.08	0.0	0.0	-0.007269112500000001
52.171	0.0	0.0	-0.01115180625
52.249	0.0	0.0	-0.01344841875
52.33	0.0	0.0	-0.015865687500000003
52.417	0.0	0.0	-0.018441637500000004
52.508	0.0	0.0	-0.021138
52.585	0.0	0.0	-0.021073162500000003
52.666	0.0	0.0	-0.02100515625
52.753	0.0	0.0	-0.020932518750000004
52.844	0.0	0.0	-0.020855981250000002
52.921	0.0	0.0	-0.018367293750000003
53.003	0.0	0.0	-0.015741375000000002
53.09	0.0	0.0	-0.012936787500000001
53.181	0.0	0.0	-0.00999765
53.258	0.0	0.0	-0.006366993750000001
53.339	0.0	0.0	-0.00254011875
53.426	0.0	0.0	0.0015497868750000002
53.517	0.0	0.0	0.00584293125
53.594	0.0	0.0	0.0087433125
53.675	0.0	0.0	0.011808225
53.763	0.0	0.0	0.015089100000000001
53.854	0.0	0.0	0.018534262500000002
53.931	0.0	0.0	0.01926136875
54.013	0.0	0.0	0.020028693750000003
54.1	0.0	0.0	0.020848912500000004
54.191	0.0	0.0	0.021709593750000002
54.268	0.0	0.0	0.020018456250000004
54.349	0.0	0.0	0.018232012500000002
54.436	0.0	0.0	0.0163180875
54.527	0.0	0.0	0.01430593125
54.604	0.0	0.0	0.011186662500000001
54.685	0.0	0.0	0.007886531250000002
54.772	0.0	0.0	0.004350693750000001
54.864	0.0	0.0	0.0006372843750000001
54.941	0.0	0.0	-0.0022747237500000002
55.022	0.0	0.0	-0.005352993750000001
55.109	0.0	0.0	-0.008654587500000002
55.2	0.0	0.0	-0.012128512500000002
55.277	0.0	0.0	-0.013476206250000003
55.358	0.0	0.0	-0.014903606250000001
55.445	0.0	0.0	-0.0164350875
55.537	0.0	0.0	-0.0180448125
55.614	0.0	0.0	-0.017347200000000004
55.695	0.0	0.0	-0.016608881250000002
55.781	0.0	0.0	-0.01581620625
55.873	0.0	0.0	-0.014981606250000001
55.95	0.0	0.0	-0.012775425000000002
56.031	0.0	0.0	-0.0104349375
56.118	0.0	0.0	-0.007917975
56.21	0.0	0.0	-0.0052674375
56.287	0.0	0.0	-0.00270830625
56.368	0.0	0.0	2.939625e-06
56.455	0.0	0.0	0.0029147625
56.547	0.0	0.0	0.005978456250000001
56.623	0.0	0.0	0.007683487500000001
56.704	0.0	0.0	0.009491625
56.791	0.0	0.0	0.011437725000000001
56.883	0.0	0.0	0.013489856250000001
56.959	0.0	0.0	0.013655362500000002
57.041	0.0	0.0	0.01383110625
57.128	0.0	0.0	0.0140205
57.22	0.0	0.0	0.014219643750000002
57.296	0.0	0.0	0.0128714625
57.377	0.0	0.0	0.01144065
57.464	0.0	0.0	0.00989990625
57.556	0.0	0.0	0.008273850000000001
57.632	0.0	0.0	0.00609838125
57.713	0.0	0.0	0.0037837312500000005
57.801	0.0	0.0	0.001286780625
57.893	0.0	0.0	-0.0013486200000000002
57.969	0.0	0.0	-0.0033223125
58.05	0.0	0.0	-0.00541929375
58.138	0.0	0.0	-0.007678612500000001
58.23	0.0	0.0	-0.01006078125
58.306	0.0	0.0	-0.01089635625
58.387	0.0	0.0	-0.011784825
58.474	0.0	0.0	-0.012744225000000003
58.566	0.0	0.0	-0.013758225000000002
58.642	0.0	0.0	-0.013079381250000001
58.723	0.0	0.0	-0.012356662500000002
58.811	0.0	0.0	-0.011576175000000001
58.903	0.0	0.0	-0.010752056250000001
58.979	0.0	0.0	-0.008918568750000001
59.06	0.0	0.0	-0.0069673500000000015
59.147	0.0	0.0	-0.00485915625
59.239	0.0	0.0	-0.0026300625000000005
59.315	0.0	0.0	-0.0005739093750000001
59.396	0.0	0.0	0.0016194993750000002
59.483	0.0	0.0	0.003993356250000001
59.576	0.0	0.0	0.006504225
59.652	0.0	0.0	0.007750275
59.733	0.0	0.0	0.0090777375
59.821	0.0	0.0	0.010512693750000001
59.913	0.0	0.0	0.012028818750000001
59.989	0.0	0.0	0.011883056250000001
60.069	0.0	0.0	0.011727787500000001
60.157	0.0	0.0	0.011559356250000001
60.249	0.0	0.0	0.011380931250000002
60.325	0.0	0.0	0.01003201875
60.406	0.0	0.0	0.00859145625
60.493	0.0	0.0	0.0070307250000000016
60.586	0.0	0.0	0.00537980625
60.661	0.0	0.0	0.00364333125
60.742	0.0	0.0	0.0017902462500000004
60.829	0.0	0.0	-0.00021923850000000003
60.922	0.0	0.0	-0.002349091875
60.998	0.0	0.0	-0.0035453437500000003
61.078	0.0	0.0	-0.0048243
61.166	0.0	0.0	-0.006211725
61.259	0.0	0.0	-0.007680806250000001
61.334	0.0	0.0	-0.00782120625
61.415	0.0	0.0	-0.00797135625
61.502	0.0	0.0	-0.0081339375
61.595	0.0	0.0	-0.00830675625
61.67	0.0	0.0	-0.0075562500000000005
61.751	0.0	0.0	-0.00675260625
61.839	0.0	0.0	-0.005878762500000001
61.932	0.0	0.0	-0.00495178125
62.008	0.0	0.0	-0.00392851875
62.088	0.0	0.0	-0.00283408125
62.176	0.0	0.0	-0.001645775625
62.269	0.0	0.0	-0.00038639250000000006
62.344	0.0	0.0	0.00033705750000000004
62.425	0.0	0.0	0.001111573125
62.512	0.0	0.0	0.0019543875000000003
62.605	0.0	0.0	0.00284968125
62.68	0.0	0.0	0.00317484375
62.761	0.0	0.0	0.00352365
62.849	0.0	0.0	0.00390316875
62.942	0.0	0.0	0.0043056
63.017	0.0	0.0	0.0043382625000000005
63.097	0.0	0.0	0.004373118750000001
63.185	0.0	0.0	0.004410900000000001
63.278	0.0	0.0	0.0044513625
63.353	0.0	0.0	0.00397239375
63.434	0.0	0.0	0.0034583250000000004
63.522	0.0	0.0	0.0028972125000000003
63.615	0.0	0.0	0.002301024375
63.69	0.0	0.0	0.0011352900000000002
63.771	0.0	0.0	-0.00011512800000000001
63.859	0.0	0.0	-0.001477246875
63.952	0.0	0.0	-0.00292378125
64.027	0.0	0.0	-0.004333875
64.107	0.0	0.0	-0.0058480500000000005
64.195	0.0	0.0	-0.007500918750000001
64.288	0.0	0.0	-0.00926055
64.363	0.0	0.0	-0.009992531250000002
64.444	0.0	0.0	-0.0107796
64.531	0.0	0.0	-0.011639062500000002
64.625	0.0	0.0	-0.012552637500000002
64.7	0.0	0.0	-0.011798718750000003
64.78	0.0	0.0	-0.010988737500000002
64.868	0.0	0.0	-0.010103681250000001
64.961	0.0	0.0	-0.0091611
65.036	0.0	0.0	-0.006898612500000001
65.116	0.0	0.0	-0.0044616000000000005
65.204	0.0	0.0	-0.0017948531250000003
65.298	0.0	0.0	0.0010460775
65.373	0.0	0.0	0.0038305312499999997
65.453	0.0	0.0	0.006825975000000001
65.541	0.0	0.0	0.0100995375
65.635	0.0	0.0	0.0135832125
65.709	0.0	0.0	0.015307987499999998
65.79	0.0	0.0	0.017164875
65.877	0.0	0.0	0.019198725
65.971	0.0	0.0	0.0213685875
66.046	0.0	0.0	0.020813325
66.126	0.0	0.0	0.02021443125
66.214	0.0	0.0	0.019558500000000003
66.308	0.0	0.0	0.01885966875
66.382	0.0	0.0	0.01595758125
66.462	0.0	0.0	0.012830268750000002
66.55	0.0	0.0	0.0094029
66.644	0.0	0.0	0.005744700000000001
66.718	0.0	0.0	0.00178464
66.799	0.0	0.0	-0.00249331875
66.887	0.0	0.0	-0.0071894062500000005
66.981	0.0	0.0	-0.012202856250000001
67.056	0.0	0.0	-0.015172218750000003
67.136	0.0	0.0	-0.018375825
67.224	0.0	0.0	-0.021888018750000002
67.318	0.0	0.0	-0.025632750000000003
67.392	0.0	0.0	-0.0259155
67.472	0.0	0.0	-0.026217750000000005
67.56	0.0	0.0	-0.0265516875
67.654	0.0	0.0	-0.026910000000000003
67.728	0.0	0.0	-0.024186337500000005
67.809	0.0	0.0	-0.021241837500000003
67.897	0.0	0.0	-0.018006300000000003
67.991	0.0	0.0	-0.014551875
68.065	0.0	0.0	-0.010133906250000001
68.145	0.0	0.0	-0.0053586
68.233	0.0	0.0	-0.00010629450000000002
68.327	0.0	0.0	0.00551240625
68.401	0.0	0.0	0.00939485625
68.481	0.0	0.0	0.0135993
68.57	0.0	0.0	0.01822543125
68.664	0.0	0.0	0.023168925
68.738	0.0	0.0	0.024513937500000003
68.818	0.0	0.0	0.025971562500000003
68.906	0.0	0.0	0.027573000000000004
69.0	0.0	0.0	0.029289000000000003
69.074	0.0	0.0	0.02746575
69.154	0.0	0.0	0.025488937500000003
69.242	0.0	0.0	0.0233078625
69.337	0.0	0.0	0.02097298125
69.411	0.0	0.0	0.01699595625
69.491	0.0	0.0	0.0126881625
69.58	0.0	0.0	0.007943812500000001
69.674	0.0	0.0	0.0028691812500000005
69.748	0.0	0.0	-0.001132876875
69.827	0.0	0.0	-0.0054724312500000006
69.916	0.0	0.0	-0.010262118750000002
70.01	0.0	0.0	-0.01539744375
70.084	0.0	0.0	-0.017464443750000003
70.164	0.0	0.0	-0.0197091375
70.252	0.0	0.0	-0.022187100000000005
70.347	0.0	0.0	-0.0248405625
70.421	0.0	0.0	-0.024125643750000005
70.5	0.0	0.0	-0.023350031250000004
70.588	0.0	0.0	-0.022493493750000003
70.683	0.0	0.0	-0.02157455625
70.757	0.0	0.0	-0.01874803125
70.837	0.0	0.0	-0.015672881250000003
70.925	0.0	0.0	-0.012270862500000002
71.02	0.0	0.0	-0.008621193750000002
71.094	0.0	0.0	-0.0053364187499999995
71.174	0.0	0.0	-0.0017681381250000004
71.262	0.0	0.0	0.00217449375
71.357	0.0	0.0	0.006400143750000001
71.43	0.0	0.0	0.008453737500000003
71.51	0.0	0.0	0.010686975
71.598	0.0	0.0	0.013159818750000002
71.693	0.0	0.0	0.01581645
71.766	0.0	0.0	0.01587958125
71.846	0.0	0.0	0.015948075000000003
71.935	0.0	0.0	0.01602388125
72.03	0.0	0.0	0.016105293750000003
72.103	0.0	0.0	0.014559187500000003
72.183	0.0	0.0	0.012876337500000003
72.271	0.0	0.0	0.01101165
72.366	0.0	0.0	0.009007293750000001
72.439	0.0	0.0	0.006985875000000001
72.519	0.0	0.0	0.0047801812499999995
72.608	0.0	0.0	0.002332321875
72.703	0.0	0.0	-0.000299349375
72.776	0.0	0.0	-0.001690089375
72.856	0.0	0.0	-0.0032053125000000007
72.945	0.0	0.0	-0.00488499375
73.04	0.0	0.0	-0.006688987500000001
73.113	0.0	0.0	-0.0069729562500000005
73.192	0.0	0.0	-0.007282762500000001
73.281	0.0	0.0	-0.0076269375
73.376	0.0	0.0	-0.0079974375
73.449	0.0	0.0	-0.007442906250000001
73.529	0.0	0.0	-0.006836943750000001
73.618	0.0	0.0	-0.0061639500000000005
73.713	0.0	0.0	-0.0054405
73.786	0.0	0.0	-0.004589081250000001
73.865	0.0	0.0	-0.0036596625000000003
73.954	0.0	0.0	-0.00262591875
74.049	0.0	0.0	-0.0015124687500000001
74.122	0.0	0.0	-0.0006487406250000001
74.202	0.0	0.0	0.000295985625
74.29	0.0	0.0	0.00134691375
74.386	0.0	0.0	0.0024779625000000004
74.459	0.0	0.0	0.0032418750000000004
74.538	0.0	0.0	0.0040767187500000005
74.627	0.0	0.0	0.0050061375000000005
74.722	0.0	0.0	0.00600795
74.795	0.0	0.0	0.00632263125
74.874	0.0	0.0	0.006667537500000001
74.963	0.0	0.0	0.007051931250000001
75.059	0.0	0.0	0.007466306250000001
75.132	0.0	0.0	0.0069098250000000005
75.212	0.0	0.0	0.006300937500000001
75.3	0.0	0.0	0.0056228250000000006
75.396	0.0	0.0	0.004892550000000001
75.468	0.0	0.0	0.0034883062500000008
75.548	0.0	0.0	0.0019501706249999999
75.636	0.0	0.0	0.00023365143750000004
75.732	0.0	0.0	-0.0016195725000000003
75.805	0.0	0.0	-0.00324406875
75.884	0.0	0.0	-0.005026125
75.973	0.0	0.0	-0.007014881250000001
76.069	0.0	0.0	-0.00915939375
76.141	0.0	0.0	-0.01004615625
76.221	0.0	0.0	-0.011018231250000001
76.309	0.0	0.0	-0.01210389375
76.405	0.0	0.0	-0.01327633125
76.477	0.0	0.0	-0.012749343750000001
76.557	0.0	0.0	-0.012170193750000002
76.646	0.0	0.0	-0.011522306250000001
76.742	0.0	0.0	-0.0108225
76.815	0.0	0.0	-0.008948062500000001
76.894	0.0	0.0	-0.0068913
76.983	0.0	0.0	-0.0045937125
77.079	0.0	0.0	-0.002113995
77.151	0.0	0.0	0.00021674250000000003
77.23	0.0	0.0	0.0027772875
77.319	0.0	0.0	0.005644031250000001
77.415	0.0	0.0	0.00874550625
77.487	0.0	0.0	0.010319887500000001
77.567	0.0	0.0	0.012052462500000001
77.656	0.0	0.0	0.01399198125
77.752	0.0	0.0	0.0160875
77.824	0.0	0.0	0.0160017
77.903	0.0	0.0	0.01590736875
77.992	0.0	0.0	0.015801825000000002
78.088	0.0	0.0	0.01568750625
78.16	0.0	0.0	0.013901062500000002
78.239	0.0	0.0	0.011932293750000001
78.329	0.0	0.0	0.00972294375
78.425	0.0	0.0	0.007331268750000001
78.497	0.0	0.0	0.004704375000000001
78.577	0.0	0.0	0.0018128418750000001
78.666	0.0	0.0	-0.0014275218750000001
78.762	0.0	0.0	-0.004932037500000001
78.834	0.0	0.0	-0.007054612500000001
78.913	0.0	0.0	-0.009393637500000001
79.002	0.0	0.0	-0.012021018750000001
79.098	0.0	0.0	-0.014868993750000002
79.17	0.0	0.0	-0.01542961875
79.249	0.0	0.0	-0.0160485
79.338	0.0	0.0	-0.016743675000000003
79.435	0.0	0.0	-0.017496375
79.507	0.0	0.0	-0.016230825000000004
79.586	0.0	0.0	-0.01483535625
79.675	0.0	0.0	-0.013266825000000003
79.771	0.0	0.0	-0.011565450000000001
79.843	0.0	0.0	-0.009143793750000002
79.922	0.0	0.0	-0.00646644375
80.011	0.0	0.0	-0.0034524750000000004
80.108	0.0	0.0	-0.00018328293750000002
80.18	0.0	0.0	0.0021703987500000005
80.259	0.0	0.0	0.00476896875
80.348	0.0	0.0	0.007690312500000001
80.445	0.0	0.0	0.01085638125
80.516	0.0	0.0	0.011984700000000001
80.595	0.0	0.0	0.013231725
80.684	0.0	0.0	0.01463694375
80.781	0.0	0.0	0.016163306250000002
80.853	0.0	0.0	0.015594150000000001
80.932	0.0	0.0	0.014964056250000001
81.021	0.0	0.0	0.014254256250000001
81.118	0.0	0.0	0.01348400625
81.189	0.0	0.0	0.01159543125
81.268	0.0	0.0	0.00950600625
81.357	0.0	0.0	0.007149187500000001
81.454	0.0	0.0	0.004587375
81.525	0.0	0.0	0.0023657156250000005
81.605	0.0	0.0	-9.693693750000002e-05
81.694	0.0	0.0	-0.00287551875
81.791	0.0	0.0	-0.0058924125
81.862	0.0	0.0	-0.007356375000000001
81.941	0.0	0.0	-0.008977312500000001
82.03	0.0	0.0	-0.010807875000000002
82.127	0.0	0.0	-0.012798825
82.198	0.0	0.0	-0.012873656250000002
82.277	0.0	0.0	-0.012956531250000002
82.367	0.0	0.0	-0.013050375000000003
82.464	0.0	0.0	-0.013152506250000001
82.535	0.0	0.0	-0.01191084375
82.615	0.0	0.0	-0.010534387499999999
82.704	0.0	0.0	-0.008979750000000002
82.801	0.0	0.0	-0.007290318750000001
82.872	0.0	0.0	-0.0054448875
82.951	0.0	0.0	-0.0033964125000000003
83.04	0.0	0.0	-0.001077740625
83.137	0.0	0.0	0.0014479725000000002
83.208	0.0	0.0	0.0029805750000000005
83.287	0.0	0.0	0.00468463125
83.377	0.0	0.0	0.006613425000000001
83.474	0.0	0.0	0.008711625
83.545	0.0	0.0	0.00923300625
83.624	0.0	0.0	0.009812399999999999
83.713	0.0	0.0	0.010468575
83.81	0.0	0.0	0.011183737499999999
83.881	0.0	0.0	0.010554375
83.96	0.0	0.0	0.009853350000000002
84.049	0.0	0.0	0.0090582375
84.147	0.0	0.0	0.00819170625
84.218	0.0	0.0	0.006827193750000001
84.297	0.0	0.0	0.0053098500000000005
84.387	0.0	0.0	0.0035906812500000004
84.484	0.0	0.0	0.0017188031250000002
84.555	0.0	0.0	0.00035716687500000004
84.633	0.0	0.0	-0.0011590312500000001
84.723	0.0	0.0	-0.00288088125
84.82	0.0	0.0	-0.004760193750000001
84.891	0.0	0.0	-0.005485106250000001
84.97	0.0	0.0	-0.0062936250000000015
85.059	0.0	0.0	-0.007211831250000001
85.157	0.0	0.0	-0.008212425
85.228	0.0	0.0	-0.008040093750000001
85.306	0.0	0.0	-0.007847775000000001
85.395	0.0	0.0	-0.007629375000000001
85.493	0.0	0.0	-0.007390987500000001
85.564	0.0	0.0	-0.006533718750000001
85.642	0.0	0.0	-0.005576025000000001
85.732	0.0	0.0	-0.0044859750000000006
85.83	0.0	0.0	-0.0032955000000000003
85.901	0.0	0.0	-0.0022639500000000003
85.98	0.0	0.0	-0.0011130356250000002
86.069	0.0	0.0	0.00019519743750000002
86.167	0.0	0.0	0.0016224975
86.237	0.0	0.0	0.002303169375
86.316	0.0	0.0	0.0030634500000000005
86.405	0.0	0.0	0.003929737500000001
86.503	0.0	0.0	0.0048769500000000006
86.573	0.0	0.0	0.00495470625
86.652	0.0	0.0	0.005041725
86.742	0.0	0.0	0.005140931250000001
86.84	0.0	0.0	0.005249156250000001
86.91	0.0	0.0	0.0048130875
86.989	0.0	0.0	0.00432534375
87.078	0.0	0.0	0.0037691062500000007
87.176	0.0	0.0	0.0031607062500000004
87.246	0.0	0.0	0.0025391437500000007
87.325	0.0	0.0	0.00184299375
87.415	0.0	0.0	0.0010489050000000001
87.513	0.0	0.0	0.0001808649375
87.583	0.0	0.0	-0.000274365
87.661	0.0	0.0	-0.0007838512500000001
87.751	0.0	0.0	-0.0013654875000000003
87.849	0.0	0.0	-0.0020023575
87.919	0.0	0.0	-0.0021164325000000003
87.998	0.0	0.0	-0.0022444012500000003
88.088	0.0	0.0	-0.0023907243750000006
88.186	0.0	0.0	-0.0025510875
88.256	0.0	0.0	-0.002377318125
88.335	0.0	0.0	-0.0021827325000000003
88.425	0.0	0.0	-0.0019605787500000006
88.523	0.0	0.0	-0.00171751125
88.593	0.0	0.0	-0.0014573568750000003
88.671	0.0	0.0	-0.00116546625
88.761	0.0	0.0	-0.00083143125
88.859	0.0	0.0	-0.00046512375000000005
88.929	0.0	0.0	-0.00030200625
89.008	0.0	0.0	-0.00011871599999999999
89.097	0.0	0.0	9.102356250000001e-05
89.196	0.0	0.0	0.00032072625000000005
89.266	0.0	0.0	0.00034744125
89.344	0.0	0.0	0.000377398125
89.434	0.0	0.0	0.00041174250000000005
89.532	0.0	0.0	0.000449401875
89.602	0.0	0.0	0.00046807312500000005
89.68	0.0	0.0	0.0004890843750000001
89.77	0.0	0.0	0.00051319125
89.869	0.0	0.0	0.0005396381250000001
89.939	0.0	0.0	0.00053737125
90.017	0.0	0.0	0.0005348606250000001
90.107	0.0	0.0	0.00053196
90.206	0.0	0.0	0.000528766875
90.275	0.0	0.0	0.0003978731250000001
90.354	0.0	0.0	0.00025052625
90.443	0.0	0.0	8.136375000000001e-05
90.542	0.0	0.0	-0.00010450781250000001
90.612	0.0	0.0	-0.00032833125000000004
90.69	0.0	0.0	-0.0005806125
90.78	0.0	0.0	-0.00087023625
90.879	0.0	0.0	-0.0011880862500000002
90.948	0.0	0.0	-0.001359661875
91.027	0.0	0.0	-0.00155293125
91.116	0.0	0.0	-0.0017749875000000002
91.215	0.0	0.0	-0.0020191031250000003
91.284	0.0	0.0	-0.001991169375
91.363	0.0	0.0	-0.001959628125
91.453	0.0	0.0	-0.0019233581250000004
91.552	0.0	0.0	-0.0018834562500000002
91.622	0.0	0.0	-0.0016100906250000003
91.7	0.0	0.0	-0.001301844375
91.79	0.0	0.0	-0.0009476025000000001
91.889	0.0	0.0	-0.0005585287500000001
91.958	0.0	0.0	-0.00014670581250000002
92.036	0.0	0.0	0.00031826437500000003
92.126	0.0	0.0	0.0008539050000000001
92.225	0.0	0.0	0.0014435362500000001
92.294	0.0	0.0	0.001784956875
92.373	0.0	0.0	0.0021710081250000002
92.463	0.0	0.0	0.0026156812500000006
92.562	0.0	0.0	0.00310464375
92.631	0.0	0.0	0.0031646062500000002
92.709	0.0	0.0	0.0032323687500000007
92.799	0.0	0.0	0.00331036875
92.898	0.0	0.0	0.0033964125000000003
92.967	0.0	0.0	0.0030888000000000005
93.045	0.0	0.0	0.00274048125
93.136	0.0	0.0	0.0023381475000000002
93.235	0.0	0.0	0.0018950831250000005
93.304	0.0	0.0	0.00132302625
93.382	0.0	0.0	0.00067591875
93.473	0.0	0.0	-7.014150000000001e-05
93.572	0.0	0.0	-0.00089115
93.641	0.0	0.0	-0.0014552606250000004
93.719	0.0	0.0	-0.0020942268750000002
93.809	0.0	0.0	-0.0028326187500000003
93.908	0.0	0.0	-0.00364723125
93.977	0.0	0.0	-0.003901218750000001
94.055	0.0	0.0	-0.00418933125
94.145	0.0	0.0	-0.00452205
94.245	0.0	0.0	-0.004888893750000001
94.314	0.0	0.0	-0.0046509937500000004
94.392	0.0	0.0	-0.004381406250000001
94.482	0.0	0.0	-0.00406940625
94.581	0.0	0.0	-0.0037249875000000005
94.65	0.0	0.0	-0.0030568687500000004
94.728	0.0	0.0	-0.00229802625
94.818	0.0	0.0	-0.0014199168750000002
94.918	0.0	0.0	-0.0004517906250000001
94.987	0.0	0.0	0.000339275625
95.064	0.0	0.0	0.0012371043750000002
95.154	0.0	0.0	0.00227686875
95.254	0.0	0.0	0.0034251750000000004
95.323	0.0	0.0	0.00393485625
95.401	0.0	0.0	0.0045147375
95.491	0.0	0.0	0.005187487500000001
95.591	0.0	0.0	0.005930437500000001
95.66	0.0	0.0	0.005862431250000001
95.738	0.0	0.0	0.0057851625000000005
95.828	0.0	0.0	0.005695462500000001
95.928	0.0	0.0	0.00559674375
95.996	0.0	0.0	0.0049447125
96.074	0.0	0.0	0.0042027375
96.164	0.0	0.0	0.0033413250000000005
96.264	0.0	0.0	0.0023886037500000005
96.332	0.0	0.0	0.0014526525
96.41	0.0	0.0	0.00038612437499999997
96.501	0.0	0.0	-0.0008518575000000001
96.601	0.0	0.0	-0.002219295
96.669	0.0	0.0	-0.00296375625
96.747	0.0	0.0	-0.0038115187500000008
96.837	0.0	0.0	-0.004796268750000001
96.937	0.0	0.0	-0.005885831250000001
97.005	0.0	0.0	-0.0060528000000000005
97.083	0.0	0.0	-0.0062434125
97.174	0.0	0.0	-0.0064652250000000015
97.274	0.0	0.0	-0.00671068125
97.342	0.0	0.0	-0.006204168750000001
97.42	0.0	0.0	-0.005626968750000001
97.511	0.0	0.0	-0.00495616875
97.611	0.0	0.0	-0.00421468125
97.679	0.0	0.0	-0.0032998875
97.757	0.0	0.0	-0.0022554187500000004
97.847	0.0	0.0	-0.0010390331250000001
97.947	0.0	0.0	0.00030880687500000004
98.015	0.0	0.0	0.0011673675000000003
98.093	0.0	0.0	0.0021489000000000005
98.184	0.0	0.0	0.0032918437500000005
98.284	0.0	0.0	0.00455690625
98.352	0.0	0.0	0.00492765
98.429	0.0	0.0	0.005351043750000001
98.52	0.0	0.0	0.0058446375
98.62	0.0	0.0	0.006392100000000001
98.688	0.0	0.0	0.006121050000000001
98.766	0.0	0.0	0.0058105125
98.856	0.0	0.0	0.00544805625
98.957	0.0	0.0	0.005046356250000001
99.025	0.0	0.0	0.0043143750000000005
99.103	0.0	0.0	0.00347709375
99.194	0.0	0.0	0.002500875
99.294	0.0	0.0	0.0014199412500000002
99.362	0.0	0.0	0.0006375768749999999
99.439	0.0	0.0	-0.00025842375000000007
99.53	0.0	0.0	-0.00130537875
99.63	0.0	0.0	-0.0024677250000000005
99.698	0.0	0.0	-0.0029169562500000004
99.776	0.0	0.0	-0.0034320000000000006
99.866	0.0	0.0	-0.00403381875
99.967	0.0	0.0	-0.0047009625
100.035	0.0	0.0	-0.004643681250000001
100.112	0.0	0.0	-0.00457786875
100.202	0.0	0.0	-0.004501087500000001
100.303	0.0	0.0	-0.00441553125
100.371	0.0	0.0	-0.00396166875
100.448	0.0	0.0	-0.0034405312500000004
100.539	0.0	0.0	-0.00283066875
100.64	0.0	0.0	-0.002153896875
100.707	0.0	0.0	-0.0015914681250000001
100.785	0.0	0.0	-0.0009460181250000001
100.875	0.0	0.0	-0.00019022250000000002
100.976	0.0	0.0	0.0006498375000000001
101.043	0.0	0.0	0.001042981875
101.121	0.0	0.0	0.00149540625
101.212	0.0	0.0	0.0020258306250000003
101.313	0.0	0.0	0.0026154374999999997
101.381	0.0	0.0	0.002705625
101.458	0.0	0.0	0.00280921875
101.549	0.0	0.0	0.0029303625000000003
101.65	0.0	0.0	0.0030649125
101.717	0.0	0.0	0.0028786875000000006
101.794	0.0	0.0	0.00266443125
101.885	0.0	0.0	0.0024128325000000003
101.986	0.0	0.0	0.0021328125
102.053	0.0	0.0	0.0017742318750000002
102.131	0.0	0.0	0.0013610268750000002
102.222	0.0	0.0	0.0008761350000000001
102.323	0.0	0.0	0.00033705750000000004
102.39	0.0	0.0	-6.907387500000001e-05
102.467	0.0	0.0	-0.000536713125
102.558	0.0	0.0	-0.0010860525
102.659	0.0	0.0	-0.0016977918750000003
102.726	0.0	0.0	-0.001999798125
102.803	0.0	0.0	-0.0023484825
102.895	0.0	0.0	-0.00275851875
102.996	0.0	0.0	-0.00321530625
103.063	0.0	0.0	-0.0032418750000000004
103.141	0.0	0.0	-0.0032725875000000006
103.232	0.0	0.0	-0.0033086625
103.333	0.0	0.0	-0.0033486375000000004
103.4	0.0	0.0	-0.0030122625000000005
103.477	0.0	0.0	-0.0026237250000000004
103.568	0.0	0.0	-0.00216640125
103.669	0.0	0.0	-0.00165628125
103.736	0.0	0.0	-0.0010545112500000002
103.813	0.0	0.0	-0.0003588
103.904	0.0	0.0	0.000460321875
104.006	0.0	0.0	0.001372678125
104.073	0.0	0.0	0.0019491225000000004
104.15	0.0	0.0	0.00261519375
104.241	0.0	0.0	0.0034000687500000005
104.342	0.0	0.0	0.004275618750000001
104.409	0.0	0.0	0.004493043750000001
104.486	0.0	0.0	0.0047445937500000005
104.577	0.0	0.0	0.005041725
104.679	0.0	0.0	0.0053729812500000005
104.746	0.0	0.0	0.005048793750000001
104.823	0.0	0.0	0.0046736625
104.914	0.0	0.0	0.00423174375
105.016	0.0	0.0	0.0037391250000000007
105.082	0.0	0.0	0.0029871562500000002
105.159	0.0	0.0	0.0021164325000000003
105.25	0.0	0.0	0.001087636875
105.352	0.0	0.0	-6.18661875e-05
105.419	0.0	0.0	-0.0008781093750000001
105.496	0.0	0.0	-0.0018249562500000003
105.587	0.0	0.0	-0.0029432812500000006
105.689	0.0	0.0	-0.004191525
105.755	0.0	0.0	-0.0046346625
105.832	0.0	0.0	-0.00514873125
105.923	0.0	0.0	-0.005756156250000001
106.025	0.0	0.0	-0.006435487500000002
106.091	0.0	0.0	-0.0062546250000000015
106.169	0.0	0.0	-0.00604475625
106.26	0.0	0.0	-0.0057958875
106.362	0.0	0.0	-0.005518012500000001
106.429	0.0	0.0	-0.004789200000000001
106.506	0.0	0.0	-0.0039433875
106.597	0.0	0.0	-0.0029432812500000006
106.699	0.0	0.0	-0.001826296875
106.765	0.0	0.0	-0.000930661875
106.842	0.0	0.0	0.0001102603125
106.933	0.0	0.0	0.001344061875
107.035	0.0	0.0	0.002725125
107.101	0.0	0.0	0.00333279375
107.178	0.0	0.0	0.00404015625
107.27	0.0	0.0	0.00487816875
107.372	0.0	0.0	0.0058151437500000005
107.438	0.0	0.0	0.005837325000000001
107.515	0.0	0.0	0.0058634062500000006
107.606	0.0	0.0	0.005894118750000001
107.708	0.0	0.0	0.0059284875
107.774	0.0	0.0	0.005392968750000001
107.851	0.0	0.0	0.00476896875
107.943	0.0	0.0	0.0040282124999999995
108.045	0.0	0.0	0.00319970625
108.111	0.0	0.0	0.0024223143750000003
108.188	0.0	0.0	0.0015170025
108.279	0.0	0.0	0.00044167500000000004
108.381	0.0	0.0	-0.0007634006250000001
108.447	0.0	0.0	-0.0013749693750000002
108.524	0.0	0.0	-0.002089205625
108.615	0.0	0.0	-0.0029386500000000005
108.718	0.0	0.0	-0.00389049375
108.784	0.0	0.0	-0.0040589250000000006
108.861	0.0	0.0	-0.004255143750000001
108.953	0.0	0.0	-0.004488168750000001
109.055	0.0	0.0	-0.004749225000000001
109.121	0.0	0.0	-0.0044616000000000005
109.197	0.0	0.0	-0.00412546875
109.289	0.0	0.0	-0.00372523125
109.391	0.0	0.0	-0.00327624375
109.457	0.0	0.0	-0.0027509625000000006
109.534	0.0	0.0	-0.002136615
109.625	0.0	0.0	-0.00140531625
109.728	0.0	0.0	-0.0005856581250000001
109.794	0.0	0.0	-0.00012027356250000001
109.87	0.0	0.0	0.0004236131250000001
109.961	0.0	0.0	0.0010717443750000001
110.064	0.0	0.0	0.0017994112500000002
110.13	0.0	0.0	0.002005258125
110.206	0.0	0.0	0.002246473125
110.298	0.0	0.0	0.0025342687499999997
110.401	0.0	0.0	0.0028574812500000006
110.467	0.0	0.0	0.0027736312500000002
110.544	0.0	0.0	0.00267564375
110.635	0.0	0.0	0.0025586437500000007
110.738	0.0	0.0	0.0024277012500000003
110.803	0.0	0.0	0.002158138125
110.88	0.0	0.0	0.0018422625
110.971	0.0	0.0	0.0014649375
111.074	0.0	0.0	0.00104066625
111.139	0.0	0.0	0.0007205006250000001
111.216	0.0	0.0	0.00034476000000000005
111.308	0.0	0.0	-0.00010397156250000001
111.411	0.0	0.0	-0.00060786375
111.476	0.0	0.0	-0.0008627043750000001
111.553	0.0	0.0	-0.001161541875
111.644	0.0	0.0	-0.0015188306250000002
111.747	0.0	0.0	-0.0019207256250000004
111.812	0.0	0.0	-0.0020162025
111.889	0.0	0.0	-0.002128498125
111.981	0.0	0.0	-0.00226292625
112.084	0.0	0.0	-0.0024141243750000004
112.149	0.0	0.0	-0.002286155625
112.226	0.0	0.0	-0.002135908125
112.318	0.0	0.0	-0.00195628875
112.421	0.0	0.0	-0.001754415
112.486	0.0	0.0	-0.0014290818750000002
112.562	0.0	0.0	-0.0010465406250000002
112.654	0.0	0.0	-0.00058807125
112.757	0.0	0.0	-7.163325e-05
112.822	0.0	0.0	0.00031226812500000003
112.899	0.0	0.0	0.0007643512500000001
112.991	0.0	0.0	0.00130596375
113.094	0.0	0.0	0.0019152412500000001
113.159	0.0	0.0	0.0021527025
113.235	0.0	0.0	0.0024322106250000003
113.327	0.0	0.0	0.0027675375
113.43	0.0	0.0	0.00314559375
113.495	0.0	0.0	0.0030892875
113.572	0.0	0.0	0.0030232312500000002
113.664	0.0	0.0	0.0029437687500000003
113.767	0.0	0.0	0.0028543125
113.832	0.0	0.0	0.0025108687500000003
113.908	0.0	0.0	0.0021059756250000005
114.0	0.0	0.0	0.0016197431250000002
114.103	0.0	0.0	0.0010714275000000002
114.168	0.0	0.0	0.00060913125
114.244	0.0	0.0	6.28485e-05
114.336	0.0	0.0	-0.00059401875
114.44	0.0	0.0	-0.0013347749999999999
114.505	0.0	0.0	-0.0016750987500000003
114.581	0.0	0.0	-0.002076579375
114.673	0.0	0.0	-0.0025586437500000007
114.777	0.0	0.0	-0.003101962500000001
114.841	0.0	0.0	-0.0031426687500000004
114.918	0.0	0.0	-0.0031909312500000005
115.009	0.0	0.0	-0.0032489437500000003
115.113	0.0	0.0	-0.0033145125000000005
115.178	0.0	0.0	-0.0030446812500000003
115.254	0.0	0.0	-0.00272536875
115.346	0.0	0.0	-0.0023412187500000004
115.45	0.0	0.0	-0.001907855625
115.514	0.0	0.0	-0.001479196875
115.591	0.0	0.0	-0.0009722943750000001
115.682	0.0	0.0	-0.000361505625
115.786	0.0	0.0	0.000328501875
115.85	0.0	0.0	0.00069590625
115.927	0.0	0.0	0.0011315850000000003
116.019	0.0	0.0	0.0016571831250000002
116.123	0.0	0.0	0.002250958125
116.188	0.0	0.0	0.0023861175000000003
116.264	0.0	0.0	0.0025462125
116.356	0.0	0.0	0.0027387750000000006
116.46	0.0	0.0	0.0029564437500000005
116.524	0.0	0.0	0.0028172625000000002
116.6	0.0	0.0	0.00265224375
116.692	0.0	0.0	0.0024526125
116.796	0.0	0.0	0.002227119375
116.86	0.0	0.0	0.0019004943750000002
116.937	0.0	0.0	0.0015126150000000001
117.029	0.0	0.0	0.0010442737500000001
117.133	0.0	0.0	0.0005150925
117.197	0.0	0.0	0.00016014131249999998
117.273	0.0	0.0	-0.00026110500000000003
117.365	0.0	0.0	-0.00077029875
117.469	0.0	0.0	-0.0013466212500000002
117.533	0.0	0.0	-0.001575283125
117.609	0.0	0.0	-0.0018473325
117.702	0.0	0.0	-0.00217654125
117.806	0.0	0.0	-0.0025491375000000005
117.87	0.0	0.0	-0.0025506
117.946	0.0	0.0	-0.0025523062500000006
118.039	0.0	0.0	-0.0025545000000000003
118.143	0.0	0.0	-0.0025569375000000006
118.207	0.0	0.0	-0.0023205243750000003
118.283	0.0	0.0	-0.0020399681250000004
118.375	0.0	0.0	-0.0017012775000000001
118.479	0.0	0.0	-0.0013188093750000002
118.542	0.0	0.0	-0.000945189375
118.612	0.0	0.0	-0.0004996875
118.712	0.0	0.0	4.2444187500000005e-05
118.812	0.0	0.0	0.0006595875000000001
118.872	0.0	0.0	0.0010109043750000002
118.952	0.0	0.0	0.001432884375
119.042	0.0	0.0	0.0019466606250000001
119.152	0.0	0.0	0.0025298812500000006
119.222	0.0	0.0	0.00267125625
119.292	0.0	0.0	0.0028384687500000003
119.392	0.0	0.0	0.0030393187500000005
119.492	0.0	0.0	0.0032647875000000005
119.552	0.0	0.0	0.0031034250000000004
119.632	0.0	0.0	0.0029111062500000004
119.722	0.0	0.0	0.0026768625000000005
119.822	0.0	0.0	0.0024093712500000003
119.882	0.0	0.0	0.0020011875000000004
119.962	0.0	0.0	0.0015073500000000002
120.052	0.0	0.0	0.0009032887500000001
120.162	0.0	0.0	0.00021653287500000002
120.232	0.0	0.0	-0.000254450625
120.302	0.0	0.0	-0.0008118825
120.402	0.0	0.0	-0.0014819756250000003
120.502	0.0	0.0	-0.0022351875000000006
120.562	0.0	0.0	-0.00249916875
120.642	0.0	0.0	-0.00281385
120.732	0.0	0.0	-0.0031984875000000005
120.832	0.0	0.0	-0.0036384562500000007
120.892	0.0	0.0	-0.0035736187500000002
120.972	0.0	0.0	-0.0034948875
121.062	0.0	0.0	-0.0033983625000000004
121.172	0.0	0.0	-0.0032884312500000004
121.242	0.0	0.0	-0.002902575
121.312	0.0	0.0	-0.00244456875
121.412	0.0	0.0	-0.0018932550000000002
121.512	0.0	0.0	-0.0012727650000000001
121.572	0.0	0.0	-0.0007927968750000001
121.652	0.0	0.0	-0.00021912150000000003
121.742	0.0	0.0	0.00048333187500000007
121.842	0.0	0.0	0.001287463125
121.902	0.0	0.0	0.0016428018750000001
121.982	0.0	0.0	0.0020746293750000004
122.072	0.0	0.0	0.00260495625
122.182	0.0	0.0	0.00320896875
122.242	0.0	0.0	0.0032574750000000006
122.322	0.0	0.0	0.0033150000000000002
122.422	0.0	0.0	0.0033847125000000004
122.522	0.0	0.0	0.0034629562500000004
122.582	0.0	0.0	0.003202875
122.662	0.0	0.0	0.0028913625000000004
122.752	0.0	0.0	0.0025091625000000003
122.852	0.0	0.0	0.0020709975000000004
122.912	0.0	0.0	0.0016479937500000002
122.992	0.0	0.0	0.0011328281250000002
123.082	0.0	0.0	0.0004990781250000001
123.192	0.0	0.0	-0.00022372837500000002
123.252	0.0	0.0	-0.0005972362500000001
123.332	0.0	0.0	-0.00104203125
123.422	0.0	0.0	-0.0015798656250000003
123.532	0.0	0.0	-0.00218638875
123.592	0.0	0.0	-0.002315625
123.672	0.0	0.0	-0.00247089375
123.762	0.0	0.0	-0.00266150625
123.862	0.0	0.0	-0.0028803937500000002
123.922	0.0	0.0	-0.0027485250000000004
124.002	0.0	0.0	-0.00258789375
124.092	0.0	0.0	-0.002389603125
124.202	0.0	0.0	-0.0021633056250000005
124.262	0.0	0.0	-0.0018536943750000002
124.342	0.0	0.0	-0.0014842181250000002
124.432	0.0	0.0	-0.001036595625
124.542	0.0	0.0	-0.0005312775000000001
124.602	0.0	0.0	-0.00023615962500000002
124.672	0.0	0.0	0.00011893781250000001
124.772	0.0	0.0	0.0005563593750000001
124.872	0.0	0.0	0.00105870375
124.932	0.0	0.0	0.0012223087500000001
125.012	0.0	0.0	0.0014224275
125.102	0.0	0.0	0.0016695656250000003
125.212	0.0	0.0	0.0019520475000000003
125.272	0.0	0.0	0.0019255762500000001
125.352	0.0	0.0	0.0018939131250000003
125.442	0.0	0.0	0.00185547375
125.552	0.0	0.0	0.001812061875
125.612	0.0	0.0	0.0016433868750000001
125.682	0.0	0.0	0.001440001875
125.782	0.0	0.0	0.00118896375
125.882	0.0	0.0	0.0009003393750000001
125.942	0.0	0.0	0.000673261875
126.022	0.0	0.0	0.000394850625
126.112	0.0	0.0	5.0358750000000006e-05
126.222	0.0	0.0	-0.00034376062499999997
126.282	0.0	0.0	-0.00054175875
126.362	0.0	0.0	-0.0007790493750000002
126.452	0.0	0.0	-0.001067625
126.562	0.0	0.0	-0.00139410375
126.622	0.0	0.0	-0.001477441875
126.692	0.0	0.0	-0.0015781837500000002
126.792	0.0	0.0	-0.0017027400000000001
126.892	0.0	0.0	-0.0018461137500000002
126.952	0.0	0.0	-0.0017754506250000001
127.032	0.0	0.0	-0.0016886025000000002
127.122	0.0	0.0	-0.0015809381250000002
127.232	0.0	0.0	-0.0014576493750000001
127.292	0.0	0.0	-0.0012201393749999999
127.372	0.0	0.0	-0.0009349762500000002
127.462	0.0	0.0	-0.00058768125
127.572	0.0	0.0	-0.00019449056250000002
127.632	0.0	0.0	0.00011072343750000002
127.702	0.0	0.0	0.0004813331250000001
127.792	0.0	0.0	0.000941874375
127.902	0.0	0.0	0.0014735662500000002
127.962	0.0	0.0	0.0017219231250000001
128.042	0.0	0.0	0.0020256600000000003
128.132	0.0	0.0	0.00239942625
128.242	0.0	0.0	0.0028240875
128.302	0.0	0.0	0.0028455375
128.372	0.0	0.0	0.0028718625000000004
128.472	0.0	0.0	0.0029040375000000005
128.572	0.0	0.0	0.00294133125
128.632	0.0	0.0	0.00266345625
128.712	0.0	0.0	0.002320573125
128.802	0.0	0.0	0.0018938643750000001
128.912	0.0	0.0	0.001404219375
128.972	0.0	0.0	0.0008954887500000001
129.052	0.0	0.0	0.0002822625
129.142	0.0	0.0	-0.000467341875
129.252	0.0	0.0	-0.0013177856250000002
129.312	0.0	0.0	-0.0017812762500000003
129.382	0.0	0.0	-0.002344875
129.472	0.0	0.0	-0.0030456562500000006
129.582	0.0	0.0	-0.00385441875
129.642	0.0	0.0	-0.004032356250000001
129.722	0.0	0.0	-0.0042524625
129.812	0.0	0.0	-0.00452668125
129.922	0.0	0.0	-0.0048413625
129.982	0.0	0.0	-0.004559100000000001
130.062	0.0	0.0	-0.0042180937500000005
130.152	0.0	0.0	-0.00380030625
130.262	0.0	0.0	-0.003325968750000001
130.322	0.0	0.0	-0.0026968500000000006
130.392	0.0	0.0	-0.001930305
130.482	0.0	0.0	-0.0009752193750000001
130.592	0.0	0.0	0.0001281759375
130.652	0.0	0.0	0.0008399137500000001
130.732	0.0	0.0	0.0017216793750000003
130.822	0.0	0.0	0.002822625
130.932	0.0	0.0	0.004088175
130.992	0.0	0.0	0.0045045
131.072	0.0	0.0	0.00500833125
131.162	0.0	0.0	0.005626725
131.272	0.0	0.0	0.006329700000000001
131.332	0.0	0.0	0.006183450000000001
131.402	0.0	0.0	0.006004781250000001
131.492	0.0	0.0	0.0057819937500000005
131.602	0.0	0.0	0.005524106250000001
131.662	0.0	0.0	0.00485355
131.742	0.0	0.0	0.00402065625
131.832	0.0	0.0	0.0029788687500000004
131.942	0.0	0.0	0.0017800575
132.002	0.0	0.0	0.000873526875
132.082	0.0	0.0	-0.00022635356250000002
132.172	0.0	0.0	-0.0015786468750000001
132.282	0.0	0.0	-0.00311780625
132.342	0.0	0.0	-0.0037422937500000003
132.412	0.0	0.0	-0.0045069375
132.502	0.0	0.0	-0.0054634125000000006
132.612	0.0	0.0	-0.006570768750000002
132.672	0.0	0.0	-0.006631218750000001
132.752	0.0	0.0	-0.006706781250000001
132.842	0.0	0.0	-0.0068011125
132.952	0.0	0.0	-0.0069100687500000015
133.012	0.0	0.0	-0.0063299437500000015
133.092	0.0	0.0	-0.00562453125
133.182	0.0	0.0	-0.0047555625
133.292	0.0	0.0	-0.00376569375
133.352	0.0	0.0	-0.0028903875
133.422	0.0	0.0	-0.001816156875
133.512	0.0	0.0	-0.00046975500000000003
133.622	0.0	0.0	0.0010906106250000002
133.682	0.0	0.0	0.0018606412500000002
133.762	0.0	0.0	0.0028211625
133.852	0.0	0.0	0.00402748125
133.962	0.0	0.0	0.005418562500000001
134.022	0.0	0.0	0.0056918062500000005
134.102	0.0	0.0	0.006024768750000001
134.192	0.0	0.0	0.00643573125
134.302	0.0	0.0	0.00690421875
134.362	0.0	0.0	0.0065668687500000005
134.432	0.0	0.0	0.0061517625000000005
134.522	0.0	0.0	0.00563038125
134.632	0.0	0.0	0.005025637500000001
134.692	0.0	0.0	0.0042841500000000005
134.772	0.0	0.0	0.0033571687500000003
134.862	0.0	0.0	0.002190435
134.972	0.0	0.0	0.000843838125
135.032	0.0	0.0	7.137000000000002e-05
135.112	0.0	0.0	-0.0008720643750000001
135.202	0.0	0.0	-0.002038749375
135.312	0.0	0.0	-0.0033708187500000007
135.372	0.0	0.0	-0.003750825
135.442	0.0	0.0	-0.00421955625
135.532	0.0	0.0	-0.004809187500000001
135.642	0.0	0.0	-0.005494125000000001
135.702	0.0	0.0	-0.0053788312500000005
135.782	0.0	0.0	-0.0052342875
135.872	0.0	0.0	-0.005052206250000001
135.982	0.0	0.0	-0.00484185
136.042	0.0	0.0	-0.0043216875
136.122	0.0	0.0	-0.0036850125000000007
136.212	0.0	0.0	-0.0028962375000000005
136.322	0.0	0.0	-0.0019949475
136.382	0.0	0.0	-0.001415188125
136.452	0.0	0.0	-0.00069873375
136.542	0.0	0.0	0.00020469881250000002
136.652	0.0	0.0	0.0012549712500000002
136.712	0.0	0.0	0.0016407056250000002
136.792	0.0	0.0	0.00212525625
136.882	0.0	0.0	0.0027373125
136.992	0.0	0.0	0.0034451625000000005
137.052	0.0	0.0	0.0034797750000000005
137.132	0.0	0.0	0.00352243125
137.222	0.0	0.0	0.0035753250000000003
137.332	0.0	0.0	0.003635775
137.392	0.0	0.0	0.00337520625
137.462	0.0	0.0	0.0030522375000000003
137.552	0.0	0.0	0.0026444437500000003
137.662	0.0	0.0	0.0021696675
137.722	0.0	0.0	0.0017901487500000001
137.792	0.0	0.0	0.001312276875
137.892	0.0	0.0	0.0007074843750000001
138.002	0.0	0.0	7.286662500000002e-06
138.062	0.0	0.0	-0.00030273750000000003
138.142	0.0	0.0	-0.0006839137500000001
138.232	0.0	0.0	-0.00115805625
138.342	0.0	0.0	-0.0017010337500000003
138.402	0.0	0.0	-0.0018034575000000002
138.472	0.0	0.0	-0.0019306706250000005
138.562	0.0	0.0	-0.002091691875
138.672	0.0	0.0	-0.002279281875
138.732	0.0	0.0	-0.0021877050000000003
138.802	0.0	0.0	-0.00207211875
138.902	0.0	0.0	-0.0019255518750000001
139.012	0.0	0.0	-0.0017556825000000003
139.072	0.0	0.0	-0.00153547875
139.152	0.0	0.0	-0.00126413625
139.242	0.0	0.0	-0.0009259575000000001
139.352	0.0	0.0	-0.0005382975
139.412	0.0	0.0	-0.00031777687500000006
139.482	0.0	0.0	-4.33168125e-05
139.572	0.0	0.0	0.00030485812499999996
139.682	0.0	0.0	0.0007108481250000001
139.742	0.0	0.0	0.0008538806250000001
139.812	0.0	0.0	0.0010347918750000002
139.912	0.0	0.0	0.0012646481249999999
140.022	0.0	0.0	0.0015312862500000003
140.082	0.0	0.0	0.00153879375
140.162	0.0	0.0	0.001548031875
140.252	0.0	0.0	0.0015595612500000004
140.362	0.0	0.0	0.0015728212500000002
140.422	0.0	0.0	0.0014531400000000003
140.492	0.0	0.0	0.00130381875
140.582	0.0	0.0	0.0011140350000000002
140.692	0.0	0.0	0.0008924906250000001
140.752	0.0	0.0	0.0007028775000000001
140.822	0.0	0.0	0.00046246687500000005
140.922	0.0	0.0	0.00015640218750000002
141.032	0.0	0.0	-0.00019899993750000005
141.092	0.0	0.0	-0.000371011875
141.172	0.0	0.0	-0.0005839275
141.262	0.0	0.0	-0.0008502975
141.372	0.0	0.0	-0.00115630125
141.432	0.0	0.0	-0.0012204562500000003
141.502	0.0	0.0	-0.0013006987500000001
141.592	0.0	0.0	-0.00140287875
141.702	0.0	0.0	-0.0015222918750000002
141.762	0.0	0.0	-0.001459843125
141.832	0.0	0.0	-0.0013804781250000002
141.932	0.0	0.0	-0.001279224375
142.042	0.0	0.0	-0.001161541875
142.102	0.0	0.0	-0.000995938125
142.182	0.0	0.0	-0.00079053
142.272	0.0	0.0	-0.000533203125
142.382	0.0	0.0	-0.00023737837500000002
142.442	0.0	0.0	-5.7420187500000005e-05
142.512	0.0	0.0	0.000168777375
142.602	0.0	0.0	0.00045825000000000005
142.712	0.0	0.0	0.0007975256250000001
142.772	0.0	0.0	0.0009269081250000001
142.842	0.0	0.0	0.0010905131250000001
142.942	0.0	0.0	0.001297603125
143.052	0.0	0.0	0.0015364537500000002
143.112	0.0	0.0	0.001545594375
143.182	0.0	0.0	0.00155702625
143.272	0.0	0.0	0.0015716025000000002
143.382	0.0	0.0	0.001588640625
143.442	0.0	0.0	0.00145796625
143.512	0.0	0.0	0.0012910950000000001
143.612	0.0	0.0	0.0010774725000000003
143.722	0.0	0.0	0.0008287012500000001
143.782	0.0	0.0	0.0005893875000000001
143.862	0.0	0.0	0.000291305625
143.952	0.0	0.0	-8.350631250000001e-05
144.062	0.0	0.0	-0.000515263125
144.122	0.0	0.0	-0.0007410731250000001
144.192	0.0	0.0	-0.0010253587500000001
144.282	0.0	0.0	-0.001389350625
144.392	0.0	0.0	-0.0018158400000000004
144.452	0.0	0.0	-0.0019198237500000002
144.522	0.0	0.0	-0.002052838125
144.622	0.0	0.0	-0.0022233656250000003
144.732	0.0	0.0	-0.00242214375
144.792	0.0	0.0	-0.0023123343750000003
144.872	0.0	0.0	-0.00217527375
144.962	0.0	0.0	-0.0020026012500000004
145.072	0.0	0.0	-0.001803481875
145.132	0.0	0.0	-0.0015156131250000002
145.202	0.0	0.0	-0.00115240125
145.292	0.0	0.0	-0.0006863512500000001
145.402	0.0	0.0	-0.0001397565
145.462	0.0	0.0	0.00021196500000000002
145.532	0.0	0.0	0.0006630000000000002
145.632	0.0	0.0	0.0012423450000000002
145.742	0.0	0.0	0.0019182150000000005
145.802	0.0	0.0	0.0021507037500000004
145.882	0.0	0.0	0.0024416437500000003
145.972	0.0	0.0	0.00280873125
146.082	0.0	0.0	0.0032326125000000008
146.142	0.0	0.0	0.003195075
146.212	0.0	0.0	0.0031477875
146.302	0.0	0.0	0.00308685
146.412	0.0	0.0	0.0030151875000000005
146.472	0.0	0.0	0.0027041625
146.542	0.0	0.0	0.0023042662500000004
146.642	0.0	0.0	0.0017896612500000002
146.752	0.0	0.0	0.0011887200000000003
146.812	0.0	0.0	0.000727959375
146.892	0.0	0.0	0.0001501280625
146.982	0.0	0.0	-0.0005807343750000001
147.092	0.0	0.0	-0.001425181875
147.152	0.0	0.0	-0.0017731106250000002
147.222	0.0	0.0	-0.0022143468750000003
147.312	0.0	0.0	-0.0027826500000000007
147.422	0.0	0.0	-0.0034507687500000004
147.482	0.0	0.0	-0.0035256000000000007
147.552	0.0	0.0	-0.0036221250000000003
147.652	0.0	0.0	-0.0037466812500000007
147.762	0.0	0.0	-0.003891956250000001
147.822	0.0	0.0	-0.0036228562500000006
147.892	0.0	0.0	-0.003284775
147.992	0.0	0.0	-0.00285601875
148.102	0.0	0.0	-0.00236032875
148.162	0.0	0.0	-0.0018990806250000001
148.232	0.0	0.0	-0.00131274
148.322	0.0	0.0	-0.00055589625
148.432	0.0	0.0	0.00033447375000000005
148.492	0.0	0.0	0.0007837781250000001
148.562	0.0	0.0	0.00136422
148.662	0.0	0.0	0.00211414125
148.772	0.0	0.0	0.0029915437500000006
148.832	0.0	0.0	0.00319970625
148.902	0.0	0.0	0.0034617375000000005
149.002	0.0	0.0	0.0037947000000000002
149.112	0.0	0.0	0.004179825
149.172	0.0	0.0	0.004036500000000001
149.242	0.0	0.0	0.0038536875000000003
149.332	0.0	0.0	0.0036174937500000003
149.442	0.0	0.0	0.0033391312500000007
149.502	0.0	0.0	0.0029184187500000004
149.572	0.0	0.0	0.0023739300000000002
149.672	0.0	0.0	0.0016689806250000001
149.782	0.0	0.0	0.0008433262500000002
149.842	0.0	0.0	0.0003385200000000001
149.912	0.0	0.0	-0.00029903250000000003
150.012	0.0	0.0	-0.0011101350000000002
150.122	0.0	0.0	-0.002050108125
150.182	0.0	0.0	-0.002358110625
150.252	0.0	0.0	-0.0027516937500000004
150.342	0.0	0.0	-0.00326161875
150.452	0.0	0.0	-0.0038627062500000003
150.512	0.0	0.0	-0.0038546625000000006
150.582	0.0	0.0	-0.00384418125
150.682	0.0	0.0	-0.0038307750000000007
150.792	0.0	0.0	-0.0038146875000000004
150.852	0.0	0.0	-0.0034802625
150.922	0.0	0.0	-0.0030568687500000004
151.022	0.0	0.0	-0.0025169625
151.132	0.0	0.0	-0.0018908175000000003
151.192	0.0	0.0	-0.00142969125
151.262	0.0	0.0	-0.000839011875
151.352	0.0	0.0	-7.200618750000001e-05
151.462	0.0	0.0	0.0008330156250000001
151.522	0.0	0.0	0.0012200662500000002
151.592	0.0	0.0	0.0017238243750000003
151.692	0.0	0.0	0.0023784637500000004
151.802	0.0	0.0	0.0031465687500000007
151.862	0.0	0.0	0.0032682
151.932	0.0	0.0	0.0034224937500000004
152.032	0.0	0.0	0.0036194437500000004
152.142	0.0	0.0	0.003848325
152.202	0.0	0.0	0.0036547875000000002
152.272	0.0	0.0	0.0034064062500000006
152.362	0.0	0.0	0.0030834375000000002
152.472	0.0	0.0	0.0027017250000000003
152.532	0.0	0.0	0.00229685625
152.602	0.0	0.0	0.0017687475000000002
152.702	0.0	0.0	0.00108108
152.812	0.0	0.0	0.000273365625
152.872	0.0	0.0	-0.00015120543750000003
152.942	0.0	0.0	-0.000691275
153.042	0.0	0.0	-0.001382355
153.152	0.0	0.0	-0.0021856087500000004
153.212	0.0	0.0	-0.002398036875
153.282	0.0	0.0	-0.0026715000000000003
153.372	0.0	0.0	-0.00302810625
153.482	0.0	0.0	-0.0034495500000000004
153.542	0.0	0.0	-0.003380081250000001
153.612	0.0	0.0	-0.0032891625000000006
153.712	0.0	0.0	-0.00317045625
153.822	0.0	0.0	-0.00303103125
153.882	0.0	0.0	-0.0027107437500000003
153.952	0.0	0.0	-0.0023020237500000003
154.052	0.0	0.0	-0.0017781075000000003
154.162	0.0	0.0	-0.0011685375
154.222	0.0	0.0	-0.0007928456250000001
154.292	0.0	0.0	-0.000307929375
154.382	0.0	0.0	0.00032555250000000006
154.492	0.0	0.0	0.0010752300000000002
154.552	0.0	0.0	0.001344793125
154.622	0.0	0.0	0.0016982306250000003
154.722	0.0	0.0	0.00216025875
154.832	0.0	0.0	0.0027039187500000005
154.892	0.0	0.0	0.0027390187500000002
154.962	0.0	0.0	0.00278386875
155.062	0.0	0.0	0.0028413937500000007
155.172	0.0	0.0	0.0029084250000000005
155.232	0.0	0.0	0.00271513125
155.302	0.0	0.0	0.0024652874999999998
155.392	0.0	0.0	0.002138053125
155.502	0.0	0.0	0.00175046625
155.562	0.0	0.0	0.00143680875
155.632	0.0	0.0	0.001024505625
155.732	0.0	0.0	0.00048450187500000006
155.842	0.0	0.0	-0.00015162956250000002
155.902	0.0	0.0	-0.00043377750000000005
155.972	0.0	0.0	-0.0007951125
156.072	0.0	0.0	-0.0012599437500000002
156.182	0.0	0.0	-0.0018017025
156.232	0.0	0.0	-0.0019053937500000005
156.312	0.0	0.0	-0.002040309375
156.402	0.0	0.0	-0.0022177593750000004
156.512	0.0	0.0	-0.002428603125
156.572	0.0	0.0	-0.002336416875
156.642	0.0	0.0	-0.002215906875
156.742	0.0	0.0	-0.0020592731250000003
156.852	0.0	0.0	-0.001876168125
156.912	0.0	0.0	-0.0016533318750000003
156.982	0.0	0.0	-0.00136504875
157.072	0.0	0.0	-0.0009874068750000003
157.182	0.0	0.0	-0.000539686875
157.242	0.0	0.0	-0.00029791125
157.312	0.0	0.0	2.1521175e-05
157.412	0.0	0.0	0.00044143125
157.522	0.0	0.0	0.0009369506250000002
157.582	0.0	0.0	0.0010868812500000001
157.652	0.0	0.0	0.001279785
157.752	0.0	0.0	0.0015288487500000002
157.862	0.0	0.0	0.00181969125
157.912	0.0	0.0	0.0018113793750000001
157.992	0.0	0.0	0.0018005568750000002
158.082	0.0	0.0	0.0017863218750000002
158.192	0.0	0.0	0.0017694056250000003
158.252	0.0	0.0	0.0016279575000000001
158.322	0.0	0.0	0.00144070875
158.422	0.0	0.0	0.0011942287500000001
158.532	0.0	0.0	0.0009031181250000001
158.592	0.0	0.0	0.0006972225
158.662	0.0	0.0	0.00043168125000000003
158.762	0.0	0.0	8.815462500000002e-05
158.872	0.0	0.0	-0.000313365
158.922	0.0	0.0	-0.00046909687500000004
159.002	0.0	0.0	-0.0006725062500000001
159.092	0.0	0.0	-0.0009407775000000002
159.202	0.0	0.0	-0.0012596999999999999
159.262	0.0	0.0	-0.0013097175
159.332	0.0	0.0	-0.0013760662499999999
159.432	0.0	0.0	-0.0014636212500000003
159.542	0.0	0.0	-0.001567093125
159.602	0.0	0.0	-0.001488995625
159.672	0.0	0.0	-0.001388034375
159.772	0.0	0.0	-0.001257140625
159.882	0.0	0.0	-0.0011040412500000001
159.932	0.0	0.0	-0.0009516731250000001
160.002	0.0	0.0	-0.0007520906250000001
160.102	0.0	0.0	-0.0004883775000000001
160.212	0.0	0.0	-0.0001745518125
160.272	0.0	0.0	-1.7392537500000003e-05
160.342	0.0	0.0	0.00019170693750000003
160.442	0.0	0.0	0.00046807312500000005
160.552	0.0	0.0	0.0007950637500000001
160.612	0.0	0.0	0.0008821068750000001
160.682	0.0	0.0	0.000994914375
160.782	0.0	0.0	0.0011414325000000001
160.892	0.0	0.0	0.0013130081250000002
160.942	0.0	0.0	0.001289998125
161.012	0.0	0.0	0.0012597975000000002
161.112	0.0	0.0	0.00121977375
161.222	0.0	0.0	0.001172120625
161.272	0.0	0.0	0.001061604375
161.352	0.0	0.0	0.0009141356250000002
161.452	0.0	0.0	0.0007188918750000001
161.562	0.0	0.0	0.00048764625000000003
161.622	0.0	0.0	0.00034493062500000007
161.692	0.0	0.0	0.00015947831249999998
161.792	0.0	0.0	-8.18439375e-05
161.902	0.0	0.0	-0.00036472312500000005
161.952	0.0	0.0	-0.000458445
162.022	0.0	0.0	-0.0005818312500000001
162.122	0.0	0.0	-0.000745558125
162.232	0.0	0.0	-0.0009407287500000001
162.282	0.0	0.0	-0.000954354375
162.362	0.0	0.0	-0.000972586875
162.452	0.0	0.0	-0.0009967425
162.572	0.0	0.0	-0.0010254075
162.632	0.0	0.0	-0.0009573768750000001
162.702	0.0	0.0	-0.0008687737500000001
162.802	0.0	0.0	-0.0007532362500000001
162.912	0.0	0.0	-0.0006176868750000001
162.962	0.0	0.0	-0.00051611625
163.032	0.0	0.0	-0.000382029375
163.132	0.0	0.0	-0.00020375550000000002
163.242	0.0	0.0	8.995350000000002e-06
163.292	0.0	0.0	0.0001002616875
163.372	0.0	0.0	0.0002226534375
163.462	0.0	0.0	0.00038534437500000005
163.582	0.0	0.0	0.0005784187500000001
163.642	0.0	0.0	0.00062190375
163.712	0.0	0.0	0.0006786731250000001
163.812	0.0	0.0	0.00075284625
163.922	0.0	0.0	0.0008399381250000001
163.972	0.0	0.0	0.000820048125
164.042	0.0	0.0	0.0007936987500000001
164.142	0.0	0.0	0.000758574375
164.252	0.0	0.0	0.0007166493750000001
164.302	0.0	0.0	0.0006410625
164.382	0.0	0.0	0.00053941875
164.472	0.0	0.0	0.00040404000000000004
164.592	0.0	0.0	0.00024326006250000002
164.652	0.0	0.0	0.00013364325000000003
164.722	0.0	0.0	-9.85261875e-06
164.822	0.0	0.0	-0.00019768125
164.932	0.0	0.0	-0.00041849437500000007
164.982	0.0	0.0	-0.0005083162500000001
165.052	0.0	0.0	-0.0006275587500000001
165.152	0.0	0.0	-0.0007867031250000002
165.262	0.0	0.0	-0.00097699875
165.312	0.0	0.0	-0.0010035431250000001
165.392	0.0	0.0	-0.0010393256250000001
165.482	0.0	0.0	-0.001087051875
165.602	0.0	0.0	-0.00114382125
165.662	0.0	0.0	-0.0010712325
165.732	0.0	0.0	-0.0009759993750000001
165.832	0.0	0.0	-0.0008510775000000002
165.942	0.0	0.0	-0.000704071875
165.992	0.0	0.0	-0.0005585775
166.062	0.0	0.0	-0.0003649181250000001
166.162	0.0	0.0	-0.00010591181250000002
166.272	0.0	0.0	0.000204082125
166.322	0.0	0.0	0.00036460125
166.402	0.0	0.0	0.000581611875
166.492	0.0	0.0	0.0008717718750000001
166.612	0.0	0.0	0.0012170437500000002
166.672	0.0	0.0	0.001303453125
166.742	0.0	0.0	0.0014171625000000002
166.842	0.0	0.0	0.0015665812500000001
166.952	0.0	0.0	0.0017425687500000002
167.002	0.0	0.0	0.0016915031250000002
167.072	0.0	0.0	0.0016233018750000001
167.172	0.0	0.0	0.0015319443750000002
167.282	0.0	0.0	0.0014224762500000003
167.332	0.0	0.0	0.001243125
167.412	0.0	0.0	0.0010000575000000001
167.502	0.0	0.0	0.000674383125
167.622	0.0	0.0	0.00028650375000000006
167.682	0.0	0.0	5.3832187500000005e-05
167.752	0.0	0.0	-0.00025306125000000004
167.852	0.0	0.0	-0.00065715
167.962	0.0	0.0	-0.001133535
168.012	0.0	0.0	-0.0012827587500000002
168.082	0.0	0.0	-0.00148243875
168.182	0.0	0.0	-0.0017506125
168.292	0.0	0.0	-0.002072191875
168.342	0.0	0.0	-0.002066195625
168.422	0.0	0.0	-0.0020580543750000004
168.512	0.0	0.0	-0.0020471100000000004
168.632	0.0	0.0	-0.002034069375
168.692	0.0	0.0	-0.0018562537500000002
168.762	0.0	0.0	-0.001621059375
168.862	0.0	0.0	-0.001310814375
168.972	0.0	0.0	-0.0009447018750000001
169.022	0.0	0.0	-0.0006987581250000001
169.092	0.0	0.0	-0.00036869625000000004
169.192	0.0	0.0	7.54040625e-05
169.302	0.0	0.0	0.0006084487500000001
169.352	0.0	0.0	0.0008116143750000001
169.432	0.0	0.0	0.0010885143750000003
169.522	0.0	0.0	0.0014609156250000002
169.642	0.0	0.0	0.001905271875
169.702	0.0	0.0	0.001957824375
169.772	0.0	0.0	0.002027488125
169.872	0.0	0.0	0.0021195525
169.982	0.0	0.0	0.0022283137500000005
170.032	0.0	0.0	0.002108851875
170.102	0.0	0.0	0.00194809875
170.202	0.0	0.0	0.0017313806250000001
170.312	0.0	0.0	0.0014710068750000002
170.362	0.0	0.0	0.0012464156250000002
170.442	0.0	0.0	0.0009395343750000001
170.532	0.0	0.0	0.0005259637500000001
170.652	0.0	0.0	3.20263125e-05
170.712	0.0	0.0	-0.00018456506250000003
170.782	0.0	0.0	-0.0004723387500000001
170.882	0.0	0.0	-0.00085327125
170.992	0.0	0.0	-0.0013035506250000002
171.042	0.0	0.0	-0.001391008125
171.112	0.0	0.0	-0.0015093731250000004
171.212	0.0	0.0	-0.0016697606250000003
171.322	0.0	0.0	-0.0018629812500000002
171.372	0.0	0.0	-0.0018036525
171.452	0.0	0.0	-0.0017230443750000002
171.542	0.0	0.0	-0.0016152825000000004
171.662	0.0	0.0	-0.00148750875
171.712	0.0	0.0	-0.00133185
171.782	0.0	0.0	-0.00112242
171.882	0.0	0.0	-0.00083981625
171.992	0.0	0.0	-0.0005000775000000001
172.042	0.0	0.0	-0.00033769125
172.122	0.0	0.0	-0.00011458443750000001
172.212	0.0	0.0	0.0001871878125
172.332	0.0	0.0	0.00054819375
172.382	0.0	0.0	0.0006372600000000001
172.462	0.0	0.0	0.000756136875
172.552	0.0	0.0	0.00091411125
172.672	0.0	0.0	0.001101165
172.722	0.0	0.0	0.00108493125
172.792	0.0	0.0	0.001062920625
172.892	0.0	0.0	0.001033085625
173.002	0.0	0.0	0.0009971568749999999
173.052	0.0	0.0	0.0009156956250000001
173.122	0.0	0.0	0.000803595
173.222	0.0	0.0	0.000651714375
173.342	0.0	0.0	0.000469876875
173.392	0.0	0.0	0.00038310187500000003
173.472	0.0	0.0	0.000266930625
173.562	0.0	0.0	0.00011227612500000002
173.682	0.0	0.0	-7.102875000000001e-05
173.732	0.0	0.0	-0.00010719150000000002
173.802	0.0	0.0	-0.0001563534375
173.902	0.0	0.0	-0.00022313606250000005
174.012	0.0	0.0	-0.00030363937500000004
174.062	0.0	0.0	-0.000290964375
174.132	0.0	0.0	-0.00027346312500000004
174.232	0.0	0.0	-0.0002496975
174.352	0.0	0.0	-0.00022122506250000002
174.402	0.0	0.0	-0.000194653875
174.482	0.0	0.0	-0.00015898593750000005
174.572	0.0	0.0	-0.00011141325
174.692	0.0	0.0	-5.49729375e-05
174.742	0.0	0.0	-5.19065625e-05
174.812	0.0	0.0	-4.772625000000001e-05
174.912	0.0	0.0	-4.2037125e-05
175.022	0.0	0.0	-3.5173125000000006e-05
175.072	0.0	0.0	-2.4672375e-06
175.142	0.0	0.0	4.28025e-05
175.242	0.0	0.0	0.0001043713125
175.362	0.0	0.0	0.000178215375
175.412	0.0	0.0	0.00022711893750000002
175.492	0.0	0.0	0.00029293875
175.582	0.0	0.0	0.0003808837500000001
175.702	0.0	0.0	0.000485330625
175.752	0.0	0.0	0.0005044650000000001
175.822	0.0	0.0	0.000530595
175.922	0.0	0.0	0.0005662556250000001
176.032	0.0	0.0	0.000609301875
176.082	0.0	0.0	0.000570838125
176.152	0.0	0.0	0.0005174325
176.252	0.0	0.0	0.00044467312500000007
176.372	0.0	0.0	0.00035731312500000004
176.422	0.0	0.0	0.00026658937500000004
176.502	0.0	0.0	0.000144183
176.592	0.0	0.0	-1.973083125e-05
176.712	0.0	0.0	-0.00021457068750000002
176.762	0.0	0.0	-0.00030264
176.832	0.0	0.0	-0.000423369375
176.932	0.0	0.0	-0.0005883881250000001
177.042	0.0	0.0	-0.0007878731250000001
177.092	0.0	0.0	-0.000825410625
177.162	0.0	0.0	-0.0008776706250000001
177.262	0.0	0.0	-0.00094901625
177.382	0.0	0.0	-0.001034743125
177.432	0.0	0.0	-0.0009891131250000002
177.512	0.0	0.0	-0.00092737125
177.602	0.0	0.0	-0.0008445206250000001
177.722	0.0	0.0	-0.0007459725000000001
177.772	0.0	0.0	-0.0006422081250000001
177.842	0.0	0.0	-0.00049954125
177.932	0.0	0.0	-0.00030415125000000004
178.052	0.0	0.0	-6.7757625e-05
178.102	0.0	0.0	4.5137625e-05
178.172	0.0	0.0	0.00020273662500000004
178.272	0.0	0.0	0.00041832375000000005
178.392	0.0	0.0	0.000677625
178.442	0.0	0.0	0.0007392206250000001
178.522	0.0	0.0	0.0008228025000000001
178.612	0.0	0.0	0.0009351712500000001
178.732	0.0	0.0	0.0010689656250000002
178.782	0.0	0.0	0.0010462725
178.852	0.0	0.0	0.0010149993750000002
178.942	0.0	0.0	0.000972050625
179.062	0.0	0.0	0.0009200587500000001
179.112	0.0	0.0	0.0008321868750000001
179.182	0.0	0.0	0.000709141875
179.282	0.0	0.0	0.00054049125
179.402	0.0	0.0	0.00033749625000000004
179.452	0.0	0.0	0.000231621
179.532	0.0	0.0	8.76013125e-05
179.622	0.0	0.0	-0.00010637250000000003
179.742	0.0	0.0	-0.00033759375
179.792	0.0	0.0	-0.000398068125
179.862	0.0	0.0	-0.00048174750000000004
179.952	0.0	0.0	-0.000596773125
180.072	0.0	0.0	-0.0007362225
180.122	0.0	0.0	-0.0007341262500000002
180.192	0.0	0.0	-0.0007312012500000001
180.292	0.0	0.0	-0.000727179375
180.412	0.0	0.0	-0.0007223531250000001
180.462	0.0	0.0	-0.000667850625
180.542	0.0	0.0	-0.0005935068750000001
180.632	0.0	0.0	-0.0004932037500000001
180.752	0.0	0.0	-0.00037352250000000005
180.802	0.0	0.0	-0.00031165875
180.872	0.0	0.0	-0.00022586118750000003
180.962	0.0	0.0	-0.00010764975000000001
181.082	0.0	0.0	3.57800625e-05
181.132	0.0	0.0	7.473131250000001e-05
181.202	0.0	0.0	0.0001295701875
181.302	0.0	0.0	0.00020503518750000001
181.422	0.0	0.0	0.00029603437500000005
181.472	0.0	0.0	0.000301445625
181.552	0.0	0.0	0.00030888000000000004
181.642	0.0	0.0	0.00031889812500000006
181.762	0.0	0.0	0.00033086625000000006
181.812	0.0	0.0	0.000316704375
181.882	0.0	0.0	0.00029698500000000004
181.972	0.0	0.0	0.0002697825
182.092	0.0	0.0	0.00023675193750000002
182.142	0.0	0.0	0.00021195037500000002
182.212	0.0	0.0	0.00017692837500000004
182.312	0.0	0.0	0.00012864150000000004
182.432	0.0	0.0	7.03584375e-05
182.482	0.0	0.0	2.8143375000000004e-05
182.552	0.0	0.0	-2.9754562500000002e-05
182.652	0.0	0.0	-0.00010819331250000002
182.772	0.0	0.0	-0.0002019493125
182.822	0.0	0.0	-0.000246699375
182.892	0.0	0.0	-0.00030912375
182.982	0.0	0.0	-0.00039548437500000006
183.102	0.0	0.0	-0.000500443125
183.152	0.0	0.0	-0.000518968125
183.222	0.0	0.0	-0.00054517125
183.322	0.0	0.0	-0.0005813925000000001
183.442	0.0	0.0	-0.00062512125
183.492	0.0	0.0	-0.0005877056250000001
183.562	0.0	0.0	-0.0005362256250000001
183.662	0.0	0.0	-0.0004663425000000001
183.782	0.0	0.0	-0.00038273625000000003
183.832	0.0	0.0	-0.00029835000000000007
183.902	0.0	0.0	-0.0001802311875
183.992	0.0	0.0	-1.65033375e-05
184.112	0.0	0.0	0.0001826979375
184.162	0.0	0.0	0.00027953250000000004
184.232	0.0	0.0	0.00041708062500000006
184.332	0.0	0.0	0.0006074981250000001
184.452	0.0	0.0	0.0008376956250000001
184.502	0.0	0.0	0.0008891756250000001
184.572	0.0	0.0	0.0009601556250000001
184.672	0.0	0.0	0.0010566806250000003
184.792	0.0	0.0	0.00117229125
184.842	0.0	0.0	0.001136094375
184.912	0.0	0.0	0.001085296875
185.002	0.0	0.0	0.0010147312500000001
185.122	0.0	0.0	0.0009288093750000001
185.172	0.0	0.0	0.0008096887500000002
185.242	0.0	0.0	0.000640014375
185.342	0.0	0.0	0.00040469812500000004
185.462	0.0	0.0	0.00011992012500000002
185.512	0.0	0.0	-3.3281625000000005e-05
185.582	0.0	0.0	-0.000245041875
185.682	0.0	0.0	-0.000533495625
185.802	0.0	0.0	-0.0008791087500000001
185.852	0.0	0.0	-0.0009742687500000002
185.922	0.0	0.0	-0.0011086725000000002
186.012	0.0	0.0	-0.0012962625
186.132	0.0	0.0	-0.00152533875
186.182	0.0	0.0	-0.00151529625
186.252	0.0	0.0	-0.0015011100000000002
186.352	0.0	0.0	-0.0014815612500000002
186.472	0.0	0.0	-0.0014580881250000001
186.522	0.0	0.0	-0.001338406875
186.592	0.0	0.0	-0.00117043875
186.682	0.0	0.0	-0.000936975
186.802	0.0	0.0	-0.00065247
186.852	0.0	0.0	-0.00047424
186.922	0.0	0.0	-0.00021890456250000005
187.022	0.0	0.0	0.00013654631250000003
187.142	0.0	0.0	0.000567425625
187.192	0.0	0.0	0.00071930625
187.262	0.0	0.0	0.0009303693750000001
187.362	0.0	0.0	0.00121889625
187.482	0.0	0.0	0.0015652406250000002
187.532	0.0	0.0	0.0016019250000000004
187.602	0.0	0.0	0.001653819375
187.692	0.0	0.0	0.0017262862500000001
187.812	0.0	0.0	0.0018147431250000003
187.862	0.0	0.0	0.0017208993750000001
187.932	0.0	0.0	0.0015861543750000002
188.032	0.0	0.0	0.0013982718750000002
188.152	0.0	0.0	0.0011703900000000003
188.202	0.0	0.0	0.0009805087500000002
188.272	0.0	0.0	0.0007159425000000001
188.372	0.0	0.0	0.000353510625
188.492	0.0	0.0	-8.194387500000001e-05
188.542	0.0	0.0	-0.00025813125
188.612	0.0	0.0	-0.0005081700000000001
188.702	0.0	0.0	-0.0008580975000000001
188.822	0.0	0.0	-0.001285610625
188.872	0.0	0.0	-0.0013745550000000002
188.942	0.0	0.0	-0.0015026212500000003
189.042	0.0	0.0	-0.0016815581250000002
189.162	0.0	0.0	-0.0018987881250000004
189.212	0.0	0.0	-0.001848795
189.282	0.0	0.0	-0.001778911875
189.382	0.0	0.0	-0.0016830206250000002
189.502	0.0	0.0	-0.0015676781250000002
189.552	0.0	0.0	-0.00141141
189.622	0.0	0.0	-0.0011889393750000002
189.712	0.0	0.0	-0.000876988125
189.832	0.0	0.0	-0.0004954950000000001
189.882	0.0	0.0	-0.00030222562500000004
189.952	0.0	0.0	-2.301999375e-05
190.052	0.0	0.0	0.000367745625
190.172	0.0	0.0	0.00084264375
190.222	0.0	0.0	0.00098007
190.292	0.0	0.0	0.001172656875
190.392	0.0	0.0	0.001437515625
190.512	0.0	0.0	0.001756291875
190.562	0.0	0.0	0.0017637018750000003
190.632	0.0	0.0	0.0017742318750000002
190.722	0.0	0.0	0.001789051875
190.842	0.0	0.0	0.001807186875
190.892	0.0	0.0	0.0016882368750000003
190.962	0.0	0.0	0.0015158812500000003
191.062	0.0	0.0	0.0012741787500000002
191.182	0.0	0.0	0.0009801675
191.232	0.0	0.0	0.0007849237500000001
191.302	0.0	0.0	0.000510485625
191.402	0.0	0.0	0.00013235625
191.522	0.0	0.0	-0.000323188125
191.572	0.0	0.0	-0.00048301500000000005
191.642	0.0	0.0	-0.000711920625
191.732	0.0	0.0	-0.0010342312500000001
191.852	0.0	0.0	-0.0014290818750000002
191.902	0.0	0.0	-0.0014903606250000001
191.972	0.0	0.0	-0.00157945125
192.072	0.0	0.0	-0.0017046168750000001
192.192	0.0	0.0	-0.0018570093750000002
192.242	0.0	0.0	-0.0017834456250000004
192.312	0.0	0.0	-0.0016797543750000001
192.412	0.0	0.0	-0.0015366000000000004
192.532	0.0	0.0	-0.001364000625
192.582	0.0	0.0	-0.0012026137500000002
192.652	0.0	0.0	-0.000970734375
192.742	0.0	0.0	-0.0006435975000000002
192.862	0.0	0.0	-0.00024247518750000004
192.912	0.0	0.0	-6.38015625e-05
192.982	0.0	0.0	0.00019665018750000005
193.082	0.0	0.0	0.0005633550000000001
193.202	0.0	0.0	0.001010124375
193.252	0.0	0.0	0.00111964125
193.322	0.0	0.0	0.0012744468750000002
193.422	0.0	0.0	0.001488605625
193.542	0.0	0.0	0.0017470781250000002
193.592	0.0	0.0	0.0017300156250000002
193.662	0.0	0.0	0.001705396875
193.752	0.0	0.0	0.0016706381250000003
193.872	0.0	0.0	0.0016279331250000002
193.922	0.0	0.0	0.00149891625
193.992	0.0	0.0	0.00131025375
194.092	0.0	0.0	0.0010441031250000002
194.212	0.0	0.0	0.00071955
194.262	0.0	0.0	0.000535494375
194.332	0.0	0.0	0.00027456000000000003
194.432	0.0	0.0	-8.70894375e-05
194.552	0.0	0.0	-0.000523940625
194.602	0.0	0.0	-0.0006576375000000001
194.672	0.0	0.0	-0.0008509312500000001
194.762	0.0	0.0	-0.0011247112500000003
194.882	0.0	0.0	-0.0014610375
194.932	0.0	0.0	-0.001493480625
195.002	0.0	0.0	-0.0015410606250000002
195.102	0.0	0.0	-0.0016083112500000002
195.222	0.0	0.0	-0.001690381875
195.272	0.0	0.0	-0.00160109625
195.342	0.0	0.0	-0.0014741025000000003
195.442	0.0	0.0	-0.001297749375
195.562	0.0	0.0	-0.00108454125
195.612	0.0	0.0	-0.0009311493750000002
195.672	0.0	0.0	-0.0007086543750000001
195.772	0.0	0.0	-0.000392851875
195.892	0.0	0.0	-4.600050000000001e-06
195.942	0.0	0.0	0.00014541393750000002
196.012	0.0	0.0	0.00036613687500000006
196.112	0.0	0.0	0.000678721875
196.232	0.0	0.0	0.00106055625
196.282	0.0	0.0	0.0011341200000000002
196.352	0.0	0.0	0.0012390300000000001
196.452	0.0	0.0	0.0013849875
196.572	0.0	0.0	0.0015616331250000001
196.622	0.0	0.0	0.0015241200000000001
196.682	0.0	0.0	0.0014695687500000001
196.782	0.0	0.0	0.001391983125
196.902	0.0	0.0	0.0012964818750000001
196.952	0.0	0.0	0.001173826875
197.022	0.0	0.0	0.0009927693750000001
197.122	0.0	0.0	0.0007358568750000001
197.242	0.0	0.0	0.000421760625
197.292	0.0	0.0	0.00027180562499999996
197.362	0.0	0.0	5.7347062500000006e-05
197.462	0.0	0.0	-0.00024166593750000003
197.582	0.0	0.0	-0.0006038175000000002
197.632	0.0	0.0	-0.000695833125
197.692	0.0	0.0	-0.0008301393750000002
197.792	0.0	0.0	-0.0010215806250000003
197.912	0.0	0.0	-0.001257335625
197.962	0.0	0.0	-0.00126101625
198.032	0.0	0.0	-0.0012664762500000002
198.132	0.0	0.0	-0.0012742275000000001
198.252	0.0	0.0	-0.0012837337500000003
198.302	0.0	0.0	-0.00119754375
198.372	0.0	0.0	-0.0010739137500000002
198.472	0.0	0.0	-0.000901216875
198.592	0.0	0.0	-0.0006918356250000001
198.642	0.0	0.0	-0.0005732025
198.702	0.0	0.0	-0.0003995062500000001
198.802	0.0	0.0	-0.0001514004375
198.922	0.0	0.0	0.00015442050000000004
198.972	0.0	0.0	0.00025367062500000005
199.042	0.0	0.0	0.00040106625000000003
199.142	0.0	0.0	0.0006110325000000001
199.262	0.0	0.0	0.0008682131250000001
199.312	0.0	0.0	0.0009013387500000002
199.382	0.0	0.0	0.000948991875
199.482	0.0	0.0	0.0010157062500000002
199.602	0.0	0.0	0.0010966556249999999
199.652	0.0	0.0	0.0010544381250000001
199.712	0.0	0.0	0.0009924037500000002
199.812	0.0	0.0	0.0009036543750000002
199.932	0.0	0.0	0.0007941375
199.982	0.0	0.0	0.0007052175000000001
200.052	0.0	0.0	0.0005727393750000001
200.152	0.0	0.0	0.00038363812500000004
200.272	0.0	0.0	0.000151831875
200.322	0.0	0.0	6.032325e-05
200.392	0.0	0.0	-7.16625e-05
200.492	0.0	0.0	-0.000256693125
200.612	0.0	0.0	-0.00048130875
200.662	0.0	0.0	-0.000525061875
200.722	0.0	0.0	-0.000589801875
200.822	0.0	0.0	-0.00068289
200.942	0.0	0.0	-0.0007980375000000001
200.992	0.0	0.0	-0.000785630625
201.062	0.0	0.0	-0.000767300625
201.162	0.0	0.0	-0.0007413412500000002
201.282	0.0	0.0	-0.00070975125
201.332	0.0	0.0	-0.000655029375
201.392	0.0	0.0	-0.000574665
201.492	0.0	0.0	-0.000459541875
201.612	0.0	0.0	-0.000317435625
201.662	0.0	0.0	-0.00025120875000000004
201.732	0.0	0.0	-0.0001519415625
201.832	0.0	0.0	-9.697837500000001e-06
201.952	0.0	0.0	0.00016493587500000003
202.002	0.0	0.0	0.00021166762500000001
202.072	0.0	0.0	0.000279459375
202.172	0.0	0.0	0.00037483875000000004
202.292	0.0	0.0	0.000490815
202.342	0.0	0.0	0.00049720125
202.402	0.0	0.0	0.00050665875
202.502	0.0	0.0	0.000520284375
202.622	0.0	0.0	0.0005371031250000001
202.672	0.0	0.0	0.0005095837500000001
202.742	0.0	0.0	0.00046821937500000004
202.842	0.0	0.0	0.00040886625000000006
202.962	0.0	0.0	0.000335960625
203.012	0.0	0.0	0.00028979437500000003
203.082	0.0	0.0	0.00022264612500000002
203.182	0.0	0.0	0.000127963875
203.302	0.0	0.0	1.2719362500000001e-05
203.352	0.0	0.0	-2.5995937500000002e-05
203.412	0.0	0.0	-8.355993750000001e-05
203.512	0.0	0.0	-0.00016655681250000003
203.632	0.0	0.0	-0.00026927062500000005
203.682	0.0	0.0	-0.00028930687500000005
203.752	0.0	0.0	-0.00031950749999999997
203.852	0.0	0.0	-0.00036291937500000003
203.972	0.0	0.0	-0.00041630062500000003
204.022	0.0	0.0	-0.0004094268750000001
204.092	0.0	0.0	-0.000399384375
204.192	0.0	0.0	-0.00038522250000000007
204.312	0.0	0.0	-0.000367965
204.362	0.0	0.0	-0.0003377643750000001
204.422	0.0	0.0	-0.00029274375
204.522	0.0	0.0	-0.00022768443750000004
204.642	0.0	0.0	-0.00014709337500000002
204.692	0.0	0.0	-0.000102438375
204.762	0.0	0.0	-3.489525e-05
204.862	0.0	0.0	6.240975000000002e-05
204.982	0.0	0.0	0.00018215925
205.032	0.0	0.0	0.00022316287500000003
205.102	0.0	0.0	0.00028318875
205.202	0.0	0.0	0.00036816
205.322	0.0	0.0	0.00047175375000000003
205.362	0.0	0.0	0.00048425812500000004
205.432	0.0	0.0	0.0005030025000000001
205.532	0.0	0.0	0.0005301075000000001
205.652	0.0	0.0	0.000563720625
205.702	0.0	0.0	0.0005373468750000002
205.772	0.0	0.0	0.0004972987500000001
205.872	0.0	0.0	0.00043948125000000006
205.992	0.0	0.0	0.00036828187500000006
206.042	0.0	0.0	0.00030639375000000006
206.112	0.0	0.0	0.00021550425000000002
206.212	0.0	0.0	8.660925000000001e-05
206.332	0.0	0.0	-7.068993750000001e-05
206.372	0.0	0.0	-0.0001344646875
206.442	0.0	0.0	-0.00023024381250000002
206.542	0.0	0.0	-0.00036918375
206.662	0.0	0.0	-0.0005415881250000001
206.712	0.0	0.0	-0.0005780287500000001
206.782	0.0	0.0	-0.00063350625
206.882	0.0	0.0	-0.0007137243750000001
207.002	0.0	0.0	-0.00081261375
207.052	0.0	0.0	-0.000794405625
207.122	0.0	0.0	-0.0007675931250000002
207.222	0.0	0.0	-0.0007294706250000001
207.342	0.0	0.0	-0.0006829143750000001
207.382	0.0	0.0	-0.000616029375
207.452	0.0	0.0	-0.00051523875
207.552	0.0	0.0	-0.0003687450000000001
207.672	0.0	0.0	-0.00018680025000000002
207.722	0.0	0.0	-9.760237500000001e-05
207.792	0.0	0.0	3.865875e-05
207.892	0.0	0.0	0.00023612550000000004
208.012	0.0	0.0	0.0004797487500000001
208.062	0.0	0.0	0.0005467556250000001
208.132	0.0	0.0	0.00064579125
208.232	0.0	0.0	0.000786751875
208.352	0.0	0.0	0.0009591075000000002
208.392	0.0	0.0	0.0009624468749999999
208.462	0.0	0.0	0.0009674925000000001
208.562	0.0	0.0	0.0009748537500000002
208.682	0.0	0.0	0.0009839943750000002
208.732	0.0	0.0	0.0009205462500000001
208.792	0.0	0.0	0.0008232656250000001
208.902	0.0	0.0	0.0006820125
209.022	0.0	0.0	0.000507609375
209.072	0.0	0.0	0.00040165125
209.142	0.0	0.0	0.000244603125
209.242	0.0	0.0	2.052691875e-05
209.362	0.0	0.0	-0.000253621875
209.402	0.0	0.0	-0.0003396412500000001
209.472	0.0	0.0	-0.00047012062500000003
209.572	0.0	0.0	-0.0006605625
209.692	0.0	0.0	-0.0008975118750000001
209.742	0.0	0.0	-0.0009273468750000001
209.802	0.0	0.0	-0.0009732450000000002
209.912	0.0	0.0	-0.0010400081250000002
210.032	0.0	0.0	-0.0011225175000000001
210.082	0.0	0.0	-0.0010756687500000001
210.152	0.0	0.0	-0.0010060050000000001
210.252	0.0	0.0	-0.0009064575
210.372	0.0	0.0	-0.0007845337500000001
210.412	0.0	0.0	-0.0006911775
210.482	0.0	0.0	-0.0005490468750000001
210.582	0.0	0.0	-0.00034117687500000003
210.702	0.0	0.0	-8.23411875e-05
210.742	0.0	0.0	1.566313125e-05
210.812	0.0	0.0	0.00016689075000000004
210.922	0.0	0.0	0.000387343125
211.042	0.0	0.0	0.0006600262500000001
211.092	0.0	0.0	0.0007137975000000001
211.162	0.0	0.0	0.0007940156250000001
211.262	0.0	0.0	0.0009088950000000001
211.382	0.0	0.0	0.001049685
211.422	0.0	0.0	0.0010321593750000002
211.492	0.0	0.0	0.0010053956250000002
211.592	0.0	0.0	0.00096617625
211.712	0.0	0.0	0.0009173043750000001
211.752	0.0	0.0	0.0008430581250000002
211.822	0.0	0.0	0.0007281056249999999
211.922	0.0	0.0	0.000560210625
212.052	0.0	0.0	0.000352340625
212.102	0.0	0.0	0.00025713187500000004
212.172	0.0	0.0	0.0001146575625
212.272	0.0	0.0	-8.981700000000001e-05
212.392	0.0	0.0	-0.000340640625
212.432	0.0	0.0	-0.00040143187499999997
212.502	0.0	0.0	-0.0004946418750000001
212.602	0.0	0.0	-0.0006315075000000001
212.722	0.0	0.0	-0.00080223
212.762	0.0	0.0	-0.000809176875
212.832	0.0	0.0	-0.000819950625
212.932	0.0	0.0	-0.00083572125
213.062	0.0	0.0	-0.0008552700000000001
213.112	0.0	0.0	-0.0008062275000000001
213.182	0.0	0.0	-0.0007325906250000001
213.282	0.0	0.0	-0.00062668125
213.402	0.0	0.0	-0.0004966650000000001
213.442	0.0	0.0	-0.00042583125
213.512	0.0	0.0	-0.00031685062500000003
213.612	0.0	0.0	-0.00015647531250000002
213.732	0.0	0.0	4.3721437500000004e-05
213.772	0.0	0.0	0.00010588987500000002
213.842	0.0	0.0	0.000202804875
213.942	0.0	0.0	0.00034493062500000007
214.072	0.0	0.0	0.000521161875
214.122	0.0	0.0	0.0005464875000000001
214.192	0.0	0.0	0.000584634375
214.292	0.0	0.0	0.0006396
214.412	0.0	0.0	0.0007071431250000002
214.452	0.0	0.0	0.000686960625
214.522	0.0	0.0	0.0006558093750000001
214.622	0.0	0.0	0.000609886875
214.742	0.0	0.0	0.00055248375
214.782	0.0	0.0	0.0005001993750000001
214.852	0.0	0.0	0.00041842125000000007
214.952	0.0	0.0	0.00029825250000000005
215.082	0.0	0.0	0.0001491140625
215.132	0.0	0.0	8.775243750000001e-05
215.202	0.0	0.0	-4.919606250000001e-06
215.302	0.0	0.0	-0.00013863525
215.422	0.0	0.0	-0.00030303000000000003
215.462	0.0	0.0	-0.000339885
215.532	0.0	0.0	-0.00039716625000000004
215.632	0.0	0.0	-0.0004820887500000001
215.752	0.0	0.0	-0.0005884612500000001
215.792	0.0	0.0	-0.0005892656249999999
215.862	0.0	0.0	-0.00059050875
215.972	0.0	0.0	-0.000592336875
216.092	0.0	0.0	-0.00059460375
216.132	0.0	0.0	-0.000558894375
216.202	0.0	0.0	-0.0005037825000000001
216.302	0.0	0.0	-0.00042241875000000007
216.422	0.0	0.0	-0.00032072625000000005
216.462	0.0	0.0	-0.00026459062500000004
216.532	0.0	0.0	-0.00017616787500000002
216.632	0.0	0.0	-4.576162500000001e-05
216.762	0.0	0.0	0.00011631262500000002
216.812	0.0	0.0	0.000167470875
216.882	0.0	0.0	0.00024521250000000003
216.982	0.0	0.0	0.0003578006250000001
217.102	0.0	0.0	0.0004964456250000001
217.142	0.0	0.0	0.000513508125
217.212	0.0	0.0	0.000540125625
217.312	0.0	0.0	0.000579564375
217.432	0.0	0.0	0.0006289481250000001
217.472	0.0	0.0	0.00060669375
217.542	0.0	0.0	0.000571569375
217.642	0.0	0.0	0.000519675
217.772	0.0	0.0	0.00045515437500000006
217.822	0.0	0.0	0.000402285
217.882	0.0	0.0	0.000321676875
217.992	0.0	0.0	0.00020469637500000003
218.112	0.0	0.0	6.05109375e-05
218.152	0.0	0.0	9.644943750000001e-06
218.222	0.0	0.0	-6.99148125e-05
218.322	0.0	0.0	-0.00018812381250000003
218.442	0.0	0.0	-0.00033625312500000005
218.482	0.0	0.0	-0.00036418687500000004
218.552	0.0	0.0	-0.0004084518750000001
218.652	0.0	0.0	-0.0004739475
218.782	0.0	0.0	-0.000555481875
218.832	0.0	0.0	-0.0005463412500000001
218.892	0.0	0.0	-0.0005323743750000001
219.002	0.0	0.0	-0.00051207
219.122	0.0	0.0	-0.00048703687500000007
219.162	0.0	0.0	-0.00045069375000000004
219.232	0.0	0.0	-0.00039363187500000005
219.332	0.0	0.0	-0.00030866062500000004
219.452	0.0	0.0	-0.00020211993750000003
219.492	0.0	0.0	-0.0001576453125
219.562	0.0	0.0	-8.692612500000002e-05
219.662	0.0	0.0	1.79531625e-05
219.792	0.0	0.0	0.0001486070625
219.842	0.0	0.0	0.0001799289375
219.902	0.0	0.0	0.0002280061875
220.012	0.0	0.0	0.0002980575
220.132	0.0	0.0	0.00038451562500000004
220.172	0.0	0.0	0.0003886350000000001
220.242	0.0	0.0	0.00039511875
220.342	0.0	0.0	0.00040479562500000005
220.462	0.0	0.0	0.000416934375
220.502	0.0	0.0	0.0003974100000000001
220.572	0.0	0.0	0.000366234375
220.672	0.0	0.0	0.0003198975
220.802	0.0	0.0	0.00026212875
220.842	0.0	0.0	0.000225766125
220.912	0.0	0.0	0.0001697596875
221.022	0.0	0.0	8.800106250000001e-05
221.142	0.0	0.0	-1.3023806250000001e-05
221.182	0.0	0.0	-5.0151562500000004e-05
221.252	0.0	0.0	-0.000108863625
221.352	0.0	0.0	-0.00019663312500000003
221.472	0.0	0.0	-0.000306905625
221.512	0.0	0.0	-0.000333376875
221.582	0.0	0.0	-0.000375765
221.682	0.0	0.0	-0.0004389206250000001
221.812	0.0	0.0	-0.00051767625
221.852	0.0	0.0	-0.0005151168750000001
221.922	0.0	0.0	-0.000511119375
222.022	0.0	0.0	-0.00050529375
222.152	0.0	0.0	-0.00049807875
222.192	0.0	0.0	-0.000459298125
222.262	0.0	0.0	-0.0003977268750000001
222.362	0.0	0.0	-0.00030551625000000007
222.482	0.0	0.0	-0.00018956925000000003
222.522	0.0	0.0	-0.000122552625
222.592	0.0	0.0	-1.483486875e-05
222.692	0.0	0.0	0.00014586975
222.822	0.0	0.0	0.00034656374999999997
222.862	0.0	0.0	0.00041179125000000003
222.932	0.0	0.0	0.0005129475000000001
223.032	0.0	0.0	0.00066119625
223.162	0.0	0.0	0.00084469125
223.202	0.0	0.0	0.0008634112500000001
223.272	0.0	0.0	0.0008932218750000001
223.372	0.0	0.0	0.0009379500000000001
223.492	0.0	0.0	0.00099425625
223.532	0.0	0.0	0.000947041875
223.602	0.0	0.0	0.000870894375
223.702	0.0	0.0	0.0007570387500000001
223.832	0.0	0.0	0.0006147375
223.872	0.0	0.0	0.0005079506250000001
223.942	0.0	0.0	0.000341835
224.042	0.0	0.0	9.785831250000002e-05
224.172	0.0	0.0	-0.00020435268750000006
224.212	0.0	0.0	-0.00031068375
224.282	0.0	0.0	-0.00048069937500000003
224.382	0.0	0.0	-0.0007364418750000002
224.502	0.0	0.0	-0.0010585087500000001
224.542	0.0	0.0	-0.0011148150000000001
224.612	0.0	0.0	-0.0012060018750000001
224.712	0.0	0.0	-0.0013425750000000001
224.842	0.0	0.0	-0.001513370625
224.882	0.0	0.0	-0.001474395
224.952	0.0	0.0	-0.0014135550000000001
225.052	0.0	0.0	-0.001324025625
225.182	0.0	0.0	-0.0012130218749999999
225.222	0.0	0.0	-0.0010937306250000001
225.292	0.0	0.0	-0.0009022650000000001
225.392	0.0	0.0	-0.0006136893750000001
225.512	0.0	0.0	-0.000249916875
225.552	0.0	0.0	-9.693450000000001e-05
225.622	0.0	0.0	0.0001516905
225.722	0.0	0.0	0.0005248425
225.852	0.0	0.0	0.000991940625
225.892	0.0	0.0	0.0011017012500000002
225.962	0.0	0.0	0.0012736425000000001
226.062	0.0	0.0	0.0015271668750000003
226.192	0.0	0.0	0.0018417262500000002
226.232	0.0	0.0	0.001839069375
226.302	0.0	0.0	0.00183480375
226.402	0.0	0.0	0.0018283687500000002
226.522	0.0	0.0	0.0018202275000000002
226.562	0.0	0.0	0.001702545
226.632	0.0	0.0	0.0015106162500000003
226.732	0.0	0.0	0.0012219675
226.862	0.0	0.0	0.0008603400000000001
226.902	0.0	0.0	0.0006714825
226.972	0.0	0.0	0.00037461937500000005
227.072	0.0	0.0	-6.396000000000002e-05
227.202	0.0	0.0	-0.000608595
227.242	0.0	0.0	-0.0007571606250000001
227.312	0.0	0.0	-0.000997449375
227.402	0.0	0.0	-0.0013611
227.532	0.0	0.0	-0.001820251875
227.572	0.0	0.0	-0.0018666131250000004
227.642	0.0	0.0	-0.00194254125
227.742	0.0	0.0	-0.0020569575
227.872	0.0	0.0	-0.0022004043750000002
227.912	0.0	0.0	-0.0021076575
227.982	0.0	0.0	-0.0019613587500000003
228.082	0.0	0.0	-0.0017447868750000003
228.212	0.0	0.0	-0.0014756625000000002
228.252	0.0	0.0	-0.00129991875
228.322	0.0	0.0	-0.001014609375
228.412	0.0	0.0	-0.0005819043750000001
228.542	0.0	0.0	-3.5143875e-05
228.582	0.0	0.0	0.0001492213125
228.652	0.0	0.0	0.000452205
228.752	0.0	0.0	0.00090962625
228.882	0.0	0.0	0.00148360875
228.922	0.0	0.0	0.0015843262500000001
228.992	0.0	0.0	0.0017436168750000003
229.092	0.0	0.0	0.00197978625
229.222	0.0	0.0	0.00227345625
229.262	0.0	0.0	0.002235309375
229.322	0.0	0.0	0.0021728850000000003
229.422	0.0	0.0	0.0020777006250000006
229.552	0.0	0.0	0.0019571662500000005
229.592	0.0	0.0	0.0017991675000000001
229.662	0.0	0.0	0.0015419137500000003
229.762	0.0	0.0	0.001156666875
229.892	0.0	0.0	0.000676479375
229.932	0.0	0.0	0.00048620812499999995
230.002	0.0	0.0	0.00017734518749999999
230.092	0.0	0.0	-0.00029147625
230.222	0.0	0.0	-0.0008842275
230.262	0.0	0.0	-0.001022385
230.332	0.0	0.0	-0.0012510956250000001
230.432	0.0	0.0	-0.0015977081250000001
230.562	0.0	0.0	-0.0020332650000000002
230.602	0.0	0.0	-0.0020493768750000003
230.672	0.0	0.0	-0.0020750193750000002
230.772	0.0	0.0	-0.002113190625
230.902	0.0	0.0	-0.0021607218750000004
230.942	0.0	0.0	-0.0020524968750000004
231.002	0.0	0.0	-0.0018749981250000003
231.102	0.0	0.0	-0.0016042650000000001
231.232	0.0	0.0	-0.001261479375
231.272	0.0	0.0	-0.001080421875
231.342	0.0	0.0	-0.0007799025
231.442	0.0	0.0	-0.00032374875000000004
231.572	0.0	0.0	0.00024986812500000003
231.612	0.0	0.0	0.0004201518750000001
231.682	0.0	0.0	0.000692274375
231.782	0.0	0.0	0.001098069375
231.912	0.0	0.0	0.001603875
231.952	0.0	0.0	0.00166788375
232.012	0.0	0.0	0.0017733056250000003
232.112	0.0	0.0	0.0019344000000000002
232.242	0.0	0.0	0.002138540625
232.282	0.0	0.0	0.0020795043750000005
232.352	0.0	0.0	0.001981126875
232.452	0.0	0.0	0.00183148875
232.582	0.0	0.0	0.0016431918750000002
232.622	0.0	0.0	0.0014818537500000002
232.692	0.0	0.0	0.001223064375
232.792	0.0	0.0	0.000836428125
232.922	0.0	0.0	0.00035409562500000007
232.962	0.0	0.0	0.000187629
233.022	0.0	0.0	-8.75623125e-05
233.122	0.0	0.0	-0.0005089743750000001
233.252	0.0	0.0	-0.001043469375
233.292	0.0	0.0	-0.0011503781250000002
233.362	0.0	0.0	-0.0013292175000000001
233.462	0.0	0.0	-0.0016017543750000004
233.592	0.0	0.0	-0.0019450031250000002
233.632	0.0	0.0	-0.0019364962499999999
233.702	0.0	0.0	-0.0019227975000000001
233.802	0.0	0.0	-0.0019023225000000003
233.932	0.0	0.0	-0.0018767531250000005
233.972	0.0	0.0	-0.0017640675000000002
234.032	0.0	0.0	-0.0015770381250000002
234.132	0.0	0.0	-0.0012900712500000001
234.262	0.0	0.0	-0.0009258112500000001
234.302	0.0	0.0	-0.0007592325000000002
234.372	0.0	0.0	-0.000479529375
234.472	0.0	0.0	-5.243062500000001e-05
234.602	0.0	0.0	0.00048591562500000006
234.642	0.0	0.0	0.0006298012500000001
234.712	0.0	0.0	0.0008622900000000001
234.812	0.0	0.0	0.00121099875
234.942	0.0	0.0	0.0016467506250000003
234.982	0.0	0.0	0.0016876275
235.042	0.0	0.0	0.00175578
235.142	0.0	0.0	0.0018605681250000003
235.272	0.0	0.0	0.0019937043750000005
235.312	0.0	0.0	0.0019215543750000005
235.382	0.0	0.0	0.0017999475
235.482	0.0	0.0	0.0016138687500000003
235.612	0.0	0.0	0.0013791375
235.652	0.0	0.0	0.0012190181250000002
235.722	0.0	0.0	0.00095935125
235.822	0.0	0.0	0.000569083125
235.952	0.0	0.0	8.103225000000001e-05
235.992	0.0	0.0	-7.25960625e-05
236.052	0.0	0.0	-0.00032962312500000007
236.152	0.0	0.0	-0.0007256681250000002
236.282	0.0	0.0	-0.0012291825000000003
236.322	0.0	0.0	-0.0013168837500000003
236.392	0.0	0.0	-0.0014653031250000002
236.492	0.0	0.0	-0.0016928437500000003
236.622	0.0	0.0	-0.0019801275
236.662	0.0	0.0	-0.001952218125
236.732	0.0	0.0	-0.0019068075
236.832	0.0	0.0	-0.0018384112500000002
236.962	0.0	0.0	-0.0017528062500000003
237.002	0.0	0.0	-0.0016289812500000004
237.062	0.0	0.0	-0.0014209893750000001
237.162	0.0	0.0	-0.00109984875
237.292	0.0	0.0	-0.0006912262500000001
237.332	0.0	0.0	-0.0005239650000000002
237.402	0.0	0.0	-0.00023977931250000002
237.502	0.0	0.0	0.00019677937500000003
237.632	0.0	0.0	0.000748336875
237.672	0.0	0.0	0.0008806931250000001
237.742	0.0	0.0	0.0010969481250000003
237.842	0.0	0.0	0.001423231875
237.972	0.0	0.0	0.0018319275000000003
238.012	0.0	0.0	0.0018542793750000001
238.072	0.0	0.0	0.001892011875
238.172	0.0	0.0	0.001950365625
238.302	0.0	0.0	0.0020246850000000005
238.342	0.0	0.0	0.0019328400000000003
238.412	0.0	0.0	0.00177610875
238.512	0.0	0.0	0.001534918125
238.642	0.0	0.0	0.00122991375
238.682	0.0	0.0	0.001057704375
238.752	0.0	0.0	0.0007752956250000002
238.852	0.0	0.0	0.000348343125
238.982	0.0	0.0	-0.000186902625
239.022	0.0	0.0	-0.000337520625
239.082	0.0	0.0	-0.0005925806250000001
239.182	0.0	0.0	-0.0009880893750000002
239.312	0.0	0.0	-0.0014920912500000002
239.352	0.0	0.0	-0.0015628031250000001
239.422	0.0	0.0	-0.001683898125
239.522	0.0	0.0	-0.0018706350000000003
239.652	0.0	0.0	-0.002106975
239.692	0.0	0.0	-0.002054739375
239.762	0.0	0.0	-0.0019687931250000003
239.862	0.0	0.0	-0.0018385575000000002
239.992	0.0	0.0	-0.001675171875
240.032	0.0	0.0	-0.0015349668750000002
240.092	0.0	0.0	-0.001296530625
240.192	0.0	0.0	-0.0009260550000000001
240.322	0.0	0.0	-0.000453545625
240.362	0.0	0.0	-0.00028535812500000003
240.432	0.0	0.0	3.9229125e-06
240.532	0.0	0.0	0.000450961875
240.662	0.0	0.0	0.0010170712500000001
240.702	0.0	0.0	0.0011321943750000002
240.772	0.0	0.0	0.001322416875
240.872	0.0	0.0	0.0016111875000000002
241.002	0.0	0.0	0.0019737412500000005
241.042	0.0	0.0	0.0019720350000000005
241.102	0.0	0.0	0.0019691343750000002
241.202	0.0	0.0	0.001964600625
241.332	0.0	0.0	0.00195882375
241.372	0.0	0.0	0.0018488437500000002
241.442	0.0	0.0	0.0016589137500000002
241.542	0.0	0.0	0.0013648050000000002
241.672	0.0	0.0	0.0009920625
241.712	0.0	0.0	0.000820145625
241.782	0.0	0.0	0.0005350068750000001
241.882	0.0	0.0	0.00010129762500000001
242.012	0.0	0.0	-0.00044369812500000006
242.052	0.0	0.0	-0.000574884375
242.112	0.0	0.0	-0.0007998412500000001
242.212	0.0	0.0	-0.0011508168750000002
242.342	0.0	0.0	-0.0015991462500000002
242.382	0.0	0.0	-0.0016418025000000003
242.452	0.0	0.0	-0.00171575625
242.552	0.0	0.0	-0.0018305137500000002
242.682	0.0	0.0	-0.0019760325000000006
242.722	0.0	0.0	-0.001904199375
242.792	0.0	0.0	-0.0017845668750000002
242.892	0.0	0.0	-0.0016022418750000003
243.022	0.0	0.0	-0.0013729706250000002
243.062	0.0	0.0	-0.001236495
243.122	0.0	0.0	-0.0010014956250000001
243.222	0.0	0.0	-0.00063409125
243.352	0.0	0.0	-0.00016439962500000002
243.392	0.0	0.0	-2.228923125e-05
243.452	0.0	0.0	0.00022511775000000003
243.562	0.0	0.0	0.0006097650000000001
243.692	0.0	0.0	0.00109799625
243.732	0.0	0.0	0.0011773612500000001
243.802	0.0	0.0	0.001309888125
243.902	0.0	0.0	0.0015121518750000002
244.032	0.0	0.0	0.0017666756250000002
244.072	0.0	0.0	0.0017440068750000002
244.132	0.0	0.0	0.0017045681250000002
244.232	0.0	0.0	0.0016426312500000002
244.362	0.0	0.0	0.0015632418750000001
244.402	0.0	0.0	0.0014554556250000001
244.472	0.0	0.0	0.0012697425
244.572	0.0	0.0	0.0009833850000000002
244.702	0.0	0.0	0.0006222450000000001
244.742	0.0	0.0	0.000491326875
244.802	0.0	0.0	0.0002658825
244.902	0.0	0.0	-8.685056250000001e-05
245.032	0.0	0.0	-0.0005381025
245.072	0.0	0.0	-0.0006357975000000001
245.132	0.0	0.0	-0.0008072512500000001
245.242	0.0	0.0	-0.0010748156250000001
245.372	0.0	0.0	-0.0014149200000000003
245.412	0.0	0.0	-0.0014332012500000001
245.482	0.0	0.0	-0.0014639868750000002
245.582	0.0	0.0	-0.0015111525000000004
245.712	0.0	0.0	-0.0015705787500000002
245.752	0.0	0.0	-0.001505668125
245.812	0.0	0.0	-0.0013925925000000002
245.912	0.0	0.0	-0.0012148500000000002
246.042	0.0	0.0	-0.00098713875
246.082	0.0	0.0	-0.00087013875
246.142	0.0	0.0	-0.0006641456250000001
246.252	0.0	0.0	-0.000342200625
246.382	0.0	0.0	6.727743750000001e-05
246.422	0.0	0.0	0.00018530362500000002
246.492	0.0	0.0	0.0003846375
246.592	0.0	0.0	0.0006906412500000001
246.722	0.0	0.0	0.001076595
246.762	0.0	0.0	0.0011297812500000001
246.822	0.0	0.0	0.001222820625
246.922	0.0	0.0	0.0013693875000000003
247.052	0.0	0.0	0.001557294375
247.092	0.0	0.0	0.0015290193750000002
247.152	0.0	0.0	0.0014790262500000001
247.262	0.0	0.0	0.001400709375
247.392	0.0	0.0	0.001301015625
247.432	0.0	0.0	0.0011946918749999999
247.502	0.0	0.0	0.0010143900000000002
247.602	0.0	0.0	0.0007370512500000002
247.732	0.0	0.0	0.00038700187500000007
247.772	0.0	0.0	0.00026364000000000004
247.832	0.0	0.0	4.6956e-05
247.932	0.0	0.0	-0.0002951325
248.062	0.0	0.0	-0.0007340531250000001
248.102	0.0	0.0	-0.0008274337500000001
248.162	0.0	0.0	-0.0009932081250000001
248.272	0.0	0.0	-0.0012533868750000002
248.402	0.0	0.0	-0.0015848137500000003
248.442	0.0	0.0	-0.0015963675
248.512	0.0	0.0	-0.0016160625
248.612	0.0	0.0	-0.0016464093750000002
248.742	0.0	0.0	-0.00168475125
248.782	0.0	0.0	-0.0016055081250000002
248.842	0.0	0.0	-0.001465644375
248.942	0.0	0.0	-0.0012444412500000003
249.072	0.0	0.0	-0.0009603750000000001
249.112	0.0	0.0	-0.0008194875000000001
249.172	0.0	0.0	-0.00056827875
249.282	0.0	0.0	-0.00017329406250000002
249.412	0.0	0.0	0.00033025687500000004
249.452	0.0	0.0	0.000471436875
249.522	0.0	0.0	0.000712700625
249.622	0.0	0.0	0.001085345625
249.752	0.0	0.0	0.00155644125
249.792	0.0	0.0	0.0016133325000000003
249.852	0.0	0.0	0.0017141718750000002
249.952	0.0	0.0	0.0018740231250000002
250.082	0.0	0.0	0.0020794312500000004
250.122	0.0	0.0	0.002027049375
250.182	0.0	0.0	0.0019332787500000001
250.292	0.0	0.0	0.0017854931250000001
250.422	0.0	0.0	0.0015969768750000001
250.462	0.0	0.0	0.0014427075
250.532	0.0	0.0	0.001177970625
250.632	0.0	0.0	0.00076825125
250.762	0.0	0.0	0.000249916875
250.802	0.0	0.0	8.359406250000001e-05
250.862	0.0	0.0	-0.00021247443750000003
250.962	0.0	0.0	-0.0006827925
251.092	0.0	0.0	-0.00128763375
251.132	0.0	0.0	-0.0013992712500000002
251.192	0.0	0.0	-0.0015999993750000002
251.302	0.0	0.0	-0.0019169231250000004
251.432	0.0	0.0	-0.0023215725
251.472	0.0	0.0	-0.0023110912500000002
251.542	0.0	0.0	-0.002293029375
251.642	0.0	0.0	-0.0022650225000000004
251.772	0.0	0.0	-0.002229556875
251.812	0.0	0.0	-0.00210117375
251.872	0.0	0.0	-0.0018715856250000002
251.972	0.0	0.0	-0.001506106875
252.102	0.0	0.0	-0.0010357425
252.142	0.0	0.0	-0.0008405475000000001
252.202	0.0	0.0	-0.00048798749999999996
252.312	0.0	0.0	6.973443750000001e-05
252.442	0.0	0.0	0.0007823643750000001
252.482	0.0	0.0	0.00095398875
252.552	0.0	0.0	0.0012509006250000002
252.652	0.0	0.0	0.0017122218750000003
252.782	0.0	0.0	0.0022967831250000005
252.822	0.0	0.0	0.00234219375
252.882	0.0	0.0	0.0024237768750000003
252.982	0.0	0.0	0.0025540125000000006
253.112	0.0	0.0	0.0027214687500000004
253.152	0.0	0.0	0.00262445625
253.212	0.0	0.0	0.0024482250000000005
253.322	0.0	0.0	0.002168716875
253.452	0.0	0.0	0.0018114281250000003
253.492	0.0	0.0	0.0016014131250000002
253.552	0.0	0.0	0.0012365925
253.662	0.0	0.0	0.000668630625
253.792	0.0	0.0	-5.1628687500000005e-05
253.832	0.0	0.0	-0.00024835687500000006
253.892	0.0	0.0	-0.00060333
253.992	0.0	0.0	-0.0011707556250000002
254.122	0.0	0.0	-0.0019021762500000003
254.162	0.0	0.0	-0.0020085000000000003
254.222	0.0	0.0	-0.0022022081249999997
254.332	0.0	0.0	-0.0025098937500000005
254.462	0.0	0.0	-0.0029035500000000004
254.502	0.0	0.0	-0.0028545562500000006
254.562	0.0	0.0	-0.0027687562500000006
254.672	0.0	0.0	-0.00263469375
254.802	0.0	0.0	-0.00246504375
254.832	0.0	0.0	-0.0022935656250000006
254.902	0.0	0.0	-0.00198290625
255.002	0.0	0.0	-0.0014853150000000003
255.132	0.0	0.0	-0.000843375
255.172	0.0	0.0	-0.0006224156250000002
255.232	0.0	0.0	-0.00021797100000000002
255.342	0.0	0.0	0.00042570937500000005
255.472	0.0	0.0	0.0012500475
255.512	0.0	0.0	0.0014148225000000002
255.572	0.0	0.0	0.00170347125
255.682	0.0	0.0	0.0021546768750000003
255.812	0.0	0.0	0.00272780625
255.842	0.0	0.0	0.00274194375
255.912	0.0	0.0	0.0027680250000000003
256.012	0.0	0.0	0.0028097062500000007
256.142	0.0	0.0	0.0028638187500000007
256.182	0.0	0.0	0.0027314625
256.242	0.0	0.0	0.0024884437500000004
256.352	0.0	0.0	0.00210078375
256.482	0.0	0.0	0.001603948125
256.522	0.0	0.0	0.00137801625
256.582	0.0	0.0	0.000980630625
256.692	0.0	0.0	0.00035821500000000005
256.822	0.0	0.0	-0.0004329243750000001
256.852	0.0	0.0	-0.000615200625
256.922	0.0	0.0	-0.0009486993750000001
257.022	0.0	0.0	-0.0014851200000000004
257.152	0.0	0.0	-0.0021781500000000002
257.192	0.0	0.0	-0.0022503487500000006
257.252	0.0	0.0	-0.0023836556250000003
257.362	0.0	0.0	-0.0025966687500000004
257.492	0.0	0.0	-0.0028699125000000002
257.532	0.0	0.0	-0.0027885
257.592	0.0	0.0	-0.0026449312500000004
257.702	0.0	0.0	-0.0024196574999999997
257.832	0.0	0.0	-0.002132983125
257.862	0.0	0.0	-0.0019567275000000003
257.932	0.0	0.0	-0.0016327837499999999
258.032	0.0	0.0	-0.0011105981250000001
258.162	0.0	0.0	-0.000435435
258.202	0.0	0.0	-0.00024028387500000004
258.262	0.0	0.0	0.00012174825000000003
258.372	0.0	0.0	0.000701439375
258.502	0.0	0.0	0.0014454862500000003
258.542	0.0	0.0	0.0015657037500000001
258.602	0.0	0.0	0.0017787656250000002
258.712	0.0	0.0	0.0021136781250000003
258.842	0.0	0.0	0.0025398750000000005
258.872	0.0	0.0	0.0025225687500000002
258.942	0.0	0.0	0.0024901500000000004
259.042	0.0	0.0	0.00243774375
259.172	0.0	0.0	0.002369859375
259.212	0.0	0.0	0.002232945
259.272	0.0	0.0	0.0019819068750000003
259.382	0.0	0.0	0.0015833025
259.512	0.0	0.0	0.0010749375
259.542	0.0	0.0	0.000899266875
259.612	0.0	0.0	0.000576395625
259.712	0.0	0.0	5.55433125e-05
259.842	0.0	0.0	-0.000618345
259.872	0.0	0.0	-0.00075582
259.942	0.0	0.0	-0.0010131225000000002
260.052	0.0	0.0	-0.001426693125
260.182	0.0	0.0	-0.00195823875
260.222	0.0	0.0	-0.0019922662500000002
260.282	0.0	0.0	-0.0020530575000000002
260.392	0.0	0.0	-0.002148973125
260.522	0.0	0.0	-0.002271238125
260.552	0.0	0.0	-0.002192945625
260.622	0.0	0.0	-0.0020472318750000005
260.722	0.0	0.0	-0.0018110381250000002
260.852	0.0	0.0	-0.00150501
260.882	0.0	0.0	-0.001357419375
260.952	0.0	0.0	-0.0010802025000000001
261.052	0.0	0.0	-0.000633945
261.192	0.0	0.0	-6.0045375000000004e-05
261.232	0.0	0.0	8.88346875e-05
261.292	0.0	0.0	0.0003559725000000001
261.402	0.0	0.0	0.00077829375
261.532	0.0	0.0	0.001317005625
261.562	0.0	0.0	0.0013824525000000001
261.632	0.0	0.0	0.001504839375
261.732	0.0	0.0	0.0017036175
261.862	0.0	0.0	0.001961383125
261.892	0.0	0.0	0.0019299881250000003
261.962	0.0	0.0	0.00187078125
262.062	0.0	0.0	0.0017752556250000004
262.202	0.0	0.0	0.0016523325000000002
262.242	0.0	0.0	0.0015361368750000002
262.302	0.0	0.0	0.0013267068750000004
262.412	0.0	0.0	0.0009949631250000001
262.542	0.0	0.0	0.0005714718750000001
262.572	0.0	0.0	0.00044552625
262.642	0.0	0.0	0.00020883281250000003
262.742	0.0	0.0	-0.00017642625
262.872	0.0	0.0	-0.00067630875
262.902	0.0	0.0	-0.000764765625
262.972	0.0	0.0	-0.0009324900000000001
263.072	0.0	0.0	-0.001203564375
263.212	0.0	0.0	-0.0015526875000000002
263.252	0.0	0.0	-0.0015607068750000002
263.312	0.0	0.0	-0.0015752343750000002
263.422	0.0	0.0	-0.0015982687500000002
263.552	0.0	0.0	-0.001627689375
263.582	0.0	0.0	-0.0015591712500000003
263.652	0.0	0.0	-0.00142974
263.752	0.0	0.0	-0.00121860375
263.882	0.0	0.0	-0.0009444825000000001
263.912	0.0	0.0	-0.0008336006250000001
263.982	0.0	0.0	-0.0006224156250000002
264.082	0.0	0.0	-0.000280385625
264.222	0.0	0.0	0.0001604655
264.262	0.0	0.0	0.00026305500000000005
264.322	0.0	0.0	0.00044954812500000007
264.432	0.0	0.0	0.0007461675
264.562	0.0	0.0	0.001125418125
264.592	0.0	0.0	0.0011622243750000001
264.662	0.0	0.0	0.00123205875
264.762	0.0	0.0	0.0013462312500000001
264.892	0.0	0.0	0.0014945775000000001
264.922	0.0	0.0	0.001459696875
264.992	0.0	0.0	0.0013929093750000001
265.092	0.0	0.0	0.0012845381250000002
265.232	0.0	0.0	0.0011447718750000001
265.272	0.0	0.0	0.001051123125
265.332	0.0	0.0	0.0008800837500000002
265.442	0.0	0.0	0.0006075225
265.572	0.0	0.0	0.000258765
265.602	0.0	0.0	0.0001651479375
265.672	0.0	0.0	-1.3409175000000002e-05
265.772	0.0	0.0	-0.000305881875
265.902	0.0	0.0	-0.0006862293750000001
265.932	0.0	0.0	-0.000745655625
266.002	0.0	0.0	-0.0008599743750000001
266.102	0.0	0.0	-0.0010458337500000002
266.242	0.0	0.0	-0.0012857812500000002
266.282	0.0	0.0	-0.0012806137500000001
266.342	0.0	0.0	-0.0012711318750000002
266.452	0.0	0.0	-0.001255995
266.582	0.0	0.0	-0.0012366412500000002
266.612	0.0	0.0	-0.0011752650000000002
266.672	0.0	0.0	-0.00105768
266.782	0.0	0.0	-0.00086463
266.912	0.0	0.0	-0.00061342125
266.942	0.0	0.0	-0.00052401375
267.012	0.0	0.0	-0.000351219375
267.112	0.0	0.0	-6.967593750000001e-05
267.252	0.0	0.0	0.00029401125
267.292	0.0	0.0	0.00037032937500000004
267.352	0.0	0.0	0.0005109487499999999
267.462	0.0	0.0	0.0007359787500000001
267.592	0.0	0.0	0.0010243350000000001
267.622	0.0	0.0	0.001044590625
267.682	0.0	0.0	0.001083590625
267.792	0.0	0.0	0.0011477456250000003
267.922	0.0	0.0	0.0012312787500000002
267.952	0.0	0.0	0.00119354625
268.022	0.0	0.0	0.0011202750000000002
268.122	0.0	0.0	0.0010006181250000001
268.262	0.0	0.0	0.0008459587500000001
268.302	0.0	0.0	0.0007646193750000001
268.362	0.0	0.0	0.0006140550000000001
268.472	0.0	0.0	0.000372645
268.602	0.0	0.0	6.306543750000001e-05
268.632	0.0	0.0	-1.1201775000000002e-05
268.692	0.0	0.0	-0.00015497625000000003
268.802	0.0	0.0	-0.0003919743750000001
268.932	0.0	0.0	-0.0007008543749999999
268.962	0.0	0.0	-0.000741365625
269.032	0.0	0.0	-0.00082041375
269.132	0.0	0.0	-0.0009497475000000001
269.272	0.0	0.0	-0.001117081875
269.312	0.0	0.0	-0.0011021156250000002
269.372	0.0	0.0	-0.0010743037500000002
269.482	0.0	0.0	-0.001029624375
269.612	0.0	0.0	-0.00097227
269.642	0.0	0.0	-0.0009153300000000001
269.702	0.0	0.0	-0.000804545625
269.812	0.0	0.0	-0.0006215381250000001
269.942	0.0	0.0	-0.00038283375000000005
269.972	0.0	0.0	-0.000309440625
270.042	0.0	0.0	-0.0001655428125
270.142	0.0	0.0	7.03876875e-05
270.282	0.0	0.0	0.00037581375000000005
270.312	0.0	0.0	0.0004310962500000001
270.382	0.0	0.0	0.000534373125
270.492	0.0	0.0	0.0007006593750000001
270.622	0.0	0.0	0.0009141843750000001
270.652	0.0	0.0	0.0009210337500000001
270.712	0.0	0.0	0.0009344156250000001
270.822	0.0	0.0	0.0009565724999999999
270.952	0.0	0.0	0.00098548125
270.982	0.0	0.0	0.0009470662500000001
271.052	0.0	0.0	0.0008713331250000001
271.152	0.0	0.0	0.0007469475000000001
271.292	0.0	0.0	0.00058578
271.322	0.0	0.0	0.000518578125
271.392	0.0	0.0	0.00039248625
271.492	0.0	0.0	0.00018907200000000004
271.632	0.0	0.0	-7.23620625e-05
271.662	0.0	0.0	-0.0001263795
271.722	0.0	0.0	-0.0002325740625
271.832	0.0	0.0	-0.00040872000000000006
271.962	0.0	0.0	-0.00063882
271.992	0.0	0.0	-0.0006615375000000001
272.062	0.0	0.0	-0.0007065581250000001
272.162	0.0	0.0	-0.0007806581250000001
272.302	0.0	0.0	-0.0008767200000000001
272.332	0.0	0.0	-0.0008563181250000002
272.402	0.0	0.0	-0.0008178787500000001
272.502	0.0	0.0	-0.0007556981250000001
272.642	0.0	0.0	-0.0006757725
272.672	0.0	0.0	-0.0006291431250000001
272.732	0.0	0.0	-0.000537005625
272.842	0.0	0.0	-0.00038385750000000004
272.972	0.0	0.0	-0.00018365831250000003
273.002	0.0	0.0	-0.000131629875
273.072	0.0	0.0	-2.8060500000000003e-05
273.172	0.0	0.0	0.00014276925
273.312	0.0	0.0	0.00036440625
273.342	0.0	0.0	0.00039726375000000006
273.412	0.0	0.0	0.00045944437500000006
273.512	0.0	0.0	0.000560113125
273.652	0.0	0.0	0.000689641875
273.682	0.0	0.0	0.000686960625
273.742	0.0	0.0	0.0006816225
273.852	0.0	0.0	0.0006727012500000001
273.982	0.0	0.0	0.0006610256250000001
274.012	0.0	0.0	0.0006285825
274.082	0.0	0.0	0.0005648662500000001
274.182	0.0	0.0	0.00046063875000000007
274.322	0.0	0.0	0.000326259375
274.352	0.0	0.0	0.000284431875
274.412	0.0	0.0	0.000201747
274.522	0.0	0.0	6.419156250000001e-05
274.652	0.0	0.0	-0.00011573006250000001
274.682	0.0	0.0	-0.0001486606875
274.752	0.0	0.0	-0.000214865625
274.852	0.0	0.0	-0.00032448
274.992	0.0	0.0	-0.00046690312500000005
275.022	0.0	0.0	-0.0004761168750000001
275.092	0.0	0.0	-0.0004937400000000001
275.192	0.0	0.0	-0.000522380625
275.332	0.0	0.0	-0.0005592843750000001
275.362	0.0	0.0	-0.00054312375
275.422	0.0	0.0	-0.0005107050000000001
275.532	0.0	0.0	-0.00045654375000000005
275.662	0.0	0.0	-0.000385588125
275.692	0.0	0.0	-0.0003541931250000001
275.762	0.0	0.0	-0.000290866875
275.862	0.0	0.0	-0.000185835
276.002	0.0	0.0	-4.9308187500000006e-05
276.032	0.0	0.0	-1.7304787500000003e-05
276.102	0.0	0.0	4.408950000000001e-05
276.202	0.0	0.0	0.0001440684375
276.342	0.0	0.0	0.000273
276.372	0.0	0.0	0.000287551875
276.432	0.0	0.0	0.00031682625
276.542	0.0	0.0	0.00036589312500000004
276.672	0.0	0.0	0.00043019437500000003
276.702	0.0	0.0	0.000425221875
276.772	0.0	0.0	0.00041510625
276.872	0.0	0.0	0.000398311875
277.012	0.0	0.0	0.00037647187500000005
277.042	0.0	0.0	0.0003541931250000001
277.112	0.0	0.0	0.00031122
277.212	0.0	0.0	0.00024111262500000006
277.352	0.0	0.0	0.00015063262500000001
277.382	0.0	0.0	0.00012580181250000002
277.442	0.0	0.0	7.549912500000002e-05
277.542	0.0	0.0	-8.94465e-06
277.682	0.0	0.0	-0.00011970075
277.712	0.0	0.0	-0.00013830618750000002
277.782	0.0	0.0	-0.00017624100000000002
277.882	0.0	0.0	-0.00023940881250000002
278.022	0.0	0.0	-0.000321628125
278.052	0.0	0.0	-0.00032530875000000005
278.122	0.0	0.0	-0.000332450625
278.222	0.0	0.0	-0.000344101875
278.362	0.0	0.0	-0.0003591412500000001
278.392	0.0	0.0	-0.00034724625000000003
278.452	0.0	0.0	-0.00032301750000000005
278.552	0.0	0.0	-0.000282238125
278.692	0.0	0.0	-0.000228710625
278.722	0.0	0.0	-0.00020678531250000002
278.782	0.0	0.0	-0.00016183293750000004
278.892	0.0	0.0	-8.68310625e-05
279.032	0.0	0.0	1.087003125e-05
279.062	0.0	0.0	3.355462500000001e-05
279.132	0.0	0.0	7.77075e-05
279.232	0.0	0.0	0.0001500525
279.372	0.0	0.0	0.00024355256250000004
279.402	0.0	0.0	0.00025384125
279.462	0.0	0.0	0.00027490125
279.562	0.0	0.0	0.00031039125
279.702	0.0	0.0	0.000357020625
279.732	0.0	0.0	0.00035190187500000003
279.792	0.0	0.0	0.00034137187500000006
279.902	0.0	0.0	0.000323773125
280.042	0.0	0.0	0.00030083625
280.072	0.0	0.0	0.000280678125
280.142	0.0	0.0	0.00024124425000000003
280.242	0.0	0.0	0.00017649206250000004
280.382	0.0	0.0	9.274687500000001e-05
280.412	0.0	0.0	6.987825e-05
280.472	0.0	0.0	2.27784375e-05
280.572	0.0	0.0	-5.6791312500000004e-05
280.712	0.0	0.0	-0.00016137956250000002
280.742	0.0	0.0	-0.00017846156249999999
280.802	0.0	0.0	-0.00021385162500000003
280.912	0.0	0.0	-0.00027314625
281.052	0.0	0.0	-0.000350488125
281.082	0.0	0.0	-0.00035226750000000003
281.152	0.0	0.0	-0.00035575312500000004
281.252	0.0	0.0	-0.00036148125000000006
281.392	0.0	0.0	-0.0003688912500000001
281.422	0.0	0.0	-0.000354583125
281.482	0.0	0.0	-0.000324943125
281.582	0.0	0.0	-0.00027473062500000004
281.722	0.0	0.0	-0.00020871825000000005
281.752	0.0	0.0	-0.000184299375
281.812	0.0	0.0	-0.0001334360625
281.922	0.0	0.0	-4.804312500000001e-05
282.062	0.0	0.0	6.343106250000002e-05
282.092	0.0	0.0	8.694318750000001e-05
282.162	0.0	0.0	0.000133394625
282.262	0.0	0.0	0.00020996625000000002
282.402	0.0	0.0	0.000309148125
282.432	0.0	0.0	0.00031748437500000006
282.492	0.0	0.0	0.00033486375000000006
282.592	0.0	0.0	0.00036433312500000004
282.732	0.0	0.0	0.00040313812500000003
282.762	0.0	0.0	0.00039407062500000005
282.822	0.0	0.0	0.0003751068750000001
282.932	0.0	0.0	0.0003432
283.072	0.0	0.0	0.00030151875
283.102	0.0	0.0	0.00027760687500000004
283.172	0.0	0.0	0.00023008293750000005
283.272	0.0	0.0	0.00015159543750000001
283.412	0.0	0.0	4.98639375e-05
283.442	0.0	0.0	2.63371875e-05
283.502	0.0	0.0	-2.2942725000000005e-05
283.602	0.0	0.0	-0.0001067235
283.742	0.0	0.0	-0.00021708862500000002
283.772	0.0	0.0	-0.00023155762500000002
283.832	0.0	0.0	-0.00026203125
283.942	0.0	0.0	-0.00031338937500000004
284.082	0.0	0.0	-0.00038054250000000005
284.112	0.0	0.0	-0.000377934375
284.182	0.0	0.0	-0.00037271812500000006
284.282	0.0	0.0	-0.00036411375000000004
284.422	0.0	0.0	-0.000352925625
284.452	0.0	0.0	-0.000336058125
284.512	0.0	0.0	-0.000300568125
284.612	0.0	0.0	-0.000240084
284.752	0.0	0.0	-0.00016035825000000002
284.782	0.0	0.0	-0.00013673643750000003
284.842	0.0	0.0	-8.67140625e-05
284.952	0.0	0.0	-2.2204893750000003e-06
285.092	0.0	0.0	0.00010831275000000001
285.122	0.0	0.0	0.000127846875
285.192	0.0	0.0	0.000167032125
285.292	0.0	0.0	0.00023202318750000002
285.432	0.0	0.0	0.0003163875
285.462	0.0	0.0	0.00032072625000000005
285.522	0.0	0.0	0.000329915625
285.622	0.0	0.0	0.00034558875
285.762	0.0	0.0	0.000366283125
285.792	0.0	0.0	0.00035533875
285.852	0.0	0.0	0.00033203625000000005
285.962	0.0	0.0	0.00029254875
286.102	0.0	0.0	0.00024089325000000003
286.132	0.0	0.0	0.00021823668750000003
286.202	0.0	0.0	0.0001725481875
286.302	0.0	0.0	9.662250000000002e-05
286.442	0.0	0.0	-2.00499e-06
286.472	0.0	0.0	-2.26434e-05
286.532	0.0	0.0	-6.6626625e-05
286.632	0.0	0.0	-0.000141882
286.772	0.0	0.0	-0.00024122962500000003
286.802	0.0	0.0	-0.00025296375
286.862	0.0	0.0	-0.000278094375
286.972	0.0	0.0	-0.000320701875
287.112	0.0	0.0	-0.00037654500000000005
287.142	0.0	0.0	-0.00037220625000000007
287.212	0.0	0.0	-0.00036345562500000005
287.312	0.0	0.0	-0.00034890375000000006
287.452	0.0	0.0	-0.000329964375
287.482	0.0	0.0	-0.000312219375
287.542	0.0	0.0	-0.000273853125
287.642	0.0	0.0	-0.00020791875000000004
287.782	0.0	0.0	-0.000120670875
287.812	0.0	0.0	-9.45286875e-05
287.872	0.0	0.0	-3.93826875e-05
287.982	0.0	0.0	5.334956250000001e-05
288.122	0.0	0.0	0.000174091125
288.152	0.0	0.0	0.00019393725000000004
288.212	0.0	0.0	0.00023623762500000003
288.312	0.0	0.0	0.000308685
288.452	0.0	0.0	0.00040435687500000006
288.482	0.0	0.0	0.00040891500000000004
288.542	0.0	0.0	0.000418786875
288.652	0.0	0.0	0.00043558125
288.792	0.0	0.0	0.00045764062500000004
288.822	0.0	0.0	0.00044101687500000005
288.882	0.0	0.0	0.00040706250000000003
288.992	0.0	0.0	0.0003503175
289.132	0.0	0.0	0.00027643687500000005
289.162	0.0	0.0	0.00024796687500000004
289.222	0.0	0.0	0.00018629812499999999
289.322	0.0	0.0	8.018887500000001e-05
289.462	0.0	0.0	-6.0152625e-05
289.492	0.0	0.0	-9.017043750000001e-05
289.552	0.0	0.0	-0.00015544425000000003
289.662	0.0	0.0	-0.00026676000000000005
289.802	0.0	0.0	-0.00041286375
289.832	0.0	0.0	-0.000428683125
289.892	0.0	0.0	-0.00046119937500000005
290.002	0.0	0.0	-0.00051562875
290.142	0.0	0.0	-0.0005865356250000001
290.172	0.0	0.0	-0.00057744375
290.232	0.0	0.0	-0.00055765125
290.332	0.0	0.0	-0.0005235018750000001
290.472	0.0	0.0	-0.00047828624999999994
290.502	0.0	0.0	-0.00044711062500000007
290.562	0.0	0.0	-0.00037888500000000003
290.672	0.0	0.0	-0.00026229937500000004
290.812	0.0	0.0	-0.00010919268750000001
290.842	0.0	0.0	-6.7601625e-05
290.902	0.0	0.0	1.8348525e-05
291.012	0.0	0.0	0.00016255443750000002
291.152	0.0	0.0	0.000350488125
291.182	0.0	0.0	0.00037647187500000005
291.242	0.0	0.0	0.000433363125
291.342	0.0	0.0	0.0005316675
291.482	0.0	0.0	0.0006619031250000001
291.512	0.0	0.0	0.0006623418750000001
291.572	0.0	0.0	0.0006633412500000001
291.682	0.0	0.0	0.000665023125
291.822	0.0	0.0	0.000667265625
291.852	0.0	0.0	0.0006367968750000001
291.912	0.0	0.0	0.000573495
292.022	0.0	0.0	0.00046704937500000005
292.162	0.0	0.0	0.00032825812500000004
292.192	0.0	0.0	0.00028572375000000003
292.252	0.0	0.0	0.0001919409375
292.352	0.0	0.0	2.955225e-05
292.492	0.0	0.0	-0.00018567412500000003
292.522	0.0	0.0	-0.000224264625
292.582	0.0	0.0	-0.00030966
292.692	0.0	0.0	-0.0004562025
292.832	0.0	0.0	-0.00064891125
292.862	0.0	0.0	-0.000662780625
292.922	0.0	0.0	-0.000691738125
293.032	0.0	0.0	-0.0007405125
293.172	0.0	0.0	-0.00080418
293.202	0.0	0.0	-0.0007848993750000001
293.262	0.0	0.0	-0.0007421456250000001
293.362	0.0	0.0	-0.00066792375
293.502	0.0	0.0	-0.0005694975
293.532	0.0	0.0	-0.0005252325
293.592	0.0	0.0	-0.00042668437500000006
293.702	0.0	0.0	-0.00025725374999999997
293.842	0.0	0.0	-3.4261500000000004e-05
293.872	0.0	0.0	1.636415625e-05
293.932	0.0	0.0	0.00012270618750000002
294.042	0.0	0.0	0.00030222562500000004
294.182	0.0	0.0	0.0005366887500000002
294.212	0.0	0.0	0.000562209375
294.272	0.0	0.0	0.0006191737500000001
294.372	0.0	0.0	0.00071823375
294.512	0.0	0.0	0.0008497125
294.542	0.0	0.0	0.0008420831250000001
294.602	0.0	0.0	0.000824971875
294.712	0.0	0.0	0.000795478125
294.852	0.0	0.0	0.0007566487500000001
294.882	0.0	0.0	0.0007148212500000001
294.942	0.0	0.0	0.000626461875
295.052	0.0	0.0	0.00047701875000000004
295.192	0.0	0.0	0.000281701875
295.222	0.0	0.0	0.00023273737500000002
295.282	0.0	0.0	0.0001227646875
295.382	0.0	0.0	-6.890325e-05
295.522	0.0	0.0	-0.00032345625
295.552	0.0	0.0	-0.00036148125000000006
295.612	0.0	0.0	-0.00044715937500000005
295.722	0.0	0.0	-0.00059509125
295.862	0.0	0.0	-0.0007900181250000001
295.892	0.0	0.0	-0.0007965262500000001
295.952	0.0	0.0	-0.00081037125
296.062	0.0	0.0	-0.0008338200000000001
296.202	0.0	0.0	-0.0008645081250000002
296.232	0.0	0.0	-0.0008371837500000002
296.292	0.0	0.0	-0.0007754418750000001
296.392	0.0	0.0	-0.0006676068750000001
296.532	0.0	0.0	-0.0005242575
296.562	0.0	0.0	-0.00047548312500000006
296.622	0.0	0.0	-0.00036489375
296.732	0.0	0.0	-0.00017359875000000003
296.872	0.0	0.0	7.86946875e-05
296.902	0.0	0.0	0.000127179
296.962	0.0	0.0	0.00023074106250000004
297.072	0.0	0.0	0.0004066237500000001
297.212	0.0	0.0	0.000636845625
297.242	0.0	0.0	0.00065554125
297.302	0.0	0.0	0.0006981000000000001
297.402	0.0	0.0	0.0007725656250000001
297.542	0.0	0.0	0.00087160125
297.572	0.0	0.0	0.000856610625
297.632	0.0	0.0	0.00082246125
297.742	0.0	0.0	0.0007632300000000002
297.882	0.0	0.0	0.0006850837500000001
297.912	0.0	0.0	0.0006402825
297.972	0.0	0.0	0.00054405
298.082	0.0	0.0	0.00038027437500000007
298.222	0.0	0.0	0.00016575731250000002
298.252	0.0	0.0	0.00012059531249999999
298.312	0.0	0.0	1.719144375e-05
298.412	0.0	0.0	-0.00016418025000000002
298.552	0.0	0.0	-0.00040557562500000003
298.582	0.0	0.0	-0.00043524000000000004
298.642	0.0	0.0	-0.000503295
298.752	0.0	0.0	-0.0006215381250000001
298.892	0.0	0.0	-0.0007776843750000001
298.922	0.0	0.0	-0.0007758562500000001
298.982	0.0	0.0	-0.0007719318750000002
299.092	0.0	0.0	-0.00076522875
299.232	0.0	0.0	-0.0007564293750000001
299.262	0.0	0.0	-0.0007270575000000001
299.322	0.0	0.0	-0.000659319375
299.422	0.0	0.0	-0.000540271875
299.562	0.0	0.0	-0.00038171250000000004
299.592	0.0	0.0	-0.000338203125
299.652	0.0	0.0	-0.00023770500000000003
299.762	0.0	0.0	-6.278025000000001e-05
299.902	0.0	0.0	0.00016838493750000004
299.932	0.0	0.0	0.00020595168750000002
299.992	0.0	0.0	0.00028757625000000003
300.102	0.0	0.0	0.00042707437500000007
300.242	0.0	0.0	0.0006100331250000001
300.272	0.0	0.0	0.0006196368750000001
300.332	0.0	0.0	0.0006419156250000001
300.432	0.0	0.0	0.0006811593750000001
300.572	0.0	0.0	0.0007334681250000001
300.602	0.0	0.0	0.0007154306250000001
300.662	0.0	0.0	0.0006735056250000001
300.772	0.0	0.0	0.0006003562500000001
300.912	0.0	0.0	0.0005036606250000001
300.942	0.0	0.0	0.00046492875
301.002	0.0	0.0	0.00038029875000000004
301.112	0.0	0.0	0.00023539668750000004
301.252	0.0	0.0	4.5198562500000005e-05
301.282	0.0	0.0	1.14635625e-05
301.332	0.0	0.0	-6.731887500000001e-05
301.442	0.0	0.0	-0.00020639531250000003
301.582	0.0	0.0	-0.00039187687500000007
301.612	0.0	0.0	-0.00040969500000000007
301.672	0.0	0.0	-0.000451400625
301.782	0.0	0.0	-0.0005242575
301.922	0.0	0.0	-0.0006206849999999999
301.952	0.0	0.0	-0.0006133237500000001
302.012	0.0	0.0	-0.0005971143750000001
302.122	0.0	0.0	-0.0005693512500000001
302.262	0.0	0.0	-0.0005328862500000001
302.292	0.0	0.0	-0.0005083893750000001
302.342	0.0	0.0	-0.0004503525
302.452	0.0	0.0	-0.000347368125
302.592	0.0	0.0	-0.0002097200625
302.622	0.0	0.0	-0.0001780471875
302.682	0.0	0.0	-0.00010524881250000003
302.792	0.0	0.0	2.089595625e-05
302.932	0.0	0.0	0.0001868319375
302.962	0.0	0.0	0.00020684625000000004
303.012	0.0	0.0	0.00025359750000000005
303.122	0.0	0.0	0.000336204375
303.262	0.0	0.0	0.000446428125
303.292	0.0	0.0	0.0004485243750000001
303.352	0.0	0.0	0.00045349687500000004
303.462	0.0	0.0	0.00046222312500000004
303.602	0.0	0.0	0.00047377687500000005
303.632	0.0	0.0	0.000457250625
303.692	0.0	0.0	0.00042054187500000005
303.802	0.0	0.0	0.0003573618750000001
303.942	0.0	0.0	0.00027426750000000003
303.962	0.0	0.0	0.000252208125
304.022	0.0	0.0	0.00019974337500000002
304.132	0.0	0.0	0.00010661137500000002
304.272	0.0	0.0	-1.7826412500000004e-05
304.302	0.0	0.0	-3.670143750000001e-05
304.362	0.0	0.0	-8.162700000000001e-05
304.472	0.0	0.0	-0.00016058250000000002
304.612	0.0	0.0	-0.00026524875000000003
304.642	0.0	0.0	-0.00027234187500000003
304.702	0.0	0.0	-0.00028821000000000006
304.812	0.0	0.0	-0.00031555875000000006
304.952	0.0	0.0	-0.00035156062500000005
304.972	0.0	0.0	-0.000345174375
305.032	0.0	0.0	-0.000329866875
305.142	0.0	0.0	-0.000302615625
305.282	0.0	0.0	-0.000266175
305.312	0.0	0.0	-0.000251476875
305.372	0.0	0.0	-0.00021627450000000003
305.482	0.0	0.0	-0.0001542571875
305.622	0.0	0.0	-7.19866875e-05
305.652	0.0	0.0	-5.5448250000000006e-05
305.712	0.0	0.0	-1.8292950000000002e-05
305.822	0.0	0.0	4.5946875000000004e-05
305.962	0.0	0.0	0.000130533
305.982	0.0	0.0	0.00013972725000000003
306.042	0.0	0.0	0.000161893875
306.152	0.0	0.0	0.00020141550000000004
306.292	0.0	0.0	0.00025430437500000003
306.322	0.0	0.0	0.000254938125
306.382	0.0	0.0	0.00025652250000000003
306.492	0.0	0.0	0.000259325625
306.632	0.0	0.0	0.00026303062500000003
306.662	0.0	0.0	0.000253524375
306.722	0.0	0.0	0.00023207437500000002
306.832	0.0	0.0	0.00019489762500000002
306.972	0.0	0.0	0.000145913625
306.992	0.0	0.0	0.000131196
307.052	0.0	0.0	9.546225000000002e-05
307.162	0.0	0.0	3.1614375000000005e-05
307.302	0.0	0.0	-5.3868750000000005e-05
307.332	0.0	0.0	-6.9888e-05
307.392	0.0	0.0	-0.0001087831875
307.502	0.0	0.0	-0.000177567
307.642	0.0	0.0	-0.000268929375
307.672	0.0	0.0	-0.00027814312500000005
307.732	0.0	0.0	-0.00029908125
307.842	0.0	0.0	-0.00033544875
307.982	0.0	0.0	-0.00038337
308.002	0.0	0.0	-0.00037839750000000005
308.062	0.0	0.0	-0.000366234375
308.172	0.0	0.0	-0.0003444675
308.312	0.0	0.0	-0.000315315
308.342	0.0	0.0	-0.0002959125
308.402	0.0	0.0	-0.000248503125
308.512	0.0	0.0	-0.00016449712499999998
308.652	0.0	0.0	-5.282306250000001e-05
308.682	0.0	0.0	-2.4818625e-05
308.742	0.0	0.0	3.9273e-05
308.852	0.0	0.0	0.0001507715625
308.992	0.0	0.0	0.000297886875
309.012	0.0	0.0	0.00031626562500000003
309.072	0.0	0.0	0.000361554375
309.182	0.0	0.0	0.000442820625
309.322	0.0	0.0	0.0005517525
309.342	0.0	0.0	0.00055228875
309.412	0.0	0.0	0.0005535806250000001
309.522	0.0	0.0	0.0005558718750000001
309.662	0.0	0.0	0.00055891875
309.692	0.0	0.0	0.000535201875
309.752	0.0	0.0	0.00048057750000000005
309.862	0.0	0.0	0.00038536875000000007
310.002	0.0	0.0	0.00025964250000000004
310.022	0.0	0.0	0.0002255540625
310.082	0.0	0.0	0.0001410020625
310.192	0.0	0.0	-1.1059181250000001e-05
310.332	0.0	0.0	-0.00021506062500000004
310.352	0.0	0.0	-0.00024726
310.422	0.0	0.0	-0.00032708812500000005
310.522	0.0	0.0	-0.00046912125
310.672	0.0	0.0	-0.0006581981250000001
310.702	0.0	0.0	-0.0006699225000000002
310.762	0.0	0.0	-0.00069707625
310.872	0.0	0.0	-0.0007445343750000001
311.012	0.0	0.0	-0.000807226875
311.032	0.0	0.0	-0.00078950625
311.092	0.0	0.0	-0.0007452412500000001
311.202	0.0	0.0	-0.0006654618750000001
311.342	0.0	0.0	-0.0005583825
311.362	0.0	0.0	-0.0005169693750000001
311.432	0.0	0.0	-0.00041359500000000005
311.532	0.0	0.0	-0.00022930293750000004
311.682	0.0	0.0	1.6167693750000002e-05
311.712	0.0	0.0	6.475706250000001e-05
311.772	0.0	0.0	0.00017808618750000003
311.882	0.0	0.0	0.00037644750000000003
312.022	0.0	0.0	0.000638746875
312.042	0.0	0.0	0.0006628050000000001
312.102	0.0	0.0	0.00072340125
312.212	0.0	0.0	0.000832869375
312.352	0.0	0.0	0.0009798993750000002
312.372	0.0	0.0	0.00097095375
312.442	0.0	0.0	0.00094848
312.542	0.0	0.0	0.000908334375
312.692	0.0	0.0	0.00085483125
312.722	0.0	0.0	0.0008102250000000001
312.782	0.0	0.0	0.00070551
312.892	0.0	0.0	0.00052182
313.032	0.0	0.0	0.000278825625
313.052	0.0	0.0	0.00022743337500000002
313.112	0.0	0.0	9.713437500000001e-05
313.222	0.0	0.0	-0.00013872056250000003
313.362	0.0	0.0	-0.00045576375
313.382	0.0	0.0	-0.0004957387500000001
313.452	0.0	0.0	-0.000596919375
313.552	0.0	0.0	-0.0007780743750000001
313.702	0.0	0.0	-0.001019655
313.732	0.0	0.0	-0.0010250662500000001
313.792	0.0	0.0	-0.0010377900000000002
313.902	0.0	0.0	-0.001060190625
314.042	0.0	0.0	-0.001089855
314.062	0.0	0.0	-0.0010579237500000001
314.122	0.0	0.0	-0.000976365
314.232	0.0	0.0	-0.0008283843750000002
314.372	0.0	0.0	-0.0006293625000000001
314.392	0.0	0.0	-0.000572934375
314.452	0.0	0.0	-0.000429073125
314.562	0.0	0.0	-0.00017094187500000003
314.712	0.0	0.0	0.00017354756250000003
314.742	0.0	0.0	0.000229880625
314.802	0.0	0.0	0.000363845625
314.912	0.0	0.0	0.00059982
315.052	0.0	0.0	0.0009124293750000001
315.072	0.0	0.0	0.0009328556250000001
315.132	0.0	0.0	0.0009854325
315.242	0.0	0.0	0.0010810068750000002
315.382	0.0	0.0	0.001209658125
315.402	0.0	0.0	0.0011895975
315.462	0.0	0.0	0.0011380687500000001
315.572	0.0	0.0	0.0010454193750000001
315.722	0.0	0.0	0.0009217162500000001
315.752	0.0	0.0	0.0008646543750000001
315.812	0.0	0.0	0.0007280812500000001
315.922	0.0	0.0	0.00048706125
316.062	0.0	0.0	0.000167519625
316.082	0.0	0.0	0.00011140837500000002
316.142	0.0	0.0	-3.4137187500000005e-05
316.252	0.0	0.0	-0.000299300625
316.392	0.0	0.0	-0.000656443125
316.412	0.0	0.0	-0.0006929081250000002
316.472	0.0	0.0	-0.000787190625
316.582	0.0	0.0	-0.0009571087500000002
316.732	0.0	0.0	-0.001184161875
316.762	0.0	0.0	-0.00117960375
316.822	0.0	0.0	-0.0011686837500000003
316.932	0.0	0.0	-0.0011493543750000002
317.072	0.0	0.0	-0.0011237118749999999
317.092	0.0	0.0	-0.001084029375
317.152	0.0	0.0	-0.000979314375
317.262	0.0	0.0	-0.0007875075000000002
317.402	0.0	0.0	-0.0005286450000000001
317.422	0.0	0.0	-0.00046714687500000007
317.492	0.0	0.0	-0.000311293125
317.592	0.0	0.0	-3.2916e-05
317.742	0.0	0.0	0.00033691125000000004
317.762	0.0	0.0	0.0003830287500000001
317.822	0.0	0.0	0.000502685625
317.932	0.0	0.0	0.000720915
318.072	0.0	0.0	0.0010149993750000002
318.092	0.0	0.0	0.00102818625
318.152	0.0	0.0	0.0010627743750000003
318.262	0.0	0.0	0.001125345
318.412	0.0	0.0	0.0012090731250000001
318.442	0.0	0.0	0.0011790675
318.502	0.0	0.0	0.00110589375
318.612	0.0	0.0	0.0009760481250000001
318.752	0.0	0.0	0.0008036193750000001
318.772	0.0	0.0	0.000752480625
318.832	0.0	0.0	0.000617053125
318.942	0.0	0.0	0.000368866875
319.082	0.0	0.0	3.4000687500000004e-05
319.102	0.0	0.0	-1.9311825000000002e-05
319.162	0.0	0.0	-0.00016001456250000002
319.272	0.0	0.0	-0.00041493562500000006
319.422	0.0	0.0	-0.0007561856250000001
319.442	0.0	0.0	-0.000785630625
319.512	0.0	0.0	-0.000857878125
319.622	0.0	0.0	-0.0009863831250000001
319.762	0.0	0.0	-0.001157154375
319.782	0.0	0.0	-0.0011463562500000002
319.842	0.0	0.0	-0.001117471875
319.952	0.0	0.0	-0.0010644562500000002
320.092	0.0	0.0	-0.000992866875
320.112	0.0	0.0	-0.000949918125
320.172	0.0	0.0	-0.000835696875
320.282	0.0	0.0	-0.000628314375
320.432	0.0	0.0	-0.00035053687500000006
320.452	0.0	0.0	-0.000292719375
320.522	0.0	0.0	-0.00014981362500000005
320.622	0.0	0.0	0.00010482956250000001
320.772	0.0	0.0	0.00044347875
320.792	0.0	0.0	0.00047867625
320.852	0.0	0.0	0.0005734462500000001
320.962	0.0	0.0	0.000747825
321.102	0.0	0.0	0.0009834581250000001
321.122	0.0	0.0	0.0009874800000000002
321.182	0.0	0.0	0.0009983025000000001
321.292	0.0	0.0	0.0010179975
321.442	0.0	0.0	0.0010443956250000002
321.462	0.0	0.0	0.001011855
321.532	0.0	0.0	0.0009308812500000001
321.632	0.0	0.0	0.0007862887500000002
321.782	0.0	0.0	0.0005938725
321.802	0.0	0.0	0.0005487543750000001
321.862	0.0	0.0	0.000426391875
321.972	0.0	0.0	0.00020072081250000005
322.112	0.0	0.0	-0.000104398125
322.132	0.0	0.0	-0.00014593068750000002
322.192	0.0	0.0	-0.000258106875
322.302	0.0	0.0	-0.000462613125
322.452	0.0	0.0	-0.000736905
322.472	0.0	0.0	-0.0007543574999999999
322.542	0.0	0.0	-0.0007980618750000001
322.642	0.0	0.0	-0.00087628125
322.792	0.0	0.0	-0.00098041125
322.812	0.0	0.0	-0.0009655912500000002
322.872	0.0	0.0	-0.000925055625
322.982	0.0	0.0	-0.00085015125
323.122	0.0	0.0	-0.0007487756250000001
323.142	0.0	0.0	-0.0007110431250000001
323.202	0.0	0.0	-0.000608278125
323.312	0.0	0.0	-0.00042056625
323.462	0.0	0.0	-0.00016861162500000004
323.482	0.0	0.0	-0.000124024875
323.552	0.0	0.0	-1.1510850000000002e-05
323.652	0.0	0.0	0.0001902493125
323.802	0.0	0.0	0.000459103125
323.822	0.0	0.0	0.00048204
323.882	0.0	0.0	0.000545293125
323.992	0.0	0.0	0.0006625125
324.132	0.0	0.0	0.0008211693750000002
324.152	0.0	0.0	0.0008185368750000001
324.212	0.0	0.0	0.0008112731250000001
324.322	0.0	0.0	0.000797964375
324.472	0.0	0.0	0.0007801218750000001
324.492	0.0	0.0	0.000750969375
324.552	0.0	0.0	0.0006768937500000001
324.662	0.0	0.0	0.00054380625
324.812	0.0	0.0	0.00036633187500000004
324.832	0.0	0.0	0.00033208500000000003
324.892	0.0	0.0	0.0002367860625
325.002	0.0	0.0	5.987962500000001e-05
325.142	0.0	0.0	-0.0001797680625
325.162	0.0	0.0	-0.00020767500000000002
325.222	0.0	0.0	-0.000284870625
325.332	0.0	0.0	-0.00042646500000000006
325.482	0.0	0.0	-0.000616760625
325.502	0.0	0.0	-0.000624511875
325.562	0.0	0.0	-0.0006443775000000001
325.672	0.0	0.0	-0.0006801600000000001
325.822	0.0	0.0	-0.00072788625
325.842	0.0	0.0	-0.00071331
325.902	0.0	0.0	-0.0006723843750000001
326.002	0.0	0.0	-0.00059626125
326.152	0.0	0.0	-0.0004930818750000001
326.172	0.0	0.0	-0.0004641975000000001
326.232	0.0	0.0	-0.00038363812500000004
326.342	0.0	0.0	-0.000235535625
326.492	0.0	0.0	-3.6384562500000005e-05
326.512	0.0	0.0	-5.65475625e-06
326.572	0.0	0.0	7.35954375e-05
326.682	0.0	0.0	0.00021659868750000005
326.832	0.0	0.0	0.000407525625
326.852	0.0	0.0	0.00042088312500000003
326.912	0.0	0.0	0.00045871312500000007
327.012	0.0	0.0	0.00052923
327.162	0.0	0.0	0.0006248775000000001
327.182	0.0	0.0	0.0006195150000000001
327.242	0.0	0.0	0.0006044512500000001
327.352	0.0	0.0	0.000576688125
327.502	0.0	0.0	0.00053932125
327.522	0.0	0.0	0.0005159943750000001
327.582	0.0	0.0	0.0004553981250000001
327.692	0.0	0.0	0.0003458325
327.842	0.0	0.0	0.00019946793750000004
327.862	0.0	0.0	0.000174715125
327.922	0.0	0.0	0.00010405687500000002
328.022	0.0	0.0	-2.7965437500000004e-05
328.172	0.0	0.0	-0.00020716068750000003
328.192	0.0	0.0	-0.00022574906250000002
328.252	0.0	0.0	-0.000278435625
328.362	0.0	0.0	-0.00037571625000000004
328.512	0.0	0.0	-0.0005067075000000001
328.532	0.0	0.0	-0.0005096324999999999
328.592	0.0	0.0	-0.0005173106250000001
328.702	0.0	0.0	-0.000531204375
328.852	0.0	0.0	-0.000549778125
328.872	0.0	0.0	-0.000536810625
328.932	0.0	0.0	-0.0004994437500000001
329.032	0.0	0.0	-0.00042948750000000005
329.182	0.0	0.0	-0.000334449375
329.202	0.0	0.0	-0.000311293125
329.262	0.0	0.0	-0.00024513937500000003
329.372	0.0	0.0	-0.00012271350000000002
329.522	0.0	0.0	4.2222375e-05
329.542	0.0	0.0	6.6031875e-05
329.602	0.0	0.0	0.00012883406250000003
329.712	0.0	0.0	0.00024286031250000001
329.862	0.0	0.0	0.00039541125000000006
329.882	0.0	0.0	0.00040491750000000003
329.942	0.0	0.0	0.0004325587500000001
330.042	0.0	0.0	0.0004844531250000001
330.192	0.0	0.0	0.0005549700000000001
330.212	0.0	0.0	0.0005486568750000001
330.272	0.0	0.0	0.0005304
330.382	0.0	0.0	0.0004965675
330.532	0.0	0.0	0.000450961875
330.552	0.0	0.0	0.00042875625000000006
330.612	0.0	0.0	0.000369744375
330.722	0.0	0.0	0.000262348125
330.872	0.0	0.0	0.00011861362500000001
330.892	0.0	0.0	9.52550625e-05
330.952	0.0	0.0	2.676375e-05
331.052	0.0	0.0	-0.0001020508125
331.202	0.0	0.0	-0.00027721687499999997
331.222	0.0	0.0	-0.000294718125
331.282	0.0	0.0	-0.00034556437500000005
331.392	0.0	0.0	-0.0004400418750000001
331.542	0.0	0.0	-0.00056749875
331.562	0.0	0.0	-0.000568839375
331.622	0.0	0.0	-0.000572446875
331.732	0.0	0.0	-0.0005790037500000001
331.882	0.0	0.0	-0.0005877787500000001
331.902	0.0	0.0	-0.00057237375
331.962	0.0	0.0	-0.00052625625
332.062	0.0	0.0	-0.0004390668750000001
332.212	0.0	0.0	-0.000320263125
332.232	0.0	0.0	-0.000291695625
332.292	0.0	0.0	-0.000210643875
332.402	0.0	0.0	-6.140793750000001e-05
332.552	0.0	0.0	0.00013876687500000002
332.572	0.0	0.0	0.00016333687499999998
332.632	0.0	0.0	0.00023542106250000003
332.732	0.0	0.0	0.000371109375
332.882	0.0	0.0	0.00055575
332.902	0.0	0.0	0.0005664018750000001
332.962	0.0	0.0	0.000597894375
333.072	0.0	0.0	0.0006566625000000001
333.222	0.0	0.0	0.0007360275
333.242	0.0	0.0	0.0007238887500000002
333.302	0.0	0.0	0.000690958125
333.412	0.0	0.0	0.0006307275
333.562	0.0	0.0	0.00054994875
333.582	0.0	0.0	0.0005229656250000001
333.642	0.0	0.0	0.0004418700000000001
333.742	0.0	0.0	0.00028845375
333.892	0.0	0.0	7.947225e-05
333.912	0.0	0.0	4.6480687500000006e-05
333.972	0.0	0.0	-5.171887500000001e-05
334.082	0.0	0.0	-0.00023517731250000004
334.232	0.0	0.0	-0.000483088125
334.252	0.0	0.0	-0.0005061225000000001
334.312	0.0	0.0	-0.0005691075000000001
334.422	0.0	0.0	-0.0006845962500000001
334.572	0.0	0.0	-0.0008395725000000002
334.592	0.0	0.0	-0.0008371593750000001
334.652	0.0	0.0	-0.000829846875
334.752	0.0	0.0	-0.0008159775
334.902	0.0	0.0	-0.0007970625
334.922	0.0	0.0	-0.0007708350000000001
334.982	0.0	0.0	-0.000692079375
335.092	0.0	0.0	-0.000544635
335.242	0.0	0.0	-0.00034524750000000003
335.262	0.0	0.0	-0.0003031275
335.322	0.0	0.0	-0.0001870366875
335.432	0.0	0.0	2.6254312500000005e-05
335.582	0.0	0.0	0.0003126337500000001
335.602	0.0	0.0	0.00034207875
335.662	0.0	0.0	0.00043229062500000005
335.762	0.0	0.0	0.00060367125
335.912	0.0	0.0	0.0008374275
335.932	0.0	0.0	0.00084566625
335.992	0.0	0.0	0.0008706262500000001
336.102	0.0	0.0	0.0009174506250000001
336.252	0.0	0.0	0.0009808256250000002
336.272	0.0	0.0	0.0009586200000000001
336.332	0.0	0.0	0.000896926875
336.442	0.0	0.0	0.0007833637500000001
336.592	0.0	0.0	0.0006307762500000001
336.612	0.0	0.0	0.00059401875
336.662	0.0	0.0	0.00048040687500000004
336.772	0.0	0.0	0.000264054375
336.922	0.0	0.0	-3.1224375000000004e-05
336.942	0.0	0.0	-7.014637500000001e-05
337.002	0.0	0.0	-0.0001891768125
337.112	0.0	0.0	-0.00041296125
337.262	0.0	0.0	-0.0007159425000000001
337.282	0.0	0.0	-0.0007373681250000001
337.342	0.0	0.0	-0.000797355
337.452	0.0	0.0	-0.0009080906250000001
337.602	0.0	0.0	-0.0010569243750000001
337.622	0.0	0.0	-0.0010475400000000002
337.672	0.0	0.0	-0.0010182168750000001
337.782	0.0	0.0	-0.0009622518750000001
337.932	0.0	0.0	-0.000885811875
337.952	0.0	0.0	-0.0008512237500000001
338.012	0.0	0.0	-0.0007444368750000001
338.122	0.0	0.0	-0.00054327
338.272	0.0	0.0	-0.00027073312500000004
338.292	0.0	0.0	-0.00022377225000000004
338.352	0.0	0.0	-9.112350000000001e-05
338.462	0.0	0.0	0.00015413043750000003
338.612	0.0	0.0	0.000484063125
338.632	0.0	0.0	0.0005114850000000001
338.682	0.0	0.0	0.0005980162500000001
338.792	0.0	0.0	0.0007634981250000002
338.942	0.0	0.0	0.0009896493750000002
338.962	0.0	0.0	0.0009914287500000002
339.022	0.0	0.0	0.0009969375
339.132	0.0	0.0	0.0010073456250000003
339.282	0.0	0.0	0.00102145875
339.302	0.0	0.0	0.000992233125
339.362	0.0	0.0	0.00090894375
339.472	0.0	0.0	0.000754625625
339.622	0.0	0.0	0.000546901875
339.642	0.0	0.0	0.00050856
339.692	0.0	0.0	0.00038636812500000004
339.802	0.0	0.0	0.00015217312500000004
339.952	0.0	0.0	-0.00016808268750000003
339.972	0.0	0.0	-0.000203058375
340.032	0.0	0.0	-0.0003130725
340.142	0.0	0.0	-0.000521235
340.292	0.0	0.0	-0.000803570625
340.312	0.0	0.0	-0.00081719625
340.372	0.0	0.0	-0.000856366875
340.482	0.0	0.0	-0.0009291018750000002
340.632	0.0	0.0	-0.0010270650000000002
340.652	0.0	0.0	-0.001012610625
340.702	0.0	0.0	-0.00096607875
340.812	0.0	0.0	-0.0008767443750000001
340.962	0.0	0.0	-0.0007544793750000001
340.982	0.0	0.0	-0.0007200862500000001
341.042	0.0	0.0	-0.00061088625
341.152	0.0	0.0	-0.0004038693750000001
341.302	0.0	0.0	-0.0001228816875
341.322	0.0	0.0	-8.27116875e-05
341.382	0.0	0.0	3.3681375000000004e-05
341.492	0.0	0.0	0.0002502337500000001
341.642	0.0	0.0	0.0005421243750000001
341.662	0.0	0.0	0.0005612587500000001
341.712	0.0	0.0	0.0006234881250000001
341.822	0.0	0.0	0.0007432668750000001
341.972	0.0	0.0	0.0009072618750000001
341.992	0.0	0.0	0.00090309375
342.052	0.0	0.0	0.0008896875000000001
342.162	0.0	0.0	0.0008642400000000002
342.312	0.0	0.0	0.0008296762500000001
342.332	0.0	0.0	0.0008012550000000001
342.392	0.0	0.0	0.0007182093750000001
342.502	0.0	0.0	0.000563330625
342.652	0.0	0.0	0.000354485625
342.672	0.0	0.0	0.00032335875000000003
342.722	0.0	0.0	0.0002210593125
342.832	0.0	0.0	2.3694937500000002e-05
342.982	0.0	0.0	-0.000246699375
343.002	0.0	0.0	-0.00027124500000000004
343.062	0.0	0.0	-0.00035068312500000006
343.172	0.0	0.0	-0.000501954375
343.322	0.0	0.0	-0.000707533125
343.342	0.0	0.0	-0.0007128468750000001
343.402	0.0	0.0	-0.000728495625
343.512	0.0	0.0	-0.0007577456250000001
343.662	0.0	0.0	-0.0007972331250000001
343.682	0.0	0.0	-0.0007825350000000001
343.732	0.0	0.0	-0.0007337118749999999
343.842	0.0	0.0	-0.0006393318750000001
343.992	0.0	0.0	-0.000509925
344.012	0.0	0.0	-0.000482893125
344.072	0.0	0.0	-0.00039443625000000005
344.182	0.0	0.0	-0.000225649125
344.332	0.0	0.0	3.8575875e-06
344.352	0.0	0.0	3.159731250000001e-05
344.412	0.0	0.0	0.00011411156250000001
344.522	0.0	0.0	0.00026861250000000006
344.672	0.0	0.0	0.0004772381250000001
344.692	0.0	0.0	0.00048764625000000003
344.742	0.0	0.0	0.0005226
344.852	0.0	0.0	0.00059031375
345.002	0.0	0.0	0.0006832312499999999
345.022	0.0	0.0	0.000676625625
345.082	0.0	0.0	0.000654834375
345.192	0.0	0.0	0.0006131775000000001
345.342	0.0	0.0	0.00055648125
345.362	0.0	0.0	0.0005343243750000001
345.422	0.0	0.0	0.00046782937500000003
345.532	0.0	0.0	0.000343078125
345.682	0.0	0.0	0.00017451281250000002
345.702	0.0	0.0	0.00015350643750000002
345.752	0.0	0.0	8.222418750000001e-05
345.862	0.0	0.0	-5.6218500000000004e-05
346.012	0.0	0.0	-0.00024623625
346.032	0.0	0.0	-0.000260544375
346.092	0.0	0.0	-0.0003082706250000001
346.202	0.0	0.0	-0.0003997256250000001
346.352	0.0	0.0	-0.0005242331250000001
346.372	0.0	0.0	-0.00052440375
346.432	0.0	0.0	-0.00052498875
346.542	0.0	0.0	-0.000526085625
346.692	0.0	0.0	-0.0005275725
346.712	0.0	0.0	-0.0005159943750000001
346.762	0.0	0.0	-0.00047575125000000004
346.872	0.0	0.0	-0.00039719062500000006
347.022	0.0	0.0	-0.000289160625
347.042	0.0	0.0	-0.00027012375
347.102	0.0	0.0	-0.00020849156250000002
347.212	0.0	0.0	-9.14574375e-05
347.362	0.0	0.0	6.699712500000001e-05
347.382	0.0	0.0	8.114193750000001e-05
347.432	0.0	0.0	0.0001291899375
347.542	0.0	0.0	0.0002225851875
347.692	0.0	0.0	0.00035085375
347.712	0.0	0.0	0.00035587500000000007
347.772	0.0	0.0	0.00037301062500000006
347.882	0.0	0.0	0.00040596562500000004
348.032	0.0	0.0	0.00045088875
348.052	0.0	0.0	0.000443941875
348.112	0.0	0.0	0.00042261375
348.222	0.0	0.0	0.000382395
348.372	0.0	0.0	0.000327916875
348.392	0.0	0.0	0.00031546125000000004
348.442	0.0	0.0	0.00027185437500000005
348.552	0.0	0.0	0.0001866661875
348.702	0.0	0.0	6.955162500000001e-05
348.722	0.0	0.0	5.5911375000000006e-05
348.782	0.0	0.0	9.089437500000002e-06
348.892	0.0	0.0	-8.11370625e-05
349.042	0.0	0.0	-0.00020417718750000003
349.062	0.0	0.0	-0.00021277181250000003
349.122	0.0	0.0	-0.00023945268750000001
349.232	0.0	0.0	-0.00028989187500000005
349.382	0.0	0.0	-0.00035821500000000005
349.402	0.0	0.0	-0.00035704500000000006
349.452	0.0	0.0	-0.000352828125
349.562	0.0	0.0	-0.00034458937500000004
349.712	0.0	0.0	-0.000333255
349.732	0.0	0.0	-0.00032440687500000004
349.782	0.0	0.0	-0.000293694375
349.902	0.0	0.0	-0.00023440950000000002
350.052	0.0	0.0	-0.0001535113125
350.072	0.0	0.0	-0.00014014406250000003
350.132	0.0	0.0	-9.824831250000001e-05
350.242	0.0	0.0	-1.886795625e-05
350.392	0.0	0.0	8.871037499999999e-05
350.412	0.0	0.0	9.73269375e-05
350.462	0.0	0.0	0.000128149125
350.572	0.0	0.0	0.00018863081250000002
350.722	0.0	0.0	0.00027187875000000007
350.742	0.0	0.0	0.000274365
350.792	0.0	0.0	0.000283018125
350.912	0.0	0.0	0.00029978812500000004
351.062	0.0	0.0	0.00032267625
351.082	0.0	0.0	0.00031682625
351.142	0.0	0.0	0.000298276875
351.252	0.0	0.0	0.000263079375
351.402	0.0	0.0	0.00021532875000000002
351.422	0.0	0.0	0.000205934625
351.472	0.0	0.0	0.0001719290625
351.582	0.0	0.0	0.00010505137500000001
351.732	0.0	0.0	1.293215625e-05
351.752	0.0	0.0	2.90769375e-06
351.802	0.0	0.0	-3.2647875e-05
351.922	0.0	0.0	-0.00010160475000000001
352.072	0.0	0.0	-0.00019580925000000005
352.092	0.0	0.0	-0.00020166900000000005
352.152	0.0	0.0	-0.000220393875
352.262	0.0	0.0	-0.00025601062500000003
352.412	0.0	0.0	-0.000304370625
352.432	0.0	0.0	-0.0003025425
352.482	0.0	0.0	-0.0002959125
352.592	0.0	0.0	-0.000282823125
352.742	0.0	0.0	-0.00026478562500000007
352.762	0.0	0.0	-0.00025683937500000005
352.812	0.0	0.0	-0.000228291375
352.932	0.0	0.0	-0.000172813875
353.082	0.0	0.0	-9.6978375e-05
353.102	0.0	0.0	-8.5639125e-05
353.162	0.0	0.0	-4.905956250000001e-05
353.272	0.0	0.0	2.0689500000000002e-05
353.422	0.0	0.0	0.00011539368750000002
353.432	0.0	0.0	0.0001221065625
353.492	0.0	0.0	0.00014700318750000003
353.602	0.0	0.0	0.00019617975000000003
353.752	0.0	0.0	0.00026400562500000004
353.772	0.0	0.0	0.000265005
353.822	0.0	0.0	0.00026866125000000004
353.942	0.0	0.0	0.00027577875000000005
354.092	0.0	0.0	0.00028552875
354.112	0.0	0.0	0.00027924000000000004
354.172	0.0	0.0	0.00025874062500000003
354.282	0.0	0.0	0.0002195870625
354.432	0.0	0.0	0.00016639106250000002
354.442	0.0	0.0	0.00015784762500000002
354.502	0.0	0.0	0.000125760375
354.612	0.0	0.0	6.2244e-05
354.762	0.0	0.0	-2.5410937500000004e-05
354.782	0.0	0.0	-3.3703312500000004e-05
354.832	0.0	0.0	-6.413793750000001e-05
354.952	0.0	0.0	-0.00012353737500000003
355.102	0.0	0.0	-0.00020483775000000002
355.122	0.0	0.0	-0.00020872556250000002
355.182	0.0	0.0	-0.0002215273125
355.292	0.0	0.0	-0.00024604125000000004
355.442	0.0	0.0	-0.000279361875
355.452	0.0	0.0	-0.00027670500000000003
355.512	0.0	0.0	-0.00026658937500000004
355.622	0.0	0.0	-0.00024652875
355.772	0.0	0.0	-0.000218843625
355.792	0.0	0.0	-0.0002112800625
355.842	0.0	0.0	-0.00018319275000000003
355.962	0.0	0.0	-0.00012825393750000001
356.112	0.0	0.0	-5.301806250000001e-05
356.132	0.0	0.0	-4.3329000000000005e-05
356.192	0.0	0.0	-1.11184125e-05
356.302	0.0	0.0	5.069756250000001e-05
356.452	0.0	0.0	0.0001347815625
356.462	0.0	0.0	0.000139790625
356.522	0.0	0.0	0.000159076125
356.632	0.0	0.0	0.00019742043750000003
356.782	0.0	0.0	0.00025040437500000004
356.802	0.0	0.0	0.000250185
356.852	0.0	0.0	0.00024938062500000005
356.972	0.0	0.0	0.000247820625
357.122	0.0	0.0	0.000245675625
357.142	0.0	0.0	0.0002393015625
357.202	0.0	0.0	0.0002178710625
357.312	0.0	0.0	0.00017666025000000004
357.462	0.0	0.0	0.0001205660625
357.472	0.0	0.0	0.00011302687500000001
357.532	0.0	0.0	8.361356250000002e-05
357.642	0.0	0.0	2.4999000000000002e-05
357.792	0.0	0.0	-5.6035687500000005e-05
357.812	0.0	0.0	-6.27339375e-05
357.862	0.0	0.0	-8.82009375e-05
357.982	0.0	0.0	-0.00013822575
358.132	0.0	0.0	-0.00020681943750000003
358.152	0.0	0.0	-0.0002091740625
358.212	0.0	0.0	-0.00021716175000000002
358.322	0.0	0.0	-0.00023255700000000002
358.472	0.0	0.0	-0.000253524375
358.482	0.0	0.0	-0.00025038
358.542	0.0	0.0	-0.0002379365625
358.652	0.0	0.0	-0.00021308868750000005
358.802	0.0	0.0	-0.00017871506250000002
358.812	0.0	0.0	-0.00017160975000000004
358.872	0.0	0.0	-0.00014426100000000002
358.992	0.0	0.0	-9.042637500000001e-05
359.142	0.0	0.0	-1.6564274999999998e-05
359.162	0.0	0.0	-8.179518750000002e-06
359.212	0.0	0.0	2.0589806250000003e-05
359.332	0.0	0.0	7.61499375e-05
359.482	0.0	0.0	0.00015186843750000003
359.492	0.0	0.0	0.00015563925000000004
359.552	0.0	0.0	0.000170742
359.662	0.0	0.0	0.00020097187500000004
359.812	0.0	0.0	0.00024281887499999998
359.822	0.0	0.0	0.00024172931250000001
359.882	0.0	0.0	0.00023748562500000003
359.992	0.0	0.0	0.00022911281250000002
360.152	0.0	0.0	0.00021761756250000003
360.172	0.0	0.0	0.0002110801875
360.222	0.0	0.0	0.00018846262500000002
360.342	0.0	0.0	0.00014470950000000003
360.492	0.0	0.0	8.5059e-05
360.502	0.0	0.0	7.82656875e-05
360.562	0.0	0.0	5.021250000000001e-05
360.672	0.0	0.0	-6.25291875e-06
360.822	0.0	0.0	-8.456175000000002e-05
360.842	0.0	0.0	-9.057506250000001e-05
360.892	0.0	0.0	-0.00011317800000000002
361.012	0.0	0.0	-0.00015735037500000002
361.162	0.0	0.0	-0.00021766387500000002
361.172	0.0	0.0	-0.00021877781250000003
361.232	0.0	0.0	-0.0002232481875
361.342	0.0	0.0	-0.00023220112500000004
361.492	0.0	0.0	-0.000244603125
361.502	0.0	0.0	-0.00024073968750000003
361.562	0.0	0.0	-0.00022531762500000002
361.672	0.0	0.0	-0.00019476843750000004
361.832	0.0	0.0	-0.0001527825
361.852	0.0	0.0	-0.000144651
361.902	0.0	0.0	-0.0001159250625
362.022	0.0	0.0	-6.013312500000002e-05
362.172	0.0	0.0	1.6025343750000002e-05
362.182	0.0	0.0	2.234821875e-05
362.242	0.0	0.0	4.862081250000001e-05
362.352	0.0	0.0	0.00010152675000000002
362.502	0.0	0.0	0.00017487600000000002
362.512	0.0	0.0	0.000178152
362.572	0.0	0.0	0.00019136081250000002
362.682	0.0	0.0	0.00021756881250000002
362.842	0.0	0.0	0.00025359750000000005
362.862	0.0	0.0	0.00025135500000000004
362.912	0.0	0.0	0.00024336487500000004
363.032	0.0	0.0	0.00022780143750000004
363.182	0.0	0.0	0.00020654156250000003
363.192	0.0	0.0	0.00020085487500000004
363.252	0.0	0.0	0.000176889375
363.362	0.0	0.0	0.00012852206250000002
363.512	0.0	0.0	6.14225625e-05
363.522	0.0	0.0	5.406618750000001e-05
363.582	0.0	0.0	2.3999625e-05
363.692	0.0	0.0	-3.5777625e-05
363.852	0.0	0.0	-0.00011801887500000001
363.872	0.0	0.0	-0.0001236885
363.922	0.0	0.0	-0.00014416106249999998
364.042	0.0	0.0	-0.00018409706250000003
364.192	0.0	0.0	-0.00023867756250000002
364.202	0.0	0.0	-0.0002388043125
364.262	0.0	0.0	-0.000239347875
364.372	0.0	0.0	-0.00024045206250000004
364.522	0.0	0.0	-0.000241980375
364.532	0.0	0.0	-0.00023734912500000002
364.592	0.0	0.0	-0.00021817818750000003
364.702	0.0	0.0	-0.00017997768750000002
364.862	0.0	0.0	-0.000127388625
364.882	0.0	0.0	-0.0001192425
364.932	0.0	0.0	-8.947818750000001e-05
365.052	0.0	0.0	-3.1295062500000005e-05
365.202	0.0	0.0	4.8272250000000005e-05
365.212	0.0	0.0	5.3766375000000006e-05
365.272	0.0	0.0	7.761731250000001e-05
365.382	0.0	0.0	0.00012596268750000002
365.532	0.0	0.0	0.000193113375
365.542	0.0	0.0	0.00019515356250000002
365.602	0.0	0.0	0.0002037091875
365.712	0.0	0.0	0.0002207960625
365.872	0.0	0.0	0.00024433500000000004
365.892	0.0	0.0	0.00024112725
365.942	0.0	0.0	0.00022927125
366.062	0.0	0.0	0.00020604675000000002
366.212	0.0	0.0	0.000174266625
366.222	0.0	0.0	0.00016874812500000002
366.282	0.0	0.0	0.00014444381250000002
366.392	0.0	0.0	9.50625e-05
366.542	0.0	0.0	2.643225e-05
366.552	0.0	0.0	2.021248125e-05
366.612	0.0	0.0	-6.2580375e-06
366.722	0.0	0.0	-5.922637500000001e-05
366.882	0.0	0.0	-0.000132234375
366.902	0.0	0.0	-0.00013622700000000002
366.952	0.0	0.0	-0.000151168875
367.072	0.0	0.0	-0.0001804993125
367.222	0.0	0.0	-0.00022065712500000001
367.232	0.0	0.0	-0.000219925875
367.292	0.0	0.0	-0.00021665718750000005
367.402	0.0	0.0	-0.00021000037500000003
367.552	0.0	0.0	-0.00020074275000000002
367.562	0.0	0.0	-0.0001962748125
367.622	0.0	0.0	-0.000176996625
367.732	0.0	0.0	-0.0001383354375
367.892	0.0	0.0	-8.50175625e-05
367.912	0.0	0.0	-7.814868750000002e-05
367.962	0.0	0.0	-5.214543750000001e-05
368.082	0.0	0.0	-9.895762500000003e-07
368.232	0.0	0.0	6.9093375e-05
368.242	0.0	0.0	7.325418750000001e-05
368.302	0.0	0.0	9.215943750000001e-05
368.412	0.0	0.0	0.0001307401875
368.562	0.0	0.0	0.00018442125000000005
368.572	0.0	0.0	0.00018550350000000004
368.632	0.0	0.0	0.00019024200000000003
368.742	0.0	0.0	0.00019976774999999998
368.902	0.0	0.0	0.00021291075
368.912	0.0	0.0	0.000209561625
368.972	0.0	0.0	0.00019672331250000002
369.092	0.0	0.0	0.0001714123125
369.242	0.0	0.0	0.0001367169375
369.252	0.0	0.0	0.00013173225
369.312	0.0	0.0	0.00010872468750000002
369.422	0.0	0.0	6.166875000000002e-05
369.572	0.0	0.0	-3.845887500000001e-06
369.582	0.0	0.0	-9.32295e-06
369.642	0.0	0.0	-3.36496875e-05
369.752	0.0	0.0	-8.2645875e-05
369.912	0.0	0.0	-0.00015029625000000002
369.922	0.0	0.0	-0.000153635625
369.982	0.0	0.0	-0.00016658850000000002
370.092	0.0	0.0	-0.00019218225000000003
370.252	0.0	0.0	-0.00022728956250000001
370.262	0.0	0.0	-0.00022620243750000001
370.322	0.0	0.0	-0.00022110318750000004
370.432	0.0	0.0	-0.00021065362500000001
370.582	0.0	0.0	-0.00019609443750000005
370.592	0.0	0.0	-0.000191231625
370.652	0.0	0.0	-0.0001693063125
370.762	0.0	0.0	-0.00012505106250000001
370.922	0.0	0.0	-6.391368750000001e-05
370.932	0.0	0.0	-5.6498812500000006e-05
370.992	0.0	0.0	-2.7358500000000002e-05
371.102	0.0	0.0	3.0334687500000005e-05
371.262	0.0	0.0	0.00010951931250000002
371.272	0.0	0.0	0.00011386293750000001
371.332	0.0	0.0	0.0001345719375
371.442	0.0	0.0	0.00017712337500000002
371.592	0.0	0.0	0.00023643750000000002
371.602	0.0	0.0	0.00023713706250000002
371.662	0.0	0.0	0.00024033750000000003
371.772	0.0	0.0	0.00024682125
371.932	0.0	0.0	0.000255766875
371.942	0.0	0.0	0.000251086875
372.002	0.0	0.0	0.000232479
372.112	0.0	0.0	0.0001955630625
372.272	0.0	0.0	0.00014486550000000002
372.282	0.0	0.0	0.00013859137500000002
372.332	0.0	0.0	0.00010816893750000002
372.452	0.0	0.0	4.5525187500000005e-05
372.602	0.0	0.0	-4.184700000000001e-05
372.612	0.0	0.0	-4.832587500000001e-05
372.672	0.0	0.0	-7.843387500000001e-05
372.782	0.0	0.0	-0.00013946643750000002
372.942	0.0	0.0	-0.00022388437500000003
372.952	0.0	0.0	-0.00022711162500000002
373.012	0.0	0.0	-0.00024012056250000003
373.122	0.0	0.0	-0.00026598
373.282	0.0	0.0	-0.000301543125
373.292	0.0	0.0	-0.00029927625000000004
373.342	0.0	0.0	-0.00028818562500000004
373.462	0.0	0.0	-0.0002652975
373.612	0.0	0.0	-0.00023334918750000003
373.622	0.0	0.0	-0.0002266899375
373.682	0.0	0.0	-0.000195268125
373.792	0.0	0.0	-0.0001314373125
373.952	0.0	0.0	-4.309500000000001e-05
373.962	0.0	0.0	-3.41079375e-05
374.022	0.0	0.0	2.60446875e-06
374.132	0.0	0.0	7.575750000000001e-05
374.292	0.0	0.0	0.00017634093750000003
374.302	0.0	0.0	0.00018071625
374.352	0.0	0.0	0.00020266837500000002
374.472	0.0	0.0	0.00024808875
374.622	0.0	0.0	0.000311488125
374.632	0.0	0.0	0.000311049375
374.692	0.0	0.0	0.0003089287500000001
374.802	0.0	0.0	0.00030461437500000005
374.962	0.0	0.0	0.00029861812500000005
374.972	0.0	0.0	0.00029201250000000003
375.032	0.0	0.0	0.00026473687500000004
375.142	0.0	0.0	0.00021027093750000003
375.302	0.0	0.0	0.000135364125
375.312	0.0	0.0	0.00012836118750000002
375.362	0.0	0.0	9.177431250000002e-05
375.472	0.0	0.0	1.567824375e-05
375.632	0.0	0.0	-9.077981250000003e-05
375.642	0.0	0.0	-9.762431250000001e-05
375.702	0.0	0.0	-0.00012892425
375.812	0.0	0.0	-0.00019205062500000003
375.972	0.0	0.0	-0.00027899625
375.982	0.0	0.0	-0.000280605
376.032	0.0	0.0	-0.000288721875
376.152	0.0	0.0	-0.00030554062500000003
376.302	0.0	0.0	-0.00032901375000000005
376.312	0.0	0.0	-0.0003253575000000001
376.372	0.0	0.0	-0.00030729562500000007
376.482	0.0	0.0	-0.00027039187500000006
376.642	0.0	0.0	-0.00021924825000000004
376.652	0.0	0.0	-0.00021071700000000002
376.712	0.0	0.0	-0.0001745835
376.822	0.0	0.0	-0.00010217268750000001
376.982	0.0	0.0	-2.4531e-06
376.992	0.0	0.0	3.9638625e-06
377.042	0.0	0.0	3.776175000000001e-05
377.152	0.0	0.0	0.00010809337500000002
377.312	0.0	0.0	0.00020645625
377.322	0.0	0.0	0.00021004668750000002
377.382	0.0	0.0	0.00022802568750000002
377.492	0.0	0.0	0.00026483437500000005
377.652	0.0	0.0	0.00031590000000000003
377.662	0.0	0.0	0.000314023125
377.722	0.0	0.0	0.00030595500000000006
377.832	0.0	0.0	0.000289745625
377.992	0.0	0.0	0.000267418125
378.002	0.0	0.0	0.00026225062500000006
378.052	0.0	0.0	0.0002344948125
378.162	0.0	0.0	0.00017662125000000002
378.322	0.0	0.0	9.563043750000002e-05
378.332	0.0	0.0	8.866650000000002e-05
378.392	0.0	0.0	5.317650000000001e-05
378.502	0.0	0.0	-1.965136875e-05
378.662	0.0	0.0	-0.00012071231250000002
378.672	0.0	0.0	-0.000126433125
378.732	0.0	0.0	-0.0001513419375
378.842	0.0	0.0	-0.00020147887500000003
379.002	0.0	0.0	-0.00027061125
379.012	0.0	0.0	-0.00027102562500000004
379.062	0.0	0.0	-0.0002732925
379.172	0.0	0.0	-0.00027804562500000004
379.332	0.0	0.0	-0.00028472437500000005
379.342	0.0	0.0	-0.0002808487500000001
379.402	0.0	0.0	-0.000260788125
379.512	0.0	0.0	-0.00021955537500000001
379.672	0.0	0.0	-0.00016229118750000002
379.682	0.0	0.0	-0.00015490068750000002
379.742	0.0	0.0	-0.0001222455
379.852	0.0	0.0	-5.6376937500000005e-05
380.012	0.0	0.0	3.4493062500000004e-05
380.022	0.0	0.0	3.936075000000001e-05
380.072	0.0	0.0	6.651937500000001e-05
380.182	0.0	0.0	0.000123420375
380.342	0.0	0.0	0.00020314125
380.352	0.0	0.0	0.000205291125
380.412	0.0	0.0	0.000216645
380.522	0.0	0.0	0.00024004256250000002
380.682	0.0	0.0	0.00027256124999999997
380.692	0.0	0.0	0.00027012375
380.752	0.0	0.0	0.0002592525
380.862	0.0	0.0	0.00023727112500000001
381.022	0.0	0.0	0.00020692912500000005
381.032	0.0	0.0	0.00020244412500000002
381.082	0.0	0.0	0.00017691131250000003
381.192	0.0	0.0	0.0001232960625
381.352	0.0	0.0	4.813818750000001e-05
381.362	0.0	0.0	4.2631875e-05
381.422	0.0	0.0	1.3024293750000001e-05
381.532	0.0	0.0	-4.8126000000000006e-05
381.692	0.0	0.0	-0.00013313137500000003
381.702	0.0	0.0	-0.0001372044375
381.762	0.0	0.0	-0.00015573918750000002
381.872	0.0	0.0	-0.00019328887499999998
382.032	0.0	0.0	-0.00024513937500000003
382.042	0.0	0.0	-0.00024492000000000003
382.092	0.0	0.0	-0.00024366712500000003
382.202	0.0	0.0	-0.0002410078125
382.362	0.0	0.0	-0.00023727843750000001
382.372	0.0	0.0	-0.00023363193750000003
382.432	0.0	0.0	-0.00021366150000000003
382.542	0.0	0.0	-0.00017232393750000002
382.702	0.0	0.0	-0.00011482575000000001
382.712	0.0	0.0	-0.0001084565625
382.772	0.0	0.0	-7.90115625e-05
382.882	0.0	0.0	-1.923114375e-05
383.042	0.0	0.0	6.338231250000001e-05
383.052	0.0	0.0	6.726525e-05
383.102	0.0	0.0	9.032643750000002e-05
383.212	0.0	0.0	0.00013896918750000003
383.372	0.0	0.0	0.00020723625000000002
383.382	0.0	0.0	0.0002086183125
383.442	0.0	0.0	0.0002163256875
383.552	0.0	0.0	0.0002323108125
383.712	0.0	0.0	0.0002545725
383.722	0.0	0.0	0.00025179375000000003
383.782	0.0	0.0	0.00023881893750000004
383.892	0.0	0.0	0.0002124135
384.052	0.0	0.0	0.00017589975000000002
384.062	0.0	0.0	0.0001716268125
384.112	0.0	0.0	0.00014569912500000002
384.222	0.0	0.0	9.088950000000001e-05
384.382	0.0	0.0	1.3923000000000002e-05
384.392	0.0	0.0	8.900287500000001e-06
384.452	0.0	0.0	-1.9677937500000003e-05
384.562	0.0	0.0	-7.909200000000001e-05
384.722	0.0	0.0	-0.00016182318750000002
384.732	0.0	0.0	-0.0001652113125
384.792	0.0	0.0	-0.0001813621875
384.902	0.0	0.0	-0.00021429525
385.062	0.0	0.0	-0.000259861875
385.072	0.0	0.0	-0.000259155
385.122	0.0	0.0	-0.00025476750000000004
385.232	0.0	0.0	-0.00024545625
385.392	0.0	0.0	-0.000232376625
385.402	0.0	0.0	-0.00022836937500000001
385.452	0.0	0.0	-0.00020511318750000002
385.572	0.0	0.0	-0.00015665812500000002
385.732	0.0	0.0	-8.914425e-05
385.742	0.0	0.0	-8.27019375e-05
385.802	0.0	0.0	-5.1467812500000006e-05
385.912	0.0	0.0	1.2351300000000001e-05
386.072	0.0	0.0	0.00010070287500000001
386.082	0.0	0.0	0.00010419093750000001
386.132	0.0	0.0	0.00012633562499999999
386.242	0.0	0.0	0.0001733623125
386.402	0.0	0.0	0.00023947462500000004
386.412	0.0	0.0	0.00024016931250000004
386.462	0.0	0.0	0.00024428625
386.582	0.0	0.0	0.00025286625
386.742	0.0	0.0	0.00026483437500000005
386.752	0.0	0.0	0.0002613
386.812	0.0	0.0	0.00024379875000000005
386.922	0.0	0.0	0.00020796750000000002
387.082	0.0	0.0	0.00015834000000000003
387.092	0.0	0.0	0.0001539549375
387.142	0.0	0.0	0.00012545325
387.252	0.0	0.0	6.478875e-05
387.412	0.0	0.0	-2.0545687500000005e-05
387.422	0.0	0.0	-2.5133062500000006e-05
387.472	0.0	0.0	-5.287181250000001e-05
387.592	0.0	0.0	-0.00011092087500000002
387.752	0.0	0.0	-0.00019188975000000003
387.762	0.0	0.0	-0.000194302875
387.822	0.0	0.0	-0.00020640018750000004
387.932	0.0	0.0	-0.00023122368750000004
388.092	0.0	0.0	-0.00026563875000000005
388.102	0.0	0.0	-0.00026429812500000004
388.152	0.0	0.0	-0.000255523125
388.262	0.0	0.0	-0.00023674462500000002
388.422	0.0	0.0	-0.00021033187500000002
388.432	0.0	0.0	-0.0002062295625
388.482	0.0	0.0	-0.00018088687500000003
388.602	0.0	0.0	-0.00012774206250000002
388.762	0.0	0.0	-5.356893750000001e-05
388.772	0.0	0.0	-4.784081250000001e-05
388.832	0.0	0.0	-1.86537e-05
388.942	0.0	0.0	4.1374125e-05
389.102	0.0	0.0	0.0001246245
389.112	0.0	0.0	0.0001271716875
389.162	0.0	0.0	0.0001445510625
389.272	0.0	0.0	0.00018171318750000002
389.432	0.0	0.0	0.00023404875
389.442	0.0	0.0	0.00023394393750000001
389.492	0.0	0.0	0.00023327362500000004
389.612	0.0	0.0	0.00023186718750000003
389.772	0.0	0.0	0.0002299025625
389.782	0.0	0.0	0.00022622925000000002
389.842	0.0	0.0	0.00020725331250000001
389.952	0.0	0.0	0.00016816556250000002
390.112	0.0	0.0	0.00011393362500000002
390.122	0.0	0.0	0.00011038462500000002
390.172	0.0	0.0	8.472506250000001e-05
390.282	0.0	0.0	2.955225e-05
390.442	0.0	0.0	-4.829175000000001e-05
390.452	0.0	0.0	-5.2072312500000004e-05
390.502	0.0	0.0	-7.442175000000001e-05
390.622	0.0	0.0	-0.00012094875
390.782	0.0	0.0	-0.00018557906250000003
390.792	0.0	0.0	-0.00018657112500000003
390.842	0.0	0.0	-0.0001933644375
390.952	0.0	0.0	-0.00020790412500000004
391.112	0.0	0.0	-0.00022838887500000002
391.122	0.0	0.0	-0.0002267581875
391.172	0.0	0.0	-0.00021601125000000003
391.292	0.0	0.0	-0.00019332543750000004
391.452	0.0	0.0	-0.000161616
391.462	0.0	0.0	-0.00015721875000000002
391.522	0.0	0.0	-0.00013371150000000002
391.632	0.0	0.0	-8.508581250000001e-05
391.792	0.0	0.0	-1.7547075000000002e-05
391.802	0.0	0.0	-1.438295625e-05
391.852	0.0	0.0	8.756231250000001e-06
391.962	0.0	0.0	5.853412500000001e-05
392.122	0.0	0.0	0.00012874143750000002
392.132	0.0	0.0	0.00013080356250000003
392.182	0.0	0.0	0.00014463881250000003
392.302	0.0	0.0	0.00017388637500000001
392.462	0.0	0.0	0.0002147900625
392.472	0.0	0.0	0.0002141855625
392.532	0.0	0.0	0.00021090225000000004
392.642	0.0	0.0	0.00020409675
392.802	0.0	0.0	0.00019463681250000002
392.812	0.0	0.0	0.00019228462500000003
392.862	0.0	0.0	0.0001746103125
392.972	0.0	0.0	0.0001365
393.132	0.0	0.0	8.2719e-05
393.142	0.0	0.0	7.908225e-05
393.192	0.0	0.0	5.4097875e-05
393.312	0.0	0.0	1.1657100000000002e-06
393.472	0.0	0.0	-7.2905625e-05
393.482	0.0	0.0	-7.644975e-05
393.542	0.0	0.0	-9.61033125e-05
393.652	0.0	0.0	-0.00013693875
393.812	0.0	0.0	-0.0001937203125
393.822	0.0	0.0	-0.00019426631250000004
393.872	0.0	0.0	-0.000198475875
393.982	0.0	0.0	-0.00020757506250000004
394.142	0.0	0.0	-0.00022042312500000004
394.152	0.0	0.0	-0.00021859012500000002
394.202	0.0	0.0	-0.00020568356250000002
394.322	0.0	0.0	-0.000178283625
394.482	0.0	0.0	-0.00013991737500000003
394.492	0.0	0.0	-0.00013556400000000002
394.542	0.0	0.0	-0.0001109525625
394.662	0.0	0.0	-5.970900000000001e-05
394.822	0.0	0.0	1.1591043750000003e-05
394.832	0.0	0.0	1.4441212500000002e-05
394.882	0.0	0.0	3.71401875e-05
394.992	0.0	0.0	8.630700000000001e-05
395.152	0.0	0.0	0.00015576843750000002
395.162	0.0	0.0	0.0001573820625
395.212	0.0	0.0	0.00016903331250000002
395.332	0.0	0.0	0.00019382756250000002
395.492	0.0	0.0	0.0002285619375
395.502	0.0	0.0	0.00022741631250000003
395.552	0.0	0.0	0.0002208106875
395.672	0.0	0.0	0.00020702175
395.832	0.0	0.0	0.00018782887500000002
395.842	0.0	0.0	0.00018534506250000003
395.892	0.0	0.0	0.00016494562500000002
396.002	0.0	0.0	0.000120661125
396.162	0.0	0.0	5.805881250000001e-05
396.172	0.0	0.0	5.4580500000000004e-05
396.222	0.0	0.0	2.88039375e-05
396.342	0.0	0.0	-2.6171437500000004e-05
396.502	0.0	0.0	-0.000103228125
396.512	0.0	0.0	-0.0001062286875
396.562	0.0	0.0	-0.0001238835
396.682	0.0	0.0	-0.00016080187500000002
396.842	0.0	0.0	-0.00021222581250000003
396.852	0.0	0.0	-0.00021230137500000002
396.902	0.0	0.0	-0.00021294731250000003
397.012	0.0	0.0	-0.00021435131250000002
397.172	0.0	0.0	-0.00021633787500000004
397.182	0.0	0.0	-0.00021422212500000004
397.232	0.0	0.0	-0.000198115125
397.352	0.0	0.0	-0.00016369275000000002
397.512	0.0	0.0	-0.00011541318750000001
397.522	0.0	0.0	-0.0001112304375
397.572	0.0	0.0	-8.61193125e-05
397.692	0.0	0.0	-3.348637500000001e-05
397.852	0.0	0.0	3.986775e-05
397.862	0.0	0.0	4.216387500000001e-05
397.912	0.0	0.0	6.224887499999999e-05
398.022	0.0	0.0	0.00010605075000000001
398.182	0.0	0.0	0.0001680436875
398.192	0.0	0.0	0.0001689796875
398.242	0.0	0.0	0.0001763019375
398.362	0.0	0.0	0.00019199212500000003
398.522	0.0	0.0	0.000214007625
398.532	0.0	0.0	0.00021242081250000004
398.582	0.0	0.0	0.00020269762500000002
398.702	0.0	0.0	0.00018227625000000002
398.862	0.0	0.0	0.00015379650000000002
398.872	0.0	0.0	0.000151578375
398.922	0.0	0.0	0.00013151531250000002
399.032	0.0	0.0	8.76598125e-05
399.192	0.0	0.0	2.5557187500000002e-05
399.202	0.0	0.0	2.2826700000000006e-05
399.252	0.0	0.0	8.431312500000001e-07
399.372	0.0	0.0	-4.6351500000000005e-05
399.532	0.0	0.0	-0.0001126125
399.542	0.0	0.0	-0.000114621
399.592	0.0	0.0	-0.000127213125
399.712	0.0	0.0	-0.00015371850000000002
399.872	0.0	0.0	-0.00019070025000000003
399.882	0.0	0.0	-0.0001904443125
399.932	0.0	0.0	-0.00018805800000000003
400.042	0.0	0.0	-0.00018282468750000001
400.202	0.0	0.0	-0.00017540981250000005
400.212	0.0	0.0	-0.00017351343750000002
400.262	0.0	0.0	-0.00015778425
400.382	0.0	0.0	-0.0001239395625
400.542	0.0	0.0	-7.639612500000002e-05
400.552	0.0	0.0	-7.301043750000001e-05
400.602	0.0	0.0	-5.130206250000001e-05
400.722	0.0	0.0	-5.5109437500000006e-06
400.882	0.0	0.0	5.8419562500000006e-05
400.892	0.0	0.0	6.008925000000001e-05
400.942	0.0	0.0	7.632543750000001e-05
401.052	0.0	0.0	0.0001119811875
401.212	0.0	0.0	0.0001625251875
401.222	0.0	0.0	0.000163073625
401.272	0.0	0.0	0.00016776581250000004
401.392	0.0	0.0	0.000177879
401.552	0.0	0.0	0.00019209693750000002
401.562	0.0	0.0	0.0001905028125
401.612	0.0	0.0	0.00018003618750000002
401.732	0.0	0.0	0.00015791343750000002
401.892	0.0	0.0	0.00012700593750000002
401.902	0.0	0.0	0.0001250315625
401.952	0.0	0.0	0.00010510012500000001
402.062	0.0	0.0	6.123000000000001e-05
402.222	0.0	0.0	-9.93744375e-07
402.232	0.0	0.0	-3.4968375000000006e-06
402.282	0.0	0.0	-2.5579125000000002e-05
402.402	0.0	0.0	-7.330050000000001e-05
402.562	0.0	0.0	-0.00014041218750000003
402.572	0.0	0.0	-0.00014228906250000003
402.622	0.0	0.0	-0.0001548811875
402.742	0.0	0.0	-0.00018155962500000005
402.902	0.0	0.0	-0.0002188485
402.902	0.0	0.0	-0.00021847800000000003
402.962	0.0	0.0	-0.0002145975
403.072	0.0	0.0	-0.00020603456250000004
403.232	0.0	0.0	-0.00019388362500000002
403.242	0.0	0.0	-0.00019167525000000001
403.292	0.0	0.0	-0.00017154637499999998
403.412	0.0	0.0	-0.00012795168750000003
403.572	0.0	0.0	-6.66095625e-05
403.582	0.0	0.0	-6.254137500000002e-05
403.632	0.0	0.0	-3.45808125e-05
403.752	0.0	0.0	2.4791812500000003e-05
403.912	0.0	0.0	0.00010782281249999999
403.912	0.0	0.0	0.00010971187500000001
403.972	0.0	0.0	0.0001303794375
404.082	0.0	0.0	0.00017608012500000002
404.242	0.0	0.0	0.0002409736875
404.252	0.0	0.0	0.00024140512500000005
404.302	0.0	0.0	0.00024548062500000007
404.422	0.0	0.0	0.00025430437500000003
404.582	0.0	0.0	0.00026673562500000004
404.592	0.0	0.0	0.000264200625
404.642	0.0	0.0	0.00024640687500000004
404.762	0.0	0.0	0.00020858662500000002
404.922	0.0	0.0	0.00015566849999999998
404.922	0.0	0.0	0.00015315300000000003
404.982	0.0	0.0	0.000122776875
405.092	0.0	0.0	5.5224000000000005e-05
405.252	0.0	0.0	-4.08695625e-05
405.262	0.0	0.0	-4.4598937500000003e-05
405.312	0.0	0.0	-7.632056250000002e-05
405.432	0.0	0.0	-0.00014450962500000002
405.592	0.0	0.0	-0.0002400230625
405.592	0.0	0.0	-0.00024132225
405.652	0.0	0.0	-0.000255620625
405.762	0.0	0.0	-0.00028723500000000005
405.922	0.0	0.0	-0.0003321825
405.932	0.0	0.0	-0.00033113437500000004
405.982	0.0	0.0	-0.00032048250000000003
406.102	0.0	0.0	-0.0002972775
406.262	0.0	0.0	-0.00026459062500000004
406.272	0.0	0.0	-0.00026003250000000006
406.322	0.0	0.0	-0.00022637550000000005
406.442	0.0	0.0	-0.0001545009375
406.602	0.0	0.0	-5.3839500000000005e-05
406.602	0.0	0.0	-5.0709750000000004e-05
406.662	0.0	0.0	-1.2137775000000001e-05
406.772	0.0	0.0	7.36783125e-05
406.932	0.0	0.0	0.00019571662500000004
406.942	0.0	0.0	0.00019839300000000002
406.992	0.0	0.0	0.00022618537500000002
407.112	0.0	0.0	0.000286869375
407.272	0.0	0.0	0.000372425625
407.282	0.0	0.0	0.00037237687500000003
407.332	0.0	0.0	0.0003720843750000001
407.452	0.0	0.0	0.0003714262500000001
407.612	0.0	0.0	0.0003705243750000001
407.612	0.0	0.0	0.00036830625
407.662	0.0	0.0	0.0003396900000000001
407.782	0.0	0.0	0.00027582750000000004
407.942	0.0	0.0	0.0001849891875
407.942	0.0	0.0	0.00018064068750000002
408.002	0.0	0.0	0.0001336993125
408.122	0.0	0.0	3.0980625e-05
408.282	0.0	0.0	-0.00011392875000000001
408.292	0.0	0.0	-0.00011931318750000001
408.342	0.0	0.0	-0.00016108706250000002
408.462	0.0	0.0	-0.00025072125
408.622	0.0	0.0	-0.00037637437500000003
408.622	0.0	0.0	-0.00037737375
408.672	0.0	0.0	-0.0003910481250000001
408.792	0.0	0.0	-0.00042159
408.952	0.0	0.0	-0.000465075
408.952	0.0	0.0	-0.000463149375
409.012	0.0	0.0	-0.0004413581250000001
409.122	0.0	0.0	-0.00039363187500000005
409.292	0.0	0.0	-0.000326235
409.302	0.0	0.0	-0.00031994625
409.352	0.0	0.0	-0.00026968500000000003
409.472	0.0	0.0	-0.00016164768750000002
409.632	0.0	0.0	-1.0068337499999999e-05
409.632	0.0	0.0	-6.504225e-06
409.682	0.0	0.0	4.482075e-05
409.802	0.0	0.0	0.0001598025
409.962	0.0	0.0	0.0003235781250000001
409.962	0.0	0.0	0.000326259375
410.022	0.0	0.0	0.000357508125
410.132	0.0	0.0	0.00042622125000000004
410.302	0.0	0.0	0.0005232581250000001
410.312	0.0	0.0	0.00052216125
410.362	0.0	0.0	0.000513166875
410.482	0.0	0.0	0.0004937643750000001
410.642	0.0	0.0	0.0004665618750000001
410.642	0.0	0.0	0.00046366125000000006
410.692	0.0	0.0	0.0004195425
410.812	0.0	0.0	0.00032050687500000005
410.972	0.0	0.0	0.00017933662500000002
410.972	0.0	0.0	0.00017424468750000004
411.032	0.0	0.0	0.0001117715625
411.142	0.0	0.0	-2.5852124999999998e-05
411.312	0.0	0.0	-0.00022031587500000003
411.322	0.0	0.0	-0.00022603912500000002
411.372	0.0	0.0	-0.00027451125
411.492	0.0	0.0	-0.00037922625
411.652	0.0	0.0	-0.00052625625
411.652	0.0	0.0	-0.0005267681250000001
411.702	0.0	0.0	-0.0005350800000000001
411.822	0.0	0.0	-0.0005538243750000001
411.982	0.0	0.0	-0.000580539375
411.982	0.0	0.0	-0.000577711875
412.042	0.0	0.0	-0.0005414418750000001
412.152	0.0	0.0	-0.00046137
412.322	0.0	0.0	-0.0003481725
412.332	0.0	0.0	-0.0003406650000000001
412.382	0.0	0.0	-0.00027490125
412.502	0.0	0.0	-0.00013260731250000002
412.662	0.0	0.0	6.735543750000001e-05
412.662	0.0	0.0	7.0731375e-05
412.712	0.0	0.0	0.000129338625
412.832	0.0	0.0	0.00026154375
412.992	0.0	0.0	0.00045018187500000005
412.992	0.0	0.0	0.000452205
413.052	0.0	0.0	0.00047977312500000006
413.162	0.0	0.0	0.000540710625
413.332	0.0	0.0	0.000626949375
413.342	0.0	0.0	0.0006245606250000001
413.392	0.0	0.0	0.00060318375
413.512	0.0	0.0	0.000556798125
413.672	0.0	0.0	0.0004915706250000001
413.672	0.0	0.0	0.000488548125
413.722	0.0	0.0	0.00043219312500000003
413.842	0.0	0.0	0.000304785
414.002	0.0	0.0	0.00012289875
414.002	0.0	0.0	0.00011810906250000003
414.062	0.0	0.0	4.999556250000001e-05
414.172	0.0	0.0	-0.00010105874999999999
414.342	0.0	0.0	-0.000314851875
414.352	0.0	0.0	-0.00031955625000000006
414.402	0.0	0.0	-0.00036340687500000006
414.522	0.0	0.0	-0.00045873750000000003
414.682	0.0	0.0	-0.000592824375
414.682	0.0	0.0	-0.000592726875
414.732	0.0	0.0	-0.00059050875
414.852	0.0	0.0	-0.0005854631250000001
415.012	0.0	0.0	-0.000578248125
415.012	0.0	0.0	-0.00057520125
415.072	0.0	0.0	-0.000529351875
415.182	0.0	0.0	-0.000427415625
415.352	0.0	0.0	-0.00028306687500000003
415.362	0.0	0.0	-0.000276144375
415.412	0.0	0.0	-0.00020905462500000002
415.532	0.0	0.0	-6.290456250000001e-05
415.692	0.0	0.0	0.0001428058125
415.692	0.0	0.0	0.0001451263125
415.742	0.0	0.0	0.00019593600000000002
415.862	0.0	0.0	0.00031136625000000007
416.022	0.0	0.0	0.00047631187500000007
416.022	0.0	0.0	0.00047726250000000006
416.082	0.0	0.0	0.00049257
416.192	0.0	0.0	0.0005266462500000001
416.362	0.0	0.0	0.0005749575
416.372	0.0	0.0	0.0005720325
416.422	0.0	0.0	0.0005427825000000001
416.542	0.0	0.0	0.00047889562500000007
416.702	0.0	0.0	0.0003889275
416.702	0.0	0.0	0.00038668500000000006
416.752	0.0	0.0	0.00033301125000000006
416.872	0.0	0.0	0.00021082668750000002
417.032	0.0	0.0	3.610668750000001e-05
417.032	0.0	0.0	3.28501875e-05
417.092	0.0	0.0	-2.2336275000000003e-05
417.202	0.0	0.0	-0.0001455455625
417.372	0.0	0.0	-0.000320214375
417.382	0.0	0.0	-0.000322895625
417.432	0.0	0.0	-0.00035078062499999997
417.552	0.0	0.0	-0.00041181562500000005
417.712	0.0	0.0	-0.000497810625
417.712	0.0	0.0	-0.0004974206249999999
417.762	0.0	0.0	-0.0004868175
417.882	0.0	0.0	-0.00046263750000000007
418.042	0.0	0.0	-0.000428025
418.042	0.0	0.0	-0.00042573375
418.102	0.0	0.0	-0.00038439375
418.212	0.0	0.0	-0.00029186625000000003
418.382	0.0	0.0	-0.00016061175
418.382	0.0	0.0	-0.0001559025
418.442	0.0	0.0	-0.00010542918750000002
418.562	0.0	0.0	5.2143e-06
418.722	0.0	0.0	0.00016117725
418.722	0.0	0.0	0.0001620961875
418.772	0.0	0.0	0.00019421025
418.892	0.0	0.0	0.00026793
419.052	0.0	0.0	0.00037357125000000004
419.052	0.0	0.0	0.000373815
419.112	0.0	0.0	0.00037747125
419.222	0.0	0.0	0.00038553937500000003
419.392	0.0	0.0	0.0003969225000000001
419.392	0.0	0.0	0.000396020625
419.442	0.0	0.0	0.00037162125
419.562	0.0	0.0	0.00031585125
419.722	0.0	0.0	0.0002360645625
419.722	0.0	0.0	0.000234151125
419.772	0.0	0.0	0.00019415175
419.892	0.0	0.0	0.00010427381250000002
420.062	0.0	0.0	-2.3331018750000004e-05
420.062	0.0	0.0	-2.6359125000000005e-05
420.122	0.0	0.0	-6.1429875e-05
420.232	0.0	0.0	-0.00013863525
420.402	0.0	0.0	-0.00024757687500000003
420.402	0.0	0.0	-0.0002479425
420.452	0.0	0.0	-0.00026095875000000003
420.572	0.0	0.0	-0.000290866875
420.732	0.0	0.0	-0.00033369374999999996
420.732	0.0	0.0	-0.0003331818750000001
420.782	0.0	0.0	-0.00032170125000000006
420.902	0.0	0.0	-0.000295815
421.072	0.0	0.0	-0.000259081875
421.072	0.0	0.0	-0.00025662000000000005
421.132	0.0	0.0	-0.000226707
421.242	0.0	0.0	-0.00016071656250000004
421.412	0.0	0.0	-6.754312500000002e-05
421.412	0.0	0.0	-6.68386875e-05
421.462	0.0	0.0	-3.600675e-05
421.582	0.0	0.0	3.4968375e-05
421.742	0.0	0.0	0.0001367071875
421.742	0.0	0.0	0.00013754325
421.792	0.0	0.0	0.0001578744375
421.912	0.0	0.0	0.0002037384375
422.082	0.0	0.0	0.000268929375
422.082	0.0	0.0	0.00026888062500000004
422.142	0.0	0.0	0.0002683443750000001
422.252	0.0	0.0	0.00026717437500000003
422.422	0.0	0.0	0.00026551687500000006
422.422	0.0	0.0	0.00026515125
422.472	0.0	0.0	0.000246163125
422.592	0.0	0.0	0.0002023441875
422.752	0.0	0.0	0.00013949325
422.752	0.0	0.0	0.0001383915
422.802	0.0	0.0	0.00010887825000000001
422.922	0.0	0.0	4.215168750000001e-05
423.092	0.0	0.0	-5.2730437500000005e-05
423.092	0.0	0.0	-5.464631250000001e-05
423.152	0.0	0.0	-8.016206249999999e-05
423.262	0.0	0.0	-0.00013671450000000003
423.432	0.0	0.0	-0.0002166425625
423.432	0.0	0.0	-0.0002167693125
423.482	0.0	0.0	-0.0002254395
423.602	0.0	0.0	-0.00024548062500000007
423.762	0.0	0.0	-0.00027426750000000003
423.762	0.0	0.0	-0.0002738775
423.812	0.0	0.0	-0.0002625675
423.932	0.0	0.0	-0.0002369518125
424.102	0.0	0.0	-0.000200499
424.102	0.0	0.0	-0.00019855875000000003
424.162	0.0	0.0	-0.00017136112500000002
424.272	0.0	0.0	-0.00011095500000000001
424.442	0.0	0.0	-2.5527937500000003e-05
424.442	0.0	0.0	-2.5230562500000003e-05
424.492	0.0	0.0	2.98935e-06
424.612	0.0	0.0	6.840600000000001e-05
424.772	0.0	0.0	0.00016232531250000003
424.772	0.0	0.0	0.000162864
424.822	0.0	0.0	0.00018109406250000002
424.942	0.0	0.0	0.0002225023125
425.112	0.0	0.0	0.00028143375
425.112	0.0	0.0	0.000281263125
425.172	0.0	0.0	0.00027846
425.282	0.0	0.0	0.00027226875000000003
425.452	0.0	0.0	0.00026349375000000005
425.452	0.0	0.0	0.0002633475
425.502	0.0	0.0	0.00024143193750000006
425.612	0.0	0.0	0.000190480875
425.782	0.0	0.0	0.00011729250000000002
425.782	0.0	0.0	0.00011644668750000001
425.832	0.0	0.0	8.34405e-05
425.952	0.0	0.0	8.307487500000002e-06
426.122	0.0	0.0	-9.869193750000002e-05
426.122	0.0	0.0	-0.00010044450000000001
426.182	0.0	0.0	-0.0001278931875
426.292	0.0	0.0	-0.00018913537500000002
426.462	0.0	0.0	-0.00027582750000000004
426.462	0.0	0.0	-0.000275851875
426.512	0.0	0.0	-0.000282969375
426.622	0.0	0.0	-0.000299544375
426.792	0.0	0.0	-0.00032338312500000005
426.792	0.0	0.0	-0.00032301750000000005
426.842	0.0	0.0	-0.000306076875
426.962	0.0	0.0	-0.000267418125
427.132	0.0	0.0	-0.00021235987500000002
427.132	0.0	0.0	-0.00021026606250000002
427.192	0.0	0.0	-0.00017535131250000002
427.302	0.0	0.0	-9.7280625e-05
427.472	0.0	0.0	1.33014375e-05
427.472	0.0	0.0	1.3243425000000001e-05
427.522	0.0	0.0	4.70510625e-05
427.632	0.0	0.0	0.00012598462500000002
427.802	0.0	0.0	0.00023949412500000002
427.802	0.0	0.0	0.0002398329375
427.852	0.0	0.0	0.00025881375000000003
427.972	0.0	0.0	0.00030220125
428.142	0.0	0.0	0.00036404062500000004
428.142	0.0	0.0	0.0003635775
428.202	0.0	0.0	0.0003551925
428.312	0.0	0.0	0.00033639937500000005
428.482	0.0	0.0	0.00030975750000000003
428.482	0.0	0.0	0.00030980625
428.532	0.0	0.0	0.00027894750000000005
428.642	0.0	0.0	0.00020647087500000002
428.812	0.0	0.0	0.000102175125
428.812	0.0	0.0	0.00010159012500000001
428.862	0.0	0.0	5.9618812500000003e-05
428.982	0.0	0.0	-3.6577125e-05
429.152	0.0	0.0	-0.00017378887500000002
429.152	0.0	0.0	-0.0001754244375
429.212	0.0	0.0	-0.00020662687500000004
429.322	0.0	0.0	-0.00027670500000000003
429.492	0.0	0.0	-0.00037608187500000003
429.492	0.0	0.0	-0.00037578937500000004
429.542	0.0	0.0	-0.0003796162500000001
429.652	0.0	0.0	-0.00038800125
429.822	0.0	0.0	-0.00040004250000000004
429.822	0.0	0.0	-0.00039977437500000006
429.872	0.0	0.0	-0.00037318125
429.992	0.0	0.0	-0.00031209750000000007
430.162	0.0	0.0	-0.00022492518750000002
430.162	0.0	0.0	-0.00022269243750000002
430.212	0.0	0.0	-0.0001767260625
430.332	0.0	0.0	-7.325175e-05
430.502	0.0	0.0	7.35515625e-05
430.502	0.0	0.0	7.293731250000001e-05
430.552	0.0	0.0	0.00011304881250000001
430.662	0.0	0.0	0.00020725331250000001
430.832	0.0	0.0	0.000342931875
430.832	0.0	0.0	0.00034305375000000005
430.882	0.0	0.0	0.00036079875
431.002	0.0	0.0	0.00040167562500000004
431.172	0.0	0.0	0.00046002937500000006
431.172	0.0	0.0	0.000459249375
431.222	0.0	0.0	0.00044211375
431.342	0.0	0.0	0.00040345500000000005
431.512	0.0	0.0	0.0003485868750000001
431.512	0.0	0.0	0.00034887937500000004
431.562	0.0	0.0	0.00030736875
431.672	0.0	0.0	0.00020835262500000002
431.842	0.0	0.0	6.56784375e-05
431.842	0.0	0.0	6.557362500000001e-05
431.892	0.0	0.0	1.4996231250000001e-05
432.012	0.0	0.0	-0.0001017095625
432.182	0.0	0.0	-0.000268441875
432.182	0.0	0.0	-0.000269758125
432.232	0.0	0.0	-0.00030205499999999997
432.352	0.0	0.0	-0.0003750825
432.522	0.0	0.0	-0.00047882250000000007
432.522	0.0	0.0	-0.00047814000000000005
432.572	0.0	0.0	-0.000475921875
432.682	0.0	0.0	-0.0004688775000000001
432.852	0.0	0.0	-0.00045876187500000005
432.852	0.0	0.0	-0.00045876187500000005
432.902	0.0	0.0	-0.00042115125
433.022	0.0	0.0	-0.00033403500000000005
433.192	0.0	0.0	-0.0002095201875
433.192	0.0	0.0	-0.00020741906250000002
433.242	0.0	0.0	-0.0001519805625
433.362	0.0	0.0	-2.6405437500000002e-05
433.532	0.0	0.0	0.00015200250000000002
433.532	0.0	0.0	0.00015033037500000003
433.582	0.0	0.0	0.00019307925
433.692	0.0	0.0	0.00029393812500000003
433.862	0.0	0.0	0.00043960312500000004
433.862	0.0	0.0	0.00043974937500000004
433.912	0.0	0.0	0.000452424375
434.032	0.0	0.0	0.00048150375
434.202	0.0	0.0	0.000522819375
434.202	0.0	0.0	0.0005225512500000001
434.252	0.0	0.0	0.00049837125
434.362	0.0	0.0	0.000439164375
434.532	0.0	0.0	0.00035377875
434.532	0.0	0.0	0.0003540225
434.582	0.0	0.0	0.000301591875
434.702	0.0	0.0	0.00017922937500000003
434.872	0.0	0.0	4.16300625e-06
434.872	0.0	0.0	2.50501875e-06
434.922	0.0	0.0	-5.167987500000001e-05
435.042	0.0	0.0	-0.00017493937500000003
435.212	0.0	0.0	-0.000350244375
435.212	0.0	0.0	-0.00034851375
435.262	0.0	0.0	-0.000375838125
435.372	0.0	0.0	-0.00043877437500000003
435.542	0.0	0.0	-0.0005296687500000001
435.542	0.0	0.0	-0.0005293275000000001
435.592	0.0	0.0	-0.00051845625
435.712	0.0	0.0	-0.000492009375
435.882	0.0	0.0	-0.00045415500000000003
435.882	0.0	0.0	-0.00045293625000000006
435.932	0.0	0.0	-0.00040706250000000003
436.052	0.0	0.0	-0.00030249375
436.222	0.0	0.0	-0.0001536965625
436.222	0.0	0.0	-0.00015533943749999998
436.272	0.0	0.0	-0.00010221900000000002
436.382	0.0	0.0	2.5325625000000002e-05
436.552	0.0	0.0	0.00020957137500000002
436.552	0.0	0.0	0.00020863781250000002
436.602	0.0	0.0	0.00024872250000000006
436.722	0.0	0.0	0.000341566875
436.892	0.0	0.0	0.000474508125
436.892	0.0	0.0	0.000474605625
436.942	0.0	0.0	0.0004785543750000001
437.062	0.0	0.0	0.000487524375
437.232	0.0	0.0	0.000500345625
437.232	0.0	0.0	0.0005001750000000001
437.282	0.0	0.0	0.00047051062500000004
437.392	0.0	0.0	0.00039609375000000007
437.562	0.0	0.0	0.000288526875
437.562	0.0	0.0	0.00028920937500000003
437.612	0.0	0.0	0.00023712
437.732	0.0	0.0	0.00011444550000000001
437.902	0.0	0.0	-6.132993749999999e-05
437.902	0.0	0.0	-6.221475000000001e-05
437.952	0.0	0.0	-0.00010902693750000002
438.072	0.0	0.0	-0.00021624281250000001
438.242	0.0	0.0	-0.000368964375
438.242	0.0	0.0	-0.00036691687500000004
438.292	0.0	0.0	-0.00038507625000000007
438.402	0.0	0.0	-0.0004254900000000001
438.572	0.0	0.0	-0.00048394125
438.572	0.0	0.0	-0.0004835025
438.622	0.0	0.0	-0.00046653750000000006
438.742	0.0	0.0	-0.00042471
438.912	0.0	0.0	-0.00036474750000000007
438.912	0.0	0.0	-0.000364089375
438.962	0.0	0.0	-0.00031997062500000004
439.082	0.0	0.0	-0.00021869493750000004
439.252	0.0	0.0	-7.43535e-05
439.252	0.0	0.0	-7.64668125e-05
439.302	0.0	0.0	-3.2331e-05
439.412	0.0	0.0	7.395375e-05
439.582	0.0	0.0	0.00022773075
439.582	0.0	0.0	0.00022639256250000004
439.632	0.0	0.0	0.00025423125000000003
439.752	0.0	0.0	0.00031826437500000003
439.922	0.0	0.0	0.000410109375
439.922	0.0	0.0	0.000410060625
439.972	0.0	0.0	0.0004058681250000001
440.092	0.0	0.0	0.0003961912500000001
440.262	0.0	0.0	0.00038241937500000007
440.262	0.0	0.0	0.00038263875000000007
440.312	0.0	0.0	0.000354485625
440.422	0.0	0.0	0.00028335937500000003
440.592	0.0	0.0	0.0001803823125
440.592	0.0	0.0	0.00018140118750000002
440.642	0.0	0.0	0.000140560875
440.762	0.0	0.0	4.3667812500000007e-05
440.932	0.0	0.0	-9.537450000000002e-05
440.932	0.0	0.0	-9.559631250000001e-05
440.982	0.0	0.0	-0.0001268938125
441.102	0.0	0.0	-0.00019905843750000002
441.272	0.0	0.0	-0.00030203062500000006
441.272	0.0	0.0	-0.00030027562499999996
441.322	0.0	0.0	-0.000308124375
441.432	0.0	0.0	-0.000323773125
441.602	0.0	0.0	-0.0003464175
441.602	0.0	0.0	-0.00034617375000000006
441.652	0.0	0.0	-0.0003290625
441.772	0.0	0.0	-0.00028655250000000004
441.942	0.0	0.0	-0.0002255248125
441.942	0.0	0.0	-0.00022542487500000003
441.992	0.0	0.0	-0.00019286718750000003
442.112	0.0	0.0	-0.00011762400000000001
442.282	0.0	0.0	-1.0216050000000002e-05
442.282	0.0	0.0	-1.2170437500000002e-05
442.332	0.0	0.0	1.5891525000000004e-05
442.442	0.0	0.0	8.33210625e-05
442.612	0.0	0.0	0.00018102825
442.612	0.0	0.0	0.0001798265625
442.662	0.0	0.0	0.0001937056875
442.782	0.0	0.0	0.0002249593125
442.952	0.0	0.0	0.000269855625
442.952	0.0	0.0	0.00026983125000000003
443.002	0.0	0.0	0.000262396875
443.122	0.0	0.0	0.000245115
443.292	0.0	0.0	0.00022042556250000003
443.292	0.0	0.0	0.00022090331250000002
443.332	0.0	0.0	0.00020123268750000005
443.452	0.0	0.0	0.00015131512500000003
443.622	0.0	0.0	7.894087500000001e-05
443.622	0.0	0.0	7.99183125e-05
443.672	0.0	0.0	5.612587500000001e-05
443.792	0.0	0.0	-4.8774375e-07
443.962	0.0	0.0	-8.185612500000001e-05
443.962	0.0	0.0	-8.17366875e-05
444.012	0.0	0.0	-9.668831250000002e-05
444.132	0.0	0.0	-0.0001312910625
444.302	0.0	0.0	-0.00018074062500000003
444.302	0.0	0.0	-0.0001797241875
444.342	0.0	0.0	-0.00018083325
444.462	0.0	0.0	-0.000181077
444.632	0.0	0.0	-0.00018143043750000002
444.632	0.0	0.0	-0.0001814255625
444.682	0.0	0.0	-0.000169898625
444.802	0.0	0.0	-0.000141097125
444.972	0.0	0.0	-9.96766875e-05
444.972	0.0	0.0	-9.978637500000002e-05
445.022	0.0	0.0	-8.25459375e-05
445.142	0.0	0.0	-4.232475e-05
445.312	0.0	0.0	1.5181968750000001e-05
445.312	0.0	0.0	1.3932018750000001e-05
445.352	0.0	0.0	2.6983125e-05
445.472	0.0	0.0	5.811975e-05
445.642	0.0	0.0	0.000103306125
445.642	0.0	0.0	0.0001025870625
445.692	0.0	0.0	0.00010764975000000001
445.812	0.0	0.0	0.00011856975000000001
445.982	0.0	0.0	0.000134281875
445.982	0.0	0.0	0.000134223375
446.032	0.0	0.0	0.00012917287500000002
446.152	0.0	0.0	0.0001170999375
446.322	0.0	0.0	9.982781250000001e-05
446.322	0.0	0.0	0.00010022268750000002
446.362	0.0	0.0	8.989743750000001e-05
446.482	0.0	0.0	6.350906250000001e-05
446.652	0.0	0.0	2.5194000000000003e-05
446.652	0.0	0.0	2.5847250000000006e-05
446.702	0.0	0.0	1.355445e-05
446.822	0.0	0.0	-1.59085875e-05
446.992	0.0	0.0	-5.8319625000000005e-05
446.992	0.0	0.0	-5.81075625e-05
447.042	0.0	0.0	-6.632925e-05
447.162	0.0	0.0	-8.537587500000002e-05
447.332	0.0	0.0	-0.00011263687500000001
447.332	0.0	0.0	-0.00011197875000000002
447.372	0.0	0.0	-0.0001128489375
447.492	0.0	0.0	-0.00011342418750000001
447.662	0.0	0.0	-0.00011425537500000002
447.662	0.0	0.0	-0.00011424075000000002
447.712	0.0	0.0	-0.00010671375
447.832	0.0	0.0	-8.749162500000002e-05
448.002	0.0	0.0	-5.980893750000001e-05
448.002	0.0	0.0	-5.997225e-05
448.052	0.0	0.0	-4.666837500000001e-05
448.172	0.0	0.0	-1.527069375e-05
448.342	0.0	0.0	2.9681437500000006e-05
448.342	0.0	0.0	2.847975e-05
448.382	0.0	0.0	4.025043750000001e-05
448.502	0.0	0.0	6.902268750000001e-05
448.672	0.0	0.0	0.00011089162500000002
448.672	0.0	0.0	0.0001102944375
448.722	0.0	0.0	0.0001158421875
448.842	0.0	0.0	0.00012815156250000002
449.012	0.0	0.0	0.0001457893125
449.012	0.0	0.0	0.0001453651875
449.052	0.0	0.0	0.000141097125
449.172	0.0	0.0	0.000128509875
449.342	0.0	0.0	0.000110214
449.342	0.0	0.0	0.00011058937500000001
449.392	0.0	0.0	9.686868750000001e-05
449.512	0.0	0.0	6.2414625e-05
449.682	0.0	0.0	1.2750318750000002e-05
449.682	0.0	0.0	1.3153968750000003e-05
449.732	0.0	0.0	-3.81225e-06
449.852	0.0	0.0	-4.3872562500000005e-05
450.022	0.0	0.0	-0.0001012854375
450.022	0.0	0.0	-9.972543750000001e-05
450.062	0.0	0.0	-0.0001105235625
450.182	0.0	0.0	-0.0001357370625
450.352	0.0	0.0	-0.000172414125
450.352	0.0	0.0	-0.00017162925
450.402	0.0	0.0	-0.00017114906250000002
450.522	0.0	0.0	-0.00016786575000000002
450.692	0.0	0.0	-0.000163132125
450.692	0.0	0.0	-0.000163176
450.742	0.0	0.0	-0.00014942850000000001
450.862	0.0	0.0	-0.00011607131250000002
451.032	0.0	0.0	-6.823781250000001e-05
451.032	0.0	0.0	-6.95930625e-05
451.072	0.0	0.0	-5.098518750000001e-05
451.192	0.0	0.0	-3.5504625000000005e-06
451.362	0.0	0.0	6.549075000000001e-05
451.362	0.0	0.0	6.39331875e-05
451.412	0.0	0.0	8.08933125e-05
451.532	0.0	0.0	0.00012113400000000001
451.702	0.0	0.0	0.00017919768750000002
451.702	0.0	0.0	0.00017858831250000003
451.752	0.0	0.0	0.00018337556250000003
451.872	0.0	0.0	0.00019361793750000003
452.042	0.0	0.0	0.0002083111875
452.032	0.0	0.0	0.00020787731250000003
452.082	0.0	0.0	0.00019903162500000004
452.202	0.0	0.0	0.00017332574999999998
452.372	0.0	0.0	0.00013589306250000002
452.372	0.0	0.0	0.00013678275000000002
452.422	0.0	0.0	0.00011606156250000001
452.542	0.0	0.0	6.388931250000001e-05
452.712	0.0	0.0	-1.1428706250000002e-05
452.712	0.0	0.0	-1.0552668750000001e-05
452.762	0.0	0.0	-3.2789250000000005e-05
452.882	0.0	0.0	-8.547337500000002e-05
453.052	0.0	0.0	-0.00016109925
453.042	0.0	0.0	-0.00015878118750000002
453.092	0.0	0.0	-0.00017061281250000003
453.212	0.0	0.0	-0.0001971645
453.382	0.0	0.0	-0.00023585006250000003
453.382	0.0	0.0	-0.00023488481250000004
453.432	0.0	0.0	-0.00023075325000000002
453.552	0.0	0.0	-0.0002172519375
453.722	0.0	0.0	-0.000197754375
453.722	0.0	0.0	-0.00019800300000000004
453.772	0.0	0.0	-0.00017783512500000004
453.892	0.0	0.0	-0.0001283806875
454.062	0.0	0.0	-5.7356812500000004e-05
454.052	0.0	0.0	-5.9616375000000006e-05
454.102	0.0	0.0	-3.579225e-05
454.222	0.0	0.0	2.4845437500000004e-05
454.392	0.0	0.0	0.0001132365
454.392	0.0	0.0	0.000110930625
454.442	0.0	0.0	0.0001298480625
454.562	0.0	0.0	0.00017416912500000002
454.732	0.0	0.0	0.00023820956250000005
454.732	0.0	0.0	0.00023731743750000006
454.782	0.0	0.0	0.000239445375
454.902	0.0	0.0	0.00024252881250000005
455.072	0.0	0.0	0.0002469675
455.062	0.0	0.0	0.00024682125
455.112	0.0	0.0	0.00023304450000000002
455.232	0.0	0.0	0.00019361062500000003
455.402	0.0	0.0	0.00013610025
455.402	0.0	0.0	0.0001376675625
455.442	0.0	0.0	0.00011176181250000001
455.572	0.0	0.0	4.637587500000001e-05
455.742	0.0	0.0	-4.8157687500000004e-05
455.742	0.0	0.0	-4.672931250000001e-05
455.792	0.0	0.0	-7.1179875e-05
455.912	0.0	0.0	-0.00012910462500000003
456.082	0.0	0.0	-0.000212379375
456.072	0.0	0.0	-0.00020953968750000003
456.122	0.0	0.0	-0.00021996
456.242	0.0	0.0	-0.0002416074375
456.412	0.0	0.0	-0.00027319500000000006
456.412	0.0	0.0	-0.000272293125
456.452	0.0	0.0	-0.00026378625
456.582	0.0	0.0	-0.00023838018750000004
456.752	0.0	0.0	-0.00020161781250000002
456.752	0.0	0.0	-0.000202215
456.802	0.0	0.0	-0.0001775060625
456.922	0.0	0.0	-0.00011643937500000001
457.092	0.0	0.0	-2.86065e-05
457.082	0.0	0.0	-3.1702125000000004e-05
457.132	0.0	0.0	-5.940431250000001e-06
457.252	0.0	0.0	5.9262937500000004e-05
457.422	0.0	0.0	0.0001544521875
457.412	0.0	0.0	0.00015163931250000001
457.462	0.0	0.0	0.000169001625
457.592	0.0	0.0	0.0002086475625
457.762	0.0	0.0	0.00026602875
457.762	0.0	0.0	0.00026502937500000003
457.812	0.0	0.0	0.00026305500000000005
457.932	0.0	0.0	0.000255523125
458.102	0.0	0.0	0.000244651875
458.092	0.0	0.0	0.000245041875
458.142	0.0	0.0	0.000227838
458.262	0.0	0.0	0.0001790806875
458.432	0.0	0.0	0.00010786425
458.422	0.0	0.0	0.00011005312500000001
458.472	0.0	0.0	8.331375e-05
458.592	0.0	0.0	1.593954375e-05
458.772	0.0	0.0	-8.161237500000001e-05
458.772	0.0	0.0	-7.98013125e-05
458.822	0.0	0.0	-0.00010140975
458.942	0.0	0.0	-0.0001522340625
459.112	0.0	0.0	-0.00022540781250000004
459.102	0.0	0.0	-0.00022266075000000002
459.152	0.0	0.0	-0.00022893975
459.272	0.0	0.0	-0.00023926012500000005
459.442	0.0	0.0	-0.00025432875000000005
459.432	0.0	0.0	-0.00025386562500000003
459.482	0.0	0.0	-0.00024226800000000002
459.602	0.0	0.0	-0.00020890106250000005
459.782	0.0	0.0	-0.000160567875
459.782	0.0	0.0	-0.0001615209375
459.832	0.0	0.0	-0.00013773825000000002
459.952	0.0	0.0	-7.873124999999999e-05
460.122	0.0	0.0	6.269737500000001e-06
460.112	0.0	0.0	2.98276875e-06
460.162	0.0	0.0	2.4409125e-05
460.282	0.0	0.0	7.781962500000002e-05
460.452	0.0	0.0	0.00015590737500000002
460.442	0.0	0.0	0.00015332850000000003
460.492	0.0	0.0	0.000164653125
460.612	0.0	0.0	0.0001890061875
460.792	0.0	0.0	0.00022429875
460.792	0.0	0.0	0.00022356262500000004
460.842	0.0	0.0	0.00021817575000000002
460.962	0.0	0.0	0.0002022418125
461.132	0.0	0.0	0.00017927812500000004
461.122	0.0	0.0	0.0001801921875
461.172	0.0	0.0	0.0001645288125
461.292	0.0	0.0	0.0001207635
461.462	0.0	0.0	5.6740125000000004e-05
461.452	0.0	0.0	5.8926562500000014e-05
461.502	0.0	0.0	3.902681250000001e-05
461.622	0.0	0.0	-1.064870625e-05
461.802	0.0	0.0	-8.268e-05
461.802	0.0	0.0	-8.10980625e-05
461.852	0.0	0.0	-9.411675e-05
461.972	0.0	0.0	-0.00012408581250000002
462.142	0.0	0.0	-0.00016729781250000001
462.132	0.0	0.0	-0.00016553062500000002
462.182	0.0	0.0	-0.00016685662500000003
462.302	0.0	0.0	-0.00016553550000000003
462.472	0.0	0.0	-0.000163600125
462.462	0.0	0.0	-0.00016366837500000003
462.512	0.0	0.0	-0.00015365025000000003
462.632	0.0	0.0	-0.0001255434375
462.812	0.0	0.0	-8.476893750000001e-05
462.812	0.0	0.0	-8.570250000000001e-05
462.862	0.0	0.0	-7.031456250000001e-05
462.982	0.0	0.0	-3.223593750000001e-05
463.152	0.0	0.0	2.268849375e-05
463.142	0.0	0.0	2.029584375e-05
463.192	0.0	0.0	3.1965375e-05
463.312	0.0	0.0	6.024281250000001e-05
463.482	0.0	0.0	0.0001016925
463.472	0.0	0.0	0.00010039575
463.522	0.0	0.0	0.00010455168750000001
463.652	0.0	0.0	0.000112412625
463.822	0.0	0.0	0.000123761625
463.812	0.0	0.0	0.0001232985
463.862	0.0	0.0	0.000119335125
463.982	0.0	0.0	0.00010606293750000001
464.152	0.0	0.0	8.662875000000001e-05
464.142	0.0	0.0	8.73575625e-05
464.192	0.0	0.0	7.777087500000001e-05
464.312	0.0	0.0	5.2396500000000006e-05
464.492	0.0	0.0	1.555051875e-05
464.492	0.0	0.0	1.6471650000000003e-05
464.542	0.0	0.0	6.615375e-06
464.662	0.0	0.0	-1.723531875e-05
464.832	0.0	0.0	-5.1672562500000005e-05
464.822	0.0	0.0	-5.016131250000001e-05
464.872	0.0	0.0	-5.5589625e-05
464.992	0.0	0.0	-6.756018750000002e-05
465.162	0.0	0.0	-8.510287500000001e-05
465.152	0.0	0.0	-8.4430125e-05
465.202	0.0	0.0	-8.4088875e-05
465.322	0.0	0.0	-8.116387500000001e-05
465.502	0.0	0.0	-7.691775000000001e-05
465.502	0.0	0.0	-7.702987500000001e-05
465.542	0.0	0.0	-7.124812500000001e-05
465.672	0.0	0.0	-5.60113125e-05
465.842	0.0	0.0	-3.3998250000000006e-05
465.832	0.0	0.0	-3.49903125e-05
465.882	0.0	0.0	-2.76436875e-05
466.002	0.0	0.0	-8.07324375e-06
466.172	0.0	0.0	2.0621981250000004e-05
466.162	0.0	0.0	1.948903125e-05
466.212	0.0	0.0	2.6156812500000004e-05
466.332	0.0	0.0	4.2219937500000005e-05
466.512	0.0	0.0	6.55663125e-05
466.512	0.0	0.0	6.4930125e-05
466.552	0.0	0.0	6.731887500000001e-05
466.682	0.0	0.0	7.2067125e-05
466.852	0.0	0.0	7.893112500000001e-05
466.842	0.0	0.0	7.861425000000001e-05
466.892	0.0	0.0	7.61499375e-05
467.012	0.0	0.0	6.750900000000001e-05
467.182	0.0	0.0	5.4834000000000004e-05
467.172	0.0	0.0	5.5348312500000004e-05
467.222	0.0	0.0	4.833806250000001e-05
467.342	0.0	0.0	2.93353125e-05
467.522	0.0	0.0	1.7061281250000001e-06
467.512	0.0	0.0	2.4906375000000004e-06
467.562	0.0	0.0	-5.727150000000001e-06
467.692	0.0	0.0	-2.5993500000000004e-05
467.862	0.0	0.0	-5.52995625e-05
467.852	0.0	0.0	-5.391506250000001e-05
467.902	0.0	0.0	-5.8933875e-05
468.022	0.0	0.0	-7.0312125e-05
468.192	0.0	0.0	-8.7013875e-05
468.182	0.0	0.0	-8.631675000000002e-05
468.232	0.0	0.0	-8.584143750000001e-05
468.352	0.0	0.0	-8.238993750000001e-05
468.532	0.0	0.0	-7.73686875e-05
468.522	0.0	0.0	-7.751737500000002e-05
468.572	0.0	0.0	-7.09385625e-05
468.702	0.0	0.0	-5.32861875e-05
468.872	0.0	0.0	-2.7743625e-05
468.862	0.0	0.0	-2.89794375e-05
468.912	0.0	0.0	-2.0492550000000004e-05
469.032	0.0	0.0	2.4041793750000005e-06
469.202	0.0	0.0	3.60238125e-05
469.192	0.0	0.0	3.458325000000001e-05
469.242	0.0	0.0	4.194937500000001e-05
469.362	0.0	0.0	5.954568750000002e-05
469.542	0.0	0.0	8.51565e-05
469.532	0.0	0.0	8.437162499999999e-05
469.582	0.0	0.0	8.605593750000001e-05
469.702	0.0	0.0	8.85421875e-05
469.882	0.0	0.0	9.2142375e-05
469.872	0.0	0.0	9.196443750000002e-05
469.922	0.0	0.0	8.79133125e-05
470.042	0.0	0.0	7.444125e-05
470.212	0.0	0.0	5.465362500000001e-05
470.202	0.0	0.0	5.552381250000001e-05
470.252	0.0	0.0	4.687068750000001e-05
470.372	0.0	0.0	2.3579156250000005e-05
470.552	0.0	0.0	-1.0336706250000003e-05
470.542	0.0	0.0	-9.25981875e-06
470.592	0.0	0.0	-1.785444375e-05
470.712	0.0	0.0	-3.87976875e-05
470.892	0.0	0.0	-6.912750000000001e-05
470.882	0.0	0.0	-6.759187500000001e-05
470.932	0.0	0.0	-7.171856250000001e-05
471.052	0.0	0.0	-8.003775e-05
471.222	0.0	0.0	-9.226425e-05
471.212	0.0	0.0	-9.171093750000002e-05
471.262	0.0	0.0	-8.9695125e-05
471.382	0.0	0.0	-8.195362500000002e-05
471.562	0.0	0.0	-7.067531250000001e-05
471.552	0.0	0.0	-7.10458125e-05
471.602	0.0	0.0	-6.365775000000002e-05
471.722	0.0	0.0	-4.39725e-05
471.902	0.0	0.0	-1.5445706250000002e-05
471.892	0.0	0.0	-1.692136875e-05
471.942	0.0	0.0	-8.918325e-06
472.062	0.0	0.0	1.2216993750000001e-05
472.232	0.0	0.0	4.329731250000001e-05
472.222	0.0	0.0	4.185918750000001e-05
472.272	0.0	0.0	4.7653125e-05
472.392	0.0	0.0	6.08911875e-05
472.572	0.0	0.0	8.018887500000001e-05
472.562	0.0	0.0	7.953318750000001e-05
472.612	0.0	0.0	7.9750125e-05
472.732	0.0	0.0	7.851675e-05
472.912	0.0	0.0	7.672762500000001e-05
472.902	0.0	0.0	7.682025e-05
472.952	0.0	0.0	7.24351875e-05
473.072	0.0	0.0	5.841712500000001e-05
473.242	0.0	0.0	3.7795875e-05
473.232	0.0	0.0	3.877087500000001e-05
473.282	0.0	0.0	3.1114687500000005e-05
473.402	0.0	0.0	1.06562625e-05
473.582	0.0	0.0	-1.9179956249999998e-05
473.572	0.0	0.0	-1.8132806250000002e-05
473.622	0.0	0.0	-2.508675e-05
473.742	0.0	0.0	-4.1907937500000005e-05
473.922	0.0	0.0	-6.630487500000001e-05
473.912	0.0	0.0	-6.4988625e-05
473.962	0.0	0.0	-6.796481250000001e-05
474.072	0.0	0.0	-7.342725000000002e-05
474.252	0.0	0.0	-8.14685625e-05
474.242	0.0	0.0	-8.107856250000001e-05
474.292	0.0	0.0	-7.870199999999999e-05
474.412	0.0	0.0	-7.015856249999999e-05
474.592	0.0	0.0	-5.769318750000001e-05
474.582	0.0	0.0	-5.8144125000000006e-05
474.632	0.0	0.0	-5.09949375e-05
474.752	0.0	0.0	-3.1775250000000004e-05
474.932	0.0	0.0	-3.88756875e-06
474.922	0.0	0.0	-5.42221875e-06
474.972	0.0	0.0	2.37485625e-06
475.082	0.0	0.0	2.3180625000000005e-05
475.262	0.0	0.0	5.382e-05
475.252	0.0	0.0	5.2301437500000006e-05
475.302	0.0	0.0	5.804175000000001e-05
475.422	0.0	0.0	7.11774375e-05
475.602	0.0	0.0	9.035325000000001e-05
475.592	0.0	0.0	8.9636625e-05
475.642	0.0	0.0	8.94976875e-05
475.762	0.0	0.0	8.702362499999999e-05
475.942	0.0	0.0	8.3435625e-05
475.932	0.0	0.0	8.363550000000002e-05
475.982	0.0	0.0	7.81779375e-05
476.092	0.0	0.0	6.05645625e-05
476.272	0.0	0.0	3.46125e-05
476.262	0.0	0.0	3.5926312500000006e-05
476.312	0.0	0.0	2.6283562500000004e-05
476.432	0.0	0.0	1.621449375e-07
476.612	0.0	0.0	-3.7986000000000005e-05
476.602	0.0	0.0	-3.65210625e-05
476.652	0.0	0.0	-4.5330187500000004e-05
476.772	0.0	0.0	-6.671925000000001e-05
476.952	0.0	0.0	-9.778518750000001e-05
476.942	0.0	0.0	-9.60058125e-05
476.992	0.0	0.0	-9.939393750000001e-05
477.102	0.0	0.0	-0.00010483200000000002
477.282	0.0	0.0	-0.00011285137500000003
477.272	0.0	0.0	-0.00011243700000000001
477.322	0.0	0.0	-0.00010816406250000002
477.442	0.0	0.0	-9.33465e-05
477.622	0.0	0.0	-7.169662500000001e-05
477.612	0.0	0.0	-7.25473125e-05
477.662	0.0	0.0	-6.163950000000002e-05
477.782	0.0	0.0	-3.21823125e-05
477.962	0.0	0.0	1.0620187500000001e-05
477.952	0.0	0.0	8.061300000000002e-06
477.992	0.0	0.0	1.9231875000000003e-05
478.112	0.0	0.0	4.8959625e-05
478.292	0.0	0.0	9.284925000000002e-05
478.282	0.0	0.0	9.075056250000001e-05
478.332	0.0	0.0	9.801187500000001e-05
478.452	0.0	0.0	0.00011385075000000001
478.632	0.0	0.0	0.000136885125
478.622	0.0	0.0	0.00013557131250000002
478.672	0.0	0.0	0.000134593875
478.782	0.0	0.0	0.00012683531250000003
478.962	0.0	0.0	0.0001153888125
478.952	0.0	0.0	0.00011600793750000001
479.002	0.0	0.0	0.00010609218750000002
479.122	0.0	0.0	7.623525000000001e-05
479.302	0.0	0.0	3.2572312500000004e-05
479.292	0.0	0.0	3.43760625e-05
479.342	0.0	0.0	1.976788125e-05
479.462	0.0	0.0	-1.8278812500000003e-05
479.642	0.0	0.0	-7.361250000000001e-05
479.632	0.0	0.0	-7.028775e-05
479.672	0.0	0.0	-8.144418750000001e-05
479.792	0.0	0.0	-0.00010855406250000001
479.972	0.0	0.0	-0.00014856562500000002
479.962	0.0	0.0	-0.00014637431250000003
480.012	0.0	0.0	-0.00014931881250000002
480.132	0.0	0.0	-0.00015175875
480.312	0.0	0.0	-0.00015532968750000002
480.302	0.0	0.0	-0.00015517612500000005
480.352	0.0	0.0	-0.000146615625
480.472	0.0	0.0	-0.0001205270625
480.652	0.0	0.0	-8.256300000000002e-05
480.642	0.0	0.0	-8.488593750000002e-05
480.682	0.0	0.0	-7.052175000000001e-05
480.802	0.0	0.0	-2.8462687500000004e-05
480.982	0.0	0.0	3.364725e-05
480.972	0.0	0.0	3.0181125000000007e-05
481.022	0.0	0.0	4.57445625e-05
481.142	0.0	0.0	8.514675000000001e-05
481.322	0.0	0.0	0.0001428204375
481.312	0.0	0.0	0.00014031225
481.362	0.0	0.0	0.00014782218750000002
481.482	0.0	0.0	0.00016291518750000003
481.662	0.0	0.0	0.00018488925000000002
481.652	0.0	0.0	0.000183519375
481.692	0.0	0.0	0.00018001668750000004
481.812	0.0	0.0	0.0001628445
481.992	0.0	0.0	0.0001374725625
481.982	0.0	0.0	0.00013891556249999998
482.032	0.0	0.0	0.00012430275000000003
482.152	0.0	0.0	8.104931250000001e-05
482.332	0.0	0.0	1.7707462500000004e-05
482.322	0.0	0.0	2.0532525e-05
482.372	0.0	0.0	1.9346925e-06
482.492	0.0	0.0	-4.60273125e-05
482.672	0.0	0.0	-0.000115883625
482.662	0.0	0.0	-0.000111457125
482.702	0.0	0.0	-0.0001239005625
482.822	0.0	0.0	-0.00015242175
483.002	0.0	0.0	-0.00019457587500000005
482.992	0.0	0.0	-0.0001921310625
483.042	0.0	0.0	-0.00019308900000000002
483.162	0.0	0.0	-0.00018816281250000002
483.342	0.0	0.0	-0.0001809429375
483.332	0.0	0.0	-0.000181272
483.382	0.0	0.0	-0.0001686043125
483.502	0.0	0.0	-0.0001307938125
483.682	0.0	0.0	-7.5694125e-05
483.672	0.0	0.0	-7.924556250000002e-05
483.712	0.0	0.0	-6.1371375e-05
483.832	0.0	0.0	-9.948656250000002e-06
484.012	0.0	0.0	6.609525e-05
484.002	0.0	0.0	6.16029375e-05
484.052	0.0	0.0	7.864593750000001e-05
484.172	0.0	0.0	0.0001205660625
484.352	0.0	0.0	0.000182008125
484.342	0.0	0.0	0.00017913431250000004
484.392	0.0	0.0	0.000185157375
484.512	0.0	0.0	0.00019487812500000004
484.692	0.0	0.0	0.00020905218750000005
484.682	0.0	0.0	0.0002081235
484.722	0.0	0.0	0.00020168362500000002
484.842	0.0	0.0	0.00017498325000000003
485.022	0.0	0.0	0.00013547625000000002
485.012	0.0	0.0	0.00013785281250000003
485.062	0.0	0.0	0.00012003225000000001
485.182	0.0	0.0	6.80135625e-05
485.362	0.0	0.0	-8.273606250000002e-06
485.352	0.0	0.0	-4.623450000000001e-06
485.402	0.0	0.0	-2.4762562500000007e-05
485.522	0.0	0.0	-7.609875e-05
485.702	0.0	0.0	-0.0001509763125
485.692	0.0	0.0	-0.00014599162500000002
485.732	0.0	0.0	-0.000157925625
485.852	0.0	0.0	-0.00018334387500000004
486.032	0.0	0.0	-0.0002209666875
486.022	0.0	0.0	-0.00021866081250000003
486.072	0.0	0.0	-0.00021719100000000001
486.192	0.0	0.0	-0.00020436243750000002
486.372	0.0	0.0	-0.00018554493750000002
486.362	0.0	0.0	-0.0001864663125
486.412	0.0	0.0	-0.00017067131250000003
486.532	0.0	0.0	-0.0001239980625
486.712	0.0	0.0	-5.5884562500000004e-05
486.702	0.0	0.0	-6.049387500000001e-05
486.742	0.0	0.0	-4.03455e-05
486.862	0.0	0.0	1.7038368750000002e-05
487.042	0.0	0.0	0.00010201668750000001
487.032	0.0	0.0	9.672e-05
487.082	0.0	0.0	0.00011446500000000001
487.202	0.0	0.0	0.00015711393750000003
487.382	0.0	0.0	0.00021971625
487.372	0.0	0.0	0.0002165865
487.422	0.0	0.0	0.00022108125
487.542	0.0	0.0	0.00022540537500000002
487.722	0.0	0.0	0.000231713625
487.712	0.0	0.0	0.00023127975000000002
487.752	0.0	0.0	0.00022192706250000004
487.872	0.0	0.0	0.0001854474375
488.052	0.0	0.0	0.00013139831250000002
488.042	0.0	0.0	0.0001348254375
488.092	0.0	0.0	0.00011309268750000001
488.212	0.0	0.0	4.982981250000001e-05
488.392	0.0	0.0	-4.30730625e-05
488.382	0.0	0.0	-3.8329687499999996e-05
488.432	0.0	0.0	-6.15225e-05
488.552	0.0	0.0	-0.0001203613125
488.732	0.0	0.0	-0.00020630756250000003
488.722	0.0	0.0	-0.00020030887500000003
488.762	0.0	0.0	-0.00021294243750000002
488.882	0.0	0.0	-0.00023791462500000004
489.062	0.0	0.0	-0.000274925625
489.052	0.0	0.0	-0.00027253687500000006
489.102	0.0	0.0	-0.00026829562500000004
489.222	0.0	0.0	-0.00024516375000000005
489.402	0.0	0.0	-0.0002112045
489.392	0.0	0.0	-0.000212974125
489.442	0.0	0.0	-0.00019135837500000003
489.562	0.0	0.0	-0.000127554375
489.742	0.0	0.0	-3.43078125e-05
489.732	0.0	0.0	-4.0913437500000006e-05
489.772	0.0	0.0	-1.4916525000000002e-05
489.892	0.0	0.0	5.877787500000001e-05
490.072	0.0	0.0	0.00016806318750000002
490.062	0.0	0.0	0.00016089937500000004
490.112	0.0	0.0	0.0001822786875
490.232	0.0	0.0	0.00023227425
490.412	0.0	0.0	0.00030576
490.402	0.0	0.0	0.00030186000000000004
490.452	0.0	0.0	0.0003046875
490.572	0.0	0.0	0.00030122625
490.752	0.0	0.0	0.000296180625
490.742	0.0	0.0	0.00029654625
490.782	0.0	0.0	0.00028131187500000004
490.902	0.0	0.0	0.00022429143750000004
491.082	0.0	0.0	0.000139683375
491.072	0.0	0.0	0.0001453213125
491.112	0.0	0.0	0.00011478675000000001
491.242	0.0	0.0	2.6449312500000005e-05
491.422	0.0	0.0	-0.00010346212500000002
491.412	0.0	0.0	-9.6442125e-05
491.462	0.0	0.0	-0.00012637706250000002
491.582	0.0	0.0	-0.00020113275
491.762	0.0	0.0	-0.000310464375
491.752	0.0	0.0	-0.000302323125
491.792	0.0	0.0	-0.00031626562500000003
491.912	0.0	0.0	-0.00033905625000000005
492.092	0.0	0.0	-0.00037291312500000004
492.082	0.0	0.0	-0.00037079250000000006
492.132	0.0	0.0	-0.00036014062500000005
492.252	0.0	0.0	-0.00031629
492.432	0.0	0.0	-0.00025208625000000003
492.422	0.0	0.0	-0.000256693125
492.462	0.0	0.0	-0.0002285278125
492.582	0.0	0.0	-0.00013784062500000002
492.762	0.0	0.0	-3.2253000000000003e-06
492.752	0.0	0.0	-1.248706875e-05
492.792	0.0	0.0	2.4072018750000002e-05
492.922	0.0	0.0	0.00012258918750000002
493.102	0.0	0.0	0.00026758875000000007
493.092	0.0	0.0	0.000259471875
493.142	0.0	0.0	0.000283725
493.262	0.0	0.0	0.000337179375
493.442	0.0	0.0	0.0004154475
493.432	0.0	0.0	0.00040959750000000005
493.472	0.0	0.0	0.000410596875
493.592	0.0	0.0	0.00039156
493.772	0.0	0.0	0.0003632850000000001
493.762	0.0	0.0	0.000365259375
493.802	0.0	0.0	0.000339519375
493.932	0.0	0.0	0.00025308562500000006
494.112	0.0	0.0	0.00012583837500000002
494.102	0.0	0.0	0.00013310456250000002
494.152	0.0	0.0	9.232031250000001e-05
494.272	0.0	0.0	-1.96964625e-05
494.452	0.0	0.0	-0.00018376312500000002
494.442	0.0	0.0	-0.0001713343125
494.482	0.0	0.0	-0.0002041455
494.602	0.0	0.0	-0.000285260625
494.782	0.0	0.0	-0.00040581937500000005
494.772	0.0	0.0	-0.0003973125000000001
494.812	0.0	0.0	-0.00040898812500000004
494.942	0.0	0.0	-0.00042059062500000003
495.122	0.0	0.0	-0.00043767750000000004
495.112	0.0	0.0	-0.00043667812500000007
495.162	0.0	0.0	-0.00041751937500000006
495.282	0.0	0.0	-0.000349635
495.462	0.0	0.0	-0.00025013625000000006
495.452	0.0	0.0	-0.000257765625
495.492	0.0	0.0	-0.00022229512500000005
495.612	0.0	0.0	-0.00011039925
495.792	0.0	0.0	5.5984500000000006e-05
495.782	0.0	0.0	4.407243750000001e-05
495.822	0.0	0.0	8.447643750000001e-05
495.952	0.0	0.0	0.00018992025
496.132	0.0	0.0	0.00034532062500000003
496.122	0.0	0.0	0.00033613125000000007
496.172	0.0	0.0	0.000357946875
496.292	0.0	0.0	0.000400895625
496.472	0.0	0.0	0.00046385625000000004
496.462	0.0	0.0	0.0004589568750000001
496.502	0.0	0.0	0.0004543256250000001
496.622	0.0	0.0	0.000415545
496.802	0.0	0.0	0.00035787375
496.792	0.0	0.0	0.00036206625
496.832	0.0	0.0	0.00033023249999999997
496.962	0.0	0.0	0.00022702875000000003
497.142	0.0	0.0	7.484100000000001e-05
497.132	0.0	0.0	8.40133125e-05
497.182	0.0	0.0	4.1264437500000003e-05
497.302	0.0	0.0	-7.384406250000001e-05
497.482	0.0	0.0	-0.00024268237500000002
497.472	0.0	0.0	-0.00022936143750000004
497.512	0.0	0.0	-0.00025964250000000004
497.632	0.0	0.0	-0.00032930625
497.812	0.0	0.0	-0.00043297312500000006
497.802	0.0	0.0	-0.00042531937500000003
497.842	0.0	0.0	-0.00043116937500000004
497.972	0.0	0.0	-0.0004243687500000001
498.152	0.0	0.0	-0.00041432625000000005
498.142	0.0	0.0	-0.00041493562500000006
498.192	0.0	0.0	-0.0003910481250000001
498.312	0.0	0.0	-0.00031048875
498.492	0.0	0.0	-0.0001922895
498.482	0.0	0.0	-0.0002017396875
498.522	0.0	0.0	-0.00016569150000000004
498.642	0.0	0.0	-5.538731250000001e-05
498.822	0.0	0.0	0.00010885875
498.812	0.0	0.0	9.658106250000001e-05
498.852	0.0	0.0	0.00013245375
498.982	0.0	0.0	0.0002222415
499.162	0.0	0.0	0.00035475375000000006
499.152	0.0	0.0	0.000346490625
499.202	0.0	0.0	0.00036131062500000005
499.322	0.0	0.0	0.0003841987500000001
499.502	0.0	0.0	0.00041781187500000006
499.492	0.0	0.0	0.00041508187500000006
499.532	0.0	0.0	0.00040581937500000005
499.652	0.0	0.0	0.00035563125
499.832	0.0	0.0	0.000280873125
499.822	0.0	0.0	0.000286528125
499.862	0.0	0.0	0.00025540125
499.992	0.0	0.0	0.0001576185
500.172	0.0	0.0	1.322758125e-05
500.162	0.0	0.0	2.238405e-05
500.212	0.0	0.0	-1.3538850000000002e-05
500.332	0.0	0.0	-0.00010773018750000001
500.512	0.0	0.0	-0.00024609
500.502	0.0	0.0	-0.00023473612500000003
500.542	0.0	0.0	-0.00025674187500000003
500.662	0.0	0.0	-0.00030193312500000004
500.842	0.0	0.0	-0.000369256875
500.832	0.0	0.0	-0.000364089375
500.872	0.0	0.0	-0.00036387
501.002	0.0	0.0	-0.00034295625000000003
501.182	0.0	0.0	-0.00031209750000000007
501.172	0.0	0.0	-0.00031409625
501.212	0.0	0.0	-0.00029128125000000004
501.342	0.0	0.0	-0.00021741525000000002
501.522	0.0	0.0	-0.00010885631250000001
501.502	0.0	0.0	-0.00011787018750000002
501.552	0.0	0.0	-8.88615e-05
501.672	0.0	0.0	-3.25845e-06
501.852	0.0	0.0	0.00012438318750000003
501.842	0.0	0.0	0.000114440625
501.882	0.0	0.0	0.00013941768750000001
502.012	0.0	0.0	0.00019828575000000001
502.192	0.0	0.0	0.00028528500000000003
502.182	0.0	0.0	0.00027958125
502.222	0.0	0.0	0.000286381875
502.352	0.0	0.0	0.00029025750000000004
502.532	0.0	0.0	0.00029596125000000005
502.512	0.0	0.0	0.00029547375
502.562	0.0	0.0	0.00028523625000000005
502.682	0.0	0.0	0.00023887012500000004
502.862	0.0	0.0	0.00016969875
502.852	0.0	0.0	0.00017516118750000002
502.892	0.0	0.0	0.0001515174375
503.022	0.0	0.0	7.9623375e-05
503.202	0.0	0.0	-2.66784375e-05
503.192	0.0	0.0	-1.9605056250000002e-05
503.232	0.0	0.0	-4.32705e-05
503.362	0.0	0.0	-0.00010324275000000001
503.542	0.0	0.0	-0.00019145587500000002
503.522	0.0	0.0	-0.000183948375
503.572	0.0	0.0	-0.00019631625000000004
503.692	0.0	0.0	-0.000217585875
503.872	0.0	0.0	-0.000249331875
503.862	0.0	0.0	-0.000246796875
503.902	0.0	0.0	-0.000243628125
504.032	0.0	0.0	-0.00022086675000000002
504.212	0.0	0.0	-0.00018719756250000003
504.202	0.0	0.0	-0.00018947175000000001
504.242	0.0	0.0	-0.0001727285625
504.372	0.0	0.0	-0.0001199566875
504.552	0.0	0.0	-4.2300375e-05
504.532	0.0	0.0	-4.8988875000000006e-05
504.582	0.0	0.0	-2.9969062500000005e-05
504.702	0.0	0.0	2.4591937500000003e-05
504.882	0.0	0.0	0.0001060605
504.872	0.0	0.0	9.945975000000001e-05
504.912	0.0	0.0	0.00011431875000000001
505.042	0.0	0.0	0.0001476223125
505.222	0.0	0.0	0.000196906125
505.212	0.0	0.0	0.00019352531250000003
505.252	0.0	0.0	0.0001960335
505.382	0.0	0.0	0.000192816
505.562	0.0	0.0	0.00018807993750000003
505.542	0.0	0.0	0.00018849187500000002
505.592	0.0	0.0	0.00018030918750000003
505.712	0.0	0.0	0.000145548
505.892	0.0	0.0	9.362193750000001e-05
505.882	0.0	0.0	9.78826875e-05
505.922	0.0	0.0	8.12565e-05
506.052	0.0	0.0	3.0892875e-05
506.232	0.0	0.0	-4.3675125e-05
506.222	0.0	0.0	-3.850031250000001e-05
506.262	0.0	0.0	-5.4795000000000006e-05
506.392	0.0	0.0	-9.601556250000001e-05
506.572	0.0	0.0	-0.00015672150000000003
506.552	0.0	0.0	-0.00015128100000000002
506.602	0.0	0.0	-0.00015961237500000002
506.722	0.0	0.0	-0.00017289918750000002
506.902	0.0	0.0	-0.00019277943750000003
506.892	0.0	0.0	-0.00019122431249999998
506.932	0.0	0.0	-0.00018752906250000002
507.062	0.0	0.0	-0.000166934625
507.242	0.0	0.0	-0.000136582875
507.222	0.0	0.0	-0.00013921537500000003
507.272	0.0	0.0	-0.00012666225000000002
507.392	0.0	0.0	-8.214131250000001e-05
507.572	0.0	0.0	-1.5604387500000002e-05
507.552	0.0	0.0	-2.1205762500000004e-05
507.602	0.0	0.0	-3.6284625000000004e-06
507.722	0.0	0.0	4.608825000000001e-05
507.912	0.0	0.0	0.00011975925000000002
507.902	0.0	0.0	0.00011450400000000001
507.942	0.0	0.0	0.00012751049999999998
508.072	0.0	0.0	0.00015675075
508.252	0.0	0.0	0.00019985550000000004
508.232	0.0	0.0	0.00019598231250000003
508.282	0.0	0.0	0.00019862212500000004
508.402	0.0	0.0	0.000192933
508.582	0.0	0.0	0.0001844236875
508.562	0.0	0.0	0.0001851451875
508.612	0.0	0.0	0.0001748881875
508.732	0.0	0.0	0.00013500093750000002
508.922	0.0	0.0	7.58720625e-05
508.912	0.0	0.0	8.014987500000001e-05
508.952	0.0	0.0	6.13055625e-05
509.082	0.0	0.0	5.8397625e-06
509.262	0.0	0.0	-7.595737500000001e-05
509.242	0.0	0.0	-6.852300000000001e-05
509.292	0.0	0.0	-8.52515625e-05
509.412	0.0	0.0	-0.000128597625
509.592	0.0	0.0	-0.00019346193750000002
509.572	0.0	0.0	-0.00018789468750000002
509.622	0.0	0.0	-0.00019595062500000002
509.742	0.0	0.0	-0.00020646843750000003
509.932	0.0	0.0	-0.00022207087500000002
509.922	0.0	0.0	-0.00022092525000000002
509.962	0.0	0.0	-0.00021419043750000002
510.092	0.0	0.0	-0.00018390206250000002
510.272	0.0	0.0	-0.0001392129375
510.252	0.0	0.0	-0.000143320125
510.302	0.0	0.0	-0.0001274008125
510.422	0.0	0.0	-7.165275e-05
510.602	0.0	0.0	1.1804325000000002e-05
510.582	0.0	0.0	4.554712500000001e-06
510.632	0.0	0.0	2.5003875e-05
510.752	0.0	0.0	8.138081250000002e-05
510.942	0.0	0.0	0.00016502850000000004
510.932	0.0	0.0	0.00015880312500000002
510.972	0.0	0.0	0.00017196562500000002
511.102	0.0	0.0	0.00019888781250000003
511.282	0.0	0.0	0.00023862881250000004
511.262	0.0	0.0	0.00023493600000000002
511.312	0.0	0.0	0.00023538206250000004
511.432	0.0	0.0	0.000219882
511.612	0.0	0.0	0.00019666481250000005
511.592	0.0	0.0	0.00019870500000000006
511.642	0.0	0.0	0.000184679625
511.762	0.0	0.0	0.00013295100000000002
511.952	0.0	0.0	5.61624375e-05
511.942	0.0	0.0	6.195393750000002e-05
511.982	0.0	0.0	4.0328437500000004e-05
512.112	0.0	0.0	-2.1710568749999998e-05
512.292	0.0	0.0	-0.0001133315625
512.272	0.0	0.0	-0.00010472475000000001
512.322	0.0	0.0	-0.00012185306250000001
512.442	0.0	0.0	-0.00016303950000000003
512.622	0.0	0.0	-0.000224752125
512.602	0.0	0.0	-0.00021926531250000003
512.652	0.0	0.0	-0.00022508606250000001
512.772	0.0	0.0	-0.00022653637500000002
512.962	0.0	0.0	-0.00022869356250000003
512.952	0.0	0.0	-0.0002285278125
512.992	0.0	0.0	-0.00021856087500000005
513.122	0.0	0.0	-0.00017848106250000002
513.302	0.0	0.0	-0.00011926200000000001
513.282	0.0	0.0	-0.0001248853125
513.322	0.0	0.0	-0.00010700625
513.452	0.0	0.0	-4.70510625e-05
513.632	0.0	0.0	4.2822000000000004e-05
513.612	0.0	0.0	3.47416875e-05
513.662	0.0	0.0	5.475843750000001e-05
513.782	0.0	0.0	0.00010737187500000001
513.972	0.0	0.0	0.0001855400625
513.962	0.0	0.0	0.00017948531250000003
514.002	0.0	0.0	0.00019000556250000004
514.132	0.0	0.0	0.00020784318750000005
514.312	0.0	0.0	0.00023421206250000005
514.292	0.0	0.0	0.00023168193750000001
514.332	0.0	0.0	0.00022941993750000004
514.462	0.0	0.0	0.000205690875
514.642	0.0	0.0	0.00017010581250000005
514.622	0.0	0.0	0.0001733428125
514.672	0.0	0.0	0.0001579963125
514.792	0.0	0.0	0.000104037375
514.982	0.0	0.0	2.3831437500000003e-05
514.972	0.0	0.0	3.0125062500000005e-05
515.012	0.0	0.0	9.79704375e-06
515.142	0.0	0.0	-4.6829250000000006e-05
515.322	0.0	0.0	-0.0001305695625
515.302	0.0	0.0	-0.00012245268750000002
515.342	0.0	0.0	-0.00013689
515.472	0.0	0.0	-0.00016857018750000003
515.652	0.0	0.0	-0.0002161063125
515.632	0.0	0.0	-0.000211735875
515.682	0.0	0.0	-0.0002145950625
515.802	0.0	0.0	-0.00020778225
515.992	0.0	0.0	-0.000197652
515.982	0.0	0.0	-0.0001984588125
516.022	0.0	0.0	-0.00018730968750000002
516.152	0.0	0.0	-0.00014516774999999999
516.332	0.0	0.0	-8.28140625e-05
516.312	0.0	0.0	-8.892243750000001e-05
516.352	0.0	0.0	-7.194525e-05
516.482	0.0	0.0	-1.677195e-05
516.662	0.0	0.0	6.60465e-05
516.642	0.0	0.0	5.83464375e-05
516.692	0.0	0.0	7.5645375e-05
516.812	0.0	0.0	0.0001193570625
517.002	0.0	0.0	0.00018438712500000004
516.982	0.0	0.0	0.00017915381250000002
517.032	0.0	0.0	0.00018674662500000003
517.162	0.0	0.0	0.00019645275
517.342	0.0	0.0	0.0002108218125
517.322	0.0	0.0	0.00020940075
517.362	0.0	0.0	0.00020548125
517.492	0.0	0.0	0.00017803500000000003
517.672	0.0	0.0	0.00013681687500000003
517.652	0.0	0.0	0.0001406900625
517.702	0.0	0.0	0.000125399625
517.822	0.0	0.0	7.281787500000002e-05
518.012	0.0	0.0	-5.447325e-06
517.992	0.0	0.0	9.312712500000002e-07
518.042	0.0	0.0	-1.7850056250000002e-05
518.162	0.0	0.0	-6.942e-05
518.352	0.0	0.0	-0.00014578687500000002
518.332	0.0	0.0	-0.00013815506250000002
518.372	0.0	0.0	-0.00015070575
518.502	0.0	0.0	-0.000176314125
518.682	0.0	0.0	-0.00021478762500000003
518.662	0.0	0.0	-0.00021113381250000005
518.712	0.0	0.0	-0.00021213562500000004
518.832	0.0	0.0	-0.00019978237500000004
519.022	0.0	0.0	-0.00018138412500000003
519.002	0.0	0.0	-0.00018290268750000002
519.052	0.0	0.0	-0.000170464125
519.172	0.0	0.0	-0.00012459525
519.362	0.0	0.0	-5.6637750000000005e-05
519.342	0.0	0.0	-6.3496875e-05
519.382	0.0	0.0	-4.5932250000000004e-05
519.512	0.0	0.0	1.053073125e-05
519.692	0.0	0.0	9.539887500000001e-05
519.672	0.0	0.0	8.725275e-05
519.722	0.0	0.0	0.00010428600000000001
519.842	0.0	0.0	0.0001461403125
520.032	0.0	0.0	0.00020849156250000002
520.012	0.0	0.0	0.00020328262500000002
520.062	0.0	0.0	0.00020949581250000003
520.182	0.0	0.0	0.00021376875000000004
520.372	0.0	0.0	0.00022010137500000002
520.352	0.0	0.0	0.00021945543750000003
520.392	0.0	0.0	0.00021351525
520.522	0.0	0.0	0.000178332375
520.702	0.0	0.0	0.0001254264375
520.682	0.0	0.0	0.00013055981250000001
520.732	0.0	0.0	0.00011281968750000001
520.852	0.0	0.0	5.276212500000001e-05
521.042	0.0	0.0	-3.6747750000000004e-05
521.022	0.0	0.0	-2.9206125000000003e-05
521.072	0.0	0.0	-4.9495875000000007e-05
521.192	0.0	0.0	-0.00010403493750000002
521.382	0.0	0.0	-0.0001848965625
521.362	0.0	0.0	-0.00017646037500000002
521.402	0.0	0.0	-0.00018886481250000002
521.532	0.0	0.0	-0.00021073893750000005
521.712	0.0	0.0	-0.00024368175
521.692	0.0	0.0	-0.00024061537500000003
521.742	0.0	0.0	-0.00023888475
521.862	0.0	0.0	-0.00021700087500000002
522.052	0.0	0.0	-0.00018453093750000002
522.032	0.0	0.0	-0.000187824
522.072	0.0	0.0	-0.00017431050000000004
522.202	0.0	0.0	-0.0001195130625
522.382	0.0	0.0	-3.7074375000000004e-05
522.362	0.0	0.0	-4.52424375e-05
522.412	0.0	0.0	-2.4065193750000003e-05
522.532	0.0	0.0	3.9285187500000004e-05
522.722	0.0	0.0	0.00013378218750000002
522.702	0.0	0.0	0.000125643375
522.752	0.0	0.0	0.00014261812500000002
522.872	0.0	0.0	0.00018117693750000004
523.062	0.0	0.0	0.00023839968750000005
523.042	0.0	0.0	0.00023241562500000003
523.082	0.0	0.0	0.00023757581250000002
523.212	0.0	0.0	0.00023301525000000002
523.392	0.0	0.0	0.00022615125000000001
523.372	0.0	0.0	0.00022683618750000002
523.422	0.0	0.0	0.00021688143750000003
523.542	0.0	0.0	0.0001713343125
523.732	0.0	0.0	0.00010337193750000002
523.712	0.0	0.0	0.00010929506250000001
523.762	0.0	0.0	8.90296875e-05
523.882	0.0	0.0	2.5766812500000003e-05
524.072	0.0	0.0	-6.81549375e-05
524.052	0.0	0.0	-5.82440625e-05
524.092	0.0	0.0	-7.682268750000001e-05
524.212	0.0	0.0	-0.000125458125
524.402	0.0	0.0	-0.00019871231250000003
524.382	0.0	0.0	-0.00019133887500000002
524.432	0.0	0.0	-0.00020119125
524.552	0.0	0.0	-0.00021351525
524.742	0.0	0.0	-0.00023191350000000002
524.722	0.0	0.0	-0.00023029256250000003
524.772	0.0	0.0	-0.0002251591875
524.892	0.0	0.0	-0.00019504875000000003
525.082	0.0	0.0	-0.00015032550000000004
525.062	0.0	0.0	-0.00015508837500000002
525.102	0.0	0.0	-0.000140775375
525.222	0.0	0.0	-8.64508125e-05
525.412	0.0	0.0	-4.5907875e-06
525.392	0.0	0.0	-1.2910950000000002e-05
525.442	0.0	0.0	5.914837500000001e-06
525.562	0.0	0.0	5.87705625e-05
525.752	0.0	0.0	0.0001377114375
525.732	0.0	0.0	0.000130674375
525.782	0.0	0.0	0.0001430934375
525.902	0.0	0.0	0.00016734412500000003
526.092	0.0	0.0	0.00020338256250000003
526.072	0.0	0.0	0.00019950937500000002
526.112	0.0	0.0	0.00020110593750000003
526.232	0.0	0.0	0.00018796781250000002
526.422	0.0	0.0	0.00016815825000000002
526.402	0.0	0.0	0.00017019112500000003
526.442	0.0	0.0	0.0001599901875
526.572	0.0	0.0	0.00011838693750000001
526.762	0.0	0.0	5.6223375000000006e-05
526.742	0.0	0.0	6.18271875e-05
526.792	0.0	0.0	4.58835e-05
526.912	0.0	0.0	-1.24288125e-06
527.102	0.0	0.0	-7.130175e-05
527.082	0.0	0.0	-6.370406249999999e-05
527.122	0.0	0.0	-7.62815625e-05
527.242	0.0	0.0	-0.00010540968750000001
527.432	0.0	0.0	-0.00014934075
527.412	0.0	0.0	-0.00014478750000000002
527.452	0.0	0.0	-0.00014941143750000002
527.582	0.0	0.0	-0.0001497770625
527.772	0.0	0.0	-0.000150320625
527.752	0.0	0.0	-0.000150271875
527.802	0.0	0.0	-0.00014470706250000002
527.922	0.0	0.0	-0.000118833
528.112	0.0	0.0	-8.034975000000001e-05
528.092	0.0	0.0	-8.456175000000002e-05
528.132	0.0	0.0	-7.438275e-05
528.252	0.0	0.0	-3.89536875e-05
528.442	0.0	0.0	1.4504100000000002e-05
528.422	0.0	0.0	8.912231250000001e-06
528.462	0.0	0.0	1.989268125e-05
528.592	0.0	0.0	4.801631250000001e-05
528.782	0.0	0.0	9.007537500000001e-05
528.762	0.0	0.0	8.620218750000001e-05
528.812	0.0	0.0	9.175481250000001e-05
528.932	0.0	0.0	9.957918750000001e-05
529.122	0.0	0.0	0.00011122068750000001
529.102	0.0	0.0	0.0001099336875
529.142	0.0	0.0	0.00010918781250000002
529.262	0.0	0.0	9.694912500000001e-05
529.452	0.0	0.0	7.84753125e-05
529.432	0.0	0.0	8.042531250000002e-05
529.472	0.0	0.0	7.4056125e-05
529.602	0.0	0.0	5.0704875e-05
529.792	0.0	0.0	1.576989375e-05
529.772	0.0	0.0	1.9021275e-05
529.822	0.0	0.0	1.1244675000000003e-05
529.942	0.0	0.0	-1.0078575000000002e-05
530.132	0.0	0.0	-4.1822625000000003e-05
530.112	0.0	0.0	-3.82858125e-05
530.152	0.0	0.0	-4.34338125e-05
530.272	0.0	0.0	-5.3288625000000005e-05
530.462	0.0	0.0	-6.816956249999999e-05
530.442	0.0	0.0	-6.658275e-05
530.482	0.0	0.0	-6.755775e-05
530.612	0.0	0.0	-6.42890625e-05
530.802	0.0	0.0	-5.9397e-05
530.782	0.0	0.0	-5.9857687500000004e-05
530.832	0.0	0.0	-5.677181250000001e-05
530.952	0.0	0.0	-4.4255250000000006e-05
531.142	0.0	0.0	-2.5613250000000004e-05
531.122	0.0	0.0	-2.7707062500000005e-05
531.162	0.0	0.0	-2.3318587500000003e-05
531.282	0.0	0.0	-9.081881250000002e-06
531.472	0.0	0.0	1.2428081250000003e-05
531.452	0.0	0.0	1.0114650000000001e-05
531.492	0.0	0.0	1.4325431250000002e-05
531.622	0.0	0.0	2.4611437500000006e-05
531.812	0.0	0.0	4.00115625e-05
531.792	0.0	0.0	3.85490625e-05
531.842	0.0	0.0	4.050393750000001e-05
531.962	0.0	0.0	4.2873187500000004e-05
532.152	0.0	0.0	4.640025000000001e-05
532.132	0.0	0.0	4.60005e-05
532.172	0.0	0.0	4.552275000000001e-05
532.292	0.0	0.0	3.9994500000000005e-05
532.482	0.0	0.0	3.1636312500000005e-05
532.462	0.0	0.0	3.2543062500000004e-05
532.502	0.0	0.0	2.9627812500000002e-05
532.632	0.0	0.0	1.8602268750000006e-05
532.822	0.0	0.0	2.083209375e-06
532.802	0.0	0.0	3.6689250000000006e-06
532.852	0.0	0.0	-2.60203125e-07
532.972	0.0	0.0	-1.1691225000000001e-05
533.162	0.0	0.0	-2.8730812500000004e-05
533.142	0.0	0.0	-2.678325e-05
533.182	0.0	0.0	-2.9732625000000002e-05
533.302	0.0	0.0	-3.61335e-05
533.492	0.0	0.0	-4.581281250000001e-05
533.472	0.0	0.0	-4.475250000000001e-05
533.512	0.0	0.0	-4.5495937500000005e-05
533.642	0.0	0.0	-4.3733625000000006e-05
533.832	0.0	0.0	-4.109137500000001e-05
533.812	0.0	0.0	-4.134731250000001e-05
533.862	0.0	0.0	-3.916575000000001e-05
533.982	0.0	0.0	-2.9666812500000003e-05
534.172	0.0	0.0	-1.550055e-05
534.152	0.0	0.0	-1.713343125e-05
534.192	0.0	0.0	-1.3608806250000001e-05
534.312	0.0	0.0	-1.32097875e-06
534.502	0.0	0.0	1.7268956250000002e-05
534.482	0.0	0.0	1.5215362500000003e-05
534.522	0.0	0.0	1.8928406250000002e-05
534.652	0.0	0.0	2.8284750000000004e-05
534.842	0.0	0.0	4.231500000000001e-05
534.822	0.0	0.0	4.094025000000001e-05
534.872	0.0	0.0	4.2588000000000006e-05
534.992	0.0	0.0	4.39554375e-05
535.182	0.0	0.0	4.5995625e-05
535.162	0.0	0.0	4.575918750000001e-05
535.202	0.0	0.0	4.495725e-05
535.322	0.0	0.0	3.8095687500000004e-05
535.512	0.0	0.0	2.77119375e-05
535.492	0.0	0.0	2.8869750000000003e-05
535.532	0.0	0.0	2.5647375e-05
535.662	0.0	0.0	1.3845000000000002e-05
535.852	0.0	0.0	-3.858806250000001e-06
535.832	0.0	0.0	-2.1121181250000005e-06
535.882	0.0	0.0	-5.989425000000001e-06
536.002	0.0	0.0	-1.6728562500000002e-05
536.192	0.0	0.0	-3.2755125e-05
536.172	0.0	0.0	-3.08563125e-05
536.212	0.0	0.0	-3.3440062500000006e-05
536.332	0.0	0.0	-3.8132250000000004e-05
536.522	0.0	0.0	-4.52424375e-05
536.502	0.0	0.0	-4.44770625e-05
536.542	0.0	0.0	-4.463062500000001e-05
536.672	0.0	0.0	-4.1320500000000005e-05
536.862	0.0	0.0	-3.63748125e-05
536.842	0.0	0.0	-3.694518750000001e-05
536.882	0.0	0.0	-3.489525e-05
537.002	0.0	0.0	-2.5101375000000005e-05
537.192	0.0	0.0	-1.0271381250000002e-05
537.172	0.0	0.0	-1.1954475e-05
537.212	0.0	0.0	-8.13905625e-06
537.342	0.0	0.0	4.367025e-06
537.532	0.0	0.0	2.3141381250000002e-05
537.512	0.0	0.0	2.1254756250000004e-05
537.552	0.0	0.0	2.4908812500000005e-05
537.682	0.0	0.0	3.4032375e-05
537.872	0.0	0.0	4.7655562500000006e-05
537.852	0.0	0.0	4.60395e-05
537.892	0.0	0.0	4.78115625e-05
538.012	0.0	0.0	4.887675000000001e-05
538.202	0.0	0.0	5.049281250000001e-05
538.182	0.0	0.0	5.0310000000000005e-05
538.222	0.0	0.0	4.904493750000001e-05
538.352	0.0	0.0	4.04600625e-05
538.542	0.0	0.0	2.7568125e-05
538.522	0.0	0.0	2.8877062500000006e-05
538.562	0.0	0.0	2.4691875e-05
538.692	0.0	0.0	9.6681e-06
538.882	0.0	0.0	-1.2783225e-05
538.862	0.0	0.0	-1.0095393750000001e-05
538.902	0.0	0.0	-1.4801475e-05
539.022	0.0	0.0	-2.8940437500000004e-05
539.212	0.0	0.0	-5.0373375000000006e-05
539.192	0.0	0.0	-4.79090625e-05
539.232	0.0	0.0	-5.139956250000001e-05
539.362	0.0	0.0	-5.7564000000000007e-05
539.552	0.0	0.0	-6.68289375e-05
539.532	0.0	0.0	-6.58783125e-05
539.572	0.0	0.0	-6.561993750000002e-05
539.702	0.0	0.0	-5.923125e-05
539.892	0.0	0.0	-4.967868750000001e-05
539.872	0.0	0.0	-5.0831625e-05
539.912	0.0	0.0	-4.74045e-05
540.032	0.0	0.0	-3.1209750000000004e-05
540.222	0.0	0.0	-6.6497437500000006e-06
540.202	0.0	0.0	-9.497475000000002e-06
540.242	0.0	0.0	-3.5485125000000004e-06
540.372	0.0	0.0	1.53577125e-05
540.562	0.0	0.0	4.377506250000001e-05
540.542	0.0	0.0	4.083787500000001e-05
540.582	0.0	0.0	4.58908125e-05
540.712	0.0	0.0	5.7217875000000005e-05
540.902	0.0	0.0	7.41609375e-05
540.882	0.0	0.0	7.210125000000001e-05
540.922	0.0	0.0	7.386600000000001e-05
541.042	0.0	0.0	7.171856250000001e-05
541.232	0.0	0.0	6.84620625e-05
541.212	0.0	0.0	6.884231250000001e-05
541.252	0.0	0.0	6.6031875e-05
541.382	0.0	0.0	5.100468750000001e-05
541.572	0.0	0.0	2.8406625000000002e-05
541.552	0.0	0.0	3.07636875e-05
541.592	0.0	0.0	2.46699375e-05
541.722	0.0	0.0	4.39944375e-06
541.912	0.0	0.0	-2.5932562500000004e-05
541.892	0.0	0.0	-2.22139125e-05
541.932	0.0	0.0	-2.7967875000000002e-05
542.052	0.0	0.0	-4.2980437500000005e-05
542.242	0.0	0.0	-6.5768625e-05
542.222	0.0	0.0	-6.308250000000001e-05
542.262	0.0	0.0	-6.6226875e-05
542.392	0.0	0.0	-6.91055625e-05
542.582	0.0	0.0	-7.343456250000002e-05
542.562	0.0	0.0	-7.297875e-05
542.602	0.0	0.0	-7.1487e-05
542.732	0.0	0.0	-6.077418750000001e-05
542.922	0.0	0.0	-4.4737875e-05
542.902	0.0	0.0	-4.671712500000001e-05
542.942	0.0	0.0	-4.2356437500000006e-05
543.062	0.0	0.0	-2.44798125e-05
543.252	0.0	0.0	2.66784375e-06
543.232	0.0	0.0	-5.57626875e-07
543.272	0.0	0.0	5.262318750000001e-06
543.402	0.0	0.0	2.1788568750000003e-05
543.592	0.0	0.0	4.666106250000001e-05
543.572	0.0	0.0	4.4018812500000004e-05
543.612	0.0	0.0	4.786762500000001e-05
543.742	0.0	0.0	5.459025000000001e-05
543.932	0.0	0.0	6.465956250000001e-05
543.912	0.0	0.0	6.340668750000001e-05
543.952	0.0	0.0	6.3974625e-05
544.072	0.0	0.0	5.874862500000001e-05
544.262	0.0	0.0	5.080725000000001e-05
544.242	0.0	0.0	5.1757875000000006e-05
544.282	0.0	0.0	4.868175000000001e-05
544.412	0.0	0.0	3.4944e-05
544.602	0.0	0.0	1.42579125e-05
544.582	0.0	0.0	1.6475550000000002e-05
544.622	0.0	0.0	1.16536875e-05
544.752	0.0	0.0	-3.0395625000000004e-06
544.942	0.0	0.0	-2.5055062500000004e-05
544.922	0.0	0.0	-2.22938625e-05
544.962	0.0	0.0	-2.6142187500000004e-05
545.082	0.0	0.0	-3.46198125e-05
545.272	0.0	0.0	-4.7502e-05
545.252	0.0	0.0	-4.5946875000000004e-05
545.292	0.0	0.0	-4.739962500000001e-05
545.422	0.0	0.0	-4.672931250000001e-05
545.612	0.0	0.0	-4.571775e-05
545.592	0.0	0.0	-4.582743750000001e-05
545.632	0.0	0.0	-4.42138125e-05
545.762	0.0	0.0	-3.5611875e-05
545.952	0.0	0.0	-2.27189625e-05
545.932	0.0	0.0	-2.4347700000000004e-05
545.972	0.0	0.0	-2.13057e-05
546.092	0.0	0.0	-1.0094175e-05
546.282	0.0	0.0	6.9529687500000005e-06
546.262	0.0	0.0	4.8789e-06
546.302	0.0	0.0	8.25508125e-06
546.432	0.0	0.0	1.693648125e-05
546.622	0.0	0.0	3.0017812500000003e-05
546.602	0.0	0.0	2.8591875e-05
546.642	0.0	0.0	3.0400500000000005e-05
546.772	0.0	0.0	3.2608875000000004e-05
546.962	0.0	0.0	3.59214375e-05
546.942	0.0	0.0	3.549975e-05
546.982	0.0	0.0	3.539981250000001e-05
547.102	0.0	0.0	3.1192687500000006e-05
547.292	0.0	0.0	2.4791812500000003e-05
547.272	0.0	0.0	2.55766875e-05
547.312	0.0	0.0	2.361425625e-05
547.442	0.0	0.0	1.5643875e-05
547.632	0.0	0.0	3.627975e-06
547.612	0.0	0.0	4.950318750000001e-06
547.652	0.0	0.0	2.34560625e-06
547.782	0.0	0.0	-5.19016875e-06
547.972	0.0	0.0	-1.6495781250000003e-05
547.952	0.0	0.0	-1.5046443750000002e-05
547.992	0.0	0.0	-1.69508625e-05
548.112	0.0	0.0	-2.070144375e-05
548.302	0.0	0.0	-2.64103125e-05
548.282	0.0	0.0	-2.5703437500000005e-05
548.322	0.0	0.0	-2.6247e-05
548.452	0.0	0.0	-2.5130625e-05
548.642	0.0	0.0	-2.3445825000000003e-05
548.622	0.0	0.0	-2.3632781250000006e-05
548.662	0.0	0.0	-2.2586606250000004e-05
548.792	0.0	0.0	-1.746785625e-05
548.982	0.0	0.0	-9.7851e-06
548.962	0.0	0.0	-1.0777162500000002e-05
548.992	0.0	0.0	-9.021675000000002e-06
549.122	0.0	0.0	-2.6017874999999998e-06
549.312	0.0	0.0	7.171856250000002e-06
549.292	0.0	0.0	5.955056250000001e-06
549.332	0.0	0.0	7.904325000000002e-06
549.462	0.0	0.0	1.3025268750000002e-05
549.652	0.0	0.0	2.0751900000000004e-05
549.632	0.0	0.0	1.9889025e-05
549.672	0.0	0.0	2.09844375e-05
549.802	0.0	0.0	2.23845375e-05
549.992	0.0	0.0	2.4487125e-05
549.962	0.0	0.0	2.4210225e-05
550.002	0.0	0.0	2.41541625e-05
550.132	0.0	0.0	2.122111875e-05
550.322	0.0	0.0	1.6749768750000003e-05
550.302	0.0	0.0	1.7289187500000003e-05
550.342	0.0	0.0	1.57701375e-05
550.472	0.0	0.0	9.328556250000001e-06
550.662	0.0	0.0	-3.495375e-07
550.642	0.0	0.0	8.93709375e-07
550.672	0.0	0.0	-1.1925712500000001e-06
550.802	0.0	0.0	-8.3191875e-06
550.992	0.0	0.0	-1.9174106250000002e-05
550.972	0.0	0.0	-1.7801062500000002e-05
551.012	0.0	0.0	-1.98261375e-05
551.142	0.0	0.0	-2.4531000000000003e-05
551.332	0.0	0.0	-3.1633875e-05
551.312	0.0	0.0	-3.08270625e-05
551.352	0.0	0.0	-3.1490062500000006e-05
551.482	0.0	0.0	-3.060281250000001e-05
551.672	0.0	0.0	-2.9271937500000003e-05
551.642	0.0	0.0	-2.9447437500000005e-05
551.682	0.0	0.0	-2.8494375000000004e-05
551.812	0.0	0.0	-2.16006375e-05
552.002	0.0	0.0	-1.109281875e-05
551.982	0.0	0.0	-1.2427106250000002e-05
552.022	0.0	0.0	-9.614962500000001e-06
552.152	0.0	0.0	1.1813831250000003e-06
552.342	0.0	0.0	1.748979375e-05
552.322	0.0	0.0	1.56238875e-05
552.362	0.0	0.0	1.896935625e-05
552.492	0.0	0.0	2.8260375000000003e-05
552.682	0.0	0.0	4.2227250000000005e-05
552.652	0.0	0.0	4.037475e-05
552.692	0.0	0.0	4.250025e-05
552.822	0.0	0.0	4.4974312500000005e-05
553.012	0.0	0.0	4.8750000000000006e-05
552.992	0.0	0.0	4.8267375e-05
553.032	0.0	0.0	4.7799375e-05
553.162	0.0	0.0	4.0733062500000006e-05
553.352	0.0	0.0	3.0054375000000006e-05
553.332	0.0	0.0	3.128775e-05
553.372	0.0	0.0	2.77850625e-05
553.502	0.0	0.0	1.3308018750000002e-05
553.692	0.0	0.0	-8.46226875e-06
553.662	0.0	0.0	-5.5570125e-06
553.702	0.0	0.0	-1.0073212500000003e-05
553.832	0.0	0.0	-2.49965625e-05
554.022	0.0	0.0	-4.77579375e-05
554.002	0.0	0.0	-4.4825625e-05
554.042	0.0	0.0	-4.8793875e-05
554.172	0.0	0.0	-5.6630437500000005e-05
554.362	0.0	0.0	-6.847425e-05
554.342	0.0	0.0	-6.709706249999999e-05
554.382	0.0	0.0	-6.77015625e-05
554.512	0.0	0.0	-6.2697375e-05
554.702	0.0	0.0	-5.5165500000000006e-05
554.672	0.0	0.0	-5.61795e-05
554.712	0.0	0.0	-5.34519375e-05
554.842	0.0	0.0	-3.7220625e-05
555.032	0.0	0.0	-1.2447337500000001e-05
555.012	0.0	0.0	-1.5662643750000003e-05
555.052	0.0	0.0	-9.748049999999999e-06
555.182	0.0	0.0	1.1023837500000002e-05
555.372	0.0	0.0	4.24393125e-05
555.352	0.0	0.0	3.875868750000001e-05
555.392	0.0	0.0	4.45940625e-05
555.522	0.0	0.0	5.873643750000001e-05
555.712	0.0	0.0	8.002556250000001e-05
555.682	0.0	0.0	7.71444375e-05
555.722	0.0	0.0	8.00060625e-05
555.852	0.0	0.0	7.982081250000001e-05
556.042	0.0	0.0	7.95380625e-05
556.012	0.0	0.0	7.9574625e-05
556.062	0.0	0.0	7.75515e-05
556.192	0.0	0.0	6.199537500000001e-05
556.382	0.0	0.0	3.8458875000000004e-05
556.362	0.0	0.0	4.1240062500000006e-05
556.402	0.0	0.0	3.4909875e-05
556.532	0.0	0.0	1.1238337500000001e-05
556.722	0.0	0.0	-2.44066875e-05
556.692	0.0	0.0	-1.955240625e-05
556.732	0.0	0.0	-2.6390812500000002e-05
556.862	0.0	0.0	-4.60516875e-05
557.052	0.0	0.0	-7.607924999999999e-05
557.022	0.0	0.0	-7.212562500000001e-05
557.072	0.0	0.0	-7.68568125e-05
557.192	0.0	0.0	-8.304806250000002e-05
557.392	0.0	0.0	-9.241781250000001e-05
557.372	0.0	0.0	-9.130143750000001e-05
557.412	0.0	0.0	-9.075300000000002e-05
557.542	0.0	0.0	-7.94649375e-05
557.732	0.0	0.0	-6.24609375e-05
557.702	0.0	0.0	-6.47911875e-05
557.742	0.0	0.0	-6.0233062500000005e-05
557.872	0.0	0.0	-3.7639875000000004e-05
558.062	0.0	0.0	-3.1161e-06
558.032	0.0	0.0	-7.69299375e-06
558.082	0.0	0.0	-2.2414518750000002e-07
558.202	0.0	0.0	2.3278368750000004e-05
558.402	0.0	0.0	5.8870500000000005e-05
558.382	0.0	0.0	5.4600000000000006e-05
558.422	0.0	0.0	6.061818750000001e-05
558.552	0.0	0.0	7.26545625e-05
558.742	0.0	0.0	9.079687500000002e-05
558.712	0.0	0.0	8.82935625e-05
558.752	0.0	0.0	9.033862500000001e-05
558.882	0.0	0.0	8.55635625e-05
559.072	0.0	0.0	7.82608125e-05
559.042	0.0	0.0	7.92358125e-05
559.092	0.0	0.0	7.595737500000001e-05
559.212	0.0	0.0	5.687418750000001e-05
559.412	0.0	0.0	2.7965437500000004e-05
559.392	0.0	0.0	3.1460812500000006e-05
559.432	0.0	0.0	2.46016875e-05
559.562	0.0	0.0	1.0659675e-06
559.752	0.0	0.0	-3.4419937500000005e-05
559.722	0.0	0.0	-2.9488875000000003e-05
559.762	0.0	0.0	-3.59458125e-05
559.892	0.0	0.0	-5.22015e-05
560.082	0.0	0.0	-7.70615625e-05
560.052	0.0	0.0	-7.371975000000002e-05
560.102	0.0	0.0	-7.7298e-05
560.222	0.0	0.0	-7.929918750000001e-05
560.422	0.0	0.0	-8.23363125e-05
560.402	0.0	0.0	-8.19658125e-05
560.442	0.0	0.0	-8.047893750000002e-05
560.572	0.0	0.0	-6.7270125e-05
560.762	0.0	0.0	-4.73484375e-05
560.732	0.0	0.0	-5.01345e-05
560.772	0.0	0.0	-4.5417937500000004e-05
560.902	0.0	0.0	-2.4331125e-05
561.092	0.0	0.0	7.930162500000002e-06
561.062	0.0	0.0	3.5638687500000002e-06
561.112	0.0	0.0	1.0202887500000001e-05
561.232	0.0	0.0	2.976675e-05
561.432	0.0	0.0	5.9431125e-05
561.412	0.0	0.0	5.579193750000001e-05
561.452	0.0	0.0	6.05596875e-05
561.582	0.0	0.0	6.870825000000001e-05
561.772	0.0	0.0	8.100543750000001e-05
561.742	0.0	0.0	7.927481250000002e-05
561.782	0.0	0.0	8.0418e-05
561.912	0.0	0.0	7.381725e-05
562.102	0.0	0.0	6.371625000000002e-05
562.072	0.0	0.0	6.509343750000001e-05
562.112	0.0	0.0	6.161268750000001e-05
562.242	0.0	0.0	4.3148625000000004e-05
562.442	0.0	0.0	1.5137118750000002e-05
562.422	0.0	0.0	1.86005625e-05
562.462	0.0	0.0	1.2238931250000003e-05
562.592	0.0	0.0	-9.071643750000001e-06
562.782	0.0	0.0	-4.124493750000001e-05
562.752	0.0	0.0	-3.66868125e-05
562.792	0.0	0.0	-4.24393125e-05
562.922	0.0	0.0	-5.6203875000000004e-05
563.112	0.0	0.0	-7.72785e-05
563.082	0.0	0.0	-7.4387625e-05
563.122	0.0	0.0	-7.726143750000002e-05
563.252	0.0	0.0	-7.711275e-05
563.452	0.0	0.0	-7.688850000000001e-05
563.432	0.0	0.0	-7.69153125e-05
563.472	0.0	0.0	-7.4923875e-05
563.602	0.0	0.0	-6.022331250000001e-05
563.792	0.0	0.0	-3.802012500000001e-05
563.762	0.0	0.0	-4.11864375e-05
563.802	0.0	0.0	-3.6179812500000006e-05
563.932	0.0	0.0	-1.4430243750000003e-05
564.122	0.0	0.0	1.8887943750000004e-05
564.092	0.0	0.0	1.4287162500000003e-05
564.132	0.0	0.0	2.09649375e-05
564.262	0.0	0.0	3.996037500000001e-05
564.462	0.0	0.0	6.87984375e-05
564.442	0.0	0.0	6.518850000000001e-05
564.482	0.0	0.0	6.95955e-05
564.612	0.0	0.0	7.563075e-05
564.802	0.0	0.0	8.474700000000001e-05
564.772	0.0	0.0	8.3425875e-05
564.812	0.0	0.0	8.39889375e-05
564.942	0.0	0.0	7.43900625e-05
565.132	0.0	0.0	5.9669999999999996e-05
565.102	0.0	0.0	6.16468125e-05
565.152	0.0	0.0	5.720812500000001e-05
565.272	0.0	0.0	3.6391875000000005e-05
565.472	0.0	0.0	4.925456250000001e-06
565.442	0.0	0.0	9.388518750000001e-06
565.482	0.0	0.0	3.1714312500000003e-06
565.612	0.0	0.0	-1.7722575000000004e-05
565.802	0.0	0.0	-4.974206250000001e-05
565.772	0.0	0.0	-4.52570625e-05
565.812	0.0	0.0	-5.094131250000001e-05
565.942	0.0	0.0	-6.235368750000001e-05
566.142	0.0	0.0	-7.9691625e-05
566.122	0.0	0.0	-7.749056250000001e-05
566.162	0.0	0.0	-7.917487500000001e-05
566.292	0.0	0.0	-7.51359375e-05
566.482	0.0	0.0	-6.90275625e-05
566.452	0.0	0.0	-6.991237500000001e-05
566.492	0.0	0.0	-6.77649375e-05
566.622	0.0	0.0	-5.166768750000001e-05
566.812	0.0	0.0	-2.6985562500000002e-05
566.782	0.0	0.0	-3.0454125000000002e-05
566.822	0.0	0.0	-2.4938062500000002e-05
566.952	0.0	0.0	-5.1107062500000005e-06
567.152	0.0	0.0	2.5020937500000002e-05
567.122	0.0	0.0	2.116749375e-05
567.172	0.0	0.0	2.6637000000000003e-05
567.302	0.0	0.0	3.9538687500000004e-05
567.492	0.0	0.0	5.905575000000001e-05
567.462	0.0	0.0	5.6208750000000006e-05
567.502	0.0	0.0	5.909475000000001e-05
567.632	0.0	0.0	5.9611500000000003e-05
567.822	0.0	0.0	6.0406125e-05
567.792	0.0	0.0	6.0294e-05
567.832	0.0	0.0	5.93701875e-05
567.962	0.0	0.0	4.91131875e-05
568.162	0.0	0.0	3.35180625e-05
568.132	0.0	0.0	3.55265625e-05
568.182	0.0	0.0	3.179231250000001e-05
568.302	0.0	0.0	1.776181875e-05
568.502	0.0	0.0	-3.47124375e-06
568.472	0.0	0.0	-3.550218750000001e-07
568.512	0.0	0.0	-4.1878687500000005e-06
568.642	0.0	0.0	-1.3896187500000002e-05
568.832	0.0	0.0	-2.8796625000000003e-05
568.802	0.0	0.0	-2.6676000000000007e-05
568.842	0.0	0.0	-2.8974562500000003e-05
568.972	0.0	0.0	-3.0773437500000005e-05
569.172	0.0	0.0	-3.351075e-05
569.142	0.0	0.0	-3.315487500000001e-05
569.192	0.0	0.0	-3.2920875000000004e-05
569.312	0.0	0.0	-2.8021500000000003e-05
569.512	0.0	0.0	-2.0605893750000003e-05
569.482	0.0	0.0	-2.1701062500000002e-05
569.522	0.0	0.0	-2.015446875e-05
569.652	0.0	0.0	-1.384085625e-05
569.842	0.0	0.0	-4.1469187500000005e-06
569.812	0.0	0.0	-5.535318750000001e-06
569.852	0.0	0.0	-3.797868750000001e-06
569.982	0.0	0.0	-1.797388125e-07
570.182	0.0	0.0	5.325937499999999e-06
570.152	0.0	0.0	4.606875000000001e-06
570.202	0.0	0.0	5.50411875e-06
570.322	0.0	0.0	7.009762500000001e-06
570.522	0.0	0.0	9.2902875e-06
570.492	0.0	0.0	8.951475000000002e-06
570.532	0.0	0.0	9.418500000000001e-06
570.662	0.0	0.0	1.12705125e-05
570.852	0.0	0.0	1.4115075000000001e-05
570.822	0.0	0.0	1.3705087500000001e-05
570.862	0.0	0.0	1.4001975e-05
570.992	0.0	0.0	1.280101875e-05
571.192	0.0	0.0	1.097289375e-05
571.162	0.0	0.0	1.1213231250000002e-05
571.212	0.0	0.0	1.0227506250000002e-05
571.332	0.0	0.0	3.8085937500000002e-06
571.532	0.0	0.0	-5.917518750000001e-06
571.502	0.0	0.0	-4.4640375e-06
571.542	0.0	0.0	-6.506906250000001e-06
571.672	0.0	0.0	-1.5317737500000003e-05
571.862	0.0	0.0	-2.8857562500000004e-05
571.832	0.0	0.0	-2.68929375e-05
571.872	0.0	0.0	-2.9371875000000004e-05
572.002	0.0	0.0	-3.4958625e-05
572.202	0.0	0.0	-4.3465500000000006e-05
572.172	0.0	0.0	-4.2339375e-05
572.212	0.0	0.0	-4.3124250000000006e-05
572.342	0.0	0.0	-4.01236875e-05
572.542	0.0	0.0	-3.55753125e-05
572.512	0.0	0.0	-3.625781250000001e-05
572.552	0.0	0.0	-3.4831875e-05
572.682	0.0	0.0	-2.3346618750000004e-05
572.872	0.0	0.0	-5.689125e-06
572.842	0.0	0.0	-8.265806250000002e-06
572.882	0.0	0.0	-4.33216875e-06
573.012	0.0	0.0	1.079300625e-05
573.212	0.0	0.0	3.3837375e-05
573.182	0.0	0.0	3.0766125e-05
573.222	0.0	0.0	3.494643750000001e-05
573.352	0.0	0.0	4.4908500000000005e-05
573.552	0.0	0.0	6.001368750000001e-05
573.522	0.0	0.0	5.772975000000001e-05
573.562	0.0	0.0	5.9943000000000005e-05
573.682	0.0	0.0	5.87998125e-05
573.882	0.0	0.0	5.7042375000000006e-05
573.852	0.0	0.0	5.730075000000001e-05
573.892	0.0	0.0	5.59528125e-05
574.022	0.0	0.0	4.34923125e-05
574.222	0.0	0.0	2.45041875e-05
574.192	0.0	0.0	2.7053812500000003e-05
574.232	0.0	0.0	2.2615612500000005e-05
574.362	0.0	0.0	5.32155e-06
574.562	0.0	0.0	-2.0914237500000003e-05
574.532	0.0	0.0	-1.6923806250000004e-05
574.572	0.0	0.0	-2.1680100000000003e-05
574.692	0.0	0.0	-3.44394375e-05
574.892	0.0	0.0	-5.40710625e-05
574.862	0.0	0.0	-5.1170437500000007e-05
574.902	0.0	0.0	-5.4258750000000006e-05
575.032	0.0	0.0	-5.6447625e-05
575.232	0.0	0.0	-5.978700000000001e-05
575.202	0.0	0.0	-5.933606250000001e-05
575.242	0.0	0.0	-5.88095625e-05
575.372	0.0	0.0	-4.966650000000001e-05
575.572	0.0	0.0	-3.5789812500000005e-05
575.542	0.0	0.0	-3.791287500000001e-05
575.582	0.0	0.0	-3.49635e-05
575.702	0.0	0.0	-2.0667806250000004e-05
575.902	0.0	0.0	1.336310625e-06
575.872	0.0	0.0	-1.933449375e-06
575.912	0.0	0.0	2.3297625e-06
576.042	0.0	0.0	1.4303737500000003e-05
576.242	0.0	0.0	3.2569875000000006e-05
576.212	0.0	0.0	3.00860625e-05
576.252	0.0	0.0	3.294525e-05
576.382	0.0	0.0	3.6550312500000006e-05
576.582	0.0	0.0	4.20225e-05
576.552	0.0	0.0	4.1181562500000006e-05
576.592	0.0	0.0	4.17616875e-05
576.712	0.0	0.0	3.7045125000000004e-05
576.912	0.0	0.0	2.9781375e-05
576.882	0.0	0.0	3.08660625e-05
576.922	0.0	0.0	2.9089125000000004e-05
577.052	0.0	0.0	2.052375e-05
577.252	0.0	0.0	7.4514375000000004e-06
577.222	0.0	0.0	9.2405625e-06
577.262	0.0	0.0	6.778443750000001e-06
577.392	0.0	0.0	2.0865487500000003e-07
577.592	0.0	0.0	-9.770475e-06
577.562	0.0	0.0	-8.22631875e-06
577.602	0.0	0.0	-9.85115625e-06
577.722	0.0	0.0	-1.1367525000000001e-05
577.922	0.0	0.0	-1.3703381250000002e-05
577.892	0.0	0.0	-1.3352137500000001e-05
577.932	0.0	0.0	-1.3544943750000003e-05
578.062	0.0	0.0	-1.1528156250000001e-05
578.262	0.0	0.0	-8.44935e-06
578.232	0.0	0.0	-8.873475e-06
578.272	0.0	0.0	-8.27311875e-06
578.402	0.0	0.0	-6.5137312500000005e-06
578.602	0.0	0.0	-3.840037500000001e-06
578.572	0.0	0.0	-4.25611875e-06
578.612	0.0	0.0	-3.7271812500000005e-06
578.732	0.0	0.0	-1.5089831250000002e-06
578.932	0.0	0.0	1.9092206250000005e-06
578.902	0.0	0.0	1.3921781250000001e-06
578.942	0.0	0.0	2.2837912500000003e-06
579.072	0.0	0.0	7.196231250000001e-06
579.272	0.0	0.0	1.4698856250000001e-05
579.242	0.0	0.0	1.3660725e-05
579.282	0.0	0.0	1.5130537500000003e-05
579.412	0.0	0.0	1.951486875e-05
579.612	0.0	0.0	2.6178750000000004e-05
579.582	0.0	0.0	2.5125750000000006e-05
579.622	0.0	0.0	2.6154375e-05
579.742	0.0	0.0	2.5635187500000004e-05
579.942	0.0	0.0	2.4830812500000004e-05
579.912	0.0	0.0	2.4950250000000004e-05
579.952	0.0	0.0	2.418853125e-05
580.082	0.0	0.0	1.662643125e-05
580.282	0.0	0.0	5.12533125e-06
580.252	0.0	0.0	6.905925e-06
580.292	0.0	0.0	4.5466687499999995e-06
580.412	0.0	0.0	-6.970275000000002e-06
580.612	0.0	0.0	-2.4726000000000003e-05
580.582	0.0	0.0	-2.2006237500000002e-05
580.622	0.0	0.0	-2.54158125e-05
580.752	0.0	0.0	-3.49903125e-05
580.952	0.0	0.0	-4.9627500000000006e-05
580.922	0.0	0.0	-4.7577562500000004e-05
580.962	0.0	0.0	-4.96981875e-05
581.092	0.0	0.0	-5.0446500000000006e-05
581.292	0.0	0.0	-5.15848125e-05
581.262	0.0	0.0	-5.1404437500000005e-05
581.302	0.0	0.0	-5.11411875e-05
581.422	0.0	0.0	-4.125225e-05
581.622	0.0	0.0	-2.5993500000000004e-05
581.592	0.0	0.0	-2.8338375e-05
581.632	0.0	0.0	-2.4791812500000003e-05
581.762	0.0	0.0	-7.682025e-06
581.962	0.0	0.0	1.8475031250000002e-05
581.932	0.0	0.0	1.4787581250000001e-05
581.972	0.0	0.0	1.9882200000000004e-05
582.102	0.0	0.0	3.51975e-05
582.302	0.0	0.0	5.8502437500000003e-05
582.272	0.0	0.0	5.4802312500000006e-05
582.312	0.0	0.0	5.8719375000000004e-05
582.432	0.0	0.0	6.3779625e-05
582.632	0.0	0.0	7.158937500000001e-05
582.602	0.0	0.0	7.03828125e-05
582.642	0.0	0.0	7.09995e-05
582.772	0.0	0.0	6.23146875e-05
582.972	0.0	0.0	4.903031250000001e-05
582.942	0.0	0.0	5.091450000000001e-05
582.982	0.0	0.0	4.73484375e-05
583.112	0.0	0.0	2.8572375000000003e-05
583.312	0.0	0.0	-1.1572518750000002e-08
583.282	0.0	0.0	4.552762500000001e-06
583.322	0.0	0.0	-7.800731250000001e-07
583.442	0.0	0.0	-1.9850025e-05
583.642	0.0	0.0	-4.9293562500000006e-05
583.612	0.0	0.0	-4.471837500000001e-05
583.652	0.0	0.0	-4.996387500000001e-05
583.782	0.0	0.0	-6.016237500000001e-05
583.982	0.0	0.0	-7.576725000000001e-05
583.952	0.0	0.0	-7.353937500000001e-05
583.992	0.0	0.0	-7.53748125e-05
584.122	0.0	0.0	-7.08849375e-05
584.322	0.0	0.0	-6.40453125e-05
584.292	0.0	0.0	-6.51421875e-05
584.322	0.0	0.0	-6.343106250000002e-05
584.452	0.0	0.0	-4.7302125e-05
584.652	0.0	0.0	-2.2386975e-05
584.622	0.0	0.0	-2.6278687500000002e-05
584.662	0.0	0.0	-2.112435e-05
584.792	0.0	0.0	-1.2824175000000002e-06
584.992	0.0	0.0	2.9089125000000004e-05
584.962	0.0	0.0	2.47284375e-05
585.002	0.0	0.0	3.0193312500000002e-05
585.132	0.0	0.0	4.3155937500000004e-05
585.332	0.0	0.0	6.290456250000001e-05
585.302	0.0	0.0	5.97163125e-05
585.332	0.0	0.0	6.291675e-05
585.462	0.0	0.0	6.323606250000001e-05
585.662	0.0	0.0	6.373331250000002e-05
585.632	0.0	0.0	6.365531250000001e-05
585.672	0.0	0.0	6.3038625e-05
585.802	0.0	0.0	5.1757875000000006e-05
586.002	0.0	0.0	3.448331250000001e-05
585.972	0.0	0.0	3.6979312500000004e-05
586.012	0.0	0.0	3.315e-05
586.142	0.0	0.0	1.706128125e-05
586.342	0.0	0.0	-7.461431250000001e-06
586.312	0.0	0.0	-3.4822125000000003e-06
586.342	0.0	0.0	-7.87215e-06
586.472	0.0	0.0	-2.012205e-05
586.672	0.0	0.0	-3.9058500000000006e-05
586.642	0.0	0.0	-3.60676875e-05
586.682	0.0	0.0	-3.9270562500000004e-05
586.812	0.0	0.0	-4.28488125e-05
587.012	0.0	0.0	-4.8330750000000005e-05
586.982	0.0	0.0	-4.7533687500000004e-05
587.022	0.0	0.0	-4.787737500000001e-05
587.152	0.0	0.0	-4.223943750000001e-05
587.352	0.0	0.0	-3.3644812500000004e-05
587.322	0.0	0.0	-3.5046375e-05
587.352	0.0	0.0	-3.332062500000001e-05
587.482	0.0	0.0	-2.2972218750000003e-05
587.682	0.0	0.0	-6.9693e-06
587.652	0.0	0.0	-9.511612500000001e-06
587.692	0.0	0.0	-6.3984375000000005e-06
587.822	0.0	0.0	3.62334375e-06
588.022	0.0	0.0	1.8982031250000003e-05
587.992	0.0	0.0	1.6736362500000002e-05
588.032	0.0	0.0	1.940371875e-05
588.162	0.0	0.0	2.4779625e-05
588.362	0.0	0.0	3.29818125e-05
588.332	0.0	0.0	3.1636312500000005e-05
588.362	0.0	0.0	3.2962312500000005e-05
588.492	0.0	0.0	3.2292e-05
588.692	0.0	0.0	3.1258500000000006e-05
588.662	0.0	0.0	3.142425e-05
588.702	0.0	0.0	3.091725e-05
588.832	0.0	0.0	2.4721125e-05
589.032	0.0	0.0	1.521901875e-05
589.002	0.0	0.0	1.66164375e-05
589.042	0.0	0.0	1.4504831250000001e-05
589.172	0.0	0.0	5.1309375e-06
589.372	0.0	0.0	-9.1752375e-06
589.342	0.0	0.0	-6.8169562500000005e-06
589.372	0.0	0.0	-9.40216875e-06
589.502	0.0	0.0	-1.78780875e-05
589.702	0.0	0.0	-3.099525e-05
589.672	0.0	0.0	-2.888925e-05
589.712	0.0	0.0	-3.1180500000000004e-05
589.842	0.0	0.0	-3.4702687500000005e-05
590.042	0.0	0.0	-4.01041875e-05
590.012	0.0	0.0	-3.9304687500000006e-05
590.052	0.0	0.0	-3.97873125e-05
590.182	0.0	0.0	-3.55168125e-05
590.382	0.0	0.0	-2.89940625e-05
590.352	0.0	0.0	-3.0073875000000002e-05
590.382	0.0	0.0	-2.8738125e-05
590.512	0.0	0.0	-1.8273693750000002e-05
590.712	0.0	0.0	-2.072776875e-06
590.682	0.0	0.0	-4.688531250000001e-06
590.722	0.0	0.0	-1.4609400000000003e-06
590.852	0.0	0.0	1.06884375e-05
591.052	0.0	0.0	2.9330437500000002e-05
591.022	0.0	0.0	2.6556562500000003e-05
591.062	0.0	0.0	2.9839875000000007e-05
591.192	0.0	0.0	3.696225e-05
591.392	0.0	0.0	4.7838375000000004e-05
591.362	0.0	0.0	4.60273125e-05
591.392	0.0	0.0	4.77969375e-05
591.522	0.0	0.0	4.599806250000001e-05
591.722	0.0	0.0	4.32095625e-05
591.692	0.0	0.0	4.36629375e-05
591.732	0.0	0.0	4.270987500000001e-05
591.862	0.0	0.0	3.235050000000001e-05
592.062	0.0	0.0	1.644825e-05
592.032	0.0	0.0	1.882846875e-05
592.072	0.0	0.0	1.54869e-05
592.202	0.0	0.0	1.6517475000000001e-06
592.402	0.0	0.0	-1.948854375e-05
592.372	0.0	0.0	-1.59495375e-05
592.402	0.0	0.0	-1.9695243750000002e-05
592.532	0.0	0.0	-2.99983125e-05
592.732	0.0	0.0	-4.596393750000001e-05
592.702	0.0	0.0	-4.335825e-05
592.742	0.0	0.0	-4.6054125000000005e-05
592.872	0.0	0.0	-4.800900000000001e-05
593.072	0.0	0.0	-5.1012e-05
593.042	0.0	0.0	-5.05610625e-05
593.082	0.0	0.0	-5.04855e-05
593.212	0.0	0.0	-4.26538125e-05
593.412	0.0	0.0	-3.0680812500000004e-05
593.382	0.0	0.0	-3.26941875e-05
593.412	0.0	0.0	-3.0437062500000008e-05
593.542	0.0	0.0	-1.672539375e-05
593.742	0.0	0.0	4.5279e-06
593.712	0.0	0.0	1.0416412500000002e-06
593.752	0.0	0.0	5.1285e-06
593.882	0.0	0.0	1.8850650000000006e-05
594.082	0.0	0.0	3.993112500000001e-05
594.052	0.0	0.0	3.6742875e-05
594.092	0.0	0.0	4.0362562500000006e-05
594.222	0.0	0.0	4.6968187500000005e-05
594.422	0.0	0.0	5.70691875e-05
594.392	0.0	0.0	5.5348312500000004e-05
594.422	0.0	0.0	5.70204375e-05
594.552	0.0	0.0	5.309850000000001e-05
594.752	0.0	0.0	4.701450000000001e-05
594.722	0.0	0.0	4.7989500000000005e-05
594.762	0.0	0.0	4.63051875e-05
594.892	0.0	0.0	3.282825e-05
595.092	0.0	0.0	1.220675625e-05
595.062	0.0	0.0	1.5658256250000004e-05
595.092	0.0	0.0	1.1922300000000001e-05
595.222	0.0	0.0	-4.63344375e-06
595.422	0.0	0.0	-3.0307875e-05
595.392	0.0	0.0	-2.6047125000000002e-05
595.432	0.0	0.0	-3.0788062500000005e-05
595.562	0.0	0.0	-4.29463125e-05
595.762	0.0	0.0	-6.163462500000001e-05
595.732	0.0	0.0	-5.878031250000001e-05
595.772	0.0	0.0	-6.1673625e-05
595.902	0.0	0.0	-6.230493750000001e-05
596.102	0.0	0.0	-6.327018749999999e-05
596.072	0.0	0.0	-6.3106875e-05
596.102	0.0	0.0	-6.31336875e-05
596.232	0.0	0.0	-5.16140625e-05
596.432	0.0	0.0	-3.37374375e-05
596.402	0.0	0.0	-3.67111875e-05
596.442	0.0	0.0	-3.301837500000001e-05
596.572	0.0	0.0	-1.4078512500000002e-05
596.772	0.0	0.0	1.5047175e-05
596.742	0.0	0.0	1.0571681250000001e-05
596.782	0.0	0.0	1.602778125e-05
596.912	0.0	0.0	3.2608875000000004e-05
597.112	0.0	0.0	5.7993000000000005e-05
597.082	0.0	0.0	5.36420625e-05
597.112	0.0	0.0	5.804662500000001e-05
597.242	0.0	0.0	6.383325000000001e-05
597.442	0.0	0.0	7.281300000000001e-05
597.412	0.0	0.0	7.131150000000002e-05
597.442	0.0	0.0	7.252537500000001e-05
597.582	0.0	0.0	6.45035625e-05
597.782	0.0	0.0	5.216250000000001e-05
597.752	0.0	0.0	5.406862500000001e-05
597.792	0.0	0.0	5.113143750000001e-05
597.922	0.0	0.0	3.29964375e-05
598.122	0.0	0.0	5.22185625e-06
598.092	0.0	0.0	1.000471875e-05
598.122	0.0	0.0	5.081456250000001e-06
598.252	0.0	0.0	-1.3855481250000002e-05
598.452	0.0	0.0	-4.3263187500000005e-05
598.422	0.0	0.0	-3.832237500000001e-05
598.452	0.0	0.0	-4.36385625e-05
598.592	0.0	0.0	-5.480475e-05
598.792	0.0	0.0	-7.19915625e-05
598.762	0.0	0.0	-6.932250000000002e-05
598.802	0.0	0.0	-7.185018750000001e-05
598.932	0.0	0.0	-6.9239625e-05
599.132	0.0	0.0	-6.52445625e-05
599.102	0.0	0.0	-6.593437500000002e-05
599.132	0.0	0.0	-6.516656250000001e-05
599.262	0.0	0.0	-5.0429437500000015e-05
599.462	0.0	0.0	-2.7534000000000004e-05
599.432	0.0	0.0	-3.1399875e-05
599.462	0.0	0.0	-2.6885625000000004e-05
599.602	0.0	0.0	-6.22513125e-06
599.802	0.0	0.0	2.5584e-05
599.772	0.0	0.0	2.0613937500000002e-05
599.812	0.0	0.0	2.6444437500000003e-05
599.942	0.0	0.0	4.2836625000000004e-05
600.142	0.0	0.0	6.796481250000001e-05
600.102	0.0	0.0	6.359437500000001e-05
600.142	0.0	0.0	6.7977e-05
600.272	0.0	0.0	7.215e-05
600.472	0.0	0.0	7.864106250000002e-05
600.442	0.0	0.0	7.753931250000002e-05
600.472	0.0	0.0	7.83241875e-05
600.612	0.0	0.0	6.751631250000001e-05
600.812	0.0	0.0	5.0868187500000004e-05
600.782	0.0	0.0	5.3483625e-05
600.822	0.0	0.0	4.9778625000000007e-05
600.952	0.0	0.0	2.8138500000000005e-05
601.152	0.0	0.0	-5.0439187500000006e-06
601.112	0.0	0.0	7.537481250000001e-07
601.152	0.0	0.0	-5.060737500000001e-06
601.282	0.0	0.0	-2.7105000000000006e-05
601.482	0.0	0.0	-6.13786875e-05
601.452	0.0	0.0	-5.553356250000001e-05
601.482	0.0	0.0	-6.17053125e-05
601.622	0.0	0.0	-7.37514375e-05
601.822	0.0	0.0	-9.231300000000001e-05
601.792	0.0	0.0	-8.938312500000001e-05
601.832	0.0	0.0	-9.204243750000001e-05
601.962	0.0	0.0	-8.639962500000002e-05
602.162	0.0	0.0	-7.774406250000001e-05
602.122	0.0	0.0	-7.926262500000001e-05
602.162	0.0	0.0	-7.775137500000001e-05
602.292	0.0	0.0	-5.6776687500000004e-05
602.492	0.0	0.0	-2.412028125e-05
602.462	0.0	0.0	-2.9718000000000002e-05
602.492	0.0	0.0	-2.344168125e-05
602.632	0.0	0.0	3.8722125e-06
602.832	0.0	0.0	4.5973687500000006e-05
602.802	0.0	0.0	3.92900625e-05
602.842	0.0	0.0	4.6851187500000006e-05
602.972	0.0	0.0	6.5963625e-05
603.172	0.0	0.0	9.529406250000001e-05
603.132	0.0	0.0	9.011925000000001e-05
603.172	0.0	0.0	9.522337500000003e-05
603.302	0.0	0.0	9.6383625e-05
603.502	0.0	0.0	9.808500000000002e-05
603.472	0.0	0.0	9.779250000000001e-05
603.502	0.0	0.0	9.7680375e-05
603.642	0.0	0.0	7.982325e-05
603.842	0.0	0.0	5.2286812500000007e-05
603.812	0.0	0.0	5.668162500000001e-05
603.852	0.0	0.0	5.1077812500000005e-05
603.982	0.0	0.0	2.3384400000000003e-05
604.182	0.0	0.0	-1.91280375e-05
604.142	0.0	0.0	-1.1593725000000002e-05
604.182	0.0	0.0	-1.8968625e-05
604.312	0.0	0.0	-4.191525e-05
604.512	0.0	0.0	-7.7595375e-05
604.482	0.0	0.0	-7.14211875e-05
604.512	0.0	0.0	-7.775137500000001e-05
604.652	0.0	0.0	-8.53393125e-05
604.852	0.0	0.0	-9.7046625e-05
604.822	0.0	0.0	-9.51673125e-05
604.862	0.0	0.0	-9.657618750000001e-05
604.992	0.0	0.0	-8.524181250000003e-05
605.192	0.0	0.0	-6.7835625e-05
605.152	0.0	0.0	-7.093368750000001e-05
605.192	0.0	0.0	-6.79258125e-05
605.322	0.0	0.0	-4.545693750000001e-05
605.522	0.0	0.0	-1.0325981250000001e-05
605.482	0.0	0.0	-1.643630625e-05
605.522	0.0	0.0	-9.916725e-06
605.662	0.0	0.0	1.24063875e-05
605.862	0.0	0.0	4.685606250000001e-05
605.832	0.0	0.0	4.12985625e-05
605.872	0.0	0.0	4.727043750000001e-05
606.002	0.0	0.0	5.781018750000001e-05
606.202	0.0	0.0	7.40025e-05
606.162	0.0	0.0	7.110675e-05
606.202	0.0	0.0	7.389525e-05
606.332	0.0	0.0	6.954675e-05
606.532	0.0	0.0	6.253650000000001e-05
606.492	0.0	0.0	6.3760125e-05
606.532	0.0	0.0	6.229275e-05
606.662	0.0	0.0	4.7343562500000006e-05
606.872	0.0	0.0	2.4262387500000003e-05
606.842	0.0	0.0	2.80044375e-05
606.872	0.0	0.0	2.366690625e-05
607.012	0.0	0.0	7.63010625e-06
607.212	0.0	0.0	-1.701765e-05
607.172	0.0	0.0	-1.2588225000000003e-05
607.212	0.0	0.0	-1.6821431250000002e-05
607.342	0.0	0.0	-2.5796062500000006e-05
607.542	0.0	0.0	-3.9645937500000005e-05
607.502	0.0	0.0	-3.72133125e-05
607.542	0.0	0.0	-3.9638625000000005e-05
607.672	0.0	0.0	-3.91291875e-05
607.882	0.0	0.0	-3.8341875e-05
607.852	0.0	0.0	-3.8471062500000006e-05
607.882	0.0	0.0	-3.80908125e-05
608.022	0.0	0.0	-3.0902625000000006e-05
608.222	0.0	0.0	-1.984929375e-05
608.182	0.0	0.0	-2.1844631249999998e-05
608.222	0.0	0.0	-1.995264375e-05
608.352	0.0	0.0	-1.204490625e-05
608.552	0.0	0.0	3.03298125e-07
608.512	0.0	0.0	-1.8753637500000003e-06
608.552	0.0	0.0	3.5738625000000005e-07
608.682	0.0	0.0	4.9203375e-06
608.892	0.0	0.0	1.196983125e-05
608.862	0.0	0.0	1.081689375e-05
608.892	0.0	0.0	1.1979581250000002e-05
609.032	0.0	0.0	1.22767125e-05
609.232	0.0	0.0	1.2733500000000001e-05
609.192	0.0	0.0	1.2649893750000002e-05
609.232	0.0	0.0	1.2727650000000002e-05
609.362	0.0	0.0	1.1026031250000001e-05
609.562	0.0	0.0	8.306756250000002e-06
609.522	0.0	0.0	8.77621875e-06
609.562	0.0	0.0	8.261662500000002e-06
609.702	0.0	0.0	6.058650000000001e-06
609.902	0.0	0.0	2.6690625000000003e-06
609.862	0.0	0.0	3.2779500000000005e-06
609.902	0.0	0.0	2.70196875e-06
610.032	0.0	0.0	-2.60983125e-07
610.232	0.0	0.0	-4.901812500000001e-06
610.192	0.0	0.0	-4.0742812500000005e-06
610.232	0.0	0.0	-4.92594375e-06
610.362	0.0	0.0	-8.04935625e-06
610.572	0.0	0.0	-1.2878043750000002e-05
610.542	0.0	0.0	-1.2080737500000002e-05
610.572	0.0	0.0	-1.2906075000000002e-05
610.712	0.0	0.0	-1.3865231250000003e-05
610.912	0.0	0.0	-1.5341625000000004e-05
610.872	0.0	0.0	-1.5071793750000002e-05
610.912	0.0	0.0	-1.532236875e-05
611.042	0.0	0.0	-1.3056956250000003e-05
611.242	0.0	0.0	-9.41679375e-06
611.202	0.0	0.0	-1.0067118750000002e-05
611.242	0.0	0.0	-9.388275000000001e-06
611.372	0.0	0.0	-4.71729375e-06
611.582	0.0	0.0	2.506725e-06
611.552	0.0	0.0	1.3077187500000002e-06
611.582	0.0	0.0	2.61885e-06
611.722	0.0	0.0	6.777468750000001e-06
611.922	0.0	0.0	1.3180293750000001e-05
611.882	0.0	0.0	1.2005175000000001e-05
611.922	0.0	0.0	1.3087668750000001e-05
612.052	0.0	0.0	1.44207375e-05
612.252	0.0	0.0	1.6401937500000002e-05
612.212	0.0	0.0	1.6046550000000003e-05
612.252	0.0	0.0	1.639438125e-05
612.382	0.0	0.0	1.4450231250000001e-05
612.592	0.0	0.0	1.1442600000000001e-05
612.562	0.0	0.0	1.1944237500000003e-05
612.592	0.0	0.0	1.135095e-05
612.732	0.0	0.0	7.65838125e-06
612.932	0.0	0.0	1.9702556250000003e-06
612.892	0.0	0.0	3.0188437500000003e-06
612.932	0.0	0.0	2.0603700000000002e-06
613.062	0.0	0.0	-1.57009125e-06
613.262	0.0	0.0	-7.240350000000001e-06
613.222	0.0	0.0	-6.217818750000001e-06
613.262	0.0	0.0	-7.245468750000001e-06
613.392	0.0	0.0	-1.014511875e-05
613.602	0.0	0.0	-1.4633043750000002e-05
613.572	0.0	0.0	-1.3880587500000001e-05
613.602	0.0	0.0	-1.465498125e-05
613.742	0.0	0.0	-1.562559375e-05
613.942	0.0	0.0	-1.7121243750000003e-05
613.902	0.0	0.0	-1.6844100000000004e-05
613.942	0.0	0.0	-1.709540625e-05
614.072	0.0	0.0	-1.45006875e-05
614.272	0.0	0.0	-1.02925875e-05
614.232	0.0	0.0	-1.1054793750000001e-05
614.272	0.0	0.0	-1.02935625e-05
614.402	0.0	0.0	-3.1190250000000006e-06
614.612	0.0	0.0	7.9915875e-06
614.582	0.0	0.0	6.119831250000001e-06
614.612	0.0	0.0	8.170743750000001e-06
614.752	0.0	0.0	1.6930875000000002e-05
614.952	0.0	0.0	3.0434625e-05
614.912	0.0	0.0	2.7924e-05
614.952	0.0	0.0	3.0183562500000004e-05
615.082	0.0	0.0	3.52584375e-05
615.282	0.0	0.0	4.302675e-05
615.242	0.0	0.0	4.1613e-05
615.282	0.0	0.0	4.30145625e-05
615.412	0.0	0.0	3.9375375e-05
615.622	0.0	0.0	3.37081875e-05
615.582	0.0	0.0	3.46685625e-05
615.622	0.0	0.0	3.347175e-05
615.762	0.0	0.0	2.0587856250000002e-05
615.962	0.0	0.0	7.179168750000001e-07
615.922	0.0	0.0	4.4299125e-06
615.962	0.0	0.0	1.1149856250000002e-06
616.092	0.0	0.0	-1.5130050000000001e-05
616.292	0.0	0.0	-4.0713562500000003e-05
616.252	0.0	0.0	-3.6036e-05
616.292	0.0	0.0	-4.06355625e-05
616.422	0.0	0.0	-5.2062562500000006e-05
616.632	0.0	0.0	-6.973200000000002e-05
616.592	0.0	0.0	-6.67265625e-05
616.632	0.0	0.0	-6.970275000000002e-05
616.772	0.0	0.0	-6.78965625e-05
616.972	0.0	0.0	-6.511050000000001e-05
616.932	0.0	0.0	-6.563212500000001e-05
616.972	0.0	0.0	-6.516900000000001e-05
617.102	0.0	0.0	-5.0012625000000005e-05
617.302	0.0	0.0	-2.55766875e-05
617.262	0.0	0.0	-3.0064125e-05
617.302	0.0	0.0	-2.5683937500000002e-05
617.432	0.0	0.0	-2.426263125e-06
617.642	0.0	0.0	3.3703312500000004e-05
617.602	0.0	0.0	2.7526687500000004e-05
617.642	0.0	0.0	3.3961687500000006e-05
617.772	0.0	0.0	5.23989375e-05
617.982	0.0	0.0	8.0851875e-05
617.942	0.0	0.0	7.548937500000001e-05
617.982	0.0	0.0	8.020593750000002e-05
618.112	0.0	0.0	8.415225000000001e-05
618.312	0.0	0.0	8.950987500000001e-05
618.272	0.0	0.0	8.852268750000001e-05
618.312	0.0	0.0	8.947818750000001e-05
618.442	0.0	0.0	7.535531250000001e-05
618.652	0.0	0.0	5.3210625000000004e-05
618.612	0.0	0.0	5.701556250000001e-05
618.652	0.0	0.0	5.2913250000000004e-05
618.782	0.0	0.0	2.7775312500000006e-05
618.992	0.0	0.0	-1.1036512500000001e-05
618.952	0.0	0.0	-3.6918375e-06
618.992	0.0	0.0	-1.01014875e-05
619.122	0.0	0.0	-3.2833125e-05
619.322	0.0	0.0	-6.8293875e-05
619.282	0.0	0.0	-6.17248125e-05
619.322	0.0	0.0	-6.803793750000001e-05
619.452	0.0	0.0	-7.754418750000001e-05
619.662	0.0	0.0	-9.2054625e-05
619.622	0.0	0.0	-8.9548875e-05
619.662	0.0	0.0	-9.196687500000002e-05
619.792	0.0	0.0	-8.305050000000001e-05
620.002	0.0	0.0	-6.928106250000001e-05
619.962	0.0	0.0	-7.189650000000001e-05
619.992	0.0	0.0	-6.9629625e-05
620.132	0.0	0.0	-4.9047375000000006e-05
620.332	0.0	0.0	-1.60431375e-05
620.292	0.0	0.0	-2.21832e-05
620.332	0.0	0.0	-1.6326375000000002e-05
620.462	0.0	0.0	6.1585875000000015e-06
620.672	0.0	0.0	4.10694375e-05
620.632	0.0	0.0	3.501712500000001e-05
620.672	0.0	0.0	4.11620625e-05
620.802	0.0	0.0	5.320575e-05
621.012	0.0	0.0	7.1813625e-05
620.972	0.0	0.0	6.82621875e-05
621.002	0.0	0.0	7.131393750000001e-05
621.142	0.0	0.0	6.908850000000001e-05
621.342	0.0	0.0	6.4627875e-05
621.302	0.0	0.0	6.546150000000001e-05
621.342	0.0	0.0	6.467175e-05
621.472	0.0	0.0	5.065856250000001e-05
621.682	0.0	0.0	2.8640625000000003e-05
621.642	0.0	0.0	3.24748125e-05
621.682	0.0	0.0	2.8550437500000003e-05
621.812	0.0	0.0	1.1973000000000002e-05
622.022	0.0	0.0	-1.3650975000000002e-05
621.982	0.0	0.0	-8.740143750000001e-06
622.012	0.0	0.0	-1.2928743750000002e-05
622.152	0.0	0.0	-2.3400975e-05
622.352	0.0	0.0	-3.939e-05
622.312	0.0	0.0	-3.63894375e-05
622.352	0.0	0.0	-3.920962500000001e-05
622.482	0.0	0.0	-4.004325e-05
622.692	0.0	0.0	-4.107675000000001e-05
622.652	0.0	0.0	-4.0896375e-05
622.692	0.0	0.0	-4.10499375e-05
622.822	0.0	0.0	-3.4110375e-05
623.032	0.0	0.0	-2.338171875e-05
622.992	0.0	0.0	-2.5459687500000002e-05
623.022	0.0	0.0	-2.3719312500000003e-05
623.152	0.0	0.0	-1.5161006250000003e-05
623.362	0.0	0.0	-1.5896643750000003e-06
623.322	0.0	0.0	-4.085737500000001e-06
623.362	0.0	0.0	-1.6680787500000002e-06
623.492	0.0	0.0	3.97995e-06
623.702	0.0	0.0	1.2672562500000002e-05
623.662	0.0	0.0	1.1015306250000002e-05
623.692	0.0	0.0	1.2425643750000001e-05
623.822	0.0	0.0	1.33501875e-05
624.032	0.0	0.0	1.446241875e-05
623.992	0.0	0.0	1.4251818750000001e-05
624.032	0.0	0.0	1.4446818750000002e-05
624.162	0.0	0.0	1.2155325000000002e-05
624.372	0.0	0.0	8.491275000000001e-06
624.332	0.0	0.0	9.1372125e-06
624.372	0.0	0.0	8.49225e-06
624.502	0.0	0.0	5.8997250000000005e-06
624.712	0.0	0.0	1.8881118750000002e-06
624.672	0.0	0.0	2.6654062500000004e-06
624.702	0.0	0.0	2.01566625e-06
624.832	0.0	0.0	8.038143750000001e-07
625.042	0.0	0.0	-9.86821875e-07
625.002	0.0	0.0	-6.469368750000001e-07
625.042	0.0	0.0	-9.59911875e-07
625.172	0.0	0.0	-1.344525e-06
625.382	0.0	0.0	-1.913656875e-06
625.342	0.0	0.0	-1.8128418750000002e-06
625.382	0.0	0.0	-1.912755e-06
625.512	0.0	0.0	-2.186559375e-06
625.722	0.0	0.0	-2.6100749999999997e-06
625.682	0.0	0.0	-2.5276875000000004e-06
625.712	0.0	0.0	-2.5959375e-06
625.842	0.0	0.0	-2.25083625e-06
626.052	0.0	0.0	-1.656135e-06
626.012	0.0	0.0	-1.7695031250000004e-06
626.052	0.0	0.0	-1.665885e-06
626.182	0.0	0.0	-9.542812499999999e-07
626.392	0.0	0.0	1.653234375e-07
626.352	0.0	0.0	-3.39129375e-08
626.392	0.0	0.0	1.6201331249999998e-07
626.522	0.0	0.0	8.827650000000001e-07
626.732	0.0	0.0	1.998823125e-06
626.692	0.0	0.0	1.7807887500000002e-06
626.722	0.0	0.0	1.9603350000000004e-06
626.852	0.0	0.0	3.2421187500000003e-06
627.062	0.0	0.0	5.3064375e-06
627.022	0.0	0.0	4.9113187499999995e-06
627.062	0.0	0.0	5.269875000000001e-06
627.192	0.0	0.0	6.108862500000001e-06
627.402	0.0	0.0	7.3922062500000006e-06
627.362	0.0	0.0	7.1628375e-06
627.402	0.0	0.0	7.3866000000000006e-06
627.532	0.0	0.0	5.66475e-06
627.742	0.0	0.0	2.970825e-06
627.702	0.0	0.0	3.4992750000000005e-06
627.732	0.0	0.0	3.0673500000000004e-06
627.862	0.0	0.0	-1.5741618750000002e-06
628.072	0.0	0.0	-9.139650000000002e-06
628.032	0.0	0.0	-7.6854375e-06
628.072	0.0	0.0	-8.9948625e-06
628.202	0.0	0.0	-1.4858756250000001e-05
628.412	0.0	0.0	-2.4028631250000003e-05
628.372	0.0	0.0	-2.2382100000000004e-05
628.412	0.0	0.0	-2.39767125e-05
628.542	0.0	0.0	-2.6459062500000006e-05
628.752	0.0	0.0	-3.0261562500000006e-05
628.712	0.0	0.0	-2.951325e-05
628.742	0.0	0.0	-3.0120187500000006e-05
628.872	0.0	0.0	-2.6166562500000002e-05
629.082	0.0	0.0	-1.9332543750000003e-05
629.042	0.0	0.0	-2.065171875e-05
629.082	0.0	0.0	-1.94727e-05
629.212	0.0	0.0	-8.421318750000001e-06
629.422	0.0	0.0	9.1182e-06
629.382	0.0	0.0	5.9548125e-06
629.422	0.0	0.0	8.994618750000002e-06
629.552	0.0	0.0	2.1784425e-05
629.762	0.0	0.0	4.1639812500000005e-05
629.722	0.0	0.0	3.7713e-05
629.752	0.0	0.0	4.08744375e-05
629.882	0.0	0.0	4.79480625e-05
630.092	0.0	0.0	5.8504875e-05
630.052	0.0	0.0	5.6457375000000004e-05
630.092	0.0	0.0	5.82733125e-05
630.222	0.0	0.0	5.382e-05
630.432	0.0	0.0	4.627350000000001e-05
630.392	0.0	0.0	4.7640937500000006e-05
630.432	0.0	0.0	4.6336875000000005e-05
630.562	0.0	0.0	3.053212500000001e-05
630.772	0.0	0.0	5.795887500000001e-06
630.732	0.0	0.0	1.070720625e-05
630.762	0.0	0.0	6.781856250000001e-06
630.892	0.0	0.0	-1.2221625000000002e-05
631.102	0.0	0.0	-4.24515e-05
631.062	0.0	0.0	-3.65698125e-05
631.102	0.0	0.0	-4.17495e-05
631.232	0.0	0.0	-5.480475e-05
631.442	0.0	0.0	-7.476056250000001e-05
631.402	0.0	0.0	-7.113112500000001e-05
631.442	0.0	0.0	-7.456800000000001e-05
631.572	0.0	0.0	-7.29495e-05
631.782	0.0	0.0	-7.009518750000001e-05
631.742	0.0	0.0	-7.06655625e-05
631.772	0.0	0.0	-7.021218750000002e-05
631.902	0.0	0.0	-5.53215e-05
632.112	0.0	0.0	-3.0466312500000004e-05
632.072	0.0	0.0	-3.5324250000000007e-05
632.102	0.0	0.0	-3.1078125000000005e-05
632.242	0.0	0.0	-8.8983375e-06
632.452	0.0	0.0	2.6037375000000004e-05
632.412	0.0	0.0	1.965331875e-05
632.452	0.0	0.0	2.56498125e-05
632.582	0.0	0.0	4.252218750000001e-05
632.792	0.0	0.0	6.855712500000002e-05
632.752	0.0	0.0	6.334575e-05
632.782	0.0	0.0	6.74480625e-05
632.912	0.0	0.0	7.110918750000001e-05
633.122	0.0	0.0	7.541868750000002e-05
633.082	0.0	0.0	7.457287499999999e-05
633.112	0.0	0.0	7.53065625e-05
633.252	0.0	0.0	6.404287500000001e-05
633.462	0.0	0.0	4.55715e-05
633.422	0.0	0.0	4.8962062500000004e-05
633.462	0.0	0.0	4.5800625000000005e-05
633.592	0.0	0.0	2.6715000000000004e-05
633.802	0.0	0.0	-3.1470562500000007e-06
633.762	0.0	0.0	2.8521187500000002e-06
633.792	0.0	0.0	-1.8373387500000001e-06
633.922	0.0	0.0	-1.7769131250000003e-05
634.132	0.0	0.0	-4.24978125e-05
634.092	0.0	0.0	-3.76276875e-05
634.122	0.0	0.0	-4.18250625e-05
634.262	0.0	0.0	-4.7567812500000006e-05
634.472	0.0	0.0	-5.582118750000001e-05
634.432	0.0	0.0	-5.430018750000001e-05
634.472	0.0	0.0	-5.5706625e-05
634.602	0.0	0.0	-4.966650000000001e-05
634.812	0.0	0.0	-3.9897e-05
634.772	0.0	0.0	-4.1866499999999996e-05
634.802	0.0	0.0	-4.033818750000001e-05
634.932	0.0	0.0	-2.8977e-05
635.142	0.0	0.0	-1.0459556250000001e-05
635.102	0.0	0.0	-1.4122387500000001e-05
635.132	0.0	0.0	-1.09902e-05
635.272	0.0	0.0	-1.044688125e-06
635.482	0.0	0.0	1.4322506250000003e-05
635.442	0.0	0.0	1.1477456250000004e-05
635.482	0.0	0.0	1.408996875e-05
635.612	0.0	0.0	1.7150006250000002e-05
635.822	0.0	0.0	2.1649875000000003e-05
635.782	0.0	0.0	2.07387375e-05
635.812	0.0	0.0	2.1440737500000002e-05
635.942	0.0	0.0	1.8722681250000003e-05
636.152	0.0	0.0	1.3745306250000002e-05
636.112	0.0	0.0	1.4733712500000002e-05
636.142	0.0	0.0	1.3894481250000001e-05
636.282	0.0	0.0	9.609600000000002e-06
636.492	0.0	0.0	2.8418812500000002e-06
636.452	0.0	0.0	4.10011875e-06
636.492	0.0	0.0	2.9532750000000005e-06
636.622	0.0	0.0	1.4897756250000001e-06
636.832	0.0	0.0	-6.674850000000001e-07
636.792	0.0	0.0	-2.2902506250000002e-07
636.822	0.0	0.0	-5.64305625e-07
636.952	0.0	0.0	-3.890493750000001e-06
637.162	0.0	0.0	-9.38510625e-06
637.122	0.0	0.0	-8.28969375e-06
637.152	0.0	0.0	-9.213018750000001e-06
637.292	0.0	0.0	-1.354006875e-05
637.502	0.0	0.0	-2.035629375e-05
637.462	0.0	0.0	-1.90851375e-05
637.502	0.0	0.0	-2.02371e-05
637.632	0.0	0.0	-2.0445018749999998e-05
637.842	0.0	0.0	-2.05866375e-05
637.802	0.0	0.0	-2.055763125e-05
637.832	0.0	0.0	-2.057956875e-05
637.962	0.0	0.0	-1.4669118750000003e-05
638.172	0.0	0.0	-4.5127875e-06
638.132	0.0	0.0	-6.499837500000001e-06
638.162	0.0	0.0	-4.774818750000001e-06
638.302	0.0	0.0	5.916787500000001e-06
638.512	0.0	0.0	2.2811587500000006e-05
638.472	0.0	0.0	1.939543125e-05
638.502	0.0	0.0	2.200160625e-05
638.632	0.0	0.0	3.08270625e-05
638.842	0.0	0.0	4.4503875000000004e-05
638.802	0.0	0.0	4.17519375e-05
638.832	0.0	0.0	4.4040750000000004e-05
638.972	0.0	0.0	4.5076687500000004e-05
639.182	0.0	0.0	4.6017562500000006e-05
639.142	0.0	0.0	4.583962500000001e-05
639.182	0.0	0.0	4.599806250000001e-05
639.312	0.0	0.0	3.6752625000000006e-05
639.522	0.0	0.0	2.1866325000000003e-05
639.482	0.0	0.0	2.4923437500000002e-05
639.512	0.0	0.0	2.2630481250000003e-05
639.642	0.0	0.0	7.93869375e-06
639.852	0.0	0.0	-1.5974156250000002e-05
639.812	0.0	0.0	-1.115668125e-05
639.842	0.0	0.0	-1.5139556250000002e-05
639.982	0.0	0.0	-2.8623562500000002e-05
640.192	0.0	0.0	-4.95178125e-05
640.152	0.0	0.0	-4.55715e-05
640.192	0.0	0.0	-4.907175000000001e-05
640.322	0.0	0.0	-5.3108250000000004e-05
640.532	0.0	0.0	-5.8892437500000005e-05
640.492	0.0	0.0	-5.77005e-05
640.522	0.0	0.0	-5.8587750000000005e-05
640.652	0.0	0.0	-5.1704249999999995e-05
640.862	0.0	0.0	-3.933150000000001e-05
640.822	0.0	0.0	-4.1834812500000006e-05
640.852	0.0	0.0	-3.978000000000001e-05
640.992	0.0	0.0	-2.4526125000000004e-05
641.202	0.0	0.0	-8.134668750000001e-09
641.162	0.0	0.0	-4.65635625e-06
641.202	0.0	0.0	-5.642812500000001e-07
641.332	0.0	0.0	1.455260625e-05
641.542	0.0	0.0	3.80615625e-05
641.502	0.0	0.0	3.319875e-05
641.532	0.0	0.0	3.679406250000001e-05
641.662	0.0	0.0	4.43893125e-05
641.872	0.0	0.0	5.53141875e-05
641.832	0.0	0.0	5.309606250000001e-05
641.862	0.0	0.0	5.490225000000001e-05
642.002	0.0	0.0	5.157262500000001e-05
642.212	0.0	0.0	4.5361875e-05
642.172	0.0	0.0	4.654406250000001e-05
642.202	0.0	0.0	4.5510562500000005e-05
642.342	0.0	0.0	3.35375625e-05
642.552	0.0	0.0	1.4395875000000002e-05
642.512	0.0	0.0	1.83704625e-05
642.542	0.0	0.0	1.545375e-05
642.672	0.0	0.0	1.95624e-06
642.882	0.0	0.0	-1.9573368750000004e-05
642.842	0.0	0.0	-1.5185624999999999e-05
642.872	0.0	0.0	-1.873584375e-05
643.012	0.0	0.0	-2.78776875e-05
643.222	0.0	0.0	-4.1698312500000004e-05
643.182	0.0	0.0	-3.905606250000001e-05
643.212	0.0	0.0	-4.134731250000001e-05
643.352	0.0	0.0	-4.173e-05
643.562	0.0	0.0	-4.1783625000000006e-05
643.522	0.0	0.0	-4.1773875e-05
643.552	0.0	0.0	-4.17811875e-05
643.682	0.0	0.0	-3.4890375000000006e-05
643.892	0.0	0.0	-2.2927612500000005e-05
643.852	0.0	0.0	-2.5374375000000004e-05
643.882	0.0	0.0	-2.3409018750000002e-05
644.022	0.0	0.0	-1.2438562500000002e-05
644.232	0.0	0.0	5.06536875e-06
644.192	0.0	0.0	1.70600625e-06
644.222	0.0	0.0	4.59883125e-06
644.362	0.0	0.0	1.38708375e-05
644.572	0.0	0.0	2.8197000000000005e-05
644.532	0.0	0.0	2.52013125e-05
644.562	0.0	0.0	2.7368250000000003e-05
644.692	0.0	0.0	3.11341875e-05
644.902	0.0	0.0	3.6245625000000006e-05
644.862	0.0	0.0	3.5195062500000005e-05
644.892	0.0	0.0	3.60335625e-05
645.032	0.0	0.0	3.280143750000001e-05
645.242	0.0	0.0	2.7039187500000006e-05
645.202	0.0	0.0	2.81506875e-05
645.232	0.0	0.0	2.72000625e-05
645.372	0.0	0.0	1.8781425e-05
645.582	0.0	0.0	5.31204375e-06
645.542	0.0	0.0	8.1397875e-06
645.572	0.0	0.0	6.10910625e-06
645.702	0.0	0.0	-2.9844750000000003e-06
645.912	0.0	0.0	-1.7458593750000004e-05
645.872	0.0	0.0	-1.447485e-05
645.902	0.0	0.0	-1.6838006250000003e-05
646.042	0.0	0.0	-2.27043375e-05
646.252	0.0	0.0	-3.150225e-05
646.212	0.0	0.0	-2.9800875000000003e-05
646.242	0.0	0.0	-3.1246312500000004e-05
646.382	0.0	0.0	-3.076125e-05
646.592	0.0	0.0	-2.9547375000000006e-05
646.552	0.0	0.0	-2.9803312500000004e-05
646.582	0.0	0.0	-2.9620500000000005e-05
646.712	0.0	0.0	-2.3849962500000005e-05
646.922	0.0	0.0	-1.3883025e-05
646.882	0.0	0.0	-1.594539375e-05
646.912	0.0	0.0	-1.432348125e-05
647.052	0.0	0.0	-5.837325000000001e-06
647.262	0.0	0.0	7.6932375e-06
647.222	0.0	0.0	5.064881250000001e-06
647.252	0.0	0.0	7.279350000000001e-06
647.392	0.0	0.0	1.37450625e-05
647.602	0.0	0.0	2.3667393750000004e-05
647.562	0.0	0.0	2.1568950000000003e-05
647.592	0.0	0.0	2.30543625e-05
647.722	0.0	0.0	2.4752812500000002e-05
647.932	0.0	0.0	2.6656500000000005e-05
647.892	0.0	0.0	2.62591875e-05
647.922	0.0	0.0	2.6568750000000002e-05
648.062	0.0	0.0	2.3030475e-05
648.272	0.0	0.0	1.691844375e-05
648.232	0.0	0.0	1.8110381250000002e-05
648.262	0.0	0.0	1.7113443750000003e-05
648.402	0.0	0.0	1.073889375e-05
648.612	0.0	0.0	5.8183125e-07
648.572	0.0	0.0	2.73755625e-06
648.602	0.0	0.0	1.2223331250000003e-06
648.732	0.0	0.0	-4.5162e-06
648.942	0.0	0.0	-1.3482543750000001e-05
648.902	0.0	0.0	-1.1613468750000001e-05
648.932	0.0	0.0	-1.3062562500000002e-05
649.072	0.0	0.0	-1.6052887500000003e-05
649.282	0.0	0.0	-2.0397731250000003e-05
649.242	0.0	0.0	-1.9547043750000002e-05
649.272	0.0	0.0	-2.0253431250000002e-05
649.412	0.0	0.0	-1.942858125e-05
649.622	0.0	0.0	-1.7831287500000002e-05
649.572	0.0	0.0	-1.8171318750000003e-05
649.612	0.0	0.0	-1.793390625e-05
649.742	0.0	0.0	-1.3974187500000002e-05
649.952	0.0	0.0	-7.1723437500000004e-06
649.912	0.0	0.0	-8.595356250000001e-06
649.942	0.0	0.0	-7.499700000000001e-06
650.082	0.0	0.0	-1.0589962499999999e-06
650.292	0.0	0.0	9.3015e-06
650.252	0.0	0.0	7.2652125e-06
650.282	0.0	0.0	8.943918750000002e-06
650.422	0.0	0.0	1.521170625e-05
650.632	0.0	0.0	2.49770625e-05
650.582	0.0	0.0	2.2888856250000002e-05
650.622	0.0	0.0	2.433526875e-05
650.752	0.0	0.0	2.7165937500000003e-05
650.962	0.0	0.0	3.103912500000001e-05
650.922	0.0	0.0	3.02274375e-05
650.952	0.0	0.0	3.0849e-05
651.092	0.0	0.0	2.7304875000000002e-05
651.302	0.0	0.0	2.095933125e-05
651.262	0.0	0.0	2.2211475000000004e-05
651.292	0.0	0.0	2.118650625e-05
651.432	0.0	0.0	1.1463075000000002e-05
651.642	0.0	0.0	-4.2658687500000005e-06
651.592	0.0	0.0	-8.916375e-07
651.632	0.0	0.0	-3.2133562500000003e-06
651.762	0.0	0.0	-1.4506293750000002e-05
651.972	0.0	0.0	-3.26625e-05
651.932	0.0	0.0	-2.8835625e-05
651.962	0.0	0.0	-3.1741125e-05
652.102	0.0	0.0	-3.8956125e-05
652.312	0.0	0.0	-4.967868750000001e-05
652.272	0.0	0.0	-4.7555625000000004e-05
652.302	0.0	0.0	-4.928381250000001e-05
652.442	0.0	0.0	-4.6824375000000003e-05
652.652	0.0	0.0	-4.2088312500000006e-05
652.602	0.0	0.0	-4.31145e-05
652.642	0.0	0.0	-4.241981250000001e-05
652.772	0.0	0.0	-3.1087875e-05
652.982	0.0	0.0	-1.1448693750000002e-05
652.942	0.0	0.0	-1.5514931250000003e-05
652.972	0.0	0.0	-1.23371625e-05
653.112	0.0	0.0	3.986043750000001e-06
653.322	0.0	0.0	2.9944687500000004e-05
653.272	0.0	0.0	2.4404250000000003e-05
653.312	0.0	0.0	2.8206750000000006e-05
653.442	0.0	0.0	4.0408875e-05
653.652	0.0	0.0	5.8982625e-05
653.612	0.0	0.0	5.5036312500000005e-05
653.642	0.0	0.0	5.7993000000000005e-05
653.782	0.0	0.0	5.950425000000001e-05
653.992	0.0	0.0	6.039393750000001e-05
653.952	0.0	0.0	6.021600000000001e-05
653.982	0.0	0.0	6.03598125e-05
654.122	0.0	0.0	4.92545625e-05
654.332	0.0	0.0	3.0678375000000006e-05
654.282	0.0	0.0	3.4702687500000005e-05
654.322	0.0	0.0	3.1984875000000004e-05
654.452	0.0	0.0	1.4647912500000002e-05
654.662	0.0	0.0	-1.397930625e-05
654.612	0.0	0.0	-7.88775e-06
654.652	0.0	0.0	-1.2427106250000002e-05
654.792	0.0	0.0	-2.8267687500000003e-05
655.002	0.0	0.0	-5.27743125e-05
654.962	0.0	0.0	-4.787006250000001e-05
654.992	0.0	0.0	-5.17798125e-05
655.132	0.0	0.0	-5.710575000000001e-05
655.342	0.0	0.0	-6.43426875e-05
655.292	0.0	0.0	-6.27705e-05
655.322	0.0	0.0	-6.38259375e-05
655.462	0.0	0.0	-5.725931250000001e-05
655.672	0.0	0.0	-4.4574562500000006e-05
655.622	0.0	0.0	-4.728262500000001e-05
655.662	0.0	0.0	-4.5279000000000005e-05
655.802	0.0	0.0	-2.9761875000000005e-05
656.012	0.0	0.0	-4.285612500000001e-06
655.972	0.0	0.0	-9.403143750000001e-06
656.002	0.0	0.0	-5.351775e-06
656.142	0.0	0.0	1.0175587500000002e-05
656.352	0.0	0.0	3.441750000000001e-05
656.302	0.0	0.0	2.9130562500000003e-05
656.332	0.0	0.0	3.2650312500000006e-05
656.472	0.0	0.0	4.06965e-05
656.682	0.0	0.0	5.1972375e-05
656.632	0.0	0.0	4.9556812500000004e-05
656.672	0.0	0.0	5.1331312500000005e-05
656.802	0.0	0.0	4.877193750000001e-05
657.022	0.0	0.0	4.32534375e-05
656.982	0.0	0.0	4.4367374999999996e-05
657.012	0.0	0.0	4.34923125e-05
657.152	0.0	0.0	3.2925750000000006e-05
657.362	0.0	0.0	1.5566606250000003e-05
657.312	0.0	0.0	1.9364475000000002e-05
657.342	0.0	0.0	1.685360625e-05
657.482	0.0	0.0	5.2011375e-06
657.692	0.0	0.0	-1.345865625e-05
657.642	0.0	0.0	-9.44555625e-06
657.682	0.0	0.0	-1.2374212500000002e-05
657.812	0.0	0.0	-1.9844906250000002e-05
658.032	0.0	0.0	-3.08855625e-05
657.992	0.0	0.0	-2.8650375000000004e-05
658.022	0.0	0.0	-3.03931875e-05
658.162	0.0	0.0	-3.06125625e-05
658.372	0.0	0.0	-3.01543125e-05
658.322	0.0	0.0	-3.02566875e-05
658.352	0.0	0.0	-3.0190875e-05
658.492	0.0	0.0	-2.5259812500000006e-05
658.702	0.0	0.0	-1.6423143750000003e-05
658.652	0.0	0.0	-1.833024375e-05
658.692	0.0	0.0	-1.6947937500000003e-05
658.822	0.0	0.0	-9.915018750000002e-06
659.042	0.0	0.0	1.3641956250000001e-06
659.002	0.0	0.0	-9.273225000000001e-07
659.032	0.0	0.0	8.485668750000001e-07
659.172	0.0	0.0	6.359681250000001e-06
659.382	0.0	0.0	1.4798793750000001e-05
659.332	0.0	0.0	1.29397125e-05
659.362	0.0	0.0	1.4151637500000001e-05
659.502	0.0	0.0	1.6658118750000002e-05
659.712	0.0	0.0	2.0023575e-05
659.662	0.0	0.0	1.9294762500000004e-05
659.702	0.0	0.0	1.9819312500000003e-05
659.832	0.0	0.0	1.8765825e-05
660.052	0.0	0.0	1.6580606250000004e-05
660.012	0.0	0.0	1.7026181250000003e-05
660.042	0.0	0.0	1.6683225e-05
660.182	0.0	0.0	1.223746875e-05
660.392	0.0	0.0	4.8818250000000005e-06
660.342	0.0	0.0	6.50788125e-06
660.372	0.0	0.0	5.455368750000001e-06
660.512	0.0	0.0	-6.845231250000001e-07
660.722	0.0	0.0	-1.0786912500000001e-05
660.672	0.0	0.0	-8.591456250000001e-06
660.712	0.0	0.0	-1.01609625e-05
660.842	0.0	0.0	-1.56034125e-05
661.062	0.0	0.0	-2.3994750000000003e-05
661.022	0.0	0.0	-2.2277287500000004e-05
661.052	0.0	0.0	-2.35896375e-05
661.192	0.0	0.0	-2.4843e-05
661.402	0.0	0.0	-2.6281125000000003e-05
661.352	0.0	0.0	-2.5961812500000004e-05
661.382	0.0	0.0	-2.6166562500000002e-05
661.522	0.0	0.0	-2.23016625e-05
661.732	0.0	0.0	-1.506058125e-05
661.682	0.0	0.0	-1.663959375e-05
661.722	0.0	0.0	-1.55185875e-05
661.852	0.0	0.0	-7.453143750000001e-06
662.072	0.0	0.0	5.834887500000001e-06
662.032	0.0	0.0	3.105375e-06
662.062	0.0	0.0	5.17651875e-06
662.202	0.0	0.0	1.3100343750000002e-05
662.412	0.0	0.0	2.5469437500000003e-05
662.362	0.0	0.0	2.2716525000000004e-05
662.392	0.0	0.0	2.44725e-05
662.532	0.0	0.0	2.8136062500000004e-05
662.742	0.0	0.0	3.2998875e-05
662.692	0.0	0.0	3.1936125e-05
662.732	0.0	0.0	3.2686875000000005e-05
662.862	0.0	0.0	2.9825250000000007e-05
663.082	0.0	0.0	2.4268481250000004e-05
663.042	0.0	0.0	2.5413375000000005e-05
663.072	0.0	0.0	2.45505e-05
663.212	0.0	0.0	1.6483593750000004e-05
663.422	0.0	0.0	3.19629375e-06
663.372	0.0	0.0	6.162975000000001e-06
663.402	0.0	0.0	4.2822e-06
663.542	0.0	0.0	-4.5042562500000006e-06
663.752	0.0	0.0	-1.85937375e-05
663.702	0.0	0.0	-1.55000625e-05
663.742	0.0	0.0	-1.7666512500000002e-05
663.872	0.0	0.0	-2.3145037500000002e-05
664.092	0.0	0.0	-3.1136625e-05
664.052	0.0	0.0	-2.94815625e-05
664.082	0.0	0.0	-3.07198125e-05
664.222	0.0	0.0	-2.99105625e-05
664.432	0.0	0.0	-2.7811875000000002e-05
664.382	0.0	0.0	-2.8282312500000003e-05
664.412	0.0	0.0	-2.7984937500000003e-05
664.552	0.0	0.0	-2.215663125e-05
664.762	0.0	0.0	-1.17814125e-05
664.712	0.0	0.0	-1.40673e-05
664.752	0.0	0.0	-1.2477318750000001e-05
664.882	0.0	0.0	-4.235887500000001e-06
665.102	0.0	0.0	9.047025e-06
665.052	0.0	0.0	6.288506250000001e-06
665.092	0.0	0.0	8.338200000000001e-06
665.232	0.0	0.0	1.4522625e-05
665.442	0.0	0.0	2.391675e-05
665.392	0.0	0.0	2.180563125e-05
665.422	0.0	0.0	2.31255375e-05
665.562	0.0	0.0	2.4752812500000002e-05
665.772	0.0	0.0	2.6288437500000003e-05
665.722	0.0	0.0	2.5949625e-05
665.762	0.0	0.0	2.6183625e-05
665.892	0.0	0.0	2.2656562500000003e-05
666.112	0.0	0.0	1.624471875e-05
666.062	0.0	0.0	1.75812e-05
666.102	0.0	0.0	1.6594987500000002e-05
666.232	0.0	0.0	9.96864375e-06
666.452	0.0	0.0	-8.2714125e-07
666.402	0.0	0.0	1.6070437500000001e-06
666.432	0.0	0.0	9.56499375e-08
666.572	0.0	0.0	-6.1995375e-06
666.782	0.0	0.0	-1.6109681250000003e-05
666.732	0.0	0.0	-1.391154375e-05
666.772	0.0	0.0	-1.5419625e-05
666.902	0.0	0.0	-1.8759731250000003e-05
667.122	0.0	0.0	-2.344948125e-05
667.072	0.0	0.0	-2.246960625e-05
667.112	0.0	0.0	-2.3188668750000003e-05
667.242	0.0	0.0	-2.1896550000000003e-05
667.462	0.0	0.0	-1.9220175e-05
667.412	0.0	0.0	-1.9829062500000004e-05
667.442	0.0	0.0	-1.9457343750000002e-05
667.582	0.0	0.0	-1.4665706250000001e-05
667.792	0.0	0.0	-6.2066062500000004e-06
667.742	0.0	0.0	-8.052037500000001e-06
667.782	0.0	0.0	-6.749193750000001e-06
667.912	0.0	0.0	-3.3062250000000005e-07
668.132	0.0	0.0	9.933787500000002e-06
668.082	0.0	0.0	7.631081250000001e-06
668.112	0.0	0.0	9.057506250000001e-06
668.252	0.0	0.0	1.3756031250000002e-05
668.462	0.0	0.0	2.0814056250000003e-05
668.412	0.0	0.0	1.92362625e-05
668.442	0.0	0.0	2.03048625e-05
668.582	0.0	0.0	2.113678125e-05
668.802	0.0	0.0	2.17108125e-05
668.752	0.0	0.0	2.1589912500000002e-05
668.792	0.0	0.0	2.167741875e-05
668.922	0.0	0.0	1.8102093750000002e-05
669.142	0.0	0.0	1.185185625e-05
669.092	0.0	0.0	1.3273406250000001e-05
669.122	0.0	0.0	1.2406875000000001e-05
669.262	0.0	0.0	6.6141562500000005e-06
669.472	0.0	0.0	-3.1178062500000005e-06
669.422	0.0	0.0	-9.399e-07
669.452	0.0	0.0	-2.4073968750000007e-06
669.592	0.0	0.0	-7.8560625e-06
669.812	0.0	0.0	-1.62995625e-05
669.762	0.0	0.0	-1.4516775000000003e-05
669.802	0.0	0.0	-1.579914375e-05
669.932	0.0	0.0	-1.791391875e-05
670.152	0.0	0.0	-2.071753125e-05
670.102	0.0	0.0	-2.0077931250000004e-05
670.132	0.0	0.0	-2.0465250000000002e-05
670.272	0.0	0.0	-1.8719268750000002e-05
670.482	0.0	0.0	-1.4995987500000001e-05
670.432	0.0	0.0	-1.5831806250000005e-05
670.462	0.0	0.0	-1.5272400000000003e-05
670.602	0.0	0.0	-1.0561443750000002e-05
670.822	0.0	0.0	-2.6388375000000006e-06
670.772	0.0	0.0	-4.317543750000001e-06
670.812	0.0	0.0	-3.1182937500000003e-06
670.942	0.0	0.0	1.75553625e-06
671.162	0.0	0.0	9.40606875e-06
671.112	0.0	0.0	7.65496875e-06
671.142	0.0	0.0	8.70796875e-06
671.282	0.0	0.0	1.1383856250000002e-05
671.492	0.0	0.0	1.5078375000000003e-05
671.442	0.0	0.0	1.4246212500000002e-05
671.472	0.0	0.0	1.4799525000000001e-05
671.612	0.0	0.0	1.4319825e-05
671.832	0.0	0.0	1.2960918750000001e-05
671.782	0.0	0.0	1.3250006249999999e-05
671.822	0.0	0.0	1.3045012500000002e-05
671.952	0.0	0.0	1.0161937500000001e-05
672.172	0.0	0.0	5.27596875e-06
672.122	0.0	0.0	6.39795e-06
672.152	0.0	0.0	5.72788125e-06
672.282	0.0	0.0	2.36637375e-06
672.502	0.0	0.0	-3.0841687500000004e-06
672.452	0.0	0.0	-1.8524025000000002e-06
672.482	0.0	0.0	-2.66589375e-06
672.622	0.0	0.0	-5.185537500000001e-06
672.842	0.0	0.0	-8.95951875e-06
672.792	0.0	0.0	-8.15416875e-06
672.832	0.0	0.0	-8.721618750000001e-06
672.962	0.0	0.0	-9.515268750000001e-06
673.182	0.0	0.0	-1.048783125e-05
673.132	0.0	0.0	-1.0263825000000002e-05
673.162	0.0	0.0	-1.0396668750000001e-05
673.292	0.0	0.0	-9.452625000000002e-06
673.512	0.0	0.0	-7.508231250000001e-06
673.462	0.0	0.0	-7.948931250000002e-06
673.492	0.0	0.0	-7.65984375e-06
673.632	0.0	0.0	-4.88450625e-06
673.852	0.0	0.0	-1.5996337500000002e-07
673.802	0.0	0.0	-1.171438125e-06
673.842	0.0	0.0	-4.6353937500000004e-07
673.972	0.0	0.0	3.25381875e-06
674.192	0.0	0.0	9.243731250000001e-06
674.142	0.0	0.0	7.859475e-06
674.172	0.0	0.0	8.674818750000002e-06
674.302	0.0	0.0	1.1572031250000003e-05
674.522	0.0	0.0	1.5958068750000002e-05
674.472	0.0	0.0	1.49604e-05
674.502	0.0	0.0	1.5610237500000004e-05
674.642	0.0	0.0	1.578110625e-05
674.862	0.0	0.0	1.546155e-05
674.812	0.0	0.0	1.5530287500000002e-05
674.852	0.0	0.0	1.54825125e-05
674.982	0.0	0.0	1.19925e-05
675.202	0.0	0.0	5.889731250000001e-06
675.152	0.0	0.0	7.3044562500000004e-06
675.182	0.0	0.0	6.4769250000000015e-06
675.312	0.0	0.0	8.9188125e-07
675.532	0.0	0.0	-8.54806875e-06
675.482	0.0	0.0	-6.393806250000001e-06
675.512	0.0	0.0	-7.787812500000001e-06
675.652	0.0	0.0	-1.3009912500000001e-05
675.872	0.0	0.0	-2.10868125e-05
675.822	0.0	0.0	-1.934570625e-05
675.862	0.0	0.0	-2.05476375e-05
675.992	0.0	0.0	-2.20569375e-05
676.212	0.0	0.0	-2.3768306250000006e-05
676.162	0.0	0.0	-2.3370262500000003e-05
676.192	0.0	0.0	-2.360158125e-05
676.322	0.0	0.0	-2.05647e-05
676.542	0.0	0.0	-1.449703125e-05
676.492	0.0	0.0	-1.5886162499999998e-05
676.522	0.0	0.0	-1.4993306250000001e-05
676.662	0.0	0.0	-8.263856250000001e-06
676.882	0.0	0.0	3.0483375e-06
676.832	0.0	0.0	6.016725e-07
676.872	0.0	0.0	2.279355e-06
677.002	0.0	0.0	9.009487500000002e-06
677.222	0.0	0.0	1.9550943750000004e-05
677.172	0.0	0.0	1.709199375e-05
677.202	0.0	0.0	1.85108625e-05
677.332	0.0	0.0	2.183439375e-05
677.552	0.0	0.0	2.6171437500000004e-05
677.502	0.0	0.0	2.51745e-05
677.532	0.0	0.0	2.5810687500000003e-05
677.672	0.0	0.0	2.395696875e-05
677.892	0.0	0.0	1.992826875e-05
677.842	0.0	0.0	2.0802600000000003e-05
677.872	0.0	0.0	2.020711875e-05
678.012	0.0	0.0	1.424060625e-05
678.232	0.0	0.0	4.15618125e-06
678.182	0.0	0.0	6.5156812500000005e-06
678.212	0.0	0.0	5.16335625e-06
678.342	0.0	0.0	-1.4461687500000002e-06
678.562	0.0	0.0	-1.211510625e-05
678.512	0.0	0.0	-9.65713125e-06
678.542	0.0	0.0	-1.121615625e-05
678.682	0.0	0.0	-1.5472275e-05
678.902	0.0	0.0	-2.1597225000000002e-05
678.852	0.0	0.0	-2.026366875e-05
678.882	0.0	0.0	-2.1165787500000002e-05
679.022	0.0	0.0	-2.095591875e-05
679.242	0.0	0.0	-1.98159e-05
679.192	0.0	0.0	-2.0083293750000003e-05
679.222	0.0	0.0	-1.9931193750000005e-05
679.352	0.0	0.0	-1.6182318750000002e-05
679.572	0.0	0.0	-9.243487500000001e-06
679.522	0.0	0.0	-1.0847362500000001e-05
679.552	0.0	0.0	-9.836775000000002e-06
679.692	0.0	0.0	-4.31925e-06
679.912	0.0	0.0	4.688775e-06
679.862	0.0	0.0	2.7207375000000006e-06
679.892	0.0	0.0	4.043081250000001e-06
680.032	0.0	0.0	8.433993750000002e-06
680.252	0.0	0.0	1.51090875e-05
680.202	0.0	0.0	1.3537631250000003e-05
680.232	0.0	0.0	1.4426343750000002e-05
680.362	0.0	0.0	1.6017543750000002e-05
680.582	0.0	0.0	1.7757187500000003e-05
680.532	0.0	0.0	1.735378125e-05
680.562	0.0	0.0	1.7606306250000003e-05
680.702	0.0	0.0	1.5769162500000002e-05
680.922	0.0	0.0	1.2123393750000001e-05
680.872	0.0	0.0	1.2921675e-05
680.902	0.0	0.0	1.2388106250000001e-05
681.042	0.0	0.0	8.012306250000002e-06
681.262	0.0	0.0	6.710925e-07
681.212	0.0	0.0	2.413685625e-06
681.242	0.0	0.0	1.4445600000000003e-06
681.372	0.0	0.0	-3.354e-06
681.592	0.0	0.0	-1.111524375e-05
681.542	0.0	0.0	-9.34415625e-06
681.572	0.0	0.0	-1.0484418750000002e-05
681.712	0.0	0.0	-1.365170625e-05
681.932	0.0	0.0	-1.8243468750000002e-05
681.882	0.0	0.0	-1.7167800000000002e-05
681.912	0.0	0.0	-1.7774493750000002e-05
682.042	0.0	0.0	-1.769551875e-05
682.262	0.0	0.0	-1.66447125e-05
682.212	0.0	0.0	-1.6890168750000003e-05
682.242	0.0	0.0	-1.673855625e-05
682.382	0.0	0.0	-1.3089375000000002e-05
682.602	0.0	0.0	-6.5361562500000005e-06
682.552	0.0	0.0	-7.980375e-06
682.582	0.0	0.0	-7.027556250000001e-06
682.722	0.0	0.0	-1.6202062500000002e-06
682.942	0.0	0.0	7.2028125e-06
682.892	0.0	0.0	5.109e-06
682.922	0.0	0.0	6.2716875e-06
683.052	0.0	0.0	1.0610925e-05
683.272	0.0	0.0	1.71848625e-05
683.222	0.0	0.0	1.5648018750000003e-05
683.252	0.0	0.0	1.65930375e-05
683.392	0.0	0.0	1.772355e-05
683.612	0.0	0.0	1.871878125e-05
683.562	0.0	0.0	1.8498675e-05
683.592	0.0	0.0	1.8642975000000003e-05
683.732	0.0	0.0	1.5925162500000002e-05
683.952	0.0	0.0	1.089830625e-05
683.902	0.0	0.0	1.2094875000000002e-05
683.932	0.0	0.0	1.1434800000000001e-05
684.062	0.0	0.0	6.759431250000001e-06
684.282	0.0	0.0	-1.2462450000000002e-06
684.232	0.0	0.0	6.309956250000001e-07
684.262	0.0	0.0	-5.15701875e-07
684.402	0.0	0.0	-4.90985625e-06
684.622	0.0	0.0	-1.169488125e-05
684.572	0.0	0.0	-1.0189481250000002e-05
684.602	0.0	0.0	-1.1169356250000002e-05
684.742	0.0	0.0	-1.289925e-05
684.962	0.0	0.0	-1.5072037500000002e-05
684.912	0.0	0.0	-1.4553337500000001e-05
684.942	0.0	0.0	-1.4837550000000002e-05
685.072	0.0	0.0	-1.36797375e-05
685.292	0.0	0.0	-1.0979475e-05
685.242	0.0	0.0	-1.16146875e-05
685.272	0.0	0.0	-1.1229075e-05
685.412	0.0	0.0	-8.04935625e-06
685.632	0.0	0.0	-2.6086125000000003e-06
685.582	0.0	0.0	-3.819562500000001e-06
685.612	0.0	0.0	-3.0363937500000007e-06
685.752	0.0	0.0	2.5859437500000003e-07
685.972	0.0	0.0	5.445131250000001e-06
685.922	0.0	0.0	4.203225e-06
685.952	0.0	0.0	4.8789e-06
686.082	0.0	0.0	6.9902625000000006e-06
686.302	0.0	0.0	9.9952125e-06
686.252	0.0	0.0	9.286143750000002e-06
686.282	0.0	0.0	9.71368125e-06
686.422	0.0	0.0	1.0075893749999999e-05
686.642	0.0	0.0	1.0226043750000001e-05
686.592	0.0	0.0	1.019240625e-05
686.622	0.0	0.0	1.0214100000000001e-05
686.762	0.0	0.0	8.5980375e-06
686.982	0.0	0.0	5.6457375e-06
686.932	0.0	0.0	6.354806250000001e-06
686.962	0.0	0.0	5.97163125e-06
687.092	0.0	0.0	2.8348125000000004e-06
687.312	0.0	0.0	-2.64785625e-06
687.262	0.0	0.0	-1.3503506250000002e-06
687.292	0.0	0.0	-2.1273281250000002e-06
687.432	0.0	0.0	-5.919468750000001e-06
687.652	0.0	0.0	-1.2026625000000001e-05
687.602	0.0	0.0	-1.06587e-05
687.632	0.0	0.0	-1.1531568750000001e-05
687.772	0.0	0.0	-1.3803562500000002e-05
687.992	0.0	0.0	-1.7034225e-05
687.942	0.0	0.0	-1.6256175e-05
687.972	0.0	0.0	-1.6673962500000004e-05
688.102	0.0	0.0	-1.590541875e-05
688.322	0.0	0.0	-1.3697287500000003e-05
688.272	0.0	0.0	-1.422135e-05
688.302	0.0	0.0	-1.3909593750000001e-05
688.442	0.0	0.0	-9.536962500000001e-06
688.662	0.0	0.0	-1.7502225e-06
688.612	0.0	0.0	-3.5000062500000004e-06
688.642	0.0	0.0	-2.39104125e-06
688.782	0.0	0.0	3.60823125e-06
689.002	0.0	0.0	1.337821875e-05
688.952	0.0	0.0	1.1017987500000001e-05
688.982	0.0	0.0	1.22767125e-05
689.112	0.0	0.0	1.672539375e-05
689.332	0.0	0.0	2.3289581250000002e-05
689.282	0.0	0.0	2.1726656250000002e-05
689.312	0.0	0.0	2.2650468750000002e-05
689.452	0.0	0.0	2.292346875e-05
689.672	0.0	0.0	2.223658125e-05
689.622	0.0	0.0	2.2391362500000005e-05
689.652	0.0	0.0	2.22938625e-05
689.792	0.0	0.0	1.767894375e-05
690.012	0.0	0.0	9.347812500000001e-06
689.962	0.0	0.0	1.136630625e-05
689.982	0.0	0.0	1.0296975000000001e-05
690.122	0.0	0.0	3.30013125e-06
690.342	0.0	0.0	-8.59340625e-06
690.292	0.0	0.0	-5.75323125e-06
690.322	0.0	0.0	-7.420968750000001e-06
690.462	0.0	0.0	-1.3661943750000003e-05
690.682	0.0	0.0	-2.319915e-05
690.632	0.0	0.0	-2.1042206250000002e-05
690.662	0.0	0.0	-2.2391118750000003e-05
690.802	0.0	0.0	-2.4245325e-05
691.022	0.0	0.0	-2.61616875e-05
690.972	0.0	0.0	-2.5696125000000005e-05
690.992	0.0	0.0	-2.59423125e-05
691.132	0.0	0.0	-2.2888368750000006e-05
691.352	0.0	0.0	-1.6431431250000004e-05
691.302	0.0	0.0	-1.7978025e-05
691.332	0.0	0.0	-1.7075906250000002e-05
691.472	0.0	0.0	-1.0332075e-05
691.692	0.0	0.0	1.1751431250000002e-06
691.642	0.0	0.0	-1.4354681250000002e-06
691.672	0.0	0.0	1.8635906250000002e-07
691.812	0.0	0.0	6.819393750000001e-06
692.032	0.0	0.0	1.7191931250000004e-05
691.982	0.0	0.0	1.4664e-05
692.002	0.0	0.0	1.5985125000000002e-05
692.142	0.0	0.0	1.9329618750000002e-05
692.362	0.0	0.0	2.3557218750000005e-05
692.312	0.0	0.0	2.2541756250000004e-05
692.342	0.0	0.0	2.313016875e-05
692.482	0.0	0.0	2.1735187500000004e-05
692.702	0.0	0.0	1.8288806250000002e-05
692.652	0.0	0.0	1.907319375e-05
692.682	0.0	0.0	1.858910625e-05
692.822	0.0	0.0	1.3586137500000001e-05
693.042	0.0	0.0	4.92106875e-06
692.992	0.0	0.0	7.038768750000001e-06
693.012	0.0	0.0	5.939456250000001e-06
693.152	0.0	0.0	4.28683125e-07
693.372	0.0	0.0	-8.480062500000001e-06
693.322	0.0	0.0	-6.333843750000001e-06
693.352	0.0	0.0	-7.56965625e-06
693.492	0.0	0.0	-1.10565e-05
693.712	0.0	0.0	-1.594295625e-05
693.662	0.0	0.0	-1.4827312500000002e-05
693.692	0.0	0.0	-1.5511275e-05
693.832	0.0	0.0	-1.5415968750000002e-05
694.052	0.0	0.0	-1.4442431250000001e-05
694.002	0.0	0.0	-1.4681062500000002e-05
694.022	0.0	0.0	-1.4557968750000001e-05
694.162	0.0	0.0	-1.1891587500000002e-05
694.382	0.0	0.0	-6.8186625e-06
694.332	0.0	0.0	-8.044237500000001e-06
694.362	0.0	0.0	-7.343212500000001e-06
694.502	0.0	0.0	-3.8049375000000003e-06
694.722	0.0	0.0	1.926088125e-06
694.672	0.0	0.0	6.13689375e-07
694.702	0.0	0.0	1.412945625e-06
694.842	0.0	0.0	3.6957375e-06
695.062	0.0	0.0	6.973931250000001e-06
695.012	0.0	0.0	6.168337500000001e-06
695.032	0.0	0.0	6.581006250000001e-06
695.172	0.0	0.0	6.99733125e-06
695.392	0.0	0.0	7.044131250000001e-06
695.342	0.0	0.0	7.0329187500000005e-06
695.372	0.0	0.0	7.039256250000001e-06
695.512	0.0	0.0	6.0691312500000005e-06
695.732	0.0	0.0	4.2100500000000005e-06
695.682	0.0	0.0	4.636856250000001e-06
695.712	0.0	0.0	4.378237500000001e-06
695.852	0.0	0.0	2.9445000000000004e-06
696.072	0.0	0.0	5.95554375e-07
696.022	0.0	0.0	1.1774343750000002e-06
696.042	0.0	0.0	8.842275000000002e-07
696.182	0.0	0.0	-8.0413125e-07
696.402	0.0	0.0	-3.6150562500000007e-06
696.352	0.0	0.0	-2.9440125e-06
696.382	0.0	0.0	-3.3362062500000004e-06
696.522	0.0	0.0	-5.151900000000001e-06
696.742	0.0	0.0	-8.04350625e-06
696.692	0.0	0.0	-7.3361437500000005e-06
696.712	0.0	0.0	-7.697625e-06
696.852	0.0	0.0	-8.533443750000002e-06
697.072	0.0	0.0	-9.512100000000002e-06
697.022	0.0	0.0	-9.273225000000001e-06
697.052	0.0	0.0	-9.407287500000001e-06
697.192	0.0	0.0	-8.013525e-06
697.412	0.0	0.0	-5.1416625e-06
697.362	0.0	0.0	-5.8046625000000004e-06
697.392	0.0	0.0	-5.40808125e-06
697.532	0.0	0.0	-1.7742806250000002e-06
697.752	0.0	0.0	4.507425e-06
697.702	0.0	0.0	2.9518125000000003e-06
697.722	0.0	0.0	3.7344937500000004e-06
697.862	0.0	0.0	7.8082875e-06
698.082	0.0	0.0	1.443975e-05
698.032	0.0	0.0	1.2820518750000002e-05
698.062	0.0	0.0	1.372483125e-05
698.202	0.0	0.0	1.5944175000000004e-05
698.422	0.0	0.0	1.8833099999999998e-05
698.372	0.0	0.0	1.816425e-05
698.402	0.0	0.0	1.856180625e-05
698.542	0.0	0.0	1.6922587500000002e-05
698.762	0.0	0.0	1.3349212500000002e-05
698.702	0.0	0.0	1.4236706250000001e-05
698.732	0.0	0.0	1.3793081250000002e-05
698.872	0.0	0.0	8.924175e-06
699.092	0.0	0.0	9.48991875e-09
699.042	0.0	0.0	2.19272625e-06
699.072	0.0	0.0	9.81313125e-07
699.212	0.0	0.0	-5.2338e-06
699.432	0.0	0.0	-1.5329925000000002e-05
699.382	0.0	0.0	-1.298480625e-05
699.412	0.0	0.0	-1.4369793750000002e-05
699.552	0.0	0.0	-1.8285637500000003e-05
699.772	0.0	0.0	-2.3828025000000005e-05
699.712	0.0	0.0	-2.244766875e-05
699.742	0.0	0.0	-2.3133093750000002e-05
699.882	0.0	0.0	-2.27696625e-05
700.102	0.0	0.0	-2.0631000000000003e-05
700.052	0.0	0.0	-2.115628125e-05
700.082	0.0	0.0	-2.0866706250000003e-05
700.222	0.0	0.0	-1.594003125e-05
700.442	0.0	0.0	-6.883500000000001e-06
700.392	0.0	0.0	-8.993643750000001e-06
700.422	0.0	0.0	-7.7556375e-06
700.562	0.0	0.0	-9.554025000000002e-07
700.782	0.0	0.0	1.01911875e-05
700.722	0.0	0.0	7.407562500000001e-06
700.752	0.0	0.0	8.7803625e-06
700.892	0.0	0.0	1.3872056250000001e-05
701.112	0.0	0.0	2.132934375e-05
701.062	0.0	0.0	1.9492687500000003e-05
701.092	0.0	0.0	2.0498643750000002e-05
701.232	0.0	0.0	2.1454143750000003e-05
701.452	0.0	0.0	2.16957e-05
701.402	0.0	0.0	2.1639150000000004e-05
701.432	0.0	0.0	2.167205625e-05
701.572	0.0	0.0	1.816498125e-05
701.792	0.0	0.0	1.150865625e-05
701.732	0.0	0.0	1.3175418750000002e-05
701.762	0.0	0.0	1.2358856250000002e-05
701.902	0.0	0.0	6.866437500000001e-06
702.122	0.0	0.0	-2.5647375000000003e-06
702.072	0.0	0.0	-2.3537231249999997e-07
702.102	0.0	0.0	-1.5030112500000002e-06
702.242	0.0	0.0	-6.358950000000001e-06
702.462	0.0	0.0	-1.3723368750000001e-05
702.412	0.0	0.0	-1.1997375000000001e-05
702.442	0.0	0.0	-1.2996750000000002e-05
702.582	0.0	0.0	-1.471665e-05
702.802	0.0	0.0	-1.65945e-05
702.742	0.0	0.0	-1.612284375e-05
702.772	0.0	0.0	-1.6352456250000002e-05
702.912	0.0	0.0	-1.4901168750000002e-05
703.132	0.0	0.0	-1.1451618750000002e-05
703.082	0.0	0.0	-1.2305962500000003e-05
703.102	0.0	0.0	-1.1844056250000001e-05
703.252	0.0	0.0	-8.26629375e-06
703.472	0.0	0.0	-2.0674631250000005e-06
703.422	0.0	0.0	-3.5246250000000006e-06
703.452	0.0	0.0	-2.68636875e-06
703.592	0.0	0.0	8.813512500000001e-07
703.812	0.0	0.0	6.47034375e-06
703.752	0.0	0.0	5.062931250000001e-06
703.782	0.0	0.0	5.743237500000001e-06
703.922	0.0	0.0	7.842899999999999e-06
704.142	0.0	0.0	1.06474875e-05
704.082	0.0	0.0	9.95085e-06
704.112	0.0	0.0	1.032500625e-05
704.262	0.0	0.0	1.03579125e-05
704.482	0.0	0.0	9.7929e-06
704.432	0.0	0.0	9.926231250000002e-06
704.462	0.0	0.0	9.85018125e-06
704.602	0.0	0.0	7.974281250000001e-06
704.822	0.0	0.0	4.51790625e-06
704.762	0.0	0.0	5.390531250000001e-06
704.792	0.0	0.0	4.971525e-06
704.932	0.0	0.0	2.1230381250000004e-06
705.152	0.0	0.0	-2.783625e-06
705.092	0.0	0.0	-1.5614625000000001e-06
705.122	0.0	0.0	-2.2137375e-06
705.262	0.0	0.0	-5.0122312500000005e-06
705.492	0.0	0.0	-9.372918750000001e-06
705.442	0.0	0.0	-8.341856250000001e-06
705.472	0.0	0.0	-8.927343750000001e-06
705.612	0.0	0.0	-1.0159743750000002e-05
705.832	0.0	0.0	-1.165905e-05
705.772	0.0	0.0	-1.127953125e-05
705.802	0.0	0.0	-1.1460637500000001e-05
705.942	0.0	0.0	-1.053365625e-05
706.162	0.0	0.0	-8.2212e-06
706.102	0.0	0.0	-8.7988875e-06
706.132	0.0	0.0	-8.49249375e-06
706.272	0.0	0.0	-5.55140625e-06
706.502	0.0	0.0	-3.134625e-07
706.452	0.0	0.0	-1.5557343750000003e-06
706.482	0.0	0.0	-8.5502625e-07
706.622	0.0	0.0	2.5003875000000006e-06
706.842	0.0	0.0	7.87629375e-06
706.782	0.0	0.0	6.511537500000001e-06
706.812	0.0	0.0	7.158450000000001e-06
706.952	0.0	0.0	9.1762125e-06
707.172	0.0	0.0	1.1854537500000002e-05
707.112	0.0	0.0	1.11837375e-05
707.142	0.0	0.0	1.1537175000000002e-05
707.282	0.0	0.0	1.1187150000000002e-05
707.512	0.0	0.0	9.873825e-06
707.462	0.0	0.0	1.0186312500000002e-05
707.492	0.0	0.0	1.00113e-05
707.632	0.0	0.0	7.611825e-06
707.852	0.0	0.0	3.2781937500000006e-06
707.792	0.0	0.0	4.3814062500000005e-06
707.822	0.0	0.0	3.861975e-06
707.962	0.0	0.0	1.0023243750000001e-06
708.182	0.0	0.0	-3.7001250000000004e-06
708.122	0.0	0.0	-2.5191562500000003e-06
708.152	0.0	0.0	-3.1373062500000005e-06
708.292	0.0	0.0	-5.0456250000000005e-06
708.522	0.0	0.0	-7.699331250000001e-06
708.472	0.0	0.0	-7.066312500000001e-06
708.502	0.0	0.0	-7.418775000000001e-06
708.642	0.0	0.0	-7.493850000000001e-06
708.862	0.0	0.0	-7.098975000000001e-06
708.802	0.0	0.0	-7.19964375e-06
708.832	0.0	0.0	-7.152600000000001e-06
708.972	0.0	0.0	-5.9314125000000005e-06
709.192	0.0	0.0	-3.51195e-06
709.132	0.0	0.0	-4.121325000000001e-06
709.162	0.0	0.0	-3.8044500000000005e-06
709.302	0.0	0.0	-2.15713875e-06
709.532	0.0	0.0	5.22721875e-07
709.482	0.0	0.0	-1.1839425e-07
709.512	0.0	0.0	2.3623762500000002e-07
709.652	0.0	0.0	1.45855125e-06
709.872	0.0	0.0	3.2608875000000004e-06
709.812	0.0	0.0	2.7997125e-06
709.842	0.0	0.0	3.0139687500000002e-06
709.982	0.0	0.0	3.6947625000000005e-06
710.202	0.0	0.0	4.59639375e-06
710.142	0.0	0.0	4.368731250000001e-06
710.172	0.0	0.0	4.4864625e-06
710.312	0.0	0.0	4.480125e-06
710.542	0.0	0.0	4.249537500000001e-06
710.492	0.0	0.0	4.3048687499999996e-06
710.522	0.0	0.0	4.2744e-06
710.662	0.0	0.0	3.2040937500000004e-06
710.882	0.0	0.0	1.1864775e-06
710.822	0.0	0.0	1.7065912500000003e-06
710.852	0.0	0.0	1.4688618750000003e-06
710.992	0.0	0.0	-4.710225e-07
711.212	0.0	0.0	-3.93973125e-06
711.152	0.0	0.0	-3.0763687500000002e-06
711.182	0.0	0.0	-3.5353500000000004e-06
711.322	0.0	0.0	-5.5721250000000005e-06
711.552	0.0	0.0	-8.766468750000001e-06
711.492	0.0	0.0	-7.953075e-06
711.522	0.0	0.0	-8.330156250000002e-06
711.662	0.0	0.0	-9.108693750000001e-06
711.882	0.0	0.0	-9.820443750000001e-06
711.822	0.0	0.0	-9.63958125e-06
711.852	0.0	0.0	-9.731962500000002e-06
711.992	0.0	0.0	-8.352825000000002e-06
712.222	0.0	0.0	-5.4273375e-06
712.172	0.0	0.0	-6.132506250000001e-06
712.202	0.0	0.0	-5.74933125e-06
712.342	0.0	0.0	-2.5886249999999997e-06
712.562	0.0	0.0	2.9181750000000002e-06
712.502	0.0	0.0	1.498940625e-06
712.532	0.0	0.0	2.1467306250000006e-06
712.672	0.0	0.0	5.45098125e-06
712.892	0.0	0.0	1.07537625e-05
712.832	0.0	0.0	9.40509375e-06
712.862	0.0	0.0	1.0090275e-05
713.002	0.0	0.0	1.1835037500000002e-05
713.232	0.0	0.0	1.39946625e-05
713.182	0.0	0.0	1.347255e-05
713.202	0.0	0.0	1.3754568750000002e-05
713.352	0.0	0.0	1.2682556250000003e-05
713.572	0.0	0.0	1.01307375e-05
713.512	0.0	0.0	1.079008125e-05
713.542	0.0	0.0	1.0491243750000002e-05
713.682	0.0	0.0	7.207443750000001e-06
713.902	0.0	0.0	1.0694287500000002e-06
713.842	0.0	0.0	2.6346937500000004e-06
713.872	0.0	0.0	1.8446268750000003e-06
714.012	0.0	0.0	-2.35516125e-06
714.242	0.0	0.0	-9.214481250000002e-06
714.192	0.0	0.0	-7.55161875e-06
714.212	0.0	0.0	-8.4439875e-06
714.362	0.0	0.0	-1.1249062500000001e-05
714.582	0.0	0.0	-1.5217068750000002e-05
714.522	0.0	0.0	-1.4189175000000003e-05
714.552	0.0	0.0	-1.4652056250000002e-05
714.692	0.0	0.0	-1.4794162500000002e-05
714.912	0.0	0.0	-1.3904231250000002e-05
714.852	0.0	0.0	-1.413189375e-05
714.882	0.0	0.0	-1.4017575e-05
715.022	0.0	0.0	-1.1147906250000001e-05
715.252	0.0	0.0	-5.61185625e-06
715.192	0.0	0.0	-6.957843750000001e-06
715.222	0.0	0.0	-6.2402437500000005e-06
715.372	0.0	0.0	-1.73047875e-06
715.592	0.0	0.0	5.859018750000001e-06
715.532	0.0	0.0	3.8878125e-06
715.562	0.0	0.0	4.76994375e-06
715.702	0.0	0.0	8.730881250000002e-06
715.922	0.0	0.0	1.4795137500000003e-05
715.862	0.0	0.0	1.3240256250000001e-05
715.892	0.0	0.0	1.4015137500000002e-05
716.032	0.0	0.0	1.557075e-05
716.262	0.0	0.0	1.713294375e-05
716.202	0.0	0.0	1.6751962500000002e-05
716.232	0.0	0.0	1.6953787500000003e-05
716.372	0.0	0.0	1.502304375e-05
716.602	0.0	0.0	1.0886362500000002e-05
716.542	0.0	0.0	1.1963737500000001e-05
716.572	0.0	0.0	1.1484768750000002e-05
716.712	0.0	0.0	7.039987500000001e-06
716.932	0.0	0.0	-1.10526e-06
716.872	0.0	0.0	9.886256250000003e-07
716.902	0.0	0.0	-4.8213750000000004e-08
717.042	0.0	0.0	-5.3756625e-06
717.272	0.0	0.0	-1.3999293750000001e-05
717.212	0.0	0.0	-1.189085625e-05
717.242	0.0	0.0	-1.300065e-05
717.382	0.0	0.0	-1.632320625e-05
717.612	0.0	0.0	-2.0891812500000003e-05
717.552	0.0	0.0	-1.9699143750000004e-05
717.582	0.0	0.0	-2.02258875e-05
717.722	0.0	0.0	-1.9915350000000002e-05
717.942	0.0	0.0	-1.7841525000000004e-05
717.882	0.0	0.0	-1.837606875e-05
717.912	0.0	0.0	-1.8113062500000002e-05
718.052	0.0	0.0	-1.3654875000000002e-05
718.282	0.0	0.0	-5.1772499999999994e-06
718.222	0.0	0.0	-7.255462500000001e-06
718.252	0.0	0.0	-6.16858125e-06
718.392	0.0	0.0	4.140825000000001e-07
718.622	0.0	0.0	1.1435531250000001e-05
718.562	0.0	0.0	8.550750000000001e-06
718.592	0.0	0.0	9.816300000000001e-06
718.732	0.0	0.0	1.5258506250000002e-05
718.952	0.0	0.0	2.339975625e-05
718.892	0.0	0.0	2.129595e-05
718.922	0.0	0.0	2.2324575e-05
719.062	0.0	0.0	2.3815106250000004e-05
719.292	0.0	0.0	2.4657750000000003e-05
719.232	0.0	0.0	2.4450562500000003e-05
719.262	0.0	0.0	2.45578125e-05
719.402	0.0	0.0	2.0813568750000003e-05
719.632	0.0	0.0	1.3214418750000003e-05
719.572	0.0	0.0	1.520878125e-05
719.602	0.0	0.0	1.4339568750000002e-05
719.742	0.0	0.0	7.34589375e-06
719.962	0.0	0.0	-5.187487500000001e-06
719.902	0.0	0.0	-1.940055e-06
719.932	0.0	0.0	-3.5175562500000003e-06
720.072	0.0	0.0	-1.0845168750000002e-05
720.302	0.0	0.0	-2.236381875e-05
720.242	0.0	0.0	-1.9524375000000004e-05
720.272	0.0	0.0	-2.0990287500000004e-05
720.412	0.0	0.0	-2.4506625000000005e-05
720.642	0.0	0.0	-2.875275e-05
720.582	0.0	0.0	-2.7636375e-05
720.612	0.0	0.0	-2.8119000000000003e-05
720.752	0.0	0.0	-2.63274375e-05
720.972	0.0	0.0	-2.1133368750000006e-05
720.912	0.0	0.0	-2.2483012500000002e-05
720.942	0.0	0.0	-2.183146875e-05
721.082	0.0	0.0	-1.5104212500000001e-05
721.312	0.0	0.0	-2.7960562500000005e-06
721.252	0.0	0.0	-5.838543750000001e-06
721.282	0.0	0.0	-4.278056250000001e-06
721.422	0.0	0.0	3.7527750000000003e-06
721.652	0.0	0.0	1.6767075000000002e-05
721.592	0.0	0.0	1.3334587500000002e-05
721.622	0.0	0.0	1.4810981250000001e-05
721.752	0.0	0.0	2.013204375e-05
721.982	0.0	0.0	2.7360937500000004e-05
721.922	0.0	0.0	2.5476750000000003e-05
721.952	0.0	0.0	2.6381062500000005e-05
722.092	0.0	0.0	2.6420062500000002e-05
722.322	0.0	0.0	2.4496875e-05
722.262	0.0	0.0	2.4972187500000004e-05
722.292	0.0	0.0	2.4730875000000002e-05
722.432	0.0	0.0	1.96009125e-05
722.662	0.0	0.0	9.8460375e-06
722.602	0.0	0.0	1.24254e-05
722.632	0.0	0.0	1.1323162500000001e-05
722.762	0.0	0.0	4.2251625000000006e-06
722.992	0.0	0.0	-7.882631250000002e-06
722.932	0.0	0.0	-4.72119375e-06
722.962	0.0	0.0	-6.2278125e-06
723.102	0.0	0.0	-1.2017118750000002e-05
723.332	0.0	0.0	-2.050400625e-05
723.272	0.0	0.0	-1.839459375e-05
723.302	0.0	0.0	-1.946270625e-05
723.442	0.0	0.0	-2.0943975000000003e-05
723.672	0.0	0.0	-2.1823425000000004e-05
723.612	0.0	0.0	-2.15904e-05
723.642	0.0	0.0	-2.16893625e-05
723.772	0.0	0.0	-1.902200625e-05
724.002	0.0	0.0	-1.2970425000000002e-05
723.942	0.0	0.0	-1.4554556250000003e-05
723.972	0.0	0.0	-1.380429375e-05
724.112	0.0	0.0	-8.52759375e-06
724.342	0.0	0.0	6.166387499999999e-07
724.282	0.0	0.0	-1.6621556250000002e-06
724.312	0.0	0.0	-5.15555625e-07
724.452	0.0	0.0	4.233206250000001e-06
724.682	0.0	0.0	1.1478675e-05
724.622	0.0	0.0	9.553293750000002e-06
724.652	0.0	0.0	1.0365225e-05
724.782	0.0	0.0	1.2555318750000003e-05
725.012	0.0	0.0	1.48877625e-05
724.952	0.0	0.0	1.4275462500000002e-05
724.982	0.0	0.0	1.4563575000000002e-05
725.122	0.0	0.0	1.361855625e-05
725.352	0.0	0.0	1.099873125e-05
725.292	0.0	0.0	1.1652956250000002e-05
725.322	0.0	0.0	1.132535625e-05
725.462	0.0	0.0	8.3230875e-06
725.692	0.0	0.0	2.9518125000000003e-06
725.632	0.0	0.0	4.389206250000001e-06
725.652	0.0	0.0	3.7927500000000002e-06
725.792	0.0	0.0	5.678887500000001e-07
726.022	0.0	0.0	-4.634175e-06
725.962	0.0	0.0	-3.28745625e-06
725.992	0.0	0.0	-3.93924375e-06
726.132	0.0	0.0	-6.117637500000001e-06
726.362	0.0	0.0	-9.13794375e-06
726.302	0.0	0.0	-8.339175000000001e-06
726.332	0.0	0.0	-8.675062500000002e-06
726.462	0.0	0.0	-9.14525625e-06
726.692	0.0	0.0	-9.160856250000001e-06
726.632	0.0	0.0	-9.1567125e-06
726.662	0.0	0.0	-9.158662500000002e-06
726.802	0.0	0.0	-7.83436875e-06
727.032	0.0	0.0	-5.082675e-06
726.972	0.0	0.0	-5.7732187500000005e-06
727.002	0.0	0.0	-5.43148125e-06
727.142	0.0	0.0	-2.8596750000000003e-06
727.372	0.0	0.0	1.62625125e-06
727.312	0.0	0.0	4.2627e-07
727.332	0.0	0.0	9.235200000000001e-07
727.472	0.0	0.0	3.6867187500000003e-06
727.702	0.0	0.0	8.18536875e-06
727.642	0.0	0.0	6.996600000000001e-06
727.672	0.0	0.0	7.546500000000001e-06
727.812	0.0	0.0	9.380475000000001e-06
728.042	0.0	0.0	1.1865262500000002e-05
727.982	0.0	0.0	1.1240043750000002e-05
728.012	0.0	0.0	1.1547168750000001e-05
728.152	0.0	0.0	1.121469375e-05
728.382	0.0	0.0	9.898443750000001e-06
728.322	0.0	0.0	1.0251393750000001e-05
728.342	0.0	0.0	1.010611875e-05
728.482	0.0	0.0	7.4665500000000005e-06
728.712	0.0	0.0	2.1423187500000003e-06
728.652	0.0	0.0	3.55265625e-06
728.682	0.0	0.0	2.9042812500000003e-06
728.822	0.0	0.0	-1.59861e-06
729.052	0.0	0.0	-9.39729375e-06
728.992	0.0	0.0	-7.429500000000001e-06
729.022	0.0	0.0	-8.390362500000001e-06
729.162	0.0	0.0	-1.2591881250000003e-05
729.392	0.0	0.0	-1.9073925000000002e-05
729.332	0.0	0.0	-1.733135625e-05
729.352	0.0	0.0	-1.80438375e-05
729.492	0.0	0.0	-1.960895625e-05
729.722	0.0	0.0	-2.0784074999999998e-05
729.662	0.0	0.0	-2.0472075000000005e-05
729.692	0.0	0.0	-2.0614668750000004e-05
729.832	0.0	0.0	-1.7566575e-05
730.062	0.0	0.0	-1.084078125e-05
730.002	0.0	0.0	-1.254215625e-05
730.032	0.0	0.0	-1.1716575e-05
730.172	0.0	0.0	-4.4308875e-06
730.402	0.0	0.0	8.609737499999999e-06
730.342	0.0	0.0	5.09559375e-06
730.362	0.0	0.0	6.523237500000001e-06
730.502	0.0	0.0	1.475686875e-05
730.732	0.0	0.0	2.82920625e-05
730.672	0.0	0.0	2.46894375e-05
730.702	0.0	0.0	2.6325000000000003e-05
730.842	0.0	0.0	3.12999375e-05
731.072	0.0	0.0	3.7600875e-05
731.012	0.0	0.0	3.6001875e-05
731.042	0.0	0.0	3.6772125e-05
731.182	0.0	0.0	3.43005e-05
731.412	0.0	0.0	2.75705625e-05
731.352	0.0	0.0	2.9388937500000005e-05
731.372	0.0	0.0	2.865525e-05
731.512	0.0	0.0	1.9166793750000002e-05
731.742	0.0	0.0	6.077662500000001e-07
731.682	0.0	0.0	5.56066875e-06
731.712	0.0	0.0	3.326943750000001e-06
731.852	0.0	0.0	-1.0193625000000002e-05
732.082	0.0	0.0	-3.28965e-05
732.022	0.0	0.0	-2.71245e-05
732.052	0.0	0.0	-2.9888625000000006e-05
732.192	0.0	0.0	-3.9862875e-05
732.422	0.0	0.0	-5.41125e-05
732.362	0.0	0.0	-5.025393750000001e-05
732.382	0.0	0.0	-5.1801750000000006e-05
732.522	0.0	0.0	-5.2737750000000005e-05
732.752	0.0	0.0	-4.9693312500000005e-05
732.692	0.0	0.0	-5.050743750000001e-05
732.722	0.0	0.0	-5.0144250000000004e-05
732.862	0.0	0.0	-3.95338125e-05
733.092	0.0	0.0	-1.811525625e-05
733.032	0.0	0.0	-2.357623125e-05
733.062	0.0	0.0	-2.0976637500000004e-05
733.202	0.0	0.0	-3.4822125000000003e-06
733.432	0.0	0.0	2.6532187500000006e-05
733.372	0.0	0.0	1.8379724999999998e-05
733.392	0.0	0.0	2.162184375e-05
733.532	0.0	0.0	3.7071937500000006e-05
733.762	0.0	0.0	6.0501187500000005e-05
733.702	0.0	0.0	5.42416875e-05
733.732	0.0	0.0	5.70496875e-05
733.872	0.0	0.0	6.245606250000001e-05
734.102	0.0	0.0	6.65754375e-05
734.042	0.0	0.0	6.551025e-05
734.072	0.0	0.0	6.60001875e-05
734.212	0.0	0.0	5.751037500000001e-05
734.442	0.0	0.0	0.0
734.382	0.0	0.0	4.359225000000001e-05
734.412	0.0	0.0	4.1354625e-05
734.552	0.0	0.0	0.0
