8732
0.0	0.0	0.0	0.0050275875
0.088	0.0	0.0	0.014019850000000002
0.173	0.0	0.0	0.022777625000000003
0.256	0.0	0.0	0.031234125
0.336	0.0	0.0	0.039471250000000006
0.424	0.0	0.0	0.043696250000000006
0.51	0.0	0.0	0.04781887500000001
0.592	0.0	0.0	0.051800125
0.673	0.0	0.0	0.05567575000000001
0.761	0.0	0.0	0.053337375000000006
0.846	0.0	0.0	0.051059125
0.929	0.0	0.0	0.04885725000000001
1.009	0.0	0.0	0.046712250000000004
1.097	0.0	0.0	0.03794862500000001
1.182	0.0	0.0	0.029389750000000003
1.265	0.0	0.0	0.021102250000000003
1.346	0.0	0.0	0.013019825
1.434	0.0	0.0	0.0003402912500000001
1.519	0.0	0.0	-0.012030687500000001
1.602	0.0	0.0	-0.023994750000000002
1.683	0.0	0.0	-0.03564925000000001
1.77	0.0	0.0	-0.046814625
1.856	0.0	0.0	-0.05771350000000001
1.938	0.0	0.0	-0.06827275000000001
2.019	0.0	0.0	-0.07858500000000002
2.107	0.0	0.0	-0.08154575
2.192	0.0	0.0	-0.08443987500000001
2.275	0.0	0.0	-0.08724625000000001
2.356	0.0	0.0	-0.08998275000000001
2.443	0.0	0.0	-0.08027012500000001
2.529	0.0	0.0	-0.07078337500000001
2.611	0.0	0.0	-0.06158262500000001
2.692	0.0	0.0	-0.052591500000000006
2.779	0.0	0.0	-0.031890625000000006
2.865	0.0	0.0	-0.011630775000000001
2.948	0.0	0.0	0.008032862500000001
3.029	0.0	0.0	0.027235000000000002
3.116	0.0	0.0	0.10998325
3.201	0.0	0.0	0.1908725
3.284	0.0	0.0	0.26939250000000003
3.365	0.0	0.0	0.34620625000000005
3.452	0.0	0.0	0.37883625000000004
3.538	0.0	0.0	0.41081625000000005
3.621	0.0	0.0	0.44191875
3.702	0.0	0.0	0.4723712500000001
3.789	0.0	0.0	0.44412875000000007
3.875	0.0	0.0	0.41647125
3.958	0.0	0.0	0.38961000000000007
4.039	0.0	0.0	0.36335000000000006
4.126	0.0	0.0	0.28006875
4.211	0.0	0.0	0.19852625000000002
4.294	0.0	0.0	0.11916774999999999
4.375	0.0	0.0	0.041390375
4.462	0.0	0.0	-0.05915487500000001
4.547	0.0	0.0	-0.15777775000000002
4.631	0.0	0.0	-0.25380875
4.712	0.0	0.0	-0.347815
4.799	0.0	0.0	-0.41237625
4.884	0.0	0.0	-0.4756212500000001
4.967	0.0	0.0	-0.5372250000000001
5.048	0.0	0.0	-0.5976425
5.135	0.0	0.0	-0.5879737500000001
5.22	0.0	0.0	-0.5784837500000001
5.303	0.0	0.0	-0.5692212500000001
5.385	0.0	0.0	-0.5601212500000001
5.472	0.0	0.0	-0.4756862500000001
5.557	0.0	0.0	-0.39286000000000004
5.64	0.0	0.0	-0.31211375
5.722	0.0	0.0	-0.23299250000000002
5.809	0.0	0.0	-0.11554237500000002
5.894	0.0	0.0	-0.00025298000000000003
5.976	0.0	0.0	0.11231024999999999
6.058	0.0	0.0	0.22290125000000002
6.145	0.0	0.0	0.31304000000000004
6.23	0.0	0.0	0.40165125000000007
6.313	0.0	0.0	0.48819875000000007
6.395	0.0	0.0	0.5731537500000001
6.481	0.0	0.0	0.588835
6.566	0.0	0.0	0.6042075
6.649	0.0	0.0	0.619255
6.731	0.0	0.0	0.63402625
6.817	0.0	0.0	0.5696275000000002
6.903	0.0	0.0	0.50622
6.986	0.0	0.0	0.44416125
7.068	0.0	0.0	0.38309375
7.155	0.0	0.0	0.27628250000000004
7.24	0.0	0.0	0.17124250000000002
7.323	0.0	0.0	0.068549
7.405	0.0	0.0	-0.032358625
7.491	0.0	0.0	-0.12268425000000002
7.576	0.0	0.0	-0.21155875
7.659	0.0	0.0	-0.29859375000000005
7.741	0.0	0.0	-0.38434500000000005
7.827	0.0	0.0	-0.41546375
7.912	0.0	0.0	-0.4461275
7.996	0.0	0.0	-0.47619000000000006
8.078	0.0	0.0	-0.505765
8.164	0.0	0.0	-0.47212750000000003
8.249	0.0	0.0	-0.43902625000000006
8.332	0.0	0.0	-0.40655875
8.414	0.0	0.0	-0.37457874999999996
8.5	0.0	0.0	-0.3042325
8.585	0.0	0.0	-0.23484500000000003
8.669	0.0	0.0	-0.166725
8.751	0.0	0.0	-0.09957025000000001
8.837	0.0	0.0	-0.026351000000000003
8.922	0.0	0.0	0.045823375
9.005	0.0	0.0	0.11666200000000002
9.088	0.0	0.0	0.18650125
9.174	0.0	0.0	0.24324625000000002
9.258	0.0	0.0	0.29924375000000003
9.342	0.0	0.0	0.35425000000000006
9.424	0.0	0.0	0.408525
9.51	0.0	0.0	0.43095000000000006
9.595	0.0	0.0	0.45309875000000005
9.678	0.0	0.0	0.47485750000000004
9.761	0.0	0.0	0.49634000000000006
9.847	0.0	0.0	0.45404125000000006
9.931	0.0	0.0	0.4122787500000001
10.015	0.0	0.0	0.37119875
10.097	0.0	0.0	0.33062250000000004
10.183	0.0	0.0	0.20863375
10.268	0.0	0.0	0.08810587500000001
10.351	0.0	0.0	-0.030530500000000006
10.434	0.0	0.0	-0.14777100000000004
10.52	0.0	0.0	-0.31104125000000005
10.604	0.0	0.0	-0.47246875
10.688	0.0	0.0	-0.6314750000000001
10.77	0.0	0.0	-0.7886775000000001
10.856	0.0	0.0	-0.900445
10.941	0.0	0.0	-1.01099375
11.024	0.0	0.0	-1.11995
11.107	0.0	0.0	-1.2277037500000003
11.193	0.0	0.0	-1.1886062500000003
11.277	0.0	0.0	-1.1499312500000003
11.361	0.0	0.0	-1.1117762500000001
11.444	0.0	0.0	-1.07401125
11.529	0.0	0.0	-0.84916
11.614	0.0	0.0	-0.6265675
11.697	0.0	0.0	-0.40690000000000004
11.78	0.0	0.0	-0.1893775
11.866	0.0	0.0	0.14445275000000002
11.95	0.0	0.0	0.47508500000000004
12.034	0.0	0.0	0.80159625
12.117	0.0	0.0	1.1250525
12.202	0.0	0.0	1.3960050000000002
12.287	0.0	0.0	1.6644875
12.371	0.0	0.0	1.9298500000000003
12.453	0.0	0.0	2.192775
12.539	0.0	0.0	2.2187750000000004
12.623	0.0	0.0	2.2444500000000005
12.707	0.0	0.0	2.2699625000000005
12.79	0.0	0.0	2.29515
12.875	0.0	0.0	1.9968000000000001
12.96	0.0	0.0	1.7007250000000003
13.044	0.0	0.0	1.40791625
13.127	0.0	0.0	1.1173337500000002
13.212	0.0	0.0	0.5908500000000001
13.296	0.0	0.0	0.06842550000000001
13.38	0.0	0.0	-0.44877625000000004
13.463	0.0	0.0	-0.96211375
13.548	0.0	0.0	-1.4647750000000004
13.633	0.0	0.0	-1.9638125000000002
13.717	0.0	0.0	-2.4581375000000003
13.8	0.0	0.0	-2.9492125000000002
13.885	0.0	0.0	-3.1408
13.969	0.0	0.0	-3.3310875000000006
14.053	0.0	0.0	-3.5197499999999997
14.136	0.0	0.0	-3.707275
14.221	0.0	0.0	-3.426475000000001
14.306	0.0	0.0	-3.1473000000000004
14.39	0.0	0.0	-2.8704000000000005
14.473	0.0	0.0	-2.5952875000000004
14.558	0.0	0.0	-1.9207500000000002
14.642	0.0	0.0	-1.2502750000000002
14.726	0.0	0.0	-0.58469125
14.81	0.0	0.0	0.07728662500000001
14.894	0.0	0.0	0.8355100000000001
14.979	0.0	0.0	1.5897050000000001
15.063	0.0	0.0	2.3388625000000003
15.146	0.0	0.0	3.0842500000000004
15.231	0.0	0.0	3.5293375000000005
15.315	0.0	0.0	3.9721500000000005
15.399	0.0	0.0	4.4123625
15.483	0.0	0.0	4.850625000000001
15.567	0.0	0.0	4.70925
15.652	0.0	0.0	4.5683625
15.736	0.0	0.0	4.428287500000001
15.819	0.0	0.0	4.2888625000000005
15.904	0.0	0.0	3.575975
15.988	0.0	0.0	2.8660125
16.072	0.0	0.0	2.1593000000000004
16.156	0.0	0.0	1.4551387500000001
16.241	0.0	0.0	0.49377250000000006
16.325	0.0	0.0	-0.46434375
16.409	0.0	0.0	-1.4184950000000003
16.493	0.0	0.0	-2.3699000000000003
16.577	0.0	0.0	-3.0983875000000003
16.661	0.0	0.0	-3.8249250000000004
16.745	0.0	0.0	-4.5487
16.829	0.0	0.0	-5.27085
16.914	0.0	0.0	-5.374525
16.998	0.0	0.0	-5.477875000000001
17.082	0.0	0.0	-5.5810625
17.166	0.0	0.0	-5.6840875
17.25	0.0	0.0	-5.075525000000001
17.334	0.0	0.0	-4.468262500000001
17.418	0.0	0.0	-3.8623000000000003
17.502	0.0	0.0	-3.2571499999999998
17.587	0.0	0.0	-2.2160125
17.671	0.0	0.0	-1.1762562500000002
17.755	0.0	0.0	-0.138224125
17.839	0.0	0.0	0.8987225000000002
17.923	0.0	0.0	1.8581875000000003
18.007	0.0	0.0	2.8166125000000006
18.091	0.0	0.0	3.774225
18.175	0.0	0.0	4.73135
18.26	0.0	0.0	5.1228125
18.344	0.0	0.0	5.51395
18.428	0.0	0.0	5.9050875000000005
18.512	0.0	0.0	6.296225000000001
18.596	0.0	0.0	5.915975
18.68	0.0	0.0	5.535725000000001
18.764	0.0	0.0	5.155312500000001
18.849	0.0	0.0	4.774900000000001
18.933	0.0	0.0	3.8111125
19.017	0.0	0.0	2.8466750000000003
19.101	0.0	0.0	1.8815875000000002
19.185	0.0	0.0	0.9153462500000001
19.269	0.0	0.0	-0.14843562500000002
19.353	0.0	0.0	-1.2133225
19.437	0.0	0.0	-2.2798750000000005
19.522	0.0	0.0	-3.34815
19.606	0.0	0.0	-3.9836875000000003
19.69	0.0	0.0	-4.6202000000000005
19.774	0.0	0.0	-5.2580125
19.858	0.0	0.0	-5.896962500000001
19.942	0.0	0.0	-5.8030375
20.026	0.0	0.0	-5.708787500000001
20.111	0.0	0.0	-5.614212500000001
20.195	0.0	0.0	-5.519475000000001
20.279	0.0	0.0	-4.769375000000001
20.363	0.0	0.0	-4.0171625
20.447	0.0	0.0	-3.26235
20.532	0.0	0.0	-2.5052625
20.615	0.0	0.0	-1.4958612500000004
20.699	0.0	0.0	-0.48351875000000005
20.784	0.0	0.0	0.5330487500000001
20.868	0.0	0.0	1.553045
20.952	0.0	0.0	2.3157875000000003
21.036	0.0	0.0	3.0810000000000004
21.12	0.0	0.0	3.8501125000000007
21.205	0.0	0.0	4.62215
21.288	0.0	0.0	4.7853
21.372	0.0	0.0	4.9491000000000005
21.457	0.0	0.0	5.113875
21.541	0.0	0.0	5.2793
21.625	0.0	0.0	4.8108125
21.709	0.0	0.0	4.3402125
21.793	0.0	0.0	3.8666875000000003
21.878	0.0	0.0	3.3908875
21.961	0.0	0.0	2.5715625
22.045	0.0	0.0	1.7481750000000003
22.13	0.0	0.0	0.91921375
22.215	0.0	0.0	0.08584875
22.298	0.0	0.0	-0.6570362500000001
22.382	0.0	0.0	-1.4039675000000003
22.466	0.0	0.0	-2.156375
22.551	0.0	0.0	-2.9133000000000004
22.634	0.0	0.0	-3.233425
22.718	0.0	0.0	-3.5555000000000003
22.803	0.0	0.0	-3.8803375000000004
22.888	0.0	0.0	-4.2069625
22.971	0.0	0.0	-4.0035125
23.055	0.0	0.0	-3.7987625000000005
23.139	0.0	0.0	-3.5922250000000004
23.224	0.0	0.0	-3.3842250000000003
23.307	0.0	0.0	-2.8240875000000005
23.391	0.0	0.0	-2.2598875
23.476	0.0	0.0	-1.6904875
23.561	0.0	0.0	-1.1168787500000001
23.644	0.0	0.0	-0.51714
23.728	0.0	0.0	0.08712924999999999
23.812	0.0	0.0	0.6974987500000001
23.897	0.0	0.0	1.31261
23.98	0.0	0.0	1.6622125000000003
24.064	0.0	0.0	2.014675
24.149	0.0	0.0	2.3707125000000002
24.234	0.0	0.0	2.7298375
24.317	0.0	0.0	2.7079000000000004
24.401	0.0	0.0	2.6859625
24.485	0.0	0.0	2.6637
24.571	0.0	0.0	2.6412750000000003
24.654	0.0	0.0	2.3289500000000003
24.737	0.0	0.0	2.0137000000000005
24.822	0.0	0.0	1.694875
24.907	0.0	0.0	1.3730112500000002
24.99	0.0	0.0	0.97751875
25.074	0.0	0.0	0.57828875
25.158	0.0	0.0	0.17400500000000002
25.244	0.0	0.0	-0.23417875000000002
25.327	0.0	0.0	-0.5073575000000001
25.41	0.0	0.0	-0.7832500000000001
25.495	0.0	0.0	-1.062815
25.58	0.0	0.0	-1.3452075
25.663	0.0	0.0	-1.3968500000000001
25.747	0.0	0.0	-1.4490450000000004
25.831	0.0	0.0	-1.5019550000000002
25.917	0.0	0.0	-1.5554175000000001
26.0	0.0	0.0	-1.42077
26.083	0.0	0.0	-1.28464375
26.168	0.0	0.0	-1.146535
26.254	0.0	0.0	-1.0068825000000001
26.336	0.0	0.0	-0.80611375
26.42	0.0	0.0	-0.6030375000000001
26.504	0.0	0.0	-0.39689
26.59	0.0	0.0	-0.18837
26.673	0.0	0.0	-0.04126037500000001
26.756	0.0	0.0	0.107601
26.841	0.0	0.0	0.25883
26.927	0.0	0.0	0.41188875
27.009	0.0	0.0	0.452075
27.093	0.0	0.0	0.492765
27.177	0.0	0.0	0.5341374999999999
27.263	0.0	0.0	0.5760137500000001
27.346	0.0	0.0	0.53378
27.429	0.0	0.0	0.4909775000000001
27.514	0.0	0.0	0.4474437500000001
27.6	0.0	0.0	0.40334125000000004
27.682	0.0	0.0	0.33972250000000004
27.766	0.0	0.0	0.27525875
27.851	0.0	0.0	0.20964125000000003
27.937	0.0	0.0	0.14313487500000002
28.019	0.0	0.0	0.09219112500000001
28.102	0.0	0.0	0.040525875
28.187	0.0	0.0	-0.012115025000000001
28.273	0.0	0.0	-0.06551675000000001
28.355	0.0	0.0	-0.114148125
28.439	0.0	0.0	-0.163475
28.524	0.0	0.0	-0.21373625000000002
28.61	0.0	0.0	-0.26468
28.692	0.0	0.0	-0.29963375000000003
28.775	0.0	0.0	-0.33510750000000006
28.86	0.0	0.0	-0.37128000000000005
28.946	0.0	0.0	-0.40803750000000005
29.028	0.0	0.0	-0.39289250000000003
29.112	0.0	0.0	-0.37750375
29.197	0.0	0.0	-0.36180625
29.283	0.0	0.0	-0.3458812500000001
29.365	0.0	0.0	-0.26931125
29.448	0.0	0.0	-0.19158750000000002
29.533	0.0	0.0	-0.112246875
29.619	0.0	0.0	-0.031596500000000007
29.701	0.0	0.0	0.07277075000000001
29.784	0.0	0.0	0.17899375000000003
29.869	0.0	0.0	0.287625
29.956	0.0	0.0	0.39809250000000007
30.038	0.0	0.0	0.46970625000000005
30.121	0.0	0.0	0.5425062500000001
30.207	0.0	0.0	0.61686625
30.293	0.0	0.0	0.6923962500000002
30.375	0.0	0.0	0.682695
30.458	0.0	0.0	0.67283125
30.543	0.0	0.0	0.6627400000000001
30.629	0.0	0.0	0.65245375
30.711	0.0	0.0	0.55800875
30.794	0.0	0.0	0.46179250000000005
30.879	0.0	0.0	0.3632850000000001
30.966	0.0	0.0	0.26308750000000003
31.048	0.0	0.0	0.130326625
31.13	0.0	0.0	-0.0047963500000000004
31.215	0.0	0.0	-0.14319175000000003
31.302	0.0	0.0	-0.28418000000000004
31.384	0.0	0.0	-0.38584
31.467	0.0	0.0	-0.4895637500000001
31.552	0.0	0.0	-0.5959850000000001
31.639	0.0	0.0	-0.70445375
31.721	0.0	0.0	-0.7213375000000001
31.804	0.0	0.0	-0.7385300000000001
31.889	0.0	0.0	-0.75616125
31.976	0.0	0.0	-0.7741175
32.057	0.0	0.0	-0.6990587500000001
32.14	0.0	0.0	-0.6225375
32.225	0.0	0.0	-0.5439525000000001
32.312	0.0	0.0	-0.46375875000000005
32.393	0.0	0.0	-0.33801625
32.477	0.0	0.0	-0.20957625
32.562	0.0	0.0	-0.077670125
32.649	0.0	0.0	0.05680837500000001
32.73	0.0	0.0	0.1671475
32.813	0.0	0.0	0.2797275
32.898	0.0	0.0	0.39539500000000005
32.985	0.0	0.0	0.5135325000000001
33.066	0.0	0.0	0.5555225000000001
33.149	0.0	0.0	0.59847125
33.235	0.0	0.0	0.6426875000000001
33.322	0.0	0.0	0.68784625
33.403	0.0	0.0	0.64727
33.486	0.0	0.0	0.6058
33.572	0.0	0.0	0.5631925000000001
33.659	0.0	0.0	0.51969125
33.74	0.0	0.0	0.40470625
33.823	0.0	0.0	0.28713750000000005
33.908	0.0	0.0	0.16602625000000001
33.995	0.0	0.0	0.04214600000000001
34.076	0.0	0.0	0.0118470625
34.159	0.0	0.0	-0.019179875000000002
34.245	0.0	0.0	-0.05114687500000001
34.332	0.0	0.0	-0.08381100000000001
34.413	0.0	0.0	-0.09904375000000001
34.495	0.0	0.0	-0.11463075000000002
34.581	0.0	0.0	-0.13070037500000004
34.668	0.0	0.0	-0.147155125
34.749	0.0	0.0	-0.14323237500000002
34.832	0.0	0.0	-0.13921375000000002
34.917	0.0	0.0	-0.135065125
35.005	0.0	0.0	-0.130823875
35.086	0.0	0.0	-0.11368662500000001
35.168	0.0	0.0	-0.09613825000000001
35.254	0.0	0.0	-0.078024375
35.341	0.0	0.0	-0.059466875
35.422	0.0	0.0	-0.040157000000000005
35.505	0.0	0.0	-0.020333625
35.59	0.0	0.0	0.0001643525
35.678	0.0	0.0	0.021173749999999998
35.759	0.0	0.0	0.033138625000000005
35.842	0.0	0.0	0.04540737500000001
35.927	0.0	0.0	0.058075875
36.015	0.0	0.0	0.07104662500000002
36.095	0.0	0.0	0.072021625
36.178	0.0	0.0	0.073021
36.263	0.0	0.0	0.0740545
36.351	0.0	0.0	0.07511725000000001
36.432	0.0	0.0	0.067845375
36.514	0.0	0.0	0.06037200000000001
36.6	0.0	0.0	0.052636999999999996
36.688	0.0	0.0	0.044708625
36.768	0.0	0.0	0.03510975
36.851	0.0	0.0	0.025254125
36.936	0.0	0.0	0.01504815
37.024	0.0	0.0	0.004568362500000001
37.104	0.0	0.0	-0.0022524125000000002
37.187	0.0	0.0	-0.009273225
37.273	0.0	0.0	-0.0165555
37.361	0.0	0.0	-0.024037
37.442	0.0	0.0	-0.026134875000000002
37.524	0.0	0.0	-0.028291250000000004
37.61	0.0	0.0	-0.030525625000000004
37.698	0.0	0.0	-0.0328185
37.778	0.0	0.0	-0.031131750000000003
37.86	0.0	0.0	-0.029396250000000002
37.946	0.0	0.0	-0.027594125000000004
38.034	0.0	0.0	-0.025741625
38.114	0.0	0.0	-0.022015500000000004
38.197	0.0	0.0	-0.018175625
38.283	0.0	0.0	-0.0141880375
38.371	0.0	0.0	-0.01009125
38.451	0.0	0.0	-0.0055300375
38.533	0.0	0.0	-0.00083455125
38.619	0.0	0.0	0.004043325
38.707	0.0	0.0	0.009063762500000001
38.787	0.0	0.0	0.0131545375
38.87	0.0	0.0	0.017376125000000003
38.956	0.0	0.0	0.021770125
39.044	0.0	0.0	0.0262925
39.124	0.0	0.0	0.027922375
39.207	0.0	0.0	0.029602625
39.293	0.0	0.0	0.031347875000000004
39.381	0.0	0.0	0.0331435
39.461	0.0	0.0	0.030792125000000007
39.543	0.0	0.0	0.028367625
39.629	0.0	0.0	0.025842375
39.717	0.0	0.0	0.023239125000000003
39.797	0.0	0.0	0.017346875
39.879	0.0	0.0	0.011258975000000001
39.965	0.0	0.0	0.004917250000000001
40.054	0.0	0.0	-0.0016137062500000002
40.134	0.0	0.0	-0.008324875
40.216	0.0	0.0	-0.015251437500000003
40.302	0.0	0.0	-0.022470500000000004
40.39	0.0	0.0	-0.029917875
40.47	0.0	0.0	-0.033813
40.552	0.0	0.0	-0.037843
40.638	0.0	0.0	-0.042051750000000006
40.727	0.0	0.0	-0.04639375000000001
40.807	0.0	0.0	-0.044955625000000006
40.889	0.0	0.0	-0.043467125
40.975	0.0	0.0	-0.041916875000000006
41.064	0.0	0.0	-0.040317875
41.143	0.0	0.0	-0.033811375000000005
41.226	0.0	0.0	-0.027083875
41.311	0.0	0.0	-0.020054125000000003
41.4	0.0	0.0	-0.0127902125
41.48	0.0	0.0	-0.004252787500000001
41.562	0.0	0.0	0.0045904625
41.648	0.0	0.0	0.0138315125
41.737	0.0	0.0	0.023369125
41.816	0.0	0.0	0.02954575
41.898	0.0	0.0	0.0359385
41.984	0.0	0.0	0.04262375
42.073	0.0	0.0	0.049536500000000004
42.152	0.0	0.0	0.050076
42.235	0.0	0.0	0.050635
42.321	0.0	0.0	0.05121837500000001
42.41	0.0	0.0	0.051822875000000004
42.489	0.0	0.0	0.04631087500000001
42.571	0.0	0.0	0.04060062500000001
42.657	0.0	0.0	0.034623875000000005
42.746	0.0	0.0	0.028437500000000004
42.825	0.0	0.0	0.019618625
42.907	0.0	0.0	0.0104585
42.994	0.0	0.0	0.00085281625
43.083	0.0	0.0	-0.00909155
43.162	0.0	0.0	-0.0167635
43.245	0.0	0.0	-0.024721125000000004
43.331	0.0	0.0	-0.03305575
43.42	0.0	0.0	-0.04167475
43.499	0.0	0.0	-0.0443495
43.581	0.0	0.0	-0.047126625
43.667	0.0	0.0	-0.05004025
43.756	0.0	0.0	-0.053061125
43.835	0.0	0.0	-0.049616125000000004
43.917	0.0	0.0	-0.04603300000000001
44.004	0.0	0.0	-0.04227275
44.093	0.0	0.0	-0.038379250000000004
44.172	0.0	0.0	-0.030840875000000004
44.254	0.0	0.0	-0.023010000000000003
44.34	0.0	0.0	-0.014785062500000001
44.429	0.0	0.0	-0.006254787500000001
44.508	0.0	0.0	0.0014102400000000003
44.59	0.0	0.0	0.009392175000000001
44.676	0.0	0.0	0.0177905
44.766	0.0	0.0	0.026503750000000003
44.845	0.0	0.0	0.030535375000000003
44.927	0.0	0.0	0.034727875000000005
45.014	0.0	0.0	0.03913325
45.103	0.0	0.0	0.0436995
45.182	0.0	0.0	0.042482375
45.263	0.0	0.0	0.04121650000000001
45.35	0.0	0.0	0.039882375000000005
45.439	0.0	0.0	0.03849787500000001
45.518	0.0	0.0	0.033237749999999996
45.6	0.0	0.0	0.027755000000000002
45.686	0.0	0.0	0.021981375
45.776	0.0	0.0	0.015988862500000003
45.855	0.0	0.0	0.0097901375
45.936	0.0	0.0	0.0033343375000000003
46.022	0.0	0.0	-0.0034682375
46.112	0.0	0.0	-0.010539587500000001
46.191	0.0	0.0	-0.014551550000000002
46.272	0.0	0.0	-0.018741125000000004
46.359	0.0	0.0	-0.023162750000000003
46.449	0.0	0.0	-0.027759875000000003
46.528	0.0	0.0	-0.028026375000000003
46.61	0.0	0.0	-0.02830425
46.696	0.0	0.0	-0.028596749999999997
46.786	0.0	0.0	-0.028900625000000003
46.864	0.0	0.0	-0.026043875
46.946	0.0	0.0	-0.023063625
47.032	0.0	0.0	-0.019916000000000003
47.122	0.0	0.0	-0.016638375000000004
47.2	0.0	0.0	-0.0127460125
47.282	0.0	0.0	-0.0086779875
47.369	0.0	0.0	-0.004380512500000001
47.459	0.0	0.0	8.921737500000002e-05
47.537	0.0	0.0	0.0028305875000000005
47.619	0.0	0.0	0.005694
47.705	0.0	0.0	0.0087217
47.795	0.0	0.0	0.011876800000000002
47.873	0.0	0.0	0.012441
47.955	0.0	0.0	0.013031525000000002
48.042	0.0	0.0	0.0136563375
48.132	0.0	0.0	0.014306662500000001
48.21	0.0	0.0	0.013118300000000003
48.292	0.0	0.0	0.011875987500000003
48.378	0.0	0.0	0.010560875000000003
48.468	0.0	0.0	0.009189700000000002
48.546	0.0	0.0	0.007558525
48.628	0.0	0.0	0.0058487
48.715	0.0	0.0	0.0040360125
48.805	0.0	0.0	0.0021451625000000005
48.883	0.0	0.0	0.0012224550000000003
48.965	0.0	0.0	0.00025660375000000003
49.052	0.0	0.0	-0.00076617125
49.142	0.0	0.0	-0.0018318625000000002
49.22	0.0	0.0	-0.0018629000000000002
49.301	0.0	0.0	-0.0018952375
49.388	0.0	0.0	-0.0019296875000000004
49.478	0.0	0.0	-0.0019656
49.556	0.0	0.0	-0.0021232250000000003
49.638	0.0	0.0	-0.0022888125
49.724	0.0	0.0	-0.0024643125000000004
49.815	0.0	0.0	-0.0026476125000000003
49.893	0.0	0.0	-0.002660775
49.974	0.0	0.0	-0.0026744250000000002
50.061	0.0	0.0	-0.00268905
50.151	0.0	0.0	-0.0027041625
50.229	0.0	0.0	-0.001865825
50.31	0.0	0.0	-0.0009847500000000002
50.397	0.0	0.0	-4.758000000000001e-05
50.488	0.0	0.0	0.0009321487500000002
50.566	0.0	0.0	0.0022824750000000004
50.648	0.0	0.0	0.0036999625
50.734	0.0	0.0	0.005205525000000001
50.825	0.0	0.0	0.0067780374999999995
50.902	0.0	0.0	0.007695512500000001
50.984	0.0	0.0	0.0086591375
51.07	0.0	0.0	0.009685
51.161	0.0	0.0	0.010758962500000002
51.239	0.0	0.0	0.010428925
51.32	0.0	0.0	0.010081662500000001
51.407	0.0	0.0	0.009711812500000002
51.498	0.0	0.0	0.009325225
51.575	0.0	0.0	0.007670325000000001
51.657	0.0	0.0	0.005930762500000001
51.743	0.0	0.0	0.0040776125
51.834	0.0	0.0	0.00213655
51.911	0.0	0.0	-6.038175e-05
51.993	0.0	0.0	-0.0023755875000000004
52.08	0.0	0.0	-0.004846075000000001
52.171	0.0	0.0	-0.0074345375
52.249	0.0	0.0	-0.008965612500000001
52.33	0.0	0.0	-0.010577125000000001
52.417	0.0	0.0	-0.012294425000000001
52.508	0.0	0.0	-0.014092000000000002
52.585	0.0	0.0	-0.014048775000000001
52.666	0.0	0.0	-0.0140034375
52.753	0.0	0.0	-0.013955012500000002
52.844	0.0	0.0	-0.013903987500000001
52.921	0.0	0.0	-0.012244862500000002
53.003	0.0	0.0	-0.01049425
53.09	0.0	0.0	-0.008624525000000001
53.181	0.0	0.0	-0.0066651
53.258	0.0	0.0	-0.0042446625
53.339	0.0	0.0	-0.0016934125
53.426	0.0	0.0	0.0010331912500000002
53.517	0.0	0.0	0.0038952875
53.594	0.0	0.0	0.005828875
53.675	0.0	0.0	0.007872150000000001
53.763	0.0	0.0	0.010059400000000001
53.854	0.0	0.0	0.012356175
53.931	0.0	0.0	0.012840912500000001
54.013	0.0	0.0	0.013352462500000002
54.1	0.0	0.0	0.013899275
54.191	0.0	0.0	0.014473062500000002
54.268	0.0	0.0	0.013345637500000002
54.349	0.0	0.0	0.012154675000000002
54.436	0.0	0.0	0.010878725000000002
54.527	0.0	0.0	0.0095372875
54.604	0.0	0.0	0.007457775000000001
54.685	0.0	0.0	0.005257687500000001
54.772	0.0	0.0	0.0029004625
54.864	0.0	0.0	0.00042485625000000007
54.941	0.0	0.0	-0.0015164825000000002
55.022	0.0	0.0	-0.0035686625000000004
55.109	0.0	0.0	-0.005769725000000001
55.2	0.0	0.0	-0.008085675
55.277	0.0	0.0	-0.008984137500000001
55.358	0.0	0.0	-0.009935737500000002
55.445	0.0	0.0	-0.010956725
55.537	0.0	0.0	-0.012029874999999999
55.614	0.0	0.0	-0.011564800000000002
55.695	0.0	0.0	-0.011072587500000002
55.781	0.0	0.0	-0.0105441375
55.873	0.0	0.0	-0.0099877375
55.95	0.0	0.0	-0.00851695
56.031	0.0	0.0	-0.006956625
56.118	0.0	0.0	-0.00527865
56.21	0.0	0.0	-0.0035116250000000004
56.287	0.0	0.0	-0.0018055375
56.368	0.0	0.0	1.95975e-06
56.455	0.0	0.0	0.0019431750000000001
56.547	0.0	0.0	0.003985637500000001
56.623	0.0	0.0	0.0051223250000000005
56.704	0.0	0.0	0.006327750000000001
56.791	0.0	0.0	0.007625150000000001
56.883	0.0	0.0	0.008993237500000001
56.959	0.0	0.0	0.009103575000000001
57.041	0.0	0.0	0.0092207375
57.128	0.0	0.0	0.009347000000000001
57.22	0.0	0.0	0.0094797625
57.296	0.0	0.0	0.008580975
57.377	0.0	0.0	0.0076271
57.464	0.0	0.0	0.0065999375
57.556	0.0	0.0	0.005515900000000001
57.632	0.0	0.0	0.0040655875000000005
57.713	0.0	0.0	0.0025224875
57.801	0.0	0.0	0.00085785375
57.893	0.0	0.0	-0.0008990800000000001
57.969	0.0	0.0	-0.0022148750000000003
58.05	0.0	0.0	-0.0036128625000000003
58.138	0.0	0.0	-0.005119075000000001
58.23	0.0	0.0	-0.0067071875000000005
58.306	0.0	0.0	-0.0072642374999999995
58.387	0.0	0.0	-0.00785655
58.474	0.0	0.0	-0.008496150000000001
58.566	0.0	0.0	-0.00917215
58.642	0.0	0.0	-0.0087195875
58.723	0.0	0.0	-0.008237775000000001
58.811	0.0	0.0	-0.007717450000000001
58.903	0.0	0.0	-0.0071680375
58.979	0.0	0.0	-0.005945712500000001
59.06	0.0	0.0	-0.0046449
59.147	0.0	0.0	-0.0032394375
59.239	0.0	0.0	-0.0017533750000000002
59.315	0.0	0.0	-0.00038260625000000005
59.396	0.0	0.0	0.00107966625
59.483	0.0	0.0	0.0026622375000000006
59.576	0.0	0.0	0.00433615
59.652	0.0	0.0	0.00516685
59.733	0.0	0.0	0.006051825
59.821	0.0	0.0	0.007008462500000001
59.913	0.0	0.0	0.008019212500000001
59.989	0.0	0.0	0.0079220375
60.069	0.0	0.0	0.007818525
60.157	0.0	0.0	0.007706237500000001
60.249	0.0	0.0	0.007587287500000001
60.325	0.0	0.0	0.0066880125
60.406	0.0	0.0	0.0057276375000000004
60.493	0.0	0.0	0.004687150000000001
60.586	0.0	0.0	0.0035865375
60.661	0.0	0.0	0.0024288875
60.742	0.0	0.0	0.0011934975000000001
60.829	0.0	0.0	-0.000146159
60.922	0.0	0.0	-0.00156606125
60.998	0.0	0.0	-0.0023635625
61.078	0.0	0.0	-0.0032162
61.166	0.0	0.0	-0.0041411500000000006
61.259	0.0	0.0	-0.005120537500000001
61.334	0.0	0.0	-0.005214137500000001
61.415	0.0	0.0	-0.005314237500000001
61.502	0.0	0.0	-0.005422625000000001
61.595	0.0	0.0	-0.0055378375
61.67	0.0	0.0	-0.0050375
61.751	0.0	0.0	-0.0045017375
61.839	0.0	0.0	-0.0039191750000000004
61.932	0.0	0.0	-0.0033011875
62.008	0.0	0.0	-0.0026190125
62.088	0.0	0.0	-0.0018893875
62.176	0.0	0.0	-0.0010971837499999999
62.269	0.0	0.0	-0.00025759500000000006
62.344	0.0	0.0	0.000224705
62.425	0.0	0.0	0.00074104875
62.512	0.0	0.0	0.0013029250000000001
62.605	0.0	0.0	0.0018997875
62.68	0.0	0.0	0.0021165625
62.761	0.0	0.0	0.0023491
62.849	0.0	0.0	0.0026021125
62.942	0.0	0.0	0.0028704
63.017	0.0	0.0	0.0028921750000000003
63.097	0.0	0.0	0.0029154125000000006
63.185	0.0	0.0	0.0029406000000000002
63.278	0.0	0.0	0.002967575
63.353	0.0	0.0	0.0026482625
63.434	0.0	0.0	0.0023055500000000004
63.522	0.0	0.0	0.0019314750000000002
63.615	0.0	0.0	0.0015340162500000001
63.69	0.0	0.0	0.0007568600000000001
63.771	0.0	0.0	-7.675200000000001e-05
63.859	0.0	0.0	-0.0009848312500000001
63.952	0.0	0.0	-0.0019491875
64.027	0.0	0.0	-0.0028892500000000003
64.107	0.0	0.0	-0.0038987
64.195	0.0	0.0	-0.0050006125
64.288	0.0	0.0	-0.0061737
64.363	0.0	0.0	-0.006661687500000001
64.444	0.0	0.0	-0.0071864
64.531	0.0	0.0	-0.007759375000000001
64.625	0.0	0.0	-0.008368425
64.7	0.0	0.0	-0.007865812500000001
64.78	0.0	0.0	-0.007325825000000001
64.868	0.0	0.0	-0.006735787500000001
64.961	0.0	0.0	-0.006107400000000001
65.036	0.0	0.0	-0.004599075
65.116	0.0	0.0	-0.0029744000000000003
65.204	0.0	0.0	-0.00119656875
65.298	0.0	0.0	0.000697385
65.373	0.0	0.0	0.0025536875
65.453	0.0	0.0	0.004550650000000001
65.541	0.0	0.0	0.006733025
65.635	0.0	0.0	0.009055475
65.709	0.0	0.0	0.010205325
65.79	0.0	0.0	0.011443249999999999
65.877	0.0	0.0	0.01279915
65.971	0.0	0.0	0.014245725000000002
66.046	0.0	0.0	0.013875550000000002
66.126	0.0	0.0	0.013476287500000001
66.214	0.0	0.0	0.013039000000000002
66.308	0.0	0.0	0.0125731125
66.382	0.0	0.0	0.0106383875
66.462	0.0	0.0	0.0085535125
66.55	0.0	0.0	0.0062686
66.644	0.0	0.0	0.003829800000000001
66.718	0.0	0.0	0.00118976
66.799	0.0	0.0	-0.0016622124999999999
66.887	0.0	0.0	-0.0047929375
66.981	0.0	0.0	-0.008135237500000001
67.056	0.0	0.0	-0.0101148125
67.136	0.0	0.0	-0.01225055
67.224	0.0	0.0	-0.014592012500000001
67.318	0.0	0.0	-0.017088500000000003
67.392	0.0	0.0	-0.017277
67.472	0.0	0.0	-0.0174785
67.56	0.0	0.0	-0.017701124999999998
67.654	0.0	0.0	-0.01794
67.728	0.0	0.0	-0.016124225000000002
67.809	0.0	0.0	-0.014161225000000001
67.897	0.0	0.0	-0.012004200000000001
67.991	0.0	0.0	-0.009701250000000002
68.065	0.0	0.0	-0.006755937500000001
68.145	0.0	0.0	-0.0035724000000000003
68.233	0.0	0.0	-7.086300000000002e-05
68.327	0.0	0.0	0.0036749375000000003
68.401	0.0	0.0	0.0062632375
68.481	0.0	0.0	0.0090662
68.57	0.0	0.0	0.0121502875
68.664	0.0	0.0	0.01544595
68.738	0.0	0.0	0.016342625000000003
68.818	0.0	0.0	0.017314375000000003
68.906	0.0	0.0	0.018382000000000003
69.0	0.0	0.0	0.019526
69.074	0.0	0.0	0.0183105
69.154	0.0	0.0	0.016992625
69.242	0.0	0.0	0.015538574999999999
69.337	0.0	0.0	0.013981987500000001
69.411	0.0	0.0	0.0113306375
69.491	0.0	0.0	0.008458775000000002
69.58	0.0	0.0	0.005295875
69.674	0.0	0.0	0.0019127875000000002
69.748	0.0	0.0	-0.0007552512500000001
69.827	0.0	0.0	-0.0036482875000000007
69.916	0.0	0.0	-0.0068414125000000004
70.01	0.0	0.0	-0.0102649625
70.084	0.0	0.0	-0.011642962500000001
70.164	0.0	0.0	-0.013139425000000001
70.252	0.0	0.0	-0.014791400000000003
70.347	0.0	0.0	-0.016560375000000002
70.421	0.0	0.0	-0.016083762500000005
70.5	0.0	0.0	-0.015566687500000002
70.588	0.0	0.0	-0.014995662500000001
70.683	0.0	0.0	-0.014383037500000001
70.757	0.0	0.0	-0.012498687500000001
70.837	0.0	0.0	-0.010448587500000002
70.925	0.0	0.0	-0.008180575
71.02	0.0	0.0	-0.0057474625000000015
71.094	0.0	0.0	-0.0035576124999999997
71.174	0.0	0.0	-0.0011787587500000003
71.262	0.0	0.0	0.0014496625000000002
71.357	0.0	0.0	0.004266762500000001
71.43	0.0	0.0	0.005635825000000001
71.51	0.0	0.0	0.00712465
71.598	0.0	0.0	0.0087732125
71.693	0.0	0.0	0.010544300000000001
71.766	0.0	0.0	0.0105863875
71.846	0.0	0.0	0.01063205
71.935	0.0	0.0	0.0106825875
72.03	0.0	0.0	0.010736862500000001
72.103	0.0	0.0	0.009706125000000001
72.183	0.0	0.0	0.008584225000000001
72.271	0.0	0.0	0.0073411
72.366	0.0	0.0	0.0060048625
72.439	0.0	0.0	0.004657250000000001
72.519	0.0	0.0	0.0031867874999999997
72.608	0.0	0.0	0.0015548812500000002
72.703	0.0	0.0	-0.00019956625
72.776	0.0	0.0	-0.00112672625
72.856	0.0	0.0	-0.0021368750000000003
72.945	0.0	0.0	-0.0032566625
73.04	0.0	0.0	-0.004459325000000001
73.113	0.0	0.0	-0.0046486375
73.192	0.0	0.0	-0.004855175000000001
73.281	0.0	0.0	-0.005084625
73.376	0.0	0.0	-0.005331625
73.449	0.0	0.0	-0.0049619375
73.529	0.0	0.0	-0.0045579625
73.618	0.0	0.0	-0.004109300000000001
73.713	0.0	0.0	-0.003627
73.786	0.0	0.0	-0.0030593875000000004
73.865	0.0	0.0	-0.0024397750000000004
73.954	0.0	0.0	-0.0017506125
74.049	0.0	0.0	-0.0010083125
74.122	0.0	0.0	-0.0004324937500000001
74.202	0.0	0.0	0.00019732375000000002
74.29	0.0	0.0	0.0008979425
74.386	0.0	0.0	0.0016519750000000002
74.459	0.0	0.0	0.0021612500000000004
74.538	0.0	0.0	0.0027178125
74.627	0.0	0.0	0.003337425
74.722	0.0	0.0	0.0040053
74.795	0.0	0.0	0.0042150875
74.874	0.0	0.0	0.004445025
74.963	0.0	0.0	0.004701287500000001
75.059	0.0	0.0	0.0049775375
75.132	0.0	0.0	0.00460655
75.212	0.0	0.0	0.004200625000000001
75.3	0.0	0.0	0.0037485500000000007
75.396	0.0	0.0	0.0032617
75.468	0.0	0.0	0.0023255375000000005
75.548	0.0	0.0	0.00130011375
75.636	0.0	0.0	0.000155767625
75.732	0.0	0.0	-0.0010797150000000002
75.805	0.0	0.0	-0.0021627125
75.884	0.0	0.0	-0.00335075
75.973	0.0	0.0	-0.004676587500000001
76.069	0.0	0.0	-0.0061062625
76.141	0.0	0.0	-0.0066974375
76.221	0.0	0.0	-0.007345487500000001
76.309	0.0	0.0	-0.0080692625
76.405	0.0	0.0	-0.008850887500000001
76.477	0.0	0.0	-0.008499562500000002
76.557	0.0	0.0	-0.008113462500000002
76.646	0.0	0.0	-0.007681537500000001
76.742	0.0	0.0	-0.007215000000000001
76.815	0.0	0.0	-0.005965375
76.894	0.0	0.0	-0.0045942000000000005
76.983	0.0	0.0	-0.0030624750000000003
77.079	0.0	0.0	-0.00140933
77.151	0.0	0.0	0.00014449500000000002
77.23	0.0	0.0	0.0018515250000000001
77.319	0.0	0.0	0.0037626875000000004
77.415	0.0	0.0	0.0058303375
77.487	0.0	0.0	0.006879925
77.567	0.0	0.0	0.008034975
77.656	0.0	0.0	0.0093279875
77.752	0.0	0.0	0.010725000000000002
77.824	0.0	0.0	0.0106678
77.903	0.0	0.0	0.0106049125
77.992	0.0	0.0	0.01053455
78.088	0.0	0.0	0.010458337500000001
78.16	0.0	0.0	0.009267375000000001
78.239	0.0	0.0	0.007954862500000002
78.329	0.0	0.0	0.006481962500000001
78.425	0.0	0.0	0.004887512500000001
78.497	0.0	0.0	0.0031362500000000006
78.577	0.0	0.0	0.00120856125
78.666	0.0	0.0	-0.0009516812500000001
78.762	0.0	0.0	-0.0032880250000000004
78.834	0.0	0.0	-0.004703075000000001
78.913	0.0	0.0	-0.006262425000000001
79.002	0.0	0.0	-0.0080140125
79.098	0.0	0.0	-0.0099126625
79.17	0.0	0.0	-0.0102864125
79.249	0.0	0.0	-0.010699
79.338	0.0	0.0	-0.01116245
79.435	0.0	0.0	-0.011664250000000001
79.507	0.0	0.0	-0.010820550000000002
79.586	0.0	0.0	-0.009890237500000001
79.675	0.0	0.0	-0.008844550000000001
79.771	0.0	0.0	-0.007710300000000001
79.843	0.0	0.0	-0.006095862500000001
79.922	0.0	0.0	-0.0043109625
80.011	0.0	0.0	-0.00230165
80.108	0.0	0.0	-0.000122188625
80.18	0.0	0.0	0.0014469325000000003
80.259	0.0	0.0	0.0031793125
80.348	0.0	0.0	0.005126875
80.445	0.0	0.0	0.0072375875
80.516	0.0	0.0	0.007989800000000002
80.595	0.0	0.0	0.00882115
80.684	0.0	0.0	0.009757962500000002
80.781	0.0	0.0	0.010775537500000001
80.853	0.0	0.0	0.010396100000000002
80.932	0.0	0.0	0.009976037500000002
81.021	0.0	0.0	0.009502837500000002
81.118	0.0	0.0	0.0089893375
81.189	0.0	0.0	0.0077302875
81.268	0.0	0.0	0.0063373375
81.357	0.0	0.0	0.004766125
81.454	0.0	0.0	0.00305825
81.525	0.0	0.0	0.0015771437500000003
81.605	0.0	0.0	-6.4624625e-05
81.694	0.0	0.0	-0.0019170125000000002
81.791	0.0	0.0	-0.003928275
81.862	0.0	0.0	-0.004904250000000001
81.941	0.0	0.0	-0.005984875000000001
82.03	0.0	0.0	-0.007205250000000001
82.127	0.0	0.0	-0.00853255
82.198	0.0	0.0	-0.008582437500000002
82.277	0.0	0.0	-0.008637687500000001
82.367	0.0	0.0	-0.008700250000000001
82.464	0.0	0.0	-0.0087683375
82.535	0.0	0.0	-0.0079405625
82.615	0.0	0.0	-0.007022924999999999
82.704	0.0	0.0	-0.005986500000000001
82.801	0.0	0.0	-0.004860212500000001
82.872	0.0	0.0	-0.0036299250000000004
82.951	0.0	0.0	-0.002264275
83.04	0.0	0.0	-0.0007184937500000001
83.137	0.0	0.0	0.0009653150000000002
83.208	0.0	0.0	0.00198705
83.287	0.0	0.0	0.0031230875000000003
83.377	0.0	0.0	0.00440895
83.474	0.0	0.0	0.00580775
83.545	0.0	0.0	0.0061553375
83.624	0.0	0.0	0.0065416
83.713	0.0	0.0	0.0069790500000000005
83.81	0.0	0.0	0.007455824999999999
83.881	0.0	0.0	0.007036249999999999
83.96	0.0	0.0	0.006568900000000001
84.049	0.0	0.0	0.006038825
84.147	0.0	0.0	0.0054611375
84.218	0.0	0.0	0.004551462500000001
84.297	0.0	0.0	0.0035399
84.387	0.0	0.0	0.0023937875000000003
84.484	0.0	0.0	0.0011458687500000002
84.555	0.0	0.0	0.00023811125000000003
84.633	0.0	0.0	-0.0007726875000000002
84.723	0.0	0.0	-0.0019205875
84.82	0.0	0.0	-0.0031734625000000003
84.891	0.0	0.0	-0.0036567375000000004
84.97	0.0	0.0	-0.004195750000000001
85.059	0.0	0.0	-0.004807887500000001
85.157	0.0	0.0	-0.00547495
85.228	0.0	0.0	-0.0053600625
85.306	0.0	0.0	-0.0052318500000000006
85.395	0.0	0.0	-0.0050862500000000005
85.493	0.0	0.0	-0.004927325000000001
85.564	0.0	0.0	-0.004355812500000001
85.642	0.0	0.0	-0.0037173500000000003
85.732	0.0	0.0	-0.00299065
85.83	0.0	0.0	-0.002197
85.901	0.0	0.0	-0.0015093000000000003
85.98	0.0	0.0	-0.0007420237500000001
86.069	0.0	0.0	0.00013013162500000001
86.167	0.0	0.0	0.001081665
86.237	0.0	0.0	0.00153544625
86.316	0.0	0.0	0.0020423000000000004
86.405	0.0	0.0	0.0026198250000000005
86.503	0.0	0.0	0.0032513
86.573	0.0	0.0	0.0033031375
86.652	0.0	0.0	0.0033611500000000002
86.742	0.0	0.0	0.003427287500000001
86.84	0.0	0.0	0.003499437500000001
86.91	0.0	0.0	0.003208725
86.989	0.0	0.0	0.0028835625
87.078	0.0	0.0	0.0025127375000000003
87.176	0.0	0.0	0.0021071375000000004
87.246	0.0	0.0	0.0016927625000000004
87.325	0.0	0.0	0.0012286625
87.415	0.0	0.0	0.0006992700000000001
87.513	0.0	0.0	0.000120576625
87.583	0.0	0.0	-0.00018291000000000002
87.661	0.0	0.0	-0.0005225675
87.751	0.0	0.0	-0.0009103250000000001
87.849	0.0	0.0	-0.001334905
87.919	0.0	0.0	-0.0014109550000000002
87.998	0.0	0.0	-0.0014962675
88.088	0.0	0.0	-0.0015938162500000002
88.186	0.0	0.0	-0.001700725
88.256	0.0	0.0	-0.00158487875
88.335	0.0	0.0	-0.0014551550000000003
88.425	0.0	0.0	-0.0013070525000000003
88.523	0.0	0.0	-0.0011450075
88.593	0.0	0.0	-0.0009715712500000002
88.671	0.0	0.0	-0.0007769775
88.761	0.0	0.0	-0.0005542875
88.859	0.0	0.0	-0.00031008250000000005
88.929	0.0	0.0	-0.0002013375
89.008	0.0	0.0	-7.9144e-05
89.097	0.0	0.0	6.0682375000000005e-05
89.196	0.0	0.0	0.00021381750000000002
89.266	0.0	0.0	0.0002316275
89.344	0.0	0.0	0.00025159875
89.434	0.0	0.0	0.00027449500000000003
89.532	0.0	0.0	0.00029960125
89.602	0.0	0.0	0.00031204875000000003
89.68	0.0	0.0	0.00032605625000000005
89.77	0.0	0.0	0.0003421275
89.869	0.0	0.0	0.00035975875000000005
89.939	0.0	0.0	0.0003582475
90.017	0.0	0.0	0.00035657375000000004
90.107	0.0	0.0	0.00035464000000000003
90.206	0.0	0.0	0.00035251125
90.275	0.0	0.0	0.00026524875000000003
90.354	0.0	0.0	0.0001670175
90.443	0.0	0.0	5.42425e-05
90.542	0.0	0.0	-6.9671875e-05
90.612	0.0	0.0	-0.00021888750000000003
90.69	0.0	0.0	-0.000387075
90.78	0.0	0.0	-0.0005801574999999999
90.879	0.0	0.0	-0.0007920575000000002
90.948	0.0	0.0	-0.0009064412500000001
91.027	0.0	0.0	-0.0010352875000000001
91.116	0.0	0.0	-0.001183325
91.215	0.0	0.0	-0.0013460687500000002
91.284	0.0	0.0	-0.00132744625
91.363	0.0	0.0	-0.00130641875
91.453	0.0	0.0	-0.0012822387500000003
91.552	0.0	0.0	-0.0012556375000000002
91.622	0.0	0.0	-0.0010733937500000002
91.7	0.0	0.0	-0.0008678962499999999
91.79	0.0	0.0	-0.000631735
91.889	0.0	0.0	-0.00037235250000000006
91.958	0.0	0.0	-9.780387500000001e-05
92.036	0.0	0.0	0.00021217625000000004
92.126	0.0	0.0	0.0005692700000000001
92.225	0.0	0.0	0.0009623575000000001
92.294	0.0	0.0	0.00118997125
92.373	0.0	0.0	0.00144733875
92.463	0.0	0.0	0.0017437875000000003
92.562	0.0	0.0	0.0020697625
92.631	0.0	0.0	0.0021097375
92.709	0.0	0.0	0.0021549125000000003
92.799	0.0	0.0	0.0022069125000000003
92.898	0.0	0.0	0.002264275
92.967	0.0	0.0	0.0020592
93.045	0.0	0.0	0.0018269875000000004
93.136	0.0	0.0	0.0015587650000000002
93.235	0.0	0.0	0.0012633887500000003
93.304	0.0	0.0	0.0008820175
93.382	0.0	0.0	0.00045061250000000004
93.473	0.0	0.0	-4.676100000000001e-05
93.572	0.0	0.0	-0.0005941
93.641	0.0	0.0	-0.0009701737500000002
93.719	0.0	0.0	-0.0013961512500000003
93.809	0.0	0.0	-0.0018884125
93.908	0.0	0.0	-0.0024314875
93.977	0.0	0.0	-0.0026008125000000007
94.055	0.0	0.0	-0.0027928875
94.145	0.0	0.0	-0.0030147
94.245	0.0	0.0	-0.003259262500000001
94.314	0.0	0.0	-0.0031006625000000003
94.392	0.0	0.0	-0.0029209375000000004
94.482	0.0	0.0	-0.0027129375000000005
94.581	0.0	0.0	-0.002483325
94.65	0.0	0.0	-0.0020379125000000004
94.728	0.0	0.0	-0.0015320175
94.818	0.0	0.0	-0.0009466112500000001
94.918	0.0	0.0	-0.00030119375000000004
94.987	0.0	0.0	0.00022618375
95.064	0.0	0.0	0.0008247362500000002
95.154	0.0	0.0	0.0015179125000000001
95.254	0.0	0.0	0.0022834500000000002
95.323	0.0	0.0	0.0026232375000000002
95.401	0.0	0.0	0.003009825
95.491	0.0	0.0	0.0034583250000000004
95.591	0.0	0.0	0.0039536250000000005
95.66	0.0	0.0	0.0039082875000000005
95.738	0.0	0.0	0.0038567750000000007
95.828	0.0	0.0	0.0037969750000000006
95.928	0.0	0.0	0.0037311625000000003
95.996	0.0	0.0	0.003296475
96.074	0.0	0.0	0.0028018250000000004
96.164	0.0	0.0	0.00222755
96.264	0.0	0.0	0.0015924025
96.332	0.0	0.0	0.0009684349999999999
96.41	0.0	0.0	0.00025741625
96.501	0.0	0.0	-0.0005679050000000001
96.601	0.0	0.0	-0.00147953
96.669	0.0	0.0	-0.0019758375
96.747	0.0	0.0	-0.0025410125000000006
96.837	0.0	0.0	-0.0031975125
96.937	0.0	0.0	-0.003923887500000001
97.005	0.0	0.0	-0.0040352
97.083	0.0	0.0	-0.004162275
97.174	0.0	0.0	-0.0043101500000000004
97.274	0.0	0.0	-0.0044737875000000005
97.342	0.0	0.0	-0.0041361125000000006
97.42	0.0	0.0	-0.0037513125000000003
97.511	0.0	0.0	-0.0033041125000000003
97.611	0.0	0.0	-0.0028097875000000004
97.679	0.0	0.0	-0.002199925
97.757	0.0	0.0	-0.0015036125000000003
97.847	0.0	0.0	-0.0006926887500000002
97.947	0.0	0.0	0.00020587125000000003
98.015	0.0	0.0	0.0007782450000000001
98.093	0.0	0.0	0.0014326000000000002
98.184	0.0	0.0	0.0021945625000000003
98.284	0.0	0.0	0.0030379375000000003
98.352	0.0	0.0	0.0032851
98.429	0.0	0.0	0.0035673625000000003
98.52	0.0	0.0	0.0038964250000000002
98.62	0.0	0.0	0.0042614
98.688	0.0	0.0	0.0040807000000000005
98.766	0.0	0.0	0.003873675
98.856	0.0	0.0	0.0036320374999999996
98.957	0.0	0.0	0.0033642375
99.025	0.0	0.0	0.0028762500000000003
99.103	0.0	0.0	0.0023180625000000002
99.194	0.0	0.0	0.00166725
99.294	0.0	0.0	0.0009466275000000002
99.362	0.0	0.0	0.00042505124999999994
99.439	0.0	0.0	-0.00017228250000000004
99.53	0.0	0.0	-0.0008702525
99.63	0.0	0.0	-0.0016451500000000002
99.698	0.0	0.0	-0.0019446375000000003
99.776	0.0	0.0	-0.002288
99.866	0.0	0.0	-0.0026892125000000005
99.967	0.0	0.0	-0.003133975
100.035	0.0	0.0	-0.0030957875000000006
100.112	0.0	0.0	-0.0030519125
100.202	0.0	0.0	-0.003000725
100.303	0.0	0.0	-0.0029436875
100.371	0.0	0.0	-0.0026411125000000003
100.448	0.0	0.0	-0.0022936875
100.539	0.0	0.0	-0.0018871125000000002
100.64	0.0	0.0	-0.0014359312500000002
100.707	0.0	0.0	-0.00106097875
100.785	0.0	0.0	-0.0006306787500000001
100.875	0.0	0.0	-0.000126815
100.976	0.0	0.0	0.00043322500000000003
101.043	0.0	0.0	0.0006953212500000001
101.121	0.0	0.0	0.0009969375
101.212	0.0	0.0	0.00135055375
101.313	0.0	0.0	0.001743625
101.381	0.0	0.0	0.0018037500000000002
101.458	0.0	0.0	0.0018728125000000001
101.549	0.0	0.0	0.001953575
101.65	0.0	0.0	0.002043275
101.717	0.0	0.0	0.0019191250000000003
101.794	0.0	0.0	0.0017762875
101.885	0.0	0.0	0.001608555
101.986	0.0	0.0	0.0014218750000000002
102.053	0.0	0.0	0.0011828212500000002
102.131	0.0	0.0	0.0009073512500000001
102.222	0.0	0.0	0.0005840900000000001
102.323	0.0	0.0	0.000224705
102.39	0.0	0.0	-4.604925e-05
102.467	0.0	0.0	-0.00035780875
102.558	0.0	0.0	-0.0007240350000000002
102.659	0.0	0.0	-0.0011318612500000002
102.726	0.0	0.0	-0.00133319875
102.803	0.0	0.0	-0.001565655
102.895	0.0	0.0	-0.0018390125
102.996	0.0	0.0	-0.0021435375000000002
103.063	0.0	0.0	-0.0021612500000000004
103.141	0.0	0.0	-0.0021817250000000002
103.232	0.0	0.0	-0.002205775
103.333	0.0	0.0	-0.002232425
103.4	0.0	0.0	-0.0020081750000000005
103.477	0.0	0.0	-0.0017491500000000003
103.568	0.0	0.0	-0.0014442675000000001
103.669	0.0	0.0	-0.0011041875
103.736	0.0	0.0	-0.0007030075000000001
103.813	0.0	0.0	-0.00023920000000000001
103.904	0.0	0.0	0.00030688125000000004
104.006	0.0	0.0	0.00091511875
104.073	0.0	0.0	0.0012994150000000002
104.15	0.0	0.0	0.0017434625000000003
104.241	0.0	0.0	0.0022667125000000003
104.342	0.0	0.0	0.0028504125000000003
104.409	0.0	0.0	0.0029953625000000003
104.486	0.0	0.0	0.0031630625
104.577	0.0	0.0	0.0033611500000000002
104.679	0.0	0.0	0.0035819875
104.746	0.0	0.0	0.0033658625000000005
104.823	0.0	0.0	0.0031157750000000003
104.914	0.0	0.0	0.0028211625000000005
105.016	0.0	0.0	0.00249275
105.082	0.0	0.0	0.0019914375
105.159	0.0	0.0	0.0014109550000000002
105.25	0.0	0.0	0.0007250912500000001
105.352	0.0	0.0	-4.1244125e-05
105.419	0.0	0.0	-0.0005854062500000001
105.496	0.0	0.0	-0.0012166375000000002
105.587	0.0	0.0	-0.0019621875000000004
105.689	0.0	0.0	-0.00279435
105.755	0.0	0.0	-0.0030897750000000003
105.832	0.0	0.0	-0.0034324875000000003
105.923	0.0	0.0	-0.0038374375000000006
106.025	0.0	0.0	-0.004290325000000001
106.091	0.0	0.0	-0.004169750000000001
106.169	0.0	0.0	-0.0040298375
106.26	0.0	0.0	-0.0038639250000000003
106.362	0.0	0.0	-0.0036786750000000006
106.429	0.0	0.0	-0.003192800000000001
106.506	0.0	0.0	-0.0026289250000000003
106.597	0.0	0.0	-0.0019621875000000004
106.699	0.0	0.0	-0.00121753125
106.765	0.0	0.0	-0.00062044125
106.842	0.0	0.0	7.350687500000001e-05
106.933	0.0	0.0	0.0008960412500000001
107.035	0.0	0.0	0.0018167500000000002
107.101	0.0	0.0	0.0022218625000000004
107.178	0.0	0.0	0.0026934375
107.27	0.0	0.0	0.0032521125000000003
107.372	0.0	0.0	0.0038767625000000003
107.438	0.0	0.0	0.0038915500000000006
107.515	0.0	0.0	0.0039089375
107.606	0.0	0.0	0.003929412500000001
107.708	0.0	0.0	0.0039523250000000005
107.774	0.0	0.0	0.003595312500000001
107.851	0.0	0.0	0.0031793125
107.943	0.0	0.0	0.002685475
108.045	0.0	0.0	0.0021331375
108.111	0.0	0.0	0.0016148762500000002
108.188	0.0	0.0	0.0010113350000000001
108.279	0.0	0.0	0.00029445000000000003
108.381	0.0	0.0	-0.0005089337500000001
108.447	0.0	0.0	-0.0009166462500000001
108.524	0.0	0.0	-0.00139280375
108.615	0.0	0.0	-0.0019591000000000005
108.718	0.0	0.0	-0.0025936625000000002
108.784	0.0	0.0	-0.0027059500000000004
108.861	0.0	0.0	-0.0028367625000000002
108.953	0.0	0.0	-0.0029921125000000005
109.055	0.0	0.0	-0.0031661500000000004
109.121	0.0	0.0	-0.0029744000000000003
109.197	0.0	0.0	-0.0027503125
109.289	0.0	0.0	-0.0024834875
109.391	0.0	0.0	-0.0021841625
109.457	0.0	0.0	-0.0018339750000000003
109.534	0.0	0.0	-0.00142441
109.625	0.0	0.0	-0.0009368775000000001
109.728	0.0	0.0	-0.00039043875000000004
109.794	0.0	0.0	-8.0182375e-05
109.87	0.0	0.0	0.00028240875000000004
109.961	0.0	0.0	0.0007144962500000001
110.064	0.0	0.0	0.0011996075
110.13	0.0	0.0	0.0013368387500000002
110.206	0.0	0.0	0.0014976487500000001
110.298	0.0	0.0	0.0016895125
110.401	0.0	0.0	0.0019049875000000005
110.467	0.0	0.0	0.0018490875
110.544	0.0	0.0	0.0017837625
110.635	0.0	0.0	0.0017057625000000004
110.738	0.0	0.0	0.0016184675000000001
110.803	0.0	0.0	0.00143875875
110.88	0.0	0.0	0.0012281750000000002
110.971	0.0	0.0	0.000976625
111.074	0.0	0.0	0.0006937775000000001
111.139	0.0	0.0	0.00048033375000000004
111.216	0.0	0.0	0.00022984000000000004
111.308	0.0	0.0	-6.9314375e-05
111.411	0.0	0.0	-0.0004052425
111.476	0.0	0.0	-0.00057513625
111.553	0.0	0.0	-0.0007743612500000001
111.644	0.0	0.0	-0.00101255375
111.747	0.0	0.0	-0.0012804837500000003
111.812	0.0	0.0	-0.0013441350000000002
111.889	0.0	0.0	-0.00141899875
111.981	0.0	0.0	-0.0015086175
112.084	0.0	0.0	-0.0016094162500000003
112.149	0.0	0.0	-0.00152410375
112.226	0.0	0.0	-0.00142393875
112.318	0.0	0.0	-0.0013041925
112.421	0.0	0.0	-0.0011696100000000002
112.486	0.0	0.0	-0.0009527212500000001
112.562	0.0	0.0	-0.0006976937500000001
112.654	0.0	0.0	-0.00039204750000000003
112.757	0.0	0.0	-4.77555e-05
112.822	0.0	0.0	0.00020817875000000004
112.899	0.0	0.0	0.0005095675000000001
112.991	0.0	0.0	0.0008706425
113.094	0.0	0.0	0.0012768275
113.159	0.0	0.0	0.0014351350000000001
113.235	0.0	0.0	0.0016214737500000003
113.327	0.0	0.0	0.0018450250000000004
113.43	0.0	0.0	0.0020970625
113.495	0.0	0.0	0.0020595250000000004
113.572	0.0	0.0	0.0020154875000000004
113.664	0.0	0.0	0.0019625125
113.767	0.0	0.0	0.0019028749999999998
113.832	0.0	0.0	0.0016739125000000002
113.908	0.0	0.0	0.0014039837500000002
114.0	0.0	0.0	0.0010798287500000002
114.103	0.0	0.0	0.0007142850000000002
114.168	0.0	0.0	0.0004060875
114.244	0.0	0.0	4.1899000000000007e-05
114.336	0.0	0.0	-0.0003960125
114.44	0.0	0.0	-0.00088985
114.505	0.0	0.0	-0.0011167325000000002
114.581	0.0	0.0	-0.0013843862500000001
114.673	0.0	0.0	-0.0017057625000000004
114.777	0.0	0.0	-0.0020679750000000005
114.841	0.0	0.0	-0.0020951125000000003
114.918	0.0	0.0	-0.0021272875
115.009	0.0	0.0	-0.0021659625
115.113	0.0	0.0	-0.0022096750000000004
115.178	0.0	0.0	-0.0020297875
115.254	0.0	0.0	-0.0018169125000000001
115.346	0.0	0.0	-0.0015608125000000001
115.45	0.0	0.0	-0.00127190375
115.514	0.0	0.0	-0.00098613125
115.591	0.0	0.0	-0.0006481962500000001
115.682	0.0	0.0	-0.00024100375000000004
115.786	0.0	0.0	0.00021900125000000003
115.85	0.0	0.0	0.0004639375
115.927	0.0	0.0	0.0007543900000000002
116.019	0.0	0.0	0.00110478875
116.123	0.0	0.0	0.00150063875
116.188	0.0	0.0	0.0015907450000000002
116.264	0.0	0.0	0.0016974750000000002
116.356	0.0	0.0	0.0018258500000000004
116.46	0.0	0.0	0.0019709625000000003
116.524	0.0	0.0	0.001878175
116.6	0.0	0.0	0.0017681625000000002
116.692	0.0	0.0	0.0016350750000000002
116.796	0.0	0.0	0.00148474625
116.86	0.0	0.0	0.0012669962500000001
116.937	0.0	0.0	0.00100841
117.029	0.0	0.0	0.0006961825000000001
117.133	0.0	0.0	0.00034339500000000003
117.197	0.0	0.0	0.00010676087499999999
117.273	0.0	0.0	-0.00017407000000000002
117.365	0.0	0.0	-0.0005135325000000001
117.469	0.0	0.0	-0.0008977475000000001
117.533	0.0	0.0	-0.0010501887500000001
117.609	0.0	0.0	-0.001231555
117.702	0.0	0.0	-0.0014510275
117.806	0.0	0.0	-0.0016994250000000003
117.87	0.0	0.0	-0.0017004000000000001
117.946	0.0	0.0	-0.0017015375000000003
118.039	0.0	0.0	-0.001703
118.143	0.0	0.0	-0.0017046250000000004
118.207	0.0	0.0	-0.00154701625
118.283	0.0	0.0	-0.0013599787500000002
118.375	0.0	0.0	-0.0011341850000000002
118.479	0.0	0.0	-0.0008792062500000001
118.542	0.0	0.0	-0.00063012625
118.612	0.0	0.0	-0.00033312500000000003
118.712	0.0	0.0	2.8296125e-05
118.812	0.0	0.0	0.000439725
118.872	0.0	0.0	0.0006739362500000002
118.952	0.0	0.0	0.00095525625
119.042	0.0	0.0	0.0012977737500000002
119.152	0.0	0.0	0.0016865875000000004
119.222	0.0	0.0	0.0017808375000000001
119.292	0.0	0.0	0.0018923125000000003
119.392	0.0	0.0	0.0020262125000000005
119.492	0.0	0.0	0.0021765250000000003
119.552	0.0	0.0	0.0020689500000000004
119.632	0.0	0.0	0.0019407375000000003
119.722	0.0	0.0	0.0017845750000000003
119.822	0.0	0.0	0.0016062475
119.882	0.0	0.0	0.0013341250000000002
119.962	0.0	0.0	0.0010049000000000002
120.052	0.0	0.0	0.0006021925
120.162	0.0	0.0	0.00014435525
120.232	0.0	0.0	-0.00016963375
120.302	0.0	0.0	-0.000541255
120.402	0.0	0.0	-0.00098798375
120.502	0.0	0.0	-0.0014901250000000003
120.562	0.0	0.0	-0.0016661125000000001
120.642	0.0	0.0	-0.0018759000000000002
120.732	0.0	0.0	-0.002132325
120.832	0.0	0.0	-0.0024256375
120.892	0.0	0.0	-0.0023824125
120.972	0.0	0.0	-0.002329925
121.062	0.0	0.0	-0.002265575
121.172	0.0	0.0	-0.0021922875000000004
121.242	0.0	0.0	-0.0019350500000000002
121.312	0.0	0.0	-0.0016297125
121.412	0.0	0.0	-0.0012621700000000002
121.512	0.0	0.0	-0.00084851
121.572	0.0	0.0	-0.00052853125
121.652	0.0	0.0	-0.000146081
121.742	0.0	0.0	0.00032222125000000006
121.842	0.0	0.0	0.0008583087499999999
121.902	0.0	0.0	0.0010952012500000002
121.982	0.0	0.0	0.0013830862500000003
122.072	0.0	0.0	0.0017366375000000002
122.182	0.0	0.0	0.0021393124999999997
122.242	0.0	0.0	0.0021716500000000002
122.322	0.0	0.0	0.00221
122.422	0.0	0.0	0.0022564750000000004
122.522	0.0	0.0	0.0023086375000000003
122.582	0.0	0.0	0.00213525
122.662	0.0	0.0	0.0019275750000000002
122.752	0.0	0.0	0.0016727750000000003
122.852	0.0	0.0	0.0013806650000000003
122.912	0.0	0.0	0.0010986625000000002
122.992	0.0	0.0	0.0007552187500000001
123.082	0.0	0.0	0.00033271875000000006
123.192	0.0	0.0	-0.00014915225
123.252	0.0	0.0	-0.00039815750000000007
123.332	0.0	0.0	-0.0006946875000000001
123.422	0.0	0.0	-0.0010532437500000002
123.532	0.0	0.0	-0.0014575925000000001
123.592	0.0	0.0	-0.00154375
123.672	0.0	0.0	-0.0016472625
123.762	0.0	0.0	-0.0017743375000000001
123.862	0.0	0.0	-0.0019202625000000002
123.922	0.0	0.0	-0.0018323500000000002
124.002	0.0	0.0	-0.0017252625000000001
124.092	0.0	0.0	-0.00159306875
124.202	0.0	0.0	-0.0014422037500000002
124.262	0.0	0.0	-0.00123579625
124.342	0.0	0.0	-0.00098947875
124.432	0.0	0.0	-0.00069106375
124.542	0.0	0.0	-0.0003541850000000001
124.602	0.0	0.0	-0.00015743975
124.672	0.0	0.0	7.929187500000001e-05
124.772	0.0	0.0	0.0003709062500000001
124.872	0.0	0.0	0.0007058025
124.932	0.0	0.0	0.0008148725000000001
125.012	0.0	0.0	0.000948285
125.102	0.0	0.0	0.0011130437500000002
125.212	0.0	0.0	0.0013013650000000003
125.272	0.0	0.0	0.0012837175
125.352	0.0	0.0	0.0012626087500000002
125.442	0.0	0.0	0.0012369825000000001
125.552	0.0	0.0	0.00120804125
125.612	0.0	0.0	0.00109559125
125.682	0.0	0.0	0.00096000125
125.782	0.0	0.0	0.0007926425
125.882	0.0	0.0	0.0006002262500000001
125.942	0.0	0.0	0.00044884125
126.022	0.0	0.0	0.00026323375
126.112	0.0	0.0	3.3572500000000004e-05
126.222	0.0	0.0	-0.00022917374999999998
126.282	0.0	0.0	-0.0003611725
126.362	0.0	0.0	-0.0005193662500000001
126.452	0.0	0.0	-0.00071175
126.562	0.0	0.0	-0.0009294025000000001
126.622	0.0	0.0	-0.0009849612500000002
126.692	0.0	0.0	-0.0010521225000000001
126.792	0.0	0.0	-0.00113516
126.892	0.0	0.0	-0.0012307425000000001
126.952	0.0	0.0	-0.0011836337500000002
127.032	0.0	0.0	-0.001125735
127.122	0.0	0.0	-0.0010539587500000003
127.232	0.0	0.0	-0.0009717662500000001
127.292	0.0	0.0	-0.00081342625
127.372	0.0	0.0	-0.0006233175000000001
127.462	0.0	0.0	-0.0003917875
127.572	0.0	0.0	-0.00012966037500000002
127.632	0.0	0.0	7.381562500000001e-05
127.702	0.0	0.0	0.00032088875000000006
127.792	0.0	0.0	0.00062791625
127.902	0.0	0.0	0.0009823775000000002
127.962	0.0	0.0	0.0011479487500000002
128.042	0.0	0.0	0.0013504400000000003
128.132	0.0	0.0	0.0015996175
128.242	0.0	0.0	0.001882725
128.302	0.0	0.0	0.001897025
128.372	0.0	0.0	0.0019145750000000002
128.472	0.0	0.0	0.0019360250000000003
128.572	0.0	0.0	0.0019608875
128.632	0.0	0.0	0.0017756375
128.712	0.0	0.0	0.0015470487500000001
128.802	0.0	0.0	0.0012625762500000001
128.912	0.0	0.0	0.00093614625
128.972	0.0	0.0	0.0005969925000000001
129.052	0.0	0.0	0.000188175
129.142	0.0	0.0	-0.00031156125
129.252	0.0	0.0	-0.0008785237500000001
129.312	0.0	0.0	-0.0011875175
129.382	0.0	0.0	-0.0015632500000000002
129.472	0.0	0.0	-0.0020304375
129.582	0.0	0.0	-0.0025696125000000004
129.642	0.0	0.0	-0.0026882375000000006
129.722	0.0	0.0	-0.002834975
129.812	0.0	0.0	-0.0030177875000000002
129.922	0.0	0.0	-0.003227575
129.982	0.0	0.0	-0.0030394000000000007
130.062	0.0	0.0	-0.0028120625000000003
130.152	0.0	0.0	-0.0025335375000000004
130.262	0.0	0.0	-0.0022173125000000005
130.322	0.0	0.0	-0.0017979000000000003
130.392	0.0	0.0	-0.00128687
130.482	0.0	0.0	-0.0006501462500000001
130.592	0.0	0.0	8.545062500000001e-05
130.652	0.0	0.0	0.0005599425000000001
130.732	0.0	0.0	0.0011477862500000001
130.822	0.0	0.0	0.00188175
130.932	0.0	0.0	0.0027254500000000004
130.992	0.0	0.0	0.003003
131.072	0.0	0.0	0.0033388875
131.162	0.0	0.0	0.00375115
131.272	0.0	0.0	0.0042198
131.332	0.0	0.0	0.004122300000000001
131.402	0.0	0.0	0.004003187500000001
131.492	0.0	0.0	0.0038546625000000006
131.602	0.0	0.0	0.0036827375000000003
131.662	0.0	0.0	0.0032356999999999998
131.742	0.0	0.0	0.0026804374999999997
131.832	0.0	0.0	0.0019859125000000004
131.942	0.0	0.0	0.0011867050000000001
132.002	0.0	0.0	0.00058235125
132.082	0.0	0.0	-0.000150902375
132.172	0.0	0.0	-0.00105243125
132.282	0.0	0.0	-0.0020785375
132.342	0.0	0.0	-0.0024948625
132.412	0.0	0.0	-0.003004625
132.502	0.0	0.0	-0.0036422750000000004
132.612	0.0	0.0	-0.004380512500000001
132.672	0.0	0.0	-0.0044208125
132.752	0.0	0.0	-0.004471187500000001
132.842	0.0	0.0	-0.004534075
132.952	0.0	0.0	-0.0046067125
133.012	0.0	0.0	-0.0042199625000000004
133.092	0.0	0.0	-0.0037496875
133.182	0.0	0.0	-0.003170375
133.292	0.0	0.0	-0.0025104625000000004
133.352	0.0	0.0	-0.0019269250000000001
133.422	0.0	0.0	-0.0012107712500000001
133.512	0.0	0.0	-0.00031317000000000004
133.622	0.0	0.0	0.0007270737500000001
133.682	0.0	0.0	0.0012404275
133.762	0.0	0.0	0.0018807750000000001
133.852	0.0	0.0	0.0026849875
133.962	0.0	0.0	0.003612375
134.022	0.0	0.0	0.0037945375000000003
134.102	0.0	0.0	0.0040165125000000005
134.192	0.0	0.0	0.0042904875
134.302	0.0	0.0	0.0046028125
134.362	0.0	0.0	0.0043779125
134.432	0.0	0.0	0.004101175
134.522	0.0	0.0	0.0037535875000000002
134.632	0.0	0.0	0.0033504250000000006
134.692	0.0	0.0	0.0028561000000000003
134.772	0.0	0.0	0.0022381125
134.862	0.0	0.0	0.00146029
134.972	0.0	0.0	0.00056255875
135.032	0.0	0.0	4.758000000000001e-05
135.112	0.0	0.0	-0.0005813762500000001
135.202	0.0	0.0	-0.00135916625
135.312	0.0	0.0	-0.0022472125000000003
135.372	0.0	0.0	-0.0025005500000000003
135.442	0.0	0.0	-0.0028130375
135.532	0.0	0.0	-0.0032061250000000006
135.642	0.0	0.0	-0.0036627500000000006
135.702	0.0	0.0	-0.0035858875000000004
135.782	0.0	0.0	-0.0034895250000000003
135.872	0.0	0.0	-0.0033681375000000004
135.982	0.0	0.0	-0.0032279
136.042	0.0	0.0	-0.002881125
136.122	0.0	0.0	-0.002456675
136.212	0.0	0.0	-0.0019308250000000002
136.322	0.0	0.0	-0.001329965
136.382	0.0	0.0	-0.0009434587500000001
136.452	0.0	0.0	-0.0004658225
136.542	0.0	0.0	0.000136465875
136.652	0.0	0.0	0.0008366475000000002
136.712	0.0	0.0	0.0010938037500000002
136.792	0.0	0.0	0.0014168375000000002
136.882	0.0	0.0	0.001824875
136.992	0.0	0.0	0.0022967750000000005
137.052	0.0	0.0	0.0023198500000000005
137.132	0.0	0.0	0.0023482875000000003
137.222	0.0	0.0	0.0023835500000000003
137.332	0.0	0.0	0.00242385
137.392	0.0	0.0	0.0022501375
137.462	0.0	0.0	0.0020348250000000005
137.552	0.0	0.0	0.0017629625000000002
137.662	0.0	0.0	0.001446445
137.722	0.0	0.0	0.0011934325
137.792	0.0	0.0	0.00087485125
137.892	0.0	0.0	0.00047165625000000007
138.002	0.0	0.0	4.857775000000001e-06
138.062	0.0	0.0	-0.000201825
138.142	0.0	0.0	-0.0004559425000000001
138.232	0.0	0.0	-0.0007720375
138.342	0.0	0.0	-0.0011340225000000001
138.402	0.0	0.0	-0.001202305
138.472	0.0	0.0	-0.0012871137500000004
138.562	0.0	0.0	-0.0013944612500000001
138.672	0.0	0.0	-0.00151952125
138.732	0.0	0.0	-0.0014584700000000003
138.802	0.0	0.0	-0.0013814125
138.902	0.0	0.0	-0.0012837012500000002
139.012	0.0	0.0	-0.0011704550000000001
139.072	0.0	0.0	-0.0010236525
139.152	0.0	0.0	-0.0008427575
139.242	0.0	0.0	-0.0006173050000000001
139.352	0.0	0.0	-0.00035886500000000004
139.412	0.0	0.0	-0.00021185125000000002
139.482	0.0	0.0	-2.8877875e-05
139.572	0.0	0.0	0.00020323875
139.682	0.0	0.0	0.00047389875000000003
139.742	0.0	0.0	0.0005692537500000001
139.812	0.0	0.0	0.0006898612500000001
139.912	0.0	0.0	0.00084309875
140.022	0.0	0.0	0.0010208575000000002
140.082	0.0	0.0	0.0010258625
140.162	0.0	0.0	0.00103202125
140.252	0.0	0.0	0.0010397075000000001
140.362	0.0	0.0	0.0010485475
140.422	0.0	0.0	0.0009687600000000002
140.492	0.0	0.0	0.0008692125
140.582	0.0	0.0	0.0007426900000000002
140.692	0.0	0.0	0.0005949937500000001
140.752	0.0	0.0	0.00046858500000000004
140.822	0.0	0.0	0.00030831125
140.922	0.0	0.0	0.00010426812500000001
141.032	0.0	0.0	-0.00013266662500000003
141.092	0.0	0.0	-0.00024734125
141.172	0.0	0.0	-0.00038928499999999996
141.262	0.0	0.0	-0.000566865
141.372	0.0	0.0	-0.0007708675000000001
141.432	0.0	0.0	-0.0008136375000000001
141.502	0.0	0.0	-0.0008671325000000001
141.592	0.0	0.0	-0.0009352525000000001
141.702	0.0	0.0	-0.0010148612500000002
141.762	0.0	0.0	-0.0009732287500000001
141.832	0.0	0.0	-0.0009203187500000001
141.932	0.0	0.0	-0.00085281625
142.042	0.0	0.0	-0.0007743612500000001
142.102	0.0	0.0	-0.00066395875
142.182	0.0	0.0	-0.00052702
142.272	0.0	0.0	-0.00035546875000000004
142.382	0.0	0.0	-0.00015825225
142.442	0.0	0.0	-3.8280125e-05
142.512	0.0	0.0	0.00011251825
142.602	0.0	0.0	0.0003055
142.712	0.0	0.0	0.0005316837500000001
142.772	0.0	0.0	0.0006179387500000001
142.842	0.0	0.0	0.0007270087500000001
142.942	0.0	0.0	0.00086506875
143.052	0.0	0.0	0.0010243025000000001
143.112	0.0	0.0	0.0010303962500000001
143.182	0.0	0.0	0.0010380175
143.272	0.0	0.0	0.0010477350000000002
143.382	0.0	0.0	0.00105909375
143.442	0.0	0.0	0.0009719775000000001
143.512	0.0	0.0	0.0008607300000000001
143.612	0.0	0.0	0.0007183150000000002
143.722	0.0	0.0	0.0005524675
143.782	0.0	0.0	0.000392925
143.862	0.0	0.0	0.00019420375
143.952	0.0	0.0	-5.567087500000001e-05
144.062	0.0	0.0	-0.00034350875000000006
144.122	0.0	0.0	-0.0004940487500000001
144.192	0.0	0.0	-0.0006835725000000001
144.282	0.0	0.0	-0.0009262337500000001
144.392	0.0	0.0	-0.0012105600000000003
144.452	0.0	0.0	-0.0012798825000000002
144.522	0.0	0.0	-0.00136855875
144.622	0.0	0.0	-0.0014822437500000003
144.732	0.0	0.0	-0.0016147624999999998
144.792	0.0	0.0	-0.0015415562500000002
144.872	0.0	0.0	-0.0014501825000000001
144.962	0.0	0.0	-0.0013350675000000003
145.072	0.0	0.0	-0.00120232125
145.132	0.0	0.0	-0.0010104087500000002
145.202	0.0	0.0	-0.0007682675000000001
145.292	0.0	0.0	-0.00045756750000000004
145.402	0.0	0.0	-9.3171e-05
145.462	0.0	0.0	0.00014131000000000001
145.532	0.0	0.0	0.00044200000000000006
145.632	0.0	0.0	0.0008282300000000001
145.742	0.0	0.0	0.0012788100000000002
145.802	0.0	0.0	0.0014338025000000003
145.882	0.0	0.0	0.0016277625000000002
145.972	0.0	0.0	0.0018724874999999999
146.082	0.0	0.0	0.0021550750000000002
146.142	0.0	0.0	0.00213005
146.212	0.0	0.0	0.002098525
146.302	0.0	0.0	0.0020579
146.412	0.0	0.0	0.0020101250000000006
146.472	0.0	0.0	0.001802775
146.542	0.0	0.0	0.0015361775000000003
146.642	0.0	0.0	0.0011931075
146.752	0.0	0.0	0.0007924800000000001
146.812	0.0	0.0	0.00048530625000000005
146.892	0.0	0.0	0.000100085375
146.982	0.0	0.0	-0.00038715625
147.092	0.0	0.0	-0.00095012125
147.152	0.0	0.0	-0.00118207375
147.222	0.0	0.0	-0.0014762312500000002
147.312	0.0	0.0	-0.0018551000000000004
147.422	0.0	0.0	-0.0023005125000000004
147.482	0.0	0.0	-0.0023504000000000003
147.552	0.0	0.0	-0.0024147500000000002
147.652	0.0	0.0	-0.0024977875
147.762	0.0	0.0	-0.0025946375000000005
147.822	0.0	0.0	-0.0024152375000000004
147.892	0.0	0.0	-0.00218985
147.992	0.0	0.0	-0.0019040125000000002
148.102	0.0	0.0	-0.0015735525000000002
148.162	0.0	0.0	-0.00126605375
148.232	0.0	0.0	-0.00087516
148.322	0.0	0.0	-0.0003705975000000001
148.432	0.0	0.0	0.00022298250000000002
148.492	0.0	0.0	0.0005225187500000001
148.562	0.0	0.0	0.00090948
148.662	0.0	0.0	0.0014094275
148.772	0.0	0.0	0.0019943625
148.832	0.0	0.0	0.0021331375
148.902	0.0	0.0	0.0023078250000000003
149.002	0.0	0.0	0.0025298
149.112	0.0	0.0	0.00278655
149.172	0.0	0.0	0.0026910000000000007
149.242	0.0	0.0	0.0025691250000000002
149.332	0.0	0.0	0.0024116625000000004
149.442	0.0	0.0	0.0022260875000000005
149.502	0.0	0.0	0.0019456125000000002
149.572	0.0	0.0	0.00158262
149.672	0.0	0.0	0.0011126537500000002
149.782	0.0	0.0	0.0005622175000000001
149.842	0.0	0.0	0.00022568000000000005
149.912	0.0	0.0	-0.00019935500000000002
150.012	0.0	0.0	-0.0007400900000000001
150.122	0.0	0.0	-0.0013667387500000002
150.182	0.0	0.0	-0.00157207375
150.252	0.0	0.0	-0.0018344625000000002
150.342	0.0	0.0	-0.0021744125000000003
150.452	0.0	0.0	-0.0025751375
150.512	0.0	0.0	-0.0025697750000000003
150.582	0.0	0.0	-0.0025627875
150.682	0.0	0.0	-0.0025538500000000003
150.792	0.0	0.0	-0.0025431250000000002
150.852	0.0	0.0	-0.0023201750000000003
150.922	0.0	0.0	-0.0020379125000000004
151.022	0.0	0.0	-0.0016779750000000002
151.132	0.0	0.0	-0.0012605450000000003
151.192	0.0	0.0	-0.0009531275
151.262	0.0	0.0	-0.0005593412500000001
151.352	0.0	0.0	-4.8004125000000005e-05
151.462	0.0	0.0	0.0005553437500000001
151.522	0.0	0.0	0.0008133775000000001
151.592	0.0	0.0	0.00114921625
151.692	0.0	0.0	0.0015856425000000001
151.802	0.0	0.0	0.0020977125000000004
151.862	0.0	0.0	0.0021788000000000003
151.932	0.0	0.0	0.0022816625
152.032	0.0	0.0	0.0024129625000000004
152.142	0.0	0.0	0.0025655499999999998
152.202	0.0	0.0	0.002436525
152.272	0.0	0.0	0.0022709375000000004
152.362	0.0	0.0	0.002055625
152.472	0.0	0.0	0.00180115
152.532	0.0	0.0	0.0015312375000000001
152.602	0.0	0.0	0.001179165
152.702	0.0	0.0	0.0007207200000000001
152.812	0.0	0.0	0.00018224375000000002
152.872	0.0	0.0	-0.00010080362500000001
152.942	0.0	0.0	-0.00046085
153.042	0.0	0.0	-0.0009215700000000001
153.152	0.0	0.0	-0.0014570725000000002
153.212	0.0	0.0	-0.0015986912500000003
153.282	0.0	0.0	-0.0017810000000000002
153.372	0.0	0.0	-0.0020187375000000002
153.482	0.0	0.0	-0.0022997
153.542	0.0	0.0	-0.0022533875000000005
153.612	0.0	0.0	-0.002192775
153.712	0.0	0.0	-0.0021136375000000004
153.822	0.0	0.0	-0.0020206875
153.882	0.0	0.0	-0.0018071625000000003
153.952	0.0	0.0	-0.0015346825
154.052	0.0	0.0	-0.0011854050000000003
154.162	0.0	0.0	-0.000779025
154.222	0.0	0.0	-0.00052856375
154.292	0.0	0.0	-0.00020528624999999998
154.382	0.0	0.0	0.00021703500000000003
154.492	0.0	0.0	0.0007168200000000002
154.552	0.0	0.0	0.0008965287500000001
154.622	0.0	0.0	0.0011321537500000001
154.722	0.0	0.0	0.0014401725000000002
154.832	0.0	0.0	0.0018026125000000003
154.892	0.0	0.0	0.0018260125
154.962	0.0	0.0	0.0018559125
155.062	0.0	0.0	0.0018942625000000002
155.172	0.0	0.0	0.0019389500000000003
155.232	0.0	0.0	0.0018100874999999999
155.302	0.0	0.0	0.0016435249999999998
155.392	0.0	0.0	0.00142536875
155.502	0.0	0.0	0.0011669775
155.562	0.0	0.0	0.0009578725
155.632	0.0	0.0	0.0006830037500000001
155.732	0.0	0.0	0.00032300125000000004
155.842	0.0	0.0	-0.00010108637500000002
155.902	0.0	0.0	-0.000289185
155.972	0.0	0.0	-0.0005300750000000001
156.072	0.0	0.0	-0.0008399625
156.182	0.0	0.0	-0.0012011349999999999
156.232	0.0	0.0	-0.0012702625000000003
156.312	0.0	0.0	-0.00136020625
156.402	0.0	0.0	-0.0014785062500000002
156.512	0.0	0.0	-0.00161906875
156.572	0.0	0.0	-0.0015576112499999998
156.642	0.0	0.0	-0.0014772712500000001
156.742	0.0	0.0	-0.0013728487500000001
156.852	0.0	0.0	-0.0012507787500000002
156.912	0.0	0.0	-0.00110222125
156.982	0.0	0.0	-0.0009100325
157.072	0.0	0.0	-0.0006582712500000002
157.182	0.0	0.0	-0.00035979125
157.242	0.0	0.0	-0.0001986075
157.312	0.0	0.0	1.4347450000000001e-05
157.412	0.0	0.0	0.0002942875
157.522	0.0	0.0	0.0006246337500000001
157.582	0.0	0.0	0.0007245875000000001
157.652	0.0	0.0	0.0008531900000000001
157.752	0.0	0.0	0.0010192325
157.862	0.0	0.0	0.0012131275000000002
157.912	0.0	0.0	0.0012075862500000002
157.992	0.0	0.0	0.00120037125
158.082	0.0	0.0	0.00119088125
158.192	0.0	0.0	0.00117960375
158.252	0.0	0.0	0.001085305
158.322	0.0	0.0	0.0009604725
158.422	0.0	0.0	0.0007961525
158.532	0.0	0.0	0.0006020787500000001
158.592	0.0	0.0	0.000464815
158.662	0.0	0.0	0.0002877875
158.762	0.0	0.0	5.876975000000001e-05
158.872	0.0	0.0	-0.00020891
158.922	0.0	0.0	-0.00031273125000000004
159.002	0.0	0.0	-0.00044833750000000005
159.092	0.0	0.0	-0.0006271850000000002
159.202	0.0	0.0	-0.0008397999999999999
159.262	0.0	0.0	-0.000873145
159.332	0.0	0.0	-0.0009173775
159.432	0.0	0.0	-0.0009757475000000003
159.542	0.0	0.0	-0.00104472875
159.602	0.0	0.0	-0.00099266375
159.672	0.0	0.0	-0.00092535625
159.772	0.0	0.0	-0.0008380937500000001
159.882	0.0	0.0	-0.0007360275
159.932	0.0	0.0	-0.0006344487500000001
160.002	0.0	0.0	-0.0005013937500000001
160.102	0.0	0.0	-0.00032558500000000003
160.212	0.0	0.0	-0.000116367875
160.272	0.0	0.0	-1.1595025000000002e-05
160.342	0.0	0.0	0.00012780462500000002
160.442	0.0	0.0	0.00031204875000000003
160.552	0.0	0.0	0.0005300425
160.612	0.0	0.0	0.00058807125
160.682	0.0	0.0	0.0006632762500000001
160.782	0.0	0.0	0.000760955
160.892	0.0	0.0	0.0008753387500000002
160.942	0.0	0.0	0.00085999875
161.012	0.0	0.0	0.0008398650000000001
161.112	0.0	0.0	0.0008131825
161.222	0.0	0.0	0.0007814137499999999
161.272	0.0	0.0	0.0007077362500000001
161.352	0.0	0.0	0.00060942375
161.452	0.0	0.0	0.00047926125000000006
161.562	0.0	0.0	0.0003250975
161.622	0.0	0.0	0.00022995375000000004
161.692	0.0	0.0	0.000106318875
161.792	0.0	0.0	-5.4562625e-05
161.902	0.0	0.0	-0.00024314875000000004
161.952	0.0	0.0	-0.00030563
162.022	0.0	0.0	-0.00038788750000000007
162.122	0.0	0.0	-0.00049703875
162.232	0.0	0.0	-0.0006271525
162.282	0.0	0.0	-0.0006362362500000001
162.362	0.0	0.0	-0.00064839125
162.452	0.0	0.0	-0.0006644950000000001
162.572	0.0	0.0	-0.0006836050000000001
162.632	0.0	0.0	-0.00063825125
162.702	0.0	0.0	-0.0005791825000000001
162.802	0.0	0.0	-0.0005021575
162.912	0.0	0.0	-0.00041179125000000003
162.962	0.0	0.0	-0.00034407750000000004
163.032	0.0	0.0	-0.00025468625
163.132	0.0	0.0	-0.000135837
163.242	0.0	0.0	5.996900000000001e-06
163.292	0.0	0.0	6.684112500000001e-05
163.372	0.0	0.0	0.000148435625
163.462	0.0	0.0	0.00025689625000000003
163.582	0.0	0.0	0.00038561250000000003
163.642	0.0	0.0	0.0004146025
163.712	0.0	0.0	0.00045244875000000003
163.812	0.0	0.0	0.0005018975
163.922	0.0	0.0	0.0005599587500000001
163.972	0.0	0.0	0.00054669875
164.042	0.0	0.0	0.0005291325
164.142	0.0	0.0	0.00050571625
164.252	0.0	0.0	0.00047776625000000005
164.302	0.0	0.0	0.000427375
164.382	0.0	0.0	0.0003596125
164.472	0.0	0.0	0.00026936
164.592	0.0	0.0	0.000162173375
164.652	0.0	0.0	8.909550000000002e-05
164.722	0.0	0.0	-6.568412500000001e-06
164.822	0.0	0.0	-0.0001317875
164.932	0.0	0.0	-0.00027899625000000003
164.982	0.0	0.0	-0.0003388775000000001
165.052	0.0	0.0	-0.0004183725000000001
165.152	0.0	0.0	-0.0005244687500000001
165.262	0.0	0.0	-0.0006513325000000001
165.312	0.0	0.0	-0.00066902875
165.392	0.0	0.0	-0.0006928837500000001
165.482	0.0	0.0	-0.0007247012500000001
165.602	0.0	0.0	-0.0007625475
165.662	0.0	0.0	-0.0007141550000000001
165.732	0.0	0.0	-0.00065066625
165.832	0.0	0.0	-0.0005673850000000001
165.942	0.0	0.0	-0.00046938125000000003
165.992	0.0	0.0	-0.00037238500000000003
166.062	0.0	0.0	-0.00024327875000000005
166.162	0.0	0.0	-7.060787500000001e-05
166.272	0.0	0.0	0.00013605475000000002
166.322	0.0	0.0	0.00024306750000000003
166.402	0.0	0.0	0.00038774125
166.492	0.0	0.0	0.00058118125
166.612	0.0	0.0	0.0008113625000000001
166.672	0.0	0.0	0.00086896875
166.742	0.0	0.0	0.000944775
166.842	0.0	0.0	0.0010443875
166.952	0.0	0.0	0.0011617125000000002
167.002	0.0	0.0	0.0011276687500000001
167.072	0.0	0.0	0.0010822012500000002
167.172	0.0	0.0	0.0010212962500000002
167.282	0.0	0.0	0.0009483175000000001
167.332	0.0	0.0	0.0008287500000000001
167.412	0.0	0.0	0.0006667050000000001
167.502	0.0	0.0	0.00044958875000000004
167.622	0.0	0.0	0.00019100250000000002
167.682	0.0	0.0	3.588812500000001e-05
167.752	0.0	0.0	-0.00016870750000000002
167.852	0.0	0.0	-0.00043809999999999997
167.962	0.0	0.0	-0.00075569
168.012	0.0	0.0	-0.0008551725000000001
168.082	0.0	0.0	-0.0009882925000000002
168.182	0.0	0.0	-0.001167075
168.292	0.0	0.0	-0.0013814612500000001
168.342	0.0	0.0	-0.00137746375
168.422	0.0	0.0	-0.0013720362500000002
168.512	0.0	0.0	-0.0013647400000000001
168.632	0.0	0.0	-0.0013560462500000002
168.692	0.0	0.0	-0.0012375025
168.762	0.0	0.0	-0.0010807062500000002
168.862	0.0	0.0	-0.0008738762500000001
168.972	0.0	0.0	-0.0006298012500000001
169.022	0.0	0.0	-0.0004658387500000001
169.092	0.0	0.0	-0.0002457975
169.192	0.0	0.0	5.0269375e-05
169.302	0.0	0.0	0.00040563250000000007
169.352	0.0	0.0	0.00054107625
169.432	0.0	0.0	0.0007256762500000002
169.522	0.0	0.0	0.0009739437500000002
169.642	0.0	0.0	0.00127018125
169.702	0.0	0.0	0.0013052162500000002
169.772	0.0	0.0	0.00135165875
169.872	0.0	0.0	0.001413035
169.982	0.0	0.0	0.0014855425000000002
170.032	0.0	0.0	0.00140590125
170.102	0.0	0.0	0.0012987325
170.202	0.0	0.0	0.00115425375
170.312	0.0	0.0	0.00098067125
170.362	0.0	0.0	0.00083094375
170.442	0.0	0.0	0.0006263562500000001
170.532	0.0	0.0	0.00035064250000000003
170.652	0.0	0.0	2.1350875e-05
170.712	0.0	0.0	-0.00012304337500000003
170.782	0.0	0.0	-0.00031489250000000006
170.882	0.0	0.0	-0.0005688475
170.992	0.0	0.0	-0.0008690337500000001
171.042	0.0	0.0	-0.00092733875
171.112	0.0	0.0	-0.0010062487500000002
171.212	0.0	0.0	-0.0011131737500000001
171.322	0.0	0.0	-0.0012419875000000001
171.372	0.0	0.0	-0.001202435
171.452	0.0	0.0	-0.0011486962500000001
171.542	0.0	0.0	-0.0010768550000000003
171.662	0.0	0.0	-0.0009916725
171.712	0.0	0.0	-0.0008879000000000001
171.782	0.0	0.0	-0.00074828
171.882	0.0	0.0	-0.0005598775
171.992	0.0	0.0	-0.00033338500000000006
172.042	0.0	0.0	-0.00022512750000000002
172.122	0.0	0.0	-7.6389625e-05
172.212	0.0	0.0	0.000124791875
172.332	0.0	0.0	0.00036546250000000005
172.382	0.0	0.0	0.00042484000000000006
172.462	0.0	0.0	0.00050409125
172.552	0.0	0.0	0.0006094075
172.672	0.0	0.0	0.0007341100000000001
172.722	0.0	0.0	0.0007232875
172.792	0.0	0.0	0.0007086137500000001
172.892	0.0	0.0	0.0006887237500000001
173.002	0.0	0.0	0.00066477125
173.052	0.0	0.0	0.00061046375
173.122	0.0	0.0	0.00053573
173.222	0.0	0.0	0.00043447625
173.342	0.0	0.0	0.00031325125000000004
173.392	0.0	0.0	0.00025540125
173.472	0.0	0.0	0.00017795375000000002
173.562	0.0	0.0	7.485075000000002e-05
173.682	0.0	0.0	-4.735250000000001e-05
173.732	0.0	0.0	-7.146100000000001e-05
173.802	0.0	0.0	-0.000104235625
173.902	0.0	0.0	-0.00014875737500000003
174.012	0.0	0.0	-0.00020242625000000002
174.062	0.0	0.0	-0.00019397625
174.132	0.0	0.0	-0.00018230875000000004
174.232	0.0	0.0	-0.000166465
174.352	0.0	0.0	-0.000147483375
174.402	0.0	0.0	-0.00012976925000000001
174.482	0.0	0.0	-0.00010599062500000002
174.572	0.0	0.0	-7.427550000000001e-05
174.692	0.0	0.0	-3.6648625e-05
174.742	0.0	0.0	-3.4604375e-05
174.812	0.0	0.0	-3.1817500000000005e-05
174.912	0.0	0.0	-2.802475e-05
175.022	0.0	0.0	-2.3448750000000005e-05
175.072	0.0	0.0	-1.644825e-06
175.142	0.0	0.0	2.8535000000000004e-05
175.242	0.0	0.0	6.958087500000001e-05
175.362	0.0	0.0	0.00011881025000000001
175.412	0.0	0.0	0.00015141262500000002
175.492	0.0	0.0	0.00019529250000000002
175.582	0.0	0.0	0.0002539225
175.702	0.0	0.0	0.00032355375
175.752	0.0	0.0	0.00033631000000000004
175.822	0.0	0.0	0.00035373
175.922	0.0	0.0	0.00037750375000000005
176.032	0.0	0.0	0.00040620125000000005
176.082	0.0	0.0	0.00038055875
176.152	0.0	0.0	0.00034495500000000003
176.252	0.0	0.0	0.00029644875000000003
176.372	0.0	0.0	0.00023820875000000002
176.422	0.0	0.0	0.00017772625000000002
176.502	0.0	0.0	9.612200000000001e-05
176.592	0.0	0.0	-1.31538875e-05
176.712	0.0	0.0	-0.000143047125
176.762	0.0	0.0	-0.00020176
176.832	0.0	0.0	-0.00028224624999999997
176.932	0.0	0.0	-0.00039225875
177.042	0.0	0.0	-0.00052524875
177.092	0.0	0.0	-0.00055027375
177.162	0.0	0.0	-0.0005851137500000001
177.262	0.0	0.0	-0.0006326775000000001
177.382	0.0	0.0	-0.00068982875
177.432	0.0	0.0	-0.00065940875
177.512	0.0	0.0	-0.0006182475
177.602	0.0	0.0	-0.00056301375
177.722	0.0	0.0	-0.0004973150000000001
177.772	0.0	0.0	-0.00042813875000000004
177.842	0.0	0.0	-0.0003330275
177.932	0.0	0.0	-0.00020276750000000003
178.052	0.0	0.0	-4.517175e-05
178.102	0.0	0.0	3.0091750000000002e-05
178.172	0.0	0.0	0.00013515775000000002
178.272	0.0	0.0	0.0002788825
178.392	0.0	0.0	0.00045174999999999995
178.442	0.0	0.0	0.00049281375
178.522	0.0	0.0	0.0005485350000000001
178.612	0.0	0.0	0.0006234475000000001
178.732	0.0	0.0	0.0007126437500000001
178.782	0.0	0.0	0.000697515
178.852	0.0	0.0	0.0006766662500000001
178.942	0.0	0.0	0.0006480337499999999
179.062	0.0	0.0	0.0006133725
179.112	0.0	0.0	0.0005547912500000001
179.182	0.0	0.0	0.00047276125
179.282	0.0	0.0	0.0003603275
179.402	0.0	0.0	0.00022499750000000004
179.452	0.0	0.0	0.00015441400000000002
179.532	0.0	0.0	5.8400875000000004e-05
179.622	0.0	0.0	-7.091500000000001e-05
179.742	0.0	0.0	-0.0002250625
179.792	0.0	0.0	-0.00026537875
179.862	0.0	0.0	-0.000321165
179.952	0.0	0.0	-0.00039784875000000006
180.072	0.0	0.0	-0.000490815
180.122	0.0	0.0	-0.0004894175000000001
180.192	0.0	0.0	-0.00048746750000000006
180.292	0.0	0.0	-0.00048478625000000005
180.412	0.0	0.0	-0.00048156875
180.462	0.0	0.0	-0.00044523375
180.542	0.0	0.0	-0.0003956712500000001
180.632	0.0	0.0	-0.00032880250000000006
180.752	0.0	0.0	-0.000249015
180.802	0.0	0.0	-0.0002077725
180.872	0.0	0.0	-0.00015057412500000001
180.962	0.0	0.0	-7.176650000000001e-05
181.082	0.0	0.0	2.3853375e-05
181.132	0.0	0.0	4.982087500000001e-05
181.202	0.0	0.0	8.6380125e-05
181.302	0.0	0.0	0.000136690125
181.422	0.0	0.0	0.00019735625000000002
181.472	0.0	0.0	0.00020096375000000003
181.552	0.0	0.0	0.00020592
181.642	0.0	0.0	0.00021259875000000003
181.762	0.0	0.0	0.00022057750000000005
181.812	0.0	0.0	0.00021113624999999998
181.882	0.0	0.0	0.00019799000000000002
181.972	0.0	0.0	0.000179855
182.092	0.0	0.0	0.00015783462500000003
182.142	0.0	0.0	0.00014130025000000002
182.212	0.0	0.0	0.00011795225000000002
182.312	0.0	0.0	8.576100000000002e-05
182.432	0.0	0.0	4.6905625e-05
182.482	0.0	0.0	1.876225e-05
182.552	0.0	0.0	-1.9836375e-05
182.652	0.0	0.0	-7.212887500000001e-05
182.772	0.0	0.0	-0.000134632875
182.822	0.0	0.0	-0.00016446625
182.892	0.0	0.0	-0.00020608250000000002
182.982	0.0	0.0	-0.00026365625
183.102	0.0	0.0	-0.00033362875
183.152	0.0	0.0	-0.00034597875
183.222	0.0	0.0	-0.00036344750000000004
183.322	0.0	0.0	-0.000387595
183.442	0.0	0.0	-0.00041674750000000003
183.492	0.0	0.0	-0.00039180375000000007
183.562	0.0	0.0	-0.00035748375000000006
183.662	0.0	0.0	-0.00031089500000000005
183.782	0.0	0.0	-0.0002551575
183.832	0.0	0.0	-0.00019890000000000004
183.902	0.0	0.0	-0.000120154125
183.992	0.0	0.0	-1.1002225000000001e-05
184.112	0.0	0.0	0.000121798625
184.162	0.0	0.0	0.00018635500000000003
184.232	0.0	0.0	0.00027805375000000004
184.332	0.0	0.0	0.00040499875000000004
184.452	0.0	0.0	0.0005584637500000001
184.502	0.0	0.0	0.0005927837500000001
184.572	0.0	0.0	0.0006401037500000001
184.672	0.0	0.0	0.0007044537500000001
184.792	0.0	0.0	0.0007815275
184.842	0.0	0.0	0.00075739625
184.912	0.0	0.0	0.00072353125
185.002	0.0	0.0	0.0006764875000000001
185.122	0.0	0.0	0.00061920625
185.172	0.0	0.0	0.0005397925
185.242	0.0	0.0	0.00042667625
185.342	0.0	0.0	0.00026979875
185.462	0.0	0.0	7.994675000000001e-05
185.512	0.0	0.0	-2.218775e-05
185.582	0.0	0.0	-0.00016336125
185.682	0.0	0.0	-0.00035566375
185.802	0.0	0.0	-0.0005860725000000002
185.852	0.0	0.0	-0.0006495125000000002
185.922	0.0	0.0	-0.000739115
186.012	0.0	0.0	-0.000864175
186.132	0.0	0.0	-0.0010168925
186.182	0.0	0.0	-0.0010101975
186.252	0.0	0.0	-0.0010007400000000002
186.352	0.0	0.0	-0.0009877075000000002
186.472	0.0	0.0	-0.0009720587500000001
186.522	0.0	0.0	-0.00089227125
186.592	0.0	0.0	-0.0007802925000000001
186.682	0.0	0.0	-0.00062465
186.802	0.0	0.0	-0.00043498
186.852	0.0	0.0	-0.00031616
186.922	0.0	0.0	-0.000145936375
187.022	0.0	0.0	9.103087500000001e-05
187.142	0.0	0.0	0.00037828375
187.192	0.0	0.0	0.00047953750000000005
187.262	0.0	0.0	0.0006202462500000002
187.362	0.0	0.0	0.0008125974999999999
187.482	0.0	0.0	0.0010434937500000002
187.532	0.0	0.0	0.0010679500000000002
187.602	0.0	0.0	0.0011025462500000001
187.692	0.0	0.0	0.0011508575
187.812	0.0	0.0	0.00120982875
187.862	0.0	0.0	0.0011472662500000002
187.932	0.0	0.0	0.0010574362500000002
188.032	0.0	0.0	0.0009321812500000001
188.152	0.0	0.0	0.0007802600000000002
188.202	0.0	0.0	0.0006536725000000001
188.272	0.0	0.0	0.00047729500000000003
188.372	0.0	0.0	0.00023567375000000003
188.492	0.0	0.0	-5.4629250000000006e-05
188.542	0.0	0.0	-0.00017208750000000003
188.612	0.0	0.0	-0.00033878
188.702	0.0	0.0	-0.0005720650000000001
188.822	0.0	0.0	-0.0008570737500000001
188.872	0.0	0.0	-0.0009163700000000001
188.942	0.0	0.0	-0.0010017475
189.042	0.0	0.0	-0.0011210387500000002
189.162	0.0	0.0	-0.0012658587500000002
189.212	0.0	0.0	-0.0012325300000000001
189.282	0.0	0.0	-0.0011859412500000001
189.382	0.0	0.0	-0.00112201375
189.502	0.0	0.0	-0.00104511875
189.552	0.0	0.0	-0.0009409400000000001
189.622	0.0	0.0	-0.0007926262500000001
189.712	0.0	0.0	-0.0005846587500000001
189.832	0.0	0.0	-0.00033033000000000004
189.882	0.0	0.0	-0.00020148375
189.952	0.0	0.0	-1.53466625e-05
190.052	0.0	0.0	0.00024516375
190.172	0.0	0.0	0.0005617625
190.222	0.0	0.0	0.00065338
190.292	0.0	0.0	0.00078177125
190.392	0.0	0.0	0.00095834375
190.512	0.0	0.0	0.0011708612500000001
190.562	0.0	0.0	0.00117580125
190.632	0.0	0.0	0.0011828212500000002
190.722	0.0	0.0	0.00119270125
190.842	0.0	0.0	0.00120479125
190.892	0.0	0.0	0.00112549125
190.962	0.0	0.0	0.0010105875000000002
191.062	0.0	0.0	0.0008494525000000001
191.182	0.0	0.0	0.000653445
191.232	0.0	0.0	0.0005232825000000001
191.302	0.0	0.0	0.00034032375
191.402	0.0	0.0	8.82375e-05
191.522	0.0	0.0	-0.00021545875
191.572	0.0	0.0	-0.00032201
191.642	0.0	0.0	-0.00047461375
191.732	0.0	0.0	-0.0006894875000000001
191.852	0.0	0.0	-0.0009527212500000001
191.902	0.0	0.0	-0.00099357375
191.972	0.0	0.0	-0.0010529675
192.072	0.0	0.0	-0.00113641125
192.192	0.0	0.0	-0.0012380062500000001
192.242	0.0	0.0	-0.0011889637500000002
192.312	0.0	0.0	-0.00111983625
192.412	0.0	0.0	-0.0010244000000000002
192.532	0.0	0.0	-0.0009093337500000001
192.582	0.0	0.0	-0.0008017425000000001
192.652	0.0	0.0	-0.00064715625
192.742	0.0	0.0	-0.00042906500000000007
192.862	0.0	0.0	-0.00016165012500000001
192.912	0.0	0.0	-4.2534375e-05
192.982	0.0	0.0	0.00013110012500000003
193.082	0.0	0.0	0.00037557000000000004
193.202	0.0	0.0	0.0006734162500000001
193.252	0.0	0.0	0.0007464275000000001
193.322	0.0	0.0	0.0008496312500000001
193.422	0.0	0.0	0.00099240375
193.542	0.0	0.0	0.0011647187500000002
193.592	0.0	0.0	0.00115334375
193.662	0.0	0.0	0.00113693125
193.752	0.0	0.0	0.0011137587500000003
193.872	0.0	0.0	0.0010852887500000003
193.922	0.0	0.0	0.0009992775
193.992	0.0	0.0	0.0008735024999999999
194.092	0.0	0.0	0.00069606875
194.212	0.0	0.0	0.0004797
194.262	0.0	0.0	0.00035699625
194.332	0.0	0.0	0.00018304
194.432	0.0	0.0	-5.8059625000000004e-05
194.552	0.0	0.0	-0.00034929375
194.602	0.0	0.0	-0.0004384250000000001
194.672	0.0	0.0	-0.0005672875
194.762	0.0	0.0	-0.0007498075000000002
194.882	0.0	0.0	-0.0009740250000000001
194.932	0.0	0.0	-0.00099565375
195.002	0.0	0.0	-0.0010273737500000003
195.102	0.0	0.0	-0.0010722075
195.222	0.0	0.0	-0.00112692125
195.272	0.0	0.0	-0.0010673975
195.342	0.0	0.0	-0.0009827350000000002
195.442	0.0	0.0	-0.00086516625
195.562	0.0	0.0	-0.0007230275
195.612	0.0	0.0	-0.0006207662500000001
195.672	0.0	0.0	-0.0004724362500000001
195.772	0.0	0.0	-0.00026190125
195.892	0.0	0.0	-3.0667000000000006e-06
195.942	0.0	0.0	9.694262500000002e-05
196.012	0.0	0.0	0.00024409125000000002
196.112	0.0	0.0	0.00045248125000000005
196.232	0.0	0.0	0.0007070375
196.282	0.0	0.0	0.0007560800000000001
196.352	0.0	0.0	0.00082602
196.452	0.0	0.0	0.000923325
196.572	0.0	0.0	0.0010410887500000002
196.622	0.0	0.0	0.0010160800000000002
196.682	0.0	0.0	0.0009797125000000002
196.782	0.0	0.0	0.0009279887500000001
196.902	0.0	0.0	0.00086432125
196.952	0.0	0.0	0.00078255125
197.022	0.0	0.0	0.0006618462500000001
197.122	0.0	0.0	0.0004905712500000001
197.242	0.0	0.0	0.00028117375000000005
197.292	0.0	0.0	0.00018120375
197.362	0.0	0.0	3.8231375000000006e-05
197.462	0.0	0.0	-0.00016111062500000003
197.582	0.0	0.0	-0.0004025450000000001
197.632	0.0	0.0	-0.00046388875
197.692	0.0	0.0	-0.0005534262500000001
197.792	0.0	0.0	-0.0006810537500000002
197.912	0.0	0.0	-0.00083822375
197.962	0.0	0.0	-0.0008406775
198.032	0.0	0.0	-0.0008443175000000001
198.132	0.0	0.0	-0.0008494850000000001
198.252	0.0	0.0	-0.0008558225000000002
198.302	0.0	0.0	-0.0007983624999999999
198.372	0.0	0.0	-0.0007159425000000002
198.472	0.0	0.0	-0.00060081125
198.592	0.0	0.0	-0.00046122375000000006
198.642	0.0	0.0	-0.000382135
198.702	0.0	0.0	-0.0002663375
198.802	0.0	0.0	-0.00010093362500000001
198.922	0.0	0.0	0.00010294700000000002
198.972	0.0	0.0	0.00016911375000000002
199.042	0.0	0.0	0.0002673775
199.142	0.0	0.0	0.00040735500000000003
199.262	0.0	0.0	0.00057880875
199.312	0.0	0.0	0.0006008925000000001
199.382	0.0	0.0	0.00063266125
199.482	0.0	0.0	0.0006771375000000001
199.602	0.0	0.0	0.0007311037499999999
199.652	0.0	0.0	0.0007029587500000001
199.712	0.0	0.0	0.0006616025000000001
199.812	0.0	0.0	0.0006024362500000001
199.932	0.0	0.0	0.000529425
199.982	0.0	0.0	0.00047014500000000005
200.052	0.0	0.0	0.00038182625000000007
200.152	0.0	0.0	0.00025575875
200.272	0.0	0.0	0.00010122125
200.322	0.0	0.0	4.02155e-05
200.392	0.0	0.0	-4.7775e-05
200.492	0.0	0.0	-0.00017112875
200.612	0.0	0.0	-0.0003208725
200.662	0.0	0.0	-0.00035004125
200.722	0.0	0.0	-0.00039320125
200.822	0.0	0.0	-0.00045526
200.942	0.0	0.0	-0.0005320250000000001
200.992	0.0	0.0	-0.00052375375
201.062	0.0	0.0	-0.00051153375
201.162	0.0	0.0	-0.0004942275
201.282	0.0	0.0	-0.0004731675
201.332	0.0	0.0	-0.00043668625
201.392	0.0	0.0	-0.00038311
201.492	0.0	0.0	-0.00030636125000000003
201.612	0.0	0.0	-0.00021162375000000001
201.662	0.0	0.0	-0.0001674725
201.732	0.0	0.0	-0.000101294375
201.832	0.0	0.0	-6.4652250000000004e-06
201.952	0.0	0.0	0.00010995725000000002
202.002	0.0	0.0	0.00014111175
202.072	0.0	0.0	0.00018630625
202.172	0.0	0.0	0.0002498925
202.292	0.0	0.0	0.00032721000000000003
202.342	0.0	0.0	0.0003314675
202.402	0.0	0.0	0.0003377725
202.502	0.0	0.0	0.00034685625
202.622	0.0	0.0	0.00035806875000000005
202.672	0.0	0.0	0.00033972250000000005
202.742	0.0	0.0	0.00031214625
202.842	0.0	0.0	0.00027257750000000004
202.962	0.0	0.0	0.00022397375
203.012	0.0	0.0	0.00019319625000000003
203.082	0.0	0.0	0.00014843075
203.182	0.0	0.0	8.530925e-05
203.302	0.0	0.0	8.479575000000001e-06
203.352	0.0	0.0	-1.7330625e-05
203.412	0.0	0.0	-5.570662500000001e-05
203.512	0.0	0.0	-0.00011103787500000001
203.632	0.0	0.0	-0.00017951375000000003
203.682	0.0	0.0	-0.00019287125000000003
203.752	0.0	0.0	-0.000213005
203.852	0.0	0.0	-0.00024194625000000002
203.972	0.0	0.0	-0.00027753375000000004
204.022	0.0	0.0	-0.00027295125000000004
204.092	0.0	0.0	-0.00026625625
204.192	0.0	0.0	-0.00025681500000000003
204.312	0.0	0.0	-0.00024531
204.362	0.0	0.0	-0.00022517625000000003
204.422	0.0	0.0	-0.0001951625
204.522	0.0	0.0	-0.00015178962500000002
204.642	0.0	0.0	-9.806225e-05
204.692	0.0	0.0	-6.829225e-05
204.762	0.0	0.0	-2.3263500000000002e-05
204.862	0.0	0.0	4.160650000000001e-05
204.982	0.0	0.0	0.00012143950000000001
205.032	0.0	0.0	0.00014877525000000003
205.102	0.0	0.0	0.0001887925
205.202	0.0	0.0	0.00024544000000000004
205.322	0.0	0.0	0.00031450250000000004
205.362	0.0	0.0	0.00032283875
205.432	0.0	0.0	0.00033533500000000003
205.532	0.0	0.0	0.00035340500000000005
205.652	0.0	0.0	0.00037581375
205.702	0.0	0.0	0.00035823125000000006
205.772	0.0	0.0	0.00033153250000000006
205.872	0.0	0.0	0.00029298750000000004
205.992	0.0	0.0	0.00024552125000000004
206.042	0.0	0.0	0.00020426250000000004
206.112	0.0	0.0	0.0001436695
206.212	0.0	0.0	5.7739500000000005e-05
206.332	0.0	0.0	-4.7126625000000006e-05
206.372	0.0	0.0	-8.964312500000001e-05
206.442	0.0	0.0	-0.00015349587500000002
206.542	0.0	0.0	-0.00024612250000000005
206.662	0.0	0.0	-0.0003610587500000001
206.712	0.0	0.0	-0.00038535250000000005
206.782	0.0	0.0	-0.00042233750000000007
206.882	0.0	0.0	-0.0004758162500000001
207.002	0.0	0.0	-0.0005417425000000001
207.052	0.0	0.0	-0.0005296037500000001
207.122	0.0	0.0	-0.0005117287500000001
207.222	0.0	0.0	-0.00048631375000000003
207.342	0.0	0.0	-0.0004552762500000001
207.382	0.0	0.0	-0.00041068625
207.452	0.0	0.0	-0.0003434925
207.552	0.0	0.0	-0.00024583000000000005
207.672	0.0	0.0	-0.0001245335
207.722	0.0	0.0	-6.506825000000001e-05
207.792	0.0	0.0	2.57725e-05
207.892	0.0	0.0	0.00015741700000000003
208.012	0.0	0.0	0.00031983250000000005
208.062	0.0	0.0	0.00036450375000000006
208.132	0.0	0.0	0.00043052750000000006
208.232	0.0	0.0	0.00052450125
208.352	0.0	0.0	0.0006394050000000001
208.392	0.0	0.0	0.00064163125
208.462	0.0	0.0	0.0006449950000000001
208.562	0.0	0.0	0.0006499025000000001
208.682	0.0	0.0	0.0006559962500000001
208.732	0.0	0.0	0.0006136975
208.792	0.0	0.0	0.0005488437500000001
208.902	0.0	0.0	0.00045467500000000003
209.022	0.0	0.0	0.00033840625000000006
209.072	0.0	0.0	0.0002677675
209.142	0.0	0.0	0.00016306875000000003
209.242	0.0	0.0	1.36846125e-05
209.362	0.0	0.0	-0.00016908125000000002
209.402	0.0	0.0	-0.00022642750000000005
209.472	0.0	0.0	-0.00031341375
209.572	0.0	0.0	-0.00044037500000000007
209.692	0.0	0.0	-0.00059834125
209.742	0.0	0.0	-0.0006182312500000001
209.802	0.0	0.0	-0.0006488300000000001
209.912	0.0	0.0	-0.0006933387500000001
210.032	0.0	0.0	-0.0007483450000000001
210.082	0.0	0.0	-0.0007171125000000001
210.152	0.0	0.0	-0.0006706700000000001
210.252	0.0	0.0	-0.000604305
210.372	0.0	0.0	-0.0005230225000000001
210.412	0.0	0.0	-0.00046078500000000007
210.482	0.0	0.0	-0.00036603125000000004
210.582	0.0	0.0	-0.00022745125000000002
210.702	0.0	0.0	-5.4894125e-05
210.742	0.0	0.0	1.04420875e-05
210.812	0.0	0.0	0.00011126050000000001
210.922	0.0	0.0	0.00025822875000000003
211.042	0.0	0.0	0.0004400175000000001
211.092	0.0	0.0	0.00047586500000000007
211.162	0.0	0.0	0.0005293437500000001
211.262	0.0	0.0	0.0006059300000000001
211.382	0.0	0.0	0.00069979
211.422	0.0	0.0	0.0006881062500000002
211.492	0.0	0.0	0.0006702637500000001
211.592	0.0	0.0	0.0006441175
211.712	0.0	0.0	0.0006115362500000001
211.752	0.0	0.0	0.0005620387500000001
211.822	0.0	0.0	0.00048540374999999996
211.922	0.0	0.0	0.00037347375
212.052	0.0	0.0	0.00023489374999999997
212.102	0.0	0.0	0.00017142125000000003
212.172	0.0	0.0	7.643837500000001e-05
212.272	0.0	0.0	-5.9878000000000005e-05
212.392	0.0	0.0	-0.00022709375000000003
212.432	0.0	0.0	-0.00026762125
212.502	0.0	0.0	-0.00032976125
212.602	0.0	0.0	-0.000421005
212.722	0.0	0.0	-0.0005348200000000001
212.762	0.0	0.0	-0.00053945125
212.832	0.0	0.0	-0.00054663375
212.932	0.0	0.0	-0.0005571475
213.062	0.0	0.0	-0.00057018
213.112	0.0	0.0	-0.0005374850000000001
213.182	0.0	0.0	-0.00048839375
213.282	0.0	0.0	-0.00041778750000000004
213.402	0.0	0.0	-0.00033111
213.442	0.0	0.0	-0.00028388750000000004
213.512	0.0	0.0	-0.00021123375000000003
213.612	0.0	0.0	-0.00010431687500000001
213.732	0.0	0.0	2.9147625e-05
213.772	0.0	0.0	7.059325000000001e-05
213.842	0.0	0.0	0.00013520325
213.942	0.0	0.0	0.00022995375000000004
214.072	0.0	0.0	0.00034744125
214.122	0.0	0.0	0.00036432500000000003
214.192	0.0	0.0	0.00038975625
214.292	0.0	0.0	0.00042640000000000006
214.412	0.0	0.0	0.00047142875000000007
214.452	0.0	0.0	0.00045797375
214.522	0.0	0.0	0.00043720625
214.622	0.0	0.0	0.00040659125
214.742	0.0	0.0	0.00036832250000000004
214.782	0.0	0.0	0.00033346625000000007
214.852	0.0	0.0	0.00027894750000000005
214.952	0.0	0.0	0.00019883500000000002
215.082	0.0	0.0	9.940937499999999e-05
215.132	0.0	0.0	5.8501625000000004e-05
215.202	0.0	0.0	-3.2797375e-06
215.302	0.0	0.0	-9.24235e-05
215.422	0.0	0.0	-0.00020202
215.462	0.0	0.0	-0.00022659
215.532	0.0	0.0	-0.0002647775
215.632	0.0	0.0	-0.00032139250000000005
215.752	0.0	0.0	-0.0003923075
215.792	0.0	0.0	-0.00039284374999999996
215.862	0.0	0.0	-0.00039367250000000003
215.972	0.0	0.0	-0.00039489125000000006
216.092	0.0	0.0	-0.00039640249999999997
216.132	0.0	0.0	-0.00037259625
216.202	0.0	0.0	-0.00033585500000000003
216.302	0.0	0.0	-0.00028161250000000005
216.422	0.0	0.0	-0.00021381750000000002
216.462	0.0	0.0	-0.00017639375000000002
216.532	0.0	0.0	-0.00011744525000000002
216.632	0.0	0.0	-3.0507750000000006e-05
216.762	0.0	0.0	7.754175000000001e-05
216.812	0.0	0.0	0.00011164725
216.882	0.0	0.0	0.000163475
216.982	0.0	0.0	0.00023853375000000004
217.102	0.0	0.0	0.0003309637500000001
217.142	0.0	0.0	0.00034233875
217.212	0.0	0.0	0.00036008375
217.312	0.0	0.0	0.00038637625
217.432	0.0	0.0	0.00041929875000000006
217.472	0.0	0.0	0.00040446249999999997
217.542	0.0	0.0	0.00038104625000000004
217.642	0.0	0.0	0.00034645000000000005
217.772	0.0	0.0	0.00030343625000000006
217.822	0.0	0.0	0.00026819
217.882	0.0	0.0	0.00021445125
217.992	0.0	0.0	0.00013646425000000002
218.112	0.0	0.0	4.0340625e-05
218.152	0.0	0.0	6.4299625e-06
218.222	0.0	0.0	-4.660987500000001e-05
218.322	0.0	0.0	-0.00012541587500000003
218.442	0.0	0.0	-0.00022416875000000002
218.482	0.0	0.0	-0.00024279125000000004
218.552	0.0	0.0	-0.00027230125000000005
218.652	0.0	0.0	-0.00031596500000000003
218.782	0.0	0.0	-0.00037032125000000004
218.832	0.0	0.0	-0.00036422750000000007
218.892	0.0	0.0	-0.00035491625
219.002	0.0	0.0	-0.00034138
219.122	0.0	0.0	-0.00032469125000000003
219.162	0.0	0.0	-0.00030046250000000005
219.232	0.0	0.0	-0.00026242125000000007
219.332	0.0	0.0	-0.00020577375000000004
219.452	0.0	0.0	-0.00013474662500000004
219.492	0.0	0.0	-0.000105096875
219.562	0.0	0.0	-5.795075000000001e-05
219.662	0.0	0.0	1.1968775e-05
219.792	0.0	0.0	9.9071375e-05
219.842	0.0	0.0	0.000119952625
219.902	0.0	0.0	0.000152004125
220.012	0.0	0.0	0.000198705
220.132	0.0	0.0	0.00025634375
220.172	0.0	0.0	0.00025909000000000007
220.242	0.0	0.0	0.00026341250000000004
220.342	0.0	0.0	0.00026986375
220.462	0.0	0.0	0.00027795625
220.502	0.0	0.0	0.0002649400000000001
220.572	0.0	0.0	0.00024415625
220.672	0.0	0.0	0.000213265
220.802	0.0	0.0	0.0001747525
220.842	0.0	0.0	0.00015051075
220.912	0.0	0.0	0.000113173125
221.022	0.0	0.0	5.8667375000000005e-05
221.142	0.0	0.0	-8.682537500000001e-06
221.182	0.0	0.0	-3.3434375000000005e-05
221.252	0.0	0.0	-7.257575e-05
221.352	0.0	0.0	-0.00013108875000000003
221.472	0.0	0.0	-0.00020460375
221.512	0.0	0.0	-0.00022225125
221.582	0.0	0.0	-0.00025051
221.682	0.0	0.0	-0.00029261375000000004
221.812	0.0	0.0	-0.0003451175
221.852	0.0	0.0	-0.00034341125000000004
221.922	0.0	0.0	-0.00034074625000000004
222.022	0.0	0.0	-0.00033686250000000006
222.152	0.0	0.0	-0.0003320525
222.192	0.0	0.0	-0.00030619875
222.262	0.0	0.0	-0.00026515125
222.362	0.0	0.0	-0.00020367750000000002
222.482	0.0	0.0	-0.0001263795
222.522	0.0	0.0	-8.170175000000001e-05
222.592	0.0	0.0	-9.8899125e-06
222.692	0.0	0.0	9.72465e-05
222.822	0.0	0.0	0.0002310425
222.862	0.0	0.0	0.00027452750000000006
222.932	0.0	0.0	0.00034196500000000006
223.032	0.0	0.0	0.0004407975
223.162	0.0	0.0	0.0005631275
223.202	0.0	0.0	0.0005756075000000001
223.272	0.0	0.0	0.0005954812500000001
223.372	0.0	0.0	0.0006253000000000001
223.492	0.0	0.0	0.0006628375000000001
223.532	0.0	0.0	0.00063136125
223.602	0.0	0.0	0.00058059625
223.702	0.0	0.0	0.0005046925
223.832	0.0	0.0	0.000409825
223.872	0.0	0.0	0.00033863375000000006
223.942	0.0	0.0	0.00022789
224.042	0.0	0.0	6.523887500000001e-05
224.172	0.0	0.0	-0.00013623512500000003
224.212	0.0	0.0	-0.0002071225
224.282	0.0	0.0	-0.00032046625
224.382	0.0	0.0	-0.0004909612500000001
224.502	0.0	0.0	-0.0007056725000000001
224.542	0.0	0.0	-0.0007432100000000001
224.612	0.0	0.0	-0.0008040012500000001
224.712	0.0	0.0	-0.0008950500000000001
224.842	0.0	0.0	-0.00100891375
224.882	0.0	0.0	-0.0009829300000000001
224.952	0.0	0.0	-0.0009423700000000001
225.052	0.0	0.0	-0.00088268375
225.182	0.0	0.0	-0.00080868125
225.222	0.0	0.0	-0.00072915375
225.292	0.0	0.0	-0.00060151
225.392	0.0	0.0	-0.00040912625000000003
225.512	0.0	0.0	-0.00016661125000000003
225.552	0.0	0.0	-6.462300000000001e-05
225.622	0.0	0.0	0.000101127
225.722	0.0	0.0	0.000349895
225.852	0.0	0.0	0.0006612937500000001
225.892	0.0	0.0	0.0007344675000000001
225.962	0.0	0.0	0.0008490950000000001
226.062	0.0	0.0	0.0010181112500000002
226.192	0.0	0.0	0.0012278175000000001
226.232	0.0	0.0	0.00122604625
226.302	0.0	0.0	0.0012232025
226.402	0.0	0.0	0.0012189125000000001
226.522	0.0	0.0	0.001213485
226.562	0.0	0.0	0.00113503
226.632	0.0	0.0	0.0010070775000000003
226.732	0.0	0.0	0.0008146449999999999
226.862	0.0	0.0	0.0005735600000000001
226.902	0.0	0.0	0.000447655
226.972	0.0	0.0	0.00024974625000000005
227.072	0.0	0.0	-4.264000000000001e-05
227.202	0.0	0.0	-0.00040573000000000003
227.242	0.0	0.0	-0.0005047737500000001
227.312	0.0	0.0	-0.0006649662500000001
227.402	0.0	0.0	-0.0009074
227.532	0.0	0.0	-0.00121350125
227.572	0.0	0.0	-0.0012444087500000003
227.642	0.0	0.0	-0.0012950275
227.742	0.0	0.0	-0.001371305
227.872	0.0	0.0	-0.0014669362500000001
227.912	0.0	0.0	-0.001405105
227.982	0.0	0.0	-0.0013075725000000003
228.082	0.0	0.0	-0.0011631912500000001
228.212	0.0	0.0	-0.000983775
228.252	0.0	0.0	-0.0008666125000000001
228.322	0.0	0.0	-0.0006764062500000001
228.412	0.0	0.0	-0.00038793625000000005
228.542	0.0	0.0	-2.342925e-05
228.582	0.0	0.0	9.948087499999999e-05
228.652	0.0	0.0	0.00030146999999999997
228.752	0.0	0.0	0.0006064175
228.882	0.0	0.0	0.0009890725
228.922	0.0	0.0	0.0010562175
228.992	0.0	0.0	0.0011624112500000002
229.092	0.0	0.0	0.0013198575
229.222	0.0	0.0	0.0015156375000000002
229.262	0.0	0.0	0.0014902062499999999
229.322	0.0	0.0	0.0014485900000000003
229.422	0.0	0.0	0.0013851337500000002
229.552	0.0	0.0	0.0013047775000000002
229.592	0.0	0.0	0.0011994450000000002
229.662	0.0	0.0	0.0010279425000000002
229.762	0.0	0.0	0.0007711112500000001
229.892	0.0	0.0	0.00045098625
229.932	0.0	0.0	0.00032413875
230.002	0.0	0.0	0.00011823012499999999
230.092	0.0	0.0	-0.00019431750000000004
230.222	0.0	0.0	-0.000589485
230.262	0.0	0.0	-0.00068159
230.332	0.0	0.0	-0.00083406375
230.432	0.0	0.0	-0.00106513875
230.562	0.0	0.0	-0.0013555100000000003
230.602	0.0	0.0	-0.0013662512500000003
230.672	0.0	0.0	-0.0013833462500000002
230.772	0.0	0.0	-0.00140879375
230.902	0.0	0.0	-0.0014404812500000003
230.942	0.0	0.0	-0.0013683312500000003
231.002	0.0	0.0	-0.00124999875
231.102	0.0	0.0	-0.00106951
231.232	0.0	0.0	-0.00084098625
231.272	0.0	0.0	-0.00072028125
231.342	0.0	0.0	-0.000519935
231.442	0.0	0.0	-0.00021583250000000004
231.572	0.0	0.0	0.00016657875000000003
231.612	0.0	0.0	0.00028010125
231.682	0.0	0.0	0.00046151625
231.782	0.0	0.0	0.00073204625
231.912	0.0	0.0	0.00106925
231.952	0.0	0.0	0.0011119225
232.012	0.0	0.0	0.0011822037500000002
232.112	0.0	0.0	0.0012896000000000001
232.242	0.0	0.0	0.00142569375
232.282	0.0	0.0	0.0013863362500000003
232.352	0.0	0.0	0.00132075125
232.452	0.0	0.0	0.0012209925000000001
232.582	0.0	0.0	0.0010954612500000001
232.622	0.0	0.0	0.0009879025
232.692	0.0	0.0	0.00081537625
232.792	0.0	0.0	0.00055761875
232.922	0.0	0.0	0.00023606375000000005
232.962	0.0	0.0	0.000125086
233.022	0.0	0.0	-5.8374875e-05
233.122	0.0	0.0	-0.0003393162500000001
233.252	0.0	0.0	-0.00069564625
233.292	0.0	0.0	-0.0007669187500000002
233.362	0.0	0.0	-0.0008861450000000001
233.462	0.0	0.0	-0.0010678362500000003
233.592	0.0	0.0	-0.0012966687500000002
233.632	0.0	0.0	-0.0012909975
233.702	0.0	0.0	-0.001281865
233.802	0.0	0.0	-0.001268215
233.932	0.0	0.0	-0.0012511687500000002
233.972	0.0	0.0	-0.0011760450000000001
234.032	0.0	0.0	-0.00105135875
234.132	0.0	0.0	-0.0008600475
234.262	0.0	0.0	-0.0006172075000000001
234.302	0.0	0.0	-0.0005061550000000001
234.372	0.0	0.0	-0.00031968625
234.472	0.0	0.0	-3.495375e-05
234.602	0.0	0.0	0.00032394375
234.642	0.0	0.0	0.0004198675000000001
234.712	0.0	0.0	0.0005748600000000001
234.812	0.0	0.0	0.0008073325000000001
234.942	0.0	0.0	0.0010978337500000001
234.982	0.0	0.0	0.001125085
235.042	0.0	0.0	0.00117052
235.142	0.0	0.0	0.0012403787500000001
235.272	0.0	0.0	0.0013291362500000002
235.312	0.0	0.0	0.0012810362500000002
235.382	0.0	0.0	0.001199965
235.482	0.0	0.0	0.0010759125000000002
235.612	0.0	0.0	0.000919425
235.652	0.0	0.0	0.0008126787500000002
235.722	0.0	0.0	0.0006395675
235.822	0.0	0.0	0.00037938875
235.952	0.0	0.0	5.4021500000000004e-05
235.992	0.0	0.0	-4.8397375000000003e-05
236.052	0.0	0.0	-0.00021974875000000004
236.152	0.0	0.0	-0.0004837787500000001
236.282	0.0	0.0	-0.0008194550000000001
236.322	0.0	0.0	-0.0008779225000000001
236.392	0.0	0.0	-0.0009768687500000001
236.492	0.0	0.0	-0.0011285625000000002
236.622	0.0	0.0	-0.0013200850000000001
236.662	0.0	0.0	-0.00130147875
236.732	0.0	0.0	-0.001271205
236.832	0.0	0.0	-0.0012256075000000003
236.962	0.0	0.0	-0.0011685375
237.002	0.0	0.0	-0.0010859875000000002
237.062	0.0	0.0	-0.00094732625
237.162	0.0	0.0	-0.0007332325000000001
237.292	0.0	0.0	-0.00046081750000000004
237.332	0.0	0.0	-0.0003493100000000001
237.402	0.0	0.0	-0.00015985287500000001
237.502	0.0	0.0	0.00013118625000000002
237.632	0.0	0.0	0.0004988912500000001
237.672	0.0	0.0	0.0005871287500000001
237.742	0.0	0.0	0.0007312987500000002
237.842	0.0	0.0	0.00094882125
237.972	0.0	0.0	0.0012212850000000001
238.012	0.0	0.0	0.00123618625
238.072	0.0	0.0	0.0012613412500000001
238.172	0.0	0.0	0.00130024375
238.302	0.0	0.0	0.0013497900000000002
238.342	0.0	0.0	0.0012885600000000002
238.412	0.0	0.0	0.0011840725
238.512	0.0	0.0	0.0010232787500000001
238.642	0.0	0.0	0.0008199425
238.682	0.0	0.0	0.0007051362500000001
238.752	0.0	0.0	0.00051686375
238.852	0.0	0.0	0.00023222875
238.982	0.0	0.0	-0.00012460175
239.022	0.0	0.0	-0.00022501375
239.082	0.0	0.0	-0.00039505375000000007
239.182	0.0	0.0	-0.0006587262500000001
239.312	0.0	0.0	-0.0009947275
239.352	0.0	0.0	-0.00104186875
239.422	0.0	0.0	-0.00112259875
239.522	0.0	0.0	-0.0012470900000000002
239.652	0.0	0.0	-0.0014046500000000001
239.692	0.0	0.0	-0.00136982625
239.762	0.0	0.0	-0.0013125287500000001
239.862	0.0	0.0	-0.0012257050000000001
239.992	0.0	0.0	-0.0011167812500000002
240.032	0.0	0.0	-0.0010233112500000001
240.092	0.0	0.0	-0.00086435375
240.192	0.0	0.0	-0.00061737
240.322	0.0	0.0	-0.00030236375000000003
240.362	0.0	0.0	-0.00019023875
240.432	0.0	0.0	2.615275e-06
240.532	0.0	0.0	0.00030064125
240.662	0.0	0.0	0.0006780475
240.702	0.0	0.0	0.0007547962500000002
240.772	0.0	0.0	0.0008816112500000001
240.872	0.0	0.0	0.0010741250000000002
241.002	0.0	0.0	0.0013158275000000003
241.042	0.0	0.0	0.0013146900000000003
241.102	0.0	0.0	0.0013127562500000003
241.202	0.0	0.0	0.00130973375
241.332	0.0	0.0	0.0013058825000000001
241.372	0.0	0.0	0.0012325625000000002
241.442	0.0	0.0	0.0011059425000000001
241.542	0.0	0.0	0.0009098700000000001
241.672	0.0	0.0	0.0006613750000000001
241.712	0.0	0.0	0.0005467637500000001
241.782	0.0	0.0	0.00035667125000000006
241.882	0.0	0.0	6.753175000000001e-05
242.012	0.0	0.0	-0.00029579875000000004
242.052	0.0	0.0	-0.00038325625000000004
242.112	0.0	0.0	-0.0005332275000000001
242.212	0.0	0.0	-0.0007672112500000002
242.342	0.0	0.0	-0.0010660975000000002
242.382	0.0	0.0	-0.0010945350000000002
242.452	0.0	0.0	-0.0011438375000000001
242.552	0.0	0.0	-0.0012203425
242.682	0.0	0.0	-0.0013173550000000003
242.722	0.0	0.0	-0.0012694662500000002
242.792	0.0	0.0	-0.0011897112500000003
242.892	0.0	0.0	-0.0010681612500000003
243.022	0.0	0.0	-0.0009153137500000001
243.062	0.0	0.0	-0.0008243300000000001
243.122	0.0	0.0	-0.00066766375
243.222	0.0	0.0	-0.00042272750000000003
243.352	0.0	0.0	-0.00010959975
243.392	0.0	0.0	-1.48594875e-05
243.452	0.0	0.0	0.0001500785
243.562	0.0	0.0	0.00040651000000000006
243.692	0.0	0.0	0.0007319975
243.732	0.0	0.0	0.0007849075
243.802	0.0	0.0	0.0008732587500000001
243.902	0.0	0.0	0.00100810125
244.032	0.0	0.0	0.0011777837500000002
244.072	0.0	0.0	0.00116267125
244.132	0.0	0.0	0.0011363787500000002
244.232	0.0	0.0	0.0010950875000000002
244.362	0.0	0.0	0.00104216125
244.402	0.0	0.0	0.0009703037500000001
244.472	0.0	0.0	0.0008464950000000001
244.572	0.0	0.0	0.0006555900000000002
244.702	0.0	0.0	0.00041483000000000004
244.742	0.0	0.0	0.00032755125
244.802	0.0	0.0	0.00017725500000000002
244.902	0.0	0.0	-5.790037500000001e-05
245.032	0.0	0.0	-0.00035873500000000005
245.072	0.0	0.0	-0.00042386500000000005
245.132	0.0	0.0	-0.0005381675
245.242	0.0	0.0	-0.0007165437500000001
245.372	0.0	0.0	-0.0009432800000000001
245.412	0.0	0.0	-0.0009554675000000002
245.482	0.0	0.0	-0.0009759912500000001
245.582	0.0	0.0	-0.001007435
245.712	0.0	0.0	-0.0010470525
245.752	0.0	0.0	-0.0010037787500000001
245.812	0.0	0.0	-0.000928395
245.912	0.0	0.0	-0.0008099000000000001
246.042	0.0	0.0	-0.0006580925
246.082	0.0	0.0	-0.0005800925
246.142	0.0	0.0	-0.00044276375000000003
246.252	0.0	0.0	-0.00022813375
246.382	0.0	0.0	4.485162500000001e-05
246.422	0.0	0.0	0.00012353575000000001
246.492	0.0	0.0	0.000256425
246.592	0.0	0.0	0.0004604275000000001
246.722	0.0	0.0	0.0007177300000000001
246.762	0.0	0.0	0.0007531875000000001
246.822	0.0	0.0	0.0008152137499999999
246.922	0.0	0.0	0.0009129250000000002
247.052	0.0	0.0	0.00103819625
247.092	0.0	0.0	0.00101934625
247.152	0.0	0.0	0.0009860175
247.262	0.0	0.0	0.00093380625
247.392	0.0	0.0	0.0008673437500000001
247.432	0.0	0.0	0.0007964612499999999
247.502	0.0	0.0	0.0006762600000000001
247.602	0.0	0.0	0.0004913675000000001
247.732	0.0	0.0	0.00025800125000000003
247.772	0.0	0.0	0.00017576
247.832	0.0	0.0	3.1304000000000004e-05
247.932	0.0	0.0	-0.000196755
248.062	0.0	0.0	-0.00048936875
248.102	0.0	0.0	-0.0005516225
248.162	0.0	0.0	-0.0006621387500000001
248.272	0.0	0.0	-0.0008355912500000001
248.402	0.0	0.0	-0.0010565425000000001
248.442	0.0	0.0	-0.0010642450000000001
248.512	0.0	0.0	-0.0010773750000000002
248.612	0.0	0.0	-0.0010976062500000002
248.742	0.0	0.0	-0.0011231675
248.782	0.0	0.0	-0.0010703387500000001
248.842	0.0	0.0	-0.00097709625
248.942	0.0	0.0	-0.0008296275000000002
249.072	0.0	0.0	-0.0006402500000000001
249.112	0.0	0.0	-0.0005463250000000001
249.172	0.0	0.0	-0.0003788525
249.282	0.0	0.0	-0.00011552937500000002
249.412	0.0	0.0	0.00022017125000000002
249.452	0.0	0.0	0.00031429125
249.522	0.0	0.0	0.00047513375
249.622	0.0	0.0	0.0007235637500000001
249.752	0.0	0.0	0.0010376275000000001
249.792	0.0	0.0	0.0010755550000000002
249.852	0.0	0.0	0.0011427812500000001
249.952	0.0	0.0	0.0012493487500000002
250.082	0.0	0.0	0.0013862875
250.122	0.0	0.0	0.00135136625
250.182	0.0	0.0	0.0012888525
250.292	0.0	0.0	0.00119032875
250.422	0.0	0.0	0.00106465125
250.462	0.0	0.0	0.000961805
250.532	0.0	0.0	0.0007853137500000001
250.632	0.0	0.0	0.0005121675000000001
250.762	0.0	0.0	0.00016661125000000003
250.802	0.0	0.0	5.572937500000001e-05
250.862	0.0	0.0	-0.000141649625
250.962	0.0	0.0	-0.00045519500000000004
251.092	0.0	0.0	-0.0008584225
251.132	0.0	0.0	-0.0009328475000000001
251.192	0.0	0.0	-0.00106666625
251.302	0.0	0.0	-0.0012779487500000004
251.432	0.0	0.0	-0.0015477150000000003
251.472	0.0	0.0	-0.0015407275000000002
251.542	0.0	0.0	-0.00152868625
251.642	0.0	0.0	-0.0015100150000000002
251.772	0.0	0.0	-0.00148637125
251.812	0.0	0.0	-0.0014007825000000001
251.872	0.0	0.0	-0.00124772375
251.972	0.0	0.0	-0.0010040712500000001
252.102	0.0	0.0	-0.0006904950000000001
252.142	0.0	0.0	-0.0005603650000000001
252.202	0.0	0.0	-0.000325325
252.312	0.0	0.0	4.6489625000000005e-05
252.442	0.0	0.0	0.0005215762500000001
252.482	0.0	0.0	0.0006359925000000001
252.552	0.0	0.0	0.0008339337500000001
252.652	0.0	0.0	0.00114148125
252.782	0.0	0.0	0.0015311887500000002
252.822	0.0	0.0	0.0015614625
252.882	0.0	0.0	0.00161585125
252.982	0.0	0.0	0.0017026750000000003
253.112	0.0	0.0	0.0018143125000000002
253.152	0.0	0.0	0.0017496375000000002
253.212	0.0	0.0	0.0016321500000000002
253.322	0.0	0.0	0.00144581125
253.452	0.0	0.0	0.0012076187500000002
253.492	0.0	0.0	0.00106760875
253.552	0.0	0.0	0.000824395
253.662	0.0	0.0	0.00044575375
253.792	0.0	0.0	-3.4419125000000006e-05
253.832	0.0	0.0	-0.00016557125000000002
253.892	0.0	0.0	-0.00040222
253.992	0.0	0.0	-0.0007805037500000001
254.122	0.0	0.0	-0.0012681175000000002
254.162	0.0	0.0	-0.0013390000000000001
254.222	0.0	0.0	-0.00146813875
254.332	0.0	0.0	-0.0016732625000000002
254.462	0.0	0.0	-0.0019357000000000003
254.502	0.0	0.0	-0.0019030375000000004
254.562	0.0	0.0	-0.0018458375000000003
254.672	0.0	0.0	-0.0017564625
254.802	0.0	0.0	-0.0016433625000000002
254.832	0.0	0.0	-0.0015290437500000004
254.902	0.0	0.0	-0.0013219375
255.002	0.0	0.0	-0.00099021
255.132	0.0	0.0	-0.00056225
255.172	0.0	0.0	-0.00041494375000000007
255.232	0.0	0.0	-0.000145314
255.342	0.0	0.0	0.00028380625000000003
255.472	0.0	0.0	0.000833365
255.512	0.0	0.0	0.0009432150000000002
255.572	0.0	0.0	0.0011356475
255.682	0.0	0.0	0.0014364512500000001
255.812	0.0	0.0	0.0018185375
255.842	0.0	0.0	0.0018279625000000002
255.912	0.0	0.0	0.0018453500000000002
256.012	0.0	0.0	0.0018731375000000004
256.142	0.0	0.0	0.0019092125000000004
256.182	0.0	0.0	0.001820975
256.242	0.0	0.0	0.0016589625000000003
256.352	0.0	0.0	0.0014005225000000001
256.482	0.0	0.0	0.00106929875
256.522	0.0	0.0	0.0009186775
256.582	0.0	0.0	0.00065375375
256.692	0.0	0.0	0.00023881000000000003
256.822	0.0	0.0	-0.00028861625000000003
256.852	0.0	0.0	-0.00041013375
256.922	0.0	0.0	-0.0006324662500000001
257.022	0.0	0.0	-0.0009900800000000002
257.152	0.0	0.0	-0.0014521
257.192	0.0	0.0	-0.0015002325000000004
257.252	0.0	0.0	-0.00158910375
257.362	0.0	0.0	-0.0017311125000000003
257.492	0.0	0.0	-0.001913275
257.532	0.0	0.0	-0.001859
257.592	0.0	0.0	-0.0017632875
257.702	0.0	0.0	-0.0016131049999999999
257.832	0.0	0.0	-0.0014219887500000002
257.862	0.0	0.0	-0.0013044850000000002
257.932	0.0	0.0	-0.0010885225
258.032	0.0	0.0	-0.0007403987500000001
258.162	0.0	0.0	-0.00029029
258.202	0.0	0.0	-0.00016018925000000004
258.262	0.0	0.0	8.116550000000002e-05
258.372	0.0	0.0	0.00046762625000000004
258.502	0.0	0.0	0.0009636575000000001
258.542	0.0	0.0	0.0010438025
258.602	0.0	0.0	0.00118584375
258.712	0.0	0.0	0.0014091187500000003
258.842	0.0	0.0	0.0016932500000000003
258.872	0.0	0.0	0.0016817125
258.942	0.0	0.0	0.0016601000000000003
259.042	0.0	0.0	0.0016251625
259.172	0.0	0.0	0.0015799062500000001
259.212	0.0	0.0	0.0014886300000000001
259.272	0.0	0.0	0.00132127125
259.382	0.0	0.0	0.001055535
259.512	0.0	0.0	0.000716625
259.542	0.0	0.0	0.00059951125
259.612	0.0	0.0	0.00038426375
259.712	0.0	0.0	3.7028875e-05
259.842	0.0	0.0	-0.00041223
259.872	0.0	0.0	-0.0005038800000000001
259.942	0.0	0.0	-0.0006754150000000001
260.052	0.0	0.0	-0.00095112875
260.182	0.0	0.0	-0.0013054925000000003
260.222	0.0	0.0	-0.0013281775000000002
260.282	0.0	0.0	-0.0013687050000000002
260.392	0.0	0.0	-0.0014326487500000002
260.522	0.0	0.0	-0.00151415875
260.552	0.0	0.0	-0.00146196375
260.622	0.0	0.0	-0.0013648212500000003
260.722	0.0	0.0	-0.0012073587500000002
260.852	0.0	0.0	-0.0010033400000000001
260.882	0.0	0.0	-0.00090494625
260.952	0.0	0.0	-0.000720135
261.052	0.0	0.0	-0.00042263
261.192	0.0	0.0	-4.0030250000000005e-05
261.232	0.0	0.0	5.9223125e-05
261.292	0.0	0.0	0.00023731500000000004
261.402	0.0	0.0	0.0005188625
261.532	0.0	0.0	0.0008780037500000001
261.562	0.0	0.0	0.0009216350000000001
261.632	0.0	0.0	0.00100322625
261.732	0.0	0.0	0.001135745
261.862	0.0	0.0	0.0013075887500000002
261.892	0.0	0.0	0.0012866587500000002
261.962	0.0	0.0	0.0012471875
262.062	0.0	0.0	0.0011835037500000003
262.202	0.0	0.0	0.0011015550000000002
262.242	0.0	0.0	0.00102409125
262.302	0.0	0.0	0.0008844712500000001
262.412	0.0	0.0	0.0006633087500000001
262.542	0.0	0.0	0.00038098125000000005
262.572	0.0	0.0	0.0002970175
262.642	0.0	0.0	0.000139221875
262.742	0.0	0.0	-0.00011761750000000002
262.872	0.0	0.0	-0.0004508725
262.902	0.0	0.0	-0.00050984375
262.972	0.0	0.0	-0.0006216600000000001
263.072	0.0	0.0	-0.00080237625
263.212	0.0	0.0	-0.0010351250000000002
263.252	0.0	0.0	-0.0010404712500000001
263.312	0.0	0.0	-0.0010501562500000003
263.422	0.0	0.0	-0.0010655125000000002
263.552	0.0	0.0	-0.0010851262500000001
263.582	0.0	0.0	-0.0010394475000000002
263.652	0.0	0.0	-0.0009531600000000001
263.752	0.0	0.0	-0.0008124025000000001
263.882	0.0	0.0	-0.0006296550000000001
263.912	0.0	0.0	-0.00055573375
263.982	0.0	0.0	-0.00041494375000000007
264.082	0.0	0.0	-0.00018692375
264.222	0.0	0.0	0.000106977
264.262	0.0	0.0	0.00017537000000000002
264.322	0.0	0.0	0.00029969875000000003
264.432	0.0	0.0	0.000497445
264.562	0.0	0.0	0.00075027875
264.592	0.0	0.0	0.0007748162500000001
264.662	0.0	0.0	0.0008213725
264.762	0.0	0.0	0.0008974875
264.892	0.0	0.0	0.000996385
264.922	0.0	0.0	0.0009731312500000001
264.992	0.0	0.0	0.0009286062500000001
265.092	0.0	0.0	0.0008563587500000001
265.232	0.0	0.0	0.0007631812500000001
265.272	0.0	0.0	0.00070074875
265.332	0.0	0.0	0.0005867225000000001
265.442	0.0	0.0	0.00040501500000000005
265.572	0.0	0.0	0.00017251000000000001
265.602	0.0	0.0	0.000110098625
265.672	0.0	0.0	-8.939450000000001e-06
265.772	0.0	0.0	-0.00020392124999999998
265.902	0.0	0.0	-0.0004574862500000001
265.932	0.0	0.0	-0.00049710375
266.002	0.0	0.0	-0.0005733162500000001
266.102	0.0	0.0	-0.0006972225000000001
266.242	0.0	0.0	-0.0008571875000000001
266.282	0.0	0.0	-0.0008537425000000002
266.342	0.0	0.0	-0.0008474212500000002
266.452	0.0	0.0	-0.0008373300000000001
266.582	0.0	0.0	-0.0008244275000000001
266.612	0.0	0.0	-0.0007835100000000002
266.672	0.0	0.0	-0.0007051200000000002
266.782	0.0	0.0	-0.00057642
266.912	0.0	0.0	-0.0004089475
266.942	0.0	0.0	-0.0003493425
267.012	0.0	0.0	-0.00023414625000000002
267.112	0.0	0.0	-4.645062500000001e-05
267.252	0.0	0.0	0.0001960075
267.292	0.0	0.0	0.00024688625
267.352	0.0	0.0	0.00034063249999999995
267.462	0.0	0.0	0.0004906525000000001
267.592	0.0	0.0	0.0006828900000000001
267.622	0.0	0.0	0.00069639375
267.682	0.0	0.0	0.00072239375
267.792	0.0	0.0	0.0007651637500000002
267.922	0.0	0.0	0.0008208525000000001
267.952	0.0	0.0	0.0007956975000000001
268.022	0.0	0.0	0.0007468500000000001
268.122	0.0	0.0	0.0006670787500000001
268.262	0.0	0.0	0.0005639725000000001
268.302	0.0	0.0	0.00050974625
268.362	0.0	0.0	0.00040937000000000005
268.472	0.0	0.0	0.00024843
268.602	0.0	0.0	4.2043625e-05
268.632	0.0	0.0	-7.467850000000001e-06
268.692	0.0	0.0	-0.00010331750000000002
268.802	0.0	0.0	-0.00026131625
268.932	0.0	0.0	-0.00046723625
268.962	0.0	0.0	-0.0004942437499999999
269.032	0.0	0.0	-0.0005469425
269.132	0.0	0.0	-0.000633165
269.272	0.0	0.0	-0.00074472125
269.312	0.0	0.0	-0.0007347437500000001
269.372	0.0	0.0	-0.0007162025000000002
269.482	0.0	0.0	-0.00068641625
269.612	0.0	0.0	-0.00064818
269.642	0.0	0.0	-0.0006102200000000001
269.702	0.0	0.0	-0.00053636375
269.812	0.0	0.0	-0.00041435875
269.942	0.0	0.0	-0.00025522250000000005
269.972	0.0	0.0	-0.00020629374999999998
270.042	0.0	0.0	-0.00011036187500000001
270.142	0.0	0.0	4.6925125000000004e-05
270.282	0.0	0.0	0.00025054250000000004
270.312	0.0	0.0	0.00028739750000000006
270.382	0.0	0.0	0.00035624875
270.492	0.0	0.0	0.00046710625000000004
270.622	0.0	0.0	0.0006094562500000001
270.652	0.0	0.0	0.0006140225
270.712	0.0	0.0	0.0006229437500000001
270.822	0.0	0.0	0.000637715
270.952	0.0	0.0	0.0006569875
270.982	0.0	0.0	0.0006313775000000001
271.052	0.0	0.0	0.00058088875
271.152	0.0	0.0	0.0004979650000000001
271.292	0.0	0.0	0.00039052000000000005
271.322	0.0	0.0	0.00034571875000000005
271.392	0.0	0.0	0.0002616575
271.492	0.0	0.0	0.00012604800000000002
271.632	0.0	0.0	-4.824137500000001e-05
271.662	0.0	0.0	-8.425300000000001e-05
271.722	0.0	0.0	-0.000155049375
271.832	0.0	0.0	-0.00027248
271.962	0.0	0.0	-0.00042587999999999995
271.992	0.0	0.0	-0.00044102500000000005
272.062	0.0	0.0	-0.00047103875000000005
272.162	0.0	0.0	-0.0005204387500000001
272.302	0.0	0.0	-0.0005844800000000001
272.332	0.0	0.0	-0.0005708787500000002
272.402	0.0	0.0	-0.0005452525000000001
272.502	0.0	0.0	-0.0005037987500000001
272.642	0.0	0.0	-0.00045051499999999996
272.672	0.0	0.0	-0.00041942875000000005
272.732	0.0	0.0	-0.00035800375
272.842	0.0	0.0	-0.000255905
272.972	0.0	0.0	-0.00012243887500000002
273.002	0.0	0.0	-8.775325e-05
273.072	0.0	0.0	-1.8707000000000002e-05
273.172	0.0	0.0	9.51795e-05
273.312	0.0	0.0	0.0002429375
273.342	0.0	0.0	0.0002648425
273.412	0.0	0.0	0.00030629625000000004
273.512	0.0	0.0	0.0003734087500000001
273.652	0.0	0.0	0.00045976125
273.682	0.0	0.0	0.00045797375
273.742	0.0	0.0	0.000454415
273.852	0.0	0.0	0.0004484675000000001
273.982	0.0	0.0	0.0004406837500000001
274.012	0.0	0.0	0.000419055
274.082	0.0	0.0	0.00037657750000000007
274.182	0.0	0.0	0.00030709250000000003
274.322	0.0	0.0	0.00021750625
274.352	0.0	0.0	0.00018962125
274.412	0.0	0.0	0.000134498
274.522	0.0	0.0	4.279437500000001e-05
274.652	0.0	0.0	-7.7153375e-05
274.682	0.0	0.0	-9.9107125e-05
274.752	0.0	0.0	-0.00014324375
274.852	0.0	0.0	-0.00021632
274.992	0.0	0.0	-0.00031126875000000005
275.022	0.0	0.0	-0.00031741125000000006
275.092	0.0	0.0	-0.00032916000000000005
275.192	0.0	0.0	-0.00034825375000000007
275.332	0.0	0.0	-0.00037285625000000005
275.362	0.0	0.0	-0.0003620825
275.422	0.0	0.0	-0.00034047000000000005
275.532	0.0	0.0	-0.00030436250000000003
275.662	0.0	0.0	-0.00025705875
275.692	0.0	0.0	-0.00023612875000000004
275.762	0.0	0.0	-0.00019391125
275.862	0.0	0.0	-0.00012389
276.002	0.0	0.0	-3.2872125e-05
276.032	0.0	0.0	-1.1536525000000002e-05
276.102	0.0	0.0	2.9393000000000005e-05
276.202	0.0	0.0	9.6045625e-05
276.342	0.0	0.0	0.00018200000000000003
276.372	0.0	0.0	0.00019170125000000002
276.432	0.0	0.0	0.0002112175
276.542	0.0	0.0	0.00024392875
276.672	0.0	0.0	0.00028679625
276.702	0.0	0.0	0.00028348125
276.772	0.0	0.0	0.00027673750000000005
276.872	0.0	0.0	0.00026554125000000003
277.012	0.0	0.0	0.00025098125000000003
277.042	0.0	0.0	0.00023612875000000004
277.112	0.0	0.0	0.00020747999999999999
277.212	0.0	0.0	0.00016074175000000004
277.352	0.0	0.0	0.00010042175000000002
277.382	0.0	0.0	8.386787500000002e-05
277.442	0.0	0.0	5.033275000000001e-05
277.542	0.0	0.0	-5.9631000000000006e-06
277.682	0.0	0.0	-7.98005e-05
277.712	0.0	0.0	-9.220412500000002e-05
277.782	0.0	0.0	-0.00011749400000000001
277.882	0.0	0.0	-0.000159605875
278.022	0.0	0.0	-0.00021441875
278.052	0.0	0.0	-0.00021687250000000001
278.122	0.0	0.0	-0.00022163375000000004
278.222	0.0	0.0	-0.00022940125
278.362	0.0	0.0	-0.00023942750000000007
278.392	0.0	0.0	-0.00023149750000000003
278.452	0.0	0.0	-0.00021534500000000003
278.552	0.0	0.0	-0.00018815875000000002
278.692	0.0	0.0	-0.00015247375000000001
278.722	0.0	0.0	-0.00013785687500000003
278.782	0.0	0.0	-0.00010788862500000002
278.892	0.0	0.0	-5.7887375e-05
279.032	0.0	0.0	7.2466875e-06
279.062	0.0	0.0	2.2369750000000004e-05
279.132	0.0	0.0	5.1804999999999996e-05
279.232	0.0	0.0	0.000100035
279.372	0.0	0.0	0.00016236837500000002
279.402	0.0	0.0	0.00016922750000000002
279.462	0.0	0.0	0.0001832675
279.562	0.0	0.0	0.00020692750000000001
279.702	0.0	0.0	0.00023801375
279.732	0.0	0.0	0.00023460125
279.792	0.0	0.0	0.00022758125000000003
279.902	0.0	0.0	0.00021584875000000002
280.042	0.0	0.0	0.0002005575
280.072	0.0	0.0	0.00018711875000000002
280.142	0.0	0.0	0.00016082950000000004
280.242	0.0	0.0	0.00011766137500000002
280.382	0.0	0.0	6.183125e-05
280.412	0.0	0.0	4.65855e-05
280.472	0.0	0.0	1.5185625000000003e-05
280.572	0.0	0.0	-3.7860875e-05
280.712	0.0	0.0	-0.00010758637500000002
280.742	0.0	0.0	-0.000118974375
280.802	0.0	0.0	-0.00014256775
280.912	0.0	0.0	-0.00018209750000000002
281.052	0.0	0.0	-0.00023365875000000002
281.082	0.0	0.0	-0.00023484500000000002
281.152	0.0	0.0	-0.00023716875000000004
281.252	0.0	0.0	-0.00024098750000000005
281.392	0.0	0.0	-0.0002459275
281.422	0.0	0.0	-0.00023638875
281.482	0.0	0.0	-0.00021662875000000003
281.582	0.0	0.0	-0.00018315375
281.722	0.0	0.0	-0.00013914550000000003
281.752	0.0	0.0	-0.00012286625000000002
281.812	0.0	0.0	-8.8957375e-05
281.922	0.0	0.0	-3.2028750000000004e-05
282.062	0.0	0.0	4.228737500000001e-05
282.092	0.0	0.0	5.7962125e-05
282.162	0.0	0.0	8.892975e-05
282.262	0.0	0.0	0.0001399775
282.402	0.0	0.0	0.00020609875
282.432	0.0	0.0	0.00021165625000000004
282.492	0.0	0.0	0.00022324250000000002
282.592	0.0	0.0	0.00024288875000000003
282.732	0.0	0.0	0.00026875875
282.762	0.0	0.0	0.00026271375
282.822	0.0	0.0	0.00025007125000000007
282.932	0.0	0.0	0.0002288
283.072	0.0	0.0	0.0002010125
283.102	0.0	0.0	0.00018507125
283.172	0.0	0.0	0.000153388625
283.272	0.0	0.0	0.00010106362500000001
283.412	0.0	0.0	3.3242625e-05
283.442	0.0	0.0	1.7558125000000002e-05
283.502	0.0	0.0	-1.5295150000000002e-05
283.602	0.0	0.0	-7.1149e-05
283.742	0.0	0.0	-0.00014472575000000002
283.772	0.0	0.0	-0.00015437175
283.832	0.0	0.0	-0.0001746875
283.942	0.0	0.0	-0.00020892625000000004
284.082	0.0	0.0	-0.000253695
284.112	0.0	0.0	-0.00025195625
284.182	0.0	0.0	-0.00024847875000000004
284.282	0.0	0.0	-0.0002427425
284.422	0.0	0.0	-0.00023528375000000002
284.452	0.0	0.0	-0.00022403875
284.512	0.0	0.0	-0.00020037875
284.612	0.0	0.0	-0.000160056
284.752	0.0	0.0	-0.0001069055
284.782	0.0	0.0	-9.115762500000002e-05
284.842	0.0	0.0	-5.780937500000001e-05
284.952	0.0	0.0	-1.4803262500000002e-06
285.092	0.0	0.0	7.22085e-05
285.122	0.0	0.0	8.523125e-05
285.192	0.0	0.0	0.00011135475
285.292	0.0	0.0	0.00015468212500000002
285.432	0.0	0.0	0.00021092500000000002
285.462	0.0	0.0	0.00021381750000000002
285.522	0.0	0.0	0.00021994375000000002
285.622	0.0	0.0	0.00023039250000000003
285.762	0.0	0.0	0.00024418875000000004
285.792	0.0	0.0	0.0002368925
285.852	0.0	0.0	0.00022135750000000002
285.962	0.0	0.0	0.00019503250000000002
286.102	0.0	0.0	0.0001605955
286.132	0.0	0.0	0.00014549112500000002
286.202	0.0	0.0	0.00011503212500000001
286.302	0.0	0.0	6.441500000000001e-05
286.442	0.0	0.0	-1.33666e-06
286.472	0.0	0.0	-1.50956e-05
286.532	0.0	0.0	-4.4417750000000003e-05
286.632	0.0	0.0	-9.458800000000001e-05
286.772	0.0	0.0	-0.00016081975000000002
286.802	0.0	0.0	-0.0001686425
286.862	0.0	0.0	-0.00018539625000000003
286.972	0.0	0.0	-0.00021380124999999999
287.112	0.0	0.0	-0.00025103000000000007
287.142	0.0	0.0	-0.00024813750000000006
287.212	0.0	0.0	-0.00024230375
287.312	0.0	0.0	-0.00023260250000000003
287.452	0.0	0.0	-0.00021997625
287.482	0.0	0.0	-0.00020814625
287.542	0.0	0.0	-0.00018256875
287.642	0.0	0.0	-0.00013861250000000001
287.782	0.0	0.0	-8.044724999999999e-05
287.812	0.0	0.0	-6.3019125e-05
287.872	0.0	0.0	-2.6255125e-05
287.982	0.0	0.0	3.5566375000000004e-05
288.122	0.0	0.0	0.00011606075000000001
288.152	0.0	0.0	0.00012929150000000003
288.212	0.0	0.0	0.00015749175
288.312	0.0	0.0	0.00020579
288.452	0.0	0.0	0.00026957125000000006
288.482	0.0	0.0	0.00027261
288.542	0.0	0.0	0.00027919125
288.652	0.0	0.0	0.00029038750000000003
288.792	0.0	0.0	0.00030509375
288.822	0.0	0.0	0.00029401125000000003
288.882	0.0	0.0	0.000271375
288.992	0.0	0.0	0.00023354500000000001
289.132	0.0	0.0	0.00018429125000000003
289.162	0.0	0.0	0.00016531125000000002
289.222	0.0	0.0	0.00012419875
289.322	0.0	0.0	5.345925e-05
289.462	0.0	0.0	-4.010175e-05
289.492	0.0	0.0	-6.011362500000001e-05
289.552	0.0	0.0	-0.00010362950000000001
289.662	0.0	0.0	-0.00017784000000000005
289.802	0.0	0.0	-0.00027524250000000004
289.832	0.0	0.0	-0.00028578875
289.892	0.0	0.0	-0.00030746625000000003
290.002	0.0	0.0	-0.0003437525
290.142	0.0	0.0	-0.00039102375000000004
290.172	0.0	0.0	-0.00038496250000000004
290.232	0.0	0.0	-0.0003717675
290.332	0.0	0.0	-0.0003490012500000001
290.472	0.0	0.0	-0.0003188575
290.502	0.0	0.0	-0.00029807375000000003
290.562	0.0	0.0	-0.00025259
290.672	0.0	0.0	-0.00017486625
290.812	0.0	0.0	-7.279512500000001e-05
290.842	0.0	0.0	-4.5067750000000006e-05
290.902	0.0	0.0	1.2232350000000002e-05
291.012	0.0	0.0	0.00010836962500000002
291.152	0.0	0.0	0.00023365875000000002
291.182	0.0	0.0	0.00025098125000000003
291.242	0.0	0.0	0.00028890875000000003
291.342	0.0	0.0	0.000354445
291.482	0.0	0.0	0.00044126875
291.512	0.0	0.0	0.00044156125000000007
291.572	0.0	0.0	0.00044222750000000007
291.682	0.0	0.0	0.00044334875
291.822	0.0	0.0	0.00044484375000000004
291.852	0.0	0.0	0.00042453125000000005
291.912	0.0	0.0	0.00038233
292.022	0.0	0.0	0.00031136625
292.162	0.0	0.0	0.00021883875000000002
292.192	0.0	0.0	0.00019048250000000002
292.252	0.0	0.0	0.000127960625
292.352	0.0	0.0	1.97015e-05
292.492	0.0	0.0	-0.00012378275
292.522	0.0	0.0	-0.00014950975
292.582	0.0	0.0	-0.00020644
292.692	0.0	0.0	-0.00030413500000000003
292.832	0.0	0.0	-0.0004326075
292.862	0.0	0.0	-0.00044185375
292.922	0.0	0.0	-0.00046115875
293.032	0.0	0.0	-0.0004936750000000001
293.172	0.0	0.0	-0.0005361200000000001
293.202	0.0	0.0	-0.0005232662500000001
293.262	0.0	0.0	-0.0004947637500000001
293.362	0.0	0.0	-0.0004452825
293.502	0.0	0.0	-0.00037966500000000006
293.532	0.0	0.0	-0.00035015500000000005
293.592	0.0	0.0	-0.00028445625
293.702	0.0	0.0	-0.00017150249999999998
293.842	0.0	0.0	-2.2841e-05
293.872	0.0	0.0	1.09094375e-05
293.932	0.0	0.0	8.180412500000001e-05
294.042	0.0	0.0	0.00020148375
294.182	0.0	0.0	0.00035779250000000007
294.212	0.0	0.0	0.00037480624999999997
294.272	0.0	0.0	0.00041278250000000005
294.372	0.0	0.0	0.00047882250000000007
294.512	0.0	0.0	0.000566475
294.542	0.0	0.0	0.0005613887500000002
294.602	0.0	0.0	0.00054998125
294.712	0.0	0.0	0.0005303187499999999
294.852	0.0	0.0	0.0005044325000000001
294.882	0.0	0.0	0.0004765475000000001
294.942	0.0	0.0	0.00041764125000000004
295.052	0.0	0.0	0.0003180125
295.192	0.0	0.0	0.00018780125
295.222	0.0	0.0	0.00015515825
295.282	0.0	0.0	8.184312500000001e-05
295.382	0.0	0.0	-4.59355e-05
295.522	0.0	0.0	-0.0002156375
295.552	0.0	0.0	-0.00024098750000000005
295.612	0.0	0.0	-0.00029810625
295.722	0.0	0.0	-0.00039672750000000005
295.862	0.0	0.0	-0.0005266787500000001
295.892	0.0	0.0	-0.0005310175000000001
295.952	0.0	0.0	-0.0005402475000000001
296.062	0.0	0.0	-0.00055588
296.202	0.0	0.0	-0.0005763387500000001
296.232	0.0	0.0	-0.0005581225000000002
296.292	0.0	0.0	-0.00051696125
296.392	0.0	0.0	-0.0004450712500000001
296.532	0.0	0.0	-0.000349505
296.562	0.0	0.0	-0.00031698875
296.622	0.0	0.0	-0.0002432625
296.732	0.0	0.0	-0.00011573250000000002
296.872	0.0	0.0	5.2463125e-05
296.902	0.0	0.0	8.478600000000001e-05
296.962	0.0	0.0	0.000153827375
297.072	0.0	0.0	0.0002710825
297.212	0.0	0.0	0.00042456375
297.242	0.0	0.0	0.0004370275
297.302	0.0	0.0	0.00046540000000000004
297.402	0.0	0.0	0.00051504375
297.542	0.0	0.0	0.0005810675000000001
297.572	0.0	0.0	0.00057107375
297.632	0.0	0.0	0.0005483075
297.742	0.0	0.0	0.0005088200000000001
297.882	0.0	0.0	0.0004567225
297.912	0.0	0.0	0.000426855
297.972	0.0	0.0	0.0003627
298.082	0.0	0.0	0.00025351625000000005
298.222	0.0	0.0	0.00011050487500000001
298.252	0.0	0.0	8.0396875e-05
298.312	0.0	0.0	1.1460962500000002e-05
298.412	0.0	0.0	-0.00010945350000000002
298.552	0.0	0.0	-0.00027038375
298.582	0.0	0.0	-0.00029016000000000003
298.642	0.0	0.0	-0.00033553
298.752	0.0	0.0	-0.00041435875
298.892	0.0	0.0	-0.00051845625
298.922	0.0	0.0	-0.0005172375000000001
298.982	0.0	0.0	-0.0005146212500000001
299.092	0.0	0.0	-0.0005101525
299.232	0.0	0.0	-0.00050428625
299.262	0.0	0.0	-0.0004847050000000001
299.322	0.0	0.0	-0.00043954625000000005
299.422	0.0	0.0	-0.00036018125000000003
299.562	0.0	0.0	-0.000254475
299.592	0.0	0.0	-0.00022546875000000003
299.652	0.0	0.0	-0.00015847000000000002
299.762	0.0	0.0	-4.18535e-05
299.902	0.0	0.0	0.00011225662500000001
299.932	0.0	0.0	0.000137301125
299.992	0.0	0.0	0.0001917175
300.102	0.0	0.0	0.00028471625000000005
300.242	0.0	0.0	0.00040668875000000003
300.272	0.0	0.0	0.00041309125000000006
300.332	0.0	0.0	0.00042794375000000006
300.432	0.0	0.0	0.00045410625000000005
300.572	0.0	0.0	0.0004889787500000001
300.602	0.0	0.0	0.00047695375000000005
300.662	0.0	0.0	0.00044900375000000005
300.772	0.0	0.0	0.0004002375
300.912	0.0	0.0	0.00033577375
300.942	0.0	0.0	0.0003099525
301.002	0.0	0.0	0.0002535325
301.112	0.0	0.0	0.000156931125
301.252	0.0	0.0	3.0132375e-05
301.282	0.0	0.0	7.642375000000002e-06
301.332	0.0	0.0	-4.4879250000000006e-05
301.442	0.0	0.0	-0.00013759687500000003
301.582	0.0	0.0	-0.00026125125000000003
301.612	0.0	0.0	-0.00027313000000000006
301.672	0.0	0.0	-0.00030093375
301.782	0.0	0.0	-0.000349505
301.922	0.0	0.0	-0.00041379
301.952	0.0	0.0	-0.00040888250000000007
302.012	0.0	0.0	-0.00039807625
302.122	0.0	0.0	-0.0003795675000000001
302.262	0.0	0.0	-0.00035525750000000005
302.292	0.0	0.0	-0.00033892625000000006
302.342	0.0	0.0	-0.00030023500000000004
302.452	0.0	0.0	-0.00023157875000000004
302.592	0.0	0.0	-0.00013981337500000002
302.622	0.0	0.0	-0.00011869812500000001
302.682	0.0	0.0	-7.016587500000002e-05
302.792	0.0	0.0	1.3930637500000001e-05
302.932	0.0	0.0	0.000124554625
302.962	0.0	0.0	0.0001378975
303.012	0.0	0.0	0.00016906500000000004
303.122	0.0	0.0	0.00022413625
303.262	0.0	0.0	0.00029761875
303.292	0.0	0.0	0.00029901625
303.352	0.0	0.0	0.00030233125000000006
303.462	0.0	0.0	0.00030814875000000004
303.602	0.0	0.0	0.00031585125000000005
303.632	0.0	0.0	0.00030483375
303.692	0.0	0.0	0.00028036125000000005
303.802	0.0	0.0	0.00023824125000000007
303.942	0.0	0.0	0.00018284500000000003
303.962	0.0	0.0	0.00016813875
304.022	0.0	0.0	0.00013316225000000001
304.132	0.0	0.0	7.107425000000001e-05
304.272	0.0	0.0	-1.1884275000000002e-05
304.302	0.0	0.0	-2.4467625000000004e-05
304.362	0.0	0.0	-5.4418000000000007e-05
304.472	0.0	0.0	-0.00010705500000000002
304.612	0.0	0.0	-0.00017683250000000004
304.642	0.0	0.0	-0.00018156125000000004
304.702	0.0	0.0	-0.00019214000000000004
304.812	0.0	0.0	-0.00021037250000000005
304.952	0.0	0.0	-0.00023437375000000003
304.972	0.0	0.0	-0.00023011625
305.032	0.0	0.0	-0.00021991125
305.142	0.0	0.0	-0.00020174375
305.282	0.0	0.0	-0.00017745000000000003
305.312	0.0	0.0	-0.00016765125
305.372	0.0	0.0	-0.000144183
305.482	0.0	0.0	-0.000102838125
305.622	0.0	0.0	-4.7991125000000004e-05
305.652	0.0	0.0	-3.6965500000000004e-05
305.712	0.0	0.0	-1.2195300000000002e-05
305.822	0.0	0.0	3.063125e-05
305.962	0.0	0.0	8.702200000000001e-05
305.982	0.0	0.0	9.315150000000001e-05
306.042	0.0	0.0	0.00010792925
306.152	0.0	0.0	0.00013427700000000003
306.292	0.0	0.0	0.00016953625000000003
306.322	0.0	0.0	0.00016995874999999999
306.382	0.0	0.0	0.000171015
306.492	0.0	0.0	0.00017288375000000002
306.632	0.0	0.0	0.00017535375
306.662	0.0	0.0	0.00016901625
306.722	0.0	0.0	0.00015471625
306.832	0.0	0.0	0.00012993175000000003
306.972	0.0	0.0	9.727575e-05
306.992	0.0	0.0	8.746400000000002e-05
307.052	0.0	0.0	6.36415e-05
307.162	0.0	0.0	2.1076250000000003e-05
307.302	0.0	0.0	-3.5912500000000006e-05
307.332	0.0	0.0	-4.6592000000000004e-05
307.392	0.0	0.0	-7.252212500000001e-05
307.502	0.0	0.0	-0.00011837800000000001
307.642	0.0	0.0	-0.00017928625000000002
307.672	0.0	0.0	-0.00018542875000000003
307.732	0.0	0.0	-0.0001993875
307.842	0.0	0.0	-0.0002236325
307.982	0.0	0.0	-0.00025558000000000004
308.002	0.0	0.0	-0.000252265
308.062	0.0	0.0	-0.00024415625
308.172	0.0	0.0	-0.000229645
308.312	0.0	0.0	-0.00021020999999999998
308.342	0.0	0.0	-0.000197275
308.402	0.0	0.0	-0.00016566875
308.512	0.0	0.0	-0.00010966475
308.652	0.0	0.0	-3.521537500000001e-05
308.682	0.0	0.0	-1.654575e-05
308.742	0.0	0.0	2.6182e-05
308.852	0.0	0.0	0.00010051437500000001
308.992	0.0	0.0	0.00019859125000000003
309.012	0.0	0.0	0.00021084375
309.072	0.0	0.0	0.00024103625
309.182	0.0	0.0	0.00029521375000000005
309.322	0.0	0.0	0.00036783500000000006
309.342	0.0	0.0	0.00036819250000000005
309.412	0.0	0.0	0.0003690537500000001
309.522	0.0	0.0	0.00037058125
309.662	0.0	0.0	0.0003726125
309.692	0.0	0.0	0.00035680125000000005
309.752	0.0	0.0	0.000320385
309.862	0.0	0.0	0.00025691250000000004
310.002	0.0	0.0	0.00017309500000000004
310.022	0.0	0.0	0.00015036937500000002
310.082	0.0	0.0	9.4001375e-05
310.192	0.0	0.0	-7.3727875e-06
310.332	0.0	0.0	-0.00014337375
310.352	0.0	0.0	-0.00016484
310.422	0.0	0.0	-0.00021805875000000002
310.522	0.0	0.0	-0.0003127475
310.672	0.0	0.0	-0.00043879875000000005
310.702	0.0	0.0	-0.0004466150000000001
310.762	0.0	0.0	-0.0004647175
310.872	0.0	0.0	-0.0004963562500000001
311.012	0.0	0.0	-0.00053815125
311.032	0.0	0.0	-0.0005263375
311.092	0.0	0.0	-0.0004968275000000001
311.202	0.0	0.0	-0.00044364125
311.342	0.0	0.0	-0.000372255
311.362	0.0	0.0	-0.0003446462500000001
311.432	0.0	0.0	-0.00027573
311.532	0.0	0.0	-0.00015286862500000004
311.682	0.0	0.0	1.0778462500000003e-05
311.712	0.0	0.0	4.317137500000001e-05
311.772	0.0	0.0	0.00011872412500000001
311.882	0.0	0.0	0.000250965
312.022	0.0	0.0	0.00042583124999999997
312.042	0.0	0.0	0.0004418700000000001
312.102	0.0	0.0	0.00048226750000000004
312.212	0.0	0.0	0.00055524625
312.352	0.0	0.0	0.0006532662500000001
312.372	0.0	0.0	0.0006473025
312.442	0.0	0.0	0.00063232
312.542	0.0	0.0	0.00060555625
312.692	0.0	0.0	0.0005698875
312.722	0.0	0.0	0.0005401500000000001
312.782	0.0	0.0	0.00047034
312.892	0.0	0.0	0.00034788
313.032	0.0	0.0	0.00018588375
313.052	0.0	0.0	0.00015162225
313.112	0.0	0.0	6.475625e-05
313.222	0.0	0.0	-9.248037500000001e-05
313.362	0.0	0.0	-0.0003038425
313.382	0.0	0.0	-0.00033049250000000005
313.452	0.0	0.0	-0.00039794625
313.552	0.0	0.0	-0.0005187162500000001
313.702	0.0	0.0	-0.00067977
313.732	0.0	0.0	-0.0006833775
313.792	0.0	0.0	-0.0006918600000000001
313.902	0.0	0.0	-0.0007067937500000001
314.042	0.0	0.0	-0.0007265700000000001
314.062	0.0	0.0	-0.0007052825000000001
314.122	0.0	0.0	-0.00065091
314.232	0.0	0.0	-0.0005522562500000001
314.372	0.0	0.0	-0.00041957500000000005
314.392	0.0	0.0	-0.00038195625000000006
314.452	0.0	0.0	-0.00028604875
314.562	0.0	0.0	-0.00011396125000000002
314.712	0.0	0.0	0.00011569837500000001
314.742	0.0	0.0	0.00015325375000000002
314.802	0.0	0.0	0.00024256375
314.912	0.0	0.0	0.00039988
315.052	0.0	0.0	0.0006082862500000001
315.072	0.0	0.0	0.0006219037500000001
315.132	0.0	0.0	0.0006569550000000001
315.242	0.0	0.0	0.0007206712500000001
315.382	0.0	0.0	0.0008064387500000001
315.402	0.0	0.0	0.000793065
315.462	0.0	0.0	0.0007587125000000001
315.572	0.0	0.0	0.00069694625
315.722	0.0	0.0	0.0006144775
315.752	0.0	0.0	0.00057643625
315.812	0.0	0.0	0.00048538750000000006
315.922	0.0	0.0	0.0003247075
316.062	0.0	0.0	0.00011167975000000001
316.082	0.0	0.0	7.427225000000001e-05
316.142	0.0	0.0	-2.2758125000000003e-05
316.252	0.0	0.0	-0.00019953375000000001
316.392	0.0	0.0	-0.00043762874999999995
316.412	0.0	0.0	-0.00046193875000000005
316.472	0.0	0.0	-0.00052479375
316.582	0.0	0.0	-0.0006380725000000001
316.732	0.0	0.0	-0.00078944125
316.762	0.0	0.0	-0.0007864025
316.822	0.0	0.0	-0.0007791225000000001
316.932	0.0	0.0	-0.0007662362500000001
317.072	0.0	0.0	-0.0007491412499999999
317.092	0.0	0.0	-0.0007226862500000001
317.152	0.0	0.0	-0.00065287625
317.262	0.0	0.0	-0.000525005
317.402	0.0	0.0	-0.00035243000000000004
317.422	0.0	0.0	-0.00031143125
317.492	0.0	0.0	-0.00020752875000000002
317.592	0.0	0.0	-2.1944000000000002e-05
317.742	0.0	0.0	0.00022460750000000002
317.762	0.0	0.0	0.00025535250000000004
317.822	0.0	0.0	0.00033512375000000004
317.932	0.0	0.0	0.00048061
318.072	0.0	0.0	0.0006766662500000001
318.092	0.0	0.0	0.0006854575000000001
318.152	0.0	0.0	0.0007085162500000002
318.262	0.0	0.0	0.0007502300000000001
318.412	0.0	0.0	0.0008060487500000001
318.442	0.0	0.0	0.000786045
318.502	0.0	0.0	0.0007372625
318.612	0.0	0.0	0.0006506987500000002
318.752	0.0	0.0	0.0005357462500000001
318.772	0.0	0.0	0.0005016537500000001
318.832	0.0	0.0	0.00041136875
318.942	0.0	0.0	0.00024591125
319.082	0.0	0.0	2.2667125000000004e-05
319.102	0.0	0.0	-1.2874550000000002e-05
319.162	0.0	0.0	-0.00010667637500000001
319.272	0.0	0.0	-0.00027662375
319.422	0.0	0.0	-0.00050412375
319.442	0.0	0.0	-0.00052375375
319.512	0.0	0.0	-0.0005719187500000001
319.622	0.0	0.0	-0.0006575887500000001
319.762	0.0	0.0	-0.00077143625
319.782	0.0	0.0	-0.0007642375000000001
319.842	0.0	0.0	-0.00074498125
319.952	0.0	0.0	-0.0007096375000000001
320.092	0.0	0.0	-0.00066191125
320.112	0.0	0.0	-0.0006332787500000001
320.172	0.0	0.0	-0.0005571312500000001
320.282	0.0	0.0	-0.00041887624999999997
320.432	0.0	0.0	-0.00023369125000000004
320.452	0.0	0.0	-0.00019514625
320.522	0.0	0.0	-9.987575000000003e-05
320.622	0.0	0.0	6.988637500000001e-05
320.772	0.0	0.0	0.00029565250000000004
320.792	0.0	0.0	0.0003191175
320.852	0.0	0.0	0.0003822975000000001
320.962	0.0	0.0	0.0004985500000000001
321.102	0.0	0.0	0.0006556387500000001
321.122	0.0	0.0	0.0006583200000000001
321.182	0.0	0.0	0.0006655350000000001
321.292	0.0	0.0	0.0006786650000000001
321.442	0.0	0.0	0.0006962637500000001
321.462	0.0	0.0	0.00067457
321.532	0.0	0.0	0.0006205875000000001
321.632	0.0	0.0	0.0005241925000000001
321.782	0.0	0.0	0.00039591500000000005
321.802	0.0	0.0	0.00036583625
321.862	0.0	0.0	0.00028426125000000004
321.972	0.0	0.0	0.00013381387500000001
322.112	0.0	0.0	-6.959875e-05
322.132	0.0	0.0	-9.728712500000001e-05
322.192	0.0	0.0	-0.00017207125000000002
322.302	0.0	0.0	-0.00030840875
322.452	0.0	0.0	-0.00049127
322.472	0.0	0.0	-0.000502905
322.542	0.0	0.0	-0.0005320412500000001
322.642	0.0	0.0	-0.0005841875000000001
322.792	0.0	0.0	-0.0006536075
322.812	0.0	0.0	-0.0006437275000000001
322.872	0.0	0.0	-0.00061670375
322.982	0.0	0.0	-0.0005667675000000001
323.122	0.0	0.0	-0.0004991837500000001
323.142	0.0	0.0	-0.0004740287500000001
323.202	0.0	0.0	-0.00040551875000000004
323.312	0.0	0.0	-0.0002803775
323.462	0.0	0.0	-0.00011240775000000002
323.482	0.0	0.0	-8.268325000000001e-05
323.552	0.0	0.0	-7.673900000000001e-06
323.652	0.0	0.0	0.000126832875
323.802	0.0	0.0	0.00030606875
323.822	0.0	0.0	0.00032136
323.882	0.0	0.0	0.00036352875000000005
323.992	0.0	0.0	0.000441675
324.132	0.0	0.0	0.0005474462500000001
324.152	0.0	0.0	0.00054569125
324.212	0.0	0.0	0.0005408487500000001
324.322	0.0	0.0	0.0005319762500000001
324.472	0.0	0.0	0.0005200812500000001
324.492	0.0	0.0	0.0005006462500000001
324.552	0.0	0.0	0.0004512625
324.662	0.0	0.0	0.0003625375
324.812	0.0	0.0	0.00024422125000000006
324.832	0.0	0.0	0.00022139000000000002
324.892	0.0	0.0	0.000157857375
325.002	0.0	0.0	3.991975000000001e-05
325.142	0.0	0.0	-0.00011984537500000001
325.162	0.0	0.0	-0.00013845000000000003
325.222	0.0	0.0	-0.00018991375
325.332	0.0	0.0	-0.00028431
325.482	0.0	0.0	-0.00041117375
325.502	0.0	0.0	-0.00041634124999999995
325.562	0.0	0.0	-0.00042958500000000007
325.672	0.0	0.0	-0.00045344000000000005
325.822	0.0	0.0	-0.00048525750000000007
325.842	0.0	0.0	-0.00047554
325.902	0.0	0.0	-0.00044825625000000004
326.002	0.0	0.0	-0.0003975075
326.152	0.0	0.0	-0.00032872125000000006
326.172	0.0	0.0	-0.00030946500000000003
326.232	0.0	0.0	-0.00025575875
326.342	0.0	0.0	-0.00015702375
326.492	0.0	0.0	-2.4256375000000002e-05
326.512	0.0	0.0	-3.7698375e-06
326.572	0.0	0.0	4.9063625e-05
326.682	0.0	0.0	0.000144399125
326.832	0.0	0.0	0.00027168375000000003
326.852	0.0	0.0	0.00028058875
326.912	0.0	0.0	0.00030580875000000006
327.012	0.0	0.0	0.00035282
327.162	0.0	0.0	0.000416585
327.182	0.0	0.0	0.00041301
327.242	0.0	0.0	0.0004029675
327.352	0.0	0.0	0.00038445875000000005
327.502	0.0	0.0	0.0003595475
327.522	0.0	0.0	0.00034399625000000004
327.582	0.0	0.0	0.00030359875
327.692	0.0	0.0	0.00023055500000000002
327.842	0.0	0.0	0.000132978625
327.862	0.0	0.0	0.00011647675
327.922	0.0	0.0	6.937125000000001e-05
328.022	0.0	0.0	-1.8643625000000004e-05
328.172	0.0	0.0	-0.000138107125
328.192	0.0	0.0	-0.000150499375
328.252	0.0	0.0	-0.00018562374999999998
328.362	0.0	0.0	-0.00025047750000000004
328.512	0.0	0.0	-0.00033780500000000005
328.532	0.0	0.0	-0.000339755
328.592	0.0	0.0	-0.00034487375000000003
328.702	0.0	0.0	-0.00035413625
328.852	0.0	0.0	-0.00036651875000000007
328.872	0.0	0.0	-0.00035787375
328.932	0.0	0.0	-0.0003329625
329.032	0.0	0.0	-0.00028632500000000003
329.182	0.0	0.0	-0.00022296624999999998
329.202	0.0	0.0	-0.00020752875000000002
329.262	0.0	0.0	-0.00016342625000000002
329.372	0.0	0.0	-8.180900000000002e-05
329.522	0.0	0.0	2.8148250000000003e-05
329.542	0.0	0.0	4.402125000000001e-05
329.602	0.0	0.0	8.588937500000001e-05
329.712	0.0	0.0	0.00016190687500000002
329.862	0.0	0.0	0.0002636075000000001
329.882	0.0	0.0	0.000269945
329.942	0.0	0.0	0.0002883725
330.042	0.0	0.0	0.00032296875000000007
330.192	0.0	0.0	0.00036998000000000006
330.212	0.0	0.0	0.00036577125000000006
330.272	0.0	0.0	0.00035360000000000003
330.382	0.0	0.0	0.000331045
330.532	0.0	0.0	0.00030064125
330.552	0.0	0.0	0.00028583750000000006
330.612	0.0	0.0	0.00024649625
330.722	0.0	0.0	0.00017489875000000003
330.872	0.0	0.0	7.907575000000001e-05
330.892	0.0	0.0	6.350337500000001e-05
330.952	0.0	0.0	1.78425e-05
331.052	0.0	0.0	-6.8033875e-05
331.202	0.0	0.0	-0.00018481125
331.222	0.0	0.0	-0.00019647875000000002
331.282	0.0	0.0	-0.00023037625000000002
331.392	0.0	0.0	-0.00029336125000000004
331.542	0.0	0.0	-0.0003783325
331.562	0.0	0.0	-0.00037922625000000006
331.622	0.0	0.0	-0.00038163125
331.732	0.0	0.0	-0.00038600250000000004
331.882	0.0	0.0	-0.00039185250000000005
331.902	0.0	0.0	-0.0003815825
331.962	0.0	0.0	-0.00035083749999999996
332.062	0.0	0.0	-0.00029271125000000005
332.212	0.0	0.0	-0.00021350875
332.232	0.0	0.0	-0.00019446375
332.292	0.0	0.0	-0.00014042925
332.402	0.0	0.0	-4.093862500000001e-05
332.552	0.0	0.0	9.251125000000001e-05
332.572	0.0	0.0	0.00010889124999999999
332.632	0.0	0.0	0.00015694737500000002
332.732	0.0	0.0	0.00024740625
332.882	0.0	0.0	0.0003705
332.902	0.0	0.0	0.00037760125000000006
332.962	0.0	0.0	0.00039859625
333.072	0.0	0.0	0.00043777500000000006
333.222	0.0	0.0	0.000490685
333.242	0.0	0.0	0.0004825925000000001
333.302	0.0	0.0	0.00046063875
333.412	0.0	0.0	0.00042048500000000006
333.562	0.0	0.0	0.0003666325
333.582	0.0	0.0	0.0003486437500000001
333.642	0.0	0.0	0.00029458
333.742	0.0	0.0	0.00019230250000000002
333.892	0.0	0.0	5.29815e-05
333.912	0.0	0.0	3.098712500000001e-05
333.972	0.0	0.0	-3.4479250000000004e-05
334.082	0.0	0.0	-0.00015678487500000004
334.232	0.0	0.0	-0.00032205875
334.252	0.0	0.0	-0.00033741500000000003
334.312	0.0	0.0	-0.00037940500000000003
334.422	0.0	0.0	-0.00045639750000000005
334.572	0.0	0.0	-0.0005597150000000001
334.592	0.0	0.0	-0.00055810625
334.652	0.0	0.0	-0.00055323125
334.752	0.0	0.0	-0.0005439850000000001
334.902	0.0	0.0	-0.0005313750000000001
334.922	0.0	0.0	-0.00051389
334.982	0.0	0.0	-0.00046138625
335.092	0.0	0.0	-0.00036309000000000005
335.242	0.0	0.0	-0.000230165
335.262	0.0	0.0	-0.00020208500000000001
335.322	0.0	0.0	-0.000124691125
335.432	0.0	0.0	1.7502875000000003e-05
335.582	0.0	0.0	0.00020842250000000003
335.602	0.0	0.0	0.0002280525
335.662	0.0	0.0	0.00028819375000000005
335.762	0.0	0.0	0.00040244750000000007
335.912	0.0	0.0	0.000558285
335.932	0.0	0.0	0.0005637775000000001
335.992	0.0	0.0	0.0005804175
336.102	0.0	0.0	0.00061163375
336.252	0.0	0.0	0.0006538837500000001
336.272	0.0	0.0	0.0006390800000000001
336.332	0.0	0.0	0.0005979512500000001
336.442	0.0	0.0	0.0005222425
336.592	0.0	0.0	0.00042051750000000003
336.612	0.0	0.0	0.0003960125
336.662	0.0	0.0	0.00032027125000000004
336.772	0.0	0.0	0.00017603625
336.922	0.0	0.0	-2.0816250000000003e-05
336.942	0.0	0.0	-4.6764250000000005e-05
337.002	0.0	0.0	-0.000126117875
337.112	0.0	0.0	-0.00027530750000000003
337.262	0.0	0.0	-0.00047729500000000003
337.282	0.0	0.0	-0.00049157875
337.342	0.0	0.0	-0.0005315700000000001
337.452	0.0	0.0	-0.00060539375
337.602	0.0	0.0	-0.00070461625
337.622	0.0	0.0	-0.0006983600000000001
337.672	0.0	0.0	-0.0006788112500000001
337.782	0.0	0.0	-0.00064150125
337.932	0.0	0.0	-0.00059054125
337.952	0.0	0.0	-0.0005674825000000001
338.012	0.0	0.0	-0.00049629125
338.122	0.0	0.0	-0.00036218000000000003
338.272	0.0	0.0	-0.00018048875
338.292	0.0	0.0	-0.00014918150000000003
338.352	0.0	0.0	-6.074900000000001e-05
338.462	0.0	0.0	0.00010275362500000002
338.612	0.0	0.0	0.00032270875000000004
338.632	0.0	0.0	0.00034099000000000005
338.682	0.0	0.0	0.00039867750000000007
338.792	0.0	0.0	0.0005089987500000001
338.942	0.0	0.0	0.0006597662500000001
338.962	0.0	0.0	0.0006609525000000001
339.022	0.0	0.0	0.0006646250000000001
339.132	0.0	0.0	0.0006715637500000002
339.282	0.0	0.0	0.0006809725
339.302	0.0	0.0	0.00066148875
339.362	0.0	0.0	0.0006059625
339.472	0.0	0.0	0.00050308375
339.622	0.0	0.0	0.00036460124999999996
339.642	0.0	0.0	0.00033904000000000003
339.692	0.0	0.0	0.00025757875000000005
339.802	0.0	0.0	0.00010144875000000002
339.952	0.0	0.0	-0.00011205512500000001
339.972	0.0	0.0	-0.00013537225
340.032	0.0	0.0	-0.00020871500000000002
340.142	0.0	0.0	-0.00034749
340.292	0.0	0.0	-0.00053571375
340.312	0.0	0.0	-0.0005447975
340.372	0.0	0.0	-0.00057091125
340.482	0.0	0.0	-0.0006194012500000001
340.632	0.0	0.0	-0.0006847100000000002
340.652	0.0	0.0	-0.00067507375
340.702	0.0	0.0	-0.0006440525000000001
340.812	0.0	0.0	-0.0005844962500000001
340.962	0.0	0.0	-0.0005029862500000001
340.982	0.0	0.0	-0.00048005750000000005
341.042	0.0	0.0	-0.0004072575
341.152	0.0	0.0	-0.00026924625000000003
341.302	0.0	0.0	-8.1921125e-05
341.322	0.0	0.0	-5.5141125e-05
341.382	0.0	0.0	2.2454250000000003e-05
341.492	0.0	0.0	0.00016682250000000004
341.642	0.0	0.0	0.00036141625000000007
341.662	0.0	0.0	0.00037417250000000004
341.712	0.0	0.0	0.00041565875000000005
341.822	0.0	0.0	0.00049551125
341.972	0.0	0.0	0.00060484125
341.992	0.0	0.0	0.0006020625000000001
342.052	0.0	0.0	0.000593125
342.162	0.0	0.0	0.0005761600000000001
342.312	0.0	0.0	0.0005531175000000001
342.332	0.0	0.0	0.00053417
342.392	0.0	0.0	0.00047880625000000005
342.502	0.0	0.0	0.00037555375
342.652	0.0	0.0	0.00023632375
342.672	0.0	0.0	0.00021557250000000004
342.722	0.0	0.0	0.000147372875
342.832	0.0	0.0	1.5796625000000002e-05
342.982	0.0	0.0	-0.00016446625
343.002	0.0	0.0	-0.00018083000000000002
343.062	0.0	0.0	-0.00023378875000000003
343.172	0.0	0.0	-0.00033463625
343.322	0.0	0.0	-0.00047168875000000004
343.342	0.0	0.0	-0.00047523125000000004
343.402	0.0	0.0	-0.00048566375000000004
343.512	0.0	0.0	-0.00050516375
343.662	0.0	0.0	-0.0005314887500000001
343.682	0.0	0.0	-0.00052169
343.732	0.0	0.0	-0.00048914125
343.842	0.0	0.0	-0.00042622125000000004
343.992	0.0	0.0	-0.00033995000000000005
344.012	0.0	0.0	-0.00032192875
344.072	0.0	0.0	-0.00026295750000000003
344.182	0.0	0.0	-0.00015043275
344.332	0.0	0.0	2.5717250000000004e-06
344.352	0.0	0.0	2.1064875000000004e-05
344.412	0.0	0.0	7.607437500000001e-05
344.522	0.0	0.0	0.00017907500000000003
344.672	0.0	0.0	0.00031815875000000006
344.692	0.0	0.0	0.0003250975
344.742	0.0	0.0	0.0003484
344.852	0.0	0.0	0.00039354250000000004
345.002	0.0	0.0	0.0004554875
345.022	0.0	0.0	0.00045108375000000006
345.082	0.0	0.0	0.00043655625
345.192	0.0	0.0	0.000408785
345.342	0.0	0.0	0.0003709875
345.362	0.0	0.0	0.00035621625000000005
345.422	0.0	0.0	0.00031188625
345.532	0.0	0.0	0.00022871875
345.682	0.0	0.0	0.00011634187500000002
345.702	0.0	0.0	0.000102337625
345.752	0.0	0.0	5.481612500000001e-05
345.862	0.0	0.0	-3.7479000000000005e-05
346.012	0.0	0.0	-0.00016415750000000002
346.032	0.0	0.0	-0.00017369625000000002
346.092	0.0	0.0	-0.00020551375000000003
346.202	0.0	0.0	-0.00026648375000000007
346.352	0.0	0.0	-0.00034948875000000005
346.372	0.0	0.0	-0.0003496025
346.432	0.0	0.0	-0.00034999250000000004
346.542	0.0	0.0	-0.00035072375000000004
346.692	0.0	0.0	-0.000351715
346.712	0.0	0.0	-0.00034399625000000004
346.762	0.0	0.0	-0.00031716750000000004
346.872	0.0	0.0	-0.0002647937500000001
347.022	0.0	0.0	-0.00019277375
347.042	0.0	0.0	-0.0001800825
347.102	0.0	0.0	-0.00013899437500000002
347.212	0.0	0.0	-6.0971625000000006e-05
347.362	0.0	0.0	4.466475000000001e-05
347.382	0.0	0.0	5.409462500000001e-05
347.432	0.0	0.0	8.6126625e-05
347.542	0.0	0.0	0.00014839012500000002
347.692	0.0	0.0	0.0002339025
347.712	0.0	0.0	0.00023725000000000005
347.772	0.0	0.0	0.00024867375
347.882	0.0	0.0	0.00027064375000000003
348.032	0.0	0.0	0.00030059250000000003
348.052	0.0	0.0	0.00029596125000000005
348.112	0.0	0.0	0.0002817425
348.222	0.0	0.0	0.00025493
348.372	0.0	0.0	0.00021861125
348.392	0.0	0.0	0.00021030750000000003
348.442	0.0	0.0	0.00018123625000000001
348.552	0.0	0.0	0.00012444412500000002
348.702	0.0	0.0	4.636775000000001e-05
348.722	0.0	0.0	3.7274250000000007e-05
348.782	0.0	0.0	6.059625000000001e-06
348.892	0.0	0.0	-5.4091375e-05
349.042	0.0	0.0	-0.000136118125
349.062	0.0	0.0	-0.000141847875
349.122	0.0	0.0	-0.000159635125
349.232	0.0	0.0	-0.00019326125000000002
349.382	0.0	0.0	-0.00023881000000000003
349.402	0.0	0.0	-0.00023803000000000002
349.452	0.0	0.0	-0.00023521875
349.562	0.0	0.0	-0.00022972625
349.712	0.0	0.0	-0.00022217
349.732	0.0	0.0	-0.00021627125000000003
349.782	0.0	0.0	-0.00019579625
349.902	0.0	0.0	-0.000156273
350.052	0.0	0.0	-0.00010234087499999999
350.072	0.0	0.0	-9.342937500000002e-05
350.132	0.0	0.0	-6.549887500000002e-05
350.242	0.0	0.0	-1.2578637500000001e-05
350.392	0.0	0.0	5.914025e-05
350.412	0.0	0.0	6.488462500000001e-05
350.462	0.0	0.0	8.543275e-05
350.572	0.0	0.0	0.00012575387500000001
350.722	0.0	0.0	0.00018125250000000003
350.742	0.0	0.0	0.00018291000000000002
350.792	0.0	0.0	0.00018867875
350.912	0.0	0.0	0.00019985875
351.062	0.0	0.0	0.0002151175
351.082	0.0	0.0	0.0002112175
351.142	0.0	0.0	0.00019885125000000003
351.252	0.0	0.0	0.00017538625
351.402	0.0	0.0	0.00014355250000000003
351.422	0.0	0.0	0.00013728975
351.472	0.0	0.0	0.000114619375
351.582	0.0	0.0	7.003425e-05
351.732	0.0	0.0	8.621437500000001e-06
351.752	0.0	0.0	1.9384625e-06
351.802	0.0	0.0	-2.1765250000000003e-05
351.922	0.0	0.0	-6.77365e-05
352.072	0.0	0.0	-0.00013053950000000003
352.092	0.0	0.0	-0.00013444600000000003
352.152	0.0	0.0	-0.00014692925
352.262	0.0	0.0	-0.00017067375000000002
352.412	0.0	0.0	-0.00020291374999999997
352.432	0.0	0.0	-0.000201695
352.482	0.0	0.0	-0.000197275
352.592	0.0	0.0	-0.00018854875
352.742	0.0	0.0	-0.00017652375000000003
352.762	0.0	0.0	-0.00017122625000000002
352.812	0.0	0.0	-0.00015219425
352.932	0.0	0.0	-0.00011520924999999999
353.082	0.0	0.0	-6.465225000000001e-05
353.102	0.0	0.0	-5.709275e-05
353.162	0.0	0.0	-3.2706375e-05
353.272	0.0	0.0	1.3793000000000002e-05
353.422	0.0	0.0	7.692912500000001e-05
353.432	0.0	0.0	8.1404375e-05
353.492	0.0	0.0	9.800212500000002e-05
353.602	0.0	0.0	0.0001307865
353.752	0.0	0.0	0.00017600375000000003
353.772	0.0	0.0	0.00017667
353.822	0.0	0.0	0.00017910750000000003
353.942	0.0	0.0	0.00018385250000000004
354.092	0.0	0.0	0.0001903525
354.112	0.0	0.0	0.00018616000000000002
354.172	0.0	0.0	0.00017249375
354.282	0.0	0.0	0.00014639137500000002
354.432	0.0	0.0	0.00011092737500000001
354.442	0.0	0.0	0.00010523175000000001
354.502	0.0	0.0	8.384025e-05
354.612	0.0	0.0	4.1496000000000004e-05
354.762	0.0	0.0	-1.6940625e-05
354.782	0.0	0.0	-2.2468875000000003e-05
354.832	0.0	0.0	-4.2758625e-05
354.952	0.0	0.0	-8.235825000000002e-05
355.102	0.0	0.0	-0.0001365585
355.122	0.0	0.0	-0.00013915037500000001
355.182	0.0	0.0	-0.000147684875
355.292	0.0	0.0	-0.00016402750000000003
355.442	0.0	0.0	-0.00018624125
355.452	0.0	0.0	-0.00018447000000000003
355.512	0.0	0.0	-0.00017772625000000002
355.622	0.0	0.0	-0.0001643525
355.772	0.0	0.0	-0.00014589575
355.792	0.0	0.0	-0.000140853375
355.842	0.0	0.0	-0.00012212850000000003
355.962	0.0	0.0	-8.550262500000002e-05
356.112	0.0	0.0	-3.5345375e-05
356.132	0.0	0.0	-2.8886e-05
356.192	0.0	0.0	-7.412275e-06
356.302	0.0	0.0	3.3798375e-05
356.452	0.0	0.0	8.9854375e-05
356.462	0.0	0.0	9.319375000000001e-05
356.522	0.0	0.0	0.00010605075
356.632	0.0	0.0	0.00013161362500000004
356.782	0.0	0.0	0.00016693625000000002
356.802	0.0	0.0	0.00016679000000000002
356.852	0.0	0.0	0.00016625375000000003
356.972	0.0	0.0	0.00016521374999999998
357.122	0.0	0.0	0.00016378375
357.142	0.0	0.0	0.00015953437500000001
357.202	0.0	0.0	0.000145247375
357.312	0.0	0.0	0.00011777350000000002
357.462	0.0	0.0	8.037737500000001e-05
357.472	0.0	0.0	7.535125000000001e-05
357.532	0.0	0.0	5.574237500000001e-05
357.642	0.0	0.0	1.6666000000000003e-05
357.792	0.0	0.0	-3.7357125000000004e-05
357.812	0.0	0.0	-4.1822625000000003e-05
357.862	0.0	0.0	-5.8800625e-05
357.982	0.0	0.0	-9.21505e-05
358.132	0.0	0.0	-0.00013787962500000004
358.152	0.0	0.0	-0.000139449375
358.212	0.0	0.0	-0.0001447745
358.322	0.0	0.0	-0.000155038
358.472	0.0	0.0	-0.00016901625
358.482	0.0	0.0	-0.00016692
358.542	0.0	0.0	-0.00015862437500000002
358.652	0.0	0.0	-0.00014205912500000003
358.802	0.0	0.0	-0.00011914337500000001
358.812	0.0	0.0	-0.00011440650000000002
358.872	0.0	0.0	-9.617400000000002e-05
358.992	0.0	0.0	-6.0284250000000005e-05
359.142	0.0	0.0	-1.1042849999999999e-05
359.162	0.0	0.0	-5.453012500000001e-06
359.212	0.0	0.0	1.37265375e-05
359.332	0.0	0.0	5.0766625000000005e-05
359.482	0.0	0.0	0.00010124562500000001
359.492	0.0	0.0	0.00010375950000000002
359.552	0.0	0.0	0.00011382800000000001
359.662	0.0	0.0	0.00013398125
359.812	0.0	0.0	0.00016187925
359.822	0.0	0.0	0.000161152875
359.882	0.0	0.0	0.00015832375000000002
359.992	0.0	0.0	0.00015274187500000002
360.152	0.0	0.0	0.00014507837500000003
360.172	0.0	0.0	0.00014072012499999998
360.222	0.0	0.0	0.00012564175000000002
360.342	0.0	0.0	9.647300000000002e-05
360.492	0.0	0.0	5.6705999999999995e-05
360.502	0.0	0.0	5.2177125e-05
360.562	0.0	0.0	3.347500000000001e-05
360.672	0.0	0.0	-4.1686125e-06
360.822	0.0	0.0	-5.637450000000001e-05
360.842	0.0	0.0	-6.0383375000000014e-05
360.892	0.0	0.0	-7.545200000000001e-05
361.012	0.0	0.0	-0.00010490025
361.162	0.0	0.0	-0.00014510925
361.172	0.0	0.0	-0.000145851875
361.232	0.0	0.0	-0.00014883212500000002
361.342	0.0	0.0	-0.00015480075
361.492	0.0	0.0	-0.00016306875000000003
361.502	0.0	0.0	-0.000160493125
361.562	0.0	0.0	-0.00015021175000000001
361.672	0.0	0.0	-0.000129845625
361.832	0.0	0.0	-0.000101855
361.852	0.0	0.0	-9.6434e-05
361.902	0.0	0.0	-7.7283375e-05
362.022	0.0	0.0	-4.008875000000001e-05
362.172	0.0	0.0	1.0683562500000001e-05
362.182	0.0	0.0	1.4898812500000001e-05
362.242	0.0	0.0	3.2413875e-05
362.352	0.0	0.0	6.76845e-05
362.502	0.0	0.0	0.00011658400000000002
362.512	0.0	0.0	0.000118768
362.572	0.0	0.0	0.00012757387500000002
362.682	0.0	0.0	0.000145045875
362.842	0.0	0.0	0.00016906500000000004
362.862	0.0	0.0	0.00016757000000000002
362.912	0.0	0.0	0.00016224325000000002
363.032	0.0	0.0	0.00015186762500000002
363.182	0.0	0.0	0.00013769437500000002
363.192	0.0	0.0	0.00013390325000000003
363.252	0.0	0.0	0.00011792625000000001
363.362	0.0	0.0	8.568137500000001e-05
363.512	0.0	0.0	4.0948375e-05
363.522	0.0	0.0	3.6044125000000004e-05
363.582	0.0	0.0	1.599975e-05
363.692	0.0	0.0	-2.385175e-05
363.852	0.0	0.0	-7.867925e-05
363.872	0.0	0.0	-8.245900000000002e-05
363.922	0.0	0.0	-9.6107375e-05
364.042	0.0	0.0	-0.00012273137500000002
364.192	0.0	0.0	-0.00015911837500000002
364.202	0.0	0.0	-0.000159202875
364.262	0.0	0.0	-0.00015956525
364.372	0.0	0.0	-0.00016030137500000003
364.522	0.0	0.0	-0.00016132024999999998
364.532	0.0	0.0	-0.00015823275
364.592	0.0	0.0	-0.00014545212500000003
364.702	0.0	0.0	-0.00011998512500000001
364.862	0.0	0.0	-8.492575e-05
364.882	0.0	0.0	-7.9495e-05
364.932	0.0	0.0	-5.9652125000000006e-05
365.052	0.0	0.0	-2.0863375000000002e-05
365.202	0.0	0.0	3.2181500000000004e-05
365.212	0.0	0.0	3.584425e-05
365.272	0.0	0.0	5.174487500000001e-05
365.382	0.0	0.0	8.397512500000001e-05
365.532	0.0	0.0	0.00012874225
365.542	0.0	0.0	0.00013010237500000001
365.602	0.0	0.0	0.00013580612500000002
365.712	0.0	0.0	0.00014719737500000003
365.872	0.0	0.0	0.00016289000000000003
365.892	0.0	0.0	0.0001607515
365.942	0.0	0.0	0.00015284750000000002
366.062	0.0	0.0	0.00013736450000000002
366.212	0.0	0.0	0.00011617775000000001
366.222	0.0	0.0	0.00011249875000000002
366.282	0.0	0.0	9.629587500000001e-05
366.392	0.0	0.0	6.3375e-05
366.542	0.0	0.0	1.76215e-05
366.552	0.0	0.0	1.34749875e-05
366.612	0.0	0.0	-4.172025e-06
366.722	0.0	0.0	-3.948425000000001e-05
366.882	0.0	0.0	-8.815625e-05
366.902	0.0	0.0	-9.081800000000001e-05
366.952	0.0	0.0	-0.00010077925000000001
367.072	0.0	0.0	-0.000120332875
367.222	0.0	0.0	-0.00014710475000000002
367.232	0.0	0.0	-0.00014661725
367.292	0.0	0.0	-0.00014443812500000003
367.402	0.0	0.0	-0.00014000025000000002
367.552	0.0	0.0	-0.00013382850000000001
367.562	0.0	0.0	-0.000130849875
367.622	0.0	0.0	-0.00011799775000000001
367.732	0.0	0.0	-9.222362500000001e-05
367.892	0.0	0.0	-5.667837500000001e-05
367.912	0.0	0.0	-5.2099125000000006e-05
367.962	0.0	0.0	-3.4763625e-05
368.082	0.0	0.0	-6.597175000000002e-07
368.232	0.0	0.0	4.6062250000000004e-05
368.242	0.0	0.0	4.883612500000001e-05
368.302	0.0	0.0	6.1439625e-05
368.412	0.0	0.0	8.7160125e-05
368.562	0.0	0.0	0.00012294750000000002
368.572	0.0	0.0	0.00012366900000000003
368.632	0.0	0.0	0.00012682800000000003
368.742	0.0	0.0	0.0001331785
368.902	0.0	0.0	0.00014194050000000002
368.912	0.0	0.0	0.00013970775
368.972	0.0	0.0	0.000131148875
369.092	0.0	0.0	0.000114274875
369.242	0.0	0.0	9.1144625e-05
369.252	0.0	0.0	8.78215e-05
369.312	0.0	0.0	7.2483125e-05
369.422	0.0	0.0	4.111250000000001e-05
369.572	0.0	0.0	-2.563925e-06
369.582	0.0	0.0	-6.2153000000000004e-06
369.642	0.0	0.0	-2.2433125000000002e-05
369.752	0.0	0.0	-5.509725000000001e-05
369.912	0.0	0.0	-0.00010019750000000001
369.922	0.0	0.0	-0.00010242374999999999
369.982	0.0	0.0	-0.00011105900000000001
370.092	0.0	0.0	-0.0001281215
370.252	0.0	0.0	-0.00015152637500000002
370.262	0.0	0.0	-0.00015080162500000002
370.322	0.0	0.0	-0.00014740212500000002
370.432	0.0	0.0	-0.00014043575000000002
370.582	0.0	0.0	-0.00013072962500000002
370.592	0.0	0.0	-0.00012748775
370.652	0.0	0.0	-0.000112870875
370.762	0.0	0.0	-8.336737500000001e-05
370.922	0.0	0.0	-4.260912500000001e-05
370.932	0.0	0.0	-3.7665875000000006e-05
370.992	0.0	0.0	-1.8239000000000003e-05
371.102	0.0	0.0	2.0223125000000005e-05
371.262	0.0	0.0	7.301287500000001e-05
371.272	0.0	0.0	7.5908625e-05
371.332	0.0	0.0	8.9714625e-05
371.442	0.0	0.0	0.00011808225000000002
371.592	0.0	0.0	0.00015762500000000002
371.602	0.0	0.0	0.000158091375
371.662	0.0	0.0	0.000160225
371.772	0.0	0.0	0.0001645475
371.932	0.0	0.0	0.00017051125
371.942	0.0	0.0	0.00016739125
372.002	0.0	0.0	0.000154986
372.112	0.0	0.0	0.000130375375
372.272	0.0	0.0	9.657700000000002e-05
372.282	0.0	0.0	9.239425000000001e-05
372.332	0.0	0.0	7.211262500000001e-05
372.452	0.0	0.0	3.0350125e-05
372.602	0.0	0.0	-2.7898000000000003e-05
372.612	0.0	0.0	-3.2217250000000004e-05
372.672	0.0	0.0	-5.2289250000000004e-05
372.782	0.0	0.0	-9.297762500000001e-05
372.942	0.0	0.0	-0.00014925625
372.952	0.0	0.0	-0.00015140775000000003
373.012	0.0	0.0	-0.00016008037500000002
373.122	0.0	0.0	-0.00017732000000000002
373.282	0.0	0.0	-0.00020102875000000003
373.292	0.0	0.0	-0.00019951750000000003
373.342	0.0	0.0	-0.00019212375000000003
373.462	0.0	0.0	-0.000176865
373.612	0.0	0.0	-0.000155566125
373.622	0.0	0.0	-0.000151126625
373.682	0.0	0.0	-0.00013017875
373.792	0.0	0.0	-8.762487500000001e-05
373.952	0.0	0.0	-2.8730000000000004e-05
373.962	0.0	0.0	-2.2738625e-05
374.022	0.0	0.0	1.7363125e-06
374.132	0.0	0.0	5.0505e-05
374.292	0.0	0.0	0.00011756062500000002
374.302	0.0	0.0	0.00012047750000000001
374.352	0.0	0.0	0.00013511225
374.472	0.0	0.0	0.00016539250000000003
374.622	0.0	0.0	0.00020765874999999998
374.632	0.0	0.0	0.00020736625
374.692	0.0	0.0	0.00020595250000000003
374.802	0.0	0.0	0.00020307625000000004
374.962	0.0	0.0	0.00019907875000000003
374.972	0.0	0.0	0.00019467500000000003
375.032	0.0	0.0	0.00017649125
375.142	0.0	0.0	0.00014018062500000003
375.302	0.0	0.0	9.024275e-05
375.312	0.0	0.0	8.557412500000002e-05
375.362	0.0	0.0	6.118287500000001e-05
375.472	0.0	0.0	1.04521625e-05
375.632	0.0	0.0	-6.0519875000000015e-05
375.642	0.0	0.0	-6.508287500000001e-05
375.702	0.0	0.0	-8.594950000000001e-05
375.812	0.0	0.0	-0.00012803375
375.972	0.0	0.0	-0.0001859975
375.982	0.0	0.0	-0.00018707
376.032	0.0	0.0	-0.00019248125000000002
376.152	0.0	0.0	-0.00020369375000000003
376.302	0.0	0.0	-0.0002193425
376.312	0.0	0.0	-0.00021690500000000004
376.372	0.0	0.0	-0.00020486375000000002
376.482	0.0	0.0	-0.00018026125000000003
376.642	0.0	0.0	-0.00014616550000000003
376.652	0.0	0.0	-0.000140478
376.712	0.0	0.0	-0.000116389
376.822	0.0	0.0	-6.811512500000001e-05
376.982	0.0	0.0	-1.6354e-06
376.992	0.0	0.0	2.6425750000000003e-06
377.042	0.0	0.0	2.5174500000000004e-05
377.152	0.0	0.0	7.206225e-05
377.312	0.0	0.0	0.0001376375
377.322	0.0	0.0	0.000140031125
377.382	0.0	0.0	0.00015201712500000002
377.492	0.0	0.0	0.00017655625000000003
377.652	0.0	0.0	0.00021060000000000002
377.662	0.0	0.0	0.00020934875
377.722	0.0	0.0	0.00020397000000000004
377.832	0.0	0.0	0.00019316375
377.992	0.0	0.0	0.00017827875000000001
378.002	0.0	0.0	0.00017483375000000004
378.052	0.0	0.0	0.000156329875
378.162	0.0	0.0	0.00011774750000000002
378.322	0.0	0.0	6.375362500000002e-05
378.332	0.0	0.0	5.911100000000001e-05
378.392	0.0	0.0	3.5451e-05
378.502	0.0	0.0	-1.3100912500000001e-05
378.662	0.0	0.0	-8.047487500000002e-05
378.672	0.0	0.0	-8.428875e-05
378.732	0.0	0.0	-0.00010089462500000001
378.842	0.0	0.0	-0.00013431925000000002
379.002	0.0	0.0	-0.0001804075
379.012	0.0	0.0	-0.00018068375000000002
379.062	0.0	0.0	-0.00018219500000000004
379.172	0.0	0.0	-0.00018536375000000003
379.332	0.0	0.0	-0.00018981625000000002
379.342	0.0	0.0	-0.00018723250000000005
379.402	0.0	0.0	-0.00017385875
379.512	0.0	0.0	-0.00014637025
379.672	0.0	0.0	-0.000108194125
379.682	0.0	0.0	-0.00010326712500000001
379.742	0.0	0.0	-8.149700000000001e-05
379.852	0.0	0.0	-3.7584625e-05
380.012	0.0	0.0	2.2995375000000002e-05
380.022	0.0	0.0	2.6240500000000004e-05
380.072	0.0	0.0	4.434625000000001e-05
380.182	0.0	0.0	8.228025000000001e-05
380.342	0.0	0.0	0.00013542749999999998
380.352	0.0	0.0	0.00013686075000000003
380.412	0.0	0.0	0.00014443
380.522	0.0	0.0	0.000160028375
380.682	0.0	0.0	0.00018170749999999998
380.692	0.0	0.0	0.0001800825
380.752	0.0	0.0	0.000172835
380.862	0.0	0.0	0.00015818075000000002
381.022	0.0	0.0	0.00013795275000000004
381.032	0.0	0.0	0.00013496275
381.082	0.0	0.0	0.00011794087500000001
381.192	0.0	0.0	8.2197375e-05
381.352	0.0	0.0	3.2092125000000006e-05
381.362	0.0	0.0	2.842125e-05
381.422	0.0	0.0	8.6828625e-06
381.532	0.0	0.0	-3.2084000000000007e-05
381.692	0.0	0.0	-8.875425000000002e-05
381.702	0.0	0.0	-9.1469625e-05
381.762	0.0	0.0	-0.00010382612500000001
381.872	0.0	0.0	-0.00012885925
382.032	0.0	0.0	-0.00016342625000000002
382.042	0.0	0.0	-0.00016328000000000002
382.092	0.0	0.0	-0.00016244475000000002
382.202	0.0	0.0	-0.000160671875
382.362	0.0	0.0	-0.00015818562500000003
382.372	0.0	0.0	-0.00015575462500000002
382.432	0.0	0.0	-0.00014244100000000001
382.542	0.0	0.0	-0.00011488262500000001
382.702	0.0	0.0	-7.655050000000001e-05
382.712	0.0	0.0	-7.2304375e-05
382.772	0.0	0.0	-5.2674375e-05
382.882	0.0	0.0	-1.28207625e-05
383.042	0.0	0.0	4.2254875000000006e-05
383.052	0.0	0.0	4.4843500000000005e-05
383.102	0.0	0.0	6.021762500000001e-05
383.212	0.0	0.0	9.264612500000002e-05
383.372	0.0	0.0	0.0001381575
383.382	0.0	0.0	0.000139078875
383.442	0.0	0.0	0.000144217125
383.552	0.0	0.0	0.000154873875
383.712	0.0	0.0	0.00016971500000000002
383.722	0.0	0.0	0.00016786250000000002
383.782	0.0	0.0	0.00015921262500000002
383.892	0.0	0.0	0.000141609
384.052	0.0	0.0	0.00011726650000000002
384.062	0.0	0.0	0.000114417875
384.112	0.0	0.0	9.713275000000002e-05
384.222	0.0	0.0	6.059300000000001e-05
384.382	0.0	0.0	9.282e-06
384.392	0.0	0.0	5.933525e-06
384.452	0.0	0.0	-1.3118625e-05
384.562	0.0	0.0	-5.272800000000001e-05
384.722	0.0	0.0	-0.00010788212500000001
384.732	0.0	0.0	-0.000110140875
384.792	0.0	0.0	-0.000120908125
384.902	0.0	0.0	-0.0001428635
385.062	0.0	0.0	-0.00017324125
385.072	0.0	0.0	-0.00017277000000000001
385.122	0.0	0.0	-0.000169845
385.232	0.0	0.0	-0.0001636375
385.392	0.0	0.0	-0.00015491775
385.402	0.0	0.0	-0.00015224625
385.452	0.0	0.0	-0.00013674212500000002
385.572	0.0	0.0	-0.00010443875
385.732	0.0	0.0	-5.9429500000000004e-05
385.742	0.0	0.0	-5.5134625e-05
385.802	0.0	0.0	-3.4311875000000004e-05
385.912	0.0	0.0	8.2342e-06
386.072	0.0	0.0	6.713525e-05
386.082	0.0	0.0	6.946062500000001e-05
386.132	0.0	0.0	8.422375e-05
386.242	0.0	0.0	0.000115574875
386.402	0.0	0.0	0.00015964975000000003
386.412	0.0	0.0	0.00016011287500000001
386.462	0.0	0.0	0.0001628575
386.582	0.0	0.0	0.0001685775
386.742	0.0	0.0	0.00017655625000000003
386.752	0.0	0.0	0.0001742
386.812	0.0	0.0	0.00016253250000000004
386.922	0.0	0.0	0.000138645
387.082	0.0	0.0	0.00010556000000000003
387.092	0.0	0.0	0.000102636625
387.142	0.0	0.0	8.36355e-05
387.252	0.0	0.0	4.3192500000000004e-05
387.412	0.0	0.0	-1.3697125000000003e-05
387.422	0.0	0.0	-1.6755375000000004e-05
387.472	0.0	0.0	-3.5247875000000003e-05
387.592	0.0	0.0	-7.394725000000002e-05
387.752	0.0	0.0	-0.00012792650000000003
387.762	0.0	0.0	-0.00012953525000000002
387.822	0.0	0.0	-0.00013760012500000003
387.932	0.0	0.0	-0.000154149125
388.092	0.0	0.0	-0.00017709250000000004
388.102	0.0	0.0	-0.00017619875000000003
388.152	0.0	0.0	-0.00017034875000000003
388.262	0.0	0.0	-0.00015782975
388.422	0.0	0.0	-0.00014022125
388.432	0.0	0.0	-0.000137486375
388.482	0.0	0.0	-0.00012059125000000002
388.602	0.0	0.0	-8.516137500000001e-05
388.762	0.0	0.0	-3.5712625e-05
388.772	0.0	0.0	-3.189387500000001e-05
388.832	0.0	0.0	-1.24358e-05
388.942	0.0	0.0	2.758275e-05
389.102	0.0	0.0	8.3083e-05
389.112	0.0	0.0	8.4781125e-05
389.162	0.0	0.0	9.636737500000001e-05
389.272	0.0	0.0	0.00012114212500000002
389.432	0.0	0.0	0.00015603250000000002
389.442	0.0	0.0	0.00015596262500000002
389.492	0.0	0.0	0.00015551575000000002
389.612	0.0	0.0	0.000154578125
389.772	0.0	0.0	0.00015326837500000002
389.782	0.0	0.0	0.00015081950000000002
389.842	0.0	0.0	0.000138168875
389.952	0.0	0.0	0.000112110375
390.112	0.0	0.0	7.595575000000001e-05
390.122	0.0	0.0	7.358975000000001e-05
390.172	0.0	0.0	5.648337500000001e-05
390.282	0.0	0.0	1.97015e-05
390.442	0.0	0.0	-3.2194500000000005e-05
390.452	0.0	0.0	-3.4714875e-05
390.502	0.0	0.0	-4.961450000000001e-05
390.622	0.0	0.0	-8.06325e-05
390.782	0.0	0.0	-0.00012371937500000002
390.792	0.0	0.0	-0.00012438075
390.842	0.0	0.0	-0.000128909625
390.952	0.0	0.0	-0.00013860275000000002
391.112	0.0	0.0	-0.00015225925000000002
391.122	0.0	0.0	-0.00015117212500000002
391.172	0.0	0.0	-0.0001440075
391.292	0.0	0.0	-0.00012888362500000004
391.452	0.0	0.0	-0.00010774400000000002
391.462	0.0	0.0	-0.00010481250000000002
391.522	0.0	0.0	-8.9141e-05
391.632	0.0	0.0	-5.6723875000000006e-05
391.792	0.0	0.0	-1.169805e-05
391.802	0.0	0.0	-9.588637500000001e-06
391.852	0.0	0.0	5.8374875e-06
391.962	0.0	0.0	3.9022750000000005e-05
392.122	0.0	0.0	8.582762500000001e-05
392.132	0.0	0.0	8.720237500000002e-05
392.182	0.0	0.0	9.642587500000001e-05
392.302	0.0	0.0	0.00011592425
392.462	0.0	0.0	0.000143193375
392.472	0.0	0.0	0.000142790375
392.532	0.0	0.0	0.00014060150000000003
392.642	0.0	0.0	0.0001360645
392.802	0.0	0.0	0.000129757875
392.812	0.0	0.0	0.00012818975000000003
392.862	0.0	0.0	0.000116406875
392.972	0.0	0.0	9.100000000000002e-05
393.132	0.0	0.0	5.5146000000000004e-05
393.142	0.0	0.0	5.272150000000001e-05
393.192	0.0	0.0	3.6065250000000005e-05
393.312	0.0	0.0	7.771400000000001e-07
393.472	0.0	0.0	-4.860375000000001e-05
393.482	0.0	0.0	-5.09665e-05
393.542	0.0	0.0	-6.4068875e-05
393.652	0.0	0.0	-9.12925e-05
393.812	0.0	0.0	-0.00012914687500000001
393.822	0.0	0.0	-0.00012951087500000003
393.872	0.0	0.0	-0.00013231725
393.982	0.0	0.0	-0.00013838337500000003
394.142	0.0	0.0	-0.00014694875000000003
394.152	0.0	0.0	-0.00014572675
394.202	0.0	0.0	-0.000137122375
394.322	0.0	0.0	-0.00011885575
394.482	0.0	0.0	-9.327825000000001e-05
394.492	0.0	0.0	-9.0376e-05
394.542	0.0	0.0	-7.3968375e-05
394.662	0.0	0.0	-3.9806000000000005e-05
394.822	0.0	0.0	7.7273625e-06
394.832	0.0	0.0	9.627475e-06
394.882	0.0	0.0	2.4760125000000002e-05
394.992	0.0	0.0	5.7538000000000004e-05
395.152	0.0	0.0	0.000103845625
395.162	0.0	0.0	0.00010492137500000001
395.212	0.0	0.0	0.00011268887500000002
395.332	0.0	0.0	0.00012921837500000003
395.492	0.0	0.0	0.000152374625
395.502	0.0	0.0	0.00015161087500000002
395.552	0.0	0.0	0.00014720712500000002
395.672	0.0	0.0	0.0001380145
395.832	0.0	0.0	0.00012521925
395.842	0.0	0.0	0.000123563375
395.892	0.0	0.0	0.00010996375000000002
396.002	0.0	0.0	8.044075000000001e-05
396.162	0.0	0.0	3.8705875e-05
396.172	0.0	0.0	3.6387e-05
396.222	0.0	0.0	1.9202625e-05
396.342	0.0	0.0	-1.7447625000000004e-05
396.502	0.0	0.0	-6.881875e-05
396.512	0.0	0.0	-7.0819125e-05
396.562	0.0	0.0	-8.2589e-05
396.682	0.0	0.0	-0.00010720125000000001
396.842	0.0	0.0	-0.00014148387500000003
396.852	0.0	0.0	-0.00014153425000000002
396.902	0.0	0.0	-0.000141964875
397.012	0.0	0.0	-0.00014290087500000003
397.172	0.0	0.0	-0.00014422525000000003
397.182	0.0	0.0	-0.00014281475000000004
397.232	0.0	0.0	-0.00013207675
397.352	0.0	0.0	-0.00010912850000000001
397.512	0.0	0.0	-7.694212500000001e-05
397.522	0.0	0.0	-7.4153625e-05
397.572	0.0	0.0	-5.7412875000000006e-05
397.692	0.0	0.0	-2.2324250000000006e-05
397.852	0.0	0.0	2.65785e-05
397.862	0.0	0.0	2.8109250000000005e-05
397.912	0.0	0.0	4.1499249999999994e-05
398.022	0.0	0.0	7.07005e-05
398.182	0.0	0.0	0.00011202912500000001
398.192	0.0	0.0	0.00011265312500000001
398.242	0.0	0.0	0.00011753462500000001
398.362	0.0	0.0	0.00012799475000000002
398.522	0.0	0.0	0.00014267175000000002
398.532	0.0	0.0	0.00014161387500000001
398.582	0.0	0.0	0.00013513175000000002
398.702	0.0	0.0	0.00012151750000000002
398.862	0.0	0.0	0.00010253100000000001
398.872	0.0	0.0	0.00010105225000000001
398.922	0.0	0.0	8.7676875e-05
399.032	0.0	0.0	5.8439875e-05
399.192	0.0	0.0	1.7038125e-05
399.202	0.0	0.0	1.5217800000000004e-05
399.252	0.0	0.0	5.620875000000001e-07
399.372	0.0	0.0	-3.0901e-05
399.532	0.0	0.0	-7.507500000000001e-05
399.542	0.0	0.0	-7.6414e-05
399.592	0.0	0.0	-8.480875000000002e-05
399.712	0.0	0.0	-0.000102479
399.872	0.0	0.0	-0.0001271335
399.882	0.0	0.0	-0.000126962875
399.932	0.0	0.0	-0.000125372
400.042	0.0	0.0	-0.000121883125
400.202	0.0	0.0	-0.00011693987500000003
400.212	0.0	0.0	-0.000115675625
400.262	0.0	0.0	-0.0001051895
400.382	0.0	0.0	-8.262637500000001e-05
400.542	0.0	0.0	-5.093075000000001e-05
400.552	0.0	0.0	-4.8673625e-05
400.602	0.0	0.0	-3.4201375000000006e-05
400.722	0.0	0.0	-3.6739625000000002e-06
400.882	0.0	0.0	3.8946375e-05
400.892	0.0	0.0	4.0059500000000005e-05
400.942	0.0	0.0	5.0883625000000004e-05
401.052	0.0	0.0	7.4654125e-05
401.212	0.0	0.0	0.00010835012499999999
401.222	0.0	0.0	0.00010871575
401.272	0.0	0.0	0.00011184387500000002
401.392	0.0	0.0	0.000118586
401.552	0.0	0.0	0.00012806462500000002
401.562	0.0	0.0	0.00012700187499999999
401.612	0.0	0.0	0.000120024125
401.732	0.0	0.0	0.00010527562500000002
401.892	0.0	0.0	8.467062500000001e-05
401.902	0.0	0.0	8.335437500000001e-05
401.952	0.0	0.0	7.006675e-05
402.062	0.0	0.0	4.0820000000000006e-05
402.222	0.0	0.0	-6.624962500000001e-07
402.232	0.0	0.0	-2.3312250000000003e-06
402.282	0.0	0.0	-1.7052750000000004e-05
402.402	0.0	0.0	-4.886700000000001e-05
402.562	0.0	0.0	-9.360812500000002e-05
402.572	0.0	0.0	-9.485937500000001e-05
402.622	0.0	0.0	-0.00010325412500000001
402.742	0.0	0.0	-0.00012103975000000003
402.902	0.0	0.0	-0.000145899
402.902	0.0	0.0	-0.00014565200000000002
402.962	0.0	0.0	-0.000143065
403.072	0.0	0.0	-0.000137356375
403.232	0.0	0.0	-0.00012925575
403.242	0.0	0.0	-0.00012778350000000003
403.292	0.0	0.0	-0.00011436425
403.412	0.0	0.0	-8.530112500000002e-05
403.572	0.0	0.0	-4.4406375e-05
403.582	0.0	0.0	-4.169425000000001e-05
403.632	0.0	0.0	-2.3053875e-05
403.752	0.0	0.0	1.6527875000000003e-05
403.912	0.0	0.0	7.1881875e-05
403.912	0.0	0.0	7.314125000000001e-05
403.972	0.0	0.0	8.691962500000001e-05
404.082	0.0	0.0	0.00011738675000000002
404.242	0.0	0.0	0.000160649125
404.252	0.0	0.0	0.00016093675000000004
404.302	0.0	0.0	0.00016365375000000003
404.422	0.0	0.0	0.00016953625000000003
404.582	0.0	0.0	0.00017782375000000003
404.592	0.0	0.0	0.00017613375000000001
404.642	0.0	0.0	0.00016427125000000004
404.762	0.0	0.0	0.00013905775
404.922	0.0	0.0	0.000103779
404.922	0.0	0.0	0.00010210200000000002
404.982	0.0	0.0	8.185125000000002e-05
405.092	0.0	0.0	3.6816e-05
405.252	0.0	0.0	-2.7246375000000002e-05
405.262	0.0	0.0	-2.9732625000000002e-05
405.312	0.0	0.0	-5.088037500000001e-05
405.432	0.0	0.0	-9.633975000000001e-05
405.592	0.0	0.0	-0.000160015375
405.592	0.0	0.0	-0.00016088150000000001
405.652	0.0	0.0	-0.00017041375000000002
405.762	0.0	0.0	-0.00019149000000000002
405.922	0.0	0.0	-0.00022145499999999999
405.932	0.0	0.0	-0.00022075625000000004
405.982	0.0	0.0	-0.000213655
406.102	0.0	0.0	-0.000198185
406.262	0.0	0.0	-0.00017639375000000002
406.272	0.0	0.0	-0.00017335500000000004
406.322	0.0	0.0	-0.00015091700000000003
406.442	0.0	0.0	-0.000103000625
406.602	0.0	0.0	-3.5893000000000003e-05
406.602	0.0	0.0	-3.38065e-05
406.662	0.0	0.0	-8.091850000000001e-06
406.772	0.0	0.0	4.9118875e-05
406.932	0.0	0.0	0.00013047775000000003
406.942	0.0	0.0	0.00013226200000000002
406.992	0.0	0.0	0.00015079025000000002
407.112	0.0	0.0	0.00019124625
407.272	0.0	0.0	0.00024828375
407.282	0.0	0.0	0.00024825125000000004
407.332	0.0	0.0	0.00024805625000000006
407.452	0.0	0.0	0.00024761750000000006
407.612	0.0	0.0	0.00024701625000000005
407.612	0.0	0.0	0.0002455375
407.662	0.0	0.0	0.00022646000000000002
407.782	0.0	0.0	0.000183885
407.942	0.0	0.0	0.000123326125
407.942	0.0	0.0	0.000120427125
408.002	0.0	0.0	8.9132875e-05
408.122	0.0	0.0	2.0653750000000002e-05
408.282	0.0	0.0	-7.59525e-05
408.292	0.0	0.0	-7.954212500000001e-05
408.342	0.0	0.0	-0.00010739137500000001
408.462	0.0	0.0	-0.0001671475
408.622	0.0	0.0	-0.00025091625
408.622	0.0	0.0	-0.00025158250000000004
408.672	0.0	0.0	-0.00026069875000000006
408.792	0.0	0.0	-0.00028105999999999997
408.952	0.0	0.0	-0.00031005000000000003
408.952	0.0	0.0	-0.00030876625
409.012	0.0	0.0	-0.00029423875000000004
409.122	0.0	0.0	-0.00026242125000000007
409.292	0.0	0.0	-0.00021749
409.302	0.0	0.0	-0.00021329750000000002
409.352	0.0	0.0	-0.00017979
409.472	0.0	0.0	-0.00010776512500000001
409.632	0.0	0.0	-6.712225e-06
409.632	0.0	0.0	-4.33615e-06
409.682	0.0	0.0	2.98805e-05
409.802	0.0	0.0	0.00010653500000000001
409.962	0.0	0.0	0.00021571875000000004
409.962	0.0	0.0	0.00021750625
410.022	0.0	0.0	0.00023833875
410.132	0.0	0.0	0.0002841475
410.302	0.0	0.0	0.00034883875000000006
410.312	0.0	0.0	0.0003481075
410.362	0.0	0.0	0.00034211125
410.482	0.0	0.0	0.00032917625
410.642	0.0	0.0	0.00031104125000000005
410.642	0.0	0.0	0.00030910750000000004
410.692	0.0	0.0	0.000279695
410.812	0.0	0.0	0.00021367125000000005
410.972	0.0	0.0	0.00011955775000000002
410.972	0.0	0.0	0.00011616312500000002
411.032	0.0	0.0	7.4514375e-05
411.142	0.0	0.0	-1.723475e-05
411.312	0.0	0.0	-0.00014687725000000001
411.322	0.0	0.0	-0.00015069275000000003
411.372	0.0	0.0	-0.0001830075
411.492	0.0	0.0	-0.00025281749999999997
411.652	0.0	0.0	-0.00035083749999999996
411.652	0.0	0.0	-0.00035117875000000004
411.702	0.0	0.0	-0.00035672000000000004
411.822	0.0	0.0	-0.00036921625000000004
411.982	0.0	0.0	-0.00038702625000000004
411.982	0.0	0.0	-0.00038514125
412.042	0.0	0.0	-0.00036096125000000006
412.152	0.0	0.0	-0.00030758
412.322	0.0	0.0	-0.00023211500000000002
412.332	0.0	0.0	-0.00022711000000000004
412.382	0.0	0.0	-0.0001832675
412.502	0.0	0.0	-8.840487500000002e-05
412.662	0.0	0.0	4.490362500000001e-05
412.662	0.0	0.0	4.715425000000001e-05
412.712	0.0	0.0	8.622575000000001e-05
412.832	0.0	0.0	0.00017436250000000002
412.992	0.0	0.0	0.00030012125
412.992	0.0	0.0	0.00030146999999999997
413.052	0.0	0.0	0.00031984875000000006
413.162	0.0	0.0	0.00036047375000000003
413.332	0.0	0.0	0.00041796625
413.342	0.0	0.0	0.00041637375000000003
413.392	0.0	0.0	0.00040212250000000005
413.512	0.0	0.0	0.00037119875000000003
413.672	0.0	0.0	0.0003277137500000001
413.672	0.0	0.0	0.00032569875000000006
413.722	0.0	0.0	0.00028812875000000006
413.842	0.0	0.0	0.00020319
414.002	0.0	0.0	8.193250000000001e-05
414.002	0.0	0.0	7.873937500000001e-05
414.062	0.0	0.0	3.333037500000001e-05
414.172	0.0	0.0	-6.73725e-05
414.342	0.0	0.0	-0.00020990125000000003
414.352	0.0	0.0	-0.00021303750000000002
414.402	0.0	0.0	-0.00024227125000000004
414.522	0.0	0.0	-0.000305825
414.682	0.0	0.0	-0.00039521624999999997
414.682	0.0	0.0	-0.00039515125000000003
414.732	0.0	0.0	-0.00039367250000000003
414.852	0.0	0.0	-0.00039030875000000006
415.012	0.0	0.0	-0.00038549875
415.012	0.0	0.0	-0.00038346750000000003
415.072	0.0	0.0	-0.00035290125
415.182	0.0	0.0	-0.00028494375
415.352	0.0	0.0	-0.00018871125000000002
415.362	0.0	0.0	-0.00018409625000000002
415.412	0.0	0.0	-0.00013936975
415.532	0.0	0.0	-4.1936375000000006e-05
415.692	0.0	0.0	9.520387500000002e-05
415.692	0.0	0.0	9.6750875e-05
415.742	0.0	0.0	0.000130624
415.862	0.0	0.0	0.00020757750000000003
416.022	0.0	0.0	0.00031754125000000005
416.022	0.0	0.0	0.000318175
416.082	0.0	0.0	0.00032838
416.192	0.0	0.0	0.00035109750000000004
416.362	0.0	0.0	0.000383305
416.372	0.0	0.0	0.00038135500000000005
416.422	0.0	0.0	0.00036185500000000007
416.542	0.0	0.0	0.00031926375
416.702	0.0	0.0	0.000259285
416.702	0.0	0.0	0.00025779000000000004
416.752	0.0	0.0	0.00022200750000000004
416.872	0.0	0.0	0.00014055112500000003
417.032	0.0	0.0	2.4071125000000002e-05
417.032	0.0	0.0	2.1900125000000002e-05
417.092	0.0	0.0	-1.4890850000000003e-05
417.202	0.0	0.0	-9.7030375e-05
417.372	0.0	0.0	-0.00021347625000000002
417.382	0.0	0.0	-0.00021526375000000003
417.432	0.0	0.0	-0.00023385375
417.552	0.0	0.0	-0.00027454375
417.712	0.0	0.0	-0.00033187375000000004
417.712	0.0	0.0	-0.00033161374999999996
417.762	0.0	0.0	-0.00032454500000000003
417.882	0.0	0.0	-0.00030842500000000003
418.042	0.0	0.0	-0.00028535
418.042	0.0	0.0	-0.00028382250000000004
418.102	0.0	0.0	-0.0002562625
418.212	0.0	0.0	-0.0001945775
418.382	0.0	0.0	-0.00010707449999999999
418.382	0.0	0.0	-0.00010393500000000001
418.442	0.0	0.0	-7.028612500000001e-05
418.562	0.0	0.0	3.4762000000000003e-06
418.722	0.0	0.0	0.0001074515
418.722	0.0	0.0	0.00010806412500000002
418.772	0.0	0.0	0.0001294735
418.892	0.0	0.0	0.00017862
419.052	0.0	0.0	0.0002490475
419.052	0.0	0.0	0.00024921000000000003
419.112	0.0	0.0	0.00025164750000000003
419.222	0.0	0.0	0.00025702625
419.392	0.0	0.0	0.00026461500000000005
419.392	0.0	0.0	0.00026401375
419.442	0.0	0.0	0.00024774750000000005
419.562	0.0	0.0	0.00021056749999999997
419.722	0.0	0.0	0.000157376375
419.722	0.0	0.0	0.00015610075
419.772	0.0	0.0	0.0001294345
419.892	0.0	0.0	6.9515875e-05
420.062	0.0	0.0	-1.5554012500000005e-05
420.062	0.0	0.0	-1.7572750000000002e-05
420.122	0.0	0.0	-4.095325e-05
420.232	0.0	0.0	-9.24235e-05
420.402	0.0	0.0	-0.00016505125000000002
420.402	0.0	0.0	-0.000165295
420.452	0.0	0.0	-0.00017397250000000003
420.572	0.0	0.0	-0.00019391125
420.732	0.0	0.0	-0.0002224625
420.732	0.0	0.0	-0.00022212125000000004
420.782	0.0	0.0	-0.00021446750000000004
420.902	0.0	0.0	-0.00019721000000000002
421.072	0.0	0.0	-0.00017272125000000003
421.072	0.0	0.0	-0.00017108000000000002
421.132	0.0	0.0	-0.000151138
421.242	0.0	0.0	-0.00010714437500000002
421.412	0.0	0.0	-4.502875000000001e-05
421.412	0.0	0.0	-4.4559125e-05
421.462	0.0	0.0	-2.40045e-05
421.582	0.0	0.0	2.331225e-05
421.742	0.0	0.0	9.113812500000001e-05
421.742	0.0	0.0	9.16955e-05
421.792	0.0	0.0	0.000105249625
421.912	0.0	0.0	0.000135825625
422.082	0.0	0.0	0.00017928625000000002
422.082	0.0	0.0	0.00017925375000000003
422.142	0.0	0.0	0.00017889625000000003
422.252	0.0	0.0	0.00017811625
422.422	0.0	0.0	0.00017701125000000003
422.422	0.0	0.0	0.00017676750000000002
422.472	0.0	0.0	0.00016410875
422.592	0.0	0.0	0.000134896125
422.752	0.0	0.0	9.299550000000001e-05
422.752	0.0	0.0	9.226100000000002e-05
422.802	0.0	0.0	7.25855e-05
422.922	0.0	0.0	2.8101125000000003e-05
423.092	0.0	0.0	-3.5153625000000003e-05
423.092	0.0	0.0	-3.6430875e-05
423.152	0.0	0.0	-5.3441375e-05
423.262	0.0	0.0	-9.114300000000002e-05
423.432	0.0	0.0	-0.000144428375
423.432	0.0	0.0	-0.00014451287500000002
423.482	0.0	0.0	-0.000150293
423.602	0.0	0.0	-0.00016365375000000003
423.762	0.0	0.0	-0.00018284500000000003
423.762	0.0	0.0	-0.000182585
423.812	0.0	0.0	-0.000175045
423.932	0.0	0.0	-0.00015796787500000001
424.102	0.0	0.0	-0.000133666
424.102	0.0	0.0	-0.00013237250000000002
424.162	0.0	0.0	-0.00011424075
424.272	0.0	0.0	-7.397000000000001e-05
424.442	0.0	0.0	-1.7018625000000002e-05
424.442	0.0	0.0	-1.6820375e-05
424.492	0.0	0.0	1.9929e-06
424.612	0.0	0.0	4.5604000000000006e-05
424.772	0.0	0.0	0.00010821687500000001
424.772	0.0	0.0	0.00010857600000000001
424.822	0.0	0.0	0.00012072937500000001
424.942	0.0	0.0	0.000148334875
425.112	0.0	0.0	0.0001876225
425.112	0.0	0.0	0.00018750875
425.172	0.0	0.0	0.00018564000000000002
425.282	0.0	0.0	0.0001815125
425.452	0.0	0.0	0.00017566250000000005
425.452	0.0	0.0	0.000175565
425.502	0.0	0.0	0.00016095462500000004
425.612	0.0	0.0	0.00012698725
425.782	0.0	0.0	7.8195e-05
425.782	0.0	0.0	7.7631125e-05
425.832	0.0	0.0	5.5627e-05
425.952	0.0	0.0	5.538325000000001e-06
426.122	0.0	0.0	-6.579462500000001e-05
426.122	0.0	0.0	-6.6963e-05
426.182	0.0	0.0	-8.5262125e-05
426.292	0.0	0.0	-0.00012609025
426.462	0.0	0.0	-0.000183885
426.462	0.0	0.0	-0.00018390125000000002
426.512	0.0	0.0	-0.00018864625000000003
426.622	0.0	0.0	-0.00019969625000000002
426.792	0.0	0.0	-0.00021558875000000002
426.792	0.0	0.0	-0.00021534500000000003
426.842	0.0	0.0	-0.00020405125000000002
426.962	0.0	0.0	-0.00017827875000000001
427.132	0.0	0.0	-0.00014157325
427.132	0.0	0.0	-0.00014017737500000003
427.192	0.0	0.0	-0.00011690087500000001
427.302	0.0	0.0	-6.485375000000001e-05
427.472	0.0	0.0	8.867625000000001e-06
427.472	0.0	0.0	8.828950000000001e-06
427.522	0.0	0.0	3.1367375000000006e-05
427.632	0.0	0.0	8.398975000000001e-05
427.802	0.0	0.0	0.00015966275000000002
427.802	0.0	0.0	0.000159888625
427.852	0.0	0.0	0.00017254250000000004
427.972	0.0	0.0	0.00020146750000000002
428.142	0.0	0.0	0.00024269375000000003
428.142	0.0	0.0	0.00024238500000000002
428.202	0.0	0.0	0.000236795
428.312	0.0	0.0	0.00022426625000000001
428.482	0.0	0.0	0.000206505
428.482	0.0	0.0	0.0002065375
428.532	0.0	0.0	0.000185965
428.642	0.0	0.0	0.00013764725000000002
428.812	0.0	0.0	6.811675e-05
428.812	0.0	0.0	6.772675000000001e-05
428.862	0.0	0.0	3.9745875e-05
428.982	0.0	0.0	-2.4384750000000004e-05
429.152	0.0	0.0	-0.00011585925000000001
429.152	0.0	0.0	-0.000116949625
429.212	0.0	0.0	-0.00013775125000000003
429.322	0.0	0.0	-0.00018447000000000003
429.492	0.0	0.0	-0.00025072125
429.492	0.0	0.0	-0.00025052625
429.542	0.0	0.0	-0.00025307750000000005
429.652	0.0	0.0	-0.00025866750000000003
429.822	0.0	0.0	-0.00026669500000000006
429.822	0.0	0.0	-0.00026651625000000004
429.872	0.0	0.0	-0.0002487875
429.992	0.0	0.0	-0.00020806500000000003
430.162	0.0	0.0	-0.00014995012500000003
430.162	0.0	0.0	-0.000148461625
430.212	0.0	0.0	-0.000117817375
430.332	0.0	0.0	-4.883450000000001e-05
430.502	0.0	0.0	4.9034375000000004e-05
430.502	0.0	0.0	4.8624875e-05
430.552	0.0	0.0	7.536587500000001e-05
430.662	0.0	0.0	0.000138168875
430.832	0.0	0.0	0.00022862125
430.832	0.0	0.0	0.00022870250000000001
430.882	0.0	0.0	0.00024053250000000001
431.002	0.0	0.0	0.00026778375000000005
431.172	0.0	0.0	0.00030668625
431.172	0.0	0.0	0.00030616625000000005
431.222	0.0	0.0	0.0002947425
431.342	0.0	0.0	0.00026897000000000005
431.512	0.0	0.0	0.00023239125000000004
431.512	0.0	0.0	0.00023258625000000004
431.562	0.0	0.0	0.0002049125
431.672	0.0	0.0	0.00013890175000000002
431.842	0.0	0.0	4.3785625000000005e-05
431.842	0.0	0.0	4.371575000000001e-05
431.892	0.0	0.0	9.997487500000001e-06
432.012	0.0	0.0	-6.7806375e-05
432.182	0.0	0.0	-0.00017896125
432.182	0.0	0.0	-0.00017983875
432.232	0.0	0.0	-0.00020136999999999998
432.352	0.0	0.0	-0.000250055
432.522	0.0	0.0	-0.0003192150000000001
432.522	0.0	0.0	-0.00031876
432.572	0.0	0.0	-0.00031728125
432.682	0.0	0.0	-0.00031258500000000004
432.852	0.0	0.0	-0.00030584125000000003
432.852	0.0	0.0	-0.00030584125000000003
432.902	0.0	0.0	-0.0002807675
433.022	0.0	0.0	-0.00022269000000000005
433.192	0.0	0.0	-0.000139680125
433.192	0.0	0.0	-0.00013827937500000001
433.242	0.0	0.0	-0.000101320375
433.362	0.0	0.0	-1.7603625e-05
433.532	0.0	0.0	0.000101335
433.532	0.0	0.0	0.00010022025000000002
433.582	0.0	0.0	0.0001287195
433.692	0.0	0.0	0.00019595875000000002
433.862	0.0	0.0	0.00029306875000000005
433.862	0.0	0.0	0.00029316625
433.912	0.0	0.0	0.00030161625
434.032	0.0	0.0	0.00032100250000000004
434.202	0.0	0.0	0.00034854625
434.202	0.0	0.0	0.00034836750000000004
434.252	0.0	0.0	0.00033224750000000004
434.362	0.0	0.0	0.00029277625
434.532	0.0	0.0	0.00023585250000000003
434.532	0.0	0.0	0.000236015
434.582	0.0	0.0	0.00020106125000000002
434.702	0.0	0.0	0.00011948625000000002
434.872	0.0	0.0	2.7753375000000004e-06
434.872	0.0	0.0	1.6700125000000001e-06
434.922	0.0	0.0	-3.445325000000001e-05
435.042	0.0	0.0	-0.00011662625000000002
435.212	0.0	0.0	-0.00023349625
435.212	0.0	0.0	-0.00023234249999999997
435.262	0.0	0.0	-0.00025055875000000005
435.372	0.0	0.0	-0.00029251625
435.542	0.0	0.0	-0.00035311250000000005
435.542	0.0	0.0	-0.00035288500000000005
435.592	0.0	0.0	-0.00034563750000000005
435.712	0.0	0.0	-0.00032800625
435.882	0.0	0.0	-0.00030277000000000006
435.882	0.0	0.0	-0.00030195750000000006
435.932	0.0	0.0	-0.000271375
436.052	0.0	0.0	-0.0002016625
436.222	0.0	0.0	-0.00010246437499999999
436.222	0.0	0.0	-0.000103559625
436.272	0.0	0.0	-6.814600000000001e-05
436.382	0.0	0.0	1.688375e-05
436.552	0.0	0.0	0.00013971425000000002
436.552	0.0	0.0	0.00013909187500000001
436.602	0.0	0.0	0.00016581500000000004
436.722	0.0	0.0	0.00022771125
436.892	0.0	0.0	0.00031633875000000003
436.892	0.0	0.0	0.00031640375
436.942	0.0	0.0	0.00031903625000000006
437.062	0.0	0.0	0.00032501625
437.232	0.0	0.0	0.00033356375000000003
437.232	0.0	0.0	0.00033345
437.282	0.0	0.0	0.00031367375000000003
437.392	0.0	0.0	0.00026406250000000003
437.562	0.0	0.0	0.00019235125
437.562	0.0	0.0	0.00019280625000000001
437.612	0.0	0.0	0.00015808
437.732	0.0	0.0	7.629700000000002e-05
437.902	0.0	0.0	-4.0886625e-05
437.902	0.0	0.0	-4.14765e-05
437.952	0.0	0.0	-7.268462500000001e-05
438.072	0.0	0.0	-0.00014416187500000002
438.242	0.0	0.0	-0.00024597625
438.242	0.0	0.0	-0.00024461125
438.292	0.0	0.0	-0.00025671750000000006
438.402	0.0	0.0	-0.00028366000000000003
438.572	0.0	0.0	-0.00032262750000000003
438.572	0.0	0.0	-0.000322335
438.622	0.0	0.0	-0.00031102500000000004
438.742	0.0	0.0	-0.00028314000000000003
438.912	0.0	0.0	-0.00024316500000000005
438.912	0.0	0.0	-0.00024272625000000002
438.962	0.0	0.0	-0.00021331375
439.082	0.0	0.0	-0.00014579662500000003
439.252	0.0	0.0	-4.9569000000000006e-05
439.252	0.0	0.0	-5.0977875000000004e-05
439.302	0.0	0.0	-2.1554e-05
439.412	0.0	0.0	4.9302500000000004e-05
439.582	0.0	0.0	0.0001518205
439.582	0.0	0.0	0.00015092837500000004
439.632	0.0	0.0	0.00016948750000000002
439.752	0.0	0.0	0.00021217625000000004
439.922	0.0	0.0	0.00027340625
439.922	0.0	0.0	0.00027337375
439.972	0.0	0.0	0.00027057875000000004
440.092	0.0	0.0	0.0002641275
440.262	0.0	0.0	0.00025494625
440.262	0.0	0.0	0.00025509250000000007
440.312	0.0	0.0	0.00023632375
440.422	0.0	0.0	0.00018890625000000003
440.592	0.0	0.0	0.000120254875
440.592	0.0	0.0	0.00012093412500000002
440.642	0.0	0.0	9.370725e-05
440.762	0.0	0.0	2.9111875000000007e-05
440.932	0.0	0.0	-6.358300000000002e-05
440.932	0.0	0.0	-6.373087500000002e-05
440.982	0.0	0.0	-8.459587500000001e-05
441.102	0.0	0.0	-0.00013270562500000002
441.272	0.0	0.0	-0.00020135375000000005
441.272	0.0	0.0	-0.00020018374999999998
441.322	0.0	0.0	-0.00020541625000000002
441.432	0.0	0.0	-0.00021584875000000002
441.602	0.0	0.0	-0.000230945
441.602	0.0	0.0	-0.00023078250000000005
441.652	0.0	0.0	-0.000219375
441.772	0.0	0.0	-0.00019103500000000002
441.942	0.0	0.0	-0.000150349875
441.942	0.0	0.0	-0.00015028325000000003
441.992	0.0	0.0	-0.00012857812500000003
442.112	0.0	0.0	-7.841600000000002e-05
442.282	0.0	0.0	-6.810700000000001e-06
442.282	0.0	0.0	-8.113625000000001e-06
442.332	0.0	0.0	1.0594350000000001e-05
442.442	0.0	0.0	5.5547375e-05
442.612	0.0	0.0	0.0001206855
442.612	0.0	0.0	0.00011988437500000001
442.662	0.0	0.0	0.00012913712500000002
442.782	0.0	0.0	0.000149972875
442.952	0.0	0.0	0.00017990375000000001
442.952	0.0	0.0	0.00017988750000000003
443.002	0.0	0.0	0.00017493125
443.122	0.0	0.0	0.00016341
443.292	0.0	0.0	0.000146950375
443.292	0.0	0.0	0.00014726887500000001
443.332	0.0	0.0	0.00013415512500000002
443.452	0.0	0.0	0.00010087675000000001
443.622	0.0	0.0	5.262725000000001e-05
443.622	0.0	0.0	5.327887500000001e-05
443.672	0.0	0.0	3.741725e-05
443.792	0.0	0.0	-3.251625e-07
443.962	0.0	0.0	-5.4570750000000006e-05
443.962	0.0	0.0	-5.4491125e-05
444.012	0.0	0.0	-6.445887500000001e-05
444.132	0.0	0.0	-8.752737500000001e-05
444.302	0.0	0.0	-0.00012049375000000003
444.302	0.0	0.0	-0.00011981612500000001
444.342	0.0	0.0	-0.00012055550000000001
444.462	0.0	0.0	-0.000120718
444.632	0.0	0.0	-0.00012095362500000002
444.632	0.0	0.0	-0.000120950375
444.682	0.0	0.0	-0.00011326575
444.802	0.0	0.0	-9.406475000000001e-05
444.972	0.0	0.0	-6.6451125e-05
444.972	0.0	0.0	-6.652425e-05
445.022	0.0	0.0	-5.5030625e-05
445.142	0.0	0.0	-2.8216500000000003e-05
445.312	0.0	0.0	1.0121312500000002e-05
445.312	0.0	0.0	9.2880125e-06
445.352	0.0	0.0	1.7988750000000003e-05
445.472	0.0	0.0	3.87465e-05
445.642	0.0	0.0	6.887075000000001e-05
445.642	0.0	0.0	6.839137500000001e-05
445.692	0.0	0.0	7.176650000000001e-05
445.812	0.0	0.0	7.904650000000001e-05
445.982	0.0	0.0	8.952125e-05
445.982	0.0	0.0	8.948225000000001e-05
446.032	0.0	0.0	8.611525e-05
446.152	0.0	0.0	7.8066625e-05
446.322	0.0	0.0	6.655187500000001e-05
446.322	0.0	0.0	6.6815125e-05
446.362	0.0	0.0	5.9931625e-05
446.482	0.0	0.0	4.233937500000001e-05
446.652	0.0	0.0	1.6796e-05
446.652	0.0	0.0	1.7231500000000003e-05
446.702	0.0	0.0	9.0363e-06
446.822	0.0	0.0	-1.0605725000000003e-05
446.992	0.0	0.0	-3.887975e-05
446.992	0.0	0.0	-3.8738375e-05
447.042	0.0	0.0	-4.42195e-05
447.162	0.0	0.0	-5.691725000000001e-05
447.332	0.0	0.0	-7.509125000000001e-05
447.332	0.0	0.0	-7.465250000000001e-05
447.372	0.0	0.0	-7.5232625e-05
447.492	0.0	0.0	-7.5616125e-05
447.662	0.0	0.0	-7.617025000000001e-05
447.662	0.0	0.0	-7.616050000000001e-05
447.712	0.0	0.0	-7.114250000000001e-05
447.832	0.0	0.0	-5.832775000000001e-05
448.002	0.0	0.0	-3.9872625000000003e-05
448.002	0.0	0.0	-3.99815e-05
448.052	0.0	0.0	-3.111225000000001e-05
448.172	0.0	0.0	-1.0180462500000001e-05
448.342	0.0	0.0	1.9787625000000002e-05
448.342	0.0	0.0	1.8986500000000002e-05
448.382	0.0	0.0	2.6833625000000005e-05
448.502	0.0	0.0	4.601512500000001e-05
448.672	0.0	0.0	7.392775000000001e-05
448.672	0.0	0.0	7.3529625e-05
448.722	0.0	0.0	7.7228125e-05
448.842	0.0	0.0	8.543437500000001e-05
449.012	0.0	0.0	9.7192875e-05
449.012	0.0	0.0	9.691012500000001e-05
449.052	0.0	0.0	9.406475000000001e-05
449.172	0.0	0.0	8.567325000000001e-05
449.342	0.0	0.0	7.3476e-05
449.342	0.0	0.0	7.372625000000001e-05
449.392	0.0	0.0	6.457912500000001e-05
449.512	0.0	0.0	4.1609750000000006e-05
449.682	0.0	0.0	8.500212500000001e-06
449.682	0.0	0.0	8.769312500000002e-06
449.732	0.0	0.0	-2.5415e-06
449.852	0.0	0.0	-2.9248375e-05
450.022	0.0	0.0	-6.7523625e-05
450.022	0.0	0.0	-6.648362500000002e-05
450.062	0.0	0.0	-7.368237500000001e-05
450.182	0.0	0.0	-9.0491375e-05
450.352	0.0	0.0	-0.00011494275000000001
450.352	0.0	0.0	-0.0001144195
450.402	0.0	0.0	-0.00011409937500000001
450.522	0.0	0.0	-0.00011191050000000001
450.692	0.0	0.0	-0.00010875475000000001
450.692	0.0	0.0	-0.00010878400000000001
450.742	0.0	0.0	-9.961900000000001e-05
450.862	0.0	0.0	-7.738087500000001e-05
451.032	0.0	0.0	-4.5491875e-05
451.032	0.0	0.0	-4.6395375000000005e-05
451.072	0.0	0.0	-3.399012500000001e-05
451.192	0.0	0.0	-2.3669750000000003e-06
451.362	0.0	0.0	4.3660500000000007e-05
451.362	0.0	0.0	4.2622125e-05
451.412	0.0	0.0	5.3928874999999996e-05
451.532	0.0	0.0	8.075600000000001e-05
451.702	0.0	0.0	0.00011946512500000001
451.702	0.0	0.0	0.00011905887500000002
451.752	0.0	0.0	0.000122250375
451.872	0.0	0.0	0.00012907862500000002
452.042	0.0	0.0	0.000138874125
452.032	0.0	0.0	0.00013858487500000003
452.082	0.0	0.0	0.00013268775000000002
452.202	0.0	0.0	0.0001155505
452.372	0.0	0.0	9.0595375e-05
452.372	0.0	0.0	9.11885e-05
452.422	0.0	0.0	7.7374375e-05
452.542	0.0	0.0	4.259287500000001e-05
452.712	0.0	0.0	-7.6191375000000005e-06
452.712	0.0	0.0	-7.035112500000001e-06
452.762	0.0	0.0	-2.1859500000000003e-05
452.882	0.0	0.0	-5.698225000000001e-05
453.052	0.0	0.0	-0.0001073995
453.042	0.0	0.0	-0.00010585412500000001
453.092	0.0	0.0	-0.00011374187500000002
453.212	0.0	0.0	-0.000131443
453.382	0.0	0.0	-0.00015723337500000002
453.382	0.0	0.0	-0.00015658987500000003
453.432	0.0	0.0	-0.00015383550000000001
453.552	0.0	0.0	-0.000144834625
453.722	0.0	0.0	-0.00013183625
453.722	0.0	0.0	-0.00013200200000000001
453.772	0.0	0.0	-0.00011855675000000002
453.892	0.0	0.0	-8.558712500000001e-05
454.062	0.0	0.0	-3.823787500000001e-05
454.052	0.0	0.0	-3.974425e-05
454.102	0.0	0.0	-2.3861500000000002e-05
454.222	0.0	0.0	1.6563625000000004e-05
454.392	0.0	0.0	7.549100000000001e-05
454.392	0.0	0.0	7.395375e-05
454.442	0.0	0.0	8.656537500000001e-05
454.562	0.0	0.0	0.00011611275000000001
454.732	0.0	0.0	0.00015880637500000004
454.732	0.0	0.0	0.00015821162500000003
454.782	0.0	0.0	0.00015963025
454.902	0.0	0.0	0.00016168587500000004
455.072	0.0	0.0	0.00016464500000000002
455.062	0.0	0.0	0.0001645475
455.112	0.0	0.0	0.00015536300000000002
455.232	0.0	0.0	0.00012907375000000004
455.402	0.0	0.0	9.073350000000001e-05
455.402	0.0	0.0	9.177837500000001e-05
455.442	0.0	0.0	7.450787500000001e-05
455.572	0.0	0.0	3.0917250000000006e-05
455.742	0.0	0.0	-3.2105125e-05
455.742	0.0	0.0	-3.1152875e-05
455.792	0.0	0.0	-4.745325e-05
455.912	0.0	0.0	-8.606975000000002e-05
456.082	0.0	0.0	-0.00014158625
456.072	0.0	0.0	-0.00013969312500000002
456.122	0.0	0.0	-0.00014664000000000002
456.242	0.0	0.0	-0.000161071625
456.412	0.0	0.0	-0.00018213000000000005
456.412	0.0	0.0	-0.00018152875
456.452	0.0	0.0	-0.0001758575
456.582	0.0	0.0	-0.00015892012500000002
456.752	0.0	0.0	-0.00013441187500000003
456.752	0.0	0.0	-0.00013481000000000002
456.802	0.0	0.0	-0.00011833737500000001
456.922	0.0	0.0	-7.762625000000001e-05
457.092	0.0	0.0	-1.9071e-05
457.082	0.0	0.0	-2.1134750000000003e-05
457.132	0.0	0.0	-3.960287500000001e-06
457.252	0.0	0.0	3.9508625000000005e-05
457.422	0.0	0.0	0.000102968125
457.412	0.0	0.0	0.000101092875
457.462	0.0	0.0	0.00011266775
457.592	0.0	0.0	0.000139098375
457.762	0.0	0.0	0.0001773525
457.762	0.0	0.0	0.00017668625
457.812	0.0	0.0	0.00017537000000000002
457.932	0.0	0.0	0.00017034875000000003
458.102	0.0	0.0	0.00016310125
458.092	0.0	0.0	0.00016336125
458.142	0.0	0.0	0.00015189200000000002
458.262	0.0	0.0	0.000119387125
458.432	0.0	0.0	7.19095e-05
458.422	0.0	0.0	7.336875e-05
458.472	0.0	0.0	5.55425e-05
458.592	0.0	0.0	1.0626362500000001e-05
458.772	0.0	0.0	-5.440825e-05
458.772	0.0	0.0	-5.3200875e-05
458.822	0.0	0.0	-6.760650000000001e-05
458.942	0.0	0.0	-0.000101489375
459.112	0.0	0.0	-0.00015027187500000003
459.102	0.0	0.0	-0.00014844050000000002
459.152	0.0	0.0	-0.0001526265
459.272	0.0	0.0	-0.00015950675000000003
459.442	0.0	0.0	-0.00016955250000000004
459.432	0.0	0.0	-0.00016924375
459.482	0.0	0.0	-0.00016151200000000002
459.602	0.0	0.0	-0.000139267375
459.782	0.0	0.0	-0.00010704525
459.782	0.0	0.0	-0.00010768062500000001
459.832	0.0	0.0	-9.182550000000002e-05
459.952	0.0	0.0	-5.2487499999999995e-05
460.122	0.0	0.0	4.179825000000001e-06
460.112	0.0	0.0	1.9885125e-06
460.162	0.0	0.0	1.627275e-05
460.282	0.0	0.0	5.187975000000001e-05
460.452	0.0	0.0	0.00010393825000000001
460.442	0.0	0.0	0.000102219
460.492	0.0	0.0	0.00010976875000000001
460.612	0.0	0.0	0.00012600412500000002
460.792	0.0	0.0	0.0001495325
460.792	0.0	0.0	0.00014904175000000002
460.842	0.0	0.0	0.00014545050000000002
460.962	0.0	0.0	0.00013482787500000002
461.132	0.0	0.0	0.00011951875000000002
461.122	0.0	0.0	0.00012012812500000001
461.172	0.0	0.0	0.00010968587499999999
461.292	0.0	0.0	8.0509e-05
461.462	0.0	0.0	3.7826750000000005e-05
461.452	0.0	0.0	3.9284375000000005e-05
461.502	0.0	0.0	2.6017875000000005e-05
461.622	0.0	0.0	-7.0991375000000004e-06
461.802	0.0	0.0	-5.512e-05
461.802	0.0	0.0	-5.4065375e-05
461.852	0.0	0.0	-6.27445e-05
461.972	0.0	0.0	-8.272387500000001e-05
462.142	0.0	0.0	-0.00011153187500000001
462.132	0.0	0.0	-0.00011035375
462.182	0.0	0.0	-0.00011123775
462.302	0.0	0.0	-0.00011035700000000001
462.472	0.0	0.0	-0.00010906675
462.462	0.0	0.0	-0.00010911225000000001
462.512	0.0	0.0	-0.00010243350000000002
462.632	0.0	0.0	-8.3695625e-05
462.812	0.0	0.0	-5.651262500000001e-05
462.812	0.0	0.0	-5.7135e-05
462.862	0.0	0.0	-4.687637500000001e-05
462.982	0.0	0.0	-2.1490625000000006e-05
463.152	0.0	0.0	1.51256625e-05
463.142	0.0	0.0	1.3530562500000001e-05
463.192	0.0	0.0	2.131025e-05
463.312	0.0	0.0	4.0161875000000004e-05
463.482	0.0	0.0	6.7795e-05
463.472	0.0	0.0	6.693049999999999e-05
463.522	0.0	0.0	6.9701125e-05
463.652	0.0	0.0	7.494175e-05
463.822	0.0	0.0	8.250775000000001e-05
463.812	0.0	0.0	8.2199e-05
463.862	0.0	0.0	7.955675000000001e-05
463.982	0.0	0.0	7.0708625e-05
464.152	0.0	0.0	5.7752500000000007e-05
464.142	0.0	0.0	5.8238375e-05
464.192	0.0	0.0	5.1847250000000004e-05
464.312	0.0	0.0	3.4931e-05
464.492	0.0	0.0	1.03670125e-05
464.492	0.0	0.0	1.0981100000000002e-05
464.542	0.0	0.0	4.410250000000001e-06
464.662	0.0	0.0	-1.1490212500000001e-05
464.832	0.0	0.0	-3.4448375000000005e-05
464.822	0.0	0.0	-3.3440875000000005e-05
464.872	0.0	0.0	-3.7059750000000004e-05
464.992	0.0	0.0	-4.504012500000001e-05
465.162	0.0	0.0	-5.673525000000001e-05
465.152	0.0	0.0	-5.628675000000001e-05
465.202	0.0	0.0	-5.6059250000000004e-05
465.322	0.0	0.0	-5.410925000000001e-05
465.502	0.0	0.0	-5.12785e-05
465.502	0.0	0.0	-5.135325000000001e-05
465.542	0.0	0.0	-4.749875e-05
465.672	0.0	0.0	-3.7340875000000005e-05
465.842	0.0	0.0	-2.2665500000000005e-05
465.832	0.0	0.0	-2.3326875e-05
465.882	0.0	0.0	-1.8429125e-05
466.002	0.0	0.0	-5.382162500000001e-06
466.172	0.0	0.0	1.3747987500000002e-05
466.162	0.0	0.0	1.29926875e-05
466.212	0.0	0.0	1.7437875000000003e-05
466.332	0.0	0.0	2.8146625000000004e-05
466.512	0.0	0.0	4.3710875e-05
466.512	0.0	0.0	4.328675000000001e-05
466.552	0.0	0.0	4.4879250000000006e-05
466.682	0.0	0.0	4.804475e-05
466.852	0.0	0.0	5.2620750000000006e-05
466.842	0.0	0.0	5.24095e-05
466.892	0.0	0.0	5.0766625000000005e-05
467.012	0.0	0.0	4.500600000000001e-05
467.182	0.0	0.0	3.655600000000001e-05
467.172	0.0	0.0	3.6898875000000005e-05
467.222	0.0	0.0	3.2225375e-05
467.342	0.0	0.0	1.9556875e-05
467.522	0.0	0.0	1.1374187500000002e-06
467.512	0.0	0.0	1.6604250000000003e-06
467.562	0.0	0.0	-3.818100000000001e-06
467.692	0.0	0.0	-1.7329000000000003e-05
467.862	0.0	0.0	-3.6866375e-05
467.852	0.0	0.0	-3.5943375000000004e-05
467.902	0.0	0.0	-3.928925e-05
468.022	0.0	0.0	-4.6874750000000004e-05
468.192	0.0	0.0	-5.8009250000000004e-05
468.182	0.0	0.0	-5.754450000000001e-05
468.232	0.0	0.0	-5.722762500000001e-05
468.352	0.0	0.0	-5.4926625000000005e-05
468.532	0.0	0.0	-5.1579125e-05
468.522	0.0	0.0	-5.1678250000000006e-05
468.572	0.0	0.0	-4.7292375000000006e-05
468.702	0.0	0.0	-3.5524124999999996e-05
468.872	0.0	0.0	-1.849575e-05
468.862	0.0	0.0	-1.9319625000000002e-05
468.912	0.0	0.0	-1.3661700000000002e-05
469.032	0.0	0.0	1.6027862500000002e-06
469.202	0.0	0.0	2.4015875e-05
469.192	0.0	0.0	2.3055500000000003e-05
469.242	0.0	0.0	2.7966250000000004e-05
469.362	0.0	0.0	3.969712500000001e-05
469.542	0.0	0.0	5.6770999999999996e-05
469.532	0.0	0.0	5.624775e-05
469.582	0.0	0.0	5.7370625000000004e-05
469.702	0.0	0.0	5.902812500000001e-05
469.882	0.0	0.0	6.142825e-05
469.872	0.0	0.0	6.1309625e-05
469.922	0.0	0.0	5.8608875e-05
470.042	0.0	0.0	4.9627500000000006e-05
470.212	0.0	0.0	3.6435750000000004e-05
470.202	0.0	0.0	3.7015875000000004e-05
470.252	0.0	0.0	3.1247125e-05
470.372	0.0	0.0	1.5719437500000003e-05
470.552	0.0	0.0	-6.891137500000001e-06
470.542	0.0	0.0	-6.1732125000000005e-06
470.592	0.0	0.0	-1.1902962500000002e-05
470.712	0.0	0.0	-2.5865125e-05
470.892	0.0	0.0	-4.6085000000000003e-05
470.882	0.0	0.0	-4.5061250000000005e-05
470.932	0.0	0.0	-4.781237500000001e-05
471.052	0.0	0.0	-5.33585e-05
471.222	0.0	0.0	-6.15095e-05
471.212	0.0	0.0	-6.114062500000001e-05
471.262	0.0	0.0	-5.9796750000000006e-05
471.382	0.0	0.0	-5.4635750000000006e-05
471.562	0.0	0.0	-4.7116875e-05
471.552	0.0	0.0	-4.7363875e-05
471.602	0.0	0.0	-4.243850000000001e-05
471.722	0.0	0.0	-2.9315e-05
471.902	0.0	0.0	-1.0297137500000001e-05
471.892	0.0	0.0	-1.12809125e-05
471.942	0.0	0.0	-5.945550000000001e-06
472.062	0.0	0.0	8.144662500000001e-06
472.232	0.0	0.0	2.8864875000000004e-05
472.222	0.0	0.0	2.7906125000000005e-05
472.272	0.0	0.0	3.176875e-05
472.392	0.0	0.0	4.0594125e-05
472.572	0.0	0.0	5.345925e-05
472.562	0.0	0.0	5.3022125000000004e-05
472.612	0.0	0.0	5.3166750000000004e-05
472.732	0.0	0.0	5.234450000000001e-05
472.912	0.0	0.0	5.115175000000001e-05
472.902	0.0	0.0	5.12135e-05
472.952	0.0	0.0	4.829012500000001e-05
473.072	0.0	0.0	3.8944750000000004e-05
473.242	0.0	0.0	2.519725e-05
473.232	0.0	0.0	2.5847250000000006e-05
473.282	0.0	0.0	2.0743125000000003e-05
473.402	0.0	0.0	7.1041750000000005e-06
473.582	0.0	0.0	-1.27866375e-05
473.572	0.0	0.0	-1.20885375e-05
473.622	0.0	0.0	-1.6724500000000002e-05
473.742	0.0	0.0	-2.7938625000000006e-05
473.922	0.0	0.0	-4.420325e-05
473.912	0.0	0.0	-4.332575000000001e-05
473.962	0.0	0.0	-4.5309875e-05
474.072	0.0	0.0	-4.895150000000001e-05
474.252	0.0	0.0	-5.4312375000000004e-05
474.242	0.0	0.0	-5.4052375e-05
474.292	0.0	0.0	-5.2468e-05
474.412	0.0	0.0	-4.6772375e-05
474.592	0.0	0.0	-3.846212500000001e-05
474.582	0.0	0.0	-3.8762750000000004e-05
474.632	0.0	0.0	-3.3996625e-05
474.752	0.0	0.0	-2.11835e-05
474.932	0.0	0.0	-2.5917125e-06
474.922	0.0	0.0	-3.6148125e-06
474.972	0.0	0.0	1.5832374999999998e-06
475.082	0.0	0.0	1.5453750000000004e-05
475.262	0.0	0.0	3.588e-05
475.252	0.0	0.0	3.4867625e-05
475.302	0.0	0.0	3.86945e-05
475.422	0.0	0.0	4.7451625e-05
475.602	0.0	0.0	6.023550000000001e-05
475.592	0.0	0.0	5.975775000000001e-05
475.642	0.0	0.0	5.9665125e-05
475.762	0.0	0.0	5.801575e-05
475.942	0.0	0.0	5.5623750000000004e-05
475.932	0.0	0.0	5.575700000000001e-05
475.982	0.0	0.0	5.2118625e-05
476.092	0.0	0.0	4.0376375e-05
476.272	0.0	0.0	2.3075000000000002e-05
476.262	0.0	0.0	2.3950875000000003e-05
476.312	0.0	0.0	1.7522375000000002e-05
476.432	0.0	0.0	1.0809662500000001e-07
476.612	0.0	0.0	-2.5324000000000004e-05
476.602	0.0	0.0	-2.4347375e-05
476.652	0.0	0.0	-3.0220125000000004e-05
476.772	0.0	0.0	-4.447950000000001e-05
476.952	0.0	0.0	-6.5190125e-05
476.942	0.0	0.0	-6.4003875e-05
476.992	0.0	0.0	-6.6262625e-05
477.102	0.0	0.0	-6.9888e-05
477.282	0.0	0.0	-7.523425000000001e-05
477.272	0.0	0.0	-7.495800000000001e-05
477.322	0.0	0.0	-7.210937500000002e-05
477.442	0.0	0.0	-6.2231e-05
477.622	0.0	0.0	-4.779775000000001e-05
477.612	0.0	0.0	-4.836487500000001e-05
477.662	0.0	0.0	-4.109300000000001e-05
477.782	0.0	0.0	-2.1454875000000002e-05
477.962	0.0	0.0	7.080125000000001e-06
477.952	0.0	0.0	5.374200000000001e-06
477.992	0.0	0.0	1.2821250000000002e-05
478.112	0.0	0.0	3.263975e-05
478.292	0.0	0.0	6.18995e-05
478.282	0.0	0.0	6.0500375000000006e-05
478.332	0.0	0.0	6.534125e-05
478.452	0.0	0.0	7.590050000000001e-05
478.632	0.0	0.0	9.125675e-05
478.622	0.0	0.0	9.038087500000001e-05
478.672	0.0	0.0	8.972925e-05
478.782	0.0	0.0	8.455687500000001e-05
478.962	0.0	0.0	7.6925875e-05
478.952	0.0	0.0	7.733862500000001e-05
479.002	0.0	0.0	7.0728125e-05
479.122	0.0	0.0	5.0823500000000006e-05
479.302	0.0	0.0	2.1714875000000003e-05
479.292	0.0	0.0	2.2917375e-05
479.342	0.0	0.0	1.31785875e-05
479.462	0.0	0.0	-1.2185875000000001e-05
479.642	0.0	0.0	-4.9075e-05
479.632	0.0	0.0	-4.68585e-05
479.672	0.0	0.0	-5.429612500000001e-05
479.792	0.0	0.0	-7.236937500000002e-05
479.972	0.0	0.0	-9.904375e-05
479.962	0.0	0.0	-9.758287500000002e-05
480.012	0.0	0.0	-9.954587500000001e-05
480.132	0.0	0.0	-0.00010117250000000001
480.312	0.0	0.0	-0.000103553125
480.302	0.0	0.0	-0.00010345075000000002
480.352	0.0	0.0	-9.774375000000001e-05
480.472	0.0	0.0	-8.035137500000001e-05
480.652	0.0	0.0	-5.5042000000000006e-05
480.642	0.0	0.0	-5.659062500000001e-05
480.682	0.0	0.0	-4.701450000000001e-05
480.802	0.0	0.0	-1.8975125000000002e-05
480.982	0.0	0.0	2.24315e-05
480.972	0.0	0.0	2.0120750000000006e-05
481.022	0.0	0.0	3.0496375000000003e-05
481.142	0.0	0.0	5.676450000000001e-05
481.322	0.0	0.0	9.521362500000001e-05
481.312	0.0	0.0	9.35415e-05
481.362	0.0	0.0	9.854812500000001e-05
481.482	0.0	0.0	0.00010861012500000002
481.662	0.0	0.0	0.0001232595
481.652	0.0	0.0	0.00012234625000000001
481.692	0.0	0.0	0.00012001112500000002
481.812	0.0	0.0	0.000108563
481.992	0.0	0.0	9.164837499999999e-05
481.982	0.0	0.0	9.261037499999999e-05
482.032	0.0	0.0	8.286850000000001e-05
482.152	0.0	0.0	5.403287500000001e-05
482.332	0.0	0.0	1.1804975000000003e-05
482.322	0.0	0.0	1.368835e-05
482.372	0.0	0.0	1.2897950000000002e-06
482.492	0.0	0.0	-3.068487500000001e-05
482.672	0.0	0.0	-7.725575e-05
482.662	0.0	0.0	-7.430475000000001e-05
482.702	0.0	0.0	-8.260037500000001e-05
482.822	0.0	0.0	-0.0001016145
483.002	0.0	0.0	-0.00012971725000000004
482.992	0.0	0.0	-0.000128087375
483.042	0.0	0.0	-0.00012872600000000001
483.162	0.0	0.0	-0.000125441875
483.342	0.0	0.0	-0.00012062862500000001
483.332	0.0	0.0	-0.000120848
483.382	0.0	0.0	-0.00011240287500000001
483.502	0.0	0.0	-8.719587500000001e-05
483.682	0.0	0.0	-5.046275e-05
483.672	0.0	0.0	-5.2830375000000013e-05
483.712	0.0	0.0	-4.0914250000000006e-05
483.832	0.0	0.0	-6.632437500000001e-06
484.012	0.0	0.0	4.40635e-05
484.002	0.0	0.0	4.1068625000000004e-05
484.052	0.0	0.0	5.243062500000001e-05
484.172	0.0	0.0	8.037737500000001e-05
484.352	0.0	0.0	0.00012133875000000001
484.342	0.0	0.0	0.00011942287500000002
484.392	0.0	0.0	0.00012343825
484.512	0.0	0.0	0.00012991875000000004
484.692	0.0	0.0	0.00013936812500000003
484.682	0.0	0.0	0.00013874900000000002
484.722	0.0	0.0	0.00013445575000000002
484.842	0.0	0.0	0.00011665550000000002
485.022	0.0	0.0	9.03175e-05
485.012	0.0	0.0	9.190187500000001e-05
485.062	0.0	0.0	8.00215e-05
485.182	0.0	0.0	4.5342375e-05
485.362	0.0	0.0	-5.515737500000001e-06
485.352	0.0	0.0	-3.0823e-06
485.402	0.0	0.0	-1.6508375000000004e-05
485.522	0.0	0.0	-5.07325e-05
485.702	0.0	0.0	-0.00010065087500000001
485.692	0.0	0.0	-9.732775000000001e-05
485.732	0.0	0.0	-0.00010528374999999999
485.852	0.0	0.0	-0.00012222925000000002
486.032	0.0	0.0	-0.000147311125
486.022	0.0	0.0	-0.00014577387500000003
486.072	0.0	0.0	-0.000144794
486.192	0.0	0.0	-0.00013624162500000002
486.372	0.0	0.0	-0.000123696625
486.362	0.0	0.0	-0.000124310875
486.412	0.0	0.0	-0.00011378087500000001
486.532	0.0	0.0	-8.2665375e-05
486.712	0.0	0.0	-3.7256375e-05
486.702	0.0	0.0	-4.032925000000001e-05
486.742	0.0	0.0	-2.6897e-05
486.862	0.0	0.0	1.1358912500000002e-05
487.042	0.0	0.0	6.801112500000001e-05
487.032	0.0	0.0	6.448e-05
487.082	0.0	0.0	7.631e-05
487.202	0.0	0.0	0.00010474262500000002
487.382	0.0	0.0	0.0001464775
487.372	0.0	0.0	0.000144391
487.422	0.0	0.0	0.00014738750000000003
487.542	0.0	0.0	0.00015027025000000001
487.722	0.0	0.0	0.00015447575
487.712	0.0	0.0	0.0001541865
487.752	0.0	0.0	0.00014795137500000003
487.872	0.0	0.0	0.00012363162500000002
488.052	0.0	0.0	8.759887500000001e-05
488.042	0.0	0.0	8.9883625e-05
488.092	0.0	0.0	7.539512500000001e-05
488.212	0.0	0.0	3.321987500000001e-05
488.392	0.0	0.0	-2.8715375e-05
488.382	0.0	0.0	-2.5553125e-05
488.432	0.0	0.0	-4.1015000000000006e-05
488.552	0.0	0.0	-8.0240875e-05
488.732	0.0	0.0	-0.00013753837500000003
488.722	0.0	0.0	-0.00013353925000000001
488.762	0.0	0.0	-0.00014196162500000001
488.882	0.0	0.0	-0.00015860975000000002
489.062	0.0	0.0	-0.00018328375000000003
489.052	0.0	0.0	-0.00018169125000000002
489.102	0.0	0.0	-0.00017886375
489.222	0.0	0.0	-0.00016344250000000003
489.402	0.0	0.0	-0.000140803
489.392	0.0	0.0	-0.00014198275
489.442	0.0	0.0	-0.00012757225
489.562	0.0	0.0	-8.503625000000001e-05
489.742	0.0	0.0	-2.2871875000000002e-05
489.732	0.0	0.0	-2.7275625000000005e-05
489.772	0.0	0.0	-9.94435e-06
489.892	0.0	0.0	3.918525e-05
490.072	0.0	0.0	0.00011204212500000001
490.062	0.0	0.0	0.00010726625000000002
490.112	0.0	0.0	0.000121519125
490.232	0.0	0.0	0.00015484950000000002
490.412	0.0	0.0	0.00020384000000000003
490.402	0.0	0.0	0.00020124000000000002
490.452	0.0	0.0	0.00020312500000000002
490.572	0.0	0.0	0.0002008175
490.752	0.0	0.0	0.00019745375
490.742	0.0	0.0	0.0001976975
490.782	0.0	0.0	0.00018754125000000003
490.902	0.0	0.0	0.00014952762500000002
491.082	0.0	0.0	9.312225000000001e-05
491.072	0.0	0.0	9.688087500000001e-05
491.112	0.0	0.0	7.652450000000001e-05
491.242	0.0	0.0	1.7632875000000004e-05
491.422	0.0	0.0	-6.897475e-05
491.412	0.0	0.0	-6.429475e-05
491.462	0.0	0.0	-8.425137500000001e-05
491.582	0.0	0.0	-0.00013408850000000002
491.762	0.0	0.0	-0.00020697625
491.752	0.0	0.0	-0.00020154874999999997
491.792	0.0	0.0	-0.00021084375
491.912	0.0	0.0	-0.00022603750000000004
492.092	0.0	0.0	-0.00024860875000000003
492.082	0.0	0.0	-0.000247195
492.132	0.0	0.0	-0.00024009375000000002
492.252	0.0	0.0	-0.00021086
492.432	0.0	0.0	-0.0001680575
492.422	0.0	0.0	-0.00017112875
492.462	0.0	0.0	-0.000152351875
492.582	0.0	0.0	-9.189375000000001e-05
492.762	0.0	0.0	-2.1502e-06
492.752	0.0	0.0	-8.324712500000001e-06
492.792	0.0	0.0	1.60480125e-05
492.922	0.0	0.0	8.172612500000001e-05
493.102	0.0	0.0	0.00017839250000000004
493.092	0.0	0.0	0.00017298125000000003
493.142	0.0	0.0	0.00018915000000000002
493.262	0.0	0.0	0.00022478625000000002
493.442	0.0	0.0	0.000276965
493.432	0.0	0.0	0.000273065
493.472	0.0	0.0	0.00027373125
493.592	0.0	0.0	0.00026104000000000004
493.772	0.0	0.0	0.00024219000000000004
493.762	0.0	0.0	0.00024350625000000003
493.802	0.0	0.0	0.00022634625
493.932	0.0	0.0	0.00016872375000000003
494.112	0.0	0.0	8.389225000000002e-05
494.102	0.0	0.0	8.873637500000002e-05
494.152	0.0	0.0	6.154687500000001e-05
494.272	0.0	0.0	-1.3130975e-05
494.452	0.0	0.0	-0.00012250875000000003
494.442	0.0	0.0	-0.00011422287500000002
494.482	0.0	0.0	-0.000136097
494.602	0.0	0.0	-0.00019017375
494.782	0.0	0.0	-0.00027054625
494.772	0.0	0.0	-0.00026487500000000003
494.812	0.0	0.0	-0.00027265875000000004
494.942	0.0	0.0	-0.00028039375
495.122	0.0	0.0	-0.000291785
495.112	0.0	0.0	-0.00029111875
495.162	0.0	0.0	-0.00027834625000000004
495.282	0.0	0.0	-0.00023308999999999998
495.462	0.0	0.0	-0.00016675750000000002
495.452	0.0	0.0	-0.00017184375
495.492	0.0	0.0	-0.00014819675000000003
495.612	0.0	0.0	-7.359949999999999e-05
495.792	0.0	0.0	3.7323e-05
495.782	0.0	0.0	2.9381625000000002e-05
495.822	0.0	0.0	5.6317625000000006e-05
495.952	0.0	0.0	0.0001266135
496.132	0.0	0.0	0.00023021375000000004
496.122	0.0	0.0	0.00022408750000000002
496.172	0.0	0.0	0.00023863125000000003
496.292	0.0	0.0	0.00026726375
496.472	0.0	0.0	0.00030923750000000003
496.462	0.0	0.0	0.00030597125
496.502	0.0	0.0	0.00030288375000000003
496.622	0.0	0.0	0.00027703
496.802	0.0	0.0	0.00023858250000000002
496.792	0.0	0.0	0.0002413775
496.832	0.0	0.0	0.00022015499999999998
496.962	0.0	0.0	0.00015135250000000003
497.142	0.0	0.0	4.989400000000001e-05
497.132	0.0	0.0	5.6008875e-05
497.182	0.0	0.0	2.7509625e-05
497.302	0.0	0.0	-4.9229375000000005e-05
497.482	0.0	0.0	-0.00016178825
497.472	0.0	0.0	-0.00015290762500000003
497.512	0.0	0.0	-0.00017309500000000004
497.632	0.0	0.0	-0.00021953750000000002
497.812	0.0	0.0	-0.00028864875
497.802	0.0	0.0	-0.00028354625000000006
497.842	0.0	0.0	-0.00028744625000000004
497.972	0.0	0.0	-0.0002829125
498.152	0.0	0.0	-0.00027621750000000005
498.142	0.0	0.0	-0.00027662375
498.192	0.0	0.0	-0.00026069875000000006
498.312	0.0	0.0	-0.00020699250000000003
498.492	0.0	0.0	-0.00012819300000000002
498.482	0.0	0.0	-0.000134493125
498.522	0.0	0.0	-0.00011046100000000003
498.642	0.0	0.0	-3.6924875e-05
498.822	0.0	0.0	7.25725e-05
498.812	0.0	0.0	6.438737500000001e-05
498.852	0.0	0.0	8.830249999999999e-05
498.982	0.0	0.0	0.000148161
499.162	0.0	0.0	0.00023650250000000004
499.152	0.0	0.0	0.00023099375000000001
499.202	0.0	0.0	0.00024087375000000002
499.322	0.0	0.0	0.0002561325
499.502	0.0	0.0	0.00027854125
499.492	0.0	0.0	0.00027672125000000004
499.532	0.0	0.0	0.00027054625
499.652	0.0	0.0	0.00023708749999999998
499.832	0.0	0.0	0.00018724875
499.822	0.0	0.0	0.00019101875000000003
499.862	0.0	0.0	0.00017026750000000002
499.992	0.0	0.0	0.000105079
500.172	0.0	0.0	8.8183875e-06
500.162	0.0	0.0	1.49227e-05
500.212	0.0	0.0	-9.025900000000001e-06
500.332	0.0	0.0	-7.1820125e-05
500.512	0.0	0.0	-0.00016406000000000003
500.502	0.0	0.0	-0.00015649075000000003
500.542	0.0	0.0	-0.00017116125000000003
500.662	0.0	0.0	-0.00020128875000000003
500.842	0.0	0.0	-0.00024617125
500.832	0.0	0.0	-0.00024272625000000002
500.872	0.0	0.0	-0.00024258
501.002	0.0	0.0	-0.00022863750000000002
501.182	0.0	0.0	-0.00020806500000000003
501.172	0.0	0.0	-0.0002093975
501.212	0.0	0.0	-0.00019418750000000002
501.342	0.0	0.0	-0.0001449435
501.522	0.0	0.0	-7.257087500000002e-05
501.502	0.0	0.0	-7.858012500000001e-05
501.552	0.0	0.0	-5.9241e-05
501.672	0.0	0.0	-2.1723e-06
501.852	0.0	0.0	8.292212500000002e-05
501.842	0.0	0.0	7.629375000000001e-05
501.882	0.0	0.0	9.2945125e-05
502.012	0.0	0.0	0.0001321905
502.192	0.0	0.0	0.00019019000000000002
502.182	0.0	0.0	0.00018638750000000002
502.222	0.0	0.0	0.00019092125000000001
502.352	0.0	0.0	0.00019350500000000004
502.532	0.0	0.0	0.00019730750000000003
502.512	0.0	0.0	0.0001969825
502.562	0.0	0.0	0.00019015750000000002
502.682	0.0	0.0	0.00015924675000000003
502.862	0.0	0.0	0.00011313250000000001
502.852	0.0	0.0	0.00011677412500000002
502.892	0.0	0.0	0.00010101162500000001
503.022	0.0	0.0	5.308225e-05
503.202	0.0	0.0	-1.7785625000000003e-05
503.192	0.0	0.0	-1.3070037500000001e-05
503.232	0.0	0.0	-2.8846999999999997e-05
503.362	0.0	0.0	-6.882850000000001e-05
503.542	0.0	0.0	-0.00012763725
503.522	0.0	0.0	-0.00012263225
503.572	0.0	0.0	-0.0001308775
503.692	0.0	0.0	-0.00014505725
503.872	0.0	0.0	-0.00016622125
503.862	0.0	0.0	-0.00016453125
503.902	0.0	0.0	-0.00016241875000000001
504.032	0.0	0.0	-0.0001472445
504.212	0.0	0.0	-0.000124798375
504.202	0.0	0.0	-0.00012631450000000002
504.242	0.0	0.0	-0.000115152375
504.372	0.0	0.0	-7.997112500000001e-05
504.552	0.0	0.0	-2.820025e-05
504.532	0.0	0.0	-3.2659250000000004e-05
504.582	0.0	0.0	-1.9979375000000002e-05
504.702	0.0	0.0	1.6394625000000002e-05
504.882	0.0	0.0	7.0707e-05
504.872	0.0	0.0	6.63065e-05
504.912	0.0	0.0	7.62125e-05
505.042	0.0	0.0	9.841487500000001e-05
505.222	0.0	0.0	0.00013127075
505.212	0.0	0.0	0.000129016875
505.252	0.0	0.0	0.000130689
505.382	0.0	0.0	0.00012854400000000002
505.562	0.0	0.0	0.00012538662500000003
505.542	0.0	0.0	0.00012566125
505.592	0.0	0.0	0.00012020612500000002
505.712	0.0	0.0	9.703200000000002e-05
505.892	0.0	0.0	6.241462500000001e-05
505.882	0.0	0.0	6.5255125e-05
505.922	0.0	0.0	5.4171e-05
506.052	0.0	0.0	2.0595250000000002e-05
506.232	0.0	0.0	-2.9116750000000002e-05
506.222	0.0	0.0	-2.5666875000000005e-05
506.262	0.0	0.0	-3.6530000000000004e-05
506.392	0.0	0.0	-6.4010375e-05
506.572	0.0	0.0	-0.00010448100000000002
506.552	0.0	0.0	-0.00010085400000000001
506.602	0.0	0.0	-0.00010640825
506.722	0.0	0.0	-0.000115266125
506.902	0.0	0.0	-0.00012851962500000003
506.892	0.0	0.0	-0.000127482875
506.932	0.0	0.0	-0.00012501937500000002
507.062	0.0	0.0	-0.00011128975000000001
507.242	0.0	0.0	-9.105524999999999e-05
507.222	0.0	0.0	-9.281025000000002e-05
507.272	0.0	0.0	-8.444150000000001e-05
507.392	0.0	0.0	-5.4760875000000004e-05
507.572	0.0	0.0	-1.0402925e-05
507.552	0.0	0.0	-1.4137175000000002e-05
507.602	0.0	0.0	-2.4189750000000004e-06
507.722	0.0	0.0	3.07255e-05
507.912	0.0	0.0	7.983950000000001e-05
507.902	0.0	0.0	7.633600000000001e-05
507.942	0.0	0.0	8.5007e-05
508.072	0.0	0.0	0.00010450049999999999
508.252	0.0	0.0	0.00013323700000000003
508.232	0.0	0.0	0.000130654875
508.282	0.0	0.0	0.00013241475
508.402	0.0	0.0	0.000128622
508.582	0.0	0.0	0.000122949125
508.562	0.0	0.0	0.00012343012500000002
508.612	0.0	0.0	0.00011659212500000001
508.732	0.0	0.0	9.000062500000002e-05
508.922	0.0	0.0	5.0581375e-05
508.912	0.0	0.0	5.3433250000000005e-05
508.952	0.0	0.0	4.0870375e-05
509.082	0.0	0.0	3.893175e-06
509.262	0.0	0.0	-5.063825000000001e-05
509.242	0.0	0.0	-4.5682e-05
509.292	0.0	0.0	-5.6834375000000004e-05
509.412	0.0	0.0	-8.573175000000001e-05
509.592	0.0	0.0	-0.000128974625
509.572	0.0	0.0	-0.000125263125
509.622	0.0	0.0	-0.00013063375000000002
509.742	0.0	0.0	-0.000137645625
509.932	0.0	0.0	-0.00014804725
509.922	0.0	0.0	-0.00014728350000000001
509.962	0.0	0.0	-0.000142793625
510.092	0.0	0.0	-0.000122601375
510.272	0.0	0.0	-9.2808625e-05
510.252	0.0	0.0	-9.554675000000001e-05
510.302	0.0	0.0	-8.493387500000001e-05
510.422	0.0	0.0	-4.77685e-05
510.602	0.0	0.0	7.86955e-06
510.582	0.0	0.0	3.0364750000000004e-06
510.632	0.0	0.0	1.666925e-05
510.752	0.0	0.0	5.4253875000000004e-05
510.942	0.0	0.0	0.00011001900000000002
510.932	0.0	0.0	0.00010586875000000002
510.972	0.0	0.0	0.00011464375
511.102	0.0	0.0	0.00013259187500000002
511.282	0.0	0.0	0.00015908587500000003
511.262	0.0	0.0	0.000156624
511.312	0.0	0.0	0.00015692137500000002
511.432	0.0	0.0	0.000146588
511.612	0.0	0.0	0.00013110987500000002
511.592	0.0	0.0	0.00013247000000000004
511.642	0.0	0.0	0.00012311975000000002
511.762	0.0	0.0	8.8634e-05
511.952	0.0	0.0	3.7441625000000006e-05
511.942	0.0	0.0	4.130262500000001e-05
511.982	0.0	0.0	2.6885625000000004e-05
512.112	0.0	0.0	-1.44737125e-05
512.292	0.0	0.0	-7.555437500000001e-05
512.272	0.0	0.0	-6.98165e-05
512.322	0.0	0.0	-8.123537500000001e-05
512.442	0.0	0.0	-0.00010869300000000002
512.622	0.0	0.0	-0.00014983475000000001
512.602	0.0	0.0	-0.00014617687500000003
512.652	0.0	0.0	-0.000150057375
512.772	0.0	0.0	-0.00015102425
512.962	0.0	0.0	-0.000152462375
512.952	0.0	0.0	-0.000152351875
512.992	0.0	0.0	-0.00014570725000000002
513.122	0.0	0.0	-0.00011898737500000002
513.302	0.0	0.0	-7.9508e-05
513.282	0.0	0.0	-8.3256875e-05
513.322	0.0	0.0	-7.13375e-05
513.452	0.0	0.0	-3.1367375000000006e-05
513.632	0.0	0.0	2.8548000000000002e-05
513.612	0.0	0.0	2.3161125e-05
513.662	0.0	0.0	3.650562500000001e-05
513.782	0.0	0.0	7.158125000000001e-05
513.972	0.0	0.0	0.00012369337500000002
513.962	0.0	0.0	0.00011965687500000002
514.002	0.0	0.0	0.00012667037500000002
514.132	0.0	0.0	0.00013856212500000002
514.312	0.0	0.0	0.00015614137500000001
514.292	0.0	0.0	0.00015445462500000002
514.332	0.0	0.0	0.00015294662500000002
514.462	0.0	0.0	0.00013712725
514.642	0.0	0.0	0.00011340387500000003
514.622	0.0	0.0	0.000115561875
514.672	0.0	0.0	0.00010533087500000001
514.792	0.0	0.0	6.935825e-05
514.982	0.0	0.0	1.5887625000000002e-05
514.972	0.0	0.0	2.0083375000000003e-05
515.012	0.0	0.0	6.5313625e-06
515.142	0.0	0.0	-3.12195e-05
515.322	0.0	0.0	-8.704637500000001e-05
515.302	0.0	0.0	-8.163512500000002e-05
515.342	0.0	0.0	-9.126e-05
515.472	0.0	0.0	-0.00011238012500000002
515.652	0.0	0.0	-0.00014407087500000002
515.632	0.0	0.0	-0.00014115725000000002
515.682	0.0	0.0	-0.00014306337500000001
515.802	0.0	0.0	-0.0001385215
515.992	0.0	0.0	-0.00013176800000000002
515.982	0.0	0.0	-0.00013230587500000002
516.022	0.0	0.0	-0.00012487312500000002
516.152	0.0	0.0	-9.67785e-05
516.332	0.0	0.0	-5.5209375e-05
516.312	0.0	0.0	-5.928162500000001e-05
516.352	0.0	0.0	-4.79635e-05
516.482	0.0	0.0	-1.11813e-05
516.662	0.0	0.0	4.4031e-05
516.642	0.0	0.0	3.8897625e-05
516.692	0.0	0.0	5.043025e-05
516.812	0.0	0.0	7.957137500000001e-05
517.002	0.0	0.0	0.00012292475000000002
516.982	0.0	0.0	0.00011943587500000001
517.032	0.0	0.0	0.00012449775
517.162	0.0	0.0	0.0001309685
517.342	0.0	0.0	0.000140547875
517.322	0.0	0.0	0.0001396005
517.362	0.0	0.0	0.00013698750000000002
517.492	0.0	0.0	0.00011869
517.672	0.0	0.0	9.121125000000001e-05
517.652	0.0	0.0	9.379337500000001e-05
517.702	0.0	0.0	8.359975000000001e-05
517.822	0.0	0.0	4.854525000000001e-05
518.012	0.0	0.0	-3.6315500000000004e-06
517.992	0.0	0.0	6.208475000000001e-07
518.042	0.0	0.0	-1.1900037500000002e-05
518.162	0.0	0.0	-4.628e-05
518.352	0.0	0.0	-9.719125000000002e-05
518.332	0.0	0.0	-9.210337500000001e-05
518.372	0.0	0.0	-0.00010047050000000001
518.502	0.0	0.0	-0.00011754275
518.682	0.0	0.0	-0.00014319175000000002
518.662	0.0	0.0	-0.00014075587500000003
518.712	0.0	0.0	-0.00014142375000000002
518.832	0.0	0.0	-0.00013318825000000002
519.022	0.0	0.0	-0.00012092275000000002
519.002	0.0	0.0	-0.000121935125
519.052	0.0	0.0	-0.00011364274999999999
519.172	0.0	0.0	-8.306350000000001e-05
519.362	0.0	0.0	-3.77585e-05
519.342	0.0	0.0	-4.233125e-05
519.382	0.0	0.0	-3.0621500000000005e-05
519.512	0.0	0.0	7.0204875e-06
519.692	0.0	0.0	6.359925e-05
519.672	0.0	0.0	5.8168500000000004e-05
519.722	0.0	0.0	6.952400000000001e-05
519.842	0.0	0.0	9.742687500000001e-05
520.032	0.0	0.0	0.00013899437500000002
520.012	0.0	0.0	0.00013552175
520.062	0.0	0.0	0.00013966387500000002
520.182	0.0	0.0	0.00014251250000000003
520.372	0.0	0.0	0.00014673425
520.352	0.0	0.0	0.00014630362500000002
520.392	0.0	0.0	0.00014234350000000002
520.522	0.0	0.0	0.00011888825000000001
520.702	0.0	0.0	8.3617625e-05
520.682	0.0	0.0	8.703987500000002e-05
520.732	0.0	0.0	7.5213125e-05
520.852	0.0	0.0	3.5174750000000004e-05
521.042	0.0	0.0	-2.4498500000000003e-05
521.022	0.0	0.0	-1.9470750000000003e-05
521.072	0.0	0.0	-3.299725e-05
521.192	0.0	0.0	-6.935662500000001e-05
521.382	0.0	0.0	-0.000123264375
521.362	0.0	0.0	-0.00011764025000000002
521.402	0.0	0.0	-0.000125909875
521.532	0.0	0.0	-0.00014049262500000003
521.712	0.0	0.0	-0.0001624545
521.692	0.0	0.0	-0.00016041025000000002
521.742	0.0	0.0	-0.00015925650000000002
521.862	0.0	0.0	-0.00014466725000000002
522.052	0.0	0.0	-0.00012302062500000002
522.032	0.0	0.0	-0.00012521600000000002
522.072	0.0	0.0	-0.00011620700000000002
522.202	0.0	0.0	-7.967537499999999e-05
522.382	0.0	0.0	-2.4716250000000002e-05
522.362	0.0	0.0	-3.0161625e-05
522.412	0.0	0.0	-1.6043462500000004e-05
522.532	0.0	0.0	2.6190125000000004e-05
522.722	0.0	0.0	8.918812500000002e-05
522.702	0.0	0.0	8.376225e-05
522.752	0.0	0.0	9.507875000000001e-05
522.872	0.0	0.0	0.00012078462500000002
523.062	0.0	0.0	0.00015893312500000003
523.042	0.0	0.0	0.00015494375000000004
523.082	0.0	0.0	0.000158383875
523.212	0.0	0.0	0.00015534350000000001
523.392	0.0	0.0	0.0001507675
523.372	0.0	0.0	0.000151224125
523.422	0.0	0.0	0.00014458762500000003
523.542	0.0	0.0	0.00011422287500000002
523.732	0.0	0.0	6.891462500000001e-05
523.712	0.0	0.0	7.2863375e-05
523.762	0.0	0.0	5.9353125e-05
523.882	0.0	0.0	1.7177875000000002e-05
524.072	0.0	0.0	-4.5436625000000006e-05
524.052	0.0	0.0	-3.8829375e-05
524.092	0.0	0.0	-5.1215125000000005e-05
524.212	0.0	0.0	-8.363875e-05
524.402	0.0	0.0	-0.00013247487500000002
524.382	0.0	0.0	-0.00012755925000000002
524.432	0.0	0.0	-0.0001341275
524.552	0.0	0.0	-0.00014234350000000002
524.742	0.0	0.0	-0.00015460900000000002
524.722	0.0	0.0	-0.00015352837500000002
524.772	0.0	0.0	-0.00015010612500000002
524.892	0.0	0.0	-0.0001300325
525.082	0.0	0.0	-0.00010021700000000002
525.062	0.0	0.0	-0.00010339225
525.102	0.0	0.0	-9.385025000000001e-05
525.222	0.0	0.0	-5.763387500000001e-05
525.412	0.0	0.0	-3.0605250000000002e-06
525.392	0.0	0.0	-8.607300000000001e-06
525.442	0.0	0.0	3.943225000000001e-06
525.562	0.0	0.0	3.9180375e-05
525.752	0.0	0.0	9.180762500000001e-05
525.732	0.0	0.0	8.711624999999999e-05
525.782	0.0	0.0	9.5395625e-05
525.902	0.0	0.0	0.00011156275000000001
526.092	0.0	0.0	0.000135588375
526.072	0.0	0.0	0.00013300625000000002
526.112	0.0	0.0	0.00013407062500000002
526.232	0.0	0.0	0.00012531187500000002
526.422	0.0	0.0	0.00011210550000000002
526.402	0.0	0.0	0.00011346075000000001
526.442	0.0	0.0	0.00010666012499999999
526.572	0.0	0.0	7.8924625e-05
526.762	0.0	0.0	3.748225e-05
526.742	0.0	0.0	4.1218125000000006e-05
526.792	0.0	0.0	3.0589e-05
526.912	0.0	0.0	-8.285875e-07
527.102	0.0	0.0	-4.7534500000000004e-05
527.082	0.0	0.0	-4.2469375e-05
527.122	0.0	0.0	-5.0854375e-05
527.242	0.0	0.0	-7.027312500000001e-05
527.432	0.0	0.0	-9.95605e-05
527.412	0.0	0.0	-9.652500000000002e-05
527.452	0.0	0.0	-9.9607625e-05
527.582	0.0	0.0	-9.9851375e-05
527.772	0.0	0.0	-0.00010021375
527.752	0.0	0.0	-0.00010018124999999999
527.802	0.0	0.0	-9.647137500000001e-05
527.922	0.0	0.0	-7.922200000000001e-05
528.112	0.0	0.0	-5.356650000000001e-05
528.092	0.0	0.0	-5.637450000000001e-05
528.132	0.0	0.0	-4.958850000000001e-05
528.252	0.0	0.0	-2.5969125000000004e-05
528.442	0.0	0.0	9.669400000000001e-06
528.422	0.0	0.0	5.941487500000001e-06
528.462	0.0	0.0	1.3261787500000001e-05
528.592	0.0	0.0	3.2010875e-05
528.782	0.0	0.0	6.005025000000001e-05
528.762	0.0	0.0	5.746812500000001e-05
528.812	0.0	0.0	6.116987500000001e-05
528.932	0.0	0.0	6.6386125e-05
529.122	0.0	0.0	7.414712500000001e-05
529.102	0.0	0.0	7.3289125e-05
529.142	0.0	0.0	7.279187500000002e-05
529.262	0.0	0.0	6.463275e-05
529.452	0.0	0.0	5.2316875e-05
529.432	0.0	0.0	5.361687500000001e-05
529.472	0.0	0.0	4.937075e-05
529.602	0.0	0.0	3.3803250000000005e-05
529.792	0.0	0.0	1.0513262500000002e-05
529.772	0.0	0.0	1.2680849999999999e-05
529.822	0.0	0.0	7.496450000000002e-06
529.942	0.0	0.0	-6.719050000000001e-06
530.132	0.0	0.0	-2.788175e-05
530.112	0.0	0.0	-2.5523875e-05
530.152	0.0	0.0	-2.8955875e-05
530.272	0.0	0.0	-3.552575e-05
530.462	0.0	0.0	-4.5446375e-05
530.442	0.0	0.0	-4.4388500000000004e-05
530.482	0.0	0.0	-4.5038500000000006e-05
530.612	0.0	0.0	-4.2859375e-05
530.802	0.0	0.0	-3.9598e-05
530.782	0.0	0.0	-3.990512500000001e-05
530.832	0.0	0.0	-3.7847875000000006e-05
530.952	0.0	0.0	-2.9503500000000006e-05
531.142	0.0	0.0	-1.7075500000000003e-05
531.122	0.0	0.0	-1.8471375000000002e-05
531.162	0.0	0.0	-1.5545725e-05
531.282	0.0	0.0	-6.054587500000001e-06
531.472	0.0	0.0	8.285387500000001e-06
531.452	0.0	0.0	6.7431000000000016e-06
531.492	0.0	0.0	9.550287500000002e-06
531.622	0.0	0.0	1.6407625000000004e-05
531.812	0.0	0.0	2.6674375e-05
531.792	0.0	0.0	2.5699375e-05
531.842	0.0	0.0	2.7002625000000006e-05
531.962	0.0	0.0	2.8582125e-05
532.152	0.0	0.0	3.0933500000000005e-05
532.132	0.0	0.0	3.0667e-05
532.172	0.0	0.0	3.0348500000000003e-05
532.292	0.0	0.0	2.6663000000000005e-05
532.482	0.0	0.0	2.1090875000000003e-05
532.462	0.0	0.0	2.1695375e-05
532.502	0.0	0.0	1.9751875e-05
532.632	0.0	0.0	1.2401512500000002e-05
532.822	0.0	0.0	1.3888062500000002e-06
532.802	0.0	0.0	2.4459500000000003e-06
532.852	0.0	0.0	-1.7346875e-07
532.972	0.0	0.0	-7.79415e-06
533.162	0.0	0.0	-1.9153875e-05
533.142	0.0	0.0	-1.7855500000000002e-05
533.182	0.0	0.0	-1.982175e-05
533.302	0.0	0.0	-2.4089000000000003e-05
533.492	0.0	0.0	-3.0541875000000005e-05
533.472	0.0	0.0	-2.9835000000000005e-05
533.512	0.0	0.0	-3.0330625000000002e-05
533.642	0.0	0.0	-2.9155750000000003e-05
533.832	0.0	0.0	-2.7394250000000006e-05
533.812	0.0	0.0	-2.7564875000000006e-05
533.862	0.0	0.0	-2.6110500000000004e-05
533.982	0.0	0.0	-1.9777875e-05
534.172	0.0	0.0	-1.03337e-05
534.152	0.0	0.0	-1.1422287500000002e-05
534.192	0.0	0.0	-9.072537500000001e-06
534.312	0.0	0.0	-8.806525e-07
534.502	0.0	0.0	1.1512637500000001e-05
534.482	0.0	0.0	1.0143575000000002e-05
534.522	0.0	0.0	1.2618937500000001e-05
534.652	0.0	0.0	1.88565e-05
534.842	0.0	0.0	2.8210000000000006e-05
534.822	0.0	0.0	2.7293500000000006e-05
534.872	0.0	0.0	2.8392000000000002e-05
534.992	0.0	0.0	2.9303625000000004e-05
535.182	0.0	0.0	3.066375e-05
535.162	0.0	0.0	3.0506125000000008e-05
535.202	0.0	0.0	2.9971500000000003e-05
535.322	0.0	0.0	2.5397125000000003e-05
535.512	0.0	0.0	1.8474625000000003e-05
535.492	0.0	0.0	1.92465e-05
535.532	0.0	0.0	1.7098250000000002e-05
535.662	0.0	0.0	9.230000000000001e-06
535.852	0.0	0.0	-2.5725375000000004e-06
535.832	0.0	0.0	-1.4080787500000003e-06
535.882	0.0	0.0	-3.9929500000000005e-06
536.002	0.0	0.0	-1.1152375e-05
536.192	0.0	0.0	-2.183675e-05
536.172	0.0	0.0	-2.0570875e-05
536.212	0.0	0.0	-2.2293375000000004e-05
536.332	0.0	0.0	-2.54215e-05
536.522	0.0	0.0	-3.0161625e-05
536.502	0.0	0.0	-2.9651375e-05
536.542	0.0	0.0	-2.9753750000000003e-05
536.672	0.0	0.0	-2.7547000000000006e-05
536.862	0.0	0.0	-2.4249875e-05
536.842	0.0	0.0	-2.4630125000000005e-05
536.882	0.0	0.0	-2.3263500000000002e-05
537.002	0.0	0.0	-1.6734250000000003e-05
537.192	0.0	0.0	-6.847587500000001e-06
537.172	0.0	0.0	-7.96965e-06
537.212	0.0	0.0	-5.4260374999999995e-06
537.342	0.0	0.0	2.9113499999999997e-06
537.532	0.0	0.0	1.54275875e-05
537.512	0.0	0.0	1.4169837500000002e-05
537.552	0.0	0.0	1.6605875e-05
537.682	0.0	0.0	2.268825e-05
537.872	0.0	0.0	3.177037500000001e-05
537.852	0.0	0.0	3.0693e-05
537.892	0.0	0.0	3.1874375e-05
538.012	0.0	0.0	3.2584500000000006e-05
538.202	0.0	0.0	3.366187500000001e-05
538.182	0.0	0.0	3.354e-05
538.222	0.0	0.0	3.2696625e-05
538.352	0.0	0.0	2.6973375000000003e-05
538.542	0.0	0.0	1.837875e-05
538.522	0.0	0.0	1.9251375e-05
538.562	0.0	0.0	1.646125e-05
538.692	0.0	0.0	6.445399999999999e-06
538.882	0.0	0.0	-8.522150000000001e-06
538.862	0.0	0.0	-6.7302625000000005e-06
538.902	0.0	0.0	-9.86765e-06
539.022	0.0	0.0	-1.9293625000000003e-05
539.212	0.0	0.0	-3.358225e-05
539.192	0.0	0.0	-3.1939375e-05
539.232	0.0	0.0	-3.4266375000000006e-05
539.362	0.0	0.0	-3.837600000000001e-05
539.552	0.0	0.0	-4.4552625000000006e-05
539.532	0.0	0.0	-4.391887500000001e-05
539.572	0.0	0.0	-4.374662500000001e-05
539.702	0.0	0.0	-3.9487500000000004e-05
539.892	0.0	0.0	-3.311912500000001e-05
539.872	0.0	0.0	-3.388775e-05
539.912	0.0	0.0	-3.1603e-05
540.032	0.0	0.0	-2.08065e-05
540.222	0.0	0.0	-4.4331625e-06
540.202	0.0	0.0	-6.331650000000001e-06
540.242	0.0	0.0	-2.365675e-06
540.372	0.0	0.0	1.0238475e-05
540.562	0.0	0.0	2.9183375000000004e-05
540.542	0.0	0.0	2.7225250000000005e-05
540.582	0.0	0.0	3.0593875000000004e-05
540.712	0.0	0.0	3.8145250000000005e-05
540.902	0.0	0.0	4.9440625000000004e-05
540.882	0.0	0.0	4.806750000000001e-05
540.922	0.0	0.0	4.9244000000000005e-05
541.042	0.0	0.0	4.781237500000001e-05
541.232	0.0	0.0	4.5641375000000005e-05
541.212	0.0	0.0	4.5894875000000005e-05
541.252	0.0	0.0	4.402125000000001e-05
541.382	0.0	0.0	3.400312500000001e-05
541.572	0.0	0.0	1.893775e-05
541.552	0.0	0.0	2.0509124999999998e-05
541.592	0.0	0.0	1.6446625e-05
541.722	0.0	0.0	2.9329625e-06
541.912	0.0	0.0	-1.7288375e-05
541.892	0.0	0.0	-1.4809274999999999e-05
541.932	0.0	0.0	-1.8645250000000002e-05
542.052	0.0	0.0	-2.8653625000000005e-05
542.242	0.0	0.0	-4.384575e-05
542.222	0.0	0.0	-4.2055e-05
542.262	0.0	0.0	-4.4151249999999995e-05
542.392	0.0	0.0	-4.6070375000000004e-05
542.582	0.0	0.0	-4.895637500000001e-05
542.562	0.0	0.0	-4.86525e-05
542.602	0.0	0.0	-4.7658000000000003e-05
542.732	0.0	0.0	-4.0516125000000005e-05
542.922	0.0	0.0	-2.982525e-05
542.902	0.0	0.0	-3.1144750000000004e-05
542.942	0.0	0.0	-2.8237625000000004e-05
543.062	0.0	0.0	-1.6319875e-05
543.252	0.0	0.0	1.7785625000000001e-06
543.232	0.0	0.0	-3.7175125000000006e-07
543.272	0.0	0.0	3.5082125e-06
543.402	0.0	0.0	1.4525712500000003e-05
543.592	0.0	0.0	3.1107375000000005e-05
543.572	0.0	0.0	2.9345875e-05
543.612	0.0	0.0	3.1911750000000005e-05
543.742	0.0	0.0	3.63935e-05
543.932	0.0	0.0	4.3106375e-05
543.912	0.0	0.0	4.2271125000000004e-05
543.952	0.0	0.0	4.264975e-05
544.072	0.0	0.0	3.916575000000001e-05
544.262	0.0	0.0	3.38715e-05
544.242	0.0	0.0	3.4505250000000006e-05
544.282	0.0	0.0	3.2454500000000006e-05
544.412	0.0	0.0	2.3296000000000002e-05
544.602	0.0	0.0	9.505275e-06
544.582	0.0	0.0	1.0983700000000001e-05
544.622	0.0	0.0	7.769125000000002e-06
544.752	0.0	0.0	-2.026375e-06
544.942	0.0	0.0	-1.6703375e-05
544.922	0.0	0.0	-1.4862575e-05
544.962	0.0	0.0	-1.7428125000000002e-05
545.082	0.0	0.0	-2.3079875e-05
545.272	0.0	0.0	-3.1668e-05
545.252	0.0	0.0	-3.063125e-05
545.292	0.0	0.0	-3.1599750000000005e-05
545.422	0.0	0.0	-3.1152875e-05
545.612	0.0	0.0	-3.0478500000000003e-05
545.592	0.0	0.0	-3.0551625e-05
545.632	0.0	0.0	-2.9475875000000002e-05
545.762	0.0	0.0	-2.3741250000000002e-05
545.952	0.0	0.0	-1.5145975e-05
545.932	0.0	0.0	-1.6231800000000003e-05
545.972	0.0	0.0	-1.4203800000000001e-05
546.092	0.0	0.0	-6.7294500000000004e-06
546.282	0.0	0.0	4.6353125e-06
546.262	0.0	0.0	3.2526e-06
546.302	0.0	0.0	5.5033875000000005e-06
546.432	0.0	0.0	1.12909875e-05
546.622	0.0	0.0	2.0011875000000002e-05
546.602	0.0	0.0	1.9061250000000003e-05
546.642	0.0	0.0	2.0267000000000004e-05
546.772	0.0	0.0	2.1739250000000004e-05
546.962	0.0	0.0	2.3947625e-05
546.942	0.0	0.0	2.36665e-05
546.982	0.0	0.0	2.3599875000000006e-05
547.102	0.0	0.0	2.0795125000000002e-05
547.292	0.0	0.0	1.6527875000000003e-05
547.272	0.0	0.0	1.7051125000000002e-05
547.312	0.0	0.0	1.57428375e-05
547.442	0.0	0.0	1.042925e-05
547.632	0.0	0.0	2.41865e-06
547.612	0.0	0.0	3.3002125000000006e-06
547.652	0.0	0.0	1.5637375e-06
547.782	0.0	0.0	-3.4601125e-06
547.972	0.0	0.0	-1.0997187500000001e-05
547.952	0.0	0.0	-1.0030962500000002e-05
547.992	0.0	0.0	-1.1300575000000001e-05
548.112	0.0	0.0	-1.38009625e-05
548.302	0.0	0.0	-1.7606875e-05
548.282	0.0	0.0	-1.7135625e-05
548.322	0.0	0.0	-1.7498e-05
548.452	0.0	0.0	-1.6753750000000002e-05
548.642	0.0	0.0	-1.5630550000000002e-05
548.622	0.0	0.0	-1.5755187500000004e-05
548.662	0.0	0.0	-1.5057737500000002e-05
548.792	0.0	0.0	-1.1645237500000003e-05
548.982	0.0	0.0	-6.5234e-06
548.962	0.0	0.0	-7.184775000000001e-06
548.992	0.0	0.0	-6.014450000000001e-06
549.122	0.0	0.0	-1.734525e-06
549.312	0.0	0.0	4.781237500000001e-06
549.292	0.0	0.0	3.9700375e-06
549.332	0.0	0.0	5.269550000000001e-06
549.462	0.0	0.0	8.683512500000002e-06
549.652	0.0	0.0	1.3834600000000001e-05
549.632	0.0	0.0	1.325935e-05
549.672	0.0	0.0	1.3989625e-05
549.802	0.0	0.0	1.4923025000000001e-05
549.992	0.0	0.0	1.632475e-05
549.962	0.0	0.0	1.614015e-05
550.002	0.0	0.0	1.6102775e-05
550.132	0.0	0.0	1.4147412499999999e-05
550.322	0.0	0.0	1.1166512500000001e-05
550.302	0.0	0.0	1.1526125000000001e-05
550.342	0.0	0.0	1.0513425e-05
550.472	0.0	0.0	6.2190375e-06
550.662	0.0	0.0	-2.33025e-07
550.642	0.0	0.0	5.9580625e-07
550.672	0.0	0.0	-7.950475000000002e-07
550.802	0.0	0.0	-5.546125e-06
550.992	0.0	0.0	-1.2782737500000001e-05
550.972	0.0	0.0	-1.1867375000000001e-05
551.012	0.0	0.0	-1.3217425e-05
551.142	0.0	0.0	-1.6354e-05
551.332	0.0	0.0	-2.108925e-05
551.312	0.0	0.0	-2.0551375000000003e-05
551.352	0.0	0.0	-2.0993375000000003e-05
551.482	0.0	0.0	-2.0401875000000004e-05
551.672	0.0	0.0	-1.9514625000000003e-05
551.642	0.0	0.0	-1.9631625000000002e-05
551.682	0.0	0.0	-1.8996250000000003e-05
551.812	0.0	0.0	-1.4400425e-05
552.002	0.0	0.0	-7.3952125e-06
551.982	0.0	0.0	-8.284737500000001e-06
552.022	0.0	0.0	-6.409975e-06
552.152	0.0	0.0	7.875887500000002e-07
552.342	0.0	0.0	1.16598625e-05
552.322	0.0	0.0	1.0415925000000001e-05
552.362	0.0	0.0	1.26462375e-05
552.492	0.0	0.0	1.8840250000000003e-05
552.682	0.0	0.0	2.8151500000000003e-05
552.652	0.0	0.0	2.69165e-05
552.692	0.0	0.0	2.8333500000000002e-05
552.822	0.0	0.0	2.9982875000000006e-05
553.012	0.0	0.0	3.2500000000000004e-05
552.992	0.0	0.0	3.217825e-05
553.032	0.0	0.0	3.186625e-05
553.162	0.0	0.0	2.7155375000000006e-05
553.352	0.0	0.0	2.0036250000000003e-05
553.332	0.0	0.0	2.08585e-05
553.372	0.0	0.0	1.8523375e-05
553.502	0.0	0.0	8.8720125e-06
553.692	0.0	0.0	-5.6415125e-06
553.662	0.0	0.0	-3.7046750000000002e-06
553.702	0.0	0.0	-6.715475000000001e-06
553.832	0.0	0.0	-1.6664375e-05
554.022	0.0	0.0	-3.1838625e-05
554.002	0.0	0.0	-2.9883750000000003e-05
554.042	0.0	0.0	-3.2529250000000004e-05
554.172	0.0	0.0	-3.7753625000000006e-05
554.362	0.0	0.0	-4.5649500000000004e-05
554.342	0.0	0.0	-4.4731375e-05
554.382	0.0	0.0	-4.5134375000000004e-05
554.512	0.0	0.0	-4.1798250000000006e-05
554.702	0.0	0.0	-3.6777000000000004e-05
554.672	0.0	0.0	-3.7453e-05
554.712	0.0	0.0	-3.5634625e-05
554.842	0.0	0.0	-2.4813750000000003e-05
555.032	0.0	0.0	-8.298225000000001e-06
555.012	0.0	0.0	-1.0441762500000001e-05
555.052	0.0	0.0	-6.498699999999999e-06
555.182	0.0	0.0	7.349225000000001e-06
555.372	0.0	0.0	2.8292875e-05
555.352	0.0	0.0	2.5839125000000003e-05
555.392	0.0	0.0	2.9729375e-05
555.522	0.0	0.0	3.915762500000001e-05
555.712	0.0	0.0	5.335037500000001e-05
555.682	0.0	0.0	5.1429625e-05
555.722	0.0	0.0	5.3337375e-05
555.852	0.0	0.0	5.321387500000001e-05
556.042	0.0	0.0	5.3025375e-05
556.012	0.0	0.0	5.304975e-05
556.062	0.0	0.0	5.1701000000000005e-05
556.192	0.0	0.0	4.133025000000001e-05
556.382	0.0	0.0	2.563925e-05
556.362	0.0	0.0	2.7493375000000002e-05
556.402	0.0	0.0	2.3273250000000003e-05
556.532	0.0	0.0	7.492225000000001e-06
556.722	0.0	0.0	-1.6271125000000003e-05
556.692	0.0	0.0	-1.3034937500000002e-05
556.732	0.0	0.0	-1.7593875000000003e-05
556.862	0.0	0.0	-3.0701125e-05
557.052	0.0	0.0	-5.0719499999999994e-05
557.022	0.0	0.0	-4.808375000000001e-05
557.072	0.0	0.0	-5.1237875e-05
557.192	0.0	0.0	-5.536537500000001e-05
557.392	0.0	0.0	-6.1611875e-05
557.372	0.0	0.0	-6.086762500000001e-05
557.412	0.0	0.0	-6.050200000000001e-05
557.542	0.0	0.0	-5.2976625000000005e-05
557.732	0.0	0.0	-4.1640625000000004e-05
557.702	0.0	0.0	-4.3194125e-05
557.742	0.0	0.0	-4.0155375000000003e-05
557.872	0.0	0.0	-2.5093250000000002e-05
558.062	0.0	0.0	-2.0774000000000002e-06
558.032	0.0	0.0	-5.1286625000000005e-06
558.082	0.0	0.0	-1.49430125e-07
558.202	0.0	0.0	1.5518912500000002e-05
558.402	0.0	0.0	3.9247000000000006e-05
558.382	0.0	0.0	3.6400000000000004e-05
558.422	0.0	0.0	4.041212500000001e-05
558.552	0.0	0.0	4.8436375e-05
558.742	0.0	0.0	6.0531250000000004e-05
558.712	0.0	0.0	5.8862375000000006e-05
558.752	0.0	0.0	6.022575000000001e-05
558.882	0.0	0.0	5.7042375e-05
559.072	0.0	0.0	5.2173875000000004e-05
559.042	0.0	0.0	5.2823875e-05
559.092	0.0	0.0	5.063825000000001e-05
559.212	0.0	0.0	3.7916125e-05
559.412	0.0	0.0	1.8643625000000004e-05
559.392	0.0	0.0	2.0973875000000004e-05
559.432	0.0	0.0	1.6401125e-05
559.562	0.0	0.0	7.10645e-07
559.752	0.0	0.0	-2.2946625000000003e-05
559.722	0.0	0.0	-1.9659250000000003e-05
559.762	0.0	0.0	-2.3963875e-05
559.892	0.0	0.0	-3.4801e-05
560.082	0.0	0.0	-5.1374375000000006e-05
560.052	0.0	0.0	-4.914650000000001e-05
560.102	0.0	0.0	-5.153200000000001e-05
560.222	0.0	0.0	-5.2866125e-05
560.422	0.0	0.0	-5.4890875000000005e-05
560.402	0.0	0.0	-5.4643875000000005e-05
560.442	0.0	0.0	-5.365262500000001e-05
560.572	0.0	0.0	-4.484675e-05
560.762	0.0	0.0	-3.1565625e-05
560.732	0.0	0.0	-3.3423e-05
560.772	0.0	0.0	-3.0278625000000004e-05
560.902	0.0	0.0	-1.6220750000000002e-05
561.092	0.0	0.0	5.286775000000001e-06
561.062	0.0	0.0	2.3759125000000004e-06
561.112	0.0	0.0	6.801925000000001e-06
561.232	0.0	0.0	1.9844500000000003e-05
561.432	0.0	0.0	3.962075e-05
561.412	0.0	0.0	3.7194625000000006e-05
561.452	0.0	0.0	4.0373125e-05
561.582	0.0	0.0	4.580550000000001e-05
561.772	0.0	0.0	5.400362500000001e-05
561.742	0.0	0.0	5.284987500000001e-05
561.782	0.0	0.0	5.3612e-05
561.912	0.0	0.0	4.921150000000001e-05
562.102	0.0	0.0	4.247750000000001e-05
562.072	0.0	0.0	4.3395625000000003e-05
562.112	0.0	0.0	4.107512500000001e-05
562.242	0.0	0.0	2.876575e-05
562.442	0.0	0.0	1.0091412500000002e-05
562.422	0.0	0.0	1.2400375e-05
562.462	0.0	0.0	8.1592875e-06
562.592	0.0	0.0	-6.047762500000001e-06
562.782	0.0	0.0	-2.7496625000000005e-05
562.752	0.0	0.0	-2.4457875e-05
562.792	0.0	0.0	-2.8292875e-05
562.922	0.0	0.0	-3.746925e-05
563.112	0.0	0.0	-5.1519e-05
563.082	0.0	0.0	-4.9591750000000005e-05
563.122	0.0	0.0	-5.150762500000001e-05
563.252	0.0	0.0	-5.14085e-05
563.452	0.0	0.0	-5.1259000000000005e-05
563.432	0.0	0.0	-5.1276874999999995e-05
563.472	0.0	0.0	-4.994925e-05
563.602	0.0	0.0	-4.0148875e-05
563.792	0.0	0.0	-2.5346750000000003e-05
563.762	0.0	0.0	-2.7457625e-05
563.802	0.0	0.0	-2.4119875000000004e-05
563.932	0.0	0.0	-9.620162500000002e-06
564.122	0.0	0.0	1.2591962500000001e-05
564.092	0.0	0.0	9.524775000000002e-06
564.132	0.0	0.0	1.3976625e-05
564.262	0.0	0.0	2.6640250000000003e-05
564.462	0.0	0.0	4.5865625000000005e-05
564.442	0.0	0.0	4.3459000000000005e-05
564.482	0.0	0.0	4.6397e-05
564.612	0.0	0.0	5.04205e-05
564.802	0.0	0.0	5.649800000000001e-05
564.772	0.0	0.0	5.5617250000000004e-05
564.812	0.0	0.0	5.5992625e-05
564.942	0.0	0.0	4.9593375000000004e-05
565.132	0.0	0.0	3.978e-05
565.102	0.0	0.0	4.1097875e-05
565.152	0.0	0.0	3.8138750000000005e-05
565.272	0.0	0.0	2.426125e-05
565.472	0.0	0.0	3.2836375000000007e-06
565.442	0.0	0.0	6.2590125000000014e-06
565.482	0.0	0.0	2.1142875e-06
565.612	0.0	0.0	-1.1815050000000003e-05
565.802	0.0	0.0	-3.3161375e-05
565.772	0.0	0.0	-3.0171375e-05
565.812	0.0	0.0	-3.396087500000001e-05
565.942	0.0	0.0	-4.156912500000001e-05
566.142	0.0	0.0	-5.3127750000000006e-05
566.122	0.0	0.0	-5.1660375e-05
566.162	0.0	0.0	-5.278325000000001e-05
566.292	0.0	0.0	-5.009062499999999e-05
566.482	0.0	0.0	-4.6018375000000005e-05
566.452	0.0	0.0	-4.660825000000001e-05
566.492	0.0	0.0	-4.5176625000000006e-05
566.622	0.0	0.0	-3.444512500000001e-05
566.812	0.0	0.0	-1.7990375e-05
566.782	0.0	0.0	-2.030275e-05
566.822	0.0	0.0	-1.6625375e-05
566.952	0.0	0.0	-3.4071375000000005e-06
567.152	0.0	0.0	1.6680625000000003e-05
567.122	0.0	0.0	1.41116625e-05
567.172	0.0	0.0	1.7758000000000002e-05
567.302	0.0	0.0	2.6359125000000005e-05
567.492	0.0	0.0	3.9370500000000005e-05
567.462	0.0	0.0	3.7472500000000004e-05
567.502	0.0	0.0	3.939650000000001e-05
567.632	0.0	0.0	3.9741000000000005e-05
567.822	0.0	0.0	4.0270750000000004e-05
567.792	0.0	0.0	4.0196000000000006e-05
567.832	0.0	0.0	3.9580125e-05
567.962	0.0	0.0	3.2742125e-05
568.162	0.0	0.0	2.2345375000000003e-05
568.132	0.0	0.0	2.3684375e-05
568.182	0.0	0.0	2.1194875000000004e-05
568.302	0.0	0.0	1.1841212499999999e-05
568.502	0.0	0.0	-2.3141625e-06
568.472	0.0	0.0	-2.3668125000000006e-07
568.512	0.0	0.0	-2.7919125000000004e-06
568.642	0.0	0.0	-9.264125000000002e-06
568.832	0.0	0.0	-1.919775e-05
568.802	0.0	0.0	-1.7784000000000005e-05
568.842	0.0	0.0	-1.9316375000000002e-05
568.972	0.0	0.0	-2.0515625000000002e-05
569.172	0.0	0.0	-2.23405e-05
569.142	0.0	0.0	-2.2103250000000006e-05
569.192	0.0	0.0	-2.1947250000000002e-05
569.312	0.0	0.0	-1.8681000000000003e-05
569.512	0.0	0.0	-1.3737262500000002e-05
569.482	0.0	0.0	-1.4467375000000001e-05
569.522	0.0	0.0	-1.3436312500000001e-05
569.652	0.0	0.0	-9.227237500000001e-06
569.842	0.0	0.0	-2.7646125e-06
569.812	0.0	0.0	-3.6902125000000003e-06
569.852	0.0	0.0	-2.5319125000000007e-06
569.982	0.0	0.0	-1.19825875e-07
570.182	0.0	0.0	3.5506249999999996e-06
570.152	0.0	0.0	3.0712500000000005e-06
570.202	0.0	0.0	3.6694125e-06
570.322	0.0	0.0	4.673175000000001e-06
570.522	0.0	0.0	6.193525000000001e-06
570.492	0.0	0.0	5.967650000000001e-06
570.532	0.0	0.0	6.279000000000001e-06
570.662	0.0	0.0	7.5136750000000005e-06
570.852	0.0	0.0	9.410050000000001e-06
570.822	0.0	0.0	9.136725e-06
570.862	0.0	0.0	9.33465e-06
570.992	0.0	0.0	8.5340125e-06
571.192	0.0	0.0	7.315262500000001e-06
571.162	0.0	0.0	7.475487500000001e-06
571.212	0.0	0.0	6.818337500000001e-06
571.332	0.0	0.0	2.5390625000000003e-06
571.532	0.0	0.0	-3.945012500000001e-06
571.502	0.0	0.0	-2.9760250000000004e-06
571.542	0.0	0.0	-4.3379375000000005e-06
571.672	0.0	0.0	-1.0211825000000001e-05
571.862	0.0	0.0	-1.9238375000000004e-05
571.832	0.0	0.0	-1.7928625e-05
571.872	0.0	0.0	-1.958125e-05
572.002	0.0	0.0	-2.3305750000000003e-05
572.202	0.0	0.0	-2.8977000000000004e-05
572.172	0.0	0.0	-2.822625e-05
572.212	0.0	0.0	-2.8749500000000003e-05
572.342	0.0	0.0	-2.6749125e-05
572.542	0.0	0.0	-2.3716875e-05
572.512	0.0	0.0	-2.4171875000000003e-05
572.552	0.0	0.0	-2.322125e-05
572.682	0.0	0.0	-1.5564412500000004e-05
572.872	0.0	0.0	-3.7927500000000002e-06
572.842	0.0	0.0	-5.510537500000001e-06
572.882	0.0	0.0	-2.8881125000000004e-06
573.012	0.0	0.0	7.1953375000000005e-06
573.212	0.0	0.0	2.255825e-05
573.182	0.0	0.0	2.051075e-05
573.222	0.0	0.0	2.3297625000000004e-05
573.352	0.0	0.0	2.9939000000000003e-05
573.552	0.0	0.0	4.0009125000000005e-05
573.522	0.0	0.0	3.8486500000000005e-05
573.562	0.0	0.0	3.9962e-05
573.682	0.0	0.0	3.9199875e-05
573.882	0.0	0.0	3.8028250000000006e-05
573.852	0.0	0.0	3.82005e-05
573.892	0.0	0.0	3.7301875e-05
574.022	0.0	0.0	2.8994875000000004e-05
574.222	0.0	0.0	1.6336125e-05
574.192	0.0	0.0	1.8035875000000003e-05
574.232	0.0	0.0	1.5077075000000003e-05
574.362	0.0	0.0	3.5477000000000004e-06
574.562	0.0	0.0	-1.3942825000000001e-05
574.532	0.0	0.0	-1.1282537500000002e-05
574.572	0.0	0.0	-1.4453400000000001e-05
574.692	0.0	0.0	-2.2959624999999998e-05
574.892	0.0	0.0	-3.6047375e-05
574.862	0.0	0.0	-3.411362500000001e-05
574.902	0.0	0.0	-3.6172500000000006e-05
575.032	0.0	0.0	-3.7631750000000004e-05
575.232	0.0	0.0	-3.9858000000000004e-05
575.202	0.0	0.0	-3.955737500000001e-05
575.242	0.0	0.0	-3.9206375e-05
575.372	0.0	0.0	-3.3111e-05
575.572	0.0	0.0	-2.3859875000000003e-05
575.542	0.0	0.0	-2.5275250000000005e-05
575.582	0.0	0.0	-2.3309e-05
575.702	0.0	0.0	-1.3778537500000003e-05
575.902	0.0	0.0	8.9087375e-07
575.872	0.0	0.0	-1.28896625e-06
575.912	0.0	0.0	1.553175e-06
576.042	0.0	0.0	9.535825000000001e-06
576.242	0.0	0.0	2.1713250000000004e-05
576.212	0.0	0.0	2.0057375e-05
576.252	0.0	0.0	2.19635e-05
576.382	0.0	0.0	2.4366875000000004e-05
576.582	0.0	0.0	2.8015000000000002e-05
576.552	0.0	0.0	2.7454375000000004e-05
576.592	0.0	0.0	2.7841125000000002e-05
576.712	0.0	0.0	2.4696750000000004e-05
576.912	0.0	0.0	1.985425e-05
576.882	0.0	0.0	2.0577375000000002e-05
576.922	0.0	0.0	1.939275e-05
577.052	0.0	0.0	1.3682500000000002e-05
577.252	0.0	0.0	4.9676250000000006e-06
577.222	0.0	0.0	6.160375e-06
577.262	0.0	0.0	4.5189625e-06
577.392	0.0	0.0	1.3910325000000003e-07
577.592	0.0	0.0	-6.513650000000001e-06
577.562	0.0	0.0	-5.4842125e-06
577.602	0.0	0.0	-6.5674375e-06
577.722	0.0	0.0	-7.578350000000001e-06
577.922	0.0	0.0	-9.135587500000002e-06
577.892	0.0	0.0	-8.901425000000001e-06
577.932	0.0	0.0	-9.0299625e-06
578.062	0.0	0.0	-7.6854375e-06
578.262	0.0	0.0	-5.6329e-06
578.232	0.0	0.0	-5.91565e-06
578.272	0.0	0.0	-5.515412500000001e-06
578.402	0.0	0.0	-4.3424875e-06
578.602	0.0	0.0	-2.560025e-06
578.572	0.0	0.0	-2.8374125e-06
578.612	0.0	0.0	-2.4847875000000003e-06
578.732	0.0	0.0	-1.00598875e-06
578.932	0.0	0.0	1.2728137500000002e-06
578.902	0.0	0.0	9.281187500000001e-07
578.942	0.0	0.0	1.5225275000000003e-06
579.072	0.0	0.0	4.797487500000001e-06
579.272	0.0	0.0	9.7992375e-06
579.242	0.0	0.0	9.10715e-06
579.282	0.0	0.0	1.0087025000000002e-05
579.412	0.0	0.0	1.3009912500000001e-05
579.612	0.0	0.0	1.7452500000000003e-05
579.582	0.0	0.0	1.67505e-05
579.622	0.0	0.0	1.743625e-05
579.742	0.0	0.0	1.7090125000000003e-05
579.942	0.0	0.0	1.6553875000000003e-05
579.912	0.0	0.0	1.6633500000000003e-05
579.952	0.0	0.0	1.6125687500000003e-05
580.082	0.0	0.0	1.10842875e-05
580.282	0.0	0.0	3.4168875000000002e-06
580.252	0.0	0.0	4.60395e-06
580.292	0.0	0.0	3.0311125e-06
580.412	0.0	0.0	-4.646850000000001e-06
580.612	0.0	0.0	-1.6484000000000003e-05
580.582	0.0	0.0	-1.4670825000000002e-05
580.622	0.0	0.0	-1.6943875e-05
580.752	0.0	0.0	-2.3326875e-05
580.952	0.0	0.0	-3.3085e-05
580.922	0.0	0.0	-3.1718375e-05
580.962	0.0	0.0	-3.3132125e-05
581.092	0.0	0.0	-3.3631000000000004e-05
581.292	0.0	0.0	-3.4389875e-05
581.262	0.0	0.0	-3.4269625e-05
581.302	0.0	0.0	-3.4094125000000005e-05
581.422	0.0	0.0	-2.7501499999999997e-05
581.622	0.0	0.0	-1.7329000000000003e-05
581.592	0.0	0.0	-1.889225e-05
581.632	0.0	0.0	-1.6527875000000003e-05
581.762	0.0	0.0	-5.1213500000000005e-06
581.962	0.0	0.0	1.2316687500000001e-05
581.932	0.0	0.0	9.858387500000001e-06
581.972	0.0	0.0	1.3254800000000002e-05
582.102	0.0	0.0	2.3465000000000003e-05
582.302	0.0	0.0	3.9001625000000005e-05
582.272	0.0	0.0	3.6534875e-05
582.312	0.0	0.0	3.9146250000000005e-05
582.432	0.0	0.0	4.251975e-05
582.632	0.0	0.0	4.772625000000001e-05
582.602	0.0	0.0	4.6921875e-05
582.642	0.0	0.0	4.7333e-05
582.772	0.0	0.0	4.154312500000001e-05
582.972	0.0	0.0	3.2686875000000005e-05
582.942	0.0	0.0	3.3943000000000003e-05
582.982	0.0	0.0	3.1565625e-05
583.112	0.0	0.0	1.9048250000000002e-05
583.312	0.0	0.0	-7.715012500000002e-09
583.282	0.0	0.0	3.035175e-06
583.322	0.0	0.0	-5.2004875e-07
583.442	0.0	0.0	-1.323335e-05
583.642	0.0	0.0	-3.2862375000000004e-05
583.612	0.0	0.0	-2.9812250000000006e-05
583.652	0.0	0.0	-3.3309250000000006e-05
583.782	0.0	0.0	-4.010825000000001e-05
583.982	0.0	0.0	-5.0511500000000006e-05
583.952	0.0	0.0	-4.9026250000000005e-05
583.992	0.0	0.0	-5.0249875e-05
584.122	0.0	0.0	-4.7256625000000006e-05
584.322	0.0	0.0	-4.2696875e-05
584.292	0.0	0.0	-4.342812500000001e-05
584.322	0.0	0.0	-4.228737500000001e-05
584.452	0.0	0.0	-3.153475e-05
584.652	0.0	0.0	-1.492465e-05
584.622	0.0	0.0	-1.7519125e-05
584.662	0.0	0.0	-1.40829e-05
584.792	0.0	0.0	-8.54945e-07
584.992	0.0	0.0	1.939275e-05
584.962	0.0	0.0	1.6485625000000002e-05
585.002	0.0	0.0	2.0128875e-05
585.132	0.0	0.0	2.8770625e-05
585.332	0.0	0.0	4.1936375000000006e-05
585.302	0.0	0.0	3.9810875e-05
585.332	0.0	0.0	4.1944500000000005e-05
585.462	0.0	0.0	4.2157375e-05
585.662	0.0	0.0	4.248887500000001e-05
585.632	0.0	0.0	4.2436875000000005e-05
585.672	0.0	0.0	4.202575e-05
585.802	0.0	0.0	3.4505250000000006e-05
586.002	0.0	0.0	2.2988875000000004e-05
585.972	0.0	0.0	2.4652875e-05
586.012	0.0	0.0	2.2100000000000002e-05
586.142	0.0	0.0	1.13741875e-05
586.342	0.0	0.0	-4.9742875e-06
586.312	0.0	0.0	-2.3214750000000005e-06
586.342	0.0	0.0	-5.248100000000001e-06
586.472	0.0	0.0	-1.34147e-05
586.672	0.0	0.0	-2.6039000000000003e-05
586.642	0.0	0.0	-2.4045125e-05
586.682	0.0	0.0	-2.6180375000000003e-05
586.812	0.0	0.0	-2.8565875e-05
587.012	0.0	0.0	-3.22205e-05
586.982	0.0	0.0	-3.1689125e-05
587.022	0.0	0.0	-3.1918250000000006e-05
587.152	0.0	0.0	-2.8159625000000006e-05
587.352	0.0	0.0	-2.2429875000000002e-05
587.322	0.0	0.0	-2.3364250000000003e-05
587.352	0.0	0.0	-2.2213750000000004e-05
587.482	0.0	0.0	-1.5314812500000002e-05
587.682	0.0	0.0	-4.6462000000000005e-06
587.652	0.0	0.0	-6.341075000000001e-06
587.692	0.0	0.0	-4.265625e-06
587.822	0.0	0.0	2.4155625e-06
588.022	0.0	0.0	1.2654687500000002e-05
587.992	0.0	0.0	1.1157575000000001e-05
588.032	0.0	0.0	1.2935812500000002e-05
588.162	0.0	0.0	1.651975e-05
588.362	0.0	0.0	2.1987875e-05
588.332	0.0	0.0	2.1090875000000003e-05
588.362	0.0	0.0	2.1974875000000004e-05
588.492	0.0	0.0	2.1528e-05
588.692	0.0	0.0	2.0839e-05
588.662	0.0	0.0	2.0949500000000003e-05
588.702	0.0	0.0	2.06115e-05
588.832	0.0	0.0	1.648075e-05
589.032	0.0	0.0	1.01460125e-05
589.002	0.0	0.0	1.1077625000000002e-05
589.042	0.0	0.0	9.669887500000001e-06
589.172	0.0	0.0	3.4206250000000004e-06
589.372	0.0	0.0	-6.1168250000000005e-06
589.342	0.0	0.0	-4.544637500000001e-06
589.372	0.0	0.0	-6.2681125e-06
589.502	0.0	0.0	-1.1918725e-05
589.702	0.0	0.0	-2.06635e-05
589.672	0.0	0.0	-1.92595e-05
589.712	0.0	0.0	-2.0787000000000003e-05
589.842	0.0	0.0	-2.3135125000000003e-05
590.042	0.0	0.0	-2.6736124999999998e-05
590.012	0.0	0.0	-2.6203125000000005e-05
590.052	0.0	0.0	-2.6524875e-05
590.182	0.0	0.0	-2.3677875000000004e-05
590.382	0.0	0.0	-1.9329375e-05
590.352	0.0	0.0	-2.004925e-05
590.382	0.0	0.0	-1.915875e-05
590.512	0.0	0.0	-1.2182462500000001e-05
590.712	0.0	0.0	-1.3818512499999998e-06
590.682	0.0	0.0	-3.1256875000000004e-06
590.722	0.0	0.0	-9.7396e-07
590.852	0.0	0.0	7.125625000000001e-06
591.052	0.0	0.0	1.9553625000000004e-05
591.022	0.0	0.0	1.7704375e-05
591.062	0.0	0.0	1.9893250000000005e-05
591.192	0.0	0.0	2.46415e-05
591.392	0.0	0.0	3.189225e-05
591.362	0.0	0.0	3.068487500000001e-05
591.392	0.0	0.0	3.1864625e-05
591.522	0.0	0.0	3.0665375000000005e-05
591.722	0.0	0.0	2.8806375e-05
591.692	0.0	0.0	2.9108625e-05
591.732	0.0	0.0	2.8473250000000004e-05
591.862	0.0	0.0	2.1567000000000005e-05
592.062	0.0	0.0	1.09655e-05
592.032	0.0	0.0	1.2552312500000001e-05
592.072	0.0	0.0	1.03246e-05
592.202	0.0	0.0	1.101165e-06
592.402	0.0	0.0	-1.2992362499999999e-05
592.372	0.0	0.0	-1.0633025e-05
592.402	0.0	0.0	-1.3130162500000001e-05
592.532	0.0	0.0	-1.9998875e-05
592.732	0.0	0.0	-3.0642625000000005e-05
592.702	0.0	0.0	-2.89055e-05
592.742	0.0	0.0	-3.0702750000000003e-05
592.872	0.0	0.0	-3.2006000000000005e-05
593.072	0.0	0.0	-3.4008000000000004e-05
593.042	0.0	0.0	-3.3707375e-05
593.082	0.0	0.0	-3.3657e-05
593.212	0.0	0.0	-2.8435874999999998e-05
593.412	0.0	0.0	-2.0453875000000002e-05
593.382	0.0	0.0	-2.1796125e-05
593.412	0.0	0.0	-2.0291375000000005e-05
593.542	0.0	0.0	-1.11502625e-05
593.742	0.0	0.0	3.0186e-06
593.712	0.0	0.0	6.944275000000001e-07
593.752	0.0	0.0	3.4190000000000002e-06
593.882	0.0	0.0	1.2567100000000002e-05
594.082	0.0	0.0	2.6620750000000004e-05
594.052	0.0	0.0	2.4495250000000002e-05
594.092	0.0	0.0	2.6908375000000003e-05
594.222	0.0	0.0	3.1312125e-05
594.422	0.0	0.0	3.8046125e-05
594.392	0.0	0.0	3.6898875000000005e-05
594.422	0.0	0.0	3.8013625e-05
594.552	0.0	0.0	3.5399000000000004e-05
594.752	0.0	0.0	3.1343e-05
594.722	0.0	0.0	3.1993000000000004e-05
594.762	0.0	0.0	3.0870125e-05
594.892	0.0	0.0	2.18855e-05
595.092	0.0	0.0	8.1378375e-06
595.062	0.0	0.0	1.0438837500000002e-05
595.092	0.0	0.0	7.948200000000001e-06
595.222	0.0	0.0	-3.0889625000000003e-06
595.422	0.0	0.0	-2.020525e-05
595.392	0.0	0.0	-1.736475e-05
595.432	0.0	0.0	-2.0525375000000003e-05
595.562	0.0	0.0	-2.8630875000000002e-05
595.762	0.0	0.0	-4.1089750000000004e-05
595.732	0.0	0.0	-3.9186875e-05
595.772	0.0	0.0	-4.111575000000001e-05
595.902	0.0	0.0	-4.1536625000000007e-05
596.102	0.0	0.0	-4.2180125e-05
596.072	0.0	0.0	-4.207125e-05
596.102	0.0	0.0	-4.2089125000000005e-05
596.232	0.0	0.0	-3.4409375e-05
596.432	0.0	0.0	-2.2491625e-05
596.402	0.0	0.0	-2.4474125000000002e-05
596.442	0.0	0.0	-2.2012250000000003e-05
596.572	0.0	0.0	-9.385675e-06
596.772	0.0	0.0	1.003145e-05
596.742	0.0	0.0	7.0477875000000005e-06
596.782	0.0	0.0	1.06851875e-05
596.912	0.0	0.0	2.1739250000000004e-05
597.112	0.0	0.0	3.8662000000000004e-05
597.082	0.0	0.0	3.5761375000000005e-05
597.112	0.0	0.0	3.8697750000000004e-05
597.242	0.0	0.0	4.255550000000001e-05
597.442	0.0	0.0	4.8542000000000004e-05
597.412	0.0	0.0	4.754100000000001e-05
597.442	0.0	0.0	4.835025e-05
597.582	0.0	0.0	4.3002375000000005e-05
597.782	0.0	0.0	3.4775000000000005e-05
597.752	0.0	0.0	3.604575e-05
597.792	0.0	0.0	3.4087625000000004e-05
597.922	0.0	0.0	2.1997625000000003e-05
598.122	0.0	0.0	3.4812375000000003e-06
598.092	0.0	0.0	6.6698125e-06
598.122	0.0	0.0	3.3876375e-06
598.252	0.0	0.0	-9.2369875e-06
598.452	0.0	0.0	-2.8842125000000005e-05
598.422	0.0	0.0	-2.5548250000000004e-05
598.452	0.0	0.0	-2.9092375e-05
598.592	0.0	0.0	-3.65365e-05
598.792	0.0	0.0	-4.7994375e-05
598.762	0.0	0.0	-4.621500000000001e-05
598.802	0.0	0.0	-4.7900125e-05
598.932	0.0	0.0	-4.615975e-05
599.132	0.0	0.0	-4.3496375000000004e-05
599.102	0.0	0.0	-4.395625000000001e-05
599.132	0.0	0.0	-4.3444375000000005e-05
599.262	0.0	0.0	-3.361962500000001e-05
599.462	0.0	0.0	-1.8356000000000002e-05
599.432	0.0	0.0	-2.093325e-05
599.462	0.0	0.0	-1.7923750000000003e-05
599.602	0.0	0.0	-4.1500875e-06
599.802	0.0	0.0	1.7056e-05
599.772	0.0	0.0	1.3742625000000001e-05
599.812	0.0	0.0	1.7629625e-05
599.942	0.0	0.0	2.8557750000000003e-05
600.142	0.0	0.0	4.5309875e-05
600.102	0.0	0.0	4.239625e-05
600.142	0.0	0.0	4.5318e-05
600.272	0.0	0.0	4.8100000000000004e-05
600.472	0.0	0.0	5.242737500000001e-05
600.442	0.0	0.0	5.1692875000000006e-05
600.472	0.0	0.0	5.2216125e-05
600.612	0.0	0.0	4.5010875000000005e-05
600.812	0.0	0.0	3.3912125000000005e-05
600.782	0.0	0.0	3.565575e-05
600.822	0.0	0.0	3.318575e-05
600.952	0.0	0.0	1.8759e-05
601.152	0.0	0.0	-3.3626125000000002e-06
601.112	0.0	0.0	5.024987500000001e-07
601.152	0.0	0.0	-3.3738250000000003e-06
601.282	0.0	0.0	-1.807e-05
601.482	0.0	0.0	-4.0919125e-05
601.452	0.0	0.0	-3.7022375000000005e-05
601.482	0.0	0.0	-4.1136875e-05
601.622	0.0	0.0	-4.9167625e-05
601.822	0.0	0.0	-6.154200000000001e-05
601.792	0.0	0.0	-5.958875000000001e-05
601.832	0.0	0.0	-6.136162500000001e-05
601.962	0.0	0.0	-5.759975000000001e-05
602.162	0.0	0.0	-5.182937500000001e-05
602.122	0.0	0.0	-5.284175e-05
602.162	0.0	0.0	-5.183425000000001e-05
602.292	0.0	0.0	-3.7851125e-05
602.492	0.0	0.0	-1.60801875e-05
602.462	0.0	0.0	-1.9812000000000003e-05
602.492	0.0	0.0	-1.56277875e-05
602.632	0.0	0.0	2.581475e-06
602.832	0.0	0.0	3.0649125e-05
602.802	0.0	0.0	2.6193374999999997e-05
602.842	0.0	0.0	3.1234125e-05
602.972	0.0	0.0	4.397575e-05
603.172	0.0	0.0	6.352937500000001e-05
603.132	0.0	0.0	6.0079500000000006e-05
603.172	0.0	0.0	6.348225000000002e-05
603.302	0.0	0.0	6.425575e-05
603.502	0.0	0.0	6.539000000000001e-05
603.472	0.0	0.0	6.5195e-05
603.502	0.0	0.0	6.512025e-05
603.642	0.0	0.0	5.32155e-05
603.842	0.0	0.0	3.4857875e-05
603.812	0.0	0.0	3.778775000000001e-05
603.852	0.0	0.0	3.4051875e-05
603.982	0.0	0.0	1.55896e-05
604.182	0.0	0.0	-1.2752025000000001e-05
604.142	0.0	0.0	-7.72915e-06
604.182	0.0	0.0	-1.2645749999999998e-05
604.312	0.0	0.0	-2.7943499999999998e-05
604.512	0.0	0.0	-5.173025e-05
604.482	0.0	0.0	-4.7614125000000004e-05
604.512	0.0	0.0	-5.183425000000001e-05
604.652	0.0	0.0	-5.6892875000000004e-05
604.852	0.0	0.0	-6.469775e-05
604.822	0.0	0.0	-6.3444875e-05
604.862	0.0	0.0	-6.438412500000001e-05
604.992	0.0	0.0	-5.682787500000001e-05
605.192	0.0	0.0	-4.522375e-05
605.152	0.0	0.0	-4.728912500000001e-05
605.192	0.0	0.0	-4.528387500000001e-05
605.322	0.0	0.0	-3.0304625000000006e-05
605.522	0.0	0.0	-6.8839875000000005e-06
605.482	0.0	0.0	-1.09575375e-05
605.522	0.0	0.0	-6.61115e-06
605.662	0.0	0.0	8.270925e-06
605.862	0.0	0.0	3.1237375000000005e-05
605.832	0.0	0.0	2.7532375e-05
605.872	0.0	0.0	3.1513625000000004e-05
606.002	0.0	0.0	3.854012500000001e-05
606.202	0.0	0.0	4.9335e-05
606.162	0.0	0.0	4.740450000000001e-05
606.202	0.0	0.0	4.926350000000001e-05
606.332	0.0	0.0	4.63645e-05
606.532	0.0	0.0	4.1691000000000005e-05
606.492	0.0	0.0	4.250675e-05
606.532	0.0	0.0	4.15285e-05
606.662	0.0	0.0	3.1562375000000006e-05
606.872	0.0	0.0	1.6174925e-05
606.842	0.0	0.0	1.8669625000000003e-05
606.872	0.0	0.0	1.5777937500000003e-05
607.012	0.0	0.0	5.086737500000001e-06
607.212	0.0	0.0	-1.1345100000000001e-05
607.172	0.0	0.0	-8.39215e-06
607.212	0.0	0.0	-1.1214287500000001e-05
607.342	0.0	0.0	-1.7197375000000004e-05
607.542	0.0	0.0	-2.6430625000000002e-05
607.502	0.0	0.0	-2.4808875000000004e-05
607.542	0.0	0.0	-2.6425750000000004e-05
607.672	0.0	0.0	-2.6086125e-05
607.882	0.0	0.0	-2.556125e-05
607.852	0.0	0.0	-2.5647375000000003e-05
607.882	0.0	0.0	-2.5393875000000003e-05
608.022	0.0	0.0	-2.0601750000000003e-05
608.222	0.0	0.0	-1.32328625e-05
608.182	0.0	0.0	-1.4563087499999999e-05
608.222	0.0	0.0	-1.3301762500000001e-05
608.352	0.0	0.0	-8.0299375e-06
608.552	0.0	0.0	2.0219875000000002e-07
608.512	0.0	0.0	-1.2502425000000001e-06
608.552	0.0	0.0	2.3825750000000005e-07
608.682	0.0	0.0	3.280225e-06
608.892	0.0	0.0	7.9798875e-06
608.862	0.0	0.0	7.2112625e-06
608.892	0.0	0.0	7.986387500000001e-06
609.032	0.0	0.0	8.184475000000001e-06
609.232	0.0	0.0	8.489000000000001e-06
609.192	0.0	0.0	8.4332625e-06
609.232	0.0	0.0	8.485100000000001e-06
609.362	0.0	0.0	7.3506875000000014e-06
609.562	0.0	0.0	5.537837500000001e-06
609.522	0.0	0.0	5.8508125e-06
609.562	0.0	0.0	5.507775000000001e-06
609.702	0.0	0.0	4.039100000000001e-06
609.902	0.0	0.0	1.7793750000000002e-06
609.862	0.0	0.0	2.1853000000000005e-06
609.902	0.0	0.0	1.8013125e-06
610.032	0.0	0.0	-1.7398875e-07
610.232	0.0	0.0	-3.2678750000000005e-06
610.192	0.0	0.0	-2.7161875000000003e-06
610.232	0.0	0.0	-3.2839625e-06
610.362	0.0	0.0	-5.3662375000000005e-06
610.572	0.0	0.0	-8.585362500000002e-06
610.542	0.0	0.0	-8.053825e-06
610.572	0.0	0.0	-8.604050000000001e-06
610.712	0.0	0.0	-9.243487500000001e-06
610.912	0.0	0.0	-1.0227750000000002e-05
610.872	0.0	0.0	-1.0047862500000002e-05
610.912	0.0	0.0	-1.02149125e-05
611.042	0.0	0.0	-8.7046375e-06
611.242	0.0	0.0	-6.2778624999999996e-06
611.202	0.0	0.0	-6.711412500000001e-06
611.242	0.0	0.0	-6.258850000000001e-06
611.372	0.0	0.0	-3.1448625e-06
611.582	0.0	0.0	1.6711499999999999e-06
611.552	0.0	0.0	8.718125000000001e-07
611.582	0.0	0.0	1.7459e-06
611.722	0.0	0.0	4.5183125000000005e-06
611.922	0.0	0.0	8.786862500000001e-06
611.882	0.0	0.0	8.00345e-06
611.922	0.0	0.0	8.725112500000001e-06
612.052	0.0	0.0	9.613825000000001e-06
612.252	0.0	0.0	1.0934625e-05
612.212	0.0	0.0	1.0697700000000001e-05
612.252	0.0	0.0	1.09295875e-05
612.382	0.0	0.0	9.633487500000001e-06
612.592	0.0	0.0	7.6284000000000005e-06
612.562	0.0	0.0	7.962825000000001e-06
612.592	0.0	0.0	7.5673e-06
612.732	0.0	0.0	5.1055875e-06
612.932	0.0	0.0	1.3135037500000003e-06
612.892	0.0	0.0	2.0125625e-06
612.932	0.0	0.0	1.3735800000000002e-06
613.062	0.0	0.0	-1.0467275e-06
613.262	0.0	0.0	-4.8269e-06
613.222	0.0	0.0	-4.145212500000001e-06
613.262	0.0	0.0	-4.8303125e-06
613.392	0.0	0.0	-6.7634125e-06
613.602	0.0	0.0	-9.7553625e-06
613.572	0.0	0.0	-9.253725000000001e-06
613.602	0.0	0.0	-9.7699875e-06
613.742	0.0	0.0	-1.04170625e-05
613.942	0.0	0.0	-1.1414162500000002e-05
613.902	0.0	0.0	-1.1229400000000001e-05
613.942	0.0	0.0	-1.1396937500000002e-05
614.072	0.0	0.0	-9.667125e-06
614.272	0.0	0.0	-6.861725e-06
614.232	0.0	0.0	-7.369862500000001e-06
614.272	0.0	0.0	-6.8623750000000005e-06
614.402	0.0	0.0	-2.0793500000000003e-06
614.612	0.0	0.0	5.327725000000001e-06
614.582	0.0	0.0	4.0798875000000005e-06
614.612	0.0	0.0	5.4471625e-06
614.752	0.0	0.0	1.1287250000000001e-05
614.952	0.0	0.0	2.028975e-05
614.912	0.0	0.0	1.8616e-05
614.952	0.0	0.0	2.0122375000000004e-05
615.082	0.0	0.0	2.3505625e-05
615.282	0.0	0.0	2.86845e-05
615.242	0.0	0.0	2.7742000000000003e-05
615.282	0.0	0.0	2.8676374999999997e-05
615.412	0.0	0.0	2.625025e-05
615.622	0.0	0.0	2.2472125000000003e-05
615.582	0.0	0.0	2.3112375e-05
615.622	0.0	0.0	2.23145e-05
615.762	0.0	0.0	1.3725237500000001e-05
615.962	0.0	0.0	4.7861125e-07
615.922	0.0	0.0	2.953275e-06
615.962	0.0	0.0	7.433237500000001e-07
616.092	0.0	0.0	-1.0086700000000001e-05
616.292	0.0	0.0	-2.7142375000000005e-05
616.252	0.0	0.0	-2.4024e-05
616.292	0.0	0.0	-2.7090375e-05
616.422	0.0	0.0	-3.4708375000000006e-05
616.632	0.0	0.0	-4.6488000000000006e-05
616.592	0.0	0.0	-4.4484375e-05
616.632	0.0	0.0	-4.646850000000001e-05
616.772	0.0	0.0	-4.5264375000000005e-05
616.972	0.0	0.0	-4.3407000000000006e-05
616.932	0.0	0.0	-4.3754750000000007e-05
616.972	0.0	0.0	-4.3446000000000004e-05
617.102	0.0	0.0	-3.334175e-05
617.302	0.0	0.0	-1.7051125000000002e-05
617.262	0.0	0.0	-2.004275e-05
617.302	0.0	0.0	-1.7122625000000003e-05
617.432	0.0	0.0	-1.61750875e-06
617.642	0.0	0.0	2.2468875000000003e-05
617.602	0.0	0.0	1.8351125000000003e-05
617.642	0.0	0.0	2.2641125000000004e-05
617.772	0.0	0.0	3.4932625e-05
617.982	0.0	0.0	5.390125e-05
617.942	0.0	0.0	5.032625e-05
617.982	0.0	0.0	5.3470625000000004e-05
618.112	0.0	0.0	5.6101500000000005e-05
618.312	0.0	0.0	5.967325000000001e-05
618.272	0.0	0.0	5.9015125000000005e-05
618.312	0.0	0.0	5.9652125000000006e-05
618.442	0.0	0.0	5.0236875000000005e-05
618.652	0.0	0.0	3.547375e-05
618.612	0.0	0.0	3.8010375e-05
618.652	0.0	0.0	3.5275500000000005e-05
618.782	0.0	0.0	1.8516875000000004e-05
618.992	0.0	0.0	-7.357675e-06
618.952	0.0	0.0	-2.4612250000000003e-06
618.992	0.0	0.0	-6.734325e-06
619.122	0.0	0.0	-2.188875e-05
619.322	0.0	0.0	-4.552925e-05
619.282	0.0	0.0	-4.1149875e-05
619.322	0.0	0.0	-4.5358625000000005e-05
619.452	0.0	0.0	-5.1696125e-05
619.662	0.0	0.0	-6.136975000000001e-05
619.622	0.0	0.0	-5.969925e-05
619.662	0.0	0.0	-6.131125000000001e-05
619.792	0.0	0.0	-5.5367e-05
620.002	0.0	0.0	-4.6187375e-05
619.962	0.0	0.0	-4.7931000000000006e-05
619.992	0.0	0.0	-4.641975000000001e-05
620.132	0.0	0.0	-3.269825e-05
620.332	0.0	0.0	-1.0695425000000001e-05
620.292	0.0	0.0	-1.4788800000000001e-05
620.332	0.0	0.0	-1.088425e-05
620.462	0.0	0.0	4.105725e-06
620.672	0.0	0.0	2.7379625e-05
620.632	0.0	0.0	2.3344750000000004e-05
620.672	0.0	0.0	2.7441375e-05
620.802	0.0	0.0	3.5470500000000005e-05
621.012	0.0	0.0	4.787575e-05
620.972	0.0	0.0	4.5508125e-05
621.002	0.0	0.0	4.754262500000001e-05
621.142	0.0	0.0	4.605900000000001e-05
621.342	0.0	0.0	4.308525000000001e-05
621.302	0.0	0.0	4.3641000000000004e-05
621.342	0.0	0.0	4.31145e-05
621.472	0.0	0.0	3.377237500000001e-05
621.682	0.0	0.0	1.909375e-05
621.642	0.0	0.0	2.1649875000000003e-05
621.682	0.0	0.0	1.9033625000000002e-05
621.812	0.0	0.0	7.982e-06
622.022	0.0	0.0	-9.10065e-06
621.982	0.0	0.0	-5.826762500000001e-06
622.012	0.0	0.0	-8.619162500000001e-06
622.152	0.0	0.0	-1.560065e-05
622.352	0.0	0.0	-2.6260000000000003e-05
622.312	0.0	0.0	-2.4259625000000002e-05
622.352	0.0	0.0	-2.6139750000000003e-05
622.482	0.0	0.0	-2.66955e-05
622.692	0.0	0.0	-2.7384500000000005e-05
622.652	0.0	0.0	-2.7264250000000002e-05
622.692	0.0	0.0	-2.7366625e-05
622.822	0.0	0.0	-2.274025e-05
623.032	0.0	0.0	-1.55878125e-05
622.992	0.0	0.0	-1.6973125e-05
623.022	0.0	0.0	-1.5812875e-05
623.152	0.0	0.0	-1.0107337500000002e-05
623.362	0.0	0.0	-1.0597762500000002e-06
623.322	0.0	0.0	-2.723825e-06
623.362	0.0	0.0	-1.1120525000000002e-06
623.492	0.0	0.0	2.6533e-06
623.702	0.0	0.0	8.448375e-06
623.662	0.0	0.0	7.343537500000001e-06
623.692	0.0	0.0	8.283762500000001e-06
623.822	0.0	0.0	8.900125e-06
624.032	0.0	0.0	9.6416125e-06
623.992	0.0	0.0	9.5012125e-06
624.032	0.0	0.0	9.631212500000001e-06
624.162	0.0	0.0	8.103550000000001e-06
624.372	0.0	0.0	5.660850000000001e-06
624.332	0.0	0.0	6.091475e-06
624.372	0.0	0.0	5.6615e-06
624.502	0.0	0.0	3.933150000000001e-06
624.712	0.0	0.0	1.25874125e-06
624.672	0.0	0.0	1.7769375000000004e-06
624.702	0.0	0.0	1.3437775000000003e-06
624.832	0.0	0.0	5.358762500000001e-07
625.042	0.0	0.0	-6.5788125e-07
625.002	0.0	0.0	-4.312912500000001e-07
625.042	0.0	0.0	-6.399412500000001e-07
625.172	0.0	0.0	-8.963500000000001e-07
625.382	0.0	0.0	-1.27577125e-06
625.342	0.0	0.0	-1.20856125e-06
625.382	0.0	0.0	-1.2751700000000001e-06
625.512	0.0	0.0	-1.45770625e-06
625.722	0.0	0.0	-1.74005e-06
625.682	0.0	0.0	-1.6851250000000002e-06
625.712	0.0	0.0	-1.730625e-06
625.842	0.0	0.0	-1.5005575e-06
626.052	0.0	0.0	-1.10409e-06
626.012	0.0	0.0	-1.1796687500000003e-06
626.052	0.0	0.0	-1.1105900000000002e-06
626.182	0.0	0.0	-6.361874999999999e-07
626.392	0.0	0.0	1.10215625e-07
626.352	0.0	0.0	-2.2608625e-08
626.392	0.0	0.0	1.08008875e-07
626.522	0.0	0.0	5.885100000000001e-07
626.732	0.0	0.0	1.3325487500000002e-06
626.692	0.0	0.0	1.1871925000000002e-06
626.722	0.0	0.0	1.3068900000000003e-06
626.852	0.0	0.0	2.1614125e-06
627.062	0.0	0.0	3.5376250000000003e-06
627.022	0.0	0.0	3.2742125e-06
627.062	0.0	0.0	3.51325e-06
627.192	0.0	0.0	4.0725750000000006e-06
627.402	0.0	0.0	4.9281375e-06
627.362	0.0	0.0	4.7752250000000005e-06
627.402	0.0	0.0	4.924400000000001e-06
627.532	0.0	0.0	3.7765e-06
627.742	0.0	0.0	1.98055e-06
627.702	0.0	0.0	2.3328500000000005e-06
627.732	0.0	0.0	2.0449e-06
627.862	0.0	0.0	-1.0494412500000002e-06
628.072	0.0	0.0	-6.093100000000001e-06
628.032	0.0	0.0	-5.1236250000000004e-06
628.072	0.0	0.0	-5.996575e-06
628.202	0.0	0.0	-9.9058375e-06
628.412	0.0	0.0	-1.6019087500000003e-05
628.372	0.0	0.0	-1.4921400000000003e-05
628.412	0.0	0.0	-1.5984475e-05
628.542	0.0	0.0	-1.7639375000000004e-05
628.752	0.0	0.0	-2.0174375000000003e-05
628.712	0.0	0.0	-1.9675499999999998e-05
628.742	0.0	0.0	-2.0080125000000003e-05
628.872	0.0	0.0	-1.7444375000000004e-05
629.082	0.0	0.0	-1.2888362500000003e-05
629.042	0.0	0.0	-1.3767812500000001e-05
629.082	0.0	0.0	-1.2981800000000002e-05
629.212	0.0	0.0	-5.614212500000001e-06
629.422	0.0	0.0	6.0788e-06
629.382	0.0	0.0	3.969875000000001e-06
629.422	0.0	0.0	5.996412500000001e-06
629.552	0.0	0.0	1.452295e-05
629.762	0.0	0.0	2.7759875000000003e-05
629.722	0.0	0.0	2.5142e-05
629.752	0.0	0.0	2.7249625000000003e-05
629.882	0.0	0.0	3.1965375e-05
630.092	0.0	0.0	3.900325e-05
630.052	0.0	0.0	3.7638250000000005e-05
630.092	0.0	0.0	3.8848875e-05
630.222	0.0	0.0	3.588e-05
630.432	0.0	0.0	3.0849e-05
630.392	0.0	0.0	3.1760625000000004e-05
630.432	0.0	0.0	3.0891250000000003e-05
630.562	0.0	0.0	2.0354750000000004e-05
630.772	0.0	0.0	3.8639250000000004e-06
630.732	0.0	0.0	7.1381375e-06
630.762	0.0	0.0	4.521237500000001e-06
630.892	0.0	0.0	-8.147750000000002e-06
631.102	0.0	0.0	-2.8301000000000002e-05
631.062	0.0	0.0	-2.4379875000000002e-05
631.102	0.0	0.0	-2.7833e-05
631.232	0.0	0.0	-3.65365e-05
631.442	0.0	0.0	-4.984037500000001e-05
631.402	0.0	0.0	-4.742075000000001e-05
631.442	0.0	0.0	-4.9712e-05
631.572	0.0	0.0	-4.863300000000001e-05
631.782	0.0	0.0	-4.6730125000000003e-05
631.742	0.0	0.0	-4.7110375e-05
631.772	0.0	0.0	-4.680812500000001e-05
631.902	0.0	0.0	-3.6881e-05
632.112	0.0	0.0	-2.0310875000000004e-05
632.072	0.0	0.0	-2.3549500000000006e-05
632.102	0.0	0.0	-2.0718750000000002e-05
632.242	0.0	0.0	-5.932225000000001e-06
632.452	0.0	0.0	1.7358250000000003e-05
632.412	0.0	0.0	1.31022125e-05
632.452	0.0	0.0	1.7099875e-05
632.582	0.0	0.0	2.8348125000000006e-05
632.792	0.0	0.0	4.5704750000000007e-05
632.752	0.0	0.0	4.22305e-05
632.782	0.0	0.0	4.4965375e-05
632.912	0.0	0.0	4.740612500000001e-05
633.122	0.0	0.0	5.027912500000001e-05
633.082	0.0	0.0	4.971525e-05
633.112	0.0	0.0	5.0204375e-05
633.252	0.0	0.0	4.269525000000001e-05
633.462	0.0	0.0	3.0381000000000003e-05
633.422	0.0	0.0	3.264137500000001e-05
633.462	0.0	0.0	3.053375e-05
633.592	0.0	0.0	1.7810000000000004e-05
633.802	0.0	0.0	-2.0980375e-06
633.762	0.0	0.0	1.9014125000000002e-06
633.792	0.0	0.0	-1.2248925e-06
633.922	0.0	0.0	-1.1846087500000002e-05
634.132	0.0	0.0	-2.8331875000000004e-05
634.092	0.0	0.0	-2.5085125000000003e-05
634.122	0.0	0.0	-2.7883375e-05
634.262	0.0	0.0	-3.1711875e-05
634.472	0.0	0.0	-3.7214125e-05
634.432	0.0	0.0	-3.620012500000001e-05
634.472	0.0	0.0	-3.7137750000000005e-05
634.602	0.0	0.0	-3.3111e-05
634.812	0.0	0.0	-2.6598e-05
634.772	0.0	0.0	-2.7910999999999998e-05
634.802	0.0	0.0	-2.6892125000000005e-05
634.932	0.0	0.0	-1.9318e-05
635.142	0.0	0.0	-6.9730375e-06
635.102	0.0	0.0	-9.414925e-06
635.132	0.0	0.0	-7.3268e-06
635.272	0.0	0.0	-6.9645875e-07
635.482	0.0	0.0	9.5483375e-06
635.442	0.0	0.0	7.651637500000002e-06
635.482	0.0	0.0	9.3933125e-06
635.612	0.0	0.0	1.1433337500000002e-05
635.822	0.0	0.0	1.4433250000000001e-05
635.782	0.0	0.0	1.3825825e-05
635.812	0.0	0.0	1.4293825e-05
635.942	0.0	0.0	1.2481787500000002e-05
636.152	0.0	0.0	9.1635375e-06
636.112	0.0	0.0	9.822475000000001e-06
636.142	0.0	0.0	9.2629875e-06
636.282	0.0	0.0	6.406400000000001e-06
636.492	0.0	0.0	1.8945875000000002e-06
636.452	0.0	0.0	2.7334125000000004e-06
636.492	0.0	0.0	1.9688500000000002e-06
636.622	0.0	0.0	9.9318375e-07
636.832	0.0	0.0	-4.4499e-07
636.792	0.0	0.0	-1.52683375e-07
636.822	0.0	0.0	-3.7620375000000004e-07
636.952	0.0	0.0	-2.5936625000000006e-06
637.162	0.0	0.0	-6.256737500000001e-06
637.122	0.0	0.0	-5.5264624999999994e-06
637.152	0.0	0.0	-6.142012500000001e-06
637.292	0.0	0.0	-9.0267125e-06
637.502	0.0	0.0	-1.3570862500000002e-05
637.462	0.0	0.0	-1.2723425000000001e-05
637.502	0.0	0.0	-1.3491400000000001e-05
637.632	0.0	0.0	-1.3630012499999999e-05
637.842	0.0	0.0	-1.3724424999999999e-05
637.802	0.0	0.0	-1.3705087500000001e-05
637.832	0.0	0.0	-1.3719712500000001e-05
637.962	0.0	0.0	-9.7794125e-06
638.172	0.0	0.0	-3.008525e-06
638.132	0.0	0.0	-4.333225e-06
638.162	0.0	0.0	-3.1832125000000007e-06
638.302	0.0	0.0	3.944525e-06
638.512	0.0	0.0	1.5207725000000004e-05
638.472	0.0	0.0	1.2930287500000001e-05
638.502	0.0	0.0	1.4667737500000001e-05
638.632	0.0	0.0	2.0551375000000003e-05
638.842	0.0	0.0	2.966925e-05
638.802	0.0	0.0	2.7834625e-05
638.832	0.0	0.0	2.93605e-05
638.972	0.0	0.0	3.0051125000000003e-05
639.182	0.0	0.0	3.0678375000000006e-05
639.142	0.0	0.0	3.055975e-05
639.182	0.0	0.0	3.0665375000000005e-05
639.312	0.0	0.0	2.4501750000000003e-05
639.522	0.0	0.0	1.457755e-05
639.482	0.0	0.0	1.6615625000000002e-05
639.512	0.0	0.0	1.5086987500000002e-05
639.642	0.0	0.0	5.2924625000000005e-06
639.852	0.0	0.0	-1.0649437500000001e-05
639.812	0.0	0.0	-7.437787499999999e-06
639.842	0.0	0.0	-1.00930375e-05
639.982	0.0	0.0	-1.9082375e-05
640.192	0.0	0.0	-3.3011875e-05
640.152	0.0	0.0	-3.0381000000000003e-05
640.192	0.0	0.0	-3.271450000000001e-05
640.322	0.0	0.0	-3.5405500000000005e-05
640.532	0.0	0.0	-3.9261625e-05
640.492	0.0	0.0	-3.8466999999999996e-05
640.522	0.0	0.0	-3.9058500000000006e-05
640.652	0.0	0.0	-3.44695e-05
640.862	0.0	0.0	-2.6221000000000005e-05
640.822	0.0	0.0	-2.7889875000000004e-05
640.852	0.0	0.0	-2.6520000000000004e-05
640.992	0.0	0.0	-1.6350750000000003e-05
641.202	0.0	0.0	-5.423112500000001e-09
641.162	0.0	0.0	-3.1042375000000004e-06
641.202	0.0	0.0	-3.7618750000000007e-07
641.332	0.0	0.0	9.7017375e-06
641.542	0.0	0.0	2.5374375000000004e-05
641.502	0.0	0.0	2.2132500000000002e-05
641.532	0.0	0.0	2.4529375000000004e-05
641.662	0.0	0.0	2.9592875000000004e-05
641.872	0.0	0.0	3.6876125e-05
641.832	0.0	0.0	3.5397375000000006e-05
641.862	0.0	0.0	3.6601500000000005e-05
642.002	0.0	0.0	3.438175000000001e-05
642.212	0.0	0.0	3.024125e-05
642.172	0.0	0.0	3.1029375e-05
642.202	0.0	0.0	3.0340375000000003e-05
642.342	0.0	0.0	2.2358375000000004e-05
642.552	0.0	0.0	9.59725e-06
642.512	0.0	0.0	1.2246975e-05
642.542	0.0	0.0	1.03025e-05
642.672	0.0	0.0	1.30416e-06
642.882	0.0	0.0	-1.3048912500000002e-05
642.842	0.0	0.0	-1.012375e-05
642.872	0.0	0.0	-1.24905625e-05
643.012	0.0	0.0	-1.8585125e-05
643.222	0.0	0.0	-2.7798875e-05
643.182	0.0	0.0	-2.6037375000000004e-05
643.212	0.0	0.0	-2.7564875000000006e-05
643.352	0.0	0.0	-2.7820000000000005e-05
643.562	0.0	0.0	-2.7855750000000005e-05
643.522	0.0	0.0	-2.784925e-05
643.552	0.0	0.0	-2.7854125e-05
643.682	0.0	0.0	-2.3260250000000005e-05
643.892	0.0	0.0	-1.5285075000000002e-05
643.852	0.0	0.0	-1.6916250000000003e-05
643.882	0.0	0.0	-1.56060125e-05
644.022	0.0	0.0	-8.292375000000002e-06
644.232	0.0	0.0	3.3769125000000003e-06
644.192	0.0	0.0	1.1373375000000002e-06
644.222	0.0	0.0	3.0658875e-06
644.362	0.0	0.0	9.247225e-06
644.572	0.0	0.0	1.8798000000000002e-05
644.532	0.0	0.0	1.6800875000000002e-05
644.562	0.0	0.0	1.8245500000000003e-05
644.692	0.0	0.0	2.0756125e-05
644.902	0.0	0.0	2.4163750000000004e-05
644.862	0.0	0.0	2.3463375e-05
644.892	0.0	0.0	2.4022375e-05
645.032	0.0	0.0	2.1867625000000002e-05
645.242	0.0	0.0	1.8026125000000002e-05
645.202	0.0	0.0	1.8767125e-05
645.232	0.0	0.0	1.8133375000000003e-05
645.372	0.0	0.0	1.252095e-05
645.582	0.0	0.0	3.5413625e-06
645.542	0.0	0.0	5.4265250000000005e-06
645.572	0.0	0.0	4.0727375e-06
645.702	0.0	0.0	-1.98965e-06
645.912	0.0	0.0	-1.1639062500000003e-05
645.872	0.0	0.0	-9.6499e-06
645.902	0.0	0.0	-1.1225337500000002e-05
646.042	0.0	0.0	-1.5136225000000001e-05
646.252	0.0	0.0	-2.10015e-05
646.212	0.0	0.0	-1.9867250000000002e-05
646.242	0.0	0.0	-2.0830875000000002e-05
646.382	0.0	0.0	-2.0507500000000003e-05
646.592	0.0	0.0	-1.9698250000000004e-05
646.552	0.0	0.0	-1.9868875000000004e-05
646.582	0.0	0.0	-1.9747000000000003e-05
646.712	0.0	0.0	-1.5899975000000002e-05
646.922	0.0	0.0	-9.25535e-06
646.882	0.0	0.0	-1.0630262500000001e-05
646.912	0.0	0.0	-9.5489875e-06
647.052	0.0	0.0	-3.891550000000001e-06
647.262	0.0	0.0	5.128825000000001e-06
647.222	0.0	0.0	3.376587500000001e-06
647.252	0.0	0.0	4.852900000000001e-06
647.392	0.0	0.0	9.163375000000001e-06
647.602	0.0	0.0	1.5778262500000002e-05
647.562	0.0	0.0	1.4379300000000001e-05
647.592	0.0	0.0	1.5369575e-05
647.722	0.0	0.0	1.6501875e-05
647.932	0.0	0.0	1.7771000000000003e-05
647.892	0.0	0.0	1.7506125e-05
647.922	0.0	0.0	1.77125e-05
648.062	0.0	0.0	1.535365e-05
648.272	0.0	0.0	1.1278962499999999e-05
648.232	0.0	0.0	1.2073587500000002e-05
648.262	0.0	0.0	1.1408962500000001e-05
648.402	0.0	0.0	7.1592625e-06
648.612	0.0	0.0	3.8788750000000005e-07
648.572	0.0	0.0	1.8250375000000002e-06
648.602	0.0	0.0	8.148887500000002e-07
648.732	0.0	0.0	-3.0108e-06
648.942	0.0	0.0	-8.988362500000001e-06
648.902	0.0	0.0	-7.742312500000001e-06
648.932	0.0	0.0	-8.708375000000001e-06
649.072	0.0	0.0	-1.0701925000000002e-05
649.282	0.0	0.0	-1.3598487500000001e-05
649.242	0.0	0.0	-1.3031362500000003e-05
649.272	0.0	0.0	-1.3502287500000002e-05
649.412	0.0	0.0	-1.2952387499999999e-05
649.622	0.0	0.0	-1.1887525000000001e-05
649.572	0.0	0.0	-1.2114212500000003e-05
649.612	0.0	0.0	-1.1955937500000001e-05
649.742	0.0	0.0	-9.316125000000002e-06
649.952	0.0	0.0	-4.7815625e-06
649.912	0.0	0.0	-5.730237500000001e-06
649.942	0.0	0.0	-4.999800000000001e-06
650.082	0.0	0.0	-7.059974999999999e-07
650.292	0.0	0.0	6.2010000000000004e-06
650.252	0.0	0.0	4.843475e-06
650.282	0.0	0.0	5.962612500000001e-06
650.422	0.0	0.0	1.0141137500000001e-05
650.632	0.0	0.0	1.6651375e-05
650.582	0.0	0.0	1.52592375e-05
650.622	0.0	0.0	1.6223512500000002e-05
650.752	0.0	0.0	1.8110625e-05
650.962	0.0	0.0	2.0692750000000003e-05
650.922	0.0	0.0	2.0151625e-05
650.952	0.0	0.0	2.0566000000000003e-05
651.092	0.0	0.0	1.8203250000000002e-05
651.302	0.0	0.0	1.3972887500000002e-05
651.262	0.0	0.0	1.4807650000000002e-05
651.292	0.0	0.0	1.41243375e-05
651.432	0.0	0.0	7.64205e-06
651.642	0.0	0.0	-2.8439125000000004e-06
651.592	0.0	0.0	-5.94425e-07
651.632	0.0	0.0	-2.1422375e-06
651.762	0.0	0.0	-9.670862500000002e-06
651.972	0.0	0.0	-2.1775e-05
651.932	0.0	0.0	-1.922375e-05
651.962	0.0	0.0	-2.1160750000000002e-05
652.102	0.0	0.0	-2.5970750000000002e-05
652.312	0.0	0.0	-3.311912500000001e-05
652.272	0.0	0.0	-3.170375e-05
652.302	0.0	0.0	-3.285587500000001e-05
652.442	0.0	0.0	-3.121625e-05
652.652	0.0	0.0	-2.8058875000000005e-05
652.602	0.0	0.0	-2.8743000000000002e-05
652.642	0.0	0.0	-2.8279875000000005e-05
652.772	0.0	0.0	-2.0725250000000003e-05
652.982	0.0	0.0	-7.632462500000001e-06
652.942	0.0	0.0	-1.0343287500000002e-05
652.972	0.0	0.0	-8.224775000000001e-06
653.112	0.0	0.0	2.6573625000000005e-06
653.322	0.0	0.0	1.9963125000000004e-05
653.272	0.0	0.0	1.6269500000000004e-05
653.312	0.0	0.0	1.8804500000000003e-05
653.442	0.0	0.0	2.6939249999999998e-05
653.652	0.0	0.0	3.9321750000000003e-05
653.612	0.0	0.0	3.6690875e-05
653.642	0.0	0.0	3.8662000000000004e-05
653.782	0.0	0.0	3.9669500000000004e-05
653.992	0.0	0.0	4.0262625000000005e-05
653.952	0.0	0.0	4.014400000000001e-05
653.982	0.0	0.0	4.0239875e-05
654.122	0.0	0.0	3.2836375e-05
654.332	0.0	0.0	2.0452250000000004e-05
654.282	0.0	0.0	2.3135125000000003e-05
654.322	0.0	0.0	2.1323250000000003e-05
654.452	0.0	0.0	9.765275000000001e-06
654.662	0.0	0.0	-9.3195375e-06
654.612	0.0	0.0	-5.2585000000000006e-06
654.652	0.0	0.0	-8.284737500000001e-06
654.792	0.0	0.0	-1.8845125000000002e-05
655.002	0.0	0.0	-3.5182875e-05
654.962	0.0	0.0	-3.1913375000000003e-05
654.992	0.0	0.0	-3.4519875e-05
655.132	0.0	0.0	-3.807050000000001e-05
655.342	0.0	0.0	-4.289512500000001e-05
655.292	0.0	0.0	-4.184700000000001e-05
655.322	0.0	0.0	-4.2550625e-05
655.462	0.0	0.0	-3.817287500000001e-05
655.672	0.0	0.0	-2.9716375000000004e-05
655.622	0.0	0.0	-3.1521750000000004e-05
655.662	0.0	0.0	-3.0186000000000005e-05
655.802	0.0	0.0	-1.9841250000000003e-05
656.012	0.0	0.0	-2.8570750000000005e-06
655.972	0.0	0.0	-6.268762500000001e-06
656.002	0.0	0.0	-3.5678500000000005e-06
656.142	0.0	0.0	6.783725000000001e-06
656.352	0.0	0.0	2.2945000000000005e-05
656.302	0.0	0.0	1.9420375000000003e-05
656.332	0.0	0.0	2.1766875e-05
656.472	0.0	0.0	2.7131e-05
656.682	0.0	0.0	3.464825e-05
656.632	0.0	0.0	3.3037875e-05
656.672	0.0	0.0	3.422087500000001e-05
656.802	0.0	0.0	3.2514625000000004e-05
657.022	0.0	0.0	2.8835625e-05
656.982	0.0	0.0	2.9578249999999998e-05
657.012	0.0	0.0	2.8994875000000004e-05
657.152	0.0	0.0	2.1950500000000003e-05
657.362	0.0	0.0	1.0377737500000002e-05
657.312	0.0	0.0	1.2909650000000003e-05
657.342	0.0	0.0	1.12357375e-05
657.482	0.0	0.0	3.4674250000000005e-06
657.692	0.0	0.0	-8.9724375e-06
657.642	0.0	0.0	-6.297037500000001e-06
657.682	0.0	0.0	-8.249475000000001e-06
657.812	0.0	0.0	-1.3229937500000003e-05
658.032	0.0	0.0	-2.0590375000000004e-05
657.992	0.0	0.0	-1.910025e-05
658.022	0.0	0.0	-2.0262125000000002e-05
658.162	0.0	0.0	-2.0408374999999998e-05
658.372	0.0	0.0	-2.0102875000000002e-05
658.322	0.0	0.0	-2.0171125e-05
658.352	0.0	0.0	-2.012725e-05
658.492	0.0	0.0	-1.6839875000000003e-05
658.702	0.0	0.0	-1.0948762500000002e-05
658.652	0.0	0.0	-1.2220162500000001e-05
658.692	0.0	0.0	-1.1298625000000002e-05
658.822	0.0	0.0	-6.610012500000001e-06
659.042	0.0	0.0	9.0946375e-07
659.002	0.0	0.0	-6.182150000000001e-07
659.032	0.0	0.0	5.657112500000001e-07
659.172	0.0	0.0	4.2397875000000004e-06
659.382	0.0	0.0	9.8658625e-06
659.332	0.0	0.0	8.626475000000001e-06
659.362	0.0	0.0	9.434425e-06
659.502	0.0	0.0	1.1105412500000001e-05
659.712	0.0	0.0	1.3349049999999999e-05
659.662	0.0	0.0	1.2863175000000002e-05
659.702	0.0	0.0	1.3212875000000002e-05
659.832	0.0	0.0	1.251055e-05
660.052	0.0	0.0	1.1053737500000002e-05
660.012	0.0	0.0	1.1350787500000002e-05
660.042	0.0	0.0	1.112215e-05
660.182	0.0	0.0	8.1583125e-06
660.392	0.0	0.0	3.25455e-06
660.342	0.0	0.0	4.3385875e-06
660.372	0.0	0.0	3.6369125000000003e-06
660.512	0.0	0.0	-4.563487500000001e-07
660.722	0.0	0.0	-7.191275e-06
660.672	0.0	0.0	-5.7276375e-06
660.712	0.0	0.0	-6.773975000000001e-06
660.842	0.0	0.0	-1.0402275e-05
661.062	0.0	0.0	-1.5996500000000002e-05
661.022	0.0	0.0	-1.4851525000000002e-05
661.052	0.0	0.0	-1.5726425e-05
661.192	0.0	0.0	-1.6562e-05
661.402	0.0	0.0	-1.7520750000000003e-05
661.352	0.0	0.0	-1.7307875000000002e-05
661.382	0.0	0.0	-1.7444375000000004e-05
661.522	0.0	0.0	-1.4867775000000002e-05
661.732	0.0	0.0	-1.00403875e-05
661.682	0.0	0.0	-1.10930625e-05
661.722	0.0	0.0	-1.0345725e-05
661.852	0.0	0.0	-4.9687625000000005e-06
662.072	0.0	0.0	3.889925000000001e-06
662.032	0.0	0.0	2.07025e-06
662.062	0.0	0.0	3.4510125e-06
662.202	0.0	0.0	8.733562500000001e-06
662.412	0.0	0.0	1.6979625e-05
662.362	0.0	0.0	1.5144350000000002e-05
662.392	0.0	0.0	1.6315000000000002e-05
662.532	0.0	0.0	1.8757375000000003e-05
662.742	0.0	0.0	2.199925e-05
662.692	0.0	0.0	2.1290750000000003e-05
662.732	0.0	0.0	2.1791250000000002e-05
662.862	0.0	0.0	1.9883500000000004e-05
663.082	0.0	0.0	1.61789875e-05
663.042	0.0	0.0	1.6942250000000002e-05
663.072	0.0	0.0	1.6367e-05
663.212	0.0	0.0	1.0989062500000002e-05
663.422	0.0	0.0	2.1308625e-06
663.372	0.0	0.0	4.10865e-06
663.402	0.0	0.0	2.8548000000000006e-06
663.542	0.0	0.0	-3.0028375000000004e-06
663.752	0.0	0.0	-1.2395825000000001e-05
663.702	0.0	0.0	-1.0333375000000002e-05
663.742	0.0	0.0	-1.1777675000000002e-05
663.872	0.0	0.0	-1.5430025e-05
664.092	0.0	0.0	-2.075775e-05
664.052	0.0	0.0	-1.9654375e-05
664.082	0.0	0.0	-2.0479875000000002e-05
664.222	0.0	0.0	-1.9940375e-05
664.432	0.0	0.0	-1.854125e-05
664.382	0.0	0.0	-1.8854875e-05
664.412	0.0	0.0	-1.8656625000000002e-05
664.552	0.0	0.0	-1.47710875e-05
664.762	0.0	0.0	-7.854275e-06
664.712	0.0	0.0	-9.3782e-06
664.752	0.0	0.0	-8.3182125e-06
664.882	0.0	0.0	-2.8239250000000007e-06
665.102	0.0	0.0	6.03135e-06
665.052	0.0	0.0	4.192337500000001e-06
665.092	0.0	0.0	5.558800000000001e-06
665.232	0.0	0.0	9.681750000000001e-06
665.442	0.0	0.0	1.59445e-05
665.392	0.0	0.0	1.4537087500000001e-05
665.422	0.0	0.0	1.5417025e-05
665.562	0.0	0.0	1.6501875e-05
665.772	0.0	0.0	1.7525625000000002e-05
665.722	0.0	0.0	1.7299750000000003e-05
665.762	0.0	0.0	1.745575e-05
665.892	0.0	0.0	1.5104375000000002e-05
666.112	0.0	0.0	1.08298125e-05
666.062	0.0	0.0	1.17208e-05
666.102	0.0	0.0	1.1063325000000001e-05
666.232	0.0	0.0	6.6457625e-06
666.452	0.0	0.0	-5.514275e-07
666.402	0.0	0.0	1.0713625000000002e-06
666.432	0.0	0.0	6.376662500000001e-08
666.572	0.0	0.0	-4.133025e-06
666.782	0.0	0.0	-1.0739787500000001e-05
666.732	0.0	0.0	-9.274362500000001e-06
666.772	0.0	0.0	-1.027975e-05
666.902	0.0	0.0	-1.2506487500000002e-05
667.122	0.0	0.0	-1.56329875e-05
667.072	0.0	0.0	-1.4979737500000003e-05
667.112	0.0	0.0	-1.54591125e-05
667.242	0.0	0.0	-1.4597700000000001e-05
667.462	0.0	0.0	-1.281345e-05
667.412	0.0	0.0	-1.3219375e-05
667.442	0.0	0.0	-1.29715625e-05
667.582	0.0	0.0	-9.777137500000001e-06
667.792	0.0	0.0	-4.1377375e-06
667.742	0.0	0.0	-5.368025000000001e-06
667.782	0.0	0.0	-4.499462500000001e-06
667.912	0.0	0.0	-2.2041500000000003e-07
668.132	0.0	0.0	6.6225250000000014e-06
668.082	0.0	0.0	5.087387500000001e-06
668.112	0.0	0.0	6.0383375e-06
668.252	0.0	0.0	9.170687500000003e-06
668.462	0.0	0.0	1.3876037500000002e-05
668.412	0.0	0.0	1.2824175000000002e-05
668.442	0.0	0.0	1.3536575e-05
668.582	0.0	0.0	1.40911875e-05
668.802	0.0	0.0	1.4473874999999999e-05
668.752	0.0	0.0	1.4393275000000002e-05
668.792	0.0	0.0	1.44516125e-05
668.922	0.0	0.0	1.2068062500000001e-05
669.142	0.0	0.0	7.9012375e-06
669.092	0.0	0.0	8.848937500000002e-06
669.122	0.0	0.0	8.27125e-06
669.262	0.0	0.0	4.409437500000001e-06
669.472	0.0	0.0	-2.0785375e-06
669.422	0.0	0.0	-6.266000000000001e-07
669.452	0.0	0.0	-1.6049312500000004e-06
669.592	0.0	0.0	-5.237375000000001e-06
669.812	0.0	0.0	-1.0866375000000001e-05
669.762	0.0	0.0	-9.677850000000001e-06
669.802	0.0	0.0	-1.0532762500000001e-05
669.932	0.0	0.0	-1.19426125e-05
670.152	0.0	0.0	-1.3811687500000001e-05
670.102	0.0	0.0	-1.3385287500000001e-05
670.132	0.0	0.0	-1.36435e-05
670.272	0.0	0.0	-1.24795125e-05
670.482	0.0	0.0	-9.997325e-06
670.432	0.0	0.0	-1.0554537500000003e-05
670.462	0.0	0.0	-1.0181600000000001e-05
670.602	0.0	0.0	-7.040962500000001e-06
670.822	0.0	0.0	-1.7592250000000003e-06
670.772	0.0	0.0	-2.8783625000000006e-06
670.812	0.0	0.0	-2.0788625000000005e-06
670.942	0.0	0.0	1.1703575e-06
671.162	0.0	0.0	6.270712500000001e-06
671.112	0.0	0.0	5.103312500000001e-06
671.142	0.0	0.0	5.8053125e-06
671.282	0.0	0.0	7.589237500000001e-06
671.492	0.0	0.0	1.0052250000000002e-05
671.442	0.0	0.0	9.497475000000002e-06
671.472	0.0	0.0	9.86635e-06
671.612	0.0	0.0	9.546550000000001e-06
671.832	0.0	0.0	8.6406125e-06
671.782	0.0	0.0	8.8333375e-06
671.822	0.0	0.0	8.696675000000001e-06
671.952	0.0	0.0	6.774625e-06
672.172	0.0	0.0	3.5173125000000002e-06
672.122	0.0	0.0	4.2653000000000005e-06
672.152	0.0	0.0	3.8185875e-06
672.282	0.0	0.0	1.5775825e-06
672.502	0.0	0.0	-2.0561125e-06
672.452	0.0	0.0	-1.2349350000000001e-06
672.482	0.0	0.0	-1.7772625e-06
672.622	0.0	0.0	-3.457025e-06
672.842	0.0	0.0	-5.9730125e-06
672.792	0.0	0.0	-5.4361124999999995e-06
672.832	0.0	0.0	-5.814412500000001e-06
672.962	0.0	0.0	-6.3435125e-06
673.182	0.0	0.0	-6.991887500000001e-06
673.132	0.0	0.0	-6.842550000000001e-06
673.162	0.0	0.0	-6.9311125000000005e-06
673.292	0.0	0.0	-6.301750000000001e-06
673.512	0.0	0.0	-5.005487500000001e-06
673.462	0.0	0.0	-5.299287500000001e-06
673.492	0.0	0.0	-5.1065625e-06
673.632	0.0	0.0	-3.2563375e-06
673.852	0.0	0.0	-1.0664225000000002e-07
673.802	0.0	0.0	-7.809587500000001e-07
673.842	0.0	0.0	-3.0902625e-07
673.972	0.0	0.0	2.1692125000000004e-06
674.192	0.0	0.0	6.162487500000001e-06
674.142	0.0	0.0	5.23965e-06
674.172	0.0	0.0	5.783212500000001e-06
674.302	0.0	0.0	7.714687500000002e-06
674.522	0.0	0.0	1.0638712500000001e-05
674.472	0.0	0.0	9.9736e-06
674.502	0.0	0.0	1.0406825000000002e-05
674.642	0.0	0.0	1.05207375e-05
674.862	0.0	0.0	1.0307700000000001e-05
674.812	0.0	0.0	1.0353525000000002e-05
674.852	0.0	0.0	1.0321675e-05
674.982	0.0	0.0	7.995e-06
675.202	0.0	0.0	3.9264875e-06
675.152	0.0	0.0	4.8696375e-06
675.182	0.0	0.0	4.317950000000001e-06
675.312	0.0	0.0	5.945875000000001e-07
675.532	0.0	0.0	-5.6987125e-06
675.482	0.0	0.0	-4.2625375e-06
675.512	0.0	0.0	-5.191875000000001e-06
675.652	0.0	0.0	-8.673275000000002e-06
675.872	0.0	0.0	-1.4057875000000001e-05
675.822	0.0	0.0	-1.28971375e-05
675.862	0.0	0.0	-1.3698425000000001e-05
675.992	0.0	0.0	-1.4704625000000002e-05
676.212	0.0	0.0	-1.5845537500000002e-05
676.162	0.0	0.0	-1.5580175000000002e-05
676.192	0.0	0.0	-1.5734387500000002e-05
676.322	0.0	0.0	-1.37098e-05
676.542	0.0	0.0	-9.6646875e-06
676.492	0.0	0.0	-1.0590774999999999e-05
676.522	0.0	0.0	-9.9955375e-06
676.662	0.0	0.0	-5.509237500000001e-06
676.882	0.0	0.0	2.0322250000000003e-06
676.832	0.0	0.0	4.01115e-07
676.872	0.0	0.0	1.51957e-06
677.002	0.0	0.0	6.0063250000000005e-06
677.222	0.0	0.0	1.3033962500000002e-05
677.172	0.0	0.0	1.13946625e-05
677.202	0.0	0.0	1.2340575e-05
677.332	0.0	0.0	1.45562625e-05
677.552	0.0	0.0	1.7447625000000004e-05
677.502	0.0	0.0	1.6783e-05
677.532	0.0	0.0	1.7207125000000002e-05
677.672	0.0	0.0	1.59713125e-05
677.892	0.0	0.0	1.3285512500000001e-05
677.842	0.0	0.0	1.3868400000000001e-05
677.872	0.0	0.0	1.34714125e-05
678.012	0.0	0.0	9.4937375e-06
678.232	0.0	0.0	2.7707874999999998e-06
678.182	0.0	0.0	4.343787500000001e-06
678.212	0.0	0.0	3.4422375000000003e-06
678.342	0.0	0.0	-9.641125000000002e-07
678.562	0.0	0.0	-8.076737500000001e-06
678.512	0.0	0.0	-6.4380875e-06
678.542	0.0	0.0	-7.4774375e-06
678.682	0.0	0.0	-1.031485e-05
678.902	0.0	0.0	-1.439815e-05
678.852	0.0	0.0	-1.35091125e-05
678.882	0.0	0.0	-1.4110525000000002e-05
679.022	0.0	0.0	-1.3970612499999999e-05
679.242	0.0	0.0	-1.3210600000000002e-05
679.192	0.0	0.0	-1.33888625e-05
679.222	0.0	0.0	-1.3287462500000002e-05
679.352	0.0	0.0	-1.0788212500000002e-05
679.572	0.0	0.0	-6.162325e-06
679.522	0.0	0.0	-7.231575e-06
679.552	0.0	0.0	-6.557850000000001e-06
679.692	0.0	0.0	-2.8795e-06
679.912	0.0	0.0	3.1258500000000003e-06
679.862	0.0	0.0	1.8138250000000004e-06
679.892	0.0	0.0	2.6953875000000005e-06
680.032	0.0	0.0	5.622662500000001e-06
680.252	0.0	0.0	1.0072725000000001e-05
680.202	0.0	0.0	9.025087500000002e-06
680.232	0.0	0.0	9.617562500000002e-06
680.362	0.0	0.0	1.06783625e-05
680.582	0.0	0.0	1.1838125000000003e-05
680.532	0.0	0.0	1.15691875e-05
680.562	0.0	0.0	1.1737537500000002e-05
680.702	0.0	0.0	1.0512775e-05
680.922	0.0	0.0	8.082262500000001e-06
680.872	0.0	0.0	8.61445e-06
680.902	0.0	0.0	8.2587375e-06
681.042	0.0	0.0	5.341537500000001e-06
681.262	0.0	0.0	4.47395e-07
681.212	0.0	0.0	1.6091237500000002e-06
681.242	0.0	0.0	9.630400000000002e-07
681.372	0.0	0.0	-2.2360000000000003e-06
681.592	0.0	0.0	-7.4101625e-06
681.542	0.0	0.0	-6.229437499999999e-06
681.572	0.0	0.0	-6.989612500000001e-06
681.712	0.0	0.0	-9.101137500000001e-06
681.932	0.0	0.0	-1.2162312500000001e-05
681.882	0.0	0.0	-1.14452e-05
681.912	0.0	0.0	-1.1849662500000002e-05
682.042	0.0	0.0	-1.17970125e-05
682.262	0.0	0.0	-1.1096475000000001e-05
682.212	0.0	0.0	-1.1260112500000002e-05
682.242	0.0	0.0	-1.1159037500000002e-05
682.382	0.0	0.0	-8.726250000000001e-06
682.602	0.0	0.0	-4.3574375e-06
682.552	0.0	0.0	-5.3202500000000004e-06
682.582	0.0	0.0	-4.685037500000001e-06
682.722	0.0	0.0	-1.0801375000000001e-06
682.942	0.0	0.0	4.8018750000000005e-06
682.892	0.0	0.0	3.406e-06
682.922	0.0	0.0	4.1811250000000006e-06
683.052	0.0	0.0	7.07395e-06
683.272	0.0	0.0	1.1456575e-05
683.222	0.0	0.0	1.0432012500000002e-05
683.252	0.0	0.0	1.1062025e-05
683.392	0.0	0.0	1.1815700000000001e-05
683.612	0.0	0.0	1.24791875e-05
683.562	0.0	0.0	1.233245e-05
683.592	0.0	0.0	1.2428650000000002e-05
683.732	0.0	0.0	1.0616775000000001e-05
683.952	0.0	0.0	7.2655375e-06
683.902	0.0	0.0	8.063250000000001e-06
683.932	0.0	0.0	7.6232e-06
684.062	0.0	0.0	4.506287500000001e-06
684.282	0.0	0.0	-8.308300000000001e-07
684.232	0.0	0.0	4.2066375000000006e-07
684.262	0.0	0.0	-3.4380125000000003e-07
684.402	0.0	0.0	-3.2732375e-06
684.622	0.0	0.0	-7.7965875e-06
684.572	0.0	0.0	-6.792987500000001e-06
684.602	0.0	0.0	-7.446237500000002e-06
684.742	0.0	0.0	-8.599500000000001e-06
684.962	0.0	0.0	-1.0048025000000001e-05
684.912	0.0	0.0	-9.702225e-06
684.942	0.0	0.0	-9.8917e-06
685.072	0.0	0.0	-9.119825e-06
685.292	0.0	0.0	-7.31965e-06
685.242	0.0	0.0	-7.743125e-06
685.272	0.0	0.0	-7.486050000000001e-06
685.412	0.0	0.0	-5.3662375000000005e-06
685.632	0.0	0.0	-1.7390750000000002e-06
685.582	0.0	0.0	-2.5463750000000002e-06
685.612	0.0	0.0	-2.0242625e-06
685.752	0.0	0.0	1.7239625000000004e-07
685.972	0.0	0.0	3.6300875000000006e-06
685.922	0.0	0.0	2.80215e-06
685.952	0.0	0.0	3.2526e-06
686.082	0.0	0.0	4.660175000000001e-06
686.302	0.0	0.0	6.663475000000001e-06
686.252	0.0	0.0	6.190762500000001e-06
686.282	0.0	0.0	6.475787500000001e-06
686.422	0.0	0.0	6.7172625e-06
686.642	0.0	0.0	6.817362500000001e-06
686.592	0.0	0.0	6.794937499999999e-06
686.622	0.0	0.0	6.809400000000001e-06
686.762	0.0	0.0	5.732025e-06
686.982	0.0	0.0	3.763825e-06
686.932	0.0	0.0	4.236537500000001e-06
686.962	0.0	0.0	3.9810875e-06
687.092	0.0	0.0	1.8898750000000003e-06
687.312	0.0	0.0	-1.7652375000000001e-06
687.262	0.0	0.0	-9.002337500000001e-07
687.292	0.0	0.0	-1.4182187500000003e-06
687.432	0.0	0.0	-3.946312500000001e-06
687.652	0.0	0.0	-8.017750000000001e-06
687.602	0.0	0.0	-7.1058e-06
687.632	0.0	0.0	-7.687712500000002e-06
687.772	0.0	0.0	-9.202375000000002e-06
687.992	0.0	0.0	-1.135615e-05
687.942	0.0	0.0	-1.083745e-05
687.972	0.0	0.0	-1.1115975000000002e-05
688.102	0.0	0.0	-1.0603612500000002e-05
688.322	0.0	0.0	-9.131525e-06
688.272	0.0	0.0	-9.480900000000001e-06
688.302	0.0	0.0	-9.2730625e-06
688.442	0.0	0.0	-6.357975000000001e-06
688.662	0.0	0.0	-1.166815e-06
688.612	0.0	0.0	-2.3333375000000003e-06
688.642	0.0	0.0	-1.5940275000000001e-06
688.782	0.0	0.0	2.4054875e-06
689.002	0.0	0.0	8.918812500000001e-06
688.952	0.0	0.0	7.345325000000001e-06
688.982	0.0	0.0	8.184475000000001e-06
689.112	0.0	0.0	1.11502625e-05
689.332	0.0	0.0	1.55263875e-05
689.282	0.0	0.0	1.44844375e-05
689.312	0.0	0.0	1.5100312500000003e-05
689.452	0.0	0.0	1.5282312500000002e-05
689.672	0.0	0.0	1.4824387499999999e-05
689.622	0.0	0.0	1.4927575000000003e-05
689.652	0.0	0.0	1.4862575e-05
689.792	0.0	0.0	1.17859625e-05
690.012	0.0	0.0	6.231875000000001e-06
689.962	0.0	0.0	7.577537500000001e-06
689.982	0.0	0.0	6.864650000000001e-06
690.122	0.0	0.0	2.2000875000000003e-06
690.342	0.0	0.0	-5.7289375e-06
690.292	0.0	0.0	-3.8354875e-06
690.322	0.0	0.0	-4.9473125e-06
690.462	0.0	0.0	-9.107962500000002e-06
690.682	0.0	0.0	-1.54661e-05
690.632	0.0	0.0	-1.4028137500000001e-05
690.662	0.0	0.0	-1.4927412500000003e-05
690.802	0.0	0.0	-1.6163550000000002e-05
691.022	0.0	0.0	-1.7441125e-05
690.972	0.0	0.0	-1.7130750000000002e-05
690.992	0.0	0.0	-1.7294875e-05
691.132	0.0	0.0	-1.52589125e-05
691.352	0.0	0.0	-1.0954287500000002e-05
691.302	0.0	0.0	-1.1985350000000002e-05
691.332	0.0	0.0	-1.1383937500000002e-05
691.472	0.0	0.0	-6.88805e-06
691.692	0.0	0.0	7.834287500000001e-07
691.642	0.0	0.0	-9.569787500000001e-07
691.672	0.0	0.0	1.2423937500000002e-07
691.812	0.0	0.0	4.546262500000001e-06
692.032	0.0	0.0	1.1461287500000002e-05
691.982	0.0	0.0	9.776000000000001e-06
692.002	0.0	0.0	1.0656750000000001e-05
692.142	0.0	0.0	1.28864125e-05
692.362	0.0	0.0	1.5704812500000003e-05
692.312	0.0	0.0	1.5027837500000003e-05
692.342	0.0	0.0	1.5420112500000003e-05
692.482	0.0	0.0	1.4490125000000002e-05
692.702	0.0	0.0	1.2192537500000002e-05
692.652	0.0	0.0	1.2715462500000001e-05
692.682	0.0	0.0	1.23927375e-05
692.822	0.0	0.0	9.057425e-06
693.042	0.0	0.0	3.2807125e-06
692.992	0.0	0.0	4.6925125e-06
693.012	0.0	0.0	3.9596375e-06
693.152	0.0	0.0	2.8578875e-07
693.372	0.0	0.0	-5.653375000000001e-06
693.322	0.0	0.0	-4.2225625e-06
693.352	0.0	0.0	-5.046437500000001e-06
693.492	0.0	0.0	-7.371e-06
693.712	0.0	0.0	-1.0628637500000001e-05
693.662	0.0	0.0	-9.884875e-06
693.692	0.0	0.0	-1.0340850000000001e-05
693.832	0.0	0.0	-1.0277312500000002e-05
694.052	0.0	0.0	-9.6282875e-06
694.002	0.0	0.0	-9.787375e-06
694.022	0.0	0.0	-9.705312500000001e-06
694.162	0.0	0.0	-7.927725000000002e-06
694.382	0.0	0.0	-4.5457750000000005e-06
694.332	0.0	0.0	-5.362825000000001e-06
694.362	0.0	0.0	-4.895475000000001e-06
694.502	0.0	0.0	-2.5366250000000005e-06
694.722	0.0	0.0	1.28405875e-06
694.672	0.0	0.0	4.0912625000000007e-07
694.702	0.0	0.0	9.4196375e-07
694.842	0.0	0.0	2.463825e-06
695.062	0.0	0.0	4.6492875000000005e-06
695.012	0.0	0.0	4.112225e-06
695.032	0.0	0.0	4.3873375e-06
695.172	0.0	0.0	4.664887500000001e-06
695.392	0.0	0.0	4.696087500000001e-06
695.342	0.0	0.0	4.6886125e-06
695.372	0.0	0.0	4.6928375e-06
695.512	0.0	0.0	4.0460875e-06
695.732	0.0	0.0	2.8067e-06
695.682	0.0	0.0	3.0912375000000002e-06
695.712	0.0	0.0	2.9188250000000004e-06
695.852	0.0	0.0	1.963e-06
696.072	0.0	0.0	3.9703625e-07
696.022	0.0	0.0	7.849562500000001e-07
696.042	0.0	0.0	5.89485e-07
696.182	0.0	0.0	-5.360875e-07
696.402	0.0	0.0	-2.4100375000000003e-06
696.352	0.0	0.0	-1.9626750000000002e-06
696.382	0.0	0.0	-2.2241375e-06
696.522	0.0	0.0	-3.4346000000000005e-06
696.742	0.0	0.0	-5.3623375e-06
696.692	0.0	0.0	-4.890762500000001e-06
696.712	0.0	0.0	-5.1317500000000005e-06
696.852	0.0	0.0	-5.688962500000001e-06
697.072	0.0	0.0	-6.341400000000002e-06
697.022	0.0	0.0	-6.182150000000001e-06
697.052	0.0	0.0	-6.271525000000001e-06
697.192	0.0	0.0	-5.342350000000001e-06
697.412	0.0	0.0	-3.427775e-06
697.362	0.0	0.0	-3.8697750000000006e-06
697.392	0.0	0.0	-3.6053875000000002e-06
697.532	0.0	0.0	-1.1828537500000003e-06
697.752	0.0	0.0	3.0049500000000003e-06
697.702	0.0	0.0	1.967875e-06
697.722	0.0	0.0	2.4896625e-06
697.862	0.0	0.0	5.2055250000000004e-06
698.082	0.0	0.0	9.6265e-06
698.032	0.0	0.0	8.5470125e-06
698.062	0.0	0.0	9.149887500000001e-06
698.202	0.0	0.0	1.0629450000000002e-05
698.422	0.0	0.0	1.2555399999999998e-05
698.372	0.0	0.0	1.21095e-05
698.402	0.0	0.0	1.23745375e-05
698.542	0.0	0.0	1.1281725000000003e-05
698.762	0.0	0.0	8.899475000000002e-06
698.702	0.0	0.0	9.4911375e-06
698.732	0.0	0.0	9.195387500000001e-06
698.872	0.0	0.0	5.94945e-06
699.092	0.0	0.0	6.3266125e-09
699.042	0.0	0.0	1.4618175e-06
699.072	0.0	0.0	6.5420875e-07
699.212	0.0	0.0	-3.4892e-06
699.432	0.0	0.0	-1.021995e-05
699.382	0.0	0.0	-8.6565375e-06
699.412	0.0	0.0	-9.579862500000002e-06
699.552	0.0	0.0	-1.2190425000000001e-05
699.772	0.0	0.0	-1.5885350000000002e-05
699.712	0.0	0.0	-1.4965112500000001e-05
699.742	0.0	0.0	-1.54220625e-05
699.882	0.0	0.0	-1.5179775e-05
700.102	0.0	0.0	-1.3754e-05
700.052	0.0	0.0	-1.41041875e-05
700.082	0.0	0.0	-1.3911137500000002e-05
700.222	0.0	0.0	-1.06266875e-05
700.442	0.0	0.0	-4.5890000000000004e-06
700.392	0.0	0.0	-5.995762500000001e-06
700.422	0.0	0.0	-5.1704250000000006e-06
700.562	0.0	0.0	-6.369350000000001e-07
700.782	0.0	0.0	6.794125000000001e-06
700.722	0.0	0.0	4.938375000000001e-06
700.752	0.0	0.0	5.853575000000001e-06
700.892	0.0	0.0	9.248037500000001e-06
701.112	0.0	0.0	1.4219562500000001e-05
701.062	0.0	0.0	1.2995125000000002e-05
701.092	0.0	0.0	1.36657625e-05
701.232	0.0	0.0	1.4302762500000002e-05
701.452	0.0	0.0	1.4463799999999999e-05
701.402	0.0	0.0	1.4426100000000002e-05
701.432	0.0	0.0	1.44480375e-05
701.572	0.0	0.0	1.2109987500000002e-05
701.792	0.0	0.0	7.6724375e-06
701.732	0.0	0.0	8.783612500000001e-06
701.762	0.0	0.0	8.2392375e-06
701.902	0.0	0.0	4.577625e-06
702.122	0.0	0.0	-1.7098250000000002e-06
702.072	0.0	0.0	-1.56914875e-07
702.102	0.0	0.0	-1.0020075000000002e-06
702.242	0.0	0.0	-4.2393e-06
702.462	0.0	0.0	-9.1489125e-06
702.412	0.0	0.0	-7.998250000000001e-06
702.442	0.0	0.0	-8.664500000000001e-06
702.582	0.0	0.0	-9.8111e-06
702.802	0.0	0.0	-1.1062999999999999e-05
702.742	0.0	0.0	-1.07485625e-05
702.772	0.0	0.0	-1.0901637500000002e-05
702.912	0.0	0.0	-9.934112500000001e-06
703.132	0.0	0.0	-7.634412500000002e-06
703.082	0.0	0.0	-8.203975000000001e-06
703.102	0.0	0.0	-7.896037500000001e-06
703.252	0.0	0.0	-5.5108625e-06
703.472	0.0	0.0	-1.3783087500000002e-06
703.422	0.0	0.0	-2.3497500000000002e-06
703.452	0.0	0.0	-1.7909125000000001e-06
703.592	0.0	0.0	5.875675e-07
703.812	0.0	0.0	4.3135625000000004e-06
703.752	0.0	0.0	3.3752875000000005e-06
703.782	0.0	0.0	3.8288250000000006e-06
703.922	0.0	0.0	5.2286e-06
704.142	0.0	0.0	7.0983249999999995e-06
704.082	0.0	0.0	6.6339e-06
704.112	0.0	0.0	6.883337500000001e-06
704.262	0.0	0.0	6.9052750000000006e-06
704.482	0.0	0.0	6.5286000000000005e-06
704.432	0.0	0.0	6.617487500000001e-06
704.462	0.0	0.0	6.5667875e-06
704.602	0.0	0.0	5.316187500000001e-06
704.822	0.0	0.0	3.0119375e-06
704.762	0.0	0.0	3.5936875000000004e-06
704.792	0.0	0.0	3.31435e-06
704.932	0.0	0.0	1.4153587500000003e-06
705.152	0.0	0.0	-1.85575e-06
705.092	0.0	0.0	-1.040975e-06
705.122	0.0	0.0	-1.475825e-06
705.262	0.0	0.0	-3.3414875e-06
705.492	0.0	0.0	-6.248612500000001e-06
705.442	0.0	0.0	-5.5612375e-06
705.472	0.0	0.0	-5.951562500000001e-06
705.612	0.0	0.0	-6.773162500000001e-06
705.832	0.0	0.0	-7.772700000000001e-06
705.772	0.0	0.0	-7.5196875e-06
705.802	0.0	0.0	-7.640425e-06
705.942	0.0	0.0	-7.0224375e-06
706.162	0.0	0.0	-5.4808e-06
706.102	0.0	0.0	-5.865925e-06
706.132	0.0	0.0	-5.6616625e-06
706.272	0.0	0.0	-3.7009375000000005e-06
706.502	0.0	0.0	-2.08975e-07
706.452	0.0	0.0	-1.0371562500000001e-06
706.482	0.0	0.0	-5.700175e-07
706.622	0.0	0.0	1.6669250000000003e-06
706.842	0.0	0.0	5.250862500000001e-06
706.782	0.0	0.0	4.3410250000000005e-06
706.812	0.0	0.0	4.772300000000001e-06
706.952	0.0	0.0	6.117475e-06
707.172	0.0	0.0	7.903025e-06
707.112	0.0	0.0	7.455825000000001e-06
707.142	0.0	0.0	7.69145e-06
707.282	0.0	0.0	7.4581000000000015e-06
707.512	0.0	0.0	6.58255e-06
707.462	0.0	0.0	6.790875000000001e-06
707.492	0.0	0.0	6.6742e-06
707.632	0.0	0.0	5.07455e-06
707.852	0.0	0.0	2.1854625000000004e-06
707.792	0.0	0.0	2.9209375000000004e-06
707.822	0.0	0.0	2.57465e-06
707.962	0.0	0.0	6.682162500000001e-07
708.182	0.0	0.0	-2.46675e-06
708.122	0.0	0.0	-1.6794375000000003e-06
708.152	0.0	0.0	-2.0915375000000003e-06
708.292	0.0	0.0	-3.36375e-06
708.522	0.0	0.0	-5.1328875e-06
708.472	0.0	0.0	-4.710875000000001e-06
708.502	0.0	0.0	-4.94585e-06
708.642	0.0	0.0	-4.995900000000001e-06
708.862	0.0	0.0	-4.73265e-06
708.802	0.0	0.0	-4.7997625e-06
708.832	0.0	0.0	-4.7684e-06
708.972	0.0	0.0	-3.954275e-06
709.192	0.0	0.0	-2.3413e-06
709.132	0.0	0.0	-2.7475500000000005e-06
709.162	0.0	0.0	-2.5363e-06
709.302	0.0	0.0	-1.4380925e-06
709.532	0.0	0.0	3.4848125000000004e-07
709.482	0.0	0.0	-7.89295e-08
709.512	0.0	0.0	1.5749175e-07
709.652	0.0	0.0	9.723675e-07
709.872	0.0	0.0	2.173925e-06
709.812	0.0	0.0	1.8664750000000002e-06
709.842	0.0	0.0	2.0093125000000004e-06
709.982	0.0	0.0	2.4631750000000003e-06
710.202	0.0	0.0	3.0642625e-06
710.142	0.0	0.0	2.9124875000000005e-06
710.172	0.0	0.0	2.990975e-06
710.312	0.0	0.0	2.98675e-06
710.542	0.0	0.0	2.8330250000000003e-06
710.492	0.0	0.0	2.8699125e-06
710.522	0.0	0.0	2.8496e-06
710.662	0.0	0.0	2.1360625e-06
710.882	0.0	0.0	7.90985e-07
710.822	0.0	0.0	1.1377275000000002e-06
710.852	0.0	0.0	9.792412500000002e-07
710.992	0.0	0.0	-3.14015e-07
711.212	0.0	0.0	-2.6264875e-06
711.152	0.0	0.0	-2.0509125e-06
711.182	0.0	0.0	-2.3569000000000003e-06
711.322	0.0	0.0	-3.7147500000000003e-06
711.552	0.0	0.0	-5.8443125e-06
711.492	0.0	0.0	-5.30205e-06
711.522	0.0	0.0	-5.553437500000001e-06
711.662	0.0	0.0	-6.072462500000001e-06
711.882	0.0	0.0	-6.546962500000001e-06
711.822	0.0	0.0	-6.426387500000001e-06
711.852	0.0	0.0	-6.487975000000001e-06
711.992	0.0	0.0	-5.568550000000001e-06
712.222	0.0	0.0	-3.618225e-06
712.172	0.0	0.0	-4.0883375e-06
712.202	0.0	0.0	-3.8328875e-06
712.342	0.0	0.0	-1.72575e-06
712.562	0.0	0.0	1.94545e-06
712.502	0.0	0.0	9.9929375e-07
712.532	0.0	0.0	1.4311537500000003e-06
712.672	0.0	0.0	3.6339875000000002e-06
712.892	0.0	0.0	7.169175e-06
712.832	0.0	0.0	6.2700625e-06
712.862	0.0	0.0	6.72685e-06
713.002	0.0	0.0	7.890025000000002e-06
713.232	0.0	0.0	9.329775000000002e-06
713.182	0.0	0.0	8.9817e-06
713.202	0.0	0.0	9.1697125e-06
713.352	0.0	0.0	8.455037500000002e-06
713.572	0.0	0.0	6.7538250000000005e-06
713.512	0.0	0.0	7.1933875e-06
713.542	0.0	0.0	6.9941625000000015e-06
713.682	0.0	0.0	4.8049625000000005e-06
713.902	0.0	0.0	7.129525000000002e-07
713.842	0.0	0.0	1.7564625000000002e-06
713.872	0.0	0.0	1.2297512500000003e-06
714.012	0.0	0.0	-1.5701075000000001e-06
714.242	0.0	0.0	-6.142987500000001e-06
714.192	0.0	0.0	-5.0344125e-06
714.212	0.0	0.0	-5.629325e-06
714.362	0.0	0.0	-7.499375000000001e-06
714.582	0.0	0.0	-1.0144712500000002e-05
714.522	0.0	0.0	-9.459450000000001e-06
714.552	0.0	0.0	-9.768037500000001e-06
714.692	0.0	0.0	-9.862775000000001e-06
714.912	0.0	0.0	-9.2694875e-06
714.852	0.0	0.0	-9.421262500000002e-06
714.882	0.0	0.0	-9.34505e-06
715.022	0.0	0.0	-7.431937500000001e-06
715.252	0.0	0.0	-3.7412375e-06
715.192	0.0	0.0	-4.638562500000001e-06
715.222	0.0	0.0	-4.1601625e-06
715.372	0.0	0.0	-1.1536525000000001e-06
715.592	0.0	0.0	3.9060125e-06
715.532	0.0	0.0	2.5918750000000005e-06
715.562	0.0	0.0	3.1799625000000004e-06
715.702	0.0	0.0	5.820587500000001e-06
715.922	0.0	0.0	9.863425000000001e-06
715.862	0.0	0.0	8.826837500000001e-06
715.892	0.0	0.0	9.343425000000001e-06
716.032	0.0	0.0	1.03805e-05
716.262	0.0	0.0	1.14219625e-05
716.202	0.0	0.0	1.1167975000000002e-05
716.232	0.0	0.0	1.1302525000000002e-05
716.372	0.0	0.0	1.00153625e-05
716.602	0.0	0.0	7.2575750000000006e-06
716.542	0.0	0.0	7.975825e-06
716.572	0.0	0.0	7.656512500000001e-06
716.712	0.0	0.0	4.693325000000001e-06
716.932	0.0	0.0	-7.3684e-07
716.872	0.0	0.0	6.590837500000001e-07
716.902	0.0	0.0	-3.2142500000000005e-08
717.042	0.0	0.0	-3.5837750000000003e-06
717.272	0.0	0.0	-9.3328625e-06
717.212	0.0	0.0	-7.9272375e-06
717.242	0.0	0.0	-8.6671e-06
717.382	0.0	0.0	-1.08821375e-05
717.612	0.0	0.0	-1.3927875000000003e-05
717.552	0.0	0.0	-1.3132762500000001e-05
717.582	0.0	0.0	-1.3483925e-05
717.722	0.0	0.0	-1.3276900000000002e-05
717.942	0.0	0.0	-1.1894350000000002e-05
717.882	0.0	0.0	-1.2250712500000002e-05
717.912	0.0	0.0	-1.2075375000000001e-05
718.052	0.0	0.0	-9.103250000000001e-06
718.282	0.0	0.0	-3.4515e-06
718.222	0.0	0.0	-4.836975e-06
718.252	0.0	0.0	-4.112387500000001e-06
718.392	0.0	0.0	2.7605500000000007e-07
718.622	0.0	0.0	7.623687500000001e-06
718.562	0.0	0.0	5.700500000000001e-06
718.592	0.0	0.0	6.5442e-06
718.732	0.0	0.0	1.0172337500000002e-05
718.952	0.0	0.0	1.5599837500000002e-05
718.892	0.0	0.0	1.41973e-05
718.922	0.0	0.0	1.4883050000000001e-05
719.062	0.0	0.0	1.5876737500000003e-05
719.292	0.0	0.0	1.6438500000000002e-05
719.232	0.0	0.0	1.6300375000000002e-05
719.262	0.0	0.0	1.6371875000000003e-05
719.402	0.0	0.0	1.3875712500000001e-05
719.632	0.0	0.0	8.809612500000002e-06
719.572	0.0	0.0	1.01391875e-05
719.602	0.0	0.0	9.559712500000002e-06
719.742	0.0	0.0	4.8972625000000004e-06
719.962	0.0	0.0	-3.4583250000000005e-06
719.902	0.0	0.0	-1.29337e-06
719.932	0.0	0.0	-2.3450375000000005e-06
720.072	0.0	0.0	-7.230112500000001e-06
720.302	0.0	0.0	-1.4909212500000002e-05
720.242	0.0	0.0	-1.3016250000000003e-05
720.272	0.0	0.0	-1.3993525000000003e-05
720.412	0.0	0.0	-1.6337750000000005e-05
720.642	0.0	0.0	-1.91685e-05
720.582	0.0	0.0	-1.8424250000000002e-05
720.612	0.0	0.0	-1.8746000000000003e-05
720.752	0.0	0.0	-1.7551625e-05
720.972	0.0	0.0	-1.4088912500000002e-05
720.912	0.0	0.0	-1.4988675000000003e-05
720.942	0.0	0.0	-1.45543125e-05
721.082	0.0	0.0	-1.0069475e-05
721.312	0.0	0.0	-1.8640375000000004e-06
721.252	0.0	0.0	-3.8923625e-06
721.282	0.0	0.0	-2.8520375000000005e-06
721.422	0.0	0.0	2.50185e-06
721.652	0.0	0.0	1.1178050000000002e-05
721.592	0.0	0.0	8.889725e-06
721.622	0.0	0.0	9.873987500000001e-06
721.752	0.0	0.0	1.34213625e-05
721.982	0.0	0.0	1.8240625000000005e-05
721.922	0.0	0.0	1.69845e-05
721.952	0.0	0.0	1.7587375000000002e-05
722.092	0.0	0.0	1.7613375e-05
722.322	0.0	0.0	1.633125e-05
722.262	0.0	0.0	1.6648125000000002e-05
722.292	0.0	0.0	1.648725e-05
722.432	0.0	0.0	1.3067275000000001e-05
722.662	0.0	0.0	6.564024999999999e-06
722.602	0.0	0.0	8.2836e-06
722.632	0.0	0.0	7.548775e-06
722.762	0.0	0.0	2.8167750000000002e-06
722.992	0.0	0.0	-5.255087500000001e-06
722.932	0.0	0.0	-3.1474625e-06
722.962	0.0	0.0	-4.151875e-06
723.102	0.0	0.0	-8.0114125e-06
723.332	0.0	0.0	-1.36693375e-05
723.272	0.0	0.0	-1.2263062499999999e-05
723.302	0.0	0.0	-1.29751375e-05
723.442	0.0	0.0	-1.3962650000000001e-05
723.672	0.0	0.0	-1.4548950000000002e-05
723.612	0.0	0.0	-1.4393599999999999e-05
723.642	0.0	0.0	-1.4459575000000001e-05
723.772	0.0	0.0	-1.26813375e-05
724.002	0.0	0.0	-8.646950000000002e-06
723.942	0.0	0.0	-9.703037500000001e-06
723.972	0.0	0.0	-9.2028625e-06
724.112	0.0	0.0	-5.6850625e-06
724.342	0.0	0.0	4.1109249999999997e-07
724.282	0.0	0.0	-1.10810375e-06
724.312	0.0	0.0	-3.4370375e-07
724.452	0.0	0.0	2.8221375000000006e-06
724.682	0.0	0.0	7.652450000000002e-06
724.622	0.0	0.0	6.368862500000001e-06
724.652	0.0	0.0	6.91015e-06
724.782	0.0	0.0	8.3702125e-06
725.012	0.0	0.0	9.925175000000001e-06
724.952	0.0	0.0	9.516975000000002e-06
724.982	0.0	0.0	9.709050000000002e-06
725.122	0.0	0.0	9.0790375e-06
725.352	0.0	0.0	7.3324875e-06
725.292	0.0	0.0	7.768637500000001e-06
725.322	0.0	0.0	7.5502375e-06
725.462	0.0	0.0	5.548725000000001e-06
725.692	0.0	0.0	1.967875e-06
725.632	0.0	0.0	2.9261375000000007e-06
725.652	0.0	0.0	2.5285e-06
725.792	0.0	0.0	3.785925e-07
726.022	0.0	0.0	-3.08945e-06
725.962	0.0	0.0	-2.1916375e-06
725.992	0.0	0.0	-2.6261625000000003e-06
726.132	0.0	0.0	-4.078425e-06
726.362	0.0	0.0	-6.0919625e-06
726.302	0.0	0.0	-5.559450000000001e-06
726.332	0.0	0.0	-5.783375000000001e-06
726.462	0.0	0.0	-6.096837500000001e-06
726.692	0.0	0.0	-6.107237500000001e-06
726.632	0.0	0.0	-6.1044750000000005e-06
726.662	0.0	0.0	-6.105775000000001e-06
726.802	0.0	0.0	-5.2229125000000005e-06
727.032	0.0	0.0	-3.3884499999999997e-06
726.972	0.0	0.0	-3.8488125e-06
727.002	0.0	0.0	-3.6209874999999997e-06
727.142	0.0	0.0	-1.9064500000000002e-06
727.372	0.0	0.0	1.0841675e-06
727.312	0.0	0.0	2.8418000000000005e-07
727.332	0.0	0.0	6.156800000000001e-07
727.472	0.0	0.0	2.4578125e-06
727.702	0.0	0.0	5.456912500000001e-06
727.642	0.0	0.0	4.664400000000001e-06
727.672	0.0	0.0	5.031000000000001e-06
727.812	0.0	0.0	6.253650000000001e-06
728.042	0.0	0.0	7.910175000000003e-06
727.982	0.0	0.0	7.493362500000002e-06
728.012	0.0	0.0	7.698112500000001e-06
728.152	0.0	0.0	7.4764625e-06
728.382	0.0	0.0	6.598962500000001e-06
728.322	0.0	0.0	6.834262500000001e-06
728.342	0.0	0.0	6.7374125e-06
728.482	0.0	0.0	4.977700000000001e-06
728.712	0.0	0.0	1.4282125000000002e-06
728.652	0.0	0.0	2.3684375e-06
728.682	0.0	0.0	1.9361875e-06
728.822	0.0	0.0	-1.06574e-06
729.052	0.0	0.0	-6.264862500000001e-06
728.992	0.0	0.0	-4.953000000000001e-06
729.022	0.0	0.0	-5.593575000000001e-06
729.162	0.0	0.0	-8.394587500000002e-06
729.392	0.0	0.0	-1.2715950000000001e-05
729.332	0.0	0.0	-1.1554237500000001e-05
729.352	0.0	0.0	-1.2029225e-05
729.492	0.0	0.0	-1.3072637499999998e-05
729.722	0.0	0.0	-1.385605e-05
729.662	0.0	0.0	-1.3648050000000002e-05
729.692	0.0	0.0	-1.3743112500000001e-05
729.832	0.0	0.0	-1.171105e-05
730.062	0.0	0.0	-7.2271875e-06
730.002	0.0	0.0	-8.3614375e-06
730.032	0.0	0.0	-7.81105e-06
730.172	0.0	0.0	-2.9539250000000003e-06
730.402	0.0	0.0	5.739825e-06
730.342	0.0	0.0	3.3970625000000004e-06
730.362	0.0	0.0	4.348825000000001e-06
730.502	0.0	0.0	9.8379125e-06
730.732	0.0	0.0	1.8861375e-05
730.672	0.0	0.0	1.6459625000000003e-05
730.702	0.0	0.0	1.7550000000000003e-05
730.842	0.0	0.0	2.0866625000000003e-05
731.072	0.0	0.0	2.5067250000000003e-05
731.012	0.0	0.0	2.4001250000000003e-05
731.042	0.0	0.0	2.451475e-05
731.182	0.0	0.0	2.2867e-05
731.412	0.0	0.0	1.8380375000000003e-05
731.352	0.0	0.0	1.9592625e-05
731.372	0.0	0.0	1.91035e-05
731.512	0.0	0.0	1.2777862500000003e-05
731.742	0.0	0.0	4.0517750000000007e-07
731.682	0.0	0.0	3.7071125e-06
731.712	0.0	0.0	2.2179625000000005e-06
731.852	0.0	0.0	-6.795750000000001e-06
732.082	0.0	0.0	-2.1931e-05
732.022	0.0	0.0	-1.8083000000000003e-05
732.052	0.0	0.0	-1.9925750000000005e-05
732.192	0.0	0.0	-2.657525e-05
732.422	0.0	0.0	-3.6075e-05
732.362	0.0	0.0	-3.3502625e-05
732.382	0.0	0.0	-3.4534500000000006e-05
732.522	0.0	0.0	-3.51585e-05
732.752	0.0	0.0	-3.3128875000000006e-05
732.692	0.0	0.0	-3.3671625000000006e-05
732.722	0.0	0.0	-3.34295e-05
732.862	0.0	0.0	-2.6355875e-05
733.092	0.0	0.0	-1.2076837500000002e-05
733.032	0.0	0.0	-1.5717487500000002e-05
733.062	0.0	0.0	-1.3984425000000003e-05
733.202	0.0	0.0	-2.3214750000000005e-06
733.432	0.0	0.0	1.7688125000000003e-05
733.372	0.0	0.0	1.225315e-05
733.392	0.0	0.0	1.4414562500000002e-05
733.532	0.0	0.0	2.4714625000000004e-05
733.762	0.0	0.0	4.0334125000000006e-05
733.702	0.0	0.0	3.6161125000000004e-05
733.732	0.0	0.0	3.8033125e-05
733.872	0.0	0.0	4.163737500000001e-05
734.102	0.0	0.0	4.4383625e-05
734.042	0.0	0.0	4.36735e-05
734.072	0.0	0.0	4.4000125e-05
734.212	0.0	0.0	3.8340250000000006e-05
734.442	0.0	0.0	0.0
734.382	0.0	0.0	2.9061500000000006e-05
734.412	0.0	0.0	2.7569749999999998e-05
734.552	0.0	0.0	0.0
