8732
0.0	0.0	0.0	0.0081214875
0.088	0.0	0.0	0.022647450000000003
0.173	0.0	0.0	0.036794625000000004
0.256	0.0	0.0	0.050455125
0.336	0.0	0.0	0.06376125
0.424	0.0	0.0	0.07058625000000002
0.51	0.0	0.0	0.07724587500000002
0.592	0.0	0.0	0.083677125
0.673	0.0	0.0	0.08993775000000002
0.761	0.0	0.0	0.08616037500000001
0.846	0.0	0.0	0.08248012499999999
0.929	0.0	0.0	0.07892325000000001
1.009	0.0	0.0	0.07545825
1.097	0.0	0.0	0.061301625000000005
1.182	0.0	0.0	0.047475750000000004
1.265	0.0	0.0	0.03408825
1.346	0.0	0.0	0.021032025000000003
1.434	0.0	0.0	0.0005497012500000001
1.519	0.0	0.0	-0.019434187500000002
1.602	0.0	0.0	-0.038760750000000004
1.683	0.0	0.0	-0.057587250000000006
1.77	0.0	0.0	-0.075623625
1.856	0.0	0.0	-0.09322950000000002
1.938	0.0	0.0	-0.11028675
2.019	0.0	0.0	-0.12694500000000003
2.107	0.0	0.0	-0.13172775
2.192	0.0	0.0	-0.13640287500000003
2.275	0.0	0.0	-0.14093625
2.356	0.0	0.0	-0.14535675
2.443	0.0	0.0	-0.12966712500000002
2.529	0.0	0.0	-0.11434237500000002
2.611	0.0	0.0	-0.09947962500000002
2.692	0.0	0.0	-0.08495550000000002
2.779	0.0	0.0	-0.05151562500000001
2.865	0.0	0.0	-0.018788175
2.948	0.0	0.0	0.012976162500000003
3.029	0.0	0.0	0.043995
3.116	0.0	0.0	0.17766525000000002
3.201	0.0	0.0	0.3083325
3.284	0.0	0.0	0.4351725000000001
3.365	0.0	0.0	0.55925625
3.452	0.0	0.0	0.61196625
3.538	0.0	0.0	0.6636262500000001
3.621	0.0	0.0	0.71386875
3.702	0.0	0.0	0.7630612500000001
3.789	0.0	0.0	0.7174387500000001
3.875	0.0	0.0	0.6727612500000001
3.958	0.0	0.0	0.6293700000000001
4.039	0.0	0.0	0.5869500000000001
4.126	0.0	0.0	0.45241875
4.211	0.0	0.0	0.32069625
4.294	0.0	0.0	0.19250175
4.375	0.0	0.0	0.066861375
4.462	0.0	0.0	-0.09555787500000001
4.547	0.0	0.0	-0.25487175000000006
4.631	0.0	0.0	-0.4099987500000001
4.712	0.0	0.0	-0.561855
4.799	0.0	0.0	-0.6661462499999999
4.884	0.0	0.0	-0.7683112500000001
4.967	0.0	0.0	-0.8678250000000001
5.048	0.0	0.0	-0.9654225
5.135	0.0	0.0	-0.9498037500000001
5.22	0.0	0.0	-0.9344737500000001
5.303	0.0	0.0	-0.9195112500000001
5.385	0.0	0.0	-0.9048112500000002
5.472	0.0	0.0	-0.7684162500000001
5.557	0.0	0.0	-0.6346200000000001
5.64	0.0	0.0	-0.50418375
5.722	0.0	0.0	-0.3763725
5.809	0.0	0.0	-0.18664537500000003
5.894	0.0	0.0	-0.0004086600000000001
5.976	0.0	0.0	0.18142424999999998
6.058	0.0	0.0	0.36007125000000006
6.145	0.0	0.0	0.5056800000000001
6.23	0.0	0.0	0.6488212500000001
6.313	0.0	0.0	0.7886287500000001
6.395	0.0	0.0	0.9258637500000002
6.481	0.0	0.0	0.951195
6.566	0.0	0.0	0.9760275
6.649	0.0	0.0	1.000335
6.731	0.0	0.0	1.0241962500000001
6.817	0.0	0.0	0.9201675000000002
6.903	0.0	0.0	0.81774
6.986	0.0	0.0	0.71749125
7.068	0.0	0.0	0.61884375
7.155	0.0	0.0	0.4463025000000001
7.24	0.0	0.0	0.27662250000000005
7.323	0.0	0.0	0.110733
7.405	0.0	0.0	-0.052271625
7.491	0.0	0.0	-0.19818225000000003
7.576	0.0	0.0	-0.34174875
7.659	0.0	0.0	-0.48234375000000007
7.741	0.0	0.0	-0.6208650000000001
7.827	0.0	0.0	-0.67113375
7.912	0.0	0.0	-0.7206675
7.996	0.0	0.0	-0.7692300000000001
8.078	0.0	0.0	-0.8170050000000001
8.164	0.0	0.0	-0.7626675
8.249	0.0	0.0	-0.7091962500000001
8.332	0.0	0.0	-0.6567487500000001
8.414	0.0	0.0	-0.60508875
8.5	0.0	0.0	-0.49145250000000007
8.585	0.0	0.0	-0.379365
8.669	0.0	0.0	-0.26932500000000004
8.751	0.0	0.0	-0.16084425000000002
8.837	0.0	0.0	-0.042567
8.922	0.0	0.0	0.074022375
9.005	0.0	0.0	0.188454
9.088	0.0	0.0	0.30127125
9.174	0.0	0.0	0.39293625000000004
9.258	0.0	0.0	0.48339375000000007
9.342	0.0	0.0	0.57225
9.424	0.0	0.0	0.659925
9.51	0.0	0.0	0.6961500000000002
9.595	0.0	0.0	0.73192875
9.678	0.0	0.0	0.7670775000000001
9.761	0.0	0.0	0.8017800000000002
9.847	0.0	0.0	0.7334512500000001
9.931	0.0	0.0	0.6659887500000001
10.015	0.0	0.0	0.59962875
10.097	0.0	0.0	0.5340825000000001
10.183	0.0	0.0	0.33702375
10.268	0.0	0.0	0.14232487500000002
10.351	0.0	0.0	-0.04931850000000001
10.434	0.0	0.0	-0.23870700000000006
10.52	0.0	0.0	-0.50245125
10.604	0.0	0.0	-0.7632187500000001
10.688	0.0	0.0	-1.020075
10.77	0.0	0.0	-1.2740175000000002
10.856	0.0	0.0	-1.454565
10.941	0.0	0.0	-1.63314375
11.024	0.0	0.0	-1.80915
11.107	0.0	0.0	-1.9832137500000004
11.193	0.0	0.0	-1.9200562500000005
11.277	0.0	0.0	-1.8575812500000004
11.361	0.0	0.0	-1.79594625
11.444	0.0	0.0	-1.73494125
11.529	0.0	0.0	-1.37172
11.614	0.0	0.0	-1.0121475000000002
11.697	0.0	0.0	-0.6573
11.78	0.0	0.0	-0.3059175
11.866	0.0	0.0	0.23334675000000005
11.95	0.0	0.0	0.767445
12.034	0.0	0.0	1.29488625
12.117	0.0	0.0	1.8173925000000002
12.202	0.0	0.0	2.2550850000000002
12.287	0.0	0.0	2.6887875
12.371	0.0	0.0	3.1174500000000007
12.453	0.0	0.0	3.5421750000000003
12.539	0.0	0.0	3.5841750000000006
12.623	0.0	0.0	3.6256500000000007
12.707	0.0	0.0	3.6668625000000006
12.79	0.0	0.0	3.7075500000000003
12.875	0.0	0.0	3.2256000000000005
12.96	0.0	0.0	2.7473250000000005
13.044	0.0	0.0	2.27432625
13.127	0.0	0.0	1.8049237500000004
13.212	0.0	0.0	0.9544500000000001
13.296	0.0	0.0	0.11053350000000002
13.38	0.0	0.0	-0.7249462500000001
13.463	0.0	0.0	-1.55418375
13.548	0.0	0.0	-2.3661750000000006
13.633	0.0	0.0	-3.1723125000000003
13.717	0.0	0.0	-3.9708375000000005
13.8	0.0	0.0	-4.7641125
13.885	0.0	0.0	-5.0736
13.969	0.0	0.0	-5.380987500000002
14.053	0.0	0.0	-5.68575
14.136	0.0	0.0	-5.988675000000001
14.221	0.0	0.0	-5.535075000000001
14.306	0.0	0.0	-5.084100000000001
14.39	0.0	0.0	-4.636800000000001
14.473	0.0	0.0	-4.192387500000001
14.558	0.0	0.0	-3.1027500000000003
14.642	0.0	0.0	-2.0196750000000003
14.726	0.0	0.0	-0.9445012500000001
14.81	0.0	0.0	0.12484762500000002
14.894	0.0	0.0	1.3496700000000001
14.979	0.0	0.0	2.567985
15.063	0.0	0.0	3.7781625000000005
15.146	0.0	0.0	4.9822500000000005
15.231	0.0	0.0	5.701237500000001
15.315	0.0	0.0	6.416550000000001
15.399	0.0	0.0	7.127662500000001
15.483	0.0	0.0	7.835625000000001
15.567	0.0	0.0	7.6072500000000005
15.652	0.0	0.0	7.3796625
15.736	0.0	0.0	7.153387500000001
15.819	0.0	0.0	6.928162500000001
15.904	0.0	0.0	5.776575
15.988	0.0	0.0	4.6297125
16.072	0.0	0.0	3.4881000000000006
16.156	0.0	0.0	2.35060875
16.241	0.0	0.0	0.7976325000000001
16.325	0.0	0.0	-0.75009375
16.409	0.0	0.0	-2.291415
16.493	0.0	0.0	-3.8283000000000005
16.577	0.0	0.0	-5.0050875
16.661	0.0	0.0	-6.178725
16.745	0.0	0.0	-7.347900000000001
16.829	0.0	0.0	-8.51445
16.914	0.0	0.0	-8.681925
16.998	0.0	0.0	-8.848875000000001
17.082	0.0	0.0	-9.0155625
17.166	0.0	0.0	-9.1819875
17.25	0.0	0.0	-8.198925000000001
17.334	0.0	0.0	-7.2179625000000005
17.418	0.0	0.0	-6.2391000000000005
17.502	0.0	0.0	-5.26155
17.587	0.0	0.0	-3.5797125000000003
17.671	0.0	0.0	-1.9001062500000003
17.755	0.0	0.0	-0.223285125
17.839	0.0	0.0	1.4517825000000002
17.923	0.0	0.0	3.0016875000000005
18.007	0.0	0.0	4.5499125000000005
18.091	0.0	0.0	6.096825
18.175	0.0	0.0	7.64295
18.26	0.0	0.0	8.2753125
18.344	0.0	0.0	8.907150000000001
18.428	0.0	0.0	9.538987500000001
18.512	0.0	0.0	10.170825
18.596	0.0	0.0	9.556575
18.68	0.0	0.0	8.942325000000002
18.764	0.0	0.0	8.3278125
18.849	0.0	0.0	7.7133
18.933	0.0	0.0	6.1564125
19.017	0.0	0.0	4.5984750000000005
19.101	0.0	0.0	3.0394875000000003
19.185	0.0	0.0	1.47863625
19.269	0.0	0.0	-0.23978062500000002
19.353	0.0	0.0	-1.9599825000000002
19.437	0.0	0.0	-3.6828750000000006
19.522	0.0	0.0	-5.40855
19.606	0.0	0.0	-6.4351875000000005
19.69	0.0	0.0	-7.463400000000001
19.774	0.0	0.0	-8.4937125
19.858	0.0	0.0	-9.5258625
19.942	0.0	0.0	-9.3741375
20.026	0.0	0.0	-9.221887500000001
20.111	0.0	0.0	-9.069112500000001
20.195	0.0	0.0	-8.916075000000001
20.279	0.0	0.0	-7.7043750000000015
20.363	0.0	0.0	-6.489262500000001
20.447	0.0	0.0	-5.26995
20.532	0.0	0.0	-4.0469625
20.615	0.0	0.0	-2.4163912500000007
20.699	0.0	0.0	-0.7810687500000001
20.784	0.0	0.0	0.8610787500000001
20.868	0.0	0.0	2.508765
20.952	0.0	0.0	3.740887500000001
21.036	0.0	0.0	4.977
21.12	0.0	0.0	6.219412500000001
21.205	0.0	0.0	7.466550000000001
21.288	0.0	0.0	7.730100000000001
21.372	0.0	0.0	7.994700000000001
21.457	0.0	0.0	8.260875
21.541	0.0	0.0	8.5281
21.625	0.0	0.0	7.7713125000000005
21.709	0.0	0.0	7.0111125
21.793	0.0	0.0	6.2461875000000004
21.878	0.0	0.0	5.4775875
21.961	0.0	0.0	4.1540625
22.045	0.0	0.0	2.8239750000000003
22.13	0.0	0.0	1.48488375
22.215	0.0	0.0	0.13867875000000002
22.298	0.0	0.0	-1.0613662500000003
22.382	0.0	0.0	-2.2679475000000004
22.466	0.0	0.0	-3.4833750000000006
22.551	0.0	0.0	-4.7061
22.634	0.0	0.0	-5.223225
22.718	0.0	0.0	-5.7435
22.803	0.0	0.0	-6.268237500000001
22.888	0.0	0.0	-6.7958625
22.971	0.0	0.0	-6.4672125000000005
23.055	0.0	0.0	-6.136462500000001
23.139	0.0	0.0	-5.802825000000001
23.224	0.0	0.0	-5.466825000000001
23.307	0.0	0.0	-4.561987500000001
23.391	0.0	0.0	-3.6505875000000003
23.476	0.0	0.0	-2.7307875
23.561	0.0	0.0	-1.8041887500000002
23.644	0.0	0.0	-0.83538
23.728	0.0	0.0	0.14074725
23.812	0.0	0.0	1.12672875
23.897	0.0	0.0	2.1203700000000003
23.98	0.0	0.0	2.6851125000000002
24.064	0.0	0.0	3.2544750000000002
24.149	0.0	0.0	3.8296125
24.234	0.0	0.0	4.4097375
24.317	0.0	0.0	4.374300000000001
24.401	0.0	0.0	4.3388625
24.485	0.0	0.0	4.3029
24.571	0.0	0.0	4.266675
24.654	0.0	0.0	3.7621500000000005
24.737	0.0	0.0	3.252900000000001
24.822	0.0	0.0	2.737875
24.907	0.0	0.0	2.2179412500000004
24.99	0.0	0.0	1.57906875
25.074	0.0	0.0	0.93415875
25.158	0.0	0.0	0.28108500000000003
25.244	0.0	0.0	-0.37828875000000006
25.327	0.0	0.0	-0.8195775000000002
25.41	0.0	0.0	-1.2652500000000002
25.495	0.0	0.0	-1.7168550000000002
25.58	0.0	0.0	-2.1730275
25.663	0.0	0.0	-2.25645
25.747	0.0	0.0	-2.3407650000000007
25.831	0.0	0.0	-2.426235
25.917	0.0	0.0	-2.5125975
26.0	0.0	0.0	-2.29509
26.083	0.0	0.0	-2.0751937500000004
26.168	0.0	0.0	-1.8520950000000003
26.254	0.0	0.0	-1.6265025000000002
26.336	0.0	0.0	-1.30218375
26.42	0.0	0.0	-0.9741375000000001
26.504	0.0	0.0	-0.64113
26.59	0.0	0.0	-0.30429
26.673	0.0	0.0	-0.06665137500000001
26.756	0.0	0.0	0.173817
26.841	0.0	0.0	0.41811000000000004
26.927	0.0	0.0	0.6653587500000001
27.009	0.0	0.0	0.730275
27.093	0.0	0.0	0.7960050000000001
27.177	0.0	0.0	0.8628374999999999
27.263	0.0	0.0	0.9304837500000002
27.346	0.0	0.0	0.8622600000000001
27.429	0.0	0.0	0.7931175000000001
27.514	0.0	0.0	0.7227937500000001
27.6	0.0	0.0	0.65155125
27.682	0.0	0.0	0.5487825000000001
27.766	0.0	0.0	0.44464875000000004
27.851	0.0	0.0	0.33865125
27.937	0.0	0.0	0.23121787500000002
28.019	0.0	0.0	0.14892412500000002
28.102	0.0	0.0	0.065464875
28.187	0.0	0.0	-0.019570425000000002
28.273	0.0	0.0	-0.10583475000000002
28.355	0.0	0.0	-0.184393125
28.439	0.0	0.0	-0.264075
28.524	0.0	0.0	-0.34526625
28.61	0.0	0.0	-0.42756000000000005
28.692	0.0	0.0	-0.4840237500000001
28.775	0.0	0.0	-0.5413275000000001
28.86	0.0	0.0	-0.5997600000000001
28.946	0.0	0.0	-0.6591375000000002
29.028	0.0	0.0	-0.6346725000000001
29.112	0.0	0.0	-0.60981375
29.197	0.0	0.0	-0.58445625
29.283	0.0	0.0	-0.5587312500000001
29.365	0.0	0.0	-0.43504125000000005
29.448	0.0	0.0	-0.3094875
29.533	0.0	0.0	-0.181321875
29.619	0.0	0.0	-0.05104050000000001
29.701	0.0	0.0	0.11755275000000001
29.784	0.0	0.0	0.2891437500000001
29.869	0.0	0.0	0.46462500000000007
29.956	0.0	0.0	0.6430725
30.038	0.0	0.0	0.75875625
30.121	0.0	0.0	0.8763562500000001
30.207	0.0	0.0	0.99647625
30.293	0.0	0.0	1.1184862500000001
30.375	0.0	0.0	1.102815
30.458	0.0	0.0	1.08688125
30.543	0.0	0.0	1.07058
30.629	0.0	0.0	1.05396375
30.711	0.0	0.0	0.90139875
30.794	0.0	0.0	0.7459725000000001
30.879	0.0	0.0	0.5868450000000001
30.966	0.0	0.0	0.4249875
31.048	0.0	0.0	0.21052762500000002
31.13	0.0	0.0	-0.007747950000000001
31.215	0.0	0.0	-0.23130975000000004
31.302	0.0	0.0	-0.4590600000000001
31.384	0.0	0.0	-0.6232800000000001
31.467	0.0	0.0	-0.7908337500000001
31.552	0.0	0.0	-0.9627450000000001
31.639	0.0	0.0	-1.13796375
31.721	0.0	0.0	-1.1652375000000001
31.804	0.0	0.0	-1.1930100000000001
31.889	0.0	0.0	-1.2214912500000001
31.976	0.0	0.0	-1.2504975
32.057	0.0	0.0	-1.1292487500000001
32.14	0.0	0.0	-1.0056375
32.225	0.0	0.0	-0.8786925000000001
32.312	0.0	0.0	-0.74914875
32.393	0.0	0.0	-0.54602625
32.477	0.0	0.0	-0.33854625
32.562	0.0	0.0	-0.125467125
32.649	0.0	0.0	0.09176737500000001
32.73	0.0	0.0	0.2700075
32.813	0.0	0.0	0.45186750000000003
32.898	0.0	0.0	0.6387150000000001
32.985	0.0	0.0	0.8295525
33.066	0.0	0.0	0.8973825000000002
33.149	0.0	0.0	0.96676125
33.235	0.0	0.0	1.0381875
33.322	0.0	0.0	1.11113625
33.403	0.0	0.0	1.04559
33.486	0.0	0.0	0.9786
33.572	0.0	0.0	0.9097725000000001
33.659	0.0	0.0	0.8395012500000001
33.74	0.0	0.0	0.65375625
33.823	0.0	0.0	0.46383750000000007
33.908	0.0	0.0	0.26819625
33.995	0.0	0.0	0.06808200000000002
34.076	0.0	0.0	0.0191375625
34.159	0.0	0.0	-0.030982875000000003
34.245	0.0	0.0	-0.08262187500000001
34.332	0.0	0.0	-0.135387
34.413	0.0	0.0	-0.15999375000000002
34.495	0.0	0.0	-0.18517275000000002
34.581	0.0	0.0	-0.21113137500000004
34.668	0.0	0.0	-0.237712125
34.749	0.0	0.0	-0.23137537500000002
34.832	0.0	0.0	-0.22488375000000002
34.917	0.0	0.0	-0.21818212500000003
35.005	0.0	0.0	-0.21133087500000003
35.086	0.0	0.0	-0.18364762500000004
35.168	0.0	0.0	-0.15530025000000003
35.254	0.0	0.0	-0.126039375
35.341	0.0	0.0	-0.096061875
35.422	0.0	0.0	-0.06486900000000001
35.505	0.0	0.0	-0.032846625
35.59	0.0	0.0	0.0002654925
35.678	0.0	0.0	0.03420375
35.759	0.0	0.0	0.053531625000000006
35.842	0.0	0.0	0.07335037500000001
35.927	0.0	0.0	0.093814875
36.015	0.0	0.0	0.11476762500000003
36.095	0.0	0.0	0.116342625
36.178	0.0	0.0	0.117957
36.263	0.0	0.0	0.1196265
36.351	0.0	0.0	0.12134325000000001
36.432	0.0	0.0	0.10959637500000001
36.514	0.0	0.0	0.09752400000000001
36.6	0.0	0.0	0.085029
36.688	0.0	0.0	0.072221625
36.768	0.0	0.0	0.05671575
36.851	0.0	0.0	0.040795125
36.936	0.0	0.0	0.02430855
37.024	0.0	0.0	0.007379662500000001
37.104	0.0	0.0	-0.0036385125
37.187	0.0	0.0	-0.014979825
37.273	0.0	0.0	-0.026743500000000003
37.361	0.0	0.0	-0.038829
37.442	0.0	0.0	-0.042217875
37.524	0.0	0.0	-0.045701250000000006
37.61	0.0	0.0	-0.04931062500000001
37.698	0.0	0.0	-0.053014500000000006
37.778	0.0	0.0	-0.05028975
37.86	0.0	0.0	-0.04748625000000001
37.946	0.0	0.0	-0.04457512500000001
38.034	0.0	0.0	-0.041582625000000005
38.114	0.0	0.0	-0.035563500000000005
38.197	0.0	0.0	-0.029360625
38.283	0.0	0.0	-0.022919137500000002
38.371	0.0	0.0	-0.01630125
38.451	0.0	0.0	-0.0089331375
38.533	0.0	0.0	-0.00134812125
38.619	0.0	0.0	0.006531525000000001
38.707	0.0	0.0	0.0146414625
38.787	0.0	0.0	0.0212496375
38.87	0.0	0.0	0.028069125000000004
38.956	0.0	0.0	0.035167125
39.044	0.0	0.0	0.042472499999999996
39.124	0.0	0.0	0.045105375
39.207	0.0	0.0	0.047819625000000004
39.293	0.0	0.0	0.05063887500000001
39.381	0.0	0.0	0.053539500000000004
39.461	0.0	0.0	0.04974112500000001
39.543	0.0	0.0	0.045824625
39.629	0.0	0.0	0.041745375
39.717	0.0	0.0	0.037540125
39.797	0.0	0.0	0.028021875
39.879	0.0	0.0	0.018187575
39.965	0.0	0.0	0.00794325
40.054	0.0	0.0	-0.0026067562500000003
40.134	0.0	0.0	-0.013447875000000001
40.216	0.0	0.0	-0.024636937500000004
40.302	0.0	0.0	-0.036298500000000004
40.39	0.0	0.0	-0.048328875
40.47	0.0	0.0	-0.05462100000000001
40.552	0.0	0.0	-0.061131000000000005
40.638	0.0	0.0	-0.06792975000000001
40.727	0.0	0.0	-0.07494375000000002
40.807	0.0	0.0	-0.07262062500000001
40.889	0.0	0.0	-0.070216125
40.975	0.0	0.0	-0.067711875
41.064	0.0	0.0	-0.065128875
41.143	0.0	0.0	-0.054618375000000004
41.226	0.0	0.0	-0.043750875
41.311	0.0	0.0	-0.032395125000000004
41.4	0.0	0.0	-0.020661112500000002
41.48	0.0	0.0	-0.0068698875000000005
41.562	0.0	0.0	0.0074153625
41.648	0.0	0.0	0.0223432125
41.737	0.0	0.0	0.037750125
41.816	0.0	0.0	0.04772775
41.898	0.0	0.0	0.0580545
41.984	0.0	0.0	0.06885375
42.073	0.0	0.0	0.08002050000000001
42.152	0.0	0.0	0.080892
42.235	0.0	0.0	0.081795
42.321	0.0	0.0	0.08273737500000002
42.41	0.0	0.0	0.08371387500000001
42.489	0.0	0.0	0.07480987500000001
42.571	0.0	0.0	0.06558562500000001
42.657	0.0	0.0	0.055930875000000005
42.746	0.0	0.0	0.045937500000000006
42.825	0.0	0.0	0.031691625
42.907	0.0	0.0	0.016894500000000003
42.994	0.0	0.0	0.00137762625
43.083	0.0	0.0	-0.01468635
43.162	0.0	0.0	-0.027079500000000003
43.245	0.0	0.0	-0.03993412500000001
43.331	0.0	0.0	-0.05339775000000001
43.42	0.0	0.0	-0.06732075000000001
43.499	0.0	0.0	-0.0716415
43.581	0.0	0.0	-0.076127625
43.667	0.0	0.0	-0.08083425000000001
43.756	0.0	0.0	-0.085714125
43.835	0.0	0.0	-0.080149125
43.917	0.0	0.0	-0.07436100000000001
44.004	0.0	0.0	-0.06828675
44.093	0.0	0.0	-0.061997250000000004
44.172	0.0	0.0	-0.049819875000000007
44.254	0.0	0.0	-0.03717
44.34	0.0	0.0	-0.0238835625
44.429	0.0	0.0	-0.010103887500000002
44.508	0.0	0.0	0.0022780800000000005
44.59	0.0	0.0	0.015171975000000002
44.676	0.0	0.0	0.028738500000000004
44.766	0.0	0.0	0.042813750000000005
44.845	0.0	0.0	0.049326375000000006
44.927	0.0	0.0	0.056098875000000006
45.014	0.0	0.0	0.06321525
45.103	0.0	0.0	0.0705915
45.182	0.0	0.0	0.068625375
45.263	0.0	0.0	0.06658050000000001
45.35	0.0	0.0	0.06442537500000001
45.439	0.0	0.0	0.06218887500000001
45.518	0.0	0.0	0.053691749999999996
45.6	0.0	0.0	0.04483500000000001
45.686	0.0	0.0	0.035508375
45.776	0.0	0.0	0.025828162500000005
45.855	0.0	0.0	0.0158148375
45.936	0.0	0.0	0.0053862375
46.022	0.0	0.0	-0.0056025375
46.112	0.0	0.0	-0.017025487500000002
46.191	0.0	0.0	-0.023506350000000002
46.272	0.0	0.0	-0.030274125000000006
46.359	0.0	0.0	-0.037416750000000006
46.449	0.0	0.0	-0.044842875000000004
46.528	0.0	0.0	-0.045273375000000005
46.61	0.0	0.0	-0.04572225
46.696	0.0	0.0	-0.04619475
46.786	0.0	0.0	-0.04668562500000001
46.864	0.0	0.0	-0.042070875
46.946	0.0	0.0	-0.037256625
47.032	0.0	0.0	-0.032172000000000006
47.122	0.0	0.0	-0.026877375000000005
47.2	0.0	0.0	-0.0205897125
47.282	0.0	0.0	-0.0140182875
47.369	0.0	0.0	-0.007076212500000002
47.459	0.0	0.0	0.00014412037500000002
47.537	0.0	0.0	0.004572487500000001
47.619	0.0	0.0	0.009198000000000001
47.705	0.0	0.0	0.014088900000000001
47.795	0.0	0.0	0.0191856
47.873	0.0	0.0	0.020097
47.955	0.0	0.0	0.021050925
48.042	0.0	0.0	0.022060237500000003
48.132	0.0	0.0	0.0231107625
48.21	0.0	0.0	0.021191100000000004
48.292	0.0	0.0	0.019184287500000004
48.378	0.0	0.0	0.017059875000000002
48.468	0.0	0.0	0.014844900000000003
48.546	0.0	0.0	0.012209925
48.628	0.0	0.0	0.0094479
48.715	0.0	0.0	0.0065197125
48.805	0.0	0.0	0.003465262500000001
48.883	0.0	0.0	0.0019747350000000005
48.965	0.0	0.0	0.0004145137500000001
49.052	0.0	0.0	-0.00123766125
49.142	0.0	0.0	-0.0029591625
49.22	0.0	0.0	-0.0030093000000000003
49.301	0.0	0.0	-0.0030615375
49.388	0.0	0.0	-0.0031171875000000006
49.478	0.0	0.0	-0.0031752000000000004
49.556	0.0	0.0	-0.0034298250000000005
49.638	0.0	0.0	-0.0036973125
49.724	0.0	0.0	-0.003980812500000001
49.815	0.0	0.0	-0.0042769125000000005
49.893	0.0	0.0	-0.004298175
49.974	0.0	0.0	-0.0043202250000000005
50.061	0.0	0.0	-0.004343850000000001
50.151	0.0	0.0	-0.0043682625
50.229	0.0	0.0	-0.003014025
50.31	0.0	0.0	-0.0015907500000000001
50.397	0.0	0.0	-7.686e-05
50.488	0.0	0.0	0.0015057787500000002
50.566	0.0	0.0	0.0036870750000000006
50.648	0.0	0.0	0.0059768625
50.734	0.0	0.0	0.008408925000000001
50.825	0.0	0.0	0.0109491375
50.902	0.0	0.0	0.012431212500000002
50.984	0.0	0.0	0.013987837500000001
51.07	0.0	0.0	0.015645
51.161	0.0	0.0	0.017379862500000003
51.239	0.0	0.0	0.016846725
51.32	0.0	0.0	0.016285762500000002
51.407	0.0	0.0	0.015688312500000003
51.498	0.0	0.0	0.015063825
51.575	0.0	0.0	0.012390525000000003
51.657	0.0	0.0	0.009580462500000001
51.743	0.0	0.0	0.006586912500000001
51.834	0.0	0.0	0.00345135
51.911	0.0	0.0	-9.753975e-05
51.993	0.0	0.0	-0.0038374875000000003
52.08	0.0	0.0	-0.007828275
52.171	0.0	0.0	-0.012009637500000002
52.249	0.0	0.0	-0.0144829125
52.33	0.0	0.0	-0.017086125
52.417	0.0	0.0	-0.019860225000000002
52.508	0.0	0.0	-0.022764000000000003
52.585	0.0	0.0	-0.022694175000000004
52.666	0.0	0.0	-0.0226209375
52.753	0.0	0.0	-0.022542712500000006
52.844	0.0	0.0	-0.022460287500000002
52.921	0.0	0.0	-0.019780162500000004
53.003	0.0	0.0	-0.016952250000000002
53.09	0.0	0.0	-0.013931925000000001
53.181	0.0	0.0	-0.0107667
53.258	0.0	0.0	-0.006856762500000001
53.339	0.0	0.0	-0.0027355125
53.426	0.0	0.0	0.0016690012500000003
53.517	0.0	0.0	0.006292387500000001
53.594	0.0	0.0	0.009415875
53.675	0.0	0.0	0.012716550000000002
53.763	0.0	0.0	0.016249800000000002
53.854	0.0	0.0	0.019959975
53.931	0.0	0.0	0.0207430125
54.013	0.0	0.0	0.0215693625
54.1	0.0	0.0	0.022452675000000002
54.191	0.0	0.0	0.023379562500000003
54.268	0.0	0.0	0.021558337500000004
54.349	0.0	0.0	0.019634475000000002
54.436	0.0	0.0	0.017573325000000004
54.527	0.0	0.0	0.0154063875
54.604	0.0	0.0	0.012047175
54.685	0.0	0.0	0.0084931875
54.772	0.0	0.0	0.0046853625
54.864	0.0	0.0	0.0006863062500000001
54.941	0.0	0.0	-0.0024497025000000004
55.022	0.0	0.0	-0.005764762500000001
55.109	0.0	0.0	-0.009320325
55.2	0.0	0.0	-0.013061475000000001
55.277	0.0	0.0	-0.014512837500000002
55.358	0.0	0.0	-0.016050037500000003
55.445	0.0	0.0	-0.017699325000000002
55.537	0.0	0.0	-0.019432875
55.614	0.0	0.0	-0.018681600000000003
55.695	0.0	0.0	-0.017886487500000003
55.781	0.0	0.0	-0.017032837500000002
55.873	0.0	0.0	-0.0161340375
55.95	0.0	0.0	-0.013758150000000002
56.031	0.0	0.0	-0.011237625000000001
56.118	0.0	0.0	-0.008527050000000001
56.21	0.0	0.0	-0.005672625000000001
56.287	0.0	0.0	-0.0029166375000000003
56.368	0.0	0.0	3.16575e-06
56.455	0.0	0.0	0.0031389750000000004
56.547	0.0	0.0	0.006438337500000001
56.623	0.0	0.0	0.008274525000000001
56.704	0.0	0.0	0.010221750000000002
56.791	0.0	0.0	0.01231755
56.883	0.0	0.0	0.014527537500000002
56.959	0.0	0.0	0.014705775000000003
57.041	0.0	0.0	0.0148950375
57.128	0.0	0.0	0.015099000000000001
57.22	0.0	0.0	0.015313462500000001
57.296	0.0	0.0	0.013861575
57.377	0.0	0.0	0.0123207
57.464	0.0	0.0	0.0106614375
57.556	0.0	0.0	0.008910300000000001
57.632	0.0	0.0	0.0065674875
57.713	0.0	0.0	0.0040747875000000005
57.801	0.0	0.0	0.0013857637500000002
57.893	0.0	0.0	-0.0014523600000000002
57.969	0.0	0.0	-0.0035778750000000003
58.05	0.0	0.0	-0.0058361625
58.138	0.0	0.0	-0.008269275000000001
58.23	0.0	0.0	-0.0108346875
58.306	0.0	0.0	-0.0117345375
58.387	0.0	0.0	-0.01269135
58.474	0.0	0.0	-0.013724550000000002
58.566	0.0	0.0	-0.014816550000000001
58.642	0.0	0.0	-0.014085487500000002
58.723	0.0	0.0	-0.013307175000000003
58.811	0.0	0.0	-0.012466650000000001
58.903	0.0	0.0	-0.011579137500000001
58.979	0.0	0.0	-0.009604612500000002
59.06	0.0	0.0	-0.007503300000000001
59.147	0.0	0.0	-0.0052329375
59.239	0.0	0.0	-0.0028323750000000003
59.315	0.0	0.0	-0.00061805625
59.396	0.0	0.0	0.00174407625
59.483	0.0	0.0	0.004300537500000001
59.576	0.0	0.0	0.00700455
59.652	0.0	0.0	0.00834645
59.733	0.0	0.0	0.009776025
59.821	0.0	0.0	0.011321362500000001
59.913	0.0	0.0	0.012954112500000002
59.989	0.0	0.0	0.0127971375
60.069	0.0	0.0	0.012629925
60.157	0.0	0.0	0.0124485375
60.249	0.0	0.0	0.012256387500000002
60.325	0.0	0.0	0.0108037125
60.406	0.0	0.0	0.0092523375
60.493	0.0	0.0	0.0075715500000000015
60.586	0.0	0.0	0.0057936375000000005
60.661	0.0	0.0	0.0039235875
60.742	0.0	0.0	0.0019279575000000003
60.829	0.0	0.0	-0.000236103
60.922	0.0	0.0	-0.00252979125
60.998	0.0	0.0	-0.0038180625000000003
61.078	0.0	0.0	-0.0051954
61.166	0.0	0.0	-0.006689550000000001
61.259	0.0	0.0	-0.008271637500000002
61.334	0.0	0.0	-0.008422837500000002
61.415	0.0	0.0	-0.008584537500000001
61.502	0.0	0.0	-0.008759625000000002
61.595	0.0	0.0	-0.0089457375
61.67	0.0	0.0	-0.0081375
61.751	0.0	0.0	-0.007272037500000001
61.839	0.0	0.0	-0.006330975000000001
61.932	0.0	0.0	-0.0053326875
62.008	0.0	0.0	-0.0042307125
62.088	0.0	0.0	-0.0030520875
62.176	0.0	0.0	-0.0017723737499999999
62.269	0.0	0.0	-0.00041611500000000005
62.344	0.0	0.0	0.000362985
62.425	0.0	0.0	0.0011970787500000001
62.512	0.0	0.0	0.002104725
62.605	0.0	0.0	0.0030688875
62.68	0.0	0.0	0.0034190625000000002
62.761	0.0	0.0	0.0037947
62.849	0.0	0.0	0.0042034125
62.942	0.0	0.0	0.0046368
63.017	0.0	0.0	0.004671975000000001
63.097	0.0	0.0	0.0047095125000000005
63.185	0.0	0.0	0.0047502
63.278	0.0	0.0	0.004793775
63.353	0.0	0.0	0.0042779625
63.434	0.0	0.0	0.0037243500000000004
63.522	0.0	0.0	0.0031200750000000004
63.615	0.0	0.0	0.0024780262500000002
63.69	0.0	0.0	0.0012226200000000002
63.771	0.0	0.0	-0.00012398400000000002
63.859	0.0	0.0	-0.00159088125
63.952	0.0	0.0	-0.0031486875
64.027	0.0	0.0	-0.00466725
64.107	0.0	0.0	-0.0062979
64.195	0.0	0.0	-0.008077912500000001
64.288	0.0	0.0	-0.0099729
64.363	0.0	0.0	-0.010761187500000002
64.444	0.0	0.0	-0.011608799999999999
64.531	0.0	0.0	-0.012534375000000002
64.625	0.0	0.0	-0.013518225000000002
64.7	0.0	0.0	-0.012706312500000002
64.78	0.0	0.0	-0.011834025000000001
64.868	0.0	0.0	-0.010880887500000002
64.961	0.0	0.0	-0.009865800000000001
65.036	0.0	0.0	-0.007429275000000001
65.116	0.0	0.0	-0.0048048000000000006
65.204	0.0	0.0	-0.0019329187500000003
65.298	0.0	0.0	0.001126545
65.373	0.0	0.0	0.0041251875
65.453	0.0	0.0	0.0073510500000000005
65.541	0.0	0.0	0.010876425
65.635	0.0	0.0	0.014628075
65.709	0.0	0.0	0.016485525
65.79	0.0	0.0	0.018485249999999998
65.877	0.0	0.0	0.02067555
65.971	0.0	0.0	0.023012325000000004
66.046	0.0	0.0	0.022414350000000003
66.126	0.0	0.0	0.021769387500000004
66.214	0.0	0.0	0.021063000000000005
66.308	0.0	0.0	0.0203104125
66.382	0.0	0.0	0.0171850875
66.462	0.0	0.0	0.013817212500000002
66.55	0.0	0.0	0.0101262
66.644	0.0	0.0	0.006186600000000001
66.718	0.0	0.0	0.0019219200000000001
66.799	0.0	0.0	-0.0026851125
66.887	0.0	0.0	-0.007742437500000001
66.981	0.0	0.0	-0.013141537500000001
67.056	0.0	0.0	-0.0163393125
67.136	0.0	0.0	-0.01978935
67.224	0.0	0.0	-0.0235717125
67.318	0.0	0.0	-0.027604500000000004
67.392	0.0	0.0	-0.027909000000000003
67.472	0.0	0.0	-0.028234500000000003
67.56	0.0	0.0	-0.028594124999999998
67.654	0.0	0.0	-0.028980000000000002
67.728	0.0	0.0	-0.026046825000000006
67.809	0.0	0.0	-0.022875825000000002
67.897	0.0	0.0	-0.019391400000000003
67.991	0.0	0.0	-0.01567125
68.065	0.0	0.0	-0.010913437500000001
68.145	0.0	0.0	-0.0057708
68.233	0.0	0.0	-0.00011447100000000002
68.327	0.0	0.0	0.0059364375
68.401	0.0	0.0	0.0101175375
68.481	0.0	0.0	0.014645400000000001
68.57	0.0	0.0	0.019627387500000003
68.664	0.0	0.0	0.024951150000000002
68.738	0.0	0.0	0.026399625000000003
68.818	0.0	0.0	0.027969375000000005
68.906	0.0	0.0	0.029694
69.0	0.0	0.0	0.031542
69.074	0.0	0.0	0.0295785
69.154	0.0	0.0	0.027449625000000002
69.242	0.0	0.0	0.025100775
69.337	0.0	0.0	0.0225862875
69.411	0.0	0.0	0.0183033375
69.491	0.0	0.0	0.013664175000000002
69.58	0.0	0.0	0.008554875
69.674	0.0	0.0	0.0030898875000000005
69.748	0.0	0.0	-0.00122002125
69.827	0.0	0.0	-0.0058933875000000005
69.916	0.0	0.0	-0.011051512500000001
70.01	0.0	0.0	-0.016581862500000003
70.084	0.0	0.0	-0.0188078625
70.164	0.0	0.0	-0.021225225
70.252	0.0	0.0	-0.023893800000000003
70.347	0.0	0.0	-0.026751375
70.421	0.0	0.0	-0.025981462500000007
70.5	0.0	0.0	-0.025146187500000004
70.588	0.0	0.0	-0.024223762500000003
70.683	0.0	0.0	-0.0232341375
70.757	0.0	0.0	-0.0201901875
70.837	0.0	0.0	-0.016878487500000004
70.925	0.0	0.0	-0.013214775000000002
71.02	0.0	0.0	-0.009284362500000002
71.094	0.0	0.0	-0.0057469125
71.174	0.0	0.0	-0.0019041487500000003
71.262	0.0	0.0	0.0023417625
71.357	0.0	0.0	0.006892462500000001
71.43	0.0	0.0	0.009104025000000002
71.51	0.0	0.0	0.01150905
71.598	0.0	0.0	0.014172112500000002
71.693	0.0	0.0	0.017033100000000002
71.766	0.0	0.0	0.0171010875
71.846	0.0	0.0	0.017174850000000002
71.935	0.0	0.0	0.0172564875
72.03	0.0	0.0	0.017344162500000003
72.103	0.0	0.0	0.015679125000000002
72.183	0.0	0.0	0.013866825000000003
72.271	0.0	0.0	0.0118587
72.366	0.0	0.0	0.009700162500000001
72.439	0.0	0.0	0.007523250000000001
72.519	0.0	0.0	0.0051478875
72.608	0.0	0.0	0.0025117312500000004
72.703	0.0	0.0	-0.00032237625
72.776	0.0	0.0	-0.00182009625
72.856	0.0	0.0	-0.0034518750000000005
72.945	0.0	0.0	-0.0052607625
73.04	0.0	0.0	-0.007203525000000001
73.113	0.0	0.0	-0.007509337500000001
73.192	0.0	0.0	-0.007842975000000002
73.281	0.0	0.0	-0.008213624999999999
73.376	0.0	0.0	-0.008612625
73.449	0.0	0.0	-0.0080154375
73.529	0.0	0.0	-0.007362862500000001
73.618	0.0	0.0	-0.006638100000000001
73.713	0.0	0.0	-0.0058590000000000005
73.786	0.0	0.0	-0.0049420875
73.865	0.0	0.0	-0.003941175000000001
73.954	0.0	0.0	-0.0028279125
74.049	0.0	0.0	-0.0016288125000000003
74.122	0.0	0.0	-0.0006986437500000001
74.202	0.0	0.0	0.00031875375
74.29	0.0	0.0	0.0014505225
74.386	0.0	0.0	0.0026685750000000003
74.459	0.0	0.0	0.0034912500000000004
74.538	0.0	0.0	0.0043903125
74.627	0.0	0.0	0.005391225
74.722	0.0	0.0	0.0064701
74.795	0.0	0.0	0.0068089875000000005
74.874	0.0	0.0	0.007180425000000001
74.963	0.0	0.0	0.007594387500000001
75.059	0.0	0.0	0.008040637500000001
75.132	0.0	0.0	0.00744135
75.212	0.0	0.0	0.006785625000000002
75.3	0.0	0.0	0.006055350000000001
75.396	0.0	0.0	0.005268900000000001
75.468	0.0	0.0	0.0037566375000000008
75.548	0.0	0.0	0.00210018375
75.636	0.0	0.0	0.00025162462500000004
75.732	0.0	0.0	-0.0017441550000000003
75.805	0.0	0.0	-0.0034936125000000003
75.884	0.0	0.0	-0.00541275
75.973	0.0	0.0	-0.007554487500000001
76.069	0.0	0.0	-0.0098639625
76.141	0.0	0.0	-0.0108189375
76.221	0.0	0.0	-0.0118657875
76.309	0.0	0.0	-0.0130349625
76.405	0.0	0.0	-0.014297587500000002
76.477	0.0	0.0	-0.013730062500000003
76.557	0.0	0.0	-0.013106362500000001
76.646	0.0	0.0	-0.012408637500000002
76.742	0.0	0.0	-0.011655
76.815	0.0	0.0	-0.009636375
76.894	0.0	0.0	-0.007421400000000001
76.983	0.0	0.0	-0.004947075
77.079	0.0	0.0	-0.00227661
77.151	0.0	0.0	0.00023341500000000003
77.23	0.0	0.0	0.002990925
77.319	0.0	0.0	0.006078187500000001
77.415	0.0	0.0	0.009418237500000001
77.487	0.0	0.0	0.011113725000000001
77.567	0.0	0.0	0.012979575
77.656	0.0	0.0	0.015068287500000001
77.752	0.0	0.0	0.017325000000000004
77.824	0.0	0.0	0.0172326
77.903	0.0	0.0	0.0171310125
77.992	0.0	0.0	0.01701735
78.088	0.0	0.0	0.016894237500000003
78.16	0.0	0.0	0.014970375000000001
78.239	0.0	0.0	0.012850162500000002
78.329	0.0	0.0	0.0104708625
78.425	0.0	0.0	0.0078952125
78.497	0.0	0.0	0.0050662500000000004
78.577	0.0	0.0	0.0019522912500000002
78.666	0.0	0.0	-0.0015373312500000002
78.762	0.0	0.0	-0.005311425000000001
78.834	0.0	0.0	-0.007597275000000001
78.913	0.0	0.0	-0.010116225000000001
79.002	0.0	0.0	-0.012945712500000001
79.098	0.0	0.0	-0.016012762500000003
79.17	0.0	0.0	-0.0166165125
79.249	0.0	0.0	-0.017283
79.338	0.0	0.0	-0.018031650000000003
79.435	0.0	0.0	-0.01884225
79.507	0.0	0.0	-0.017479350000000005
79.586	0.0	0.0	-0.015976537500000002
79.675	0.0	0.0	-0.014287350000000002
79.771	0.0	0.0	-0.0124551
79.843	0.0	0.0	-0.009847162500000003
79.922	0.0	0.0	-0.0069638625
80.011	0.0	0.0	-0.0037180500000000005
80.108	0.0	0.0	-0.00019738162500000002
80.18	0.0	0.0	0.0023373525000000006
80.259	0.0	0.0	0.0051358125
80.348	0.0	0.0	0.008281875000000001
80.445	0.0	0.0	0.0116914875
80.516	0.0	0.0	0.012906600000000002
80.595	0.0	0.0	0.01424955
80.684	0.0	0.0	0.015762862500000002
80.781	0.0	0.0	0.017406637500000002
80.853	0.0	0.0	0.0167937
80.932	0.0	0.0	0.0161151375
81.021	0.0	0.0	0.015350737500000001
81.118	0.0	0.0	0.0145212375
81.189	0.0	0.0	0.0124873875
81.268	0.0	0.0	0.0102372375
81.357	0.0	0.0	0.007699125000000001
81.454	0.0	0.0	0.00494025
81.525	0.0	0.0	0.0025476937500000002
81.605	0.0	0.0	-0.00010439362500000001
81.694	0.0	0.0	-0.0030967125000000003
81.791	0.0	0.0	-0.006345675
81.862	0.0	0.0	-0.00792225
81.941	0.0	0.0	-0.009667875000000001
82.03	0.0	0.0	-0.01163925
82.127	0.0	0.0	-0.01378335
82.198	0.0	0.0	-0.013863937500000001
82.277	0.0	0.0	-0.013953187500000002
82.367	0.0	0.0	-0.014054250000000003
82.464	0.0	0.0	-0.014164237500000001
82.535	0.0	0.0	-0.0128270625
82.615	0.0	0.0	-0.011344725
82.704	0.0	0.0	-0.009670500000000002
82.801	0.0	0.0	-0.0078511125
82.872	0.0	0.0	-0.005863725
82.951	0.0	0.0	-0.0036576750000000004
83.04	0.0	0.0	-0.00116064375
83.137	0.0	0.0	0.0015593550000000003
83.208	0.0	0.0	0.0032098500000000006
83.287	0.0	0.0	0.0050449875000000005
83.377	0.0	0.0	0.007122150000000001
83.474	0.0	0.0	0.009381750000000001
83.545	0.0	0.0	0.0099432375
83.624	0.0	0.0	0.010567199999999999
83.713	0.0	0.0	0.011273850000000002
83.81	0.0	0.0	0.012044025
83.881	0.0	0.0	0.01136625
83.96	0.0	0.0	0.010611300000000002
84.049	0.0	0.0	0.009755025
84.147	0.0	0.0	0.0088218375
84.218	0.0	0.0	0.007352362500000001
84.297	0.0	0.0	0.0057183
84.387	0.0	0.0	0.0038668875000000004
84.484	0.0	0.0	0.0018510187500000003
84.555	0.0	0.0	0.00038464125000000005
84.633	0.0	0.0	-0.0012481875000000002
84.723	0.0	0.0	-0.0031024875000000003
84.82	0.0	0.0	-0.0051263625
84.891	0.0	0.0	-0.0059070375
84.97	0.0	0.0	-0.006777750000000002
85.059	0.0	0.0	-0.007766587500000001
85.157	0.0	0.0	-0.00884415
85.228	0.0	0.0	-0.008658562500000001
85.306	0.0	0.0	-0.008451450000000001
85.395	0.0	0.0	-0.008216250000000001
85.493	0.0	0.0	-0.007959525000000002
85.564	0.0	0.0	-0.007036312500000002
85.642	0.0	0.0	-0.006004950000000001
85.732	0.0	0.0	-0.00483105
85.83	0.0	0.0	-0.0035490000000000005
85.901	0.0	0.0	-0.0024381000000000003
85.98	0.0	0.0	-0.0011986537500000003
86.069	0.0	0.0	0.000210212625
86.167	0.0	0.0	0.001747305
86.237	0.0	0.0	0.00248033625
86.316	0.0	0.0	0.0032991000000000006
86.405	0.0	0.0	0.004232025
86.503	0.0	0.0	0.0052521
86.573	0.0	0.0	0.0053358375
86.652	0.0	0.0	0.005429550000000001
86.742	0.0	0.0	0.005536387500000001
86.84	0.0	0.0	0.005652937500000001
86.91	0.0	0.0	0.005183325
86.989	0.0	0.0	0.0046580625
87.078	0.0	0.0	0.0040590375
87.176	0.0	0.0	0.0034038375000000004
87.246	0.0	0.0	0.0027344625000000006
87.325	0.0	0.0	0.0019847625
87.415	0.0	0.0	0.0011295900000000002
87.513	0.0	0.0	0.000194777625
87.583	0.0	0.0	-0.00029547000000000004
87.661	0.0	0.0	-0.0008441475
87.751	0.0	0.0	-0.001470525
87.849	0.0	0.0	-0.002156385
87.919	0.0	0.0	-0.0022792350000000005
87.998	0.0	0.0	-0.0024170475
88.088	0.0	0.0	-0.0025746262500000003
88.186	0.0	0.0	-0.002747325
88.256	0.0	0.0	-0.00256018875
88.335	0.0	0.0	-0.0023506350000000002
88.425	0.0	0.0	-0.0021113925000000003
88.523	0.0	0.0	-0.0018496275
88.593	0.0	0.0	-0.0015694612500000004
88.671	0.0	0.0	-0.0012551175
88.761	0.0	0.0	-0.0008953875
88.859	0.0	0.0	-0.0005009025000000001
88.929	0.0	0.0	-0.0003252375
89.008	0.0	0.0	-0.000127848
89.097	0.0	0.0	9.802537500000002e-05
89.196	0.0	0.0	0.0003453975
89.266	0.0	0.0	0.0003741675
89.344	0.0	0.0	0.00040642875
89.434	0.0	0.0	0.00044341500000000006
89.532	0.0	0.0	0.00048397125
89.602	0.0	0.0	0.0005040787500000001
89.68	0.0	0.0	0.00052670625
89.77	0.0	0.0	0.0005526675
89.869	0.0	0.0	0.00058114875
89.939	0.0	0.0	0.0005787075000000001
90.017	0.0	0.0	0.0005760037500000001
90.107	0.0	0.0	0.0005728800000000001
90.206	0.0	0.0	0.00056944125
90.275	0.0	0.0	0.0004284787500000001
90.354	0.0	0.0	0.0002697975
90.443	0.0	0.0	8.76225e-05
90.542	0.0	0.0	-0.00011254687500000002
90.612	0.0	0.0	-0.00035358750000000005
90.69	0.0	0.0	-0.000625275
90.78	0.0	0.0	-0.0009371774999999999
90.879	0.0	0.0	-0.0012794775000000002
90.948	0.0	0.0	-0.00146425125
91.027	0.0	0.0	-0.0016723875000000002
91.116	0.0	0.0	-0.001911525
91.215	0.0	0.0	-0.0021744187500000005
91.284	0.0	0.0	-0.00214433625
91.363	0.0	0.0	-0.00211036875
91.453	0.0	0.0	-0.0020713087500000005
91.552	0.0	0.0	-0.0020283375
91.622	0.0	0.0	-0.0017339437500000002
91.7	0.0	0.0	-0.00140198625
91.79	0.0	0.0	-0.0010204950000000002
91.889	0.0	0.0	-0.0006014925000000001
91.958	0.0	0.0	-0.00015799087500000002
92.036	0.0	0.0	0.00034274625000000003
92.126	0.0	0.0	0.0009195900000000001
92.225	0.0	0.0	0.0015545775000000003
92.294	0.0	0.0	0.00192226125
92.373	0.0	0.0	0.0023380087500000004
92.463	0.0	0.0	0.0028168875000000007
92.562	0.0	0.0	0.0033434625
92.631	0.0	0.0	0.0034080375
92.709	0.0	0.0	0.0034810125000000005
92.799	0.0	0.0	0.0035650125000000004
92.898	0.0	0.0	0.0036576750000000004
92.967	0.0	0.0	0.0033264000000000006
93.045	0.0	0.0	0.0029512875000000005
93.136	0.0	0.0	0.0025180050000000002
93.235	0.0	0.0	0.0020408587500000005
93.304	0.0	0.0	0.0014247975
93.382	0.0	0.0	0.0007279125
93.473	0.0	0.0	-7.5537e-05
93.572	0.0	0.0	-0.0009597
93.641	0.0	0.0	-0.0015672037500000003
93.719	0.0	0.0	-0.0022553212500000005
93.809	0.0	0.0	-0.0030505125
93.908	0.0	0.0	-0.0039277875
93.977	0.0	0.0	-0.004201312500000001
94.055	0.0	0.0	-0.004511587500000001
94.145	0.0	0.0	-0.0048699
94.245	0.0	0.0	-0.005264962500000001
94.314	0.0	0.0	-0.0050087625000000005
94.392	0.0	0.0	-0.0047184375
94.482	0.0	0.0	-0.004382437500000001
94.581	0.0	0.0	-0.004011525
94.65	0.0	0.0	-0.0032920125000000006
94.728	0.0	0.0	-0.0024747975
94.818	0.0	0.0	-0.0015291412500000002
94.918	0.0	0.0	-0.0004865437500000001
94.987	0.0	0.0	0.00036537375
95.064	0.0	0.0	0.0013322662500000002
95.154	0.0	0.0	0.0024520125
95.254	0.0	0.0	0.0036886500000000003
95.323	0.0	0.0	0.0042375375
95.401	0.0	0.0	0.004862025
95.491	0.0	0.0	0.005586525
95.591	0.0	0.0	0.006386625000000001
95.66	0.0	0.0	0.006313387500000001
95.738	0.0	0.0	0.006230175000000001
95.828	0.0	0.0	0.0061335750000000005
95.928	0.0	0.0	0.0060272625
95.996	0.0	0.0	0.005325075
96.074	0.0	0.0	0.004526025
96.164	0.0	0.0	0.00359835
96.264	0.0	0.0	0.0025723425
96.332	0.0	0.0	0.0015643949999999999
96.41	0.0	0.0	0.00041582625
96.501	0.0	0.0	-0.0009173850000000002
96.601	0.0	0.0	-0.0023900099999999997
96.669	0.0	0.0	-0.0031917375
96.747	0.0	0.0	-0.0041047125000000005
96.837	0.0	0.0	-0.0051652125
96.937	0.0	0.0	-0.006338587500000001
97.005	0.0	0.0	-0.006518400000000001
97.083	0.0	0.0	-0.006723675
97.174	0.0	0.0	-0.006962550000000001
97.274	0.0	0.0	-0.0072268875
97.342	0.0	0.0	-0.006681412500000001
97.42	0.0	0.0	-0.006059812500000001
97.511	0.0	0.0	-0.0053374125
97.611	0.0	0.0	-0.004538887500000001
97.679	0.0	0.0	-0.003553725
97.757	0.0	0.0	-0.0024289125000000003
97.847	0.0	0.0	-0.0011189587500000002
97.947	0.0	0.0	0.0003325612500000001
98.015	0.0	0.0	0.0012571650000000002
98.093	0.0	0.0	0.0023142000000000006
98.184	0.0	0.0	0.0035450625000000005
98.284	0.0	0.0	0.0049074375
98.352	0.0	0.0	0.0053067
98.429	0.0	0.0	0.005762662500000001
98.52	0.0	0.0	0.0062942250000000005
98.62	0.0	0.0	0.006883800000000001
98.688	0.0	0.0	0.006591900000000001
98.766	0.0	0.0	0.006257475
98.856	0.0	0.0	0.0058671374999999994
98.957	0.0	0.0	0.0054345375
99.025	0.0	0.0	0.00464625
99.103	0.0	0.0	0.0037445625
99.194	0.0	0.0	0.00269325
99.294	0.0	0.0	0.0015291675000000003
99.362	0.0	0.0	0.00068662125
99.439	0.0	0.0	-0.00027830250000000003
99.53	0.0	0.0	-0.0014057925
99.63	0.0	0.0	-0.0026575500000000003
99.698	0.0	0.0	-0.0031413375000000007
99.776	0.0	0.0	-0.0036960000000000005
99.866	0.0	0.0	-0.0043441125
99.967	0.0	0.0	-0.005062575000000001
100.035	0.0	0.0	-0.0050008875000000005
100.112	0.0	0.0	-0.0049300125
100.202	0.0	0.0	-0.004847325
100.303	0.0	0.0	-0.0047551875
100.371	0.0	0.0	-0.0042664125
100.448	0.0	0.0	-0.0037051875000000006
100.539	0.0	0.0	-0.0030484125
100.64	0.0	0.0	-0.0023195812500000005
100.707	0.0	0.0	-0.00171388875
100.785	0.0	0.0	-0.0010187887500000001
100.875	0.0	0.0	-0.00020485500000000002
100.976	0.0	0.0	0.0006998250000000001
101.043	0.0	0.0	0.0011232112500000001
101.121	0.0	0.0	0.0016104375
101.212	0.0	0.0	0.00218166375
101.313	0.0	0.0	0.0028166249999999997
101.381	0.0	0.0	0.00291375
101.458	0.0	0.0	0.0030253125000000002
101.549	0.0	0.0	0.003155775
101.65	0.0	0.0	0.0033006750000000003
101.717	0.0	0.0	0.0031001250000000004
101.794	0.0	0.0	0.0028693875000000003
101.885	0.0	0.0	0.002598435
101.986	0.0	0.0	0.0022968750000000003
102.053	0.0	0.0	0.0019107112500000004
102.131	0.0	0.0	0.0014657212500000002
102.222	0.0	0.0	0.0009435300000000001
102.323	0.0	0.0	0.000362985
102.39	0.0	0.0	-7.438725000000001e-05
102.467	0.0	0.0	-0.0005779987500000001
102.558	0.0	0.0	-0.0011695950000000003
102.659	0.0	0.0	-0.0018283912500000003
102.726	0.0	0.0	-0.00215362875
102.803	0.0	0.0	-0.002529135
102.895	0.0	0.0	-0.0029707125
102.996	0.0	0.0	-0.0034626375000000004
103.063	0.0	0.0	-0.0034912500000000004
103.141	0.0	0.0	-0.0035243250000000005
103.232	0.0	0.0	-0.0035631750000000005
103.333	0.0	0.0	-0.0036062250000000002
103.4	0.0	0.0	-0.0032439750000000005
103.477	0.0	0.0	-0.0028255500000000005
103.568	0.0	0.0	-0.0023330475
103.669	0.0	0.0	-0.0017836875
103.736	0.0	0.0	-0.0011356275000000003
103.813	0.0	0.0	-0.0003864
103.904	0.0	0.0	0.00049573125
104.006	0.0	0.0	0.00147826875
104.073	0.0	0.0	0.0020990550000000003
104.15	0.0	0.0	0.0028163625000000004
104.241	0.0	0.0	0.0036616125000000005
104.342	0.0	0.0	0.0046045125000000004
104.409	0.0	0.0	0.0048386625
104.486	0.0	0.0	0.0051095625
104.577	0.0	0.0	0.005429550000000001
104.679	0.0	0.0	0.005786287500000001
104.746	0.0	0.0	0.005437162500000001
104.823	0.0	0.0	0.005033175
104.914	0.0	0.0	0.004557262500000001
105.016	0.0	0.0	0.004026750000000001
105.082	0.0	0.0	0.0032169375
105.159	0.0	0.0	0.0022792350000000005
105.25	0.0	0.0	0.0011713012500000001
105.352	0.0	0.0	-6.6625125e-05
105.419	0.0	0.0	-0.0009456562500000001
105.496	0.0	0.0	-0.0019653375000000003
105.587	0.0	0.0	-0.0031696875000000006
105.689	0.0	0.0	-0.00451395
105.755	0.0	0.0	-0.0049911750000000005
105.832	0.0	0.0	-0.0055447875
105.923	0.0	0.0	-0.0061989375000000005
106.025	0.0	0.0	-0.006930525000000002
106.091	0.0	0.0	-0.006735750000000001
106.169	0.0	0.0	-0.0065097375
106.26	0.0	0.0	-0.006241725000000001
106.362	0.0	0.0	-0.005942475000000001
106.429	0.0	0.0	-0.005157600000000001
106.506	0.0	0.0	-0.004246725000000001
106.597	0.0	0.0	-0.0031696875000000006
106.699	0.0	0.0	-0.00196678125
106.765	0.0	0.0	-0.00100225125
106.842	0.0	0.0	0.00011874187500000001
106.933	0.0	0.0	0.00144745125
107.035	0.0	0.0	0.0029347500000000003
107.101	0.0	0.0	0.0035891625000000005
107.178	0.0	0.0	0.004350937500000001
107.27	0.0	0.0	0.0052534125000000004
107.372	0.0	0.0	0.0062624625000000005
107.438	0.0	0.0	0.0062863500000000004
107.515	0.0	0.0	0.006314437500000001
107.606	0.0	0.0	0.006347512500000001
107.708	0.0	0.0	0.006384525
107.774	0.0	0.0	0.005807812500000001
107.851	0.0	0.0	0.0051358125
107.943	0.0	0.0	0.004338075
108.045	0.0	0.0	0.0034458375
108.111	0.0	0.0	0.0026086462500000004
108.188	0.0	0.0	0.0016336950000000001
108.279	0.0	0.0	0.00047565000000000004
108.381	0.0	0.0	-0.0008221237500000001
108.447	0.0	0.0	-0.0014807362500000002
108.524	0.0	0.0	-0.00224991375
108.615	0.0	0.0	-0.0031647000000000008
108.718	0.0	0.0	-0.0041897625
108.784	0.0	0.0	-0.004371150000000001
108.861	0.0	0.0	-0.0045824625
108.953	0.0	0.0	-0.004833412500000001
109.055	0.0	0.0	-0.005114550000000001
109.121	0.0	0.0	-0.0048048000000000006
109.197	0.0	0.0	-0.0044428125
109.289	0.0	0.0	-0.0040117875
109.391	0.0	0.0	-0.0035282625
109.457	0.0	0.0	-0.0029625750000000007
109.534	0.0	0.0	-0.0023009700000000003
109.625	0.0	0.0	-0.0015134175000000001
109.728	0.0	0.0	-0.00063070875
109.794	0.0	0.0	-0.000129525375
109.87	0.0	0.0	0.0004561987500000001
109.961	0.0	0.0	0.0011541862500000003
110.064	0.0	0.0	0.0019378275000000002
110.13	0.0	0.0	0.00215950875
110.206	0.0	0.0	0.0024192787500000004
110.298	0.0	0.0	0.0027292124999999997
110.401	0.0	0.0	0.0030772875000000008
110.467	0.0	0.0	0.0029869875
110.544	0.0	0.0	0.0028814625
110.635	0.0	0.0	0.0027554625000000004
110.738	0.0	0.0	0.0026144475
110.803	0.0	0.0	0.00232414875
110.88	0.0	0.0	0.0019839750000000002
110.971	0.0	0.0	0.0015776250000000003
111.074	0.0	0.0	0.0011207175000000002
111.139	0.0	0.0	0.0007759237500000001
111.216	0.0	0.0	0.0003712800000000001
111.308	0.0	0.0	-0.000111969375
111.411	0.0	0.0	-0.0006546225000000001
111.476	0.0	0.0	-0.0009290662500000001
111.553	0.0	0.0	-0.0012508912500000002
111.644	0.0	0.0	-0.0016356637500000001
111.747	0.0	0.0	-0.0020684737500000004
111.812	0.0	0.0	-0.002171295
111.889	0.0	0.0	-0.00229222875
111.981	0.0	0.0	-0.0024369975
112.084	0.0	0.0	-0.0025998262500000003
112.149	0.0	0.0	-0.00246201375
112.226	0.0	0.0	-0.0023002087500000002
112.318	0.0	0.0	-0.0021067725
112.421	0.0	0.0	-0.0018893700000000002
112.486	0.0	0.0	-0.0015390112500000002
112.562	0.0	0.0	-0.0011270437500000001
112.654	0.0	0.0	-0.0006333075
112.757	0.0	0.0	-7.71435e-05
112.822	0.0	0.0	0.00033628875000000006
112.899	0.0	0.0	0.0008231475000000002
112.991	0.0	0.0	0.0014064225
113.094	0.0	0.0	0.0020625675
113.159	0.0	0.0	0.002318295
113.235	0.0	0.0	0.0026193037500000004
113.327	0.0	0.0	0.0029804250000000005
113.43	0.0	0.0	0.0033875625
113.495	0.0	0.0	0.0033269250000000005
113.572	0.0	0.0	0.0032557875000000006
113.664	0.0	0.0	0.0031702125000000005
113.767	0.0	0.0	0.003073875
113.832	0.0	0.0	0.0027040125000000006
113.908	0.0	0.0	0.0022679737500000004
114.0	0.0	0.0	0.0017443387500000003
114.103	0.0	0.0	0.0011538450000000001
114.168	0.0	0.0	0.0006559875
114.244	0.0	0.0	6.768300000000001e-05
114.336	0.0	0.0	-0.0006397125
114.44	0.0	0.0	-0.0014374499999999998
114.505	0.0	0.0	-0.0018039525000000003
114.581	0.0	0.0	-0.00223631625
114.673	0.0	0.0	-0.0027554625000000004
114.777	0.0	0.0	-0.0033405750000000006
114.841	0.0	0.0	-0.0033844125000000004
114.918	0.0	0.0	-0.0034363875
115.009	0.0	0.0	-0.0034988625000000003
115.113	0.0	0.0	-0.0035694750000000003
115.178	0.0	0.0	-0.0032788875000000005
115.254	0.0	0.0	-0.0029350125000000005
115.346	0.0	0.0	-0.0025213125
115.45	0.0	0.0	-0.0020546137500000003
115.514	0.0	0.0	-0.0015929812500000001
115.591	0.0	0.0	-0.0010470862500000001
115.682	0.0	0.0	-0.00038931375000000006
115.786	0.0	0.0	0.00035377125000000004
115.85	0.0	0.0	0.0007494375
115.927	0.0	0.0	0.0012186300000000003
116.019	0.0	0.0	0.0017846587500000002
116.123	0.0	0.0	0.00242410875
116.188	0.0	0.0	0.002569665
116.264	0.0	0.0	0.0027420750000000005
116.356	0.0	0.0	0.0029494500000000006
116.46	0.0	0.0	0.0031838625000000006
116.524	0.0	0.0	0.003033975
116.6	0.0	0.0	0.0028562625
116.692	0.0	0.0	0.0026412750000000002
116.796	0.0	0.0	0.00239843625
116.86	0.0	0.0	0.00204668625
116.937	0.0	0.0	0.00162897
117.029	0.0	0.0	0.0011246025
117.133	0.0	0.0	0.000554715
117.197	0.0	0.0	0.000172459875
117.273	0.0	0.0	-0.00028119
117.365	0.0	0.0	-0.0008295525000000001
117.469	0.0	0.0	-0.0014502075000000002
117.533	0.0	0.0	-0.0016964587500000001
117.609	0.0	0.0	-0.0019894350000000003
117.702	0.0	0.0	-0.0023439675000000004
117.806	0.0	0.0	-0.0027452250000000004
117.87	0.0	0.0	-0.0027468
117.946	0.0	0.0	-0.0027486375000000006
118.039	0.0	0.0	-0.0027510000000000004
118.143	0.0	0.0	-0.0027536250000000004
118.207	0.0	0.0	-0.0024990262500000004
118.283	0.0	0.0	-0.0021968887500000006
118.375	0.0	0.0	-0.0018321450000000003
118.479	0.0	0.0	-0.0014202562500000003
118.542	0.0	0.0	-0.00101789625
118.612	0.0	0.0	-0.0005381250000000001
118.712	0.0	0.0	4.5709125e-05
118.812	0.0	0.0	0.000710325
118.872	0.0	0.0	0.0010886662500000002
118.952	0.0	0.0	0.0015431062500000001
119.042	0.0	0.0	0.00209640375
119.152	0.0	0.0	0.0027244875000000004
119.222	0.0	0.0	0.0028767375000000005
119.292	0.0	0.0	0.0030568125000000005
119.392	0.0	0.0	0.0032731125000000005
119.492	0.0	0.0	0.0035159250000000005
119.552	0.0	0.0	0.0033421500000000003
119.632	0.0	0.0	0.0031350375000000004
119.722	0.0	0.0	0.002882775
119.822	0.0	0.0	0.0025947075
119.882	0.0	0.0	0.0021551250000000004
119.962	0.0	0.0	0.0016233000000000003
120.052	0.0	0.0	0.0009727725000000001
120.162	0.0	0.0	0.00023318925000000002
120.232	0.0	0.0	-0.00027402375
120.302	0.0	0.0	-0.0008743350000000001
120.402	0.0	0.0	-0.0015959737500000001
120.502	0.0	0.0	-0.0024071250000000004
120.562	0.0	0.0	-0.0026914125
120.642	0.0	0.0	-0.0030303
120.732	0.0	0.0	-0.0034445250000000004
120.832	0.0	0.0	-0.003918337500000001
120.892	0.0	0.0	-0.0038485125000000003
120.972	0.0	0.0	-0.0037637250000000003
121.062	0.0	0.0	-0.0036597750000000005
121.172	0.0	0.0	-0.0035413875000000006
121.242	0.0	0.0	-0.0031258500000000003
121.312	0.0	0.0	-0.0026326124999999996
121.412	0.0	0.0	-0.0020388900000000002
121.512	0.0	0.0	-0.00137067
121.572	0.0	0.0	-0.00085378125
121.652	0.0	0.0	-0.000235977
121.742	0.0	0.0	0.0005205112500000001
121.842	0.0	0.0	0.00138649875
121.902	0.0	0.0	0.0017691712500000002
121.982	0.0	0.0	0.0022342162500000005
122.072	0.0	0.0	0.0028053375000000004
122.182	0.0	0.0	0.0034558124999999997
122.242	0.0	0.0	0.0035080500000000004
122.322	0.0	0.0	0.0035700000000000003
122.422	0.0	0.0	0.0036450750000000007
122.522	0.0	0.0	0.0037293375000000007
122.582	0.0	0.0	0.00344925
122.662	0.0	0.0	0.003113775
122.752	0.0	0.0	0.0027021750000000007
122.852	0.0	0.0	0.0022303050000000006
122.912	0.0	0.0	0.0017747625000000002
122.992	0.0	0.0	0.0012199687500000003
123.082	0.0	0.0	0.0005374687500000001
123.192	0.0	0.0	-0.00024093825
123.252	0.0	0.0	-0.0006431775
123.332	0.0	0.0	-0.0011221875000000001
123.422	0.0	0.0	-0.0017013937500000003
123.532	0.0	0.0	-0.0023545725000000003
123.592	0.0	0.0	-0.00249375
123.672	0.0	0.0	-0.0026609625
123.762	0.0	0.0	-0.0028662375
123.862	0.0	0.0	-0.0031019625000000004
123.922	0.0	0.0	-0.0029599500000000003
124.002	0.0	0.0	-0.0027869625
124.092	0.0	0.0	-0.00257341875
124.202	0.0	0.0	-0.0023297137500000002
124.262	0.0	0.0	-0.00199628625
124.342	0.0	0.0	-0.00159838875
124.432	0.0	0.0	-0.00111633375
124.542	0.0	0.0	-0.0005721450000000001
124.602	0.0	0.0	-0.00025432575
124.672	0.0	0.0	0.00012808687500000002
124.772	0.0	0.0	0.0005991562500000001
124.872	0.0	0.0	0.0011401425
124.932	0.0	0.0	0.0013163325
125.012	0.0	0.0	0.001531845
125.102	0.0	0.0	0.0017979937500000004
125.212	0.0	0.0	0.0021022050000000002
125.272	0.0	0.0	0.0020736975
125.352	0.0	0.0	0.00203959875
125.442	0.0	0.0	0.0019982025000000003
125.552	0.0	0.0	0.00195145125
125.612	0.0	0.0	0.0017698012500000002
125.682	0.0	0.0	0.0015507712500000001
125.782	0.0	0.0	0.0012804225
125.882	0.0	0.0	0.0009695962500000002
125.942	0.0	0.0	0.00072505125
126.022	0.0	0.0	0.00042522375000000006
126.112	0.0	0.0	5.4232500000000006e-05
126.222	0.0	0.0	-0.00037020375
126.282	0.0	0.0	-0.0005834325
126.362	0.0	0.0	-0.0008389762500000002
126.452	0.0	0.0	-0.0011497500000000002
126.562	0.0	0.0	-0.0015013425
126.622	0.0	0.0	-0.0015910912500000003
126.692	0.0	0.0	-0.0016995825000000002
126.792	0.0	0.0	-0.0018337200000000003
126.892	0.0	0.0	-0.0019881225000000003
126.952	0.0	0.0	-0.0019120237500000001
127.032	0.0	0.0	-0.001818495
127.122	0.0	0.0	-0.0017025487500000004
127.232	0.0	0.0	-0.0015697762500000002
127.292	0.0	0.0	-0.0013139962499999999
127.372	0.0	0.0	-0.0010068975000000003
127.462	0.0	0.0	-0.0006328875
127.572	0.0	0.0	-0.00020945137500000003
127.632	0.0	0.0	0.00011924062500000001
127.702	0.0	0.0	0.0005183587500000002
127.792	0.0	0.0	0.00101432625
127.902	0.0	0.0	0.0015869175000000001
127.962	0.0	0.0	0.0018543787500000003
128.042	0.0	0.0	0.0021814800000000004
128.132	0.0	0.0	0.0025839975
128.242	0.0	0.0	0.003041325
128.302	0.0	0.0	0.0030644250000000004
128.372	0.0	0.0	0.0030927750000000003
128.472	0.0	0.0	0.0031274250000000005
128.572	0.0	0.0	0.0031675875
128.632	0.0	0.0	0.0028683375
128.712	0.0	0.0	0.00249907875
128.802	0.0	0.0	0.0020395462500000005
128.912	0.0	0.0	0.00151223625
128.972	0.0	0.0	0.0009643725000000002
129.052	0.0	0.0	0.000303975
129.142	0.0	0.0	-0.00050329125
129.252	0.0	0.0	-0.00141915375
129.312	0.0	0.0	-0.0019182975000000002
129.382	0.0	0.0	-0.00252525
129.472	0.0	0.0	-0.0032799375000000003
129.582	0.0	0.0	-0.0041509125
129.642	0.0	0.0	-0.004342537500000001
129.722	0.0	0.0	-0.004579575
129.812	0.0	0.0	-0.0048748875
129.922	0.0	0.0	-0.005213775
129.982	0.0	0.0	-0.004909800000000001
130.062	0.0	0.0	-0.004542562500000001
130.152	0.0	0.0	-0.0040926375
130.262	0.0	0.0	-0.003581812500000001
130.322	0.0	0.0	-0.0029043000000000007
130.392	0.0	0.0	-0.00207879
130.482	0.0	0.0	-0.00105023625
130.592	0.0	0.0	0.00013803562500000003
130.652	0.0	0.0	0.0009045225000000001
130.732	0.0	0.0	0.0018541162500000004
130.822	0.0	0.0	0.00303975
130.932	0.0	0.0	0.004402650000000001
130.992	0.0	0.0	0.004851
131.072	0.0	0.0	0.0053935875
131.162	0.0	0.0	0.0060595499999999995
131.272	0.0	0.0	0.006816600000000001
131.332	0.0	0.0	0.006659100000000001
131.402	0.0	0.0	0.006466687500000001
131.492	0.0	0.0	0.006226762500000001
131.602	0.0	0.0	0.0059490375000000005
131.662	0.0	0.0	0.0052269
131.742	0.0	0.0	0.0043299375
131.832	0.0	0.0	0.0032080125000000007
131.942	0.0	0.0	0.0019169850000000002
132.002	0.0	0.0	0.00094072125
132.082	0.0	0.0	-0.00024376537500000003
132.172	0.0	0.0	-0.00170008125
132.282	0.0	0.0	-0.0033576375
132.342	0.0	0.0	-0.0040301625
132.412	0.0	0.0	-0.004853625
132.502	0.0	0.0	-0.0058836750000000005
132.612	0.0	0.0	-0.007076212500000002
132.672	0.0	0.0	-0.007141312500000001
132.752	0.0	0.0	-0.007222687500000002
132.842	0.0	0.0	-0.007324275
132.952	0.0	0.0	-0.007441612500000001
133.012	0.0	0.0	-0.006816862500000001
133.092	0.0	0.0	-0.0060571875
133.182	0.0	0.0	-0.005121375
133.292	0.0	0.0	-0.0040553625000000005
133.352	0.0	0.0	-0.003112725
133.422	0.0	0.0	-0.00195586125
133.512	0.0	0.0	-0.00050589
133.622	0.0	0.0	0.0011745037500000002
133.682	0.0	0.0	0.0020037675000000002
133.762	0.0	0.0	0.003038175
133.852	0.0	0.0	0.0043372875
133.962	0.0	0.0	0.005835375
134.022	0.0	0.0	0.0061296375
134.102	0.0	0.0	0.006488212500000001
134.192	0.0	0.0	0.0069307875
134.302	0.0	0.0	0.0074353125
134.362	0.0	0.0	0.0070720125000000005
134.432	0.0	0.0	0.006624975
134.522	0.0	0.0	0.006063487500000001
134.632	0.0	0.0	0.0054122250000000005
134.692	0.0	0.0	0.004613700000000001
134.772	0.0	0.0	0.0036154125000000003
134.862	0.0	0.0	0.00235893
134.972	0.0	0.0	0.0009087487500000001
135.032	0.0	0.0	7.686e-05
135.112	0.0	0.0	-0.0009391462500000001
135.202	0.0	0.0	-0.00219557625
135.312	0.0	0.0	-0.0036301125000000006
135.372	0.0	0.0	-0.004039350000000001
135.442	0.0	0.0	-0.004544137500000001
135.532	0.0	0.0	-0.005179125000000001
135.642	0.0	0.0	-0.005916750000000001
135.702	0.0	0.0	-0.005792587500000001
135.782	0.0	0.0	-0.005636925000000001
135.872	0.0	0.0	-0.0054408375
135.982	0.0	0.0	-0.005214300000000001
136.042	0.0	0.0	-0.004654125
136.122	0.0	0.0	-0.003968475000000001
136.212	0.0	0.0	-0.0031190250000000005
136.322	0.0	0.0	-0.002148405
136.382	0.0	0.0	-0.00152404875
136.452	0.0	0.0	-0.0007524825
136.542	0.0	0.0	0.000220444875
136.652	0.0	0.0	0.0013515075000000002
136.712	0.0	0.0	0.0017669137500000002
136.792	0.0	0.0	0.0022887375000000005
136.882	0.0	0.0	0.0029478750000000004
136.992	0.0	0.0	0.0037101750000000005
137.052	0.0	0.0	0.0037474500000000007
137.132	0.0	0.0	0.0037933875000000002
137.222	0.0	0.0	0.00385035
137.332	0.0	0.0	0.00391545
137.392	0.0	0.0	0.0036348375
137.462	0.0	0.0	0.0032870250000000007
137.552	0.0	0.0	0.0028478625000000007
137.662	0.0	0.0	0.002336565
137.722	0.0	0.0	0.0019278525000000003
137.792	0.0	0.0	0.0014132212500000002
137.892	0.0	0.0	0.0007619062500000001
138.002	0.0	0.0	7.847175000000002e-06
138.062	0.0	0.0	-0.000326025
138.142	0.0	0.0	-0.0007365225000000002
138.232	0.0	0.0	-0.0012471375
138.342	0.0	0.0	-0.0018318825000000003
138.402	0.0	0.0	-0.0019421850000000001
138.472	0.0	0.0	-0.0020791837500000005
138.562	0.0	0.0	-0.0022525912500000003
138.672	0.0	0.0	-0.00245461125
138.732	0.0	0.0	-0.0023559900000000005
138.802	0.0	0.0	-0.0022315125
138.902	0.0	0.0	-0.0020736712500000003
139.012	0.0	0.0	-0.0018907350000000004
139.072	0.0	0.0	-0.0016535925000000001
139.152	0.0	0.0	-0.0013613775000000002
139.242	0.0	0.0	-0.000997185
139.352	0.0	0.0	-0.0005797050000000001
139.412	0.0	0.0	-0.00034222125000000006
139.482	0.0	0.0	-4.6648875e-05
139.572	0.0	0.0	0.00032830874999999996
139.682	0.0	0.0	0.0007655287500000001
139.742	0.0	0.0	0.0009195637500000001
139.812	0.0	0.0	0.0011143912500000003
139.912	0.0	0.0	0.00136192875
140.022	0.0	0.0	0.0016490775000000003
140.082	0.0	0.0	0.0016571625
140.162	0.0	0.0	0.00166711125
140.252	0.0	0.0	0.0016795275000000003
140.362	0.0	0.0	0.0016938075
140.422	0.0	0.0	0.0015649200000000002
140.492	0.0	0.0	0.0014041125
140.582	0.0	0.0	0.0011997300000000002
140.692	0.0	0.0	0.0009611437500000001
140.752	0.0	0.0	0.0007569450000000001
140.822	0.0	0.0	0.00049804125
140.922	0.0	0.0	0.00016843312500000002
141.032	0.0	0.0	-0.00021430762500000003
141.092	0.0	0.0	-0.00039955125000000003
141.172	0.0	0.0	-0.000628845
141.262	0.0	0.0	-0.000915705
141.372	0.0	0.0	-0.0012452475
141.432	0.0	0.0	-0.0013143375000000002
141.502	0.0	0.0	-0.0014007525
141.592	0.0	0.0	-0.0015107925000000001
141.702	0.0	0.0	-0.0016393912500000003
141.762	0.0	0.0	-0.00157213875
141.832	0.0	0.0	-0.0014866687500000003
141.932	0.0	0.0	-0.00137762625
142.042	0.0	0.0	-0.0012508912500000002
142.102	0.0	0.0	-0.00107254875
142.182	0.0	0.0	-0.00085134
142.272	0.0	0.0	-0.0005742187500000001
142.382	0.0	0.0	-0.00025563825
142.442	0.0	0.0	-6.1837125e-05
142.512	0.0	0.0	0.00018176025
142.602	0.0	0.0	0.0004935
142.712	0.0	0.0	0.0008588737500000002
142.772	0.0	0.0	0.00099820875
142.842	0.0	0.0	0.0011743987500000001
142.942	0.0	0.0	0.0013974187500000001
143.052	0.0	0.0	0.0016546425000000002
143.112	0.0	0.0	0.00166448625
143.182	0.0	0.0	0.0016767975
143.272	0.0	0.0	0.0016924950000000002
143.382	0.0	0.0	0.00171084375
143.442	0.0	0.0	0.0015701175000000002
143.512	0.0	0.0	0.0013904100000000001
143.612	0.0	0.0	0.0011603550000000003
143.722	0.0	0.0	0.0008924475
143.782	0.0	0.0	0.000634725
143.862	0.0	0.0	0.00031371375
143.952	0.0	0.0	-8.992987500000001e-05
144.062	0.0	0.0	-0.0005548987500000001
144.122	0.0	0.0	-0.0007980787500000002
144.192	0.0	0.0	-0.0011042325
144.282	0.0	0.0	-0.0014962237500000001
144.392	0.0	0.0	-0.0019555200000000005
144.452	0.0	0.0	-0.0020675025000000003
144.522	0.0	0.0	-0.0022107487500000003
144.622	0.0	0.0	-0.0023943937500000003
144.732	0.0	0.0	-0.0026084625
144.792	0.0	0.0	-0.0024902062500000003
144.872	0.0	0.0	-0.0023426025000000002
144.962	0.0	0.0	-0.0021566475000000004
145.072	0.0	0.0	-0.00194221125
145.132	0.0	0.0	-0.0016321987500000003
145.202	0.0	0.0	-0.0012410475
145.292	0.0	0.0	-0.0007391475000000001
145.402	0.0	0.0	-0.000150507
145.462	0.0	0.0	0.00022827
145.532	0.0	0.0	0.0007140000000000001
145.632	0.0	0.0	0.0013379100000000003
145.742	0.0	0.0	0.0020657700000000006
145.802	0.0	0.0	0.0023161425000000004
145.882	0.0	0.0	0.0026294625
145.972	0.0	0.0	0.0030247875
146.082	0.0	0.0	0.0034812750000000007
146.142	0.0	0.0	0.00344085
146.212	0.0	0.0	0.0033899250000000002
146.302	0.0	0.0	0.0033243
146.412	0.0	0.0	0.003247125000000001
146.472	0.0	0.0	0.002912175
146.542	0.0	0.0	0.0024815175000000005
146.642	0.0	0.0	0.0019273275000000001
146.752	0.0	0.0	0.0012801600000000002
146.812	0.0	0.0	0.00078395625
146.892	0.0	0.0	0.000161676375
146.982	0.0	0.0	-0.0006254062500000001
147.092	0.0	0.0	-0.00153481125
147.152	0.0	0.0	-0.0019095037500000002
147.222	0.0	0.0	-0.0023846812500000003
147.312	0.0	0.0	-0.0029967000000000006
147.422	0.0	0.0	-0.0037162125000000006
147.482	0.0	0.0	-0.0037968000000000008
147.552	0.0	0.0	-0.00390075
147.652	0.0	0.0	-0.004034887500000001
147.762	0.0	0.0	-0.004191337500000001
147.822	0.0	0.0	-0.0039015375000000007
147.892	0.0	0.0	-0.00353745
147.992	0.0	0.0	-0.0030757125
148.102	0.0	0.0	-0.0025418925
148.162	0.0	0.0	-0.00204516375
148.232	0.0	0.0	-0.00141372
148.322	0.0	0.0	-0.0005986575000000001
148.432	0.0	0.0	0.00036020250000000007
148.492	0.0	0.0	0.00084406875
148.562	0.0	0.0	0.00146916
148.662	0.0	0.0	0.0022767675
148.772	0.0	0.0	0.0032216625000000003
148.832	0.0	0.0	0.0034458375
148.902	0.0	0.0	0.0037280250000000003
149.002	0.0	0.0	0.0040866
149.112	0.0	0.0	0.00450135
149.172	0.0	0.0	0.004347000000000001
149.242	0.0	0.0	0.004150125
149.332	0.0	0.0	0.0038957625000000003
149.442	0.0	0.0	0.0035959875000000007
149.502	0.0	0.0	0.0031429125
149.572	0.0	0.0	0.0025565400000000004
149.672	0.0	0.0	0.0017973637500000002
149.782	0.0	0.0	0.0009081975000000002
149.842	0.0	0.0	0.00036456000000000005
149.912	0.0	0.0	-0.00032203500000000003
150.012	0.0	0.0	-0.0011955300000000002
150.122	0.0	0.0	-0.0022078087500000004
150.182	0.0	0.0	-0.00253950375
150.252	0.0	0.0	-0.0029633625000000004
150.342	0.0	0.0	-0.0035125125000000004
150.452	0.0	0.0	-0.0041598375
150.512	0.0	0.0	-0.004151175
150.582	0.0	0.0	-0.004139887500000001
150.682	0.0	0.0	-0.004125450000000001
150.792	0.0	0.0	-0.004108125000000001
150.852	0.0	0.0	-0.003747975
150.922	0.0	0.0	-0.0032920125000000006
151.022	0.0	0.0	-0.0027105750000000002
151.132	0.0	0.0	-0.002036265
151.192	0.0	0.0	-0.0015396675
151.262	0.0	0.0	-0.00090355125
151.352	0.0	0.0	-7.7545125e-05
151.462	0.0	0.0	0.0008970937500000001
151.522	0.0	0.0	0.0013139175000000001
151.592	0.0	0.0	0.0018564262500000003
151.692	0.0	0.0	0.0025614225000000004
151.802	0.0	0.0	0.0033886125000000007
151.862	0.0	0.0	0.0035196000000000003
151.932	0.0	0.0	0.0036857625
152.032	0.0	0.0	0.0038978625000000004
152.142	0.0	0.0	0.00414435
152.202	0.0	0.0	0.003935925000000001
152.272	0.0	0.0	0.0036684375000000007
152.362	0.0	0.0	0.0033206250000000002
152.472	0.0	0.0	0.0029095500000000003
152.532	0.0	0.0	0.0024735375
152.602	0.0	0.0	0.001904805
152.702	0.0	0.0	0.0011642400000000002
152.812	0.0	0.0	0.00029439375000000004
152.872	0.0	0.0	-0.00016283662500000002
152.942	0.0	0.0	-0.00074445
153.042	0.0	0.0	-0.0014886900000000002
153.152	0.0	0.0	-0.0023537325
153.212	0.0	0.0	-0.0025825012500000004
153.282	0.0	0.0	-0.0028770000000000007
153.372	0.0	0.0	-0.0032610375000000002
153.482	0.0	0.0	-0.0037149
153.542	0.0	0.0	-0.003640087500000001
153.612	0.0	0.0	-0.0035421750000000003
153.712	0.0	0.0	-0.0034143375000000005
153.822	0.0	0.0	-0.0032641875
153.882	0.0	0.0	-0.0029192625000000003
153.952	0.0	0.0	-0.0024791025
154.052	0.0	0.0	-0.0019148850000000003
154.162	0.0	0.0	-0.001258425
154.222	0.0	0.0	-0.0008538337500000002
154.292	0.0	0.0	-0.00033161625
154.382	0.0	0.0	0.00035059500000000004
154.492	0.0	0.0	0.0011579400000000003
154.552	0.0	0.0	0.0014482387500000002
154.622	0.0	0.0	0.0018288637500000003
154.722	0.0	0.0	0.0023264325
154.832	0.0	0.0	0.0029119125
154.892	0.0	0.0	0.0029497125
154.962	0.0	0.0	0.0029980125
155.062	0.0	0.0	0.0030599625000000004
155.172	0.0	0.0	0.00313215
155.232	0.0	0.0	0.0029239874999999996
155.302	0.0	0.0	0.002654925
155.392	0.0	0.0	0.00230251875
155.502	0.0	0.0	0.0018851175000000001
155.562	0.0	0.0	0.0015473325
155.632	0.0	0.0	0.0011033137500000001
155.732	0.0	0.0	0.0005217712500000001
155.842	0.0	0.0	-0.00016329337500000003
155.902	0.0	0.0	-0.00046714500000000003
155.972	0.0	0.0	-0.0008562750000000001
156.072	0.0	0.0	-0.0013568625
156.182	0.0	0.0	-0.0019402949999999999
156.232	0.0	0.0	-0.0020519625000000007
156.312	0.0	0.0	-0.00219725625
156.402	0.0	0.0	-0.00238835625
156.512	0.0	0.0	-0.00261541875
156.572	0.0	0.0	-0.00251614125
156.642	0.0	0.0	-0.0023863612500000003
156.742	0.0	0.0	-0.0022176787500000003
156.852	0.0	0.0	-0.00202048875
156.912	0.0	0.0	-0.0017805112500000003
156.982	0.0	0.0	-0.0014700525
157.072	0.0	0.0	-0.0010633612500000002
157.182	0.0	0.0	-0.00058120125
157.242	0.0	0.0	-0.0003208275
157.312	0.0	0.0	2.317665e-05
157.412	0.0	0.0	0.00047538750000000003
157.522	0.0	0.0	0.0010090237500000002
157.582	0.0	0.0	0.0011704875000000002
157.652	0.0	0.0	0.0013782300000000003
157.752	0.0	0.0	0.0016464525000000002
157.862	0.0	0.0	0.0019596675
157.912	0.0	0.0	0.0019507162500000002
157.992	0.0	0.0	0.0019390612500000003
158.082	0.0	0.0	0.0019237312500000002
158.192	0.0	0.0	0.0019055137500000002
158.252	0.0	0.0	0.001753185
158.322	0.0	0.0	0.0015515325000000002
158.422	0.0	0.0	0.0012860925000000001
158.532	0.0	0.0	0.0009725887500000002
158.592	0.0	0.0	0.0007508549999999999
158.662	0.0	0.0	0.00046488750000000004
158.762	0.0	0.0	9.493575000000001e-05
158.872	0.0	0.0	-0.00033747
158.922	0.0	0.0	-0.00050518125
159.002	0.0	0.0	-0.0007242375000000001
159.092	0.0	0.0	-0.0010131450000000002
159.202	0.0	0.0	-0.0013566
159.262	0.0	0.0	-0.001410465
159.332	0.0	0.0	-0.0014819174999999999
159.432	0.0	0.0	-0.0015762075000000004
159.542	0.0	0.0	-0.00168763875
159.602	0.0	0.0	-0.0016035337500000001
159.672	0.0	0.0	-0.0014948062499999999
159.772	0.0	0.0	-0.00135384375
159.882	0.0	0.0	-0.0011889675000000001
159.932	0.0	0.0	-0.0010248787500000002
160.002	0.0	0.0	-0.0008099437500000001
160.102	0.0	0.0	-0.000525945
160.212	0.0	0.0	-0.000187978875
160.272	0.0	0.0	-1.8730425000000005e-05
160.342	0.0	0.0	0.00020645362500000002
160.442	0.0	0.0	0.0005040787500000001
160.552	0.0	0.0	0.0008562225000000001
160.612	0.0	0.0	0.00094996125
160.682	0.0	0.0	0.00107144625
160.782	0.0	0.0	0.001229235
160.892	0.0	0.0	0.0014140087500000003
160.942	0.0	0.0	0.00138922875
161.012	0.0	0.0	0.0013567050000000002
161.112	0.0	0.0	0.0013136025
161.222	0.0	0.0	0.00126228375
161.272	0.0	0.0	0.00114326625
161.352	0.0	0.0	0.0009844537500000002
161.452	0.0	0.0	0.0007741912500000001
161.562	0.0	0.0	0.0005251575
161.622	0.0	0.0	0.00037146375000000003
161.692	0.0	0.0	0.00017174587499999998
161.792	0.0	0.0	-8.8139625e-05
161.902	0.0	0.0	-0.00039277875
161.952	0.0	0.0	-0.00049371
162.022	0.0	0.0	-0.0006265875000000001
162.122	0.0	0.0	-0.0008029087500000001
162.232	0.0	0.0	-0.0010130925000000001
162.282	0.0	0.0	-0.0010277662500000001
162.362	0.0	0.0	-0.00104740125
162.452	0.0	0.0	-0.001073415
162.572	0.0	0.0	-0.0011042850000000002
162.632	0.0	0.0	-0.00103102125
162.702	0.0	0.0	-0.0009356025000000001
162.802	0.0	0.0	-0.0008111775
162.912	0.0	0.0	-0.0006652012500000001
162.962	0.0	0.0	-0.0005558175000000001
163.032	0.0	0.0	-0.00041141625
163.132	0.0	0.0	-0.00021942900000000002
163.242	0.0	0.0	9.687300000000001e-06
163.292	0.0	0.0	0.00010797412500000001
163.372	0.0	0.0	0.000239780625
163.462	0.0	0.0	0.0004149862500000001
163.582	0.0	0.0	0.0006229125
163.642	0.0	0.0	0.0006697425
163.712	0.0	0.0	0.0007308787500000001
163.812	0.0	0.0	0.0008107575
163.922	0.0	0.0	0.0009045487500000001
163.972	0.0	0.0	0.0008831287500000001
164.042	0.0	0.0	0.0008547525000000001
164.142	0.0	0.0	0.00081692625
164.252	0.0	0.0	0.0007717762500000001
164.302	0.0	0.0	0.000690375
164.382	0.0	0.0	0.0005809125
164.472	0.0	0.0	0.00043512000000000005
164.592	0.0	0.0	0.00026197237500000004
164.652	0.0	0.0	0.00014392350000000002
164.722	0.0	0.0	-1.0610512500000002e-05
164.822	0.0	0.0	-0.00021288750000000002
164.932	0.0	0.0	-0.0004506862500000001
164.982	0.0	0.0	-0.0005474175000000001
165.052	0.0	0.0	-0.0006758325000000001
165.152	0.0	0.0	-0.0008472187500000002
165.262	0.0	0.0	-0.0010521525000000002
165.312	0.0	0.0	-0.00108073875
165.392	0.0	0.0	-0.00111927375
165.482	0.0	0.0	-0.0011706712500000002
165.602	0.0	0.0	-0.0012318074999999999
165.662	0.0	0.0	-0.001153635
165.732	0.0	0.0	-0.00105107625
165.832	0.0	0.0	-0.0009165450000000002
165.942	0.0	0.0	-0.00075823125
165.992	0.0	0.0	-0.000601545
166.062	0.0	0.0	-0.0003929887500000001
166.162	0.0	0.0	-0.00011405887500000003
166.272	0.0	0.0	0.00021978075000000003
166.322	0.0	0.0	0.00039264750000000005
166.402	0.0	0.0	0.00062635125
166.492	0.0	0.0	0.0009388312500000001
166.612	0.0	0.0	0.0013106625000000002
166.672	0.0	0.0	0.0014037187499999998
166.742	0.0	0.0	0.001526175
166.842	0.0	0.0	0.0016870875000000003
166.952	0.0	0.0	0.0018766125000000003
167.002	0.0	0.0	0.0018216187500000001
167.072	0.0	0.0	0.0017481712500000003
167.172	0.0	0.0	0.0016497862500000002
167.282	0.0	0.0	0.0015318975000000003
167.332	0.0	0.0	0.00133875
167.412	0.0	0.0	0.0010769850000000001
167.502	0.0	0.0	0.0007262587500000001
167.622	0.0	0.0	0.00030854250000000004
167.682	0.0	0.0	5.797312500000001e-05
167.752	0.0	0.0	-0.0002725275
167.852	0.0	0.0	-0.0007077
167.962	0.0	0.0	-0.00122073
168.012	0.0	0.0	-0.0013814325
168.082	0.0	0.0	-0.0015964725000000002
168.182	0.0	0.0	-0.001885275
168.292	0.0	0.0	-0.00223159125
168.342	0.0	0.0	-0.0022251337500000003
168.422	0.0	0.0	-0.0022163662500000003
168.512	0.0	0.0	-0.0022045800000000003
168.632	0.0	0.0	-0.00219053625
168.692	0.0	0.0	-0.0019990425
168.762	0.0	0.0	-0.00174575625
168.862	0.0	0.0	-0.00141164625
168.972	0.0	0.0	-0.00101737125
169.022	0.0	0.0	-0.0007525087500000001
169.092	0.0	0.0	-0.00039705750000000004
169.192	0.0	0.0	8.1204375e-05
169.302	0.0	0.0	0.0006552525000000001
169.352	0.0	0.0	0.00087404625
169.432	0.0	0.0	0.0011722462500000001
169.522	0.0	0.0	0.0015732937500000004
169.642	0.0	0.0	0.0020518312500000004
169.702	0.0	0.0	0.0021084262500000004
169.772	0.0	0.0	0.00218344875
169.872	0.0	0.0	0.002282595
169.982	0.0	0.0	0.0023997225
170.032	0.0	0.0	0.0022710712500000002
170.102	0.0	0.0	0.0020979525
170.202	0.0	0.0	0.0018645637500000001
170.312	0.0	0.0	0.00158416125
170.362	0.0	0.0	0.00134229375
170.442	0.0	0.0	0.0010118062500000002
170.532	0.0	0.0	0.0005664225000000001
170.652	0.0	0.0	3.4489875e-05
170.712	0.0	0.0	-0.00019876237500000002
170.782	0.0	0.0	-0.0005086725000000001
170.882	0.0	0.0	-0.0009189075
170.992	0.0	0.0	-0.00140382375
171.042	0.0	0.0	-0.00149800875
171.112	0.0	0.0	-0.0016254787500000003
171.212	0.0	0.0	-0.0017982037500000002
171.322	0.0	0.0	-0.0020062875000000004
171.372	0.0	0.0	-0.001942395
171.452	0.0	0.0	-0.00185558625
171.542	0.0	0.0	-0.0017395350000000004
171.662	0.0	0.0	-0.0016019325
171.712	0.0	0.0	-0.0014343000000000001
171.782	0.0	0.0	-0.0012087600000000001
171.882	0.0	0.0	-0.0009044175
171.992	0.0	0.0	-0.0005385450000000001
172.042	0.0	0.0	-0.00036366750000000003
172.122	0.0	0.0	-0.000123398625
172.212	0.0	0.0	0.000201586875
172.332	0.0	0.0	0.0005903625
172.382	0.0	0.0	0.0006862800000000002
172.462	0.0	0.0	0.00081430125
172.552	0.0	0.0	0.0009844275
172.672	0.0	0.0	0.0011858700000000001
172.722	0.0	0.0	0.0011683875
172.792	0.0	0.0	0.0011446837500000001
172.892	0.0	0.0	0.00111255375
173.002	0.0	0.0	0.00107386125
173.052	0.0	0.0	0.0009861337500000002
173.122	0.0	0.0	0.00086541
173.222	0.0	0.0	0.00070184625
173.342	0.0	0.0	0.00050602125
173.392	0.0	0.0	0.00041257125000000006
173.472	0.0	0.0	0.00028746375000000005
173.562	0.0	0.0	0.00012091275000000002
173.682	0.0	0.0	-7.649250000000002e-05
173.732	0.0	0.0	-0.00011543700000000001
173.802	0.0	0.0	-0.000168380625
173.902	0.0	0.0	-0.00024030037500000003
174.012	0.0	0.0	-0.00032699625
174.062	0.0	0.0	-0.00031334625
174.132	0.0	0.0	-0.00029449875000000006
174.232	0.0	0.0	-0.000268905
174.352	0.0	0.0	-0.00023824237500000002
174.402	0.0	0.0	-0.00020962725000000002
174.482	0.0	0.0	-0.00017121562500000003
174.572	0.0	0.0	-0.00011998350000000001
174.692	0.0	0.0	-5.920162500000001e-05
174.742	0.0	0.0	-5.589937500000001e-05
174.812	0.0	0.0	-5.1397500000000004e-05
174.912	0.0	0.0	-4.5270750000000004e-05
175.022	0.0	0.0	-3.7878750000000004e-05
175.072	0.0	0.0	-2.657025e-06
175.142	0.0	0.0	4.6095000000000005e-05
175.242	0.0	0.0	0.000112399875
175.362	0.0	0.0	0.00019192425
175.412	0.0	0.0	0.000244589625
175.492	0.0	0.0	0.0003154725
175.582	0.0	0.0	0.00041018250000000005
175.702	0.0	0.0	0.0005226637500000001
175.752	0.0	0.0	0.00054327
175.822	0.0	0.0	0.0005714100000000001
175.922	0.0	0.0	0.0006098137500000001
176.032	0.0	0.0	0.0006561712500000001
176.082	0.0	0.0	0.0006147487500000001
176.152	0.0	0.0	0.0005572350000000001
176.252	0.0	0.0	0.00047887875000000006
176.372	0.0	0.0	0.00038479875000000004
176.422	0.0	0.0	0.00028709625
176.502	0.0	0.0	0.000155274
176.592	0.0	0.0	-2.12485875e-05
176.712	0.0	0.0	-0.00023107612500000002
176.762	0.0	0.0	-0.00032592
176.832	0.0	0.0	-0.00045593624999999997
176.932	0.0	0.0	-0.00063364875
177.042	0.0	0.0	-0.0008484787500000001
177.092	0.0	0.0	-0.0008889037500000001
177.162	0.0	0.0	-0.0009451837500000001
177.262	0.0	0.0	-0.0010220175
177.382	0.0	0.0	-0.0011143387500000001
177.432	0.0	0.0	-0.00106519875
177.512	0.0	0.0	-0.0009987074999999999
177.602	0.0	0.0	-0.0009094837500000001
177.722	0.0	0.0	-0.0008033550000000002
177.772	0.0	0.0	-0.0006916087500000001
177.842	0.0	0.0	-0.0005379675
177.932	0.0	0.0	-0.00032754750000000003
178.052	0.0	0.0	-7.296975e-05
178.102	0.0	0.0	4.860975000000001e-05
178.172	0.0	0.0	0.00021833175000000003
178.272	0.0	0.0	0.00045050250000000004
178.392	0.0	0.0	0.0007297499999999999
178.442	0.0	0.0	0.00079608375
178.522	0.0	0.0	0.0008860950000000002
178.612	0.0	0.0	0.0010071075000000003
178.732	0.0	0.0	0.0011511937500000003
178.782	0.0	0.0	0.0011267550000000001
178.852	0.0	0.0	0.0010930762500000002
178.942	0.0	0.0	0.00104682375
179.062	0.0	0.0	0.0009908325
179.112	0.0	0.0	0.0008962012500000001
179.182	0.0	0.0	0.00076369125
179.282	0.0	0.0	0.0005820675
179.402	0.0	0.0	0.0003634575000000001
179.452	0.0	0.0	0.000249438
179.532	0.0	0.0	9.4339875e-05
179.622	0.0	0.0	-0.00011455500000000002
179.742	0.0	0.0	-0.0003635625
179.792	0.0	0.0	-0.00042868875
179.862	0.0	0.0	-0.000518805
179.952	0.0	0.0	-0.0006426787500000001
180.072	0.0	0.0	-0.000792855
180.122	0.0	0.0	-0.0007905975000000001
180.192	0.0	0.0	-0.0007874475000000001
180.292	0.0	0.0	-0.00078311625
180.412	0.0	0.0	-0.0007779187500000001
180.462	0.0	0.0	-0.00071922375
180.542	0.0	0.0	-0.0006391612500000002
180.632	0.0	0.0	-0.0005311425000000001
180.752	0.0	0.0	-0.000402255
180.802	0.0	0.0	-0.00033563250000000005
180.872	0.0	0.0	-0.00024323512500000003
180.962	0.0	0.0	-0.00011593050000000002
181.082	0.0	0.0	3.8532374999999995e-05
181.132	0.0	0.0	8.047987500000001e-05
181.202	0.0	0.0	0.000139537125
181.302	0.0	0.0	0.00022080712500000002
181.422	0.0	0.0	0.00031880625
181.472	0.0	0.0	0.00032463375000000005
181.552	0.0	0.0	0.00033264000000000004
181.642	0.0	0.0	0.00034342875000000004
181.762	0.0	0.0	0.00035631750000000005
181.812	0.0	0.0	0.00034106625
181.882	0.0	0.0	0.00031983
181.972	0.0	0.0	0.000290535
182.092	0.0	0.0	0.00025496362500000003
182.142	0.0	0.0	0.00022825425000000003
182.212	0.0	0.0	0.00019053825000000003
182.312	0.0	0.0	0.00013853700000000002
182.432	0.0	0.0	7.577062500000001e-05
182.482	0.0	0.0	3.0308250000000002e-05
182.552	0.0	0.0	-3.2043375e-05
182.652	0.0	0.0	-0.00011651587500000002
182.772	0.0	0.0	-0.00021748387500000003
182.822	0.0	0.0	-0.00026567625
182.892	0.0	0.0	-0.0003329025
182.982	0.0	0.0	-0.00042590625
183.102	0.0	0.0	-0.00053893875
183.152	0.0	0.0	-0.00055888875
183.222	0.0	0.0	-0.0005871075000000001
183.322	0.0	0.0	-0.000626115
183.442	0.0	0.0	-0.0006732075000000001
183.492	0.0	0.0	-0.0006329137500000001
183.562	0.0	0.0	-0.0005774737500000002
183.662	0.0	0.0	-0.0005022150000000001
183.782	0.0	0.0	-0.0004121775
183.832	0.0	0.0	-0.00032130000000000006
183.902	0.0	0.0	-0.00019409512500000002
183.992	0.0	0.0	-1.7772825000000002e-05
184.112	0.0	0.0	0.000196751625
184.162	0.0	0.0	0.00030103500000000006
184.232	0.0	0.0	0.0004491637500000001
184.332	0.0	0.0	0.00065422875
184.452	0.0	0.0	0.0009021337500000001
184.502	0.0	0.0	0.0009575737500000001
184.572	0.0	0.0	0.0010340137500000001
184.672	0.0	0.0	0.0011379637500000001
184.792	0.0	0.0	0.0012624675
184.842	0.0	0.0	0.00122348625
184.912	0.0	0.0	0.0011687812500000001
185.002	0.0	0.0	0.0010927875000000002
185.122	0.0	0.0	0.00100025625
185.172	0.0	0.0	0.0008719725000000001
185.242	0.0	0.0	0.00068924625
185.342	0.0	0.0	0.00043582875
185.462	0.0	0.0	0.00012914475000000002
185.512	0.0	0.0	-3.584175e-05
185.582	0.0	0.0	-0.00026389125
185.682	0.0	0.0	-0.00057453375
185.802	0.0	0.0	-0.0009467325000000002
185.852	0.0	0.0	-0.0010492125000000003
185.922	0.0	0.0	-0.001193955
186.012	0.0	0.0	-0.001395975
186.132	0.0	0.0	-0.0016426725000000001
186.182	0.0	0.0	-0.0016318575
186.252	0.0	0.0	-0.0016165800000000003
186.352	0.0	0.0	-0.0015955275000000004
186.472	0.0	0.0	-0.0015702487500000003
186.522	0.0	0.0	-0.00144136125
186.592	0.0	0.0	-0.0012604725
186.682	0.0	0.0	-0.00100905
186.802	0.0	0.0	-0.00070266
186.852	0.0	0.0	-0.00051072
186.922	0.0	0.0	-0.00023574337500000003
187.022	0.0	0.0	0.000147049875
187.142	0.0	0.0	0.00061107375
187.192	0.0	0.0	0.0007746375000000001
187.262	0.0	0.0	0.0010019362500000002
187.362	0.0	0.0	0.0013126575
187.482	0.0	0.0	0.0016856437500000002
187.532	0.0	0.0	0.0017251500000000004
187.602	0.0	0.0	0.00178103625
187.692	0.0	0.0	0.0018590775000000002
187.812	0.0	0.0	0.0019543387500000004
187.862	0.0	0.0	0.0018532762500000001
187.932	0.0	0.0	0.0017081662500000002
188.032	0.0	0.0	0.0015058312500000003
188.152	0.0	0.0	0.0012604200000000002
188.202	0.0	0.0	0.0010559325
188.272	0.0	0.0	0.0007710150000000001
188.372	0.0	0.0	0.00038070375
188.492	0.0	0.0	-8.824725e-05
188.542	0.0	0.0	-0.00027798750000000006
188.612	0.0	0.0	-0.00054726
188.702	0.0	0.0	-0.000924105
188.822	0.0	0.0	-0.00138450375
188.872	0.0	0.0	-0.0014802900000000002
188.942	0.0	0.0	-0.0016182075000000001
189.042	0.0	0.0	-0.0018109087500000002
189.162	0.0	0.0	-0.00204484875
189.212	0.0	0.0	-0.00199101
189.282	0.0	0.0	-0.0019157512500000001
189.382	0.0	0.0	-0.0018124837500000002
189.502	0.0	0.0	-0.0016882687500000002
189.552	0.0	0.0	-0.0015199800000000002
189.622	0.0	0.0	-0.0012803962500000001
189.712	0.0	0.0	-0.0009444487500000001
189.832	0.0	0.0	-0.00053361
189.882	0.0	0.0	-0.00032547375000000004
189.952	0.0	0.0	-2.47907625e-05
190.052	0.0	0.0	0.00039603375
190.172	0.0	0.0	0.0009074625
190.222	0.0	0.0	0.0010554599999999998
190.292	0.0	0.0	0.00126286125
190.392	0.0	0.0	0.00154809375
190.512	0.0	0.0	0.0018913912500000002
190.562	0.0	0.0	0.0018993712500000003
190.632	0.0	0.0	0.0019107112500000004
190.722	0.0	0.0	0.0019266712500000001
190.842	0.0	0.0	0.0019462012500000001
190.892	0.0	0.0	0.0018181012500000002
190.962	0.0	0.0	0.0016324875000000003
191.062	0.0	0.0	0.0013721925000000001
191.182	0.0	0.0	0.001055565
191.232	0.0	0.0	0.0008453025000000002
191.302	0.0	0.0	0.00054975375
191.402	0.0	0.0	0.0001425375
191.522	0.0	0.0	-0.00034804875
191.572	0.0	0.0	-0.00052017
191.642	0.0	0.0	-0.00076668375
191.732	0.0	0.0	-0.0011137875000000002
191.852	0.0	0.0	-0.0015390112500000002
191.902	0.0	0.0	-0.00160500375
191.972	0.0	0.0	-0.0017009475000000001
192.072	0.0	0.0	-0.0018357412500000002
192.192	0.0	0.0	-0.0019998562500000002
192.242	0.0	0.0	-0.0019206337500000004
192.312	0.0	0.0	-0.00180896625
192.412	0.0	0.0	-0.0016548000000000003
192.532	0.0	0.0	-0.00146892375
192.582	0.0	0.0	-0.0012951225000000003
192.652	0.0	0.0	-0.0010454062500000001
192.742	0.0	0.0	-0.0006931050000000002
192.862	0.0	0.0	-0.00026112712500000004
192.912	0.0	0.0	-6.8709375e-05
192.982	0.0	0.0	0.00021177712500000003
193.082	0.0	0.0	0.00060669
193.202	0.0	0.0	0.0010878262500000002
193.252	0.0	0.0	0.0012057675000000001
193.322	0.0	0.0	0.0013724812500000001
193.422	0.0	0.0	0.00160311375
193.542	0.0	0.0	0.0018814687500000001
193.592	0.0	0.0	0.0018630937500000002
193.662	0.0	0.0	0.00183658125
193.752	0.0	0.0	0.0017991487500000005
193.872	0.0	0.0	0.0017531587500000004
193.922	0.0	0.0	0.0016142175
193.992	0.0	0.0	0.0014110425
194.092	0.0	0.0	0.0011244187500000001
194.212	0.0	0.0	0.0007749
194.262	0.0	0.0	0.0005766862500000001
194.332	0.0	0.0	0.00029568
194.432	0.0	0.0	-9.378862500000001e-05
194.552	0.0	0.0	-0.00056424375
194.602	0.0	0.0	-0.0007082250000000002
194.672	0.0	0.0	-0.0009163875000000001
194.762	0.0	0.0	-0.0012112275000000002
194.882	0.0	0.0	-0.001573425
194.932	0.0	0.0	-0.00160836375
195.002	0.0	0.0	-0.0016596037500000004
195.102	0.0	0.0	-0.0017320275000000003
195.222	0.0	0.0	-0.0018204112500000002
195.272	0.0	0.0	-0.0017242575
195.342	0.0	0.0	-0.0015874950000000002
195.442	0.0	0.0	-0.0013975762499999999
195.562	0.0	0.0	-0.0011679675
195.612	0.0	0.0	-0.0010027762500000002
195.672	0.0	0.0	-0.0007631662500000001
195.772	0.0	0.0	-0.00042307125
195.892	0.0	0.0	-4.953900000000001e-06
195.942	0.0	0.0	0.00015659962500000002
196.012	0.0	0.0	0.00039430125000000004
196.112	0.0	0.0	0.0007309312500000001
196.232	0.0	0.0	0.0011421375
196.282	0.0	0.0	0.0012213600000000001
196.352	0.0	0.0	0.00133434
196.452	0.0	0.0	0.001491525
196.572	0.0	0.0	0.0016817587500000002
196.622	0.0	0.0	0.0016413600000000001
196.682	0.0	0.0	0.0015826125000000001
196.782	0.0	0.0	0.00149905875
196.902	0.0	0.0	0.0013962112500000002
196.952	0.0	0.0	0.00126412125
197.022	0.0	0.0	0.0010691362500000001
197.122	0.0	0.0	0.00079246125
197.242	0.0	0.0	0.00045420375000000007
197.292	0.0	0.0	0.00029271375
197.362	0.0	0.0	6.1758375e-05
197.462	0.0	0.0	-0.00026025562500000003
197.582	0.0	0.0	-0.0006502650000000001
197.632	0.0	0.0	-0.00074935875
197.692	0.0	0.0	-0.0008939962500000002
197.792	0.0	0.0	-0.0011001637500000002
197.912	0.0	0.0	-0.00135405375
197.962	0.0	0.0	-0.0013580175000000002
198.032	0.0	0.0	-0.0013638975000000002
198.132	0.0	0.0	-0.001372245
198.252	0.0	0.0	-0.0013824825000000002
198.302	0.0	0.0	-0.0012896625
198.372	0.0	0.0	-0.0011565225000000003
198.472	0.0	0.0	-0.0009705412500000001
198.592	0.0	0.0	-0.0007450537500000001
198.642	0.0	0.0	-0.000617295
198.702	0.0	0.0	-0.00043023750000000004
198.802	0.0	0.0	-0.00016304662500000002
198.922	0.0	0.0	0.00016629900000000004
198.972	0.0	0.0	0.00027318375
199.042	0.0	0.0	0.00043191750000000004
199.142	0.0	0.0	0.0006580350000000001
199.262	0.0	0.0	0.0009349987500000001
199.312	0.0	0.0	0.0009706725000000002
199.382	0.0	0.0	0.00102199125
199.482	0.0	0.0	0.0010938375000000002
199.602	0.0	0.0	0.00118101375
199.652	0.0	0.0	0.0011355487500000002
199.712	0.0	0.0	0.0010687425
199.812	0.0	0.0	0.0009731662500000001
199.932	0.0	0.0	0.000855225
199.982	0.0	0.0	0.0007594650000000001
200.052	0.0	0.0	0.00061679625
200.152	0.0	0.0	0.00041314875000000005
200.272	0.0	0.0	0.00016351125
200.322	0.0	0.0	6.49635e-05
200.392	0.0	0.0	-7.7175e-05
200.492	0.0	0.0	-0.00027643875000000004
200.612	0.0	0.0	-0.0005183325
200.662	0.0	0.0	-0.00056545125
200.722	0.0	0.0	-0.00063517125
200.822	0.0	0.0	-0.00073542
200.942	0.0	0.0	-0.0008594250000000001
200.992	0.0	0.0	-0.00084606375
201.062	0.0	0.0	-0.00082632375
201.162	0.0	0.0	-0.0007983675000000001
201.282	0.0	0.0	-0.0007643474999999999
201.332	0.0	0.0	-0.00070541625
201.392	0.0	0.0	-0.00061887
201.492	0.0	0.0	-0.00049489125
201.612	0.0	0.0	-0.00034185375
201.662	0.0	0.0	-0.00027053250000000004
201.732	0.0	0.0	-0.000163629375
201.832	0.0	0.0	-1.0443825000000002e-05
201.952	0.0	0.0	0.00017762325000000002
202.002	0.0	0.0	0.00022794975000000003
202.072	0.0	0.0	0.00030095625
202.172	0.0	0.0	0.0004036725
202.292	0.0	0.0	0.00052857
202.342	0.0	0.0	0.0005354475
202.402	0.0	0.0	0.0005456325000000001
202.502	0.0	0.0	0.0005603062500000001
202.622	0.0	0.0	0.0005784187500000001
202.672	0.0	0.0	0.0005487825000000001
202.742	0.0	0.0	0.00050423625
202.842	0.0	0.0	0.00044031750000000003
202.962	0.0	0.0	0.00036180375
203.012	0.0	0.0	0.0003120862500000001
203.082	0.0	0.0	0.00023977275
203.182	0.0	0.0	0.00013780725
203.302	0.0	0.0	1.3697775000000001e-05
203.352	0.0	0.0	-2.7995625000000002e-05
203.412	0.0	0.0	-8.998762500000001e-05
203.512	0.0	0.0	-0.000179368875
203.632	0.0	0.0	-0.00028998375000000004
203.682	0.0	0.0	-0.00031156125000000005
203.752	0.0	0.0	-0.000344085
203.852	0.0	0.0	-0.00039083625000000007
203.972	0.0	0.0	-0.00044832375
204.022	0.0	0.0	-0.0004409212500000001
204.092	0.0	0.0	-0.00043010625
204.192	0.0	0.0	-0.00041485500000000005
204.312	0.0	0.0	-0.00039627
204.362	0.0	0.0	-0.00036374625000000005
204.422	0.0	0.0	-0.0003152625
204.522	0.0	0.0	-0.000245198625
204.642	0.0	0.0	-0.00015840825
204.692	0.0	0.0	-0.00011031825
204.762	0.0	0.0	-3.75795e-05
204.862	0.0	0.0	6.721050000000001e-05
204.982	0.0	0.0	0.0001961715
205.032	0.0	0.0	0.00024032925000000004
205.102	0.0	0.0	0.0003049725
205.202	0.0	0.0	0.00039648000000000005
205.322	0.0	0.0	0.0005080425000000001
205.362	0.0	0.0	0.0005215087500000001
205.432	0.0	0.0	0.000541695
205.532	0.0	0.0	0.0005708850000000001
205.652	0.0	0.0	0.00060708375
205.702	0.0	0.0	0.0005786812500000001
205.772	0.0	0.0	0.0005355525000000001
205.872	0.0	0.0	0.00047328750000000003
205.992	0.0	0.0	0.00039661125000000003
206.042	0.0	0.0	0.00032996250000000006
206.112	0.0	0.0	0.0002320815
206.212	0.0	0.0	9.327150000000002e-05
206.332	0.0	0.0	-7.612762500000001e-05
206.372	0.0	0.0	-0.000144808125
206.442	0.0	0.0	-0.000247954875
206.542	0.0	0.0	-0.00039758250000000006
206.662	0.0	0.0	-0.0005832487500000001
206.712	0.0	0.0	-0.0006224925
206.782	0.0	0.0	-0.0006822375000000001
206.882	0.0	0.0	-0.0007686262500000002
207.002	0.0	0.0	-0.0008751225
207.052	0.0	0.0	-0.0008555137500000001
207.122	0.0	0.0	-0.0008266387500000001
207.222	0.0	0.0	-0.0007855837500000001
207.342	0.0	0.0	-0.0007354462500000001
207.382	0.0	0.0	-0.00066341625
207.452	0.0	0.0	-0.0005548725
207.552	0.0	0.0	-0.00039711000000000005
207.672	0.0	0.0	-0.00020116950000000002
207.722	0.0	0.0	-0.00010511025000000002
207.792	0.0	0.0	4.1632500000000005e-05
207.892	0.0	0.0	0.00025428900000000004
208.012	0.0	0.0	0.0005166525000000001
208.062	0.0	0.0	0.00058881375
208.132	0.0	0.0	0.0006954675
208.232	0.0	0.0	0.00084727125
208.352	0.0	0.0	0.0010328850000000003
208.392	0.0	0.0	0.00103648125
208.462	0.0	0.0	0.001041915
208.562	0.0	0.0	0.0010498425000000002
208.682	0.0	0.0	0.00105968625
208.732	0.0	0.0	0.0009913575000000002
208.792	0.0	0.0	0.0008865937500000001
208.902	0.0	0.0	0.0007344750000000001
209.022	0.0	0.0	0.00054665625
209.072	0.0	0.0	0.0004325475
209.142	0.0	0.0	0.00026341875000000006
209.242	0.0	0.0	2.21059125e-05
209.362	0.0	0.0	-0.00027313125
209.402	0.0	0.0	-0.0003657675000000001
209.472	0.0	0.0	-0.00050628375
209.572	0.0	0.0	-0.0007113750000000001
209.692	0.0	0.0	-0.0009665512500000001
209.742	0.0	0.0	-0.0009986812500000003
209.802	0.0	0.0	-0.00104811
209.912	0.0	0.0	-0.00112000875
210.032	0.0	0.0	-0.0012088650000000002
210.082	0.0	0.0	-0.0011584125000000001
210.152	0.0	0.0	-0.00108339
210.252	0.0	0.0	-0.000976185
210.372	0.0	0.0	-0.0008448825000000001
210.412	0.0	0.0	-0.0007443450000000001
210.482	0.0	0.0	-0.0005912812500000001
210.582	0.0	0.0	-0.00036742125
210.702	0.0	0.0	-8.8675125e-05
210.742	0.0	0.0	1.68679875e-05
210.812	0.0	0.0	0.00017972850000000002
210.922	0.0	0.0	0.00041713875000000004
211.042	0.0	0.0	0.0007107975
211.092	0.0	0.0	0.0007687050000000002
211.162	0.0	0.0	0.0008550937500000001
211.262	0.0	0.0	0.00097881
211.382	0.0	0.0	0.0011304300000000002
211.422	0.0	0.0	0.0011115562500000002
211.492	0.0	0.0	0.0010827337500000003
211.592	0.0	0.0	0.0010404975
211.712	0.0	0.0	0.00098786625
211.752	0.0	0.0	0.0009079087500000002
211.822	0.0	0.0	0.00078411375
211.922	0.0	0.0	0.0006033037500000001
212.052	0.0	0.0	0.00037944374999999996
212.102	0.0	0.0	0.00027691125000000005
212.172	0.0	0.0	0.000123477375
212.272	0.0	0.0	-9.672600000000001e-05
212.392	0.0	0.0	-0.00036684375000000004
212.432	0.0	0.0	-0.00043231125
212.502	0.0	0.0	-0.00053269125
212.602	0.0	0.0	-0.0006800850000000001
212.722	0.0	0.0	-0.0008639400000000001
212.762	0.0	0.0	-0.00087142125
212.832	0.0	0.0	-0.00088302375
212.932	0.0	0.0	-0.0009000075
213.062	0.0	0.0	-0.00092106
213.112	0.0	0.0	-0.0008682450000000001
213.182	0.0	0.0	-0.00078894375
213.282	0.0	0.0	-0.0006748875
213.402	0.0	0.0	-0.00053487
213.442	0.0	0.0	-0.00045858750000000005
213.512	0.0	0.0	-0.0003412237500000001
213.612	0.0	0.0	-0.00016851187500000001
213.732	0.0	0.0	4.7084625e-05
213.772	0.0	0.0	0.00011403525000000002
213.842	0.0	0.0	0.00021840525000000002
213.942	0.0	0.0	0.00037146375000000003
214.072	0.0	0.0	0.00056125125
214.122	0.0	0.0	0.0005885250000000001
214.192	0.0	0.0	0.00062960625
214.292	0.0	0.0	0.0006888
214.412	0.0	0.0	0.0007615387500000001
214.452	0.0	0.0	0.00073980375
214.522	0.0	0.0	0.00070625625
214.622	0.0	0.0	0.00065680125
214.742	0.0	0.0	0.0005949825
214.782	0.0	0.0	0.0005386762500000002
214.852	0.0	0.0	0.00045060750000000007
214.952	0.0	0.0	0.00032119500000000003
215.082	0.0	0.0	0.00016058437499999998
215.132	0.0	0.0	9.450262500000001e-05
215.202	0.0	0.0	-5.298037500000001e-06
215.302	0.0	0.0	-0.00014929950000000002
215.422	0.0	0.0	-0.00032634
215.462	0.0	0.0	-0.00036603000000000004
215.532	0.0	0.0	-0.00042771750000000005
215.632	0.0	0.0	-0.0005191725000000001
215.752	0.0	0.0	-0.0006337275
215.792	0.0	0.0	-0.00063459375
215.862	0.0	0.0	-0.0006359325
215.972	0.0	0.0	-0.00063790125
216.092	0.0	0.0	-0.0006403425
216.132	0.0	0.0	-0.00060188625
216.202	0.0	0.0	-0.000542535
216.302	0.0	0.0	-0.0004549125000000001
216.422	0.0	0.0	-0.0003453975
216.462	0.0	0.0	-0.00028494375
216.532	0.0	0.0	-0.00018971925
216.632	0.0	0.0	-4.928175000000001e-05
216.762	0.0	0.0	0.00012525975000000003
216.812	0.0	0.0	0.00018035325000000002
216.882	0.0	0.0	0.000264075
216.982	0.0	0.0	0.00038532375000000006
217.102	0.0	0.0	0.0005346337500000001
217.142	0.0	0.0	0.00055300875
217.212	0.0	0.0	0.00058167375
217.312	0.0	0.0	0.00062414625
217.432	0.0	0.0	0.0006773287500000001
217.472	0.0	0.0	0.0006533625
217.542	0.0	0.0	0.0006155362500000001
217.642	0.0	0.0	0.0005596500000000001
217.772	0.0	0.0	0.0004901662500000001
217.822	0.0	0.0	0.00043323
217.882	0.0	0.0	0.00034642125
217.992	0.0	0.0	0.00022044225000000003
218.112	0.0	0.0	6.5165625e-05
218.152	0.0	0.0	1.0386862500000001e-05
218.222	0.0	0.0	-7.529287500000001e-05
218.322	0.0	0.0	-0.00020259487500000003
218.442	0.0	0.0	-0.00036211875000000007
218.482	0.0	0.0	-0.00039220125000000004
218.552	0.0	0.0	-0.0004398712500000001
218.652	0.0	0.0	-0.000510405
218.782	0.0	0.0	-0.00059821125
218.832	0.0	0.0	-0.0005883675000000001
218.892	0.0	0.0	-0.0005733262500000001
219.002	0.0	0.0	-0.00055146
219.122	0.0	0.0	-0.0005245012500000001
219.162	0.0	0.0	-0.00048536250000000004
219.232	0.0	0.0	-0.0004239112500000001
219.332	0.0	0.0	-0.0003324037500000001
219.452	0.0	0.0	-0.00021766762500000005
219.492	0.0	0.0	-0.000169771875
219.562	0.0	0.0	-9.361275000000001e-05
219.662	0.0	0.0	1.9334175e-05
219.792	0.0	0.0	0.000160038375
219.842	0.0	0.0	0.000193769625
219.902	0.0	0.0	0.000245545125
220.012	0.0	0.0	0.000320985
220.132	0.0	0.0	0.00041409375
220.172	0.0	0.0	0.0004185300000000001
220.242	0.0	0.0	0.0004255125
220.342	0.0	0.0	0.00043593375000000004
220.462	0.0	0.0	0.00044900625000000003
220.502	0.0	0.0	0.0004279800000000001
220.572	0.0	0.0	0.00039440625000000006
220.672	0.0	0.0	0.000344505
220.802	0.0	0.0	0.0002822925
220.842	0.0	0.0	0.00024313275000000003
220.912	0.0	0.0	0.000182818125
221.022	0.0	0.0	9.477037500000001e-05
221.142	0.0	0.0	-1.4025637500000001e-05
221.182	0.0	0.0	-5.4009375e-05
221.252	0.0	0.0	-0.00011723775
221.352	0.0	0.0	-0.00021175875000000003
221.472	0.0	0.0	-0.00033051375
221.512	0.0	0.0	-0.00035902125000000003
221.582	0.0	0.0	-0.00040467
221.682	0.0	0.0	-0.0004726837500000001
221.812	0.0	0.0	-0.0005574975
221.852	0.0	0.0	-0.0005547412500000001
221.922	0.0	0.0	-0.00055043625
222.022	0.0	0.0	-0.0005441625000000001
222.152	0.0	0.0	-0.0005363925000000001
222.192	0.0	0.0	-0.00049462875
222.262	0.0	0.0	-0.00042832125000000004
222.362	0.0	0.0	-0.00032901750000000003
222.482	0.0	0.0	-0.00020415150000000003
222.522	0.0	0.0	-0.00013197975000000002
222.592	0.0	0.0	-1.5976012500000002e-05
222.692	0.0	0.0	0.0001570905
222.822	0.0	0.0	0.0003732225
222.862	0.0	0.0	0.0004434675000000001
222.932	0.0	0.0	0.0005524050000000001
223.032	0.0	0.0	0.0007120575
223.162	0.0	0.0	0.0009096675
223.202	0.0	0.0	0.0009298275000000001
223.272	0.0	0.0	0.0009619312500000002
223.372	0.0	0.0	0.0010101
223.492	0.0	0.0	0.0010707375000000002
223.532	0.0	0.0	0.00101989125
223.602	0.0	0.0	0.0009378862500000001
223.702	0.0	0.0	0.0008152725000000001
223.832	0.0	0.0	0.000662025
223.872	0.0	0.0	0.00054702375
223.942	0.0	0.0	0.00036813
224.042	0.0	0.0	0.00010538587500000002
224.172	0.0	0.0	-0.00022007212500000005
224.212	0.0	0.0	-0.0003345825
224.282	0.0	0.0	-0.0005176762500000001
224.382	0.0	0.0	-0.0007930912500000002
224.502	0.0	0.0	-0.0011399325000000001
224.542	0.0	0.0	-0.0012005700000000002
224.612	0.0	0.0	-0.00129877125
224.712	0.0	0.0	-0.00144585
224.842	0.0	0.0	-0.0016297837500000001
224.882	0.0	0.0	-0.00158781
224.952	0.0	0.0	-0.0015222900000000001
225.052	0.0	0.0	-0.00142587375
225.182	0.0	0.0	-0.0013063312499999999
225.222	0.0	0.0	-0.00117786375
225.292	0.0	0.0	-0.00097167
225.392	0.0	0.0	-0.00066089625
225.512	0.0	0.0	-0.00026914125
225.552	0.0	0.0	-0.00010439100000000001
225.622	0.0	0.0	0.000163359
225.722	0.0	0.0	0.0005652150000000001
225.852	0.0	0.0	0.0010682437500000002
225.892	0.0	0.0	0.0011864475000000001
225.962	0.0	0.0	0.001371615
226.062	0.0	0.0	0.0016446412500000004
226.192	0.0	0.0	0.0019833975
226.232	0.0	0.0	0.00198053625
226.302	0.0	0.0	0.0019759425000000002
226.402	0.0	0.0	0.0019690125
226.522	0.0	0.0	0.001960245
226.562	0.0	0.0	0.00183351
226.632	0.0	0.0	0.0016268175000000004
226.732	0.0	0.0	0.0013159649999999999
226.862	0.0	0.0	0.0009265200000000001
226.902	0.0	0.0	0.000723135
226.972	0.0	0.0	0.00040343625000000005
227.072	0.0	0.0	-6.888000000000002e-05
227.202	0.0	0.0	-0.00065541
227.242	0.0	0.0	-0.0008154037500000002
227.312	0.0	0.0	-0.0010741762500000001
227.402	0.0	0.0	-0.0014658
227.532	0.0	0.0	-0.00196027125
227.572	0.0	0.0	-0.0020101987500000004
227.642	0.0	0.0	-0.0020919675
227.742	0.0	0.0	-0.0022151849999999997
227.872	0.0	0.0	-0.00236966625
227.912	0.0	0.0	-0.0022697850000000003
227.982	0.0	0.0	-0.0021122325000000005
228.082	0.0	0.0	-0.0018790012500000002
228.212	0.0	0.0	-0.0015891750000000002
228.252	0.0	0.0	-0.0013999125
228.322	0.0	0.0	-0.00109265625
228.412	0.0	0.0	-0.0006266662500000001
228.542	0.0	0.0	-3.784725e-05
228.582	0.0	0.0	0.000160699875
228.652	0.0	0.0	0.00048698999999999997
228.752	0.0	0.0	0.0009795975
228.882	0.0	0.0	0.0015977325
228.922	0.0	0.0	0.0017061975000000002
228.992	0.0	0.0	0.0018777412500000003
229.092	0.0	0.0	0.0021320775
229.222	0.0	0.0	0.0024483375000000003
229.262	0.0	0.0	0.00240725625
229.322	0.0	0.0	0.0023400300000000003
229.422	0.0	0.0	0.0022375237500000004
229.552	0.0	0.0	0.0021077175000000004
229.592	0.0	0.0	0.0019375650000000003
229.662	0.0	0.0	0.0016605225000000002
229.762	0.0	0.0	0.00124564125
229.892	0.0	0.0	0.00072851625
229.932	0.0	0.0	0.00052360875
230.002	0.0	0.0	0.00019098712499999998
230.092	0.0	0.0	-0.00031389750000000006
230.222	0.0	0.0	-0.000952245
230.262	0.0	0.0	-0.00110103
230.332	0.0	0.0	-0.00134733375
230.432	0.0	0.0	-0.00172060875
230.562	0.0	0.0	-0.0021896700000000003
230.602	0.0	0.0	-0.0022070212500000003
230.672	0.0	0.0	-0.00223463625
230.772	0.0	0.0	-0.00227574375
230.902	0.0	0.0	-0.0023269312500000003
230.942	0.0	0.0	-0.0022103812500000003
231.002	0.0	0.0	-0.00201922875
231.102	0.0	0.0	-0.0017276700000000002
231.232	0.0	0.0	-0.00135851625
231.272	0.0	0.0	-0.00116353125
231.342	0.0	0.0	-0.000839895
231.442	0.0	0.0	-0.00034865250000000003
231.572	0.0	0.0	0.00026908875000000005
231.612	0.0	0.0	0.00045247125000000006
231.682	0.0	0.0	0.00074552625
231.782	0.0	0.0	0.00118253625
231.912	0.0	0.0	0.00172725
231.952	0.0	0.0	0.0017961825
232.012	0.0	0.0	0.0019097137500000002
232.112	0.0	0.0	0.0020832000000000003
232.242	0.0	0.0	0.0023030437500000003
232.282	0.0	0.0	0.00223946625
232.352	0.0	0.0	0.00213352125
232.452	0.0	0.0	0.0019723725
232.582	0.0	0.0	0.0017695912500000003
232.622	0.0	0.0	0.0015958425000000003
232.692	0.0	0.0	0.00131714625
232.792	0.0	0.0	0.0009007687500000001
232.922	0.0	0.0	0.00038133375000000007
232.962	0.0	0.0	0.000202062
233.022	0.0	0.0	-9.429787500000001e-05
233.122	0.0	0.0	-0.0005481262500000001
233.252	0.0	0.0	-0.00112373625
233.292	0.0	0.0	-0.0012388687500000002
233.362	0.0	0.0	-0.0014314650000000003
233.462	0.0	0.0	-0.0017249662500000004
233.592	0.0	0.0	-0.0020946187500000004
233.632	0.0	0.0	-0.0020854575
233.702	0.0	0.0	-0.0020707050000000004
233.802	0.0	0.0	-0.0020486550000000004
233.932	0.0	0.0	-0.00202111875
233.972	0.0	0.0	-0.001899765
234.032	0.0	0.0	-0.0016983487500000002
234.132	0.0	0.0	-0.0013893075000000002
234.262	0.0	0.0	-0.0009970275000000001
234.302	0.0	0.0	-0.0008176350000000001
234.372	0.0	0.0	-0.00051641625
234.472	0.0	0.0	-5.646375e-05
234.602	0.0	0.0	0.00052329375
234.642	0.0	0.0	0.0006782475000000002
234.712	0.0	0.0	0.0009286200000000001
234.812	0.0	0.0	0.0013041525
234.942	0.0	0.0	0.0017734237500000004
234.982	0.0	0.0	0.0018174450000000002
235.042	0.0	0.0	0.00189084
235.142	0.0	0.0	0.0020036887500000005
235.272	0.0	0.0	0.0021470662500000003
235.312	0.0	0.0	0.0020693662500000003
235.382	0.0	0.0	0.001938405
235.482	0.0	0.0	0.0017380125000000003
235.612	0.0	0.0	0.001485225
235.652	0.0	0.0	0.0013127887500000003
235.722	0.0	0.0	0.0010331475
235.822	0.0	0.0	0.00061285875
235.952	0.0	0.0	8.72655e-05
235.992	0.0	0.0	-7.8180375e-05
236.052	0.0	0.0	-0.00035497875000000003
236.152	0.0	0.0	-0.0007814887500000001
236.282	0.0	0.0	-0.0013237350000000001
236.322	0.0	0.0	-0.0014181825000000002
236.392	0.0	0.0	-0.00157801875
236.492	0.0	0.0	-0.0018230625000000002
236.622	0.0	0.0	-0.002132445
236.662	0.0	0.0	-0.00210238875
236.732	0.0	0.0	-0.002053485
236.832	0.0	0.0	-0.0019798275
236.962	0.0	0.0	-0.0018876375000000001
237.002	0.0	0.0	-0.0017542875000000004
237.062	0.0	0.0	-0.00153029625
237.162	0.0	0.0	-0.0011844525
237.292	0.0	0.0	-0.0007443975
237.332	0.0	0.0	-0.0005642700000000001
237.402	0.0	0.0	-0.00025822387500000005
237.502	0.0	0.0	0.00021191625
237.632	0.0	0.0	0.0008059012500000001
237.672	0.0	0.0	0.0009484387500000002
237.742	0.0	0.0	0.0011813287500000002
237.842	0.0	0.0	0.00153271125
237.972	0.0	0.0	0.001972845
238.012	0.0	0.0	0.00199691625
238.072	0.0	0.0	0.00203755125
238.172	0.0	0.0	0.00210039375
238.302	0.0	0.0	0.00218043
238.342	0.0	0.0	0.0020815200000000003
238.412	0.0	0.0	0.0019127325
238.512	0.0	0.0	0.00165298875
238.642	0.0	0.0	0.0013245225
238.682	0.0	0.0	0.00113906625
238.752	0.0	0.0	0.0008349337500000001
238.852	0.0	0.0	0.00037513875
238.982	0.0	0.0	-0.00020127975
239.022	0.0	0.0	-0.00036348375
239.082	0.0	0.0	-0.0006381637500000001
239.182	0.0	0.0	-0.0010640962500000001
239.312	0.0	0.0	-0.0016068675
239.352	0.0	0.0	-0.0016830187500000001
239.422	0.0	0.0	-0.00181342875
239.522	0.0	0.0	-0.00201453
239.652	0.0	0.0	-0.0022690500000000003
239.692	0.0	0.0	-0.0022127962500000002
239.762	0.0	0.0	-0.0021202387500000005
239.862	0.0	0.0	-0.001979985
239.992	0.0	0.0	-0.00180403125
240.032	0.0	0.0	-0.0016530412500000004
240.092	0.0	0.0	-0.00139626375
240.192	0.0	0.0	-0.00099729
240.322	0.0	0.0	-0.0004884337500000001
240.362	0.0	0.0	-0.00030730875
240.432	0.0	0.0	4.224675e-06
240.532	0.0	0.0	0.00048565125000000006
240.662	0.0	0.0	0.0010953075
240.702	0.0	0.0	0.0012192862500000003
240.772	0.0	0.0	0.0014241412500000002
240.872	0.0	0.0	0.0017351250000000003
241.002	0.0	0.0	0.0021255675000000007
241.042	0.0	0.0	0.0021237300000000003
241.102	0.0	0.0	0.0021206062500000004
241.202	0.0	0.0	0.00211572375
241.332	0.0	0.0	0.0021095025000000002
241.372	0.0	0.0	0.0019910625
241.442	0.0	0.0	0.0017865225000000002
241.542	0.0	0.0	0.0014697900000000003
241.672	0.0	0.0	0.001068375
241.712	0.0	0.0	0.00088323375
241.782	0.0	0.0	0.00057616125
241.882	0.0	0.0	0.00010908975000000001
242.012	0.0	0.0	-0.00047782875000000006
242.052	0.0	0.0	-0.00061910625
242.112	0.0	0.0	-0.0008613675000000001
242.212	0.0	0.0	-0.0012393412500000002
242.342	0.0	0.0	-0.0017221575000000002
242.382	0.0	0.0	-0.0017680950000000003
242.452	0.0	0.0	-0.0018477375
242.552	0.0	0.0	-0.0019713225
242.682	0.0	0.0	-0.0021280350000000003
242.722	0.0	0.0	-0.0020506762500000003
242.792	0.0	0.0	-0.0019218412500000004
242.892	0.0	0.0	-0.0017254912500000003
243.022	0.0	0.0	-0.0014785837500000001
243.062	0.0	0.0	-0.00133161
243.122	0.0	0.0	-0.00107853375
243.222	0.0	0.0	-0.0006828675
243.352	0.0	0.0	-0.00017704575
243.392	0.0	0.0	-2.4003787499999998e-05
243.452	0.0	0.0	0.0002424345
243.562	0.0	0.0	0.00065667
243.692	0.0	0.0	0.0011824575
243.732	0.0	0.0	0.0012679275
243.802	0.0	0.0	0.00141064875
243.902	0.0	0.0	0.0016284712500000001
244.032	0.0	0.0	0.0019025737500000003
244.072	0.0	0.0	0.00187816125
244.132	0.0	0.0	0.0018356887500000003
244.232	0.0	0.0	0.0017689875000000002
244.362	0.0	0.0	0.0016834912500000002
244.402	0.0	0.0	0.0015674137500000002
244.472	0.0	0.0	0.001367415
244.572	0.0	0.0	0.0010590300000000003
244.702	0.0	0.0	0.0006701100000000001
244.742	0.0	0.0	0.00052912125
244.802	0.0	0.0	0.00028633500000000003
244.902	0.0	0.0	-9.353137500000002e-05
245.032	0.0	0.0	-0.0005794950000000001
245.072	0.0	0.0	-0.0006847050000000001
245.132	0.0	0.0	-0.0008693475000000001
245.242	0.0	0.0	-0.0011574937500000001
245.372	0.0	0.0	-0.0015237600000000003
245.412	0.0	0.0	-0.0015434475000000003
245.482	0.0	0.0	-0.0015766012500000003
245.582	0.0	0.0	-0.0016273950000000002
245.712	0.0	0.0	-0.0016913925000000003
245.752	0.0	0.0	-0.0016214887500000002
245.812	0.0	0.0	-0.0014997150000000002
245.912	0.0	0.0	-0.0013083000000000003
246.042	0.0	0.0	-0.0010630725000000001
246.082	0.0	0.0	-0.0009370725
246.142	0.0	0.0	-0.00071523375
246.252	0.0	0.0	-0.00036852375
246.382	0.0	0.0	7.245262500000001e-05
246.422	0.0	0.0	0.00019955775000000004
246.492	0.0	0.0	0.00041422500000000005
246.592	0.0	0.0	0.0007437675000000001
246.722	0.0	0.0	0.0011594100000000003
246.762	0.0	0.0	0.0012166875
246.822	0.0	0.0	0.0013168837499999999
246.922	0.0	0.0	0.0014747250000000003
247.052	0.0	0.0	0.00167708625
247.092	0.0	0.0	0.0016466362500000002
247.152	0.0	0.0	0.0015927975000000001
247.262	0.0	0.0	0.0015084562500000001
247.392	0.0	0.0	0.0014010937500000002
247.432	0.0	0.0	0.00128659125
247.502	0.0	0.0	0.0010924200000000002
247.602	0.0	0.0	0.0007937475000000001
247.732	0.0	0.0	0.00041677125000000006
247.772	0.0	0.0	0.00028392
247.832	0.0	0.0	5.0568e-05
247.932	0.0	0.0	-0.000317835
248.062	0.0	0.0	-0.0007905187500000001
248.102	0.0	0.0	-0.0008910825000000001
248.162	0.0	0.0	-0.0010696087500000001
248.272	0.0	0.0	-0.0013498012500000002
248.402	0.0	0.0	-0.0017067225000000003
248.442	0.0	0.0	-0.0017191650000000001
248.512	0.0	0.0	-0.0017403750000000002
248.612	0.0	0.0	-0.0017730562500000002
248.742	0.0	0.0	-0.0018143475
248.782	0.0	0.0	-0.0017290087500000002
248.842	0.0	0.0	-0.00157838625
248.942	0.0	0.0	-0.0013401675000000001
249.072	0.0	0.0	-0.00103425
249.112	0.0	0.0	-0.0008825250000000001
249.172	0.0	0.0	-0.0006119925000000001
249.282	0.0	0.0	-0.00018662437500000003
249.412	0.0	0.0	0.00035566125000000004
249.452	0.0	0.0	0.00050770125
249.522	0.0	0.0	0.00076752375
249.622	0.0	0.0	0.0011688337500000002
249.752	0.0	0.0	0.0016761675
249.792	0.0	0.0	0.0017374350000000003
249.852	0.0	0.0	0.0018460312500000002
249.952	0.0	0.0	0.0020181787500000003
250.082	0.0	0.0	0.0022393875000000004
250.122	0.0	0.0	0.00218297625
250.182	0.0	0.0	0.0020819925
250.292	0.0	0.0	0.00192283875
250.422	0.0	0.0	0.0017198212500000002
250.462	0.0	0.0	0.0015536850000000002
250.532	0.0	0.0	0.0012685837500000002
250.632	0.0	0.0	0.0008273475
250.762	0.0	0.0	0.00026914125
250.802	0.0	0.0	9.002437500000001e-05
250.862	0.0	0.0	-0.000228818625
250.962	0.0	0.0	-0.0007353150000000001
251.092	0.0	0.0	-0.0013866825
251.132	0.0	0.0	-0.0015069075000000002
251.192	0.0	0.0	-0.0017230762500000001
251.302	0.0	0.0	-0.0020643787500000004
251.432	0.0	0.0	-0.0025001550000000004
251.472	0.0	0.0	-0.0024888675000000002
251.542	0.0	0.0	-0.00246941625
251.642	0.0	0.0	-0.0024392550000000004
251.772	0.0	0.0	-0.00240106125
251.812	0.0	0.0	-0.0022628025
251.872	0.0	0.0	-0.0020155537500000003
251.972	0.0	0.0	-0.0016219612500000002
252.102	0.0	0.0	-0.001115415
252.142	0.0	0.0	-0.0009052050000000002
252.202	0.0	0.0	-0.000525525
252.312	0.0	0.0	7.509862500000001e-05
252.442	0.0	0.0	0.0008425462500000002
252.482	0.0	0.0	0.0010273725
252.552	0.0	0.0	0.0013471237500000002
252.652	0.0	0.0	0.0018439312500000001
252.782	0.0	0.0	0.0024734587500000005
252.822	0.0	0.0	0.0025223625
252.882	0.0	0.0	0.00261022125
252.982	0.0	0.0	0.0027504750000000005
253.112	0.0	0.0	0.0029308125000000003
253.152	0.0	0.0	0.0028263375
253.212	0.0	0.0	0.0026365500000000005
253.322	0.0	0.0	0.00233554125
253.452	0.0	0.0	0.0019507687500000003
253.492	0.0	0.0	0.0017245987500000002
253.552	0.0	0.0	0.001331715
253.662	0.0	0.0	0.00072006375
253.792	0.0	0.0	-5.5600125000000005e-05
253.832	0.0	0.0	-0.00026746125000000006
253.892	0.0	0.0	-0.00064974
253.992	0.0	0.0	-0.0012608137500000002
254.122	0.0	0.0	-0.0020484975000000004
254.162	0.0	0.0	-0.002163
254.222	0.0	0.0	-0.00237160875
254.332	0.0	0.0	-0.0027029625000000003
254.462	0.0	0.0	-0.0031269
254.502	0.0	0.0	-0.0030741375000000004
254.562	0.0	0.0	-0.0029817375000000005
254.672	0.0	0.0	-0.0028373625
254.802	0.0	0.0	-0.0026546625000000005
254.832	0.0	0.0	-0.0024699937500000007
254.902	0.0	0.0	-0.0021354375
255.002	0.0	0.0	-0.0015995700000000002
255.132	0.0	0.0	-0.00090825
255.172	0.0	0.0	-0.0006702937500000001
255.232	0.0	0.0	-0.00023473800000000001
255.342	0.0	0.0	0.00045845625
255.472	0.0	0.0	0.0013462049999999998
255.512	0.0	0.0	0.0015236550000000003
255.572	0.0	0.0	0.0018345075000000001
255.682	0.0	0.0	0.0023204212500000003
255.812	0.0	0.0	0.0029376375
255.842	0.0	0.0	0.0029528625000000003
255.912	0.0	0.0	0.00298095
256.012	0.0	0.0	0.0030258375000000006
256.142	0.0	0.0	0.0030841125000000006
256.182	0.0	0.0	0.002941575
256.242	0.0	0.0	0.0026798625000000005
256.352	0.0	0.0	0.0022623825000000005
256.482	0.0	0.0	0.00172732875
256.522	0.0	0.0	0.0014840175
256.582	0.0	0.0	0.0010560637500000001
256.692	0.0	0.0	0.00038577
256.822	0.0	0.0	-0.00046622625000000006
256.852	0.0	0.0	-0.0006625237500000001
256.922	0.0	0.0	-0.0010216762500000003
257.022	0.0	0.0	-0.0015993600000000004
257.152	0.0	0.0	-0.0023457
257.192	0.0	0.0	-0.0024234525000000006
257.252	0.0	0.0	-0.00256701375
257.362	0.0	0.0	-0.0027964125000000005
257.492	0.0	0.0	-0.003090675
257.532	0.0	0.0	-0.003003
257.592	0.0	0.0	-0.0028483875
257.702	0.0	0.0	-0.002605785
257.832	0.0	0.0	-0.0022970587500000003
257.862	0.0	0.0	-0.002107245
257.932	0.0	0.0	-0.0017583825
258.032	0.0	0.0	-0.00119602875
258.162	0.0	0.0	-0.00046893000000000005
258.202	0.0	0.0	-0.00025876725000000006
258.262	0.0	0.0	0.00013111350000000004
258.372	0.0	0.0	0.0007553962500000001
258.502	0.0	0.0	0.0015566775000000002
258.542	0.0	0.0	0.0016861425
258.602	0.0	0.0	0.0019155937500000002
258.712	0.0	0.0	0.00227626875
258.842	0.0	0.0	0.0027352500000000003
258.872	0.0	0.0	0.0027166125
258.942	0.0	0.0	0.0026817000000000004
259.042	0.0	0.0	0.0026252625000000003
259.172	0.0	0.0	0.00255215625
259.212	0.0	0.0	0.0024047100000000004
259.272	0.0	0.0	0.0021343612500000003
259.382	0.0	0.0	0.001705095
259.512	0.0	0.0	0.001157625
259.542	0.0	0.0	0.00096844125
259.612	0.0	0.0	0.0006207337500000001
259.712	0.0	0.0	5.9815875e-05
259.842	0.0	0.0	-0.00066591
259.872	0.0	0.0	-0.0008139600000000001
259.942	0.0	0.0	-0.001091055
260.052	0.0	0.0	-0.00153643875
260.182	0.0	0.0	-0.0021088725000000005
260.222	0.0	0.0	-0.0021455175000000006
260.282	0.0	0.0	-0.0022109850000000004
260.392	0.0	0.0	-0.0023142787500000004
260.522	0.0	0.0	-0.0024459487500000003
260.552	0.0	0.0	-0.0023616337499999997
260.622	0.0	0.0	-0.0022047112500000006
260.722	0.0	0.0	-0.0019503487500000002
260.852	0.0	0.0	-0.00162078
260.882	0.0	0.0	-0.00146183625
260.952	0.0	0.0	-0.001163295
261.052	0.0	0.0	-0.00068271
261.192	0.0	0.0	-6.466425000000001e-05
261.232	0.0	0.0	9.566812500000001e-05
261.292	0.0	0.0	0.0003833550000000001
261.402	0.0	0.0	0.0008381625
261.532	0.0	0.0	0.00141831375
261.562	0.0	0.0	0.001488795
261.632	0.0	0.0	0.00162059625
261.732	0.0	0.0	0.001834665
261.862	0.0	0.0	0.00211225875
261.892	0.0	0.0	0.00207844875
261.962	0.0	0.0	0.0020146875
262.062	0.0	0.0	0.0019118137500000003
262.202	0.0	0.0	0.0017794350000000002
262.242	0.0	0.0	0.0016543012500000003
262.302	0.0	0.0	0.0014287612500000003
262.412	0.0	0.0	0.0010714987500000002
262.542	0.0	0.0	0.0006154312500000001
262.572	0.0	0.0	0.0004797975
262.642	0.0	0.0	0.000224896875
262.742	0.0	0.0	-0.00018999750000000003
262.872	0.0	0.0	-0.0007283325
262.902	0.0	0.0	-0.00082359375
262.972	0.0	0.0	-0.0010042200000000001
263.072	0.0	0.0	-0.00129614625
263.212	0.0	0.0	-0.0016721250000000002
263.252	0.0	0.0	-0.00168076125
263.312	0.0	0.0	-0.0016964062500000004
263.422	0.0	0.0	-0.0017212125000000001
263.552	0.0	0.0	-0.0017528962500000002
263.582	0.0	0.0	-0.0016791075000000004
263.652	0.0	0.0	-0.0015397200000000003
263.752	0.0	0.0	-0.0013123425000000001
263.882	0.0	0.0	-0.0010171350000000002
263.912	0.0	0.0	-0.00089772375
263.982	0.0	0.0	-0.0006702937500000001
264.082	0.0	0.0	-0.00030195375
264.222	0.0	0.0	0.000172809
264.262	0.0	0.0	0.00028329
264.322	0.0	0.0	0.00048412875000000005
264.432	0.0	0.0	0.000803565
264.562	0.0	0.0	0.00121198875
264.592	0.0	0.0	0.0012516262500000001
264.662	0.0	0.0	0.0013268325
264.762	0.0	0.0	0.0014497875
264.892	0.0	0.0	0.0016095450000000002
264.922	0.0	0.0	0.0015719812500000002
264.992	0.0	0.0	0.0015000562500000001
265.092	0.0	0.0	0.0013833487500000002
265.232	0.0	0.0	0.00123283125
265.272	0.0	0.0	0.00113197875
265.332	0.0	0.0	0.0009477825000000002
265.442	0.0	0.0	0.0006542550000000001
265.572	0.0	0.0	0.00027867
265.602	0.0	0.0	0.000177851625
265.672	0.0	0.0	-1.4440650000000002e-05
265.772	0.0	0.0	-0.00032941124999999997
265.902	0.0	0.0	-0.0007390162500000001
265.932	0.0	0.0	-0.00080301375
266.002	0.0	0.0	-0.0009261262500000002
266.102	0.0	0.0	-0.0011262825
266.242	0.0	0.0	-0.0013846875000000003
266.282	0.0	0.0	-0.0013791225000000002
266.342	0.0	0.0	-0.0013689112500000003
266.452	0.0	0.0	-0.00135261
266.582	0.0	0.0	-0.0013317675000000004
266.612	0.0	0.0	-0.0012656700000000002
266.672	0.0	0.0	-0.0011390400000000002
266.782	0.0	0.0	-0.00093114
266.912	0.0	0.0	-0.0006606075000000001
266.942	0.0	0.0	-0.0005643225
267.012	0.0	0.0	-0.00037823625000000003
267.112	0.0	0.0	-7.503562500000001e-05
267.252	0.0	0.0	0.0003166275
267.292	0.0	0.0	0.00039881625000000006
267.352	0.0	0.0	0.0005502524999999999
267.462	0.0	0.0	0.0007925925000000001
267.592	0.0	0.0	0.0011031300000000001
267.622	0.0	0.0	0.00112494375
267.682	0.0	0.0	0.00116694375
267.792	0.0	0.0	0.0012360337500000001
267.922	0.0	0.0	0.0013259925000000002
267.952	0.0	0.0	0.0012853575000000002
268.022	0.0	0.0	0.0012064500000000002
268.122	0.0	0.0	0.0010775887500000002
268.262	0.0	0.0	0.0009110325000000002
268.302	0.0	0.0	0.0008234362500000001
268.362	0.0	0.0	0.0006612900000000001
268.472	0.0	0.0	0.00040131000000000005
268.602	0.0	0.0	6.7916625e-05
268.632	0.0	0.0	-1.206345e-05
268.692	0.0	0.0	-0.00016689750000000003
268.802	0.0	0.0	-0.0004221262500000001
268.932	0.0	0.0	-0.0007547662499999999
268.962	0.0	0.0	-0.0007983937499999999
269.032	0.0	0.0	-0.0008835225
269.132	0.0	0.0	-0.0010228050000000001
269.272	0.0	0.0	-0.00120301125
269.312	0.0	0.0	-0.00118689375
269.372	0.0	0.0	-0.0011569425000000002
269.482	0.0	0.0	-0.0011088262500000001
269.612	0.0	0.0	-0.00104706
269.642	0.0	0.0	-0.0009857400000000001
269.702	0.0	0.0	-0.00086643375
269.812	0.0	0.0	-0.0006693487500000001
269.942	0.0	0.0	-0.00041228250000000004
269.972	0.0	0.0	-0.00033324375
270.042	0.0	0.0	-0.000178276875
270.142	0.0	0.0	7.5802125e-05
270.282	0.0	0.0	0.00040472250000000005
270.312	0.0	0.0	0.0004642575000000001
270.382	0.0	0.0	0.00057547875
270.492	0.0	0.0	0.0007545562500000001
270.622	0.0	0.0	0.00098450625
270.652	0.0	0.0	0.0009918825
270.712	0.0	0.0	0.0010062937500000002
270.822	0.0	0.0	0.001030155
270.952	0.0	0.0	0.0010612875000000001
270.982	0.0	0.0	0.0010199175000000001
271.052	0.0	0.0	0.0009383587500000001
271.152	0.0	0.0	0.0008044050000000001
271.292	0.0	0.0	0.0006308400000000001
271.322	0.0	0.0	0.00055846875
271.392	0.0	0.0	0.0004226775
271.492	0.0	0.0	0.00020361600000000002
271.632	0.0	0.0	-7.792837500000001e-05
271.662	0.0	0.0	-0.00013610100000000002
271.722	0.0	0.0	-0.000250464375
271.832	0.0	0.0	-0.00044016000000000004
271.962	0.0	0.0	-0.0006879599999999999
271.992	0.0	0.0	-0.0007124250000000001
272.062	0.0	0.0	-0.0007609087500000001
272.162	0.0	0.0	-0.0008407087500000002
272.302	0.0	0.0	-0.0009441600000000001
272.332	0.0	0.0	-0.0009221887500000003
272.402	0.0	0.0	-0.0008807925000000002
272.502	0.0	0.0	-0.0008138287500000001
272.642	0.0	0.0	-0.000727755
272.672	0.0	0.0	-0.0006775387500000001
272.732	0.0	0.0	-0.00057831375
272.842	0.0	0.0	-0.00041338500000000005
272.972	0.0	0.0	-0.00019778587500000002
273.002	0.0	0.0	-0.00014175525
273.072	0.0	0.0	-3.0219000000000003e-05
273.172	0.0	0.0	0.0001537515
273.312	0.0	0.0	0.0003924375
273.342	0.0	0.0	0.0004278225
273.412	0.0	0.0	0.0004947862500000001
273.512	0.0	0.0	0.0006031987500000001
273.652	0.0	0.0	0.00074269125
273.682	0.0	0.0	0.00073980375
273.742	0.0	0.0	0.000734055
273.852	0.0	0.0	0.0007244475000000001
273.982	0.0	0.0	0.0007118737500000001
274.012	0.0	0.0	0.0006769349999999999
274.082	0.0	0.0	0.0006083175000000001
274.182	0.0	0.0	0.0004960725
274.322	0.0	0.0	0.00035135625
274.352	0.0	0.0	0.00030631125
274.412	0.0	0.0	0.000217266
274.522	0.0	0.0	6.912937500000001e-05
274.652	0.0	0.0	-0.000124632375
274.682	0.0	0.0	-0.000160096125
274.752	0.0	0.0	-0.00023139375
274.852	0.0	0.0	-0.00034944
274.992	0.0	0.0	-0.0005028187500000001
275.022	0.0	0.0	-0.0005127412500000001
275.092	0.0	0.0	-0.0005317200000000001
275.192	0.0	0.0	-0.0005625637500000001
275.332	0.0	0.0	-0.00060230625
275.362	0.0	0.0	-0.0005849025
275.422	0.0	0.0	-0.0005499900000000001
275.532	0.0	0.0	-0.0004916625000000001
275.662	0.0	0.0	-0.00041524875
275.692	0.0	0.0	-0.0003814387500000001
275.762	0.0	0.0	-0.00031324125000000005
275.862	0.0	0.0	-0.00020013
276.002	0.0	0.0	-5.310112500000001e-05
276.032	0.0	0.0	-1.8635925000000004e-05
276.102	0.0	0.0	4.748100000000001e-05
276.202	0.0	0.0	0.000155150625
276.342	0.0	0.0	0.00029400000000000004
276.372	0.0	0.0	0.00030967125000000005
276.432	0.0	0.0	0.0003411975
276.542	0.0	0.0	0.00039403875
276.672	0.0	0.0	0.00046328625
276.702	0.0	0.0	0.00045793125000000005
276.772	0.0	0.0	0.00044703750000000007
276.872	0.0	0.0	0.00042895125000000004
277.012	0.0	0.0	0.00040543125
277.042	0.0	0.0	0.0003814387500000001
277.112	0.0	0.0	0.00033516
277.212	0.0	0.0	0.00025965975000000007
277.352	0.0	0.0	0.00016221975000000003
277.382	0.0	0.0	0.00013547887500000002
277.442	0.0	0.0	8.130675000000001e-05
277.542	0.0	0.0	-9.632700000000002e-06
277.682	0.0	0.0	-0.0001289085
277.712	0.0	0.0	-0.00014894512500000003
277.782	0.0	0.0	-0.000189798
277.882	0.0	0.0	-0.000257824875
278.022	0.0	0.0	-0.00034636875000000004
278.052	0.0	0.0	-0.00035033250000000003
278.122	0.0	0.0	-0.00035802375000000005
278.222	0.0	0.0	-0.00037057125
278.362	0.0	0.0	-0.0003867675000000001
278.392	0.0	0.0	-0.0003739575
278.452	0.0	0.0	-0.00034786500000000004
278.552	0.0	0.0	-0.00030394875000000005
278.692	0.0	0.0	-0.00024630375
278.722	0.0	0.0	-0.00022269187500000004
278.782	0.0	0.0	-0.00017428162500000003
278.892	0.0	0.0	-9.3510375e-05
279.032	0.0	0.0	1.17061875e-05
279.062	0.0	0.0	3.6135750000000004e-05
279.132	0.0	0.0	8.3685e-05
279.232	0.0	0.0	0.000161595
279.372	0.0	0.0	0.00026228737500000006
279.402	0.0	0.0	0.00027336750000000006
279.462	0.0	0.0	0.00029604750000000003
279.562	0.0	0.0	0.0003342675
279.702	0.0	0.0	0.00038448375
279.732	0.0	0.0	0.00037897125
279.792	0.0	0.0	0.00036763125
279.902	0.0	0.0	0.00034867875000000004
280.042	0.0	0.0	0.00032397750000000004
280.072	0.0	0.0	0.00030226875
280.142	0.0	0.0	0.00025980150000000005
280.242	0.0	0.0	0.00019006837500000004
280.382	0.0	0.0	9.988125e-05
280.412	0.0	0.0	7.52535e-05
280.472	0.0	0.0	2.4530625000000004e-05
280.572	0.0	0.0	-6.1159875e-05
280.712	0.0	0.0	-0.00017379337500000004
280.742	0.0	0.0	-0.000192189375
280.802	0.0	0.0	-0.00023030175000000001
280.912	0.0	0.0	-0.00029415750000000003
281.052	0.0	0.0	-0.00037744875
281.082	0.0	0.0	-0.000379365
281.152	0.0	0.0	-0.00038311875000000004
281.252	0.0	0.0	-0.00038928750000000005
281.392	0.0	0.0	-0.00039726750000000004
281.422	0.0	0.0	-0.00038185875
281.482	0.0	0.0	-0.00034993875000000003
281.582	0.0	0.0	-0.00029586375000000004
281.722	0.0	0.0	-0.00022477350000000003
281.752	0.0	0.0	-0.00019847625
281.812	0.0	0.0	-0.000143700375
281.922	0.0	0.0	-5.173875000000001e-05
282.062	0.0	0.0	6.831037500000001e-05
282.092	0.0	0.0	9.3631125e-05
282.162	0.0	0.0	0.00014365575
282.262	0.0	0.0	0.00022611750000000003
282.402	0.0	0.0	0.00033292875
282.432	0.0	0.0	0.00034190625000000003
282.492	0.0	0.0	0.00036062250000000007
282.592	0.0	0.0	0.00039235875
282.732	0.0	0.0	0.00043414875
282.762	0.0	0.0	0.00042438375000000006
282.822	0.0	0.0	0.0004039612500000001
282.932	0.0	0.0	0.00036960000000000004
283.072	0.0	0.0	0.0003247125
283.102	0.0	0.0	0.00029896125
283.172	0.0	0.0	0.00024778162500000003
283.272	0.0	0.0	0.00016325662500000002
283.412	0.0	0.0	5.3699625000000005e-05
283.442	0.0	0.0	2.8363125e-05
283.502	0.0	0.0	-2.4707550000000004e-05
283.602	0.0	0.0	-0.000114933
283.742	0.0	0.0	-0.00023378775000000001
283.772	0.0	0.0	-0.00024936975
283.832	0.0	0.0	-0.00028218750000000005
283.942	0.0	0.0	-0.00033749625000000004
284.082	0.0	0.0	-0.00040981500000000006
284.112	0.0	0.0	-0.00040700625
284.182	0.0	0.0	-0.00040138875000000007
284.282	0.0	0.0	-0.0003921225
284.422	0.0	0.0	-0.00038007375
284.452	0.0	0.0	-0.00036190875
284.512	0.0	0.0	-0.00032368875
284.612	0.0	0.0	-0.000258552
284.752	0.0	0.0	-0.0001726935
284.782	0.0	0.0	-0.00014725462500000003
284.842	0.0	0.0	-9.3384375e-05
284.952	0.0	0.0	-2.39129625e-06
285.092	0.0	0.0	0.00011664450000000001
285.122	0.0	0.0	0.00013768125
285.192	0.0	0.0	0.00017988075
285.292	0.0	0.0	0.000249871125
285.432	0.0	0.0	0.00034072500000000006
285.462	0.0	0.0	0.0003453975
285.522	0.0	0.0	0.00035529375000000005
285.622	0.0	0.0	0.00037217250000000005
285.762	0.0	0.0	0.00039445875
285.792	0.0	0.0	0.00038267250000000003
285.852	0.0	0.0	0.00035757750000000004
285.962	0.0	0.0	0.0003150525
286.102	0.0	0.0	0.0002594235
286.132	0.0	0.0	0.00023502412500000003
286.202	0.0	0.0	0.000185821125
286.302	0.0	0.0	0.00010405500000000002
286.442	0.0	0.0	-2.15922e-06
286.472	0.0	0.0	-2.4385199999999998e-05
286.532	0.0	0.0	-7.175175000000001e-05
286.632	0.0	0.0	-0.00015279600000000002
286.772	0.0	0.0	-0.00025978575000000005
286.802	0.0	0.0	-0.0002724225
286.862	0.0	0.0	-0.00029948625000000004
286.972	0.0	0.0	-0.00034537124999999995
287.112	0.0	0.0	-0.0004055100000000001
287.142	0.0	0.0	-0.0004008375000000001
287.212	0.0	0.0	-0.00039141375000000005
287.312	0.0	0.0	-0.00037574250000000004
287.452	0.0	0.0	-0.00035534625
287.482	0.0	0.0	-0.00033623625
287.542	0.0	0.0	-0.00029491874999999996
287.642	0.0	0.0	-0.00022391250000000003
287.782	0.0	0.0	-0.00012995324999999998
287.812	0.0	0.0	-0.000101800125
287.872	0.0	0.0	-4.2412125e-05
287.982	0.0	0.0	5.7453375000000006e-05
288.122	0.0	0.0	0.00018748275000000003
288.152	0.0	0.0	0.00020885550000000004
288.212	0.0	0.0	0.00025440975
288.312	0.0	0.0	0.00033243
288.452	0.0	0.0	0.0004354612500000001
288.482	0.0	0.0	0.00044037000000000004
288.542	0.0	0.0	0.00045100125
288.652	0.0	0.0	0.00046908750000000004
288.792	0.0	0.0	0.00049284375
288.822	0.0	0.0	0.00047494125
288.882	0.0	0.0	0.00043837500000000007
288.992	0.0	0.0	0.00037726500000000005
289.132	0.0	0.0	0.00029770125
289.162	0.0	0.0	0.00026704125000000007
289.222	0.0	0.0	0.00020062875
289.322	0.0	0.0	8.635725e-05
289.462	0.0	0.0	-6.477975e-05
289.492	0.0	0.0	-9.710662500000001e-05
289.552	0.0	0.0	-0.00016740150000000003
289.662	0.0	0.0	-0.00028728000000000005
289.802	0.0	0.0	-0.00044462250000000005
289.832	0.0	0.0	-0.00046165875000000003
289.892	0.0	0.0	-0.00049667625
290.002	0.0	0.0	-0.0005552925
290.142	0.0	0.0	-0.0006316537500000001
290.172	0.0	0.0	-0.0006218625
290.232	0.0	0.0	-0.0006005475000000001
290.332	0.0	0.0	-0.0005637712500000001
290.472	0.0	0.0	-0.0005150775
290.502	0.0	0.0	-0.0004815037500000001
290.562	0.0	0.0	-0.00040803000000000004
290.672	0.0	0.0	-0.00028247625
290.812	0.0	0.0	-0.00011759212500000001
290.842	0.0	0.0	-7.280175000000001e-05
290.902	0.0	0.0	1.975995e-05
291.012	0.0	0.0	0.00017505862500000004
291.152	0.0	0.0	0.00037744875
291.182	0.0	0.0	0.00040543125
291.242	0.0	0.0	0.00046669875
291.342	0.0	0.0	0.000572565
291.482	0.0	0.0	0.0007128187500000001
291.512	0.0	0.0	0.0007132912500000001
291.572	0.0	0.0	0.0007143675000000001
291.682	0.0	0.0	0.00071617875
291.822	0.0	0.0	0.00071859375
291.852	0.0	0.0	0.0006857812500000001
291.912	0.0	0.0	0.00061761
292.022	0.0	0.0	0.00050297625
292.162	0.0	0.0	0.00035350875000000003
292.192	0.0	0.0	0.00030770250000000004
292.252	0.0	0.0	0.000206705625
292.352	0.0	0.0	3.18255e-05
292.492	0.0	0.0	-0.00019995675
292.522	0.0	0.0	-0.00024151575
292.582	0.0	0.0	-0.00033348
292.692	0.0	0.0	-0.0004912950000000001
292.832	0.0	0.0	-0.0006988275
292.862	0.0	0.0	-0.00071376375
292.922	0.0	0.0	-0.0007449487500000001
293.032	0.0	0.0	-0.0007974750000000001
293.172	0.0	0.0	-0.0008660400000000001
293.202	0.0	0.0	-0.00084527625
293.262	0.0	0.0	-0.0007992337500000001
293.362	0.0	0.0	-0.0007193025
293.502	0.0	0.0	-0.0006133050000000001
293.532	0.0	0.0	-0.0005656350000000001
293.592	0.0	0.0	-0.0004595062500000001
293.702	0.0	0.0	-0.0002770425
293.842	0.0	0.0	-3.6897e-05
293.872	0.0	0.0	1.76229375e-05
293.932	0.0	0.0	0.000132145125
294.042	0.0	0.0	0.00032547375000000004
294.182	0.0	0.0	0.0005779725000000001
294.212	0.0	0.0	0.00060545625
294.272	0.0	0.0	0.0006668025000000001
294.372	0.0	0.0	0.0007734825000000001
294.512	0.0	0.0	0.000915075
294.542	0.0	0.0	0.0009068587500000002
294.602	0.0	0.0	0.00088843125
294.712	0.0	0.0	0.0008566687499999999
294.852	0.0	0.0	0.0008148525000000002
294.882	0.0	0.0	0.0007698075000000001
294.942	0.0	0.0	0.00067465125
295.052	0.0	0.0	0.0005137125
295.192	0.0	0.0	0.00030337125
295.222	0.0	0.0	0.00025064025000000003
295.282	0.0	0.0	0.00013220812500000002
295.382	0.0	0.0	-7.42035e-05
295.522	0.0	0.0	-0.0003483375
295.552	0.0	0.0	-0.00038928750000000005
295.612	0.0	0.0	-0.00048155625000000004
295.722	0.0	0.0	-0.0006408675000000001
295.862	0.0	0.0	-0.0008507887500000001
295.892	0.0	0.0	-0.0008577975000000002
295.952	0.0	0.0	-0.0008727075000000001
296.062	0.0	0.0	-0.0008979600000000001
296.202	0.0	0.0	-0.0009310087500000001
296.232	0.0	0.0	-0.0009015825000000002
296.292	0.0	0.0	-0.00083509125
296.392	0.0	0.0	-0.0007189612500000001
296.532	0.0	0.0	-0.000564585
296.562	0.0	0.0	-0.0005120587500000001
296.622	0.0	0.0	-0.0003929625
296.732	0.0	0.0	-0.00018695250000000003
296.872	0.0	0.0	8.4748125e-05
296.902	0.0	0.0	0.00013696200000000002
296.962	0.0	0.0	0.00024849037500000005
297.072	0.0	0.0	0.00043790250000000006
297.212	0.0	0.0	0.0006858337500000001
297.242	0.0	0.0	0.0007059675
297.302	0.0	0.0	0.0007518000000000001
297.402	0.0	0.0	0.0008319937500000001
297.542	0.0	0.0	0.0009386475000000001
297.572	0.0	0.0	0.00092250375
297.632	0.0	0.0	0.0008857275000000001
297.742	0.0	0.0	0.0008219400000000002
297.882	0.0	0.0	0.0007377825
297.912	0.0	0.0	0.000689535
297.972	0.0	0.0	0.0005859
298.082	0.0	0.0	0.00040952625000000004
298.222	0.0	0.0	0.000178507875
298.252	0.0	0.0	0.000129871875
298.312	0.0	0.0	1.8513862500000003e-05
298.412	0.0	0.0	-0.00017680950000000003
298.552	0.0	0.0	-0.00043677375000000004
298.582	0.0	0.0	-0.00046872000000000005
298.642	0.0	0.0	-0.00054201
298.752	0.0	0.0	-0.0006693487500000001
298.892	0.0	0.0	-0.0008375062500000001
298.922	0.0	0.0	-0.0008355375000000001
298.982	0.0	0.0	-0.0008313112500000001
299.092	0.0	0.0	-0.0008240925000000001
299.232	0.0	0.0	-0.0008146162500000001
299.262	0.0	0.0	-0.0007829850000000001
299.322	0.0	0.0	-0.00071003625
299.422	0.0	0.0	-0.0005818312500000001
299.562	0.0	0.0	-0.000411075
299.592	0.0	0.0	-0.00036421875
299.652	0.0	0.0	-0.00025599000000000005
299.762	0.0	0.0	-6.76095e-05
299.902	0.0	0.0	0.00018133762500000003
299.932	0.0	0.0	0.00022179412500000003
299.992	0.0	0.0	0.0003096975
300.102	0.0	0.0	0.00045992625000000007
300.242	0.0	0.0	0.0006569587500000001
300.272	0.0	0.0	0.0006673012500000001
300.332	0.0	0.0	0.0006912937500000001
300.432	0.0	0.0	0.0007335562500000001
300.572	0.0	0.0	0.0007898887500000001
300.602	0.0	0.0	0.00077046375
300.662	0.0	0.0	0.0007253137500000001
300.772	0.0	0.0	0.0006465375
300.912	0.0	0.0	0.00054240375
300.942	0.0	0.0	0.0005006925
301.002	0.0	0.0	0.00040955250000000005
301.112	0.0	0.0	0.00025350412500000003
301.252	0.0	0.0	4.8675375e-05
301.282	0.0	0.0	1.2345375000000002e-05
301.332	0.0	0.0	-7.249725000000001e-05
301.442	0.0	0.0	-0.00022227187500000004
301.582	0.0	0.0	-0.00042202125000000005
301.612	0.0	0.0	-0.0004412100000000001
301.672	0.0	0.0	-0.00048612375
301.782	0.0	0.0	-0.000564585
301.922	0.0	0.0	-0.00066843
301.952	0.0	0.0	-0.0006605025
302.012	0.0	0.0	-0.0006430462500000001
302.122	0.0	0.0	-0.0006131475000000001
302.262	0.0	0.0	-0.0005738775
302.292	0.0	0.0	-0.0005474962500000002
302.342	0.0	0.0	-0.00048499500000000005
302.452	0.0	0.0	-0.00037408875000000005
302.592	0.0	0.0	-0.000225852375
302.622	0.0	0.0	-0.000191743125
302.682	0.0	0.0	-0.00011334487500000002
302.792	0.0	0.0	2.25033375e-05
302.932	0.0	0.0	0.000201203625
302.962	0.0	0.0	0.00022275750000000003
303.012	0.0	0.0	0.00027310500000000005
303.122	0.0	0.0	0.00036206625
303.262	0.0	0.0	0.00048076875
303.292	0.0	0.0	0.00048302625000000004
303.352	0.0	0.0	0.0004883812500000001
303.462	0.0	0.0	0.0004977787500000001
303.602	0.0	0.0	0.00051022125
303.632	0.0	0.0	0.00049242375
303.692	0.0	0.0	0.00045289125000000006
303.802	0.0	0.0	0.0003848512500000001
303.942	0.0	0.0	0.000295365
303.962	0.0	0.0	0.00027160875
304.022	0.0	0.0	0.00021510825000000002
304.132	0.0	0.0	0.00011481225000000002
304.272	0.0	0.0	-1.9197675000000003e-05
304.302	0.0	0.0	-3.9524625000000006e-05
304.362	0.0	0.0	-8.790600000000001e-05
304.472	0.0	0.0	-0.00017293500000000004
304.612	0.0	0.0	-0.00028565250000000007
304.642	0.0	0.0	-0.00029329125
304.702	0.0	0.0	-0.0003103800000000001
304.812	0.0	0.0	-0.00033983250000000004
304.952	0.0	0.0	-0.0003786037500000001
304.972	0.0	0.0	-0.00037172625
305.032	0.0	0.0	-0.00035524125
305.142	0.0	0.0	-0.00032589375000000004
305.282	0.0	0.0	-0.00028665000000000006
305.312	0.0	0.0	-0.00027082125
305.372	0.0	0.0	-0.00023291100000000003
305.482	0.0	0.0	-0.000166123125
305.622	0.0	0.0	-7.752412500000001e-05
305.652	0.0	0.0	-5.971350000000001e-05
305.712	0.0	0.0	-1.97001e-05
305.822	0.0	0.0	4.948125e-05
305.962	0.0	0.0	0.00014057400000000003
305.982	0.0	0.0	0.00015047550000000002
306.042	0.0	0.0	0.00017434725
306.152	0.0	0.0	0.00021690900000000005
306.292	0.0	0.0	0.00027386625000000003
306.322	0.0	0.0	0.00027454875
306.382	0.0	0.0	0.000276255
306.492	0.0	0.0	0.00027927375
306.632	0.0	0.0	0.00028326375
306.662	0.0	0.0	0.00027302625000000003
306.722	0.0	0.0	0.00024992625
306.832	0.0	0.0	0.00020988975000000003
306.972	0.0	0.0	0.00015713775000000002
306.992	0.0	0.0	0.00014128800000000002
307.052	0.0	0.0	0.00010280550000000001
307.162	0.0	0.0	3.404625e-05
307.302	0.0	0.0	-5.801250000000001e-05
307.332	0.0	0.0	-7.5264e-05
307.392	0.0	0.0	-0.000117151125
307.502	0.0	0.0	-0.00019122600000000002
307.642	0.0	0.0	-0.00028961625
307.672	0.0	0.0	-0.00029953875000000006
307.732	0.0	0.0	-0.0003220875
307.842	0.0	0.0	-0.0003612525
307.982	0.0	0.0	-0.00041286000000000003
308.002	0.0	0.0	-0.000407505
308.062	0.0	0.0	-0.00039440625000000006
308.172	0.0	0.0	-0.000370965
308.312	0.0	0.0	-0.00033957
308.342	0.0	0.0	-0.00031867500000000003
308.402	0.0	0.0	-0.00026761875000000005
308.512	0.0	0.0	-0.00017715074999999998
308.652	0.0	0.0	-5.688637500000001e-05
308.682	0.0	0.0	-2.6727750000000002e-05
308.742	0.0	0.0	4.2294000000000005e-05
308.852	0.0	0.0	0.00016236937500000004
308.992	0.0	0.0	0.00032080125000000004
309.012	0.0	0.0	0.00034059375
309.072	0.0	0.0	0.00038936625
309.182	0.0	0.0	0.00047688375000000003
309.322	0.0	0.0	0.000594195
309.342	0.0	0.0	0.0005947725000000001
309.412	0.0	0.0	0.0005961637500000001
309.522	0.0	0.0	0.00059863125
309.662	0.0	0.0	0.0006019125
309.692	0.0	0.0	0.0005763712500000001
309.752	0.0	0.0	0.000517545
309.862	0.0	0.0	0.00041501250000000004
310.002	0.0	0.0	0.00027961500000000004
310.022	0.0	0.0	0.00024290437500000002
310.082	0.0	0.0	0.00015184837500000002
310.192	0.0	0.0	-1.19098875e-05
310.332	0.0	0.0	-0.00023160375000000002
310.352	0.0	0.0	-0.00026628000000000003
310.422	0.0	0.0	-0.00035224875000000003
310.522	0.0	0.0	-0.0005052075
310.672	0.0	0.0	-0.0007088287500000001
310.702	0.0	0.0	-0.0007214550000000001
310.762	0.0	0.0	-0.0007506975000000001
310.872	0.0	0.0	-0.00080180625
311.012	0.0	0.0	-0.0008693212500000001
311.032	0.0	0.0	-0.0008502375000000001
311.092	0.0	0.0	-0.0008025675000000001
311.202	0.0	0.0	-0.0007166512500000001
311.342	0.0	0.0	-0.0006013349999999999
311.362	0.0	0.0	-0.0005567362500000001
311.432	0.0	0.0	-0.00044541000000000003
311.532	0.0	0.0	-0.00024694162500000003
311.682	0.0	0.0	1.7411362500000005e-05
311.712	0.0	0.0	6.973837500000001e-05
311.772	0.0	0.0	0.00019178512500000002
311.882	0.0	0.0	0.00040540500000000007
312.022	0.0	0.0	0.00068788125
312.042	0.0	0.0	0.0007137900000000001
312.102	0.0	0.0	0.0007790475
312.212	0.0	0.0	0.0008969362500000001
312.352	0.0	0.0	0.0010552762500000003
312.372	0.0	0.0	0.0010456425
312.442	0.0	0.0	0.00102144
312.542	0.0	0.0	0.00097820625
312.692	0.0	0.0	0.0009205875
312.722	0.0	0.0	0.0008725500000000001
312.782	0.0	0.0	0.00075978
312.892	0.0	0.0	0.00056196
313.032	0.0	0.0	0.00030027375000000003
313.052	0.0	0.0	0.00024492825000000003
313.112	0.0	0.0	0.00010460625000000001
313.222	0.0	0.0	-0.00014939137500000004
313.362	0.0	0.0	-0.0004908225
313.382	0.0	0.0	-0.0005338725000000001
313.452	0.0	0.0	-0.00064283625
313.552	0.0	0.0	-0.0008379262500000001
313.702	0.0	0.0	-0.0010980900000000001
313.732	0.0	0.0	-0.0011039175
313.792	0.0	0.0	-0.0011176200000000002
313.902	0.0	0.0	-0.00114174375
314.042	0.0	0.0	-0.00117369
314.062	0.0	0.0	-0.0011393025
314.122	0.0	0.0	-0.00105147
314.232	0.0	0.0	-0.0008921062500000001
314.372	0.0	0.0	-0.0006777750000000001
314.392	0.0	0.0	-0.0006170062500000001
314.452	0.0	0.0	-0.00046207875000000003
314.562	0.0	0.0	-0.00018409125000000003
314.712	0.0	0.0	0.00018689737500000002
314.742	0.0	0.0	0.00024756375000000005
314.802	0.0	0.0	0.00039183375000000005
314.912	0.0	0.0	0.0006459600000000001
315.052	0.0	0.0	0.00098261625
315.072	0.0	0.0	0.0010046137500000002
315.132	0.0	0.0	0.001061235
315.242	0.0	0.0	0.0011641612500000002
315.382	0.0	0.0	0.0013027087500000001
315.402	0.0	0.0	0.001281105
315.462	0.0	0.0	0.0012256125000000002
315.572	0.0	0.0	0.0011258362500000002
315.722	0.0	0.0	0.0009926175
315.752	0.0	0.0	0.0009311662500000001
315.812	0.0	0.0	0.0007840875000000001
315.922	0.0	0.0	0.0005245275
316.062	0.0	0.0	0.00018040575
316.082	0.0	0.0	0.00011997825000000001
316.142	0.0	0.0	-3.676312500000001e-05
316.252	0.0	0.0	-0.00032232375000000005
316.392	0.0	0.0	-0.00070693875
316.412	0.0	0.0	-0.0007462087500000001
316.472	0.0	0.0	-0.00084774375
316.582	0.0	0.0	-0.0010307325000000003
316.732	0.0	0.0	-0.00127525125
316.762	0.0	0.0	-0.0012703425
316.822	0.0	0.0	-0.0012585825000000002
316.932	0.0	0.0	-0.0012377662500000003
317.072	0.0	0.0	-0.0012101512499999999
317.092	0.0	0.0	-0.0011674162500000002
317.152	0.0	0.0	-0.00105464625
317.262	0.0	0.0	-0.0008480850000000002
317.402	0.0	0.0	-0.0005693100000000001
317.422	0.0	0.0	-0.00050308125
317.492	0.0	0.0	-0.00033523875
317.592	0.0	0.0	-3.5448000000000003e-05
317.742	0.0	0.0	0.00036282750000000004
317.762	0.0	0.0	0.0004124925000000001
317.822	0.0	0.0	0.00054135375
317.932	0.0	0.0	0.00077637
318.072	0.0	0.0	0.0010930762500000002
318.092	0.0	0.0	0.0011072775000000002
318.152	0.0	0.0	0.0011445262500000002
318.262	0.0	0.0	0.00121191
318.412	0.0	0.0	0.0013020787500000002
318.442	0.0	0.0	0.001269765
318.502	0.0	0.0	0.0011909625
318.612	0.0	0.0	0.0010511287500000002
318.752	0.0	0.0	0.0008654362500000001
318.772	0.0	0.0	0.0008103637500000001
318.832	0.0	0.0	0.00066451875
318.942	0.0	0.0	0.00039724125000000003
319.082	0.0	0.0	3.6616125000000005e-05
319.102	0.0	0.0	-2.0797350000000005e-05
319.162	0.0	0.0	-0.00017232337500000002
319.272	0.0	0.0	-0.0004468537500000001
319.422	0.0	0.0	-0.0008143537500000001
319.442	0.0	0.0	-0.00084606375
319.512	0.0	0.0	-0.00092386875
319.622	0.0	0.0	-0.0010622587500000002
319.762	0.0	0.0	-0.00124616625
319.782	0.0	0.0	-0.0012345375000000003
319.842	0.0	0.0	-0.00120343125
319.952	0.0	0.0	-0.0011463375
320.092	0.0	0.0	-0.0010692412500000002
320.112	0.0	0.0	-0.00102298875
320.172	0.0	0.0	-0.0008999812500000001
320.282	0.0	0.0	-0.00067664625
320.432	0.0	0.0	-0.00037750125000000006
320.452	0.0	0.0	-0.00031523624999999997
320.522	0.0	0.0	-0.00016133775000000004
320.622	0.0	0.0	0.00011289337500000001
320.772	0.0	0.0	0.00047759250000000005
320.792	0.0	0.0	0.0005154975
320.852	0.0	0.0	0.0006175575000000001
320.962	0.0	0.0	0.00080535
321.102	0.0	0.0	0.0010591087500000003
321.122	0.0	0.0	0.0010634400000000001
321.182	0.0	0.0	0.001075095
321.292	0.0	0.0	0.0010963050000000001
321.442	0.0	0.0	0.00112473375
321.462	0.0	0.0	0.00108969
321.532	0.0	0.0	0.0010024875000000002
321.632	0.0	0.0	0.0008467725000000001
321.782	0.0	0.0	0.0006395550000000001
321.802	0.0	0.0	0.00059096625
321.862	0.0	0.0	0.00045919125000000005
321.972	0.0	0.0	0.00021616087500000004
322.112	0.0	0.0	-0.00011242875
322.132	0.0	0.0	-0.00015715612500000003
322.192	0.0	0.0	-0.00027796125
322.302	0.0	0.0	-0.0004981987500000001
322.452	0.0	0.0	-0.00079359
322.472	0.0	0.0	-0.000812385
322.542	0.0	0.0	-0.0008594512500000001
322.642	0.0	0.0	-0.0009436875000000001
322.792	0.0	0.0	-0.0010558275
322.812	0.0	0.0	-0.0010398675000000003
322.872	0.0	0.0	-0.00099621375
322.982	0.0	0.0	-0.0009155475000000001
323.122	0.0	0.0	-0.0008063737500000001
323.142	0.0	0.0	-0.0007657387500000001
323.202	0.0	0.0	-0.00065506875
323.312	0.0	0.0	-0.0004529175
323.462	0.0	0.0	-0.00018158175000000003
323.482	0.0	0.0	-0.00013356525000000002
323.552	0.0	0.0	-1.2396300000000002e-05
323.652	0.0	0.0	0.000204883875
323.802	0.0	0.0	0.00049441875
323.822	0.0	0.0	0.00051912
323.882	0.0	0.0	0.0005872387500000001
323.992	0.0	0.0	0.000713475
324.132	0.0	0.0	0.0008843362500000002
324.152	0.0	0.0	0.0008815012500000001
324.212	0.0	0.0	0.0008736787500000002
324.322	0.0	0.0	0.0008593462500000001
324.472	0.0	0.0	0.0008401312500000001
324.492	0.0	0.0	0.0008087362500000001
324.552	0.0	0.0	0.0007289625
324.662	0.0	0.0	0.0005856375
324.812	0.0	0.0	0.0003945112500000001
324.832	0.0	0.0	0.00035763
324.892	0.0	0.0	0.000255000375
325.002	0.0	0.0	6.448575000000002e-05
325.142	0.0	0.0	-0.00019359637500000003
325.162	0.0	0.0	-0.00022365000000000004
325.222	0.0	0.0	-0.00030678375
325.332	0.0	0.0	-0.00045927000000000007
325.482	0.0	0.0	-0.00066420375
325.502	0.0	0.0	-0.0006725512499999999
325.562	0.0	0.0	-0.0006939450000000002
325.672	0.0	0.0	-0.0007324800000000001
325.822	0.0	0.0	-0.0007838775
325.842	0.0	0.0	-0.0007681799999999999
325.902	0.0	0.0	-0.00072410625
326.002	0.0	0.0	-0.0006421275000000001
326.152	0.0	0.0	-0.0005310112500000002
326.172	0.0	0.0	-0.000499905
326.232	0.0	0.0	-0.00041314875000000005
326.342	0.0	0.0	-0.00025365375
326.492	0.0	0.0	-3.9183375e-05
326.512	0.0	0.0	-6.0897375e-06
326.572	0.0	0.0	7.9256625e-05
326.682	0.0	0.0	0.00023326012500000004
326.832	0.0	0.0	0.00043887375000000004
326.852	0.0	0.0	0.00045325875000000004
326.912	0.0	0.0	0.0004939987500000001
327.012	0.0	0.0	0.00056994
327.162	0.0	0.0	0.0006729450000000001
327.182	0.0	0.0	0.00066717
327.242	0.0	0.0	0.0006509475000000001
327.352	0.0	0.0	0.0006210487500000001
327.502	0.0	0.0	0.0005808075
327.522	0.0	0.0	0.0005556862500000001
327.582	0.0	0.0	0.00049042875
327.692	0.0	0.0	0.00037243500000000006
327.842	0.0	0.0	0.00021481162500000002
327.862	0.0	0.0	0.00018815475
327.922	0.0	0.0	0.00011206125000000001
328.022	0.0	0.0	-3.0116625000000004e-05
328.172	0.0	0.0	-0.00022309612500000004
328.192	0.0	0.0	-0.00024311437500000002
328.252	0.0	0.0	-0.00029985375
328.362	0.0	0.0	-0.0004046175
328.512	0.0	0.0	-0.0005456850000000001
328.532	0.0	0.0	-0.000548835
328.592	0.0	0.0	-0.00055710375
328.702	0.0	0.0	-0.00057206625
328.852	0.0	0.0	-0.0005920687500000001
328.872	0.0	0.0	-0.00057810375
328.932	0.0	0.0	-0.0005378625
329.032	0.0	0.0	-0.0004625250000000001
329.182	0.0	0.0	-0.00036017625
329.202	0.0	0.0	-0.00033523875
329.262	0.0	0.0	-0.00026399625000000004
329.372	0.0	0.0	-0.00013215300000000003
329.522	0.0	0.0	4.547025e-05
329.542	0.0	0.0	7.111125000000001e-05
329.602	0.0	0.0	0.00013874437500000002
329.712	0.0	0.0	0.00026154187500000004
329.862	0.0	0.0	0.0004258275000000001
329.882	0.0	0.0	0.000436065
329.942	0.0	0.0	0.00046583250000000007
330.042	0.0	0.0	0.00052171875
330.192	0.0	0.0	0.0005976600000000001
330.212	0.0	0.0	0.0005908612500000001
330.272	0.0	0.0	0.0005712
330.382	0.0	0.0	0.000534765
330.532	0.0	0.0	0.00048565125000000006
330.552	0.0	0.0	0.00046173750000000005
330.612	0.0	0.0	0.00039818625
330.722	0.0	0.0	0.00028252875000000003
330.872	0.0	0.0	0.00012773775
330.892	0.0	0.0	0.00010258237500000001
330.952	0.0	0.0	2.88225e-05
331.052	0.0	0.0	-0.00010990087500000002
331.202	0.0	0.0	-0.00029854125
331.222	0.0	0.0	-0.00031738875000000003
331.282	0.0	0.0	-0.00037214625000000004
331.392	0.0	0.0	-0.0004738912500000001
331.542	0.0	0.0	-0.0006111525000000001
331.562	0.0	0.0	-0.0006125962500000001
331.622	0.0	0.0	-0.00061648125
331.732	0.0	0.0	-0.0006235425000000001
331.882	0.0	0.0	-0.0006329925000000001
331.902	0.0	0.0	-0.0006164025
331.962	0.0	0.0	-0.0005667374999999999
332.062	0.0	0.0	-0.0004728412500000001
332.212	0.0	0.0	-0.00034489875
332.232	0.0	0.0	-0.00031413375
332.292	0.0	0.0	-0.00022684725
332.402	0.0	0.0	-6.613162500000002e-05
332.552	0.0	0.0	0.00014944125000000003
332.572	0.0	0.0	0.00017590124999999999
332.632	0.0	0.0	0.00025353037500000004
332.732	0.0	0.0	0.00039965625000000005
332.882	0.0	0.0	0.0005985000000000001
332.902	0.0	0.0	0.00060997125
332.962	0.0	0.0	0.0006438862500000001
333.072	0.0	0.0	0.0007071750000000001
333.222	0.0	0.0	0.0007926450000000001
333.242	0.0	0.0	0.0007795725000000002
333.302	0.0	0.0	0.0007441087500000001
333.412	0.0	0.0	0.0006792450000000001
333.562	0.0	0.0	0.0005922525
333.582	0.0	0.0	0.0005631937500000001
333.642	0.0	0.0	0.00047586000000000004
333.742	0.0	0.0	0.00031064250000000003
333.892	0.0	0.0	8.558550000000001e-05
333.912	0.0	0.0	5.005612500000001e-05
333.972	0.0	0.0	-5.569725000000001e-05
334.082	0.0	0.0	-0.000253267875
334.232	0.0	0.0	-0.00052024875
334.252	0.0	0.0	-0.000545055
334.312	0.0	0.0	-0.0006128850000000001
334.422	0.0	0.0	-0.0007372575
334.572	0.0	0.0	-0.0009041550000000001
334.592	0.0	0.0	-0.0009015562500000001
334.652	0.0	0.0	-0.00089368125
334.752	0.0	0.0	-0.0008787450000000001
334.902	0.0	0.0	-0.0008583750000000001
334.922	0.0	0.0	-0.0008301300000000001
334.982	0.0	0.0	-0.00074531625
335.092	0.0	0.0	-0.00058653
335.242	0.0	0.0	-0.000371805
335.262	0.0	0.0	-0.000326445
335.322	0.0	0.0	-0.000201424125
335.432	0.0	0.0	2.8273875000000005e-05
335.582	0.0	0.0	0.00033668250000000005
335.602	0.0	0.0	0.0003683925
335.662	0.0	0.0	0.00046554375000000005
335.762	0.0	0.0	0.0006501075000000001
335.912	0.0	0.0	0.0009018450000000001
335.932	0.0	0.0	0.0009107175000000001
335.992	0.0	0.0	0.0009375975
336.102	0.0	0.0	0.00098802375
336.252	0.0	0.0	0.0010562737500000002
336.272	0.0	0.0	0.0010323600000000002
336.332	0.0	0.0	0.0009659212500000001
336.442	0.0	0.0	0.0008436225
336.592	0.0	0.0	0.0006792975
336.612	0.0	0.0	0.0006397125
336.662	0.0	0.0	0.0005173612500000001
336.772	0.0	0.0	0.00028436625
336.922	0.0	0.0	-3.3626250000000004e-05
336.942	0.0	0.0	-7.554225e-05
337.002	0.0	0.0	-0.000203728875
337.112	0.0	0.0	-0.0004447275
337.262	0.0	0.0	-0.0007710150000000001
337.282	0.0	0.0	-0.0007940887500000001
337.342	0.0	0.0	-0.0008586900000000001
337.452	0.0	0.0	-0.00097794375
337.602	0.0	0.0	-0.00113822625
337.622	0.0	0.0	-0.0011281200000000003
337.672	0.0	0.0	-0.0010965412500000002
337.782	0.0	0.0	-0.00103627125
337.932	0.0	0.0	-0.00095395125
337.952	0.0	0.0	-0.0009167025000000001
338.012	0.0	0.0	-0.0008017012500000001
338.122	0.0	0.0	-0.00058506
338.272	0.0	0.0	-0.00029155875
338.292	0.0	0.0	-0.00024098550000000005
338.352	0.0	0.0	-9.813300000000002e-05
338.462	0.0	0.0	0.00016598662500000002
338.612	0.0	0.0	0.00052129875
338.632	0.0	0.0	0.0005508300000000001
338.682	0.0	0.0	0.0006440175
338.792	0.0	0.0	0.0008222287500000002
338.942	0.0	0.0	0.0010657762500000001
338.962	0.0	0.0	0.0010676925
339.022	0.0	0.0	0.0010736250000000001
339.132	0.0	0.0	0.0010848337500000001
339.282	0.0	0.0	0.0011000325
339.302	0.0	0.0	0.00106855875
339.362	0.0	0.0	0.0009788625
339.472	0.0	0.0	0.00081267375
339.622	0.0	0.0	0.00058897125
339.642	0.0	0.0	0.00054768
339.692	0.0	0.0	0.00041608875000000004
339.802	0.0	0.0	0.00016387875000000002
339.952	0.0	0.0	-0.00018101212500000002
339.972	0.0	0.0	-0.00021867825
340.032	0.0	0.0	-0.000337155
340.142	0.0	0.0	-0.00056133
340.292	0.0	0.0	-0.00086538375
340.312	0.0	0.0	-0.0008800575000000001
340.372	0.0	0.0	-0.00092224125
340.482	0.0	0.0	-0.00100057125
340.632	0.0	0.0	-0.0011060700000000002
340.652	0.0	0.0	-0.00109050375
340.702	0.0	0.0	-0.0010403925
340.812	0.0	0.0	-0.00094418625
340.962	0.0	0.0	-0.0008125162500000001
340.982	0.0	0.0	-0.0007754775000000001
341.042	0.0	0.0	-0.0006578775
341.152	0.0	0.0	-0.00043493625000000006
341.302	0.0	0.0	-0.000132334125
341.322	0.0	0.0	-8.907412500000001e-05
341.382	0.0	0.0	3.6272250000000005e-05
341.492	0.0	0.0	0.00026948250000000004
341.642	0.0	0.0	0.00058382625
341.662	0.0	0.0	0.0006044325000000001
341.712	0.0	0.0	0.0006714487500000001
341.822	0.0	0.0	0.00080044125
341.972	0.0	0.0	0.0009770512500000001
341.992	0.0	0.0	0.0009725625
342.052	0.0	0.0	0.0009581250000000001
342.162	0.0	0.0	0.0009307200000000002
342.312	0.0	0.0	0.0008934975000000001
342.332	0.0	0.0	0.0008628900000000001
342.392	0.0	0.0	0.0007734562500000001
342.502	0.0	0.0	0.0006066637500000001
342.652	0.0	0.0	0.00038175375
342.672	0.0	0.0	0.00034823250000000003
342.722	0.0	0.0	0.000238063875
342.832	0.0	0.0	2.5517625000000003e-05
342.982	0.0	0.0	-0.00026567625
343.002	0.0	0.0	-0.00029211
343.062	0.0	0.0	-0.00037765875000000005
343.172	0.0	0.0	-0.00054056625
343.322	0.0	0.0	-0.0007619587500000001
343.342	0.0	0.0	-0.0007676812500000001
343.402	0.0	0.0	-0.0007845337500000001
343.512	0.0	0.0	-0.0008160337500000001
343.662	0.0	0.0	-0.0008585587500000002
343.682	0.0	0.0	-0.0008427300000000001
343.732	0.0	0.0	-0.00079015125
343.842	0.0	0.0	-0.0006885112500000001
343.992	0.0	0.0	-0.0005491500000000001
344.012	0.0	0.0	-0.00052003875
344.072	0.0	0.0	-0.00042477750000000005
344.182	0.0	0.0	-0.00024300675
344.332	0.0	0.0	4.154325e-06
344.352	0.0	0.0	3.4027875000000005e-05
344.412	0.0	0.0	0.00012288937500000001
344.522	0.0	0.0	0.0002892750000000001
344.672	0.0	0.0	0.0005139487500000001
344.692	0.0	0.0	0.0005251575
344.742	0.0	0.0	0.0005628
344.852	0.0	0.0	0.0006357225000000001
345.002	0.0	0.0	0.0007357875
345.022	0.0	0.0	0.00072867375
345.082	0.0	0.0	0.00070520625
345.192	0.0	0.0	0.000660345
345.342	0.0	0.0	0.0005992875
345.362	0.0	0.0	0.0005754262500000001
345.422	0.0	0.0	0.00050381625
345.532	0.0	0.0	0.00036946875
345.682	0.0	0.0	0.000187936875
345.702	0.0	0.0	0.000165314625
345.752	0.0	0.0	8.854912500000001e-05
345.862	0.0	0.0	-6.0543000000000006e-05
346.012	0.0	0.0	-0.0002651775
346.032	0.0	0.0	-0.00028058625
346.092	0.0	0.0	-0.0003319837500000001
346.202	0.0	0.0	-0.0004304737500000001
346.352	0.0	0.0	-0.0005645587500000001
346.372	0.0	0.0	-0.0005647425
346.432	0.0	0.0	-0.0005653725
346.542	0.0	0.0	-0.0005665537500000001
346.692	0.0	0.0	-0.000568155
346.712	0.0	0.0	-0.0005556862500000001
346.762	0.0	0.0	-0.0005123475000000001
346.872	0.0	0.0	-0.0004277437500000001
347.022	0.0	0.0	-0.00031140374999999996
347.042	0.0	0.0	-0.0002909025
347.102	0.0	0.0	-0.00022452937500000002
347.212	0.0	0.0	-9.8492625e-05
347.362	0.0	0.0	7.215075000000002e-05
347.382	0.0	0.0	8.738362500000001e-05
347.432	0.0	0.0	0.000139127625
347.542	0.0	0.0	0.00023970712500000002
347.692	0.0	0.0	0.00037784250000000004
347.712	0.0	0.0	0.00038325000000000007
347.772	0.0	0.0	0.00040170375000000004
347.882	0.0	0.0	0.00043719375000000004
348.032	0.0	0.0	0.00048557250000000004
348.052	0.0	0.0	0.00047809125000000007
348.112	0.0	0.0	0.0004551225
348.222	0.0	0.0	0.00041181000000000003
348.372	0.0	0.0	0.00035314125
348.392	0.0	0.0	0.00033972750000000007
348.442	0.0	0.0	0.00029276625000000005
348.552	0.0	0.0	0.000201025125
348.702	0.0	0.0	7.490175000000002e-05
348.722	0.0	0.0	6.021225000000001e-05
348.782	0.0	0.0	9.788625000000002e-06
348.892	0.0	0.0	-8.737837500000001e-05
349.042	0.0	0.0	-0.00021988312500000002
349.062	0.0	0.0	-0.00022913887500000004
349.122	0.0	0.0	-0.000257872125
349.232	0.0	0.0	-0.00031219125000000005
349.382	0.0	0.0	-0.00038577
349.402	0.0	0.0	-0.00038451000000000007
349.452	0.0	0.0	-0.00037996875
349.562	0.0	0.0	-0.00037109625000000004
349.712	0.0	0.0	-0.00035889
349.732	0.0	0.0	-0.00034936125000000005
349.782	0.0	0.0	-0.00031628625
349.902	0.0	0.0	-0.000252441
350.052	0.0	0.0	-0.00016531987499999998
350.072	0.0	0.0	-0.00015092437500000003
350.132	0.0	0.0	-0.00010580587500000002
350.242	0.0	0.0	-2.03193375e-05
350.392	0.0	0.0	9.553424999999999e-05
350.412	0.0	0.0	0.00010481362500000001
350.462	0.0	0.0	0.00013800675000000002
350.572	0.0	0.0	0.00020314087500000004
350.722	0.0	0.0	0.00029279250000000006
350.742	0.0	0.0	0.00029547000000000004
350.792	0.0	0.0	0.00030478875
350.912	0.0	0.0	0.00032284875
351.062	0.0	0.0	0.0003474975
351.082	0.0	0.0	0.0003411975
351.142	0.0	0.0	0.00032122125000000004
351.252	0.0	0.0	0.00028331625
351.402	0.0	0.0	0.00023189250000000004
351.422	0.0	0.0	0.00022177575000000002
351.472	0.0	0.0	0.000185154375
351.582	0.0	0.0	0.00011313225000000002
351.732	0.0	0.0	1.3926937500000001e-05
351.752	0.0	0.0	3.1313625e-06
351.802	0.0	0.0	-3.5159250000000004e-05
351.922	0.0	0.0	-0.0001094205
352.072	0.0	0.0	-0.00021087150000000004
352.092	0.0	0.0	-0.00021718200000000004
352.152	0.0	0.0	-0.00023734725
352.262	0.0	0.0	-0.00027570375000000007
352.412	0.0	0.0	-0.00032778375
352.432	0.0	0.0	-0.00032581499999999997
352.482	0.0	0.0	-0.00031867500000000003
352.592	0.0	0.0	-0.00030457875
352.742	0.0	0.0	-0.00028515375000000005
352.762	0.0	0.0	-0.00027659625
352.812	0.0	0.0	-0.00024585225
352.932	0.0	0.0	-0.00018610725
353.082	0.0	0.0	-0.00010443825000000001
353.102	0.0	0.0	-9.222674999999999e-05
353.162	0.0	0.0	-5.2833375000000006e-05
353.272	0.0	0.0	2.2281000000000002e-05
353.422	0.0	0.0	0.00012427012500000002
353.432	0.0	0.0	0.000131499375
353.492	0.0	0.0	0.00015831112500000002
353.602	0.0	0.0	0.00021127050000000004
353.752	0.0	0.0	0.00028431375000000005
353.772	0.0	0.0	0.00028539
353.822	0.0	0.0	0.00028932750000000004
353.942	0.0	0.0	0.00029699250000000005
354.092	0.0	0.0	0.00030749250000000004
354.112	0.0	0.0	0.00030072000000000003
354.172	0.0	0.0	0.00027864375
354.282	0.0	0.0	0.00023647837500000003
354.432	0.0	0.0	0.00017919037500000002
354.442	0.0	0.0	0.00016998975
354.502	0.0	0.0	0.00013543425
354.612	0.0	0.0	6.7032e-05
354.762	0.0	0.0	-2.7365625000000003e-05
354.782	0.0	0.0	-3.6295875000000004e-05
354.832	0.0	0.0	-6.9071625e-05
354.952	0.0	0.0	-0.00013304025000000002
355.102	0.0	0.0	-0.00022059450000000002
355.122	0.0	0.0	-0.000224781375
355.182	0.0	0.0	-0.00023856787500000002
355.292	0.0	0.0	-0.0002649675000000001
355.442	0.0	0.0	-0.00030085125
355.452	0.0	0.0	-0.00029799000000000004
355.512	0.0	0.0	-0.00028709625
355.622	0.0	0.0	-0.0002654925
355.772	0.0	0.0	-0.00023567775
355.792	0.0	0.0	-0.000227532375
355.842	0.0	0.0	-0.00019728450000000003
355.962	0.0	0.0	-0.00013811962500000002
356.112	0.0	0.0	-5.7096375e-05
356.132	0.0	0.0	-4.6662e-05
356.192	0.0	0.0	-1.1973675e-05
356.302	0.0	0.0	5.4597375000000005e-05
356.452	0.0	0.0	0.000145149375
356.462	0.0	0.0	0.00015054375
356.522	0.0	0.0	0.00017131275
356.632	0.0	0.0	0.00021260662500000005
356.782	0.0	0.0	0.00026966625000000003
356.802	0.0	0.0	0.00026943000000000003
356.852	0.0	0.0	0.00026856375
356.972	0.0	0.0	0.00026688374999999997
357.122	0.0	0.0	0.00026457375000000003
357.142	0.0	0.0	0.00025770937500000003
357.202	0.0	0.0	0.00023463037500000001
357.312	0.0	0.0	0.00019024950000000004
357.462	0.0	0.0	0.000129840375
357.472	0.0	0.0	0.00012172125000000001
357.532	0.0	0.0	9.004537500000002e-05
357.642	0.0	0.0	2.6922000000000004e-05
357.792	0.0	0.0	-6.034612500000001e-05
357.812	0.0	0.0	-6.7559625e-05
357.862	0.0	0.0	-9.4985625e-05
357.982	0.0	0.0	-0.0001488585
358.132	0.0	0.0	-0.00022272862500000005
358.152	0.0	0.0	-0.00022526437500000002
358.212	0.0	0.0	-0.0002338665
358.322	0.0	0.0	-0.00025044600000000003
358.472	0.0	0.0	-0.00027302625000000003
358.482	0.0	0.0	-0.00026964000000000003
358.542	0.0	0.0	-0.00025623937500000003
358.652	0.0	0.0	-0.00022948012500000005
358.802	0.0	0.0	-0.000192462375
358.812	0.0	0.0	-0.00018481050000000002
358.872	0.0	0.0	-0.00015535800000000003
358.992	0.0	0.0	-9.738225e-05
359.142	0.0	0.0	-1.783845e-05
359.162	0.0	0.0	-8.808712500000002e-06
359.212	0.0	0.0	2.2173637500000003e-05
359.332	0.0	0.0	8.2007625e-05
359.482	0.0	0.0	0.00016355062500000001
359.492	0.0	0.0	0.00016761150000000003
359.552	0.0	0.0	0.000183876
359.662	0.0	0.0	0.00021643125000000003
359.812	0.0	0.0	0.00026149725
359.822	0.0	0.0	0.000260323875
359.882	0.0	0.0	0.00025575375000000004
359.992	0.0	0.0	0.00024673687500000003
360.152	0.0	0.0	0.00023435737500000003
360.172	0.0	0.0	0.00022731712499999998
360.222	0.0	0.0	0.00020295975000000002
360.342	0.0	0.0	0.00015584100000000004
360.492	0.0	0.0	9.1602e-05
360.502	0.0	0.0	8.4286125e-05
360.562	0.0	0.0	5.4075000000000007e-05
360.672	0.0	0.0	-6.733912500000001e-06
360.822	0.0	0.0	-9.106650000000002e-05
360.842	0.0	0.0	-9.754237500000001e-05
360.892	0.0	0.0	-0.00012188400000000001
361.012	0.0	0.0	-0.00016945425
361.162	0.0	0.0	-0.00023440725000000004
361.172	0.0	0.0	-0.00023560687500000002
361.232	0.0	0.0	-0.000240421125
361.342	0.0	0.0	-0.00025006275000000004
361.492	0.0	0.0	-0.00026341875000000006
361.502	0.0	0.0	-0.000259258125
361.562	0.0	0.0	-0.00024264975000000004
361.672	0.0	0.0	-0.00020975062500000003
361.832	0.0	0.0	-0.000164535
361.852	0.0	0.0	-0.000155778
361.902	0.0	0.0	-0.000124842375
362.022	0.0	0.0	-6.475875000000002e-05
362.172	0.0	0.0	1.72580625e-05
362.182	0.0	0.0	2.40673125e-05
362.242	0.0	0.0	5.236087500000001e-05
362.352	0.0	0.0	0.00010933650000000002
362.502	0.0	0.0	0.00018832800000000003
362.512	0.0	0.0	0.00019185600000000001
362.572	0.0	0.0	0.00020608087500000003
362.682	0.0	0.0	0.000234304875
362.842	0.0	0.0	0.00027310500000000005
362.862	0.0	0.0	0.00027069
362.912	0.0	0.0	0.00026208525000000004
363.032	0.0	0.0	0.00024532462500000005
363.182	0.0	0.0	0.00022242937500000003
363.192	0.0	0.0	0.00021630525000000003
363.252	0.0	0.0	0.00019049625000000002
363.362	0.0	0.0	0.000138408375
363.512	0.0	0.0	6.614737500000001e-05
363.522	0.0	0.0	5.822512500000001e-05
363.582	0.0	0.0	2.584575e-05
363.692	0.0	0.0	-3.852975e-05
363.852	0.0	0.0	-0.00012709725
363.872	0.0	0.0	-0.00013320300000000003
363.922	0.0	0.0	-0.000155250375
364.042	0.0	0.0	-0.00019825837500000003
364.192	0.0	0.0	-0.000257037375
364.202	0.0	0.0	-0.000257173875
364.262	0.0	0.0	-0.00025775925
364.372	0.0	0.0	-0.0002589483750000001
364.522	0.0	0.0	-0.00026059425
364.532	0.0	0.0	-0.00025560675
364.592	0.0	0.0	-0.00023496112500000004
364.702	0.0	0.0	-0.000193822125
364.862	0.0	0.0	-0.00013718775
364.882	0.0	0.0	-0.000128415
364.932	0.0	0.0	-9.636112500000001e-05
365.052	0.0	0.0	-3.3702375e-05
365.202	0.0	0.0	5.1985500000000006e-05
365.212	0.0	0.0	5.7902250000000006e-05
365.272	0.0	0.0	8.358787500000001e-05
365.382	0.0	0.0	0.000135652125
365.532	0.0	0.0	0.00020796825
365.542	0.0	0.0	0.00021016537500000002
365.602	0.0	0.0	0.00021937912500000003
365.712	0.0	0.0	0.00023778037500000004
365.872	0.0	0.0	0.00026313000000000004
365.892	0.0	0.0	0.0002596755
365.942	0.0	0.0	0.0002469075
366.062	0.0	0.0	0.00022189650000000003
366.212	0.0	0.0	0.00018767175
366.222	0.0	0.0	0.00018172875000000004
366.282	0.0	0.0	0.00015555487500000002
366.392	0.0	0.0	0.000102375
366.542	0.0	0.0	2.84655e-05
366.552	0.0	0.0	2.17672875e-05
366.612	0.0	0.0	-6.739425e-06
366.722	0.0	0.0	-6.378225000000001e-05
366.882	0.0	0.0	-0.00014240625
366.902	0.0	0.0	-0.000146706
366.952	0.0	0.0	-0.00016279725
367.072	0.0	0.0	-0.00019438387499999999
367.222	0.0	0.0	-0.00023763075000000003
367.232	0.0	0.0	-0.00023684325
367.292	0.0	0.0	-0.00023332312500000003
367.402	0.0	0.0	-0.00022615425000000003
367.552	0.0	0.0	-0.00021618450000000002
367.562	0.0	0.0	-0.000211372875
367.622	0.0	0.0	-0.00019061175000000002
367.732	0.0	0.0	-0.00014897662500000001
367.892	0.0	0.0	-9.155737500000001e-05
367.912	0.0	0.0	-8.416012500000001e-05
367.962	0.0	0.0	-5.6156625000000005e-05
368.082	0.0	0.0	-1.0656975000000003e-06
368.232	0.0	0.0	7.440825000000001e-05
368.242	0.0	0.0	7.888912500000001e-05
368.302	0.0	0.0	9.9248625e-05
368.412	0.0	0.0	0.000140797125
368.562	0.0	0.0	0.00019860750000000004
368.572	0.0	0.0	0.00019977300000000004
368.632	0.0	0.0	0.00020487600000000002
368.742	0.0	0.0	0.0002151345
368.902	0.0	0.0	0.00022928850000000003
368.912	0.0	0.0	0.00022568175
368.972	0.0	0.0	0.00021185587500000002
369.092	0.0	0.0	0.000184597875
369.242	0.0	0.0	0.000147233625
369.252	0.0	0.0	0.0001418655
369.312	0.0	0.0	0.00011708812500000002
369.422	0.0	0.0	6.641250000000001e-05
369.572	0.0	0.0	-4.1417250000000006e-06
369.582	0.0	0.0	-1.00401e-05
369.642	0.0	0.0	-3.6238125e-05
369.752	0.0	0.0	-8.900325e-05
369.912	0.0	0.0	-0.0001618575
369.922	0.0	0.0	-0.00016545375
369.982	0.0	0.0	-0.00017940300000000002
370.092	0.0	0.0	-0.00020696550000000002
370.252	0.0	0.0	-0.000244773375
370.262	0.0	0.0	-0.000243602625
370.322	0.0	0.0	-0.00023811112500000004
370.432	0.0	0.0	-0.00022685775000000003
370.582	0.0	0.0	-0.00021117862500000004
370.592	0.0	0.0	-0.00020594175000000002
370.652	0.0	0.0	-0.000182329875
370.762	0.0	0.0	-0.00013467037500000003
370.922	0.0	0.0	-6.883012500000002e-05
370.932	0.0	0.0	-6.084487500000001e-05
370.992	0.0	0.0	-2.9463000000000002e-05
371.102	0.0	0.0	3.266812500000001e-05
371.262	0.0	0.0	0.00011794387500000002
371.272	0.0	0.0	0.000122621625
371.332	0.0	0.0	0.000144923625
371.442	0.0	0.0	0.00019074825000000003
371.592	0.0	0.0	0.000254625
371.602	0.0	0.0	0.000255378375
371.662	0.0	0.0	0.000258825
371.772	0.0	0.0	0.0002658075
371.932	0.0	0.0	0.00027544125
371.942	0.0	0.0	0.00027040125
372.002	0.0	0.0	0.000250362
372.112	0.0	0.0	0.000210606375
372.272	0.0	0.0	0.00015600900000000003
372.282	0.0	0.0	0.00014925225000000003
372.332	0.0	0.0	0.00011648962500000001
372.452	0.0	0.0	4.9027125000000005e-05
372.602	0.0	0.0	-4.5066000000000005e-05
372.612	0.0	0.0	-5.204325000000001e-05
372.672	0.0	0.0	-8.446725000000001e-05
372.782	0.0	0.0	-0.000150194625
372.942	0.0	0.0	-0.00024110625000000002
372.952	0.0	0.0	-0.00024458175000000005
373.012	0.0	0.0	-0.00025859137500000004
373.122	0.0	0.0	-0.00028644000000000006
373.282	0.0	0.0	-0.0003247387500000001
373.292	0.0	0.0	-0.00032229750000000004
373.342	0.0	0.0	-0.00031035375
373.462	0.0	0.0	-0.00028570500000000003
373.612	0.0	0.0	-0.000251299125
373.622	0.0	0.0	-0.000244127625
373.682	0.0	0.0	-0.00021028875
373.792	0.0	0.0	-0.000141547875
373.952	0.0	0.0	-4.641000000000001e-05
373.962	0.0	0.0	-3.6731625e-05
374.022	0.0	0.0	2.8048125e-06
374.132	0.0	0.0	8.1585e-05
374.292	0.0	0.0	0.00018990562500000003
374.302	0.0	0.0	0.00019461750000000002
374.352	0.0	0.0	0.00021825825000000001
374.472	0.0	0.0	0.00026717250000000004
374.622	0.0	0.0	0.00033544875
374.632	0.0	0.0	0.00033497625000000004
374.692	0.0	0.0	0.00033269250000000005
374.802	0.0	0.0	0.00032804625000000005
374.962	0.0	0.0	0.00032158875
374.972	0.0	0.0	0.00031447500000000004
375.032	0.0	0.0	0.00028510125000000004
375.142	0.0	0.0	0.00022644562500000003
375.302	0.0	0.0	0.00014577675
375.312	0.0	0.0	0.00013823512500000002
375.362	0.0	0.0	9.883387500000002e-05
375.472	0.0	0.0	1.68842625e-05
375.632	0.0	0.0	-9.776287500000002e-05
375.642	0.0	0.0	-0.00010513387500000001
375.702	0.0	0.0	-0.00013884150000000002
375.812	0.0	0.0	-0.00020682375000000003
375.972	0.0	0.0	-0.0003004575
375.982	0.0	0.0	-0.00030219000000000003
376.032	0.0	0.0	-0.00031093125
376.152	0.0	0.0	-0.00032904375000000004
376.302	0.0	0.0	-0.0003543225
376.312	0.0	0.0	-0.0003503850000000001
376.372	0.0	0.0	-0.00033093375000000004
376.482	0.0	0.0	-0.0002911912500000001
376.642	0.0	0.0	-0.00023611350000000004
376.652	0.0	0.0	-0.00022692600000000002
376.712	0.0	0.0	-0.000188013
376.822	0.0	0.0	-0.00011003212500000001
376.982	0.0	0.0	-2.6418e-06
376.992	0.0	0.0	4.2687750000000005e-06
377.042	0.0	0.0	4.066650000000001e-05
377.152	0.0	0.0	0.00011640825000000002
377.312	0.0	0.0	0.0002223375
377.322	0.0	0.0	0.00022620412500000002
377.382	0.0	0.0	0.000245566125
377.492	0.0	0.0	0.00028520625
377.652	0.0	0.0	0.00034020000000000003
377.662	0.0	0.0	0.00033817875
377.722	0.0	0.0	0.0003294900000000001
377.832	0.0	0.0	0.00031203375
377.992	0.0	0.0	0.00028798875
378.002	0.0	0.0	0.00028242375000000006
378.052	0.0	0.0	0.000252532875
378.162	0.0	0.0	0.00019020750000000002
378.322	0.0	0.0	0.00010298662500000003
378.332	0.0	0.0	9.548700000000002e-05
378.392	0.0	0.0	5.7267000000000006e-05
378.502	0.0	0.0	-2.11630125e-05
378.662	0.0	0.0	-0.00012999787500000002
378.672	0.0	0.0	-0.00013615875
378.732	0.0	0.0	-0.00016298362500000003
378.842	0.0	0.0	-0.00021697725
379.002	0.0	0.0	-0.00029142750000000004
379.012	0.0	0.0	-0.00029187375000000004
379.062	0.0	0.0	-0.00029431500000000007
379.172	0.0	0.0	-0.0002994337500000001
379.332	0.0	0.0	-0.00030662625000000003
379.342	0.0	0.0	-0.00030245250000000005
379.402	0.0	0.0	-0.00028084875000000003
379.512	0.0	0.0	-0.00023644425000000002
379.672	0.0	0.0	-0.00017477512500000002
379.682	0.0	0.0	-0.00016681612500000004
379.742	0.0	0.0	-0.000131649
379.852	0.0	0.0	-6.0713625e-05
380.012	0.0	0.0	3.7146375e-05
380.022	0.0	0.0	4.23885e-05
380.072	0.0	0.0	7.163625000000001e-05
380.182	0.0	0.0	0.00013291425
380.342	0.0	0.0	0.00021876749999999998
380.352	0.0	0.0	0.00022108275000000003
380.412	0.0	0.0	0.00023331
380.522	0.0	0.0	0.000258507375
380.682	0.0	0.0	0.0002935275
380.692	0.0	0.0	0.0002909025
380.752	0.0	0.0	0.000279195
380.862	0.0	0.0	0.00025552275000000004
381.022	0.0	0.0	0.00022284675000000005
381.032	0.0	0.0	0.00021801675000000003
381.082	0.0	0.0	0.00019051987500000002
381.192	0.0	0.0	0.000132780375
381.352	0.0	0.0	5.184112500000001e-05
381.362	0.0	0.0	4.591125e-05
381.422	0.0	0.0	1.40261625e-05
381.532	0.0	0.0	-5.1828000000000006e-05
381.692	0.0	0.0	-0.00014337225000000004
381.702	0.0	0.0	-0.000147758625
381.762	0.0	0.0	-0.00016771912500000003
381.872	0.0	0.0	-0.00020815725
382.032	0.0	0.0	-0.00026399625000000004
382.042	0.0	0.0	-0.00026376000000000004
382.092	0.0	0.0	-0.00026241075
382.202	0.0	0.0	-0.000259546875
382.362	0.0	0.0	-0.000255530625
382.372	0.0	0.0	-0.00025160362500000003
382.432	0.0	0.0	-0.00023009700000000004
382.542	0.0	0.0	-0.000185579625
382.702	0.0	0.0	-0.00012365850000000002
382.712	0.0	0.0	-0.000116799375
382.772	0.0	0.0	-8.5089375e-05
382.882	0.0	0.0	-2.07104625e-05
383.042	0.0	0.0	6.825787500000001e-05
383.052	0.0	0.0	7.243950000000001e-05
383.102	0.0	0.0	9.727462500000003e-05
383.212	0.0	0.0	0.00014965912500000003
383.372	0.0	0.0	0.00022317750000000003
383.382	0.0	0.0	0.000224665875
383.442	0.0	0.0	0.000232966125
383.552	0.0	0.0	0.000250180875
383.712	0.0	0.0	0.00027415500000000005
383.722	0.0	0.0	0.00027116250000000004
383.782	0.0	0.0	0.00025718962500000006
383.892	0.0	0.0	0.00022875300000000002
384.052	0.0	0.0	0.00018943050000000002
384.062	0.0	0.0	0.000184828875
384.112	0.0	0.0	0.00015690675000000002
384.222	0.0	0.0	9.788100000000002e-05
384.382	0.0	0.0	1.4994e-05
384.392	0.0	0.0	9.584925e-06
384.452	0.0	0.0	-2.1191625e-05
384.562	0.0	0.0	-8.517600000000001e-05
384.722	0.0	0.0	-0.000174271125
384.732	0.0	0.0	-0.00017791987500000002
384.792	0.0	0.0	-0.000195313125
384.902	0.0	0.0	-0.0002307795
385.062	0.0	0.0	-0.00027985125
385.072	0.0	0.0	-0.00027909
385.122	0.0	0.0	-0.00027436500000000005
385.232	0.0	0.0	-0.0002643375
385.392	0.0	0.0	-0.00025025175000000004
385.402	0.0	0.0	-0.00024593625
385.452	0.0	0.0	-0.00022089112500000004
385.572	0.0	0.0	-0.00016870875
385.732	0.0	0.0	-9.60015e-05
385.742	0.0	0.0	-8.9063625e-05
385.802	0.0	0.0	-5.542687500000001e-05
385.912	0.0	0.0	1.3301400000000001e-05
386.072	0.0	0.0	0.00010844925000000001
386.082	0.0	0.0	0.00011220562500000001
386.132	0.0	0.0	0.00013605375
386.242	0.0	0.0	0.00018669787500000002
386.402	0.0	0.0	0.00025789575000000005
386.412	0.0	0.0	0.000258643875
386.462	0.0	0.0	0.0002630775
386.582	0.0	0.0	0.0002723175
386.742	0.0	0.0	0.00028520625
386.752	0.0	0.0	0.0002814
386.812	0.0	0.0	0.00026255250000000005
386.922	0.0	0.0	0.00022396500000000001
387.082	0.0	0.0	0.00017052000000000004
387.092	0.0	0.0	0.000165797625
387.142	0.0	0.0	0.0001351035
387.252	0.0	0.0	6.97725e-05
387.412	0.0	0.0	-2.2126125000000003e-05
387.422	0.0	0.0	-2.7066375000000004e-05
387.472	0.0	0.0	-5.693887500000001e-05
387.592	0.0	0.0	-0.00011945325000000003
387.752	0.0	0.0	-0.00020665050000000004
387.762	0.0	0.0	-0.00020924925
387.822	0.0	0.0	-0.00022227712500000004
387.932	0.0	0.0	-0.000249010125
388.092	0.0	0.0	-0.00028607250000000007
388.102	0.0	0.0	-0.00028462875
388.152	0.0	0.0	-0.00027517875000000004
388.262	0.0	0.0	-0.00025495575
388.422	0.0	0.0	-0.00022651125000000002
388.432	0.0	0.0	-0.000222093375
388.482	0.0	0.0	-0.00019480125
388.602	0.0	0.0	-0.00013756837500000001
388.762	0.0	0.0	-5.7689625000000006e-05
388.772	0.0	0.0	-5.152087500000001e-05
388.832	0.0	0.0	-2.0088600000000003e-05
388.942	0.0	0.0	4.455675e-05
389.102	0.0	0.0	0.00013421100000000002
389.112	0.0	0.0	0.00013695412500000002
389.162	0.0	0.0	0.00015567037500000002
389.272	0.0	0.0	0.00019569112500000002
389.432	0.0	0.0	0.0002520525
389.442	0.0	0.0	0.000251939625
389.492	0.0	0.0	0.00025121775
389.612	0.0	0.0	0.00024970312500000003
389.772	0.0	0.0	0.00024758737500000003
389.782	0.0	0.0	0.00024363150000000002
389.842	0.0	0.0	0.00022319587500000003
389.952	0.0	0.0	0.00018110137500000002
390.112	0.0	0.0	0.00012269775000000002
390.122	0.0	0.0	0.00011887575000000001
390.172	0.0	0.0	9.124237500000001e-05
390.282	0.0	0.0	3.18255e-05
390.442	0.0	0.0	-5.2006500000000004e-05
390.452	0.0	0.0	-5.6077875000000006e-05
390.502	0.0	0.0	-8.014650000000001e-05
390.622	0.0	0.0	-0.0001302525
390.782	0.0	0.0	-0.00019985437500000003
390.792	0.0	0.0	-0.00020092275000000004
390.842	0.0	0.0	-0.000208238625
390.952	0.0	0.0	-0.00022389675000000002
391.112	0.0	0.0	-0.00024595725
391.122	0.0	0.0	-0.00024420112500000003
391.172	0.0	0.0	-0.00023262750000000004
391.292	0.0	0.0	-0.00020819662500000006
391.452	0.0	0.0	-0.00017404800000000002
391.462	0.0	0.0	-0.00016931250000000003
391.522	0.0	0.0	-0.000143997
391.632	0.0	0.0	-9.1630875e-05
391.792	0.0	0.0	-1.8896850000000002e-05
391.802	0.0	0.0	-1.54893375e-05
391.852	0.0	0.0	9.429787500000002e-06
391.962	0.0	0.0	6.303675000000001e-05
392.122	0.0	0.0	0.00013864462500000002
392.132	0.0	0.0	0.00014086537500000002
392.182	0.0	0.0	0.00015576487500000002
392.302	0.0	0.0	0.00018726225
392.462	0.0	0.0	0.000231312375
392.472	0.0	0.0	0.000230661375
392.532	0.0	0.0	0.00022712550000000004
392.642	0.0	0.0	0.0002197965
392.802	0.0	0.0	0.00020960887500000002
392.812	0.0	0.0	0.00020707575000000004
392.862	0.0	0.0	0.000188041875
392.972	0.0	0.0	0.00014700000000000002
393.132	0.0	0.0	8.9082e-05
393.142	0.0	0.0	8.516550000000001e-05
393.192	0.0	0.0	5.825925e-05
393.312	0.0	0.0	1.2553800000000002e-06
393.472	0.0	0.0	-7.851375000000001e-05
393.482	0.0	0.0	-8.23305e-05
393.542	0.0	0.0	-0.000103495875
393.652	0.0	0.0	-0.0001474725
393.812	0.0	0.0	-0.000208621875
393.822	0.0	0.0	-0.00020920987500000002
393.872	0.0	0.0	-0.00021374325
393.982	0.0	0.0	-0.00022354237500000004
394.142	0.0	0.0	-0.00023737875000000004
394.152	0.0	0.0	-0.00023540475000000002
394.202	0.0	0.0	-0.00022150537500000003
394.322	0.0	0.0	-0.00019199775
394.482	0.0	0.0	-0.00015068025000000002
394.492	0.0	0.0	-0.000145992
394.542	0.0	0.0	-0.00011948737500000001
394.662	0.0	0.0	-6.430200000000001e-05
394.822	0.0	0.0	1.2482662500000002e-05
394.832	0.0	0.0	1.5552075e-05
394.882	0.0	0.0	3.9997125000000005e-05
394.992	0.0	0.0	9.294600000000001e-05
395.152	0.0	0.0	0.000167750625
395.162	0.0	0.0	0.00016948837500000002
395.212	0.0	0.0	0.00018203587500000004
395.332	0.0	0.0	0.00020873737500000004
395.492	0.0	0.0	0.000246143625
395.502	0.0	0.0	0.00024490987500000005
395.552	0.0	0.0	0.00023779612500000001
395.672	0.0	0.0	0.00022294650000000002
395.832	0.0	0.0	0.00020227725
395.842	0.0	0.0	0.00019960237500000002
395.892	0.0	0.0	0.00017763375000000002
396.002	0.0	0.0	0.00012994275
396.162	0.0	0.0	6.252487500000001e-05
396.172	0.0	0.0	5.877900000000001e-05
396.222	0.0	0.0	3.1019625e-05
396.342	0.0	0.0	-2.8184625000000006e-05
396.502	0.0	0.0	-0.00011116875
396.512	0.0	0.0	-0.000114400125
396.562	0.0	0.0	-0.000133413
396.682	0.0	0.0	-0.00017317125000000002
396.842	0.0	0.0	-0.00022855087500000003
396.852	0.0	0.0	-0.00022863225000000002
396.902	0.0	0.0	-0.00022932787500000004
397.012	0.0	0.0	-0.00023083987500000004
397.172	0.0	0.0	-0.00023297925000000002
397.182	0.0	0.0	-0.00023070075000000006
397.232	0.0	0.0	-0.00021335475
397.352	0.0	0.0	-0.0001762845
397.512	0.0	0.0	-0.00012429112500000002
397.522	0.0	0.0	-0.000119786625
397.572	0.0	0.0	-9.274387500000002e-05
397.692	0.0	0.0	-3.6062250000000005e-05
397.852	0.0	0.0	4.29345e-05
397.862	0.0	0.0	4.5407250000000005e-05
397.912	0.0	0.0	6.703724999999999e-05
398.022	0.0	0.0	0.00011420850000000001
398.182	0.0	0.0	0.000180970125
398.192	0.0	0.0	0.000181978125
398.242	0.0	0.0	0.00018986362500000002
398.362	0.0	0.0	0.00020676075000000002
398.522	0.0	0.0	0.00023046975
398.532	0.0	0.0	0.00022876087500000003
398.582	0.0	0.0	0.00021828975000000002
398.702	0.0	0.0	0.00019629750000000004
398.862	0.0	0.0	0.000165627
398.872	0.0	0.0	0.00016323825000000002
398.922	0.0	0.0	0.000141631875
399.032	0.0	0.0	9.440287500000001e-05
399.192	0.0	0.0	2.7523125000000003e-05
399.202	0.0	0.0	2.4582600000000004e-05
399.252	0.0	0.0	9.079875000000001e-07
399.372	0.0	0.0	-4.9917e-05
399.532	0.0	0.0	-0.00012127500000000001
399.542	0.0	0.0	-0.00012343800000000002
399.592	0.0	0.0	-0.00013699875000000003
399.712	0.0	0.0	-0.000165543
399.872	0.0	0.0	-0.00020536950000000004
399.882	0.0	0.0	-0.000205093875
399.932	0.0	0.0	-0.00020252400000000001
400.042	0.0	0.0	-0.000196888125
400.202	0.0	0.0	-0.00018890287500000004
400.212	0.0	0.0	-0.000186860625
400.262	0.0	0.0	-0.0001699215
400.382	0.0	0.0	-0.00013347337500000002
400.542	0.0	0.0	-8.227275000000001e-05
400.552	0.0	0.0	-7.862662500000001e-05
400.602	0.0	0.0	-5.524837500000001e-05
400.722	0.0	0.0	-5.9348625000000005e-06
400.882	0.0	0.0	6.2913375e-05
400.892	0.0	0.0	6.47115e-05
400.942	0.0	0.0	8.219662500000001e-05
401.052	0.0	0.0	0.000120595125
401.212	0.0	0.0	0.000175027125
401.222	0.0	0.0	0.00017561775000000002
401.272	0.0	0.0	0.00018067087500000002
401.392	0.0	0.0	0.000191562
401.552	0.0	0.0	0.00020687362500000002
401.562	0.0	0.0	0.00020515687499999999
401.612	0.0	0.0	0.00019388512500000002
401.732	0.0	0.0	0.00017006062500000003
401.892	0.0	0.0	0.000136775625
401.902	0.0	0.0	0.000134649375
401.952	0.0	0.0	0.00011318475
402.062	0.0	0.0	6.594000000000001e-05
402.222	0.0	0.0	-1.07018625e-06
402.232	0.0	0.0	-3.7658250000000005e-06
402.282	0.0	0.0	-2.7546750000000005e-05
402.402	0.0	0.0	-7.893900000000001e-05
402.562	0.0	0.0	-0.00015121312500000002
402.572	0.0	0.0	-0.00015323437500000002
402.622	0.0	0.0	-0.000166795125
402.742	0.0	0.0	-0.00019552575000000003
402.902	0.0	0.0	-0.000235683
402.902	0.0	0.0	-0.00023528400000000002
402.962	0.0	0.0	-0.000231105
403.072	0.0	0.0	-0.00022188337500000002
403.232	0.0	0.0	-0.00020879775000000003
403.242	0.0	0.0	-0.00020641950000000004
403.292	0.0	0.0	-0.00018474224999999998
403.412	0.0	0.0	-0.00013779412500000002
403.572	0.0	0.0	-7.1733375e-05
403.582	0.0	0.0	-6.735225e-05
403.632	0.0	0.0	-3.7240875e-05
403.752	0.0	0.0	2.6698875000000004e-05
403.912	0.0	0.0	0.000116116875
403.912	0.0	0.0	0.00011815125000000002
403.972	0.0	0.0	0.000140408625
404.082	0.0	0.0	0.00018962475
404.242	0.0	0.0	0.000259510125
404.252	0.0	0.0	0.00025997475000000004
404.302	0.0	0.0	0.00026436375000000003
404.422	0.0	0.0	0.00027386625000000003
404.582	0.0	0.0	0.00028725375000000005
404.592	0.0	0.0	0.00028452375000000005
404.642	0.0	0.0	0.00026536125000000007
404.762	0.0	0.0	0.00022463175000000002
404.922	0.0	0.0	0.00016764299999999998
404.922	0.0	0.0	0.00016493400000000002
404.982	0.0	0.0	0.00013222125000000002
405.092	0.0	0.0	5.9472e-05
405.252	0.0	0.0	-4.4013375e-05
405.262	0.0	0.0	-4.8029625e-05
405.312	0.0	0.0	-8.219137500000002e-05
405.432	0.0	0.0	-0.00015562575
405.592	0.0	0.0	-0.000258486375
405.592	0.0	0.0	-0.0002598855
405.652	0.0	0.0	-0.00027528375000000007
405.762	0.0	0.0	-0.00030933
405.922	0.0	0.0	-0.000357735
405.932	0.0	0.0	-0.00035660625000000007
405.982	0.0	0.0	-0.000345135
406.102	0.0	0.0	-0.00032014500000000003
406.262	0.0	0.0	-0.00028494375
406.272	0.0	0.0	-0.00028003500000000004
406.322	0.0	0.0	-0.00024378900000000003
406.442	0.0	0.0	-0.000166385625
406.602	0.0	0.0	-5.7981000000000006e-05
406.602	0.0	0.0	-5.461050000000001e-05
406.662	0.0	0.0	-1.3071450000000002e-05
406.772	0.0	0.0	7.934587500000001e-05
406.932	0.0	0.0	0.00021077175000000004
406.942	0.0	0.0	0.00021365400000000002
406.992	0.0	0.0	0.00024358425
407.112	0.0	0.0	0.00030893625000000003
407.272	0.0	0.0	0.00040107375000000004
407.282	0.0	0.0	0.00040102125
407.332	0.0	0.0	0.00040070625000000005
407.452	0.0	0.0	0.0003999975000000001
407.612	0.0	0.0	0.00039902625000000006
407.612	0.0	0.0	0.00039663750000000004
407.662	0.0	0.0	0.00036582000000000004
407.782	0.0	0.0	0.000297045
407.942	0.0	0.0	0.000199219125
407.942	0.0	0.0	0.00019453612500000002
408.002	0.0	0.0	0.000143983875
408.122	0.0	0.0	3.3363750000000004e-05
408.282	0.0	0.0	-0.00012269250000000002
408.292	0.0	0.0	-0.00012849112500000002
408.342	0.0	0.0	-0.00017347837500000001
408.462	0.0	0.0	-0.0002700075
408.622	0.0	0.0	-0.00040532625
408.622	0.0	0.0	-0.00040640250000000005
408.672	0.0	0.0	-0.0004211287500000001
408.792	0.0	0.0	-0.00045401999999999997
408.952	0.0	0.0	-0.0005008500000000001
408.952	0.0	0.0	-0.00049877625
409.012	0.0	0.0	-0.00047530875000000006
409.122	0.0	0.0	-0.0004239112500000001
409.292	0.0	0.0	-0.00035133
409.302	0.0	0.0	-0.00034455750000000006
409.352	0.0	0.0	-0.00029043000000000005
409.472	0.0	0.0	-0.00017408212500000003
409.632	0.0	0.0	-1.0842824999999999e-05
409.632	0.0	0.0	-7.0045500000000006e-06
409.682	0.0	0.0	4.82685e-05
409.802	0.0	0.0	0.000172095
409.962	0.0	0.0	0.0003484687500000001
409.962	0.0	0.0	0.00035135625
410.022	0.0	0.0	0.00038500875
410.132	0.0	0.0	0.00045900750000000005
410.302	0.0	0.0	0.00056350875
410.312	0.0	0.0	0.0005623275
410.362	0.0	0.0	0.0005526412500000001
410.482	0.0	0.0	0.00053174625
410.642	0.0	0.0	0.0005024512500000001
410.642	0.0	0.0	0.0004993275000000001
410.692	0.0	0.0	0.000451815
410.812	0.0	0.0	0.00034516125000000006
410.972	0.0	0.0	0.00019313175000000002
410.972	0.0	0.0	0.00018764812500000002
411.032	0.0	0.0	0.000120369375
411.142	0.0	0.0	-2.784075e-05
411.312	0.0	0.0	-0.00023726325000000004
411.322	0.0	0.0	-0.00024342675000000002
411.372	0.0	0.0	-0.00029562750000000003
411.492	0.0	0.0	-0.00040839749999999997
411.652	0.0	0.0	-0.0005667374999999999
411.652	0.0	0.0	-0.00056728875
411.702	0.0	0.0	-0.00057624
411.822	0.0	0.0	-0.00059642625
411.982	0.0	0.0	-0.00062519625
411.982	0.0	0.0	-0.00062215125
412.042	0.0	0.0	-0.0005830912500000001
412.152	0.0	0.0	-0.00049686
412.322	0.0	0.0	-0.000374955
412.332	0.0	0.0	-0.0003668700000000001
412.382	0.0	0.0	-0.00029604750000000003
412.502	0.0	0.0	-0.00014280787500000003
412.662	0.0	0.0	7.253662500000001e-05
412.662	0.0	0.0	7.617225e-05
412.712	0.0	0.0	0.00013928775
412.832	0.0	0.0	0.0002816625
412.992	0.0	0.0	0.00048481125000000006
412.992	0.0	0.0	0.00048698999999999997
413.052	0.0	0.0	0.0005166787500000001
413.162	0.0	0.0	0.00058230375
413.332	0.0	0.0	0.0006751762500000001
413.342	0.0	0.0	0.0006726037500000001
413.392	0.0	0.0	0.0006495825000000001
413.512	0.0	0.0	0.00059962875
413.672	0.0	0.0	0.0005293837500000001
413.672	0.0	0.0	0.0005261287500000001
413.722	0.0	0.0	0.0004654387500000001
413.842	0.0	0.0	0.00032823000000000005
414.002	0.0	0.0	0.0001323525
414.002	0.0	0.0	0.00012719437500000004
414.062	0.0	0.0	5.384137500000001e-05
414.172	0.0	0.0	-0.0001088325
414.342	0.0	0.0	-0.00033907125
414.352	0.0	0.0	-0.00034413750000000006
414.402	0.0	0.0	-0.00039136125000000004
414.522	0.0	0.0	-0.000494025
414.682	0.0	0.0	-0.00063842625
414.682	0.0	0.0	-0.00063832125
414.732	0.0	0.0	-0.0006359325
414.852	0.0	0.0	-0.0006304987500000001
415.012	0.0	0.0	-0.0006227287500000001
415.012	0.0	0.0	-0.0006194475
415.072	0.0	0.0	-0.00057007125
415.182	0.0	0.0	-0.00046029375
415.352	0.0	0.0	-0.00030484125000000006
415.362	0.0	0.0	-0.00029738625000000005
415.412	0.0	0.0	-0.00022513575000000002
415.532	0.0	0.0	-6.774337500000001e-05
415.692	0.0	0.0	0.00015379087500000003
415.692	0.0	0.0	0.000156289875
415.742	0.0	0.0	0.00021100800000000002
415.862	0.0	0.0	0.0003353175000000001
416.022	0.0	0.0	0.0005129512500000001
416.022	0.0	0.0	0.0005139750000000001
416.082	0.0	0.0	0.0005304600000000001
416.192	0.0	0.0	0.0005671575
416.362	0.0	0.0	0.000619185
416.372	0.0	0.0	0.000616035
416.422	0.0	0.0	0.0005845350000000001
416.542	0.0	0.0	0.00051573375
416.702	0.0	0.0	0.000418845
416.702	0.0	0.0	0.00041643
416.752	0.0	0.0	0.0003586275000000001
416.872	0.0	0.0	0.00022704412500000005
417.032	0.0	0.0	3.8884125000000004e-05
417.032	0.0	0.0	3.5377125000000006e-05
417.092	0.0	0.0	-2.4054450000000005e-05
417.202	0.0	0.0	-0.000156741375
417.372	0.0	0.0	-0.00034484625000000003
417.382	0.0	0.0	-0.00034773375
417.432	0.0	0.0	-0.00037776374999999997
417.552	0.0	0.0	-0.00044349375000000003
417.712	0.0	0.0	-0.00053610375
417.712	0.0	0.0	-0.0005356837499999999
417.762	0.0	0.0	-0.0005242650000000001
417.882	0.0	0.0	-0.000498225
418.042	0.0	0.0	-0.00046095
418.042	0.0	0.0	-0.00045848250000000003
418.102	0.0	0.0	-0.00041396250000000004
418.212	0.0	0.0	-0.0003143175
418.382	0.0	0.0	-0.0001729665
418.382	0.0	0.0	-0.00016789500000000002
418.442	0.0	0.0	-0.00011353912500000001
418.562	0.0	0.0	5.6154000000000005e-06
418.722	0.0	0.0	0.0001735755
418.722	0.0	0.0	0.00017456512500000002
418.772	0.0	0.0	0.0002091495
418.892	0.0	0.0	0.00028854
419.052	0.0	0.0	0.00040230750000000003
419.052	0.0	0.0	0.00040257000000000004
419.112	0.0	0.0	0.0004065075
419.222	0.0	0.0	0.00041519625000000003
419.392	0.0	0.0	0.0004274550000000001
419.392	0.0	0.0	0.00042648375
419.442	0.0	0.0	0.00040020750000000003
419.562	0.0	0.0	0.00034014749999999996
419.722	0.0	0.0	0.000254223375
419.722	0.0	0.0	0.00025216275
419.772	0.0	0.0	0.00020908650000000002
419.892	0.0	0.0	0.000112294875
420.062	0.0	0.0	-2.5125712500000007e-05
420.062	0.0	0.0	-2.8386750000000004e-05
420.122	0.0	0.0	-6.615525e-05
420.232	0.0	0.0	-0.00014929950000000002
420.402	0.0	0.0	-0.00026662125
420.402	0.0	0.0	-0.000267015
420.452	0.0	0.0	-0.0002810325000000001
420.572	0.0	0.0	-0.00031324125000000005
420.732	0.0	0.0	-0.00035936249999999996
420.732	0.0	0.0	-0.00035881125000000004
420.782	0.0	0.0	-0.00034644750000000006
420.902	0.0	0.0	-0.00031857
421.072	0.0	0.0	-0.00027901125000000005
421.072	0.0	0.0	-0.00027636
421.132	0.0	0.0	-0.000244146
421.242	0.0	0.0	-0.00017307937500000002
421.412	0.0	0.0	-7.273875e-05
421.412	0.0	0.0	-7.1980125e-05
421.462	0.0	0.0	-3.8776500000000004e-05
421.582	0.0	0.0	3.765825e-05
421.742	0.0	0.0	0.000147223125
421.742	0.0	0.0	0.0001481235
421.792	0.0	0.0	0.00017001862500000002
421.912	0.0	0.0	0.000219410625
422.082	0.0	0.0	0.00028961625
422.082	0.0	0.0	0.00028956375000000004
422.142	0.0	0.0	0.00028898625000000006
422.252	0.0	0.0	0.00028772625
422.422	0.0	0.0	0.00028594125000000004
422.422	0.0	0.0	0.00028554750000000004
422.472	0.0	0.0	0.00026509875
422.592	0.0	0.0	0.000217909125
422.752	0.0	0.0	0.0001502235
422.752	0.0	0.0	0.00014903700000000003
422.802	0.0	0.0	0.00011725350000000002
422.922	0.0	0.0	4.539412500000001e-05
423.092	0.0	0.0	-5.6786625000000005e-05
423.092	0.0	0.0	-5.8849875000000005e-05
423.152	0.0	0.0	-8.6328375e-05
423.262	0.0	0.0	-0.00014723100000000003
423.432	0.0	0.0	-0.000233307375
423.432	0.0	0.0	-0.000233443875
423.482	0.0	0.0	-0.000242781
423.602	0.0	0.0	-0.00026436375000000003
423.762	0.0	0.0	-0.000295365
423.762	0.0	0.0	-0.000294945
423.812	0.0	0.0	-0.00028276500000000003
423.932	0.0	0.0	-0.00025517887500000003
424.102	0.0	0.0	-0.000215922
424.102	0.0	0.0	-0.00021383250000000002
424.162	0.0	0.0	-0.00018454275
424.272	0.0	0.0	-0.00011949000000000001
424.442	0.0	0.0	-2.7491625000000005e-05
424.442	0.0	0.0	-2.7171375000000004e-05
424.492	0.0	0.0	3.2193000000000002e-06
424.612	0.0	0.0	7.366800000000001e-05
424.772	0.0	0.0	0.00017481187500000003
424.772	0.0	0.0	0.00017539200000000002
424.822	0.0	0.0	0.00019502437500000001
424.942	0.0	0.0	0.000239617875
425.112	0.0	0.0	0.00030308250000000004
425.112	0.0	0.0	0.00030289875
425.172	0.0	0.0	0.00029988000000000004
425.282	0.0	0.0	0.0002932125
425.452	0.0	0.0	0.0002837625000000001
425.452	0.0	0.0	0.00028360500000000003
425.502	0.0	0.0	0.0002600036250000001
425.612	0.0	0.0	0.00020513325
425.782	0.0	0.0	0.00012631500000000003
425.782	0.0	0.0	0.000125404125
425.832	0.0	0.0	8.9859e-05
425.952	0.0	0.0	8.946525000000002e-06
426.122	0.0	0.0	-0.00010628362500000001
426.122	0.0	0.0	-0.000108171
426.182	0.0	0.0	-0.000137731125
426.292	0.0	0.0	-0.00020368425000000001
426.462	0.0	0.0	-0.000297045
426.462	0.0	0.0	-0.00029707125
426.512	0.0	0.0	-0.00030473625000000004
426.622	0.0	0.0	-0.00032258625
426.792	0.0	0.0	-0.00034825875000000004
426.792	0.0	0.0	-0.00034786500000000004
426.842	0.0	0.0	-0.00032962125
426.962	0.0	0.0	-0.00028798875
427.132	0.0	0.0	-0.00022869525000000004
427.132	0.0	0.0	-0.00022644037500000003
427.192	0.0	0.0	-0.000188839875
427.302	0.0	0.0	-0.00010476375000000001
427.472	0.0	0.0	1.4324625000000002e-05
427.472	0.0	0.0	1.4262150000000002e-05
427.522	0.0	0.0	5.067037500000001e-05
427.632	0.0	0.0	0.00013567575000000002
427.802	0.0	0.0	0.00025791675000000005
427.802	0.0	0.0	0.000258281625
427.852	0.0	0.0	0.0002787225
427.972	0.0	0.0	0.00032544750000000004
428.142	0.0	0.0	0.00039204375000000005
428.142	0.0	0.0	0.00039154500000000003
428.202	0.0	0.0	0.00038251500000000005
428.312	0.0	0.0	0.00036227625000000006
428.482	0.0	0.0	0.000333585
428.482	0.0	0.0	0.00033363749999999997
428.532	0.0	0.0	0.000300405
428.642	0.0	0.0	0.00022235325000000003
428.812	0.0	0.0	0.00011003475
428.812	0.0	0.0	0.00010940475000000001
428.862	0.0	0.0	6.4204875e-05
428.982	0.0	0.0	-3.9390750000000006e-05
429.152	0.0	0.0	-0.00018715725000000003
429.152	0.0	0.0	-0.000188918625
429.212	0.0	0.0	-0.00022252125000000005
429.322	0.0	0.0	-0.00029799000000000004
429.492	0.0	0.0	-0.00040501125
429.492	0.0	0.0	-0.00040469625000000005
429.542	0.0	0.0	-0.0004088175000000001
429.652	0.0	0.0	-0.0004178475
429.822	0.0	0.0	-0.0004308150000000001
429.822	0.0	0.0	-0.00043052625000000006
429.872	0.0	0.0	-0.00040188750000000003
429.992	0.0	0.0	-0.00033610500000000006
430.162	0.0	0.0	-0.00024222712500000004
430.162	0.0	0.0	-0.00023982262500000002
430.212	0.0	0.0	-0.00019032037500000003
430.332	0.0	0.0	-7.888650000000001e-05
430.502	0.0	0.0	7.9209375e-05
430.502	0.0	0.0	7.8547875e-05
430.552	0.0	0.0	0.000121744875
430.662	0.0	0.0	0.00022319587500000003
430.832	0.0	0.0	0.00036931125
430.832	0.0	0.0	0.00036944250000000005
430.882	0.0	0.0	0.0003885525
431.002	0.0	0.0	0.00043257375000000005
431.172	0.0	0.0	0.00049541625
431.172	0.0	0.0	0.00049457625
431.222	0.0	0.0	0.0004761225
431.342	0.0	0.0	0.00043449000000000005
431.512	0.0	0.0	0.00037540125000000006
431.512	0.0	0.0	0.00037571625000000004
431.562	0.0	0.0	0.0003310125
431.672	0.0	0.0	0.00022437975000000004
431.842	0.0	0.0	7.0730625e-05
431.842	0.0	0.0	7.061775000000002e-05
431.892	0.0	0.0	1.61497875e-05
432.012	0.0	0.0	-0.000109533375
432.182	0.0	0.0	-0.00028909125000000003
432.182	0.0	0.0	-0.00029050875
432.232	0.0	0.0	-0.00032529
432.352	0.0	0.0	-0.000403935
432.522	0.0	0.0	-0.0005156550000000001
432.522	0.0	0.0	-0.0005149200000000001
432.572	0.0	0.0	-0.00051253125
432.682	0.0	0.0	-0.0005049450000000001
432.852	0.0	0.0	-0.00049405125
432.852	0.0	0.0	-0.00049405125
432.902	0.0	0.0	-0.0004535475
433.022	0.0	0.0	-0.00035973000000000005
433.192	0.0	0.0	-0.000225637125
433.192	0.0	0.0	-0.00022337437500000003
433.242	0.0	0.0	-0.000163671375
433.362	0.0	0.0	-2.8436625000000003e-05
433.532	0.0	0.0	0.00016369500000000002
433.532	0.0	0.0	0.00016189425000000002
433.582	0.0	0.0	0.0002079315
433.692	0.0	0.0	0.00031654875000000003
433.862	0.0	0.0	0.00047341875000000007
433.862	0.0	0.0	0.00047357625000000005
433.912	0.0	0.0	0.00048722625000000003
434.032	0.0	0.0	0.0005185425
434.202	0.0	0.0	0.00056303625
434.202	0.0	0.0	0.0005627475
434.252	0.0	0.0	0.0005367075
434.362	0.0	0.0	0.00047294625
434.532	0.0	0.0	0.00038099250000000004
434.532	0.0	0.0	0.00038125500000000005
434.582	0.0	0.0	0.00032479125000000003
434.702	0.0	0.0	0.00019301625000000001
434.872	0.0	0.0	4.483237500000001e-06
434.872	0.0	0.0	2.6977125000000005e-06
434.922	0.0	0.0	-5.565525000000001e-05
435.042	0.0	0.0	-0.00018839625000000002
435.212	0.0	0.0	-0.00037718625
435.212	0.0	0.0	-0.0003753225
435.262	0.0	0.0	-0.00040474875000000006
435.372	0.0	0.0	-0.00047252625
435.542	0.0	0.0	-0.0005704125
435.542	0.0	0.0	-0.000570045
435.592	0.0	0.0	-0.0005583375000000001
435.712	0.0	0.0	-0.00052985625
435.882	0.0	0.0	-0.0004890900000000001
435.882	0.0	0.0	-0.00048777750000000006
435.932	0.0	0.0	-0.00043837500000000007
436.052	0.0	0.0	-0.0003257625
436.222	0.0	0.0	-0.000165519375
436.222	0.0	0.0	-0.000167288625
436.272	0.0	0.0	-0.00011008200000000002
436.382	0.0	0.0	2.727375e-05
436.552	0.0	0.0	0.00022569225000000002
436.552	0.0	0.0	0.00022468687500000004
436.602	0.0	0.0	0.00026785500000000006
436.722	0.0	0.0	0.00036784125
436.892	0.0	0.0	0.00051100875
436.892	0.0	0.0	0.00051111375
436.942	0.0	0.0	0.0005153662500000002
437.062	0.0	0.0	0.00052502625
437.232	0.0	0.0	0.0005388337500000001
437.232	0.0	0.0	0.00053865
437.282	0.0	0.0	0.00050670375
437.392	0.0	0.0	0.0004265625000000001
437.562	0.0	0.0	0.00031072125
437.562	0.0	0.0	0.00031145625
437.612	0.0	0.0	0.00025536
437.732	0.0	0.0	0.00012324900000000003
437.902	0.0	0.0	-6.6047625e-05
437.902	0.0	0.0	-6.700050000000001e-05
437.952	0.0	0.0	-0.00011741362500000002
438.072	0.0	0.0	-0.00023287687500000003
438.242	0.0	0.0	-0.00039734625
438.242	0.0	0.0	-0.00039514125000000003
438.292	0.0	0.0	-0.00041469750000000007
438.402	0.0	0.0	-0.00045822000000000007
438.572	0.0	0.0	-0.0005211675000000001
438.572	0.0	0.0	-0.000520695
438.622	0.0	0.0	-0.000502425
438.742	0.0	0.0	-0.00045738
438.912	0.0	0.0	-0.0003928050000000001
438.912	0.0	0.0	-0.00039209625000000007
438.962	0.0	0.0	-0.00034458375
439.082	0.0	0.0	-0.00023551762500000005
439.252	0.0	0.0	-8.007300000000002e-05
439.252	0.0	0.0	-8.2348875e-05
439.302	0.0	0.0	-3.4818000000000004e-05
439.412	0.0	0.0	7.96425e-05
439.582	0.0	0.0	0.0002452485
439.582	0.0	0.0	0.00024380737500000004
439.632	0.0	0.0	0.00027378750000000006
439.752	0.0	0.0	0.00034274625000000003
439.922	0.0	0.0	0.00044165625
439.922	0.0	0.0	0.00044160375000000003
439.972	0.0	0.0	0.00043708875000000007
440.092	0.0	0.0	0.00042666750000000005
440.262	0.0	0.0	0.00041183625000000004
440.262	0.0	0.0	0.0004120725000000001
440.312	0.0	0.0	0.00038175375
440.422	0.0	0.0	0.00030515625000000003
440.592	0.0	0.0	0.000194257875
440.592	0.0	0.0	0.00019535512500000002
440.642	0.0	0.0	0.00015137325
440.762	0.0	0.0	4.702687500000001e-05
440.932	0.0	0.0	-0.00010271100000000003
440.932	0.0	0.0	-0.00010294987500000002
440.982	0.0	0.0	-0.00013665487500000002
441.102	0.0	0.0	-0.00021437062500000002
441.272	0.0	0.0	-0.00032526375000000005
441.272	0.0	0.0	-0.00032337375
441.322	0.0	0.0	-0.00033182625
441.432	0.0	0.0	-0.00034867875000000004
441.602	0.0	0.0	-0.000373065
441.602	0.0	0.0	-0.00037280250000000005
441.652	0.0	0.0	-0.000354375
441.772	0.0	0.0	-0.000308595
441.942	0.0	0.0	-0.00024287287500000002
441.942	0.0	0.0	-0.00024276525000000004
441.992	0.0	0.0	-0.00020770312500000004
442.112	0.0	0.0	-0.000126672
442.282	0.0	0.0	-1.1001900000000002e-05
442.282	0.0	0.0	-1.3106625000000003e-05
442.332	0.0	0.0	1.7113950000000002e-05
442.442	0.0	0.0	8.9730375e-05
442.612	0.0	0.0	0.0001949535
442.612	0.0	0.0	0.00019365937500000002
442.662	0.0	0.0	0.00020860612500000003
442.782	0.0	0.0	0.000242263875
442.952	0.0	0.0	0.00029061375
442.952	0.0	0.0	0.00029058750000000004
443.002	0.0	0.0	0.00028258125
443.122	0.0	0.0	0.00026397
443.292	0.0	0.0	0.00023738137500000004
443.292	0.0	0.0	0.00023789587500000004
443.332	0.0	0.0	0.00021671212500000005
443.452	0.0	0.0	0.00016295475000000002
443.622	0.0	0.0	8.501325000000001e-05
443.622	0.0	0.0	8.606587500000001e-05
443.672	0.0	0.0	6.044325000000001e-05
443.792	0.0	0.0	-5.252625e-07
443.962	0.0	0.0	-8.815275000000002e-05
443.962	0.0	0.0	-8.8024125e-05
444.012	0.0	0.0	-0.00010412587500000001
444.132	0.0	0.0	-0.00014139037500000002
444.302	0.0	0.0	-0.00019464375000000003
444.302	0.0	0.0	-0.00019354912500000002
444.342	0.0	0.0	-0.0001947435
444.462	0.0	0.0	-0.000195006
444.632	0.0	0.0	-0.00019538662500000003
444.632	0.0	0.0	-0.00019538137500000002
444.682	0.0	0.0	-0.00018296775
444.802	0.0	0.0	-0.00015195075000000002
444.972	0.0	0.0	-0.00010734412500000001
444.972	0.0	0.0	-0.00010746225000000001
445.022	0.0	0.0	-8.8895625e-05
445.142	0.0	0.0	-4.55805e-05
445.312	0.0	0.0	1.63498125e-05
445.312	0.0	0.0	1.5003712500000001e-05
445.352	0.0	0.0	2.9058750000000004e-05
445.472	0.0	0.0	6.25905e-05
445.642	0.0	0.0	0.00011125275000000001
445.642	0.0	0.0	0.00011047837500000001
445.692	0.0	0.0	0.00011593050000000002
445.812	0.0	0.0	0.0001276905
445.982	0.0	0.0	0.00014461125
445.982	0.0	0.0	0.00014454825000000002
446.032	0.0	0.0	0.00013910925
446.152	0.0	0.0	0.000126107625
446.322	0.0	0.0	0.00010750687500000001
446.322	0.0	0.0	0.00010793212500000001
446.362	0.0	0.0	9.6812625e-05
446.482	0.0	0.0	6.839437500000002e-05
446.652	0.0	0.0	2.7132e-05
446.652	0.0	0.0	2.7835500000000005e-05
446.702	0.0	0.0	1.4597100000000001e-05
446.822	0.0	0.0	-1.7132325000000004e-05
446.992	0.0	0.0	-6.280575e-05
446.992	0.0	0.0	-6.2577375e-05
447.042	0.0	0.0	-7.14315e-05
447.162	0.0	0.0	-9.194325000000001e-05
447.332	0.0	0.0	-0.00012130125000000001
447.332	0.0	0.0	-0.00012059250000000001
447.372	0.0	0.0	-0.000121529625
447.492	0.0	0.0	-0.00012214912500000001
447.662	0.0	0.0	-0.00012304425000000003
447.662	0.0	0.0	-0.00012302850000000002
447.712	0.0	0.0	-0.00011492250000000002
447.832	0.0	0.0	-9.422175000000002e-05
448.002	0.0	0.0	-6.440962500000001e-05
448.002	0.0	0.0	-6.45855e-05
448.052	0.0	0.0	-5.025825000000001e-05
448.172	0.0	0.0	-1.64453625e-05
448.342	0.0	0.0	3.1964625000000004e-05
448.342	0.0	0.0	3.0670500000000004e-05
448.382	0.0	0.0	4.3346625000000004e-05
448.502	0.0	0.0	7.433212500000001e-05
448.672	0.0	0.0	0.00011942175000000002
448.672	0.0	0.0	0.000118778625
448.722	0.0	0.0	0.000124753125
448.842	0.0	0.0	0.00013800937500000002
449.012	0.0	0.0	0.000157003875
449.012	0.0	0.0	0.000156547125
449.052	0.0	0.0	0.00015195075000000002
449.172	0.0	0.0	0.00013839525
449.342	0.0	0.0	0.00011869200000000001
449.342	0.0	0.0	0.00011909625000000002
449.392	0.0	0.0	0.000104320125
449.512	0.0	0.0	6.721575000000001e-05
449.682	0.0	0.0	1.3731112500000002e-05
449.682	0.0	0.0	1.4165812500000002e-05
449.732	0.0	0.0	-4.1055e-06
449.852	0.0	0.0	-4.7247375e-05
450.022	0.0	0.0	-0.000109076625
450.022	0.0	0.0	-0.00010739662500000002
450.062	0.0	0.0	-0.00011902537500000001
450.182	0.0	0.0	-0.000146178375
450.352	0.0	0.0	-0.00018567675
450.352	0.0	0.0	-0.0001848315
450.402	0.0	0.0	-0.000184314375
450.522	0.0	0.0	-0.00018077850000000002
450.692	0.0	0.0	-0.00017568075
450.692	0.0	0.0	-0.000175728
450.742	0.0	0.0	-0.00016092300000000002
450.862	0.0	0.0	-0.00012499987500000001
451.032	0.0	0.0	-7.348687500000001e-05
451.032	0.0	0.0	-7.4946375e-05
451.072	0.0	0.0	-5.490712500000001e-05
451.192	0.0	0.0	-3.823575e-06
451.362	0.0	0.0	7.052850000000001e-05
451.362	0.0	0.0	6.8851125e-05
451.412	0.0	0.0	8.7115875e-05
451.532	0.0	0.0	0.00013045200000000003
451.702	0.0	0.0	0.00019298212500000003
451.702	0.0	0.0	0.00019232587500000005
451.752	0.0	0.0	0.00019748137500000002
451.872	0.0	0.0	0.00020851162500000003
452.042	0.0	0.0	0.000224335125
452.032	0.0	0.0	0.00022386787500000004
452.082	0.0	0.0	0.00021434175000000004
452.202	0.0	0.0	0.00018665849999999998
452.372	0.0	0.0	0.00014634637500000002
452.372	0.0	0.0	0.00014730450000000002
452.422	0.0	0.0	0.000124989375
452.542	0.0	0.0	6.880387500000001e-05
452.712	0.0	0.0	-1.2307837500000002e-05
452.712	0.0	0.0	-1.13644125e-05
452.762	0.0	0.0	-3.53115e-05
452.882	0.0	0.0	-9.204825000000001e-05
453.052	0.0	0.0	-0.00017349150000000002
453.042	0.0	0.0	-0.000170995125
453.092	0.0	0.0	-0.00018373687500000002
453.212	0.0	0.0	-0.000212331
453.382	0.0	0.0	-0.00025399237500000005
453.382	0.0	0.0	-0.00025295287500000005
453.432	0.0	0.0	-0.0002485035
453.552	0.0	0.0	-0.000233963625
453.722	0.0	0.0	-0.00021296625
453.722	0.0	0.0	-0.00021323400000000003
453.772	0.0	0.0	-0.00019151475000000004
453.892	0.0	0.0	-0.00013825612500000003
454.062	0.0	0.0	-6.176887500000001e-05
454.052	0.0	0.0	-6.420225000000001e-05
454.102	0.0	0.0	-3.85455e-05
454.222	0.0	0.0	2.6756625000000006e-05
454.392	0.0	0.0	0.00012194700000000002
454.392	0.0	0.0	0.00011946375
454.442	0.0	0.0	0.00013983637500000003
454.562	0.0	0.0	0.00018756675000000002
454.732	0.0	0.0	0.00025653337500000005
454.732	0.0	0.0	0.000255572625
454.782	0.0	0.0	0.00025786425
454.902	0.0	0.0	0.00026118487500000005
455.072	0.0	0.0	0.00026596500000000006
455.062	0.0	0.0	0.0002658075
455.112	0.0	0.0	0.000250971
455.232	0.0	0.0	0.00020850375000000006
455.402	0.0	0.0	0.00014656950000000002
455.402	0.0	0.0	0.00014825737500000002
455.442	0.0	0.0	0.00012035887500000002
455.572	0.0	0.0	4.994325000000001e-05
455.742	0.0	0.0	-5.1862125e-05
455.742	0.0	0.0	-5.0323875000000006e-05
455.792	0.0	0.0	-7.665525e-05
455.912	0.0	0.0	-0.00013903575
456.082	0.0	0.0	-0.00022871625000000001
456.072	0.0	0.0	-0.00022565812500000002
456.122	0.0	0.0	-0.00023688000000000002
456.242	0.0	0.0	-0.000260192625
456.412	0.0	0.0	-0.00029421000000000004
456.412	0.0	0.0	-0.00029323875
456.452	0.0	0.0	-0.0002840775
456.582	0.0	0.0	-0.00025671712500000004
456.752	0.0	0.0	-0.00021712687500000002
456.752	0.0	0.0	-0.00021777000000000002
456.802	0.0	0.0	-0.000191160375
456.922	0.0	0.0	-0.00012539625
457.092	0.0	0.0	-3.0807000000000005e-05
457.082	0.0	0.0	-3.414075000000001e-05
457.132	0.0	0.0	-6.397387500000001e-06
457.252	0.0	0.0	6.382162500000001e-05
457.422	0.0	0.0	0.000166333125
457.412	0.0	0.0	0.000163303875
457.462	0.0	0.0	0.00018200174999999998
457.592	0.0	0.0	0.000224697375
457.762	0.0	0.0	0.0002864925
457.762	0.0	0.0	0.00028541625
457.812	0.0	0.0	0.00028329
457.932	0.0	0.0	0.00027517875000000004
458.102	0.0	0.0	0.00026347125
458.092	0.0	0.0	0.00026389125
458.142	0.0	0.0	0.00024536400000000003
458.262	0.0	0.0	0.000192856125
458.432	0.0	0.0	0.00011616150000000001
458.422	0.0	0.0	0.00011851875000000002
458.472	0.0	0.0	8.97225e-05
458.592	0.0	0.0	1.71656625e-05
458.772	0.0	0.0	-8.789025e-05
458.772	0.0	0.0	-8.593987499999999e-05
458.822	0.0	0.0	-0.00010921050000000001
458.942	0.0	0.0	-0.00016394437499999998
459.112	0.0	0.0	-0.00024274687500000004
459.102	0.0	0.0	-0.0002397885
459.152	0.0	0.0	-0.0002465505
459.272	0.0	0.0	-0.00025766475000000004
459.442	0.0	0.0	-0.00027389250000000003
459.432	0.0	0.0	-0.00027339375
459.482	0.0	0.0	-0.00026090400000000006
459.602	0.0	0.0	-0.00022497037500000003
459.782	0.0	0.0	-0.00017291925
459.782	0.0	0.0	-0.000173945625
459.832	0.0	0.0	-0.0001483335
459.952	0.0	0.0	-8.47875e-05
460.122	0.0	0.0	6.752025000000002e-06
460.112	0.0	0.0	3.2122125e-06
460.162	0.0	0.0	2.6286750000000004e-05
460.282	0.0	0.0	8.380575000000001e-05
460.452	0.0	0.0	0.00016790025000000002
460.442	0.0	0.0	0.000165123
460.492	0.0	0.0	0.00017731875
460.612	0.0	0.0	0.00020354512500000003
460.792	0.0	0.0	0.0002415525
460.792	0.0	0.0	0.00024075975000000004
460.842	0.0	0.0	0.00023495850000000002
460.962	0.0	0.0	0.000217798875
461.132	0.0	0.0	0.00019306875000000003
461.122	0.0	0.0	0.000194053125
461.172	0.0	0.0	0.000177184875
461.292	0.0	0.0	0.00013005299999999998
461.462	0.0	0.0	6.110475000000001e-05
461.452	0.0	0.0	6.345937500000001e-05
461.502	0.0	0.0	4.2028875000000005e-05
461.622	0.0	0.0	-1.14678375e-05
461.802	0.0	0.0	-8.904e-05
461.802	0.0	0.0	-8.7336375e-05
461.852	0.0	0.0	-0.0001013565
461.972	0.0	0.0	-0.000133630875
462.142	0.0	0.0	-0.00018016687500000002
462.132	0.0	0.0	-0.00017826375000000002
462.182	0.0	0.0	-0.00017969175
462.302	0.0	0.0	-0.00017826900000000002
462.472	0.0	0.0	-0.00017618475
462.462	0.0	0.0	-0.00017625825000000002
462.512	0.0	0.0	-0.00016546950000000002
462.632	0.0	0.0	-0.000135200625
462.812	0.0	0.0	-9.128962500000001e-05
462.812	0.0	0.0	-9.229500000000001e-05
462.862	0.0	0.0	-7.572337500000001e-05
462.982	0.0	0.0	-3.4715625000000005e-05
463.152	0.0	0.0	2.44337625e-05
463.142	0.0	0.0	2.1857062500000002e-05
463.192	0.0	0.0	3.442425e-05
463.312	0.0	0.0	6.487687500000001e-05
463.482	0.0	0.0	0.000109515
463.472	0.0	0.0	0.00010811849999999999
463.522	0.0	0.0	0.00011259412500000002
463.652	0.0	0.0	0.00012105975
463.822	0.0	0.0	0.00013328175000000003
463.812	0.0	0.0	0.000132783
463.862	0.0	0.0	0.00012851475
463.982	0.0	0.0	0.000114221625
464.152	0.0	0.0	9.329250000000001e-05
464.142	0.0	0.0	9.4077375e-05
464.192	0.0	0.0	8.375325e-05
464.312	0.0	0.0	5.642700000000001e-05
464.492	0.0	0.0	1.67467125e-05
464.492	0.0	0.0	1.7738700000000003e-05
464.542	0.0	0.0	7.1242500000000004e-06
464.662	0.0	0.0	-1.8561112500000002e-05
464.832	0.0	0.0	-5.5647375000000004e-05
464.822	0.0	0.0	-5.401987500000001e-05
464.872	0.0	0.0	-5.986575e-05
464.992	0.0	0.0	-7.275712500000001e-05
465.162	0.0	0.0	-9.164925000000001e-05
465.152	0.0	0.0	-9.092475000000001e-05
465.202	0.0	0.0	-9.055725e-05
465.322	0.0	0.0	-8.740725000000002e-05
465.502	0.0	0.0	-8.283450000000001e-05
465.502	0.0	0.0	-8.295525000000001e-05
465.542	0.0	0.0	-7.672875000000001e-05
465.672	0.0	0.0	-6.0319875e-05
465.842	0.0	0.0	-3.6613500000000004e-05
465.832	0.0	0.0	-3.7681875e-05
465.882	0.0	0.0	-2.9770125e-05
466.002	0.0	0.0	-8.694262500000002e-06
466.172	0.0	0.0	2.22082875e-05
466.162	0.0	0.0	2.09881875e-05
466.212	0.0	0.0	2.8168875000000002e-05
466.332	0.0	0.0	4.546762500000001e-05
466.512	0.0	0.0	7.0609875e-05
466.512	0.0	0.0	6.992475000000002e-05
466.552	0.0	0.0	7.249725000000001e-05
466.682	0.0	0.0	7.761075000000001e-05
466.852	0.0	0.0	8.500275000000001e-05
466.842	0.0	0.0	8.46615e-05
466.892	0.0	0.0	8.2007625e-05
467.012	0.0	0.0	7.270200000000001e-05
467.182	0.0	0.0	5.905200000000001e-05
467.172	0.0	0.0	5.9605875e-05
467.222	0.0	0.0	5.205637500000001e-05
467.342	0.0	0.0	3.1591875e-05
467.522	0.0	0.0	1.8373687500000001e-06
467.512	0.0	0.0	2.6822250000000004e-06
467.562	0.0	0.0	-6.167700000000001e-06
467.692	0.0	0.0	-2.7993000000000005e-05
467.862	0.0	0.0	-5.9553375e-05
467.852	0.0	0.0	-5.806237500000001e-05
467.902	0.0	0.0	-6.346725e-05
468.022	0.0	0.0	-7.572075e-05
468.192	0.0	0.0	-9.370725e-05
468.182	0.0	0.0	-9.295650000000002e-05
468.232	0.0	0.0	-9.244462500000001e-05
468.352	0.0	0.0	-8.872762500000002e-05
468.532	0.0	0.0	-8.3320125e-05
468.522	0.0	0.0	-8.348025000000001e-05
468.572	0.0	0.0	-7.639537500000001e-05
468.702	0.0	0.0	-5.7385124999999995e-05
468.872	0.0	0.0	-2.987775e-05
468.862	0.0	0.0	-3.1208625e-05
468.912	0.0	0.0	-2.2068900000000005e-05
469.032	0.0	0.0	2.5891162500000006e-06
469.202	0.0	0.0	3.8794875e-05
469.192	0.0	0.0	3.7243500000000003e-05
469.242	0.0	0.0	4.5176250000000006e-05
469.362	0.0	0.0	6.412612500000002e-05
469.542	0.0	0.0	9.1707e-05
469.532	0.0	0.0	9.086175e-05
469.582	0.0	0.0	9.2675625e-05
469.702	0.0	0.0	9.535312500000001e-05
469.882	0.0	0.0	9.923025e-05
469.872	0.0	0.0	9.9038625e-05
469.922	0.0	0.0	9.4675875e-05
470.042	0.0	0.0	8.01675e-05
470.212	0.0	0.0	5.885775000000001e-05
470.202	0.0	0.0	5.979487500000001e-05
470.252	0.0	0.0	5.0476125000000005e-05
470.372	0.0	0.0	2.5392937500000005e-05
470.552	0.0	0.0	-1.1131837500000002e-05
470.542	0.0	0.0	-9.9721125e-06
470.592	0.0	0.0	-1.9227862500000003e-05
470.712	0.0	0.0	-4.1782125e-05
470.892	0.0	0.0	-7.444500000000001e-05
470.882	0.0	0.0	-7.279125e-05
470.932	0.0	0.0	-7.723537500000002e-05
471.052	0.0	0.0	-8.61945e-05
471.222	0.0	0.0	-9.936150000000001e-05
471.212	0.0	0.0	-9.876562500000002e-05
471.262	0.0	0.0	-9.659475e-05
471.382	0.0	0.0	-8.825775000000002e-05
471.562	0.0	0.0	-7.6111875e-05
471.552	0.0	0.0	-7.6510875e-05
471.602	0.0	0.0	-6.855450000000002e-05
471.722	0.0	0.0	-4.7355e-05
471.902	0.0	0.0	-1.6633837500000003e-05
471.892	0.0	0.0	-1.82230125e-05
471.942	0.0	0.0	-9.60435e-06
472.062	0.0	0.0	1.3156762500000002e-05
472.232	0.0	0.0	4.6627875000000006e-05
472.222	0.0	0.0	4.507912500000001e-05
472.272	0.0	0.0	5.1318750000000004e-05
472.392	0.0	0.0	6.5575125e-05
472.572	0.0	0.0	8.635725e-05
472.562	0.0	0.0	8.5651125e-05
472.612	0.0	0.0	8.588475e-05
472.732	0.0	0.0	8.45565e-05
472.912	0.0	0.0	8.262975000000001e-05
472.902	0.0	0.0	8.272950000000001e-05
472.952	0.0	0.0	7.800712500000002e-05
473.072	0.0	0.0	6.291075e-05
473.242	0.0	0.0	4.0703250000000004e-05
473.232	0.0	0.0	4.175325000000001e-05
473.282	0.0	0.0	3.350812500000001e-05
473.402	0.0	0.0	1.1475975e-05
473.582	0.0	0.0	-2.0655337499999998e-05
473.572	0.0	0.0	-1.9527637500000002e-05
473.622	0.0	0.0	-2.70165e-05
473.742	0.0	0.0	-4.513162500000001e-05
473.922	0.0	0.0	-7.140525e-05
473.912	0.0	0.0	-6.998775e-05
473.962	0.0	0.0	-7.3192875e-05
474.072	0.0	0.0	-7.907550000000002e-05
474.252	0.0	0.0	-8.7735375e-05
474.242	0.0	0.0	-8.7315375e-05
474.292	0.0	0.0	-8.4756e-05
474.412	0.0	0.0	-7.5555375e-05
474.592	0.0	0.0	-6.213112500000001e-05
474.582	0.0	0.0	-6.261675000000001e-05
474.632	0.0	0.0	-5.4917625000000006e-05
474.752	0.0	0.0	-3.42195e-05
474.932	0.0	0.0	-4.1866125e-06
474.922	0.0	0.0	-5.8393125e-06
474.972	0.0	0.0	2.5575374999999997e-06
475.082	0.0	0.0	2.4963750000000006e-05
475.262	0.0	0.0	5.796000000000001e-05
475.252	0.0	0.0	5.6324625e-05
475.302	0.0	0.0	6.250650000000001e-05
475.422	0.0	0.0	7.665262500000001e-05
475.602	0.0	0.0	9.730350000000001e-05
475.592	0.0	0.0	9.653175000000001e-05
475.642	0.0	0.0	9.6382125e-05
475.762	0.0	0.0	9.371775e-05
475.942	0.0	0.0	8.985375000000001e-05
475.932	0.0	0.0	9.006900000000002e-05
475.982	0.0	0.0	8.4191625e-05
476.092	0.0	0.0	6.5223375e-05
476.272	0.0	0.0	3.7275000000000005e-05
476.262	0.0	0.0	3.868987500000001e-05
476.312	0.0	0.0	2.8305375000000003e-05
476.432	0.0	0.0	1.74617625e-07
476.612	0.0	0.0	-4.0908e-05
476.602	0.0	0.0	-3.9330375000000004e-05
476.652	0.0	0.0	-4.8817125000000006e-05
476.772	0.0	0.0	-7.185150000000001e-05
476.952	0.0	0.0	-0.000105307125
476.942	0.0	0.0	-0.000103390875
476.992	0.0	0.0	-0.00010703962500000001
477.102	0.0	0.0	-0.00011289600000000001
477.282	0.0	0.0	-0.00012153225000000002
477.272	0.0	0.0	-0.00012108600000000001
477.322	0.0	0.0	-0.00011648437500000002
477.442	0.0	0.0	-0.000100527
477.622	0.0	0.0	-7.721175000000002e-05
477.612	0.0	0.0	-7.8127875e-05
477.662	0.0	0.0	-6.638100000000001e-05
477.782	0.0	0.0	-3.4657875000000004e-05
477.962	0.0	0.0	1.1437125000000003e-05
477.952	0.0	0.0	8.681400000000001e-06
477.992	0.0	0.0	2.0711250000000003e-05
478.112	0.0	0.0	5.272575e-05
478.292	0.0	0.0	9.999150000000002e-05
478.282	0.0	0.0	9.773137500000001e-05
478.332	0.0	0.0	0.00010555125000000001
478.452	0.0	0.0	0.00012260850000000002
478.632	0.0	0.0	0.00014741475
478.622	0.0	0.0	0.000145999875
478.672	0.0	0.0	0.00014494725
478.782	0.0	0.0	0.000136591875
478.962	0.0	0.0	0.00012426487500000002
478.952	0.0	0.0	0.000124931625
479.002	0.0	0.0	0.00011425312500000002
479.122	0.0	0.0	8.209950000000001e-05
479.302	0.0	0.0	3.5077875e-05
479.292	0.0	0.0	3.7020375e-05
479.342	0.0	0.0	2.12884875e-05
479.462	0.0	0.0	-1.9684875e-05
479.642	0.0	0.0	-7.9275e-05
479.632	0.0	0.0	-7.56945e-05
479.672	0.0	0.0	-8.770912500000001e-05
479.792	0.0	0.0	-0.00011690437500000002
479.972	0.0	0.0	-0.00015999375000000002
479.962	0.0	0.0	-0.00015763387500000004
480.012	0.0	0.0	-0.00016080487500000001
480.132	0.0	0.0	-0.0001634325
480.312	0.0	0.0	-0.00016727812500000002
480.302	0.0	0.0	-0.00016711275000000003
480.352	0.0	0.0	-0.00015789375000000003
480.472	0.0	0.0	-0.000129798375
480.652	0.0	0.0	-8.891400000000001e-05
480.642	0.0	0.0	-9.141562500000001e-05
480.682	0.0	0.0	-7.594650000000002e-05
480.802	0.0	0.0	-3.0652125000000006e-05
480.982	0.0	0.0	3.62355e-05
480.972	0.0	0.0	3.2502750000000007e-05
481.022	0.0	0.0	4.9263375000000005e-05
481.142	0.0	0.0	9.16965e-05
481.322	0.0	0.0	0.000153806625
481.312	0.0	0.0	0.0001511055
481.362	0.0	0.0	0.000159193125
481.482	0.0	0.0	0.00017544712500000003
481.662	0.0	0.0	0.0001991115
481.652	0.0	0.0	0.00019763625
481.692	0.0	0.0	0.00019386412500000004
481.812	0.0	0.0	0.000175371
481.992	0.0	0.0	0.000148047375
481.982	0.0	0.0	0.00014960137499999999
482.032	0.0	0.0	0.00013386450000000004
482.152	0.0	0.0	8.728387500000001e-05
482.332	0.0	0.0	1.9069575000000003e-05
482.322	0.0	0.0	2.211195e-05
482.372	0.0	0.0	2.0835150000000002e-06
482.492	0.0	0.0	-4.956787500000001e-05
482.672	0.0	0.0	-0.00012479775
482.662	0.0	0.0	-0.00012003075000000001
482.702	0.0	0.0	-0.000133431375
482.822	0.0	0.0	-0.0001641465
483.002	0.0	0.0	-0.00020954325000000005
482.992	0.0	0.0	-0.000206910375
483.042	0.0	0.0	-0.00020794200000000002
483.162	0.0	0.0	-0.00020263687500000002
483.342	0.0	0.0	-0.00019486162500000003
483.332	0.0	0.0	-0.000195216
483.382	0.0	0.0	-0.000181573875
483.502	0.0	0.0	-0.00014085487500000002
483.682	0.0	0.0	-8.151675e-05
483.672	0.0	0.0	-8.534137500000001e-05
483.712	0.0	0.0	-6.609225000000001e-05
483.832	0.0	0.0	-1.0713937500000002e-05
484.012	0.0	0.0	7.117950000000001e-05
484.002	0.0	0.0	6.6341625e-05
484.052	0.0	0.0	8.469562500000001e-05
484.172	0.0	0.0	0.000129840375
484.352	0.0	0.0	0.00019600875
484.342	0.0	0.0	0.00019291387500000004
484.392	0.0	0.0	0.00019940025
484.512	0.0	0.0	0.00020986875000000006
484.692	0.0	0.0	0.00022513312500000004
484.682	0.0	0.0	0.00022413300000000003
484.722	0.0	0.0	0.00021719775000000004
484.842	0.0	0.0	0.00018844350000000003
485.022	0.0	0.0	0.0001458975
485.012	0.0	0.0	0.00014845687500000002
485.062	0.0	0.0	0.00012926550000000002
485.182	0.0	0.0	7.3245375e-05
485.362	0.0	0.0	-8.910037500000002e-06
485.352	0.0	0.0	-4.9791e-06
485.402	0.0	0.0	-2.6667375000000007e-05
485.522	0.0	0.0	-8.195250000000001e-05
485.702	0.0	0.0	-0.000162589875
485.692	0.0	0.0	-0.00015722175000000002
485.732	0.0	0.0	-0.00017007374999999998
485.852	0.0	0.0	-0.00019744725000000004
486.032	0.0	0.0	-0.000237964125
486.022	0.0	0.0	-0.00023548087500000004
486.072	0.0	0.0	-0.00023389800000000002
486.192	0.0	0.0	-0.00022008262500000002
486.372	0.0	0.0	-0.00019981762500000002
486.362	0.0	0.0	-0.000200809875
486.412	0.0	0.0	-0.00018379987500000003
486.532	0.0	0.0	-0.000133536375
486.712	0.0	0.0	-6.018337500000001e-05
486.702	0.0	0.0	-6.514725000000001e-05
486.742	0.0	0.0	-4.3449e-05
486.862	0.0	0.0	1.8349012500000004e-05
487.042	0.0	0.0	0.00010986412500000002
487.032	0.0	0.0	0.00010416
487.082	0.0	0.0	0.00012327
487.202	0.0	0.0	0.00016919962500000003
487.382	0.0	0.0	0.0002366175
487.372	0.0	0.0	0.000233247
487.422	0.0	0.0	0.00023808750000000003
487.542	0.0	0.0	0.00024274425000000004
487.722	0.0	0.0	0.00024953775
487.712	0.0	0.0	0.0002490705
487.752	0.0	0.0	0.00023899837500000002
487.872	0.0	0.0	0.00019971262500000002
488.052	0.0	0.0	0.00014150587500000002
488.042	0.0	0.0	0.00014519662500000002
488.092	0.0	0.0	0.000121792125
488.212	0.0	0.0	5.366287500000001e-05
488.392	0.0	0.0	-4.6386375000000005e-05
488.382	0.0	0.0	-4.1278124999999995e-05
488.432	0.0	0.0	-6.625500000000001e-05
488.552	0.0	0.0	-0.000129619875
488.732	0.0	0.0	-0.00022217737500000004
488.722	0.0	0.0	-0.00021571725000000004
488.762	0.0	0.0	-0.000229322625
488.882	0.0	0.0	-0.00025621575000000005
489.062	0.0	0.0	-0.00029607375000000003
489.052	0.0	0.0	-0.00029350125
489.102	0.0	0.0	-0.00028893375000000005
489.222	0.0	0.0	-0.00026402250000000005
489.402	0.0	0.0	-0.00022745100000000001
489.392	0.0	0.0	-0.00022935675000000002
489.442	0.0	0.0	-0.00020607825000000003
489.562	0.0	0.0	-0.00013736625000000002
489.742	0.0	0.0	-3.6946875e-05
489.732	0.0	0.0	-4.4060625000000005e-05
489.772	0.0	0.0	-1.606395e-05
489.892	0.0	0.0	6.329925000000001e-05
490.072	0.0	0.0	0.00018099112500000002
490.062	0.0	0.0	0.00017327625000000004
490.112	0.0	0.0	0.000196300125
490.232	0.0	0.0	0.0002501415
490.412	0.0	0.0	0.00032928000000000005
490.402	0.0	0.0	0.00032508
490.452	0.0	0.0	0.000328125
490.572	0.0	0.0	0.00032439750000000004
490.752	0.0	0.0	0.00031896375
490.742	0.0	0.0	0.0003193575
490.782	0.0	0.0	0.00030295125000000007
490.902	0.0	0.0	0.00024154462500000003
491.082	0.0	0.0	0.00015042825
491.072	0.0	0.0	0.00015649987500000002
491.112	0.0	0.0	0.0001236165
491.242	0.0	0.0	2.8483875000000005e-05
491.422	0.0	0.0	-0.00011142075000000001
491.412	0.0	0.0	-0.00010386075
491.462	0.0	0.0	-0.00013609837500000002
491.582	0.0	0.0	-0.00021660450000000002
491.762	0.0	0.0	-0.00033434625
491.752	0.0	0.0	-0.00032557874999999996
491.792	0.0	0.0	-0.00034059375
491.912	0.0	0.0	-0.00036513750000000003
492.092	0.0	0.0	-0.00040159875
492.082	0.0	0.0	-0.0003993150000000001
492.132	0.0	0.0	-0.00038784375000000006
492.252	0.0	0.0	-0.00034062000000000003
492.432	0.0	0.0	-0.0002714775
492.422	0.0	0.0	-0.00027643875000000004
492.462	0.0	0.0	-0.000246106875
492.582	0.0	0.0	-0.00014844375
492.762	0.0	0.0	-3.4734e-06
492.752	0.0	0.0	-1.34476125e-05
492.792	0.0	0.0	2.59237125e-05
492.922	0.0	0.0	0.00013201912500000003
493.102	0.0	0.0	0.00028817250000000007
493.092	0.0	0.0	0.00027943125000000005
493.142	0.0	0.0	0.00030555000000000003
493.262	0.0	0.0	0.00036311625000000006
493.442	0.0	0.0	0.000447405
493.432	0.0	0.0	0.00044110500000000007
493.472	0.0	0.0	0.00044218125
493.592	0.0	0.0	0.00042168
493.772	0.0	0.0	0.00039123000000000006
493.762	0.0	0.0	0.00039335625
493.802	0.0	0.0	0.00036563625
493.932	0.0	0.0	0.00027255375
494.112	0.0	0.0	0.00013551825000000003
494.102	0.0	0.0	0.00014334337500000003
494.152	0.0	0.0	9.942187500000001e-05
494.272	0.0	0.0	-2.1211575e-05
494.452	0.0	0.0	-0.00019789875000000002
494.442	0.0	0.0	-0.00018451387500000003
494.482	0.0	0.0	-0.00021984900000000002
494.602	0.0	0.0	-0.00030720375
494.782	0.0	0.0	-0.00043703625000000005
494.772	0.0	0.0	-0.0004278750000000001
494.812	0.0	0.0	-0.00044044875000000006
494.942	0.0	0.0	-0.00045294375000000007
495.122	0.0	0.0	-0.0004713450000000001
495.112	0.0	0.0	-0.00047026875000000007
495.162	0.0	0.0	-0.00044963625000000003
495.282	0.0	0.0	-0.00037653
495.462	0.0	0.0	-0.00026937750000000007
495.452	0.0	0.0	-0.00027759375
495.492	0.0	0.0	-0.00023939475000000004
495.612	0.0	0.0	-0.00011889149999999999
495.792	0.0	0.0	6.0291e-05
495.782	0.0	0.0	4.7462625000000004e-05
495.822	0.0	0.0	9.097462500000001e-05
495.952	0.0	0.0	0.00020452950000000001
496.132	0.0	0.0	0.00037188375000000003
496.122	0.0	0.0	0.00036198750000000004
496.172	0.0	0.0	0.00038548125000000005
496.292	0.0	0.0	0.00043173375
496.472	0.0	0.0	0.0004995375
496.462	0.0	0.0	0.00049426125
496.502	0.0	0.0	0.0004892737500000001
496.622	0.0	0.0	0.00044751000000000003
496.802	0.0	0.0	0.00038540250000000003
496.792	0.0	0.0	0.00038991750000000005
496.832	0.0	0.0	0.000355635
496.962	0.0	0.0	0.0002444925000000001
497.142	0.0	0.0	8.0598e-05
497.132	0.0	0.0	9.0475875e-05
497.182	0.0	0.0	4.4438625e-05
497.302	0.0	0.0	-7.952437500000001e-05
497.482	0.0	0.0	-0.00026135025
497.472	0.0	0.0	-0.00024700462500000005
497.512	0.0	0.0	-0.00027961500000000004
497.632	0.0	0.0	-0.0003546375
497.812	0.0	0.0	-0.00046627875
497.802	0.0	0.0	-0.0004580362500000001
497.842	0.0	0.0	-0.00046433625000000007
497.972	0.0	0.0	-0.0004570125000000001
498.152	0.0	0.0	-0.00044619750000000007
498.142	0.0	0.0	-0.0004468537500000001
498.192	0.0	0.0	-0.0004211287500000001
498.312	0.0	0.0	-0.00033437250000000005
498.492	0.0	0.0	-0.00020708100000000002
498.482	0.0	0.0	-0.000217258125
498.522	0.0	0.0	-0.00017843700000000004
498.642	0.0	0.0	-5.964787500000001e-05
498.822	0.0	0.0	0.00011723250000000001
498.812	0.0	0.0	0.00010401037500000001
498.852	0.0	0.0	0.0001426425
498.982	0.0	0.0	0.00023933700000000003
499.162	0.0	0.0	0.00038204250000000003
499.152	0.0	0.0	0.00037314375
499.202	0.0	0.0	0.00038910375
499.322	0.0	0.0	0.00041375250000000004
499.502	0.0	0.0	0.00044995125000000006
499.492	0.0	0.0	0.00044701125000000006
499.532	0.0	0.0	0.00043703625000000005
499.652	0.0	0.0	0.0003829875
499.832	0.0	0.0	0.00030247875
499.822	0.0	0.0	0.00030856875000000004
499.862	0.0	0.0	0.0002750475
499.992	0.0	0.0	0.000169743
500.172	0.0	0.0	1.42450875e-05
500.162	0.0	0.0	2.4105900000000002e-05
500.212	0.0	0.0	-1.4580300000000002e-05
500.332	0.0	0.0	-0.00011601712500000001
500.512	0.0	0.0	-0.00026502000000000003
500.502	0.0	0.0	-0.00025279275000000004
500.542	0.0	0.0	-0.00027649125000000005
500.662	0.0	0.0	-0.00032515875000000007
500.842	0.0	0.0	-0.00039766125
500.832	0.0	0.0	-0.00039209625000000007
500.872	0.0	0.0	-0.00039186
501.002	0.0	0.0	-0.0003693375
501.182	0.0	0.0	-0.00033610500000000006
501.172	0.0	0.0	-0.0003382575
501.212	0.0	0.0	-0.00031368750000000006
501.342	0.0	0.0	-0.00023413950000000002
501.522	0.0	0.0	-0.00011722987500000003
501.502	0.0	0.0	-0.00012693712500000002
501.552	0.0	0.0	-9.569699999999999e-05
501.672	0.0	0.0	-3.5091e-06
501.852	0.0	0.0	0.00013395112500000003
501.842	0.0	0.0	0.00012324375
501.882	0.0	0.0	0.00015014212500000002
502.012	0.0	0.0	0.00021353850000000002
502.192	0.0	0.0	0.00030723
502.182	0.0	0.0	0.0003010875
502.222	0.0	0.0	0.00030841125
502.352	0.0	0.0	0.00031258500000000004
502.532	0.0	0.0	0.00031872750000000005
502.512	0.0	0.0	0.0003182025
502.562	0.0	0.0	0.0003071775
502.682	0.0	0.0	0.00025724475000000004
502.862	0.0	0.0	0.0001827525
502.852	0.0	0.0	0.00018863512500000003
502.892	0.0	0.0	0.000163172625
503.022	0.0	0.0	8.574825000000001e-05
503.202	0.0	0.0	-2.8730625000000004e-05
503.192	0.0	0.0	-2.1113137500000002e-05
503.232	0.0	0.0	-4.6599e-05
503.362	0.0	0.0	-0.00011118450000000002
503.542	0.0	0.0	-0.00020618325
503.522	0.0	0.0	-0.00019809825
503.572	0.0	0.0	-0.00021141750000000002
503.692	0.0	0.0	-0.00023432325000000002
503.872	0.0	0.0	-0.00026851125
503.862	0.0	0.0	-0.00026578124999999996
503.902	0.0	0.0	-0.00026236875
504.032	0.0	0.0	-0.0002378565
504.212	0.0	0.0	-0.00020159737500000002
504.202	0.0	0.0	-0.00020404650000000003
504.242	0.0	0.0	-0.000186015375
504.372	0.0	0.0	-0.000129184125
504.552	0.0	0.0	-4.555425e-05
504.532	0.0	0.0	-5.275725000000001e-05
504.582	0.0	0.0	-3.2274375e-05
504.702	0.0	0.0	2.6483625000000003e-05
504.882	0.0	0.0	0.000114219
504.872	0.0	0.0	0.00010711050000000002
504.912	0.0	0.0	0.0001231125
505.042	0.0	0.0	0.000158977875
505.222	0.0	0.0	0.00021205275
505.212	0.0	0.0	0.000208411875
505.252	0.0	0.0	0.000211113
505.382	0.0	0.0	0.00020764800000000003
505.562	0.0	0.0	0.00020254762500000005
505.542	0.0	0.0	0.00020299125000000003
505.592	0.0	0.0	0.00019417912500000004
505.712	0.0	0.0	0.00015674400000000003
505.892	0.0	0.0	0.00010082362500000002
505.882	0.0	0.0	0.000105412125
505.922	0.0	0.0	8.7507e-05
506.052	0.0	0.0	3.326925e-05
506.232	0.0	0.0	-4.703475e-05
506.222	0.0	0.0	-4.146187500000001e-05
506.262	0.0	0.0	-5.9010000000000006e-05
506.392	0.0	0.0	-0.000103401375
506.572	0.0	0.0	-0.00016877700000000003
506.552	0.0	0.0	-0.00016291800000000001
506.602	0.0	0.0	-0.00017189025
506.722	0.0	0.0	-0.00018619912500000003
506.902	0.0	0.0	-0.00020760862500000005
506.892	0.0	0.0	-0.000205933875
506.932	0.0	0.0	-0.00020195437500000003
507.062	0.0	0.0	-0.00017977575000000003
507.242	0.0	0.0	-0.00014708925
507.222	0.0	0.0	-0.00014992425000000001
507.272	0.0	0.0	-0.00013640550000000001
507.392	0.0	0.0	-8.845987500000002e-05
507.572	0.0	0.0	-1.6804725e-05
507.552	0.0	0.0	-2.2836975000000003e-05
507.602	0.0	0.0	-3.9075750000000004e-06
507.722	0.0	0.0	4.9633500000000005e-05
507.912	0.0	0.0	0.00012897150000000003
507.902	0.0	0.0	0.00012331200000000001
507.942	0.0	0.0	0.000137319
508.072	0.0	0.0	0.00016880849999999998
508.252	0.0	0.0	0.00021522900000000002
508.232	0.0	0.0	0.00021105787500000004
508.282	0.0	0.0	0.00021390075000000003
508.402	0.0	0.0	0.000207774
508.582	0.0	0.0	0.000198610125
508.562	0.0	0.0	0.00019938712500000002
508.612	0.0	0.0	0.000188341125
508.732	0.0	0.0	0.00014538562500000001
508.922	0.0	0.0	8.1708375e-05
508.912	0.0	0.0	8.631525e-05
508.952	0.0	0.0	6.6021375e-05
509.082	0.0	0.0	6.288975e-06
509.262	0.0	0.0	-8.180025000000001e-05
509.242	0.0	0.0	-7.3794e-05
509.292	0.0	0.0	-9.180937500000001e-05
509.412	0.0	0.0	-0.00013848975
509.592	0.0	0.0	-0.00020834362500000002
509.572	0.0	0.0	-0.00020234812500000002
509.622	0.0	0.0	-0.00021102375000000003
509.742	0.0	0.0	-0.00022235062500000003
509.932	0.0	0.0	-0.00023915325
509.922	0.0	0.0	-0.00023791950000000002
509.962	0.0	0.0	-0.000230666625
510.092	0.0	0.0	-0.00019804837500000003
510.272	0.0	0.0	-0.000149921625
510.252	0.0	0.0	-0.00015434475
510.302	0.0	0.0	-0.00013720087500000003
510.422	0.0	0.0	-7.71645e-05
510.602	0.0	0.0	1.271235e-05
510.582	0.0	0.0	4.905075000000001e-06
510.632	0.0	0.0	2.6927250000000002e-05
510.752	0.0	0.0	8.764087500000001e-05
510.942	0.0	0.0	0.00017772300000000005
510.932	0.0	0.0	0.00017101875000000003
510.972	0.0	0.0	0.00018519375
511.102	0.0	0.0	0.00021418687500000003
511.282	0.0	0.0	0.00025698487500000006
511.262	0.0	0.0	0.000253008
511.312	0.0	0.0	0.00025348837500000003
511.432	0.0	0.0	0.000236796
511.612	0.0	0.0	0.00021179287500000004
511.592	0.0	0.0	0.00021399000000000006
511.642	0.0	0.0	0.00019888575000000003
511.762	0.0	0.0	0.00014317800000000002
511.952	0.0	0.0	6.0482625000000004e-05
511.942	0.0	0.0	6.6719625e-05
511.982	0.0	0.0	4.3430625000000006e-05
512.112	0.0	0.0	-2.33806125e-05
512.292	0.0	0.0	-0.000122049375
512.272	0.0	0.0	-0.00011278050000000001
512.322	0.0	0.0	-0.000131226375
512.442	0.0	0.0	-0.00017558100000000004
512.622	0.0	0.0	-0.00024204075000000002
512.602	0.0	0.0	-0.00023613187500000005
512.652	0.0	0.0	-0.00024240037500000003
512.772	0.0	0.0	-0.00024396225000000002
512.962	0.0	0.0	-0.000246285375
512.952	0.0	0.0	-0.000246106875
512.992	0.0	0.0	-0.00023537325000000004
513.122	0.0	0.0	-0.00019221037500000002
513.302	0.0	0.0	-0.000128436
513.282	0.0	0.0	-0.000134491875
513.322	0.0	0.0	-0.0001152375
513.452	0.0	0.0	-5.067037500000001e-05
513.632	0.0	0.0	4.6116000000000004e-05
513.612	0.0	0.0	3.7414125e-05
513.662	0.0	0.0	5.897062500000001e-05
513.782	0.0	0.0	0.00011563125000000002
513.972	0.0	0.0	0.00019981237500000002
513.962	0.0	0.0	0.00019329187500000003
514.002	0.0	0.0	0.00020462137500000004
514.132	0.0	0.0	0.00022383112500000003
514.312	0.0	0.0	0.00025222837500000003
514.292	0.0	0.0	0.00024950362500000004
514.332	0.0	0.0	0.00024706762500000006
514.462	0.0	0.0	0.00022151325
514.642	0.0	0.0	0.00018319087500000004
514.622	0.0	0.0	0.00018667687499999999
514.672	0.0	0.0	0.000170149875
514.792	0.0	0.0	0.00011204025000000001
514.982	0.0	0.0	2.5664625000000003e-05
514.972	0.0	0.0	3.2442375000000005e-05
515.012	0.0	0.0	1.05506625e-05
515.142	0.0	0.0	-5.043150000000001e-05
515.322	0.0	0.0	-0.000140613375
515.302	0.0	0.0	-0.00013187212500000002
515.342	0.0	0.0	-0.00014742000000000002
515.472	0.0	0.0	-0.00018153712500000005
515.652	0.0	0.0	-0.00023272987500000001
515.632	0.0	0.0	-0.00022802325000000003
515.682	0.0	0.0	-0.000231102375
515.802	0.0	0.0	-0.0002237655
515.992	0.0	0.0	-0.000212856
515.982	0.0	0.0	-0.00021372487500000002
516.022	0.0	0.0	-0.00020171812500000002
516.152	0.0	0.0	-0.0001563345
516.332	0.0	0.0	-8.9184375e-05
516.312	0.0	0.0	-9.576262500000002e-05
516.352	0.0	0.0	-7.74795e-05
516.482	0.0	0.0	-1.80621e-05
516.662	0.0	0.0	7.1127e-05
516.642	0.0	0.0	6.2834625e-05
516.692	0.0	0.0	8.146425000000001e-05
516.812	0.0	0.0	0.000128538375
517.002	0.0	0.0	0.00019857075000000003
516.982	0.0	0.0	0.00019293487500000002
517.032	0.0	0.0	0.00020111175000000003
517.162	0.0	0.0	0.0002115645
517.342	0.0	0.0	0.00022703887500000002
517.322	0.0	0.0	0.0002255085
517.362	0.0	0.0	0.0002212875
517.492	0.0	0.0	0.00019173
517.672	0.0	0.0	0.00014734125000000003
517.652	0.0	0.0	0.00015151237500000001
517.702	0.0	0.0	0.00013504575000000002
517.822	0.0	0.0	7.841925000000001e-05
518.012	0.0	0.0	-5.86635e-06
517.992	0.0	0.0	1.0029075000000003e-06
518.042	0.0	0.0	-1.92231375e-05
518.162	0.0	0.0	-7.476e-05
518.352	0.0	0.0	-0.00015700125000000004
518.332	0.0	0.0	-0.00014878237500000002
518.372	0.0	0.0	-0.00016229850000000002
518.502	0.0	0.0	-0.00018987675
518.682	0.0	0.0	-0.00023130975000000003
518.662	0.0	0.0	-0.00022737487500000005
518.712	0.0	0.0	-0.00022845375000000003
518.832	0.0	0.0	-0.00021515025000000003
519.022	0.0	0.0	-0.00019533675
519.002	0.0	0.0	-0.00019697212500000003
519.052	0.0	0.0	-0.00018357675
519.172	0.0	0.0	-0.0001341795
519.362	0.0	0.0	-6.099450000000001e-05
519.342	0.0	0.0	-6.838125e-05
519.382	0.0	0.0	-4.94655e-05
519.512	0.0	0.0	1.13407875e-05
519.692	0.0	0.0	0.00010273725
519.672	0.0	0.0	9.39645e-05
519.722	0.0	0.0	0.00011230800000000001
519.842	0.0	0.0	0.000157381875
520.032	0.0	0.0	0.00022452937500000002
520.012	0.0	0.0	0.00021891975000000002
520.062	0.0	0.0	0.00022561087500000003
520.182	0.0	0.0	0.00023021250000000005
520.372	0.0	0.0	0.00023703225000000003
520.352	0.0	0.0	0.00023633662500000002
520.392	0.0	0.0	0.00022993950000000003
520.522	0.0	0.0	0.00019205025
520.702	0.0	0.0	0.00013507462500000002
520.682	0.0	0.0	0.00014060287500000003
520.732	0.0	0.0	0.00012149812500000001
520.852	0.0	0.0	5.6820750000000007e-05
521.042	0.0	0.0	-3.9574500000000005e-05
521.022	0.0	0.0	-3.145275e-05
521.072	0.0	0.0	-5.3303250000000005e-05
521.192	0.0	0.0	-0.00011203762500000002
521.382	0.0	0.0	-0.000199119375
521.362	0.0	0.0	-0.00019003425000000003
521.402	0.0	0.0	-0.00020339287500000002
521.532	0.0	0.0	-0.00022694962500000005
521.712	0.0	0.0	-0.0002624265
521.692	0.0	0.0	-0.00025912425000000004
521.742	0.0	0.0	-0.0002572605
521.862	0.0	0.0	-0.00023369325000000002
522.052	0.0	0.0	-0.00019872562500000002
522.032	0.0	0.0	-0.000202272
522.072	0.0	0.0	-0.00018771900000000004
522.202	0.0	0.0	-0.000128706375
522.382	0.0	0.0	-3.992625000000001e-05
522.362	0.0	0.0	-4.8722625e-05
522.412	0.0	0.0	-2.5916362500000006e-05
522.532	0.0	0.0	4.2307125e-05
522.722	0.0	0.0	0.00014407312500000003
522.702	0.0	0.0	0.00013530825
522.752	0.0	0.0	0.00015358875
522.872	0.0	0.0	0.00019511362500000004
523.062	0.0	0.0	0.00025673812500000005
523.042	0.0	0.0	0.00025029375000000005
523.082	0.0	0.0	0.00025585087500000004
523.212	0.0	0.0	0.00025093950000000005
523.392	0.0	0.0	0.0002435475
523.372	0.0	0.0	0.000244285125
523.422	0.0	0.0	0.00023356462500000004
523.542	0.0	0.0	0.00018451387500000003
523.732	0.0	0.0	0.00011132362500000001
523.712	0.0	0.0	0.00011770237500000001
523.762	0.0	0.0	9.5878125e-05
523.882	0.0	0.0	2.7748875000000003e-05
524.072	0.0	0.0	-7.339762500000001e-05
524.052	0.0	0.0	-6.2724375e-05
524.092	0.0	0.0	-8.273212500000001e-05
524.212	0.0	0.0	-0.00013510875
524.402	0.0	0.0	-0.00021399787500000003
524.382	0.0	0.0	-0.00020605725000000003
524.432	0.0	0.0	-0.0002166675
524.552	0.0	0.0	-0.00022993950000000003
524.742	0.0	0.0	-0.000249753
524.722	0.0	0.0	-0.00024800737500000003
524.772	0.0	0.0	-0.00024247912500000002
524.892	0.0	0.0	-0.00021005250000000002
525.082	0.0	0.0	-0.00016188900000000005
525.062	0.0	0.0	-0.00016701825
525.102	0.0	0.0	-0.00015160425
525.222	0.0	0.0	-9.310087500000001e-05
525.412	0.0	0.0	-4.943925e-06
525.392	0.0	0.0	-1.3904100000000001e-05
525.442	0.0	0.0	6.3698250000000005e-06
525.562	0.0	0.0	6.329137500000001e-05
525.752	0.0	0.0	0.000148304625
525.732	0.0	0.0	0.00014072624999999998
525.782	0.0	0.0	0.000154100625
525.902	0.0	0.0	0.00018021675000000004
526.092	0.0	0.0	0.00021902737500000002
526.072	0.0	0.0	0.00021485625000000004
526.112	0.0	0.0	0.00021657562500000002
526.232	0.0	0.0	0.00020242687500000002
526.422	0.0	0.0	0.00018109350000000002
526.402	0.0	0.0	0.00018328275000000004
526.442	0.0	0.0	0.00017229712499999998
526.572	0.0	0.0	0.000127493625
526.762	0.0	0.0	6.054825000000001e-05
526.742	0.0	0.0	6.658312500000001e-05
526.792	0.0	0.0	4.9413e-05
526.912	0.0	0.0	-1.3384875e-06
527.102	0.0	0.0	-7.67865e-05
527.082	0.0	0.0	-6.8604375e-05
527.122	0.0	0.0	-8.2149375e-05
527.242	0.0	0.0	-0.00011351812500000001
527.432	0.0	0.0	-0.0001608285
527.412	0.0	0.0	-0.000155925
527.452	0.0	0.0	-0.000160904625
527.582	0.0	0.0	-0.00016129837499999998
527.772	0.0	0.0	-0.00016188375
527.752	0.0	0.0	-0.00016183124999999998
527.802	0.0	0.0	-0.00015583837500000001
527.922	0.0	0.0	-0.00012797400000000002
528.112	0.0	0.0	-8.653050000000001e-05
528.092	0.0	0.0	-9.106650000000002e-05
528.132	0.0	0.0	-8.010450000000001e-05
528.252	0.0	0.0	-4.1950125000000005e-05
528.442	0.0	0.0	1.5619800000000002e-05
528.422	0.0	0.0	9.5977875e-06
528.462	0.0	0.0	2.14228875e-05
528.592	0.0	0.0	5.1709875e-05
528.782	0.0	0.0	9.700425000000001e-05
528.762	0.0	0.0	9.283312500000001e-05
528.812	0.0	0.0	9.881287500000002e-05
528.932	0.0	0.0	0.00010723912500000001
529.122	0.0	0.0	0.00011977612500000002
529.102	0.0	0.0	0.000118390125
529.142	0.0	0.0	0.00011758687500000002
529.262	0.0	0.0	0.00010440675
529.452	0.0	0.0	8.4511875e-05
529.432	0.0	0.0	8.661187500000002e-05
529.472	0.0	0.0	7.975275e-05
529.602	0.0	0.0	5.460525000000001e-05
529.792	0.0	0.0	1.6982962500000004e-05
529.772	0.0	0.0	2.0484449999999997e-05
529.822	0.0	0.0	1.2109650000000002e-05
529.942	0.0	0.0	-1.0853850000000001e-05
530.132	0.0	0.0	-4.503975e-05
530.112	0.0	0.0	-4.1230875000000004e-05
530.152	0.0	0.0	-4.6774874999999997e-05
530.272	0.0	0.0	-5.738775e-05
530.462	0.0	0.0	-7.3413375e-05
530.442	0.0	0.0	-7.17045e-05
530.482	0.0	0.0	-7.275450000000001e-05
530.612	0.0	0.0	-6.9234375e-05
530.802	0.0	0.0	-6.3966e-05
530.782	0.0	0.0	-6.446212500000001e-05
530.832	0.0	0.0	-6.113887500000001e-05
530.952	0.0	0.0	-4.765950000000001e-05
531.142	0.0	0.0	-2.7583500000000004e-05
531.122	0.0	0.0	-2.9838375000000004e-05
531.162	0.0	0.0	-2.5112325000000002e-05
531.282	0.0	0.0	-9.780487500000001e-06
531.472	0.0	0.0	1.3384087500000002e-05
531.452	0.0	0.0	1.0892700000000002e-05
531.492	0.0	0.0	1.5427387500000003e-05
531.622	0.0	0.0	2.6504625000000005e-05
531.812	0.0	0.0	4.3089375000000006e-05
531.792	0.0	0.0	4.1514375e-05
531.842	0.0	0.0	4.361962500000001e-05
531.962	0.0	0.0	4.6171125000000004e-05
532.152	0.0	0.0	4.99695e-05
532.132	0.0	0.0	4.9539e-05
532.172	0.0	0.0	4.9024500000000005e-05
532.292	0.0	0.0	4.307100000000001e-05
532.482	0.0	0.0	3.406987500000001e-05
532.462	0.0	0.0	3.5046375e-05
532.502	0.0	0.0	3.1906875e-05
532.632	0.0	0.0	2.0033212500000004e-05
532.822	0.0	0.0	2.24345625e-06
532.802	0.0	0.0	3.95115e-06
532.852	0.0	0.0	-2.8021875e-07
532.972	0.0	0.0	-1.2590550000000001e-05
533.162	0.0	0.0	-3.0940875e-05
533.142	0.0	0.0	-2.8843500000000003e-05
533.182	0.0	0.0	-3.2019750000000005e-05
533.302	0.0	0.0	-3.8913000000000005e-05
533.492	0.0	0.0	-4.9336875000000004e-05
533.472	0.0	0.0	-4.819500000000001e-05
533.512	0.0	0.0	-4.8995625000000004e-05
533.642	0.0	0.0	-4.7097750000000005e-05
533.832	0.0	0.0	-4.4252250000000006e-05
533.812	0.0	0.0	-4.452787500000001e-05
533.862	0.0	0.0	-4.217850000000001e-05
533.982	0.0	0.0	-3.1948875e-05
534.172	0.0	0.0	-1.66929e-05
534.152	0.0	0.0	-1.8451387500000003e-05
534.192	0.0	0.0	-1.4655637500000002e-05
534.312	0.0	0.0	-1.4225925e-06
534.502	0.0	0.0	1.85973375e-05
534.482	0.0	0.0	1.6385775000000003e-05
534.522	0.0	0.0	2.03844375e-05
534.652	0.0	0.0	3.0460500000000004e-05
534.842	0.0	0.0	4.5570000000000006e-05
534.822	0.0	0.0	4.4089500000000005e-05
534.872	0.0	0.0	4.586400000000001e-05
534.992	0.0	0.0	4.7336625000000005e-05
535.182	0.0	0.0	4.953375e-05
535.162	0.0	0.0	4.9279125000000016e-05
535.202	0.0	0.0	4.8415500000000004e-05
535.322	0.0	0.0	4.1026125000000005e-05
535.512	0.0	0.0	2.9843625000000002e-05
535.492	0.0	0.0	3.10905e-05
535.532	0.0	0.0	2.762025e-05
535.662	0.0	0.0	1.4910000000000001e-05
535.852	0.0	0.0	-4.155637500000001e-06
535.832	0.0	0.0	-2.2745887500000003e-06
535.882	0.0	0.0	-6.450150000000001e-06
536.002	0.0	0.0	-1.8015375000000002e-05
536.192	0.0	0.0	-3.527475e-05
536.172	0.0	0.0	-3.3229875000000003e-05
536.212	0.0	0.0	-3.6012375000000006e-05
536.332	0.0	0.0	-4.10655e-05
536.522	0.0	0.0	-4.8722625e-05
536.502	0.0	0.0	-4.7898375e-05
536.542	0.0	0.0	-4.806375000000001e-05
536.672	0.0	0.0	-4.449900000000001e-05
536.862	0.0	0.0	-3.9172875000000004e-05
536.842	0.0	0.0	-3.9787125000000006e-05
536.882	0.0	0.0	-3.75795e-05
537.002	0.0	0.0	-2.7032250000000005e-05
537.192	0.0	0.0	-1.1061487500000002e-05
537.172	0.0	0.0	-1.287405e-05
537.212	0.0	0.0	-8.7651375e-06
537.342	0.0	0.0	4.70295e-06
537.532	0.0	0.0	2.49214875e-05
537.512	0.0	0.0	2.28897375e-05
537.552	0.0	0.0	2.6824875000000003e-05
537.682	0.0	0.0	3.665025e-05
537.872	0.0	0.0	5.132137500000001e-05
537.852	0.0	0.0	4.9581e-05
537.892	0.0	0.0	5.1489375e-05
538.012	0.0	0.0	5.263650000000001e-05
538.202	0.0	0.0	5.437687500000001e-05
538.182	0.0	0.0	5.4180000000000006e-05
538.222	0.0	0.0	5.281762500000001e-05
538.352	0.0	0.0	4.3572375e-05
538.542	0.0	0.0	2.968875e-05
538.522	0.0	0.0	3.1098375000000005e-05
538.562	0.0	0.0	2.6591250000000004e-05
538.692	0.0	0.0	1.0411799999999999e-05
538.882	0.0	0.0	-1.3766550000000001e-05
538.862	0.0	0.0	-1.0871962500000001e-05
538.902	0.0	0.0	-1.594005e-05
539.022	0.0	0.0	-3.1166625e-05
539.212	0.0	0.0	-5.4248250000000004e-05
539.192	0.0	0.0	-5.1594375e-05
539.232	0.0	0.0	-5.535337500000001e-05
539.362	0.0	0.0	-6.199200000000001e-05
539.552	0.0	0.0	-7.196962500000001e-05
539.532	0.0	0.0	-7.0945875e-05
539.572	0.0	0.0	-7.066762500000002e-05
539.702	0.0	0.0	-6.37875e-05
539.892	0.0	0.0	-5.350012500000001e-05
539.872	0.0	0.0	-5.474175e-05
539.912	0.0	0.0	-5.1051e-05
540.032	0.0	0.0	-3.3610500000000006e-05
540.222	0.0	0.0	-7.1612625e-06
540.202	0.0	0.0	-1.0228050000000001e-05
540.242	0.0	0.0	-3.8214750000000005e-06
540.372	0.0	0.0	1.6539075e-05
540.562	0.0	0.0	4.7142375e-05
540.542	0.0	0.0	4.3979250000000004e-05
540.582	0.0	0.0	4.9420875000000005e-05
540.712	0.0	0.0	6.161925000000001e-05
540.902	0.0	0.0	7.9865625e-05
540.882	0.0	0.0	7.764750000000002e-05
540.922	0.0	0.0	7.9548e-05
541.042	0.0	0.0	7.723537500000002e-05
541.232	0.0	0.0	7.372837500000002e-05
541.212	0.0	0.0	7.413787500000001e-05
541.252	0.0	0.0	7.111125000000001e-05
541.382	0.0	0.0	5.492812500000001e-05
541.572	0.0	0.0	3.0591750000000004e-05
541.552	0.0	0.0	3.3130125e-05
541.592	0.0	0.0	2.6567625e-05
541.722	0.0	0.0	4.7378625e-06
541.912	0.0	0.0	-2.7927375e-05
541.892	0.0	0.0	-2.3922675e-05
541.932	0.0	0.0	-3.011925e-05
542.052	0.0	0.0	-4.628662500000001e-05
542.242	0.0	0.0	-7.082775e-05
542.222	0.0	0.0	-6.7935e-05
542.262	0.0	0.0	-7.132125e-05
542.392	0.0	0.0	-7.4421375e-05
542.582	0.0	0.0	-7.908337500000001e-05
542.562	0.0	0.0	-7.85925e-05
542.602	0.0	0.0	-7.6986e-05
542.732	0.0	0.0	-6.5449125e-05
542.922	0.0	0.0	-4.8179250000000005e-05
542.902	0.0	0.0	-5.031075000000001e-05
542.942	0.0	0.0	-4.561462500000001e-05
543.062	0.0	0.0	-2.6362875e-05
543.252	0.0	0.0	2.8730625e-06
543.232	0.0	0.0	-6.005212500000001e-07
543.272	0.0	0.0	5.6671125e-06
543.402	0.0	0.0	2.3464612500000003e-05
543.592	0.0	0.0	5.025037500000001e-05
543.572	0.0	0.0	4.7404875e-05
543.612	0.0	0.0	5.154975000000001e-05
543.742	0.0	0.0	5.878950000000001e-05
543.932	0.0	0.0	6.963337500000001e-05
543.912	0.0	0.0	6.828412500000001e-05
543.952	0.0	0.0	6.889575000000001e-05
544.072	0.0	0.0	6.326775000000001e-05
544.262	0.0	0.0	5.471550000000001e-05
544.242	0.0	0.0	5.573925000000001e-05
544.282	0.0	0.0	5.242650000000001e-05
544.412	0.0	0.0	3.7632e-05
544.602	0.0	0.0	1.5354675000000002e-05
544.582	0.0	0.0	1.7742900000000003e-05
544.622	0.0	0.0	1.2550125000000002e-05
544.752	0.0	0.0	-3.2733750000000002e-06
544.942	0.0	0.0	-2.6982375000000003e-05
544.922	0.0	0.0	-2.4008775e-05
544.962	0.0	0.0	-2.8153125000000005e-05
545.082	0.0	0.0	-3.7282875e-05
545.272	0.0	0.0	-5.1156e-05
545.252	0.0	0.0	-4.948125e-05
545.292	0.0	0.0	-5.104575000000001e-05
545.422	0.0	0.0	-5.0323875000000006e-05
545.612	0.0	0.0	-4.9234500000000004e-05
545.592	0.0	0.0	-4.935262500000001e-05
545.632	0.0	0.0	-4.7614875e-05
545.762	0.0	0.0	-3.835125e-05
545.952	0.0	0.0	-2.4466575e-05
545.932	0.0	0.0	-2.6220600000000004e-05
545.972	0.0	0.0	-2.2944600000000004e-05
546.092	0.0	0.0	-1.087065e-05
546.282	0.0	0.0	7.4878125000000006e-06
546.262	0.0	0.0	5.2542000000000004e-06
546.302	0.0	0.0	8.8900875e-06
546.432	0.0	0.0	1.82392875e-05
546.622	0.0	0.0	3.2326875e-05
546.602	0.0	0.0	3.079125e-05
546.642	0.0	0.0	3.2739000000000006e-05
546.772	0.0	0.0	3.511725000000001e-05
546.962	0.0	0.0	3.8684625e-05
546.942	0.0	0.0	3.82305e-05
546.982	0.0	0.0	3.8122875000000006e-05
547.102	0.0	0.0	3.3592125e-05
547.292	0.0	0.0	2.6698875000000004e-05
547.272	0.0	0.0	2.7544125e-05
547.312	0.0	0.0	2.5430737500000003e-05
547.442	0.0	0.0	1.684725e-05
547.632	0.0	0.0	3.90705e-06
547.612	0.0	0.0	5.3311125000000005e-06
547.652	0.0	0.0	2.5260375e-06
547.782	0.0	0.0	-5.5894125e-06
547.972	0.0	0.0	-1.7764687500000002e-05
547.952	0.0	0.0	-1.6203862500000003e-05
547.992	0.0	0.0	-1.8254775000000002e-05
548.112	0.0	0.0	-2.2293862499999997e-05
548.302	0.0	0.0	-2.8441875e-05
548.282	0.0	0.0	-2.7680625000000002e-05
548.322	0.0	0.0	-2.8266000000000003e-05
548.452	0.0	0.0	-2.7063750000000003e-05
548.642	0.0	0.0	-2.5249350000000006e-05
548.622	0.0	0.0	-2.5450687500000006e-05
548.662	0.0	0.0	-2.4324037500000002e-05
548.792	0.0	0.0	-1.8811537500000004e-05
548.982	0.0	0.0	-1.05378e-05
548.962	0.0	0.0	-1.1606175e-05
548.992	0.0	0.0	-9.715650000000002e-06
549.122	0.0	0.0	-2.801925e-06
549.312	0.0	0.0	7.7235375e-06
549.292	0.0	0.0	6.4131375000000006e-06
549.332	0.0	0.0	8.512350000000002e-06
549.462	0.0	0.0	1.4027212500000003e-05
549.652	0.0	0.0	2.2348200000000004e-05
549.632	0.0	0.0	2.1418950000000003e-05
549.672	0.0	0.0	2.2598625e-05
549.802	0.0	0.0	2.4106425000000002e-05
549.992	0.0	0.0	2.637075e-05
549.962	0.0	0.0	2.607255e-05
550.002	0.0	0.0	2.6012175e-05
550.132	0.0	0.0	2.2853512499999998e-05
550.322	0.0	0.0	1.80382125e-05
550.302	0.0	0.0	1.8619125e-05
550.342	0.0	0.0	1.6983225000000002e-05
550.472	0.0	0.0	1.0046137500000001e-05
550.662	0.0	0.0	-3.76425e-07
550.642	0.0	0.0	9.6245625e-07
550.672	0.0	0.0	-1.2843075000000002e-06
550.802	0.0	0.0	-8.959125e-06
550.992	0.0	0.0	-2.0649037500000004e-05
550.972	0.0	0.0	-1.9170375e-05
551.012	0.0	0.0	-2.1351225e-05
551.142	0.0	0.0	-2.6418e-05
551.332	0.0	0.0	-3.406725e-05
551.312	0.0	0.0	-3.3198375e-05
551.352	0.0	0.0	-3.3912375e-05
551.482	0.0	0.0	-3.295687500000001e-05
551.672	0.0	0.0	-3.1523625000000006e-05
551.642	0.0	0.0	-3.171262500000001e-05
551.682	0.0	0.0	-3.068625e-05
551.812	0.0	0.0	-2.3262225e-05
552.002	0.0	0.0	-1.19461125e-05
551.982	0.0	0.0	-1.3383037500000001e-05
552.022	0.0	0.0	-1.0354575e-05
552.152	0.0	0.0	1.2722587500000004e-06
552.342	0.0	0.0	1.8835162500000003e-05
552.322	0.0	0.0	1.6825725000000002e-05
552.362	0.0	0.0	2.04285375e-05
552.492	0.0	0.0	3.0434250000000004e-05
552.682	0.0	0.0	4.547550000000001e-05
552.652	0.0	0.0	4.34805e-05
552.692	0.0	0.0	4.57695e-05
552.822	0.0	0.0	4.843387500000001e-05
553.012	0.0	0.0	5.25e-05
552.992	0.0	0.0	5.1980250000000004e-05
553.032	0.0	0.0	5.1476250000000004e-05
553.162	0.0	0.0	4.386637500000001e-05
553.352	0.0	0.0	3.2366250000000005e-05
553.332	0.0	0.0	3.36945e-05
553.372	0.0	0.0	2.9922375e-05
553.502	0.0	0.0	1.4331712500000001e-05
553.692	0.0	0.0	-9.1132125e-06
553.662	0.0	0.0	-5.984475000000001e-06
553.702	0.0	0.0	-1.0848075000000002e-05
553.832	0.0	0.0	-2.6919375000000003e-05
554.022	0.0	0.0	-5.1431625e-05
554.002	0.0	0.0	-4.827375e-05
554.042	0.0	0.0	-5.254725e-05
554.172	0.0	0.0	-6.0986625000000005e-05
554.362	0.0	0.0	-7.37415e-05
554.342	0.0	0.0	-7.2258375e-05
554.382	0.0	0.0	-7.290937500000001e-05
554.512	0.0	0.0	-6.752025000000001e-05
554.702	0.0	0.0	-5.940900000000001e-05
554.672	0.0	0.0	-6.0501e-05
554.712	0.0	0.0	-5.7563625e-05
554.842	0.0	0.0	-4.008375e-05
555.032	0.0	0.0	-1.3404825000000001e-05
555.012	0.0	0.0	-1.68674625e-05
555.052	0.0	0.0	-1.04979e-05
555.182	0.0	0.0	1.1871825000000002e-05
555.372	0.0	0.0	4.5703875e-05
555.352	0.0	0.0	4.1740125000000006e-05
555.392	0.0	0.0	4.8024375e-05
555.522	0.0	0.0	6.325462500000001e-05
555.712	0.0	0.0	8.618137500000001e-05
555.682	0.0	0.0	8.3078625e-05
555.722	0.0	0.0	8.616037500000001e-05
555.852	0.0	0.0	8.596087500000001e-05
556.042	0.0	0.0	8.5656375e-05
556.012	0.0	0.0	8.569575e-05
556.062	0.0	0.0	8.351700000000001e-05
556.192	0.0	0.0	6.676425000000002e-05
556.382	0.0	0.0	4.1417250000000004e-05
556.362	0.0	0.0	4.441237500000001e-05
556.402	0.0	0.0	3.7595250000000006e-05
556.532	0.0	0.0	1.2102825e-05
556.722	0.0	0.0	-2.6284125000000003e-05
556.692	0.0	0.0	-2.1056437500000003e-05
556.732	0.0	0.0	-2.8420875000000003e-05
556.862	0.0	0.0	-4.9594125e-05
557.052	0.0	0.0	-8.193149999999999e-05
557.022	0.0	0.0	-7.767375000000001e-05
557.072	0.0	0.0	-8.2768875e-05
557.192	0.0	0.0	-8.943637500000002e-05
557.392	0.0	0.0	-9.952687500000001e-05
557.372	0.0	0.0	-9.832462500000001e-05
557.412	0.0	0.0	-9.773400000000001e-05
557.542	0.0	0.0	-8.557762500000001e-05
557.732	0.0	0.0	-6.726562500000001e-05
557.702	0.0	0.0	-6.9775125e-05
557.742	0.0	0.0	-6.4866375e-05
557.872	0.0	0.0	-4.053525000000001e-05
558.062	0.0	0.0	-3.3558e-06
558.032	0.0	0.0	-8.2847625e-06
558.082	0.0	0.0	-2.41387125e-07
558.202	0.0	0.0	2.5069012500000004e-05
558.402	0.0	0.0	6.339900000000001e-05
558.382	0.0	0.0	5.8800000000000006e-05
558.422	0.0	0.0	6.528112500000002e-05
558.552	0.0	0.0	7.824337500000001e-05
558.742	0.0	0.0	9.778125000000001e-05
558.712	0.0	0.0	9.508537500000001e-05
558.752	0.0	0.0	9.728775000000002e-05
558.882	0.0	0.0	9.2145375e-05
559.072	0.0	0.0	8.428087500000001e-05
559.042	0.0	0.0	8.5330875e-05
559.092	0.0	0.0	8.180025000000001e-05
559.212	0.0	0.0	6.1249125e-05
559.412	0.0	0.0	3.0116625000000004e-05
559.392	0.0	0.0	3.388087500000001e-05
559.432	0.0	0.0	2.6494125e-05
559.562	0.0	0.0	1.147965e-06
559.752	0.0	0.0	-3.7067625000000006e-05
559.722	0.0	0.0	-3.1757250000000005e-05
559.762	0.0	0.0	-3.8710875e-05
559.892	0.0	0.0	-5.6217e-05
560.082	0.0	0.0	-8.298937500000001e-05
560.052	0.0	0.0	-7.93905e-05
560.102	0.0	0.0	-8.3244e-05
560.222	0.0	0.0	-8.5399125e-05
560.422	0.0	0.0	-8.866987500000001e-05
560.402	0.0	0.0	-8.827087500000001e-05
560.442	0.0	0.0	-8.666962500000002e-05
560.572	0.0	0.0	-7.244475000000001e-05
560.762	0.0	0.0	-5.0990625e-05
560.732	0.0	0.0	-5.3991e-05
560.772	0.0	0.0	-4.891162500000001e-05
560.902	0.0	0.0	-2.6202750000000003e-05
561.092	0.0	0.0	8.540175000000002e-06
561.062	0.0	0.0	3.8380125e-06
561.112	0.0	0.0	1.0987725000000002e-05
561.232	0.0	0.0	3.20565e-05
561.432	0.0	0.0	6.400275e-05
561.412	0.0	0.0	6.008362500000001e-05
561.452	0.0	0.0	6.5218125e-05
561.582	0.0	0.0	7.399350000000002e-05
561.772	0.0	0.0	8.723662500000001e-05
561.742	0.0	0.0	8.537287500000002e-05
561.782	0.0	0.0	8.6604e-05
561.912	0.0	0.0	7.94955e-05
562.102	0.0	0.0	6.86175e-05
562.072	0.0	0.0	7.0100625e-05
562.112	0.0	0.0	6.635212500000002e-05
562.242	0.0	0.0	4.646775e-05
562.442	0.0	0.0	1.6301512500000004e-05
562.422	0.0	0.0	2.0031375e-05
562.462	0.0	0.0	1.3180387500000003e-05
562.592	0.0	0.0	-9.769462500000001e-06
562.782	0.0	0.0	-4.441762500000001e-05
562.752	0.0	0.0	-3.9508875e-05
562.792	0.0	0.0	-4.5703875e-05
562.922	0.0	0.0	-6.052725e-05
563.112	0.0	0.0	-8.3223e-05
563.082	0.0	0.0	-8.010975e-05
563.122	0.0	0.0	-8.320462500000001e-05
563.252	0.0	0.0	-8.30445e-05
563.452	0.0	0.0	-8.2803e-05
563.432	0.0	0.0	-8.2831875e-05
563.472	0.0	0.0	-8.068725000000001e-05
563.602	0.0	0.0	-6.4855875e-05
563.792	0.0	0.0	-4.0944750000000005e-05
563.762	0.0	0.0	-4.4354625000000006e-05
563.802	0.0	0.0	-3.8962875000000004e-05
563.932	0.0	0.0	-1.5540262500000002e-05
564.122	0.0	0.0	2.0340862500000005e-05
564.092	0.0	0.0	1.5386175000000004e-05
564.132	0.0	0.0	2.2577624999999997e-05
564.262	0.0	0.0	4.3034250000000006e-05
564.462	0.0	0.0	7.4090625e-05
564.442	0.0	0.0	7.0203e-05
564.482	0.0	0.0	7.4949e-05
564.612	0.0	0.0	8.14485e-05
564.802	0.0	0.0	9.1266e-05
564.772	0.0	0.0	8.984325e-05
564.812	0.0	0.0	9.0449625e-05
564.942	0.0	0.0	8.011237500000001e-05
565.132	0.0	0.0	6.426e-05
565.102	0.0	0.0	6.6388875e-05
565.152	0.0	0.0	6.160875000000001e-05
565.272	0.0	0.0	3.919125e-05
565.472	0.0	0.0	5.304337500000001e-06
565.442	0.0	0.0	1.0110712500000002e-05
565.482	0.0	0.0	3.4153875000000003e-06
565.612	0.0	0.0	-1.9085850000000003e-05
565.802	0.0	0.0	-5.3568375000000005e-05
565.772	0.0	0.0	-4.8738375e-05
565.812	0.0	0.0	-5.485987500000001e-05
565.942	0.0	0.0	-6.715012500000001e-05
566.142	0.0	0.0	-8.582175e-05
566.122	0.0	0.0	-8.3451375e-05
566.162	0.0	0.0	-8.526525000000001e-05
566.292	0.0	0.0	-8.091562499999999e-05
566.482	0.0	0.0	-7.433737500000001e-05
566.452	0.0	0.0	-7.529025000000001e-05
566.492	0.0	0.0	-7.297762500000001e-05
566.622	0.0	0.0	-5.564212500000001e-05
566.812	0.0	0.0	-2.9061375000000004e-05
566.782	0.0	0.0	-3.279675e-05
566.822	0.0	0.0	-2.6856375e-05
566.952	0.0	0.0	-5.503837500000001e-06
567.152	0.0	0.0	2.6945625000000003e-05
567.122	0.0	0.0	2.27957625e-05
567.172	0.0	0.0	2.8686000000000003e-05
567.302	0.0	0.0	4.2580125000000004e-05
567.492	0.0	0.0	6.35985e-05
567.462	0.0	0.0	6.053250000000001e-05
567.502	0.0	0.0	6.364050000000002e-05
567.632	0.0	0.0	6.419700000000001e-05
567.822	0.0	0.0	6.505275e-05
567.792	0.0	0.0	6.493200000000001e-05
567.832	0.0	0.0	6.3937125e-05
567.962	0.0	0.0	5.2891125e-05
568.162	0.0	0.0	3.6096375e-05
568.132	0.0	0.0	3.8259375e-05
568.182	0.0	0.0	3.4237875000000005e-05
568.302	0.0	0.0	1.9128112499999998e-05
568.502	0.0	0.0	-3.7382625e-06
568.472	0.0	0.0	-3.823312500000001e-07
568.512	0.0	0.0	-4.5100125e-06
568.642	0.0	0.0	-1.4965125000000002e-05
568.832	0.0	0.0	-3.1011750000000003e-05
568.802	0.0	0.0	-2.8728000000000007e-05
568.842	0.0	0.0	-3.1203375000000005e-05
568.972	0.0	0.0	-3.314062500000001e-05
569.172	0.0	0.0	-3.60885e-05
569.142	0.0	0.0	-3.570525000000001e-05
569.192	0.0	0.0	-3.5453250000000005e-05
569.312	0.0	0.0	-3.0177000000000003e-05
569.512	0.0	0.0	-2.2190962500000006e-05
569.482	0.0	0.0	-2.3370375000000004e-05
569.522	0.0	0.0	-2.17048125e-05
569.652	0.0	0.0	-1.49055375e-05
569.842	0.0	0.0	-4.4659125e-06
569.812	0.0	0.0	-5.9611125000000004e-06
569.852	0.0	0.0	-4.090012500000001e-06
569.982	0.0	0.0	-1.93564875e-07
570.182	0.0	0.0	5.735625e-06
570.152	0.0	0.0	4.961250000000001e-06
570.202	0.0	0.0	5.9275125000000005e-06
570.322	0.0	0.0	7.548975000000002e-06
570.522	0.0	0.0	1.0004925000000001e-05
570.492	0.0	0.0	9.640050000000001e-06
570.532	0.0	0.0	1.0143000000000001e-05
570.662	0.0	0.0	1.2137475000000002e-05
570.852	0.0	0.0	1.5200850000000002e-05
570.822	0.0	0.0	1.4759325000000001e-05
570.862	0.0	0.0	1.5079050000000001e-05
570.992	0.0	0.0	1.37857125e-05
571.192	0.0	0.0	1.1816962500000001e-05
571.162	0.0	0.0	1.2075787500000001e-05
571.212	0.0	0.0	1.1014237500000001e-05
571.332	0.0	0.0	4.101562500000001e-06
571.532	0.0	0.0	-6.372712500000002e-06
571.502	0.0	0.0	-4.807425000000001e-06
571.542	0.0	0.0	-7.007437500000001e-06
571.672	0.0	0.0	-1.6496025e-05
571.862	0.0	0.0	-3.107737500000001e-05
571.832	0.0	0.0	-2.8961625000000002e-05
571.872	0.0	0.0	-3.1631250000000007e-05
572.002	0.0	0.0	-3.7647750000000006e-05
572.202	0.0	0.0	-4.6809000000000005e-05
572.172	0.0	0.0	-4.5596250000000006e-05
572.212	0.0	0.0	-4.6441500000000006e-05
572.342	0.0	0.0	-4.3210125e-05
572.542	0.0	0.0	-3.8311875e-05
572.512	0.0	0.0	-3.9046875000000006e-05
572.552	0.0	0.0	-3.7511250000000004e-05
572.682	0.0	0.0	-2.5142512500000006e-05
572.872	0.0	0.0	-6.12675e-06
572.842	0.0	0.0	-8.9016375e-06
572.882	0.0	0.0	-4.6654125e-06
573.012	0.0	0.0	1.1623237500000002e-05
573.212	0.0	0.0	3.644025e-05
573.182	0.0	0.0	3.313275e-05
573.222	0.0	0.0	3.7634625e-05
573.352	0.0	0.0	4.8363000000000004e-05
573.552	0.0	0.0	6.463012500000001e-05
573.522	0.0	0.0	6.21705e-05
573.562	0.0	0.0	6.4554e-05
573.682	0.0	0.0	6.3322875e-05
573.882	0.0	0.0	6.143025000000002e-05
573.852	0.0	0.0	6.170850000000001e-05
573.892	0.0	0.0	6.0256875e-05
574.022	0.0	0.0	4.6837875000000006e-05
574.222	0.0	0.0	2.6389125e-05
574.192	0.0	0.0	2.9134875000000003e-05
574.232	0.0	0.0	2.4355275000000005e-05
574.362	0.0	0.0	5.7309000000000005e-06
574.562	0.0	0.0	-2.2523025000000003e-05
574.532	0.0	0.0	-1.8225637500000003e-05
574.572	0.0	0.0	-2.33478e-05
574.692	0.0	0.0	-3.7088625e-05
574.892	0.0	0.0	-5.8230375e-05
574.862	0.0	0.0	-5.510662500000001e-05
574.902	0.0	0.0	-5.843250000000001e-05
575.032	0.0	0.0	-6.078975e-05
575.232	0.0	0.0	-6.4386e-05
575.202	0.0	0.0	-6.390037500000001e-05
575.242	0.0	0.0	-6.3333375e-05
575.372	0.0	0.0	-5.3487000000000005e-05
575.572	0.0	0.0	-3.8542875000000005e-05
575.542	0.0	0.0	-4.082925000000001e-05
575.582	0.0	0.0	-3.7653e-05
575.702	0.0	0.0	-2.2257637500000004e-05
575.902	0.0	0.0	1.43910375e-06
575.872	0.0	0.0	-2.08217625e-06
575.912	0.0	0.0	2.508975e-06
576.042	0.0	0.0	1.5404025000000002e-05
576.242	0.0	0.0	3.507525e-05
576.212	0.0	0.0	3.2400375e-05
576.252	0.0	0.0	3.5479500000000005e-05
576.382	0.0	0.0	3.9361875000000005e-05
576.582	0.0	0.0	4.5255e-05
576.552	0.0	0.0	4.434937500000001e-05
576.592	0.0	0.0	4.4974125e-05
576.712	0.0	0.0	3.9894750000000006e-05
576.912	0.0	0.0	3.2072250000000005e-05
576.882	0.0	0.0	3.3240375e-05
576.922	0.0	0.0	3.132675e-05
577.052	0.0	0.0	2.21025e-05
577.252	0.0	0.0	8.024625000000001e-06
577.222	0.0	0.0	9.951375000000001e-06
577.262	0.0	0.0	7.299862500000001e-06
577.392	0.0	0.0	2.2470525000000003e-07
577.592	0.0	0.0	-1.0522050000000002e-05
577.562	0.0	0.0	-8.8591125e-06
577.602	0.0	0.0	-1.06089375e-05
577.722	0.0	0.0	-1.2241950000000002e-05
577.922	0.0	0.0	-1.4757487500000003e-05
577.892	0.0	0.0	-1.4379225000000001e-05
577.932	0.0	0.0	-1.4586862500000002e-05
578.062	0.0	0.0	-1.2414937500000001e-05
578.262	0.0	0.0	-9.0993e-06
578.232	0.0	0.0	-9.55605e-06
578.272	0.0	0.0	-8.909512500000001e-06
578.402	0.0	0.0	-7.014787500000001e-06
578.602	0.0	0.0	-4.135425e-06
578.572	0.0	0.0	-4.5835125e-06
578.612	0.0	0.0	-4.013887500000001e-06
578.732	0.0	0.0	-1.6250587500000002e-06
578.932	0.0	0.0	2.0560837500000002e-06
578.902	0.0	0.0	1.4992687500000001e-06
578.942	0.0	0.0	2.4594675e-06
579.072	0.0	0.0	7.7497875e-06
579.272	0.0	0.0	1.58295375e-05
579.242	0.0	0.0	1.471155e-05
579.282	0.0	0.0	1.6294425000000003e-05
579.412	0.0	0.0	2.1016012500000004e-05
579.612	0.0	0.0	2.8192500000000005e-05
579.582	0.0	0.0	2.7058500000000005e-05
579.622	0.0	0.0	2.816625e-05
579.742	0.0	0.0	2.7607125000000004e-05
579.942	0.0	0.0	2.6740875000000002e-05
579.912	0.0	0.0	2.6869500000000004e-05
579.952	0.0	0.0	2.6049187500000004e-05
580.082	0.0	0.0	1.7905387500000002e-05
580.282	0.0	0.0	5.5195875000000005e-06
580.252	0.0	0.0	7.4371500000000004e-06
580.292	0.0	0.0	4.8964125e-06
580.412	0.0	0.0	-7.506450000000002e-06
580.612	0.0	0.0	-2.6628000000000003e-05
580.582	0.0	0.0	-2.3699025000000003e-05
580.622	0.0	0.0	-2.7370875e-05
580.752	0.0	0.0	-3.7681875e-05
580.952	0.0	0.0	-5.3445e-05
580.922	0.0	0.0	-5.1237375000000003e-05
580.962	0.0	0.0	-5.3521125e-05
581.092	0.0	0.0	-5.432700000000001e-05
581.292	0.0	0.0	-5.5552875e-05
581.262	0.0	0.0	-5.5358625000000004e-05
581.302	0.0	0.0	-5.5075125000000006e-05
581.422	0.0	0.0	-4.44255e-05
581.622	0.0	0.0	-2.7993000000000005e-05
581.592	0.0	0.0	-3.051825e-05
581.632	0.0	0.0	-2.6698875000000004e-05
581.762	0.0	0.0	-8.272950000000002e-06
581.962	0.0	0.0	1.9896187500000004e-05
581.932	0.0	0.0	1.5925087500000004e-05
581.972	0.0	0.0	2.1411600000000004e-05
582.102	0.0	0.0	3.7905000000000004e-05
582.302	0.0	0.0	6.300262500000001e-05
582.272	0.0	0.0	5.9017875e-05
582.312	0.0	0.0	6.323625e-05
582.432	0.0	0.0	6.868575e-05
582.632	0.0	0.0	7.709625000000001e-05
582.602	0.0	0.0	7.5796875e-05
582.642	0.0	0.0	7.6461e-05
582.772	0.0	0.0	6.710812500000001e-05
582.972	0.0	0.0	5.2801875000000005e-05
582.942	0.0	0.0	5.483100000000001e-05
582.982	0.0	0.0	5.0990625e-05
583.112	0.0	0.0	3.077025e-05
583.312	0.0	0.0	-1.2462712500000003e-08
583.282	0.0	0.0	4.902975e-06
583.322	0.0	0.0	-8.400787500000001e-07
583.442	0.0	0.0	-2.137695e-05
583.642	0.0	0.0	-5.308537500000001e-05
583.612	0.0	0.0	-4.815825000000001e-05
583.652	0.0	0.0	-5.3807250000000006e-05
583.782	0.0	0.0	-6.479025000000001e-05
583.982	0.0	0.0	-8.15955e-05
583.952	0.0	0.0	-7.919625000000001e-05
583.992	0.0	0.0	-8.1172875e-05
584.122	0.0	0.0	-7.633762500000001e-05
584.322	0.0	0.0	-6.8971875e-05
584.292	0.0	0.0	-7.0153125e-05
584.322	0.0	0.0	-6.831037500000001e-05
584.452	0.0	0.0	-5.094075e-05
584.652	0.0	0.0	-2.410905e-05
584.622	0.0	0.0	-2.8300125000000002e-05
584.662	0.0	0.0	-2.2749300000000003e-05
584.792	0.0	0.0	-1.381065e-06
584.992	0.0	0.0	3.132675e-05
584.962	0.0	0.0	2.6630625e-05
585.002	0.0	0.0	3.2515875e-05
585.132	0.0	0.0	4.6475625e-05
585.332	0.0	0.0	6.774337500000001e-05
585.302	0.0	0.0	6.4309875e-05
585.332	0.0	0.0	6.775650000000001e-05
585.462	0.0	0.0	6.810037500000001e-05
585.662	0.0	0.0	6.863587500000001e-05
585.632	0.0	0.0	6.8551875e-05
585.672	0.0	0.0	6.788775000000001e-05
585.802	0.0	0.0	5.573925000000001e-05
586.002	0.0	0.0	3.7135875e-05
585.972	0.0	0.0	3.9823875e-05
586.012	0.0	0.0	3.57e-05
586.142	0.0	0.0	1.83736875e-05
586.342	0.0	0.0	-8.0353875e-06
586.312	0.0	0.0	-3.7500750000000007e-06
586.342	0.0	0.0	-8.477700000000002e-06
586.472	0.0	0.0	-2.16699e-05
586.672	0.0	0.0	-4.2063e-05
586.642	0.0	0.0	-3.8842125e-05
586.682	0.0	0.0	-4.2291375000000005e-05
586.812	0.0	0.0	-4.6144875e-05
587.012	0.0	0.0	-5.20485e-05
586.982	0.0	0.0	-5.1190125000000005e-05
587.022	0.0	0.0	-5.1560250000000005e-05
587.152	0.0	0.0	-4.5488625000000005e-05
587.352	0.0	0.0	-3.6232875e-05
587.322	0.0	0.0	-3.774225e-05
587.352	0.0	0.0	-3.588375000000001e-05
587.482	0.0	0.0	-2.4739312500000003e-05
587.682	0.0	0.0	-7.5054e-06
587.652	0.0	0.0	-1.0243275e-05
587.692	0.0	0.0	-6.890625000000001e-06
587.822	0.0	0.0	3.9020625e-06
588.022	0.0	0.0	2.0442187500000005e-05
587.992	0.0	0.0	1.8023775e-05
588.032	0.0	0.0	2.0896312500000003e-05
588.162	0.0	0.0	2.668575e-05
588.362	0.0	0.0	3.5518875e-05
588.332	0.0	0.0	3.406987500000001e-05
588.362	0.0	0.0	3.549787500000001e-05
588.492	0.0	0.0	3.4776e-05
588.692	0.0	0.0	3.3663000000000006e-05
588.662	0.0	0.0	3.3841500000000005e-05
588.702	0.0	0.0	3.32955e-05
588.832	0.0	0.0	2.6622750000000002e-05
589.032	0.0	0.0	1.63897125e-05
589.002	0.0	0.0	1.7894625e-05
589.042	0.0	0.0	1.56205875e-05
589.172	0.0	0.0	5.525625e-06
589.372	0.0	0.0	-9.881025e-06
589.342	0.0	0.0	-7.3413375e-06
589.372	0.0	0.0	-1.01254125e-05
589.502	0.0	0.0	-1.9253325e-05
589.702	0.0	0.0	-3.33795e-05
589.672	0.0	0.0	-3.11115e-05
589.712	0.0	0.0	-3.3579000000000005e-05
589.842	0.0	0.0	-3.7372125e-05
590.042	0.0	0.0	-4.3189125e-05
590.012	0.0	0.0	-4.232812500000001e-05
590.052	0.0	0.0	-4.2847875e-05
590.182	0.0	0.0	-3.8248875000000004e-05
590.382	0.0	0.0	-3.1224375000000004e-05
590.352	0.0	0.0	-3.2387250000000004e-05
590.382	0.0	0.0	-3.094875e-05
590.512	0.0	0.0	-1.9679362500000004e-05
590.712	0.0	0.0	-2.2322212499999998e-06
590.682	0.0	0.0	-5.049187500000001e-06
590.722	0.0	0.0	-1.5733200000000002e-06
590.852	0.0	0.0	1.1510625000000001e-05
591.052	0.0	0.0	3.1586625e-05
591.022	0.0	0.0	2.8599375000000004e-05
591.062	0.0	0.0	3.213525000000001e-05
591.192	0.0	0.0	3.9805500000000004e-05
591.392	0.0	0.0	5.151825e-05
591.362	0.0	0.0	4.956787500000001e-05
591.392	0.0	0.0	5.1473625e-05
591.522	0.0	0.0	4.953637500000001e-05
591.722	0.0	0.0	4.6533375e-05
591.692	0.0	0.0	4.7021625e-05
591.732	0.0	0.0	4.5995250000000007e-05
591.862	0.0	0.0	3.483900000000001e-05
592.062	0.0	0.0	1.7713500000000002e-05
592.032	0.0	0.0	2.02768125e-05
592.072	0.0	0.0	1.66782e-05
592.202	0.0	0.0	1.7788050000000002e-06
592.402	0.0	0.0	-2.09876625e-05
592.372	0.0	0.0	-1.7176425e-05
592.402	0.0	0.0	-2.1210262500000003e-05
592.532	0.0	0.0	-3.2305875000000003e-05
592.732	0.0	0.0	-4.9499625000000005e-05
592.702	0.0	0.0	-4.66935e-05
592.742	0.0	0.0	-4.959675000000001e-05
592.872	0.0	0.0	-5.170200000000001e-05
593.072	0.0	0.0	-5.4936000000000004e-05
593.042	0.0	0.0	-5.4450375e-05
593.082	0.0	0.0	-5.4369e-05
593.212	0.0	0.0	-4.5934875e-05
593.412	0.0	0.0	-3.3040875e-05
593.382	0.0	0.0	-3.5209125e-05
593.412	0.0	0.0	-3.277837500000001e-05
593.542	0.0	0.0	-1.80119625e-05
593.742	0.0	0.0	4.8762e-06
593.712	0.0	0.0	1.1217675000000003e-06
593.752	0.0	0.0	5.523e-06
593.882	0.0	0.0	2.0300700000000004e-05
594.082	0.0	0.0	4.300275000000001e-05
594.052	0.0	0.0	3.9569250000000004e-05
594.092	0.0	0.0	4.3467375e-05
594.222	0.0	0.0	5.0581125000000004e-05
594.422	0.0	0.0	6.1459125e-05
594.392	0.0	0.0	5.9605875e-05
594.422	0.0	0.0	6.1406625e-05
594.552	0.0	0.0	5.718300000000001e-05
594.752	0.0	0.0	5.0631000000000004e-05
594.722	0.0	0.0	5.1681e-05
594.762	0.0	0.0	4.9867125000000004e-05
594.892	0.0	0.0	3.53535e-05
595.092	0.0	0.0	1.31457375e-05
595.062	0.0	0.0	1.6862737500000003e-05
595.092	0.0	0.0	1.2839400000000001e-05
595.222	0.0	0.0	-4.9898625e-06
595.422	0.0	0.0	-3.263925e-05
595.392	0.0	0.0	-2.8050750000000002e-05
595.432	0.0	0.0	-3.3156375000000005e-05
595.562	0.0	0.0	-4.6249875000000004e-05
595.762	0.0	0.0	-6.637575e-05
595.732	0.0	0.0	-6.330187500000001e-05
595.772	0.0	0.0	-6.641775000000001e-05
595.902	0.0	0.0	-6.709762500000001e-05
596.102	0.0	0.0	-6.8137125e-05
596.072	0.0	0.0	-6.796125e-05
596.102	0.0	0.0	-6.7990125e-05
596.232	0.0	0.0	-5.5584375e-05
596.432	0.0	0.0	-3.6332625e-05
596.402	0.0	0.0	-3.9535125e-05
596.442	0.0	0.0	-3.5558250000000005e-05
596.572	0.0	0.0	-1.5161475000000002e-05
596.772	0.0	0.0	1.620465e-05
596.742	0.0	0.0	1.1384887500000001e-05
596.782	0.0	0.0	1.72606875e-05
596.912	0.0	0.0	3.511725000000001e-05
597.112	0.0	0.0	6.245400000000001e-05
597.082	0.0	0.0	5.7768375000000006e-05
597.112	0.0	0.0	6.251175000000001e-05
597.242	0.0	0.0	6.874350000000001e-05
597.442	0.0	0.0	7.8414e-05
597.412	0.0	0.0	7.679700000000002e-05
597.442	0.0	0.0	7.810425e-05
597.582	0.0	0.0	6.9465375e-05
597.782	0.0	0.0	5.6175000000000003e-05
597.752	0.0	0.0	5.822775000000001e-05
597.792	0.0	0.0	5.506462500000001e-05
597.922	0.0	0.0	3.5534625000000005e-05
598.122	0.0	0.0	5.6235375000000005e-06
598.092	0.0	0.0	1.07743125e-05
598.122	0.0	0.0	5.4723375e-06
598.252	0.0	0.0	-1.4921287500000001e-05
598.452	0.0	0.0	-4.6591125000000004e-05
598.422	0.0	0.0	-4.127025000000001e-05
598.452	0.0	0.0	-4.6995375000000006e-05
598.592	0.0	0.0	-5.90205e-05
598.792	0.0	0.0	-7.7529375e-05
598.762	0.0	0.0	-7.465500000000001e-05
598.802	0.0	0.0	-7.7377125e-05
598.932	0.0	0.0	-7.456575e-05
599.132	0.0	0.0	-7.026337500000001e-05
599.102	0.0	0.0	-7.100625000000001e-05
599.132	0.0	0.0	-7.017937500000001e-05
599.262	0.0	0.0	-5.430862500000001e-05
599.462	0.0	0.0	-2.9652000000000003e-05
599.432	0.0	0.0	-3.3815250000000005e-05
599.462	0.0	0.0	-2.8953750000000004e-05
599.602	0.0	0.0	-6.7039875000000005e-06
599.802	0.0	0.0	2.7552000000000003e-05
599.772	0.0	0.0	2.2199625000000002e-05
599.812	0.0	0.0	2.8478625e-05
599.942	0.0	0.0	4.613175e-05
600.142	0.0	0.0	7.3192875e-05
600.102	0.0	0.0	6.848625000000001e-05
600.142	0.0	0.0	7.3206e-05
600.272	0.0	0.0	7.77e-05
600.472	0.0	0.0	8.469037500000001e-05
600.442	0.0	0.0	8.350387500000002e-05
600.472	0.0	0.0	8.434912499999999e-05
600.612	0.0	0.0	7.270987500000001e-05
600.812	0.0	0.0	5.4781125000000005e-05
600.782	0.0	0.0	5.759775e-05
600.822	0.0	0.0	5.360775e-05
600.952	0.0	0.0	3.0303000000000004e-05
601.152	0.0	0.0	-5.4319125000000005e-06
601.112	0.0	0.0	8.117287500000001e-07
601.152	0.0	0.0	-5.450025e-06
601.282	0.0	0.0	-2.9190000000000003e-05
601.482	0.0	0.0	-6.610012500000001e-05
601.452	0.0	0.0	-5.980537500000001e-05
601.482	0.0	0.0	-6.6451875e-05
601.622	0.0	0.0	-7.9424625e-05
601.822	0.0	0.0	-9.941400000000002e-05
601.792	0.0	0.0	-9.625875000000001e-05
601.832	0.0	0.0	-9.912262500000001e-05
601.962	0.0	0.0	-9.304575000000001e-05
602.162	0.0	0.0	-8.372437500000002e-05
602.122	0.0	0.0	-8.535975e-05
602.162	0.0	0.0	-8.373225000000001e-05
602.292	0.0	0.0	-6.114412500000001e-05
602.492	0.0	0.0	-2.5975687500000002e-05
602.462	0.0	0.0	-3.2004e-05
602.492	0.0	0.0	-2.52448875e-05
602.632	0.0	0.0	4.170075e-06
602.832	0.0	0.0	4.9510125e-05
602.802	0.0	0.0	4.2312374999999997e-05
602.842	0.0	0.0	5.0455125000000006e-05
602.972	0.0	0.0	7.103775e-05
603.172	0.0	0.0	0.00010262437500000002
603.132	0.0	0.0	9.705150000000001e-05
603.172	0.0	0.0	0.00010254825000000003
603.302	0.0	0.0	0.00010379775000000001
603.502	0.0	0.0	0.00010563000000000002
603.472	0.0	0.0	0.000105315
603.502	0.0	0.0	0.00010519425000000001
603.642	0.0	0.0	8.59635e-05
603.842	0.0	0.0	5.6308875000000004e-05
603.812	0.0	0.0	6.104175000000001e-05
603.852	0.0	0.0	5.5006875e-05
603.982	0.0	0.0	2.5183200000000003e-05
604.182	0.0	0.0	-2.0599425e-05
604.142	0.0	0.0	-1.2485550000000001e-05
604.182	0.0	0.0	-2.0427749999999998e-05
604.312	0.0	0.0	-4.51395e-05
604.512	0.0	0.0	-8.356425e-05
604.482	0.0	0.0	-7.6915125e-05
604.512	0.0	0.0	-8.373225000000001e-05
604.652	0.0	0.0	-9.1903875e-05
604.852	0.0	0.0	-0.00010451175
604.822	0.0	0.0	-0.000102487875
604.862	0.0	0.0	-0.00010400512500000002
604.992	0.0	0.0	-9.179887500000002e-05
605.192	0.0	0.0	-7.305375e-05
605.152	0.0	0.0	-7.639012500000001e-05
605.192	0.0	0.0	-7.3150875e-05
605.322	0.0	0.0	-4.8953625000000014e-05
605.522	0.0	0.0	-1.1120287500000002e-05
605.482	0.0	0.0	-1.77006375e-05
605.522	0.0	0.0	-1.067955e-05
605.662	0.0	0.0	1.3360725e-05
605.862	0.0	0.0	5.046037500000001e-05
605.832	0.0	0.0	4.4475375e-05
605.872	0.0	0.0	5.0906625000000007e-05
606.002	0.0	0.0	6.225712500000001e-05
606.202	0.0	0.0	7.9695e-05
606.162	0.0	0.0	7.657650000000001e-05
606.202	0.0	0.0	7.957950000000001e-05
606.332	0.0	0.0	7.48965e-05
606.532	0.0	0.0	6.7347e-05
606.492	0.0	0.0	6.866475e-05
606.532	0.0	0.0	6.70845e-05
606.662	0.0	0.0	5.0985375000000006e-05
606.872	0.0	0.0	2.6128725000000005e-05
606.842	0.0	0.0	3.0158625000000005e-05
606.872	0.0	0.0	2.5487437500000002e-05
607.012	0.0	0.0	8.2170375e-06
607.212	0.0	0.0	-1.8326700000000002e-05
607.172	0.0	0.0	-1.3556550000000002e-05
607.212	0.0	0.0	-1.8115387500000002e-05
607.342	0.0	0.0	-2.7780375000000004e-05
607.542	0.0	0.0	-4.2695625e-05
607.502	0.0	0.0	-4.0075875000000005e-05
607.542	0.0	0.0	-4.2687750000000005e-05
607.672	0.0	0.0	-4.2139125e-05
607.882	0.0	0.0	-4.129125e-05
607.852	0.0	0.0	-4.1430375e-05
607.882	0.0	0.0	-4.1020875000000004e-05
608.022	0.0	0.0	-3.327975e-05
608.222	0.0	0.0	-2.13761625e-05
608.182	0.0	0.0	-2.35249875e-05
608.222	0.0	0.0	-2.14874625e-05
608.352	0.0	0.0	-1.29714375e-05
608.552	0.0	0.0	3.2662875e-07
608.512	0.0	0.0	-2.0196225e-06
608.552	0.0	0.0	3.848775000000001e-07
608.682	0.0	0.0	5.298825e-06
608.892	0.0	0.0	1.28905875e-05
608.862	0.0	0.0	1.16489625e-05
608.892	0.0	0.0	1.2901087500000002e-05
609.032	0.0	0.0	1.3221075000000001e-05
609.232	0.0	0.0	1.3713e-05
609.192	0.0	0.0	1.36229625e-05
609.232	0.0	0.0	1.3706700000000002e-05
609.362	0.0	0.0	1.1874187500000001e-05
609.562	0.0	0.0	8.9457375e-06
609.522	0.0	0.0	9.4513125e-06
609.562	0.0	0.0	8.897175000000002e-06
609.702	0.0	0.0	6.524700000000001e-06
609.902	0.0	0.0	2.8743750000000003e-06
609.862	0.0	0.0	3.5301000000000007e-06
609.902	0.0	0.0	2.9098125e-06
610.032	0.0	0.0	-2.8105875e-07
610.232	0.0	0.0	-5.278875000000001e-06
610.192	0.0	0.0	-4.3876875e-06
610.232	0.0	0.0	-5.3048625e-06
610.362	0.0	0.0	-8.668537500000001e-06
610.572	0.0	0.0	-1.3868662500000002e-05
610.542	0.0	0.0	-1.3010025000000003e-05
610.572	0.0	0.0	-1.3898850000000002e-05
610.712	0.0	0.0	-1.4931787500000002e-05
610.912	0.0	0.0	-1.652175e-05
610.872	0.0	0.0	-1.6231162500000002e-05
610.912	0.0	0.0	-1.65010125e-05
611.042	0.0	0.0	-1.4061337500000001e-05
611.242	0.0	0.0	-1.01411625e-05
611.202	0.0	0.0	-1.0841512500000002e-05
611.242	0.0	0.0	-1.011045e-05
611.372	0.0	0.0	-5.0801625e-06
611.582	0.0	0.0	2.69955e-06
611.552	0.0	0.0	1.4083125000000002e-06
611.582	0.0	0.0	2.8203e-06
611.722	0.0	0.0	7.298812500000001e-06
611.922	0.0	0.0	1.4194162500000001e-05
611.882	0.0	0.0	1.2928650000000002e-05
611.922	0.0	0.0	1.4094412500000001e-05
612.052	0.0	0.0	1.5530025e-05
612.252	0.0	0.0	1.7663625e-05
612.212	0.0	0.0	1.7280900000000003e-05
612.252	0.0	0.0	1.76554875e-05
612.382	0.0	0.0	1.55617875e-05
612.592	0.0	0.0	1.23228e-05
612.562	0.0	0.0	1.2863025000000002e-05
612.592	0.0	0.0	1.22241e-05
612.732	0.0	0.0	8.2474875e-06
612.932	0.0	0.0	2.1218137500000003e-06
612.892	0.0	0.0	3.2510625e-06
612.932	0.0	0.0	2.2188600000000002e-06
613.062	0.0	0.0	-1.6908675e-06
613.262	0.0	0.0	-7.7973e-06
613.222	0.0	0.0	-6.696112500000001e-06
613.262	0.0	0.0	-7.8028125e-06
613.392	0.0	0.0	-1.0925512500000002e-05
613.602	0.0	0.0	-1.5758662500000003e-05
613.572	0.0	0.0	-1.4948325e-05
613.602	0.0	0.0	-1.57822875e-05
613.742	0.0	0.0	-1.68275625e-05
613.942	0.0	0.0	-1.8438262500000003e-05
613.902	0.0	0.0	-1.8139800000000002e-05
613.942	0.0	0.0	-1.8410437500000002e-05
614.072	0.0	0.0	-1.5616125e-05
614.272	0.0	0.0	-1.1084325e-05
614.232	0.0	0.0	-1.1905162500000002e-05
614.272	0.0	0.0	-1.1085375e-05
614.402	0.0	0.0	-3.3589500000000007e-06
614.612	0.0	0.0	8.606325000000001e-06
614.582	0.0	0.0	6.590587500000001e-06
614.612	0.0	0.0	8.7992625e-06
614.752	0.0	0.0	1.8233250000000004e-05
614.952	0.0	0.0	3.277575e-05
614.912	0.0	0.0	3.0072e-05
614.952	0.0	0.0	3.250537500000001e-05
615.082	0.0	0.0	3.7970625e-05
615.282	0.0	0.0	4.63365e-05
615.242	0.0	0.0	4.481400000000001e-05
615.282	0.0	0.0	4.6323374999999996e-05
615.412	0.0	0.0	4.2404250000000007e-05
615.622	0.0	0.0	3.6301125000000006e-05
615.582	0.0	0.0	3.7335375e-05
615.622	0.0	0.0	3.60465e-05
615.762	0.0	0.0	2.2171537500000002e-05
615.962	0.0	0.0	7.731412500000001e-07
615.922	0.0	0.0	4.770675e-06
615.962	0.0	0.0	1.2007537500000002e-06
616.092	0.0	0.0	-1.62939e-05
616.292	0.0	0.0	-4.3845375000000004e-05
616.252	0.0	0.0	-3.8808e-05
616.292	0.0	0.0	-4.3761375e-05
616.422	0.0	0.0	-5.606737500000001e-05
616.632	0.0	0.0	-7.509600000000001e-05
616.592	0.0	0.0	-7.185937500000001e-05
616.632	0.0	0.0	-7.506450000000002e-05
616.772	0.0	0.0	-7.311937500000001e-05
616.972	0.0	0.0	-7.011900000000001e-05
616.932	0.0	0.0	-7.068075e-05
616.972	0.0	0.0	-7.018200000000001e-05
617.102	0.0	0.0	-5.3859750000000006e-05
617.302	0.0	0.0	-2.7544125e-05
617.262	0.0	0.0	-3.237675e-05
617.302	0.0	0.0	-2.7659625000000004e-05
617.432	0.0	0.0	-2.61289875e-06
617.642	0.0	0.0	3.6295875000000004e-05
617.602	0.0	0.0	2.9644125000000005e-05
617.642	0.0	0.0	3.657412500000001e-05
617.772	0.0	0.0	5.6429625e-05
617.982	0.0	0.0	8.707125000000001e-05
617.942	0.0	0.0	8.129625e-05
617.982	0.0	0.0	8.637562500000001e-05
618.112	0.0	0.0	9.062550000000002e-05
618.312	0.0	0.0	9.639525000000002e-05
618.272	0.0	0.0	9.533212500000002e-05
618.312	0.0	0.0	9.636112500000001e-05
618.442	0.0	0.0	8.115187500000001e-05
618.652	0.0	0.0	5.730375000000001e-05
618.612	0.0	0.0	6.140137500000001e-05
618.652	0.0	0.0	5.698350000000001e-05
618.782	0.0	0.0	2.9911875000000006e-05
618.992	0.0	0.0	-1.1885475e-05
618.952	0.0	0.0	-3.975825e-06
618.992	0.0	0.0	-1.0878525e-05
619.122	0.0	0.0	-3.535875e-05
619.322	0.0	0.0	-7.354725000000001e-05
619.282	0.0	0.0	-6.647287500000001e-05
619.322	0.0	0.0	-7.327162500000001e-05
619.452	0.0	0.0	-8.3509125e-05
619.662	0.0	0.0	-9.913575000000002e-05
619.622	0.0	0.0	-9.643725e-05
619.662	0.0	0.0	-9.904125000000002e-05
619.792	0.0	0.0	-8.943900000000001e-05
620.002	0.0	0.0	-7.461037500000001e-05
619.962	0.0	0.0	-7.7427e-05
619.992	0.0	0.0	-7.498575000000001e-05
620.132	0.0	0.0	-5.282025e-05
620.332	0.0	0.0	-1.7277225e-05
620.292	0.0	0.0	-2.3889600000000002e-05
620.332	0.0	0.0	-1.758225e-05
620.462	0.0	0.0	6.632325000000001e-06
620.672	0.0	0.0	4.4228625e-05
620.632	0.0	0.0	3.771075000000001e-05
620.672	0.0	0.0	4.4328375e-05
620.802	0.0	0.0	5.729850000000001e-05
621.012	0.0	0.0	7.733775e-05
620.972	0.0	0.0	7.3513125e-05
621.002	0.0	0.0	7.679962500000002e-05
621.142	0.0	0.0	7.440300000000001e-05
621.342	0.0	0.0	6.959925000000001e-05
621.302	0.0	0.0	7.0497e-05
621.342	0.0	0.0	6.96465e-05
621.472	0.0	0.0	5.455537500000001e-05
621.682	0.0	0.0	3.084375e-05
621.642	0.0	0.0	3.4972875000000004e-05
621.682	0.0	0.0	3.0746625e-05
621.812	0.0	0.0	1.2894000000000002e-05
622.022	0.0	0.0	-1.4701050000000002e-05
621.982	0.0	0.0	-9.412462500000001e-06
622.012	0.0	0.0	-1.3923262500000002e-05
622.152	0.0	0.0	-2.520105e-05
622.352	0.0	0.0	-4.2420000000000004e-05
622.312	0.0	0.0	-3.9188625e-05
622.352	0.0	0.0	-4.222575e-05
622.482	0.0	0.0	-4.3123499999999995e-05
622.692	0.0	0.0	-4.423650000000001e-05
622.652	0.0	0.0	-4.404225e-05
622.692	0.0	0.0	-4.4207625e-05
622.822	0.0	0.0	-3.673425e-05
623.032	0.0	0.0	-2.51803125e-05
622.992	0.0	0.0	-2.7418125000000003e-05
623.022	0.0	0.0	-2.5543875000000003e-05
623.152	0.0	0.0	-1.6327237500000004e-05
623.362	0.0	0.0	-1.7119462500000003e-06
623.322	0.0	0.0	-4.400025e-06
623.362	0.0	0.0	-1.7963925000000002e-06
623.492	0.0	0.0	4.2861e-06
623.702	0.0	0.0	1.3647375e-05
623.662	0.0	0.0	1.1862637500000001e-05
623.692	0.0	0.0	1.3381462500000001e-05
623.822	0.0	0.0	1.4377125e-05
624.032	0.0	0.0	1.55749125e-05
623.992	0.0	0.0	1.53481125e-05
624.032	0.0	0.0	1.5558112500000004e-05
624.162	0.0	0.0	1.3090350000000002e-05
624.372	0.0	0.0	9.144450000000002e-06
624.332	0.0	0.0	9.840074999999999e-06
624.372	0.0	0.0	9.1455e-06
624.502	0.0	0.0	6.35355e-06
624.712	0.0	0.0	2.03335125e-06
624.672	0.0	0.0	2.8704375000000006e-06
624.702	0.0	0.0	2.1707175e-06
624.832	0.0	0.0	8.656462500000001e-07
625.042	0.0	0.0	-1.06273125e-06
625.002	0.0	0.0	-6.967012500000001e-07
625.042	0.0	0.0	-1.0337512500000001e-06
625.172	0.0	0.0	-1.44795e-06
625.382	0.0	0.0	-2.0608612500000003e-06
625.342	0.0	0.0	-1.95229125e-06
625.382	0.0	0.0	-2.05989e-06
625.512	0.0	0.0	-2.35475625e-06
625.722	0.0	0.0	-2.81085e-06
625.682	0.0	0.0	-2.7221250000000006e-06
625.712	0.0	0.0	-2.795625e-06
625.842	0.0	0.0	-2.4239775e-06
626.052	0.0	0.0	-1.7835300000000001e-06
626.012	0.0	0.0	-1.9056187500000003e-06
626.052	0.0	0.0	-1.79403e-06
626.182	0.0	0.0	-1.0276874999999999e-06
626.392	0.0	0.0	1.78040625e-07
626.352	0.0	0.0	-3.6521625000000004e-08
626.392	0.0	0.0	1.7447587499999998e-07
626.522	0.0	0.0	9.506700000000002e-07
626.732	0.0	0.0	2.15257875e-06
626.692	0.0	0.0	1.9177725000000003e-06
626.722	0.0	0.0	2.1111300000000004e-06
626.852	0.0	0.0	3.4915125000000004e-06
627.062	0.0	0.0	5.714625e-06
627.022	0.0	0.0	5.2891125e-06
627.062	0.0	0.0	5.6752500000000004e-06
627.192	0.0	0.0	6.578775e-06
627.402	0.0	0.0	7.960837500000001e-06
627.362	0.0	0.0	7.713825e-06
627.402	0.0	0.0	7.9548e-06
627.532	0.0	0.0	6.1005e-06
627.742	0.0	0.0	3.19935e-06
627.702	0.0	0.0	3.7684500000000007e-06
627.732	0.0	0.0	3.3033e-06
627.862	0.0	0.0	-1.6952512500000003e-06
628.072	0.0	0.0	-9.842700000000001e-06
628.032	0.0	0.0	-8.276625e-06
628.072	0.0	0.0	-9.686775e-06
628.202	0.0	0.0	-1.6001737500000002e-05
628.412	0.0	0.0	-2.5876987500000002e-05
628.372	0.0	0.0	-2.4103800000000005e-05
628.412	0.0	0.0	-2.5821075e-05
628.542	0.0	0.0	-2.8494375000000004e-05
628.752	0.0	0.0	-3.258937500000001e-05
628.712	0.0	0.0	-3.17835e-05
628.742	0.0	0.0	-3.2437125e-05
628.872	0.0	0.0	-2.8179375000000005e-05
629.082	0.0	0.0	-2.0819662500000004e-05
629.042	0.0	0.0	-2.2240312500000002e-05
629.082	0.0	0.0	-2.0970600000000002e-05
629.212	0.0	0.0	-9.069112500000002e-06
629.422	0.0	0.0	9.8196e-06
629.382	0.0	0.0	6.412875000000001e-06
629.422	0.0	0.0	9.6865125e-06
629.552	0.0	0.0	2.346015e-05
629.762	0.0	0.0	4.484287500000001e-05
629.722	0.0	0.0	4.0614e-05
629.752	0.0	0.0	4.401862500000001e-05
629.882	0.0	0.0	5.1636375000000004e-05
630.092	0.0	0.0	6.300525e-05
630.052	0.0	0.0	6.0800250000000005e-05
630.092	0.0	0.0	6.2755875e-05
630.222	0.0	0.0	5.796000000000001e-05
630.432	0.0	0.0	4.983300000000001e-05
630.392	0.0	0.0	5.130562500000001e-05
630.432	0.0	0.0	4.9901250000000006e-05
630.562	0.0	0.0	3.288075e-05
630.772	0.0	0.0	6.241725000000001e-06
630.732	0.0	0.0	1.15308375e-05
630.762	0.0	0.0	7.303537500000001e-06
630.892	0.0	0.0	-1.3161750000000002e-05
631.102	0.0	0.0	-4.5717e-05
631.062	0.0	0.0	-3.9382875000000004e-05
631.102	0.0	0.0	-4.4961e-05
631.232	0.0	0.0	-5.90205e-05
631.442	0.0	0.0	-8.051137500000001e-05
631.402	0.0	0.0	-7.660275000000002e-05
631.442	0.0	0.0	-8.030400000000001e-05
631.572	0.0	0.0	-7.856100000000001e-05
631.782	0.0	0.0	-7.5487125e-05
631.742	0.0	0.0	-7.6101375e-05
631.772	0.0	0.0	-7.561312500000001e-05
631.902	0.0	0.0	-5.9577e-05
632.112	0.0	0.0	-3.2809875000000004e-05
632.072	0.0	0.0	-3.8041500000000005e-05
632.102	0.0	0.0	-3.3468750000000004e-05
632.242	0.0	0.0	-9.582825000000001e-06
632.452	0.0	0.0	2.8040250000000007e-05
632.412	0.0	0.0	2.1165112500000003e-05
632.452	0.0	0.0	2.7622875e-05
632.582	0.0	0.0	4.579312500000001e-05
632.792	0.0	0.0	7.383075000000001e-05
632.752	0.0	0.0	6.82185e-05
632.782	0.0	0.0	7.263637499999999e-05
632.912	0.0	0.0	7.657912500000002e-05
633.122	0.0	0.0	8.122012500000001e-05
633.082	0.0	0.0	8.030925e-05
633.112	0.0	0.0	8.109937500000001e-05
633.252	0.0	0.0	6.896925000000001e-05
633.462	0.0	0.0	4.9077000000000005e-05
633.422	0.0	0.0	5.2728375000000007e-05
633.462	0.0	0.0	4.932375e-05
633.592	0.0	0.0	2.8770000000000004e-05
633.802	0.0	0.0	-3.3891375000000004e-06
633.762	0.0	0.0	3.0715125e-06
633.792	0.0	0.0	-1.9786725e-06
633.922	0.0	0.0	-1.9135987500000004e-05
634.132	0.0	0.0	-4.5766875e-05
634.092	0.0	0.0	-4.0522125000000005e-05
634.122	0.0	0.0	-4.5042375e-05
634.262	0.0	0.0	-5.122687500000001e-05
634.472	0.0	0.0	-6.0115125000000005e-05
634.432	0.0	0.0	-5.847712500000001e-05
634.472	0.0	0.0	-5.999175000000001e-05
634.602	0.0	0.0	-5.3487000000000005e-05
634.812	0.0	0.0	-4.2966e-05
634.772	0.0	0.0	-4.5087e-05
634.802	0.0	0.0	-4.344112500000001e-05
634.932	0.0	0.0	-3.1206e-05
635.142	0.0	0.0	-1.12641375e-05
635.102	0.0	0.0	-1.5208725e-05
635.132	0.0	0.0	-1.1835599999999999e-05
635.272	0.0	0.0	-1.12504875e-06
635.482	0.0	0.0	1.5424237500000003e-05
635.442	0.0	0.0	1.2360337500000004e-05
635.482	0.0	0.0	1.51738125e-05
635.612	0.0	0.0	1.8469237500000005e-05
635.822	0.0	0.0	2.331525e-05
635.782	0.0	0.0	2.2334025000000002e-05
635.812	0.0	0.0	2.3090025000000003e-05
635.942	0.0	0.0	2.0162887500000006e-05
636.152	0.0	0.0	1.4802637500000002e-05
636.112	0.0	0.0	1.5867075e-05
636.142	0.0	0.0	1.49632875e-05
636.282	0.0	0.0	1.0348800000000002e-05
636.492	0.0	0.0	3.0604875000000006e-06
636.452	0.0	0.0	4.4155125e-06
636.492	0.0	0.0	3.1804500000000006e-06
636.622	0.0	0.0	1.6043737500000001e-06
636.832	0.0	0.0	-7.188300000000001e-07
636.792	0.0	0.0	-2.46642375e-07
636.822	0.0	0.0	-6.0771375e-07
636.952	0.0	0.0	-4.189762500000001e-06
637.162	0.0	0.0	-1.0107037500000001e-05
637.122	0.0	0.0	-8.9273625e-06
637.152	0.0	0.0	-9.921712500000001e-06
637.292	0.0	0.0	-1.45816125e-05
637.502	0.0	0.0	-2.1922162500000002e-05
637.462	0.0	0.0	-2.0553225000000003e-05
637.502	0.0	0.0	-2.17938e-05
637.632	0.0	0.0	-2.20177125e-05
637.842	0.0	0.0	-2.2170224999999998e-05
637.802	0.0	0.0	-2.2138987500000002e-05
637.832	0.0	0.0	-2.21626125e-05
637.962	0.0	0.0	-1.5797512500000003e-05
638.172	0.0	0.0	-4.859925e-06
638.132	0.0	0.0	-6.999825000000001e-06
638.162	0.0	0.0	-5.142112500000001e-06
638.302	0.0	0.0	6.371925000000001e-06
638.512	0.0	0.0	2.4566325000000004e-05
638.472	0.0	0.0	2.0887387500000002e-05
638.502	0.0	0.0	2.36940375e-05
638.632	0.0	0.0	3.3198375e-05
638.842	0.0	0.0	4.792725e-05
638.802	0.0	0.0	4.4963625000000006e-05
638.832	0.0	0.0	4.74285e-05
638.972	0.0	0.0	4.8544125000000003e-05
639.182	0.0	0.0	4.9557375000000006e-05
639.142	0.0	0.0	4.9365750000000004e-05
639.182	0.0	0.0	4.953637500000001e-05
639.312	0.0	0.0	3.957975000000001e-05
639.522	0.0	0.0	2.3548350000000003e-05
639.482	0.0	0.0	2.6840625000000004e-05
639.512	0.0	0.0	2.4371287500000004e-05
639.642	0.0	0.0	8.5493625e-06
639.852	0.0	0.0	-1.7202937500000004e-05
639.812	0.0	0.0	-1.20148875e-05
639.842	0.0	0.0	-1.63041375e-05
639.982	0.0	0.0	-3.0825375e-05
640.192	0.0	0.0	-5.3326875000000004e-05
640.152	0.0	0.0	-4.9077000000000005e-05
640.192	0.0	0.0	-5.284650000000001e-05
640.322	0.0	0.0	-5.719350000000001e-05
640.532	0.0	0.0	-6.3422625e-05
640.492	0.0	0.0	-6.2139e-05
640.522	0.0	0.0	-6.309450000000001e-05
640.652	0.0	0.0	-5.56815e-05
640.862	0.0	0.0	-4.235700000000001e-05
640.822	0.0	0.0	-4.5052875e-05
640.852	0.0	0.0	-4.284000000000001e-05
640.992	0.0	0.0	-2.6412750000000002e-05
641.202	0.0	0.0	-8.760412500000001e-09
641.162	0.0	0.0	-5.0145375e-06
641.202	0.0	0.0	-6.076875000000001e-07
641.332	0.0	0.0	1.56720375e-05
641.542	0.0	0.0	4.0989375e-05
641.502	0.0	0.0	3.575250000000001e-05
641.532	0.0	0.0	3.9624375000000005e-05
641.662	0.0	0.0	4.7803875e-05
641.872	0.0	0.0	5.9569125e-05
641.832	0.0	0.0	5.718037500000001e-05
641.862	0.0	0.0	5.912550000000001e-05
642.002	0.0	0.0	5.553975000000001e-05
642.212	0.0	0.0	4.885125e-05
642.172	0.0	0.0	5.012437500000001e-05
642.202	0.0	0.0	4.9011375e-05
642.342	0.0	0.0	3.6117375000000006e-05
642.552	0.0	0.0	1.550325e-05
642.512	0.0	0.0	1.9783575e-05
642.542	0.0	0.0	1.6642500000000002e-05
642.672	0.0	0.0	2.1067200000000002e-06
642.882	0.0	0.0	-2.1079012500000004e-05
642.842	0.0	0.0	-1.635375e-05
642.872	0.0	0.0	-2.01770625e-05
643.012	0.0	0.0	-3.0022125000000004e-05
643.222	0.0	0.0	-4.4905875000000005e-05
643.182	0.0	0.0	-4.2060375000000006e-05
643.212	0.0	0.0	-4.452787500000001e-05
643.352	0.0	0.0	-4.494000000000001e-05
643.562	0.0	0.0	-4.499775000000001e-05
643.522	0.0	0.0	-4.4987250000000005e-05
643.552	0.0	0.0	-4.4995125e-05
643.682	0.0	0.0	-3.757425000000001e-05
643.892	0.0	0.0	-2.4691275000000004e-05
643.852	0.0	0.0	-2.7326250000000006e-05
643.882	0.0	0.0	-2.52097125e-05
644.022	0.0	0.0	-1.3395375000000002e-05
644.232	0.0	0.0	5.4550125e-06
644.192	0.0	0.0	1.8372375000000003e-06
644.222	0.0	0.0	4.9525875e-06
644.362	0.0	0.0	1.4937825000000001e-05
644.572	0.0	0.0	3.0366000000000004e-05
644.532	0.0	0.0	2.7139875000000002e-05
644.562	0.0	0.0	2.9473500000000005e-05
644.692	0.0	0.0	3.3529125000000006e-05
644.902	0.0	0.0	3.903375e-05
644.862	0.0	0.0	3.7902375e-05
644.892	0.0	0.0	3.8805375000000005e-05
645.032	0.0	0.0	3.5324625000000006e-05
645.242	0.0	0.0	2.9119125000000006e-05
645.202	0.0	0.0	3.0316125e-05
645.232	0.0	0.0	2.9292375000000003e-05
645.372	0.0	0.0	2.022615e-05
645.582	0.0	0.0	5.7206625e-06
645.542	0.0	0.0	8.765925e-06
645.572	0.0	0.0	6.5790375e-06
645.702	0.0	0.0	-3.21405e-06
645.912	0.0	0.0	-1.8801562500000004e-05
645.872	0.0	0.0	-1.55883e-05
645.902	0.0	0.0	-1.8133237500000004e-05
646.042	0.0	0.0	-2.4450825e-05
646.252	0.0	0.0	-3.39255e-05
646.212	0.0	0.0	-3.209325e-05
646.242	0.0	0.0	-3.3649875e-05
646.382	0.0	0.0	-3.3127500000000004e-05
646.592	0.0	0.0	-3.182025000000001e-05
646.552	0.0	0.0	-3.2095875000000004e-05
646.582	0.0	0.0	-3.1899e-05
646.712	0.0	0.0	-2.5684575000000003e-05
646.922	0.0	0.0	-1.495095e-05
646.882	0.0	0.0	-1.7171962500000002e-05
646.912	0.0	0.0	-1.54252875e-05
647.052	0.0	0.0	-6.286350000000001e-06
647.262	0.0	0.0	8.285025000000001e-06
647.222	0.0	0.0	5.454487500000001e-06
647.252	0.0	0.0	7.839300000000001e-06
647.392	0.0	0.0	1.4802375e-05
647.602	0.0	0.0	2.5487962500000005e-05
647.562	0.0	0.0	2.3228100000000002e-05
647.592	0.0	0.0	2.4827775e-05
647.722	0.0	0.0	2.6656875e-05
647.932	0.0	0.0	2.8707000000000005e-05
647.892	0.0	0.0	2.8279125e-05
647.922	0.0	0.0	2.86125e-05
648.062	0.0	0.0	2.480205e-05
648.272	0.0	0.0	1.82198625e-05
648.232	0.0	0.0	1.9503487500000003e-05
648.262	0.0	0.0	1.8429862500000002e-05
648.402	0.0	0.0	1.15649625e-05
648.612	0.0	0.0	6.265875000000001e-07
648.572	0.0	0.0	2.9481375000000003e-06
648.602	0.0	0.0	1.3163587500000003e-06
648.732	0.0	0.0	-4.8636e-06
648.942	0.0	0.0	-1.4519662500000002e-05
648.902	0.0	0.0	-1.2506812500000001e-05
648.932	0.0	0.0	-1.4067375000000002e-05
649.072	0.0	0.0	-1.7287725000000002e-05
649.282	0.0	0.0	-2.1966787500000004e-05
649.242	0.0	0.0	-2.1050662500000002e-05
649.272	0.0	0.0	-2.1811387500000005e-05
649.412	0.0	0.0	-2.09230875e-05
649.622	0.0	0.0	-1.9202925e-05
649.572	0.0	0.0	-1.9569112500000003e-05
649.612	0.0	0.0	-1.93134375e-05
649.742	0.0	0.0	-1.5049125000000003e-05
649.952	0.0	0.0	-7.7240625e-06
649.912	0.0	0.0	-9.256537500000001e-06
649.942	0.0	0.0	-8.076600000000002e-06
650.082	0.0	0.0	-1.1404575e-06
650.292	0.0	0.0	1.0017e-05
650.252	0.0	0.0	7.824075e-06
650.282	0.0	0.0	9.631912500000001e-06
650.422	0.0	0.0	1.6381837500000002e-05
650.632	0.0	0.0	2.6898375e-05
650.582	0.0	0.0	2.46495375e-05
650.622	0.0	0.0	2.6207212500000003e-05
650.752	0.0	0.0	2.9255625000000003e-05
650.962	0.0	0.0	3.3426750000000007e-05
650.922	0.0	0.0	3.2552625e-05
650.952	0.0	0.0	3.322200000000001e-05
651.092	0.0	0.0	2.940525e-05
651.302	0.0	0.0	2.25715875e-05
651.262	0.0	0.0	2.392005e-05
651.292	0.0	0.0	2.2816237500000003e-05
651.432	0.0	0.0	1.2344850000000003e-05
651.642	0.0	0.0	-4.5940125000000004e-06
651.592	0.0	0.0	-9.60225e-07
651.632	0.0	0.0	-3.4605375000000002e-06
651.762	0.0	0.0	-1.5622162500000002e-05
651.972	0.0	0.0	-3.5175e-05
651.932	0.0	0.0	-3.105375e-05
651.962	0.0	0.0	-3.4182750000000004e-05
652.102	0.0	0.0	-4.195275e-05
652.312	0.0	0.0	-5.350012500000001e-05
652.272	0.0	0.0	-5.1213750000000004e-05
652.302	0.0	0.0	-5.3074875000000014e-05
652.442	0.0	0.0	-5.042625e-05
652.652	0.0	0.0	-4.5325875000000004e-05
652.602	0.0	0.0	-4.6431e-05
652.642	0.0	0.0	-4.568287500000001e-05
652.772	0.0	0.0	-3.3479250000000006e-05
652.982	0.0	0.0	-1.2329362500000002e-05
652.942	0.0	0.0	-1.6708387500000003e-05
652.972	0.0	0.0	-1.3286175000000002e-05
653.112	0.0	0.0	4.2926625e-06
653.322	0.0	0.0	3.2248125e-05
653.272	0.0	0.0	2.6281500000000006e-05
653.312	0.0	0.0	3.0376500000000006e-05
653.442	0.0	0.0	4.351725e-05
653.652	0.0	0.0	6.351975e-05
653.612	0.0	0.0	5.9269875000000005e-05
653.642	0.0	0.0	6.245400000000001e-05
653.782	0.0	0.0	6.40815e-05
653.992	0.0	0.0	6.503962500000001e-05
653.952	0.0	0.0	6.484800000000001e-05
653.982	0.0	0.0	6.5002875e-05
654.122	0.0	0.0	5.3043375000000006e-05
654.332	0.0	0.0	3.303825000000001e-05
654.282	0.0	0.0	3.7372125e-05
654.322	0.0	0.0	3.4445250000000004e-05
654.452	0.0	0.0	1.5774675e-05
654.662	0.0	0.0	-1.50546375e-05
654.612	0.0	0.0	-8.494500000000001e-06
654.652	0.0	0.0	-1.3383037500000001e-05
654.792	0.0	0.0	-3.0442125000000003e-05
655.002	0.0	0.0	-5.6833875e-05
654.962	0.0	0.0	-5.155237500000001e-05
654.992	0.0	0.0	-5.5762875e-05
655.132	0.0	0.0	-6.149850000000001e-05
655.342	0.0	0.0	-6.929212500000002e-05
655.292	0.0	0.0	-6.759900000000001e-05
655.322	0.0	0.0	-6.873562500000001e-05
655.462	0.0	0.0	-6.166387500000001e-05
655.672	0.0	0.0	-4.800337500000001e-05
655.622	0.0	0.0	-5.091975000000001e-05
655.662	0.0	0.0	-4.8762000000000005e-05
655.802	0.0	0.0	-3.2051250000000006e-05
656.012	0.0	0.0	-4.615275000000001e-06
655.972	0.0	0.0	-1.0126462500000001e-05
656.002	0.0	0.0	-5.763450000000001e-06
656.142	0.0	0.0	1.0958325000000002e-05
656.352	0.0	0.0	3.7065000000000005e-05
656.302	0.0	0.0	3.1371375e-05
656.332	0.0	0.0	3.5161875000000005e-05
656.472	0.0	0.0	4.3827e-05
656.682	0.0	0.0	5.597025e-05
656.632	0.0	0.0	5.336887500000001e-05
656.672	0.0	0.0	5.527987500000001e-05
656.802	0.0	0.0	5.252362500000001e-05
657.022	0.0	0.0	4.6580625e-05
656.982	0.0	0.0	4.778025e-05
657.012	0.0	0.0	4.6837875000000006e-05
657.152	0.0	0.0	3.5458500000000006e-05
657.362	0.0	0.0	1.6764037500000003e-05
657.312	0.0	0.0	2.0854050000000004e-05
657.342	0.0	0.0	1.81500375e-05
657.482	0.0	0.0	5.601225000000001e-06
657.692	0.0	0.0	-1.4493937500000001e-05
657.642	0.0	0.0	-1.0172137500000001e-05
657.682	0.0	0.0	-1.3326075000000001e-05
657.812	0.0	0.0	-2.1371437500000003e-05
658.032	0.0	0.0	-3.3261375000000005e-05
657.992	0.0	0.0	-3.0854250000000004e-05
658.022	0.0	0.0	-3.2731125000000004e-05
658.162	0.0	0.0	-3.2967375e-05
658.372	0.0	0.0	-3.2473875e-05
658.322	0.0	0.0	-3.2584125e-05
658.352	0.0	0.0	-3.2513249999999996e-05
658.492	0.0	0.0	-2.7202875000000005e-05
658.702	0.0	0.0	-1.76864625e-05
658.652	0.0	0.0	-1.9740262500000002e-05
658.692	0.0	0.0	-1.8251625e-05
658.822	0.0	0.0	-1.0677712500000002e-05
659.042	0.0	0.0	1.46913375e-06
659.002	0.0	0.0	-9.98655e-07
659.032	0.0	0.0	9.138412500000001e-07
659.172	0.0	0.0	6.848887500000001e-06
659.382	0.0	0.0	1.59371625e-05
659.332	0.0	0.0	1.3935075000000001e-05
659.362	0.0	0.0	1.5240225e-05
659.502	0.0	0.0	1.79395125e-05
659.712	0.0	0.0	2.156385e-05
659.662	0.0	0.0	2.0778975000000004e-05
659.702	0.0	0.0	2.1343875000000002e-05
659.832	0.0	0.0	2.020935e-05
660.052	0.0	0.0	1.7856037500000002e-05
660.012	0.0	0.0	1.8335887500000004e-05
660.042	0.0	0.0	1.796655e-05
660.182	0.0	0.0	1.31788125e-05
660.392	0.0	0.0	5.257350000000001e-06
660.342	0.0	0.0	7.0084875e-06
660.372	0.0	0.0	5.8750125000000005e-06
660.512	0.0	0.0	-7.371787500000001e-07
660.722	0.0	0.0	-1.1616675e-05
660.672	0.0	0.0	-9.2523375e-06
660.712	0.0	0.0	-1.0942575000000001e-05
660.842	0.0	0.0	-1.6803675e-05
661.062	0.0	0.0	-2.58405e-05
661.022	0.0	0.0	-2.3990925000000003e-05
661.052	0.0	0.0	-2.5404225e-05
661.192	0.0	0.0	-2.6754e-05
661.402	0.0	0.0	-2.8302750000000003e-05
661.352	0.0	0.0	-2.7958875000000006e-05
661.382	0.0	0.0	-2.8179375000000005e-05
661.522	0.0	0.0	-2.4017175000000003e-05
661.732	0.0	0.0	-1.62190875e-05
661.682	0.0	0.0	-1.7919562499999998e-05
661.722	0.0	0.0	-1.6712325e-05
661.852	0.0	0.0	-8.026462500000001e-06
662.072	0.0	0.0	6.2837250000000006e-06
662.032	0.0	0.0	3.34425e-06
662.062	0.0	0.0	5.5747125e-06
662.202	0.0	0.0	1.4108062500000002e-05
662.412	0.0	0.0	2.7428625000000002e-05
662.362	0.0	0.0	2.4463950000000005e-05
662.392	0.0	0.0	2.6355e-05
662.532	0.0	0.0	3.0300375000000004e-05
662.742	0.0	0.0	3.553725e-05
662.692	0.0	0.0	3.4392750000000004e-05
662.732	0.0	0.0	3.520125000000001e-05
662.862	0.0	0.0	3.211950000000001e-05
663.082	0.0	0.0	2.6135287500000003e-05
663.042	0.0	0.0	2.7368250000000003e-05
663.072	0.0	0.0	2.6439000000000002e-05
663.212	0.0	0.0	1.7751562500000002e-05
663.422	0.0	0.0	3.4421625e-06
663.372	0.0	0.0	6.63705e-06
663.402	0.0	0.0	4.611600000000001e-06
663.542	0.0	0.0	-4.8507375e-06
663.752	0.0	0.0	-2.0024025000000002e-05
663.702	0.0	0.0	-1.6692375000000005e-05
663.742	0.0	0.0	-1.9025475000000004e-05
663.872	0.0	0.0	-2.4925425000000002e-05
664.092	0.0	0.0	-3.353175e-05
664.052	0.0	0.0	-3.1749375e-05
664.082	0.0	0.0	-3.3082875000000006e-05
664.222	0.0	0.0	-3.2211375e-05
664.432	0.0	0.0	-2.9951250000000002e-05
664.382	0.0	0.0	-3.0457875e-05
664.412	0.0	0.0	-3.0137625000000003e-05
664.552	0.0	0.0	-2.3860987500000003e-05
664.762	0.0	0.0	-1.2687675e-05
664.712	0.0	0.0	-1.51494e-05
664.752	0.0	0.0	-1.3437112500000001e-05
664.882	0.0	0.0	-4.561725000000001e-06
665.102	0.0	0.0	9.742950000000001e-06
665.052	0.0	0.0	6.772237500000001e-06
665.092	0.0	0.0	8.979600000000001e-06
665.232	0.0	0.0	1.5639750000000002e-05
665.442	0.0	0.0	2.57565e-05
665.392	0.0	0.0	2.34829875e-05
665.422	0.0	0.0	2.4904425e-05
665.562	0.0	0.0	2.6656875e-05
665.772	0.0	0.0	2.8310625e-05
665.722	0.0	0.0	2.7945750000000003e-05
665.762	0.0	0.0	2.819775e-05
665.892	0.0	0.0	2.4399375000000004e-05
666.112	0.0	0.0	1.74943125e-05
666.062	0.0	0.0	1.8933599999999998e-05
666.102	0.0	0.0	1.7871525e-05
666.232	0.0	0.0	1.07354625e-05
666.452	0.0	0.0	-8.907675000000001e-07
666.402	0.0	0.0	1.7306625000000001e-06
666.432	0.0	0.0	1.0300762500000001e-07
666.572	0.0	0.0	-6.676425e-06
666.782	0.0	0.0	-1.7348887500000002e-05
666.732	0.0	0.0	-1.4981662500000002e-05
666.772	0.0	0.0	-1.660575e-05
666.902	0.0	0.0	-2.02027875e-05
667.122	0.0	0.0	-2.52532875e-05
667.072	0.0	0.0	-2.4198037500000004e-05
667.112	0.0	0.0	-2.4972412500000003e-05
667.242	0.0	0.0	-2.3580900000000003e-05
667.462	0.0	0.0	-2.0698650000000002e-05
667.412	0.0	0.0	-2.1354375e-05
667.442	0.0	0.0	-2.09540625e-05
667.582	0.0	0.0	-1.57938375e-05
667.792	0.0	0.0	-6.6840375e-06
667.742	0.0	0.0	-8.671425000000001e-06
667.782	0.0	0.0	-7.2683625000000005e-06
667.912	0.0	0.0	-3.5605500000000005e-07
668.132	0.0	0.0	1.0697925000000001e-05
668.082	0.0	0.0	8.218087500000001e-06
668.112	0.0	0.0	9.754237500000001e-06
668.252	0.0	0.0	1.4814187500000004e-05
668.462	0.0	0.0	2.24151375e-05
668.412	0.0	0.0	2.0715975000000005e-05
668.442	0.0	0.0	2.1866775e-05
668.582	0.0	0.0	2.27626875e-05
668.802	0.0	0.0	2.3380875e-05
668.752	0.0	0.0	2.3250675000000002e-05
668.792	0.0	0.0	2.33449125e-05
668.922	0.0	0.0	1.9494562500000002e-05
669.142	0.0	0.0	1.27635375e-05
669.092	0.0	0.0	1.4294437500000003e-05
669.122	0.0	0.0	1.336125e-05
669.262	0.0	0.0	7.122937500000001e-06
669.472	0.0	0.0	-3.3576375000000003e-06
669.422	0.0	0.0	-1.0122e-06
669.452	0.0	0.0	-2.5925812500000003e-06
669.592	0.0	0.0	-8.460375000000001e-06
669.812	0.0	0.0	-1.7553375000000002e-05
669.762	0.0	0.0	-1.5633450000000002e-05
669.802	0.0	0.0	-1.7014462500000002e-05
669.932	0.0	0.0	-1.92919125e-05
670.152	0.0	0.0	-2.23111875e-05
670.102	0.0	0.0	-2.1622387500000004e-05
670.132	0.0	0.0	-2.20395e-05
670.272	0.0	0.0	-2.01592125e-05
670.482	0.0	0.0	-1.6149525e-05
670.432	0.0	0.0	-1.7049637500000003e-05
670.462	0.0	0.0	-1.64472e-05
670.602	0.0	0.0	-1.13738625e-05
670.822	0.0	0.0	-2.8418250000000005e-06
670.772	0.0	0.0	-4.6496625000000005e-06
670.812	0.0	0.0	-3.3581625000000006e-06
670.942	0.0	0.0	1.8905775e-06
671.162	0.0	0.0	1.0129612500000001e-05
671.112	0.0	0.0	8.243812500000001e-06
671.142	0.0	0.0	9.377812500000001e-06
671.282	0.0	0.0	1.2259537500000003e-05
671.492	0.0	0.0	1.6238250000000003e-05
671.442	0.0	0.0	1.5342075e-05
671.472	0.0	0.0	1.5937950000000002e-05
671.612	0.0	0.0	1.542135e-05
671.832	0.0	0.0	1.3957912500000002e-05
671.782	0.0	0.0	1.42692375e-05
671.822	0.0	0.0	1.4048475000000003e-05
671.952	0.0	0.0	1.0943625e-05
672.172	0.0	0.0	5.6818125e-06
672.122	0.0	0.0	6.8901e-06
672.152	0.0	0.0	6.1684875e-06
672.282	0.0	0.0	2.5484025e-06
672.502	0.0	0.0	-3.3214125000000005e-06
672.452	0.0	0.0	-1.9948950000000002e-06
672.482	0.0	0.0	-2.8709625e-06
672.622	0.0	0.0	-5.584425e-06
672.842	0.0	0.0	-9.6487125e-06
672.792	0.0	0.0	-8.7814125e-06
672.832	0.0	0.0	-9.392512500000001e-06
672.962	0.0	0.0	-1.0247212500000002e-05
673.182	0.0	0.0	-1.1294587500000001e-05
673.132	0.0	0.0	-1.1053350000000001e-05
673.162	0.0	0.0	-1.1196412500000001e-05
673.292	0.0	0.0	-1.0179750000000002e-05
673.512	0.0	0.0	-8.0857875e-06
673.462	0.0	0.0	-8.560387500000001e-06
673.492	0.0	0.0	-8.2490625e-06
673.632	0.0	0.0	-5.2602375e-06
673.852	0.0	0.0	-1.7226825000000002e-07
673.802	0.0	0.0	-1.2615487500000001e-06
673.842	0.0	0.0	-4.991962500000001e-07
673.972	0.0	0.0	3.5041125000000005e-06
674.192	0.0	0.0	9.9547875e-06
674.142	0.0	0.0	8.46405e-06
674.172	0.0	0.0	9.3421125e-06
674.302	0.0	0.0	1.2462187500000002e-05
674.522	0.0	0.0	1.71856125e-05
674.472	0.0	0.0	1.6111200000000003e-05
674.502	0.0	0.0	1.6811025000000004e-05
674.642	0.0	0.0	1.69950375e-05
674.862	0.0	0.0	1.66509e-05
674.812	0.0	0.0	1.6724925000000005e-05
674.852	0.0	0.0	1.6673475e-05
674.982	0.0	0.0	1.2915000000000001e-05
675.202	0.0	0.0	6.342787500000001e-06
675.152	0.0	0.0	7.8663375e-06
675.182	0.0	0.0	6.975150000000001e-06
675.312	0.0	0.0	9.604875000000001e-07
675.532	0.0	0.0	-9.205612500000001e-06
675.482	0.0	0.0	-6.885637500000001e-06
675.512	0.0	0.0	-8.386875000000003e-06
675.652	0.0	0.0	-1.4010675000000003e-05
675.872	0.0	0.0	-2.2708875e-05
675.822	0.0	0.0	-2.08338375e-05
675.862	0.0	0.0	-2.2128225e-05
675.992	0.0	0.0	-2.3753625000000004e-05
676.212	0.0	0.0	-2.5596637500000004e-05
676.162	0.0	0.0	-2.5167975000000005e-05
676.192	0.0	0.0	-2.5417087500000003e-05
676.322	0.0	0.0	-2.2146600000000002e-05
676.542	0.0	0.0	-1.5612187500000002e-05
676.492	0.0	0.0	-1.7108174999999998e-05
676.522	0.0	0.0	-1.61466375e-05
676.662	0.0	0.0	-8.899537500000001e-06
676.882	0.0	0.0	3.282825e-06
676.832	0.0	0.0	6.47955e-07
676.872	0.0	0.0	2.45469e-06
677.002	0.0	0.0	9.702525e-06
677.222	0.0	0.0	2.1054862500000005e-05
677.172	0.0	0.0	1.8406762500000002e-05
677.202	0.0	0.0	1.9934775e-05
677.332	0.0	0.0	2.3513962500000003e-05
677.552	0.0	0.0	2.8184625000000006e-05
677.502	0.0	0.0	2.7111e-05
677.532	0.0	0.0	2.7796125000000005e-05
677.672	0.0	0.0	2.57998125e-05
677.892	0.0	0.0	2.14612125e-05
677.842	0.0	0.0	2.2402800000000002e-05
677.872	0.0	0.0	2.1761512500000003e-05
678.012	0.0	0.0	1.53360375e-05
678.232	0.0	0.0	4.4758875e-06
678.182	0.0	0.0	7.0168875000000005e-06
678.212	0.0	0.0	5.5605375000000005e-06
678.342	0.0	0.0	-1.5574125000000004e-06
678.562	0.0	0.0	-1.3047037500000002e-05
678.512	0.0	0.0	-1.0399987500000001e-05
678.542	0.0	0.0	-1.20789375e-05
678.682	0.0	0.0	-1.6662450000000002e-05
678.902	0.0	0.0	-2.325855e-05
678.852	0.0	0.0	-2.18224125e-05
678.882	0.0	0.0	-2.2793925e-05
679.022	0.0	0.0	-2.25679125e-05
679.242	0.0	0.0	-2.1340200000000003e-05
679.192	0.0	0.0	-2.16281625e-05
679.222	0.0	0.0	-2.1464362500000005e-05
679.352	0.0	0.0	-1.7427112500000002e-05
679.572	0.0	0.0	-9.954525000000001e-06
679.522	0.0	0.0	-1.1681775e-05
679.552	0.0	0.0	-1.0593450000000003e-05
679.692	0.0	0.0	-4.6515e-06
679.912	0.0	0.0	5.04945e-06
679.862	0.0	0.0	2.9300250000000004e-06
679.892	0.0	0.0	4.354087500000001e-06
680.032	0.0	0.0	9.082762500000001e-06
680.252	0.0	0.0	1.6271325e-05
680.202	0.0	0.0	1.4578987500000003e-05
680.232	0.0	0.0	1.5536062500000003e-05
680.362	0.0	0.0	1.72496625e-05
680.582	0.0	0.0	1.9123125000000005e-05
680.532	0.0	0.0	1.8688687500000002e-05
680.562	0.0	0.0	1.8960637500000002e-05
680.702	0.0	0.0	1.6982175e-05
680.922	0.0	0.0	1.30559625e-05
680.872	0.0	0.0	1.3915650000000001e-05
680.902	0.0	0.0	1.33410375e-05
681.042	0.0	0.0	8.628637500000002e-06
681.262	0.0	0.0	7.22715e-07
681.212	0.0	0.0	2.59935375e-06
681.242	0.0	0.0	1.5556800000000003e-06
681.372	0.0	0.0	-3.6120000000000003e-06
681.592	0.0	0.0	-1.1970262499999999e-05
681.542	0.0	0.0	-1.0062937499999999e-05
681.572	0.0	0.0	-1.1290912500000001e-05
681.712	0.0	0.0	-1.4701837500000001e-05
681.932	0.0	0.0	-1.9646812500000004e-05
681.882	0.0	0.0	-1.84884e-05
681.912	0.0	0.0	-1.91417625e-05
682.042	0.0	0.0	-1.90567125e-05
682.262	0.0	0.0	-1.7925075000000004e-05
682.212	0.0	0.0	-1.8189412500000003e-05
682.242	0.0	0.0	-1.8026137500000003e-05
682.382	0.0	0.0	-1.4096250000000002e-05
682.602	0.0	0.0	-7.0389375000000006e-06
682.552	0.0	0.0	-8.594250000000002e-06
682.582	0.0	0.0	-7.568137500000001e-06
682.722	0.0	0.0	-1.7448375e-06
682.942	0.0	0.0	7.756875e-06
682.892	0.0	0.0	5.502e-06
682.922	0.0	0.0	6.754125e-06
683.052	0.0	0.0	1.142715e-05
683.272	0.0	0.0	1.8506775e-05
683.222	0.0	0.0	1.6851712500000004e-05
683.252	0.0	0.0	1.7869425e-05
683.392	0.0	0.0	1.9086900000000002e-05
683.612	0.0	0.0	2.01586875e-05
683.562	0.0	0.0	1.992165e-05
683.592	0.0	0.0	2.0077050000000005e-05
683.732	0.0	0.0	1.7150175000000002e-05
683.952	0.0	0.0	1.1736637500000001e-05
683.902	0.0	0.0	1.3025250000000002e-05
683.932	0.0	0.0	1.23144e-05
684.062	0.0	0.0	7.279387500000002e-06
684.282	0.0	0.0	-1.34211e-06
684.232	0.0	0.0	6.795337500000002e-07
684.262	0.0	0.0	-5.5537125e-07
684.402	0.0	0.0	-5.2875375e-06
684.622	0.0	0.0	-1.25944875e-05
684.572	0.0	0.0	-1.0973287500000001e-05
684.602	0.0	0.0	-1.2028537500000003e-05
684.742	0.0	0.0	-1.38915e-05
684.962	0.0	0.0	-1.6231425000000004e-05
684.912	0.0	0.0	-1.5672825e-05
684.942	0.0	0.0	-1.59789e-05
685.072	0.0	0.0	-1.4732025e-05
685.292	0.0	0.0	-1.182405e-05
685.242	0.0	0.0	-1.2508125e-05
685.272	0.0	0.0	-1.209285e-05
685.412	0.0	0.0	-8.668537500000001e-06
685.632	0.0	0.0	-2.8092750000000003e-06
685.582	0.0	0.0	-4.113375e-06
685.612	0.0	0.0	-3.2699625000000004e-06
685.752	0.0	0.0	2.7848625000000006e-07
685.972	0.0	0.0	5.863987500000001e-06
685.922	0.0	0.0	4.52655e-06
685.952	0.0	0.0	5.2542000000000004e-06
686.082	0.0	0.0	7.5279750000000005e-06
686.302	0.0	0.0	1.0764075e-05
686.252	0.0	0.0	1.0000462500000001e-05
686.282	0.0	0.0	1.0460887500000001e-05
686.422	0.0	0.0	1.0850962499999999e-05
686.642	0.0	0.0	1.1012662500000001e-05
686.592	0.0	0.0	1.09764375e-05
686.622	0.0	0.0	1.0999800000000001e-05
686.762	0.0	0.0	9.259425000000002e-06
686.982	0.0	0.0	6.0800249999999994e-06
686.932	0.0	0.0	6.843637500000001e-06
686.962	0.0	0.0	6.4309875e-06
687.092	0.0	0.0	3.0528750000000004e-06
687.312	0.0	0.0	-2.8515375000000002e-06
687.262	0.0	0.0	-1.4542237500000002e-06
687.292	0.0	0.0	-2.2909687500000005e-06
687.432	0.0	0.0	-6.374812500000001e-06
687.652	0.0	0.0	-1.2951750000000002e-05
687.602	0.0	0.0	-1.1478599999999999e-05
687.632	0.0	0.0	-1.2418612500000003e-05
687.772	0.0	0.0	-1.4865375000000002e-05
687.992	0.0	0.0	-1.834455e-05
687.942	0.0	0.0	-1.7506650000000003e-05
687.972	0.0	0.0	-1.7956575000000002e-05
688.102	0.0	0.0	-1.7128912500000002e-05
688.322	0.0	0.0	-1.4750925000000001e-05
688.272	0.0	0.0	-1.5315300000000002e-05
688.302	0.0	0.0	-1.49795625e-05
688.442	0.0	0.0	-1.0270575000000001e-05
688.662	0.0	0.0	-1.884855e-06
688.612	0.0	0.0	-3.7692375000000003e-06
688.642	0.0	0.0	-2.5749675e-06
688.782	0.0	0.0	3.8857875e-06
689.002	0.0	0.0	1.4407312500000001e-05
688.952	0.0	0.0	1.1865525e-05
688.982	0.0	0.0	1.3221075000000001e-05
689.112	0.0	0.0	1.80119625e-05
689.332	0.0	0.0	2.5081087500000002e-05
689.282	0.0	0.0	2.33979375e-05
689.312	0.0	0.0	2.4392812500000002e-05
689.452	0.0	0.0	2.4686812500000003e-05
689.672	0.0	0.0	2.39470875e-05
689.622	0.0	0.0	2.4113775000000004e-05
689.652	0.0	0.0	2.4008775e-05
689.792	0.0	0.0	1.90388625e-05
690.012	0.0	0.0	1.0066875000000002e-05
689.962	0.0	0.0	1.22406375e-05
689.982	0.0	0.0	1.1089050000000002e-05
690.122	0.0	0.0	3.5539875e-06
690.342	0.0	0.0	-9.254437500000002e-06
690.292	0.0	0.0	-6.1957875e-06
690.322	0.0	0.0	-7.991812500000001e-06
690.462	0.0	0.0	-1.4712862500000004e-05
690.682	0.0	0.0	-2.49837e-05
690.632	0.0	0.0	-2.2660837500000004e-05
690.662	0.0	0.0	-2.4113512500000003e-05
690.802	0.0	0.0	-2.6110350000000003e-05
691.022	0.0	0.0	-2.8174125e-05
690.972	0.0	0.0	-2.7672750000000004e-05
690.992	0.0	0.0	-2.7937875000000004e-05
691.132	0.0	0.0	-2.4649012500000005e-05
691.352	0.0	0.0	-1.7695387500000003e-05
691.302	0.0	0.0	-1.9360950000000003e-05
691.332	0.0	0.0	-1.8389437500000003e-05
691.472	0.0	0.0	-1.112685e-05
691.692	0.0	0.0	1.2655387500000002e-06
691.642	0.0	0.0	-1.5458887500000002e-06
691.672	0.0	0.0	2.0069437500000002e-07
691.812	0.0	0.0	7.343962500000001e-06
692.032	0.0	0.0	1.8514387500000003e-05
691.982	0.0	0.0	1.5792e-05
692.002	0.0	0.0	1.721475e-05
692.142	0.0	0.0	2.08165125e-05
692.362	0.0	0.0	2.5369312500000005e-05
692.312	0.0	0.0	2.4275737500000005e-05
692.342	0.0	0.0	2.4909412500000003e-05
692.482	0.0	0.0	2.3407125000000003e-05
692.702	0.0	0.0	1.9695637500000004e-05
692.652	0.0	0.0	2.05403625e-05
692.682	0.0	0.0	2.0019037500000002e-05
692.822	0.0	0.0	1.4631225000000002e-05
693.042	0.0	0.0	5.299612499999999e-06
692.992	0.0	0.0	7.580212500000001e-06
693.012	0.0	0.0	6.396337500000001e-06
693.152	0.0	0.0	4.6165875e-07
693.372	0.0	0.0	-9.132375e-06
693.322	0.0	0.0	-6.8210625000000006e-06
693.352	0.0	0.0	-8.1519375e-06
693.492	0.0	0.0	-1.1907000000000001e-05
693.712	0.0	0.0	-1.71693375e-05
693.662	0.0	0.0	-1.5967875e-05
693.692	0.0	0.0	-1.6704450000000002e-05
693.832	0.0	0.0	-1.6601812500000002e-05
694.052	0.0	0.0	-1.5553387500000002e-05
694.002	0.0	0.0	-1.5810375000000002e-05
694.022	0.0	0.0	-1.5677812500000002e-05
694.162	0.0	0.0	-1.2806325000000003e-05
694.382	0.0	0.0	-7.343175e-06
694.332	0.0	0.0	-8.663025e-06
694.362	0.0	0.0	-7.908075000000001e-06
694.502	0.0	0.0	-4.0976250000000004e-06
694.722	0.0	0.0	2.07424875e-06
694.672	0.0	0.0	6.6089625e-07
694.702	0.0	0.0	1.5216337500000002e-06
694.842	0.0	0.0	3.980025e-06
695.062	0.0	0.0	7.510387500000001e-06
695.012	0.0	0.0	6.642825000000001e-06
695.032	0.0	0.0	7.087237500000001e-06
695.172	0.0	0.0	7.535587500000001e-06
695.392	0.0	0.0	7.5859875000000015e-06
695.342	0.0	0.0	7.5739125000000005e-06
695.372	0.0	0.0	7.580737500000001e-06
695.512	0.0	0.0	6.535987500000001e-06
695.732	0.0	0.0	4.533900000000001e-06
695.682	0.0	0.0	4.993537500000001e-06
695.712	0.0	0.0	4.715025000000001e-06
695.852	0.0	0.0	3.1710000000000002e-06
696.072	0.0	0.0	6.413662500000001e-07
696.022	0.0	0.0	1.2680062500000002e-06
696.042	0.0	0.0	9.522450000000001e-07
696.182	0.0	0.0	-8.659875e-07
696.402	0.0	0.0	-3.893137500000001e-06
696.352	0.0	0.0	-3.1704750000000003e-06
696.382	0.0	0.0	-3.5928375000000002e-06
696.522	0.0	0.0	-5.548200000000001e-06
696.742	0.0	0.0	-8.6622375e-06
696.692	0.0	0.0	-7.9004625e-06
696.712	0.0	0.0	-8.28975e-06
696.852	0.0	0.0	-9.189862500000002e-06
697.072	0.0	0.0	-1.0243800000000002e-05
697.022	0.0	0.0	-9.98655e-06
697.052	0.0	0.0	-1.0130925000000002e-05
697.192	0.0	0.0	-8.629950000000002e-06
697.412	0.0	0.0	-5.537175e-06
697.362	0.0	0.0	-6.251175e-06
697.392	0.0	0.0	-5.8240875e-06
697.532	0.0	0.0	-1.9107637500000004e-06
697.752	0.0	0.0	4.854150000000001e-06
697.702	0.0	0.0	3.1788750000000005e-06
697.722	0.0	0.0	4.0217625e-06
697.862	0.0	0.0	8.408925e-06
698.082	0.0	0.0	1.55505e-05
698.032	0.0	0.0	1.3806712500000002e-05
698.062	0.0	0.0	1.4780587500000001e-05
698.202	0.0	0.0	1.717065e-05
698.422	0.0	0.0	2.02818e-05
698.372	0.0	0.0	1.95615e-05
698.402	0.0	0.0	1.9989637500000002e-05
698.542	0.0	0.0	1.8224325000000003e-05
698.762	0.0	0.0	1.4376075000000003e-05
698.702	0.0	0.0	1.53318375e-05
698.732	0.0	0.0	1.4854087500000001e-05
698.872	0.0	0.0	9.610650000000001e-06
699.092	0.0	0.0	1.02199125e-08
699.042	0.0	0.0	2.3613975e-06
699.072	0.0	0.0	1.0567987500000001e-06
699.212	0.0	0.0	-5.6364e-06
699.432	0.0	0.0	-1.650915e-05
699.382	0.0	0.0	-1.39836375e-05
699.412	0.0	0.0	-1.54751625e-05
699.552	0.0	0.0	-1.9692225000000003e-05
699.772	0.0	0.0	-2.5660950000000004e-05
699.712	0.0	0.0	-2.41744125e-05
699.742	0.0	0.0	-2.49125625e-05
699.882	0.0	0.0	-2.4521175e-05
700.102	0.0	0.0	-2.2218000000000003e-05
700.052	0.0	0.0	-2.2783687500000003e-05
700.082	0.0	0.0	-2.2471837500000003e-05
700.222	0.0	0.0	-1.71661875e-05
700.442	0.0	0.0	-7.413000000000001e-06
700.392	0.0	0.0	-9.685462500000001e-06
700.422	0.0	0.0	-8.352225000000001e-06
700.562	0.0	0.0	-1.0288950000000003e-06
700.782	0.0	0.0	1.0975125000000001e-05
700.722	0.0	0.0	7.977375000000001e-06
700.752	0.0	0.0	9.455775000000002e-06
700.892	0.0	0.0	1.4939137500000002e-05
701.112	0.0	0.0	2.29700625e-05
701.062	0.0	0.0	2.0992125000000004e-05
701.092	0.0	0.0	2.20754625e-05
701.232	0.0	0.0	2.3104462500000003e-05
701.452	0.0	0.0	2.33646e-05
701.402	0.0	0.0	2.3303700000000002e-05
701.432	0.0	0.0	2.33391375e-05
701.572	0.0	0.0	1.9562287500000003e-05
701.792	0.0	0.0	1.2393937500000001e-05
701.732	0.0	0.0	1.4188912500000002e-05
701.762	0.0	0.0	1.3309537500000001e-05
701.902	0.0	0.0	7.394625e-06
702.122	0.0	0.0	-2.762025e-06
702.072	0.0	0.0	-2.53477875e-07
702.102	0.0	0.0	-1.6186275000000003e-06
702.242	0.0	0.0	-6.8481000000000006e-06
702.462	0.0	0.0	-1.4779012500000001e-05
702.412	0.0	0.0	-1.292025e-05
702.442	0.0	0.0	-1.3996500000000002e-05
702.582	0.0	0.0	-1.58487e-05
702.802	0.0	0.0	-1.7871e-05
702.742	0.0	0.0	-1.73630625e-05
702.772	0.0	0.0	-1.7610337500000002e-05
702.912	0.0	0.0	-1.6047412500000002e-05
703.132	0.0	0.0	-1.2332512500000002e-05
703.082	0.0	0.0	-1.3252575000000002e-05
703.102	0.0	0.0	-1.2755137500000002e-05
703.252	0.0	0.0	-8.9021625e-06
703.472	0.0	0.0	-2.2264987500000005e-06
703.422	0.0	0.0	-3.7957500000000005e-06
703.452	0.0	0.0	-2.8930125e-06
703.592	0.0	0.0	9.491475000000001e-07
703.812	0.0	0.0	6.9680625e-06
703.752	0.0	0.0	5.452387500000001e-06
703.782	0.0	0.0	6.185025000000001e-06
703.922	0.0	0.0	8.4462e-06
704.142	0.0	0.0	1.1466525e-05
704.082	0.0	0.0	1.0716300000000001e-05
704.112	0.0	0.0	1.1119237500000001e-05
704.262	0.0	0.0	1.1154675000000002e-05
704.482	0.0	0.0	1.05462e-05
704.432	0.0	0.0	1.0689787500000001e-05
704.462	0.0	0.0	1.06078875e-05
704.602	0.0	0.0	8.587687500000002e-06
704.822	0.0	0.0	4.8654375e-06
704.762	0.0	0.0	5.805187500000001e-06
704.792	0.0	0.0	5.35395e-06
704.932	0.0	0.0	2.2863487500000005e-06
705.152	0.0	0.0	-2.9977500000000002e-06
705.092	0.0	0.0	-1.681575e-06
705.122	0.0	0.0	-2.384025e-06
705.262	0.0	0.0	-5.3977875e-06
705.492	0.0	0.0	-1.0093912500000001e-05
705.442	0.0	0.0	-8.9835375e-06
705.472	0.0	0.0	-9.6140625e-06
705.612	0.0	0.0	-1.0941262500000002e-05
705.832	0.0	0.0	-1.2555900000000001e-05
705.772	0.0	0.0	-1.21471875e-05
705.802	0.0	0.0	-1.2342225000000002e-05
705.942	0.0	0.0	-1.1343937500000001e-05
706.162	0.0	0.0	-8.853600000000001e-06
706.102	0.0	0.0	-9.475725e-06
706.132	0.0	0.0	-9.1457625e-06
706.272	0.0	0.0	-5.9784375e-06
706.502	0.0	0.0	-3.37575e-07
706.452	0.0	0.0	-1.6754062500000003e-06
706.482	0.0	0.0	-9.207975000000001e-07
706.622	0.0	0.0	2.6927250000000005e-06
706.842	0.0	0.0	8.4821625e-06
706.782	0.0	0.0	7.012425000000001e-06
706.812	0.0	0.0	7.7091e-06
706.952	0.0	0.0	9.882075e-06
707.172	0.0	0.0	1.2766425000000002e-05
707.112	0.0	0.0	1.2044025e-05
707.142	0.0	0.0	1.2424650000000001e-05
707.282	0.0	0.0	1.2047700000000003e-05
707.512	0.0	0.0	1.063335e-05
707.462	0.0	0.0	1.0969875000000003e-05
707.492	0.0	0.0	1.0781400000000002e-05
707.632	0.0	0.0	8.19735e-06
707.852	0.0	0.0	3.5303625000000005e-06
707.792	0.0	0.0	4.7184375000000005e-06
707.822	0.0	0.0	4.1590500000000004e-06
707.962	0.0	0.0	1.0794262500000001e-06
708.182	0.0	0.0	-3.98475e-06
708.122	0.0	0.0	-2.7129375000000004e-06
708.152	0.0	0.0	-3.3786375000000002e-06
708.292	0.0	0.0	-5.43375e-06
708.522	0.0	0.0	-8.291587500000001e-06
708.472	0.0	0.0	-7.609875000000001e-06
708.502	0.0	0.0	-7.98945e-06
708.642	0.0	0.0	-8.070300000000001e-06
708.862	0.0	0.0	-7.64505e-06
708.802	0.0	0.0	-7.7534625e-06
708.832	0.0	0.0	-7.7028e-06
708.972	0.0	0.0	-6.387675000000001e-06
709.192	0.0	0.0	-3.7821e-06
709.132	0.0	0.0	-4.4383500000000005e-06
709.162	0.0	0.0	-4.0971e-06
709.302	0.0	0.0	-2.3230725e-06
709.532	0.0	0.0	5.6293125e-07
709.482	0.0	0.0	-1.275015e-07
709.512	0.0	0.0	2.5440975e-07
709.652	0.0	0.0	1.5707475000000002e-06
709.872	0.0	0.0	3.5117250000000002e-06
709.812	0.0	0.0	3.015075e-06
709.842	0.0	0.0	3.2458125000000004e-06
709.982	0.0	0.0	3.978975e-06
710.202	0.0	0.0	4.9499625e-06
710.142	0.0	0.0	4.7047875e-06
710.172	0.0	0.0	4.831575e-06
710.312	0.0	0.0	4.82475e-06
710.542	0.0	0.0	4.576425e-06
710.492	0.0	0.0	4.6360125e-06
710.522	0.0	0.0	4.6032e-06
710.662	0.0	0.0	3.4505625000000004e-06
710.882	0.0	0.0	1.277745e-06
710.822	0.0	0.0	1.8378675000000003e-06
710.852	0.0	0.0	1.5818512500000002e-06
710.992	0.0	0.0	-5.07255e-07
711.212	0.0	0.0	-4.2427875e-06
711.152	0.0	0.0	-3.3130125000000003e-06
711.182	0.0	0.0	-3.8073000000000004e-06
711.322	0.0	0.0	-6.000750000000001e-06
711.552	0.0	0.0	-9.4408125e-06
711.492	0.0	0.0	-8.564850000000002e-06
711.522	0.0	0.0	-8.970937500000002e-06
711.662	0.0	0.0	-9.8093625e-06
711.882	0.0	0.0	-1.05758625e-05
711.822	0.0	0.0	-1.03810875e-05
711.852	0.0	0.0	-1.0480575000000001e-05
711.992	0.0	0.0	-8.995350000000002e-06
712.222	0.0	0.0	-5.844825e-06
712.172	0.0	0.0	-6.604237500000001e-06
712.202	0.0	0.0	-6.1915875e-06
712.342	0.0	0.0	-2.7877499999999997e-06
712.562	0.0	0.0	3.1426500000000003e-06
712.502	0.0	0.0	1.61424375e-06
712.532	0.0	0.0	2.3118637500000003e-06
712.672	0.0	0.0	5.8702875e-06
712.892	0.0	0.0	1.1580975e-05
712.832	0.0	0.0	1.01285625e-05
712.862	0.0	0.0	1.086645e-05
713.002	0.0	0.0	1.2745425000000003e-05
713.232	0.0	0.0	1.5071175000000002e-05
713.182	0.0	0.0	1.4508900000000001e-05
713.202	0.0	0.0	1.4812612500000002e-05
713.352	0.0	0.0	1.3658137500000003e-05
713.572	0.0	0.0	1.0910025e-05
713.512	0.0	0.0	1.1620087500000002e-05
713.542	0.0	0.0	1.1298262500000002e-05
713.682	0.0	0.0	7.761862500000002e-06
713.902	0.0	0.0	1.1516925000000002e-06
713.842	0.0	0.0	2.8373625e-06
713.872	0.0	0.0	1.98652125e-06
714.012	0.0	0.0	-2.5363275000000004e-06
714.242	0.0	0.0	-9.923287500000001e-06
714.192	0.0	0.0	-8.1325125e-06
714.212	0.0	0.0	-9.093524999999999e-06
714.362	0.0	0.0	-1.2114375000000002e-05
714.582	0.0	0.0	-1.6387612500000003e-05
714.522	0.0	0.0	-1.5280650000000004e-05
714.552	0.0	0.0	-1.5779137500000002e-05
714.692	0.0	0.0	-1.5932175e-05
714.912	0.0	0.0	-1.4973787500000001e-05
714.852	0.0	0.0	-1.5218962500000002e-05
714.882	0.0	0.0	-1.509585e-05
715.022	0.0	0.0	-1.2005437500000001e-05
715.252	0.0	0.0	-6.0435375e-06
715.192	0.0	0.0	-7.493062500000001e-06
715.222	0.0	0.0	-6.720262500000001e-06
715.372	0.0	0.0	-1.8635925000000001e-06
715.592	0.0	0.0	6.309712500000001e-06
715.532	0.0	0.0	4.1868750000000005e-06
715.562	0.0	0.0	5.136862500000001e-06
715.702	0.0	0.0	9.402487500000001e-06
715.922	0.0	0.0	1.5933225e-05
715.862	0.0	0.0	1.42587375e-05
715.892	0.0	0.0	1.5093225000000002e-05
716.032	0.0	0.0	1.67685e-05
716.262	0.0	0.0	1.84508625e-05
716.202	0.0	0.0	1.8040575000000003e-05
716.232	0.0	0.0	1.8257925000000002e-05
716.372	0.0	0.0	1.61786625e-05
716.602	0.0	0.0	1.1723775000000001e-05
716.542	0.0	0.0	1.2884025000000002e-05
716.572	0.0	0.0	1.2368212500000002e-05
716.712	0.0	0.0	7.581525000000002e-06
716.932	0.0	0.0	-1.1902800000000001e-06
716.872	0.0	0.0	1.0646737500000002e-06
716.902	0.0	0.0	-5.192250000000001e-08
717.042	0.0	0.0	-5.789175e-06
717.272	0.0	0.0	-1.5076162500000002e-05
717.212	0.0	0.0	-1.28055375e-05
717.242	0.0	0.0	-1.40007e-05
717.382	0.0	0.0	-1.75788375e-05
717.612	0.0	0.0	-2.2498875000000004e-05
717.552	0.0	0.0	-2.1214462500000002e-05
717.582	0.0	0.0	-2.1781725e-05
717.722	0.0	0.0	-2.14473e-05
717.942	0.0	0.0	-1.9213950000000003e-05
717.882	0.0	0.0	-1.9789612500000002e-05
717.912	0.0	0.0	-1.9506375000000002e-05
718.052	0.0	0.0	-1.4705250000000001e-05
718.282	0.0	0.0	-5.575499999999999e-06
718.222	0.0	0.0	-7.813575e-06
718.252	0.0	0.0	-6.643087500000001e-06
718.392	0.0	0.0	4.459350000000001e-07
718.622	0.0	0.0	1.2315187500000003e-05
718.562	0.0	0.0	9.208500000000002e-06
718.592	0.0	0.0	1.05714e-05
718.732	0.0	0.0	1.64322375e-05
718.952	0.0	0.0	2.51997375e-05
718.892	0.0	0.0	2.29341e-05
718.922	0.0	0.0	2.4041850000000004e-05
719.062	0.0	0.0	2.5647037500000006e-05
719.292	0.0	0.0	2.65545e-05
719.232	0.0	0.0	2.6331375e-05
719.262	0.0	0.0	2.6446875000000004e-05
719.402	0.0	0.0	2.24146125e-05
719.632	0.0	0.0	1.4230912500000002e-05
719.572	0.0	0.0	1.6378687500000002e-05
719.602	0.0	0.0	1.54426125e-05
719.742	0.0	0.0	7.9109625e-06
719.962	0.0	0.0	-5.586525000000001e-06
719.902	0.0	0.0	-2.0892899999999998e-06
719.932	0.0	0.0	-3.7881375000000007e-06
720.072	0.0	0.0	-1.1679412500000001e-05
720.302	0.0	0.0	-2.4084112500000003e-05
720.242	0.0	0.0	-2.1026250000000002e-05
720.272	0.0	0.0	-2.2604925000000006e-05
720.412	0.0	0.0	-2.6391750000000007e-05
720.642	0.0	0.0	-3.09645e-05
720.582	0.0	0.0	-2.976225e-05
720.612	0.0	0.0	-3.0282000000000002e-05
720.752	0.0	0.0	-2.8352625000000002e-05
720.972	0.0	0.0	-2.2759012500000004e-05
720.912	0.0	0.0	-2.4212475000000004e-05
720.942	0.0	0.0	-2.35108125e-05
721.082	0.0	0.0	-1.6266075e-05
721.312	0.0	0.0	-3.0111375000000004e-06
721.252	0.0	0.0	-6.287662500000001e-06
721.282	0.0	0.0	-4.607137500000001e-06
721.422	0.0	0.0	4.04145e-06
721.652	0.0	0.0	1.8056850000000003e-05
721.592	0.0	0.0	1.4360325000000002e-05
721.622	0.0	0.0	1.59502875e-05
721.752	0.0	0.0	2.16806625e-05
721.982	0.0	0.0	2.9465625000000006e-05
721.922	0.0	0.0	2.74365e-05
721.952	0.0	0.0	2.8410375000000003e-05
722.092	0.0	0.0	2.8452375e-05
722.322	0.0	0.0	2.638125e-05
722.262	0.0	0.0	2.6893125000000004e-05
722.292	0.0	0.0	2.663325e-05
722.432	0.0	0.0	2.1108675e-05
722.662	0.0	0.0	1.0603425e-05
722.602	0.0	0.0	1.33812e-05
722.632	0.0	0.0	1.2194175000000001e-05
722.762	0.0	0.0	4.550175000000001e-06
722.992	0.0	0.0	-8.488987500000002e-06
722.932	0.0	0.0	-5.0843625e-06
722.962	0.0	0.0	-6.706875e-06
723.102	0.0	0.0	-1.29415125e-05
723.332	0.0	0.0	-2.20812375e-05
723.272	0.0	0.0	-1.9809562499999998e-05
723.302	0.0	0.0	-2.09598375e-05
723.442	0.0	0.0	-2.2555050000000004e-05
723.672	0.0	0.0	-2.3502150000000003e-05
723.612	0.0	0.0	-2.32512e-05
723.642	0.0	0.0	-2.3357775e-05
723.772	0.0	0.0	-2.04852375e-05
724.002	0.0	0.0	-1.3968150000000003e-05
723.942	0.0	0.0	-1.5674137500000002e-05
723.972	0.0	0.0	-1.48661625e-05
724.112	0.0	0.0	-9.1835625e-06
724.342	0.0	0.0	6.640724999999999e-07
724.282	0.0	0.0	-1.7900137500000001e-06
724.312	0.0	0.0	-5.5521375e-07
724.452	0.0	0.0	4.5588375e-06
724.682	0.0	0.0	1.2361650000000002e-05
724.622	0.0	0.0	1.0288162500000002e-05
724.652	0.0	0.0	1.116255e-05
724.782	0.0	0.0	1.3521112500000003e-05
725.012	0.0	0.0	1.6032975000000002e-05
724.952	0.0	0.0	1.5373575000000003e-05
724.982	0.0	0.0	1.568385e-05
725.122	0.0	0.0	1.4666137500000001e-05
725.352	0.0	0.0	1.18447875e-05
725.292	0.0	0.0	1.2549337500000001e-05
725.322	0.0	0.0	1.21965375e-05
725.462	0.0	0.0	8.963325000000001e-06
725.692	0.0	0.0	3.1788750000000005e-06
725.632	0.0	0.0	4.726837500000001e-06
725.652	0.0	0.0	4.0845e-06
725.792	0.0	0.0	6.115725e-07
726.022	0.0	0.0	-4.99065e-06
725.962	0.0	0.0	-3.5403375000000003e-06
725.992	0.0	0.0	-4.2422625e-06
726.132	0.0	0.0	-6.588225e-06
726.362	0.0	0.0	-9.8408625e-06
726.302	0.0	0.0	-8.98065e-06
726.332	0.0	0.0	-9.342375000000002e-06
726.462	0.0	0.0	-9.848737500000002e-06
726.692	0.0	0.0	-9.865537500000002e-06
726.632	0.0	0.0	-9.861075000000001e-06
726.662	0.0	0.0	-9.863175000000002e-06
726.802	0.0	0.0	-8.437012500000002e-06
727.032	0.0	0.0	-5.47365e-06
726.972	0.0	0.0	-6.217312500000001e-06
727.002	0.0	0.0	-5.8492875e-06
727.142	0.0	0.0	-3.0796500000000002e-06
727.372	0.0	0.0	1.7513475e-06
727.312	0.0	0.0	4.5906000000000004e-07
727.332	0.0	0.0	9.945600000000001e-07
727.472	0.0	0.0	3.9703125e-06
727.702	0.0	0.0	8.815012500000002e-06
727.642	0.0	0.0	7.534800000000001e-06
727.672	0.0	0.0	8.127000000000002e-06
727.812	0.0	0.0	1.0102050000000001e-05
728.042	0.0	0.0	1.2777975000000004e-05
727.982	0.0	0.0	1.2104662500000004e-05
728.012	0.0	0.0	1.24354125e-05
728.152	0.0	0.0	1.2077362500000001e-05
728.382	0.0	0.0	1.06598625e-05
728.322	0.0	0.0	1.10399625e-05
728.342	0.0	0.0	1.08835125e-05
728.482	0.0	0.0	8.040900000000001e-06
728.712	0.0	0.0	2.3071125000000004e-06
728.652	0.0	0.0	3.8259375e-06
728.682	0.0	0.0	3.1276875000000005e-06
728.822	0.0	0.0	-1.7215800000000003e-06
729.052	0.0	0.0	-1.0120162500000001e-05
728.992	0.0	0.0	-8.001e-06
729.022	0.0	0.0	-9.035775000000002e-06
729.162	0.0	0.0	-1.3560487500000003e-05
729.392	0.0	0.0	-2.0541150000000002e-05
729.332	0.0	0.0	-1.86645375e-05
729.352	0.0	0.0	-1.9431825e-05
729.492	0.0	0.0	-2.1117337499999998e-05
729.722	0.0	0.0	-2.238285e-05
729.662	0.0	0.0	-2.2046850000000004e-05
729.692	0.0	0.0	-2.2200412500000003e-05
729.832	0.0	0.0	-1.891785e-05
730.062	0.0	0.0	-1.1674687500000001e-05
730.002	0.0	0.0	-1.35069375e-05
730.032	0.0	0.0	-1.2617850000000002e-05
730.172	0.0	0.0	-4.7717250000000005e-06
730.402	0.0	0.0	9.272025e-06
730.342	0.0	0.0	5.4875625000000005e-06
730.362	0.0	0.0	7.0250250000000006e-06
730.502	0.0	0.0	1.58920125e-05
730.732	0.0	0.0	3.0468375000000003e-05
730.672	0.0	0.0	2.6588625000000003e-05
730.702	0.0	0.0	2.8350000000000005e-05
730.842	0.0	0.0	3.3707625000000004e-05
731.072	0.0	0.0	4.0493250000000004e-05
731.012	0.0	0.0	3.877125000000001e-05
731.042	0.0	0.0	3.9600750000000005e-05
731.182	0.0	0.0	3.6939e-05
731.412	0.0	0.0	2.9691375000000003e-05
731.352	0.0	0.0	3.1649625000000004e-05
731.372	0.0	0.0	3.0859500000000005e-05
731.512	0.0	0.0	2.0641162500000002e-05
731.742	0.0	0.0	6.545175000000001e-07
731.682	0.0	0.0	5.9884125e-06
731.712	0.0	0.0	3.582862500000001e-06
731.852	0.0	0.0	-1.0977750000000002e-05
732.082	0.0	0.0	-3.5427000000000005e-05
732.022	0.0	0.0	-2.9211000000000002e-05
732.052	0.0	0.0	-3.218775000000001e-05
732.192	0.0	0.0	-4.292925e-05
732.422	0.0	0.0	-5.8275e-05
732.362	0.0	0.0	-5.4119625000000004e-05
732.382	0.0	0.0	-5.5786500000000005e-05
732.522	0.0	0.0	-5.67945e-05
732.752	0.0	0.0	-5.3515875000000005e-05
732.692	0.0	0.0	-5.439262500000001e-05
732.722	0.0	0.0	-5.400150000000001e-05
732.862	0.0	0.0	-4.2574875e-05
733.092	0.0	0.0	-1.95087375e-05
733.032	0.0	0.0	-2.53897875e-05
733.062	0.0	0.0	-2.2590225000000004e-05
733.202	0.0	0.0	-3.7500750000000007e-06
733.432	0.0	0.0	2.8573125000000004e-05
733.372	0.0	0.0	1.979355e-05
733.392	0.0	0.0	2.3285062500000003e-05
733.532	0.0	0.0	3.992362500000001e-05
733.762	0.0	0.0	6.515512500000001e-05
733.702	0.0	0.0	5.8414125e-05
733.732	0.0	0.0	6.1438125e-05
733.872	0.0	0.0	6.726037500000001e-05
734.102	0.0	0.0	7.1696625e-05
734.042	0.0	0.0	7.05495e-05
734.072	0.0	0.0	7.1077125e-05
734.212	0.0	0.0	6.193425000000001e-05
734.442	0.0	0.0	0.0
734.382	0.0	0.0	4.6945500000000006e-05
734.412	0.0	0.0	4.453575e-05
734.552	0.0	0.0	0.0
