8732
0.0	0.0	0.0	0.007348012500000001
0.088	0.0	0.0	0.020490550000000003
0.173	0.0	0.0	0.033290375000000004
0.256	0.0	0.0	0.045649875000000006
0.336	0.0	0.0	0.057688750000000004
0.424	0.0	0.0	0.06386375000000001
0.51	0.0	0.0	0.06988912500000001
0.592	0.0	0.0	0.07570787500000001
0.673	0.0	0.0	0.08137225000000002
0.761	0.0	0.0	0.07795462500000001
0.846	0.0	0.0	0.074624875
0.929	0.0	0.0	0.07140675000000002
1.009	0.0	0.0	0.06827175
1.097	0.0	0.0	0.055463375
1.182	0.0	0.0	0.042954250000000006
1.265	0.0	0.0	0.03084175
1.346	0.0	0.0	0.019028975
1.434	0.0	0.0	0.0004973487500000001
1.519	0.0	0.0	-0.0175833125
1.602	0.0	0.0	-0.03506925
1.683	0.0	0.0	-0.05210275
1.77	0.0	0.0	-0.068421375
1.856	0.0	0.0	-0.08435050000000001
1.938	0.0	0.0	-0.09978325
2.019	0.0	0.0	-0.11485500000000001
2.107	0.0	0.0	-0.11918225000000002
2.192	0.0	0.0	-0.12341212500000003
2.275	0.0	0.0	-0.12751375
2.356	0.0	0.0	-0.13151325000000003
2.443	0.0	0.0	-0.117317875
2.529	0.0	0.0	-0.10345262500000002
2.611	0.0	0.0	-0.09000537500000001
2.692	0.0	0.0	-0.0768645
2.779	0.0	0.0	-0.04660937500000001
2.865	0.0	0.0	-0.016998825000000002
2.948	0.0	0.0	0.011740337500000003
3.029	0.0	0.0	0.039805
3.116	0.0	0.0	0.16074475000000002
3.201	0.0	0.0	0.27896750000000003
3.284	0.0	0.0	0.3937275000000001
3.365	0.0	0.0	0.50599375
3.452	0.0	0.0	0.55368375
3.538	0.0	0.0	0.60042375
3.621	0.0	0.0	0.6458812500000001
3.702	0.0	0.0	0.6903887500000001
3.789	0.0	0.0	0.6491112500000001
3.875	0.0	0.0	0.60868875
3.958	0.0	0.0	0.5694300000000001
4.039	0.0	0.0	0.53105
4.126	0.0	0.0	0.40933125000000004
4.211	0.0	0.0	0.29015375
4.294	0.0	0.0	0.17416825
4.375	0.0	0.0	0.060493625
4.462	0.0	0.0	-0.08645712500000001
4.547	0.0	0.0	-0.23059825000000003
4.631	0.0	0.0	-0.37095125000000007
4.712	0.0	0.0	-0.508345
4.799	0.0	0.0	-0.60270375
4.884	0.0	0.0	-0.6951387500000001
4.967	0.0	0.0	-0.785175
5.048	0.0	0.0	-0.8734775
5.135	0.0	0.0	-0.8593462500000001
5.22	0.0	0.0	-0.84547625
5.303	0.0	0.0	-0.8319387500000001
5.385	0.0	0.0	-0.8186387500000001
5.472	0.0	0.0	-0.6952337500000001
5.557	0.0	0.0	-0.57418
5.64	0.0	0.0	-0.45616625000000005
5.722	0.0	0.0	-0.34052750000000004
5.809	0.0	0.0	-0.16886962500000002
5.894	0.0	0.0	-0.0003697400000000001
5.976	0.0	0.0	0.16414574999999998
6.058	0.0	0.0	0.32577875
6.145	0.0	0.0	0.4575200000000001
6.23	0.0	0.0	0.5870287500000001
6.313	0.0	0.0	0.7135212500000001
6.395	0.0	0.0	0.8376862500000002
6.481	0.0	0.0	0.8606050000000001
6.566	0.0	0.0	0.8830725000000001
6.649	0.0	0.0	0.9050650000000001
6.731	0.0	0.0	0.92665375
6.817	0.0	0.0	0.8325325000000001
6.903	0.0	0.0	0.7398600000000001
6.986	0.0	0.0	0.64915875
7.068	0.0	0.0	0.55990625
7.155	0.0	0.0	0.4037975000000001
7.24	0.0	0.0	0.25027750000000004
7.323	0.0	0.0	0.100187
7.405	0.0	0.0	-0.047293375
7.491	0.0	0.0	-0.17930775000000002
7.576	0.0	0.0	-0.30920125
7.659	0.0	0.0	-0.43640625000000005
7.741	0.0	0.0	-0.5617350000000001
7.827	0.0	0.0	-0.60721625
7.912	0.0	0.0	-0.6520325
7.996	0.0	0.0	-0.6959700000000001
8.078	0.0	0.0	-0.739195
8.164	0.0	0.0	-0.6900325
8.249	0.0	0.0	-0.64165375
8.332	0.0	0.0	-0.59420125
8.414	0.0	0.0	-0.54746125
8.5	0.0	0.0	-0.4446475000000001
8.585	0.0	0.0	-0.343235
8.669	0.0	0.0	-0.24367500000000003
8.751	0.0	0.0	-0.14552575
8.837	0.0	0.0	-0.038513000000000006
8.922	0.0	0.0	0.06697262500000001
9.005	0.0	0.0	0.17050600000000002
9.088	0.0	0.0	0.27257875
9.174	0.0	0.0	0.35551375
9.258	0.0	0.0	0.4373562500000001
9.342	0.0	0.0	0.51775
9.424	0.0	0.0	0.597075
9.51	0.0	0.0	0.6298500000000001
9.595	0.0	0.0	0.6622212500000001
9.678	0.0	0.0	0.6940225000000001
9.761	0.0	0.0	0.7254200000000001
9.847	0.0	0.0	0.6635987500000001
9.931	0.0	0.0	0.6025612500000002
10.015	0.0	0.0	0.5425212500000001
10.097	0.0	0.0	0.4832175000000001
10.183	0.0	0.0	0.30492625
10.268	0.0	0.0	0.128770125
10.351	0.0	0.0	-0.04462150000000001
10.434	0.0	0.0	-0.21597300000000003
10.52	0.0	0.0	-0.45459875000000005
10.604	0.0	0.0	-0.69053125
10.688	0.0	0.0	-0.9229250000000001
10.77	0.0	0.0	-1.1526825000000003
10.856	0.0	0.0	-1.316035
10.941	0.0	0.0	-1.47760625
11.024	0.0	0.0	-1.6368500000000001
11.107	0.0	0.0	-1.7943362500000002
11.193	0.0	0.0	-1.7371937500000003
11.277	0.0	0.0	-1.6806687500000002
11.361	0.0	0.0	-1.62490375
11.444	0.0	0.0	-1.56970875
11.529	0.0	0.0	-1.24108
11.614	0.0	0.0	-0.9157525000000001
11.697	0.0	0.0	-0.5947
11.78	0.0	0.0	-0.2767825
11.866	0.0	0.0	0.21112325000000004
11.95	0.0	0.0	0.694355
12.034	0.0	0.0	1.17156375
12.117	0.0	0.0	1.6443075000000003
12.202	0.0	0.0	2.040315
12.287	0.0	0.0	2.4327125
12.371	0.0	0.0	2.8205500000000003
12.453	0.0	0.0	3.2048250000000005
12.539	0.0	0.0	3.2428250000000003
12.623	0.0	0.0	3.2803500000000003
12.707	0.0	0.0	3.3176375000000005
12.79	0.0	0.0	3.3544500000000004
12.875	0.0	0.0	2.9184
12.96	0.0	0.0	2.4856750000000005
13.044	0.0	0.0	2.05772375
13.127	0.0	0.0	1.6330262500000003
13.212	0.0	0.0	0.86355
13.296	0.0	0.0	0.10000650000000001
13.38	0.0	0.0	-0.65590375
13.463	0.0	0.0	-1.40616625
13.548	0.0	0.0	-2.1408250000000004
13.633	0.0	0.0	-2.8701875
13.717	0.0	0.0	-3.5926625000000003
13.8	0.0	0.0	-4.3103875
13.885	0.0	0.0	-4.5904
13.969	0.0	0.0	-4.868512500000001
14.053	0.0	0.0	-5.1442499999999995
14.136	0.0	0.0	-5.418325
14.221	0.0	0.0	-5.007925000000001
14.306	0.0	0.0	-4.599900000000001
14.39	0.0	0.0	-4.195200000000001
14.473	0.0	0.0	-3.7931125000000003
14.558	0.0	0.0	-2.8072500000000002
14.642	0.0	0.0	-1.827325
14.726	0.0	0.0	-0.8545487500000001
14.81	0.0	0.0	0.11295737500000001
14.894	0.0	0.0	1.22113
14.979	0.0	0.0	2.3234150000000002
15.063	0.0	0.0	3.4183375000000007
15.146	0.0	0.0	4.507750000000001
15.231	0.0	0.0	5.158262500000001
15.315	0.0	0.0	5.80545
15.399	0.0	0.0	6.4488375000000016
15.483	0.0	0.0	7.089375
15.567	0.0	0.0	6.882750000000001
15.652	0.0	0.0	6.6768375
15.736	0.0	0.0	6.472112500000001
15.819	0.0	0.0	6.268337500000001
15.904	0.0	0.0	5.226425
15.988	0.0	0.0	4.1887875
16.072	0.0	0.0	3.1559000000000004
16.156	0.0	0.0	2.1267412500000002
16.241	0.0	0.0	0.7216675
16.325	0.0	0.0	-0.67865625
16.409	0.0	0.0	-2.0731850000000005
16.493	0.0	0.0	-3.4637000000000002
16.577	0.0	0.0	-4.5284125
16.661	0.0	0.0	-5.590275
16.745	0.0	0.0	-6.648100000000001
16.829	0.0	0.0	-7.703550000000001
16.914	0.0	0.0	-7.855074999999999
16.998	0.0	0.0	-8.006125
17.082	0.0	0.0	-8.1569375
17.166	0.0	0.0	-8.3075125
17.25	0.0	0.0	-7.418075
17.334	0.0	0.0	-6.5305375
17.418	0.0	0.0	-5.644900000000001
17.502	0.0	0.0	-4.76045
17.587	0.0	0.0	-3.2387875000000004
17.671	0.0	0.0	-1.7191437500000002
17.755	0.0	0.0	-0.202019875
17.839	0.0	0.0	1.3135175000000003
17.923	0.0	0.0	2.7158125000000006
18.007	0.0	0.0	4.1165875000000005
18.091	0.0	0.0	5.516175
18.175	0.0	0.0	6.91505
18.26	0.0	0.0	7.487187500000001
18.344	0.0	0.0	8.05885
18.428	0.0	0.0	8.6305125
18.512	0.0	0.0	9.202175
18.596	0.0	0.0	8.646425
18.68	0.0	0.0	8.090675000000001
18.764	0.0	0.0	7.5346875
18.849	0.0	0.0	6.9787
18.933	0.0	0.0	5.5700875
19.017	0.0	0.0	4.160525000000001
19.101	0.0	0.0	2.7500125000000004
19.185	0.0	0.0	1.3378137500000002
19.269	0.0	0.0	-0.21694437500000002
19.353	0.0	0.0	-1.7733175000000003
19.437	0.0	0.0	-3.3321250000000004
19.522	0.0	0.0	-4.89345
19.606	0.0	0.0	-5.822312500000001
19.69	0.0	0.0	-6.752600000000001
19.774	0.0	0.0	-7.6847875
19.858	0.0	0.0	-8.6186375
19.942	0.0	0.0	-8.4813625
20.026	0.0	0.0	-8.3436125
20.111	0.0	0.0	-8.2053875
20.195	0.0	0.0	-8.066925000000001
20.279	0.0	0.0	-6.970625000000001
20.363	0.0	0.0	-5.8712375
20.447	0.0	0.0	-4.768050000000001
20.532	0.0	0.0	-3.6615375
20.615	0.0	0.0	-2.1862587500000004
20.699	0.0	0.0	-0.70668125
20.784	0.0	0.0	0.7790712500000001
20.868	0.0	0.0	2.269835
20.952	0.0	0.0	3.3846125000000007
21.036	0.0	0.0	4.503
21.12	0.0	0.0	5.627087500000001
21.205	0.0	0.0	6.755450000000001
21.288	0.0	0.0	6.993900000000001
21.372	0.0	0.0	7.233300000000001
21.457	0.0	0.0	7.474125000000001
21.541	0.0	0.0	7.7159
21.625	0.0	0.0	7.031187500000001
21.709	0.0	0.0	6.3433875
21.793	0.0	0.0	5.6513125
21.878	0.0	0.0	4.9559125
21.961	0.0	0.0	3.7584375000000008
22.045	0.0	0.0	2.555025
22.13	0.0	0.0	1.34346625
22.215	0.0	0.0	0.12547125
22.298	0.0	0.0	-0.9602837500000002
22.382	0.0	0.0	-2.0519525000000005
22.466	0.0	0.0	-3.1516250000000006
22.551	0.0	0.0	-4.2579
22.634	0.0	0.0	-4.725775
22.718	0.0	0.0	-5.1965
22.803	0.0	0.0	-5.6712625
22.888	0.0	0.0	-6.1486375
22.971	0.0	0.0	-5.851287500000001
23.055	0.0	0.0	-5.552037500000001
23.139	0.0	0.0	-5.2501750000000005
23.224	0.0	0.0	-4.946175
23.307	0.0	0.0	-4.127512500000001
23.391	0.0	0.0	-3.3029125
23.476	0.0	0.0	-2.4707125
23.561	0.0	0.0	-1.6323612500000002
23.644	0.0	0.0	-0.75582
23.728	0.0	0.0	0.12734275
23.812	0.0	0.0	1.01942125
23.897	0.0	0.0	1.91843
23.98	0.0	0.0	2.4293875000000003
24.064	0.0	0.0	2.944525
24.149	0.0	0.0	3.4648875
24.234	0.0	0.0	3.9897625
24.317	0.0	0.0	3.957700000000001
24.401	0.0	0.0	3.9256375
24.485	0.0	0.0	3.8931
24.571	0.0	0.0	3.8603250000000005
24.654	0.0	0.0	3.4038500000000007
24.737	0.0	0.0	2.9431000000000007
24.822	0.0	0.0	2.477125
24.907	0.0	0.0	2.0067087500000005
24.99	0.0	0.0	1.4286812500000001
25.074	0.0	0.0	0.8451912500000001
25.158	0.0	0.0	0.254315
25.244	0.0	0.0	-0.34226125
25.327	0.0	0.0	-0.7415225000000001
25.41	0.0	0.0	-1.1447500000000002
25.495	0.0	0.0	-1.5533450000000002
25.58	0.0	0.0	-1.9660725000000001
25.663	0.0	0.0	-2.04155
25.747	0.0	0.0	-2.1178350000000004
25.831	0.0	0.0	-2.1951650000000003
25.917	0.0	0.0	-2.2733025000000002
26.0	0.0	0.0	-2.07651
26.083	0.0	0.0	-1.8775562500000003
26.168	0.0	0.0	-1.6757050000000002
26.254	0.0	0.0	-1.4715975000000001
26.336	0.0	0.0	-1.17816625
26.42	0.0	0.0	-0.8813625
26.504	0.0	0.0	-0.5800700000000001
26.59	0.0	0.0	-0.27531
26.673	0.0	0.0	-0.060303625000000007
26.756	0.0	0.0	0.157263
26.841	0.0	0.0	0.37829
26.927	0.0	0.0	0.6019912500000001
27.009	0.0	0.0	0.660725
27.093	0.0	0.0	0.720195
27.177	0.0	0.0	0.7806625
27.263	0.0	0.0	0.8418662500000001
27.346	0.0	0.0	0.7801400000000002
27.429	0.0	0.0	0.7175825000000002
27.514	0.0	0.0	0.6539562500000001
27.6	0.0	0.0	0.5894987500000001
27.682	0.0	0.0	0.49651750000000006
27.766	0.0	0.0	0.40230125000000005
27.851	0.0	0.0	0.30639875000000005
27.937	0.0	0.0	0.209197125
28.019	0.0	0.0	0.134740875
28.102	0.0	0.0	0.05923012500000001
28.187	0.0	0.0	-0.017706575000000002
28.273	0.0	0.0	-0.09575525000000001
28.355	0.0	0.0	-0.16683187500000002
28.439	0.0	0.0	-0.23892500000000003
28.524	0.0	0.0	-0.31238375
28.61	0.0	0.0	-0.3868400000000001
28.692	0.0	0.0	-0.4379262500000001
28.775	0.0	0.0	-0.4897725000000001
28.86	0.0	0.0	-0.54264
28.946	0.0	0.0	-0.5963625000000001
29.028	0.0	0.0	-0.5742275
29.112	0.0	0.0	-0.55173625
29.197	0.0	0.0	-0.5287937500000001
29.283	0.0	0.0	-0.5055187500000001
29.365	0.0	0.0	-0.39360875000000006
29.448	0.0	0.0	-0.2800125
29.533	0.0	0.0	-0.164053125
29.619	0.0	0.0	-0.046179500000000005
29.701	0.0	0.0	0.10635725
29.784	0.0	0.0	0.26160625000000004
29.869	0.0	0.0	0.42037500000000005
29.956	0.0	0.0	0.5818275
30.038	0.0	0.0	0.6864937500000001
30.121	0.0	0.0	0.7928937500000001
30.207	0.0	0.0	0.9015737500000001
30.293	0.0	0.0	1.0119637500000003
30.375	0.0	0.0	0.9977850000000001
30.458	0.0	0.0	0.9833687500000001
30.543	0.0	0.0	0.96862
30.629	0.0	0.0	0.9535862500000001
30.711	0.0	0.0	0.8155512500000001
30.794	0.0	0.0	0.6749275000000001
30.879	0.0	0.0	0.5309550000000001
30.966	0.0	0.0	0.38451250000000003
31.048	0.0	0.0	0.19047737500000003
31.13	0.0	0.0	-0.007010050000000001
31.215	0.0	0.0	-0.20928025000000003
31.302	0.0	0.0	-0.4153400000000001
31.384	0.0	0.0	-0.56392
31.467	0.0	0.0	-0.7155162500000001
31.552	0.0	0.0	-0.871055
31.639	0.0	0.0	-1.02958625
31.721	0.0	0.0	-1.0542625
31.804	0.0	0.0	-1.07939
31.889	0.0	0.0	-1.10515875
31.976	0.0	0.0	-1.1314025
32.057	0.0	0.0	-1.02170125
32.14	0.0	0.0	-0.9098625
32.225	0.0	0.0	-0.7950075000000001
32.312	0.0	0.0	-0.6778012500000001
32.393	0.0	0.0	-0.4940237500000001
32.477	0.0	0.0	-0.30630375
32.562	0.0	0.0	-0.11351787500000002
32.649	0.0	0.0	0.08302762500000001
32.73	0.0	0.0	0.24429250000000002
32.813	0.0	0.0	0.40883250000000004
32.898	0.0	0.0	0.5778850000000001
32.985	0.0	0.0	0.7505475
33.066	0.0	0.0	0.8119175000000001
33.149	0.0	0.0	0.87468875
33.235	0.0	0.0	0.9393125
33.322	0.0	0.0	1.00531375
33.403	0.0	0.0	0.94601
33.486	0.0	0.0	0.8854000000000001
33.572	0.0	0.0	0.8231275000000001
33.659	0.0	0.0	0.7595487500000001
33.74	0.0	0.0	0.5914937499999999
33.823	0.0	0.0	0.41966250000000005
33.908	0.0	0.0	0.24265375000000003
33.995	0.0	0.0	0.06159800000000001
34.076	0.0	0.0	0.0173149375
34.159	0.0	0.0	-0.028032125
34.245	0.0	0.0	-0.074753125
34.332	0.0	0.0	-0.122493
34.413	0.0	0.0	-0.14475625
34.495	0.0	0.0	-0.16753725000000003
34.581	0.0	0.0	-0.19102362500000003
34.668	0.0	0.0	-0.215072875
34.749	0.0	0.0	-0.20933962500000003
34.832	0.0	0.0	-0.20346625000000002
34.917	0.0	0.0	-0.19740287500000003
35.005	0.0	0.0	-0.19120412500000003
35.086	0.0	0.0	-0.16615737500000002
35.168	0.0	0.0	-0.14050975000000002
35.254	0.0	0.0	-0.114035625
35.341	0.0	0.0	-0.08691312500000001
35.422	0.0	0.0	-0.058691
35.505	0.0	0.0	-0.029718374999999998
35.59	0.0	0.0	0.0002402075
35.678	0.0	0.0	0.03094625
35.759	0.0	0.0	0.048433375
35.842	0.0	0.0	0.06636462500000001
35.927	0.0	0.0	0.084880125
36.015	0.0	0.0	0.10383737500000002
36.095	0.0	0.0	0.10526237499999999
36.178	0.0	0.0	0.10672300000000001
36.263	0.0	0.0	0.10823350000000001
36.351	0.0	0.0	0.10978675
36.432	0.0	0.0	0.09915862500000001
36.514	0.0	0.0	0.08823600000000001
36.6	0.0	0.0	0.076931
36.688	0.0	0.0	0.065343375
36.768	0.0	0.0	0.05131425
36.851	0.0	0.0	0.036909874999999995
36.936	0.0	0.0	0.02199345
37.024	0.0	0.0	0.006676837500000001
37.104	0.0	0.0	-0.0032919875000000003
37.187	0.0	0.0	-0.013553175
37.273	0.0	0.0	-0.024196500000000003
37.361	0.0	0.0	-0.035130999999999996
37.442	0.0	0.0	-0.038197125
37.524	0.0	0.0	-0.041348750000000004
37.61	0.0	0.0	-0.044614375000000005
37.698	0.0	0.0	-0.04796550000000001
37.778	0.0	0.0	-0.045500250000000006
37.86	0.0	0.0	-0.04296375
37.946	0.0	0.0	-0.04032987500000001
38.034	0.0	0.0	-0.037622375
38.114	0.0	0.0	-0.032176500000000004
38.197	0.0	0.0	-0.026564375
38.283	0.0	0.0	-0.0207363625
38.371	0.0	0.0	-0.014748750000000001
38.451	0.0	0.0	-0.0080823625
38.533	0.0	0.0	-0.00121972875
38.619	0.0	0.0	0.005909475000000001
38.707	0.0	0.0	0.013247037500000001
38.787	0.0	0.0	0.019225862500000003
38.87	0.0	0.0	0.025395875000000002
38.956	0.0	0.0	0.031817875
39.044	0.0	0.0	0.0384275
39.124	0.0	0.0	0.040809625
39.207	0.0	0.0	0.043265375
39.293	0.0	0.0	0.045816125000000006
39.381	0.0	0.0	0.048440500000000004
39.461	0.0	0.0	0.04500387500000001
39.543	0.0	0.0	0.041460375
39.629	0.0	0.0	0.037769625
39.717	0.0	0.0	0.033964875000000005
39.797	0.0	0.0	0.025353125
39.879	0.0	0.0	0.016455425
39.965	0.0	0.0	0.007186750000000001
40.054	0.0	0.0	-0.00235849375
40.134	0.0	0.0	-0.012167125000000003
40.216	0.0	0.0	-0.022290562500000003
40.302	0.0	0.0	-0.0328415
40.39	0.0	0.0	-0.043726125
40.47	0.0	0.0	-0.04941900000000001
40.552	0.0	0.0	-0.05530900000000001
40.638	0.0	0.0	-0.06146025
40.727	0.0	0.0	-0.06780625000000001
40.807	0.0	0.0	-0.06570437500000001
40.889	0.0	0.0	-0.063528875
40.975	0.0	0.0	-0.061263125
41.064	0.0	0.0	-0.058926124999999996
41.143	0.0	0.0	-0.049416625000000006
41.226	0.0	0.0	-0.039584125000000005
41.311	0.0	0.0	-0.029309875000000003
41.4	0.0	0.0	-0.0186933875
41.48	0.0	0.0	-0.0062156125
41.562	0.0	0.0	0.0067091375
41.648	0.0	0.0	0.0202152875
41.737	0.0	0.0	0.034154875
41.816	0.0	0.0	0.04318225
41.898	0.0	0.0	0.0525255
41.984	0.0	0.0	0.06229625000000001
42.073	0.0	0.0	0.0723995
42.152	0.0	0.0	0.073188
42.235	0.0	0.0	0.074005
42.321	0.0	0.0	0.07485762500000001
42.41	0.0	0.0	0.075741125
42.489	0.0	0.0	0.06768512500000001
42.571	0.0	0.0	0.05933937500000001
42.657	0.0	0.0	0.05060412500000001
42.746	0.0	0.0	0.0415625
42.825	0.0	0.0	0.028673375
42.907	0.0	0.0	0.015285500000000002
42.994	0.0	0.0	0.00124642375
43.083	0.0	0.0	-0.013287650000000002
43.162	0.0	0.0	-0.0245005
43.245	0.0	0.0	-0.03613087500000001
43.331	0.0	0.0	-0.04831225000000001
43.42	0.0	0.0	-0.060909250000000005
43.499	0.0	0.0	-0.0648185
43.581	0.0	0.0	-0.06887737499999999
43.667	0.0	0.0	-0.07313575
43.756	0.0	0.0	-0.077550875
43.835	0.0	0.0	-0.07251587500000001
43.917	0.0	0.0	-0.06727900000000002
44.004	0.0	0.0	-0.06178325
44.093	0.0	0.0	-0.05609275
44.172	0.0	0.0	-0.04507512500000001
44.254	0.0	0.0	-0.03363
44.34	0.0	0.0	-0.0216089375
44.429	0.0	0.0	-0.009141612500000002
44.508	0.0	0.0	0.0020611200000000005
44.59	0.0	0.0	0.013727025000000002
44.676	0.0	0.0	0.026001500000000004
44.766	0.0	0.0	0.03873625000000001
44.845	0.0	0.0	0.044628625000000005
44.927	0.0	0.0	0.050756125
45.014	0.0	0.0	0.05719475000000001
45.103	0.0	0.0	0.0638685
45.182	0.0	0.0	0.062089624999999996
45.263	0.0	0.0	0.06023950000000001
45.35	0.0	0.0	0.058289625000000005
45.439	0.0	0.0	0.05626612500000001
45.518	0.0	0.0	0.04857825
45.6	0.0	0.0	0.040565000000000004
45.686	0.0	0.0	0.032126625
45.776	0.0	0.0	0.023368337500000006
45.855	0.0	0.0	0.014308662500000003
45.936	0.0	0.0	0.0048732625
46.022	0.0	0.0	-0.0050689625
46.112	0.0	0.0	-0.0154040125
46.191	0.0	0.0	-0.021267650000000003
46.272	0.0	0.0	-0.027390875000000002
46.359	0.0	0.0	-0.03385325
46.449	0.0	0.0	-0.040572125
46.528	0.0	0.0	-0.040961625
46.61	0.0	0.0	-0.04136775
46.696	0.0	0.0	-0.04179525
46.786	0.0	0.0	-0.042239375
46.864	0.0	0.0	-0.038064125
46.946	0.0	0.0	-0.033708375
47.032	0.0	0.0	-0.029108000000000002
47.122	0.0	0.0	-0.024317625000000002
47.2	0.0	0.0	-0.0186287875
47.282	0.0	0.0	-0.0126832125
47.369	0.0	0.0	-0.006402287500000001
47.459	0.0	0.0	0.000130394625
47.537	0.0	0.0	0.0041370125
47.619	0.0	0.0	0.008322
47.705	0.0	0.0	0.012747100000000003
47.795	0.0	0.0	0.017358400000000003
47.873	0.0	0.0	0.018183
47.955	0.0	0.0	0.019046075000000003
48.042	0.0	0.0	0.0199592625
48.132	0.0	0.0	0.0209097375
48.21	0.0	0.0	0.019172900000000003
48.292	0.0	0.0	0.017357212500000004
48.378	0.0	0.0	0.015435125000000003
48.468	0.0	0.0	0.013431100000000001
48.546	0.0	0.0	0.011047075
48.628	0.0	0.0	0.008548100000000001
48.715	0.0	0.0	0.0058987875000000006
48.805	0.0	0.0	0.0031352375000000005
48.883	0.0	0.0	0.0017866650000000002
48.965	0.0	0.0	0.0003750362500000001
49.052	0.0	0.0	-0.00111978875
49.142	0.0	0.0	-0.0026773375000000003
49.22	0.0	0.0	-0.0027227
49.301	0.0	0.0	-0.0027699625
49.388	0.0	0.0	-0.0028203125000000003
49.478	0.0	0.0	-0.0028728000000000004
49.556	0.0	0.0	-0.0031031750000000006
49.638	0.0	0.0	-0.0033451875
49.724	0.0	0.0	-0.0036016875000000007
49.815	0.0	0.0	-0.0038695875000000005
49.893	0.0	0.0	-0.003888825
49.974	0.0	0.0	-0.003908775000000001
50.061	0.0	0.0	-0.00393015
50.151	0.0	0.0	-0.0039522375
50.229	0.0	0.0	-0.002726975
50.31	0.0	0.0	-0.0014392500000000002
50.397	0.0	0.0	-6.954000000000002e-05
50.488	0.0	0.0	0.0013623712500000003
50.566	0.0	0.0	0.0033359250000000004
50.648	0.0	0.0	0.0054076375000000005
50.734	0.0	0.0	0.007608075000000001
50.825	0.0	0.0	0.0099063625
50.902	0.0	0.0	0.011247287500000001
50.984	0.0	0.0	0.012655662500000001
51.07	0.0	0.0	0.014155000000000001
51.161	0.0	0.0	0.015724637500000003
51.239	0.0	0.0	0.015242275000000001
51.32	0.0	0.0	0.014734737500000001
51.407	0.0	0.0	0.014194187500000002
51.498	0.0	0.0	0.013629175
51.575	0.0	0.0	0.011210475000000001
51.657	0.0	0.0	0.008668037500000001
51.743	0.0	0.0	0.005959587500000001
51.834	0.0	0.0	0.0031226500000000003
51.911	0.0	0.0	-8.825025e-05
51.993	0.0	0.0	-0.0034720125
52.08	0.0	0.0	-0.007082725000000001
52.171	0.0	0.0	-0.0108658625
52.249	0.0	0.0	-0.0131035875
52.33	0.0	0.0	-0.015458875000000002
52.417	0.0	0.0	-0.017968775000000003
52.508	0.0	0.0	-0.020596000000000003
52.585	0.0	0.0	-0.020532825
52.666	0.0	0.0	-0.0204665625
52.753	0.0	0.0	-0.020395787500000005
52.844	0.0	0.0	-0.0203212125
52.921	0.0	0.0	-0.0178963375
53.003	0.0	0.0	-0.01533775
53.09	0.0	0.0	-0.012605075
53.181	0.0	0.0	-0.009741300000000001
53.258	0.0	0.0	-0.0062037375000000014
53.339	0.0	0.0	-0.0024749875
53.426	0.0	0.0	0.0015100487500000002
53.517	0.0	0.0	0.0056931125
53.594	0.0	0.0	0.008519124999999999
53.675	0.0	0.0	0.01150545
53.763	0.0	0.0	0.0147022
53.854	0.0	0.0	0.018059025000000003
53.931	0.0	0.0	0.018767487500000003
54.013	0.0	0.0	0.0195151375
54.1	0.0	0.0	0.020314325
54.191	0.0	0.0	0.021152937500000003
54.268	0.0	0.0	0.019505162500000003
54.349	0.0	0.0	0.017764525000000003
54.436	0.0	0.0	0.015899675000000002
54.527	0.0	0.0	0.013939112500000002
54.604	0.0	0.0	0.010899825000000002
54.685	0.0	0.0	0.007684312500000001
54.772	0.0	0.0	0.0042391375
54.864	0.0	0.0	0.0006209437500000001
54.941	0.0	0.0	-0.0022163975000000003
55.022	0.0	0.0	-0.0052157375
55.109	0.0	0.0	-0.008432675
55.2	0.0	0.0	-0.011817525000000002
55.277	0.0	0.0	-0.013130662500000003
55.358	0.0	0.0	-0.0145214625
55.445	0.0	0.0	-0.016013675
55.537	0.0	0.0	-0.017582125
55.614	0.0	0.0	-0.0169024
55.695	0.0	0.0	-0.016183012500000003
55.781	0.0	0.0	-0.0154106625
55.873	0.0	0.0	-0.014597462500000002
55.95	0.0	0.0	-0.012447850000000002
56.031	0.0	0.0	-0.010167375
56.118	0.0	0.0	-0.007714950000000001
56.21	0.0	0.0	-0.005132375000000001
56.287	0.0	0.0	-0.0026388625000000002
56.368	0.0	0.0	2.8642499999999997e-06
56.455	0.0	0.0	0.0028400250000000004
56.547	0.0	0.0	0.005825162500000001
56.623	0.0	0.0	0.007486475000000001
56.704	0.0	0.0	0.009248250000000001
56.791	0.0	0.0	0.01114445
56.883	0.0	0.0	0.013143962500000002
56.959	0.0	0.0	0.013305225000000002
57.041	0.0	0.0	0.013476462500000001
57.128	0.0	0.0	0.013661
57.22	0.0	0.0	0.013855037500000002
57.296	0.0	0.0	0.012541425
57.377	0.0	0.0	0.0111473
57.464	0.0	0.0	0.0096460625
57.556	0.0	0.0	0.008061700000000002
57.632	0.0	0.0	0.0059420125
57.713	0.0	0.0	0.0036867125000000006
57.801	0.0	0.0	0.00125378625
57.893	0.0	0.0	-0.0013140400000000003
57.969	0.0	0.0	-0.003237125
58.05	0.0	0.0	-0.0052803375
58.138	0.0	0.0	-0.007481725000000002
58.23	0.0	0.0	-0.0098028125
58.306	0.0	0.0	-0.0106169625
58.387	0.0	0.0	-0.01148265
58.474	0.0	0.0	-0.012417450000000003
58.566	0.0	0.0	-0.013405450000000003
58.642	0.0	0.0	-0.012744012500000002
58.723	0.0	0.0	-0.012039825000000002
58.811	0.0	0.0	-0.01127935
58.903	0.0	0.0	-0.010476362500000001
58.979	0.0	0.0	-0.008689887500000002
59.06	0.0	0.0	-0.006788700000000002
59.147	0.0	0.0	-0.0047345625
59.239	0.0	0.0	-0.0025626250000000002
59.315	0.0	0.0	-0.0005591937500000001
59.396	0.0	0.0	0.0015779737500000001
59.483	0.0	0.0	0.0038909625000000006
59.576	0.0	0.0	0.00633745
59.652	0.0	0.0	0.00755155
59.733	0.0	0.0	0.008844975000000001
59.821	0.0	0.0	0.0102431375
59.913	0.0	0.0	0.011720387500000002
59.989	0.0	0.0	0.011578362500000002
60.069	0.0	0.0	0.011427075000000002
60.157	0.0	0.0	0.011262962500000001
60.249	0.0	0.0	0.011089112500000001
60.325	0.0	0.0	0.0097747875
60.406	0.0	0.0	0.008371162500000001
60.493	0.0	0.0	0.006850450000000001
60.586	0.0	0.0	0.0052418625
60.661	0.0	0.0	0.0035499125000000003
60.742	0.0	0.0	0.0017443425000000005
60.829	0.0	0.0	-0.000213617
60.922	0.0	0.0	-0.00228885875
60.998	0.0	0.0	-0.0034544375
61.078	0.0	0.0	-0.0047006
61.166	0.0	0.0	-0.00605245
61.259	0.0	0.0	-0.007483862500000001
61.334	0.0	0.0	-0.007620662500000001
61.415	0.0	0.0	-0.0077669625
61.502	0.0	0.0	-0.007925375000000002
61.595	0.0	0.0	-0.0080937625
61.67	0.0	0.0	-0.007362500000000001
61.751	0.0	0.0	-0.006579462500000001
61.839	0.0	0.0	-0.005728025000000001
61.932	0.0	0.0	-0.0048248125
62.008	0.0	0.0	-0.0038277874999999998
62.088	0.0	0.0	-0.0027614125
62.176	0.0	0.0	-0.00160357625
62.269	0.0	0.0	-0.000376485
62.344	0.0	0.0	0.00032841500000000003
62.425	0.0	0.0	0.00108307125
62.512	0.0	0.0	0.0019042750000000002
62.605	0.0	0.0	0.0027766125
62.68	0.0	0.0	0.0030934375000000003
62.761	0.0	0.0	0.0034333000000000002
62.849	0.0	0.0	0.0038030875
62.942	0.0	0.0	0.0041952
63.017	0.0	0.0	0.004227025000000001
63.097	0.0	0.0	0.0042609875000000005
63.185	0.0	0.0	0.0042978
63.278	0.0	0.0	0.004337225
63.353	0.0	0.0	0.0038705375
63.434	0.0	0.0	0.0033696500000000005
63.522	0.0	0.0	0.0028229250000000004
63.615	0.0	0.0	0.00224202375
63.69	0.0	0.0	0.0011061800000000002
63.771	0.0	0.0	-0.000112176
63.859	0.0	0.0	-0.00143936875
63.952	0.0	0.0	-0.0028488125
64.027	0.0	0.0	-0.00422275
64.107	0.0	0.0	-0.0056981
64.195	0.0	0.0	-0.007308587500000001
64.288	0.0	0.0	-0.0090231
64.363	0.0	0.0	-0.009736312500000002
64.444	0.0	0.0	-0.0105032
64.531	0.0	0.0	-0.011340625000000002
64.625	0.0	0.0	-0.012230775000000001
64.7	0.0	0.0	-0.011496187500000003
64.78	0.0	0.0	-0.010706975
64.868	0.0	0.0	-0.0098446125
64.961	0.0	0.0	-0.0089262
65.036	0.0	0.0	-0.0067217250000000004
65.116	0.0	0.0	-0.004347200000000001
65.204	0.0	0.0	-0.0017488312500000003
65.298	0.0	0.0	0.0010192550000000002
65.373	0.0	0.0	0.0037323125
65.453	0.0	0.0	0.00665095
65.541	0.0	0.0	0.009840575
65.635	0.0	0.0	0.013234925000000002
65.709	0.0	0.0	0.014915475
65.79	0.0	0.0	0.01672475
65.877	0.0	0.0	0.01870645
65.971	0.0	0.0	0.020820675000000004
66.046	0.0	0.0	0.020279650000000003
66.126	0.0	0.0	0.0196961125
66.214	0.0	0.0	0.019057000000000004
66.308	0.0	0.0	0.0183760875
66.382	0.0	0.0	0.015548412499999999
66.462	0.0	0.0	0.012501287500000001
66.55	0.0	0.0	0.0091618
66.644	0.0	0.0	0.0055974000000000015
66.718	0.0	0.0	0.0017388800000000002
66.799	0.0	0.0	-0.0024293875
66.887	0.0	0.0	-0.007005062500000001
66.981	0.0	0.0	-0.011889962500000002
67.056	0.0	0.0	-0.014783187500000003
67.136	0.0	0.0	-0.01790465
67.224	0.0	0.0	-0.0213267875
67.318	0.0	0.0	-0.0249755
67.392	0.0	0.0	-0.025251000000000003
67.472	0.0	0.0	-0.025545500000000006
67.56	0.0	0.0	-0.025870875
67.654	0.0	0.0	-0.026220000000000004
67.728	0.0	0.0	-0.023566175000000005
67.809	0.0	0.0	-0.020697175
67.897	0.0	0.0	-0.0175446
67.991	0.0	0.0	-0.01417875
68.065	0.0	0.0	-0.009874062500000001
68.145	0.0	0.0	-0.0052212000000000005
68.233	0.0	0.0	-0.00010356900000000001
68.327	0.0	0.0	0.0053710625
68.401	0.0	0.0	0.0091539625
68.481	0.0	0.0	0.013250600000000001
68.57	0.0	0.0	0.0177581125
68.664	0.0	0.0	0.02257485
68.738	0.0	0.0	0.023885375000000004
68.818	0.0	0.0	0.025305625
68.906	0.0	0.0	0.026866
69.0	0.0	0.0	0.028538
69.074	0.0	0.0	0.0267615
69.154	0.0	0.0	0.024835375000000003
69.242	0.0	0.0	0.022710225
69.337	0.0	0.0	0.0204352125
69.411	0.0	0.0	0.0165601625
69.491	0.0	0.0	0.012362825000000001
69.58	0.0	0.0	0.0077401250000000005
69.674	0.0	0.0	0.0027956125000000004
69.748	0.0	0.0	-0.00110382875
69.827	0.0	0.0	-0.005332112500000001
69.916	0.0	0.0	-0.0099989875
70.01	0.0	0.0	-0.0150026375
70.084	0.0	0.0	-0.0170166375
70.164	0.0	0.0	-0.019203775000000003
70.252	0.0	0.0	-0.021618200000000004
70.347	0.0	0.0	-0.024203625
70.421	0.0	0.0	-0.023507037500000005
70.5	0.0	0.0	-0.022751312500000002
70.588	0.0	0.0	-0.021916737500000002
70.683	0.0	0.0	-0.0210213625
70.757	0.0	0.0	-0.0182673125
70.837	0.0	0.0	-0.015271012500000004
70.925	0.0	0.0	-0.011956225000000003
71.02	0.0	0.0	-0.008400137500000002
71.094	0.0	0.0	-0.0051995875
71.174	0.0	0.0	-0.0017228012500000002
71.262	0.0	0.0	0.0021187375
71.357	0.0	0.0	0.0062360375000000004
71.43	0.0	0.0	0.008236975000000002
71.51	0.0	0.0	0.01041295
71.598	0.0	0.0	0.012822387500000003
71.693	0.0	0.0	0.0154109
71.766	0.0	0.0	0.0154724125
71.846	0.0	0.0	0.015539150000000002
71.935	0.0	0.0	0.015613012500000002
72.03	0.0	0.0	0.0156923375
72.103	0.0	0.0	0.014185875000000002
72.183	0.0	0.0	0.012546175000000003
72.271	0.0	0.0	0.0107293
72.366	0.0	0.0	0.0087763375
72.439	0.0	0.0	0.006806750000000001
72.519	0.0	0.0	0.0046576125
72.608	0.0	0.0	0.0022725187500000003
72.703	0.0	0.0	-0.00029167375
72.776	0.0	0.0	-0.00164675375
72.856	0.0	0.0	-0.0031231250000000005
72.945	0.0	0.0	-0.0047597375
73.04	0.0	0.0	-0.006517475000000001
73.113	0.0	0.0	-0.006794162500000001
73.192	0.0	0.0	-0.0070960250000000015
73.281	0.0	0.0	-0.007431375
73.376	0.0	0.0	-0.007792375
73.449	0.0	0.0	-0.007252062500000001
73.529	0.0	0.0	-0.006661637500000001
73.618	0.0	0.0	-0.006005900000000001
73.713	0.0	0.0	-0.005301
73.786	0.0	0.0	-0.004471412500000001
73.865	0.0	0.0	-0.0035658250000000003
73.954	0.0	0.0	-0.0025585875
74.049	0.0	0.0	-0.0014736875000000002
74.122	0.0	0.0	-0.0006321062500000001
74.202	0.0	0.0	0.00028839625000000004
74.29	0.0	0.0	0.0013123775
74.386	0.0	0.0	0.0024144250000000004
74.459	0.0	0.0	0.0031587500000000005
74.538	0.0	0.0	0.0039721875
74.627	0.0	0.0	0.004877775
74.722	0.0	0.0	0.0058539
74.795	0.0	0.0	0.0061605125000000005
74.874	0.0	0.0	0.006496575000000001
74.963	0.0	0.0	0.006871112500000001
75.059	0.0	0.0	0.0072748625000000015
75.132	0.0	0.0	0.006732650000000001
75.212	0.0	0.0	0.006139375000000001
75.3	0.0	0.0	0.005478650000000001
75.396	0.0	0.0	0.004767100000000001
75.468	0.0	0.0	0.0033988625000000005
75.548	0.0	0.0	0.0019001662499999999
75.636	0.0	0.0	0.00022766037500000005
75.732	0.0	0.0	-0.0015780450000000001
75.805	0.0	0.0	-0.0031608875000000004
75.884	0.0	0.0	-0.00489725
75.973	0.0	0.0	-0.006835012500000001
76.069	0.0	0.0	-0.0089245375
76.141	0.0	0.0	-0.0097885625
76.221	0.0	0.0	-0.010735712500000001
76.309	0.0	0.0	-0.0117935375
76.405	0.0	0.0	-0.0129359125
76.477	0.0	0.0	-0.012422437500000001
76.557	0.0	0.0	-0.011858137500000001
76.646	0.0	0.0	-0.011226862500000002
76.742	0.0	0.0	-0.010545
76.815	0.0	0.0	-0.008718625
76.894	0.0	0.0	-0.0067146
76.983	0.0	0.0	-0.004475925
77.079	0.0	0.0	-0.00205979
77.151	0.0	0.0	0.00021118500000000002
77.23	0.0	0.0	0.002706075
77.319	0.0	0.0	0.005499312500000001
77.415	0.0	0.0	0.0085212625
77.487	0.0	0.0	0.010055275
77.567	0.0	0.0	0.011743425000000002
77.656	0.0	0.0	0.0136332125
77.752	0.0	0.0	0.015675
77.824	0.0	0.0	0.0155914
77.903	0.0	0.0	0.015499487499999999
77.992	0.0	0.0	0.015396650000000001
78.088	0.0	0.0	0.0152852625
78.16	0.0	0.0	0.013544625000000001
78.239	0.0	0.0	0.011626337500000002
78.329	0.0	0.0	0.0094736375
78.425	0.0	0.0	0.0071432875000000005
78.497	0.0	0.0	0.004583750000000001
78.577	0.0	0.0	0.0017663587500000002
78.666	0.0	0.0	-0.0013909187500000001
78.762	0.0	0.0	-0.004805575
78.834	0.0	0.0	-0.006873725000000001
78.913	0.0	0.0	-0.009152775000000002
79.002	0.0	0.0	-0.011712787500000002
79.098	0.0	0.0	-0.014487737500000002
79.17	0.0	0.0	-0.0150339875
79.249	0.0	0.0	-0.015636999999999998
79.338	0.0	0.0	-0.016314350000000002
79.435	0.0	0.0	-0.01704775
79.507	0.0	0.0	-0.015814650000000003
79.586	0.0	0.0	-0.0144549625
79.675	0.0	0.0	-0.012926650000000003
79.771	0.0	0.0	-0.011268900000000002
79.843	0.0	0.0	-0.008909337500000001
79.922	0.0	0.0	-0.0063006375
80.011	0.0	0.0	-0.0033639500000000005
80.108	0.0	0.0	-0.00017858337500000003
80.18	0.0	0.0	0.0021147475000000003
80.259	0.0	0.0	0.0046466875
80.348	0.0	0.0	0.007493125000000001
80.445	0.0	0.0	0.010578012500000001
80.516	0.0	0.0	0.011677400000000001
80.595	0.0	0.0	0.01289245
80.684	0.0	0.0	0.0142616375
80.781	0.0	0.0	0.015748862500000002
80.853	0.0	0.0	0.0151943
80.932	0.0	0.0	0.014580362500000001
81.021	0.0	0.0	0.0138887625
81.118	0.0	0.0	0.013138262500000001
81.189	0.0	0.0	0.0112981125
81.268	0.0	0.0	0.0092622625
81.357	0.0	0.0	0.006965875000000001
81.454	0.0	0.0	0.00446975
81.525	0.0	0.0	0.0023050562500000005
81.605	0.0	0.0	-9.445137500000001e-05
81.694	0.0	0.0	-0.0028017875
81.791	0.0	0.0	-0.005741325
81.862	0.0	0.0	-0.0071677500000000005
81.941	0.0	0.0	-0.008747125000000001
82.03	0.0	0.0	-0.010530750000000002
82.127	0.0	0.0	-0.01247065
82.198	0.0	0.0	-0.012543562500000001
82.277	0.0	0.0	-0.012624312500000002
82.367	0.0	0.0	-0.012715750000000003
82.464	0.0	0.0	-0.0128152625
82.535	0.0	0.0	-0.011605437500000001
82.615	0.0	0.0	-0.010264275
82.704	0.0	0.0	-0.008749500000000002
82.801	0.0	0.0	-0.007103387500000001
82.872	0.0	0.0	-0.005305275000000001
82.951	0.0	0.0	-0.0033093250000000005
83.04	0.0	0.0	-0.0010501062500000002
83.137	0.0	0.0	0.0014108450000000002
83.208	0.0	0.0	0.0029041500000000007
83.287	0.0	0.0	0.0045645125
83.377	0.0	0.0	0.006443850000000001
83.474	0.0	0.0	0.008488250000000001
83.545	0.0	0.0	0.008996262500000001
83.624	0.0	0.0	0.0095608
83.713	0.0	0.0	0.010200150000000002
83.81	0.0	0.0	0.010896975
83.881	0.0	0.0	0.01028375
83.96	0.0	0.0	0.009600700000000002
84.049	0.0	0.0	0.008825975
84.147	0.0	0.0	0.0079816625
84.218	0.0	0.0	0.0066521375
84.297	0.0	0.0	0.0051737
84.387	0.0	0.0	0.0034986125000000005
84.484	0.0	0.0	0.0016747312500000001
84.555	0.0	0.0	0.00034800875000000006
84.633	0.0	0.0	-0.0011293125
84.723	0.0	0.0	-0.0028070125
84.82	0.0	0.0	-0.0046381375
84.891	0.0	0.0	-0.005344462500000001
84.97	0.0	0.0	-0.006132250000000001
85.059	0.0	0.0	-0.0070269125
85.157	0.0	0.0	-0.00800185
85.228	0.0	0.0	-0.0078339375
85.306	0.0	0.0	-0.007646550000000001
85.395	0.0	0.0	-0.007433750000000001
85.493	0.0	0.0	-0.0072014750000000015
85.564	0.0	0.0	-0.006366187500000001
85.642	0.0	0.0	-0.005433050000000001
85.732	0.0	0.0	-0.00437095
85.83	0.0	0.0	-0.0032110000000000003
85.901	0.0	0.0	-0.0022059000000000002
85.98	0.0	0.0	-0.0010844962500000002
86.069	0.0	0.0	0.00019019237500000002
86.167	0.0	0.0	0.001580895
86.237	0.0	0.0	0.00224411375
86.316	0.0	0.0	0.0029849000000000004
86.405	0.0	0.0	0.0038289750000000005
86.503	0.0	0.0	0.0047519
86.573	0.0	0.0	0.0048276625000000005
86.652	0.0	0.0	0.0049124500000000005
86.742	0.0	0.0	0.005009112500000001
86.84	0.0	0.0	0.005114562500000001
86.91	0.0	0.0	0.004689675
86.989	0.0	0.0	0.0042144375
87.078	0.0	0.0	0.0036724625000000006
87.176	0.0	0.0	0.0030796625000000005
87.246	0.0	0.0	0.0024740375000000007
87.325	0.0	0.0	0.0017957375000000001
87.415	0.0	0.0	0.00102201
87.513	0.0	0.0	0.000176227375
87.583	0.0	0.0	-0.00026733000000000003
87.661	0.0	0.0	-0.0007637525000000001
87.751	0.0	0.0	-0.0013304750000000002
87.849	0.0	0.0	-0.001951015
87.919	0.0	0.0	-0.0020621650000000004
87.998	0.0	0.0	-0.0021868525
88.088	0.0	0.0	-0.00232942375
88.186	0.0	0.0	-0.0024856749999999997
88.256	0.0	0.0	-0.00231636125
88.335	0.0	0.0	-0.0021267650000000005
88.425	0.0	0.0	-0.0019103075000000004
88.523	0.0	0.0	-0.0016734725
88.593	0.0	0.0	-0.0014199887500000003
88.671	0.0	0.0	-0.0011355825
88.761	0.0	0.0	-0.0008101124999999999
88.859	0.0	0.0	-0.0004531975
88.929	0.0	0.0	-0.0002942625
89.008	0.0	0.0	-0.000115672
89.097	0.0	0.0	8.868962500000001e-05
89.196	0.0	0.0	0.00031250250000000005
89.266	0.0	0.0	0.0003385325
89.344	0.0	0.0	0.00036772125000000003
89.434	0.0	0.0	0.0004011850000000001
89.532	0.0	0.0	0.00043787875
89.602	0.0	0.0	0.00045607125000000004
89.68	0.0	0.0	0.00047654375000000005
89.77	0.0	0.0	0.0005000325
89.869	0.0	0.0	0.0005258012500000001
89.939	0.0	0.0	0.0005235925
90.017	0.0	0.0	0.0005211462500000001
90.107	0.0	0.0	0.0005183200000000001
90.206	0.0	0.0	0.00051520875
90.275	0.0	0.0	0.00038767125000000005
90.354	0.0	0.0	0.0002441025
90.443	0.0	0.0	7.92775e-05
90.542	0.0	0.0	-0.00010182812500000002
90.612	0.0	0.0	-0.00031991250000000006
90.69	0.0	0.0	-0.000565725
90.78	0.0	0.0	-0.0008479225
90.879	0.0	0.0	-0.0011576225000000002
90.948	0.0	0.0	-0.0013247987500000001
91.027	0.0	0.0	-0.0015131125
91.116	0.0	0.0	-0.001729475
91.215	0.0	0.0	-0.0019673312500000004
91.284	0.0	0.0	-0.00194011375
91.363	0.0	0.0	-0.00190938125
91.453	0.0	0.0	-0.0018740412500000002
91.552	0.0	0.0	-0.0018351625000000002
91.622	0.0	0.0	-0.0015688062500000001
91.7	0.0	0.0	-0.0012684637499999999
91.79	0.0	0.0	-0.0009233050000000001
91.889	0.0	0.0	-0.0005442075000000001
91.958	0.0	0.0	-0.000142944125
92.036	0.0	0.0	0.00031010375000000003
92.126	0.0	0.0	0.0008320100000000001
92.225	0.0	0.0	0.0014065225
92.294	0.0	0.0	0.00173918875
92.373	0.0	0.0	0.00211534125
92.463	0.0	0.0	0.0025486125000000006
92.562	0.0	0.0	0.0030250375
92.631	0.0	0.0	0.0030834625
92.709	0.0	0.0	0.0031494875000000005
92.799	0.0	0.0	0.0032254875
92.898	0.0	0.0	0.0033093250000000005
92.967	0.0	0.0	0.0030096000000000007
93.045	0.0	0.0	0.0026702125000000005
93.136	0.0	0.0	0.0022781950000000002
93.235	0.0	0.0	0.0018464912500000003
93.304	0.0	0.0	0.0012891025
93.382	0.0	0.0	0.0006585875
93.473	0.0	0.0	-6.8343e-05
93.572	0.0	0.0	-0.0008683
93.641	0.0	0.0	-0.0014179462500000003
93.719	0.0	0.0	-0.0020405287500000003
93.809	0.0	0.0	-0.0027599875000000004
93.908	0.0	0.0	-0.0035537125000000003
93.977	0.0	0.0	-0.0038011875000000007
94.055	0.0	0.0	-0.0040819125
94.145	0.0	0.0	-0.0044061
94.245	0.0	0.0	-0.0047635375000000015
94.314	0.0	0.0	-0.004531737500000001
94.392	0.0	0.0	-0.0042690625
94.482	0.0	0.0	-0.003965062500000001
94.581	0.0	0.0	-0.0036294750000000005
94.65	0.0	0.0	-0.0029784875000000003
94.728	0.0	0.0	-0.0022391025
94.818	0.0	0.0	-0.0013835087500000001
94.918	0.0	0.0	-0.0004402062500000001
94.987	0.0	0.0	0.00033057625
95.064	0.0	0.0	0.0012053837500000002
95.154	0.0	0.0	0.0022184875
95.254	0.0	0.0	0.00333735
95.323	0.0	0.0	0.0038339625000000004
95.401	0.0	0.0	0.004398975
95.491	0.0	0.0	0.005054475000000001
95.591	0.0	0.0	0.0057783750000000005
95.66	0.0	0.0	0.005712112500000001
95.738	0.0	0.0	0.005636825000000001
95.828	0.0	0.0	0.005549425000000001
95.928	0.0	0.0	0.0054532375
95.996	0.0	0.0	0.004817925000000001
96.074	0.0	0.0	0.004094975000000001
96.164	0.0	0.0	0.0032556500000000006
96.264	0.0	0.0	0.0023273575
96.332	0.0	0.0	0.001415405
96.41	0.0	0.0	0.00037622375
96.501	0.0	0.0	-0.0008300150000000001
96.601	0.0	0.0	-0.00216239
96.669	0.0	0.0	-0.0028877625
96.747	0.0	0.0	-0.0037137875000000007
96.837	0.0	0.0	-0.0046732875000000005
96.937	0.0	0.0	-0.0057349125000000015
97.005	0.0	0.0	-0.0058976
97.083	0.0	0.0	-0.0060833250000000005
97.174	0.0	0.0	-0.006299450000000002
97.274	0.0	0.0	-0.0065386125
97.342	0.0	0.0	-0.006045087500000001
97.42	0.0	0.0	-0.005482687500000001
97.511	0.0	0.0	-0.0048290875
97.611	0.0	0.0	-0.0041066125000000005
97.679	0.0	0.0	-0.003215275
97.757	0.0	0.0	-0.0021975875
97.847	0.0	0.0	-0.0010123912500000002
97.947	0.0	0.0	0.00030088875000000006
98.015	0.0	0.0	0.0011374350000000002
98.093	0.0	0.0	0.0020938000000000003
98.184	0.0	0.0	0.0032074375000000002
98.284	0.0	0.0	0.0044400625
98.352	0.0	0.0	0.0048013000000000005
98.429	0.0	0.0	0.0052138375
98.52	0.0	0.0	0.005694775000000001
98.62	0.0	0.0	0.0062282000000000014
98.688	0.0	0.0	0.005964100000000001
98.766	0.0	0.0	0.005661525000000001
98.856	0.0	0.0	0.005308362499999999
98.957	0.0	0.0	0.0049169625
99.025	0.0	0.0	0.00420375
99.103	0.0	0.0	0.0033879375
99.194	0.0	0.0	0.00243675
99.294	0.0	0.0	0.0013835325000000002
99.362	0.0	0.0	0.00062122875
99.439	0.0	0.0	-0.00025179750000000006
99.53	0.0	0.0	-0.0012719075
99.63	0.0	0.0	-0.0024044500000000003
99.698	0.0	0.0	-0.0028421625000000002
99.776	0.0	0.0	-0.0033440000000000006
99.866	0.0	0.0	-0.0039303875
99.967	0.0	0.0	-0.004580425
100.035	0.0	0.0	-0.0045246125000000005
100.112	0.0	0.0	-0.0044604875
100.202	0.0	0.0	-0.004385675
100.303	0.0	0.0	-0.0043023125
100.371	0.0	0.0	-0.0038600875
100.448	0.0	0.0	-0.0033523125000000007
100.539	0.0	0.0	-0.0027580875000000004
100.64	0.0	0.0	-0.00209866875
100.707	0.0	0.0	-0.0015506612500000001
100.785	0.0	0.0	-0.0009217612500000001
100.875	0.0	0.0	-0.000185345
100.976	0.0	0.0	0.000633175
101.043	0.0	0.0	0.00101623875
101.121	0.0	0.0	0.0014570625
101.212	0.0	0.0	0.00197388625
101.313	0.0	0.0	0.002548375
101.381	0.0	0.0	0.00263625
101.458	0.0	0.0	0.0027371875
101.549	0.0	0.0	0.0028552250000000003
101.65	0.0	0.0	0.002986325
101.717	0.0	0.0	0.0028048750000000005
101.794	0.0	0.0	0.0025961125
101.885	0.0	0.0	0.002350965
101.986	0.0	0.0	0.002078125
102.053	0.0	0.0	0.0017287387500000003
102.131	0.0	0.0	0.0013261287500000002
102.222	0.0	0.0	0.0008536700000000001
102.323	0.0	0.0	0.00032841500000000003
102.39	0.0	0.0	-6.730275e-05
102.467	0.0	0.0	-0.00052295125
102.558	0.0	0.0	-0.0010582050000000002
102.659	0.0	0.0	-0.0016542587500000003
102.726	0.0	0.0	-0.00194852125
102.803	0.0	0.0	-0.0022882650000000003
102.895	0.0	0.0	-0.0026877875000000002
102.996	0.0	0.0	-0.0031328625000000003
103.063	0.0	0.0	-0.0031587500000000005
103.141	0.0	0.0	-0.0031886750000000006
103.232	0.0	0.0	-0.0032238250000000005
103.333	0.0	0.0	-0.0032627750000000003
103.4	0.0	0.0	-0.0029350250000000004
103.477	0.0	0.0	-0.0025564500000000005
103.568	0.0	0.0	-0.0021108525
103.669	0.0	0.0	-0.0016138125
103.736	0.0	0.0	-0.0010274725000000001
103.813	0.0	0.0	-0.0003496
103.904	0.0	0.0	0.00044851875
104.006	0.0	0.0	0.00133748125
104.073	0.0	0.0	0.0018991450000000003
104.15	0.0	0.0	0.0025481375000000004
104.241	0.0	0.0	0.0033128875
104.342	0.0	0.0	0.0041659875
104.409	0.0	0.0	0.0043778375000000005
104.486	0.0	0.0	0.0046229375
104.577	0.0	0.0	0.0049124500000000005
104.679	0.0	0.0	0.0052352125
104.746	0.0	0.0	0.004919337500000001
104.823	0.0	0.0	0.004553825
104.914	0.0	0.0	0.004123237500000001
105.016	0.0	0.0	0.0036432500000000007
105.082	0.0	0.0	0.0029105625
105.159	0.0	0.0	0.0020621650000000004
105.25	0.0	0.0	0.0010597487500000002
105.352	0.0	0.0	-6.0279875e-05
105.419	0.0	0.0	-0.0008555937500000001
105.496	0.0	0.0	-0.0017781625000000004
105.587	0.0	0.0	-0.0028678125000000006
105.689	0.0	0.0	-0.00408405
105.755	0.0	0.0	-0.004515825
105.832	0.0	0.0	-0.0050167125
105.923	0.0	0.0	-0.005608562500000001
106.025	0.0	0.0	-0.006270475000000001
106.091	0.0	0.0	-0.006094250000000002
106.169	0.0	0.0	-0.0058897625
106.26	0.0	0.0	-0.005647275
106.362	0.0	0.0	-0.005376525000000001
106.429	0.0	0.0	-0.004666400000000001
106.506	0.0	0.0	-0.0038422750000000005
106.597	0.0	0.0	-0.0028678125000000006
106.699	0.0	0.0	-0.00177946875
106.765	0.0	0.0	-0.00090679875
106.842	0.0	0.0	0.000107433125
106.933	0.0	0.0	0.00130959875
107.035	0.0	0.0	0.00265525
107.101	0.0	0.0	0.0032473375
107.178	0.0	0.0	0.0039365625
107.27	0.0	0.0	0.0047530875
107.372	0.0	0.0	0.0056660375
107.438	0.0	0.0	0.005687650000000001
107.515	0.0	0.0	0.0057130625
107.606	0.0	0.0	0.0057429875
107.708	0.0	0.0	0.0057764750000000005
107.774	0.0	0.0	0.0052546875000000015
107.851	0.0	0.0	0.0046466875
107.943	0.0	0.0	0.003924925
108.045	0.0	0.0	0.0031176625
108.111	0.0	0.0	0.0023602037500000004
108.188	0.0	0.0	0.0014781050000000002
108.279	0.0	0.0	0.00043035
108.381	0.0	0.0	-0.00074382625
108.447	0.0	0.0	-0.0013397137500000002
108.524	0.0	0.0	-0.00203563625
108.615	0.0	0.0	-0.0028633000000000005
108.718	0.0	0.0	-0.0037907375
108.784	0.0	0.0	-0.00395485
108.861	0.0	0.0	-0.004146037500000001
108.953	0.0	0.0	-0.004373087500000001
109.055	0.0	0.0	-0.004627450000000001
109.121	0.0	0.0	-0.004347200000000001
109.197	0.0	0.0	-0.0040196875
109.289	0.0	0.0	-0.0036297125
109.391	0.0	0.0	-0.0031922375
109.457	0.0	0.0	-0.0026804250000000006
109.534	0.0	0.0	-0.0020818300000000002
109.625	0.0	0.0	-0.0013692825
109.728	0.0	0.0	-0.0005706412500000001
109.794	0.0	0.0	-0.00011718962500000002
109.87	0.0	0.0	0.0004127512500000001
109.961	0.0	0.0	0.0010442637500000002
110.064	0.0	0.0	0.0017532725000000001
110.13	0.0	0.0	0.0019538412500000003
110.206	0.0	0.0	0.00218887125
110.298	0.0	0.0	0.0024692875
110.401	0.0	0.0	0.0027842125000000005
110.467	0.0	0.0	0.0027025125
110.544	0.0	0.0	0.0026070375
110.635	0.0	0.0	0.0024930375000000006
110.738	0.0	0.0	0.0023654525000000003
110.803	0.0	0.0	0.00210280125
110.88	0.0	0.0	0.001795025
110.971	0.0	0.0	0.0014273750000000003
111.074	0.0	0.0	0.0010139825
111.139	0.0	0.0	0.0007020262500000001
111.216	0.0	0.0	0.0003359200000000001
111.308	0.0	0.0	-0.00010130562500000002
111.411	0.0	0.0	-0.0005922775
111.476	0.0	0.0	-0.00084058375
111.553	0.0	0.0	-0.0011317587500000001
111.644	0.0	0.0	-0.0014798862500000002
111.747	0.0	0.0	-0.0018714762500000003
111.812	0.0	0.0	-0.001964505
111.889	0.0	0.0	-0.00207392125
111.981	0.0	0.0	-0.0022049025
112.084	0.0	0.0	-0.0023522237500000005
112.149	0.0	0.0	-0.00222753625
112.226	0.0	0.0	-0.00208114125
112.318	0.0	0.0	-0.0019061275
112.421	0.0	0.0	-0.00170943
112.486	0.0	0.0	-0.0013924387500000002
112.562	0.0	0.0	-0.00101970625
112.654	0.0	0.0	-0.0005729925
112.757	0.0	0.0	-6.97965e-05
112.822	0.0	0.0	0.00030426125000000004
112.899	0.0	0.0	0.0007447525000000001
112.991	0.0	0.0	0.0012724775000000001
113.094	0.0	0.0	0.0018661325000000001
113.159	0.0	0.0	0.002097505
113.235	0.0	0.0	0.0023698462500000004
113.327	0.0	0.0	0.0026965750000000005
113.43	0.0	0.0	0.0030649375
113.495	0.0	0.0	0.003010075
113.572	0.0	0.0	0.0029457125000000002
113.664	0.0	0.0	0.0028682875000000004
113.767	0.0	0.0	0.0027811249999999997
113.832	0.0	0.0	0.0024464875000000004
113.908	0.0	0.0	0.0020519762500000004
114.0	0.0	0.0	0.0015782112500000002
114.103	0.0	0.0	0.0010439550000000003
114.168	0.0	0.0	0.0005935125
114.244	0.0	0.0	6.123700000000001e-05
114.336	0.0	0.0	-0.0005787875
114.44	0.0	0.0	-0.00130055
114.505	0.0	0.0	-0.0016321475000000002
114.581	0.0	0.0	-0.00202333375
114.673	0.0	0.0	-0.0024930375000000006
114.777	0.0	0.0	-0.0030224250000000005
114.841	0.0	0.0	-0.0030620875000000004
114.918	0.0	0.0	-0.0031091125000000004
115.009	0.0	0.0	-0.0031656375000000004
115.113	0.0	0.0	-0.0032295250000000005
115.178	0.0	0.0	-0.0029666125000000006
115.254	0.0	0.0	-0.0026554875000000004
115.346	0.0	0.0	-0.0022811875000000002
115.45	0.0	0.0	-0.0018589362500000001
115.514	0.0	0.0	-0.0014412687500000001
115.591	0.0	0.0	-0.0009473637500000002
115.682	0.0	0.0	-0.00035223625000000005
115.786	0.0	0.0	0.00032007875000000005
115.85	0.0	0.0	0.0006780625
115.927	0.0	0.0	0.0011025700000000002
116.019	0.0	0.0	0.0016146912500000002
116.123	0.0	0.0	0.00219324125
116.188	0.0	0.0	0.002324935
116.264	0.0	0.0	0.002480925
116.356	0.0	0.0	0.0026685500000000004
116.46	0.0	0.0	0.0028806375000000007
116.524	0.0	0.0	0.002745025
116.6	0.0	0.0	0.0025842375000000002
116.692	0.0	0.0	0.002389725
116.796	0.0	0.0	0.0021700137499999998
116.86	0.0	0.0	0.0018517637500000002
116.937	0.0	0.0	0.0014738300000000002
117.029	0.0	0.0	0.0010174975000000002
117.133	0.0	0.0	0.000501885
117.197	0.0	0.0	0.000156035125
117.273	0.0	0.0	-0.00025441
117.365	0.0	0.0	-0.0007505475
117.469	0.0	0.0	-0.0013120925000000001
117.533	0.0	0.0	-0.00153489125
117.609	0.0	0.0	-0.0017999650000000002
117.702	0.0	0.0	-0.0021207325
117.806	0.0	0.0	-0.0024837750000000006
117.87	0.0	0.0	-0.0024852000000000003
117.946	0.0	0.0	-0.0024868625000000004
118.039	0.0	0.0	-0.0024890000000000003
118.143	0.0	0.0	-0.0024913750000000005
118.207	0.0	0.0	-0.00226102375
118.283	0.0	0.0	-0.0019876612500000002
118.375	0.0	0.0	-0.001657655
118.479	0.0	0.0	-0.0012849937500000002
118.542	0.0	0.0	-0.00092095375
118.612	0.0	0.0	-0.00048687500000000006
118.712	0.0	0.0	4.1355875e-05
118.812	0.0	0.0	0.000642675
118.872	0.0	0.0	0.0009849837500000003
118.952	0.0	0.0	0.00139614375
119.042	0.0	0.0	0.00189674625
119.152	0.0	0.0	0.0024650125000000005
119.222	0.0	0.0	0.0026027625000000004
119.292	0.0	0.0	0.0027656875000000004
119.392	0.0	0.0	0.0029613875000000004
119.492	0.0	0.0	0.0031810750000000002
119.552	0.0	0.0	0.0030238500000000002
119.632	0.0	0.0	0.0028364625000000003
119.722	0.0	0.0	0.0026082250000000005
119.822	0.0	0.0	0.0023475925
119.882	0.0	0.0	0.0019498750000000002
119.962	0.0	0.0	0.0014687
120.052	0.0	0.0	0.0008801275
120.162	0.0	0.0	0.00021098075000000003
120.232	0.0	0.0	-0.00024792624999999996
120.302	0.0	0.0	-0.0007910650000000001
120.402	0.0	0.0	-0.0014439762500000003
120.502	0.0	0.0	-0.0021778750000000006
120.562	0.0	0.0	-0.0024350875
120.642	0.0	0.0	-0.0027417
120.732	0.0	0.0	-0.0031164750000000005
120.832	0.0	0.0	-0.0035451625000000007
120.892	0.0	0.0	-0.0034819875000000004
120.972	0.0	0.0	-0.003405275
121.062	0.0	0.0	-0.0033112250000000005
121.172	0.0	0.0	-0.0032041125000000004
121.242	0.0	0.0	-0.00282815
121.312	0.0	0.0	-0.0023818875
121.412	0.0	0.0	-0.00184471
121.512	0.0	0.0	-0.00124013
121.572	0.0	0.0	-0.00077246875
121.652	0.0	0.0	-0.00021350300000000003
121.742	0.0	0.0	0.00047093875000000005
121.842	0.0	0.0	0.00125445125
121.902	0.0	0.0	0.0016006787500000002
121.982	0.0	0.0	0.0020214337500000005
122.072	0.0	0.0	0.0025381625000000002
122.182	0.0	0.0	0.0031266875
122.242	0.0	0.0	0.0031739500000000005
122.322	0.0	0.0	0.0032300000000000002
122.422	0.0	0.0	0.0032979250000000006
122.522	0.0	0.0	0.0033741625000000006
122.582	0.0	0.0	0.0031207500000000003
122.662	0.0	0.0	0.0028172250000000005
122.752	0.0	0.0	0.0024448250000000003
122.852	0.0	0.0	0.0020178950000000005
122.912	0.0	0.0	0.0016057375000000003
122.992	0.0	0.0	0.0011037812500000002
123.082	0.0	0.0	0.0004862812500000001
123.192	0.0	0.0	-0.00021799175000000002
123.252	0.0	0.0	-0.0005819225000000001
123.332	0.0	0.0	-0.0010153125000000002
123.422	0.0	0.0	-0.0015393562500000003
123.532	0.0	0.0	-0.0021303275
123.592	0.0	0.0	-0.00225625
123.672	0.0	0.0	-0.0024075375
123.762	0.0	0.0	-0.0025932625
123.862	0.0	0.0	-0.0028065375
123.922	0.0	0.0	-0.0026780500000000004
124.002	0.0	0.0	-0.0025215375
124.092	0.0	0.0	-0.00232833125
124.202	0.0	0.0	-0.0021078362500000004
124.262	0.0	0.0	-0.0018061637500000002
124.342	0.0	0.0	-0.0014461612500000001
124.432	0.0	0.0	-0.00101001625
124.542	0.0	0.0	-0.0005176550000000001
124.602	0.0	0.0	-0.00023010425000000002
124.672	0.0	0.0	0.000115888125
124.772	0.0	0.0	0.0005420937500000001
124.872	0.0	0.0	0.0010315575
124.932	0.0	0.0	0.0011909675
125.012	0.0	0.0	0.001385955
125.102	0.0	0.0	0.0016267562500000003
125.212	0.0	0.0	0.0019019950000000003
125.272	0.0	0.0	0.0018762025000000002
125.352	0.0	0.0	0.0018453512500000002
125.442	0.0	0.0	0.0018078975
125.552	0.0	0.0	0.00176559875
125.612	0.0	0.0	0.0016012487500000003
125.682	0.0	0.0	0.00140307875
125.782	0.0	0.0	0.0011584775
125.882	0.0	0.0	0.0008772537500000001
125.942	0.0	0.0	0.00065599875
126.022	0.0	0.0	0.00038472625000000003
126.112	0.0	0.0	4.9067500000000004e-05
126.222	0.0	0.0	-0.00033494625
126.282	0.0	0.0	-0.0005278675
126.362	0.0	0.0	-0.0007590737500000001
126.452	0.0	0.0	-0.00104025
126.562	0.0	0.0	-0.0013583575
126.622	0.0	0.0	-0.0014395587500000001
126.692	0.0	0.0	-0.0015377175000000002
126.792	0.0	0.0	-0.0016590800000000003
126.892	0.0	0.0	-0.0017987775000000003
126.952	0.0	0.0	-0.0017299262500000002
127.032	0.0	0.0	-0.0016453050000000001
127.122	0.0	0.0	-0.0015404012500000001
127.232	0.0	0.0	-0.0014202737500000001
127.292	0.0	0.0	-0.00118885375
127.372	0.0	0.0	-0.0009110025000000001
127.462	0.0	0.0	-0.0005726125
127.572	0.0	0.0	-0.00018950362500000001
127.632	0.0	0.0	0.00010788437500000002
127.702	0.0	0.0	0.0004689912500000001
127.792	0.0	0.0	0.00091772375
127.902	0.0	0.0	0.0014357825000000002
127.962	0.0	0.0	0.00167777125
128.042	0.0	0.0	0.0019737200000000004
128.132	0.0	0.0	0.0023379025
128.242	0.0	0.0	0.0027516750000000003
128.302	0.0	0.0	0.002772575
128.372	0.0	0.0	0.002798225
128.472	0.0	0.0	0.0028295750000000004
128.572	0.0	0.0	0.0028659125
128.632	0.0	0.0	0.0025951625
128.712	0.0	0.0	0.00226107125
128.802	0.0	0.0	0.0018453037500000002
128.912	0.0	0.0	0.00136821375
128.972	0.0	0.0	0.0008725275000000001
129.052	0.0	0.0	0.000275025
129.142	0.0	0.0	-0.00045535875000000004
129.252	0.0	0.0	-0.0012839962500000002
129.312	0.0	0.0	-0.0017356025000000003
129.382	0.0	0.0	-0.0022847500000000003
129.472	0.0	0.0	-0.0029675625000000006
129.582	0.0	0.0	-0.0037555875
129.642	0.0	0.0	-0.003928962500000001
129.722	0.0	0.0	-0.004143425
129.812	0.0	0.0	-0.0044106125
129.922	0.0	0.0	-0.004717225
129.982	0.0	0.0	-0.004442200000000001
130.062	0.0	0.0	-0.004109937500000001
130.152	0.0	0.0	-0.0037028625
130.262	0.0	0.0	-0.0032406875000000005
130.322	0.0	0.0	-0.0026277000000000006
130.392	0.0	0.0	-0.00188081
130.482	0.0	0.0	-0.00095021375
130.592	0.0	0.0	0.000124889375
130.652	0.0	0.0	0.0008183775000000001
130.732	0.0	0.0	0.0016775337500000004
130.822	0.0	0.0	0.00275025
130.932	0.0	0.0	0.00398335
130.992	0.0	0.0	0.004389
131.072	0.0	0.0	0.0048799125
131.162	0.0	0.0	0.00548245
131.272	0.0	0.0	0.006167400000000001
131.332	0.0	0.0	0.0060249000000000014
131.402	0.0	0.0	0.005850812500000001
131.492	0.0	0.0	0.0056337375
131.602	0.0	0.0	0.005382462500000001
131.662	0.0	0.0	0.0047291
131.742	0.0	0.0	0.0039175625
131.832	0.0	0.0	0.0029024875000000006
131.942	0.0	0.0	0.001734415
132.002	0.0	0.0	0.00085112875
132.082	0.0	0.0	-0.00022054962500000003
132.172	0.0	0.0	-0.0015381687500000002
132.282	0.0	0.0	-0.0030378625000000003
132.342	0.0	0.0	-0.0036463375
132.412	0.0	0.0	-0.0043913749999999994
132.502	0.0	0.0	-0.005323325
132.612	0.0	0.0	-0.006402287500000001
132.672	0.0	0.0	-0.006461187500000001
132.752	0.0	0.0	-0.006534812500000001
132.842	0.0	0.0	-0.006626725
132.952	0.0	0.0	-0.006732887500000001
133.012	0.0	0.0	-0.006167637500000002
133.092	0.0	0.0	-0.0054803125
133.182	0.0	0.0	-0.004633625
133.292	0.0	0.0	-0.0036691375
133.352	0.0	0.0	-0.002816275
133.422	0.0	0.0	-0.00176958875
133.512	0.0	0.0	-0.00045771
133.622	0.0	0.0	0.00106264625
133.682	0.0	0.0	0.0018129325000000001
133.762	0.0	0.0	0.0027488250000000003
133.852	0.0	0.0	0.0039242125
133.962	0.0	0.0	0.0052796250000000005
134.022	0.0	0.0	0.0055458625
134.102	0.0	0.0	0.005870287500000001
134.192	0.0	0.0	0.0062707125
134.302	0.0	0.0	0.0067271875
134.362	0.0	0.0	0.0063984875
134.432	0.0	0.0	0.005994025
134.522	0.0	0.0	0.0054860125
134.632	0.0	0.0	0.004896775000000001
134.692	0.0	0.0	0.004174300000000001
134.772	0.0	0.0	0.0032710875000000004
134.862	0.0	0.0	0.00213427
134.972	0.0	0.0	0.00082220125
135.032	0.0	0.0	6.954000000000002e-05
135.112	0.0	0.0	-0.0008497037500000001
135.202	0.0	0.0	-0.0019864737500000004
135.312	0.0	0.0	-0.0032843875000000008
135.372	0.0	0.0	-0.00365465
135.442	0.0	0.0	-0.0041113625
135.532	0.0	0.0	-0.004685875000000001
135.642	0.0	0.0	-0.005353250000000001
135.702	0.0	0.0	-0.005240912500000001
135.782	0.0	0.0	-0.005100075000000001
135.872	0.0	0.0	-0.004922662500000001
135.982	0.0	0.0	-0.0047177
136.042	0.0	0.0	-0.004210875
136.122	0.0	0.0	-0.0035905250000000007
136.212	0.0	0.0	-0.0028219750000000004
136.322	0.0	0.0	-0.0019437950000000001
136.382	0.0	0.0	-0.0013789012500000002
136.452	0.0	0.0	-0.0006808175
136.542	0.0	0.0	0.000199450125
136.652	0.0	0.0	0.0012227925000000003
136.712	0.0	0.0	0.0015986362500000002
136.792	0.0	0.0	0.0020707625
136.882	0.0	0.0	0.0026671250000000002
136.992	0.0	0.0	0.0033568250000000003
137.052	0.0	0.0	0.0033905500000000004
137.132	0.0	0.0	0.0034321125000000004
137.222	0.0	0.0	0.00348365
137.332	0.0	0.0	0.00354255
137.392	0.0	0.0	0.0032886625
137.462	0.0	0.0	0.0029739750000000002
137.552	0.0	0.0	0.0025766375000000003
137.662	0.0	0.0	0.002114035
137.722	0.0	0.0	0.0017442475000000002
137.792	0.0	0.0	0.00127862875
137.892	0.0	0.0	0.0006893437500000001
138.002	0.0	0.0	7.099825000000001e-06
138.062	0.0	0.0	-0.000294975
138.142	0.0	0.0	-0.0006663775000000002
138.232	0.0	0.0	-0.0011283625000000001
138.342	0.0	0.0	-0.0016574175000000004
138.402	0.0	0.0	-0.0017572150000000001
138.472	0.0	0.0	-0.0018811662500000004
138.562	0.0	0.0	-0.00203805875
138.672	0.0	0.0	-0.00222083875
138.732	0.0	0.0	-0.0021316100000000004
138.802	0.0	0.0	-0.0020189875
138.902	0.0	0.0	-0.00187617875
139.012	0.0	0.0	-0.0017106650000000003
139.072	0.0	0.0	-0.0014961075000000002
139.152	0.0	0.0	-0.0012317225
139.242	0.0	0.0	-0.000902215
139.352	0.0	0.0	-0.000524495
139.412	0.0	0.0	-0.00030962875000000004
139.482	0.0	0.0	-4.2206125e-05
139.572	0.0	0.0	0.00029704125
139.682	0.0	0.0	0.00069262125
139.742	0.0	0.0	0.0008319862500000001
139.812	0.0	0.0	0.0010082587500000002
139.912	0.0	0.0	0.00123222125
140.022	0.0	0.0	0.0014920225000000001
140.082	0.0	0.0	0.0014993375
140.162	0.0	0.0	0.0015083387500000002
140.252	0.0	0.0	0.0015195725000000005
140.362	0.0	0.0	0.0015324925
140.422	0.0	0.0	0.0014158800000000002
140.492	0.0	0.0	0.0012703875000000002
140.582	0.0	0.0	0.0010854700000000003
140.692	0.0	0.0	0.0008696062500000001
140.752	0.0	0.0	0.0006848550000000001
140.822	0.0	0.0	0.00045060875000000006
140.922	0.0	0.0	0.000152391875
141.032	0.0	0.0	-0.00019389737500000002
141.092	0.0	0.0	-0.00036149875
141.172	0.0	0.0	-0.000568955
141.262	0.0	0.0	-0.0008284950000000001
141.372	0.0	0.0	-0.0011266525
141.432	0.0	0.0	-0.0011891625000000003
141.502	0.0	0.0	-0.0012673475000000002
141.592	0.0	0.0	-0.0013669075
141.702	0.0	0.0	-0.0014832587500000001
141.762	0.0	0.0	-0.00142241125
141.832	0.0	0.0	-0.0013450812500000002
141.932	0.0	0.0	-0.00124642375
142.042	0.0	0.0	-0.0011317587500000001
142.102	0.0	0.0	-0.00097040125
142.182	0.0	0.0	-0.00077026
142.272	0.0	0.0	-0.00051953125
142.382	0.0	0.0	-0.00023129175000000002
142.442	0.0	0.0	-5.5947875000000005e-05
142.512	0.0	0.0	0.00016444975
142.602	0.0	0.0	0.00044650000000000007
142.712	0.0	0.0	0.0007770762500000001
142.772	0.0	0.0	0.0009031412500000001
142.842	0.0	0.0	0.00106255125
142.942	0.0	0.0	0.00126433125
143.052	0.0	0.0	0.0014970575000000002
143.112	0.0	0.0	0.00150596375
143.182	0.0	0.0	0.0015171025000000002
143.272	0.0	0.0	0.0015313050000000002
143.382	0.0	0.0	0.00154790625
143.442	0.0	0.0	0.0014205825
143.512	0.0	0.0	0.00125799
143.612	0.0	0.0	0.0010498450000000002
143.722	0.0	0.0	0.0008074525000000001
143.782	0.0	0.0	0.0005742750000000001
143.862	0.0	0.0	0.00028383625
143.952	0.0	0.0	-8.1365125e-05
144.062	0.0	0.0	-0.0005020512500000001
144.122	0.0	0.0	-0.0007220712500000001
144.192	0.0	0.0	-0.0009990675000000001
144.282	0.0	0.0	-0.00135372625
144.392	0.0	0.0	-0.0017692800000000002
144.452	0.0	0.0	-0.0018705975
144.522	0.0	0.0	-0.00200020125
144.622	0.0	0.0	-0.0021663562500000002
144.732	0.0	0.0	-0.0023600375
144.792	0.0	0.0	-0.00225304375
144.872	0.0	0.0	-0.0021194975000000003
144.962	0.0	0.0	-0.0019512525000000003
145.072	0.0	0.0	-0.00175723875
145.132	0.0	0.0	-0.0014767512500000002
145.202	0.0	0.0	-0.0011228525
145.292	0.0	0.0	-0.0006687525000000001
145.402	0.0	0.0	-0.000136173
145.462	0.0	0.0	0.00020653000000000002
145.532	0.0	0.0	0.0006460000000000001
145.632	0.0	0.0	0.0012104900000000003
145.742	0.0	0.0	0.0018690300000000005
145.802	0.0	0.0	0.0020955575000000002
145.882	0.0	0.0	0.0023790375000000002
145.972	0.0	0.0	0.0027367125
146.082	0.0	0.0	0.003149725000000001
146.142	0.0	0.0	0.00311315
146.212	0.0	0.0	0.0030670750000000003
146.302	0.0	0.0	0.0030077
146.412	0.0	0.0	0.0029378750000000004
146.472	0.0	0.0	0.002634825
146.542	0.0	0.0	0.0022451825000000003
146.642	0.0	0.0	0.0017437725000000002
146.752	0.0	0.0	0.0011582400000000003
146.812	0.0	0.0	0.0007092937500000001
146.892	0.0	0.0	0.000146278625
146.982	0.0	0.0	-0.00056584375
147.092	0.0	0.0	-0.00138863875
147.152	0.0	0.0	-0.00172764625
147.222	0.0	0.0	-0.0021575687500000004
147.312	0.0	0.0	-0.0027113000000000007
147.422	0.0	0.0	-0.0033622875000000004
147.482	0.0	0.0	-0.0034352000000000007
147.552	0.0	0.0	-0.0035292500000000003
147.652	0.0	0.0	-0.0036506125000000007
147.762	0.0	0.0	-0.003792162500000001
147.822	0.0	0.0	-0.003529962500000001
147.892	0.0	0.0	-0.00320055
147.992	0.0	0.0	-0.0027827875000000003
148.102	0.0	0.0	-0.0022998075000000002
148.162	0.0	0.0	-0.0018503862500000002
148.232	0.0	0.0	-0.00127908
148.322	0.0	0.0	-0.0005416425000000001
148.432	0.0	0.0	0.0003258975
148.492	0.0	0.0	0.0007636812500000001
148.562	0.0	0.0	0.00132924
148.662	0.0	0.0	0.0020599324999999997
148.772	0.0	0.0	0.0029148375000000006
148.832	0.0	0.0	0.0031176625
148.902	0.0	0.0	0.0033729750000000003
149.002	0.0	0.0	0.0036974000000000004
149.112	0.0	0.0	0.00407265
149.172	0.0	0.0	0.003933000000000001
149.242	0.0	0.0	0.0037548750000000004
149.332	0.0	0.0	0.0035247375
149.442	0.0	0.0	0.0032535125000000007
149.502	0.0	0.0	0.0028435875000000005
149.572	0.0	0.0	0.00231306
149.672	0.0	0.0	0.00162618625
149.782	0.0	0.0	0.0008217025000000002
149.842	0.0	0.0	0.0003298400000000001
149.912	0.0	0.0	-0.000291365
150.012	0.0	0.0	-0.00108167
150.122	0.0	0.0	-0.00199754125
150.182	0.0	0.0	-0.0022976462500000003
150.252	0.0	0.0	-0.0026811375000000003
150.342	0.0	0.0	-0.0031779875
150.452	0.0	0.0	-0.0037636625000000003
150.512	0.0	0.0	-0.0037558250000000004
150.582	0.0	0.0	-0.0037456125000000003
150.682	0.0	0.0	-0.0037325500000000007
150.792	0.0	0.0	-0.0037168750000000006
150.852	0.0	0.0	-0.003391025
150.922	0.0	0.0	-0.0029784875000000003
151.022	0.0	0.0	-0.0024524250000000003
151.132	0.0	0.0	-0.0018423350000000003
151.192	0.0	0.0	-0.0013930325
151.262	0.0	0.0	-0.00081749875
151.352	0.0	0.0	-7.0159875e-05
151.462	0.0	0.0	0.0008116562500000001
151.522	0.0	0.0	0.0011887825000000002
151.592	0.0	0.0	0.0016796237500000004
151.692	0.0	0.0	0.0023174775000000002
151.802	0.0	0.0	0.0030658875000000004
151.862	0.0	0.0	0.0031844
151.932	0.0	0.0	0.0033347375000000005
152.032	0.0	0.0	0.0035266375
152.142	0.0	0.0	0.00374965
152.202	0.0	0.0	0.0035610750000000004
152.272	0.0	0.0	0.003319062500000001
152.362	0.0	0.0	0.003004375
152.472	0.0	0.0	0.00263245
152.532	0.0	0.0	0.0022379625
152.602	0.0	0.0	0.0017233950000000002
152.702	0.0	0.0	0.0010533600000000001
152.812	0.0	0.0	0.00026635625
152.872	0.0	0.0	-0.00014732837500000003
152.942	0.0	0.0	-0.00067355
153.042	0.0	0.0	-0.0013469100000000002
153.152	0.0	0.0	-0.0021295675000000003
153.212	0.0	0.0	-0.0023365487500000004
153.282	0.0	0.0	-0.0026030000000000003
153.372	0.0	0.0	-0.0029504625
153.482	0.0	0.0	-0.0033611000000000005
153.542	0.0	0.0	-0.0032934125000000005
153.612	0.0	0.0	-0.0032048250000000006
153.712	0.0	0.0	-0.0030891625
153.822	0.0	0.0	-0.0029533125
153.882	0.0	0.0	-0.0026412375000000004
153.952	0.0	0.0	-0.0022429975
154.052	0.0	0.0	-0.0017325150000000002
154.162	0.0	0.0	-0.0011385750000000002
154.222	0.0	0.0	-0.0007725162500000002
154.292	0.0	0.0	-0.00030003375
154.382	0.0	0.0	0.00031720500000000004
154.492	0.0	0.0	0.0010476600000000002
154.552	0.0	0.0	0.00131031125
154.622	0.0	0.0	0.0016546862500000003
154.722	0.0	0.0	0.0021048675
154.832	0.0	0.0	0.0026345875000000005
154.892	0.0	0.0	0.0026687875000000003
154.962	0.0	0.0	0.0027124875
155.062	0.0	0.0	0.0027685375000000003
155.172	0.0	0.0	0.0028338500000000006
155.232	0.0	0.0	0.0026455124999999998
155.302	0.0	0.0	0.002402075
155.392	0.0	0.0	0.00208323125
155.502	0.0	0.0	0.0017055825000000001
155.562	0.0	0.0	0.0013999675
155.632	0.0	0.0	0.00099823625
155.732	0.0	0.0	0.00047207875000000005
155.842	0.0	0.0	-0.00014774162500000003
155.902	0.0	0.0	-0.000422655
155.972	0.0	0.0	-0.000774725
156.072	0.0	0.0	-0.0012276375000000001
156.182	0.0	0.0	-0.001755505
156.232	0.0	0.0	-0.0018565375000000005
156.312	0.0	0.0	-0.00198799375
156.402	0.0	0.0	-0.00216089375
156.512	0.0	0.0	-0.00236633125
156.572	0.0	0.0	-0.00227650875
156.642	0.0	0.0	-0.00215908875
156.742	0.0	0.0	-0.00200647125
156.852	0.0	0.0	-0.00182806125
156.912	0.0	0.0	-0.0016109387500000004
156.982	0.0	0.0	-0.0013300475000000002
157.072	0.0	0.0	-0.0009620887500000002
157.182	0.0	0.0	-0.00052584875
157.242	0.0	0.0	-0.0002902725
157.312	0.0	0.0	2.096935e-05
157.412	0.0	0.0	0.0004301125
157.522	0.0	0.0	0.0009129262500000002
157.582	0.0	0.0	0.0010590125000000002
157.652	0.0	0.0	0.00124697
157.752	0.0	0.0	0.0014896475000000001
157.862	0.0	0.0	0.0017730325
157.912	0.0	0.0	0.00176493375
157.992	0.0	0.0	0.0017543887500000002
158.082	0.0	0.0	0.0017405187500000002
158.192	0.0	0.0	0.0017240362500000003
158.252	0.0	0.0	0.0015862150000000002
158.322	0.0	0.0	0.0014037675
158.422	0.0	0.0	0.0011636075
158.532	0.0	0.0	0.0008799612500000002
158.592	0.0	0.0	0.000679345
158.662	0.0	0.0	0.00042061250000000007
158.762	0.0	0.0	8.589425000000002e-05
158.872	0.0	0.0	-0.00030533000000000003
158.922	0.0	0.0	-0.00045706875
159.002	0.0	0.0	-0.0006552625
159.092	0.0	0.0	-0.0009166550000000002
159.202	0.0	0.0	-0.0012274
159.262	0.0	0.0	-0.0012761349999999999
159.332	0.0	0.0	-0.0013407825
159.432	0.0	0.0	-0.0014260925000000003
159.542	0.0	0.0	-0.00152691125
159.602	0.0	0.0	-0.00145081625
159.672	0.0	0.0	-0.00135244375
159.772	0.0	0.0	-0.00122490625
159.882	0.0	0.0	-0.0010757325
159.932	0.0	0.0	-0.0009272712500000001
160.002	0.0	0.0	-0.0007328062500000001
160.102	0.0	0.0	-0.000475855
160.212	0.0	0.0	-0.000170076125
160.272	0.0	0.0	-1.6946575000000003e-05
160.342	0.0	0.0	0.00018679137500000003
160.442	0.0	0.0	0.00045607125000000004
160.552	0.0	0.0	0.0007746775
160.612	0.0	0.0	0.0008594887500000001
160.682	0.0	0.0	0.00096940375
160.782	0.0	0.0	0.001112165
160.892	0.0	0.0	0.0012793412500000003
160.942	0.0	0.0	0.00125692125
161.012	0.0	0.0	0.001227495
161.112	0.0	0.0	0.0011884975000000001
161.222	0.0	0.0	0.00114206625
161.272	0.0	0.0	0.00103438375
161.352	0.0	0.0	0.0008906962500000002
161.452	0.0	0.0	0.0007004587500000001
161.562	0.0	0.0	0.0004751425
161.622	0.0	0.0	0.00033608625000000007
161.692	0.0	0.0	0.000155389125
161.792	0.0	0.0	-7.9745375e-05
161.902	0.0	0.0	-0.00035537125000000003
161.952	0.0	0.0	-0.00044669
162.022	0.0	0.0	-0.0005669125000000001
162.122	0.0	0.0	-0.0007264412500000001
162.232	0.0	0.0	-0.0009166075000000001
162.282	0.0	0.0	-0.00092988375
162.362	0.0	0.0	-0.00094764875
162.452	0.0	0.0	-0.0009711850000000002
162.572	0.0	0.0	-0.000999115
162.632	0.0	0.0	-0.0009328287500000001
162.702	0.0	0.0	-0.0008464975
162.802	0.0	0.0	-0.0007339225000000001
162.912	0.0	0.0	-0.00060184875
162.962	0.0	0.0	-0.0005028825
163.032	0.0	0.0	-0.00037223375
163.132	0.0	0.0	-0.00019853100000000003
163.242	0.0	0.0	8.764700000000001e-06
163.292	0.0	0.0	9.7690875e-05
163.372	0.0	0.0	0.000216944375
163.462	0.0	0.0	0.00037546375000000007
163.582	0.0	0.0	0.0005635875
163.642	0.0	0.0	0.0006059575
163.712	0.0	0.0	0.00066127125
163.812	0.0	0.0	0.0007335425
163.922	0.0	0.0	0.00081840125
163.972	0.0	0.0	0.0007990212500000001
164.042	0.0	0.0	0.0007733475000000001
164.142	0.0	0.0	0.0007391237500000001
164.252	0.0	0.0	0.00069827375
164.302	0.0	0.0	0.000624625
164.382	0.0	0.0	0.0005255875000000001
164.472	0.0	0.0	0.00039368000000000004
164.592	0.0	0.0	0.00023702262500000003
164.652	0.0	0.0	0.00013021650000000004
164.722	0.0	0.0	-9.599987500000002e-06
164.822	0.0	0.0	-0.00019261250000000003
164.932	0.0	0.0	-0.0004077637500000001
164.982	0.0	0.0	-0.0004952825000000001
165.052	0.0	0.0	-0.0006114675000000001
165.152	0.0	0.0	-0.0007665312500000002
165.262	0.0	0.0	-0.0009519475
165.312	0.0	0.0	-0.0009778112500000002
165.392	0.0	0.0	-0.00101267625
165.482	0.0	0.0	-0.00105917875
165.602	0.0	0.0	-0.0011144925
165.662	0.0	0.0	-0.001043765
165.732	0.0	0.0	-0.0009509737500000001
165.832	0.0	0.0	-0.0008292550000000001
165.942	0.0	0.0	-0.00068601875
165.992	0.0	0.0	-0.000544255
166.062	0.0	0.0	-0.0003555612500000001
166.162	0.0	0.0	-0.00010319612500000002
166.272	0.0	0.0	0.00019884925
166.322	0.0	0.0	0.00035525250000000003
166.402	0.0	0.0	0.00056669875
166.492	0.0	0.0	0.0008494187500000002
166.612	0.0	0.0	0.0011858375
166.672	0.0	0.0	0.00127003125
166.742	0.0	0.0	0.001380825
166.842	0.0	0.0	0.0015264125000000002
166.952	0.0	0.0	0.0016978875
167.002	0.0	0.0	0.00164813125
167.072	0.0	0.0	0.0015816787500000002
167.172	0.0	0.0	0.0014926637500000002
167.282	0.0	0.0	0.0013860025000000003
167.332	0.0	0.0	0.00121125
167.412	0.0	0.0	0.0009744150000000002
167.502	0.0	0.0	0.00065709125
167.622	0.0	0.0	0.00027915750000000005
167.682	0.0	0.0	5.2451875e-05
167.752	0.0	0.0	-0.00024657250000000003
167.852	0.0	0.0	-0.0006403
167.962	0.0	0.0	-0.00110447
168.012	0.0	0.0	-0.0012498675000000002
168.082	0.0	0.0	-0.0014444275
168.182	0.0	0.0	-0.001705725
168.292	0.0	0.0	-0.0020190587500000003
168.342	0.0	0.0	-0.00201321625
168.422	0.0	0.0	-0.00200528375
168.512	0.0	0.0	-0.0019946200000000003
168.632	0.0	0.0	-0.00198191375
168.692	0.0	0.0	-0.0018086575000000004
168.762	0.0	0.0	-0.00157949375
168.862	0.0	0.0	-0.00127720375
168.972	0.0	0.0	-0.0009204787500000001
169.022	0.0	0.0	-0.0006808412500000001
169.092	0.0	0.0	-0.0003592425
169.192	0.0	0.0	7.347062500000001e-05
169.302	0.0	0.0	0.0005928475000000001
169.352	0.0	0.0	0.0007908037500000001
169.432	0.0	0.0	0.0010606037500000003
169.522	0.0	0.0	0.0014234562500000003
169.642	0.0	0.0	0.0018564187500000001
169.702	0.0	0.0	0.00190762375
169.772	0.0	0.0	0.00197550125
169.872	0.0	0.0	0.002065205
169.982	0.0	0.0	0.0021711775000000004
170.032	0.0	0.0	0.00205477875
170.102	0.0	0.0	0.0018981475
170.202	0.0	0.0	0.00168698625
170.312	0.0	0.0	0.00143328875
170.362	0.0	0.0	0.0012144562500000001
170.442	0.0	0.0	0.0009154437500000002
170.532	0.0	0.0	0.0005124775000000001
170.652	0.0	0.0	3.1205125e-05
170.712	0.0	0.0	-0.00017983262500000002
170.782	0.0	0.0	-0.00046022750000000007
170.882	0.0	0.0	-0.0008313925000000001
170.992	0.0	0.0	-0.0012701262500000002
171.042	0.0	0.0	-0.00135534125
171.112	0.0	0.0	-0.0014706712500000003
171.212	0.0	0.0	-0.0016269462500000003
171.322	0.0	0.0	-0.0018152125000000002
171.372	0.0	0.0	-0.001757405
171.452	0.0	0.0	-0.00167886375
171.542	0.0	0.0	-0.0015738650000000002
171.662	0.0	0.0	-0.0014493675000000002
171.712	0.0	0.0	-0.0012977000000000002
171.782	0.0	0.0	-0.00109364
171.882	0.0	0.0	-0.0008182825
171.992	0.0	0.0	-0.000487255
172.042	0.0	0.0	-0.00032903250000000005
172.122	0.0	0.0	-0.00011164637500000001
172.212	0.0	0.0	0.000182388125
172.332	0.0	0.0	0.0005341375
172.382	0.0	0.0	0.0006209200000000001
172.462	0.0	0.0	0.00073674875
172.552	0.0	0.0	0.0008906725
172.672	0.0	0.0	0.0010729300000000002
172.722	0.0	0.0	0.0010571125
172.792	0.0	0.0	0.00103566625
172.892	0.0	0.0	0.00100659625
173.002	0.0	0.0	0.0009715887499999999
173.052	0.0	0.0	0.0008922162500000001
173.122	0.0	0.0	0.00078299
173.222	0.0	0.0	0.00063500375
173.342	0.0	0.0	0.00045782875
173.392	0.0	0.0	0.00037327875000000004
173.472	0.0	0.0	0.00026008625
173.562	0.0	0.0	0.00010939725000000001
173.682	0.0	0.0	-6.920750000000001e-05
173.732	0.0	0.0	-0.00010444300000000002
173.802	0.0	0.0	-0.000152344375
173.902	0.0	0.0	-0.00021741462500000003
174.012	0.0	0.0	-0.00029585375000000004
174.062	0.0	0.0	-0.00028350375
174.132	0.0	0.0	-0.00026645125000000005
174.232	0.0	0.0	-0.000243295
174.352	0.0	0.0	-0.000215552625
174.402	0.0	0.0	-0.00018966275
174.482	0.0	0.0	-0.00015490937500000002
174.572	0.0	0.0	-0.0001085565
174.692	0.0	0.0	-5.356337500000001e-05
174.742	0.0	0.0	-5.0575625000000006e-05
174.812	0.0	0.0	-4.6502500000000004e-05
174.912	0.0	0.0	-4.095925e-05
175.022	0.0	0.0	-3.427125000000001e-05
175.072	0.0	0.0	-2.403975e-06
175.142	0.0	0.0	4.1705e-05
175.242	0.0	0.0	0.00010169512500000001
175.362	0.0	0.0	0.00017364575
175.412	0.0	0.0	0.000221295375
175.492	0.0	0.0	0.0002854275
175.582	0.0	0.0	0.0003711175000000001
175.702	0.0	0.0	0.00047288625000000003
175.752	0.0	0.0	0.00049153
175.822	0.0	0.0	0.00051699
175.922	0.0	0.0	0.00055173625
176.032	0.0	0.0	0.0005936787500000001
176.082	0.0	0.0	0.00055620125
176.152	0.0	0.0	0.000504165
176.252	0.0	0.0	0.0004332712500000001
176.372	0.0	0.0	0.00034815125
176.422	0.0	0.0	0.00025975375000000003
176.502	0.0	0.0	0.00014048600000000002
176.592	0.0	0.0	-1.92249125e-05
176.712	0.0	0.0	-0.00020906887500000003
176.762	0.0	0.0	-0.00029488
176.832	0.0	0.0	-0.00041251375
176.932	0.0	0.0	-0.00057330125
177.042	0.0	0.0	-0.0007676712500000001
177.092	0.0	0.0	-0.0008042462500000001
177.162	0.0	0.0	-0.0008551662500000001
177.262	0.0	0.0	-0.0009246825
177.382	0.0	0.0	-0.00100821125
177.432	0.0	0.0	-0.0009637512500000002
177.512	0.0	0.0	-0.0009035925
177.602	0.0	0.0	-0.0008228662500000001
177.722	0.0	0.0	-0.000726845
177.772	0.0	0.0	-0.0006257412500000001
177.842	0.0	0.0	-0.0004867325000000001
177.932	0.0	0.0	-0.0002963525
178.052	0.0	0.0	-6.602025e-05
178.102	0.0	0.0	4.398025e-05
178.172	0.0	0.0	0.00019753825000000004
178.272	0.0	0.0	0.00040759750000000006
178.392	0.0	0.0	0.0006602499999999999
178.442	0.0	0.0	0.0007202662500000001
178.522	0.0	0.0	0.0008017050000000001
178.612	0.0	0.0	0.0009111925000000002
178.732	0.0	0.0	0.0010415562500000002
178.782	0.0	0.0	0.001019445
178.852	0.0	0.0	0.0009889737500000002
178.942	0.0	0.0	0.00094712625
179.062	0.0	0.0	0.0008964675000000001
179.112	0.0	0.0	0.0008108487500000001
179.182	0.0	0.0	0.00069095875
179.282	0.0	0.0	0.0005266325
179.402	0.0	0.0	0.00032884250000000004
179.452	0.0	0.0	0.000225682
179.532	0.0	0.0	8.5355125e-05
179.622	0.0	0.0	-0.00010364500000000003
179.742	0.0	0.0	-0.0003289375
179.792	0.0	0.0	-0.00038786125
179.862	0.0	0.0	-0.00046939500000000006
179.952	0.0	0.0	-0.00058147125
180.072	0.0	0.0	-0.000717345
180.122	0.0	0.0	-0.0007153025000000002
180.192	0.0	0.0	-0.0007124525000000001
180.292	0.0	0.0	-0.00070853375
180.412	0.0	0.0	-0.00070383125
180.462	0.0	0.0	-0.00065072625
180.542	0.0	0.0	-0.0005782887500000001
180.632	0.0	0.0	-0.0004805575000000001
180.752	0.0	0.0	-0.00036394500000000007
180.802	0.0	0.0	-0.00030366750000000004
180.872	0.0	0.0	-0.00022006987500000004
180.962	0.0	0.0	-0.00010488950000000001
181.082	0.0	0.0	3.4862625e-05
181.132	0.0	0.0	7.281512500000002e-05
181.202	0.0	0.0	0.00012624787499999999
181.302	0.0	0.0	0.00019977787500000002
181.422	0.0	0.0	0.00028844375000000003
181.472	0.0	0.0	0.00029371625000000005
181.552	0.0	0.0	0.00030096
181.642	0.0	0.0	0.00031072125000000005
181.762	0.0	0.0	0.0003223825000000001
181.812	0.0	0.0	0.00030858375
181.882	0.0	0.0	0.00028937000000000006
181.972	0.0	0.0	0.000262865
182.092	0.0	0.0	0.00023068137500000002
182.142	0.0	0.0	0.00020651575
182.212	0.0	0.0	0.00017239175000000002
182.312	0.0	0.0	0.00012534300000000004
182.432	0.0	0.0	6.8554375e-05
182.482	0.0	0.0	2.7421750000000002e-05
182.552	0.0	0.0	-2.8991625e-05
182.652	0.0	0.0	-0.00010541912500000002
182.772	0.0	0.0	-0.00019677112500000003
182.822	0.0	0.0	-0.00024037375
182.892	0.0	0.0	-0.0003011975
182.982	0.0	0.0	-0.00038534375000000005
183.102	0.0	0.0	-0.00048761124999999997
183.152	0.0	0.0	-0.00050566125
183.222	0.0	0.0	-0.0005311925000000001
183.322	0.0	0.0	-0.000566485
183.442	0.0	0.0	-0.0006090925
183.492	0.0	0.0	-0.00057263625
183.562	0.0	0.0	-0.0005224762500000001
183.662	0.0	0.0	-0.0004543850000000001
183.782	0.0	0.0	-0.00037292250000000004
183.832	0.0	0.0	-0.0002907000000000001
183.902	0.0	0.0	-0.000175609875
183.992	0.0	0.0	-1.6080175e-05
184.112	0.0	0.0	0.000178013375
184.162	0.0	0.0	0.00027236500000000005
184.232	0.0	0.0	0.0004063862500000001
184.332	0.0	0.0	0.0005919212500000001
184.452	0.0	0.0	0.00081621625
184.502	0.0	0.0	0.0008663762500000001
184.572	0.0	0.0	0.00093553625
184.672	0.0	0.0	0.0010295862500000002
184.792	0.0	0.0	0.0011422325000000001
184.842	0.0	0.0	0.00110696375
184.912	0.0	0.0	0.00105746875
185.002	0.0	0.0	0.0009887125
185.122	0.0	0.0	0.00090499375
185.172	0.0	0.0	0.0007889275000000002
185.242	0.0	0.0	0.00062360375
185.342	0.0	0.0	0.00039432125
185.462	0.0	0.0	0.00011684525000000001
185.512	0.0	0.0	-3.2428250000000006e-05
185.582	0.0	0.0	-0.00023875875
185.682	0.0	0.0	-0.0005198162500000001
185.802	0.0	0.0	-0.0008565675000000001
185.852	0.0	0.0	-0.0009492875000000001
185.922	0.0	0.0	-0.001080245
186.012	0.0	0.0	-0.001263025
186.132	0.0	0.0	-0.0014862275
186.182	0.0	0.0	-0.0014764425
186.252	0.0	0.0	-0.0014626200000000002
186.352	0.0	0.0	-0.0014435725000000003
186.472	0.0	0.0	-0.0014207012500000002
186.522	0.0	0.0	-0.00130408875
186.592	0.0	0.0	-0.0011404275
186.682	0.0	0.0	-0.00091295
186.802	0.0	0.0	-0.00063574
186.852	0.0	0.0	-0.00046208
186.922	0.0	0.0	-0.00021329162500000005
187.022	0.0	0.0	0.00013304512500000003
187.142	0.0	0.0	0.00055287625
187.192	0.0	0.0	0.0007008625000000001
187.262	0.0	0.0	0.0009065137500000001
187.362	0.0	0.0	0.0011876425
187.482	0.0	0.0	0.0015251062500000001
187.532	0.0	0.0	0.0015608500000000003
187.602	0.0	0.0	0.00161141375
187.692	0.0	0.0	0.0016820225000000002
187.812	0.0	0.0	0.0017682112500000003
187.862	0.0	0.0	0.0016767737500000001
187.932	0.0	0.0	0.00154548375
188.032	0.0	0.0	0.0013624187500000003
188.152	0.0	0.0	0.0011403800000000003
188.202	0.0	0.0	0.0009553675000000001
188.272	0.0	0.0	0.000697585
188.372	0.0	0.0	0.00034444625
188.492	0.0	0.0	-7.984275000000001e-05
188.542	0.0	0.0	-0.0002515125
188.612	0.0	0.0	-0.00049514
188.702	0.0	0.0	-0.000836095
188.822	0.0	0.0	-0.0012526462500000001
188.872	0.0	0.0	-0.0013393100000000002
188.942	0.0	0.0	-0.0014640925000000003
189.042	0.0	0.0	-0.0016384412500000001
189.162	0.0	0.0	-0.0018501012500000003
189.212	0.0	0.0	-0.0018013900000000002
189.282	0.0	0.0	-0.00173329875
189.382	0.0	0.0	-0.0016398662500000003
189.502	0.0	0.0	-0.0015274812500000003
189.552	0.0	0.0	-0.0013752200000000001
189.622	0.0	0.0	-0.00115845375
189.712	0.0	0.0	-0.00085450125
189.832	0.0	0.0	-0.00048279000000000003
189.882	0.0	0.0	-0.00029447625000000004
189.952	0.0	0.0	-2.24297375e-05
190.052	0.0	0.0	0.00035831625
190.172	0.0	0.0	0.0008210375
190.222	0.0	0.0	0.0009549399999999999
190.292	0.0	0.0	0.00114258875
190.392	0.0	0.0	0.00140065625
190.512	0.0	0.0	0.00171125875
190.562	0.0	0.0	0.0017184787500000003
190.632	0.0	0.0	0.0017287387500000003
190.722	0.0	0.0	0.00174317875
190.842	0.0	0.0	0.0017608487500000002
190.892	0.0	0.0	0.0016449487500000003
190.962	0.0	0.0	0.0014770125000000002
191.062	0.0	0.0	0.0012415075000000002
191.182	0.0	0.0	0.000955035
191.232	0.0	0.0	0.0007647975000000002
191.302	0.0	0.0	0.00049739625
191.402	0.0	0.0	0.0001289625
191.522	0.0	0.0	-0.00031490125
191.572	0.0	0.0	-0.00047063000000000004
191.642	0.0	0.0	-0.00069366625
191.732	0.0	0.0	-0.0010077125000000002
191.852	0.0	0.0	-0.0013924387500000002
191.902	0.0	0.0	-0.0014521462500000002
191.972	0.0	0.0	-0.0015389525
192.072	0.0	0.0	-0.0016609087500000003
192.192	0.0	0.0	-0.0018093937500000003
192.242	0.0	0.0	-0.0017377162500000003
192.312	0.0	0.0	-0.0016366837500000001
192.412	0.0	0.0	-0.0014972000000000004
192.532	0.0	0.0	-0.00132902625
192.582	0.0	0.0	-0.0011717775
192.652	0.0	0.0	-0.00094584375
192.742	0.0	0.0	-0.0006270950000000001
192.862	0.0	0.0	-0.00023625787500000003
192.912	0.0	0.0	-6.2165625e-05
192.982	0.0	0.0	0.00019160787500000002
193.082	0.0	0.0	0.0005489100000000001
193.202	0.0	0.0	0.00098422375
193.252	0.0	0.0	0.0010909325000000001
193.322	0.0	0.0	0.0012417687500000001
193.422	0.0	0.0	0.00145043625
193.542	0.0	0.0	0.00170228125
193.592	0.0	0.0	0.0016856562500000003
193.662	0.0	0.0	0.00166166875
193.752	0.0	0.0	0.0016278012500000002
193.872	0.0	0.0	0.0015861912500000001
193.922	0.0	0.0	0.0014604825
193.992	0.0	0.0	0.0012766575
194.092	0.0	0.0	0.00101733125
194.212	0.0	0.0	0.0007011000000000001
194.262	0.0	0.0	0.00052176375
194.332	0.0	0.0	0.00026752000000000004
194.432	0.0	0.0	-8.485637500000001e-05
194.552	0.0	0.0	-0.00051050625
194.602	0.0	0.0	-0.0006407750000000001
194.672	0.0	0.0	-0.0008291125000000001
194.762	0.0	0.0	-0.0010958725000000003
194.882	0.0	0.0	-0.001423575
194.932	0.0	0.0	-0.00145518625
195.002	0.0	0.0	-0.0015015462500000002
195.102	0.0	0.0	-0.0015670725000000003
195.222	0.0	0.0	-0.0016470387500000002
195.272	0.0	0.0	-0.0015600425
195.342	0.0	0.0	-0.0014363050000000001
195.442	0.0	0.0	-0.00126447375
195.562	0.0	0.0	-0.0010567325
195.612	0.0	0.0	-0.0009072737500000001
195.672	0.0	0.0	-0.0006904837500000001
195.772	0.0	0.0	-0.00038277875
195.892	0.0	0.0	-4.482100000000001e-06
195.942	0.0	0.0	0.00014168537500000003
196.012	0.0	0.0	0.00035674875000000003
196.112	0.0	0.0	0.0006613187500000001
196.232	0.0	0.0	0.0010333625
196.282	0.0	0.0	0.00110504
196.352	0.0	0.0	0.0012072600000000001
196.452	0.0	0.0	0.0013494750000000002
196.572	0.0	0.0	0.0015215912500000002
196.622	0.0	0.0	0.0014850400000000002
196.682	0.0	0.0	0.0014318875000000001
196.782	0.0	0.0	0.00135629125
196.902	0.0	0.0	0.0012632387500000001
196.952	0.0	0.0	0.00114372875
197.022	0.0	0.0	0.0009673137500000001
197.122	0.0	0.0	0.00071698875
197.242	0.0	0.0	0.00041094625
197.292	0.0	0.0	0.00026483625
197.362	0.0	0.0	5.587662500000001e-05
197.462	0.0	0.0	-0.00023546937500000002
197.582	0.0	0.0	-0.0005883350000000002
197.632	0.0	0.0	-0.00067799125
197.692	0.0	0.0	-0.0008088537500000001
197.792	0.0	0.0	-0.0009953862500000003
197.912	0.0	0.0	-0.00122509625
197.962	0.0	0.0	-0.0012286825
198.032	0.0	0.0	-0.0012340025
198.132	0.0	0.0	-0.001241555
198.252	0.0	0.0	-0.0012508175000000002
198.302	0.0	0.0	-0.0011668375
198.372	0.0	0.0	-0.0010463775000000002
198.472	0.0	0.0	-0.0008781087500000001
198.592	0.0	0.0	-0.0006740962500000001
198.642	0.0	0.0	-0.000558505
198.702	0.0	0.0	-0.0003892625000000001
198.802	0.0	0.0	-0.000147518375
198.922	0.0	0.0	0.00015046100000000004
198.972	0.0	0.0	0.00024716625000000003
199.042	0.0	0.0	0.00039078250000000006
199.142	0.0	0.0	0.000595365
199.262	0.0	0.0	0.0008459512500000001
199.312	0.0	0.0	0.0008782275000000001
199.382	0.0	0.0	0.00092465875
199.482	0.0	0.0	0.0009896625000000003
199.602	0.0	0.0	0.00106853625
199.652	0.0	0.0	0.0010274012500000001
199.712	0.0	0.0	0.0009669575000000001
199.812	0.0	0.0	0.0008804837500000001
199.932	0.0	0.0	0.000773775
199.982	0.0	0.0	0.0006871350000000001
200.052	0.0	0.0	0.0005580537500000001
200.152	0.0	0.0	0.00037380125
200.272	0.0	0.0	0.00014793875
200.322	0.0	0.0	5.87765e-05
200.392	0.0	0.0	-6.9825e-05
200.492	0.0	0.0	-0.00025011125
200.612	0.0	0.0	-0.0004689675
200.662	0.0	0.0	-0.00051159875
200.722	0.0	0.0	-0.00057467875
200.822	0.0	0.0	-0.00066538
200.942	0.0	0.0	-0.0007775750000000001
200.992	0.0	0.0	-0.0007654862500000001
201.062	0.0	0.0	-0.00074762625
201.162	0.0	0.0	-0.0007223325000000002
201.282	0.0	0.0	-0.0006915525
201.332	0.0	0.0	-0.00063823375
201.392	0.0	0.0	-0.00055993
201.492	0.0	0.0	-0.00044775875
201.612	0.0	0.0	-0.00030929625
201.662	0.0	0.0	-0.0002447675
201.732	0.0	0.0	-0.00014804562500000002
201.832	0.0	0.0	-9.449175000000001e-06
201.952	0.0	0.0	0.00016070675000000003
202.002	0.0	0.0	0.00020624025000000004
202.072	0.0	0.0	0.00027229375
202.172	0.0	0.0	0.00036522750000000004
202.292	0.0	0.0	0.00047823
202.342	0.0	0.0	0.0004844525
202.402	0.0	0.0	0.0004936675
202.502	0.0	0.0	0.00050694375
202.622	0.0	0.0	0.00052333125
202.672	0.0	0.0	0.0004965175000000001
202.742	0.0	0.0	0.00045621375000000006
202.842	0.0	0.0	0.00039838250000000003
202.962	0.0	0.0	0.00032734625
203.012	0.0	0.0	0.00028236375000000003
203.082	0.0	0.0	0.00021693725000000003
203.182	0.0	0.0	0.00012468275
203.302	0.0	0.0	1.2393225e-05
203.352	0.0	0.0	-2.5329375e-05
203.412	0.0	0.0	-8.141737500000002e-05
203.512	0.0	0.0	-0.00016228612500000003
203.632	0.0	0.0	-0.00026236625
203.682	0.0	0.0	-0.00028188875000000003
203.752	0.0	0.0	-0.000311315
203.852	0.0	0.0	-0.00035361375000000006
203.972	0.0	0.0	-0.00040562625
204.022	0.0	0.0	-0.0003989287500000001
204.092	0.0	0.0	-0.00038914375
204.192	0.0	0.0	-0.0003753450000000001
204.312	0.0	0.0	-0.00035853
204.362	0.0	0.0	-0.00032910375000000006
204.422	0.0	0.0	-0.0002852375
204.522	0.0	0.0	-0.00022184637500000004
204.642	0.0	0.0	-0.00014332175
204.692	0.0	0.0	-9.981175e-05
204.762	0.0	0.0	-3.40005e-05
204.862	0.0	0.0	6.080950000000001e-05
204.982	0.0	0.0	0.0001774885
205.032	0.0	0.0	0.00021744075000000002
205.102	0.0	0.0	0.0002759275
205.202	0.0	0.0	0.00035872000000000003
205.322	0.0	0.0	0.00045965750000000004
205.362	0.0	0.0	0.00047184125000000006
205.432	0.0	0.0	0.000490105
205.532	0.0	0.0	0.000516515
205.652	0.0	0.0	0.0005492662499999999
205.702	0.0	0.0	0.0005235687500000001
205.772	0.0	0.0	0.0004845475000000001
205.872	0.0	0.0	0.00042821250000000003
205.992	0.0	0.0	0.00035883875000000003
206.042	0.0	0.0	0.00029853750000000004
206.112	0.0	0.0	0.00020997850000000002
206.212	0.0	0.0	8.438850000000001e-05
206.332	0.0	0.0	-6.8877375e-05
206.372	0.0	0.0	-0.00013101687500000002
206.442	0.0	0.0	-0.00022434012500000003
206.542	0.0	0.0	-0.0003597175
206.662	0.0	0.0	-0.0005277012500000001
206.712	0.0	0.0	-0.0005632075000000001
206.782	0.0	0.0	-0.0006172625000000001
206.882	0.0	0.0	-0.0006954237500000002
207.002	0.0	0.0	-0.0007917775000000001
207.052	0.0	0.0	-0.00077403625
207.122	0.0	0.0	-0.0007479112500000002
207.222	0.0	0.0	-0.00071076625
207.342	0.0	0.0	-0.0006654037500000001
207.382	0.0	0.0	-0.00060023375
207.452	0.0	0.0	-0.0005020275
207.552	0.0	0.0	-0.00035929000000000007
207.672	0.0	0.0	-0.0001820105
207.722	0.0	0.0	-9.509975000000002e-05
207.792	0.0	0.0	3.76675e-05
207.892	0.0	0.0	0.00023007100000000004
208.012	0.0	0.0	0.0004674475000000001
208.062	0.0	0.0	0.0005327362500000001
208.132	0.0	0.0	0.0006292325
208.232	0.0	0.0	0.00076657875
208.352	0.0	0.0	0.0009345150000000002
208.392	0.0	0.0	0.0009377687499999999
208.462	0.0	0.0	0.0009426850000000001
208.562	0.0	0.0	0.0009498575000000001
208.682	0.0	0.0	0.0009587637500000001
208.732	0.0	0.0	0.0008969425000000001
208.792	0.0	0.0	0.0008021562500000001
208.902	0.0	0.0	0.000664525
209.022	0.0	0.0	0.00049459375
209.072	0.0	0.0	0.00039135250000000004
209.142	0.0	0.0	0.00023833125000000002
209.242	0.0	0.0	2.0000587500000002e-05
209.362	0.0	0.0	-0.00024711875000000004
209.402	0.0	0.0	-0.0003309325000000001
209.472	0.0	0.0	-0.00045806625000000006
209.572	0.0	0.0	-0.0006436250000000001
209.692	0.0	0.0	-0.0008744987500000002
209.742	0.0	0.0	-0.0009035687500000001
209.802	0.0	0.0	-0.0009482900000000002
209.912	0.0	0.0	-0.0010133412500000002
210.032	0.0	0.0	-0.0010937350000000002
210.082	0.0	0.0	-0.0010480875
210.152	0.0	0.0	-0.00098021
210.252	0.0	0.0	-0.000883215
210.372	0.0	0.0	-0.0007644175
210.412	0.0	0.0	-0.0006734550000000001
210.482	0.0	0.0	-0.0005349687500000001
210.582	0.0	0.0	-0.00033242875
210.702	0.0	0.0	-8.022987500000001e-05
210.742	0.0	0.0	1.52615125e-05
210.812	0.0	0.0	0.0001626115
210.922	0.0	0.0	0.00037741125
211.042	0.0	0.0	0.0006431025000000001
211.092	0.0	0.0	0.0006954950000000001
211.162	0.0	0.0	0.00077365625
211.262	0.0	0.0	0.00088559
211.382	0.0	0.0	0.00102277
211.422	0.0	0.0	0.0010056937500000003
211.492	0.0	0.0	0.00097961625
211.592	0.0	0.0	0.0009414025
211.712	0.0	0.0	0.00089378375
211.752	0.0	0.0	0.0008214412500000002
211.822	0.0	0.0	0.00070943625
211.922	0.0	0.0	0.00054584625
212.052	0.0	0.0	0.00034330624999999996
212.102	0.0	0.0	0.00025053875000000006
212.172	0.0	0.0	0.000111717625
212.272	0.0	0.0	-8.7514e-05
212.392	0.0	0.0	-0.00033190625
212.432	0.0	0.0	-0.00039113875
212.502	0.0	0.0	-0.00048195875000000003
212.602	0.0	0.0	-0.0006153150000000001
212.722	0.0	0.0	-0.00078166
212.762	0.0	0.0	-0.00078842875
212.832	0.0	0.0	-0.00079892625
212.932	0.0	0.0	-0.0008142925
213.062	0.0	0.0	-0.0008333400000000001
213.112	0.0	0.0	-0.0007855550000000001
213.182	0.0	0.0	-0.0007138062500000001
213.282	0.0	0.0	-0.0006106125
213.402	0.0	0.0	-0.00048393000000000004
213.442	0.0	0.0	-0.00041491250000000004
213.512	0.0	0.0	-0.00030872625000000003
213.612	0.0	0.0	-0.00015246312500000002
213.732	0.0	0.0	4.2600375000000005e-05
213.772	0.0	0.0	0.00010317475000000002
213.842	0.0	0.0	0.00019760475000000003
213.942	0.0	0.0	0.00033608625000000007
214.072	0.0	0.0	0.00050779875
214.122	0.0	0.0	0.000532475
214.192	0.0	0.0	0.00056964375
214.292	0.0	0.0	0.0006232000000000001
214.412	0.0	0.0	0.0006890112500000001
214.452	0.0	0.0	0.00066934625
214.522	0.0	0.0	0.0006389937500000001
214.622	0.0	0.0	0.0005942487500000001
214.742	0.0	0.0	0.0005383175
214.782	0.0	0.0	0.00048737375000000013
214.852	0.0	0.0	0.00040769250000000003
214.952	0.0	0.0	0.00029060500000000004
215.082	0.0	0.0	0.00014529062499999998
215.132	0.0	0.0	8.5502375e-05
215.202	0.0	0.0	-4.793462500000001e-06
215.302	0.0	0.0	-0.0001350805
215.422	0.0	0.0	-0.00029526
215.462	0.0	0.0	-0.00033117
215.532	0.0	0.0	-0.0003869825
215.632	0.0	0.0	-0.00046972750000000003
215.752	0.0	0.0	-0.0005733725
215.792	0.0	0.0	-0.00057415625
215.862	0.0	0.0	-0.0005753675
215.972	0.0	0.0	-0.00057714875
216.092	0.0	0.0	-0.0005793575
216.132	0.0	0.0	-0.00054456375
216.202	0.0	0.0	-0.000490865
216.302	0.0	0.0	-0.0004115875000000001
216.422	0.0	0.0	-0.00031250250000000005
216.462	0.0	0.0	-0.00025780625000000005
216.532	0.0	0.0	-0.00017165075
216.632	0.0	0.0	-4.458825000000001e-05
216.762	0.0	0.0	0.00011333025000000002
216.812	0.0	0.0	0.00016317675
216.882	0.0	0.0	0.00023892500000000002
216.982	0.0	0.0	0.0003486262500000001
217.102	0.0	0.0	0.00048371625000000006
217.142	0.0	0.0	0.00050034125
217.212	0.0	0.0	0.0005262762500000001
217.312	0.0	0.0	0.00056470375
217.432	0.0	0.0	0.00061282125
217.472	0.0	0.0	0.0005911375
217.542	0.0	0.0	0.0005569137500000001
217.642	0.0	0.0	0.00050635
217.772	0.0	0.0	0.00044348375000000003
217.822	0.0	0.0	0.00039197
217.882	0.0	0.0	0.00031342875
217.992	0.0	0.0	0.00019944775000000004
218.112	0.0	0.0	5.8959375e-05
218.152	0.0	0.0	9.3976375e-06
218.222	0.0	0.0	-6.812212500000001e-05
218.322	0.0	0.0	-0.00018330012500000003
218.442	0.0	0.0	-0.00032763125
218.482	0.0	0.0	-0.00035484875000000004
218.552	0.0	0.0	-0.00039797875000000004
218.652	0.0	0.0	-0.00046179500000000003
218.782	0.0	0.0	-0.00054123875
218.832	0.0	0.0	-0.0005323325000000001
218.892	0.0	0.0	-0.00051872375
219.002	0.0	0.0	-0.00049894
219.122	0.0	0.0	-0.0004745487500000001
219.162	0.0	0.0	-0.00043913750000000004
219.232	0.0	0.0	-0.00038353875000000004
219.332	0.0	0.0	-0.00030074625000000004
219.452	0.0	0.0	-0.00019693737500000002
219.492	0.0	0.0	-0.000153603125
219.562	0.0	0.0	-8.469725000000001e-05
219.662	0.0	0.0	1.7492824999999998e-05
219.792	0.0	0.0	0.000144796625
219.842	0.0	0.0	0.00017531537500000002
219.902	0.0	0.0	0.000222159875
220.012	0.0	0.0	0.00029041500000000003
220.132	0.0	0.0	0.00037465625000000004
220.172	0.0	0.0	0.00037867000000000006
220.242	0.0	0.0	0.0003849875
220.342	0.0	0.0	0.00039441625000000006
220.462	0.0	0.0	0.00040624375
220.502	0.0	0.0	0.0003872200000000001
220.572	0.0	0.0	0.00035684375000000006
220.672	0.0	0.0	0.000311695
220.802	0.0	0.0	0.0002554075
220.842	0.0	0.0	0.00021997725000000003
220.912	0.0	0.0	0.000165406875
221.022	0.0	0.0	8.574462500000001e-05
221.142	0.0	0.0	-1.2689862500000001e-05
221.182	0.0	0.0	-4.8865625000000004e-05
221.252	0.0	0.0	-0.00010607225
221.352	0.0	0.0	-0.00019159125000000002
221.472	0.0	0.0	-0.00029903625
221.512	0.0	0.0	-0.00032482875
221.582	0.0	0.0	-0.00036613
221.682	0.0	0.0	-0.0004276662500000001
221.812	0.0	0.0	-0.0005044025
221.852	0.0	0.0	-0.0005019087500000001
221.922	0.0	0.0	-0.00049801375
222.022	0.0	0.0	-0.0004923375000000001
222.152	0.0	0.0	-0.00048530750000000004
222.192	0.0	0.0	-0.00044752125
222.262	0.0	0.0	-0.0003875287500000001
222.362	0.0	0.0	-0.0002976825
222.482	0.0	0.0	-0.00018470850000000004
222.522	0.0	0.0	-0.00011941025
222.592	0.0	0.0	-1.44544875e-05
222.692	0.0	0.0	0.00014212950000000002
222.822	0.0	0.0	0.0003376775
222.862	0.0	0.0	0.0004012325
222.932	0.0	0.0	0.000499795
223.032	0.0	0.0	0.0006442425
223.162	0.0	0.0	0.0008230325
223.202	0.0	0.0	0.0008412725000000001
223.272	0.0	0.0	0.0008703187500000001
223.372	0.0	0.0	0.0009139
223.492	0.0	0.0	0.0009687625000000001
223.532	0.0	0.0	0.00092275875
223.602	0.0	0.0	0.00084856375
223.702	0.0	0.0	0.0007376275000000001
223.832	0.0	0.0	0.000598975
223.872	0.0	0.0	0.0004949262500000001
223.942	0.0	0.0	0.00033307
224.042	0.0	0.0	9.534912500000001e-05
224.172	0.0	0.0	-0.00019911287500000004
224.212	0.0	0.0	-0.0003027175
224.282	0.0	0.0	-0.00046837375000000005
224.382	0.0	0.0	-0.0007175587500000001
224.502	0.0	0.0	-0.0010313675000000002
224.542	0.0	0.0	-0.00108623
224.612	0.0	0.0	-0.0011750787500000002
224.712	0.0	0.0	-0.0013081500000000001
224.842	0.0	0.0	-0.0014745662500000002
224.882	0.0	0.0	-0.00143659
224.952	0.0	0.0	-0.00137731
225.052	0.0	0.0	-0.0012900762500000001
225.182	0.0	0.0	-0.00118191875
225.222	0.0	0.0	-0.00106568625
225.292	0.0	0.0	-0.0008791300000000001
225.392	0.0	0.0	-0.0005979537500000001
225.512	0.0	0.0	-0.00024350875
225.552	0.0	0.0	-9.4449e-05
225.622	0.0	0.0	0.000147801
225.722	0.0	0.0	0.000511385
225.852	0.0	0.0	0.0009665062500000001
225.892	0.0	0.0	0.0010734525
225.962	0.0	0.0	0.0012409850000000002
226.062	0.0	0.0	0.0014880087500000003
226.192	0.0	0.0	0.0017945025
226.232	0.0	0.0	0.00179191375
226.302	0.0	0.0	0.0017877575
226.402	0.0	0.0	0.0017814875000000002
226.522	0.0	0.0	0.0017735550000000002
226.562	0.0	0.0	0.00165889
226.632	0.0	0.0	0.0014718825000000003
226.732	0.0	0.0	0.001190635
226.862	0.0	0.0	0.0008382800000000001
226.902	0.0	0.0	0.000654265
226.972	0.0	0.0	0.00036501375000000006
227.072	0.0	0.0	-6.232000000000001e-05
227.202	0.0	0.0	-0.00059299
227.242	0.0	0.0	-0.0007377462500000001
227.312	0.0	0.0	-0.0009718737500000002
227.402	0.0	0.0	-0.0013262
227.532	0.0	0.0	-0.00177357875
227.572	0.0	0.0	-0.0018187512500000003
227.642	0.0	0.0	-0.0018927325
227.742	0.0	0.0	-0.002004215
227.872	0.0	0.0	-0.00214398375
227.912	0.0	0.0	-0.002053615
227.982	0.0	0.0	-0.0019110675000000002
228.082	0.0	0.0	-0.0017000487500000003
228.212	0.0	0.0	-0.0014378250000000002
228.252	0.0	0.0	-0.0012665875
228.322	0.0	0.0	-0.00098859375
228.412	0.0	0.0	-0.0005669837500000001
228.542	0.0	0.0	-3.424275e-05
228.582	0.0	0.0	0.000145395125
228.652	0.0	0.0	0.00044061
228.752	0.0	0.0	0.0008863025000000001
228.882	0.0	0.0	0.0014455675
228.922	0.0	0.0	0.0015437025000000003
228.992	0.0	0.0	0.0016989087500000003
229.092	0.0	0.0	0.0019290225
229.222	0.0	0.0	0.0022151625000000003
229.262	0.0	0.0	0.00217799375
229.322	0.0	0.0	0.0021171700000000002
229.422	0.0	0.0	0.0020244262500000005
229.552	0.0	0.0	0.0019069825000000004
229.592	0.0	0.0	0.0017530350000000002
229.662	0.0	0.0	0.0015023775000000002
229.762	0.0	0.0	0.0011270087500000001
229.892	0.0	0.0	0.00065913375
229.932	0.0	0.0	0.00047374124999999994
230.002	0.0	0.0	0.00017279787499999998
230.092	0.0	0.0	-0.00028400250000000006
230.222	0.0	0.0	-0.000861555
230.262	0.0	0.0	-0.00099617
230.332	0.0	0.0	-0.0012190162500000002
230.432	0.0	0.0	-0.00155674125
230.562	0.0	0.0	-0.0019811300000000002
230.602	0.0	0.0	-0.0019968287500000004
230.672	0.0	0.0	-0.0020218137500000004
230.772	0.0	0.0	-0.0020590062500000002
230.902	0.0	0.0	-0.00210531875
230.942	0.0	0.0	-0.00199986875
231.002	0.0	0.0	-0.0018269212500000003
231.102	0.0	0.0	-0.0015631300000000002
231.232	0.0	0.0	-0.00122913375
231.272	0.0	0.0	-0.00105271875
231.342	0.0	0.0	-0.000759905
231.442	0.0	0.0	-0.00031544750000000007
231.572	0.0	0.0	0.00024346125000000005
231.612	0.0	0.0	0.0004093787500000001
231.682	0.0	0.0	0.00067452375
231.782	0.0	0.0	0.00106991375
231.912	0.0	0.0	0.0015627500000000001
231.952	0.0	0.0	0.0016251175
232.012	0.0	0.0	0.0017278362500000003
232.112	0.0	0.0	0.0018848000000000003
232.242	0.0	0.0	0.00208370625
232.282	0.0	0.0	0.0020261837500000004
232.352	0.0	0.0	0.0019303287499999999
232.452	0.0	0.0	0.0017845275000000001
232.582	0.0	0.0	0.0016010587500000003
232.622	0.0	0.0	0.0014438575000000002
232.692	0.0	0.0	0.00119170375
232.792	0.0	0.0	0.0008149812500000001
232.922	0.0	0.0	0.00034501625000000005
232.962	0.0	0.0	0.000182818
233.022	0.0	0.0	-8.5317125e-05
233.122	0.0	0.0	-0.00049592375
233.252	0.0	0.0	-0.00101671375
233.292	0.0	0.0	-0.00112088125
233.362	0.0	0.0	-0.0012951350000000002
233.462	0.0	0.0	-0.0015606837500000002
233.592	0.0	0.0	-0.00189513125
233.632	0.0	0.0	-0.0018868424999999999
233.702	0.0	0.0	-0.0018734950000000002
233.802	0.0	0.0	-0.0018535450000000003
233.932	0.0	0.0	-0.0018286312500000004
233.972	0.0	0.0	-0.0017188350000000002
234.032	0.0	0.0	-0.0015366012500000002
234.132	0.0	0.0	-0.0012569925000000001
234.262	0.0	0.0	-0.0009020725000000001
234.302	0.0	0.0	-0.0007397650000000001
234.372	0.0	0.0	-0.00046723375
234.472	0.0	0.0	-5.108625000000001e-05
234.602	0.0	0.0	0.00047345625000000006
234.642	0.0	0.0	0.0006136525000000002
234.712	0.0	0.0	0.0008401800000000002
234.812	0.0	0.0	0.0011799475000000002
234.942	0.0	0.0	0.0016045262500000003
234.982	0.0	0.0	0.0016443550000000001
235.042	0.0	0.0	0.00171076
235.142	0.0	0.0	0.0018128612500000003
235.272	0.0	0.0	0.0019425837500000004
235.312	0.0	0.0	0.0018722837500000004
235.382	0.0	0.0	0.001753795
235.482	0.0	0.0	0.0015724875000000002
235.612	0.0	0.0	0.001343775
235.652	0.0	0.0	0.0011877612500000004
235.722	0.0	0.0	0.0009347524999999999
235.822	0.0	0.0	0.00055449125
235.952	0.0	0.0	7.895450000000001e-05
235.992	0.0	0.0	-7.0734625e-05
236.052	0.0	0.0	-0.00032117125000000006
236.152	0.0	0.0	-0.0007070612500000002
236.282	0.0	0.0	-0.001197665
236.322	0.0	0.0	-0.0012831175000000002
236.392	0.0	0.0	-0.00142773125
236.492	0.0	0.0	-0.0016494375000000003
236.622	0.0	0.0	-0.001929355
236.662	0.0	0.0	-0.0019021612500000002
236.732	0.0	0.0	-0.001857915
236.832	0.0	0.0	-0.0017912725000000002
236.962	0.0	0.0	-0.0017078625000000003
237.002	0.0	0.0	-0.0015872125000000003
237.062	0.0	0.0	-0.00138455375
237.162	0.0	0.0	-0.0010716475
237.292	0.0	0.0	-0.0006735025
237.332	0.0	0.0	-0.0005105300000000001
237.402	0.0	0.0	-0.00023363112500000003
237.502	0.0	0.0	0.00019173375000000001
237.632	0.0	0.0	0.00072914875
237.672	0.0	0.0	0.0008581112500000001
237.742	0.0	0.0	0.0010688212500000003
237.842	0.0	0.0	0.00138673875
237.972	0.0	0.0	0.0017849550000000002
238.012	0.0	0.0	0.00180673375
238.072	0.0	0.0	0.00184349875
238.172	0.0	0.0	0.00190035625
238.302	0.0	0.0	0.0019727700000000004
238.342	0.0	0.0	0.0018832800000000002
238.412	0.0	0.0	0.0017305675
238.512	0.0	0.0	0.00149556125
238.642	0.0	0.0	0.0011983775
238.682	0.0	0.0	0.00103058375
238.752	0.0	0.0	0.0007554162500000002
238.852	0.0	0.0	0.00033941125
238.982	0.0	0.0	-0.00018211025
239.022	0.0	0.0	-0.00032886625
239.082	0.0	0.0	-0.0005773862500000001
239.182	0.0	0.0	-0.0009627537500000002
239.312	0.0	0.0	-0.0014538325000000001
239.352	0.0	0.0	-0.0015227312500000001
239.422	0.0	0.0	-0.00164072125
239.522	0.0	0.0	-0.0018226700000000002
239.652	0.0	0.0	-0.00205295
239.692	0.0	0.0	-0.00200205375
239.762	0.0	0.0	-0.0019183112500000003
239.862	0.0	0.0	-0.0017914150000000002
239.992	0.0	0.0	-0.00163221875
240.032	0.0	0.0	-0.0014956087500000003
240.092	0.0	0.0	-0.00126328625
240.192	0.0	0.0	-0.00090231
240.322	0.0	0.0	-0.00044191625
240.362	0.0	0.0	-0.00027804125
240.432	0.0	0.0	3.822325000000001e-06
240.532	0.0	0.0	0.00043939875000000006
240.662	0.0	0.0	0.0009909925000000002
240.702	0.0	0.0	0.0011031637500000001
240.772	0.0	0.0	0.00128850875
240.872	0.0	0.0	0.0015698750000000003
241.002	0.0	0.0	0.0019231325000000005
241.042	0.0	0.0	0.0019214700000000002
241.102	0.0	0.0	0.0019186437500000003
241.202	0.0	0.0	0.00191422625
241.332	0.0	0.0	0.0019085975000000003
241.372	0.0	0.0	0.0018014375
241.442	0.0	0.0	0.0016163775000000002
241.542	0.0	0.0	0.0013298100000000003
241.672	0.0	0.0	0.000966625
241.712	0.0	0.0	0.00079911625
241.782	0.0	0.0	0.0005212887500000001
241.882	0.0	0.0	9.870025e-05
242.012	0.0	0.0	-0.00043232125000000003
242.052	0.0	0.0	-0.0005601437500000001
242.112	0.0	0.0	-0.0007793325
242.212	0.0	0.0	-0.0011213087500000002
242.342	0.0	0.0	-0.0015581425000000002
242.382	0.0	0.0	-0.0015997050000000003
242.452	0.0	0.0	-0.0016717625
242.552	0.0	0.0	-0.0017835775000000001
242.682	0.0	0.0	-0.0019253650000000003
242.722	0.0	0.0	-0.00185537375
242.792	0.0	0.0	-0.0017388087500000001
242.892	0.0	0.0	-0.0015611587500000002
243.022	0.0	0.0	-0.00133776625
243.062	0.0	0.0	-0.00120479
243.122	0.0	0.0	-0.0009758162500000001
243.222	0.0	0.0	-0.0006178325000000001
243.352	0.0	0.0	-0.00016018425000000001
243.392	0.0	0.0	-2.17177125e-05
243.452	0.0	0.0	0.00021934550000000003
243.562	0.0	0.0	0.0005941300000000001
243.692	0.0	0.0	0.0010698425
243.732	0.0	0.0	0.0011471725
243.802	0.0	0.0	0.00127630125
243.902	0.0	0.0	0.0014733787500000003
244.032	0.0	0.0	0.0017213762500000002
244.072	0.0	0.0	0.0016992887500000002
244.132	0.0	0.0	0.00166086125
244.232	0.0	0.0	0.0016005125
244.362	0.0	0.0	0.0015231587500000002
244.402	0.0	0.0	0.0014181362500000003
244.472	0.0	0.0	0.001237185
244.572	0.0	0.0	0.0009581700000000002
244.702	0.0	0.0	0.0006062900000000001
244.742	0.0	0.0	0.00047872875
244.802	0.0	0.0	0.000259065
244.902	0.0	0.0	-8.462362500000002e-05
245.032	0.0	0.0	-0.0005243050000000001
245.072	0.0	0.0	-0.0006194950000000001
245.132	0.0	0.0	-0.0007865525000000001
245.242	0.0	0.0	-0.0010472562500000002
245.372	0.0	0.0	-0.0013786400000000002
245.412	0.0	0.0	-0.0013964525000000002
245.482	0.0	0.0	-0.0014264487500000003
245.582	0.0	0.0	-0.0014724050000000004
245.712	0.0	0.0	-0.0015303075000000002
245.752	0.0	0.0	-0.00146706125
245.812	0.0	0.0	-0.0013568850000000002
245.912	0.0	0.0	-0.0011837000000000002
246.042	0.0	0.0	-0.0009618275000000001
246.082	0.0	0.0	-0.0008478275000000001
246.142	0.0	0.0	-0.0006471162500000001
246.252	0.0	0.0	-0.00033342625000000003
246.382	0.0	0.0	6.555237500000002e-05
246.422	0.0	0.0	0.00018055225000000003
246.492	0.0	0.0	0.00037477500000000004
246.592	0.0	0.0	0.0006729325000000001
246.722	0.0	0.0	0.00104899
246.762	0.0	0.0	0.0011008125
246.822	0.0	0.0	0.0011914662499999998
246.922	0.0	0.0	0.0013342750000000002
247.052	0.0	0.0	0.0015173637500000001
247.092	0.0	0.0	0.0014898137500000002
247.152	0.0	0.0	0.0014411025
247.262	0.0	0.0	0.00136479375
247.392	0.0	0.0	0.0012676562500000001
247.432	0.0	0.0	0.00116405875
247.502	0.0	0.0	0.00098838
247.602	0.0	0.0	0.0007181525000000001
247.732	0.0	0.0	0.0003770787500000001
247.772	0.0	0.0	0.00025688
247.832	0.0	0.0	4.5752e-05
247.932	0.0	0.0	-0.000287565
248.062	0.0	0.0	-0.0007152312500000001
248.102	0.0	0.0	-0.0008062175000000001
248.162	0.0	0.0	-0.0009677412500000001
248.272	0.0	0.0	-0.0012212487500000001
248.402	0.0	0.0	-0.0015441775000000003
248.442	0.0	0.0	-0.001555435
248.512	0.0	0.0	-0.001574625
248.612	0.0	0.0	-0.00160419375
248.742	0.0	0.0	-0.0016415525
248.782	0.0	0.0	-0.0015643412500000002
248.842	0.0	0.0	-0.0014280637499999999
248.942	0.0	0.0	-0.0012125325000000003
249.072	0.0	0.0	-0.0009357500000000001
249.112	0.0	0.0	-0.0007984750000000001
249.172	0.0	0.0	-0.0005537075
249.282	0.0	0.0	-0.00016885062500000003
249.412	0.0	0.0	0.00032178875000000003
249.452	0.0	0.0	0.00045934875000000003
249.522	0.0	0.0	0.00069442625
249.622	0.0	0.0	0.0010575162500000002
249.752	0.0	0.0	0.0015165325
249.792	0.0	0.0	0.0015719650000000003
249.852	0.0	0.0	0.0016702187500000003
249.952	0.0	0.0	0.00182597125
250.082	0.0	0.0	0.0020261125000000002
250.122	0.0	0.0	0.00197507375
250.182	0.0	0.0	0.0018837075
250.292	0.0	0.0	0.00173971125
250.422	0.0	0.0	0.0015560287500000001
250.462	0.0	0.0	0.001405715
250.532	0.0	0.0	0.00114776625
250.632	0.0	0.0	0.0007485525
250.762	0.0	0.0	0.00024350875
250.802	0.0	0.0	8.145062500000001e-05
250.862	0.0	0.0	-0.000207026375
250.962	0.0	0.0	-0.000665285
251.092	0.0	0.0	-0.0012546175000000001
251.132	0.0	0.0	-0.0013633925000000001
251.192	0.0	0.0	-0.0015589737500000002
251.302	0.0	0.0	-0.0018677712500000004
251.432	0.0	0.0	-0.0022620450000000003
251.472	0.0	0.0	-0.0022518325000000002
251.542	0.0	0.0	-0.00223423375
251.642	0.0	0.0	-0.002206945
251.772	0.0	0.0	-0.00217238875
251.812	0.0	0.0	-0.0020472975
251.872	0.0	0.0	-0.0018235962500000001
251.972	0.0	0.0	-0.0014674887500000001
252.102	0.0	0.0	-0.0010091850000000001
252.142	0.0	0.0	-0.0008189950000000002
252.202	0.0	0.0	-0.00047547499999999994
252.312	0.0	0.0	6.794637500000001e-05
252.442	0.0	0.0	0.0007623037500000001
252.482	0.0	0.0	0.0009295275
252.552	0.0	0.0	0.0012188262500000002
252.652	0.0	0.0	0.0016683187500000003
252.782	0.0	0.0	0.0022378912500000004
252.822	0.0	0.0	0.0022821375
252.882	0.0	0.0	0.00236162875
252.982	0.0	0.0	0.0024885250000000005
253.112	0.0	0.0	0.0026516875000000004
253.152	0.0	0.0	0.0025571625
253.212	0.0	0.0	0.0023854500000000003
253.322	0.0	0.0	0.0021131087500000003
253.452	0.0	0.0	0.0017649812500000004
253.492	0.0	0.0	0.0015603512500000003
253.552	0.0	0.0	0.001204885
253.662	0.0	0.0	0.00065148625
253.792	0.0	0.0	-5.0304875000000005e-05
253.832	0.0	0.0	-0.00024198875000000004
253.892	0.0	0.0	-0.0005878599999999999
253.992	0.0	0.0	-0.0011407362500000001
254.122	0.0	0.0	-0.0018534025000000003
254.162	0.0	0.0	-0.0019570000000000004
254.222	0.0	0.0	-0.00214574125
254.332	0.0	0.0	-0.0024455375000000004
254.462	0.0	0.0	-0.0028291
254.502	0.0	0.0	-0.0027813625000000005
254.562	0.0	0.0	-0.0026977625000000004
254.672	0.0	0.0	-0.0025671375000000003
254.802	0.0	0.0	-0.0024018375
254.832	0.0	0.0	-0.0022347562500000004
254.902	0.0	0.0	-0.0019320625
255.002	0.0	0.0	-0.0014472300000000003
255.132	0.0	0.0	-0.00082175
255.172	0.0	0.0	-0.0006064562500000001
255.232	0.0	0.0	-0.000212382
255.342	0.0	0.0	0.00041479375000000004
255.472	0.0	0.0	0.001217995
255.512	0.0	0.0	0.0013785450000000003
255.572	0.0	0.0	0.0016597925000000002
255.682	0.0	0.0	0.00209942875
255.812	0.0	0.0	0.0026578625
255.842	0.0	0.0	0.0026716375000000003
255.912	0.0	0.0	0.0026970500000000003
256.012	0.0	0.0	0.0027376625000000007
256.142	0.0	0.0	0.0027903875000000007
256.182	0.0	0.0	0.0026614250000000002
256.242	0.0	0.0	0.0024246375000000005
256.352	0.0	0.0	0.0020469175000000003
256.482	0.0	0.0	0.00156282125
256.522	0.0	0.0	0.0013426825
256.582	0.0	0.0	0.00095548625
256.692	0.0	0.0	0.00034903000000000007
256.822	0.0	0.0	-0.0004218237500000001
256.852	0.0	0.0	-0.00059942625
256.922	0.0	0.0	-0.0009243737500000002
257.022	0.0	0.0	-0.0014470400000000003
257.152	0.0	0.0	-0.0021223
257.192	0.0	0.0	-0.0021926475000000004
257.252	0.0	0.0	-0.00232253625
257.362	0.0	0.0	-0.0025300875000000005
257.492	0.0	0.0	-0.002796325
257.532	0.0	0.0	-0.0027170000000000002
257.592	0.0	0.0	-0.0025771125
257.702	0.0	0.0	-0.002357615
257.832	0.0	0.0	-0.00207829125
257.862	0.0	0.0	-0.0019065550000000003
257.932	0.0	0.0	-0.0015909175
258.032	0.0	0.0	-0.0010821212500000002
258.162	0.0	0.0	-0.00042427000000000003
258.202	0.0	0.0	-0.00023412275000000003
258.262	0.0	0.0	0.00011862650000000002
258.372	0.0	0.0	0.00068345375
258.502	0.0	0.0	0.0014084225000000003
258.542	0.0	0.0	0.0015255575
258.602	0.0	0.0	0.00173315625
258.712	0.0	0.0	0.0020594812500000005
258.842	0.0	0.0	0.0024747500000000004
258.872	0.0	0.0	0.0024578875000000003
258.942	0.0	0.0	0.0024263
259.042	0.0	0.0	0.0023752375000000003
259.172	0.0	0.0	0.00230909375
259.212	0.0	0.0	0.00217569
259.272	0.0	0.0	0.0019310887500000001
259.382	0.0	0.0	0.001542705
259.512	0.0	0.0	0.001047375
259.542	0.0	0.0	0.00087620875
259.612	0.0	0.0	0.00056161625
259.712	0.0	0.0	5.4119125e-05
259.842	0.0	0.0	-0.00060249
259.872	0.0	0.0	-0.00073644
259.942	0.0	0.0	-0.000987145
260.052	0.0	0.0	-0.00139011125
260.182	0.0	0.0	-0.0019080275000000002
260.222	0.0	0.0	-0.0019411825000000005
260.282	0.0	0.0	-0.002000415
260.392	0.0	0.0	-0.00209387125
260.522	0.0	0.0	-0.00221300125
260.552	0.0	0.0	-0.00213671625
260.622	0.0	0.0	-0.0019947387500000003
260.722	0.0	0.0	-0.0017646012500000003
260.852	0.0	0.0	-0.00146642
260.882	0.0	0.0	-0.0013226137499999999
260.952	0.0	0.0	-0.001052505
261.052	0.0	0.0	-0.00061769
261.192	0.0	0.0	-5.850575e-05
261.232	0.0	0.0	8.6556875e-05
261.292	0.0	0.0	0.0003468450000000001
261.402	0.0	0.0	0.0007583375
261.532	0.0	0.0	0.00128323625
261.562	0.0	0.0	0.001347005
261.632	0.0	0.0	0.00146625375
261.732	0.0	0.0	0.001659935
261.862	0.0	0.0	0.00191109125
261.892	0.0	0.0	0.0018805012500000002
261.962	0.0	0.0	0.0018228125000000002
262.062	0.0	0.0	0.0017297362500000002
262.202	0.0	0.0	0.001609965
262.242	0.0	0.0	0.0014967487500000003
262.302	0.0	0.0	0.0012926887500000002
262.412	0.0	0.0	0.0009694512500000002
262.542	0.0	0.0	0.0005568187500000001
262.572	0.0	0.0	0.0004341025
262.642	0.0	0.0	0.00020347812500000003
262.742	0.0	0.0	-0.00017190250000000002
262.872	0.0	0.0	-0.0006589675
262.902	0.0	0.0	-0.00074515625
262.972	0.0	0.0	-0.0009085800000000001
263.072	0.0	0.0	-0.00117270375
263.212	0.0	0.0	-0.0015128750000000001
263.252	0.0	0.0	-0.0015206887500000001
263.312	0.0	0.0	-0.0015348437500000002
263.422	0.0	0.0	-0.0015572875
263.552	0.0	0.0	-0.00158595375
263.582	0.0	0.0	-0.0015191925000000003
263.652	0.0	0.0	-0.00139308
263.752	0.0	0.0	-0.0011873575000000002
263.882	0.0	0.0	-0.0009202650000000001
263.912	0.0	0.0	-0.0008122262500000001
263.982	0.0	0.0	-0.0006064562500000001
264.082	0.0	0.0	-0.00027319625
264.222	0.0	0.0	0.000156351
264.262	0.0	0.0	0.00025631000000000004
264.322	0.0	0.0	0.00043802125000000006
264.432	0.0	0.0	0.000727035
264.562	0.0	0.0	0.0010965612499999999
264.592	0.0	0.0	0.00113242375
264.662	0.0	0.0	0.0012004675
264.762	0.0	0.0	0.0013117125
264.892	0.0	0.0	0.0014562550000000003
264.922	0.0	0.0	0.0014222687500000002
264.992	0.0	0.0	0.00135719375
265.092	0.0	0.0	0.0012516012500000003
265.232	0.0	0.0	0.0011154187500000002
265.272	0.0	0.0	0.00102417125
265.332	0.0	0.0	0.0008575175000000002
265.442	0.0	0.0	0.0005919450000000001
265.572	0.0	0.0	0.00025213
265.602	0.0	0.0	0.000160913375
265.672	0.0	0.0	-1.3065350000000002e-05
265.772	0.0	0.0	-0.00029803874999999997
265.902	0.0	0.0	-0.0006686337500000001
265.932	0.0	0.0	-0.00072653625
266.002	0.0	0.0	-0.0008379237500000001
266.102	0.0	0.0	-0.0010190175
266.242	0.0	0.0	-0.0012528125000000002
266.282	0.0	0.0	-0.0012477775000000002
266.342	0.0	0.0	-0.0012385387500000002
266.452	0.0	0.0	-0.00122379
266.582	0.0	0.0	-0.0012049325000000003
266.612	0.0	0.0	-0.0011451300000000003
266.672	0.0	0.0	-0.0010305600000000002
266.782	0.0	0.0	-0.00084246
266.912	0.0	0.0	-0.0005976925
266.942	0.0	0.0	-0.0005105775
267.012	0.0	0.0	-0.00034221375000000005
267.112	0.0	0.0	-6.7889375e-05
267.252	0.0	0.0	0.00028647249999999997
267.292	0.0	0.0	0.00036083375000000006
267.352	0.0	0.0	0.0004978475
267.462	0.0	0.0	0.0007171075000000001
267.592	0.0	0.0	0.0009980700000000002
267.622	0.0	0.0	0.00101780625
267.682	0.0	0.0	0.00105580625
267.792	0.0	0.0	0.0011183162500000001
267.922	0.0	0.0	0.0011997075000000001
267.952	0.0	0.0	0.0011629425
268.022	0.0	0.0	0.0010915500000000002
268.122	0.0	0.0	0.0009749612500000001
268.262	0.0	0.0	0.0008242675000000001
268.302	0.0	0.0	0.0007450137500000001
268.362	0.0	0.0	0.0005983100000000001
268.472	0.0	0.0	0.00036309000000000005
268.602	0.0	0.0	6.1448375e-05
268.632	0.0	0.0	-1.0914550000000002e-05
268.692	0.0	0.0	-0.00015100250000000002
268.802	0.0	0.0	-0.0003819237500000001
268.932	0.0	0.0	-0.0006828837499999999
268.962	0.0	0.0	-0.00072235625
269.032	0.0	0.0	-0.0007993775
269.132	0.0	0.0	-0.0009253950000000001
269.272	0.0	0.0	-0.00108843875
269.312	0.0	0.0	-0.00107385625
269.372	0.0	0.0	-0.0010467575000000001
269.482	0.0	0.0	-0.00100322375
269.612	0.0	0.0	-0.00094734
269.642	0.0	0.0	-0.0008918600000000002
269.702	0.0	0.0	-0.00078391625
269.812	0.0	0.0	-0.0006056012500000001
269.942	0.0	0.0	-0.0003730175
269.972	0.0	0.0	-0.00030150625
270.042	0.0	0.0	-0.000161298125
270.142	0.0	0.0	6.8582875e-05
270.282	0.0	0.0	0.00036617750000000004
270.312	0.0	0.0	0.0004200425000000001
270.382	0.0	0.0	0.00052067125
270.492	0.0	0.0	0.0006826937500000001
270.622	0.0	0.0	0.0008907437500000001
270.652	0.0	0.0	0.0008974175000000001
270.712	0.0	0.0	0.00091045625
270.822	0.0	0.0	0.0009320449999999999
270.952	0.0	0.0	0.0009602125000000001
270.982	0.0	0.0	0.0009227825000000001
271.052	0.0	0.0	0.0008489912500000001
271.152	0.0	0.0	0.0007277950000000002
271.292	0.0	0.0	0.00057076
271.322	0.0	0.0	0.0005052812500000001
271.392	0.0	0.0	0.0003824225
271.492	0.0	0.0	0.00018422400000000003
271.632	0.0	0.0	-7.0506625e-05
271.662	0.0	0.0	-0.000123139
271.722	0.0	0.0	-0.00022661062500000002
271.832	0.0	0.0	-0.00039824000000000006
271.962	0.0	0.0	-0.0006224399999999999
271.992	0.0	0.0	-0.0006445750000000001
272.062	0.0	0.0	-0.00068844125
272.162	0.0	0.0	-0.0007606412500000001
272.302	0.0	0.0	-0.00085424
272.332	0.0	0.0	-0.0008343612500000001
272.402	0.0	0.0	-0.0007969075000000001
272.502	0.0	0.0	-0.00073632125
272.642	0.0	0.0	-0.000658445
272.672	0.0	0.0	-0.0006130112500000001
272.732	0.0	0.0	-0.00052323625
272.842	0.0	0.0	-0.00037401500000000006
272.972	0.0	0.0	-0.000178949125
273.002	0.0	0.0	-0.00012825475
273.072	0.0	0.0	-2.7341e-05
273.172	0.0	0.0	0.0001391085
273.312	0.0	0.0	0.0003550625
273.342	0.0	0.0	0.00038707750000000006
273.412	0.0	0.0	0.0004476637500000001
273.512	0.0	0.0	0.0005457512500000001
273.652	0.0	0.0	0.0006719587500000001
273.682	0.0	0.0	0.00066934625
273.742	0.0	0.0	0.000664145
273.852	0.0	0.0	0.0006554525000000001
273.982	0.0	0.0	0.0006440762500000001
274.012	0.0	0.0	0.000612465
274.082	0.0	0.0	0.0005503825
274.182	0.0	0.0	0.00044882750000000007
274.322	0.0	0.0	0.00031789375
274.352	0.0	0.0	0.00027713875
274.412	0.0	0.0	0.000196574
274.522	0.0	0.0	6.254562500000001e-05
274.652	0.0	0.0	-0.00011276262500000001
274.682	0.0	0.0	-0.000144848875
274.752	0.0	0.0	-0.00020935625
274.852	0.0	0.0	-0.00031616
274.992	0.0	0.0	-0.00045493125000000003
275.022	0.0	0.0	-0.0004639087500000001
275.092	0.0	0.0	-0.0004810800000000001
275.192	0.0	0.0	-0.0005089862500000001
275.332	0.0	0.0	-0.00054494375
275.362	0.0	0.0	-0.0005291975
275.422	0.0	0.0	-0.0004976100000000001
275.532	0.0	0.0	-0.00044483750000000007
275.662	0.0	0.0	-0.00037570125
275.692	0.0	0.0	-0.0003451112500000001
275.762	0.0	0.0	-0.00028340875
275.862	0.0	0.0	-0.00018107
276.002	0.0	0.0	-4.804387500000001e-05
276.032	0.0	0.0	-1.6861075000000002e-05
276.102	0.0	0.0	4.295900000000001e-05
276.202	0.0	0.0	0.000140374375
276.342	0.0	0.0	0.000266
276.372	0.0	0.0	0.00028017875
276.432	0.0	0.0	0.0003087025
276.542	0.0	0.0	0.00035651125000000003
276.672	0.0	0.0	0.00041916375000000005
276.702	0.0	0.0	0.00041431875000000004
276.772	0.0	0.0	0.0004044625
276.872	0.0	0.0	0.00038809875
277.012	0.0	0.0	0.00036681875
277.042	0.0	0.0	0.0003451112500000001
277.112	0.0	0.0	0.00030324
277.212	0.0	0.0	0.00023493025000000003
277.352	0.0	0.0	0.00014677025
277.382	0.0	0.0	0.00012257612500000002
277.442	0.0	0.0	7.356325000000002e-05
277.542	0.0	0.0	-8.715300000000001e-06
277.682	0.0	0.0	-0.0001166315
277.712	0.0	0.0	-0.00013475987500000003
277.782	0.0	0.0	-0.00017172200000000002
277.882	0.0	0.0	-0.000233270125
278.022	0.0	0.0	-0.00031338125000000003
278.052	0.0	0.0	-0.00031696750000000004
278.122	0.0	0.0	-0.00032392625
278.222	0.0	0.0	-0.00033527875000000004
278.362	0.0	0.0	-0.00034993250000000007
278.392	0.0	0.0	-0.00033834250000000006
278.452	0.0	0.0	-0.000314735
278.552	0.0	0.0	-0.00027500125
278.692	0.0	0.0	-0.00022284625
278.722	0.0	0.0	-0.000201483125
278.782	0.0	0.0	-0.00015768337500000003
278.892	0.0	0.0	-8.4604625e-05
279.032	0.0	0.0	1.05913125e-05
279.062	0.0	0.0	3.2694250000000006e-05
279.132	0.0	0.0	7.5715e-05
279.232	0.0	0.0	0.000146205
279.372	0.0	0.0	0.00023730762500000005
279.402	0.0	0.0	0.0002473325
279.462	0.0	0.0	0.0002678525
279.562	0.0	0.0	0.0003024325
279.702	0.0	0.0	0.00034786625
279.732	0.0	0.0	0.00034287875
279.792	0.0	0.0	0.00033261875000000006
279.902	0.0	0.0	0.00031547125000000003
280.042	0.0	0.0	0.0002931225
280.072	0.0	0.0	0.00027348125000000004
280.142	0.0	0.0	0.00023505850000000002
280.242	0.0	0.0	0.00017196662500000004
280.382	0.0	0.0	9.036875000000001e-05
280.412	0.0	0.0	6.80865e-05
280.472	0.0	0.0	2.2194375000000004e-05
280.572	0.0	0.0	-5.533512500000001e-05
280.712	0.0	0.0	-0.00015724162500000002
280.742	0.0	0.0	-0.000173885625
280.802	0.0	0.0	-0.00020836825000000004
280.912	0.0	0.0	-0.00026614250000000004
281.052	0.0	0.0	-0.00034150125
281.082	0.0	0.0	-0.000343235
281.152	0.0	0.0	-0.00034663125000000005
281.252	0.0	0.0	-0.0003522125000000001
281.392	0.0	0.0	-0.0003594325000000001
281.422	0.0	0.0	-0.00034549125
281.482	0.0	0.0	-0.00031661125000000004
281.582	0.0	0.0	-0.00026768625000000003
281.722	0.0	0.0	-0.00020336650000000003
281.752	0.0	0.0	-0.00017957375
281.812	0.0	0.0	-0.00013001462500000002
281.922	0.0	0.0	-4.681125000000001e-05
282.062	0.0	0.0	6.180462500000002e-05
282.092	0.0	0.0	8.4713875e-05
282.162	0.0	0.0	0.00012997425000000002
282.262	0.0	0.0	0.00020458250000000004
282.402	0.0	0.0	0.00030122125
282.432	0.0	0.0	0.00030934375000000005
282.492	0.0	0.0	0.00032627750000000004
282.592	0.0	0.0	0.00035499125000000006
282.732	0.0	0.0	0.00039280125000000005
282.762	0.0	0.0	0.00038396625000000005
282.822	0.0	0.0	0.00036548875000000006
282.932	0.0	0.0	0.0003344
283.072	0.0	0.0	0.0002937875
283.102	0.0	0.0	0.00027048875000000003
283.172	0.0	0.0	0.00022418337500000005
283.272	0.0	0.0	0.00014770837500000002
283.412	0.0	0.0	4.8585375e-05
283.442	0.0	0.0	2.5661875e-05
283.502	0.0	0.0	-2.2354450000000004e-05
283.602	0.0	0.0	-0.00010398699999999999
283.742	0.0	0.0	-0.00021152225000000002
283.772	0.0	0.0	-0.00022562025
283.832	0.0	0.0	-0.0002553125
283.942	0.0	0.0	-0.00030535375000000005
284.082	0.0	0.0	-0.00037078500000000005
284.112	0.0	0.0	-0.00036824375
284.182	0.0	0.0	-0.00036316125000000006
284.282	0.0	0.0	-0.00035477750000000003
284.422	0.0	0.0	-0.00034387625
284.452	0.0	0.0	-0.00032744125
284.512	0.0	0.0	-0.00029286125000000003
284.612	0.0	0.0	-0.000233928
284.752	0.0	0.0	-0.0001562465
284.782	0.0	0.0	-0.00013323037500000002
284.842	0.0	0.0	-8.449062500000001e-05
284.952	0.0	0.0	-2.16355375e-06
285.092	0.0	0.0	0.00010553550000000002
285.122	0.0	0.0	0.00012456875000000002
285.192	0.0	0.0	0.00016274925000000001
285.292	0.0	0.0	0.00022607387500000003
285.432	0.0	0.0	0.000308275
285.462	0.0	0.0	0.00031250250000000005
285.522	0.0	0.0	0.00032145625
285.622	0.0	0.0	0.00033672750000000005
285.762	0.0	0.0	0.00035689125
285.792	0.0	0.0	0.0003462275
285.852	0.0	0.0	0.00032352250000000003
285.962	0.0	0.0	0.00028504750000000003
286.102	0.0	0.0	0.00023471650000000003
286.132	0.0	0.0	0.00021264087500000002
286.202	0.0	0.0	0.000168123875
286.302	0.0	0.0	9.414500000000001e-05
286.442	0.0	0.0	-1.95358e-06
286.472	0.0	0.0	-2.20628e-05
286.532	0.0	0.0	-6.491825000000001e-05
286.632	0.0	0.0	-0.000138244
286.772	0.0	0.0	-0.00023504425000000004
286.802	0.0	0.0	-0.0002464775
286.862	0.0	0.0	-0.00027096375
286.972	0.0	0.0	-0.00031247874999999997
287.112	0.0	0.0	-0.00036689000000000003
287.142	0.0	0.0	-0.00036266250000000004
287.212	0.0	0.0	-0.00035413625000000004
287.312	0.0	0.0	-0.00033995750000000006
287.452	0.0	0.0	-0.00032150375
287.482	0.0	0.0	-0.00030421375
287.542	0.0	0.0	-0.00026683125
287.642	0.0	0.0	-0.00020258750000000004
287.782	0.0	0.0	-0.00011757675
287.812	0.0	0.0	-9.2104875e-05
287.872	0.0	0.0	-3.8372875000000005e-05
287.982	0.0	0.0	5.1981625000000006e-05
288.122	0.0	0.0	0.00016962725000000002
288.152	0.0	0.0	0.00018896450000000002
288.212	0.0	0.0	0.00023018025000000003
288.312	0.0	0.0	0.00030077
288.452	0.0	0.0	0.00039398875000000005
288.482	0.0	0.0	0.00039843
288.542	0.0	0.0	0.00040804875
288.652	0.0	0.0	0.0004244125
288.792	0.0	0.0	0.00044590625
288.822	0.0	0.0	0.00042970875000000004
288.882	0.0	0.0	0.00039662500000000006
288.992	0.0	0.0	0.000341335
289.132	0.0	0.0	0.00026934875
289.162	0.0	0.0	0.00024160875000000005
289.222	0.0	0.0	0.00018152125
289.322	0.0	0.0	7.813275e-05
289.462	0.0	0.0	-5.861025e-05
289.492	0.0	0.0	-8.7858375e-05
289.552	0.0	0.0	-0.00015145850000000002
289.662	0.0	0.0	-0.00025992000000000007
289.802	0.0	0.0	-0.0004022775
289.832	0.0	0.0	-0.00041769125
289.892	0.0	0.0	-0.00044937375
290.002	0.0	0.0	-0.0005024075
290.142	0.0	0.0	-0.0005714962500000001
290.172	0.0	0.0	-0.0005626375
290.232	0.0	0.0	-0.0005433525
290.332	0.0	0.0	-0.0005100787500000001
290.472	0.0	0.0	-0.00046602249999999997
290.502	0.0	0.0	-0.00043564625000000007
290.562	0.0	0.0	-0.00036917000000000004
290.672	0.0	0.0	-0.00025557375
290.812	0.0	0.0	-0.00010639287500000001
290.842	0.0	0.0	-6.586825e-05
290.902	0.0	0.0	1.787805e-05
291.012	0.0	0.0	0.00015838637500000002
291.152	0.0	0.0	0.00034150125
291.182	0.0	0.0	0.00036681875
291.242	0.0	0.0	0.00042225125000000004
291.342	0.0	0.0	0.000518035
291.482	0.0	0.0	0.00064493125
291.512	0.0	0.0	0.0006453587500000001
291.572	0.0	0.0	0.0006463325000000001
291.682	0.0	0.0	0.00064797125
291.822	0.0	0.0	0.00065015625
291.852	0.0	0.0	0.00062046875
291.912	0.0	0.0	0.00055879
292.022	0.0	0.0	0.00045507375000000005
292.162	0.0	0.0	0.00031984125000000005
292.192	0.0	0.0	0.0002783975
292.252	0.0	0.0	0.000187019375
292.352	0.0	0.0	2.8794500000000004e-05
292.492	0.0	0.0	-0.00018091325000000002
292.522	0.0	0.0	-0.00021851425
292.582	0.0	0.0	-0.00030172
292.692	0.0	0.0	-0.00044450500000000004
292.832	0.0	0.0	-0.0006322725
292.862	0.0	0.0	-0.00064578625
292.922	0.0	0.0	-0.00067400125
293.032	0.0	0.0	-0.000721525
293.172	0.0	0.0	-0.0007835600000000001
293.202	0.0	0.0	-0.00076477375
293.262	0.0	0.0	-0.0007231162500000001
293.362	0.0	0.0	-0.0006507975
293.502	0.0	0.0	-0.000554895
293.532	0.0	0.0	-0.0005117650000000001
293.592	0.0	0.0	-0.0004157437500000001
293.702	0.0	0.0	-0.0002506575
293.842	0.0	0.0	-3.3383e-05
293.872	0.0	0.0	1.59445625e-05
293.932	0.0	0.0	0.00011955987500000001
294.042	0.0	0.0	0.00029447625000000004
294.182	0.0	0.0	0.0005229275000000001
294.212	0.0	0.0	0.00054779375
294.272	0.0	0.0	0.0006032975000000001
294.372	0.0	0.0	0.0006998175000000001
294.512	0.0	0.0	0.0008279250000000001
294.542	0.0	0.0	0.0008204912500000001
294.602	0.0	0.0	0.00080381875
294.712	0.0	0.0	0.00077508125
294.852	0.0	0.0	0.0007372475000000001
294.882	0.0	0.0	0.0006964925000000001
294.942	0.0	0.0	0.00061039875
295.052	0.0	0.0	0.00046478750000000004
295.192	0.0	0.0	0.00027447875
295.222	0.0	0.0	0.00022676975000000002
295.282	0.0	0.0	0.000119616875
295.382	0.0	0.0	-6.71365e-05
295.522	0.0	0.0	-0.0003151625
295.552	0.0	0.0	-0.0003522125000000001
295.612	0.0	0.0	-0.00043569375000000006
295.722	0.0	0.0	-0.0005798325
295.862	0.0	0.0	-0.0007697612500000002
295.892	0.0	0.0	-0.0007761025
295.952	0.0	0.0	-0.0007895925
296.062	0.0	0.0	-0.0008124400000000001
296.202	0.0	0.0	-0.0008423412500000002
296.232	0.0	0.0	-0.0008157175000000002
296.292	0.0	0.0	-0.0007555587500000001
296.392	0.0	0.0	-0.0006504887500000001
296.532	0.0	0.0	-0.000510815
296.562	0.0	0.0	-0.00046329125000000004
296.622	0.0	0.0	-0.0003555375
296.732	0.0	0.0	-0.00016914750000000003
296.872	0.0	0.0	7.6676875e-05
296.902	0.0	0.0	0.00012391800000000002
296.962	0.0	0.0	0.00022482462500000004
297.072	0.0	0.0	0.0003961975000000001
297.212	0.0	0.0	0.0006205162500000001
297.242	0.0	0.0	0.0006387325
297.302	0.0	0.0	0.0006802
297.402	0.0	0.0	0.0007527562500000001
297.542	0.0	0.0	0.0008492525000000001
297.572	0.0	0.0	0.0008346462500000001
297.632	0.0	0.0	0.0008013725
297.742	0.0	0.0	0.0007436600000000002
297.882	0.0	0.0	0.0006675175
297.912	0.0	0.0	0.000623865
297.972	0.0	0.0	0.0005301
298.082	0.0	0.0	0.00037052375000000003
298.222	0.0	0.0	0.000161507125
298.252	0.0	0.0	0.00011750312499999999
298.312	0.0	0.0	1.67506375e-05
298.412	0.0	0.0	-0.00015997050000000004
298.552	0.0	0.0	-0.00039517625000000004
298.582	0.0	0.0	-0.0004240800000000001
298.642	0.0	0.0	-0.0004903899999999999
298.752	0.0	0.0	-0.0006056012500000001
298.892	0.0	0.0	-0.0007577437500000001
298.922	0.0	0.0	-0.0007559625000000001
298.982	0.0	0.0	-0.0007521387500000001
299.092	0.0	0.0	-0.0007456075000000001
299.232	0.0	0.0	-0.0007370337500000001
299.262	0.0	0.0	-0.0007084150000000001
299.322	0.0	0.0	-0.00064241375
299.422	0.0	0.0	-0.00052641875
299.562	0.0	0.0	-0.00037192500000000006
299.592	0.0	0.0	-0.00032953125
299.652	0.0	0.0	-0.00023161000000000004
299.762	0.0	0.0	-6.11705e-05
299.902	0.0	0.0	0.00016406737500000002
299.932	0.0	0.0	0.00020067087500000002
299.992	0.0	0.0	0.0002802025
300.102	0.0	0.0	0.00041612375000000005
300.242	0.0	0.0	0.0005943912500000001
300.272	0.0	0.0	0.0006037487500000001
300.332	0.0	0.0	0.0006254562500000001
300.432	0.0	0.0	0.0006636937500000001
300.572	0.0	0.0	0.0007146612500000001
300.602	0.0	0.0	0.0006970862500000001
300.662	0.0	0.0	0.0006562362500000001
300.772	0.0	0.0	0.0005849625
300.912	0.0	0.0	0.00049074625
300.942	0.0	0.0	0.0004530075
301.002	0.0	0.0	0.00037054750000000005
301.112	0.0	0.0	0.00022936087500000004
301.252	0.0	0.0	4.4039625000000006e-05
301.282	0.0	0.0	1.1169625e-05
301.332	0.0	0.0	-6.559275e-05
301.442	0.0	0.0	-0.00020110312500000002
301.582	0.0	0.0	-0.00038182875000000006
301.612	0.0	0.0	-0.00039919000000000006
301.672	0.0	0.0	-0.00043982625
301.782	0.0	0.0	-0.000510815
301.922	0.0	0.0	-0.0006047699999999999
301.952	0.0	0.0	-0.0005975975000000001
302.012	0.0	0.0	-0.00058180375
302.122	0.0	0.0	-0.0005547525000000001
302.262	0.0	0.0	-0.0005192225
302.292	0.0	0.0	-0.0004953537500000001
302.342	0.0	0.0	-0.000438805
302.452	0.0	0.0	-0.00033846125000000006
302.592	0.0	0.0	-0.000204342625
302.622	0.0	0.0	-0.00017348187500000002
302.682	0.0	0.0	-0.00010255012500000001
302.792	0.0	0.0	2.03601625e-05
302.932	0.0	0.0	0.00018204137500000002
302.962	0.0	0.0	0.00020154250000000004
303.012	0.0	0.0	0.000247095
303.122	0.0	0.0	0.00032758375
303.262	0.0	0.0	0.00043498125
303.292	0.0	0.0	0.00043702375000000007
303.352	0.0	0.0	0.00044186875000000003
303.462	0.0	0.0	0.00045037125
303.602	0.0	0.0	0.00046162875000000004
303.632	0.0	0.0	0.00044552625000000005
303.692	0.0	0.0	0.00040975875000000007
303.802	0.0	0.0	0.00034819875000000007
303.942	0.0	0.0	0.00026723500000000005
303.962	0.0	0.0	0.00024574125
304.022	0.0	0.0	0.00019462175
304.132	0.0	0.0	0.00010387775000000002
304.272	0.0	0.0	-1.7369325e-05
304.302	0.0	0.0	-3.5760375e-05
304.362	0.0	0.0	-7.9534e-05
304.472	0.0	0.0	-0.00015646500000000003
304.612	0.0	0.0	-0.00025844750000000004
304.642	0.0	0.0	-0.00026535875000000003
304.702	0.0	0.0	-0.00028082000000000004
304.812	0.0	0.0	-0.0003074675000000001
304.952	0.0	0.0	-0.00034254625000000003
304.972	0.0	0.0	-0.00033632375
305.032	0.0	0.0	-0.00032140875
305.142	0.0	0.0	-0.00029485625
305.282	0.0	0.0	-0.00025935000000000004
305.312	0.0	0.0	-0.00024502875
305.372	0.0	0.0	-0.00021072900000000002
305.482	0.0	0.0	-0.000150301875
305.622	0.0	0.0	-7.0140875e-05
305.652	0.0	0.0	-5.402650000000001e-05
305.712	0.0	0.0	-1.78239e-05
305.822	0.0	0.0	4.476875e-05
305.962	0.0	0.0	0.000127186
305.982	0.0	0.0	0.00013614450000000002
306.042	0.0	0.0	0.00015774275
306.152	0.0	0.0	0.00019625100000000004
306.292	0.0	0.0	0.00024778375000000005
306.322	0.0	0.0	0.00024840125
306.382	0.0	0.0	0.000249945
306.492	0.0	0.0	0.00025267625
306.632	0.0	0.0	0.00025628625
306.662	0.0	0.0	0.00024702375
306.722	0.0	0.0	0.00022612375000000002
306.832	0.0	0.0	0.00018990025
306.972	0.0	0.0	0.00014217225
306.992	0.0	0.0	0.000127832
307.052	0.0	0.0	9.301450000000002e-05
307.162	0.0	0.0	3.080375e-05
307.302	0.0	0.0	-5.24875e-05
307.332	0.0	0.0	-6.8096e-05
307.392	0.0	0.0	-0.000105993875
307.502	0.0	0.0	-0.000173014
307.642	0.0	0.0	-0.00026203375000000004
307.672	0.0	0.0	-0.00027101125
307.732	0.0	0.0	-0.0002914125
307.842	0.0	0.0	-0.0003268475
307.982	0.0	0.0	-0.00037354
308.002	0.0	0.0	-0.00036869500000000005
308.062	0.0	0.0	-0.00035684375000000006
308.172	0.0	0.0	-0.00033563500000000003
308.312	0.0	0.0	-0.00030722999999999997
308.342	0.0	0.0	-0.00028832500000000003
308.402	0.0	0.0	-0.00024213125000000003
308.512	0.0	0.0	-0.00016027925
308.652	0.0	0.0	-5.1468625000000006e-05
308.682	0.0	0.0	-2.418225e-05
308.742	0.0	0.0	3.8266e-05
308.852	0.0	0.0	0.00014690562500000001
308.992	0.0	0.0	0.00029024875000000004
309.012	0.0	0.0	0.00030815625
309.072	0.0	0.0	0.00035228375000000004
309.182	0.0	0.0	0.00043146625
309.322	0.0	0.0	0.000537605
309.342	0.0	0.0	0.0005381275000000001
309.412	0.0	0.0	0.0005393862500000001
309.522	0.0	0.0	0.00054161875
309.662	0.0	0.0	0.0005445875
309.692	0.0	0.0	0.0005214787500000001
309.752	0.0	0.0	0.00046825500000000005
309.862	0.0	0.0	0.00037548750000000004
310.002	0.0	0.0	0.00025298500000000006
310.022	0.0	0.0	0.00021977062500000001
310.082	0.0	0.0	0.000137386625
310.192	0.0	0.0	-1.07756125e-05
310.332	0.0	0.0	-0.00020954625000000005
310.352	0.0	0.0	-0.00024092000000000002
310.422	0.0	0.0	-0.00031870125000000004
310.522	0.0	0.0	-0.00045709250000000004
310.672	0.0	0.0	-0.0006413212500000001
310.702	0.0	0.0	-0.0006527450000000001
310.762	0.0	0.0	-0.0006792025
310.872	0.0	0.0	-0.00072544375
311.012	0.0	0.0	-0.0007865287500000001
311.032	0.0	0.0	-0.0007692625
311.092	0.0	0.0	-0.0007261325000000001
311.202	0.0	0.0	-0.00064839875
311.342	0.0	0.0	-0.000544065
311.362	0.0	0.0	-0.0005037137500000001
311.432	0.0	0.0	-0.00040299000000000004
311.532	0.0	0.0	-0.00022342337500000004
311.682	0.0	0.0	1.5753137500000003e-05
311.712	0.0	0.0	6.309662500000002e-05
311.772	0.0	0.0	0.00017351987500000002
311.882	0.0	0.0	0.00036679500000000006
312.022	0.0	0.0	0.00062236875
312.042	0.0	0.0	0.0006458100000000001
312.102	0.0	0.0	0.0007048525
312.212	0.0	0.0	0.0008115137500000001
312.352	0.0	0.0	0.0009547737500000002
312.372	0.0	0.0	0.0009460575
312.442	0.0	0.0	0.00092416
312.542	0.0	0.0	0.0008850437500000001
312.692	0.0	0.0	0.0008329125000000001
312.722	0.0	0.0	0.0007894500000000001
312.782	0.0	0.0	0.00068742
312.892	0.0	0.0	0.00050844
313.032	0.0	0.0	0.00027167625
313.052	0.0	0.0	0.00022160175000000002
313.112	0.0	0.0	9.464375000000002e-05
313.222	0.0	0.0	-0.00013516362500000002
313.362	0.0	0.0	-0.00044407750000000003
313.382	0.0	0.0	-0.00048302750000000003
313.452	0.0	0.0	-0.00058161375
313.552	0.0	0.0	-0.0007581237500000001
313.702	0.0	0.0	-0.00099351
313.732	0.0	0.0	-0.0009987825
313.792	0.0	0.0	-0.0010111800000000002
313.902	0.0	0.0	-0.00103300625
314.042	0.0	0.0	-0.0010619100000000001
314.062	0.0	0.0	-0.0010307975000000001
314.122	0.0	0.0	-0.00095133
314.232	0.0	0.0	-0.0008071437500000001
314.372	0.0	0.0	-0.0006132250000000001
314.392	0.0	0.0	-0.0005582437500000001
314.452	0.0	0.0	-0.00041807125000000003
314.562	0.0	0.0	-0.00016655875
314.712	0.0	0.0	0.00016909762500000002
314.742	0.0	0.0	0.00022398625000000002
314.802	0.0	0.0	0.00035451625
314.912	0.0	0.0	0.0005844400000000001
315.052	0.0	0.0	0.00088903375
315.072	0.0	0.0	0.00090893625
315.132	0.0	0.0	0.000960165
315.242	0.0	0.0	0.0010532887500000001
315.382	0.0	0.0	0.00117864125
315.402	0.0	0.0	0.001159095
315.462	0.0	0.0	0.0011088875000000002
315.572	0.0	0.0	0.00101861375
315.722	0.0	0.0	0.0008980825000000002
315.752	0.0	0.0	0.0008424837500000001
315.812	0.0	0.0	0.0007094125000000001
315.922	0.0	0.0	0.0004745725
316.062	0.0	0.0	0.00016322425
316.082	0.0	0.0	0.00010855175000000001
316.142	0.0	0.0	-3.3261875000000006e-05
316.252	0.0	0.0	-0.00029162625
316.392	0.0	0.0	-0.00063961125
316.412	0.0	0.0	-0.0006751412500000001
316.472	0.0	0.0	-0.0007670062500000001
316.582	0.0	0.0	-0.0009325675000000002
316.732	0.0	0.0	-0.00115379875
316.762	0.0	0.0	-0.0011493575
316.822	0.0	0.0	-0.0011387175000000002
316.932	0.0	0.0	-0.0011198837500000002
317.072	0.0	0.0	-0.00109489875
317.092	0.0	0.0	-0.0010562337500000002
317.152	0.0	0.0	-0.0009542037500000001
317.262	0.0	0.0	-0.0007673150000000002
317.402	0.0	0.0	-0.0005150900000000001
317.422	0.0	0.0	-0.0004551687500000001
317.492	0.0	0.0	-0.00030331125000000004
317.592	0.0	0.0	-3.2072e-05
317.742	0.0	0.0	0.0003282725
317.762	0.0	0.0	0.0003732075000000001
317.822	0.0	0.0	0.00048979625
317.932	0.0	0.0	0.00070243
318.072	0.0	0.0	0.0009889737500000002
318.092	0.0	0.0	0.0010018225
318.152	0.0	0.0	0.0010355237500000003
318.262	0.0	0.0	0.00109649
318.412	0.0	0.0	0.0011780712500000002
318.442	0.0	0.0	0.001148835
318.502	0.0	0.0	0.0010775375000000001
318.612	0.0	0.0	0.0009510212500000001
318.752	0.0	0.0	0.0007830137500000001
318.772	0.0	0.0	0.00073318625
318.832	0.0	0.0	0.00060123125
318.942	0.0	0.0	0.00035940875
319.082	0.0	0.0	3.3128875000000006e-05
319.102	0.0	0.0	-1.8816650000000002e-05
319.162	0.0	0.0	-0.000155911625
319.272	0.0	0.0	-0.0004042962500000001
319.422	0.0	0.0	-0.0007367962500000002
319.442	0.0	0.0	-0.0007654862500000001
319.512	0.0	0.0	-0.00083588125
319.622	0.0	0.0	-0.00096109125
319.762	0.0	0.0	-0.0011274837500000001
319.782	0.0	0.0	-0.0011169625000000002
319.842	0.0	0.0	-0.0010888187500000001
319.952	0.0	0.0	-0.0010371625
320.092	0.0	0.0	-0.00096740875
320.112	0.0	0.0	-0.0009255612500000001
320.172	0.0	0.0	-0.00081426875
320.282	0.0	0.0	-0.00061220375
320.432	0.0	0.0	-0.00034154875000000004
320.452	0.0	0.0	-0.00028521375
320.522	0.0	0.0	-0.00014597225000000005
320.622	0.0	0.0	0.000102141625
320.772	0.0	0.0	0.0004321075
320.792	0.0	0.0	0.00046640250000000005
320.852	0.0	0.0	0.0005587425000000002
320.962	0.0	0.0	0.0007286500000000001
321.102	0.0	0.0	0.0009582412500000002
321.122	0.0	0.0	0.0009621600000000002
321.182	0.0	0.0	0.0009727050000000001
321.292	0.0	0.0	0.000991895
321.442	0.0	0.0	0.0010176162500000001
321.462	0.0	0.0	0.00098591
321.532	0.0	0.0	0.0009070125000000002
321.632	0.0	0.0	0.0007661275000000001
321.782	0.0	0.0	0.000578645
321.802	0.0	0.0	0.00053468375
321.862	0.0	0.0	0.00041545875
321.972	0.0	0.0	0.00019557412500000005
322.112	0.0	0.0	-0.00010172125
322.132	0.0	0.0	-0.00014218887500000002
322.192	0.0	0.0	-0.00025148875
322.302	0.0	0.0	-0.00045075125
322.452	0.0	0.0	-0.00071801
322.472	0.0	0.0	-0.000735015
322.542	0.0	0.0	-0.00077759875
322.642	0.0	0.0	-0.0008538125
322.792	0.0	0.0	-0.0009552725
322.812	0.0	0.0	-0.0009408325000000001
322.872	0.0	0.0	-0.0009013362500000001
322.982	0.0	0.0	-0.0008283525
323.122	0.0	0.0	-0.0007295762500000001
323.142	0.0	0.0	-0.0006928112500000001
323.202	0.0	0.0	-0.00059268125
323.312	0.0	0.0	-0.0004097825
323.462	0.0	0.0	-0.00016428825000000004
323.482	0.0	0.0	-0.00012084475000000001
323.552	0.0	0.0	-1.1215700000000002e-05
323.652	0.0	0.0	0.000185371125
323.802	0.0	0.0	0.00044733125
323.822	0.0	0.0	0.00046968
323.882	0.0	0.0	0.00053131125
323.992	0.0	0.0	0.000645525
324.132	0.0	0.0	0.0008001137500000001
324.152	0.0	0.0	0.0007975487500000001
324.212	0.0	0.0	0.0007904712500000001
324.322	0.0	0.0	0.00077750375
324.472	0.0	0.0	0.0007601187500000001
324.492	0.0	0.0	0.00073171375
324.552	0.0	0.0	0.0006595375
324.662	0.0	0.0	0.0005298625
324.812	0.0	0.0	0.00035693875000000004
324.832	0.0	0.0	0.00032357
324.892	0.0	0.0	0.000230714625
325.002	0.0	0.0	5.834425000000001e-05
325.142	0.0	0.0	-0.00017515862500000002
325.162	0.0	0.0	-0.00020235
325.222	0.0	0.0	-0.00027756625
325.332	0.0	0.0	-0.00041553000000000006
325.482	0.0	0.0	-0.0006009462500000001
325.502	0.0	0.0	-0.00060849875
325.562	0.0	0.0	-0.0006278550000000001
325.672	0.0	0.0	-0.0006627200000000001
325.822	0.0	0.0	-0.0007092225000000001
325.842	0.0	0.0	-0.00069502
325.902	0.0	0.0	-0.00065514375
326.002	0.0	0.0	-0.0005809725000000001
326.152	0.0	0.0	-0.0004804387500000001
326.172	0.0	0.0	-0.0004522950000000001
326.232	0.0	0.0	-0.00037380125
326.342	0.0	0.0	-0.00022949625000000002
326.492	0.0	0.0	-3.5451625000000006e-05
326.512	0.0	0.0	-5.5097625e-06
326.572	0.0	0.0	7.1708375e-05
326.682	0.0	0.0	0.00021104487500000005
326.832	0.0	0.0	0.00039707625
326.852	0.0	0.0	0.00041009125000000005
326.912	0.0	0.0	0.00044695125000000004
327.012	0.0	0.0	0.00051566
327.162	0.0	0.0	0.000608855
327.182	0.0	0.0	0.0006036300000000001
327.242	0.0	0.0	0.0005889525000000001
327.352	0.0	0.0	0.00056190125
327.502	0.0	0.0	0.0005254925
327.522	0.0	0.0	0.0005027637500000001
327.582	0.0	0.0	0.0004437212500000001
327.692	0.0	0.0	0.00033696500000000005
327.842	0.0	0.0	0.00019435337500000005
327.862	0.0	0.0	0.00017023525
327.922	0.0	0.0	0.00010138875000000001
328.022	0.0	0.0	-2.7248375000000003e-05
328.172	0.0	0.0	-0.00020184887500000002
328.192	0.0	0.0	-0.00021996062500000002
328.252	0.0	0.0	-0.00027129625
328.362	0.0	0.0	-0.0003660825
328.512	0.0	0.0	-0.000493715
328.532	0.0	0.0	-0.000496565
328.592	0.0	0.0	-0.00050404625
328.702	0.0	0.0	-0.00051758375
328.852	0.0	0.0	-0.0005356812500000001
328.872	0.0	0.0	-0.00052304625
328.932	0.0	0.0	-0.00048663750000000006
329.032	0.0	0.0	-0.0004184750000000001
329.182	0.0	0.0	-0.00032587375
329.202	0.0	0.0	-0.00030331125000000004
329.262	0.0	0.0	-0.00023885375
329.372	0.0	0.0	-0.00011956700000000003
329.522	0.0	0.0	4.1139750000000005e-05
329.542	0.0	0.0	6.433875e-05
329.602	0.0	0.0	0.00012553062500000002
329.712	0.0	0.0	0.000236633125
329.862	0.0	0.0	0.00038527250000000004
329.882	0.0	0.0	0.00039453500000000006
329.942	0.0	0.0	0.0004214675000000001
330.042	0.0	0.0	0.00047203125000000007
330.192	0.0	0.0	0.0005407400000000001
330.212	0.0	0.0	0.00053458875
330.272	0.0	0.0	0.0005168
330.382	0.0	0.0	0.000483835
330.532	0.0	0.0	0.00043939875000000006
330.552	0.0	0.0	0.0004177625
330.612	0.0	0.0	0.00036026375000000003
330.722	0.0	0.0	0.00025562125
330.872	0.0	0.0	0.00011557225
330.892	0.0	0.0	9.2812625e-05
330.952	0.0	0.0	2.60775e-05
331.052	0.0	0.0	-9.943412500000001e-05
331.202	0.0	0.0	-0.00027010875
331.222	0.0	0.0	-0.00028716125
331.282	0.0	0.0	-0.00033670375000000003
331.392	0.0	0.0	-0.0004287587500000001
331.542	0.0	0.0	-0.0005529475
331.562	0.0	0.0	-0.00055425375
331.622	0.0	0.0	-0.00055776875
331.732	0.0	0.0	-0.0005641575000000001
331.882	0.0	0.0	-0.0005727075
331.902	0.0	0.0	-0.0005576975
331.962	0.0	0.0	-0.0005127625
332.062	0.0	0.0	-0.00042780875000000005
332.212	0.0	0.0	-0.00031205125
332.232	0.0	0.0	-0.00028421625
332.292	0.0	0.0	-0.00020524275
332.402	0.0	0.0	-5.983337500000001e-05
332.552	0.0	0.0	0.00013520875
332.572	0.0	0.0	0.00015914875
332.632	0.0	0.0	0.000229384625
332.732	0.0	0.0	0.00036159375000000004
332.882	0.0	0.0	0.0005415
332.902	0.0	0.0	0.00055187875
332.962	0.0	0.0	0.00058256375
333.072	0.0	0.0	0.0006398250000000001
333.222	0.0	0.0	0.0007171550000000001
333.242	0.0	0.0	0.0007053275000000001
333.302	0.0	0.0	0.0006732412500000001
333.412	0.0	0.0	0.000614555
333.562	0.0	0.0	0.0005358475
333.582	0.0	0.0	0.0005095562500000001
333.642	0.0	0.0	0.0004305400000000001
333.742	0.0	0.0	0.00028105750000000004
333.892	0.0	0.0	7.74345e-05
333.912	0.0	0.0	4.5288875000000004e-05
333.972	0.0	0.0	-5.0392750000000006e-05
334.082	0.0	0.0	-0.00022914712500000004
334.232	0.0	0.0	-0.00047070125
334.252	0.0	0.0	-0.0004931450000000001
334.312	0.0	0.0	-0.000554515
334.422	0.0	0.0	-0.0006670425
334.572	0.0	0.0	-0.0008180450000000001
334.592	0.0	0.0	-0.0008156937500000001
334.652	0.0	0.0	-0.00080856875
334.752	0.0	0.0	-0.000795055
334.902	0.0	0.0	-0.0007766250000000001
334.922	0.0	0.0	-0.0007510700000000001
334.982	0.0	0.0	-0.00067433375
335.092	0.0	0.0	-0.00053067
335.242	0.0	0.0	-0.000336395
335.262	0.0	0.0	-0.000295355
335.322	0.0	0.0	-0.000182240875
335.432	0.0	0.0	2.5581125000000007e-05
335.582	0.0	0.0	0.00030461750000000004
335.602	0.0	0.0	0.0003333075
335.662	0.0	0.0	0.00042120625000000006
335.762	0.0	0.0	0.0005881925
335.912	0.0	0.0	0.000815955
335.932	0.0	0.0	0.0008239825
335.992	0.0	0.0	0.0008483025000000001
336.102	0.0	0.0	0.0008939262500000002
336.252	0.0	0.0	0.0009556762500000002
336.272	0.0	0.0	0.00093404
336.332	0.0	0.0	0.00087392875
336.442	0.0	0.0	0.0007632775000000001
336.592	0.0	0.0	0.0006146025000000001
336.612	0.0	0.0	0.0005787875
336.662	0.0	0.0	0.00046808875000000006
336.772	0.0	0.0	0.00025728375
336.922	0.0	0.0	-3.042375e-05
336.942	0.0	0.0	-6.834775e-05
337.002	0.0	0.0	-0.000184326125
337.112	0.0	0.0	-0.0004023725
337.262	0.0	0.0	-0.000697585
337.282	0.0	0.0	-0.0007184612500000001
337.342	0.0	0.0	-0.00077691
337.452	0.0	0.0	-0.0008848062500000001
337.602	0.0	0.0	-0.00102982375
337.622	0.0	0.0	-0.0010206800000000002
337.672	0.0	0.0	-0.00099210875
337.782	0.0	0.0	-0.00093757875
337.932	0.0	0.0	-0.00086309875
337.952	0.0	0.0	-0.0008293975
338.012	0.0	0.0	-0.0007253487500000002
338.122	0.0	0.0	-0.00052934
338.272	0.0	0.0	-0.00026379125
338.292	0.0	0.0	-0.00021803450000000004
338.352	0.0	0.0	-8.878700000000002e-05
338.462	0.0	0.0	0.00015017837500000002
338.612	0.0	0.0	0.00047165125
338.632	0.0	0.0	0.00049837
338.682	0.0	0.0	0.0005826825000000001
338.792	0.0	0.0	0.0007439212500000001
338.942	0.0	0.0	0.0009642737500000001
338.962	0.0	0.0	0.0009660075000000001
339.022	0.0	0.0	0.000971375
339.132	0.0	0.0	0.0009815162500000003
339.282	0.0	0.0	0.0009952675
339.302	0.0	0.0	0.0009667912500000001
339.362	0.0	0.0	0.0008856375
339.472	0.0	0.0	0.00073527625
339.622	0.0	0.0	0.00053287875
339.642	0.0	0.0	0.00049552
339.692	0.0	0.0	0.00037646125000000006
339.802	0.0	0.0	0.00014827125000000003
339.952	0.0	0.0	-0.00016377287500000002
339.972	0.0	0.0	-0.00019785175
340.032	0.0	0.0	-0.00030504500000000004
340.142	0.0	0.0	-0.00050787
340.292	0.0	0.0	-0.00078296625
340.312	0.0	0.0	-0.0007962425000000001
340.372	0.0	0.0	-0.0008344087500000001
340.482	0.0	0.0	-0.0009052787500000002
340.632	0.0	0.0	-0.0010007300000000002
340.652	0.0	0.0	-0.0009866462500000002
340.702	0.0	0.0	-0.0009413075
340.812	0.0	0.0	-0.00085426375
340.962	0.0	0.0	-0.00073513375
340.982	0.0	0.0	-0.0007016225
341.042	0.0	0.0	-0.0005952225
341.152	0.0	0.0	-0.00039351375000000005
341.302	0.0	0.0	-0.000119730875
341.322	0.0	0.0	-8.0590875e-05
341.382	0.0	0.0	3.2817750000000006e-05
341.492	0.0	0.0	0.00024381750000000005
341.642	0.0	0.0	0.0005282237500000001
341.662	0.0	0.0	0.0005468675000000001
341.712	0.0	0.0	0.0006075012500000001
341.822	0.0	0.0	0.0007242087500000001
341.972	0.0	0.0	0.0008839987500000001
341.992	0.0	0.0	0.0008799375
342.052	0.0	0.0	0.0008668750000000001
342.162	0.0	0.0	0.0008420800000000002
342.312	0.0	0.0	0.0008084025000000001
342.332	0.0	0.0	0.00078071
342.392	0.0	0.0	0.00069979375
342.502	0.0	0.0	0.00054888625
342.652	0.0	0.0	0.00034539624999999996
342.672	0.0	0.0	0.00031506750000000005
342.722	0.0	0.0	0.00021539112500000001
342.832	0.0	0.0	2.3087375e-05
342.982	0.0	0.0	-0.00024037375
343.002	0.0	0.0	-0.00026429000000000003
343.062	0.0	0.0	-0.00034169125000000006
343.172	0.0	0.0	-0.00048908375
343.322	0.0	0.0	-0.00068939125
343.342	0.0	0.0	-0.00069456875
343.402	0.0	0.0	-0.00070981625
343.512	0.0	0.0	-0.0007383162500000001
343.662	0.0	0.0	-0.0007767912500000001
343.682	0.0	0.0	-0.0007624700000000001
343.732	0.0	0.0	-0.00071489875
343.842	0.0	0.0	-0.0006229387500000001
343.992	0.0	0.0	-0.0004968500000000001
344.012	0.0	0.0	-0.00047051125000000004
344.072	0.0	0.0	-0.00038432250000000005
344.182	0.0	0.0	-0.00021986325
344.332	0.0	0.0	3.758675e-06
344.352	0.0	0.0	3.0787125000000004e-05
344.412	0.0	0.0	0.00011118562500000001
344.522	0.0	0.0	0.00026172500000000003
344.672	0.0	0.0	0.00046500125000000013
344.692	0.0	0.0	0.0004751425
344.742	0.0	0.0	0.0005092
344.852	0.0	0.0	0.0005751775
345.002	0.0	0.0	0.0006657125
345.022	0.0	0.0	0.0006592762500000001
345.082	0.0	0.0	0.00063804375
345.192	0.0	0.0	0.000597455
345.342	0.0	0.0	0.0005422125
345.362	0.0	0.0	0.00052062375
345.422	0.0	0.0	0.00045583375000000004
345.532	0.0	0.0	0.00033428125
345.682	0.0	0.0	0.00017003812500000003
345.702	0.0	0.0	0.000149570375
345.752	0.0	0.0	8.011587500000001e-05
345.862	0.0	0.0	-5.4777e-05
346.012	0.0	0.0	-0.0002399225
346.032	0.0	0.0	-0.00025386375
346.092	0.0	0.0	-0.0003003662500000001
346.202	0.0	0.0	-0.00038947625000000007
346.352	0.0	0.0	-0.0005107912500000001
346.372	0.0	0.0	-0.0005109575
346.432	0.0	0.0	-0.0005115275000000001
346.542	0.0	0.0	-0.00051259625
346.692	0.0	0.0	-0.000514045
346.712	0.0	0.0	-0.0005027637500000001
346.762	0.0	0.0	-0.0004635525
346.872	0.0	0.0	-0.00038700625000000005
347.022	0.0	0.0	-0.00028174625
347.042	0.0	0.0	-0.0002631975
347.102	0.0	0.0	-0.00020314562500000003
347.212	0.0	0.0	-8.9112375e-05
347.362	0.0	0.0	6.527925000000001e-05
347.382	0.0	0.0	7.906137500000001e-05
347.432	0.0	0.0	0.000125877375
347.542	0.0	0.0	0.000216877875
347.692	0.0	0.0	0.0003418575
347.712	0.0	0.0	0.00034675000000000005
347.772	0.0	0.0	0.00036344625000000005
347.882	0.0	0.0	0.00039555625
348.032	0.0	0.0	0.0004393275
348.052	0.0	0.0	0.00043255875
348.112	0.0	0.0	0.0004117775
348.222	0.0	0.0	0.00037259
348.372	0.0	0.0	0.00031950875
348.392	0.0	0.0	0.00030737250000000005
348.442	0.0	0.0	0.00026488375000000003
348.552	0.0	0.0	0.000181879875
348.702	0.0	0.0	6.776825000000001e-05
348.722	0.0	0.0	5.4477750000000005e-05
348.782	0.0	0.0	8.856375000000002e-06
348.892	0.0	0.0	-7.9056625e-05
349.042	0.0	0.0	-0.00019894187500000003
349.062	0.0	0.0	-0.00020731612500000005
349.122	0.0	0.0	-0.000233312875
349.232	0.0	0.0	-0.00028245875
349.382	0.0	0.0	-0.00034903000000000007
349.402	0.0	0.0	-0.00034789000000000006
349.452	0.0	0.0	-0.00034378125
349.562	0.0	0.0	-0.00033575375000000003
349.712	0.0	0.0	-0.00032471
349.732	0.0	0.0	-0.00031608875000000005
349.782	0.0	0.0	-0.00028616375
349.902	0.0	0.0	-0.000228399
350.052	0.0	0.0	-0.00014957512499999998
350.072	0.0	0.0	-0.00013655062500000004
350.132	0.0	0.0	-9.5729125e-05
350.242	0.0	0.0	-1.83841625e-05
350.392	0.0	0.0	8.643574999999999e-05
350.412	0.0	0.0	9.4831375e-05
350.462	0.0	0.0	0.00012486325
350.572	0.0	0.0	0.00018379412500000002
350.722	0.0	0.0	0.00026490750000000005
350.742	0.0	0.0	0.00026733000000000003
350.792	0.0	0.0	0.00027576125
350.912	0.0	0.0	0.00029210125000000005
351.062	0.0	0.0	0.0003144025
351.082	0.0	0.0	0.0003087025
351.142	0.0	0.0	0.00029062875
351.252	0.0	0.0	0.00025633375
351.402	0.0	0.0	0.0002098075
351.422	0.0	0.0	0.00020065425
351.472	0.0	0.0	0.000167520625
351.582	0.0	0.0	0.00010235775000000002
351.732	0.0	0.0	1.26005625e-05
351.752	0.0	0.0	2.8331375e-06
351.802	0.0	0.0	-3.181075e-05
351.922	0.0	0.0	-9.899950000000001e-05
352.072	0.0	0.0	-0.00019078850000000004
352.092	0.0	0.0	-0.00019649800000000003
352.152	0.0	0.0	-0.00021474275
352.262	0.0	0.0	-0.00024944625000000004
352.412	0.0	0.0	-0.00029656625
352.432	0.0	0.0	-0.000294785
352.482	0.0	0.0	-0.00028832500000000003
352.592	0.0	0.0	-0.00027557125
352.742	0.0	0.0	-0.00025799625000000006
352.762	0.0	0.0	-0.00025025375
352.812	0.0	0.0	-0.00022243775
352.932	0.0	0.0	-0.00016838275
353.082	0.0	0.0	-9.449175e-05
353.102	0.0	0.0	-8.344325e-05
353.162	0.0	0.0	-4.780162500000001e-05
353.272	0.0	0.0	2.0159e-05
353.422	0.0	0.0	0.00011243487500000002
353.432	0.0	0.0	0.000118975625
353.492	0.0	0.0	0.00014323387500000002
353.602	0.0	0.0	0.00019114950000000003
353.752	0.0	0.0	0.00025723625
353.772	0.0	0.0	0.00025821
353.822	0.0	0.0	0.0002617725
353.942	0.0	0.0	0.00026870750000000004
354.092	0.0	0.0	0.0002782075
354.112	0.0	0.0	0.00027208
354.172	0.0	0.0	0.00025210625
354.282	0.0	0.0	0.000213956625
354.432	0.0	0.0	0.000162124625
354.442	0.0	0.0	0.00015380025
354.502	0.0	0.0	0.00012253575
354.612	0.0	0.0	6.0648e-05
354.762	0.0	0.0	-2.4759375000000004e-05
354.782	0.0	0.0	-3.2839125000000004e-05
354.832	0.0	0.0	-6.2493375e-05
354.952	0.0	0.0	-0.00012036975000000001
355.102	0.0	0.0	-0.00019958550000000002
355.122	0.0	0.0	-0.00020337362500000002
355.182	0.0	0.0	-0.000215847125
355.292	0.0	0.0	-0.00023973250000000005
355.442	0.0	0.0	-0.00027219875
355.452	0.0	0.0	-0.00026961000000000004
355.512	0.0	0.0	-0.00025975375000000003
355.622	0.0	0.0	-0.0002402075
355.772	0.0	0.0	-0.00021323225
355.792	0.0	0.0	-0.000205862625
355.842	0.0	0.0	-0.0001784955
355.962	0.0	0.0	-0.000124965375
356.112	0.0	0.0	-5.165862500000001e-05
356.132	0.0	0.0	-4.2218e-05
356.192	0.0	0.0	-1.0833325e-05
356.302	0.0	0.0	4.9397625000000005e-05
356.452	0.0	0.0	0.000131325625
356.462	0.0	0.0	0.00013620625000000002
356.522	0.0	0.0	0.00015499725
356.632	0.0	0.0	0.00019235837500000002
356.782	0.0	0.0	0.00024398375000000004
356.802	0.0	0.0	0.00024377
356.852	0.0	0.0	0.00024298625000000003
356.972	0.0	0.0	0.00024146625
357.122	0.0	0.0	0.00023937625
357.142	0.0	0.0	0.000233165625
357.202	0.0	0.0	0.00021228462500000003
357.312	0.0	0.0	0.00017213050000000003
357.462	0.0	0.0	0.000117474625
357.472	0.0	0.0	0.00011012875000000001
357.532	0.0	0.0	8.146962500000001e-05
357.642	0.0	0.0	2.4358000000000003e-05
357.792	0.0	0.0	-5.459887500000001e-05
357.812	0.0	0.0	-6.1125375e-05
357.862	0.0	0.0	-8.5939375e-05
357.982	0.0	0.0	-0.0001346815
358.132	0.0	0.0	-0.00020151637500000002
358.152	0.0	0.0	-0.000203810625
358.212	0.0	0.0	-0.00021159350000000003
358.322	0.0	0.0	-0.00022659400000000002
358.472	0.0	0.0	-0.00024702375
358.482	0.0	0.0	-0.00024396000000000002
358.542	0.0	0.0	-0.000231835625
358.652	0.0	0.0	-0.00020762487500000003
358.802	0.0	0.0	-0.00017413262500000002
358.812	0.0	0.0	-0.00016720950000000004
358.872	0.0	0.0	-0.00014056200000000003
358.992	0.0	0.0	-8.810775000000001e-05
359.142	0.0	0.0	-1.613955e-05
359.162	0.0	0.0	-7.969787500000002e-06
359.212	0.0	0.0	2.0061862500000003e-05
359.332	0.0	0.0	7.4197375e-05
359.482	0.0	0.0	0.000147974375
359.492	0.0	0.0	0.00015164850000000003
359.552	0.0	0.0	0.000166364
359.662	0.0	0.0	0.00019581875000000004
359.812	0.0	0.0	0.00023659274999999997
359.822	0.0	0.0	0.00023553112500000002
359.882	0.0	0.0	0.00023139625
359.992	0.0	0.0	0.00022323812500000002
360.152	0.0	0.0	0.000212037625
360.172	0.0	0.0	0.000205667875
360.222	0.0	0.0	0.00018363025
360.342	0.0	0.0	0.00014099900000000002
360.492	0.0	0.0	8.2878e-05
360.502	0.0	0.0	7.6258875e-05
360.562	0.0	0.0	4.8925e-05
360.672	0.0	0.0	-6.092587500000001e-06
360.822	0.0	0.0	-8.239350000000002e-05
360.842	0.0	0.0	-8.825262500000002e-05
360.892	0.0	0.0	-0.00011027600000000001
361.012	0.0	0.0	-0.00015331575000000002
361.162	0.0	0.0	-0.00021208275000000003
361.172	0.0	0.0	-0.00021316812500000003
361.232	0.0	0.0	-0.000217523875
361.342	0.0	0.0	-0.00022624725000000004
361.492	0.0	0.0	-0.00023833125000000002
361.502	0.0	0.0	-0.00023456687500000002
361.562	0.0	0.0	-0.00021954025000000003
361.672	0.0	0.0	-0.00018977437500000005
361.832	0.0	0.0	-0.000148865
361.852	0.0	0.0	-0.000140942
361.902	0.0	0.0	-0.00011295262500000001
362.022	0.0	0.0	-5.859125000000001e-05
362.172	0.0	0.0	1.56144375e-05
362.182	0.0	0.0	2.17751875e-05
362.242	0.0	0.0	4.737412500000001e-05
362.352	0.0	0.0	9.892350000000002e-05
362.502	0.0	0.0	0.00017039200000000003
362.512	0.0	0.0	0.000173584
362.572	0.0	0.0	0.00018645412500000003
362.682	0.0	0.0	0.00021199012500000002
362.842	0.0	0.0	0.000247095
362.862	0.0	0.0	0.00024491000000000004
362.912	0.0	0.0	0.00023712475000000003
363.032	0.0	0.0	0.00022196037500000002
363.182	0.0	0.0	0.000201245625
363.192	0.0	0.0	0.00019570475000000003
363.252	0.0	0.0	0.00017235375000000002
363.362	0.0	0.0	0.000125226625
363.512	0.0	0.0	5.9847625e-05
363.522	0.0	0.0	5.267987500000001e-05
363.582	0.0	0.0	2.3384250000000002e-05
363.692	0.0	0.0	-3.486025e-05
363.852	0.0	0.0	-0.00011499275000000001
363.872	0.0	0.0	-0.00012051700000000001
363.922	0.0	0.0	-0.000140464625
364.042	0.0	0.0	-0.00017937662500000002
364.192	0.0	0.0	-0.000232557625
364.202	0.0	0.0	-0.000232681125
364.262	0.0	0.0	-0.00023321075
364.372	0.0	0.0	-0.00023428662500000005
364.522	0.0	0.0	-0.00023577575
364.532	0.0	0.0	-0.00023126325000000003
364.592	0.0	0.0	-0.00021258387500000002
364.702	0.0	0.0	-0.000175362875
364.862	0.0	0.0	-0.00012412225
364.882	0.0	0.0	-0.000116185
364.932	0.0	0.0	-8.718387500000001e-05
365.052	0.0	0.0	-3.0492625000000005e-05
365.202	0.0	0.0	4.7034500000000005e-05
365.212	0.0	0.0	5.238775e-05
365.272	0.0	0.0	7.562712500000001e-05
365.382	0.0	0.0	0.00012273287500000002
365.532	0.0	0.0	0.00018816175000000001
365.542	0.0	0.0	0.00019014962500000002
365.602	0.0	0.0	0.000198485875
365.712	0.0	0.0	0.00021513462500000001
365.872	0.0	0.0	0.00023807000000000003
365.892	0.0	0.0	0.00023494450000000001
365.942	0.0	0.0	0.0002233925
366.062	0.0	0.0	0.00020076350000000002
366.212	0.0	0.0	0.00016979825
366.222	0.0	0.0	0.00016442125000000002
366.282	0.0	0.0	0.00014074012500000003
366.392	0.0	0.0	9.2625e-05
366.542	0.0	0.0	2.57545e-05
366.552	0.0	0.0	1.96942125e-05
366.612	0.0	0.0	-6.097575000000001e-06
366.722	0.0	0.0	-5.770775000000001e-05
366.882	0.0	0.0	-0.00012884375
366.902	0.0	0.0	-0.00013273400000000002
366.952	0.0	0.0	-0.00014729275
367.072	0.0	0.0	-0.000175871125
367.222	0.0	0.0	-0.00021499925
367.232	0.0	0.0	-0.00021428674999999999
367.292	0.0	0.0	-0.00021110187500000002
367.402	0.0	0.0	-0.00020461575000000004
367.552	0.0	0.0	-0.00019559550000000002
367.562	0.0	0.0	-0.000191242125
367.622	0.0	0.0	-0.00017245825
367.732	0.0	0.0	-0.00013478837500000002
367.892	0.0	0.0	-8.2837625e-05
367.912	0.0	0.0	-7.614487500000001e-05
367.962	0.0	0.0	-5.080837500000001e-05
368.082	0.0	0.0	-9.642025000000002e-07
368.232	0.0	0.0	6.732175e-05
368.242	0.0	0.0	7.137587500000001e-05
368.302	0.0	0.0	8.979637500000001e-05
368.412	0.0	0.0	0.000127387875
368.562	0.0	0.0	0.00017969250000000005
368.572	0.0	0.0	0.00018074700000000004
368.632	0.0	0.0	0.000185364
368.742	0.0	0.0	0.0001946455
368.902	0.0	0.0	0.0002074515
368.912	0.0	0.0	0.00020418825
368.972	0.0	0.0	0.00019167912500000003
369.092	0.0	0.0	0.000167017125
369.242	0.0	0.0	0.000133211375
369.252	0.0	0.0	0.0001283545
369.312	0.0	0.0	0.00010593687500000001
369.422	0.0	0.0	6.008750000000001e-05
369.572	0.0	0.0	-3.7472750000000005e-06
369.582	0.0	0.0	-9.083900000000001e-06
369.642	0.0	0.0	-3.2786875e-05
369.752	0.0	0.0	-8.052675e-05
369.912	0.0	0.0	-0.0001464425
369.922	0.0	0.0	-0.00014969625
369.982	0.0	0.0	-0.000162317
370.092	0.0	0.0	-0.00018725450000000001
370.252	0.0	0.0	-0.00022146162500000002
370.262	0.0	0.0	-0.00022040237500000001
370.322	0.0	0.0	-0.00021543387500000004
370.432	0.0	0.0	-0.00020525225
370.582	0.0	0.0	-0.00019106637500000004
370.592	0.0	0.0	-0.00018632825
370.652	0.0	0.0	-0.000164965125
370.762	0.0	0.0	-0.00012184462500000002
370.922	0.0	0.0	-6.227487500000001e-05
370.932	0.0	0.0	-5.5050125000000005e-05
370.992	0.0	0.0	-2.6657000000000002e-05
371.102	0.0	0.0	2.9556875000000003e-05
371.262	0.0	0.0	0.00010671112500000002
371.272	0.0	0.0	0.00011094337500000002
371.332	0.0	0.0	0.00013112137499999999
371.442	0.0	0.0	0.00017258175000000003
371.592	0.0	0.0	0.00023037500000000003
371.602	0.0	0.0	0.00023105662500000001
371.662	0.0	0.0	0.00023417500000000004
371.772	0.0	0.0	0.0002404925
371.932	0.0	0.0	0.00024920875
371.942	0.0	0.0	0.00024464875
372.002	0.0	0.0	0.00022651800000000002
372.112	0.0	0.0	0.000190548625
372.272	0.0	0.0	0.00014115100000000003
372.282	0.0	0.0	0.00013503775000000003
372.332	0.0	0.0	0.00010539537500000001
372.452	0.0	0.0	4.4357875e-05
372.602	0.0	0.0	-4.0774000000000006e-05
372.612	0.0	0.0	-4.708675000000001e-05
372.672	0.0	0.0	-7.642275e-05
372.782	0.0	0.0	-0.00013589037500000002
372.942	0.0	0.0	-0.00021814375000000003
372.952	0.0	0.0	-0.00022128825000000002
373.012	0.0	0.0	-0.000233963625
373.122	0.0	0.0	-0.00025916000000000003
373.282	0.0	0.0	-0.00029381125000000003
373.292	0.0	0.0	-0.0002916025
373.342	0.0	0.0	-0.00028079625
373.462	0.0	0.0	-0.000258495
373.612	0.0	0.0	-0.00022736587500000004
373.622	0.0	0.0	-0.00022087737499999999
373.682	0.0	0.0	-0.00019026125
373.792	0.0	0.0	-0.000128067125
373.952	0.0	0.0	-4.199000000000001e-05
373.962	0.0	0.0	-3.3233375e-05
374.022	0.0	0.0	2.5376875000000003e-06
374.132	0.0	0.0	7.3815e-05
374.292	0.0	0.0	0.00017181937500000002
374.302	0.0	0.0	0.00017608250000000002
374.352	0.0	0.0	0.00019747175000000002
374.472	0.0	0.0	0.00024172750000000005
374.622	0.0	0.0	0.00030350125
374.632	0.0	0.0	0.00030307375
374.692	0.0	0.0	0.00030100750000000006
374.802	0.0	0.0	0.00029680375000000004
374.962	0.0	0.0	0.00029096125000000004
374.972	0.0	0.0	0.00028452500000000004
375.032	0.0	0.0	0.00025794875
375.142	0.0	0.0	0.00020487937500000003
375.302	0.0	0.0	0.00013189325
375.312	0.0	0.0	0.00012506987500000003
375.362	0.0	0.0	8.942112500000003e-05
375.472	0.0	0.0	1.52762375e-05
375.632	0.0	0.0	-8.845212500000003e-05
375.642	0.0	0.0	-9.512112500000002e-05
375.702	0.0	0.0	-0.0001256185
375.812	0.0	0.0	-0.00018712625000000003
375.972	0.0	0.0	-0.0002718425
375.982	0.0	0.0	-0.00027341
376.032	0.0	0.0	-0.00028131875
376.152	0.0	0.0	-0.00029770625000000004
376.302	0.0	0.0	-0.0003205775
376.312	0.0	0.0	-0.0003170150000000001
376.372	0.0	0.0	-0.00029941625
376.482	0.0	0.0	-0.00026345875000000004
376.642	0.0	0.0	-0.00021362650000000003
376.652	0.0	0.0	-0.00020531400000000003
376.712	0.0	0.0	-0.00017010700000000002
376.822	0.0	0.0	-9.955287500000001e-05
376.982	0.0	0.0	-2.3902e-06
376.992	0.0	0.0	3.862225e-06
377.042	0.0	0.0	3.6793500000000006e-05
377.152	0.0	0.0	0.00010532175000000002
377.312	0.0	0.0	0.0002011625
377.322	0.0	0.0	0.000204660875
377.382	0.0	0.0	0.000222178875
377.492	0.0	0.0	0.00025804375000000005
377.652	0.0	0.0	0.0003078
377.662	0.0	0.0	0.00030597125
377.722	0.0	0.0	0.0002981100000000001
377.832	0.0	0.0	0.00028231625
377.992	0.0	0.0	0.00026056125
378.002	0.0	0.0	0.00025552625000000004
378.052	0.0	0.0	0.000228482125
378.162	0.0	0.0	0.00017209250000000003
378.322	0.0	0.0	9.317837500000001e-05
378.332	0.0	0.0	8.639300000000001e-05
378.392	0.0	0.0	5.181300000000001e-05
378.502	0.0	0.0	-1.9147487500000002e-05
378.662	0.0	0.0	-0.00011761712500000001
378.672	0.0	0.0	-0.00012319125
378.732	0.0	0.0	-0.000147461375
378.842	0.0	0.0	-0.00019631275
379.002	0.0	0.0	-0.0002636725
379.012	0.0	0.0	-0.00026407625
379.062	0.0	0.0	-0.00026628500000000006
379.172	0.0	0.0	-0.00027091625000000004
379.332	0.0	0.0	-0.00027742375000000004
379.342	0.0	0.0	-0.0002736475000000001
379.402	0.0	0.0	-0.00025410125
379.512	0.0	0.0	-0.00021392575000000002
379.672	0.0	0.0	-0.00015812987500000002
379.682	0.0	0.0	-0.00015092887500000002
379.742	0.0	0.0	-0.000119111
379.852	0.0	0.0	-5.4931375000000006e-05
380.012	0.0	0.0	3.3608625000000004e-05
380.022	0.0	0.0	3.835150000000001e-05
380.072	0.0	0.0	6.481375000000002e-05
380.182	0.0	0.0	0.00012025575
380.342	0.0	0.0	0.0001979325
380.352	0.0	0.0	0.00020002725
380.412	0.0	0.0	0.00021109
380.522	0.0	0.0	0.000233887625
380.682	0.0	0.0	0.0002655725
380.692	0.0	0.0	0.0002631975
380.752	0.0	0.0	0.00025260500000000004
380.862	0.0	0.0	0.00023118725
381.022	0.0	0.0	0.00020162325000000004
381.032	0.0	0.0	0.00019725325000000002
381.082	0.0	0.0	0.00017237512500000002
381.192	0.0	0.0	0.000120134625
381.352	0.0	0.0	4.690387500000001e-05
381.362	0.0	0.0	4.153875e-05
381.422	0.0	0.0	1.26903375e-05
381.532	0.0	0.0	-4.6892000000000004e-05
381.692	0.0	0.0	-0.00012971775000000002
381.702	0.0	0.0	-0.000133686375
381.762	0.0	0.0	-0.000151745875
381.872	0.0	0.0	-0.00018833275
382.032	0.0	0.0	-0.00023885375
382.042	0.0	0.0	-0.00023864000000000003
382.092	0.0	0.0	-0.00023741925000000003
382.202	0.0	0.0	-0.000234828125
382.362	0.0	0.0	-0.00023119437500000002
382.372	0.0	0.0	-0.00022764137500000002
382.432	0.0	0.0	-0.00020818300000000005
382.542	0.0	0.0	-0.000167905375
382.702	0.0	0.0	-0.0001118815
382.712	0.0	0.0	-0.000105675625
382.772	0.0	0.0	-7.6985625e-05
382.882	0.0	0.0	-1.8738037500000002e-05
383.042	0.0	0.0	6.1757125e-05
383.052	0.0	0.0	6.554050000000001e-05
383.102	0.0	0.0	8.801037500000001e-05
383.212	0.0	0.0	0.00013540587500000004
383.372	0.0	0.0	0.00020192250000000003
383.382	0.0	0.0	0.00020326912500000002
383.442	0.0	0.0	0.000210778875
383.552	0.0	0.0	0.000226354125
383.712	0.0	0.0	0.000248045
383.722	0.0	0.0	0.00024533750000000005
383.782	0.0	0.0	0.00023269537500000004
383.892	0.0	0.0	0.000206967
384.052	0.0	0.0	0.00017138950000000002
384.062	0.0	0.0	0.000167226125
384.112	0.0	0.0	0.00014196325000000003
384.222	0.0	0.0	8.855900000000002e-05
384.382	0.0	0.0	1.3566000000000002e-05
384.392	0.0	0.0	8.672075000000001e-06
384.452	0.0	0.0	-1.9173375e-05
384.562	0.0	0.0	-7.7064e-05
384.722	0.0	0.0	-0.00015767387500000002
384.732	0.0	0.0	-0.000160975125
384.792	0.0	0.0	-0.000176711875
384.902	0.0	0.0	-0.00020880050000000001
385.062	0.0	0.0	-0.00025319875
385.072	0.0	0.0	-0.00025251
385.122	0.0	0.0	-0.000248235
385.232	0.0	0.0	-0.00023916250000000002
385.392	0.0	0.0	-0.00022641825000000002
385.402	0.0	0.0	-0.00022251375000000001
385.452	0.0	0.0	-0.00019985387500000003
385.572	0.0	0.0	-0.00015264125000000002
385.732	0.0	0.0	-8.685850000000001e-05
385.742	0.0	0.0	-8.0581375e-05
385.802	0.0	0.0	-5.014812500000001e-05
385.912	0.0	0.0	1.2034600000000002e-05
386.072	0.0	0.0	9.812075000000001e-05
386.082	0.0	0.0	0.00010151937500000001
386.132	0.0	0.0	0.00012309624999999998
386.242	0.0	0.0	0.000168917125
386.402	0.0	0.0	0.00023333425000000006
386.412	0.0	0.0	0.00023401112500000002
386.462	0.0	0.0	0.0002380225
386.582	0.0	0.0	0.0002463825
386.742	0.0	0.0	0.00025804375000000005
386.752	0.0	0.0	0.0002546
386.812	0.0	0.0	0.00023754750000000004
386.922	0.0	0.0	0.000202635
387.082	0.0	0.0	0.00015428000000000005
387.092	0.0	0.0	0.000150007375
387.142	0.0	0.0	0.0001222365
387.252	0.0	0.0	6.31275e-05
387.412	0.0	0.0	-2.0018875000000004e-05
387.422	0.0	0.0	-2.4488625000000003e-05
387.472	0.0	0.0	-5.151612500000001e-05
387.592	0.0	0.0	-0.00010807675000000001
387.752	0.0	0.0	-0.00018696950000000003
387.762	0.0	0.0	-0.00018932075
387.822	0.0	0.0	-0.00020110787500000004
387.932	0.0	0.0	-0.00022529487500000004
388.092	0.0	0.0	-0.00025882750000000006
388.102	0.0	0.0	-0.00025752125000000006
388.152	0.0	0.0	-0.00024897125000000004
388.262	0.0	0.0	-0.00023067425000000003
388.422	0.0	0.0	-0.00020493875
388.432	0.0	0.0	-0.000200941625
388.482	0.0	0.0	-0.00017624875000000004
388.602	0.0	0.0	-0.00012446662500000002
388.762	0.0	0.0	-5.219537500000001e-05
388.772	0.0	0.0	-4.661412500000001e-05
388.832	0.0	0.0	-1.8175400000000002e-05
388.942	0.0	0.0	4.031325e-05
389.102	0.0	0.0	0.000121429
389.112	0.0	0.0	0.000123910875
389.162	0.0	0.0	0.00014084462500000002
389.272	0.0	0.0	0.00017705387500000001
389.432	0.0	0.0	0.0002280475
389.442	0.0	0.0	0.000227945375
389.492	0.0	0.0	0.00022729225000000004
389.612	0.0	0.0	0.00022592187500000002
389.772	0.0	0.0	0.000224007625
389.782	0.0	0.0	0.0002204285
389.842	0.0	0.0	0.00020193912500000003
389.952	0.0	0.0	0.00016385362500000001
390.112	0.0	0.0	0.00011101225000000002
390.122	0.0	0.0	0.00010755425000000001
390.172	0.0	0.0	8.255262500000001e-05
390.282	0.0	0.0	2.8794500000000004e-05
390.442	0.0	0.0	-4.7053500000000006e-05
390.452	0.0	0.0	-5.073712500000001e-05
390.502	0.0	0.0	-7.251350000000001e-05
390.622	0.0	0.0	-0.0001178475
390.782	0.0	0.0	-0.00018082062500000004
390.792	0.0	0.0	-0.00018178725000000004
390.842	0.0	0.0	-0.000188406375
390.952	0.0	0.0	-0.00020257325000000003
391.112	0.0	0.0	-0.00022253275000000002
391.122	0.0	0.0	-0.000220943875
391.172	0.0	0.0	-0.00021047250000000005
391.292	0.0	0.0	-0.00018836837500000003
391.452	0.0	0.0	-0.00015747200000000003
391.462	0.0	0.0	-0.00015318750000000003
391.522	0.0	0.0	-0.000130283
391.632	0.0	0.0	-8.2904125e-05
391.792	0.0	0.0	-1.709715e-05
391.802	0.0	0.0	-1.40141625e-05
391.852	0.0	0.0	8.531712500000001e-06
391.962	0.0	0.0	5.703325000000001e-05
392.122	0.0	0.0	0.000125440375
392.132	0.0	0.0	0.00012744962500000002
392.182	0.0	0.0	0.000140930125
392.302	0.0	0.0	0.00016942775
392.462	0.0	0.0	0.000209282625
392.472	0.0	0.0	0.000208693625
392.532	0.0	0.0	0.00020549450000000003
392.642	0.0	0.0	0.0001988635
392.802	0.0	0.0	0.000189646125
392.812	0.0	0.0	0.00018735425000000004
392.862	0.0	0.0	0.000170133125
392.972	0.0	0.0	0.000133
393.132	0.0	0.0	8.0598e-05
393.142	0.0	0.0	7.70545e-05
393.192	0.0	0.0	5.271075e-05
393.312	0.0	0.0	1.1358200000000001e-06
393.472	0.0	0.0	-7.103625e-05
393.482	0.0	0.0	-7.44895e-05
393.542	0.0	0.0	-9.3639125e-05
393.652	0.0	0.0	-0.0001334275
393.812	0.0	0.0	-0.00018875312500000002
393.822	0.0	0.0	-0.00018928512500000002
393.872	0.0	0.0	-0.00019338675000000002
393.982	0.0	0.0	-0.00020225262500000004
394.142	0.0	0.0	-0.00021477125000000003
394.152	0.0	0.0	-0.00021298525
394.202	0.0	0.0	-0.00020040962500000002
394.322	0.0	0.0	-0.00017371225
394.482	0.0	0.0	-0.00013632975000000001
394.492	0.0	0.0	-0.000132088
394.542	0.0	0.0	-0.00010810762500000001
394.662	0.0	0.0	-5.817800000000001e-05
394.822	0.0	0.0	1.1293837500000003e-05
394.832	0.0	0.0	1.4070925000000003e-05
394.882	0.0	0.0	3.6187875000000005e-05
394.992	0.0	0.0	8.409400000000001e-05
395.152	0.0	0.0	0.00015177437500000002
395.162	0.0	0.0	0.00015334662500000003
395.212	0.0	0.0	0.00016469912500000002
395.332	0.0	0.0	0.000188857625
395.492	0.0	0.0	0.000222701375
395.502	0.0	0.0	0.00022158512500000004
395.552	0.0	0.0	0.00021514887500000002
395.672	0.0	0.0	0.00020171350000000002
395.832	0.0	0.0	0.00018301275000000001
395.842	0.0	0.0	0.00018059262500000003
395.892	0.0	0.0	0.00016071625000000001
396.002	0.0	0.0	0.00011756725
396.162	0.0	0.0	5.657012500000001e-05
396.172	0.0	0.0	5.3181000000000005e-05
396.222	0.0	0.0	2.8065375000000002e-05
396.342	0.0	0.0	-2.5500375000000006e-05
396.502	0.0	0.0	-0.00010058125
396.512	0.0	0.0	-0.000103504875
396.562	0.0	0.0	-0.000120707
396.682	0.0	0.0	-0.00015667875
396.842	0.0	0.0	-0.00020678412500000002
396.852	0.0	0.0	-0.00020685775000000003
396.902	0.0	0.0	-0.00020748712500000003
397.012	0.0	0.0	-0.00020885512500000002
397.172	0.0	0.0	-0.00021079075000000002
397.182	0.0	0.0	-0.00020872925000000003
397.232	0.0	0.0	-0.00019303525000000001
397.352	0.0	0.0	-0.0001594955
397.512	0.0	0.0	-0.000112453875
397.522	0.0	0.0	-0.000108378375
397.572	0.0	0.0	-8.3911125e-05
397.692	0.0	0.0	-3.262775000000001e-05
397.852	0.0	0.0	3.88455e-05
397.862	0.0	0.0	4.108275000000001e-05
397.912	0.0	0.0	6.065275e-05
398.022	0.0	0.0	0.00010333150000000001
398.182	0.0	0.0	0.00016373487500000002
398.192	0.0	0.0	0.000164646875
398.242	0.0	0.0	0.00017178137500000002
398.362	0.0	0.0	0.00018706925000000003
398.522	0.0	0.0	0.00020852025
398.532	0.0	0.0	0.00020697412500000003
398.582	0.0	0.0	0.00019750025
398.702	0.0	0.0	0.00017760250000000002
398.862	0.0	0.0	0.00014985300000000003
398.872	0.0	0.0	0.00014769175000000002
398.922	0.0	0.0	0.000128143125
399.032	0.0	0.0	8.5412125e-05
399.192	0.0	0.0	2.4901875e-05
399.202	0.0	0.0	2.2241400000000007e-05
399.252	0.0	0.0	8.215125000000001e-07
399.372	0.0	0.0	-4.516300000000001e-05
399.532	0.0	0.0	-0.00010972500000000001
399.542	0.0	0.0	-0.000111682
399.592	0.0	0.0	-0.00012395125000000002
399.712	0.0	0.0	-0.000149777
399.872	0.0	0.0	-0.00018581050000000005
399.882	0.0	0.0	-0.000185561125
399.932	0.0	0.0	-0.00018323600000000003
400.042	0.0	0.0	-0.00017813687500000002
400.202	0.0	0.0	-0.00017091212500000005
400.212	0.0	0.0	-0.000169064375
400.262	0.0	0.0	-0.0001537385
400.382	0.0	0.0	-0.000120761625
400.542	0.0	0.0	-7.443725000000001e-05
400.552	0.0	0.0	-7.1138375e-05
400.602	0.0	0.0	-4.998662500000001e-05
400.722	0.0	0.0	-5.3696375e-06
400.882	0.0	0.0	5.692162500000001e-05
400.892	0.0	0.0	5.854850000000001e-05
400.942	0.0	0.0	7.436837500000001e-05
401.052	0.0	0.0	0.000109109875
401.212	0.0	0.0	0.000158357875
401.222	0.0	0.0	0.00015889225
401.272	0.0	0.0	0.00016346412500000003
401.392	0.0	0.0	0.000173318
401.552	0.0	0.0	0.00018717137500000002
401.562	0.0	0.0	0.000185618125
401.612	0.0	0.0	0.000175419875
401.732	0.0	0.0	0.00015386437500000002
401.892	0.0	0.0	0.000123749375
401.902	0.0	0.0	0.000121825625
401.952	0.0	0.0	0.00010240525000000001
402.062	0.0	0.0	5.966000000000001e-05
402.222	0.0	0.0	-9.682637500000001e-07
402.232	0.0	0.0	-3.4071750000000005e-06
402.282	0.0	0.0	-2.4923250000000002e-05
402.402	0.0	0.0	-7.142100000000002e-05
402.562	0.0	0.0	-0.00013681187500000003
402.572	0.0	0.0	-0.000138640625
402.622	0.0	0.0	-0.00015090987500000002
402.742	0.0	0.0	-0.00017690425000000006
402.902	0.0	0.0	-0.00021323700000000002
402.902	0.0	0.0	-0.00021287600000000003
402.962	0.0	0.0	-0.00020909500000000002
403.072	0.0	0.0	-0.00020075162500000004
403.232	0.0	0.0	-0.00018891225000000001
403.242	0.0	0.0	-0.00018676050000000002
403.292	0.0	0.0	-0.00016714775
403.412	0.0	0.0	-0.000124670875
403.572	0.0	0.0	-6.4901625e-05
403.582	0.0	0.0	-6.093775000000001e-05
403.632	0.0	0.0	-3.3694125e-05
403.752	0.0	0.0	2.4156125000000002e-05
403.912	0.0	0.0	0.000105058125
403.912	0.0	0.0	0.00010689875
403.972	0.0	0.0	0.00012703637500000001
404.082	0.0	0.0	0.00017156525000000002
404.242	0.0	0.0	0.000234794875
404.252	0.0	0.0	0.00023521525000000005
404.302	0.0	0.0	0.00023918625000000004
404.422	0.0	0.0	0.00024778375000000005
404.582	0.0	0.0	0.00025989625000000005
404.592	0.0	0.0	0.00025742625000000003
404.642	0.0	0.0	0.00024008875000000005
404.762	0.0	0.0	0.00020323825
404.922	0.0	0.0	0.000151677
404.922	0.0	0.0	0.00014922600000000002
404.982	0.0	0.0	0.00011962875000000001
405.092	0.0	0.0	5.3808000000000004e-05
405.252	0.0	0.0	-3.9821625e-05
405.262	0.0	0.0	-4.3455375e-05
405.312	0.0	0.0	-7.436362500000002e-05
405.432	0.0	0.0	-0.00014080425000000002
405.592	0.0	0.0	-0.000233868625
405.592	0.0	0.0	-0.0002351345
405.652	0.0	0.0	-0.00024906625
405.762	0.0	0.0	-0.00027987000000000004
405.922	0.0	0.0	-0.000323665
405.932	0.0	0.0	-0.00032264375000000005
405.982	0.0	0.0	-0.00031226500000000005
406.102	0.0	0.0	-0.000289655
406.262	0.0	0.0	-0.00025780625000000005
406.272	0.0	0.0	-0.000253365
406.322	0.0	0.0	-0.00022057100000000003
406.442	0.0	0.0	-0.000150539375
406.602	0.0	0.0	-5.245900000000001e-05
406.602	0.0	0.0	-4.940950000000001e-05
406.662	0.0	0.0	-1.1826550000000001e-05
406.772	0.0	0.0	7.1789125e-05
406.932	0.0	0.0	0.00019069825000000003
406.942	0.0	0.0	0.00019330600000000002
406.992	0.0	0.0	0.00022038575
407.112	0.0	0.0	0.00027951375
407.272	0.0	0.0	0.00036287625
407.282	0.0	0.0	0.00036282875000000003
407.332	0.0	0.0	0.00036254375000000004
407.452	0.0	0.0	0.00036190250000000005
407.612	0.0	0.0	0.00036102375000000007
407.612	0.0	0.0	0.00035886250000000006
407.662	0.0	0.0	0.00033098000000000003
407.782	0.0	0.0	0.000268755
407.942	0.0	0.0	0.000180245875
407.942	0.0	0.0	0.000176008875
408.002	0.0	0.0	0.000130271125
408.122	0.0	0.0	3.018625e-05
408.282	0.0	0.0	-0.00011100750000000001
408.292	0.0	0.0	-0.000116253875
408.342	0.0	0.0	-0.000156956625
408.462	0.0	0.0	-0.0002442925
408.622	0.0	0.0	-0.00036672375000000004
408.622	0.0	0.0	-0.0003676975
408.672	0.0	0.0	-0.0003810212500000001
408.792	0.0	0.0	-0.00041078
408.952	0.0	0.0	-0.00045315
408.952	0.0	0.0	-0.00045127375
409.012	0.0	0.0	-0.00043004125000000007
409.122	0.0	0.0	-0.00038353875000000004
409.292	0.0	0.0	-0.00031787
409.302	0.0	0.0	-0.0003117425
409.352	0.0	0.0	-0.00026277
409.472	0.0	0.0	-0.000157502875
409.632	0.0	0.0	-9.810175e-06
409.632	0.0	0.0	-6.337450000000001e-06
409.682	0.0	0.0	4.3671500000000004e-05
409.802	0.0	0.0	0.00015570500000000001
409.962	0.0	0.0	0.0003152812500000001
409.962	0.0	0.0	0.00031789375
410.022	0.0	0.0	0.00034834125000000004
410.132	0.0	0.0	0.00041529250000000006
410.302	0.0	0.0	0.0005098412500000001
410.312	0.0	0.0	0.0005087725
410.362	0.0	0.0	0.00050000875
410.482	0.0	0.0	0.00048110375
410.642	0.0	0.0	0.0004545987500000001
410.642	0.0	0.0	0.0004517725000000001
410.692	0.0	0.0	0.000408785
410.812	0.0	0.0	0.00031228875000000007
410.972	0.0	0.0	0.00017473825000000002
410.972	0.0	0.0	0.00016977687500000004
411.032	0.0	0.0	0.000108905625
411.142	0.0	0.0	-2.518925e-05
411.312	0.0	0.0	-0.00021466675000000003
411.322	0.0	0.0	-0.00022024325000000002
411.372	0.0	0.0	-0.0002674725
411.492	0.0	0.0	-0.0003695025
411.652	0.0	0.0	-0.0005127625
411.652	0.0	0.0	-0.0005132612500000001
411.702	0.0	0.0	-0.00052136
411.822	0.0	0.0	-0.0005396237500000001
411.982	0.0	0.0	-0.00056565375
411.982	0.0	0.0	-0.00056289875
412.042	0.0	0.0	-0.0005275587500000001
412.152	0.0	0.0	-0.00044954
412.322	0.0	0.0	-0.000339245
412.332	0.0	0.0	-0.0003319300000000001
412.382	0.0	0.0	-0.0002678525
412.502	0.0	0.0	-0.00012920712500000001
412.662	0.0	0.0	6.562837500000001e-05
412.662	0.0	0.0	6.891775e-05
412.712	0.0	0.0	0.00012602225
412.832	0.0	0.0	0.0002548375
412.992	0.0	0.0	0.0004386387500000001
412.992	0.0	0.0	0.00044061
413.052	0.0	0.0	0.00046747125000000004
413.162	0.0	0.0	0.0005268462500000001
413.332	0.0	0.0	0.00061087375
413.342	0.0	0.0	0.00060854625
413.392	0.0	0.0	0.0005877175
413.512	0.0	0.0	0.00054252125
413.672	0.0	0.0	0.0004789662500000001
413.672	0.0	0.0	0.00047602125000000006
413.722	0.0	0.0	0.00042111125000000003
413.842	0.0	0.0	0.00029697
414.002	0.0	0.0	0.0001197475
414.002	0.0	0.0	0.00011508062500000003
414.062	0.0	0.0	4.871362500000001e-05
414.172	0.0	0.0	-9.84675e-05
414.342	0.0	0.0	-0.00030677875000000005
414.352	0.0	0.0	-0.00031136250000000004
414.402	0.0	0.0	-0.00035408875000000005
414.522	0.0	0.0	-0.00044697500000000006
414.682	0.0	0.0	-0.00057762375
414.682	0.0	0.0	-0.00057752875
414.732	0.0	0.0	-0.0005753675
414.852	0.0	0.0	-0.0005704512500000001
415.012	0.0	0.0	-0.00056342125
415.012	0.0	0.0	-0.0005604525
415.072	0.0	0.0	-0.00051577875
415.182	0.0	0.0	-0.00041645625000000003
415.352	0.0	0.0	-0.00027580875000000004
415.362	0.0	0.0	-0.00026906375000000003
415.412	0.0	0.0	-0.00020369425
415.532	0.0	0.0	-6.1291625e-05
415.692	0.0	0.0	0.00013914412500000002
415.692	0.0	0.0	0.000141405125
415.742	0.0	0.0	0.00019091200000000003
415.862	0.0	0.0	0.00030338250000000005
416.022	0.0	0.0	0.00046409875000000007
416.022	0.0	0.0	0.00046502500000000004
416.082	0.0	0.0	0.00047994000000000004
416.192	0.0	0.0	0.0005131425
416.362	0.0	0.0	0.000560215
416.372	0.0	0.0	0.0005573650000000001
416.422	0.0	0.0	0.0005288650000000001
416.542	0.0	0.0	0.0004666162500000001
416.702	0.0	0.0	0.000378955
416.702	0.0	0.0	0.00037677
416.752	0.0	0.0	0.0003244725000000001
416.872	0.0	0.0	0.00020542087500000002
417.032	0.0	0.0	3.5180875000000006e-05
417.032	0.0	0.0	3.2007875e-05
417.092	0.0	0.0	-2.1763550000000003e-05
417.202	0.0	0.0	-0.000141813625
417.372	0.0	0.0	-0.00031200375
417.382	0.0	0.0	-0.00031461625
417.432	0.0	0.0	-0.00034178625
417.552	0.0	0.0	-0.00040125625000000004
417.712	0.0	0.0	-0.00048504625
417.712	0.0	0.0	-0.00048466625
417.762	0.0	0.0	-0.00047433500000000005
417.882	0.0	0.0	-0.0004507750000000001
418.042	0.0	0.0	-0.00041705
418.042	0.0	0.0	-0.0004148175
418.102	0.0	0.0	-0.00037453750000000004
418.212	0.0	0.0	-0.0002843825
418.382	0.0	0.0	-0.0001564935
418.382	0.0	0.0	-0.000151905
418.442	0.0	0.0	-0.00010272587500000002
418.562	0.0	0.0	5.0806e-06
418.722	0.0	0.0	0.00015704450000000002
418.722	0.0	0.0	0.000157939875
418.772	0.0	0.0	0.0001892305
418.892	0.0	0.0	0.00026106
419.052	0.0	0.0	0.0003639925
419.052	0.0	0.0	0.00036423
419.112	0.0	0.0	0.00036779250000000004
419.222	0.0	0.0	0.00037565375000000003
419.392	0.0	0.0	0.0003867450000000001
419.392	0.0	0.0	0.00038586625000000004
419.442	0.0	0.0	0.0003620925
419.562	0.0	0.0	0.00030775249999999996
419.722	0.0	0.0	0.00023001162500000001
419.722	0.0	0.0	0.00022814725
419.772	0.0	0.0	0.0001891735
419.892	0.0	0.0	0.00010160012500000002
420.062	0.0	0.0	-2.2732787500000003e-05
420.062	0.0	0.0	-2.5683250000000005e-05
420.122	0.0	0.0	-5.985475e-05
420.232	0.0	0.0	-0.0001350805
420.402	0.0	0.0	-0.00024122875
420.402	0.0	0.0	-0.00024158500000000003
420.452	0.0	0.0	-0.00025426750000000003
420.572	0.0	0.0	-0.00028340875
420.732	0.0	0.0	-0.0003251375
420.732	0.0	0.0	-0.00032463875000000007
420.782	0.0	0.0	-0.00031345250000000004
420.902	0.0	0.0	-0.00028823
421.072	0.0	0.0	-0.00025243875000000005
421.072	0.0	0.0	-0.00025004000000000004
421.132	0.0	0.0	-0.00022089400000000002
421.242	0.0	0.0	-0.00015659562500000004
421.412	0.0	0.0	-6.581125000000001e-05
421.412	0.0	0.0	-6.5124875e-05
421.462	0.0	0.0	-3.50835e-05
421.582	0.0	0.0	3.4071750000000005e-05
421.742	0.0	0.0	0.000133201875
421.742	0.0	0.0	0.0001340165
421.792	0.0	0.0	0.000153826375
421.912	0.0	0.0	0.00019851437500000002
422.082	0.0	0.0	0.00026203375000000004
422.082	0.0	0.0	0.00026198625000000005
422.142	0.0	0.0	0.00026146375000000007
422.252	0.0	0.0	0.00026032375
422.422	0.0	0.0	0.00025870875000000006
422.422	0.0	0.0	0.0002583525
422.472	0.0	0.0	0.00023985125000000002
422.592	0.0	0.0	0.000197155875
422.752	0.0	0.0	0.0001359165
422.752	0.0	0.0	0.00013484300000000002
422.802	0.0	0.0	0.00010608650000000002
422.922	0.0	0.0	4.1070875000000005e-05
423.092	0.0	0.0	-5.1378375e-05
423.092	0.0	0.0	-5.324512500000001e-05
423.152	0.0	0.0	-7.8106625e-05
423.262	0.0	0.0	-0.00013320900000000002
423.432	0.0	0.0	-0.000211087625
423.432	0.0	0.0	-0.000211211125
423.482	0.0	0.0	-0.000219659
423.602	0.0	0.0	-0.00023918625000000004
423.762	0.0	0.0	-0.00026723500000000005
423.762	0.0	0.0	-0.000266855
423.812	0.0	0.0	-0.000255835
423.932	0.0	0.0	-0.000230876125
424.102	0.0	0.0	-0.00019535800000000002
424.102	0.0	0.0	-0.00019346750000000002
424.162	0.0	0.0	-0.00016696725000000002
424.272	0.0	0.0	-0.00010811
424.442	0.0	0.0	-2.4873375000000003e-05
424.442	0.0	0.0	-2.4583625000000005e-05
424.492	0.0	0.0	2.9127e-06
424.612	0.0	0.0	6.665200000000001e-05
424.772	0.0	0.0	0.00015816312500000003
424.772	0.0	0.0	0.000158688
424.822	0.0	0.0	0.000176450625
424.942	0.0	0.0	0.000216797125
425.112	0.0	0.0	0.0002742175
425.112	0.0	0.0	0.00027405125
425.172	0.0	0.0	0.00027132
425.282	0.0	0.0	0.0002652875
425.452	0.0	0.0	0.00025673750000000005
425.452	0.0	0.0	0.000256595
425.502	0.0	0.0	0.00023524137500000004
425.612	0.0	0.0	0.00018559675000000001
425.782	0.0	0.0	0.00011428500000000002
425.782	0.0	0.0	0.00011346087500000002
425.832	0.0	0.0	8.1301e-05
425.952	0.0	0.0	8.094475000000002e-06
426.122	0.0	0.0	-9.616137500000001e-05
426.122	0.0	0.0	-9.786900000000001e-05
426.182	0.0	0.0	-0.000124613875
426.292	0.0	0.0	-0.00018428575
426.462	0.0	0.0	-0.000268755
426.462	0.0	0.0	-0.00026877875
426.512	0.0	0.0	-0.00027571375
426.622	0.0	0.0	-0.00029186375000000005
426.792	0.0	0.0	-0.00031509125
426.792	0.0	0.0	-0.000314735
426.842	0.0	0.0	-0.00029822875000000003
426.962	0.0	0.0	-0.00026056125
427.132	0.0	0.0	-0.00020691475000000003
427.132	0.0	0.0	-0.00020487462500000001
427.192	0.0	0.0	-0.00017085512500000002
427.302	0.0	0.0	-9.478625e-05
427.472	0.0	0.0	1.2960375e-05
427.472	0.0	0.0	1.2903850000000002e-05
427.522	0.0	0.0	4.5844625e-05
427.632	0.0	0.0	0.00012275425000000001
427.802	0.0	0.0	0.00023335325000000003
427.802	0.0	0.0	0.000233683375
427.852	0.0	0.0	0.00025217750000000003
427.972	0.0	0.0	0.0002944525
428.142	0.0	0.0	0.0003547062500000001
428.142	0.0	0.0	0.00035425500000000004
428.202	0.0	0.0	0.000346085
428.312	0.0	0.0	0.00032777375000000005
428.482	0.0	0.0	0.00030181500000000004
428.482	0.0	0.0	0.0003018625
428.532	0.0	0.0	0.000271795
428.642	0.0	0.0	0.00020117675000000003
428.812	0.0	0.0	9.955525000000001e-05
428.812	0.0	0.0	9.898525e-05
428.862	0.0	0.0	5.8090125e-05
428.982	0.0	0.0	-3.5639250000000006e-05
429.152	0.0	0.0	-0.00016933275000000002
429.152	0.0	0.0	-0.000170926375
429.212	0.0	0.0	-0.00020132875000000003
429.322	0.0	0.0	-0.00026961000000000004
429.492	0.0	0.0	-0.00036643875000000006
429.492	0.0	0.0	-0.00036615375000000007
429.542	0.0	0.0	-0.00036988250000000004
429.652	0.0	0.0	-0.0003780525
429.822	0.0	0.0	-0.000389785
429.822	0.0	0.0	-0.00038952375000000006
429.872	0.0	0.0	-0.00036361250000000004
429.992	0.0	0.0	-0.00030409500000000005
430.162	0.0	0.0	-0.00021915787500000002
430.162	0.0	0.0	-0.00021698237500000002
430.212	0.0	0.0	-0.00017219462500000002
430.332	0.0	0.0	-7.13735e-05
430.502	0.0	0.0	7.166562500000001e-05
430.502	0.0	0.0	7.1067125e-05
430.552	0.0	0.0	0.00011015012500000001
430.662	0.0	0.0	0.00020193912500000003
430.832	0.0	0.0	0.00033413875000000003
430.832	0.0	0.0	0.00033425750000000003
430.882	0.0	0.0	0.0003515475
431.002	0.0	0.0	0.00039137625000000006
431.172	0.0	0.0	0.00044823375000000007
431.172	0.0	0.0	0.00044747375000000003
431.222	0.0	0.0	0.0004307775
431.342	0.0	0.0	0.00039311000000000006
431.512	0.0	0.0	0.00033964875000000005
431.512	0.0	0.0	0.00033993375000000004
431.562	0.0	0.0	0.0002994875
431.672	0.0	0.0	0.00020301025000000003
431.842	0.0	0.0	6.3994375e-05
431.842	0.0	0.0	6.389225000000001e-05
431.892	0.0	0.0	1.46117125e-05
432.012	0.0	0.0	-9.910162500000001e-05
432.182	0.0	0.0	-0.00026155875
432.182	0.0	0.0	-0.00026284124999999996
432.232	0.0	0.0	-0.00029431
432.352	0.0	0.0	-0.00036546500000000004
432.522	0.0	0.0	-0.00046654500000000007
432.522	0.0	0.0	-0.00046588000000000006
432.572	0.0	0.0	-0.00046371875
432.682	0.0	0.0	-0.0004568550000000001
432.852	0.0	0.0	-0.00044699875000000003
432.852	0.0	0.0	-0.00044699875000000003
432.902	0.0	0.0	-0.0004103525
433.022	0.0	0.0	-0.00032547000000000007
433.192	0.0	0.0	-0.000204147875
433.192	0.0	0.0	-0.00020210062500000003
433.242	0.0	0.0	-0.000148083625
433.362	0.0	0.0	-2.5728375000000004e-05
433.532	0.0	0.0	0.00014810500000000002
433.532	0.0	0.0	0.00014647575
433.582	0.0	0.0	0.0001881285
433.692	0.0	0.0	0.00028640125
433.862	0.0	0.0	0.00042833125000000003
433.862	0.0	0.0	0.00042847375000000005
433.912	0.0	0.0	0.00044082375
434.032	0.0	0.0	0.0004691575
434.202	0.0	0.0	0.00050941375
434.202	0.0	0.0	0.0005091525000000001
434.252	0.0	0.0	0.0004855925000000001
434.362	0.0	0.0	0.00042790375
434.532	0.0	0.0	0.00034470750000000004
434.532	0.0	0.0	0.00034494500000000004
434.582	0.0	0.0	0.00029385875
434.702	0.0	0.0	0.00017463375000000003
434.872	0.0	0.0	4.0562625e-06
434.872	0.0	0.0	2.4407875000000004e-06
434.922	0.0	0.0	-5.035475000000001e-05
435.042	0.0	0.0	-0.00017045375000000003
435.212	0.0	0.0	-0.00034126375
435.212	0.0	0.0	-0.0003395775
435.262	0.0	0.0	-0.00036620125
435.372	0.0	0.0	-0.00042752375
435.542	0.0	0.0	-0.0005160875000000001
435.542	0.0	0.0	-0.000515755
435.592	0.0	0.0	-0.0005051625
435.712	0.0	0.0	-0.00047939375
435.882	0.0	0.0	-0.00044251
435.882	0.0	0.0	-0.0004413225000000001
435.932	0.0	0.0	-0.00039662500000000006
436.052	0.0	0.0	-0.0002947375
436.222	0.0	0.0	-0.000149755625
436.222	0.0	0.0	-0.000151356375
436.272	0.0	0.0	-9.959800000000002e-05
436.382	0.0	0.0	2.4676250000000003e-05
436.552	0.0	0.0	0.00020419775000000002
436.552	0.0	0.0	0.00020328812500000002
436.602	0.0	0.0	0.00024234500000000004
436.722	0.0	0.0	0.00033280875
436.892	0.0	0.0	0.00046234125
436.892	0.0	0.0	0.00046243625
436.942	0.0	0.0	0.0004662837500000001
437.062	0.0	0.0	0.00047502375
437.232	0.0	0.0	0.00048751625000000004
437.232	0.0	0.0	0.00048735
437.282	0.0	0.0	0.00045844625
437.392	0.0	0.0	0.00038593750000000005
437.562	0.0	0.0	0.00028112875
437.562	0.0	0.0	0.00028179375
437.612	0.0	0.0	0.00023104
437.732	0.0	0.0	0.00011151100000000001
437.902	0.0	0.0	-5.9757374999999996e-05
437.902	0.0	0.0	-6.0619500000000005e-05
437.952	0.0	0.0	-0.00010623137500000001
438.072	0.0	0.0	-0.000210698125
438.242	0.0	0.0	-0.00035950375000000004
438.242	0.0	0.0	-0.00035750875
438.292	0.0	0.0	-0.00037520250000000005
438.402	0.0	0.0	-0.0004145800000000001
438.572	0.0	0.0	-0.0004715325
438.572	0.0	0.0	-0.000471105
438.622	0.0	0.0	-0.00045457500000000003
438.742	0.0	0.0	-0.00041382
438.912	0.0	0.0	-0.0003553950000000001
438.912	0.0	0.0	-0.00035475375
438.962	0.0	0.0	-0.00031176625000000003
439.082	0.0	0.0	-0.00021308737500000003
439.252	0.0	0.0	-7.2447e-05
439.252	0.0	0.0	-7.450612500000001e-05
439.302	0.0	0.0	-3.1502e-05
439.412	0.0	0.0	7.20575e-05
439.582	0.0	0.0	0.0002218915
439.582	0.0	0.0	0.00022058762500000003
439.632	0.0	0.0	0.00024771250000000004
439.752	0.0	0.0	0.00031010375000000003
439.922	0.0	0.0	0.00039959375
439.922	0.0	0.0	0.00039954625
439.972	0.0	0.0	0.0003954612500000001
440.092	0.0	0.0	0.0003860325000000001
440.262	0.0	0.0	0.0003726137500000001
440.262	0.0	0.0	0.00037282750000000006
440.312	0.0	0.0	0.00034539624999999996
440.422	0.0	0.0	0.00027609375
440.592	0.0	0.0	0.000175757125
440.592	0.0	0.0	0.00017674987500000003
440.642	0.0	0.0	0.00013695675
440.762	0.0	0.0	4.254812500000001e-05
440.932	0.0	0.0	-9.292900000000002e-05
440.932	0.0	0.0	-9.3145125e-05
440.982	0.0	0.0	-0.00012364012500000002
441.102	0.0	0.0	-0.00019395437500000003
441.272	0.0	0.0	-0.0002942862500000001
441.272	0.0	0.0	-0.00029257625
441.322	0.0	0.0	-0.00030022375
441.432	0.0	0.0	-0.00031547125000000003
441.602	0.0	0.0	-0.000337535
441.602	0.0	0.0	-0.0003372975000000001
441.652	0.0	0.0	-0.000320625
441.772	0.0	0.0	-0.00027920500000000003
441.942	0.0	0.0	-0.00021974212500000003
441.942	0.0	0.0	-0.00021964475000000003
441.992	0.0	0.0	-0.00018792187500000002
442.112	0.0	0.0	-0.00011460800000000001
442.282	0.0	0.0	-9.954100000000002e-06
442.282	0.0	0.0	-1.1858375000000003e-05
442.332	0.0	0.0	1.5484050000000003e-05
442.442	0.0	0.0	8.1184625e-05
442.612	0.0	0.0	0.0001763865
442.612	0.0	0.0	0.00017521562500000002
442.662	0.0	0.0	0.000188738875
442.782	0.0	0.0	0.000219191125
442.952	0.0	0.0	0.00026293625
442.952	0.0	0.0	0.00026291250000000003
443.002	0.0	0.0	0.00025566875
443.122	0.0	0.0	0.00023883
443.292	0.0	0.0	0.00021477362500000005
443.292	0.0	0.0	0.00021523912500000003
443.332	0.0	0.0	0.00019607287500000004
443.452	0.0	0.0	0.00014743525000000002
443.622	0.0	0.0	7.691675e-05
443.622	0.0	0.0	7.786912500000001e-05
443.672	0.0	0.0	5.468675000000001e-05
443.792	0.0	0.0	-4.752375e-07
443.962	0.0	0.0	-7.975725e-05
443.962	0.0	0.0	-7.9640875e-05
444.012	0.0	0.0	-9.420912500000001e-05
444.132	0.0	0.0	-0.00012792462500000001
444.302	0.0	0.0	-0.00017610625000000004
444.302	0.0	0.0	-0.00017511587500000002
444.342	0.0	0.0	-0.0001761965
444.462	0.0	0.0	-0.000176434
444.632	0.0	0.0	-0.000176778375
444.632	0.0	0.0	-0.00017677362500000002
444.682	0.0	0.0	-0.00016554225
444.802	0.0	0.0	-0.00013747925
444.972	0.0	0.0	-9.7120875e-05
444.972	0.0	0.0	-9.722775000000002e-05
445.022	0.0	0.0	-8.0429375e-05
445.142	0.0	0.0	-4.1239500000000004e-05
445.312	0.0	0.0	1.47926875e-05
445.312	0.0	0.0	1.35747875e-05
445.352	0.0	0.0	2.629125e-05
445.472	0.0	0.0	5.6629500000000004e-05
445.642	0.0	0.0	0.00010065725
445.642	0.0	0.0	9.995662500000001e-05
445.692	0.0	0.0	0.00010488950000000001
445.812	0.0	0.0	0.0001155295
445.982	0.0	0.0	0.00013083875
445.982	0.0	0.0	0.00013078175000000002
446.032	0.0	0.0	0.00012586075
446.152	0.0	0.0	0.00011409737500000001
446.322	0.0	0.0	9.7268125e-05
446.322	0.0	0.0	9.765287500000002e-05
446.362	0.0	0.0	8.7592375e-05
446.482	0.0	0.0	6.188062500000001e-05
446.652	0.0	0.0	2.4548000000000003e-05
446.652	0.0	0.0	2.5184500000000006e-05
446.702	0.0	0.0	1.32069e-05
446.822	0.0	0.0	-1.5500675000000004e-05
446.992	0.0	0.0	-5.682425e-05
446.992	0.0	0.0	-5.6617625e-05
447.042	0.0	0.0	-6.46285e-05
447.162	0.0	0.0	-8.318675000000001e-05
447.332	0.0	0.0	-0.00010974875000000002
447.332	0.0	0.0	-0.0001091075
447.372	0.0	0.0	-0.000109955375
447.492	0.0	0.0	-0.00011051587500000001
447.662	0.0	0.0	-0.00011132575000000001
447.662	0.0	0.0	-0.00011131150000000001
447.712	0.0	0.0	-0.0001039775
447.832	0.0	0.0	-8.524825000000001e-05
448.002	0.0	0.0	-5.8275375000000006e-05
448.002	0.0	0.0	-5.84345e-05
448.052	0.0	0.0	-4.5471750000000004e-05
448.172	0.0	0.0	-1.4879137500000002e-05
448.342	0.0	0.0	2.8920375000000007e-05
448.342	0.0	0.0	2.77495e-05
448.382	0.0	0.0	3.921837500000001e-05
448.502	0.0	0.0	6.725287500000001e-05
448.672	0.0	0.0	0.00010804825000000002
448.672	0.0	0.0	0.000107466375
448.722	0.0	0.0	0.00011287187500000001
448.842	0.0	0.0	0.00012486562500000001
449.012	0.0	0.0	0.00014205112500000001
449.012	0.0	0.0	0.000141637875
449.052	0.0	0.0	0.00013747925
449.172	0.0	0.0	0.00012521475
449.342	0.0	0.0	0.00010738800000000001
449.342	0.0	0.0	0.00010775375000000002
449.392	0.0	0.0	9.438487500000001e-05
449.512	0.0	0.0	6.081425e-05
449.682	0.0	0.0	1.2423387500000003e-05
449.682	0.0	0.0	1.2816687500000001e-05
449.732	0.0	0.0	-3.7144999999999998e-06
449.852	0.0	0.0	-4.2747625000000006e-05
450.022	0.0	0.0	-9.868837500000001e-05
450.022	0.0	0.0	-9.716837500000001e-05
450.062	0.0	0.0	-0.000107689625
450.182	0.0	0.0	-0.000132256625
450.352	0.0	0.0	-0.00016799325000000002
450.352	0.0	0.0	-0.0001672285
450.402	0.0	0.0	-0.000166760625
450.522	0.0	0.0	-0.0001635615
450.692	0.0	0.0	-0.00015894925
450.692	0.0	0.0	-0.000158992
450.742	0.0	0.0	-0.00014559700000000002
450.862	0.0	0.0	-0.00011309512500000002
451.032	0.0	0.0	-6.6488125e-05
451.032	0.0	0.0	-6.780862500000001e-05
451.072	0.0	0.0	-4.9677875000000006e-05
451.192	0.0	0.0	-3.4594250000000003e-06
451.362	0.0	0.0	6.381150000000001e-05
451.362	0.0	0.0	6.2293875e-05
451.412	0.0	0.0	7.8819125e-05
451.532	0.0	0.0	0.00011802800000000002
451.702	0.0	0.0	0.00017460287500000002
451.702	0.0	0.0	0.00017400912500000002
451.752	0.0	0.0	0.00017867362500000004
451.872	0.0	0.0	0.00018865337500000002
452.042	0.0	0.0	0.000202969875
452.032	0.0	0.0	0.00020254712500000004
452.082	0.0	0.0	0.00019392825000000004
452.202	0.0	0.0	0.0001688815
452.372	0.0	0.0	0.000132408625
452.372	0.0	0.0	0.0001332755
452.422	0.0	0.0	0.00011308562500000002
452.542	0.0	0.0	6.225112500000001e-05
452.712	0.0	0.0	-1.1135662500000002e-05
452.712	0.0	0.0	-1.02820875e-05
452.762	0.0	0.0	-3.19485e-05
452.882	0.0	0.0	-8.328175000000002e-05
453.052	0.0	0.0	-0.0001569685
453.042	0.0	0.0	-0.00015470987500000003
453.092	0.0	0.0	-0.00016623812500000002
453.212	0.0	0.0	-0.000192109
453.382	0.0	0.0	-0.00022980262500000003
453.382	0.0	0.0	-0.00022886212500000002
453.432	0.0	0.0	-0.00022483650000000002
453.552	0.0	0.0	-0.00021168137500000001
453.722	0.0	0.0	-0.00019268375
453.722	0.0	0.0	-0.00019292600000000003
453.772	0.0	0.0	-0.00017327525000000003
453.892	0.0	0.0	-0.000125088875
454.062	0.0	0.0	-5.5886125e-05
454.052	0.0	0.0	-5.8087750000000006e-05
454.102	0.0	0.0	-3.48745e-05
454.222	0.0	0.0	2.4208375000000005e-05
454.392	0.0	0.0	0.000110333
454.392	0.0	0.0	0.00010808625000000001
454.442	0.0	0.0	0.00012651862500000002
454.562	0.0	0.0	0.00016970325000000003
454.732	0.0	0.0	0.00023210162500000004
454.732	0.0	0.0	0.00023123237500000004
454.782	0.0	0.0	0.00023330575
454.902	0.0	0.0	0.00023631012500000003
455.072	0.0	0.0	0.00024063500000000003
455.062	0.0	0.0	0.0002404925
455.112	0.0	0.0	0.00022706900000000002
455.232	0.0	0.0	0.00018864625000000003
455.402	0.0	0.0	0.0001326105
455.402	0.0	0.0	0.00013413762500000002
455.442	0.0	0.0	0.00010889612500000001
455.572	0.0	0.0	4.518675000000001e-05
455.742	0.0	0.0	-4.6922875e-05
455.742	0.0	0.0	-4.553112500000001e-05
455.792	0.0	0.0	-6.935475e-05
455.912	0.0	0.0	-0.00012579425
456.082	0.0	0.0	-0.00020693375
456.072	0.0	0.0	-0.000204166875
456.122	0.0	0.0	-0.00021432
456.242	0.0	0.0	-0.000235412375
456.412	0.0	0.0	-0.0002661900000000001
456.412	0.0	0.0	-0.00026531125
456.452	0.0	0.0	-0.0002570225
456.582	0.0	0.0	-0.00023226787500000003
456.752	0.0	0.0	-0.00019644812500000002
456.752	0.0	0.0	-0.00019703
456.802	0.0	0.0	-0.000172954625
456.922	0.0	0.0	-0.00011345375000000001
457.092	0.0	0.0	-2.7873000000000002e-05
457.082	0.0	0.0	-3.0889250000000006e-05
457.132	0.0	0.0	-5.7881125000000006e-06
457.252	0.0	0.0	5.7743375000000005e-05
457.422	0.0	0.0	0.000150491875
457.412	0.0	0.0	0.00014775112500000002
457.462	0.0	0.0	0.00016466825
457.592	0.0	0.0	0.000203297625
457.762	0.0	0.0	0.0002592075
457.762	0.0	0.0	0.00025823375
457.812	0.0	0.0	0.00025631000000000004
457.932	0.0	0.0	0.00024897125000000004
458.102	0.0	0.0	0.00023837875
458.092	0.0	0.0	0.00023875875
458.142	0.0	0.0	0.000221996
458.262	0.0	0.0	0.000174488875
458.432	0.0	0.0	0.00010509850000000001
458.422	0.0	0.0	0.00010723125000000002
458.472	0.0	0.0	8.11775e-05
458.592	0.0	0.0	1.55308375e-05
458.772	0.0	0.0	-7.951975000000001e-05
458.772	0.0	0.0	-7.7755125e-05
458.822	0.0	0.0	-9.88095e-05
458.942	0.0	0.0	-0.000148330625
459.112	0.0	0.0	-0.00021962812500000002
459.102	0.0	0.0	-0.0002169515
459.152	0.0	0.0	-0.0002230695
459.272	0.0	0.0	-0.00023312525000000005
459.442	0.0	0.0	-0.00024780750000000007
459.432	0.0	0.0	-0.00024735625000000004
459.482	0.0	0.0	-0.00023605600000000003
459.602	0.0	0.0	-0.00020354462500000005
459.782	0.0	0.0	-0.00015645075
459.782	0.0	0.0	-0.00015737937500000002
459.832	0.0	0.0	-0.00013420650000000003
459.952	0.0	0.0	-7.67125e-05
460.122	0.0	0.0	6.108975000000001e-06
460.112	0.0	0.0	2.9062875e-06
460.162	0.0	0.0	2.3783250000000003e-05
460.282	0.0	0.0	7.582425000000002e-05
460.452	0.0	0.0	0.00015190975000000002
460.442	0.0	0.0	0.000149397
460.492	0.0	0.0	0.00016043125
460.612	0.0	0.0	0.000184159875
460.792	0.0	0.0	0.00021854750000000001
460.792	0.0	0.0	0.00021783025000000005
460.842	0.0	0.0	0.00021258150000000002
460.962	0.0	0.0	0.000197056125
461.132	0.0	0.0	0.00017468125000000002
461.122	0.0	0.0	0.00017557187500000002
461.172	0.0	0.0	0.000160310125
461.292	0.0	0.0	0.000117667
461.462	0.0	0.0	5.528525000000001e-05
461.452	0.0	0.0	5.7415625000000015e-05
461.502	0.0	0.0	3.802612500000001e-05
461.622	0.0	0.0	-1.03756625e-05
461.802	0.0	0.0	-8.056e-05
461.802	0.0	0.0	-7.9018625e-05
461.852	0.0	0.0	-9.170350000000001e-05
461.972	0.0	0.0	-0.00012090412500000001
462.142	0.0	0.0	-0.000163008125
462.132	0.0	0.0	-0.00016128625000000002
462.182	0.0	0.0	-0.00016257825
462.302	0.0	0.0	-0.000161291
462.472	0.0	0.0	-0.00015940525
462.462	0.0	0.0	-0.00015947175000000002
462.512	0.0	0.0	-0.00014971050000000004
462.632	0.0	0.0	-0.000122324375
462.812	0.0	0.0	-8.259537500000001e-05
462.812	0.0	0.0	-8.350500000000001e-05
462.862	0.0	0.0	-6.8511625e-05
462.982	0.0	0.0	-3.140937500000001e-05
463.152	0.0	0.0	2.21067375e-05
463.142	0.0	0.0	1.9775437500000003e-05
463.192	0.0	0.0	3.114575e-05
463.312	0.0	0.0	5.869812500000001e-05
463.482	0.0	0.0	9.9085e-05
463.472	0.0	0.0	9.78215e-05
463.522	0.0	0.0	0.00010187087500000001
463.652	0.0	0.0	0.00010953025000000001
463.822	0.0	0.0	0.00012058825000000001
463.812	0.0	0.0	0.000120137
463.862	0.0	0.0	0.00011627525
463.982	0.0	0.0	0.00010334337500000001
464.152	0.0	0.0	8.44075e-05
464.142	0.0	0.0	8.5117625e-05
464.192	0.0	0.0	7.577675000000001e-05
464.312	0.0	0.0	5.105300000000001e-05
464.492	0.0	0.0	1.51517875e-05
464.492	0.0	0.0	1.6049300000000002e-05
464.542	0.0	0.0	6.44575e-06
464.662	0.0	0.0	-1.67933875e-05
464.832	0.0	0.0	-5.0347625e-05
464.822	0.0	0.0	-4.887512500000001e-05
464.872	0.0	0.0	-5.416425e-05
464.992	0.0	0.0	-6.582787500000002e-05
465.162	0.0	0.0	-8.292075000000001e-05
465.152	0.0	0.0	-8.226525e-05
465.202	0.0	0.0	-8.193275e-05
465.322	0.0	0.0	-7.908275000000001e-05
465.502	0.0	0.0	-7.49455e-05
465.502	0.0	0.0	-7.505475000000002e-05
465.542	0.0	0.0	-6.942125e-05
465.672	0.0	0.0	-5.4575125e-05
465.842	0.0	0.0	-3.312650000000001e-05
465.832	0.0	0.0	-3.4093125e-05
465.882	0.0	0.0	-2.6934875e-05
466.002	0.0	0.0	-7.8662375e-06
466.172	0.0	0.0	2.0093212500000004e-05
466.162	0.0	0.0	1.89893125e-05
466.212	0.0	0.0	2.5486125e-05
466.332	0.0	0.0	4.113737500000001e-05
466.512	0.0	0.0	6.3885125e-05
466.512	0.0	0.0	6.326525000000002e-05
466.552	0.0	0.0	6.559275e-05
466.682	0.0	0.0	7.021925e-05
466.852	0.0	0.0	7.690725e-05
466.842	0.0	0.0	7.659850000000001e-05
466.892	0.0	0.0	7.4197375e-05
467.012	0.0	0.0	6.5778e-05
467.182	0.0	0.0	5.3428000000000004e-05
467.172	0.0	0.0	5.3929125e-05
467.222	0.0	0.0	4.709862500000001e-05
467.342	0.0	0.0	2.8583125000000003e-05
467.522	0.0	0.0	1.6623812500000001e-06
467.512	0.0	0.0	2.426775e-06
467.562	0.0	0.0	-5.580300000000001e-06
467.692	0.0	0.0	-2.5327000000000003e-05
467.862	0.0	0.0	-5.3881625000000004e-05
467.852	0.0	0.0	-5.253262500000001e-05
467.902	0.0	0.0	-5.7422750000000005e-05
468.022	0.0	0.0	-6.850925000000001e-05
468.192	0.0	0.0	-8.478275e-05
468.182	0.0	0.0	-8.410350000000001e-05
468.232	0.0	0.0	-8.364037500000001e-05
468.352	0.0	0.0	-8.027737500000001e-05
468.532	0.0	0.0	-7.5384875e-05
468.522	0.0	0.0	-7.552975000000001e-05
468.572	0.0	0.0	-6.911962500000001e-05
468.702	0.0	0.0	-5.1919875e-05
468.872	0.0	0.0	-2.7032250000000002e-05
468.862	0.0	0.0	-2.8236375e-05
468.912	0.0	0.0	-1.9967100000000004e-05
469.032	0.0	0.0	2.3425337500000003e-06
469.202	0.0	0.0	3.5100125e-05
469.192	0.0	0.0	3.3696500000000005e-05
469.242	0.0	0.0	4.0873750000000005e-05
469.362	0.0	0.0	5.801887500000001e-05
469.542	0.0	0.0	8.297299999999999e-05
469.532	0.0	0.0	8.220825e-05
469.582	0.0	0.0	8.384937500000001e-05
469.702	0.0	0.0	8.6271875e-05
469.882	0.0	0.0	8.977975000000001e-05
469.872	0.0	0.0	8.960637500000002e-05
469.922	0.0	0.0	8.5659125e-05
470.042	0.0	0.0	7.253250000000001e-05
470.212	0.0	0.0	5.325225000000001e-05
470.202	0.0	0.0	5.410012500000001e-05
470.252	0.0	0.0	4.5668875000000004e-05
470.372	0.0	0.0	2.2974562500000003e-05
470.552	0.0	0.0	-1.0071662500000001e-05
470.542	0.0	0.0	-9.022387500000001e-06
470.592	0.0	0.0	-1.73966375e-05
470.712	0.0	0.0	-3.7802875e-05
470.892	0.0	0.0	-6.735500000000001e-05
470.882	0.0	0.0	-6.585875e-05
470.932	0.0	0.0	-6.987962500000001e-05
471.052	0.0	0.0	-7.79855e-05
471.222	0.0	0.0	-8.98985e-05
471.212	0.0	0.0	-8.935937500000002e-05
471.262	0.0	0.0	-8.739525e-05
471.382	0.0	0.0	-7.985225000000001e-05
471.562	0.0	0.0	-6.886312500000001e-05
471.552	0.0	0.0	-6.9224125e-05
471.602	0.0	0.0	-6.202550000000001e-05
471.722	0.0	0.0	-4.2845e-05
471.902	0.0	0.0	-1.5049662500000002e-05
471.892	0.0	0.0	-1.64874875e-05
471.942	0.0	0.0	-8.68965e-06
472.062	0.0	0.0	1.1903737500000002e-05
472.232	0.0	0.0	4.2187125e-05
472.222	0.0	0.0	4.078587500000001e-05
472.272	0.0	0.0	4.643125e-05
472.392	0.0	0.0	5.9329875e-05
472.572	0.0	0.0	7.813275e-05
472.562	0.0	0.0	7.749387500000001e-05
472.612	0.0	0.0	7.770525e-05
472.732	0.0	0.0	7.65035e-05
472.912	0.0	0.0	7.476025000000001e-05
472.902	0.0	0.0	7.48505e-05
472.952	0.0	0.0	7.057787500000001e-05
473.072	0.0	0.0	5.691925000000001e-05
473.242	0.0	0.0	3.682675e-05
473.232	0.0	0.0	3.777675000000001e-05
473.282	0.0	0.0	3.0316875000000006e-05
473.402	0.0	0.0	1.0383025e-05
473.582	0.0	0.0	-1.86881625e-05
473.572	0.0	0.0	-1.76678625e-05
473.622	0.0	0.0	-2.44435e-05
473.742	0.0	0.0	-4.0833375000000006e-05
473.922	0.0	0.0	-6.460475e-05
473.912	0.0	0.0	-6.332225e-05
473.962	0.0	0.0	-6.6222125e-05
474.072	0.0	0.0	-7.154450000000001e-05
474.252	0.0	0.0	-7.937962500000001e-05
474.242	0.0	0.0	-7.8999625e-05
474.292	0.0	0.0	-7.6684e-05
474.412	0.0	0.0	-6.8359625e-05
474.592	0.0	0.0	-5.6213875000000006e-05
474.582	0.0	0.0	-5.6653250000000005e-05
474.632	0.0	0.0	-4.9687375000000006e-05
474.752	0.0	0.0	-3.09605e-05
474.932	0.0	0.0	-3.7878874999999997e-06
474.922	0.0	0.0	-5.2831875000000005e-06
474.972	0.0	0.0	2.3139624999999997e-06
475.082	0.0	0.0	2.2586250000000004e-05
475.262	0.0	0.0	5.2440000000000006e-05
475.252	0.0	0.0	5.0960375000000006e-05
475.302	0.0	0.0	5.655350000000001e-05
475.422	0.0	0.0	6.9352375e-05
475.602	0.0	0.0	8.803650000000002e-05
475.592	0.0	0.0	8.733825000000001e-05
475.642	0.0	0.0	8.7202875e-05
475.762	0.0	0.0	8.479225e-05
475.942	0.0	0.0	8.129625e-05
475.932	0.0	0.0	8.149100000000001e-05
475.982	0.0	0.0	7.617337500000001e-05
476.092	0.0	0.0	5.9011625000000004e-05
476.272	0.0	0.0	3.3725e-05
476.262	0.0	0.0	3.5005125e-05
476.312	0.0	0.0	2.5609625000000005e-05
476.432	0.0	0.0	1.57987375e-07
476.612	0.0	0.0	-3.7012000000000004e-05
476.602	0.0	0.0	-3.5584625e-05
476.652	0.0	0.0	-4.4167875000000006e-05
476.772	0.0	0.0	-6.50085e-05
476.952	0.0	0.0	-9.5277875e-05
476.942	0.0	0.0	-9.3544125e-05
476.992	0.0	0.0	-9.684537500000002e-05
477.102	0.0	0.0	-0.00010214400000000002
477.282	0.0	0.0	-0.00010995775000000003
477.272	0.0	0.0	-0.000109554
477.322	0.0	0.0	-0.00010539062500000002
477.442	0.0	0.0	-9.095300000000001e-05
477.622	0.0	0.0	-6.985825000000001e-05
477.612	0.0	0.0	-7.068712500000001e-05
477.662	0.0	0.0	-6.0059000000000016e-05
477.782	0.0	0.0	-3.1357125e-05
477.962	0.0	0.0	1.0347875000000001e-05
477.952	0.0	0.0	7.854600000000001e-06
477.992	0.0	0.0	1.873875e-05
478.112	0.0	0.0	4.770425e-05
478.292	0.0	0.0	9.046850000000002e-05
478.282	0.0	0.0	8.842362500000001e-05
478.332	0.0	0.0	9.549875000000001e-05
478.452	0.0	0.0	0.00011093150000000002
478.632	0.0	0.0	0.00013337525
478.622	0.0	0.0	0.000132095125
478.672	0.0	0.0	0.00013114274999999998
478.782	0.0	0.0	0.00012358312500000001
478.962	0.0	0.0	0.00011243012500000001
478.952	0.0	0.0	0.000113033375
479.002	0.0	0.0	0.00010337187500000002
479.122	0.0	0.0	7.428050000000001e-05
479.302	0.0	0.0	3.1737125e-05
479.292	0.0	0.0	3.3494625e-05
479.342	0.0	0.0	1.92610125e-05
479.462	0.0	0.0	-1.7810125000000003e-05
479.642	0.0	0.0	-7.172500000000001e-05
479.632	0.0	0.0	-6.84855e-05
479.672	0.0	0.0	-7.935587500000002e-05
479.792	0.0	0.0	-0.00010577062500000001
479.972	0.0	0.0	-0.00014475625
479.962	0.0	0.0	-0.00014262112500000002
480.012	0.0	0.0	-0.000145490125
480.132	0.0	0.0	-0.00014786750000000002
480.312	0.0	0.0	-0.000151346875
480.302	0.0	0.0	-0.00015119725000000003
480.352	0.0	0.0	-0.00014285625000000002
480.472	0.0	0.0	-0.000117436625
480.652	0.0	0.0	-8.044600000000001e-05
480.642	0.0	0.0	-8.270937500000002e-05
480.682	0.0	0.0	-6.871350000000001e-05
480.802	0.0	0.0	-2.7732875000000005e-05
480.982	0.0	0.0	3.27845e-05
480.972	0.0	0.0	2.9407250000000005e-05
481.022	0.0	0.0	4.457162500000001e-05
481.142	0.0	0.0	8.29635e-05
481.322	0.0	0.0	0.000139158375
481.312	0.0	0.0	0.0001367145
481.362	0.0	0.0	0.000144031875
481.482	0.0	0.0	0.00015873787500000002
481.662	0.0	0.0	0.00018014850000000002
481.652	0.0	0.0	0.00017881375
481.692	0.0	0.0	0.00017540087500000004
481.812	0.0	0.0	0.000158669
481.992	0.0	0.0	0.000133947625
481.982	0.0	0.0	0.000135353625
482.032	0.0	0.0	0.00012111550000000003
482.152	0.0	0.0	7.897112500000002e-05
482.332	0.0	0.0	1.7253425000000005e-05
482.322	0.0	0.0	2.000605e-05
482.372	0.0	0.0	1.8850850000000004e-06
482.492	0.0	0.0	-4.4847125e-05
482.672	0.0	0.0	-0.00011291225
482.662	0.0	0.0	-0.00010859925
482.702	0.0	0.0	-0.000120723625
482.822	0.0	0.0	-0.0001485135
483.002	0.0	0.0	-0.00018958675000000004
482.992	0.0	0.0	-0.000187204625
483.042	0.0	0.0	-0.00018813800000000002
483.162	0.0	0.0	-0.00018333812500000003
483.342	0.0	0.0	-0.00017630337500000002
483.332	0.0	0.0	-0.000176624
483.382	0.0	0.0	-0.00016428112500000002
483.502	0.0	0.0	-0.000127440125
483.682	0.0	0.0	-7.375325e-05
483.672	0.0	0.0	-7.721362500000002e-05
483.712	0.0	0.0	-5.979775e-05
483.832	0.0	0.0	-9.693562500000002e-06
484.012	0.0	0.0	6.44005e-05
484.002	0.0	0.0	6.0023375e-05
484.052	0.0	0.0	7.662937500000001e-05
484.172	0.0	0.0	0.000117474625
484.352	0.0	0.0	0.00017734125
484.342	0.0	0.0	0.00017454112500000005
484.392	0.0	0.0	0.00018040975
484.512	0.0	0.0	0.00018988125000000004
484.692	0.0	0.0	0.00020369187500000004
484.682	0.0	0.0	0.000202787
484.722	0.0	0.0	0.00019651225000000004
484.842	0.0	0.0	0.00017049650000000002
485.022	0.0	0.0	0.00013200250000000002
485.012	0.0	0.0	0.000134318125
485.062	0.0	0.0	0.00011695450000000001
485.182	0.0	0.0	6.6269625e-05
485.362	0.0	0.0	-8.061462500000001e-06
485.352	0.0	0.0	-4.504900000000001e-06
485.402	0.0	0.0	-2.4127625000000004e-05
485.522	0.0	0.0	-7.41475e-05
485.702	0.0	0.0	-0.000147105125
485.692	0.0	0.0	-0.00014224825000000001
485.732	0.0	0.0	-0.00015387624999999998
485.852	0.0	0.0	-0.00017864275000000003
486.032	0.0	0.0	-0.000215300875
486.022	0.0	0.0	-0.00021305412500000003
486.072	0.0	0.0	-0.00021162200000000001
486.192	0.0	0.0	-0.00019912237500000003
486.372	0.0	0.0	-0.00018078737500000004
486.362	0.0	0.0	-0.000181685125
486.412	0.0	0.0	-0.00016629512500000002
486.532	0.0	0.0	-0.000120818625
486.712	0.0	0.0	-5.445162500000001e-05
486.702	0.0	0.0	-5.894275000000001e-05
486.742	0.0	0.0	-3.9311000000000004e-05
486.862	0.0	0.0	1.6601487500000003e-05
487.042	0.0	0.0	9.940087500000002e-05
487.032	0.0	0.0	9.423999999999999e-05
487.082	0.0	0.0	0.00011153000000000001
487.202	0.0	0.0	0.00015308537500000004
487.382	0.0	0.0	0.0002140825
487.372	0.0	0.0	0.000211033
487.422	0.0	0.0	0.0002154125
487.542	0.0	0.0	0.00021962575000000002
487.722	0.0	0.0	0.00022577225
487.712	0.0	0.0	0.00022534950000000002
487.752	0.0	0.0	0.00021623662500000002
487.872	0.0	0.0	0.000180692375
488.052	0.0	0.0	0.000128029125
488.042	0.0	0.0	0.000131368375
488.092	0.0	0.0	0.000110192875
488.212	0.0	0.0	4.855212500000001e-05
488.392	0.0	0.0	-4.1968625e-05
488.382	0.0	0.0	-3.7346875e-05
488.432	0.0	0.0	-5.9945e-05
488.552	0.0	0.0	-0.000117275125
488.732	0.0	0.0	-0.00020101762500000003
488.722	0.0	0.0	-0.00019517275000000003
488.762	0.0	0.0	-0.000207482375
488.882	0.0	0.0	-0.00023181425000000003
489.062	0.0	0.0	-0.00026787625000000004
489.052	0.0	0.0	-0.00026554875000000004
489.102	0.0	0.0	-0.00026141625
489.222	0.0	0.0	-0.00023887750000000003
489.402	0.0	0.0	-0.000205789
489.392	0.0	0.0	-0.00020751325000000002
489.442	0.0	0.0	-0.00018645175000000003
489.562	0.0	0.0	-0.00012428375
489.742	0.0	0.0	-3.3428125e-05
489.732	0.0	0.0	-3.986437500000001e-05
489.772	0.0	0.0	-1.4534050000000002e-05
489.892	0.0	0.0	5.727075000000001e-05
490.072	0.0	0.0	0.00016375387500000002
490.062	0.0	0.0	0.00015677375000000004
490.112	0.0	0.0	0.00017760487500000002
490.232	0.0	0.0	0.00022631850000000002
490.412	0.0	0.0	0.00029792
490.402	0.0	0.0	0.00029412000000000004
490.452	0.0	0.0	0.000296875
490.572	0.0	0.0	0.0002935025
490.752	0.0	0.0	0.00028858625
490.742	0.0	0.0	0.0002889425
490.782	0.0	0.0	0.00027409875000000006
490.902	0.0	0.0	0.00021854037500000002
491.082	0.0	0.0	0.00013610175
491.072	0.0	0.0	0.00014159512500000002
491.112	0.0	0.0	0.0001118435
491.242	0.0	0.0	2.5771125000000003e-05
491.422	0.0	0.0	-0.00010080925000000002
491.412	0.0	0.0	-9.396925e-05
491.462	0.0	0.0	-0.000123136625
491.582	0.0	0.0	-0.00019597550000000001
491.762	0.0	0.0	-0.00030250375
491.752	0.0	0.0	-0.00029457124999999996
491.792	0.0	0.0	-0.00030815625
491.912	0.0	0.0	-0.00033036250000000007
492.092	0.0	0.0	-0.00036335125
492.082	0.0	0.0	-0.0003612850000000001
492.132	0.0	0.0	-0.00035090625000000004
492.252	0.0	0.0	-0.00030818
492.432	0.0	0.0	-0.00024562250000000004
492.422	0.0	0.0	-0.00025011125
492.462	0.0	0.0	-0.000222668125
492.582	0.0	0.0	-0.00013430625
492.762	0.0	0.0	-3.1426e-06
492.752	0.0	0.0	-1.2166887500000001e-05
492.792	0.0	0.0	2.3454787500000004e-05
492.922	0.0	0.0	0.00011944587500000002
493.102	0.0	0.0	0.00026072750000000005
493.092	0.0	0.0	0.00025281875
493.142	0.0	0.0	0.00027645
493.262	0.0	0.0	0.00032853375000000003
493.442	0.0	0.0	0.000404795
493.432	0.0	0.0	0.0003990950000000001
493.472	0.0	0.0	0.00040006875
493.592	0.0	0.0	0.00038152
493.772	0.0	0.0	0.00035397000000000005
493.762	0.0	0.0	0.00035589375
493.802	0.0	0.0	0.00033081375
493.932	0.0	0.0	0.00024659625000000005
494.112	0.0	0.0	0.00012261175000000002
494.102	0.0	0.0	0.00012969162500000003
494.152	0.0	0.0	8.995312500000001e-05
494.272	0.0	0.0	-1.9191425e-05
494.452	0.0	0.0	-0.00017905125
494.442	0.0	0.0	-0.00016694112500000003
494.482	0.0	0.0	-0.00019891100000000002
494.602	0.0	0.0	-0.00027794625000000003
494.782	0.0	0.0	-0.00039541375000000004
494.772	0.0	0.0	-0.0003871250000000001
494.812	0.0	0.0	-0.00039850125000000003
494.942	0.0	0.0	-0.00040980625000000006
495.122	0.0	0.0	-0.00042645500000000006
495.112	0.0	0.0	-0.00042548125000000005
495.162	0.0	0.0	-0.00040681375000000005
495.282	0.0	0.0	-0.00034067
495.462	0.0	0.0	-0.00024372250000000004
495.452	0.0	0.0	-0.00025115625
495.492	0.0	0.0	-0.00021659525000000004
495.612	0.0	0.0	-0.0001075685
495.792	0.0	0.0	5.4549e-05
495.782	0.0	0.0	4.2942375e-05
495.822	0.0	0.0	8.231037500000001e-05
495.952	0.0	0.0	0.0001850505
496.132	0.0	0.0	0.00033646625000000003
496.122	0.0	0.0	0.0003275125
496.172	0.0	0.0	0.00034876875000000004
496.292	0.0	0.0	0.00039061625
496.472	0.0	0.0	0.00045196250000000004
496.462	0.0	0.0	0.0004471887500000001
496.502	0.0	0.0	0.0004426762500000001
496.622	0.0	0.0	0.00040489000000000004
496.802	0.0	0.0	0.00034869750000000003
496.792	0.0	0.0	0.0003527825
496.832	0.0	0.0	0.000321765
496.962	0.0	0.0	0.00022120750000000005
497.142	0.0	0.0	7.2922e-05
497.132	0.0	0.0	8.1859125e-05
497.182	0.0	0.0	4.0206375e-05
497.302	0.0	0.0	-7.195062500000001e-05
497.482	0.0	0.0	-0.00023645975000000002
497.472	0.0	0.0	-0.00022348037500000004
497.512	0.0	0.0	-0.00025298500000000006
497.632	0.0	0.0	-0.0003208625
497.812	0.0	0.0	-0.00042187125000000007
497.802	0.0	0.0	-0.00041441375
497.842	0.0	0.0	-0.00042011375000000005
497.972	0.0	0.0	-0.0004134875000000001
498.152	0.0	0.0	-0.00040370250000000004
498.142	0.0	0.0	-0.0004042962500000001
498.192	0.0	0.0	-0.0003810212500000001
498.312	0.0	0.0	-0.00030252750000000003
498.492	0.0	0.0	-0.000187359
498.482	0.0	0.0	-0.000196566875
498.522	0.0	0.0	-0.00016144300000000005
498.642	0.0	0.0	-5.396712500000001e-05
498.822	0.0	0.0	0.00010606750000000001
498.812	0.0	0.0	9.4104625e-05
498.852	0.0	0.0	0.0001290575
498.982	0.0	0.0	0.00021654300000000003
499.162	0.0	0.0	0.00034565750000000004
499.152	0.0	0.0	0.00033760625000000004
499.202	0.0	0.0	0.00035204625000000004
499.322	0.0	0.0	0.0003743475000000001
499.502	0.0	0.0	0.00040709875000000004
499.492	0.0	0.0	0.00040443875000000006
499.532	0.0	0.0	0.00039541375000000004
499.652	0.0	0.0	0.0003465125
499.832	0.0	0.0	0.00027367125
499.822	0.0	0.0	0.00027918125
499.862	0.0	0.0	0.00024885250000000004
499.992	0.0	0.0	0.000153577
500.172	0.0	0.0	1.2888412500000001e-05
500.162	0.0	0.0	2.18101e-05
500.212	0.0	0.0	-1.3191700000000001e-05
500.332	0.0	0.0	-0.00010496787500000001
500.512	0.0	0.0	-0.00023978
500.502	0.0	0.0	-0.00022871725000000003
500.542	0.0	0.0	-0.00025015875000000004
500.662	0.0	0.0	-0.00029419125000000005
500.842	0.0	0.0	-0.00035978875000000003
500.832	0.0	0.0	-0.00035475375
500.872	0.0	0.0	-0.00035454000000000003
501.002	0.0	0.0	-0.0003341625
501.182	0.0	0.0	-0.00030409500000000005
501.172	0.0	0.0	-0.00030604250000000003
501.212	0.0	0.0	-0.00028381250000000005
501.342	0.0	0.0	-0.0002118405
501.522	0.0	0.0	-0.00010606512500000001
501.502	0.0	0.0	-0.00011484787500000001
501.552	0.0	0.0	-8.6583e-05
501.672	0.0	0.0	-3.1749000000000003e-06
501.852	0.0	0.0	0.00012119387500000002
501.842	0.0	0.0	0.00011150625
501.882	0.0	0.0	0.000135842875
502.012	0.0	0.0	0.00019320150000000003
502.192	0.0	0.0	0.00027797
502.182	0.0	0.0	0.00027241250000000004
502.222	0.0	0.0	0.00027903875
502.352	0.0	0.0	0.00028281500000000006
502.532	0.0	0.0	0.0002883725
502.512	0.0	0.0	0.0002878975
502.562	0.0	0.0	0.00027792250000000006
502.682	0.0	0.0	0.00023274525000000005
502.862	0.0	0.0	0.0001653475
502.852	0.0	0.0	0.00017066987500000003
502.892	0.0	0.0	0.00014763237500000002
503.022	0.0	0.0	7.758175e-05
503.202	0.0	0.0	-2.5994375e-05
503.192	0.0	0.0	-1.9102362500000003e-05
503.232	0.0	0.0	-4.2161e-05
503.362	0.0	0.0	-0.00010059550000000002
503.542	0.0	0.0	-0.00018654675
503.522	0.0	0.0	-0.00017923175
503.572	0.0	0.0	-0.00019128250000000004
503.692	0.0	0.0	-0.00021200675000000003
503.872	0.0	0.0	-0.00024293874999999998
503.862	0.0	0.0	-0.00024046875
503.902	0.0	0.0	-0.00023738125
504.032	0.0	0.0	-0.00021520350000000003
504.212	0.0	0.0	-0.00018239762500000002
504.202	0.0	0.0	-0.0001846135
504.242	0.0	0.0	-0.000168299625
504.372	0.0	0.0	-0.000116880875
504.552	0.0	0.0	-4.121575e-05
504.532	0.0	0.0	-4.773275000000001e-05
504.582	0.0	0.0	-2.9200625000000005e-05
504.702	0.0	0.0	2.3961375000000002e-05
504.882	0.0	0.0	0.000103341
504.872	0.0	0.0	9.690950000000001e-05
504.912	0.0	0.0	0.0001113875
505.042	0.0	0.0	0.000143837125
505.222	0.0	0.0	0.00019185725
505.212	0.0	0.0	0.00018856312500000003
505.252	0.0	0.0	0.000191007
505.382	0.0	0.0	0.000187872
505.562	0.0	0.0	0.00018325737500000003
505.542	0.0	0.0	0.00018365875000000002
505.592	0.0	0.0	0.00017568587500000005
505.712	0.0	0.0	0.000141816
505.892	0.0	0.0	9.1221375e-05
505.882	0.0	0.0	9.537287500000001e-05
505.922	0.0	0.0	7.9173e-05
506.052	0.0	0.0	3.010075e-05
506.232	0.0	0.0	-4.255525e-05
506.222	0.0	0.0	-3.751312500000001e-05
506.262	0.0	0.0	-5.339e-05
506.392	0.0	0.0	-9.355362500000001e-05
506.572	0.0	0.0	-0.00015270300000000002
506.552	0.0	0.0	-0.000147402
506.602	0.0	0.0	-0.00015551975000000002
506.722	0.0	0.0	-0.00016846587500000002
506.902	0.0	0.0	-0.00018783637500000003
506.892	0.0	0.0	-0.000186321125
506.932	0.0	0.0	-0.000182720625
507.062	0.0	0.0	-0.00016265425
507.242	0.0	0.0	-0.00013308075
507.222	0.0	0.0	-0.00013564575000000003
507.272	0.0	0.0	-0.0001234145
507.392	0.0	0.0	-8.0035125e-05
507.572	0.0	0.0	-1.5204275000000001e-05
507.552	0.0	0.0	-2.0662025e-05
507.602	0.0	0.0	-3.5354250000000005e-06
507.722	0.0	0.0	4.490650000000001e-05
507.912	0.0	0.0	0.00011668850000000003
507.902	0.0	0.0	0.00011156800000000001
507.942	0.0	0.0	0.00012424099999999998
508.072	0.0	0.0	0.00015273149999999998
508.252	0.0	0.0	0.00019473100000000002
508.232	0.0	0.0	0.00019095712500000002
508.282	0.0	0.0	0.00019352925000000004
508.402	0.0	0.0	0.000187986
508.582	0.0	0.0	0.00017969487500000002
508.562	0.0	0.0	0.000180397875
508.612	0.0	0.0	0.00017040387500000002
508.732	0.0	0.0	0.000131539375
508.922	0.0	0.0	7.3926625e-05
508.912	0.0	0.0	7.809475e-05
508.952	0.0	0.0	5.9733625e-05
509.082	0.0	0.0	5.690025e-06
509.262	0.0	0.0	-7.400975000000001e-05
509.242	0.0	0.0	-6.6766e-05
509.292	0.0	0.0	-8.3065625e-05
509.412	0.0	0.0	-0.00012530025000000001
509.592	0.0	0.0	-0.000188501375
509.572	0.0	0.0	-0.00018307687500000003
509.622	0.0	0.0	-0.00019092625
509.742	0.0	0.0	-0.00020117437500000003
509.932	0.0	0.0	-0.00021637675000000002
509.922	0.0	0.0	-0.0002152605
509.962	0.0	0.0	-0.00020869837500000002
510.092	0.0	0.0	-0.00017918662500000004
510.272	0.0	0.0	-0.000135643375
510.252	0.0	0.0	-0.00013964525
510.302	0.0	0.0	-0.00012413412500000002
510.422	0.0	0.0	-6.98155e-05
510.602	0.0	0.0	1.1501650000000002e-05
510.582	0.0	0.0	4.437925e-06
510.632	0.0	0.0	2.4362750000000003e-05
510.752	0.0	0.0	7.9294125e-05
510.942	0.0	0.0	0.00016079700000000004
510.932	0.0	0.0	0.00015473125000000002
510.972	0.0	0.0	0.00016755625000000002
511.102	0.0	0.0	0.000193788125
511.282	0.0	0.0	0.00023251012500000005
511.262	0.0	0.0	0.000228912
511.312	0.0	0.0	0.00022934662500000003
511.432	0.0	0.0	0.000214244
511.612	0.0	0.0	0.00019162212500000003
511.592	0.0	0.0	0.00019361000000000004
511.642	0.0	0.0	0.00017994425
511.762	0.0	0.0	0.00012954200000000001
511.952	0.0	0.0	5.4722375e-05
511.942	0.0	0.0	6.036537500000001e-05
511.982	0.0	0.0	3.9294375000000006e-05
512.112	0.0	0.0	-2.11538875e-05
512.292	0.0	0.0	-0.000110425625
512.272	0.0	0.0	-0.00010203950000000001
512.322	0.0	0.0	-0.000118728625
512.442	0.0	0.0	-0.00015885900000000005
512.622	0.0	0.0	-0.00021898925
512.602	0.0	0.0	-0.00021364312500000003
512.652	0.0	0.0	-0.00021931462500000002
512.772	0.0	0.0	-0.00022072775000000003
512.962	0.0	0.0	-0.00022282962500000004
512.952	0.0	0.0	-0.000222668125
512.992	0.0	0.0	-0.00021295675000000005
513.122	0.0	0.0	-0.00017390462500000003
513.302	0.0	0.0	-0.00011620400000000001
513.282	0.0	0.0	-0.00012168312500000002
513.322	0.0	0.0	-0.0001042625
513.452	0.0	0.0	-4.5844625e-05
513.632	0.0	0.0	4.1724e-05
513.612	0.0	0.0	3.3850875e-05
513.662	0.0	0.0	5.3354375000000004e-05
513.782	0.0	0.0	0.00010461875000000002
513.972	0.0	0.0	0.00018078262500000001
513.962	0.0	0.0	0.00017488312500000001
514.002	0.0	0.0	0.00018513362500000003
514.132	0.0	0.0	0.00020251387500000003
514.312	0.0	0.0	0.00022820662500000005
514.292	0.0	0.0	0.000225741375
514.332	0.0	0.0	0.00022353737500000004
514.462	0.0	0.0	0.00020041675
514.642	0.0	0.0	0.00016574412500000005
514.622	0.0	0.0	0.000168898125
514.672	0.0	0.0	0.00015394512500000002
514.792	0.0	0.0	0.00010136975000000001
514.982	0.0	0.0	2.3220375000000004e-05
514.972	0.0	0.0	2.9352625000000003e-05
515.012	0.0	0.0	9.5458375e-06
515.142	0.0	0.0	-4.5628500000000005e-05
515.322	0.0	0.0	-0.000127221625
515.302	0.0	0.0	-0.00011931287500000001
515.342	0.0	0.0	-0.00013338
515.472	0.0	0.0	-0.00016424787500000004
515.652	0.0	0.0	-0.000210565125
515.632	0.0	0.0	-0.00020630675
515.682	0.0	0.0	-0.000209092625
515.802	0.0	0.0	-0.0002024545
515.992	0.0	0.0	-0.000192584
515.982	0.0	0.0	-0.000193370125
516.022	0.0	0.0	-0.00018250687500000003
516.152	0.0	0.0	-0.00014144549999999998
516.332	0.0	0.0	-8.0690625e-05
516.312	0.0	0.0	-8.664237500000001e-05
516.352	0.0	0.0	-7.01005e-05
516.482	0.0	0.0	-1.63419e-05
516.662	0.0	0.0	6.4353e-05
516.642	0.0	0.0	5.6850375000000005e-05
516.692	0.0	0.0	7.370575e-05
516.812	0.0	0.0	0.000116296625
517.002	0.0	0.0	0.00017965925000000004
516.982	0.0	0.0	0.00017456012500000002
517.032	0.0	0.0	0.00018195825000000003
517.162	0.0	0.0	0.0001914155
517.342	0.0	0.0	0.00020541612500000003
517.322	0.0	0.0	0.0002040315
517.362	0.0	0.0	0.0002002125
517.492	0.0	0.0	0.00017347
517.672	0.0	0.0	0.00013330875000000002
517.652	0.0	0.0	0.000137082625
517.702	0.0	0.0	0.00012218425
517.822	0.0	0.0	7.095075000000002e-05
518.012	0.0	0.0	-5.307650000000001e-06
517.992	0.0	0.0	9.073925000000002e-07
518.042	0.0	0.0	-1.7392362500000004e-05
518.162	0.0	0.0	-6.764e-05
518.352	0.0	0.0	-0.00014204875000000002
518.332	0.0	0.0	-0.00013461262500000001
518.372	0.0	0.0	-0.00014684150000000002
518.502	0.0	0.0	-0.00017179325
518.682	0.0	0.0	-0.00020928025000000003
518.662	0.0	0.0	-0.00020572012500000004
518.712	0.0	0.0	-0.00020669625000000003
518.832	0.0	0.0	-0.00019465975000000003
519.022	0.0	0.0	-0.00017673325000000002
519.002	0.0	0.0	-0.00017821287500000002
519.052	0.0	0.0	-0.00016609325
519.172	0.0	0.0	-0.0001214005
519.362	0.0	0.0	-5.518550000000001e-05
519.342	0.0	0.0	-6.186875e-05
519.382	0.0	0.0	-4.47545e-05
519.512	0.0	0.0	1.0260712499999999e-05
519.692	0.0	0.0	9.295275000000001e-05
519.672	0.0	0.0	8.50155e-05
519.722	0.0	0.0	0.000101612
519.842	0.0	0.0	0.000142393125
520.032	0.0	0.0	0.00020314562500000003
520.012	0.0	0.0	0.00019807025
520.062	0.0	0.0	0.00020412412500000001
520.182	0.0	0.0	0.00020828750000000004
520.372	0.0	0.0	0.00021445775000000002
520.352	0.0	0.0	0.00021382837500000002
520.392	0.0	0.0	0.0002080405
520.522	0.0	0.0	0.00017375975
520.702	0.0	0.0	0.000122210375
520.682	0.0	0.0	0.00012721212500000002
520.732	0.0	0.0	0.000109926875
520.852	0.0	0.0	5.1409250000000006e-05
521.042	0.0	0.0	-3.58055e-05
521.022	0.0	0.0	-2.8457250000000003e-05
521.072	0.0	0.0	-4.822675000000001e-05
521.192	0.0	0.0	-0.00010136737500000001
521.382	0.0	0.0	-0.00018015562499999998
521.362	0.0	0.0	-0.00017193575000000002
521.402	0.0	0.0	-0.000184022125
521.532	0.0	0.0	-0.00020533537500000003
521.712	0.0	0.0	-0.00023743349999999998
521.692	0.0	0.0	-0.00023444575000000005
521.742	0.0	0.0	-0.0002327595
521.862	0.0	0.0	-0.00021143675000000003
522.052	0.0	0.0	-0.000179799375
522.032	0.0	0.0	-0.000183008
522.072	0.0	0.0	-0.00016984100000000003
522.202	0.0	0.0	-0.000116448625
522.382	0.0	0.0	-3.6123750000000005e-05
522.362	0.0	0.0	-4.4082375e-05
522.412	0.0	0.0	-2.3448137500000003e-05
522.532	0.0	0.0	3.8277875000000007e-05
522.722	0.0	0.0	0.000130351875
522.702	0.0	0.0	0.00012242175
522.752	0.0	0.0	0.00013896125000000003
522.872	0.0	0.0	0.00017653137500000003
523.062	0.0	0.0	0.00023228687500000003
523.042	0.0	0.0	0.00022645625000000002
523.082	0.0	0.0	0.00023148412500000002
523.212	0.0	0.0	0.00022704050000000003
523.392	0.0	0.0	0.0002203525
523.372	0.0	0.0	0.00022101987500000003
523.422	0.0	0.0	0.00021132037500000002
523.542	0.0	0.0	0.00016694112500000003
523.732	0.0	0.0	0.00010072137500000002
523.712	0.0	0.0	0.000106492625
523.762	0.0	0.0	8.6746875e-05
523.882	0.0	0.0	2.5106125000000002e-05
524.072	0.0	0.0	-6.640737500000001e-05
524.052	0.0	0.0	-5.6750625e-05
524.092	0.0	0.0	-7.485287500000001e-05
524.212	0.0	0.0	-0.00012224125
524.402	0.0	0.0	-0.00019361712500000003
524.382	0.0	0.0	-0.00018643275
524.432	0.0	0.0	-0.00019603250000000002
524.552	0.0	0.0	-0.0002080405
524.742	0.0	0.0	-0.000225967
524.722	0.0	0.0	-0.00022438762500000004
524.772	0.0	0.0	-0.000219385875
524.892	0.0	0.0	-0.00019004750000000003
525.082	0.0	0.0	-0.00014647100000000004
525.062	0.0	0.0	-0.00015111175
525.102	0.0	0.0	-0.00013716575
525.222	0.0	0.0	-8.423412500000001e-05
525.412	0.0	0.0	-4.473075e-06
525.392	0.0	0.0	-1.2579900000000001e-05
525.442	0.0	0.0	5.763175e-06
525.562	0.0	0.0	5.7263625e-05
525.752	0.0	0.0	0.000134180375
525.732	0.0	0.0	0.00012732375
525.782	0.0	0.0	0.000139424375
525.902	0.0	0.0	0.00016305325000000003
526.092	0.0	0.0	0.00019816762500000004
526.072	0.0	0.0	0.00019439375000000002
526.112	0.0	0.0	0.00019594937500000002
526.232	0.0	0.0	0.00018314812500000002
526.422	0.0	0.0	0.00016384650000000002
526.402	0.0	0.0	0.00016582725000000001
526.442	0.0	0.0	0.00015588787499999998
526.572	0.0	0.0	0.000115351375
526.762	0.0	0.0	5.478175000000001e-05
526.742	0.0	0.0	6.0241875e-05
526.792	0.0	0.0	4.4707000000000004e-05
526.912	0.0	0.0	-1.2110125e-06
527.102	0.0	0.0	-6.94735e-05
527.082	0.0	0.0	-6.2070625e-05
527.122	0.0	0.0	-7.4325625e-05
527.242	0.0	0.0	-0.000102706875
527.432	0.0	0.0	-0.0001455115
527.412	0.0	0.0	-0.00014107500000000003
527.452	0.0	0.0	-0.00014558037500000002
527.582	0.0	0.0	-0.000145936625
527.772	0.0	0.0	-0.00014646625
527.752	0.0	0.0	-0.00014641874999999998
527.802	0.0	0.0	-0.000140996625
527.922	0.0	0.0	-0.000115786
528.112	0.0	0.0	-7.828950000000002e-05
528.092	0.0	0.0	-8.239350000000002e-05
528.132	0.0	0.0	-7.247550000000001e-05
528.252	0.0	0.0	-3.7954875e-05
528.442	0.0	0.0	1.4132200000000002e-05
528.422	0.0	0.0	8.6837125e-06
528.462	0.0	0.0	1.93826125e-05
528.592	0.0	0.0	4.678512500000001e-05
528.782	0.0	0.0	8.776575000000001e-05
528.762	0.0	0.0	8.399187500000002e-05
528.812	0.0	0.0	8.940212500000001e-05
528.932	0.0	0.0	9.702587500000001e-05
529.122	0.0	0.0	0.00010836887500000002
529.102	0.0	0.0	0.000107114875
529.142	0.0	0.0	0.00010638812500000001
529.262	0.0	0.0	9.446325000000001e-05
529.452	0.0	0.0	7.646312499999999e-05
529.432	0.0	0.0	7.836312500000001e-05
529.472	0.0	0.0	7.215725e-05
529.602	0.0	0.0	4.940475e-05
529.792	0.0	0.0	1.5365537500000003e-05
529.772	0.0	0.0	1.8533549999999998e-05
529.822	0.0	0.0	1.0956350000000002e-05
529.942	0.0	0.0	-9.820150000000001e-06
530.132	0.0	0.0	-4.0750250000000005e-05
530.112	0.0	0.0	-3.7304125e-05
530.152	0.0	0.0	-4.2320125e-05
530.272	0.0	0.0	-5.1922250000000006e-05
530.462	0.0	0.0	-6.642162499999999e-05
530.442	0.0	0.0	-6.48755e-05
530.482	0.0	0.0	-6.582550000000001e-05
530.612	0.0	0.0	-6.2640625e-05
530.802	0.0	0.0	-5.7874e-05
530.782	0.0	0.0	-5.8322875e-05
530.832	0.0	0.0	-5.531612500000001e-05
530.952	0.0	0.0	-4.312050000000001e-05
531.142	0.0	0.0	-2.4956500000000004e-05
531.122	0.0	0.0	-2.6996625000000003e-05
531.162	0.0	0.0	-2.2720675000000002e-05
531.282	0.0	0.0	-8.849012500000002e-06
531.472	0.0	0.0	1.2109412500000002e-05
531.452	0.0	0.0	9.855300000000002e-06
531.492	0.0	0.0	1.3958112500000002e-05
531.622	0.0	0.0	2.3980375000000003e-05
531.812	0.0	0.0	3.8985625e-05
531.792	0.0	0.0	3.7560625e-05
531.842	0.0	0.0	3.946537500000001e-05
531.962	0.0	0.0	4.1773875e-05
532.152	0.0	0.0	4.5210500000000004e-05
532.132	0.0	0.0	4.4821e-05
532.172	0.0	0.0	4.4355500000000006e-05
532.292	0.0	0.0	3.8969000000000006e-05
532.482	0.0	0.0	3.0825125000000006e-05
532.462	0.0	0.0	3.1708625000000005e-05
532.502	0.0	0.0	2.8868125000000004e-05
532.632	0.0	0.0	1.8125287500000003e-05
532.822	0.0	0.0	2.02979375e-06
532.802	0.0	0.0	3.5748500000000006e-06
532.852	0.0	0.0	-2.5353125e-07
532.972	0.0	0.0	-1.1391450000000001e-05
533.162	0.0	0.0	-2.7994125000000002e-05
533.142	0.0	0.0	-2.60965e-05
533.182	0.0	0.0	-2.8970250000000003e-05
533.302	0.0	0.0	-3.5207000000000004e-05
533.492	0.0	0.0	-4.4638125000000004e-05
533.472	0.0	0.0	-4.360500000000001e-05
533.512	0.0	0.0	-4.4329375e-05
533.642	0.0	0.0	-4.261225e-05
533.832	0.0	0.0	-4.003775000000001e-05
533.812	0.0	0.0	-4.028712500000001e-05
533.862	0.0	0.0	-3.8161500000000004e-05
533.982	0.0	0.0	-2.8906125000000003e-05
534.172	0.0	0.0	-1.51031e-05
534.152	0.0	0.0	-1.66941125e-05
534.192	0.0	0.0	-1.3259862500000002e-05
534.312	0.0	0.0	-1.2871075e-06
534.502	0.0	0.0	1.6826162500000002e-05
534.482	0.0	0.0	1.4825225000000002e-05
534.522	0.0	0.0	1.84430625e-05
534.652	0.0	0.0	2.7559500000000003e-05
534.842	0.0	0.0	4.123000000000001e-05
534.822	0.0	0.0	3.989050000000001e-05
534.872	0.0	0.0	4.1496000000000004e-05
534.992	0.0	0.0	4.2828375e-05
535.182	0.0	0.0	4.481625e-05
535.162	0.0	0.0	4.458587500000001e-05
535.202	0.0	0.0	4.3804500000000004e-05
535.322	0.0	0.0	3.7118875000000006e-05
535.512	0.0	0.0	2.7001375e-05
535.492	0.0	0.0	2.8129500000000002e-05
535.532	0.0	0.0	2.498975e-05
535.662	0.0	0.0	1.3490000000000001e-05
535.852	0.0	0.0	-3.7598625e-06
535.832	0.0	0.0	-2.0579612500000003e-06
535.882	0.0	0.0	-5.835850000000001e-06
536.002	0.0	0.0	-1.6299625e-05
536.192	0.0	0.0	-3.191525e-05
536.172	0.0	0.0	-3.0065125e-05
536.212	0.0	0.0	-3.2582625000000004e-05
536.332	0.0	0.0	-3.7154500000000005e-05
536.522	0.0	0.0	-4.4082375e-05
536.502	0.0	0.0	-4.3336625e-05
536.542	0.0	0.0	-4.348625000000001e-05
536.672	0.0	0.0	-4.0261000000000006e-05
536.862	0.0	0.0	-3.5442125e-05
536.842	0.0	0.0	-3.599787500000001e-05
536.882	0.0	0.0	-3.40005e-05
537.002	0.0	0.0	-2.4457750000000005e-05
537.192	0.0	0.0	-1.00080125e-05
537.172	0.0	0.0	-1.1647950000000001e-05
537.212	0.0	0.0	-7.9303625e-06
537.342	0.0	0.0	4.25505e-06
537.532	0.0	0.0	2.2548012500000003e-05
537.512	0.0	0.0	2.0709762500000004e-05
537.552	0.0	0.0	2.4270125000000005e-05
537.682	0.0	0.0	3.315975e-05
537.872	0.0	0.0	4.6433625000000004e-05
537.852	0.0	0.0	4.4859e-05
537.892	0.0	0.0	4.6585625000000005e-05
538.012	0.0	0.0	4.762350000000001e-05
538.202	0.0	0.0	4.919812500000001e-05
538.182	0.0	0.0	4.902000000000001e-05
538.222	0.0	0.0	4.778737500000001e-05
538.352	0.0	0.0	3.9422625000000006e-05
538.542	0.0	0.0	2.686125e-05
538.522	0.0	0.0	2.8136625000000006e-05
538.562	0.0	0.0	2.4058750000000004e-05
538.692	0.0	0.0	9.4202e-06
538.882	0.0	0.0	-1.245545e-05
538.862	0.0	0.0	-9.8365375e-06
538.902	0.0	0.0	-1.4421950000000002e-05
539.022	0.0	0.0	-2.8198375000000003e-05
539.212	0.0	0.0	-4.9081750000000005e-05
539.192	0.0	0.0	-4.6680625e-05
539.232	0.0	0.0	-5.008162500000001e-05
539.362	0.0	0.0	-5.6088e-05
539.552	0.0	0.0	-6.511537500000001e-05
539.532	0.0	0.0	-6.418912500000001e-05
539.572	0.0	0.0	-6.393737500000001e-05
539.702	0.0	0.0	-5.77125e-05
539.892	0.0	0.0	-4.8404875000000006e-05
539.872	0.0	0.0	-4.952825e-05
539.912	0.0	0.0	-4.6189e-05
540.032	0.0	0.0	-3.0409500000000004e-05
540.222	0.0	0.0	-6.479237500000001e-06
540.202	0.0	0.0	-9.253950000000001e-06
540.242	0.0	0.0	-3.4575250000000004e-06
540.372	0.0	0.0	1.4963925000000001e-05
540.562	0.0	0.0	4.265262500000001e-05
540.542	0.0	0.0	3.979075000000001e-05
540.582	0.0	0.0	4.4714125e-05
540.712	0.0	0.0	5.5750750000000005e-05
540.902	0.0	0.0	7.2259375e-05
540.882	0.0	0.0	7.025250000000001e-05
540.922	0.0	0.0	7.197200000000001e-05
541.042	0.0	0.0	6.987962500000001e-05
541.232	0.0	0.0	6.6706625e-05
541.212	0.0	0.0	6.707712500000001e-05
541.252	0.0	0.0	6.433875e-05
541.382	0.0	0.0	4.969687500000001e-05
541.572	0.0	0.0	2.7678250000000002e-05
541.552	0.0	0.0	2.9974875e-05
541.592	0.0	0.0	2.4037375e-05
541.722	0.0	0.0	4.2866375e-06
541.912	0.0	0.0	-2.5267625000000004e-05
541.892	0.0	0.0	-2.1644325e-05
541.932	0.0	0.0	-2.725075e-05
542.052	0.0	0.0	-4.187837500000001e-05
542.242	0.0	0.0	-6.408225e-05
542.222	0.0	0.0	-6.146500000000001e-05
542.262	0.0	0.0	-6.452875e-05
542.392	0.0	0.0	-6.7333625e-05
542.582	0.0	0.0	-7.155162500000002e-05
542.562	0.0	0.0	-7.11075e-05
542.602	0.0	0.0	-6.965400000000001e-05
542.732	0.0	0.0	-5.921587500000001e-05
542.922	0.0	0.0	-4.359075e-05
542.902	0.0	0.0	-4.5519250000000006e-05
542.942	0.0	0.0	-4.127037500000001e-05
543.062	0.0	0.0	-2.3852125e-05
543.252	0.0	0.0	2.5994375e-06
543.232	0.0	0.0	-5.433287500000001e-07
543.272	0.0	0.0	5.1273875e-06
543.402	0.0	0.0	2.1229887500000004e-05
543.592	0.0	0.0	4.546462500000001e-05
543.572	0.0	0.0	4.2890125e-05
543.612	0.0	0.0	4.664025000000001e-05
543.742	0.0	0.0	5.319050000000001e-05
543.932	0.0	0.0	6.3001625e-05
543.912	0.0	0.0	6.178087500000001e-05
543.952	0.0	0.0	6.233425000000001e-05
544.072	0.0	0.0	5.724225000000001e-05
544.262	0.0	0.0	4.950450000000001e-05
544.242	0.0	0.0	5.043075000000001e-05
544.282	0.0	0.0	4.743350000000001e-05
544.412	0.0	0.0	3.4048e-05
544.602	0.0	0.0	1.3892325000000001e-05
544.582	0.0	0.0	1.60531e-05
544.622	0.0	0.0	1.1354875e-05
544.752	0.0	0.0	-2.961625e-06
544.942	0.0	0.0	-2.4412625000000002e-05
544.922	0.0	0.0	-2.1722225000000002e-05
544.962	0.0	0.0	-2.5471875000000004e-05
545.082	0.0	0.0	-3.3732125e-05
545.272	0.0	0.0	-4.6284e-05
545.252	0.0	0.0	-4.476875e-05
545.292	0.0	0.0	-4.618425000000001e-05
545.422	0.0	0.0	-4.553112500000001e-05
545.612	0.0	0.0	-4.45455e-05
545.592	0.0	0.0	-4.4652375000000005e-05
545.632	0.0	0.0	-4.3080125e-05
545.762	0.0	0.0	-3.4698750000000004e-05
545.952	0.0	0.0	-2.2136425000000002e-05
545.932	0.0	0.0	-2.3723400000000004e-05
545.972	0.0	0.0	-2.0759400000000003e-05
546.092	0.0	0.0	-9.83535e-06
546.282	0.0	0.0	6.7746875000000005e-06
546.262	0.0	0.0	4.7538e-06
546.302	0.0	0.0	8.0434125e-06
546.432	0.0	0.0	1.65022125e-05
546.622	0.0	0.0	2.9248125000000004e-05
546.602	0.0	0.0	2.785875e-05
546.642	0.0	0.0	2.9621000000000003e-05
546.772	0.0	0.0	3.1772750000000005e-05
546.962	0.0	0.0	3.5000374999999996e-05
546.942	0.0	0.0	3.45895e-05
546.982	0.0	0.0	3.449212500000001e-05
547.102	0.0	0.0	3.0392875000000003e-05
547.292	0.0	0.0	2.4156125000000002e-05
547.272	0.0	0.0	2.4920875000000002e-05
547.312	0.0	0.0	2.3008762500000003e-05
547.442	0.0	0.0	1.524275e-05
547.632	0.0	0.0	3.53495e-06
547.612	0.0	0.0	4.823387500000001e-06
547.652	0.0	0.0	2.2854625000000003e-06
547.782	0.0	0.0	-5.0570875e-06
547.972	0.0	0.0	-1.60728125e-05
547.952	0.0	0.0	-1.46606375e-05
547.992	0.0	0.0	-1.6516225e-05
548.112	0.0	0.0	-2.01706375e-05
548.302	0.0	0.0	-2.5733125e-05
548.282	0.0	0.0	-2.5044375000000005e-05
548.322	0.0	0.0	-2.5574000000000003e-05
548.452	0.0	0.0	-2.4486250000000003e-05
548.642	0.0	0.0	-2.2844650000000005e-05
548.622	0.0	0.0	-2.3026812500000005e-05
548.662	0.0	0.0	-2.2007462500000003e-05
548.792	0.0	0.0	-1.7019962500000004e-05
548.982	0.0	0.0	-9.534200000000001e-06
548.962	0.0	0.0	-1.0500825000000001e-05
548.992	0.0	0.0	-8.790350000000001e-06
549.122	0.0	0.0	-2.535075e-06
549.312	0.0	0.0	6.9879625000000015e-06
549.292	0.0	0.0	5.802362500000001e-06
549.332	0.0	0.0	7.701650000000001e-06
549.462	0.0	0.0	1.2691287500000002e-05
549.652	0.0	0.0	2.0219800000000002e-05
549.632	0.0	0.0	1.9379050000000002e-05
549.672	0.0	0.0	2.0446375e-05
549.802	0.0	0.0	2.1810575000000003e-05
549.992	0.0	0.0	2.385925e-05
549.962	0.0	0.0	2.3589449999999998e-05
550.002	0.0	0.0	2.3534825000000002e-05
550.132	0.0	0.0	2.0676987499999998e-05
550.322	0.0	0.0	1.6320287500000003e-05
550.302	0.0	0.0	1.6845875000000002e-05
550.342	0.0	0.0	1.5365775e-05
550.472	0.0	0.0	9.0893625e-06
550.662	0.0	0.0	-3.40575e-07
550.642	0.0	0.0	8.707937500000001e-07
550.672	0.0	0.0	-1.1619925000000002e-06
550.802	0.0	0.0	-8.105875e-06
550.992	0.0	0.0	-1.8682462500000004e-05
550.972	0.0	0.0	-1.7344625e-05
551.012	0.0	0.0	-1.9317774999999998e-05
551.142	0.0	0.0	-2.3902000000000003e-05
551.332	0.0	0.0	-3.082275e-05
551.312	0.0	0.0	-3.0036625e-05
551.352	0.0	0.0	-3.0682625000000005e-05
551.482	0.0	0.0	-2.9818125000000007e-05
551.672	0.0	0.0	-2.8521375000000003e-05
551.642	0.0	0.0	-2.8692375000000005e-05
551.682	0.0	0.0	-2.7763750000000003e-05
551.812	0.0	0.0	-2.1046775e-05
552.002	0.0	0.0	-1.08083875e-05
551.982	0.0	0.0	-1.2108462500000002e-05
552.022	0.0	0.0	-9.368425e-06
552.152	0.0	0.0	1.1510912500000003e-06
552.342	0.0	0.0	1.70413375e-05
552.322	0.0	0.0	1.5223275000000002e-05
552.362	0.0	0.0	1.84829625e-05
552.492	0.0	0.0	2.753575e-05
552.682	0.0	0.0	4.1144500000000006e-05
552.652	0.0	0.0	3.93395e-05
552.692	0.0	0.0	4.14105e-05
552.822	0.0	0.0	4.382112500000001e-05
553.012	0.0	0.0	4.75e-05
552.992	0.0	0.0	4.7029750000000005e-05
553.032	0.0	0.0	4.657375e-05
553.162	0.0	0.0	3.968862500000001e-05
553.352	0.0	0.0	2.9283750000000006e-05
553.332	0.0	0.0	3.04855e-05
553.372	0.0	0.0	2.7072625e-05
553.502	0.0	0.0	1.2966787500000002e-05
553.692	0.0	0.0	-8.2452875e-06
553.662	0.0	0.0	-5.4145250000000005e-06
553.702	0.0	0.0	-9.814925000000002e-06
553.832	0.0	0.0	-2.4355625000000003e-05
554.022	0.0	0.0	-4.6533375e-05
554.002	0.0	0.0	-4.3676250000000004e-05
554.042	0.0	0.0	-4.754275e-05
554.172	0.0	0.0	-5.5178375000000005e-05
554.362	0.0	0.0	-6.67185e-05
554.342	0.0	0.0	-6.5376625e-05
554.382	0.0	0.0	-6.5965625e-05
554.512	0.0	0.0	-6.108975000000001e-05
554.702	0.0	0.0	-5.375100000000001e-05
554.672	0.0	0.0	-5.4739e-05
554.712	0.0	0.0	-5.2081375e-05
554.842	0.0	0.0	-3.6266250000000005e-05
555.032	0.0	0.0	-1.2128175e-05
555.012	0.0	0.0	-1.52610375e-05
555.052	0.0	0.0	-9.4981e-06
555.182	0.0	0.0	1.0741175000000001e-05
555.372	0.0	0.0	4.1351125e-05
555.352	0.0	0.0	3.7764875000000007e-05
555.392	0.0	0.0	4.3450625e-05
555.522	0.0	0.0	5.7230375000000005e-05
555.712	0.0	0.0	7.797362500000002e-05
555.682	0.0	0.0	7.5166375e-05
555.722	0.0	0.0	7.7954625e-05
555.852	0.0	0.0	7.7774125e-05
556.042	0.0	0.0	7.7498625e-05
556.012	0.0	0.0	7.753425e-05
556.062	0.0	0.0	7.556300000000001e-05
556.192	0.0	0.0	6.040575000000001e-05
556.382	0.0	0.0	3.747275e-05
556.362	0.0	0.0	4.0182625000000006e-05
556.402	0.0	0.0	3.401475e-05
556.532	0.0	0.0	1.0950175e-05
556.722	0.0	0.0	-2.3780875e-05
556.692	0.0	0.0	-1.9051062500000002e-05
556.732	0.0	0.0	-2.5714125000000003e-05
556.862	0.0	0.0	-4.4870875e-05
557.052	0.0	0.0	-7.41285e-05
557.022	0.0	0.0	-7.027625000000002e-05
557.072	0.0	0.0	-7.4886125e-05
557.192	0.0	0.0	-8.091862500000001e-05
557.392	0.0	0.0	-9.004812500000002e-05
557.372	0.0	0.0	-8.896037500000001e-05
557.412	0.0	0.0	-8.842600000000001e-05
557.542	0.0	0.0	-7.742737500000001e-05
557.732	0.0	0.0	-6.085937500000001e-05
557.702	0.0	0.0	-6.3129875e-05
557.742	0.0	0.0	-5.8688625e-05
557.872	0.0	0.0	-3.6674750000000007e-05
558.062	0.0	0.0	-3.0362000000000003e-06
558.032	0.0	0.0	-7.4957375e-06
558.082	0.0	0.0	-2.1839787500000002e-07
558.202	0.0	0.0	2.2681487500000005e-05
558.402	0.0	0.0	5.7361e-05
558.382	0.0	0.0	5.3200000000000006e-05
558.422	0.0	0.0	5.9063875000000014e-05
558.552	0.0	0.0	7.0791625e-05
558.742	0.0	0.0	8.846875e-05
558.712	0.0	0.0	8.602962500000001e-05
558.752	0.0	0.0	8.802225000000001e-05
558.882	0.0	0.0	8.3369625e-05
559.072	0.0	0.0	7.625412500000001e-05
559.042	0.0	0.0	7.7204125e-05
559.092	0.0	0.0	7.400975000000001e-05
559.212	0.0	0.0	5.5415875000000004e-05
559.412	0.0	0.0	2.7248375000000003e-05
559.392	0.0	0.0	3.0654125000000004e-05
559.432	0.0	0.0	2.3970875e-05
559.562	0.0	0.0	1.038635e-06
559.752	0.0	0.0	-3.353737500000001e-05
559.722	0.0	0.0	-2.8732750000000004e-05
559.762	0.0	0.0	-3.5024125e-05
559.892	0.0	0.0	-5.0863e-05
560.082	0.0	0.0	-7.5085625e-05
560.052	0.0	0.0	-7.182950000000001e-05
560.102	0.0	0.0	-7.531600000000001e-05
560.222	0.0	0.0	-7.7265875e-05
560.422	0.0	0.0	-8.0225125e-05
560.402	0.0	0.0	-7.986412500000001e-05
560.442	0.0	0.0	-7.841537500000002e-05
560.572	0.0	0.0	-6.554525e-05
560.762	0.0	0.0	-4.6134375e-05
560.732	0.0	0.0	-4.8849e-05
560.772	0.0	0.0	-4.4253375000000004e-05
560.902	0.0	0.0	-2.370725e-05
561.092	0.0	0.0	7.726825e-06
561.062	0.0	0.0	3.4724875e-06
561.112	0.0	0.0	9.941275e-06
561.232	0.0	0.0	2.90035e-05
561.432	0.0	0.0	5.7907250000000004e-05
561.412	0.0	0.0	5.436137500000001e-05
561.452	0.0	0.0	5.9006875e-05
561.582	0.0	0.0	6.694650000000001e-05
561.772	0.0	0.0	7.8928375e-05
561.742	0.0	0.0	7.724212500000002e-05
561.782	0.0	0.0	7.835599999999999e-05
561.912	0.0	0.0	7.19245e-05
562.102	0.0	0.0	6.208250000000001e-05
562.072	0.0	0.0	6.3424375e-05
562.112	0.0	0.0	6.003287500000001e-05
562.242	0.0	0.0	4.2042250000000006e-05
562.442	0.0	0.0	1.4748987500000001e-05
562.422	0.0	0.0	1.8123625000000002e-05
562.462	0.0	0.0	1.1925112500000003e-05
562.592	0.0	0.0	-8.8390375e-06
562.782	0.0	0.0	-4.0187375000000006e-05
562.752	0.0	0.0	-3.5746125e-05
562.792	0.0	0.0	-4.1351125e-05
562.922	0.0	0.0	-5.476275000000001e-05
563.112	0.0	0.0	-7.5297e-05
563.082	0.0	0.0	-7.248025e-05
563.122	0.0	0.0	-7.528037500000002e-05
563.252	0.0	0.0	-7.51355e-05
563.452	0.0	0.0	-7.4917e-05
563.432	0.0	0.0	-7.494312499999999e-05
563.472	0.0	0.0	-7.300275e-05
563.602	0.0	0.0	-5.867912500000001e-05
563.792	0.0	0.0	-3.7045250000000006e-05
563.762	0.0	0.0	-4.0130375e-05
563.802	0.0	0.0	-3.5252125e-05
563.932	0.0	0.0	-1.4060237500000002e-05
564.122	0.0	0.0	1.8403637500000004e-05
564.092	0.0	0.0	1.3920825000000002e-05
564.132	0.0	0.0	2.0427375e-05
564.262	0.0	0.0	3.8935750000000004e-05
564.462	0.0	0.0	6.7034375e-05
564.442	0.0	0.0	6.351700000000001e-05
564.482	0.0	0.0	6.7811e-05
564.612	0.0	0.0	7.36915e-05
564.802	0.0	0.0	8.257400000000001e-05
564.772	0.0	0.0	8.128675e-05
564.812	0.0	0.0	8.1835375e-05
564.942	0.0	0.0	7.248262500000001e-05
565.132	0.0	0.0	5.8139999999999996e-05
565.102	0.0	0.0	6.0066125000000006e-05
565.152	0.0	0.0	5.574125000000001e-05
565.272	0.0	0.0	3.545875e-05
565.472	0.0	0.0	4.799162500000001e-06
565.442	0.0	0.0	9.147787500000002e-06
565.482	0.0	0.0	3.0901125000000003e-06
565.612	0.0	0.0	-1.7268150000000005e-05
565.802	0.0	0.0	-4.846662500000001e-05
565.772	0.0	0.0	-4.4096625e-05
565.812	0.0	0.0	-4.963512500000001e-05
565.942	0.0	0.0	-6.075487500000001e-05
566.142	0.0	0.0	-7.764825e-05
566.122	0.0	0.0	-7.550362500000001e-05
566.162	0.0	0.0	-7.714475000000002e-05
566.292	0.0	0.0	-7.320937499999999e-05
566.482	0.0	0.0	-6.7257625e-05
566.452	0.0	0.0	-6.811975000000001e-05
566.492	0.0	0.0	-6.6027375e-05
566.622	0.0	0.0	-5.034287500000001e-05
566.812	0.0	0.0	-2.6293625000000004e-05
566.782	0.0	0.0	-2.9673250000000003e-05
566.822	0.0	0.0	-2.4298625000000003e-05
566.952	0.0	0.0	-4.979662500000001e-06
567.152	0.0	0.0	2.4379375e-05
567.122	0.0	0.0	2.0624737500000002e-05
567.172	0.0	0.0	2.5954000000000003e-05
567.302	0.0	0.0	3.8524875000000006e-05
567.492	0.0	0.0	5.7541500000000005e-05
567.462	0.0	0.0	5.476750000000001e-05
567.502	0.0	0.0	5.757950000000001e-05
567.632	0.0	0.0	5.8083e-05
567.822	0.0	0.0	5.885725e-05
567.792	0.0	0.0	5.8748e-05
567.832	0.0	0.0	5.7847875000000004e-05
567.962	0.0	0.0	4.7853875e-05
568.162	0.0	0.0	3.2658625e-05
568.132	0.0	0.0	3.4615625e-05
568.182	0.0	0.0	3.097712500000001e-05
568.302	0.0	0.0	1.73063875e-05
568.502	0.0	0.0	-3.3822375e-06
568.472	0.0	0.0	-3.459187500000001e-07
568.512	0.0	0.0	-4.0804875e-06
568.642	0.0	0.0	-1.3539875000000002e-05
568.832	0.0	0.0	-2.8058250000000002e-05
568.802	0.0	0.0	-2.5992000000000005e-05
568.842	0.0	0.0	-2.8231625000000004e-05
568.972	0.0	0.0	-2.9984375000000005e-05
569.172	0.0	0.0	-3.26515e-05
569.142	0.0	0.0	-3.2304750000000006e-05
569.192	0.0	0.0	-3.207675e-05
569.312	0.0	0.0	-2.7303000000000003e-05
569.512	0.0	0.0	-2.0077537500000005e-05
569.482	0.0	0.0	-2.1144625000000003e-05
569.522	0.0	0.0	-1.9637687500000003e-05
569.652	0.0	0.0	-1.34859625e-05
569.842	0.0	0.0	-4.040587500000001e-06
569.812	0.0	0.0	-5.393387500000001e-06
569.852	0.0	0.0	-3.700487500000001e-06
569.982	0.0	0.0	-1.7513012499999998e-07
570.182	0.0	0.0	5.189375e-06
570.152	0.0	0.0	4.488750000000001e-06
570.202	0.0	0.0	5.3629875e-06
570.322	0.0	0.0	6.830025000000001e-06
570.522	0.0	0.0	9.052075000000001e-06
570.492	0.0	0.0	8.721950000000002e-06
570.532	0.0	0.0	9.177000000000002e-06
570.662	0.0	0.0	1.0981525000000002e-05
570.852	0.0	0.0	1.375315e-05
570.822	0.0	0.0	1.3353675e-05
570.862	0.0	0.0	1.3642950000000001e-05
570.992	0.0	0.0	1.24727875e-05
571.192	0.0	0.0	1.0691537500000002e-05
571.162	0.0	0.0	1.0925712500000002e-05
571.212	0.0	0.0	9.965262500000002e-06
571.332	0.0	0.0	3.7109375e-06
571.532	0.0	0.0	-5.765787500000001e-06
571.502	0.0	0.0	-4.349575000000001e-06
571.542	0.0	0.0	-6.340062500000001e-06
571.672	0.0	0.0	-1.4924975000000002e-05
571.862	0.0	0.0	-2.8117625e-05
571.832	0.0	0.0	-2.6203375000000002e-05
571.872	0.0	0.0	-2.8618750000000004e-05
572.002	0.0	0.0	-3.4062250000000004e-05
572.202	0.0	0.0	-4.2351e-05
572.172	0.0	0.0	-4.1253750000000005e-05
572.212	0.0	0.0	-4.2018500000000004e-05
572.342	0.0	0.0	-3.9094875e-05
572.542	0.0	0.0	-3.4663125e-05
572.512	0.0	0.0	-3.5328125000000007e-05
572.552	0.0	0.0	-3.393875e-05
572.682	0.0	0.0	-2.2747987500000006e-05
572.872	0.0	0.0	-5.54325e-06
572.842	0.0	0.0	-8.053862500000002e-06
572.882	0.0	0.0	-4.2210875e-06
573.012	0.0	0.0	1.05162625e-05
573.212	0.0	0.0	3.296975e-05
573.182	0.0	0.0	2.9977250000000002e-05
573.222	0.0	0.0	3.405037500000001e-05
573.352	0.0	0.0	4.3757e-05
573.552	0.0	0.0	5.847487500000001e-05
573.522	0.0	0.0	5.6249500000000004e-05
573.562	0.0	0.0	5.8406e-05
573.682	0.0	0.0	5.729212500000001e-05
573.882	0.0	0.0	5.557975000000001e-05
573.852	0.0	0.0	5.583150000000001e-05
573.892	0.0	0.0	5.4518125e-05
574.022	0.0	0.0	4.2377125000000006e-05
574.222	0.0	0.0	2.3875875e-05
574.192	0.0	0.0	2.6360125000000004e-05
574.232	0.0	0.0	2.2035725000000005e-05
574.362	0.0	0.0	5.1851000000000006e-06
574.562	0.0	0.0	-2.0377975000000002e-05
574.532	0.0	0.0	-1.6489862500000004e-05
574.572	0.0	0.0	-2.1124200000000004e-05
574.692	0.0	0.0	-3.3556375e-05
574.892	0.0	0.0	-5.2684625e-05
574.862	0.0	0.0	-4.985837500000001e-05
574.902	0.0	0.0	-5.286750000000001e-05
575.032	0.0	0.0	-5.500025e-05
575.232	0.0	0.0	-5.825400000000001e-05
575.202	0.0	0.0	-5.781462500000001e-05
575.242	0.0	0.0	-5.7301625e-05
575.372	0.0	0.0	-4.839300000000001e-05
575.572	0.0	0.0	-3.4872125e-05
575.542	0.0	0.0	-3.694075000000001e-05
575.582	0.0	0.0	-3.4067e-05
575.702	0.0	0.0	-2.0137862500000003e-05
575.902	0.0	0.0	1.30204625e-06
575.872	0.0	0.0	-1.8838737500000002e-06
575.912	0.0	0.0	2.270025e-06
576.042	0.0	0.0	1.3936975000000002e-05
576.242	0.0	0.0	3.173475e-05
576.212	0.0	0.0	2.9314625e-05
576.252	0.0	0.0	3.21005e-05
576.382	0.0	0.0	3.5613125e-05
576.582	0.0	0.0	4.0945e-05
576.552	0.0	0.0	4.012562500000001e-05
576.592	0.0	0.0	4.0690875e-05
576.712	0.0	0.0	3.609525e-05
576.912	0.0	0.0	2.9017750000000002e-05
576.882	0.0	0.0	3.0074625e-05
576.922	0.0	0.0	2.8343250000000003e-05
577.052	0.0	0.0	1.9997500000000003e-05
577.252	0.0	0.0	7.260375e-06
577.222	0.0	0.0	9.003625e-06
577.262	0.0	0.0	6.604637500000001e-06
577.392	0.0	0.0	2.0330475000000003e-07
577.592	0.0	0.0	-9.51995e-06
577.562	0.0	0.0	-8.0153875e-06
577.602	0.0	0.0	-9.5985625e-06
577.722	0.0	0.0	-1.107605e-05
577.922	0.0	0.0	-1.3352012500000003e-05
577.892	0.0	0.0	-1.3009775e-05
577.932	0.0	0.0	-1.3197637500000003e-05
578.062	0.0	0.0	-1.12325625e-05
578.262	0.0	0.0	-8.2327e-06
578.232	0.0	0.0	-8.64595e-06
578.272	0.0	0.0	-8.0609875e-06
578.402	0.0	0.0	-6.346712500000001e-06
578.602	0.0	0.0	-3.7415750000000007e-06
578.572	0.0	0.0	-4.1469875e-06
578.612	0.0	0.0	-3.6316125e-06
578.732	0.0	0.0	-1.4702912500000002e-06
578.932	0.0	0.0	1.8602662500000002e-06
578.902	0.0	0.0	1.35648125e-06
578.942	0.0	0.0	2.2252325000000005e-06
579.072	0.0	0.0	7.011712500000001e-06
579.272	0.0	0.0	1.4321962500000002e-05
579.242	0.0	0.0	1.331045e-05
579.282	0.0	0.0	1.4742575000000002e-05
579.412	0.0	0.0	1.90144875e-05
579.612	0.0	0.0	2.5507500000000006e-05
579.582	0.0	0.0	2.4481500000000006e-05
579.622	0.0	0.0	2.548375e-05
579.742	0.0	0.0	2.4977875000000002e-05
579.942	0.0	0.0	2.4194125e-05
579.912	0.0	0.0	2.4310500000000004e-05
579.952	0.0	0.0	2.35683125e-05
580.082	0.0	0.0	1.6200112500000002e-05
580.282	0.0	0.0	4.993912500000001e-06
580.252	0.0	0.0	6.728850000000001e-06
580.292	0.0	0.0	4.4300875e-06
580.412	0.0	0.0	-6.791550000000001e-06
580.612	0.0	0.0	-2.4092000000000002e-05
580.582	0.0	0.0	-2.1441975000000004e-05
580.622	0.0	0.0	-2.4764125e-05
580.752	0.0	0.0	-3.4093125e-05
580.952	0.0	0.0	-4.835500000000001e-05
580.922	0.0	0.0	-4.6357625e-05
580.962	0.0	0.0	-4.8423875e-05
581.092	0.0	0.0	-4.915300000000001e-05
581.292	0.0	0.0	-5.0262125e-05
581.262	0.0	0.0	-5.0086375e-05
581.302	0.0	0.0	-4.9829875e-05
581.422	0.0	0.0	-4.0194499999999996e-05
581.622	0.0	0.0	-2.5327000000000003e-05
581.592	0.0	0.0	-2.7611750000000002e-05
581.632	0.0	0.0	-2.4156125000000002e-05
581.762	0.0	0.0	-7.485050000000001e-06
581.962	0.0	0.0	1.80013125e-05
581.932	0.0	0.0	1.4408412500000002e-05
581.972	0.0	0.0	1.9372400000000004e-05
582.102	0.0	0.0	3.4295e-05
582.302	0.0	0.0	5.700237500000001e-05
582.272	0.0	0.0	5.3397125000000006e-05
582.312	0.0	0.0	5.721375e-05
582.432	0.0	0.0	6.214425e-05
582.632	0.0	0.0	6.975375e-05
582.602	0.0	0.0	6.8578125e-05
582.642	0.0	0.0	6.9179e-05
582.772	0.0	0.0	6.0716875000000006e-05
582.972	0.0	0.0	4.777312500000001e-05
582.942	0.0	0.0	4.960900000000001e-05
582.982	0.0	0.0	4.6134375e-05
583.112	0.0	0.0	2.783975e-05
583.312	0.0	0.0	-1.1275787500000001e-08
583.282	0.0	0.0	4.4360250000000004e-06
583.322	0.0	0.0	-7.600712500000001e-07
583.442	0.0	0.0	-1.934105e-05
583.642	0.0	0.0	-4.802962500000001e-05
583.612	0.0	0.0	-4.3571750000000005e-05
583.652	0.0	0.0	-4.8682750000000004e-05
583.782	0.0	0.0	-5.8619750000000014e-05
583.982	0.0	0.0	-7.382450000000001e-05
583.952	0.0	0.0	-7.165375000000001e-05
583.992	0.0	0.0	-7.344212500000001e-05
584.122	0.0	0.0	-6.9067375e-05
584.322	0.0	0.0	-6.240312500000001e-05
584.292	0.0	0.0	-6.3471875e-05
584.322	0.0	0.0	-6.180462500000002e-05
584.452	0.0	0.0	-4.608925e-05
584.652	0.0	0.0	-2.181295e-05
584.622	0.0	0.0	-2.5604875e-05
584.662	0.0	0.0	-2.0582700000000002e-05
584.792	0.0	0.0	-1.2495350000000002e-06
584.992	0.0	0.0	2.8343250000000003e-05
584.962	0.0	0.0	2.4094375e-05
585.002	0.0	0.0	2.9419125e-05
585.132	0.0	0.0	4.2049375e-05
585.332	0.0	0.0	6.1291625e-05
585.302	0.0	0.0	5.8185125e-05
585.332	0.0	0.0	6.13035e-05
585.462	0.0	0.0	6.1614625e-05
585.662	0.0	0.0	6.209912500000002e-05
585.632	0.0	0.0	6.202312500000001e-05
585.672	0.0	0.0	6.142225e-05
585.802	0.0	0.0	5.043075000000001e-05
586.002	0.0	0.0	3.3599125e-05
585.972	0.0	0.0	3.6031125e-05
586.012	0.0	0.0	3.23e-05
586.142	0.0	0.0	1.66238125e-05
586.342	0.0	0.0	-7.270112500000001e-06
586.312	0.0	0.0	-3.3929250000000002e-06
586.342	0.0	0.0	-7.6703e-06
586.472	0.0	0.0	-1.9606100000000002e-05
586.672	0.0	0.0	-3.8057000000000005e-05
586.642	0.0	0.0	-3.5142875000000004e-05
586.682	0.0	0.0	-3.8263625000000006e-05
586.812	0.0	0.0	-4.1750125e-05
587.012	0.0	0.0	-4.70915e-05
586.982	0.0	0.0	-4.6314875000000004e-05
587.022	0.0	0.0	-4.6649750000000005e-05
587.152	0.0	0.0	-4.115637500000001e-05
587.352	0.0	0.0	-3.2782125e-05
587.322	0.0	0.0	-3.414775e-05
587.352	0.0	0.0	-3.246625000000001e-05
587.482	0.0	0.0	-2.2383187500000002e-05
587.682	0.0	0.0	-6.7906e-06
587.652	0.0	0.0	-9.267725000000001e-06
587.692	0.0	0.0	-6.234375000000001e-06
587.822	0.0	0.0	3.5304375e-06
588.022	0.0	0.0	1.8495312500000003e-05
587.992	0.0	0.0	1.6307225e-05
588.032	0.0	0.0	1.89061875e-05
588.162	0.0	0.0	2.4144250000000002e-05
588.362	0.0	0.0	3.2136125e-05
588.332	0.0	0.0	3.0825125000000006e-05
588.362	0.0	0.0	3.2117125000000006e-05
588.492	0.0	0.0	3.1464e-05
588.692	0.0	0.0	3.0457000000000003e-05
588.662	0.0	0.0	3.0618500000000005e-05
588.702	0.0	0.0	3.0124500000000003e-05
588.832	0.0	0.0	2.4087250000000002e-05
589.032	0.0	0.0	1.48287875e-05
589.002	0.0	0.0	1.6190375e-05
589.042	0.0	0.0	1.41329125e-05
589.172	0.0	0.0	4.999375000000001e-06
589.372	0.0	0.0	-8.939975e-06
589.342	0.0	0.0	-6.6421625000000005e-06
589.372	0.0	0.0	-9.1610875e-06
589.502	0.0	0.0	-1.7419675e-05
589.702	0.0	0.0	-3.02005e-05
589.672	0.0	0.0	-2.8148500000000003e-05
589.712	0.0	0.0	-3.0381000000000006e-05
589.842	0.0	0.0	-3.3812875e-05
590.042	0.0	0.0	-3.9075875e-05
590.012	0.0	0.0	-3.829687500000001e-05
590.052	0.0	0.0	-3.8767125e-05
590.182	0.0	0.0	-3.4606125e-05
590.382	0.0	0.0	-2.8250625000000002e-05
590.352	0.0	0.0	-2.9302750000000003e-05
590.382	0.0	0.0	-2.8001250000000002e-05
590.512	0.0	0.0	-1.7805137500000003e-05
590.712	0.0	0.0	-2.01962875e-06
590.682	0.0	0.0	-4.568312500000001e-06
590.722	0.0	0.0	-1.4234800000000003e-06
590.852	0.0	0.0	1.0414375000000001e-05
591.052	0.0	0.0	2.8578375000000002e-05
591.022	0.0	0.0	2.5875625000000005e-05
591.062	0.0	0.0	2.9074750000000005e-05
591.192	0.0	0.0	3.60145e-05
591.392	0.0	0.0	4.661175e-05
591.362	0.0	0.0	4.4847125e-05
591.392	0.0	0.0	4.6571375000000004e-05
591.522	0.0	0.0	4.481862500000001e-05
591.722	0.0	0.0	4.2101625000000005e-05
591.692	0.0	0.0	4.2543375e-05
591.732	0.0	0.0	4.161475e-05
591.862	0.0	0.0	3.1521000000000005e-05
592.062	0.0	0.0	1.60265e-05
592.032	0.0	0.0	1.8345687500000002e-05
592.072	0.0	0.0	1.5089799999999999e-05
592.202	0.0	0.0	1.609395e-06
592.402	0.0	0.0	-1.89888375e-05
592.372	0.0	0.0	-1.5540575e-05
592.402	0.0	0.0	-1.91902375e-05
592.532	0.0	0.0	-2.9229125000000003e-05
592.732	0.0	0.0	-4.4785375000000005e-05
592.702	0.0	0.0	-4.2246499999999996e-05
592.742	0.0	0.0	-4.4873250000000006e-05
592.872	0.0	0.0	-4.6778000000000005e-05
593.072	0.0	0.0	-4.9704e-05
593.042	0.0	0.0	-4.9264625000000004e-05
593.082	0.0	0.0	-4.9191000000000004e-05
593.212	0.0	0.0	-4.1560125e-05
593.412	0.0	0.0	-2.9894125000000004e-05
593.382	0.0	0.0	-3.1855875e-05
593.412	0.0	0.0	-2.9656625000000005e-05
593.542	0.0	0.0	-1.6296537499999998e-05
593.742	0.0	0.0	4.4118e-06
593.712	0.0	0.0	1.0149325000000002e-06
593.752	0.0	0.0	4.997000000000001e-06
593.882	0.0	0.0	1.8367300000000003e-05
594.082	0.0	0.0	3.890725000000001e-05
594.052	0.0	0.0	3.580075e-05
594.092	0.0	0.0	3.932762500000001e-05
594.222	0.0	0.0	4.5763875e-05
594.422	0.0	0.0	5.5605875e-05
594.392	0.0	0.0	5.3929125e-05
594.422	0.0	0.0	5.5558375000000005e-05
594.552	0.0	0.0	5.173700000000001e-05
594.752	0.0	0.0	4.580900000000001e-05
594.722	0.0	0.0	4.6759000000000004e-05
594.762	0.0	0.0	4.5117875e-05
594.892	0.0	0.0	3.19865e-05
595.092	0.0	0.0	1.18937625e-05
595.062	0.0	0.0	1.5256762500000003e-05
595.092	0.0	0.0	1.1616600000000002e-05
595.222	0.0	0.0	-4.5146375e-06
595.422	0.0	0.0	-2.953075e-05
595.392	0.0	0.0	-2.5379250000000003e-05
595.432	0.0	0.0	-2.9998625000000003e-05
595.562	0.0	0.0	-4.1845125000000005e-05
595.762	0.0	0.0	-6.005425e-05
595.732	0.0	0.0	-5.727312500000001e-05
595.772	0.0	0.0	-6.0092250000000004e-05
595.902	0.0	0.0	-6.070737500000001e-05
596.102	0.0	0.0	-6.1647875e-05
596.072	0.0	0.0	-6.148875e-05
596.102	0.0	0.0	-6.151487500000001e-05
596.232	0.0	0.0	-5.0290625e-05
596.432	0.0	0.0	-3.2872375e-05
596.402	0.0	0.0	-3.5769875e-05
596.442	0.0	0.0	-3.2171750000000006e-05
596.572	0.0	0.0	-1.3717525000000002e-05
596.772	0.0	0.0	1.4661350000000002e-05
596.742	0.0	0.0	1.03006125e-05
596.782	0.0	0.0	1.56168125e-05
596.912	0.0	0.0	3.1772750000000005e-05
597.112	0.0	0.0	5.6506000000000004e-05
597.082	0.0	0.0	5.2266625e-05
597.112	0.0	0.0	5.655825000000001e-05
597.242	0.0	0.0	6.21965e-05
597.442	0.0	0.0	7.094600000000001e-05
597.412	0.0	0.0	6.948300000000001e-05
597.442	0.0	0.0	7.066575e-05
597.582	0.0	0.0	6.2849625e-05
597.782	0.0	0.0	5.0825e-05
597.752	0.0	0.0	5.2682250000000005e-05
597.792	0.0	0.0	4.982037500000001e-05
597.922	0.0	0.0	3.2150375e-05
598.122	0.0	0.0	5.0879625e-06
598.092	0.0	0.0	9.7481875e-06
598.122	0.0	0.0	4.9511625e-06
598.252	0.0	0.0	-1.3500212500000003e-05
598.452	0.0	0.0	-4.215387500000001e-05
598.422	0.0	0.0	-3.733975000000001e-05
598.452	0.0	0.0	-4.2519625e-05
598.592	0.0	0.0	-5.33995e-05
598.792	0.0	0.0	-7.0145625e-05
598.762	0.0	0.0	-6.754500000000002e-05
598.802	0.0	0.0	-7.000787500000001e-05
598.932	0.0	0.0	-6.746425e-05
599.132	0.0	0.0	-6.3571625e-05
599.102	0.0	0.0	-6.424375000000001e-05
599.132	0.0	0.0	-6.349562500000001e-05
599.262	0.0	0.0	-4.913637500000001e-05
599.462	0.0	0.0	-2.6828000000000005e-05
599.432	0.0	0.0	-3.0594750000000004e-05
599.462	0.0	0.0	-2.6196250000000002e-05
599.602	0.0	0.0	-6.065512500000001e-06
599.802	0.0	0.0	2.4928000000000003e-05
599.772	0.0	0.0	2.0085375e-05
599.812	0.0	0.0	2.5766375000000003e-05
599.942	0.0	0.0	4.173825e-05
600.142	0.0	0.0	6.6222125e-05
600.102	0.0	0.0	6.196375e-05
600.142	0.0	0.0	6.6234e-05
600.272	0.0	0.0	7.03e-05
600.472	0.0	0.0	7.662462500000001e-05
600.442	0.0	0.0	7.555112500000001e-05
600.472	0.0	0.0	7.6315875e-05
600.612	0.0	0.0	6.578512500000001e-05
600.812	0.0	0.0	4.956387500000001e-05
600.782	0.0	0.0	5.211225e-05
600.822	0.0	0.0	4.850225000000001e-05
600.952	0.0	0.0	2.7417000000000005e-05
601.152	0.0	0.0	-4.9145875e-06
601.112	0.0	0.0	7.3442125e-07
601.152	0.0	0.0	-4.930975000000001e-06
601.282	0.0	0.0	-2.6410000000000006e-05
601.482	0.0	0.0	-5.9804875000000006e-05
601.452	0.0	0.0	-5.4109625e-05
601.482	0.0	0.0	-6.0123125e-05
601.622	0.0	0.0	-7.1860375e-05
601.822	0.0	0.0	-8.994600000000001e-05
601.792	0.0	0.0	-8.709125000000001e-05
601.832	0.0	0.0	-8.968237500000002e-05
601.962	0.0	0.0	-8.418425000000001e-05
602.162	0.0	0.0	-7.575062500000001e-05
602.122	0.0	0.0	-7.723025000000001e-05
602.162	0.0	0.0	-7.575775000000001e-05
602.292	0.0	0.0	-5.5320875000000006e-05
602.492	0.0	0.0	-2.35018125e-05
602.462	0.0	0.0	-2.8956000000000002e-05
602.492	0.0	0.0	-2.28406125e-05
602.632	0.0	0.0	3.7729250000000004e-06
602.832	0.0	0.0	4.4794875000000005e-05
602.802	0.0	0.0	3.8282625e-05
602.842	0.0	0.0	4.5649875e-05
602.972	0.0	0.0	6.427225e-05
603.172	0.0	0.0	9.2850625e-05
603.132	0.0	0.0	8.78085e-05
603.172	0.0	0.0	9.278175000000002e-05
603.302	0.0	0.0	9.391225000000001e-05
603.502	0.0	0.0	9.557000000000002e-05
603.472	0.0	0.0	9.5285e-05
603.502	0.0	0.0	9.517575000000001e-05
603.642	0.0	0.0	7.77765e-05
603.842	0.0	0.0	5.0946125000000005e-05
603.812	0.0	0.0	5.522825000000001e-05
603.852	0.0	0.0	4.9768125000000004e-05
603.982	0.0	0.0	2.2784800000000002e-05
604.182	0.0	0.0	-1.8637575e-05
604.142	0.0	0.0	-1.1296450000000003e-05
604.182	0.0	0.0	-1.8482249999999997e-05
604.312	0.0	0.0	-4.0840499999999996e-05
604.512	0.0	0.0	-7.560575e-05
604.482	0.0	0.0	-6.9589875e-05
604.512	0.0	0.0	-7.575775000000001e-05
604.652	0.0	0.0	-8.3151125e-05
604.852	0.0	0.0	-9.455825e-05
604.822	0.0	0.0	-9.2727125e-05
604.862	0.0	0.0	-9.409987500000001e-05
604.992	0.0	0.0	-8.305612500000001e-05
605.192	0.0	0.0	-6.609625e-05
605.152	0.0	0.0	-6.911487500000002e-05
605.192	0.0	0.0	-6.6184125e-05
605.322	0.0	0.0	-4.4291375000000006e-05
605.522	0.0	0.0	-1.00612125e-05
605.482	0.0	0.0	-1.60148625e-05
605.522	0.0	0.0	-9.66245e-06
605.662	0.0	0.0	1.2088274999999999e-05
605.862	0.0	0.0	4.5654625e-05
605.832	0.0	0.0	4.0239625e-05
605.872	0.0	0.0	4.6058375000000004e-05
606.002	0.0	0.0	5.6327875000000005e-05
606.202	0.0	0.0	7.2105e-05
606.162	0.0	0.0	6.928350000000002e-05
606.202	0.0	0.0	7.200050000000001e-05
606.332	0.0	0.0	6.77635e-05
606.532	0.0	0.0	6.093300000000001e-05
606.492	0.0	0.0	6.212525000000001e-05
606.532	0.0	0.0	6.06955e-05
606.662	0.0	0.0	4.612962500000001e-05
606.872	0.0	0.0	2.3640275000000003e-05
606.842	0.0	0.0	2.7286375000000002e-05
606.872	0.0	0.0	2.30600625e-05
607.012	0.0	0.0	7.4344625000000005e-06
607.212	0.0	0.0	-1.65813e-05
607.172	0.0	0.0	-1.2265450000000003e-05
607.212	0.0	0.0	-1.6390112500000002e-05
607.342	0.0	0.0	-2.5134625000000003e-05
607.542	0.0	0.0	-3.8629375000000005e-05
607.502	0.0	0.0	-3.6259125e-05
607.542	0.0	0.0	-3.862225e-05
607.672	0.0	0.0	-3.8125875e-05
607.882	0.0	0.0	-3.735875e-05
607.852	0.0	0.0	-3.7484625000000005e-05
607.882	0.0	0.0	-3.7114125000000006e-05
608.022	0.0	0.0	-3.0110250000000002e-05
608.222	0.0	0.0	-1.93403375e-05
608.182	0.0	0.0	-2.12845125e-05
608.222	0.0	0.0	-1.94410375e-05
608.352	0.0	0.0	-1.17360625e-05
608.552	0.0	0.0	2.9552125e-07
608.512	0.0	0.0	-1.8272775000000002e-06
608.552	0.0	0.0	3.4822250000000005e-07
608.682	0.0	0.0	4.794175e-06
608.892	0.0	0.0	1.16629125e-05
608.862	0.0	0.0	1.0539537499999999e-05
608.892	0.0	0.0	1.1672412500000001e-05
609.032	0.0	0.0	1.1961925e-05
609.232	0.0	0.0	1.2407e-05
609.192	0.0	0.0	1.2325537500000002e-05
609.232	0.0	0.0	1.2401300000000003e-05
609.362	0.0	0.0	1.0743312500000002e-05
609.562	0.0	0.0	8.093762500000001e-06
609.522	0.0	0.0	8.5511875e-06
609.562	0.0	0.0	8.049825e-06
609.702	0.0	0.0	5.903300000000001e-06
609.902	0.0	0.0	2.600625e-06
609.862	0.0	0.0	3.1939000000000005e-06
609.902	0.0	0.0	2.6326875e-06
610.032	0.0	0.0	-2.5429125e-07
610.232	0.0	0.0	-4.776125000000001e-06
610.192	0.0	0.0	-3.9698125000000005e-06
610.232	0.0	0.0	-4.7996375e-06
610.362	0.0	0.0	-7.8429625e-06
610.572	0.0	0.0	-1.2547837500000001e-05
610.542	0.0	0.0	-1.1770975000000003e-05
610.572	0.0	0.0	-1.2575150000000001e-05
610.712	0.0	0.0	-1.3509712500000003e-05
610.912	0.0	0.0	-1.4948250000000002e-05
610.872	0.0	0.0	-1.46853375e-05
610.912	0.0	0.0	-1.4929487500000002e-05
611.042	0.0	0.0	-1.2722162500000002e-05
611.242	0.0	0.0	-9.1753375e-06
611.202	0.0	0.0	-9.808987500000001e-06
611.242	0.0	0.0	-9.147550000000002e-06
611.372	0.0	0.0	-4.5963375e-06
611.582	0.0	0.0	2.44245e-06
611.552	0.0	0.0	1.2741875000000002e-06
611.582	0.0	0.0	2.5517e-06
611.722	0.0	0.0	6.603687500000001e-06
611.922	0.0	0.0	1.2842337500000002e-05
611.882	0.0	0.0	1.1697350000000002e-05
611.922	0.0	0.0	1.27520875e-05
612.052	0.0	0.0	1.4050975e-05
612.252	0.0	0.0	1.5981375e-05
612.212	0.0	0.0	1.5635100000000002e-05
612.252	0.0	0.0	1.59740125e-05
612.382	0.0	0.0	1.4079712500000001e-05
612.592	0.0	0.0	1.1149200000000002e-05
612.562	0.0	0.0	1.1637975000000003e-05
612.592	0.0	0.0	1.10599e-05
612.732	0.0	0.0	7.4620125e-06
612.932	0.0	0.0	1.9197362500000004e-06
612.892	0.0	0.0	2.9414375000000004e-06
612.932	0.0	0.0	2.00754e-06
613.062	0.0	0.0	-1.5298325e-06
613.262	0.0	0.0	-7.054700000000001e-06
613.222	0.0	0.0	-6.058387500000001e-06
613.262	0.0	0.0	-7.059687500000001e-06
613.392	0.0	0.0	-9.8849875e-06
613.602	0.0	0.0	-1.4257837500000002e-05
613.572	0.0	0.0	-1.3524675000000001e-05
613.602	0.0	0.0	-1.42792125e-05
613.742	0.0	0.0	-1.52249375e-05
613.942	0.0	0.0	-1.6682237500000004e-05
613.902	0.0	0.0	-1.6412200000000002e-05
613.942	0.0	0.0	-1.66570625e-05
614.072	0.0	0.0	-1.4128875000000001e-05
614.272	0.0	0.0	-1.0028675e-05
614.232	0.0	0.0	-1.07713375e-05
614.272	0.0	0.0	-1.0029625e-05
614.402	0.0	0.0	-3.0390500000000006e-06
614.612	0.0	0.0	7.786675000000001e-06
614.582	0.0	0.0	5.962912500000001e-06
614.612	0.0	0.0	7.9612375e-06
614.752	0.0	0.0	1.649675e-05
614.952	0.0	0.0	2.965425e-05
614.912	0.0	0.0	2.7208e-05
614.952	0.0	0.0	2.9409625000000002e-05
615.082	0.0	0.0	3.4354374999999996e-05
615.282	0.0	0.0	4.19235e-05
615.242	0.0	0.0	4.0546e-05
615.282	0.0	0.0	4.1911624999999995e-05
615.412	0.0	0.0	3.836575e-05
615.622	0.0	0.0	3.2843875000000004e-05
615.582	0.0	0.0	3.3779625e-05
615.622	0.0	0.0	3.26135e-05
615.762	0.0	0.0	2.0059962500000002e-05
615.962	0.0	0.0	6.995087500000001e-07
615.922	0.0	0.0	4.316325e-06
615.962	0.0	0.0	1.08639625e-06
616.092	0.0	0.0	-1.47421e-05
616.292	0.0	0.0	-3.9669625000000006e-05
616.252	0.0	0.0	-3.5112e-05
616.292	0.0	0.0	-3.9593625e-05
616.422	0.0	0.0	-5.072762500000001e-05
616.632	0.0	0.0	-6.794400000000001e-05
616.592	0.0	0.0	-6.5015625e-05
616.632	0.0	0.0	-6.791550000000001e-05
616.772	0.0	0.0	-6.6155625e-05
616.972	0.0	0.0	-6.3441e-05
616.932	0.0	0.0	-6.394925000000001e-05
616.972	0.0	0.0	-6.349800000000001e-05
617.102	0.0	0.0	-4.873025000000001e-05
617.302	0.0	0.0	-2.4920875000000002e-05
617.262	0.0	0.0	-2.9293250000000003e-05
617.302	0.0	0.0	-2.5025375e-05
617.432	0.0	0.0	-2.36405125e-06
617.642	0.0	0.0	3.2839125000000004e-05
617.602	0.0	0.0	2.6820875000000004e-05
617.642	0.0	0.0	3.3090875000000004e-05
617.772	0.0	0.0	5.1055375000000004e-05
617.982	0.0	0.0	7.877875000000001e-05
617.942	0.0	0.0	7.355375e-05
617.982	0.0	0.0	7.8149375e-05
618.112	0.0	0.0	8.199450000000001e-05
618.312	0.0	0.0	8.721475000000001e-05
618.272	0.0	0.0	8.625287500000001e-05
618.312	0.0	0.0	8.718387500000001e-05
618.442	0.0	0.0	7.342312500000001e-05
618.652	0.0	0.0	5.184625000000001e-05
618.612	0.0	0.0	5.555362500000001e-05
618.652	0.0	0.0	5.155650000000001e-05
618.782	0.0	0.0	2.7063125000000004e-05
618.992	0.0	0.0	-1.0753525e-05
618.952	0.0	0.0	-3.597175e-06
618.992	0.0	0.0	-9.842475000000001e-06
619.122	0.0	0.0	-3.1991249999999996e-05
619.322	0.0	0.0	-6.654275e-05
619.282	0.0	0.0	-6.0142125e-05
619.322	0.0	0.0	-6.6293375e-05
619.452	0.0	0.0	-7.5555875e-05
619.662	0.0	0.0	-8.969425e-05
619.622	0.0	0.0	-8.725275e-05
619.662	0.0	0.0	-8.960875000000001e-05
619.792	0.0	0.0	-8.0921e-05
620.002	0.0	0.0	-6.7504625e-05
619.962	0.0	0.0	-7.005300000000002e-05
619.992	0.0	0.0	-6.784425000000001e-05
620.132	0.0	0.0	-4.7789750000000004e-05
620.332	0.0	0.0	-1.5631775e-05
620.292	0.0	0.0	-2.16144e-05
620.332	0.0	0.0	-1.590775e-05
620.462	0.0	0.0	6.000675000000002e-06
620.672	0.0	0.0	4.0016375000000004e-05
620.632	0.0	0.0	3.411925000000001e-05
620.672	0.0	0.0	4.0106625e-05
620.802	0.0	0.0	5.18415e-05
621.012	0.0	0.0	6.997225e-05
620.972	0.0	0.0	6.6511875e-05
621.002	0.0	0.0	6.948537500000001e-05
621.142	0.0	0.0	6.7317e-05
621.342	0.0	0.0	6.297075000000001e-05
621.302	0.0	0.0	6.378300000000001e-05
621.342	0.0	0.0	6.30135e-05
621.472	0.0	0.0	4.935962500000001e-05
621.682	0.0	0.0	2.7906250000000004e-05
621.642	0.0	0.0	3.1642125e-05
621.682	0.0	0.0	2.7818375000000003e-05
621.812	0.0	0.0	1.1666000000000001e-05
622.022	0.0	0.0	-1.3300950000000002e-05
621.982	0.0	0.0	-8.5160375e-06
622.012	0.0	0.0	-1.2597237500000001e-05
622.152	0.0	0.0	-2.280095e-05
622.352	0.0	0.0	-3.838e-05
622.312	0.0	0.0	-3.5456375e-05
622.352	0.0	0.0	-3.8204250000000006e-05
622.482	0.0	0.0	-3.90165e-05
622.692	0.0	0.0	-4.002350000000001e-05
622.652	0.0	0.0	-3.9847750000000005e-05
622.692	0.0	0.0	-3.9997375e-05
622.822	0.0	0.0	-3.323575e-05
623.032	0.0	0.0	-2.27821875e-05
622.992	0.0	0.0	-2.4806875000000003e-05
623.022	0.0	0.0	-2.3111125e-05
623.152	0.0	0.0	-1.4772262500000003e-05
623.362	0.0	0.0	-1.5489037500000002e-06
623.322	0.0	0.0	-3.9809750000000005e-06
623.362	0.0	0.0	-1.6253075000000002e-06
623.492	0.0	0.0	3.8779e-06
623.702	0.0	0.0	1.2347625000000002e-05
623.662	0.0	0.0	1.0732862500000001e-05
623.692	0.0	0.0	1.21070375e-05
623.822	0.0	0.0	1.3007875000000001e-05
624.032	0.0	0.0	1.4091587500000002e-05
623.992	0.0	0.0	1.3886387500000002e-05
624.032	0.0	0.0	1.4076387500000002e-05
624.162	0.0	0.0	1.1843650000000003e-05
624.372	0.0	0.0	8.273550000000001e-06
624.332	0.0	0.0	8.902925e-06
624.372	0.0	0.0	8.2745e-06
624.502	0.0	0.0	5.74845e-06
624.712	0.0	0.0	1.83969875e-06
624.672	0.0	0.0	2.5970625000000004e-06
624.702	0.0	0.0	1.9639825000000002e-06
624.832	0.0	0.0	7.8320375e-07
625.042	0.0	0.0	-9.6151875e-07
625.002	0.0	0.0	-6.303487500000002e-07
625.042	0.0	0.0	-9.352987500000001e-07
625.172	0.0	0.0	-1.31005e-06
625.382	0.0	0.0	-1.8645887500000002e-06
625.342	0.0	0.0	-1.7663587500000002e-06
625.382	0.0	0.0	-1.86371e-06
625.512	0.0	0.0	-2.13049375e-06
625.722	0.0	0.0	-2.54315e-06
625.682	0.0	0.0	-2.4628750000000005e-06
625.712	0.0	0.0	-2.529375e-06
625.842	0.0	0.0	-2.1931225e-06
626.052	0.0	0.0	-1.6136700000000001e-06
626.012	0.0	0.0	-1.7241312500000002e-06
626.052	0.0	0.0	-1.62317e-06
626.182	0.0	0.0	-9.298125e-07
626.392	0.0	0.0	1.61084375e-07
626.352	0.0	0.0	-3.3043375e-08
626.392	0.0	0.0	1.57859125e-07
626.522	0.0	0.0	8.601300000000001e-07
626.732	0.0	0.0	1.9475712500000003e-06
626.692	0.0	0.0	1.7351275000000004e-06
626.722	0.0	0.0	1.91007e-06
626.852	0.0	0.0	3.1589875000000006e-06
627.062	0.0	0.0	5.1703750000000005e-06
627.022	0.0	0.0	4.7853875e-06
627.062	0.0	0.0	5.13475e-06
627.192	0.0	0.0	5.9522250000000004e-06
627.402	0.0	0.0	7.2026625000000004e-06
627.362	0.0	0.0	6.979175e-06
627.402	0.0	0.0	7.1972e-06
627.532	0.0	0.0	5.5195e-06
627.742	0.0	0.0	2.8946500000000003e-06
627.702	0.0	0.0	3.4095500000000007e-06
627.732	0.0	0.0	2.9887000000000003e-06
627.862	0.0	0.0	-1.5337987500000002e-06
628.072	0.0	0.0	-8.905300000000001e-06
628.032	0.0	0.0	-7.488375e-06
628.072	0.0	0.0	-8.764225e-06
628.202	0.0	0.0	-1.4477762500000001e-05
628.412	0.0	0.0	-2.34125125e-05
628.372	0.0	0.0	-2.1808200000000006e-05
628.412	0.0	0.0	-2.3361925e-05
628.542	0.0	0.0	-2.5780625000000004e-05
628.752	0.0	0.0	-2.9485625000000006e-05
628.712	0.0	0.0	-2.87565e-05
628.742	0.0	0.0	-2.9347875000000006e-05
628.872	0.0	0.0	-2.5495625000000002e-05
629.082	0.0	0.0	-1.8836837500000005e-05
629.042	0.0	0.0	-2.01221875e-05
629.082	0.0	0.0	-1.89734e-05
629.212	0.0	0.0	-8.205387500000002e-06
629.422	0.0	0.0	8.8844e-06
629.382	0.0	0.0	5.802125e-06
629.422	0.0	0.0	8.763987500000002e-06
629.552	0.0	0.0	2.122585e-05
629.762	0.0	0.0	4.0572125000000006e-05
629.722	0.0	0.0	3.6746000000000004e-05
629.752	0.0	0.0	3.9826375e-05
629.882	0.0	0.0	4.6718625000000005e-05
630.092	0.0	0.0	5.7004750000000003e-05
630.052	0.0	0.0	5.5009750000000006e-05
630.092	0.0	0.0	5.6779125e-05
630.222	0.0	0.0	5.2440000000000006e-05
630.432	0.0	0.0	4.508700000000001e-05
630.392	0.0	0.0	4.641937500000001e-05
630.432	0.0	0.0	4.514875000000001e-05
630.562	0.0	0.0	2.9749250000000003e-05
630.772	0.0	0.0	5.647275000000001e-06
630.732	0.0	0.0	1.04326625e-05
630.762	0.0	0.0	6.607962500000001e-06
630.892	0.0	0.0	-1.190825e-05
631.102	0.0	0.0	-4.1363000000000004e-05
631.062	0.0	0.0	-3.5632125e-05
631.102	0.0	0.0	-4.0679e-05
631.232	0.0	0.0	-5.33995e-05
631.442	0.0	0.0	-7.284362500000002e-05
631.402	0.0	0.0	-6.930725000000001e-05
631.442	0.0	0.0	-7.2656e-05
631.572	0.0	0.0	-7.1079e-05
631.782	0.0	0.0	-6.8297875e-05
631.742	0.0	0.0	-6.8853625e-05
631.772	0.0	0.0	-6.841187500000002e-05
631.902	0.0	0.0	-5.3903e-05
632.112	0.0	0.0	-2.9685125000000003e-05
632.072	0.0	0.0	-3.441850000000001e-05
632.102	0.0	0.0	-3.0281250000000004e-05
632.242	0.0	0.0	-8.670175e-06
632.452	0.0	0.0	2.5369750000000006e-05
632.412	0.0	0.0	1.91493875e-05
632.452	0.0	0.0	2.4992125000000003e-05
632.582	0.0	0.0	4.143187500000001e-05
632.792	0.0	0.0	6.679925000000001e-05
632.752	0.0	0.0	6.17215e-05
632.782	0.0	0.0	6.5718625e-05
632.912	0.0	0.0	6.928587500000001e-05
633.122	0.0	0.0	7.348487500000002e-05
633.082	0.0	0.0	7.266075e-05
633.112	0.0	0.0	7.3375625e-05
633.252	0.0	0.0	6.240075000000001e-05
633.462	0.0	0.0	4.4403e-05
633.422	0.0	0.0	4.7706625e-05
633.462	0.0	0.0	4.462625000000001e-05
633.592	0.0	0.0	2.6030000000000003e-05
633.802	0.0	0.0	-3.0663625000000007e-06
633.762	0.0	0.0	2.7789875e-06
633.792	0.0	0.0	-1.7902275000000003e-06
633.922	0.0	0.0	-1.7313512500000004e-05
634.132	0.0	0.0	-4.1408125e-05
634.092	0.0	0.0	-3.6662875e-05
634.122	0.0	0.0	-4.0752625e-05
634.262	0.0	0.0	-4.6348125000000006e-05
634.472	0.0	0.0	-5.438987500000001e-05
634.432	0.0	0.0	-5.290787500000001e-05
634.472	0.0	0.0	-5.427825e-05
634.602	0.0	0.0	-4.839300000000001e-05
634.812	0.0	0.0	-3.8874e-05
634.772	0.0	0.0	-4.0793e-05
634.802	0.0	0.0	-3.930387500000001e-05
634.932	0.0	0.0	-2.8234e-05
635.142	0.0	0.0	-1.0191362500000001e-05
635.102	0.0	0.0	-1.3760275000000001e-05
635.132	0.0	0.0	-1.07084e-05
635.272	0.0	0.0	-1.01790125e-06
635.482	0.0	0.0	1.3955262500000002e-05
635.442	0.0	0.0	1.1183162500000002e-05
635.482	0.0	0.0	1.37286875e-05
635.612	0.0	0.0	1.6710262500000002e-05
635.822	0.0	0.0	2.1094750000000003e-05
635.782	0.0	0.0	2.0206975000000003e-05
635.812	0.0	0.0	2.0890975000000002e-05
635.942	0.0	0.0	1.8242612500000005e-05
636.152	0.0	0.0	1.3392862500000003e-05
636.112	0.0	0.0	1.4355925000000001e-05
636.142	0.0	0.0	1.3538212500000001e-05
636.282	0.0	0.0	9.363200000000002e-06
636.492	0.0	0.0	2.7690125e-06
636.452	0.0	0.0	3.994987500000001e-06
636.492	0.0	0.0	2.8775500000000005e-06
636.622	0.0	0.0	1.45157625e-06
636.832	0.0	0.0	-6.503700000000001e-07
636.792	0.0	0.0	-2.23152625e-07
636.822	0.0	0.0	-5.4983625e-07
636.952	0.0	0.0	-3.7907375000000005e-06
637.162	0.0	0.0	-9.144462500000001e-06
637.122	0.0	0.0	-8.0771375e-06
637.152	0.0	0.0	-8.976787500000001e-06
637.292	0.0	0.0	-1.31928875e-05
637.502	0.0	0.0	-1.9834337500000003e-05
637.462	0.0	0.0	-1.8595775e-05
637.502	0.0	0.0	-1.97182e-05
637.632	0.0	0.0	-1.99207875e-05
637.842	0.0	0.0	-2.0058775e-05
637.802	0.0	0.0	-2.00305125e-05
637.832	0.0	0.0	-2.00518875e-05
637.962	0.0	0.0	-1.4292987500000003e-05
638.172	0.0	0.0	-4.397075e-06
638.132	0.0	0.0	-6.333175000000001e-06
638.162	0.0	0.0	-4.652387500000001e-06
638.302	0.0	0.0	5.765075000000001e-06
638.512	0.0	0.0	2.2226675000000007e-05
638.472	0.0	0.0	1.8898112500000002e-05
638.502	0.0	0.0	2.14374625e-05
638.632	0.0	0.0	3.0036625e-05
638.842	0.0	0.0	4.336275e-05
638.802	0.0	0.0	4.0681375000000005e-05
638.832	0.0	0.0	4.2911500000000004e-05
638.972	0.0	0.0	4.3920875e-05
639.182	0.0	0.0	4.483762500000001e-05
639.142	0.0	0.0	4.466425000000001e-05
639.182	0.0	0.0	4.481862500000001e-05
639.312	0.0	0.0	3.581025e-05
639.522	0.0	0.0	2.130565e-05
639.482	0.0	0.0	2.4284375000000002e-05
639.512	0.0	0.0	2.2050212500000005e-05
639.642	0.0	0.0	7.7351375e-06
639.852	0.0	0.0	-1.55645625e-05
639.812	0.0	0.0	-1.08706125e-05
639.842	0.0	0.0	-1.4751362500000002e-05
639.982	0.0	0.0	-2.7889625000000003e-05
640.192	0.0	0.0	-4.8248125000000005e-05
640.152	0.0	0.0	-4.4403e-05
640.192	0.0	0.0	-4.7813500000000006e-05
640.322	0.0	0.0	-5.17465e-05
640.532	0.0	0.0	-5.7382375000000006e-05
640.492	0.0	0.0	-5.6221e-05
640.522	0.0	0.0	-5.70855e-05
640.652	0.0	0.0	-5.03785e-05
640.862	0.0	0.0	-3.8323000000000006e-05
640.822	0.0	0.0	-4.0762125e-05
640.852	0.0	0.0	-3.876000000000001e-05
640.992	0.0	0.0	-2.3897250000000002e-05
641.202	0.0	0.0	-7.9260875e-09
641.162	0.0	0.0	-4.536962500000001e-06
641.202	0.0	0.0	-5.498125e-07
641.332	0.0	0.0	1.4179462500000001e-05
641.542	0.0	0.0	3.7085625000000005e-05
641.502	0.0	0.0	3.23475e-05
641.532	0.0	0.0	3.585062500000001e-05
641.662	0.0	0.0	4.3251125000000005e-05
641.872	0.0	0.0	5.3895875000000005e-05
641.832	0.0	0.0	5.173462500000001e-05
641.862	0.0	0.0	5.349450000000001e-05
642.002	0.0	0.0	5.0250250000000006e-05
642.212	0.0	0.0	4.419875e-05
642.172	0.0	0.0	4.535062500000001e-05
642.202	0.0	0.0	4.4343625e-05
642.342	0.0	0.0	3.2677625e-05
642.552	0.0	0.0	1.4026750000000003e-05
642.512	0.0	0.0	1.7899425e-05
642.542	0.0	0.0	1.5057500000000001e-05
642.672	0.0	0.0	1.90608e-06
642.882	0.0	0.0	-1.9071487500000004e-05
642.842	0.0	0.0	-1.479625e-05
642.872	0.0	0.0	-1.82554375e-05
643.012	0.0	0.0	-2.7162875000000002e-05
643.222	0.0	0.0	-4.0629125e-05
643.182	0.0	0.0	-3.805462500000001e-05
643.212	0.0	0.0	-4.028712500000001e-05
643.352	0.0	0.0	-4.066000000000001e-05
643.562	0.0	0.0	-4.071225000000001e-05
643.522	0.0	0.0	-4.070275e-05
643.552	0.0	0.0	-4.0709875e-05
643.682	0.0	0.0	-3.399575000000001e-05
643.892	0.0	0.0	-2.2339725000000004e-05
643.852	0.0	0.0	-2.4723750000000005e-05
643.882	0.0	0.0	-2.2808787500000003e-05
644.022	0.0	0.0	-1.2119625000000002e-05
644.232	0.0	0.0	4.9354875e-06
644.192	0.0	0.0	1.6622625e-06
644.222	0.0	0.0	4.480912500000001e-06
644.362	0.0	0.0	1.3515175e-05
644.572	0.0	0.0	2.7474000000000005e-05
644.532	0.0	0.0	2.4555125e-05
644.562	0.0	0.0	2.6666500000000003e-05
644.692	0.0	0.0	3.0335875000000004e-05
644.902	0.0	0.0	3.531625e-05
644.862	0.0	0.0	3.4292625000000006e-05
644.892	0.0	0.0	3.5109625e-05
645.032	0.0	0.0	3.1960375000000005e-05
645.242	0.0	0.0	2.6345875000000006e-05
645.202	0.0	0.0	2.7428875000000003e-05
645.232	0.0	0.0	2.6502625e-05
645.372	0.0	0.0	1.829985e-05
645.582	0.0	0.0	5.1758375e-06
645.542	0.0	0.0	7.931075000000001e-06
645.572	0.0	0.0	5.9524625e-06
645.702	0.0	0.0	-2.9079500000000003e-06
645.912	0.0	0.0	-1.7010937500000003e-05
645.872	0.0	0.0	-1.4103700000000002e-05
645.902	0.0	0.0	-1.6406262500000003e-05
646.042	0.0	0.0	-2.2122175e-05
646.252	0.0	0.0	-3.06945e-05
646.212	0.0	0.0	-2.9036750000000003e-05
646.242	0.0	0.0	-3.0445125e-05
646.382	0.0	0.0	-2.99725e-05
646.592	0.0	0.0	-2.8789750000000003e-05
646.552	0.0	0.0	-2.9039125000000003e-05
646.582	0.0	0.0	-2.8861000000000004e-05
646.712	0.0	0.0	-2.3238425000000003e-05
646.922	0.0	0.0	-1.3527050000000001e-05
646.882	0.0	0.0	-1.5536537500000002e-05
646.912	0.0	0.0	-1.39562125e-05
647.052	0.0	0.0	-5.6876500000000005e-06
647.262	0.0	0.0	7.495975000000001e-06
647.222	0.0	0.0	4.935012500000001e-06
647.252	0.0	0.0	7.092700000000001e-06
647.392	0.0	0.0	1.3392625000000001e-05
647.602	0.0	0.0	2.3060537500000003e-05
647.562	0.0	0.0	2.1015900000000003e-05
647.592	0.0	0.0	2.2463225e-05
647.722	0.0	0.0	2.4118125e-05
647.932	0.0	0.0	2.5973000000000004e-05
647.892	0.0	0.0	2.5585875e-05
647.922	0.0	0.0	2.5887500000000002e-05
648.062	0.0	0.0	2.2439950000000002e-05
648.272	0.0	0.0	1.64846375e-05
648.232	0.0	0.0	1.76460125e-05
648.262	0.0	0.0	1.66746375e-05
648.402	0.0	0.0	1.04635375e-05
648.612	0.0	0.0	5.669125000000001e-07
648.572	0.0	0.0	2.6673625000000004e-06
648.602	0.0	0.0	1.1909912500000004e-06
648.732	0.0	0.0	-4.4004e-06
648.942	0.0	0.0	-1.3136837500000002e-05
648.902	0.0	0.0	-1.1315687500000002e-05
648.932	0.0	0.0	-1.2727625000000002e-05
649.072	0.0	0.0	-1.5641275e-05
649.282	0.0	0.0	-1.9874712500000002e-05
649.242	0.0	0.0	-1.9045837500000002e-05
649.272	0.0	0.0	-1.9734112500000002e-05
649.412	0.0	0.0	-1.89304125e-05
649.622	0.0	0.0	-1.7374075000000002e-05
649.572	0.0	0.0	-1.7705387500000004e-05
649.612	0.0	0.0	-1.74740625e-05
649.742	0.0	0.0	-1.3615875000000001e-05
649.952	0.0	0.0	-6.988437500000001e-06
649.912	0.0	0.0	-8.374962500000001e-06
649.942	0.0	0.0	-7.3074000000000005e-06
650.082	0.0	0.0	-1.0318425e-06
650.292	0.0	0.0	9.063000000000001e-06
650.252	0.0	0.0	7.078925000000001e-06
650.282	0.0	0.0	8.714587500000002e-06
650.422	0.0	0.0	1.48216625e-05
650.632	0.0	0.0	2.4336625000000002e-05
650.582	0.0	0.0	2.2301962500000002e-05
650.622	0.0	0.0	2.37112875e-05
650.752	0.0	0.0	2.6469375000000003e-05
650.962	0.0	0.0	3.0243250000000006e-05
650.922	0.0	0.0	2.9452375e-05
650.952	0.0	0.0	3.0058000000000006e-05
651.092	0.0	0.0	2.660475e-05
651.302	0.0	0.0	2.0421912500000003e-05
651.262	0.0	0.0	2.1641950000000004e-05
651.292	0.0	0.0	2.06432625e-05
651.432	0.0	0.0	1.1169150000000003e-05
651.642	0.0	0.0	-4.156487500000001e-06
651.592	0.0	0.0	-8.68775e-07
651.632	0.0	0.0	-3.1309625000000005e-06
651.762	0.0	0.0	-1.4134337500000002e-05
651.972	0.0	0.0	-3.1825e-05
651.932	0.0	0.0	-2.809625e-05
651.962	0.0	0.0	-3.092725e-05
652.102	0.0	0.0	-3.795725e-05
652.312	0.0	0.0	-4.8404875000000006e-05
652.272	0.0	0.0	-4.633625e-05
652.302	0.0	0.0	-4.8020125000000006e-05
652.442	0.0	0.0	-4.5623750000000005e-05
652.652	0.0	0.0	-4.100912500000001e-05
652.602	0.0	0.0	-4.2009000000000004e-05
652.642	0.0	0.0	-4.1332125000000005e-05
652.772	0.0	0.0	-3.0290750000000005e-05
652.982	0.0	0.0	-1.1155137500000002e-05
652.942	0.0	0.0	-1.5117112500000002e-05
652.972	0.0	0.0	-1.2020825e-05
653.112	0.0	0.0	3.883837500000001e-06
653.322	0.0	0.0	2.9176875000000003e-05
653.272	0.0	0.0	2.3778500000000003e-05
653.312	0.0	0.0	2.7483500000000005e-05
653.442	0.0	0.0	3.937275e-05
653.652	0.0	0.0	5.747025e-05
653.612	0.0	0.0	5.3625125000000004e-05
653.642	0.0	0.0	5.6506000000000004e-05
653.782	0.0	0.0	5.797850000000001e-05
653.992	0.0	0.0	5.884537500000001e-05
653.952	0.0	0.0	5.8672000000000003e-05
653.982	0.0	0.0	5.8812125e-05
654.122	0.0	0.0	4.7991625000000005e-05
654.332	0.0	0.0	2.9891750000000007e-05
654.282	0.0	0.0	3.3812875e-05
654.322	0.0	0.0	3.116475e-05
654.452	0.0	0.0	1.4272325e-05
654.662	0.0	0.0	-1.3620862500000001e-05
654.612	0.0	0.0	-7.685500000000001e-06
654.652	0.0	0.0	-1.2108462500000002e-05
654.792	0.0	0.0	-2.7542875000000002e-05
655.002	0.0	0.0	-5.1421124999999996e-05
654.962	0.0	0.0	-4.664262500000001e-05
654.992	0.0	0.0	-5.0452125e-05
655.132	0.0	0.0	-5.5641500000000006e-05
655.342	0.0	0.0	-6.269287500000002e-05
655.292	0.0	0.0	-6.1161e-05
655.322	0.0	0.0	-6.2189375e-05
655.462	0.0	0.0	-5.5791125000000004e-05
655.672	0.0	0.0	-4.343162500000001e-05
655.622	0.0	0.0	-4.607025000000001e-05
655.662	0.0	0.0	-4.411800000000001e-05
655.802	0.0	0.0	-2.8998750000000004e-05
656.012	0.0	0.0	-4.175725000000001e-06
655.972	0.0	0.0	-9.1620375e-06
656.002	0.0	0.0	-5.214550000000001e-06
656.142	0.0	0.0	9.914675000000002e-06
656.352	0.0	0.0	3.3535e-05
656.302	0.0	0.0	2.8383625000000002e-05
656.332	0.0	0.0	3.1813125000000004e-05
656.472	0.0	0.0	3.9653e-05
656.682	0.0	0.0	5.063975e-05
656.632	0.0	0.0	4.828612500000001e-05
656.672	0.0	0.0	5.0015125e-05
656.802	0.0	0.0	4.7521375000000014e-05
657.022	0.0	0.0	4.2144375e-05
656.982	0.0	0.0	4.322975e-05
657.012	0.0	0.0	4.2377125000000006e-05
657.152	0.0	0.0	3.20815e-05
657.362	0.0	0.0	1.5167462500000003e-05
657.312	0.0	0.0	1.8867950000000003e-05
657.342	0.0	0.0	1.64214625e-05
657.482	0.0	0.0	5.067775000000001e-06
657.692	0.0	0.0	-1.3113562500000002e-05
657.642	0.0	0.0	-9.203362500000001e-06
657.682	0.0	0.0	-1.2056925000000001e-05
657.812	0.0	0.0	-1.9336062500000004e-05
658.032	0.0	0.0	-3.0093625e-05
657.992	0.0	0.0	-2.7915750000000005e-05
658.022	0.0	0.0	-2.9613875e-05
658.162	0.0	0.0	-2.9827625e-05
658.372	0.0	0.0	-2.9381125e-05
658.322	0.0	0.0	-2.9480875e-05
658.352	0.0	0.0	-2.941675e-05
658.492	0.0	0.0	-2.4612125000000006e-05
658.702	0.0	0.0	-1.6002037500000003e-05
658.652	0.0	0.0	-1.78602375e-05
658.692	0.0	0.0	-1.6513375000000002e-05
658.822	0.0	0.0	-9.660787500000002e-06
659.042	0.0	0.0	1.32921625e-06
659.002	0.0	0.0	-9.035450000000001e-07
659.032	0.0	0.0	8.2680875e-07
659.172	0.0	0.0	6.1966125e-06
659.382	0.0	0.0	1.4419337500000002e-05
659.332	0.0	0.0	1.2607925e-05
659.362	0.0	0.0	1.3788775e-05
659.502	0.0	0.0	1.62309875e-05
659.712	0.0	0.0	1.9510149999999998e-05
659.662	0.0	0.0	1.8800025000000005e-05
659.702	0.0	0.0	1.9311125e-05
659.832	0.0	0.0	1.828465e-05
660.052	0.0	0.0	1.6155462500000002e-05
660.012	0.0	0.0	1.6589612500000002e-05
660.042	0.0	0.0	1.625545e-05
660.182	0.0	0.0	1.1923687500000002e-05
660.392	0.0	0.0	4.7566500000000004e-06
660.342	0.0	0.0	6.3410125e-06
660.372	0.0	0.0	5.3154875e-06
660.512	0.0	0.0	-6.669712500000001e-07
660.722	0.0	0.0	-1.0510325e-05
660.672	0.0	0.0	-8.371162500000001e-06
660.712	0.0	0.0	-9.900425000000001e-06
660.842	0.0	0.0	-1.5203325e-05
661.062	0.0	0.0	-2.3379500000000002e-05
661.022	0.0	0.0	-2.1706075000000004e-05
661.052	0.0	0.0	-2.2984775000000002e-05
661.192	0.0	0.0	-2.4205999999999998e-05
661.402	0.0	0.0	-2.560725e-05
661.352	0.0	0.0	-2.5296125000000005e-05
661.382	0.0	0.0	-2.5495625000000002e-05
661.522	0.0	0.0	-2.1729825e-05
661.732	0.0	0.0	-1.4674412499999999e-05
661.682	0.0	0.0	-1.62129375e-05
661.722	0.0	0.0	-1.5120675e-05
661.852	0.0	0.0	-7.262037500000001e-06
662.072	0.0	0.0	5.685275e-06
662.032	0.0	0.0	3.0257499999999998e-06
662.062	0.0	0.0	5.0437875e-06
662.202	0.0	0.0	1.2764437500000002e-05
662.412	0.0	0.0	2.4816375000000003e-05
662.362	0.0	0.0	2.2134050000000002e-05
662.392	0.0	0.0	2.3845e-05
662.532	0.0	0.0	2.7414625000000002e-05
662.742	0.0	0.0	3.215275e-05
662.692	0.0	0.0	3.1117250000000004e-05
662.732	0.0	0.0	3.184875e-05
662.862	0.0	0.0	2.9060500000000007e-05
663.082	0.0	0.0	2.3646212500000005e-05
663.042	0.0	0.0	2.4761750000000004e-05
663.072	0.0	0.0	2.3921000000000004e-05
663.212	0.0	0.0	1.6060937500000003e-05
663.422	0.0	0.0	3.1143375e-06
663.372	0.0	0.0	6.004950000000001e-06
663.402	0.0	0.0	4.172400000000001e-06
663.542	0.0	0.0	-4.3887625e-06
663.752	0.0	0.0	-1.8116975e-05
663.702	0.0	0.0	-1.5102625000000003e-05
663.742	0.0	0.0	-1.7213525000000002e-05
663.872	0.0	0.0	-2.2551575e-05
664.092	0.0	0.0	-3.033825e-05
664.052	0.0	0.0	-2.8725625e-05
664.082	0.0	0.0	-2.9932125000000003e-05
664.222	0.0	0.0	-2.9143625e-05
664.432	0.0	0.0	-2.7098750000000002e-05
664.382	0.0	0.0	-2.7557125000000003e-05
664.412	0.0	0.0	-2.7267375e-05
664.552	0.0	0.0	-2.1588512500000003e-05
664.762	0.0	0.0	-1.1479325e-05
664.712	0.0	0.0	-1.37066e-05
664.752	0.0	0.0	-1.21573875e-05
664.882	0.0	0.0	-4.127275000000001e-06
665.102	0.0	0.0	8.81505e-06
665.052	0.0	0.0	6.127262500000001e-06
665.092	0.0	0.0	8.124400000000001e-06
665.232	0.0	0.0	1.415025e-05
665.442	0.0	0.0	2.33035e-05
665.392	0.0	0.0	2.12465125e-05
665.422	0.0	0.0	2.2532575e-05
665.562	0.0	0.0	2.4118125e-05
665.772	0.0	0.0	2.5614375e-05
665.722	0.0	0.0	2.528425e-05
665.762	0.0	0.0	2.551225e-05
665.892	0.0	0.0	2.2075625000000004e-05
666.112	0.0	0.0	1.58281875e-05
666.062	0.0	0.0	1.71304e-05
666.102	0.0	0.0	1.6169475e-05
666.232	0.0	0.0	9.7130375e-06
666.452	0.0	0.0	-8.059325e-07
666.402	0.0	0.0	1.5658375000000002e-06
666.432	0.0	0.0	9.3197375e-08
666.572	0.0	0.0	-6.040575e-06
666.782	0.0	0.0	-1.5696612500000002e-05
666.732	0.0	0.0	-1.35548375e-05
666.772	0.0	0.0	-1.5024250000000001e-05
666.902	0.0	0.0	-1.8278712500000003e-05
667.122	0.0	0.0	-2.28482125e-05
667.072	0.0	0.0	-2.1893462500000004e-05
667.112	0.0	0.0	-2.2594087500000004e-05
667.242	0.0	0.0	-2.1335100000000002e-05
667.462	0.0	0.0	-1.872735e-05
667.412	0.0	0.0	-1.9320625e-05
667.442	0.0	0.0	-1.89584375e-05
667.582	0.0	0.0	-1.42896625e-05
667.792	0.0	0.0	-6.0474625e-06
667.742	0.0	0.0	-7.845575000000002e-06
667.782	0.0	0.0	-6.5761375000000005e-06
667.912	0.0	0.0	-3.2214500000000003e-07
668.132	0.0	0.0	9.679075000000002e-06
668.082	0.0	0.0	7.435412500000001e-06
668.112	0.0	0.0	8.8252625e-06
668.252	0.0	0.0	1.3403312500000002e-05
668.462	0.0	0.0	2.0280362500000004e-05
668.412	0.0	0.0	1.8743025000000002e-05
668.442	0.0	0.0	1.9784225e-05
668.582	0.0	0.0	2.05948125e-05
668.802	0.0	0.0	2.1154125e-05
668.752	0.0	0.0	2.1036325000000002e-05
668.792	0.0	0.0	2.11215875e-05
668.922	0.0	0.0	1.7637937500000002e-05
669.142	0.0	0.0	1.15479625e-05
669.092	0.0	0.0	1.29330625e-05
669.122	0.0	0.0	1.2088750000000002e-05
669.262	0.0	0.0	6.444562500000001e-06
669.472	0.0	0.0	-3.0378625000000005e-06
669.422	0.0	0.0	-9.158e-07
669.452	0.0	0.0	-2.3456687500000006e-06
669.592	0.0	0.0	-7.654625000000001e-06
669.812	0.0	0.0	-1.5881625000000002e-05
669.762	0.0	0.0	-1.4144550000000003e-05
669.802	0.0	0.0	-1.53940375e-05
669.932	0.0	0.0	-1.7454587500000003e-05
670.152	0.0	0.0	-2.01863125e-05
670.102	0.0	0.0	-1.9563112500000003e-05
670.132	0.0	0.0	-1.99405e-05
670.272	0.0	0.0	-1.8239287500000003e-05
670.482	0.0	0.0	-1.4611475e-05
670.432	0.0	0.0	-1.5425862500000005e-05
670.462	0.0	0.0	-1.4880800000000002e-05
670.602	0.0	0.0	-1.0290637500000002e-05
670.822	0.0	0.0	-2.5711750000000004e-06
670.772	0.0	0.0	-4.206837500000001e-06
670.812	0.0	0.0	-3.0383375000000003e-06
670.942	0.0	0.0	1.7105225e-06
671.162	0.0	0.0	9.164887500000002e-06
671.112	0.0	0.0	7.4586875e-06
671.142	0.0	0.0	8.4846875e-06
671.282	0.0	0.0	1.1091962500000002e-05
671.492	0.0	0.0	1.4691750000000004e-05
671.442	0.0	0.0	1.3880925000000001e-05
671.472	0.0	0.0	1.4420050000000001e-05
671.612	0.0	0.0	1.395265e-05
671.832	0.0	0.0	1.2628587500000002e-05
671.782	0.0	0.0	1.29102625e-05
671.822	0.0	0.0	1.2710525000000003e-05
671.952	0.0	0.0	9.901375000000001e-06
672.172	0.0	0.0	5.1406875000000006e-06
672.122	0.0	0.0	6.2339000000000006e-06
672.152	0.0	0.0	5.5810125000000005e-06
672.282	0.0	0.0	2.3056975e-06
672.502	0.0	0.0	-3.0050875000000006e-06
672.452	0.0	0.0	-1.8049050000000002e-06
672.482	0.0	0.0	-2.5975375e-06
672.622	0.0	0.0	-5.0525750000000005e-06
672.842	0.0	0.0	-8.7297875e-06
672.792	0.0	0.0	-7.9450875e-06
672.832	0.0	0.0	-8.497987500000001e-06
672.962	0.0	0.0	-9.271287500000001e-06
673.182	0.0	0.0	-1.02189125e-05
673.132	0.0	0.0	-1.000065e-05
673.162	0.0	0.0	-1.01300875e-05
673.292	0.0	0.0	-9.210250000000002e-06
673.512	0.0	0.0	-7.315712500000001e-06
673.462	0.0	0.0	-7.7451125e-06
673.492	0.0	0.0	-7.4634375e-06
673.632	0.0	0.0	-4.7592625e-06
673.852	0.0	0.0	-1.5586175000000002e-07
673.802	0.0	0.0	-1.14140125e-06
673.842	0.0	0.0	-4.5165375000000005e-07
673.972	0.0	0.0	3.1703875e-06
674.192	0.0	0.0	9.0067125e-06
674.142	0.0	0.0	7.65795e-06
674.172	0.0	0.0	8.452387500000001e-06
674.302	0.0	0.0	1.1275312500000001e-05
674.522	0.0	0.0	1.5548887500000002e-05
674.472	0.0	0.0	1.45768e-05
674.502	0.0	0.0	1.5209975000000003e-05
674.642	0.0	0.0	1.5376462499999998e-05
674.862	0.0	0.0	1.50651e-05
674.812	0.0	0.0	1.5132075000000004e-05
674.852	0.0	0.0	1.5085525e-05
674.982	0.0	0.0	1.1685e-05
675.202	0.0	0.0	5.7387125000000015e-06
675.152	0.0	0.0	7.1171625e-06
675.182	0.0	0.0	6.310850000000002e-06
675.312	0.0	0.0	8.690125e-07
675.532	0.0	0.0	-8.3288875e-06
675.482	0.0	0.0	-6.229862500000001e-06
675.512	0.0	0.0	-7.588125000000002e-06
675.652	0.0	0.0	-1.2676325000000001e-05
675.872	0.0	0.0	-2.0546125e-05
675.822	0.0	0.0	-1.88496625e-05
675.862	0.0	0.0	-2.0020775e-05
675.992	0.0	0.0	-2.1491375e-05
676.212	0.0	0.0	-2.3158862500000007e-05
676.162	0.0	0.0	-2.2771025000000004e-05
676.192	0.0	0.0	-2.2996412500000003e-05
676.322	0.0	0.0	-2.00374e-05
676.542	0.0	0.0	-1.4125312500000001e-05
676.492	0.0	0.0	-1.5478825e-05
676.522	0.0	0.0	-1.46088625e-05
676.662	0.0	0.0	-8.051962500000001e-06
676.882	0.0	0.0	2.9701750000000003e-06
676.832	0.0	0.0	5.86245e-07
676.872	0.0	0.0	2.22091e-06
677.002	0.0	0.0	8.778475e-06
677.222	0.0	0.0	1.9049637500000004e-05
677.172	0.0	0.0	1.66537375e-05
677.202	0.0	0.0	1.8036225e-05
677.332	0.0	0.0	2.12745375e-05
677.552	0.0	0.0	2.5500375000000006e-05
677.502	0.0	0.0	2.4529000000000002e-05
677.532	0.0	0.0	2.5148875000000004e-05
677.672	0.0	0.0	2.3342687500000002e-05
677.892	0.0	0.0	1.94172875e-05
677.842	0.0	0.0	2.0269200000000002e-05
677.872	0.0	0.0	1.96889875e-05
678.012	0.0	0.0	1.38754625e-05
678.232	0.0	0.0	4.0496125e-06
678.182	0.0	0.0	6.3486125000000005e-06
678.212	0.0	0.0	5.0309625000000005e-06
678.342	0.0	0.0	-1.4090875000000002e-06
678.562	0.0	0.0	-1.1804462500000001e-05
678.512	0.0	0.0	-9.4095125e-06
678.542	0.0	0.0	-1.09285625e-05
678.682	0.0	0.0	-1.507555e-05
678.902	0.0	0.0	-2.1043450000000003e-05
678.852	0.0	0.0	-1.9744087500000002e-05
678.882	0.0	0.0	-2.0623075e-05
679.022	0.0	0.0	-2.04185875e-05
679.242	0.0	0.0	-1.9307800000000002e-05
679.192	0.0	0.0	-1.9568337500000003e-05
679.222	0.0	0.0	-1.9420137500000003e-05
679.352	0.0	0.0	-1.5767387500000003e-05
679.572	0.0	0.0	-9.006475000000001e-06
679.522	0.0	0.0	-1.0569225e-05
679.552	0.0	0.0	-9.584550000000001e-06
679.692	0.0	0.0	-4.2085000000000004e-06
679.912	0.0	0.0	4.5685500000000005e-06
679.862	0.0	0.0	2.6509750000000005e-06
679.892	0.0	0.0	3.939412500000001e-06
680.032	0.0	0.0	8.217737500000002e-06
680.252	0.0	0.0	1.4721675e-05
680.202	0.0	0.0	1.3190512500000003e-05
680.232	0.0	0.0	1.4056437500000002e-05
680.362	0.0	0.0	1.56068375e-05
680.582	0.0	0.0	1.7301875000000003e-05
680.532	0.0	0.0	1.69088125e-05
680.562	0.0	0.0	1.71548625e-05
680.702	0.0	0.0	1.5364825e-05
680.922	0.0	0.0	1.18125375e-05
680.872	0.0	0.0	1.259035e-05
680.902	0.0	0.0	1.2070462500000001e-05
681.042	0.0	0.0	7.806862500000002e-06
681.262	0.0	0.0	6.53885e-07
681.212	0.0	0.0	2.3517962500000002e-06
681.242	0.0	0.0	1.4075200000000002e-06
681.372	0.0	0.0	-3.268e-06
681.592	0.0	0.0	-1.08302375e-05
681.542	0.0	0.0	-9.1045625e-06
681.572	0.0	0.0	-1.0215587500000002e-05
681.712	0.0	0.0	-1.33016625e-05
681.932	0.0	0.0	-1.7775687500000002e-05
681.882	0.0	0.0	-1.6727600000000002e-05
681.912	0.0	0.0	-1.7318737500000003e-05
682.042	0.0	0.0	-1.72417875e-05
682.262	0.0	0.0	-1.6217925e-05
682.212	0.0	0.0	-1.64570875e-05
682.242	0.0	0.0	-1.63093625e-05
682.382	0.0	0.0	-1.2753750000000003e-05
682.602	0.0	0.0	-6.3685625e-06
682.552	0.0	0.0	-7.775750000000001e-06
682.582	0.0	0.0	-6.847362500000001e-06
682.722	0.0	0.0	-1.5786625000000002e-06
682.942	0.0	0.0	7.018125e-06
682.892	0.0	0.0	4.978e-06
682.922	0.0	0.0	6.110875e-06
683.052	0.0	0.0	1.033885e-05
683.272	0.0	0.0	1.6744225e-05
683.222	0.0	0.0	1.5246787500000004e-05
683.252	0.0	0.0	1.6167575e-05
683.392	0.0	0.0	1.72691e-05
683.612	0.0	0.0	1.82388125e-05
683.562	0.0	0.0	1.802435e-05
683.592	0.0	0.0	1.8164950000000003e-05
683.732	0.0	0.0	1.5516825000000002e-05
683.952	0.0	0.0	1.06188625e-05
683.902	0.0	0.0	1.1784750000000003e-05
683.932	0.0	0.0	1.11416e-05
684.062	0.0	0.0	6.586112500000001e-06
684.282	0.0	0.0	-1.2142900000000001e-06
684.232	0.0	0.0	6.148162500000001e-07
684.262	0.0	0.0	-5.024787500000001e-07
684.402	0.0	0.0	-4.7839625e-06
684.622	0.0	0.0	-1.1395012500000001e-05
684.572	0.0	0.0	-9.928212500000002e-06
684.602	0.0	0.0	-1.0882962500000003e-05
684.742	0.0	0.0	-1.25685e-05
684.962	0.0	0.0	-1.4685575000000002e-05
684.912	0.0	0.0	-1.4180175e-05
684.942	0.0	0.0	-1.4457100000000003e-05
685.072	0.0	0.0	-1.3328975e-05
685.292	0.0	0.0	-1.0697950000000001e-05
685.242	0.0	0.0	-1.1316875e-05
685.272	0.0	0.0	-1.0941150000000001e-05
685.412	0.0	0.0	-7.8429625e-06
685.632	0.0	0.0	-2.5417250000000002e-06
685.582	0.0	0.0	-3.7216250000000006e-06
685.612	0.0	0.0	-2.9585375000000006e-06
685.752	0.0	0.0	2.5196375000000004e-07
685.972	0.0	0.0	5.305512500000001e-06
685.922	0.0	0.0	4.09545e-06
685.952	0.0	0.0	4.7538e-06
686.082	0.0	0.0	6.8110250000000006e-06
686.302	0.0	0.0	9.738925000000001e-06
686.252	0.0	0.0	9.048037500000001e-06
686.282	0.0	0.0	9.4646125e-06
686.422	0.0	0.0	9.8175375e-06
686.642	0.0	0.0	9.9638375e-06
686.592	0.0	0.0	9.9310625e-06
686.622	0.0	0.0	9.952200000000001e-06
686.762	0.0	0.0	8.377575e-06
686.982	0.0	0.0	5.500975e-06
686.932	0.0	0.0	6.191862500000001e-06
686.962	0.0	0.0	5.8185125e-06
687.092	0.0	0.0	2.7621250000000003e-06
687.312	0.0	0.0	-2.5799625e-06
687.262	0.0	0.0	-1.31572625e-06
687.292	0.0	0.0	-2.0727812500000003e-06
687.432	0.0	0.0	-5.7676875000000015e-06
687.652	0.0	0.0	-1.171825e-05
687.602	0.0	0.0	-1.03854e-05
687.632	0.0	0.0	-1.1235887500000001e-05
687.772	0.0	0.0	-1.3449625e-05
687.992	0.0	0.0	-1.6597449999999998e-05
687.942	0.0	0.0	-1.583935e-05
687.972	0.0	0.0	-1.6246425000000003e-05
688.102	0.0	0.0	-1.54975875e-05
688.322	0.0	0.0	-1.3346075000000002e-05
688.272	0.0	0.0	-1.38567e-05
688.302	0.0	0.0	-1.3552937500000001e-05
688.442	0.0	0.0	-9.292425000000001e-06
688.662	0.0	0.0	-1.705345e-06
688.612	0.0	0.0	-3.4102625e-06
688.642	0.0	0.0	-2.3297325e-06
688.782	0.0	0.0	3.5157125e-06
689.002	0.0	0.0	1.30351875e-05
688.952	0.0	0.0	1.0735475e-05
688.982	0.0	0.0	1.1961925e-05
689.112	0.0	0.0	1.6296537499999998e-05
689.332	0.0	0.0	2.26924125e-05
689.282	0.0	0.0	2.1169562500000002e-05
689.312	0.0	0.0	2.2069687500000002e-05
689.452	0.0	0.0	2.2335687500000003e-05
689.672	0.0	0.0	2.16664125e-05
689.622	0.0	0.0	2.1817225000000004e-05
689.652	0.0	0.0	2.1722225000000002e-05
689.792	0.0	0.0	1.72256375e-05
690.012	0.0	0.0	9.108125000000002e-06
689.962	0.0	0.0	1.10748625e-05
689.982	0.0	0.0	1.0032950000000002e-05
690.122	0.0	0.0	3.2155125e-06
690.342	0.0	0.0	-8.3730625e-06
690.292	0.0	0.0	-5.6057125e-06
690.322	0.0	0.0	-7.230687500000001e-06
690.462	0.0	0.0	-1.3311637500000002e-05
690.682	0.0	0.0	-2.26043e-05
690.632	0.0	0.0	-2.0502662500000004e-05
690.662	0.0	0.0	-2.1816987500000004e-05
690.802	0.0	0.0	-2.3623650000000002e-05
691.022	0.0	0.0	-2.5490875000000002e-05
690.972	0.0	0.0	-2.5037250000000005e-05
690.992	0.0	0.0	-2.5277125000000004e-05
691.132	0.0	0.0	-2.2301487500000006e-05
691.352	0.0	0.0	-1.6010112500000002e-05
691.302	0.0	0.0	-1.7517050000000002e-05
691.332	0.0	0.0	-1.6638062500000003e-05
691.472	0.0	0.0	-1.006715e-05
691.692	0.0	0.0	1.1450112500000002e-06
691.642	0.0	0.0	-1.39866125e-06
691.672	0.0	0.0	1.81580625e-07
691.812	0.0	0.0	6.644537500000001e-06
692.032	0.0	0.0	1.6751112500000004e-05
691.982	0.0	0.0	1.4288000000000001e-05
692.002	0.0	0.0	1.5575250000000003e-05
692.142	0.0	0.0	1.8833987500000002e-05
692.362	0.0	0.0	2.2953187500000005e-05
692.312	0.0	0.0	2.1963762500000006e-05
692.342	0.0	0.0	2.25370875e-05
692.482	0.0	0.0	2.1177875000000004e-05
692.702	0.0	0.0	1.7819862500000003e-05
692.652	0.0	0.0	1.85841375e-05
692.682	0.0	0.0	1.81124625e-05
692.822	0.0	0.0	1.3237775000000002e-05
693.042	0.0	0.0	4.7948875e-06
692.992	0.0	0.0	6.858287500000001e-06
693.012	0.0	0.0	5.787162500000001e-06
693.152	0.0	0.0	4.1769125e-07
693.372	0.0	0.0	-8.262625000000001e-06
693.322	0.0	0.0	-6.171437500000001e-06
693.352	0.0	0.0	-7.3755625e-06
693.492	0.0	0.0	-1.0773e-05
693.712	0.0	0.0	-1.5534162500000002e-05
693.662	0.0	0.0	-1.4447125000000003e-05
693.692	0.0	0.0	-1.511355e-05
693.832	0.0	0.0	-1.5020687500000003e-05
694.052	0.0	0.0	-1.4072112500000001e-05
694.002	0.0	0.0	-1.4304625000000002e-05
694.022	0.0	0.0	-1.4184687500000002e-05
694.162	0.0	0.0	-1.1586675000000002e-05
694.382	0.0	0.0	-6.643825e-06
694.332	0.0	0.0	-7.837975e-06
694.362	0.0	0.0	-7.154925000000002e-06
694.502	0.0	0.0	-3.7073750000000002e-06
694.722	0.0	0.0	1.87670125e-06
694.672	0.0	0.0	5.979537500000001e-07
694.702	0.0	0.0	1.3767162500000002e-06
694.842	0.0	0.0	3.600975e-06
695.062	0.0	0.0	6.795112500000001e-06
695.012	0.0	0.0	6.010175000000001e-06
695.032	0.0	0.0	6.4122625e-06
695.172	0.0	0.0	6.8179125000000004e-06
695.392	0.0	0.0	6.863512500000001e-06
695.342	0.0	0.0	6.8525875e-06
695.372	0.0	0.0	6.858762500000001e-06
695.512	0.0	0.0	5.9135125e-06
695.732	0.0	0.0	4.1021e-06
695.682	0.0	0.0	4.5179625000000005e-06
695.712	0.0	0.0	4.265975e-06
695.852	0.0	0.0	2.8690000000000004e-06
696.072	0.0	0.0	5.8028375e-07
696.022	0.0	0.0	1.14724375e-06
696.042	0.0	0.0	8.615550000000002e-07
696.182	0.0	0.0	-7.835125e-07
696.402	0.0	0.0	-3.5223625000000007e-06
696.352	0.0	0.0	-2.868525e-06
696.382	0.0	0.0	-3.2506625000000004e-06
696.522	0.0	0.0	-5.019800000000001e-06
696.742	0.0	0.0	-7.837262500000001e-06
696.692	0.0	0.0	-7.1480375e-06
696.712	0.0	0.0	-7.50025e-06
696.852	0.0	0.0	-8.314637500000001e-06
697.072	0.0	0.0	-9.268200000000002e-06
697.022	0.0	0.0	-9.035450000000002e-06
697.052	0.0	0.0	-9.166075000000002e-06
697.192	0.0	0.0	-7.80805e-06
697.412	0.0	0.0	-5.009825e-06
697.362	0.0	0.0	-5.655825e-06
697.392	0.0	0.0	-5.2694125e-06
697.532	0.0	0.0	-1.7287862500000002e-06
697.752	0.0	0.0	4.39185e-06
697.702	0.0	0.0	2.8761250000000004e-06
697.722	0.0	0.0	3.6387375000000005e-06
697.862	0.0	0.0	7.608075e-06
698.082	0.0	0.0	1.4069500000000001e-05
698.032	0.0	0.0	1.2491787500000002e-05
698.062	0.0	0.0	1.33729125e-05
698.202	0.0	0.0	1.5535350000000004e-05
698.422	0.0	0.0	1.83502e-05
698.372	0.0	0.0	1.76985e-05
698.402	0.0	0.0	1.80858625e-05
698.542	0.0	0.0	1.6488675000000002e-05
698.762	0.0	0.0	1.3006925000000003e-05
698.702	0.0	0.0	1.3871662500000002e-05
698.732	0.0	0.0	1.3439412500000001e-05
698.872	0.0	0.0	8.69535e-06
699.092	0.0	0.0	9.246587500000001e-09
699.042	0.0	0.0	2.1365025e-06
699.072	0.0	0.0	9.5615125e-07
699.212	0.0	0.0	-5.0996e-06
699.432	0.0	0.0	-1.4936850000000003e-05
699.382	0.0	0.0	-1.26518625e-05
699.412	0.0	0.0	-1.4001337500000002e-05
699.552	0.0	0.0	-1.7816775e-05
699.772	0.0	0.0	-2.3217050000000005e-05
699.712	0.0	0.0	-2.18720875e-05
699.742	0.0	0.0	-2.25399375e-05
699.882	0.0	0.0	-2.2185825e-05
700.102	0.0	0.0	-2.0102e-05
700.052	0.0	0.0	-2.06138125e-05
700.082	0.0	0.0	-2.03316625e-05
700.222	0.0	0.0	-1.5531312500000002e-05
700.442	0.0	0.0	-6.707000000000001e-06
700.392	0.0	0.0	-8.763037500000002e-06
700.422	0.0	0.0	-7.556775e-06
700.562	0.0	0.0	-9.309050000000002e-07
700.782	0.0	0.0	9.929875000000001e-06
700.722	0.0	0.0	7.217625000000001e-06
700.752	0.0	0.0	8.555225e-06
700.892	0.0	0.0	1.35163625e-05
701.112	0.0	0.0	2.0782437500000002e-05
701.062	0.0	0.0	1.8992875000000004e-05
701.092	0.0	0.0	1.99730375e-05
701.232	0.0	0.0	2.09040375e-05
701.452	0.0	0.0	2.11394e-05
701.402	0.0	0.0	2.1084300000000004e-05
701.432	0.0	0.0	2.11163625e-05
701.572	0.0	0.0	1.7699212500000002e-05
701.792	0.0	0.0	1.1213562500000001e-05
701.732	0.0	0.0	1.2837587500000001e-05
701.762	0.0	0.0	1.2041962500000002e-05
701.902	0.0	0.0	6.690375000000001e-06
702.122	0.0	0.0	-2.498975e-06
702.072	0.0	0.0	-2.2933712499999996e-07
702.102	0.0	0.0	-1.4644725e-06
702.242	0.0	0.0	-6.195900000000001e-06
702.462	0.0	0.0	-1.3371487500000001e-05
702.412	0.0	0.0	-1.1689750000000001e-05
702.442	0.0	0.0	-1.2663500000000002e-05
702.582	0.0	0.0	-1.4339300000000002e-05
702.802	0.0	0.0	-1.6169e-05
702.742	0.0	0.0	-1.5709437499999998e-05
702.772	0.0	0.0	-1.5933162500000003e-05
702.912	0.0	0.0	-1.45190875e-05
703.132	0.0	0.0	-1.1157987500000001e-05
703.082	0.0	0.0	-1.1990425000000003e-05
703.102	0.0	0.0	-1.1540362500000001e-05
703.252	0.0	0.0	-8.0543375e-06
703.472	0.0	0.0	-2.0144512500000003e-06
703.422	0.0	0.0	-3.4342500000000006e-06
703.452	0.0	0.0	-2.6174875e-06
703.592	0.0	0.0	8.587525000000001e-07
703.812	0.0	0.0	6.3044375e-06
703.752	0.0	0.0	4.933112500000001e-06
703.782	0.0	0.0	5.595975000000001e-06
703.922	0.0	0.0	7.6418e-06
704.142	0.0	0.0	1.0374475e-05
704.082	0.0	0.0	9.6957e-06
704.112	0.0	0.0	1.0060262500000002e-05
704.262	0.0	0.0	1.0092325e-05
704.482	0.0	0.0	9.5418e-06
704.432	0.0	0.0	9.671712500000002e-06
704.462	0.0	0.0	9.5976125e-06
704.602	0.0	0.0	7.7698125e-06
704.822	0.0	0.0	4.4020625000000005e-06
704.762	0.0	0.0	5.2523125000000005e-06
704.792	0.0	0.0	4.84405e-06
704.932	0.0	0.0	2.0686012500000005e-06
705.152	0.0	0.0	-2.71225e-06
705.092	0.0	0.0	-1.5214250000000002e-06
705.122	0.0	0.0	-2.1569750000000002e-06
705.262	0.0	0.0	-4.8837125e-06
705.492	0.0	0.0	-9.1325875e-06
705.442	0.0	0.0	-8.1279625e-06
705.472	0.0	0.0	-8.6984375e-06
705.612	0.0	0.0	-9.899237500000003e-06
705.832	0.0	0.0	-1.13601e-05
705.772	0.0	0.0	-1.09903125e-05
705.802	0.0	0.0	-1.1166775000000001e-05
705.942	0.0	0.0	-1.02635625e-05
706.162	0.0	0.0	-8.0104e-06
706.102	0.0	0.0	-8.573275e-06
706.132	0.0	0.0	-8.2747375e-06
706.272	0.0	0.0	-5.4090625e-06
706.502	0.0	0.0	-3.05425e-07
706.452	0.0	0.0	-1.5158437500000003e-06
706.482	0.0	0.0	-8.331025000000001e-07
706.622	0.0	0.0	2.4362750000000007e-06
706.842	0.0	0.0	7.674337500000001e-06
706.782	0.0	0.0	6.344575000000001e-06
706.812	0.0	0.0	6.974900000000001e-06
706.952	0.0	0.0	8.940925e-06
707.172	0.0	0.0	1.1550575000000002e-05
707.112	0.0	0.0	1.0896975e-05
707.142	0.0	0.0	1.1241350000000002e-05
707.282	0.0	0.0	1.0900300000000001e-05
707.512	0.0	0.0	9.62065e-06
707.462	0.0	0.0	9.925125000000003e-06
707.492	0.0	0.0	9.7546e-06
707.632	0.0	0.0	7.4166499999999995e-06
707.852	0.0	0.0	3.1941375000000006e-06
707.792	0.0	0.0	4.2690625e-06
707.822	0.0	0.0	3.76295e-06
707.962	0.0	0.0	9.7662375e-07
708.182	0.0	0.0	-3.6052500000000003e-06
708.122	0.0	0.0	-2.4545625000000005e-06
708.152	0.0	0.0	-3.0568625000000002e-06
708.292	0.0	0.0	-4.9162500000000006e-06
708.522	0.0	0.0	-7.501912500000001e-06
708.472	0.0	0.0	-6.885125000000001e-06
708.502	0.0	0.0	-7.228550000000001e-06
708.642	0.0	0.0	-7.301700000000002e-06
708.862	0.0	0.0	-6.916950000000001e-06
708.802	0.0	0.0	-7.015037500000001e-06
708.832	0.0	0.0	-6.969200000000001e-06
708.972	0.0	0.0	-5.779325000000001e-06
709.192	0.0	0.0	-3.4219000000000002e-06
709.132	0.0	0.0	-4.01565e-06
709.162	0.0	0.0	-3.7069000000000005e-06
709.302	0.0	0.0	-2.1018274999999997e-06
709.532	0.0	0.0	5.093187500000001e-07
709.482	0.0	0.0	-1.153585e-07
709.512	0.0	0.0	2.3018025000000002e-07
709.652	0.0	0.0	1.4211525000000001e-06
709.872	0.0	0.0	3.1772750000000004e-06
709.812	0.0	0.0	2.7279250000000002e-06
709.842	0.0	0.0	2.9366875e-06
709.982	0.0	0.0	3.6000250000000003e-06
710.202	0.0	0.0	4.4785375e-06
710.142	0.0	0.0	4.2567125e-06
710.172	0.0	0.0	4.371425e-06
710.312	0.0	0.0	4.36525e-06
710.542	0.0	0.0	4.140575000000001e-06
710.492	0.0	0.0	4.194487499999999e-06
710.522	0.0	0.0	4.1648e-06
710.662	0.0	0.0	3.1219375e-06
710.882	0.0	0.0	1.156055e-06
710.822	0.0	0.0	1.6628325000000004e-06
710.852	0.0	0.0	1.4311987500000003e-06
710.992	0.0	0.0	-4.58945e-07
711.212	0.0	0.0	-3.8387125e-06
711.152	0.0	0.0	-2.9974875000000005e-06
711.182	0.0	0.0	-3.4447000000000002e-06
711.322	0.0	0.0	-5.429250000000001e-06
711.552	0.0	0.0	-8.5416875e-06
711.492	0.0	0.0	-7.74915e-06
711.522	0.0	0.0	-8.116562500000002e-06
711.662	0.0	0.0	-8.8751375e-06
711.882	0.0	0.0	-9.568637500000001e-06
711.822	0.0	0.0	-9.392412500000001e-06
711.852	0.0	0.0	-9.482425000000001e-06
711.992	0.0	0.0	-8.138650000000002e-06
712.222	0.0	0.0	-5.2881749999999996e-06
712.172	0.0	0.0	-5.975262500000001e-06
712.202	0.0	0.0	-5.6019125e-06
712.342	0.0	0.0	-2.52225e-06
712.562	0.0	0.0	2.8433500000000005e-06
712.502	0.0	0.0	1.46050625e-06
712.532	0.0	0.0	2.0916862500000005e-06
712.672	0.0	0.0	5.3112125e-06
712.892	0.0	0.0	1.0478025e-05
712.832	0.0	0.0	9.163937500000001e-06
712.862	0.0	0.0	9.83155e-06
713.002	0.0	0.0	1.1531575000000001e-05
713.232	0.0	0.0	1.3635825000000001e-05
713.182	0.0	0.0	1.31271e-05
713.202	0.0	0.0	1.3401887500000002e-05
713.352	0.0	0.0	1.2357362500000002e-05
713.572	0.0	0.0	9.870975e-06
713.512	0.0	0.0	1.0513412500000001e-05
713.542	0.0	0.0	1.0222237500000003e-05
713.682	0.0	0.0	7.022637500000001e-06
713.902	0.0	0.0	1.0420075000000002e-06
713.842	0.0	0.0	2.5671375000000005e-06
713.872	0.0	0.0	1.7973287500000002e-06
714.012	0.0	0.0	-2.2947725000000002e-06
714.242	0.0	0.0	-8.9782125e-06
714.192	0.0	0.0	-7.3579875000000005e-06
714.212	0.0	0.0	-8.227475e-06
714.362	0.0	0.0	-1.0960625000000001e-05
714.582	0.0	0.0	-1.4826887500000001e-05
714.522	0.0	0.0	-1.3825350000000003e-05
714.552	0.0	0.0	-1.4276362500000002e-05
714.692	0.0	0.0	-1.4414825000000001e-05
714.912	0.0	0.0	-1.3547712500000002e-05
714.852	0.0	0.0	-1.37695375e-05
714.882	0.0	0.0	-1.365815e-05
715.022	0.0	0.0	-1.0862062500000001e-05
715.252	0.0	0.0	-5.4679625e-06
715.192	0.0	0.0	-6.779437500000001e-06
715.222	0.0	0.0	-6.080237500000001e-06
715.372	0.0	0.0	-1.6861075e-06
715.592	0.0	0.0	5.708787500000001e-06
715.532	0.0	0.0	3.7881250000000003e-06
715.562	0.0	0.0	4.6476375e-06
715.702	0.0	0.0	8.507012500000001e-06
715.922	0.0	0.0	1.4415775000000002e-05
715.862	0.0	0.0	1.2900762500000001e-05
715.892	0.0	0.0	1.3655775e-05
716.032	0.0	0.0	1.5171500000000002e-05
716.262	0.0	0.0	1.66936375e-05
716.202	0.0	0.0	1.6322425000000003e-05
716.232	0.0	0.0	1.6519075000000004e-05
716.372	0.0	0.0	1.46378375e-05
716.602	0.0	0.0	1.0607225e-05
716.542	0.0	0.0	1.1656975000000002e-05
716.572	0.0	0.0	1.1190287500000003e-05
716.712	0.0	0.0	6.859475000000001e-06
716.932	0.0	0.0	-1.07692e-06
716.872	0.0	0.0	9.632762500000002e-07
716.902	0.0	0.0	-4.6977500000000005e-08
717.042	0.0	0.0	-5.237825e-06
717.272	0.0	0.0	-1.3640337500000001e-05
717.212	0.0	0.0	-1.1585962500000001e-05
717.242	0.0	0.0	-1.26673e-05
717.382	0.0	0.0	-1.5904662499999998e-05
717.612	0.0	0.0	-2.0356125000000005e-05
717.552	0.0	0.0	-1.9194037500000002e-05
717.582	0.0	0.0	-1.9707275000000002e-05
717.722	0.0	0.0	-1.94047e-05
717.942	0.0	0.0	-1.7384050000000002e-05
717.882	0.0	0.0	-1.79048875e-05
717.912	0.0	0.0	-1.7648625e-05
718.052	0.0	0.0	-1.3304750000000002e-05
718.282	0.0	0.0	-5.0445e-06
718.222	0.0	0.0	-7.069425000000001e-06
718.252	0.0	0.0	-6.0104125e-06
718.392	0.0	0.0	4.0346500000000007e-07
718.622	0.0	0.0	1.1142312500000001e-05
718.562	0.0	0.0	8.331500000000001e-06
718.592	0.0	0.0	9.5646e-06
718.732	0.0	0.0	1.4867262500000002e-05
718.952	0.0	0.0	2.2799762500000002e-05
718.892	0.0	0.0	2.0749900000000003e-05
718.922	0.0	0.0	2.175215e-05
719.062	0.0	0.0	2.3204462500000005e-05
719.292	0.0	0.0	2.4025500000000002e-05
719.232	0.0	0.0	2.3823625000000002e-05
719.262	0.0	0.0	2.3928125e-05
719.402	0.0	0.0	2.02798875e-05
719.632	0.0	0.0	1.2875587500000002e-05
719.572	0.0	0.0	1.48188125e-05
719.602	0.0	0.0	1.3971887500000002e-05
719.742	0.0	0.0	7.1575375e-06
719.962	0.0	0.0	-5.0544750000000004e-06
719.902	0.0	0.0	-1.89031e-06
719.932	0.0	0.0	-3.4273625000000003e-06
720.072	0.0	0.0	-1.0567087500000002e-05
720.302	0.0	0.0	-2.1790387500000003e-05
720.242	0.0	0.0	-1.9023750000000002e-05
720.272	0.0	0.0	-2.0452075000000005e-05
720.412	0.0	0.0	-2.3878250000000005e-05
720.642	0.0	0.0	-2.80155e-05
720.582	0.0	0.0	-2.692775e-05
720.612	0.0	0.0	-2.7398e-05
720.752	0.0	0.0	-2.5652375e-05
720.972	0.0	0.0	-2.0591487500000003e-05
720.912	0.0	0.0	-2.1906525000000003e-05
720.942	0.0	0.0	-2.12716875e-05
721.082	0.0	0.0	-1.4716925e-05
721.312	0.0	0.0	-2.7243625000000005e-06
721.252	0.0	0.0	-5.6888375000000006e-06
721.282	0.0	0.0	-4.1683625000000005e-06
721.422	0.0	0.0	3.65655e-06
721.652	0.0	0.0	1.6337150000000003e-05
721.592	0.0	0.0	1.2992675000000002e-05
721.622	0.0	0.0	1.4431212500000001e-05
721.752	0.0	0.0	1.9615837500000002e-05
721.982	0.0	0.0	2.6659375000000003e-05
721.922	0.0	0.0	2.4823500000000004e-05
721.952	0.0	0.0	2.5704625000000003e-05
722.092	0.0	0.0	2.5742625e-05
722.322	0.0	0.0	2.386875e-05
722.262	0.0	0.0	2.4331875e-05
722.292	0.0	0.0	2.4096750000000003e-05
722.432	0.0	0.0	1.9098325e-05
722.662	0.0	0.0	9.593574999999999e-06
722.602	0.0	0.0	1.21068e-05
722.632	0.0	0.0	1.1032825e-05
722.762	0.0	0.0	4.116825e-06
722.992	0.0	0.0	-7.680512500000001e-06
722.932	0.0	0.0	-4.6001375e-06
722.962	0.0	0.0	-6.0681250000000005e-06
723.102	0.0	0.0	-1.1708987500000002e-05
723.332	0.0	0.0	-1.99782625e-05
723.272	0.0	0.0	-1.79229375e-05
723.302	0.0	0.0	-1.89636625e-05
723.442	0.0	0.0	-2.0406950000000003e-05
723.672	0.0	0.0	-2.126385e-05
723.612	0.0	0.0	-2.1036799999999998e-05
723.642	0.0	0.0	-2.1133225e-05
723.772	0.0	0.0	-1.85342625e-05
724.002	0.0	0.0	-1.2637850000000001e-05
723.942	0.0	0.0	-1.4181362500000004e-05
723.972	0.0	0.0	-1.3450337500000002e-05
724.112	0.0	0.0	-8.3089375e-06
724.342	0.0	0.0	6.008274999999999e-07
724.282	0.0	0.0	-1.6195362500000001e-06
724.312	0.0	0.0	-5.023362499999999e-07
724.452	0.0	0.0	4.1246625e-06
724.682	0.0	0.0	1.118435e-05
724.622	0.0	0.0	9.308337500000001e-06
724.652	0.0	0.0	1.009945e-05
724.782	0.0	0.0	1.2233387500000003e-05
725.012	0.0	0.0	1.4506025e-05
724.952	0.0	0.0	1.3909425000000001e-05
724.982	0.0	0.0	1.4190150000000002e-05
725.122	0.0	0.0	1.3269362500000001e-05
725.352	0.0	0.0	1.07167125e-05
725.292	0.0	0.0	1.1354162500000001e-05
725.322	0.0	0.0	1.10349625e-05
725.462	0.0	0.0	8.109675000000001e-06
725.692	0.0	0.0	2.8761250000000004e-06
725.632	0.0	0.0	4.276662500000001e-06
725.652	0.0	0.0	3.6955e-06
725.792	0.0	0.0	5.533275000000001e-07
726.022	0.0	0.0	-4.51535e-06
725.962	0.0	0.0	-3.2031625000000004e-06
725.992	0.0	0.0	-3.8382375e-06
726.132	0.0	0.0	-5.9607750000000005e-06
726.362	0.0	0.0	-8.9036375e-06
726.302	0.0	0.0	-8.125350000000002e-06
726.332	0.0	0.0	-8.452625000000001e-06
726.462	0.0	0.0	-8.9107625e-06
726.692	0.0	0.0	-8.925962500000001e-06
726.632	0.0	0.0	-8.921925e-06
726.662	0.0	0.0	-8.923825000000001e-06
726.802	0.0	0.0	-7.6334875e-06
727.032	0.0	0.0	-4.95235e-06
726.972	0.0	0.0	-5.625187500000001e-06
727.002	0.0	0.0	-5.2922125e-06
727.142	0.0	0.0	-2.78635e-06
727.372	0.0	0.0	1.5845525000000001e-06
727.312	0.0	0.0	4.1534e-07
727.332	0.0	0.0	8.9984e-07
727.472	0.0	0.0	3.5921875000000005e-06
727.702	0.0	0.0	7.975487500000001e-06
727.642	0.0	0.0	6.817200000000001e-06
727.672	0.0	0.0	7.3530000000000014e-06
727.812	0.0	0.0	9.13995e-06
728.042	0.0	0.0	1.1561025000000002e-05
727.982	0.0	0.0	1.0951837500000002e-05
728.012	0.0	0.0	1.12510875e-05
728.152	0.0	0.0	1.09271375e-05
728.382	0.0	0.0	9.644637500000002e-06
728.322	0.0	0.0	9.9885375e-06
728.342	0.0	0.0	9.8469875e-06
728.482	0.0	0.0	7.2751e-06
728.712	0.0	0.0	2.0873875e-06
728.652	0.0	0.0	3.4615625e-06
728.682	0.0	0.0	2.8298125000000004e-06
728.822	0.0	0.0	-1.5576200000000003e-06
729.052	0.0	0.0	-9.1563375e-06
728.992	0.0	0.0	-7.2390000000000005e-06
729.022	0.0	0.0	-8.175225000000001e-06
729.162	0.0	0.0	-1.2269012500000001e-05
729.392	0.0	0.0	-1.8584850000000002e-05
729.332	0.0	0.0	-1.68869625e-05
729.352	0.0	0.0	-1.7581175e-05
729.492	0.0	0.0	-1.9106162499999998e-05
729.722	0.0	0.0	-2.025115e-05
729.662	0.0	0.0	-1.9947150000000004e-05
729.692	0.0	0.0	-2.0086087500000003e-05
729.832	0.0	0.0	-1.711615e-05
730.062	0.0	0.0	-1.05628125e-05
730.002	0.0	0.0	-1.22205625e-05
730.032	0.0	0.0	-1.141615e-05
730.172	0.0	0.0	-4.317275e-06
730.402	0.0	0.0	8.388974999999999e-06
730.342	0.0	0.0	4.964937500000001e-06
730.362	0.0	0.0	6.355975000000001e-06
730.502	0.0	0.0	1.43784875e-05
730.732	0.0	0.0	2.7566625000000003e-05
730.672	0.0	0.0	2.4056375e-05
730.702	0.0	0.0	2.5650000000000003e-05
730.842	0.0	0.0	3.0497375000000002e-05
731.072	0.0	0.0	3.6636750000000005e-05
731.012	0.0	0.0	3.5078750000000004e-05
731.042	0.0	0.0	3.582925e-05
731.182	0.0	0.0	3.3421e-05
731.412	0.0	0.0	2.6863625e-05
731.352	0.0	0.0	2.8635375000000005e-05
731.372	0.0	0.0	2.79205e-05
731.512	0.0	0.0	1.8675337500000003e-05
731.742	0.0	0.0	5.921825000000001e-07
731.682	0.0	0.0	5.4180875e-06
731.712	0.0	0.0	3.2416375000000005e-06
731.852	0.0	0.0	-9.932250000000001e-06
732.082	0.0	0.0	-3.2053e-05
732.022	0.0	0.0	-2.6429e-05
732.052	0.0	0.0	-2.9122250000000004e-05
732.192	0.0	0.0	-3.884075e-05
732.422	0.0	0.0	-5.2725e-05
732.362	0.0	0.0	-4.896537500000001e-05
732.382	0.0	0.0	-5.0473500000000004e-05
732.522	0.0	0.0	-5.1385500000000005e-05
732.752	0.0	0.0	-4.841912500000001e-05
732.692	0.0	0.0	-4.921237500000001e-05
732.722	0.0	0.0	-4.885850000000001e-05
732.862	0.0	0.0	-3.8520125000000006e-05
733.092	0.0	0.0	-1.76507625e-05
733.032	0.0	0.0	-2.29717125e-05
733.062	0.0	0.0	-2.0438775000000003e-05
733.202	0.0	0.0	-3.3929250000000002e-06
733.432	0.0	0.0	2.5851875000000004e-05
733.372	0.0	0.0	1.790845e-05
733.392	0.0	0.0	2.1067437500000004e-05
733.532	0.0	0.0	3.612137500000001e-05
733.762	0.0	0.0	5.8949875e-05
733.702	0.0	0.0	5.2850875000000004e-05
733.732	0.0	0.0	5.5586875e-05
733.872	0.0	0.0	6.0854625000000014e-05
734.102	0.0	0.0	6.486837500000001e-05
734.042	0.0	0.0	6.38305e-05
734.072	0.0	0.0	6.430787499999999e-05
734.212	0.0	0.0	5.603575000000001e-05
734.442	0.0	0.0	0.0
734.382	0.0	0.0	4.247450000000001e-05
734.412	0.0	0.0	4.029425e-05
734.552	0.0	0.0	0.0
